iteration,epoch,phase,loss,record_id
1,0,train,3.4416487216949463,pdb_00005hbv_D_C
2,0,train,3.3117830753326416,pdb_00009ldw_S1_S2
3,0,train,3.0751729011535645,pdb_00003eoa_B_A
4,0,train,3.0587713718414307,pdb_00009mq9_J_N
5,0,train,2.910486936569214,pdb_00008smt_A_B
6,0,train,2.901193857192993,pdb_00002ybr_G_H
7,0,train,2.8050036430358887,pdb_00007yk6_S1_S2
8,0,train,2.8278918266296387,pdb_00004dn4_H_L
9,0,train,2.870142698287964,pdb_00008z2e_H_L
10,0,train,2.967395544052124,pdb_00007vgs_D_C
11,0,train,2.917454957962036,pdb_00007t82_H_L
12,0,train,2.8785362243652344,pdb_00009ctw_F_E
13,0,train,2.8257927894592285,pdb_00006gku_H_L
14,0,train,2.867302894592285,pdb_00006ywc_D_E
15,0,train,2.8913159370422363,pdb_00009e3l_K_L
16,0,train,2.8090837001800537,pdb_00009c6y_A_B
17,0,train,2.8532445430755615,pdb_00008ijb_S1_S2
18,0,train,2.868661403656006,pdb_00006xpz_E_F
19,0,train,2.868806838989258,pdb_00006cyf_F_E
20,0,train,2.9082796573638916,pdb_00006dkj_H_L
21,0,train,2.797438144683838,pdb_00008zh7_H_I
22,0,train,2.7847702503204346,pdb_00009ue8_Q_R
23,0,train,2.85717511177063,pdb_00007jum_H1_H2
24,0,train,2.8515233993530273,pdb_00008hn7_D_C
25,0,train,2.8192412853240967,pdb_00008dwx_X_W
26,0,train,2.769101619720459,pdb_00008vgh_F_E
27,0,train,2.7889726161956787,pdb_000011oq_H_L
28,0,train,2.886841058731079,pdb_00007lop_H_L
29,0,train,2.754755973815918,pdb_00007vfx_S1_S2
30,0,train,2.7356815338134766,pdb_00008iy5_E1_E2
31,0,train,2.8716537952423096,pdb_00004ma8_H_L
32,0,train,2.789273500442505,pdb_00007ubs_I1_I2
33,0,train,2.779367685317993,pdb_00006w41_H_L
34,0,train,2.809032440185547,pdb_00009u5p_B_C
35,0,train,2.789236307144165,pdb_00006ban_B_A
36,0,train,2.6529622077941895,pdb_00008uh3_E1_E2
37,0,train,2.5673258304595947,pdb_00008x9t_S1_S2
38,0,train,2.7205448150634766,pdb_00007bwj_H_L
39,0,train,2.715446710586548,pdb_00004hg4_Z_z
40,0,train,2.7707362174987793,pdb_00008wu1_H_L
41,0,train,2.5372657775878906,pdb_00008wwl_E1_E2
42,0,train,2.742922782897949,pdb_00002vir_B_A
43,0,train,2.3854527473449707,pdb_00008j6p_S1_S2
44,0,train,2.7703990936279297,pdb_00009u5p_P_Q
45,0,train,2.921674966812134,pdb_00007vgr_D_C
46,0,train,2.7542123794555664,pdb_00006ban_D_C
47,0,train,2.6261563301086426,pdb_00006k7o_B_C
48,0,train,2.723623275756836,pdb_00006wzm_C_D
49,0,train,2.781651496887207,pdb_00004fp8_I_M
50,0,train,2.546879768371582,pdb_00007s0b_C_D
51,0,train,2.5398666858673096,pdb_00009vo0_E1_E2
52,0,train,2.4558706283569336,pdb_00008k3z_S1_S2
53,0,train,2.6326422691345215,pdb_00004m62_H_L
54,0,train,2.3577845096588135,pdb_00007ys6_E1_E2
55,0,train,2.583739995956421,pdb_00004gxu_O_P
56,0,train,2.7366573810577393,pdb_00001r3k_B_A
57,0,train,2.689582586288452,pdb_00009ban_E_F
58,0,train,2.3849856853485107,pdb_00008j22_F1_F2
59,0,train,2.6564221382141113,pdb_00008eed_H_L
60,0,train,2.8376829624176025,pdb_00005kov_K1_K2
61,0,train,2.66933536529541,pdb_00006e0p_M1_M2
62,0,train,2.2668871879577637,pdb_00008x2k_E1_E2
63,0,train,2.142242193222046,pdb_00009vmo_S1_S2
64,0,train,2.7989370822906494,pdb_00008ygs_H_L
65,0,train,2.070833206176758,pdb_00007xat_E1_E2
66,0,train,2.5314860343933105,pdb_00008h7z_F_I
67,0,train,2.0800490379333496,pdb_00007ejk_H1_H2
68,0,train,2.02156662940979,pdb_00009izg_S1_S2
69,0,train,1.859971284866333,pdb_00008jef_S1_S2
70,0,train,2.5544352531433105,pdb_00006vmk_B_A
71,0,train,2.3310093879699707,pdb_00008i5h_E_F
72,0,train,1.7219586372375488,pdb_00007y66_S1_S2
73,0,train,1.6633589267730713,pdb_00008hn8_S1_S2
74,0,train,2.6230266094207764,pdb_00008dv6_C_L
75,0,train,2.8274476528167725,pdb_00006x3v_K_L
76,0,train,2.5723698139190674,pdb_00007ucq_I1_I2
77,0,train,2.343855857849121,pdb_00007dpm_D_E
78,0,train,1.523177146911621,pdb_00009ll7_S1_S2
79,0,train,2.7787859439849854,pdb_00006oc3_C_D
80,0,train,1.6926567554473877,pdb_00008gur_S1_S2
81,0,train,2.7267987728118896,pdb_00001ots_C_D
82,0,train,2.4051027297973633,pdb_00007kzb_H_L
83,0,train,2.47001576423645,pdb_00008cxg_G_I
84,0,train,2.885657548904419,pdb_00007t0w_H_L
85,0,train,2.3952980041503906,pdb_00007z0y_H_L
86,0,train,1.5129879713058472,pdb_00009lr1_S1_S2
87,0,train,2.575611114501953,pdb_00007jum_J1_J2
88,0,train,2.1971821784973145,pdb_00008zyu_D_Q
89,0,train,2.135852098464966,pdb_00009jqv_H_L
90,0,train,2.532801389694214,pdb_00008vgi_F_E
91,0,train,2.6839089393615723,pdb_00006ml8_H_L
92,0,train,1.4410098791122437,pdb_00009ite_E1_E2
93,0,train,2.5303733348846436,pdb_00009mtg_M_N
94,0,train,2.049072027206421,pdb_00007srs_H_L
95,0,train,2.5693600177764893,pdb_00007ycl_A_B
96,0,train,1.376905083656311,pdb_00008f7w_E1_E2
97,0,train,2.036506414413452,pdb_00004ttd_C_D
98,0,train,2.6610279083251953,pdb_00002vis_B_A
99,0,train,2.28088116645813,pdb_00007t3d_K_N
100,0,train,2.865556478500366,pdb_00009me6_I_M
101,0,train,1.9714843034744263,pdb_00008id3_S1_S2
102,0,train,2.6058502197265625,pdb_00007k5x_N2_N1
103,0,train,1.6766412258148193,pdb_00008z7j_S1_S2
104,0,train,2.2265496253967285,pdb_00008v52_D_C
105,0,train,2.348574638366699,pdb_00006z3q_H_L
106,0,train,1.1214675903320312,pdb_00009v81_E1_E2
107,0,train,1.5657211542129517,pdb_00008wwi_E1_E2
108,0,train,2.8899736404418945,pdb_00002dqe_H_L
109,0,train,1.0509343147277832,pdb_00009kft_S1_S2
110,0,train,2.84993052482605,pdb_00008hq7_H_L
111,0,train,2.5773096084594727,pdb_00003rif_H_L
112,0,train,2.29732084274292,pdb_00008siq_H_L
113,0,train,1.453979730606079,pdb_00008wwm_E1_E2
114,0,train,2.6399381160736084,pdb_00008y3l_G_H
115,0,train,2.1513633728027344,pdb_00008ee8_H_L
116,0,train,2.640434741973877,pdb_00008yub_D_E
117,0,train,1.9564937353134155,pdb_00008zyt_D_Q
118,0,train,2.392164945602417,pdb_00007wed_H_L
119,0,train,0.9124093651771545,pdb_00007t6v_E1_E2
120,0,train,2.3996264934539795,pdb_00008sid_K_L
121,0,train,2.0341920852661133,pdb_00004dkf_H_L
122,0,train,2.321284055709839,pdb_00009npg_K_J
123,0,train,2.7409157752990723,pdb_00005kov_U1_U2
124,0,train,2.4093821048736572,pdb_00008hgm_C_D
125,0,train,2.5983633995056152,pdb_00001xgr_B_A
126,0,train,3.139625072479248,pdb_00009e3h_J_K
127,0,train,2.0164687633514404,pdb_00005bo1_I_M
128,0,train,2.2459819316864014,pdb_00007bpk_H_L
129,0,train,2.312577962875366,pdb_00009npg_G_H
130,0,train,1.899344563484192,pdb_00002qr0_R_Q
131,0,train,2.5565531253814697,pdb_00009os5_I_L
132,0,train,2.045478105545044,pdb_00008gv6_G_H
133,0,train,2.3566298484802246,pdb_00003rif_G_K
134,0,train,2.3841590881347656,pdb_00006d0u_H_I
135,0,train,2.245882034301758,pdb_00007zoz_H_L
136,0,train,2.2773325443267822,pdb_00003zdz_E_F
137,0,train,1.974317193031311,pdb_00007pa7_ooo2_ooo1
138,0,train,2.276732921600342,pdb_00004n90_F_G
139,0,train,2.3536689281463623,pdb_00007ahu_H_L
140,0,train,2.300347089767456,pdb_00008vgj_F_E
141,0,train,2.3303475379943848,pdb_00008xa4_C_D
142,0,train,2.3048579692840576,pdb_00002x7l_A_B
143,0,train,1.8908528089523315,pdb_00008suo_H_L
144,0,train,2.58235239982605,pdb_00007yvl_A_C
145,0,train,1.9018311500549316,pdb_00007cjf_A_B
146,0,train,1.622606873512268,pdb_00008j23_F1_F2
147,0,train,1.6765943765640259,pdb_00004lmq_E_I
148,0,train,2.0300052165985107,pdb_00008vk1_C_B
149,0,train,2.4063005447387695,pdb_00007f0x_B1_B2
150,0,train,1.6930582523345947,pdb_00007w3z_H1_H2
151,0,train,1.1625118255615234,pdb_00007s8o_E1_E2
152,0,train,2.3232836723327637,pdb_00006wtu_E_F
153,0,train,0.9957296252250671,pdb_00009lr2_S1_S2
154,0,train,1.8009099960327148,pdb_00009rip_H_L
155,0,train,1.3622483015060425,pdb_00008k9l_H1_H2
156,0,train,2.0162150859832764,pdb_00007whz_B_D
157,0,train,2.6380937099456787,pdb_00006mlm_F_G
158,0,train,2.6391289234161377,pdb_00006ba5_D_C
159,0,train,0.7632775902748108,pdb_00008h0q_E1_E2
160,0,train,1.9939969778060913,pdb_00009bt5_C_D
161,0,train,2.298377752304077,pdb_00001bvk_B_A
162,0,train,1.9108245372772217,pdb_00007jx3_C_D
163,0,train,0.6856305599212646,pdb_00008dzp_E1_E2
164,0,train,2.470365285873413,pdb_00002dqi_H_L
165,0,train,2.6233959197998047,pdb_00007mkm_H_L
166,0,train,2.715594530105591,pdb_00008u4q_H_L
167,0,train,0.7693009376525879,pdb_00009le0_S1_S2
168,0,train,0.7581209540367126,pdb_00007evz_E1_E2
169,0,train,2.4208524227142334,pdb_00003f7v_A_B
170,0,train,2.1829757690429688,pdb_00006k5d_E_F
171,0,train,1.8245378732681274,pdb_00006woz_B_C
172,0,train,2.203278064727783,pdb_00007rku_J_K
173,0,train,1.2301379442214966,pdb_00009p0k_F1_F2
174,0,train,2.816710948944092,pdb_00008c7h_L_K
175,0,train,2.2126119136810303,pdb_00005b8c_B_A
176,0,train,0.7288385033607483,pdb_00009k6l_S1_S2
177,0,train,0.6544217467308044,pdb_00009le1_S1_S2
178,0,train,2.2027690410614014,pdb_00007vad_H_L
179,0,train,1.8473334312438965,pdb_00006b9y_B_A
180,0,train,2.0297439098358154,pdb_00009udq_I_C
181,0,train,0.6808629631996155,pdb_00008zme_E1_E2
182,0,train,2.172624349594116,pdb_00006k5d_C_D
183,0,train,1.912399172782898,pdb_00004ogx_H_L
184,0,train,2.0302228927612305,pdb_00006vja_H_L
185,0,train,2.5700178146362305,pdb_00009lbw_H_L
186,0,train,2.042417049407959,pdb_00003b2v_H_L
187,0,train,2.251284122467041,pdb_00007k60_M2_M1
188,0,train,1.2667571306228638,pdb_00008rql_S1_S2
189,0,train,2.1953237056732178,pdb_00007wqv_N1_N2
190,0,train,1.2199938297271729,pdb_00008j6d_H1_H2
191,0,train,2.6340444087982178,pdb_00006wtv_H_I
192,0,train,1.7389363050460815,pdb_00007b3o_H_L
193,0,train,2.4352073669433594,pdb_00009ctw_D_C
194,0,train,1.6768765449523926,pdb_00008vgp_H_L
195,0,train,2.50761079788208,pdb_00007rk1_D1_D2
196,0,train,0.5713837742805481,pdb_00009b65_S1_S2
197,0,train,0.5252189636230469,pdb_00009vnf_E1_E2
198,0,train,2.5456185340881348,pdb_00007n4j_H_L
199,0,train,0.8786680698394775,pdb_00008xxz_S1_S2
200,0,train,1.8740280866622925,pdb_00002ht2_E_F
201,0,train,1.2123746871948242,pdb_00002qr0_F_E
202,0,train,2.031604051589966,pdb_00008vgk_J_I
203,0,train,1.985141634941101,pdb_00004v1d_A_B
204,0,train,2.192486047744751,pdb_00009sat_H_L
205,0,train,2.207041025161743,pdb_00005lsp_S_T
206,0,train,2.805773973464966,pdb_00009m7v_H_L
207,0,train,2.2811503410339355,pdb_00002dqg_H_L
208,0,train,0.3998011350631714,pdb_00008dwc_E1_E2
209,0,train,0.7993353009223938,pdb_00009izc_S1_S2
210,0,train,2.0220210552215576,pdb_00008hn6_A_B
211,0,train,2.2871360778808594,pdb_00007k78_L1_L2
212,0,train,2.4064249992370605,pdb_00007mdj_A_B
213,0,train,1.983665943145752,pdb_00009bbn_S_T
214,0,train,2.7713570594787598,pdb_00008tp5_J_K
215,0,train,0.44881951808929443,pdb_00008gut_S1_S2
216,0,train,2.385371685028076,pdb_00007l7e_M_N
217,0,train,0.4981898069381714,pdb_00009m8k_N1_N2
218,0,train,0.908927857875824,pdb_00009xhh_D1_D2
219,0,train,2.3963682651519775,pdb_00005kov_C1_C2
220,0,train,2.1405842304229736,pdb_00009rii_H_L
221,0,train,2.3048620223999023,pdb_00006ba5_B_A
222,0,train,2.49532413482666,pdb_00007xj9_K_J
223,0,train,0.3827723562717438,pdb_00009vj6_E1_E2
224,0,train,1.8216052055358887,pdb_00002h2s_E_F
225,0,train,2.0883946418762207,pdb_00001rjl_B_A
226,0,train,2.803372859954834,pdb_00009mtm_I_J
227,0,train,1.9007083177566528,pdb_00006ad8_C_D
228,0,train,0.7326799631118774,pdb_00008xgm_S1_S2
229,0,train,0.6690173745155334,pdb_00009d4z_E1_E2
230,0,train,2.553593635559082,pdb_00009oco_H_L
231,0,train,1.9257351160049438,pdb_00006vja_I_M
232,0,train,0.4237777590751648,pdb_00008efl_E1_E2
233,0,train,2.001398801803589,pdb_00007vag_H_L
234,0,train,0.4339929521083832,pdb_00008hk3_H1_H2
235,0,train,1.9920655488967896,pdb_00003a67_H_L
236,0,train,1.7790054082870483,pdb_00007kmh_A_B
237,0,train,2.1417503356933594,pdb_00006h3u_I_M
238,0,train,2.5869574546813965,pdb_00009qub_F_E
239,0,train,2.552788734436035,pdb_00008dnn_E_F
240,0,train,0.3269833028316498,pdb_00008vve_E1_E2
241,0,train,2.029829978942871,pdb_00007sco_H_L
242,0,train,1.7538707256317139,pdb_00007rks_H_L
243,0,train,0.27166929841041565,pdb_00007vuy_S1_S2
244,0,train,1.7726768255233765,pdb_00008gv6_I_J
245,0,train,2.162713050842285,pdb_00001ors_B_A
246,0,train,0.27619147300720215,pdb_00009ydv_E1_E2
247,0,train,0.25900644063949585,pdb_00007euo_S1_S2
248,0,train,1.9868072271347046,pdb_00006n5e_H_I
249,0,train,2.0682907104492188,pdb_00007u9e_B1_B2
250,0,train,2.0942883491516113,pdb_00009lf8_H_L
251,0,train,1.8852711915969849,pdb_00003fb7_A_B
252,0,train,0.5628972053527832,pdb_00008xjo_E1_E2
253,0,train,1.7974237203598022,pdb_00008w84_A_B
254,0,train,2.1726717948913574,pdb_00005kov_I1_I2
255,0,train,2.0887811183929443,pdb_00004hg4_J_K
256,0,train,2.4920544624328613,pdb_00008go8_H_L
257,0,train,0.2524983882904053,pdb_00009iv1_S1_S2
258,0,train,0.2512646019458771,pdb_00007ydj_E1_E2
259,0,train,0.2114247977733612,pdb_00008zbi_F1_F2
260,0,train,0.1890077292919159,pdb_00007v68_S1_S2
261,0,train,1.6531915664672852,pdb_00006kyz_B_C
262,0,train,1.7230781316757202,pdb_00007x66_H_L
263,0,train,1.9706631898880005,pdb_00005wko_C_D
264,0,train,2.506006956100464,pdb_00009ov4_J_K
265,0,train,1.4320309162139893,pdb_00008i9l_H1_H2
266,0,train,2.3556644916534424,pdb_00009mif_H_L
267,0,train,2.4327478408813477,pdb_00009ctu_F_E
268,0,train,1.967767596244812,pdb_00009n8j_B_C
269,0,train,2.081688165664673,pdb_00009c6y_C_D
270,0,train,2.5377049446105957,pdb_00009b2m_E_F
271,0,train,1.6764169931411743,pdb_00006pi7_F_E
272,0,train,0.2793532609939575,pdb_00009lre_E1_E2
273,0,train,2.1808664798736572,pdb_00007uzc_E_F
274,0,train,2.108893871307373,pdb_00005w08_Q_R
275,0,train,2.2806968688964844,pdb_00009mla_H_K
276,0,train,0.25498539209365845,pdb_00009ppy_E1_E2
277,0,train,2.0472333431243896,pdb_00009n5z_A_B
278,0,train,1.7570441961288452,pdb_00002fee_I_L
279,0,train,1.365769863128662,pdb_00002wuc_H_L
280,0,train,2.86135196685791,pdb_00008zd6_K_L
281,0,train,1.5738861560821533,pdb_00007uvq_D_E
282,0,train,2.0789759159088135,pdb_00007ycn_E_F
283,0,train,2.1205692291259766,pdb_00005aaw_B1_B2
284,0,train,1.7096790075302124,pdb_00002ybr_D_E
285,0,train,2.1081085205078125,pdb_00007rk2_D1_D2
286,0,train,0.23835067451000214,pdb_00007vug_S1_S2
287,0,train,2.138942003250122,pdb_00009dn2_J_N
288,0,train,2.3240628242492676,pdb_00009zqa_I2_I1
289,0,train,2.0604169368743896,pdb_00008u44_U_W
290,0,train,2.0202109813690186,pdb_00008u4s_F_E
291,0,train,2.0386855602264404,pdb_00009oao_H_L
292,0,train,1.7392864227294922,pdb_00006plk_H_L
293,0,train,1.6328959465026855,pdb_00008dn6_E_F
294,0,train,0.9023406505584717,pdb_00007ejx_S1_S2
295,0,train,0.30438393354415894,pdb_00007ezm_H1_H2
296,0,train,2.3711211681365967,pdb_00007lg6_K_N
297,0,train,1.4423688650131226,pdb_00004ioi_B_A
298,0,train,2.1534316539764404,pdb_00008sdh_C_D
299,0,train,1.4316219091415405,pdb_00007kfx_H_L
300,0,train,1.820705533027649,pdb_00004hg4_X_Y
301,0,train,1.8954236507415771,pdb_00009og2_B_C
302,0,train,2.1929092407226562,pdb_00007x3c_F_E
303,0,train,2.185039520263672,pdb_00009exa_D_C
304,0,train,1.5504300594329834,pdb_00002h2p_C_D
305,0,train,2.9587178230285645,pdb_00006vlw_H_L
306,0,train,0.365078330039978,pdb_00008x17_H1_H2
307,0,train,0.2888365387916565,pdb_00008uuj_D1_D2
308,0,train,1.696547269821167,pdb_00009js7_I_L
309,0,train,1.6775270700454712,pdb_00008yx9_G_I
310,0,train,1.5827991962432861,pdb_00007zlg_H_L
311,0,train,2.1728098392486572,pdb_00007c88_A_B
312,0,train,2.2784361839294434,pdb_00007ezv_H_L
313,0,train,2.2400898933410645,pdb_00006k7o_H_L
314,0,train,2.2213246822357178,pdb_00008jn1_H_L
315,0,train,2.0006144046783447,pdb_00002oz4_H_L
316,0,train,1.474642038345337,pdb_00007ul1_H_L
317,0,train,1.8765184879302979,pdb_00007t0z_H_L
318,0,train,0.3815675973892212,pdb_00009b5y_N1_N2
319,0,train,1.201049566268921,pdb_00008pwh_B_A
320,0,train,1.8602105379104614,pdb_00005aaw_A1_A2
321,0,train,2.5721092224121094,pdb_00006p4b_B_A
322,0,train,2.3964040279388428,pdb_00007m3l_B_C
323,0,train,1.5987354516983032,pdb_00008bec_C1_C2
324,0,train,1.8822853565216064,pdb_00002dqf_B_A
325,0,train,1.958302617073059,pdb_00008ubj_M2_M1
326,0,train,1.8370734453201294,pdb_00008u44_V_X
327,0,train,2.591251850128174,pdb_00004ffw_D_C
328,0,train,0.30290085077285767,pdb_00007f4f_S1_S2
329,0,train,1.3662805557250977,pdb_00009n4f_H_L
330,0,train,0.2620280981063843,pdb_00007f4h_S1_S2
331,0,train,2.2635695934295654,pdb_00008sgo_J_I
332,0,train,1.5580424070358276,pdb_00007x6o_J_L
333,0,train,1.4588029384613037,pdb_00002r9h_E_F
334,0,train,0.16748614609241486,pdb_00007y15_S1_S2
335,0,train,1.8361626863479614,pdb_00008too_B_A
336,0,train,0.7528256177902222,pdb_00008i7w_E1_E2
337,0,train,1.6142939329147339,pdb_00007ua8_I1_I2
338,0,train,1.9663416147232056,pdb_00006x3x_J_I
339,0,train,2.755922317504883,pdb_00009mtm_H_L
340,0,train,1.781881332397461,pdb_00003ri5_J_M
341,0,train,1.2179806232452393,pdb_00007trk_H1_H2
342,0,train,0.18832744657993317,pdb_00007vgx_S1_S2
343,0,train,1.8589856624603271,pdb_00004h88_H_L
344,0,train,1.4127851724624634,pdb_00006gv4_H_L
345,0,train,2.276503086090088,pdb_00002zcl_H_L
346,0,train,2.1034793853759766,pdb_00002i9l_B_A
347,0,train,2.515810251235962,pdb_00007jwg_A_B
348,0,train,1.4682257175445557,pdb_00007wvd_G_H
349,0,train,1.936208724975586,pdb_00007l5j_Y_X
350,0,train,2.5604777336120605,pdb_00007t01_H_L
351,0,train,2.546687126159668,pdb_00002hmi_D_C
352,0,train,1.3757039308547974,pdb_00003det_C_D
353,0,train,1.916050910949707,pdb_00007scn_E_F
354,0,train,0.7674002647399902,pdb_00008zbe_E1_E2
355,0,train,2.129892110824585,pdb_00006ii9_H_L
356,0,train,0.2741416096687317,pdb_00009kpf_S1_S2
357,0,train,2.0171701908111572,pdb_00004xrc_B_A
358,0,train,1.8619424104690552,pdb_00007k63_M2_M1
359,0,train,2.2236123085021973,pdb_00009mtf_I_J
360,0,train,2.1038146018981934,pdb_00007lg6_J_M
361,0,train,1.552586317062378,pdb_00007tn0_H_G
362,0,train,1.2721836566925049,pdb_00004hjg_B_A
363,0,train,0.26296573877334595,pdb_00007w56_E1_E2
364,0,train,0.2124045342206955,pdb_00007rbt_E1_E2
365,0,train,2.264457941055298,pdb_00008ywe_C2_C1
366,0,train,0.9318042397499084,pdb_00009p0l_F1_F2
367,0,train,2.2234930992126465,pdb_00005dhy_A_B
368,0,train,0.20039857923984528,pdb_00008hnl_S1_S2
369,0,train,1.0191277265548706,pdb_00005bo1_H_L
370,0,train,1.3746755123138428,pdb_00009og2_D_E
371,0,train,1.1478099822998047,pdb_00002ht4_C_D
372,0,train,2.4055604934692383,pdb_00006ywc_A_B
373,0,train,2.465513229370117,pdb_00006hga_H_L
374,0,train,2.0568010807037354,pdb_00009mqd_J_N
375,0,train,0.3004506826400757,pdb_00009upv_S1_S2
376,0,train,1.7305785417556763,pdb_00008fhy_H_L
377,0,train,1.6200319528579712,pdb_00003u30_F_E
378,0,train,0.9495658278465271,pdb_00008xqf_S1_S2
379,0,train,1.4315468072891235,pdb_00008iw9_S1_S2
380,0,train,2.291916847229004,pdb_00009rih_H_L
381,0,train,1.8328206539154053,pdb_00002bdn_H_L
382,0,train,1.8966543674468994,pdb_00008vgj_H_G
383,0,train,1.3235509395599365,pdb_00008gcp_E1_E2
384,0,train,1.7562073469161987,pdb_00004oii_I_M
385,0,train,1.975372076034546,pdb_00003eo1_H_G
386,0,train,0.6882177591323853,pdb_00007w7e_H1_H2
387,0,train,1.981398344039917,pdb_00006flc_H_L
388,0,train,2.0953779220581055,pdb_00008e8z_H_L
389,0,train,1.8496230840682983,pdb_00005wko_G_H
390,0,train,0.5536519289016724,pdb_00008j6q_S1_S2
391,0,train,1.841416597366333,pdb_00008a96_K_J
392,0,train,2.035569190979004,pdb_00009yyu_H_L
393,0,train,0.57744961977005,pdb_00007t90_E1_E2
394,0,train,0.45523160696029663,pdb_00008i9s_H1_H2
395,0,train,1.375309944152832,pdb_00007dk2_G_H
396,0,train,2.082176446914673,pdb_00009hvw_H_L
397,0,train,1.3949079513549805,pdb_00007x6o_I_K
398,0,train,0.22012120485305786,pdb_00007v69_S1_S2
399,0,train,0.40251386165618896,pdb_00008z8b_S1_S2
400,0,train,1.8579638004302979,pdb_00006e0c_M1_M2
401,0,train,1.6916977167129517,pdb_00006ada_C_D
402,0,train,1.8174054622650146,pdb_00001ic4_H_L
403,0,train,1.8013650178909302,pdb_00008tx3_E_J
404,0,train,1.963734745979309,pdb_00004odx_A_L
405,0,train,2.006582736968994,pdb_00009mkn_I_M
406,0,train,0.22959564626216888,pdb_00009kfi_S1_S2
407,0,train,0.21002250909805298,pdb_00007e9g_D1_D2
408,0,train,1.8422149419784546,pdb_00006xxv_A_B
409,0,train,1.9520386457443237,pdb_00002w9e_H_L
410,0,train,2.012190341949463,pdb_00006dfj_H_L
411,0,train,1.527269959449768,pdb_00007cho_H_L
412,0,train,1.4199756383895874,pdb_00006xe1_H_L
413,0,train,1.2193619012832642,pdb_00007xeg_C_D
414,0,train,1.7728601694107056,pdb_00005ug0_D_C
415,0,train,1.8894410133361816,pdb_00002r56_I_M
416,0,train,1.1890842914581299,pdb_00003p0y_H_L
417,0,train,2.205784559249878,pdb_00006t9e_AAA_BBB
418,0,train,1.8174113035202026,pdb_00007m42_B_A
419,0,train,1.6444690227508545,pdb_00007o7f_H_F
420,0,train,2.0247538089752197,pdb_00007ubs_K1_K2
421,0,train,1.9558650255203247,pdb_00009ma7_F_G
422,0,train,2.255704879760742,pdb_00008vsj_H_L
423,0,train,1.6935030221939087,pdb_00007td8_E_F
424,0,train,2.1344144344329834,pdb_00009ma7_B_C
425,0,train,1.8985886573791504,pdb_00009ib3_H_L
426,0,train,2.4963932037353516,pdb_00008tnn_J_I
427,0,train,0.8437739014625549,pdb_00009vi9_S1_S2
428,0,train,0.5970613360404968,pdb_00007x5h_E1_E2
429,0,train,1.7915042638778687,pdb_00007u0j_N1_N2
430,0,train,2.098369598388672,pdb_00006xkr_H_L
431,0,train,0.549453616142273,pdb_00007trs_H1_H2
432,0,train,1.6514155864715576,pdb_00009jeb_A1_A2
433,0,train,1.8893529176712036,pdb_00008da1_B_A
434,0,train,2.106299638748169,pdb_00008s72_X_Y
435,0,train,1.6794097423553467,pdb_00007u9w_H1_H2
436,0,train,1.854055643081665,pdb_00006wds_H_L
437,0,train,1.8389461040496826,pdb_00007uzd_H_L
438,0,train,1.6899980306625366,pdb_00002eiz_B_A
439,0,train,0.3006228804588318,pdb_00008jxv_E1_E2
440,0,train,1.9344254732131958,pdb_00004tnw_V_Z
441,0,train,0.26457318663597107,pdb_00009x20_E1_E2
442,0,train,1.9687467813491821,pdb_00008dd3_K_L
443,0,train,2.218193769454956,pdb_00005d1z_D_C
444,0,train,1.4521907567977905,pdb_00006vmk_P_O
445,0,train,1.9214279651641846,pdb_00008eoo_H_L
446,0,train,2.33123517036438,pdb_00005w3l_E_G
447,0,train,1.518633246421814,pdb_00007eam_C_D
448,0,train,2.010288953781128,pdb_00009mtf_M_N
449,0,train,0.24586822092533112,pdb_00008yh2_S1_S2
450,0,train,1.53810453414917,pdb_00008smi_H_L
451,0,train,1.3338547945022583,pdb_00009k6j_A_B
452,0,train,1.7935888767242432,pdb_00007zmk_E_F
453,0,train,1.2512221336364746,pdb_00001tzh_H_L
454,0,train,1.6695581674575806,pdb_00007k5y_M2_M1
455,0,train,1.2881711721420288,pdb_00004wv1_E_D
456,0,train,1.2390168905258179,pdb_00008we4_H_L
457,0,train,1.3693242073059082,pdb_00007tmz_E_F
458,0,train,1.5612194538116455,pdb_00009e60_H_L
459,0,train,2.222196578979492,pdb_00009b82_I_G
460,0,train,0.9336543083190918,pdb_00002qr0_N_M
461,0,train,1.2122374773025513,pdb_00002vdq_H_L
462,0,train,2.0081872940063477,pdb_00006gff_L_K
463,0,train,1.4153330326080322,pdb_00003ejz_E_F
464,0,train,1.4630709886550903,pdb_00007mem_G_J
465,0,train,0.9724763035774231,pdb_00006b9z_B_A
466,0,train,1.7839804887771606,pdb_00007t7b_H_L
467,0,train,2.346137762069702,pdb_00008gsd_H_L
468,0,train,1.6851677894592285,pdb_00006n5b_H_L
469,0,train,1.0816361904144287,pdb_00007uko_E_F
470,0,train,0.4366244077682495,pdb_00008xos_E1_E2
471,0,train,0.33890989422798157,pdb_00007s8m_E1_E2
472,0,train,1.8909319639205933,pdb_00007tpj_H_L
473,0,train,0.25328734517097473,pdb_00008gcm_E1_E2
474,0,train,1.2362264394760132,pdb_00008jxw_E1_E2
475,0,train,2.23553466796875,pdb_00008hrd_N_Q
476,0,train,2.0794718265533447,pdb_00005dhx_L2_L1
477,0,train,2.0599567890167236,pdb_00002iff_H_L
478,0,train,0.1380787342786789,pdb_00007na7_N1_N2
479,0,train,2.326107978820801,pdb_00008ulj_H_L
480,0,train,1.6515294313430786,pdb_00007ucq_J1_J2
481,0,train,1.9744794368743896,pdb_00006ocb_H_L
482,0,train,2.167177438735962,pdb_00002x7l_H_L
483,0,train,2.1586949825286865,pdb_00007l7e_O_P
484,0,train,1.450755000114441,pdb_00008smt_D_F
485,0,train,0.19083675742149353,pdb_00007dw9_S1_S2
486,0,train,1.8426246643066406,pdb_00004tnw_J_M
487,0,train,1.67536461353302,pdb_00007wwk_G_F
488,0,train,1.4134759902954102,pdb_00002hlf_C_D
489,0,train,1.8220124244689941,pdb_00006wex_H_L
490,0,train,0.1463940292596817,pdb_00008hnk_S1_S2
491,0,train,1.7502576112747192,pdb_00005cbe_C_D
492,0,train,0.6169793605804443,pdb_00008zjg_S1_S2
493,0,train,1.8242747783660889,pdb_00008vgk_F_E
494,0,train,1.4960124492645264,pdb_00009atm_H_L
495,0,train,2.0381057262420654,pdb_00009jy4_R_Q
496,0,train,0.1812591403722763,pdb_00008ef6_E1_E2
497,0,train,1.6490247249603271,pdb_00005jz7_J_K
498,0,train,1.5073273181915283,pdb_00008j26_B_A
499,0,train,1.1162259578704834,pdb_00003det_E_F
500,0,train,1.9871108531951904,pdb_00007q6c_H_L
501,0,train,0.13162674009799957,pdb_00009m54_S1_S2
502,0,train,1.7741814851760864,pdb_00006w0f_A_B
503,0,train,0.12496629357337952,pdb_00006kpf_S1_S2
504,0,train,1.1987231969833374,pdb_00004z7o_E_F
505,0,train,1.9041688442230225,pdb_00007t0w_O_P
506,0,train,1.8367483615875244,pdb_00007kyo_H_L
507,0,train,0.1102752834558487,pdb_00008jii_S1_S2
508,0,train,2.150766611099243,pdb_00008w5r_H_L
509,0,train,1.8797303438186646,pdb_00004m62_I_M
510,0,train,1.035120964050293,pdb_00007uk9_E_F
511,0,train,1.6123342514038086,pdb_00003stl_A_B
512,0,train,0.6470008492469788,pdb_00009p0m_F1_F2
513,0,train,0.9359513521194458,pdb_00002fed_C_D
514,0,train,0.14760971069335938,pdb_00009ipv_S1_S2
515,0,train,0.10338032245635986,pdb_00007eb2_N1_N2
516,0,train,0.4241560697555542,pdb_00009jks_S1_S2
517,0,train,1.9342665672302246,pdb_00002dqc_H_L
518,0,train,2.085721731185913,pdb_00003lh2_J_N
519,0,train,0.11642912030220032,pdb_00008jso_S1_S2
520,0,train,1.6755626201629639,pdb_00007lf7_A_B
521,0,train,1.6593540906906128,pdb_00008bg1_J_K
522,0,train,1.560646653175354,pdb_00008vk1_F_E
523,0,train,1.326429843902588,pdb_00001dee_F_E
524,0,train,1.0813168287277222,pdb_00003ze1_E_F
525,0,train,0.9693849682807922,pdb_00006bae_B_A
526,0,train,1.2695492506027222,pdb_00006xc4_H_L
527,0,train,2.1041924953460693,pdb_00009ouo_J_K
528,0,train,1.9619596004486084,pdb_00008w5f_H_L
529,0,train,1.8715236186981201,pdb_00006dfi_H_L
530,0,train,2.3656415939331055,pdb_00007uvs_A_B
531,0,train,1.754358172416687,pdb_00008vgh_J_I
532,0,train,1.3339475393295288,pdb_00006hjp_I_J
533,0,train,1.5827877521514893,pdb_00008dk5_K1_K2
534,0,train,1.5609596967697144,pdb_00009zdu_H_L
535,0,train,0.536022424697876,pdb_00007yfd_C1_C2
536,0,train,2.2460873126983643,pdb_00006p4b_H_L
537,0,train,2.354860782623291,pdb_00008eed_E_F
538,0,train,2.1932225227355957,pdb_00007s11_I_M
539,0,train,2.264198064804077,pdb_00007qez_E_F
540,0,train,0.1876544952392578,pdb_00009ije_D1_D2
541,0,train,1.1656039953231812,pdb_00009cpw_C_D
542,0,train,1.6190952062606812,pdb_00006vgr_H_L
543,0,train,0.14074276387691498,pdb_00007ra3_E1_E2
544,0,train,1.4605587720870972,pdb_00009ccs_C_B
545,0,train,1.2200462818145752,pdb_00004wv1_B_A
546,0,train,0.10823032259941101,pdb_00007qvm_S1_S2
547,0,train,1.516466736793518,pdb_00007tp3_H_L
548,0,train,2.712308883666992,pdb_00004ffw_H_L
549,0,train,0.11538216471672058,pdb_00007wz7_C1_C2
550,0,train,1.6254991292953491,pdb_00008vgi_H_G
551,0,train,0.9817493557929993,pdb_00008jen_E_F
552,0,train,1.5742928981781006,pdb_00007sts_A_B
553,0,train,0.11296465992927551,pdb_00008ykw_E1_E2
554,0,train,0.5714871883392334,pdb_00007ej0_H1_H2
555,0,train,1.362565040588379,pdb_00006vmk_c_b
556,0,train,1.9378573894500732,pdb_00006a4k_J_N
557,0,train,1.8377845287322998,pdb_00009cq8_C_E
558,0,train,0.10120271891355515,pdb_00007ew4_S1_S2
559,0,train,1.7398525476455688,pdb_00009axl_H_L
560,0,train,1.097602367401123,pdb_00008pwh_D_C
561,0,train,1.0060430765151978,pdb_00008i5h_B_C
562,0,train,1.0287848711013794,pdb_00007uje_E_F
563,0,train,1.4915661811828613,pdb_00001ic7_H_L
564,0,train,0.09603145718574524,pdb_00009l79_S1_S2
565,0,train,1.5480576753616333,pdb_00008xsf_H_L
566,0,train,1.3786585330963135,pdb_00008hws_D_E
567,0,train,0.9324122071266174,pdb_00008wnp_D_C
568,0,train,1.4622704982757568,pdb_00008bg1_G_H
569,0,train,0.07982197403907776,pdb_00007t6u_E1_E2
570,0,train,1.6172447204589844,pdb_00008w86_E_F
571,0,train,1.5586720705032349,pdb_00008too_D_C
572,0,train,0.07444547116756439,pdb_00007xa3_E1_E2
573,0,train,1.8762295246124268,pdb_00006x3t_J_I
574,0,train,1.280813455581665,pdb_00007y6k_E1_E2
575,0,train,0.10137925297021866,pdb_00008jil_S1_S2
576,0,train,1.71486496925354,pdb_00009iz9_S_T
577,0,train,1.5537737607955933,pdb_00009bao_E_F
578,0,train,1.6637473106384277,pdb_00009lsi_D1_C2
579,0,train,0.9788596034049988,pdb_00008elq_H_L
580,0,train,0.1917986422777176,pdb_00008wpu_E1_E2
581,0,train,0.1599145233631134,pdb_00009o36_E1_E2
582,0,train,2.0740671157836914,pdb_00006mto_H_L
583,0,train,0.552548885345459,pdb_00008ia8_S1_S2
584,0,train,1.5368634462356567,pdb_00008vfx_M2_M1
585,0,train,0.4545266926288605,pdb_00009kug_H1_H2
586,0,train,0.40719619393348694,pdb_00009ge3_F1_F2
587,0,train,1.4212157726287842,pdb_00007mem_I_K
588,0,train,1.887441873550415,pdb_00003v4p_H_L
589,0,train,2.645843744277954,pdb_00008dwo_H_L
590,0,train,1.3767127990722656,pdb_00007k61_N2_N1
591,0,train,1.8388227224349976,pdb_00009mqa_J_N
592,0,train,1.2751483917236328,pdb_00007uvi_D_E
593,0,train,1.706074595451355,pdb_00008cz8_C2_C1
594,0,train,0.9755687713623047,pdb_00008as0_T_S
595,0,train,0.1736745685338974,pdb_00007yac_S1_S2
596,0,train,0.1558825820684433,pdb_00008xwp_D1_D2
597,0,train,1.9173989295959473,pdb_00005umi_H_L
598,0,train,0.11621241271495819,pdb_00009kvg_E1_E2
599,0,train,1.484257698059082,pdb_00008txu_H_L
600,0,train,1.8875367641448975,pdb_00009lsj_E1_D2
601,0,train,2.5981500148773193,pdb_00009ml8_M_N
602,0,train,2.707303285598755,pdb_00004khx_H_L
603,0,train,1.4652694463729858,pdb_00007xj9_I_H
604,0,train,1.4946039915084839,pdb_00007whz_C_E
605,0,train,0.10881819576025009,pdb_00008efb_E1_E2
606,0,train,2.078132390975952,pdb_00008f0h_H_L
607,0,train,0.10956685245037079,pdb_00008tzq_E1_E2
608,0,train,0.3498983681201935,pdb_00007rkm_D1_D2
609,0,train,1.3109303712844849,pdb_00008cma_H_L
610,0,train,1.8139772415161133,pdb_00008uwz_A_B
611,0,train,2.853060007095337,pdb_00008rmy_E_F
612,0,train,1.2437303066253662,pdb_00003ze0_E_F
613,0,train,2.1514382362365723,pdb_00008zdw_L_J
614,0,train,1.4554399251937866,pdb_00008i5l_E1_E2
615,0,train,1.5969107151031494,pdb_00007t3d_P_R
616,0,train,0.2545478940010071,pdb_00008xbh_S1_S2
617,0,train,0.15528832376003265,pdb_00006dde_E1_E2
618,0,train,1.4068474769592285,pdb_00004lf3_B_A
619,0,train,2.083616256713867,pdb_00006glx_C_D
620,0,train,2.260730504989624,pdb_00009cpr_H_L
621,0,train,0.3309527635574341,pdb_00009jid_S1_S2
622,0,train,0.1196017786860466,pdb_00008ghv_S1_S2
623,0,train,2.551809310913086,pdb_00003rhw_F_N
624,0,train,2.135260820388794,pdb_00007shy_I_J
625,0,train,2.302802562713623,pdb_00009os5_G_J
626,0,train,1.840335488319397,pdb_00006vc9_H_L
627,0,train,2.14988112449646,pdb_00009mth_H_L
628,0,train,2.182790994644165,pdb_00009kve_D_F
629,0,train,0.20483407378196716,pdb_00009k3h_S1_S2
630,0,train,0.2062705159187317,pdb_00009kvi_E1_E2
631,0,train,0.1996467560529709,pdb_00009pxv_E1_E2
632,0,train,0.18314741551876068,pdb_00008iec_N1_N2
633,0,train,1.3320717811584473,pdb_00007dpm_J_K
634,0,train,1.7612766027450562,pdb_00004dgi_H_L
635,0,train,1.2290387153625488,pdb_00008x8n_E1_E2
636,0,train,1.8369742631912231,pdb_00006t9e_HHH_LLL
637,0,train,0.12518742680549622,pdb_00009cgk_E1_E2
638,0,train,2.0770649909973145,pdb_00008z39_H_L
639,0,train,2.2896339893341064,pdb_00003qwo_H_L
640,0,train,1.0798321962356567,pdb_00007xei_E_F
641,0,train,1.2586760520935059,pdb_00003dvn_B_A
642,0,train,0.35952845215797424,pdb_00008wwh_E1_E2
643,0,train,1.2890474796295166,pdb_00006vmk_u_t
644,0,train,1.4194386005401611,pdb_00009dm0_C_D
645,0,train,1.7706596851348877,pdb_00006vvu_H_L
646,0,train,1.0131618976593018,pdb_00006j6y_B_C
647,0,train,1.9379888772964478,pdb_00006wtu_B_C
648,0,train,1.4499521255493164,pdb_00003b2u_J_K
649,0,train,1.7280274629592896,pdb_00008g5a_H_L
650,0,train,1.7567967176437378,pdb_00009mtf_H_L
651,0,train,1.6036672592163086,pdb_00006ad7_C_D
652,0,train,1.2504305839538574,pdb_00003dvg_B_A
653,0,train,1.7131874561309814,pdb_00006wtu_H_I
654,0,train,2.2050282955169678,pdb_00009cci_B_C
655,0,train,1.558561086654663,pdb_00007u0g_O1_O2
656,0,train,0.3881478011608124,pdb_00008yuv_S1_S2
657,0,train,0.14585597813129425,pdb_00007exd_E1_E2
658,0,train,0.11407458037137985,pdb_00008jbf_E1_E2
659,0,train,0.9283257126808167,pdb_00007kfv_F_G
660,0,train,1.0192115306854248,pdb_00008z65_S1_S2
661,0,train,1.804986596107483,pdb_00006wty_H_I
662,0,train,1.71729576587677,pdb_00009clp_H_L
663,0,train,1.4652295112609863,pdb_00002jix_D_G
664,0,train,1.7540334463119507,pdb_00009ue8_M_N
665,0,train,1.4182988405227661,pdb_00007t3d_O_Q
666,0,train,2.450395107269287,pdb_00001tpx_B_C
667,0,train,1.0912938117980957,pdb_00009dzf_H_L
668,0,train,1.7007465362548828,pdb_00009drx_J_I
669,0,train,1.202317237854004,pdb_00001ots_E_F
670,0,train,1.6588847637176514,pdb_00003fku_S1_S2
671,0,train,1.735430359840393,pdb_00007vyt_B_C
672,0,train,1.0958300828933716,pdb_00007rks_I_M
673,0,train,0.09509217739105225,pdb_00007yj4_S1_S2
674,0,train,0.3011697828769684,pdb_00009k26_S1_S2
675,0,train,1.359162449836731,pdb_00007lq7_P_Q
676,0,train,1.4695954322814941,pdb_00008zh7_K_L
677,0,train,0.8690973520278931,pdb_00008as0_E_D
678,0,train,2.74694561958313,pdb_00004xhj_H_G
679,0,train,0.07953622192144394,pdb_00009ego_S1_S2
680,0,train,1.591796636581421,pdb_00007zmk_V_W
681,0,train,0.7878333926200867,pdb_00007wbz_H_L
682,0,train,1.7771861553192139,pdb_00004ubd_Y_X
683,0,train,1.4923166036605835,pdb_00008w83_I_J
684,0,train,1.8024369478225708,pdb_00007w71_I_M
685,0,train,1.6805670261383057,pdb_00008y3i_I_J
686,0,train,0.09093635529279709,pdb_00009cgj_E1_E2
687,0,train,1.987499713897705,pdb_00005wk3_W_V
688,0,train,1.0930166244506836,pdb_00006vmk_f_e
689,0,train,1.6592950820922852,pdb_00007mxl_J_K
690,0,train,0.23927448689937592,pdb_00009axf_H1_H2
691,0,train,1.8610056638717651,pdb_00007zwi_E_F
692,0,train,1.4393757581710815,pdb_00003b2u_T_U
693,0,train,1.0861341953277588,pdb_00008y31_B_A
694,0,train,0.1050848588347435,pdb_00009v0x_E1_E2
695,0,train,1.459133505821228,pdb_00006woz_E_F
696,0,train,1.1798495054244995,pdb_00003s37_H_L
697,0,train,1.632847785949707,pdb_00007lop_X_Y
698,0,train,0.09196271002292633,pdb_00008xml_S1_S2
699,0,train,2.5337300300598145,pdb_00009wsv_H_L
700,0,train,2.4669458866119385,pdb_00006ban_H_G
701,0,train,1.6644048690795898,pdb_00008g5a_I_M
702,0,train,1.2063276767730713,pdb_00008vtd_B_A
703,0,train,0.1227855533361435,pdb_00009f34_E1_E2
704,0,train,1.9763667583465576,pdb_00007ey5_H_L
705,0,train,1.2710496187210083,pdb_00008i5i_H_L
706,0,train,1.3006904125213623,pdb_00004hg4_L_M
707,0,train,1.770431637763977,pdb_00005ggs_C_D
708,0,train,1.295107364654541,pdb_00006b3s_C_D
709,0,train,2.1300132274627686,pdb_00008hrd_O_P
710,0,train,0.11735375225543976,pdb_00007vdh_S1_S2
711,0,train,1.1252093315124512,pdb_00005nh3_I_M
712,0,train,0.10122329741716385,pdb_00009uk2_E1_E2
713,0,train,2.3644280433654785,pdb_00006wtv_E_F
714,0,train,0.09779273718595505,pdb_00006pt0_E1_E2
715,0,train,1.5371215343475342,pdb_00009oea_H_L
716,0,train,1.9695755243301392,pdb_00009cia_B_A
717,0,train,1.628285527229309,pdb_00004gxu_W_X
718,0,train,1.3124622106552124,pdb_00007ucq_H1_H2
719,0,train,2.5303640365600586,pdb_00003rif_F_N
720,0,train,1.4330428838729858,pdb_00009wb4_B_C
721,0,train,1.6231130361557007,pdb_00009ebc_K_L
722,0,train,2.3859710693359375,pdb_00001hys_D_C
723,0,train,1.5389565229415894,pdb_00008bg4_A1_A2
724,0,train,1.4861884117126465,pdb_00004f2m_A_B
725,0,train,1.3174731731414795,pdb_00008jin_P2_P1
726,0,train,1.274751901626587,pdb_00004gxu_M_N
727,0,train,0.2842521071434021,pdb_00008efo_E1_E2
728,0,train,1.204491376876831,pdb_00007wvd_I_J
729,0,train,1.8686022758483887,pdb_00006a4k_K_O
730,0,train,1.61142098903656,pdb_00006lhq_H_L
731,0,train,1.0321476459503174,pdb_00007trp_H1_H2
732,0,train,1.7809078693389893,pdb_00009jy3_P_O
733,0,train,0.9369450807571411,pdb_00008jel_A_B
734,0,train,2.1128599643707275,pdb_00001fns_H_L
735,0,train,0.7124344110488892,pdb_00008e9y_E1_E2
736,0,train,0.09979915618896484,pdb_00008hcx_E1_E2
737,0,train,2.463592767715454,pdb_00006d0u_C_D
738,0,train,0.08939998596906662,pdb_00009l80_S1_S2
739,0,train,1.6072722673416138,pdb_00004v1d_D_E
740,0,train,0.30470535159111023,pdb_00008xxr_S1_S2
741,0,train,1.3148208856582642,pdb_00007yds_B_C
742,0,train,1.933162808418274,pdb_00009wsx_H_L
743,0,train,1.6082746982574463,pdb_00008w5m_H_L
744,0,train,2.1265292167663574,pdb_00006q18_H_L
745,0,train,1.5644152164459229,pdb_00009dru_H_L
746,0,train,1.7292438745498657,pdb_00007x3d_H_L
747,0,train,0.311448872089386,pdb_00007wz4_S1_S2
748,0,train,0.1059798151254654,pdb_00007ew2_S1_S2
749,0,train,1.5353049039840698,pdb_00008dk5_N1_N2
750,0,train,0.2306467741727829,pdb_00009j0b_S1_S2
751,0,train,0.4344561994075775,pdb_00009kz2_H1_H2
752,0,train,0.0718492940068245,pdb_00008ykd_S1_S2
753,0,train,1.820395827293396,pdb_00009our_H_L
754,0,train,0.8358007669448853,pdb_00007kfy_H_L
755,0,train,0.1940845251083374,pdb_00008wwn_E1_E2
756,0,train,0.8769173622131348,pdb_00008q6j_B_A
757,0,train,2.3629581928253174,pdb_00009me4_I_M
758,0,train,1.374890685081482,pdb_00001fbi_Q_P
759,0,train,1.8981181383132935,pdb_00007ykj_A_D
760,0,train,1.7622146606445312,pdb_00009cq8_G_H
761,0,train,2.0261247158050537,pdb_00007ahu_B_A
762,0,train,0.3508394658565521,pdb_00009plo_S1_S2
763,0,train,1.1700098514556885,pdb_00007sk8_D_C
764,0,train,1.200549840927124,pdb_00003ze2_E_F
765,0,train,1.098524570465088,pdb_00008oz3_A_B
766,0,train,0.12001624703407288,pdb_00008ykx_E1_E2
767,0,train,1.276618480682373,pdb_00007t3d_C_D
768,0,train,1.304582953453064,pdb_00008evg_M1_M2
769,0,train,0.1223004087805748,pdb_00009ik8_E1_E2
770,0,train,1.0870248079299927,pdb_00007mzj_F_E
771,0,train,1.448495626449585,pdb_00005w0k_E_F
772,0,train,1.1420598030090332,pdb_00007k63_N2_N1
773,0,train,1.4652653932571411,pdb_00005w0k_H_L
774,0,train,0.07599107176065445,pdb_00007w55_E1_E2
775,0,train,1.7429133653640747,pdb_00005aaw_H1_H2
776,0,train,0.18386416137218475,pdb_00009w6w_E1_E2
777,0,train,0.06768172234296799,pdb_00009jr3_S1_S2
778,0,train,1.4825464487075806,pdb_00007mzh_B_C
779,0,train,1.830822467803955,pdb_00007f3q_C_B
780,0,train,1.5953763723373413,pdb_00006bpa_B_C
781,0,train,0.07603620737791061,pdb_00008iru_E1_E2
782,0,train,1.1366208791732788,pdb_00007sk7_D_C
783,0,train,1.3363597393035889,pdb_00006ww5_C_D
784,0,train,1.420544147491455,pdb_00007zmk_J_K
785,0,train,1.3038471937179565,pdb_00003wkm_I_M
786,0,train,2.1144464015960693,pdb_00004ffv_H_L
787,0,train,0.08607717603445053,pdb_00009k3f_S1_S2
788,0,train,1.172844409942627,pdb_00008wpw_H_L
789,0,train,0.09176814556121826,pdb_00007yu3_S1_S2
790,0,train,0.23697353899478912,pdb_00007wic_S1_S2
791,0,train,2.05338454246521,pdb_00008dis_A_C
792,0,train,1.3890742063522339,pdb_00004tnw_X_i
793,0,train,0.9332097172737122,pdb_00007u60_E_F
794,0,train,0.8877355456352234,pdb_00007c01_H_L
795,0,train,1.9232512712478638,pdb_00004xhj_D_C
796,0,train,1.8247665166854858,pdb_00003bsz_N_M
797,0,train,1.972203254699707,pdb_00009cn2_B1_B2
798,0,train,1.366072177886963,pdb_00009jbq_A_B
799,0,train,1.214675784111023,pdb_00007jmo_H_L
800,0,train,1.4461153745651245,pdb_00005xmh_H_L
801,0,train,2.47830867767334,pdb_00008dwy_H_L
802,0,train,1.3946788311004639,pdb_00004kxz_J_I
803,0,train,1.0106409788131714,pdb_00008bcz_C_D
804,0,train,0.21046172082424164,pdb_00008ij3_S1_S2
805,0,train,1.0441787242889404,pdb_00007x2k_H_L
806,0,train,0.06533734500408173,pdb_00008jhy_S1_S2
807,0,train,0.8338172435760498,pdb_00008jen_C_D
808,0,train,1.898842453956604,pdb_00006oc3_A_B
809,0,train,1.442435383796692,pdb_00007lq7_F_G
810,0,train,0.8678234219551086,pdb_00007klg_H_L
811,0,train,1.1824864149093628,pdb_00009lsj_D1_E2
812,0,train,1.0662838220596313,pdb_00003nh7_J_N
813,0,train,1.4761927127838135,pdb_00006wzl_C_D
814,0,train,1.601975679397583,pdb_00008znz_I_J
815,0,train,2.044353485107422,pdb_00009y0e_A_B
816,0,train,1.5636482238769531,pdb_00007xrz_H_L
817,0,train,0.10120154172182083,pdb_00007t6s_E1_E2
818,0,train,1.3019949197769165,pdb_00007zmk_P_Q
819,0,train,2.08793306350708,pdb_00001qfu_H_L
820,0,train,1.5778194665908813,pdb_00008hq7_M_N
821,0,train,0.10373307764530182,pdb_00009jmc_E1_E2
822,0,train,1.172364354133606,pdb_00003b2u_Q_R
823,0,train,1.6760849952697754,pdb_00009oup_H_L
824,0,train,1.7008447647094727,pdb_00006mlm_K_L
825,0,train,1.1286474466323853,pdb_00007y6k_J_E3
826,0,train,0.06815997511148453,pdb_00008k6m_S1_S2
827,0,train,0.06482164561748505,pdb_00007cmv_E1_E2
828,0,train,0.8593583703041077,pdb_00007xeg_E_F
829,0,train,1.0340344905853271,pdb_00008hpu_M_N
830,0,train,1.4729384183883667,pdb_00007v3g_I_M
831,0,train,1.2930985689163208,pdb_00009azr_H_L
832,0,train,1.0647964477539062,pdb_00007k9z_H_L
833,0,train,1.6547327041625977,pdb_00008dd2_K_L
834,0,train,2.303079605102539,pdb_00008tfl_H_L
835,0,train,1.5669362545013428,pdb_00007y3n_H_L
836,0,train,1.458613395690918,pdb_00007wsi_H_L
837,0,train,1.8742698431015015,pdb_00009zq9_I2_I1
838,0,train,2.1004154682159424,pdb_00009cds_B_A
839,0,train,0.0905618742108345,pdb_00008xqn_S1_S2
840,0,train,1.5857386589050293,pdb_00009q7b_G_I
841,0,train,1.2003936767578125,pdb_00007dm2_H_L
842,0,train,1.8923490047454834,pdb_00008zdw_F_E
843,0,train,1.2020926475524902,pdb_00007bpk_C_D
844,0,train,1.583938479423523,pdb_00008d9y_F_E
845,0,train,1.7660048007965088,pdb_00003fku_Y1_Y2
846,0,train,1.1021524667739868,pdb_00009l9o_B_C
847,0,train,1.476644515991211,pdb_00001ott_C_D
848,0,train,2.138781785964966,pdb_00009p1m_F_E
849,0,train,2.1072440147399902,pdb_00009mtl_I_J
850,0,train,0.7540931701660156,pdb_00007k8m_A_B
851,0,train,1.8731189966201782,pdb_00002i9l_H_G
852,0,train,1.8872013092041016,pdb_00009kvk_H_L
853,0,train,1.8954176902770996,pdb_00009mic_H_L
854,0,train,1.579996109008789,pdb_00009ouq_J_K
855,0,train,2.2749640941619873,pdb_00007rco_F_E
856,0,train,1.9195733070373535,pdb_00009mtg_I_J
857,0,train,1.8486716747283936,pdb_00002dqj_H_L
858,0,train,0.16073794662952423,pdb_00009ldv_S1_S2
859,0,train,1.3571152687072754,pdb_00008cxh_h_l
860,0,train,1.9910690784454346,pdb_00002r29_H_L
861,0,train,1.3167622089385986,pdb_00007ua2_H1_H2
862,0,train,2.359912157058716,pdb_00006gv1_H_L
863,0,train,2.1684088706970215,pdb_00008w0y_A_B
864,0,train,1.0352060794830322,pdb_00006xc4_X_Y
865,0,train,0.1455356478691101,pdb_00009vo2_S1_S2
866,0,train,0.11767306178808212,pdb_00006n4b_S1_S2
867,0,train,0.10385606437921524,pdb_00008yrg_E1_E2
868,0,train,1.2054283618927002,pdb_00003ejz_C_D
869,0,train,1.0789635181427002,pdb_00002vdo_H_L
870,0,train,1.2126730680465698,pdb_00002h9g_B_A
871,0,train,2.1854348182678223,pdb_00009me7_I_M
872,0,train,1.486769199371338,pdb_00008j24_G1_G2
873,0,train,2.22031569480896,pdb_00008z6x_B_C
874,0,train,1.5367982387542725,pdb_00007n0u_H_L
875,0,train,0.9401628375053406,pdb_00006ii8_H_L
876,0,train,0.13733485341072083,pdb_00007w40_H1_H2
877,0,train,1.574309229850769,pdb_00003fku_X1_X2
878,0,train,1.3231337070465088,pdb_00005yoy_P_M
879,0,train,0.21914678812026978,pdb_00009jky_S1_S2
880,0,train,0.9267415404319763,pdb_00007zf8_H_L
881,0,train,1.616471529006958,pdb_00004am0_C_D
882,0,train,1.1497794389724731,pdb_00002fed_E_F
883,0,train,1.6013396978378296,pdb_00004jpk_H_L
884,0,train,1.3178364038467407,pdb_00008txu_F_K
885,0,train,0.10964483767747879,pdb_00008xor_E1_E2
886,0,train,0.11058637499809265,pdb_00008feg_F1_F2
887,0,train,1.1881659030914307,pdb_00005nh3_H_L
888,0,train,2.480025291442871,pdb_00006k65_H_L
889,0,train,1.8063480854034424,pdb_00004ffv_D_C
890,0,train,0.28360170125961304,pdb_00008xgu_S1_S2
891,0,train,1.493923306465149,pdb_00008xcd_H_L
892,0,train,1.2318929433822632,pdb_00009cq4_C_D
893,0,train,1.4935081005096436,pdb_00009n8j_H_I
894,0,train,1.2317837476730347,pdb_00004hg4_N_O
895,0,train,0.5487148761749268,pdb_00007trq_H1_H2
896,0,train,1.8475397825241089,pdb_00008tpa_I_J
897,0,train,1.828620195388794,pdb_00007pry_C_D
898,0,train,1.9609525203704834,pdb_00007rr0_B_C
899,0,train,1.9839783906936646,pdb_00006wqo_E_F
900,0,train,2.03122615814209,pdb_00003ri5_G_K
901,0,train,1.7507176399230957,pdb_00007ec5_E_F
902,0,train,0.11595690250396729,pdb_00008k2x_S1_S2
903,0,train,1.9284569025039673,pdb_00008r4n_H_L
904,0,train,1.6627920866012573,pdb_00009lho_I_H
905,0,train,0.36889612674713135,pdb_00006k41_H1_H2
906,0,train,1.6743744611740112,pdb_00008hrd_Y_Z
907,0,train,1.9601181745529175,pdb_00009hhr_F_E
908,0,train,2.149684429168701,pdb_00008tnn_H_G
909,0,train,1.4834035634994507,pdb_00008vgl_E_F
910,0,train,1.3872932195663452,pdb_00007mem_H_L
911,0,train,0.1042260155081749,pdb_00006lfm_S1_S2
912,0,train,1.896943211555481,pdb_00005kov_E1_E2
913,0,train,1.4273998737335205,pdb_00008w83_A_B
914,0,train,1.9793684482574463,pdb_00008g5b_J_N
915,0,train,2.053377389907837,pdb_00009bhh_T_S
916,0,train,0.2718532681465149,pdb_00009ejc_D1_D2
917,0,train,1.3979660272598267,pdb_00009iz9_O_P
918,0,train,2.4614152908325195,pdb_00004f37_F_K
919,0,train,2.734009265899658,pdb_00008ezl_H1_H2
920,0,train,1.5212358236312866,pdb_00001adq_H_L
921,0,train,0.2122635692358017,pdb_00009k27_D1_D2
922,0,train,2.095283269882202,pdb_00008tp5_H_L
923,0,train,0.1207294762134552,pdb_00008xxu_E1_E2
924,0,train,2.1286256313323975,pdb_00004xzu_A_B
925,0,train,1.9117461442947388,pdb_00009mtl_H_L
926,0,train,1.9897960424423218,pdb_00009mkn_Q_R
927,0,train,2.0164175033569336,pdb_00009mtm_M_N
928,0,train,1.4786503314971924,pdb_00006ogx_C_D
929,0,train,1.231196403503418,pdb_00004zff_A_B
930,0,train,1.602789282798767,pdb_00004tnw_G_K
931,0,train,1.752569317817688,pdb_00004xnm_B_A
932,0,train,0.12985751032829285,pdb_00008hnm_S1_S2
933,0,train,1.3062008619308472,pdb_00007wh8_B_A
934,0,train,1.1465742588043213,pdb_00004z7q_E_F
935,0,train,0.09979995340108871,pdb_00007y67_S1_S2
936,0,train,0.12501263618469238,pdb_00008t3q_N1_N2
937,0,train,1.4763003587722778,pdb_00005lsp_H_L
938,0,train,1.7675790786743164,pdb_00007zfb_J_K
939,0,train,0.07547934353351593,pdb_00007db6_E1_E2
940,0,train,1.3198567628860474,pdb_00006dzt_M1_M2
941,0,train,0.10926738381385803,pdb_00008hbd_H1_H2
942,0,train,1.9901055097579956,pdb_00009ebc_I_J
943,0,train,0.9050909876823425,pdb_00008cwv_H_L
944,0,train,1.3049668073654175,pdb_00006b3s_H_L
945,0,train,0.08018212020397186,pdb_00007xwo_E1_E2
946,0,train,1.329862356185913,pdb_00004nik_B1_B2
947,0,train,1.2275203466415405,pdb_00007cgw_H_L
948,0,train,1.6233936548233032,pdb_00006t9d_HHH_LLL
949,0,train,1.493453860282898,pdb_00008cbf_H_L
950,0,train,1.2737575769424438,pdb_00007quh_H_L
951,0,train,1.1325397491455078,pdb_00006adc_E_F
952,0,train,0.9658449292182922,pdb_00003g6j_H_G
953,0,train,1.1549471616744995,pdb_00008z3q_S1_S2
954,0,train,0.991601288318634,pdb_00008dww_Z_Y
955,0,train,1.6263017654418945,pdb_00008dwx_V_U
956,0,train,2.196488380432129,pdb_00007ey5_B_C
957,0,train,0.3634891211986542,pdb_00008ija_S1_S2
958,0,train,1.6517670154571533,pdb_00003v4v_H_L
959,0,train,0.870025098323822,pdb_00009vmp_S1_S2
960,0,train,1.225036382675171,pdb_00007wk0_D_E
961,0,train,0.08575765788555145,pdb_00008j1a_S1_S2
962,0,train,1.2825541496276855,pdb_00007qny_A_B
963,0,train,2.1786365509033203,pdb_00007l7e_C_D
964,0,train,1.3455994129180908,pdb_00008bg4_C1_C2
965,0,train,0.9395802617073059,pdb_00007u9f_E_F
966,0,train,1.52238130569458,pdb_00008jel_F_G
967,0,train,1.4426589012145996,pdb_00003eo1_K_J
968,0,train,1.4050037860870361,pdb_00008d7e_D_E
969,0,train,1.477128505706787,pdb_00008sid_J_I
970,0,train,1.4170043468475342,pdb_00008u4s_H_L
971,0,train,0.9179409146308899,pdb_00008dn6_C_D
972,0,train,1.0432687997817993,pdb_00008xse_M_N
973,0,train,2.0295660495758057,pdb_00009qub_D_C
974,0,train,2.0624589920043945,pdb_00008tbq_A_B
975,0,train,1.5278427600860596,pdb_00009ue8_A_B
976,0,train,0.11961038410663605,pdb_00008dzr_E1_E2
977,0,train,1.0966888666152954,pdb_00008syp_M1_M2
978,0,train,1.037210464477539,pdb_00007t3d_J_M
979,0,train,1.8232786655426025,pdb_00009mtk_H_L
980,0,train,1.9677846431732178,pdb_00001xgu_B_A
981,0,train,2.2348508834838867,pdb_00006gff_N_M
982,0,train,1.7636384963989258,pdb_00009o7g_C_D
983,0,train,2.09083890914917,pdb_00008dcm_A_B
984,0,train,1.6940522193908691,pdb_00009cfg_H_L
985,0,train,2.053250312805176,pdb_00007uij_H_L
986,0,train,0.18842297792434692,pdb_00008jz7_S1_S2
987,0,train,1.5915483236312866,pdb_00007det_D1_D2
988,0,train,1.6572760343551636,pdb_00008vgi_K_L
989,0,train,1.560911774635315,pdb_00008y3h_G_H
990,0,train,1.1215654611587524,pdb_00003g6d_H_L
991,0,train,1.2175323963165283,pdb_00009lho_T_S
992,0,train,1.674033522605896,pdb_00006xpz_B_C
993,0,train,1.1820844411849976,pdb_00006iap_E_D
994,0,train,1.1786673069000244,pdb_00001tzh_B_A
995,0,train,1.0821805000305176,pdb_00002hlf_E_F
996,0,train,0.10354278981685638,pdb_00009k07_E1_E2
997,0,train,1.3689178228378296,pdb_00008vgh_H_G
998,0,train,1.5068411827087402,pdb_00003rhw_J_M
999,0,train,2.140869617462158,pdb_00009rim_H_L
1000,0,train,1.3973020315170288,pdb_00006hxw_C_D
1001,0,train,0.11215754598379135,pdb_00007wy0_C1_C2
1002,0,train,0.09805572032928467,pdb_00007vv5_S1_S2
1003,0,train,1.8252615928649902,pdb_00009vca_H_L
1004,0,train,1.75270676612854,pdb_00008cz8_A2_A1
1005,0,train,0.2964180111885071,pdb_00008h2g_E1_E2
1006,0,train,1.0030239820480347,pdb_00007xcz_D_E
1007,0,train,2.313253164291382,pdb_00004f37_H_L
1008,0,train,2.1312143802642822,pdb_00001tqb_B_C
1009,0,train,2.137111186981201,pdb_00005c0n_H_L
1010,0,train,1.4766353368759155,pdb_00007ubs_J1_J2
1011,0,train,1.5560816526412964,pdb_00008uzp_A_B
1012,0,train,0.10059130936861038,pdb_00009cm7_N1_N2
1013,0,train,1.450634479522705,pdb_00009ov4_H_L
1014,0,train,1.4008814096450806,pdb_00007lq7_C_D
1015,0,train,1.514406442642212,pdb_00009jy1_P_O
1016,0,train,1.1279133558273315,pdb_00003b2u_C_D
1017,0,train,0.847836971282959,pdb_00003g6j_F_E
1018,0,train,0.06097493693232536,pdb_00008xzj_S1_S2
1019,0,train,0.05801691114902496,pdb_00009ijd_D1_D2
1020,0,train,2.1990010738372803,pdb_00008gsc_H_L
1021,0,train,1.198882818222046,pdb_00008xsi_H_L
1022,0,train,1.5493370294570923,pdb_00009cu7_J_N
1023,0,train,1.189802885055542,pdb_00006jod_H_L
1024,0,train,1.475662112236023,pdb_00004hj0_C_D
1025,0,train,1.9024471044540405,pdb_00004u6h_C_D
1026,0,train,0.05738786235451698,pdb_00008e9x_E1_E2
1027,0,train,1.3486058712005615,pdb_00008vgl_H_L
1028,0,train,1.1185497045516968,pdb_00007yvm_C_A
1029,0,train,1.4819172620773315,pdb_00003f7y_A_B
1030,0,train,1.1589381694793701,pdb_00008evi_M1_M2
1031,0,train,0.07599813491106033,pdb_00008jgf_E1_E2
1032,0,train,1.6488876342773438,pdb_00003fmg_H_L
1033,0,train,1.4286733865737915,pdb_00006x3u_J_I
1034,0,train,1.8684622049331665,pdb_00009n4e_K_M
1035,0,train,1.1887372732162476,pdb_00007zfe_F_G
1036,0,train,1.673926830291748,pdb_00008f6o_A_B
1037,0,train,1.494251012802124,pdb_00008ebp_I_M
1038,0,train,0.9601552486419678,pdb_00007f6z_H_L
1039,0,train,1.836235523223877,pdb_00001nbz_B_A
1040,0,train,1.2777210474014282,pdb_00001k4d_A_B
1041,0,train,2.0350396633148193,pdb_00009h4r_X_Y
1042,0,train,1.3004083633422852,pdb_00007yrf_F_E
1043,0,train,1.1370941400527954,pdb_00003gb7_A_B
1044,0,train,1.1375842094421387,pdb_00007vaf_H_L
1045,0,train,1.2504204511642456,pdb_00002h9g_H_L
1046,0,train,0.13755686581134796,pdb_00008xyd_E1_E2
1047,0,train,1.4251749515533447,pdb_00006x3z_K_L
1048,0,train,0.10226194560527802,pdb_00008jim_S1_S2
1049,0,train,1.0213922262191772,pdb_00003ejy_C_D
1050,0,train,0.9692985415458679,pdb_00003f5w_A_B
1051,0,train,0.7143914103507996,pdb_00007c01_C_D
1052,0,train,0.9494222402572632,pdb_00008zfz_D1_D2
1053,0,train,0.8362913131713867,pdb_00002exy_E_F
1054,0,train,2.6716153621673584,pdb_00008zd5_B_C
1055,0,train,1.09925377368927,pdb_00008vqy_J_I
1056,0,train,0.6091228723526001,pdb_00007vdm_S1_S2
1057,0,train,1.1499559879302979,pdb_00006x3u_K_L
1058,0,train,0.19484558701515198,pdb_00008xjn_E1_E2
1059,0,train,0.1698136180639267,pdb_00008ijd_S1_S2
1060,0,train,1.091424584388733,pdb_00007yck_E_F
1061,0,train,2.732929229736328,pdb_00009n5i_H_L
1062,0,train,0.9027053713798523,pdb_00007m2j_A_B
1063,0,train,2.635819911956787,pdb_00005w3m_E_G
1064,0,train,0.07332097738981247,pdb_00009m2f_S1_S2
1065,0,train,1.1126240491867065,pdb_00008bg2_C1_C2
1066,0,train,1.5519307851791382,pdb_00008jqm_M_N
1067,0,train,2.0371155738830566,pdb_00009oar_H_L
1068,0,train,0.742724597454071,pdb_00002exw_E_F
1069,0,train,1.5357848405838013,pdb_00008bg5_C1_C2
1070,0,train,1.7094351053237915,pdb_00005wko_K_L
1071,0,train,1.4426484107971191,pdb_00007x2w_H_L
1072,0,train,0.7819304466247559,pdb_00009wxm_D1_D2
1073,0,train,1.3891229629516602,pdb_00008vgm_H_L
1074,0,train,1.3835424184799194,pdb_00003fku_T1_T2
1075,0,train,1.7335197925567627,pdb_00007k9z_B_A
1076,0,train,1.4462471008300781,pdb_00007ua2_B1_B2
1077,0,train,1.7928732633590698,pdb_00006bpc_B_C
1078,0,train,1.252774715423584,pdb_00008jkh_m_n
1079,0,train,1.479540467262268,pdb_00006pe9_C_D
1080,0,train,1.5143451690673828,pdb_00006n5e_E_D
1081,0,train,1.5008883476257324,pdb_00009yyu_I_M
1082,0,train,1.249629020690918,pdb_00007y7m_F_G
1083,0,train,1.538554310798645,pdb_00009n4e_Q_P
1084,0,train,0.5443384647369385,pdb_00008hpt_H1_H2
1085,0,train,1.389683723449707,pdb_00008qh0_H_L
1086,0,train,1.339891791343689,pdb_00007cvt_C_D
1087,0,train,1.2127563953399658,pdb_00006t3j_A_B
1088,0,train,0.2729845345020294,pdb_00009jkt_S1_S2
1089,0,train,0.8635449409484863,pdb_00008hws_H_L
1090,0,train,1.7143621444702148,pdb_00008tea_H_G
1091,0,train,1.5405246019363403,pdb_00007l0l_I_K
1092,0,train,1.0609925985336304,pdb_00008si9_K_L
1093,0,train,1.720327377319336,pdb_00007rco_D_C
1094,0,train,0.8958972692489624,pdb_00006ktr_A_B
1095,0,train,1.1173287630081177,pdb_00006ii4_H_L
1096,0,train,1.7142730951309204,pdb_00003bsz_H_L
1097,0,train,0.9854996800422668,pdb_00002itd_A_B
1098,0,train,1.4160712957382202,pdb_00009rio_H_L
1099,0,train,1.4657405614852905,pdb_00008ulf_H_L
1100,0,train,1.440659999847412,pdb_00006wm9_E_F
1101,0,train,1.9706511497497559,pdb_00009oi3_H_L
1102,0,train,1.4479531049728394,pdb_00006wn1_B_C
1103,0,train,1.664692759513855,pdb_00008uf7_B_A
1104,0,train,1.0234313011169434,pdb_00007u0g_N1_N2
1105,0,train,0.23023658990859985,pdb_00007t2h_E1_E2
1106,0,train,1.3819788694381714,pdb_00009og1_B_C
1107,0,train,1.8833731412887573,pdb_00007l7e_E_F
1108,0,train,1.0444955825805664,pdb_00007d85_E_F
1109,0,train,1.438054084777832,pdb_00008dv6_H_D
1110,0,train,1.2724515199661255,pdb_00001e6j_H_L
1111,0,train,0.8927642703056335,pdb_00007u0i_N1_N2
1112,0,train,0.46559789776802063,pdb_00008ejk_E1_E2
1113,0,train,1.9629110097885132,pdb_00009fyt_I_M
1114,0,train,0.08206295967102051,pdb_00008yyw_B1_B2
1115,0,train,0.7457798719406128,pdb_00007cvs_E_F
1116,0,train,0.09317847341299057,pdb_00009upu_S1_S2
1117,0,train,0.9465382695198059,pdb_00007u9v_E_F
1118,0,train,0.7201716899871826,pdb_00006dzt_N1_N2
1119,0,train,1.746683120727539,pdb_00003lh2_K_O
1120,0,train,1.3468165397644043,pdb_00007l0l_G_J
1121,0,train,0.07461831718683243,pdb_00008vy7_D1_D2
1122,0,train,1.9530162811279297,pdb_00004ubd_O_P
1123,0,train,0.06332273781299591,pdb_00009oxb_D1_D2
1124,0,train,1.2837109565734863,pdb_00003rif_J_M
1125,0,train,1.5127846002578735,pdb_00009bt5_E_F
1126,0,train,1.0432791709899902,pdb_00008hn7_B_A
1127,0,train,0.8174003958702087,pdb_00002boc_A_B
1128,0,train,0.32708168029785156,pdb_00007vie_E1_E2
1129,0,train,1.3643258810043335,pdb_00007xrz_B_A
1130,0,train,1.9204540252685547,pdb_00001fj1_D_C
1131,0,train,1.5920647382736206,pdb_00008vgk_K_L
1132,0,train,1.5093779563903809,pdb_00006xy2_H_L
1133,0,train,1.1617443561553955,pdb_00007jx3_H_L
1134,0,train,0.08927593380212784,pdb_00007d77_S1_S2
1135,0,train,0.07778306305408478,pdb_00008sai_S1_S2
1136,0,train,1.706133246421814,pdb_00008tpa_D_E
1137,0,train,0.98772794008255,pdb_00005ggv_H_L
1138,0,train,1.5316555500030518,pdb_00009js7_J_M
1139,0,train,1.625665307044983,pdb_00008f6l_A_B
1140,0,train,2.2645556926727295,pdb_00007mxl_A_B
1141,0,train,0.9934979677200317,pdb_00009n7q_H_L
1142,0,train,1.5026816129684448,pdb_00007wph_E_D
1143,0,train,1.006261944770813,pdb_00008f2j_A_B
1144,0,train,1.5984052419662476,pdb_00009jy3_R_Q
1145,0,train,0.9145665168762207,pdb_00007pry_A_B
1146,0,train,1.3836110830307007,pdb_00007pa7_ddd2_ddd1
1147,0,train,0.29889145493507385,pdb_00008yuu_S1_S2
1148,0,train,1.193603515625,pdb_00008vrn_K_L
1149,0,train,0.7693504691123962,pdb_00007nx8_H_L
1150,0,train,1.2821284532546997,pdb_00009ouq_H_L
1151,0,train,2.3232064247131348,pdb_00001n6q_H_L
1152,0,train,0.11092875152826309,pdb_00007ydh_E1_E2
1153,0,train,0.9705950617790222,pdb_00007tpd_E_F
1154,0,train,1.578098177909851,pdb_00007wro_H_L
1155,0,train,0.7270193696022034,pdb_00008iys_E1_E2
1156,0,train,1.2613145112991333,pdb_00006k5i_C_D
1157,0,train,1.6049282550811768,pdb_00007mzj_H_L
1158,0,train,0.9739261865615845,pdb_00007klh_I_M
1159,0,train,1.3776408433914185,pdb_00008tx3_H_L
1160,0,train,1.2577314376831055,pdb_00008dce_H1_H2
1161,0,train,1.395480990409851,pdb_00008gpu_C_D
1162,0,train,1.8783844709396362,pdb_00009oar_B_D
1163,0,train,1.49942946434021,pdb_00004yk4_C_B
1164,0,train,1.3032554388046265,pdb_00008gpy_E1_E2
1165,0,train,2.1004717350006104,pdb_00006zh9_HHH_LLL
1166,0,train,1.163221001625061,pdb_00006cyf_U_T
1167,0,train,0.957973837852478,pdb_00007pry_F_G
1168,0,train,1.0851670503616333,pdb_00005yoy_Q_N
1169,0,train,1.2424360513687134,pdb_00009ib1_H_L
1170,0,train,2.6363813877105713,pdb_00008edf_H_L
1171,0,train,1.2639141082763672,pdb_00005xku_C_B
1172,0,train,2.0814666748046875,pdb_00002x7l_J_K
1173,0,train,1.4581574201583862,pdb_00004tnw_W_f
1174,0,train,1.6703953742980957,pdb_00001ua6_H_L
1175,0,train,0.9515496492385864,pdb_00009dzg_H_L
1176,0,train,0.89124995470047,pdb_00007mzk_C_D
1177,0,train,2.035262107849121,pdb_00006h3u_H_L
1178,0,train,0.7513746023178101,pdb_00009iv6_S1_S2
1179,0,train,1.2275868654251099,pdb_00007lq7_T_U
1180,0,train,1.0734264850616455,pdb_00006xq2_C_B
1181,0,train,1.0179076194763184,pdb_00007d6i_B_C
1182,0,train,1.9716569185256958,pdb_00009oi3_I_J
1183,0,train,0.3618128299713135,pdb_00009vnz_E1_E2
1184,0,train,1.0846370458602905,pdb_00008wpy_H_L
1185,0,train,0.9638043642044067,pdb_00003iga_A_B
1186,0,train,1.5960016250610352,pdb_00006ii9_P_Q
1187,0,train,0.2315889596939087,pdb_00008jjp_S1_S2
1188,0,train,1.5718637704849243,pdb_00006ek2_H1_H2
1189,0,train,0.8935965895652771,pdb_00007ufh_E_F
1190,0,train,1.5575376749038696,pdb_00006wmw_M_N
1191,0,train,1.0607951879501343,pdb_00008bg3_A1_A2
1192,0,train,0.18916326761245728,pdb_00008z8a_S1_S2
1193,0,train,0.10499599575996399,pdb_00008jxt_E1_E2
1194,0,train,1.7123018503189087,pdb_00008suo_I_M
1195,0,train,0.08883737027645111,pdb_00009izf_S1_S2
1196,0,train,0.2294587343931198,pdb_00009iy8_S1_S2
1197,0,train,0.07095424085855484,pdb_00007yon_S1_S2
1198,0,train,1.0428919792175293,pdb_00008jkh_h_l
1199,0,train,0.08717437833547592,pdb_00008w8r_S1_S2
1200,0,train,2.190197467803955,pdb_00001j5o_H_L
1201,0,train,1.7701342105865479,pdb_00006yz7_BBB_CCC
1202,0,train,1.2011492252349854,pdb_00006w0a_A_B
1203,0,train,1.9355356693267822,pdb_00009mtk_I_J
1204,0,train,1.1651252508163452,pdb_00009ue0_A_B
1205,0,train,1.5074340105056763,pdb_00009bdi_H_L
1206,0,train,0.05565458908677101,pdb_00008h0p_E1_E2
1207,0,train,0.05800118297338486,pdb_00009jr2_S1_S2
1208,0,train,0.1041431576013565,pdb_00007wyb_E1_E2
1209,0,train,0.9206873178482056,pdb_00004zff_H_L
1210,0,train,1.2619742155075073,pdb_00008ihj_S1_S2
1211,0,train,0.0808030217885971,pdb_00008vy9_D1_D2
1212,0,train,0.8671959638595581,pdb_00006ad7_E_F
1213,0,train,1.5005077123641968,pdb_00007ttx_H_L
1214,0,train,1.3615857362747192,pdb_00003eo1_B_A
1215,0,train,2.0635671615600586,pdb_00003ri5_F_N
1216,0,train,1.2661532163619995,pdb_00002eks_B_A
1217,0,train,0.9086405038833618,pdb_000011oo_H_L
1218,0,train,0.4512362778186798,pdb_00008j21_B1_B2
1219,0,train,1.1020011901855469,pdb_00008dn7_A_B
1220,0,train,0.06551478058099747,pdb_00007rgp_E1_E2
1221,0,train,0.7634370923042297,pdb_00007kfw_F_G
1222,0,train,1.0939621925354004,pdb_00007xsc_D_H
1223,0,train,1.2900182008743286,pdb_00007vyr_H_L
1224,0,train,1.5642198324203491,pdb_00009riq_H_L
1225,0,train,1.1817715167999268,pdb_00004yk4_Z_Y
1226,0,train,0.9999343156814575,pdb_00008i0n_I_M
1227,0,train,1.3864611387252808,pdb_00005wko_I_J
1228,0,train,1.9542056322097778,pdb_00008zre_h_l
1229,0,train,1.266991376876831,pdb_00008w85_A_B
1230,0,train,0.4118365943431854,pdb_00008jxx_E1_E2
1231,0,train,1.0186020135879517,pdb_00007x63_H_L
1232,0,train,2.0175974369049072,pdb_00003rif_I_O
1233,0,train,2.160393238067627,pdb_00003mj9_H_L
1234,0,train,1.9115480184555054,pdb_00008tp5_E_F
1235,0,train,0.0592288076877594,pdb_00008kfx_S1_S2
1236,0,train,1.4710208177566528,pdb_00008too_H_E
1237,0,train,1.5411299467086792,pdb_00004hg4_V_W
1238,0,train,0.33412155508995056,pdb_00007yoo_S1_S2
1239,0,train,1.2875964641571045,pdb_00009bao_G_H
1240,0,train,2.2612903118133545,pdb_00009ml8_H_L
1241,0,train,0.0652819499373436,pdb_00009vmy_E1_E2
1242,0,train,0.22519750893115997,pdb_00007xav_E1_E2
1243,0,train,2.163856029510498,pdb_00008kep_H_L
1244,0,train,0.8911374807357788,pdb_00005xhv_P_Q
1245,0,train,1.3014174699783325,pdb_00002yss_B_A
1246,0,train,0.1914111226797104,pdb_00008thk_F1_F2
1247,0,train,1.779136300086975,pdb_00001kiq_B_A
1248,0,train,1.101784110069275,pdb_00007e3o_H_L
1249,0,train,1.4732125997543335,pdb_00007wph_H_L
1250,0,train,0.0704561099410057,pdb_00008xjk_E1_E2
1251,0,train,1.083342432975769,pdb_00008sps_K1_K2
1252,0,train,0.07049129903316498,pdb_00009kfk_S1_S2
1253,0,train,1.1272426843643188,pdb_00006x3s_J_I
1254,0,train,0.21761885285377502,pdb_00006crk_H1_H2
1255,0,train,0.2131144404411316,pdb_00007vif_E1_E2
1256,0,train,2.319502353668213,pdb_00005dfw_H1_H2
1257,0,train,1.3608318567276,pdb_00005ggt_H_L
1258,0,train,1.4037340879440308,pdb_00008rrn_H_L
1259,0,train,1.8530546426773071,pdb_00001fdl_H_L
1260,0,train,2.4290390014648438,pdb_00009leo_A_B
1261,0,train,1.5833649635314941,pdb_00008y3i_G_H
1262,0,train,1.6923108100891113,pdb_00009t5z_H_L
1263,0,train,1.2527414560317993,pdb_00008jkf_m_n
1264,0,train,0.16540782153606415,pdb_00007vkt_E1_E2
1265,0,train,1.080512285232544,pdb_00008jkh_M_N
1266,0,train,1.0846402645111084,pdb_00006x3z_J_I
1267,0,train,0.4936235249042511,pdb_00009ggg_S1_S2
1268,0,train,2.051316738128662,pdb_00002x7l_E_F
1269,0,train,2.390265464782715,pdb_00008tzn_G_H
1270,0,train,1.6125472784042358,pdb_00002vxq_H_L
1271,0,train,1.9087533950805664,pdb_00009ml8_E_F
1272,0,train,2.009720802307129,pdb_00003qwo_A_B
1273,0,train,0.0871490016579628,pdb_00008iu2_S1_S2
1274,0,train,1.1690188646316528,pdb_00008w86_A_B
1275,0,train,1.5953242778778076,pdb_00008p5m_G_L
1276,0,train,1.793854832649231,pdb_00009mth_M_N
1277,0,train,1.127319574356079,pdb_00009drx_K_L
1278,0,train,1.4057425260543823,pdb_00001uac_H_L
1279,0,train,1.1387250423431396,pdb_00007kmg_A_B
1280,0,train,1.8895394802093506,pdb_00006u9s_D_E
1281,0,train,1.8563929796218872,pdb_00005hbt_D_C
1282,0,train,1.020981788635254,pdb_00007cdj_H_L
1283,0,train,2.572460174560547,pdb_00008cdd_E_D
1284,0,train,0.9039813876152039,pdb_00006e0c_N1_N2
1285,0,train,1.60992431640625,pdb_00007zfb_H_L
1286,0,train,1.2233620882034302,pdb_00007rxj_H_L
1287,0,train,1.5246517658233643,pdb_00007m7b_H_L
1288,0,train,2.0920143127441406,pdb_00006d0u_K_L
1289,0,train,1.428517460823059,pdb_00007uvs_D_E
1290,0,train,1.4430524110794067,pdb_00001dqj_B_A
1291,0,train,1.8389071226119995,pdb_00009f90_A_B
1292,0,train,0.3372310698032379,pdb_00009kxs_H1_H2
1293,0,train,1.2806628942489624,pdb_00008vgm_E_F
1294,0,train,2.1807608604431152,pdb_00009e3l_G_H
1295,0,train,0.09603539109230042,pdb_00008kgg_E1_E2
1296,0,train,1.1454129219055176,pdb_00007sco_J_K
1297,0,train,1.190946102142334,pdb_00008f6x_E1_E2
1298,0,train,1.465423345565796,pdb_00006bpa_E_F
1299,0,train,1.323406457901001,pdb_00007ycn_C_D
1300,0,train,0.18931007385253906,pdb_00007t8x_E1_E2
1301,0,train,1.2871665954589844,pdb_00008ubj_N2_N1
1302,0,train,1.9362852573394775,pdb_00008sdh_H_L
1303,0,train,1.2429165840148926,pdb_00006wno_E_F
1304,0,train,1.3479199409484863,pdb_00007f15_B1_B2
1305,0,train,1.2314413785934448,pdb_00006ss4_HHH_LLL
1306,0,train,1.852810263633728,pdb_00007x2i_H_L
1307,0,train,1.7645955085754395,pdb_00007kqh_C_D
1308,0,train,0.7485540509223938,pdb_00002qr0_T_S
1309,0,train,0.09819529205560684,pdb_00008j6j_H1_H2
1310,0,train,1.095775842666626,pdb_00006vmk_o_n
1311,0,train,0.8488876223564148,pdb_00008x8l_E1_E2
1312,0,train,1.7670410871505737,pdb_00006jep_K_I
1313,0,train,0.9160128235816956,pdb_00008j8r_D_E
1314,0,train,0.6103642582893372,pdb_00008evh_N1_N2
1315,0,train,1.4327125549316406,pdb_00006fax_H_L
1316,0,train,2.1587717533111572,pdb_00009y41_H_L
1317,0,train,0.06692662090063095,pdb_00009jmd_E1_E2
1318,0,train,1.2869101762771606,pdb_00004qci_B_A
1319,0,train,0.2227163165807724,pdb_00008jpn_S1_S2
1320,0,train,0.8774552941322327,pdb_00007ek0_H_L
1321,0,train,1.3938740491867065,pdb_00008sdf_H_L
1322,0,train,0.15718618035316467,pdb_00008yn9_E1_E2
1323,0,train,1.05913507938385,pdb_00003u30_C_B
1324,0,train,1.6101558208465576,pdb_00007tbf_H_L
1325,0,train,0.7758171558380127,pdb_00008jel_C_D
1326,0,train,0.9818533062934875,pdb_00008jkf_M_N
1327,0,train,1.0167008638381958,pdb_00003fb6_A_B
1328,0,train,2.0416135787963867,pdb_00005gs0_D_C
1329,0,train,2.0556106567382812,pdb_00007y6l_H_L
1330,0,train,0.9189555644989014,pdb_00002exw_C_D
1331,0,train,0.06067706272006035,pdb_00009m8l_N1_N2
1332,0,train,1.2388077974319458,pdb_00005vig_H_L
1333,0,train,1.311237096786499,pdb_00009oun_H_L
1334,0,train,1.060176134109497,pdb_00002vdl_H_L
1335,0,train,1.3854527473449707,pdb_00007uxl_A_B
1336,0,train,0.3983144760131836,pdb_00007x9y_S1_S2
1337,0,train,0.9518272280693054,pdb_00007zf9_H_L
1338,0,train,1.4464937448501587,pdb_00007x2o_H_L
1339,0,train,1.738020658493042,pdb_00009l07_H_L
1340,0,train,1.0180764198303223,pdb_00006cyf_M_L
1341,0,train,0.07264691591262817,pdb_00008ic0_E1_E2
1342,0,train,0.770797610282898,pdb_00003fb5_A_B
1343,0,train,0.05615118891000748,pdb_00009l42_E1_E2
1344,0,train,1.5436985492706299,pdb_00008g5b_I_M
1345,0,train,0.9452747702598572,pdb_00006bah_B_A
1346,0,train,0.4050741195678711,pdb_00009j31_D1_D2
1347,0,train,0.9093056321144104,pdb_00006cw3_C_D
1348,0,train,1.879862666130066,pdb_00001g9n_H_L
1349,0,train,0.05900535359978676,pdb_00008y02_S1_S2
1350,0,train,0.05644169822335243,pdb_00008xqo_S1_S2
1351,0,train,1.4352056980133057,pdb_00009cu7_I_M
1352,0,train,1.016446590423584,pdb_00008ubl_M2_M1
1353,0,train,0.21283262968063354,pdb_00008hqe_H1_H2
1354,0,train,1.021561861038208,pdb_00006vmk_H_G
1355,0,train,1.744755744934082,pdb_00009nz3_D_C
1356,0,train,0.5842940211296082,pdb_00007e33_E1_E2
1357,0,train,2.745753049850464,pdb_00004xzu_E_F
1358,0,train,1.5388439893722534,pdb_00007zfc_A_B
1359,0,train,0.6283393502235413,pdb_00008wnp_B_A
1360,0,train,1.1527847051620483,pdb_00007wk0_A_B
1361,0,train,1.4530818462371826,pdb_00009nz3_F_E
1362,0,train,0.720810055732727,pdb_00002ht4_E_F
1363,0,train,0.056015197187662125,pdb_00007ew1_E1_E2
1364,0,train,0.7476229667663574,pdb_00003stz_A_B
1365,0,train,0.15349788963794708,pdb_00009jkv_S1_S2
1366,0,train,0.7010694146156311,pdb_00003or7_A_B
1367,0,train,1.05424165725708,pdb_00007zfe_M_N
1368,0,train,1.7816364765167236,pdb_00008ut2_J_I
1369,0,train,1.2855432033538818,pdb_00007y3o_H_L
1370,0,train,0.061804722994565964,pdb_00008yn5_E1_E2
1371,0,train,1.3890010118484497,pdb_00006u6u_H_L
1372,0,train,1.1703206300735474,pdb_00007jmw_H_L
1373,0,train,0.6971080899238586,pdb_00002qr0_X_W
1374,0,train,0.04423016682267189,pdb_00008jlk_S1_S2
1375,0,train,1.607550024986267,pdb_00009hhr_L_H
1376,0,train,1.0346263647079468,pdb_00009l6c_H_L
1377,0,train,1.4969896078109741,pdb_00002i9l_D_C
1378,0,train,1.7877553701400757,pdb_00006ivz_H_L
1379,0,train,0.9532448649406433,pdb_00007sk4_D_C
1380,0,train,1.7096396684646606,pdb_00001oak_H_L
1381,0,train,1.2955912351608276,pdb_00007lfa_H_L
1382,0,train,2.251939535140991,pdb_00006ban_F_E
1383,0,train,0.9785998463630676,pdb_00003nh7_I_M
1384,0,train,0.95671546459198,pdb_00006vmk_M_L
1385,0,train,2.1476900577545166,pdb_00008go8_I_M
1386,0,train,2.4714579582214355,pdb_00004i3r_H_L
1387,0,train,1.3521782159805298,pdb_00004okv_A_B
1388,0,train,0.9460327625274658,pdb_00008vfx_N2_N1
1389,0,train,1.1780283451080322,pdb_00008w83_M_N
1390,0,train,1.1403188705444336,pdb_00007t87_H_L
1391,0,train,1.2103217840194702,pdb_00009cq4_H_L
1392,0,train,0.7455840110778809,pdb_00008elp_H_L
1393,0,train,0.15791572630405426,pdb_00007xxh_H1_H2
1394,0,train,0.9066970944404602,pdb_00003t3m_E_F
1395,0,train,0.28400999307632446,pdb_00008k9k_H1_H2
1396,0,train,1.739837884902954,pdb_00009rik_H_L
1397,0,train,1.3665823936462402,pdb_00007unb_H_L
1398,0,train,0.8634142279624939,pdb_00008ihb_S1_S2
1399,0,train,0.7839425802230835,pdb_00009oj4_B_A
1400,0,train,0.740039050579071,pdb_00007udg_E_F
1401,0,train,1.729335904121399,pdb_00006vvu_G_I
1402,0,train,2.098278522491455,pdb_00001iqd_B_A
1403,0,train,0.8937075138092041,pdb_00007zfe_J_K
1404,0,train,1.243632197380066,pdb_00009our_J_K
1405,0,train,0.15142473578453064,pdb_00008z9p_S1_S2
1406,0,train,1.9916366338729858,pdb_00005dhx_B2_B1
1407,0,train,1.4337310791015625,pdb_00007zmk_S_T
1408,0,train,1.5667442083358765,pdb_00001fsk_C_B
1409,0,train,0.10193486511707306,pdb_00008y45_S1_S2
1410,0,train,0.1198277622461319,pdb_00008yn2_E1_E2
1411,0,train,1.5172040462493896,pdb_00009zqa_J2_J1
1412,0,train,1.3257660865783691,pdb_00009nz5_F_E
1413,0,train,2.217827796936035,pdb_00008hrd_L_M
1414,0,train,1.6052788496017456,pdb_00008rrn_C_D
1415,0,train,0.07996492087841034,pdb_00009bqj_E1_E2
1416,0,train,1.1251593828201294,pdb_00009udq_F_A
1417,0,train,1.2235280275344849,pdb_00007qf1_C_B
1418,0,train,2.064875364303589,pdb_00008dwo_U_V
1419,0,train,0.7778858542442322,pdb_00004ttd_H_L
1420,0,train,0.746086061000824,pdb_00007tho_E_F
1421,0,train,0.14344921708106995,pdb_00008xx6_S1_S2
1422,0,train,1.1541008949279785,pdb_00006wzl_A_B
1423,0,train,0.6976748704910278,pdb_00008evg_N1_N2
1424,0,train,1.2624733448028564,pdb_00006adc_C_D
1425,0,train,1.3856804370880127,pdb_00008bcz_H_L
1426,0,train,1.1758226156234741,pdb_00008tbb_H_L
1427,0,train,1.3840391635894775,pdb_00007c81_H_L
1428,0,train,2.593979597091675,pdb_00009y3x_H_L
1429,0,train,0.5119719505310059,pdb_00008zps_E1_E2
1430,0,train,2.139277696609497,pdb_00001t03_H_L
1431,0,train,1.695520043373108,pdb_00004lvh_E_F
1432,0,train,1.8300788402557373,pdb_00008zre_H_L
1433,0,train,1.3622452020645142,pdb_00007zfc_H_L
1434,0,train,0.9317640066146851,pdb_00008bcz_E_F
1435,0,train,0.10648387670516968,pdb_00009oxa_D1_D2
1436,0,train,1.168695330619812,pdb_00006w0g_A_B
1437,0,train,0.08757612854242325,pdb_00007ts0_H1_H2
1438,0,train,0.7431058287620544,pdb_00002qr0_H_G
1439,0,train,1.9452639818191528,pdb_00007lop_W_V
1440,0,train,1.0496402978897095,pdb_00006k5f_C_D
1441,0,train,1.8122193813323975,pdb_00009huo_C_D
1442,0,train,1.3019022941589355,pdb_00005wko_E_F
1443,0,train,0.06218240037560463,pdb_00008xqs_S1_S2
1444,0,train,1.698376178741455,pdb_00003hfm_H_L
1445,0,train,1.4520812034606934,pdb_00005wk3_S_R
1446,0,train,2.028526782989502,pdb_00003h3b_C2_C1
1447,0,train,0.8922871947288513,pdb_00009lbs_D_C
1448,0,train,1.737823486328125,pdb_00008bbo_H_L
1449,0,train,1.5859572887420654,pdb_00005aaw_F1_F2
1450,0,train,0.7104097008705139,pdb_00004tsb_H_L
1451,0,train,1.5047699213027954,pdb_00006yor_H_L
1452,0,train,1.4129321575164795,pdb_00006z2m_B_C
1453,0,train,1.4306882619857788,pdb_00008ut2_H_G
1454,0,train,0.14610832929611206,pdb_00008wwk_E1_E2
1455,0,train,0.849749743938446,pdb_00007k61_M2_M1
1456,0,train,1.494398832321167,pdb_00007wvl_H_L
1457,0,train,2.2279882431030273,pdb_00009xsx_B_C
1458,0,train,1.8764848709106445,pdb_00009cds_E_D
1459,0,train,1.404982328414917,pdb_00009j4c_H_L
1460,0,train,0.6957982778549194,pdb_00006k5i_E_F
1461,0,train,1.2140851020812988,pdb_00007lfa_B_D
1462,0,train,1.388326644897461,pdb_00005ugy_H_L
1463,0,train,1.2629048824310303,pdb_00008zh7_E_F
1464,0,train,0.9393600821495056,pdb_00008bg2_A1_A2
1465,0,train,1.6614054441452026,pdb_00007n0a_B_A
1466,0,train,0.13156941533088684,pdb_00008thl_F1_F2
1467,0,train,1.8802069425582886,pdb_00006oel_H_L
1468,0,train,0.10631415992975235,pdb_00008f7q_E1_E2
1469,0,train,1.126691460609436,pdb_00005aaw_K1_K2
1470,0,train,1.9735345840454102,pdb_00008p12_H_L
1471,0,train,1.4870809316635132,pdb_00008fdo_A_B
1472,0,train,1.1635171175003052,pdb_00009n8j_F_G
1473,0,train,1.1801254749298096,pdb_00006x3w_J_I
1474,0,train,0.056107472628355026,pdb_00009buy_E1_E2
1475,0,train,0.07434680312871933,pdb_00008hoc_S1_S2
1476,0,train,1.3710556030273438,pdb_00006yor_B_C
1477,0,train,1.093934178352356,pdb_00007m42_D_C
1478,0,train,0.05602259188890457,pdb_00008z3m_S1_S2
1479,0,train,0.9571356773376465,pdb_00008dd2_J_I
1480,0,train,1.2507615089416504,pdb_00007pa7_nnn2_nnn1
1481,0,train,0.9897989630699158,pdb_00001dee_D_C
1482,0,train,0.9821304082870483,pdb_00009lae_A_B
1483,0,train,1.1213029623031616,pdb_00007sco_E_F
1484,0,train,1.5118839740753174,pdb_00009ma7_D_E
1485,0,train,0.17261925339698792,pdb_00007jhj_D1_D2
1486,0,train,0.0948229730129242,pdb_00006kpg_S1_S2
1487,0,train,1.6696912050247192,pdb_00008bcz_A_B
1488,0,train,0.8213580250740051,pdb_00002bob_A_B
1489,0,train,1.5044420957565308,pdb_00008jqm_H_L
1490,0,train,1.8631566762924194,pdb_00002x7l_G_I
1491,0,train,0.05184687301516533,pdb_00009kpe_S1_S2
1492,0,train,0.07429653406143188,pdb_00009v2n_S1_S2
1493,0,train,1.6658744812011719,pdb_00008w5l_H_L
1494,0,train,1.0410683155059814,pdb_00007wur_G_H
1495,0,train,1.1329820156097412,pdb_00007jum_I1_I2
1496,0,train,1.429327368736267,pdb_00007scn_H_L
1497,0,train,0.9283707141876221,pdb_00007f7h_A_B
1498,0,train,1.834961175918579,pdb_00006xm2_F_E
1499,0,train,1.0478832721710205,pdb_00007vyr_A_B
1500,0,train,2.109405279159546,pdb_00006s3d_A_B
1501,0,train,1.3599931001663208,pdb_00007ttm_H_L
1502,0,train,1.3124370574951172,pdb_00009nz4_F_E
1503,0,train,0.9141088724136353,pdb_00006cyf_D_C
1504,0,train,0.06497620046138763,pdb_00007ew3_S1_S2
1505,0,train,1.3899657726287842,pdb_00004dkf_I_M
1506,0,train,0.8392947316169739,pdb_00007uh8_E_F
1507,0,train,1.6485930681228638,pdb_00008tea_F_I
1508,0,train,0.0458645261824131,pdb_00008kfz_S1_S2
1509,0,train,0.9343300461769104,pdb_00003dvn_H_L
1510,0,train,0.8113375306129456,pdb_00002r0l_H_L
1511,0,train,1.0985984802246094,pdb_00008sxp_H_L
1512,0,train,0.7247639298439026,pdb_00003zdx_E_F
1513,0,train,1.0187112092971802,pdb_00006w0j_A_B
1514,0,train,1.253410816192627,pdb_00007ebz_E_F
1515,0,train,1.3259930610656738,pdb_00006ogx_H_L
1516,0,train,0.1671486794948578,pdb_00007jvr_E1_E2
1517,0,train,1.427721619606018,pdb_00009c0v_H_L
1518,0,train,0.08097299188375473,pdb_00008jln_S1_S2
1519,0,train,0.7152338624000549,pdb_00008tft_I_M
1520,0,train,1.442444086074829,pdb_00006p4a_H_L
1521,0,train,0.5929104685783386,pdb_00007ucy_E_F
1522,0,train,1.524858832359314,pdb_00003lqa_H_L
1523,0,train,1.3976820707321167,pdb_00009mqa_H_L
1524,0,train,0.8312295079231262,pdb_00005u5f_B_A
1525,0,train,1.451825499534607,pdb_00009cu7_H_L
1526,0,train,2.097123861312866,pdb_00008erq_H_L
1527,0,train,1.849198579788208,pdb_00009wai_E_F
1528,0,train,2.276057720184326,pdb_00006s3d_E_F
1529,0,train,2.0552475452423096,pdb_00008hpu_H_L
1530,0,train,1.9433302879333496,pdb_00006xq0_B_C
1531,0,train,1.8643057346343994,pdb_00006aru_C_B
1532,0,train,1.5145779848098755,pdb_00009k6y_H_L
1533,0,train,0.07470496743917465,pdb_00008yn7_E1_E2
1534,0,train,1.8292193412780762,pdb_00007t82_D_C
1535,0,train,1.371829628944397,pdb_00007dm1_F_E
1536,0,train,2.0593442916870117,pdb_00008v2e_A_B
1537,0,train,1.053910255432129,pdb_00008oz3_H_L
1538,0,train,1.4606852531433105,pdb_00009q7b_L_M
1539,0,train,0.8595737814903259,pdb_00008vrn_J_I
1540,0,train,0.9642590284347534,pdb_00006vmk_Z_Y
1541,0,train,1.638305425643921,pdb_00007m7w_E_F
1542,0,train,1.5397735834121704,pdb_00009mqd_I_M
1543,0,train,1.342659592628479,pdb_00008jqn_h_l
1544,0,train,1.3208873271942139,pdb_00008khr_H_L
1545,0,train,1.4192938804626465,pdb_00006ek2_I1_I2
1546,0,train,1.1426609754562378,pdb_00007bbj_M_N
1547,0,train,1.1619716882705688,pdb_00008e2u_H_L
1548,0,train,2.3428869247436523,pdb_00008z6t_B_C
1549,0,train,0.07171034812927246,pdb_00007vdl_S1_S2
1550,0,train,1.5797773599624634,pdb_00007sbd_H_L
1551,0,train,0.5816293954849243,pdb_00007tct_E_F
1552,0,train,2.3318309783935547,pdb_00007uij_A_B
1553,0,train,0.0610436350107193,pdb_00007vgz_F1_F2
1554,0,train,0.06776116788387299,pdb_000021ag_S1_S2
1555,0,train,0.05612444505095482,pdb_00008j18_S1_S2
1556,0,train,1.5944597721099854,pdb_00009e3k_H_L
1557,0,train,0.1582956612110138,pdb_00007xau_E1_E2
1558,0,train,1.437487006187439,pdb_00006z2m_H_L
1559,0,train,0.8665000796318054,pdb_00007ch5_H_L
1560,0,train,1.4044071435928345,pdb_00007scn_J_K
1561,0,train,1.616471290588379,pdb_00008zyf_H_D
1562,0,train,0.985319972038269,pdb_00008jkf_h_l
1563,0,train,0.7677012085914612,pdb_00008dww_X_W
1564,0,train,0.0416332446038723,pdb_00008xxv_E1_E2
1565,0,train,1.4684468507766724,pdb_00008dis_H_L
1566,0,train,1.007284164428711,pdb_00007lq7_y_z
1567,0,train,0.564860463142395,pdb_00009v1h_E1_E2
1568,0,train,0.10579287260770798,pdb_00009iza_S1_S2
1569,0,train,0.4804450273513794,pdb_00007udh_E_F
1570,0,train,1.370916485786438,pdb_00001c08_B_A
1571,0,train,1.2246928215026855,pdb_00009iz9_Q_R
1572,0,train,1.668084740638733,pdb_00005gs0_F_E
1573,0,train,1.000990629196167,pdb_00008sit_H_L
1574,0,train,1.1528213024139404,pdb_00009oum_H_L
1575,0,train,0.04523877054452896,pdb_00009vje_E1_E2
1576,0,train,1.5789906978607178,pdb_00007uvq_C_B
1577,0,train,1.6869105100631714,pdb_00009lae_H_L
1578,0,train,1.1011906862258911,pdb_00009u5q_B_C
1579,0,train,1.556132435798645,pdb_00009xth_B_C
1580,0,train,1.448956847190857,pdb_00009n4e_O_R
1581,0,train,0.10639956593513489,pdb_00007wq3_S1_S2
1582,0,train,0.945747971534729,pdb_00007kmg_D_E
1583,0,train,1.2219624519348145,pdb_00006hxw_H_L
1584,0,train,1.6219550371170044,pdb_00006k7o_D_E
1585,0,train,1.1053125858306885,pdb_00005d1z_B_A
1586,0,train,1.3304685354232788,pdb_00009b82_H_L
1587,0,train,1.1634347438812256,pdb_00002dqd_H_L
1588,0,train,0.07771890610456467,pdb_00009jfy_S1_S2
1589,0,train,1.4228265285491943,pdb_00009zq9_J2_J1
1590,0,train,1.0274455547332764,pdb_00006dkj_A_B
1591,0,train,1.8804094791412354,pdb_00005a3i_G_H
1592,0,train,0.49404627084732056,pdb_00007ukp_E_F
1593,0,train,0.8549644351005554,pdb_00007keo_E_F
1594,0,train,1.4624097347259521,pdb_00007pry_H_L
1595,0,train,1.304262399673462,pdb_00009vfu_E_F
1596,0,train,1.2559036016464233,pdb_00003fku_Z1_Z2
1597,0,train,1.620521068572998,pdb_00001kip_B_A
1598,0,train,0.09275759756565094,pdb_00008yh0_S1_S2
1599,0,train,1.3644914627075195,pdb_00007ycn_K_L
1600,0,train,1.4082270860671997,pdb_00006a3w_A_B
1601,0,train,2.477997303009033,pdb_00008zd5_H_I
1602,0,train,0.8724687695503235,pdb_00001za3_B_A
1603,0,train,1.632068395614624,pdb_00008w5h_H_L
1604,0,train,0.18616145849227905,pdb_00008u1u_E1_E2
1605,0,train,0.6970900893211365,pdb_00004tsc_H_L
1606,0,train,0.06803984940052032,pdb_00009vj5_E1_E2
1607,0,train,1.0540848970413208,pdb_00003a6b_H_L
1608,0,train,1.3531372547149658,pdb_00006wm9_B_C
1609,0,train,0.965958297252655,pdb_00002jix_F_A
1610,0,train,1.265265703201294,pdb_00004lvh_H_I
1611,0,train,1.3695906400680542,pdb_00009cia_D_C
1612,0,train,0.05047278851270676,pdb_00009ik9_E1_E2
1613,0,train,0.5081652998924255,pdb_00007l8p_E_F
1614,0,train,2.026747703552246,pdb_00008hrd_W_X
1615,0,train,1.233102560043335,pdb_00007rxl_C_D
1616,0,train,0.05434030666947365,pdb_00007vgy_E1_E2
1617,0,train,1.3675912618637085,pdb_00008vgk_H_G
1618,0,train,0.8364559412002563,pdb_00002fee_J_O
1619,0,train,0.04234364628791809,pdb_00009izh_S1_S2
1620,0,train,0.6523783802986145,pdb_00007yxu_H_L
1621,0,train,0.06180373206734657,pdb_00008y73_E1_E2
1622,0,train,1.3551958799362183,pdb_00007u9e_H1_H2
1623,0,train,1.4541666507720947,pdb_00001fsk_I_H
1624,0,train,1.7293003797531128,pdb_00001orq_B_A
1625,0,train,1.0693626403808594,pdb_00008vqy_K_L
1626,0,train,0.9549638628959656,pdb_00009j9z_H_L
1627,0,train,1.1086393594741821,pdb_00001ndm_B_A
1628,0,train,1.3268269300460815,pdb_00004hj0_P_Q
1629,0,train,0.052381448447704315,pdb_00009vmn_S1_S2
1630,0,train,0.7161270976066589,pdb_00008spu_N1_N2
1631,0,train,0.3355908989906311,pdb_00007w0p_S1_S2
1632,0,train,1.186995029449463,pdb_00007tbf_D_E
1633,0,train,1.406067132949829,pdb_00009mkn_J_N
1634,0,train,0.09412448108196259,pdb_00007rkx_D1_D2
1635,0,train,1.32062566280365,pdb_00007zfb_C_D
1636,0,train,0.7530427575111389,pdb_00006rp8_H_L
1637,0,train,0.8159759640693665,pdb_00007chc_H_L
1638,0,train,0.07669246196746826,pdb_00009m1o_S1_S2
1639,0,train,1.8463294506072998,pdb_00008e8r_H_L
1640,0,train,1.3837019205093384,pdb_00004qci_H_L
1641,0,train,1.6733720302581787,pdb_00009lrh_H_L
1642,0,train,1.156044363975525,pdb_00003rhw_H_L
1643,0,train,0.6134620308876038,pdb_00008spu_K1_K2
1644,0,train,0.04672118276357651,pdb_00009w49_S1_S2
1645,0,train,1.0072957277297974,pdb_00008ywx_E_D
1646,0,train,1.1371830701828003,pdb_00001z3g_I_M
1647,0,train,0.11008062213659286,pdb_00008y6w_D1_D2
1648,0,train,1.8083513975143433,pdb_00003ri5_I_O
1649,0,train,1.1511201858520508,pdb_00001dzb_A1_A2
1650,0,train,0.1070595532655716,pdb_00008y0n_S1_S2
1651,0,train,0.8429024815559387,pdb_00002atk_A_B
1652,0,train,1.3668932914733887,pdb_00008y3k_I_J
1653,0,train,0.6390340328216553,pdb_00008ubl_N2_N1
1654,0,train,0.046971000730991364,pdb_00007wv9_S1_S2
1655,0,train,0.062079522758722305,pdb_00008jlr_S1_S2
1656,0,train,0.6005163788795471,pdb_00008ubi_N2_N1
1657,0,train,0.5996841788291931,pdb_00007k5y_N2_N1
1658,0,train,0.7166898250579834,pdb_00007pqy_B_C
1659,0,train,0.6299352645874023,pdb_00002htk_C_D
1660,0,train,0.6314030885696411,pdb_00006txz_I_M
1661,0,train,0.8799655437469482,pdb_00002fjh_H_L
1662,0,train,0.6486478447914124,pdb_00006j6y_E_F
1663,0,train,0.35943177342414856,pdb_00008syp_N1_N2
1664,0,train,1.0494219064712524,pdb_00004tnw_F_N
1665,0,train,0.2385936975479126,pdb_00009ejz_H1_H2
1666,0,train,2.3693466186523438,pdb_00008v2e_D_E
1667,0,train,0.795863151550293,pdb_00006x40_J_I
1668,0,train,0.04640071466565132,pdb_00007y64_S1_S2
1669,0,train,0.9656816720962524,pdb_00006iap_H_L
1670,0,train,0.0820746123790741,pdb_00008sg1_E1_E2
1671,0,train,1.2092444896697998,pdb_00008ol9_B_A
1672,0,train,0.03763397037982941,pdb_00007s8l_E1_E2
1673,0,train,0.9366709589958191,pdb_00007m71_H_L
1674,0,train,0.615492045879364,pdb_00006ada_E_F
1675,0,train,0.9650682806968689,pdb_00003c09_H_L
1676,0,train,1.4612704515457153,pdb_00001g7m_B_A
1677,0,train,1.234389066696167,pdb_00007cmk_H_L
1678,0,train,0.7244586944580078,pdb_00008dww_H_L
1679,0,train,1.5424253940582275,pdb_00007xcz_B_C
1680,0,train,2.292504072189331,pdb_00009mla_G_J
1681,0,train,1.2715500593185425,pdb_00009npg_A_B
1682,0,train,0.06656842678785324,pdb_00008f7r_E1_E2
1683,0,train,1.2201275825500488,pdb_00009iw2_H_L
1684,0,train,0.8580725193023682,pdb_00001j1x_H_L
1685,0,train,1.8978078365325928,pdb_00008dwy_V_U
1686,0,train,0.4531508684158325,pdb_00008evi_N1_N2
1687,0,train,0.05827036499977112,pdb_00008y71_E1_E2
1688,0,train,0.043778110295534134,pdb_00006lfo_S1_S2
1689,0,train,1.020013451576233,pdb_00009jeb_C1_C2
1690,0,train,2.114330530166626,pdb_00008hpf_H_L
1691,0,train,0.04314194619655609,pdb_00008vvf_E1_E2
1692,0,train,0.6763119101524353,pdb_00008w8b_E1_E2
1693,0,train,1.3199039697647095,pdb_00008ulf_I_M
1694,0,train,0.7948454022407532,pdb_00009n7q_E_G
1695,0,train,1.386243462562561,pdb_00009mqd_H_L
1696,0,train,0.8308955430984497,pdb_00006x3v_J_I
1697,0,train,1.8935573101043701,pdb_00009mtg_H_L
1698,0,train,1.0894395112991333,pdb_00006wzm_A_B
1699,0,train,1.5182493925094604,pdb_00007vgr_F_E
1700,0,train,1.8039064407348633,pdb_00009l8z_C_B
1701,0,train,1.319090485572815,pdb_00007w71_H_L
1702,0,train,0.48816245794296265,pdb_00006k5f_E_F
1703,0,train,0.2072746306657791,pdb_00007vih_E1_E2
1704,0,train,1.1907957792282104,pdb_00009b82_P_O
1705,0,train,1.6394538879394531,pdb_00005y11_A_B
1706,0,train,0.5911860466003418,pdb_00007mjl_H_L
1707,0,train,1.3601192235946655,pdb_00006ejg_D2_D1
1708,0,train,1.6191588640213013,pdb_00007r8u_HHH_LLL
1709,0,train,0.12461356818675995,pdb_00008eit_E1_E2
1710,0,train,1.2557638883590698,pdb_00009ctu_D_C
1711,0,train,1.2265938520431519,pdb_00009q71_K_L
1712,0,train,0.13723625242710114,pdb_00008jei_S1_S2
1713,0,train,0.6811221241950989,pdb_00008jen_G_H
1714,0,train,2.158677101135254,pdb_00008jeo_B_C
1715,0,train,1.58250093460083,pdb_00007l5j_W_L
1716,0,train,1.3640310764312744,pdb_00008dis_B_G
1717,0,train,0.8580663204193115,pdb_00009cpu_F_G
1718,0,train,0.04735976830124855,pdb_00009k3k_S1_S2
1719,0,train,1.3041011095046997,pdb_00008ut2_L_K
1720,0,train,0.39494144916534424,pdb_00002exy_C_D
1721,0,train,0.11481060087680817,pdb_00009bsb_E1_E2
1722,0,train,1.3555021286010742,pdb_00007yru_H_L
1723,0,train,0.8912698030471802,pdb_00008bg3_C1_C2
1724,0,train,1.210753321647644,pdb_00006zlr_FFF_GGG
1725,0,train,1.5038172006607056,pdb_00009cpp_H_L
1726,0,train,0.8291735649108887,pdb_00005j9p_A_B
1727,0,train,0.14840519428253174,pdb_00009vif_S1_S2
1728,0,train,0.8055626153945923,pdb_00007cvs_C_D
1729,0,train,1.5322949886322021,pdb_00008gb5_I_H
1730,0,train,1.3212014436721802,pdb_00007zmk_M_N
1731,0,train,1.1639306545257568,pdb_00004ag4_H_L
1732,0,train,0.047450993210077286,pdb_00007yae_S1_S2
1733,0,train,1.2121307849884033,pdb_00007yrh_F_E
1734,0,train,1.3020998239517212,pdb_00009cq7_H_I
1735,0,train,1.2665327787399292,pdb_00004gxu_Q_R
1736,0,train,0.053963933140039444,pdb_00009kvh_E1_E2
1737,0,train,1.3746793270111084,pdb_00009cpv_H_L
1738,0,train,0.048852939158678055,pdb_00008xbe_S1_S2
1739,0,train,1.7024149894714355,pdb_00007k9i_H_L
1740,0,train,0.04389631375670433,pdb_00008y01_S1_S2
1741,0,train,0.052025675773620605,pdb_00007vl9_S1_S2
1742,0,train,1.0835225582122803,pdb_00007mzn_H_L
1743,0,train,1.8938592672348022,pdb_00005w3o_D_E
1744,0,train,0.05595193803310394,pdb_00008f7x_E1_E2
1745,0,train,1.2837666273117065,pdb_00008u4s_B_A
1746,0,train,1.0951324701309204,pdb_00003sob_H_L
1747,0,train,0.7414787411689758,pdb_00002vdk_H_L
1748,0,train,0.8821020722389221,pdb_00005yoy_H_E
1749,0,train,1.435385823249817,pdb_00009cfh_H_L
1750,0,train,1.1822853088378906,pdb_00009q71_I_J
1751,0,train,0.39925846457481384,pdb_00009x3z_S1_S2
1752,0,train,0.16816824674606323,pdb_00009d0a_E1_E2
1753,0,train,2.187202215194702,pdb_00009fys_I_M
1754,0,train,0.04011401906609535,pdb_00007vl8_S1_S2
1755,0,train,1.4951090812683105,pdb_00008w5n_H_L
1756,0,train,0.0458650179207325,pdb_00008y62_E1_E2
1757,0,train,1.2105177640914917,pdb_00008ee8_D_C
1758,0,train,0.5724267959594727,pdb_00008sps_N1_N2
1759,0,train,1.8781324625015259,pdb_00007yd1_A_B
1760,0,train,1.5124160051345825,pdb_00008tpa_H_L
1761,0,train,1.0199097394943237,pdb_00009zqb_J2_J1
1762,0,train,0.0877174362540245,pdb_00007sqo_E1_E2
1763,0,train,0.21847763657569885,pdb_00008fx5_H1_H2
1764,0,train,0.18290546536445618,pdb_00009vmg_S1_S2
1765,0,train,0.22644221782684326,pdb_00008wwj_E1_E2
1766,0,train,0.9711836576461792,pdb_00004tnw_Y_g
1767,0,train,0.7344546914100647,pdb_00005u6a_B_A
1768,0,train,1.252698540687561,pdb_00005wko_A_B
1769,0,train,1.3006788492202759,pdb_00006vvu_E_F
1770,0,train,0.6456467509269714,pdb_00008jen_A_B
1771,0,train,1.9634517431259155,pdb_00008vte_D_C
1772,0,train,0.05583146587014198,pdb_00007eo4_E1_E2
1773,0,train,1.0889984369277954,pdb_00008f6x_D1_D2
1774,0,train,0.8537529110908508,pdb_00006vmk_S_R
1775,0,train,0.04611939191818237,pdb_00007vuz_S1_S2
1776,0,train,0.06191683188080788,pdb_00008k4n_E1_E2
1777,0,train,1.1120117902755737,pdb_00001mlc_B_A
1778,0,train,0.039982229471206665,pdb_00008yyx_A1_A2
1779,0,train,1.14641535282135,pdb_00008zh7_B_C
1780,0,train,2.501274824142456,pdb_00001jrh_H_L
1781,0,train,0.17176353931427002,pdb_00006xbm_S1_S2
1782,0,train,1.1535078287124634,pdb_00007zmk_B_C
1783,0,train,0.03576080873608589,pdb_00008k6o_S1_S2
1784,0,train,1.5834946632385254,pdb_00007c88_H_L
1785,0,train,1.7998710870742798,pdb_00007bsd_A_B
1786,0,train,1.2449688911437988,pdb_00007det_B1_B2
1787,0,train,1.5498520135879517,pdb_00008sis_H_L
1788,0,train,1.1683344841003418,pdb_00007xda_B_C
1789,0,train,0.9398065805435181,pdb_00007dk2_D_E
1790,0,train,1.6448925733566284,pdb_00001rzk_H_L
1791,0,train,1.0665521621704102,pdb_00008ihi_S1_S2
1792,0,train,1.1613789796829224,pdb_00008ulf_J_N
1793,0,train,1.3077069520950317,pdb_00001fsk_L_K
1794,0,train,0.03998058661818504,pdb_00007ew0_E1_E2
1795,0,train,1.4492276906967163,pdb_00008v5v_c_e
1796,0,train,1.3722331523895264,pdb_00008gpu_H_L
1797,0,train,1.0283395051956177,pdb_00006w0h_A_B
1798,0,train,1.529802918434143,pdb_00008zdw_U_R
1799,0,train,0.13208340108394623,pdb_00009izd_S1_S2
1800,0,train,0.4132985770702362,pdb_00001otu_C_D
1801,0,train,0.14608784019947052,pdb_00007t96_E1_E2
1802,0,train,1.2524502277374268,pdb_00007fcp_H_L
1803,0,train,1.550257921218872,pdb_00002ybr_A_B
1804,0,train,1.6714776754379272,pdb_00005umi_A_B
1805,0,train,0.04762711375951767,pdb_00008guq_S1_S2
1806,0,train,1.003296971321106,pdb_00009nz5_B_C
1807,0,train,1.0569219589233398,pdb_00009ima_C_D
1808,0,train,0.12554320693016052,pdb_00007wig_S1_S2
1809,0,train,0.8611705303192139,pdb_00009zqb_I2_I1
1810,0,train,2.304072380065918,pdb_00009me6_J_N
1811,0,train,0.8244351148605347,pdb_00007x1m_C_D
1812,0,train,0.12061019241809845,pdb_00008hqn_H1_H2
1813,0,train,0.03929190710186958,pdb_00008jlj_S1_S2
1814,0,train,1.660183072090149,pdb_00009oi3_M_N
1815,0,train,0.04433756694197655,pdb_00008xqt_S1_S2
1816,0,train,0.7538225650787354,pdb_00008jel_I_K
1817,0,train,0.038613032549619675,pdb_00007t10_S1_S2
1818,0,train,0.6642974615097046,pdb_00008i5h_H_L
1819,0,train,1.2540923357009888,pdb_00005vqm_D_C
1820,0,train,1.450165867805481,pdb_00009gwt_H_L
1821,0,train,0.03973593935370445,pdb_00009uam_E1_E2
1822,0,train,1.513215184211731,pdb_00009ci8_B_A
1823,0,train,0.6114733815193176,pdb_00003t3p_E_F
1824,0,train,0.10532906651496887,pdb_00008xx3_S1_S2
1825,0,train,1.2908098697662354,pdb_00009mqa_I_M
1826,0,train,0.03755687549710274,pdb_00007y1f_E1_E2
1827,0,train,0.06256376206874847,pdb_00007rg9_E1_E2
1828,0,train,0.03323587402701378,pdb_00009cm3_N1_N2
1829,0,train,1.4542981386184692,pdb_00006wtv_B_C
1830,0,train,0.4921211898326874,pdb_00002vdp_H_L
1831,0,train,1.3722532987594604,pdb_00009iru_B_A
1832,0,train,1.555883526802063,pdb_00009os5_H_K
1833,0,train,0.7664133310317993,pdb_00007nx7_H_L
1834,0,train,1.9545522928237915,pdb_00006d0u_E_F
1835,0,train,0.10115446150302887,pdb_00008yn6_E1_E2
1836,0,train,0.8633278012275696,pdb_00008wpy_C_D
1837,0,train,1.291915774345398,pdb_00005ugy_I_M
1838,0,train,0.09462042897939682,pdb_000022es_E1_E2
1839,0,train,1.4376771450042725,pdb_00007m7w_A_B
1840,0,train,1.4847667217254639,pdb_00007pa7_eee2_eee1
1841,0,train,1.708471417427063,pdb_00007bsc_H_L
1842,0,train,1.8100922107696533,pdb_00009quw_D_C
1843,0,train,0.8963331580162048,pdb_00007ws2_E_D
1844,0,train,1.320418357849121,pdb_00006z3p_H_L
1845,0,train,0.0693042129278183,pdb_00007w2z_S1_S2
1846,0,train,1.2441517114639282,pdb_00002dqf_E_D
1847,0,train,0.08598651736974716,pdb_00007xbd_E1_E2
1848,0,train,1.5553109645843506,pdb_00004fqj_H_L
1849,0,train,1.3641709089279175,pdb_00006ww5_E_F
1850,0,train,1.2955434322357178,pdb_00008gpu_F_G
1851,0,train,0.03495718911290169,pdb_00009uan_E1_E2
1852,0,train,0.4421157240867615,pdb_00004z7n_E_F
1853,0,train,1.870375394821167,pdb_00009jub_B_C
1854,0,train,1.3690218925476074,pdb_00005h35_H_I
1855,0,train,0.6998926401138306,pdb_00005u5m_B_A
1856,0,train,0.09145253896713257,pdb_00009ns9_N1_N2
1857,0,train,0.09964949637651443,pdb_00007yfc_C1_C2
1858,0,train,1.9372955560684204,pdb_00001tqc_B_C
1859,0,train,0.10680948942899704,pdb_00008ied_N1_N2
1860,0,train,0.8247930407524109,pdb_00007ws7_G_F
1861,0,train,1.45539391040802,pdb_00009azv_H_L
1862,0,train,1.6522034406661987,pdb_00004kuc_F_E
1863,0,train,1.3836373090744019,pdb_00007m7w_C_D
1864,0,train,0.029936334118247032,pdb_00008vvg_E1_E2
1865,0,train,0.3217298686504364,pdb_00003t3m_H_L
1866,0,train,0.5567854642868042,pdb_00008u9s_N2_N1
1867,0,train,1.1630512475967407,pdb_00008dxt_H_L
1868,0,train,0.9490388631820679,pdb_00008zbb_H_L
1869,0,train,2.41509747505188,pdb_00005i9q_B_C
1870,0,train,1.1049060821533203,pdb_00007rxl_H_L
1871,0,train,1.1135090589523315,pdb_00008v5v_b_d
1872,0,train,0.8239798545837402,pdb_00003fb8_A_B
1873,0,train,0.53224116563797,pdb_00002h2s_C_D
1874,0,train,0.6728857159614563,pdb_00006ii8_G_I
1875,0,train,1.2267214059829712,pdb_00008too_G_F
1876,0,train,0.9493510723114014,pdb_00007wur_E_F
1877,0,train,1.2452611923217773,pdb_00006woz_K_L
1878,0,train,0.10053011029958725,pdb_00008zcj_E1_E2
1879,0,train,1.3123910427093506,pdb_00007x3c_H_L
1880,0,train,1.1702399253845215,pdb_00005h35_F_G
1881,0,train,1.1327645778656006,pdb_00005vqm_H_L
1882,0,train,1.3384596109390259,pdb_00005ggs_A_B
1883,0,train,1.7307531833648682,pdb_00006xm2_D_C
1884,0,train,1.0164463520050049,pdb_00002fjh_B_A
1885,0,train,1.5808663368225098,pdb_00008gs9_H_K
1886,0,train,0.984298586845398,pdb_00008wpw_C_D
1887,0,train,0.05380214378237724,pdb_00009kfj_S1_S2
1888,0,train,2.251302719116211,pdb_00006osh_H_L
1889,0,train,1.4192603826522827,pdb_00007wqv_L1_L2
1890,0,train,0.036539651453495026,pdb_00008yky_S1_S2
1891,0,train,0.06361598521471024,pdb_00009m55_S1_S2
1892,0,train,1.0817511081695557,pdb_00008cxg_h_l
1893,0,train,1.2178664207458496,pdb_00008jio_C_B
1894,0,train,1.637640357017517,pdb_00008kdr_H_L
1895,0,train,1.1749526262283325,pdb_00009mkn_H_L
1896,0,train,0.051460593938827515,pdb_00008ef5_E1_E2
1897,0,train,1.49643075466156,pdb_00007cqd_I_M
1898,0,train,0.44032150506973267,pdb_00003nig_E_F
1899,0,train,0.6869074106216431,pdb_00002hjf_A_B
1900,0,train,1.2073513269424438,pdb_00006zlr_HHH_LLL
1901,0,train,1.441633939743042,pdb_00005e94_D_C
1902,0,train,0.04810269549489021,pdb_00008fn0_E1_E2
1903,0,train,1.5982081890106201,pdb_00006wtu_K_L
1904,0,train,0.8972706198692322,pdb_00008sgo_K_L
1905,0,train,0.9829434156417847,pdb_00008y0y_D1_D4
1906,0,train,1.0731143951416016,pdb_00007dk0_A_B
1907,0,train,0.5086164474487305,pdb_00008j20_B1_B2
1908,0,train,0.7258756756782532,pdb_00009cpv_C_D
1909,0,train,0.4269041121006012,pdb_00002htk_E_F
1910,0,train,0.04511873796582222,pdb_00007tuz_E1_E2
1911,0,train,1.6412171125411987,pdb_00008tnt_G_F
1912,0,train,0.8741235733032227,pdb_00008j1q_B_A
1913,0,train,0.04299696162343025,pdb_00008irt_E1_E2
1914,0,train,1.1145826578140259,pdb_00002vwe_E_C
1915,0,train,1.289212942123413,pdb_00006jhs_E_D
1916,0,train,0.6423882842063904,pdb_00006x3x_K_L
1917,0,train,2.1285598278045654,pdb_00005tfw_H_L
1918,0,train,0.7353262305259705,pdb_00007qnx_H_L
1919,0,train,0.5527366995811462,pdb_00007s0b_A_B
1920,0,train,1.0955522060394287,pdb_00006b3s_J_K
1921,0,train,1.316544771194458,pdb_00009f91_A_B
1922,0,train,1.1608184576034546,pdb_00004gxu_S_T
1923,0,train,1.387316346168518,pdb_00001g7h_B_A
1924,0,train,0.08163231611251831,pdb_00008hs3_S1_S2
1925,0,train,0.17331340909004211,pdb_00007y89_S1_S2
1926,0,train,0.14423607289791107,pdb_00008xgs_D1_D2
1927,0,train,0.8925832509994507,pdb_00006vmk_l_k
1928,0,train,1.2721984386444092,pdb_00007zfb_A_B
1929,0,train,1.2193167209625244,pdb_00001nby_B_A
1930,0,train,0.91302090883255,pdb_00005nhr_H_L
1931,0,train,0.07931210100650787,pdb_00008wrb_E1_E2
1932,0,train,1.281886100769043,pdb_00008vgh_K_L
1933,0,train,0.20042508840560913,pdb_00007t94_E1_E2
1934,0,train,0.4219760000705719,pdb_00002htl_C_D
1935,0,train,0.07056848704814911,pdb_00007vv3_S1_S2
1936,0,train,1.535483956336975,pdb_00007lop_B_C
1937,0,train,0.03748499974608421,pdb_00008xzh_S1_S2
1938,0,train,0.8207020163536072,pdb_00005x8m_B_C
1939,0,train,1.029923439025879,pdb_00008as2_H_L
1940,0,train,0.06432840973138809,pdb_00008xxh_S1_S2
1941,0,train,1.9896546602249146,pdb_00009leo_C_D
1942,0,train,0.6569160223007202,pdb_00008evh_M1_M2
1943,0,train,0.13894717395305634,pdb_00006oij_H1_H2
1944,0,train,1.2360713481903076,pdb_00009cpw_H_L
1945,0,train,1.2674949169158936,pdb_00003qum_K_M
1946,0,train,1.1767226457595825,pdb_00008w83_E_F
1947,0,train,0.04020291566848755,pdb_00008hsc_S1_S2
1948,0,train,1.5135136842727661,pdb_00007s0x_C_D
1949,0,train,1.6038880348205566,pdb_00008e8y_H_L
1950,0,train,1.5984967947006226,pdb_00009dn2_I_M
1951,0,train,0.7478079795837402,pdb_00007wnb_H_L
1952,0,train,1.8751260042190552,pdb_00009mkn_O_P
1953,0,train,1.6694704294204712,pdb_00008ezk_H1_H2
1954,0,train,0.7039872407913208,pdb_00007klg_I_M
1955,0,train,1.4366816282272339,pdb_00006suz_H_L
1956,0,train,0.8666171431541443,pdb_00007dk2_J_K
1957,0,train,1.6134051084518433,pdb_00008jin_B2_B1
1958,0,train,0.8547532558441162,pdb_00006x3t_K_L
1959,0,train,0.9021073579788208,pdb_00003b2u_N_O
1960,0,train,1.780236840248108,pdb_00009ptm_I_M
1961,0,train,1.8152492046356201,pdb_00002x7l_C_D
1962,0,train,1.2730798721313477,pdb_00007m3i_H_L
1963,0,train,1.3784096240997314,pdb_00003rhw_I_O
1964,0,train,1.1498818397521973,pdb_00007x93_E_F
1965,0,train,0.5165336728096008,pdb_00002ht3_C_D
1966,0,train,1.2001454830169678,pdb_00009ue8_E_F
1967,0,train,1.2101680040359497,pdb_00008el2_H_L
1968,0,train,1.5634492635726929,pdb_00005mo9_H_L
1969,0,train,0.323469877243042,pdb_00009vo1_E1_E2
1970,0,train,1.198441505432129,pdb_00003wkm_H_L
1971,0,train,1.6218026876449585,pdb_00009h4s_X_Y
1972,0,train,0.5246332883834839,pdb_00008ubk_N2_N1
1973,0,train,0.8934527039527893,pdb_00009n4f_O_P
1974,0,train,0.07873565703630447,pdb_00008j6i_H1_H2
1975,0,train,1.1802431344985962,pdb_00008sdf_B_C
1976,0,train,0.09078409522771835,pdb_00007l1u_H1_H2
1977,0,train,1.1558494567871094,pdb_00001fsk_F_E
1978,0,train,0.05340542271733284,pdb_00009jeq_S1_S2
1979,0,train,2.0905721187591553,pdb_00009cps_H_L
1980,0,train,0.3661181926727295,pdb_00006adb_E_F
1981,0,train,0.039763763546943665,pdb_00009ldx_S1_S2
1982,0,train,0.8631256818771362,pdb_00007xik_H_L
1983,0,train,1.3911709785461426,pdb_00008cii_A_B
1984,0,train,0.039671868085861206,pdb_00008jlq_S1_S2
1985,0,train,2.136047840118408,pdb_00008zd6_E_F
1986,0,train,0.03219638019800186,pdb_00008j19_S1_S2
1987,0,train,1.3568795919418335,pdb_00004n90_H_I
1988,0,train,1.2983413934707642,pdb_00009b82_R_Q
1989,0,train,1.875708818435669,pdb_00006ddv_B_A
1990,0,train,0.03524519130587578,pdb_00009k3l_S1_S2
1991,0,train,1.318062424659729,pdb_00005jz7_H_L
1992,0,train,0.041508808732032776,pdb_00008gag_S1_S2
1993,0,train,1.6339619159698486,pdb_00006mtq_H_L
1994,0,train,0.9974725842475891,pdb_00003a6c_H_L
1995,0,train,0.04660205543041229,pdb_00007y24_S1_S2
1996,0,train,1.7718474864959717,pdb_00007bsd_H_L
1997,0,train,0.14135102927684784,pdb_00007dfl_C1_C2
1998,0,train,0.7672476768493652,pdb_00009n4f_M_N
1999,0,train,1.0493813753128052,pdb_00005kvf_H_L
2000,0,train,0.02983136661350727,pdb_00006wwz_S1_S2
2001,0,train,0.546772301197052,pdb_00008as0_N_M
2002,0,train,0.057131413370370865,pdb_00009ko4_H1_H2
2003,0,train,0.8528227806091309,pdb_00006vmk_V_U
2004,0,train,0.12691551446914673,pdb_00009kt8_E1_E2
2005,0,train,0.027166038751602173,pdb_00009vjg_E1_E2
2006,0,train,0.7286884188652039,pdb_00001ic5_H_L
2007,0,train,1.0971957445144653,pdb_00006uig_H_L
2008,0,train,0.43035560846328735,pdb_00003nid_E_F
2009,0,train,1.808825135231018,pdb_00007s11_H_L
2010,0,train,2.10725474357605,pdb_00003klh_D_C
2011,0,train,1.4675838947296143,pdb_00007b0b_H_L
2012,0,train,0.03358389809727669,pdb_00008zh8_S1_S2
2013,0,train,0.09793095290660858,pdb_00009xhi_D1_D2
2014,0,train,1.0174599885940552,pdb_00008tui_H_L
2015,0,train,0.9626340270042419,pdb_00008f2j_H_L
2016,0,train,1.1975855827331543,pdb_00006vvu_J_K
2017,0,train,2.207165241241455,pdb_00004ki5_C_D
2018,0,train,1.8543308973312378,pdb_00008jeo_E_F
2019,0,train,0.03528014197945595,pdb_00007y12_S1_S2
2020,0,train,0.8394380807876587,pdb_00005yoy_I_F
2021,0,train,1.235040545463562,pdb_00004l5f_H_L
2022,0,train,1.3329368829727173,pdb_00009bdh_H_L
2023,0,train,0.3633367121219635,pdb_00002vdm_H_L
2024,0,train,0.7495067119598389,pdb_00007yck_C_D
2025,0,train,1.6674529314041138,pdb_00002zck_H_L
2026,0,train,1.4783836603164673,pdb_00007xda_D_E
2027,0,train,0.06987962126731873,pdb_00007p02_H1_H2
2028,0,train,0.9482447504997253,pdb_00002vwe_L_J
2029,0,train,1.1378527879714966,pdb_00006hjp_K_L
2030,0,train,1.261334776878357,pdb_00009npg_D_E
2031,0,train,0.037436433136463165,pdb_00006xox_E1_E2
2032,0,train,0.8058565855026245,pdb_00002dqh_H_L
2033,0,train,1.0603625774383545,pdb_00001kb5_H_L
2034,0,train,0.7307557463645935,pdb_00008f2j_D_F
2035,0,train,0.039270929992198944,pdb_00007na8_N1_N2
2036,0,train,1.1497477293014526,pdb_00004al8_H_L
2037,0,train,0.5120283961296082,pdb_00007u0j_K1_K2
2038,0,train,0.02904677204787731,pdb_00008g59_S1_S2
2039,0,train,0.6717382073402405,pdb_00006x40_K_L
2040,0,train,0.8450927138328552,pdb_00008xsj_H_L
2041,0,train,0.04880291223526001,pdb_00008y72_E1_E2
2042,0,train,1.0380043983459473,pdb_00007x6o_C_D
2043,0,train,1.9702883958816528,pdb_00005ldn_H_L
2044,0,train,0.8000118732452393,pdb_00008xse_H_L
2045,0,train,0.062279995530843735,pdb_00008yn4_E1_E2
2046,0,train,0.060968492180109024,pdb_00008hqm_H1_H2
2047,0,train,0.8275953531265259,pdb_00009zqc_I2_I1
2048,0,train,0.04821707680821419,pdb_00008t3s_N1_N2
2049,0,train,0.027039753273129463,pdb_00007s8n_E1_E2
2050,0,train,0.39918333292007446,pdb_00006ad8_E_F
2051,0,train,0.9015535712242126,pdb_00009pw4_C_D
2052,0,train,0.02488069050014019,pdb_00008k4s_D1_D2
2053,0,train,0.022943295538425446,pdb_00007f9z_E1_E2
2054,0,train,1.1877542734146118,pdb_00009lho_O_N
2055,0,train,1.2572799921035767,pdb_00004odx_H_B
2056,0,train,2.212163209915161,pdb_00007yvf_C_A
2057,0,train,0.03423536941409111,pdb_00008utd_D1_D2
2058,0,train,1.2561097145080566,pdb_00006ejg_C2_C1
2059,0,train,0.1424071043729782,pdb_00008irs_E1_E2
2060,0,train,0.24690793454647064,pdb_00006k5a_E_F
2061,0,train,1.0207487344741821,pdb_00008ywe_B2_B1
2062,0,train,0.9883140325546265,pdb_00008jqn_H_L
2063,0,train,1.1316637992858887,pdb_00001vfb_B_A
2064,0,train,1.0349258184432983,pdb_00007dfa_H_L
2065,0,train,0.09576134383678436,pdb_00007ew7_E1_E2
2066,0,train,1.8267316818237305,pdb_00008zd5_E_F
2067,0,train,1.3950973749160767,pdb_00009hh9_E_D
2068,0,train,1.8426907062530518,pdb_00005d1z_F_E
2069,0,train,0.9647436141967773,pdb_00009nz4_D_C
2070,0,train,0.08624691516160965,pdb_00008h8j_H1_H2
2071,0,train,0.8398090600967407,pdb_00008ihh_S1_S2
2072,0,train,1.6689859628677368,pdb_00001eo8_H_L
2073,0,train,0.5438703894615173,pdb_00008zd1_S1_S2
2074,0,train,2.3447296619415283,pdb_00006wtv_K_L
2075,0,train,1.29465913772583,pdb_00007bnv_H_L
2076,0,train,0.2719711661338806,pdb_00001otu_E_F
2077,0,train,1.8196194171905518,pdb_00009ivj_H_L
2078,0,train,1.3528562784194946,pdb_00008vgj_K_L
2079,0,train,1.8921387195587158,pdb_00003c09_C_B
2080,0,train,0.8062134981155396,pdb_00006vmk_K_J
2081,0,train,1.3809055089950562,pdb_00004hjj_H2_L2
2082,0,train,0.07617980241775513,pdb_00009yda_H1_H2
2083,0,train,0.040497519075870514,pdb_00009u4w_S1_S2
2084,0,train,0.7991039752960205,pdb_00008smt_H_L
2085,0,train,0.18899387121200562,pdb_00004fg6_C_D
2086,0,train,1.0423920154571533,pdb_00007x1m_H_L
2087,0,train,0.7395098805427551,pdb_00007kfw_C_D
2088,0,train,1.087101697921753,pdb_00007xj9_G_F
2089,0,train,0.17509271204471588,pdb_00001ott_E_F
2090,0,train,1.5564627647399902,pdb_00005x8l_S_N
2091,0,train,1.93632972240448,pdb_00009mth_I_J
2092,0,train,1.319364309310913,pdb_00004d9r_H_L
2093,0,train,1.638797402381897,pdb_00009e3l_I_J
2094,0,train,1.376753568649292,pdb_00009yyu_J_N
2095,0,train,2.0032870769500732,pdb_00008rmx_B_C
2096,0,train,0.8837847113609314,pdb_00003nh7_H_L
2097,0,train,1.3071945905685425,pdb_00007rku_G_I
2098,0,train,0.9662134647369385,pdb_00007kf0_H_L
2099,0,train,1.408806562423706,pdb_00008tzw_H_L
2100,0,train,1.6579562425613403,pdb_00004u6h_A_B
2101,0,train,1.466961145401001,pdb_00006k7o_F_G
2102,0,train,0.9193906784057617,pdb_00008w2e_F_E
2103,0,train,1.7528592348098755,pdb_00007rxp_H_L
2104,0,train,0.657498300075531,pdb_00008wo4_B_A
2105,0,train,1.5103801488876343,pdb_00009quw_F_E
2106,0,train,0.06143342703580856,pdb_00006os9_D1_D2
2107,0,train,0.7260718941688538,pdb_00008y0y_E3_E2
2108,0,train,1.59584641456604,pdb_00009fys_B_C
2109,0,train,0.044407859444618225,pdb_00009ydu_E1_E2
2110,0,train,1.1143494844436646,pdb_00008cn9_B_A
2111,0,train,1.0784870386123657,pdb_00001z3g_H_L
2112,0,train,0.22536659240722656,pdb_00002ht3_E_F
2113,0,train,0.6086400151252747,pdb_00002qr0_L_K
2114,0,train,0.028544822707772255,pdb_00007eo2_E1_E2
2115,0,train,1.1032683849334717,pdb_00008ebp_H_L
2116,0,train,1.332281470298767,pdb_00009kve_A_B
2117,0,train,1.6746399402618408,pdb_00007ezv_M_N
2118,0,train,1.200286865234375,pdb_00008bg5_A1_A2
2119,0,train,1.6249969005584717,pdb_00007si0_C_D
2120,0,train,1.3225876092910767,pdb_00001yqv_H_L
2121,0,train,0.13331928849220276,pdb_00007vla_S1_S2
2122,0,train,0.8132754564285278,pdb_00008i0n_H_L
2123,0,train,1.432266116142273,pdb_00006ii9_M_N
2124,0,train,1.5635154247283936,pdb_00007rk1_C1_C2
2125,0,train,1.177675724029541,pdb_00008y3h_I_J
2126,0,train,0.05121395364403725,pdb_00006omm_E1_E2
2127,0,train,1.0120550394058228,pdb_00009cpu_H_L
2128,0,train,1.1614351272583008,pdb_00008dcc_H_L
2129,0,train,1.0169860124588013,pdb_00009ixa_H_L
2130,0,train,0.527172327041626,pdb_00002vc2_H_L
2131,0,train,1.0389690399169922,pdb_00004oii_H_L
2132,0,train,0.5430173277854919,pdb_00008as0_W_V
2133,0,train,1.175127625465393,pdb_00007qnx_A_B
2134,0,train,0.1824452430009842,pdb_00008xqe_S1_S2
2135,0,train,1.0795522928237915,pdb_00007f3q_H_L
2136,0,train,1.0593096017837524,pdb_00004ma7_H_L
2137,0,train,0.02908117137849331,pdb_00008jgg_S1_S2
2138,0,train,2.05094051361084,pdb_00008dwy_X_W
2139,0,train,0.19777551293373108,pdb_00007cvt_E_F
2140,0,train,1.4777387380599976,pdb_00001bvk_E_D
2141,0,train,1.0856136083602905,pdb_00008kdt_H_L
2142,0,train,1.3058027029037476,pdb_00008dwx_H_L
2143,0,train,0.14108040928840637,pdb_00009ge2_F1_F2
2144,0,train,0.15977221727371216,pdb_00002h2p_E_F
2145,0,train,1.206908106803894,pdb_00007y3n_C_D
2146,0,train,0.8674357533454895,pdb_00007mxl_H_L
2147,0,train,1.4427365064620972,pdb_00007wcr_a_b
2148,0,train,1.232104778289795,pdb_00001p2c_E_D
2149,0,train,0.1608300805091858,pdb_00007kh0_S1_S2
2150,0,train,0.6886028051376343,pdb_00006vmk_r_q
2151,0,train,1.3587749004364014,pdb_00006a4k_H_L
2152,0,train,0.9807153344154358,pdb_00003eoa_H_L
2153,0,train,1.2683944702148438,pdb_00007ycn_H_I
2154,0,train,1.8167411088943481,pdb_00005c0n_C_D
2155,0,train,1.0742665529251099,pdb_00009ue8_U_V
2156,0,train,0.07157512754201889,pdb_00008g05_E1_E2
2157,0,train,1.0247390270233154,pdb_00009irs_S_T
2158,0,train,1.778393268585205,pdb_00005dhy_H_L
2159,0,train,1.6086543798446655,pdb_00007ean_H_L
2160,0,train,1.1410458087921143,pdb_00005xmh_D_C
2161,0,train,0.6384026408195496,pdb_00008ihf_S1_S2
2162,0,train,1.014017939567566,pdb_00008y3k_G_H
2163,0,train,0.7853213548660278,pdb_00007k60_N2_N1
2164,0,train,2.456183910369873,pdb_00004hf5_H_L
2165,0,train,1.3336001634597778,pdb_00007s0x_H_L
2166,0,train,1.2147828340530396,pdb_00007rxi_H_L
2167,0,train,1.0278671979904175,pdb_00007ucq_K1_K2
2168,0,train,0.5204519629478455,pdb_00006txz_K_O
2169,0,train,0.12568756937980652,pdb_00007p00_H1_H2
2170,0,train,1.838582158088684,pdb_00008s72_H_L
2171,0,train,0.5493883490562439,pdb_00003nig_H_L
2172,0,train,1.6290125846862793,pdb_00009h4r_H_L
2173,0,train,0.06077946722507477,pdb_00008xqp_S1_S2
2174,0,train,0.9531739950180054,pdb_00009exa_F_E
2175,0,train,1.7036354541778564,pdb_00009ci8_D_C
2176,0,train,0.053468700498342514,pdb_00009v6o_S1_S2
2177,0,train,0.13031020760536194,pdb_00009kt7_E1_E2
2178,0,train,0.7393796443939209,pdb_00001j1o_H_L
2179,0,train,0.05823550000786781,pdb_00008tb0_F1_F2
2180,0,train,1.9917175769805908,pdb_00009me7_J_N
2181,0,train,0.07253968715667725,pdb_00008yna_E1_E2
2182,0,train,0.8542240262031555,pdb_00007mzh_H_L
2183,0,train,1.4463149309158325,pdb_00006n5d_L_N
2184,0,train,0.40790238976478577,pdb_00007xk2_S1_S2
2185,0,train,1.008762240409851,pdb_00007ley_G_F
2186,0,train,0.5518695116043091,pdb_00002qr0_B_A
2187,0,train,0.8974896669387817,pdb_00008y31_D_C
2188,0,train,1.274523138999939,pdb_00008uzp_H_L
2189,0,train,1.4631363153457642,pdb_00001xgt_B_A
2190,0,train,1.137816071510315,pdb_00007uvi_A_B
2191,0,train,0.08080004155635834,pdb_00008xjm_E1_E2
2192,0,train,0.7979772090911865,pdb_00007zf9_A_B
2193,0,train,1.6702326536178589,pdb_00008ag1_H_L
2194,0,train,1.216139793395996,pdb_00007deu_B1_B2
2195,0,train,1.1022173166275024,pdb_00007wrv_U_V
2196,0,train,1.2009626626968384,pdb_00005jz7_G_I
2197,0,train,0.5436609983444214,pdb_00008ubi_M2_M1
2198,0,train,0.5838744640350342,pdb_00008elo_H_L
2199,0,train,1.2463204860687256,pdb_00008hrd_G_H
2200,0,train,0.8464637994766235,pdb_00004lcu_A_B
2201,0,train,1.3222798109054565,pdb_00006uig_B_C
2202,0,train,1.1270135641098022,pdb_00009b82_N_M
2203,0,train,1.4224884510040283,pdb_00009hi4_A_B
2204,0,train,0.09174611419439316,pdb_00009b54_S1_S2
2205,0,train,1.000921368598938,pdb_00008txu_E_J
2206,0,train,1.9975318908691406,pdb_00009mla_I_L
2207,0,train,1.2679667472839355,pdb_00009q5v_K_J
2208,0,train,1.482647180557251,pdb_00008khd_H_J
2209,0,train,0.4814588725566864,pdb_00002vdr_H_L
2210,0,train,0.918182909488678,pdb_00009lsi_C1_D2
2211,0,train,0.8397267460823059,pdb_00006kyz_E_F
2212,0,train,0.7882862687110901,pdb_00007dpm_A_B
2213,0,train,0.6799835562705994,pdb_00005x8l_H_M
2214,0,train,0.09251642227172852,pdb_00008jsr_C1_C2
2215,0,train,1.9065659046173096,pdb_00008rmy_B_C
2216,0,train,0.7551062703132629,pdb_00008i5l_D1_D2
2217,0,train,1.3024060726165771,pdb_00001p2c_B_A
2218,0,train,0.059426937252283096,pdb_00008hcq_E1_E2
2219,0,train,0.6468861103057861,pdb_00008id9_S1_S2
2220,0,train,1.6837292909622192,pdb_00007lg6_C_D
2221,0,train,1.1818476915359497,pdb_00001bql_H_L
2222,0,train,1.3434183597564697,pdb_00009me5_H_L
2223,0,train,0.03314681351184845,pdb_00009jh6_S1_S2
2224,0,train,0.9667771458625793,pdb_00008f6x_F1_F2
2225,0,train,1.3441059589385986,pdb_00007y0w_A_B
2226,0,train,0.04423694312572479,pdb_00008jgb_S1_S2
2227,0,train,1.5069684982299805,pdb_00008eed_I_J
2228,0,train,0.06484443694353104,pdb_00009ast_E1_E2
2229,0,train,1.391113519668579,pdb_00007kq7_H_L
2230,0,train,1.2824844121932983,pdb_00007mzj_N_M
2231,0,train,0.9565792679786682,pdb_00005jz7_C_D
2232,0,train,1.2546536922454834,pdb_00008g5b_H_L
2233,0,train,1.0042381286621094,pdb_00003vrl_E_F
2234,0,train,1.2319023609161377,pdb_00006a4k_I_M
2235,0,train,0.029989736154675484,pdb_00007x10_E1_E2
2236,0,train,0.9983540773391724,pdb_00006vgr_C_D
2237,0,train,1.3783296346664429,pdb_00008e8s_H_L
2238,0,train,0.0341557115316391,pdb_00007s8p_E1_E2
2239,0,train,0.9109812378883362,pdb_00003vrl_H_L
2240,0,train,1.6422303915023804,pdb_00009kyz_A_B
2241,0,train,0.033238496631383896,pdb_00008kfy_S1_S2
2242,0,train,1.489302396774292,pdb_00009lp1_A_B
2243,0,train,0.11632976680994034,pdb_00008i7v_E1_E2
2244,0,train,1.0243916511535645,pdb_00009iz9_M_N
2245,0,train,1.1137019395828247,pdb_00007m3i_A_B
2246,0,train,0.8343530893325806,pdb_00008smt_I_J
2247,0,train,1.01651132106781,pdb_00009kve_E_G
2248,0,train,0.06885743886232376,pdb_00009j0i_S1_S2
2249,0,train,1.0913294553756714,pdb_00009oun_J_K
2250,0,train,1.5180115699768066,pdb_00008k5g_H_L
2251,0,train,1.0592150688171387,pdb_00006adb_C_D
2252,0,train,1.7588990926742554,pdb_00009rir_H_L
2253,0,train,1.3449914455413818,pdb_00009b2m_H_L
2254,0,train,1.3571096658706665,pdb_00009dn2_H_L
2255,0,train,0.06316319853067398,pdb_00006xbk_S1_S2
2256,0,train,0.7062118649482727,pdb_00007kfw_H_L
2257,0,train,0.8106147050857544,pdb_00008tnt_E_D
2258,0,train,0.051682692021131516,pdb_00008k6n_S1_S2
2259,0,train,0.04748604819178581,pdb_00008hvi_H1_H2
2260,0,train,0.905604898929596,pdb_00007bbj_H_L
2261,0,train,0.8811418414115906,pdb_00003nh7_K_O
2262,0,train,0.9997064471244812,pdb_00007lq7_H_L
2263,0,train,0.038828909397125244,pdb_00008zqe_S1_S2
2264,0,train,1.35355806350708,pdb_00008ezk_I1_I2
2265,0,train,1.7276479005813599,pdb_00007x3e_H_L
2266,0,train,1.1336138248443604,pdb_00006n5d_E_F
2267,0,train,0.9438285231590271,pdb_00008jkf_H_L
2268,0,train,1.1990810632705688,pdb_00007m7w_H_L
2269,0,train,0.9915978312492371,pdb_00004tnw_U_h
2270,0,train,1.247461199760437,pdb_00003d9a_H_L
2271,0,train,1.2050443887710571,pdb_00009od3_H_L
2272,0,train,1.8651673793792725,pdb_00009mtl_M_N
2273,0,train,0.05489384010434151,pdb_00008gus_S1_S2
2274,0,train,0.19088397920131683,pdb_00007ej8_H1_H2
2275,0,train,1.8397489786148071,pdb_00003lzf_H_L
2276,0,train,0.5718736052513123,pdb_00007ukt_E_F
2277,0,train,2.3331820964813232,pdb_00006uyn_H_L
2278,0,train,1.2268736362457275,pdb_00009hhr_D_G
2279,0,train,0.6357526779174805,pdb_00007u0i_K1_K2
2280,0,train,1.4821823835372925,pdb_00005x8l_G_L
2281,0,train,0.9858788847923279,pdb_00007djz_A_B
2282,0,train,1.2046204805374146,pdb_00006plk_I_M
2283,0,train,1.1902447938919067,pdb_00001xgp_B_A
2284,0,train,0.9682716131210327,pdb_00007ley_D_E
2285,0,train,0.7498944997787476,pdb_00008f2j_I_J
2286,0,train,1.3872852325439453,pdb_00009bdi_C_D
2287,0,train,1.221975564956665,pdb_00009cct_C_B
2288,0,train,1.5155225992202759,pdb_00009hub_I_M
2289,0,train,0.8033722043037415,pdb_00007dk2_A_B
2290,0,train,1.1284772157669067,pdb_00006woz_H_I
2291,0,train,1.4095120429992676,pdb_00008eeu_H_L
2292,0,train,0.09425172954797745,pdb_00008yn8_E1_E2
2293,0,train,1.1760059595108032,pdb_00003v4v_M_N
2294,0,train,1.609479546546936,pdb_00004g3y_H_L
2295,0,train,1.3497601747512817,pdb_00007upb_B_E
2296,0,train,1.5391764640808105,pdb_00006mlm_E_I
2297,0,train,0.8365318179130554,pdb_00007eam_H_L
2298,0,train,1.4609375,pdb_00007rk2_C1_C2
2299,0,train,0.6967840790748596,pdb_00006txz_J_N
2300,0,train,1.297945261001587,pdb_00007shy_K_L
2301,0,train,1.2902427911758423,pdb_00008vgi_J_I
2302,0,train,0.0509069487452507,pdb_00007w57_E1_E2
2303,0,train,0.09105850011110306,pdb_00007ykd_S1_S2
2304,0,train,0.5399294495582581,pdb_00003ejy_E_F
2305,0,train,0.04985886812210083,pdb_00008jd6_D1_D2
2306,0,train,1.3473931550979614,pdb_00008d9y_H_G
2307,0,train,0.9582141041755676,pdb_00004hg4_R_S
2308,0,train,1.497711420059204,pdb_00006jep_H_L
2309,0,train,1.2547253370285034,pdb_00005aam_B1_B2
2310,0,train,2.349877119064331,pdb_00009e3h_H_L
2311,0,train,0.9746142029762268,pdb_00007ubs_H1_H2
2312,0,train,0.04707152768969536,pdb_00007ezh_H1_H2
2313,0,train,1.1311006546020508,pdb_00006n5d_C_D
2314,0,train,1.0870745182037354,pdb_00009vhz_A_B
2315,0,train,0.5931283831596375,pdb_00008u9s_M2_M1
2316,0,train,0.03864729031920433,pdb_00009jlc_S1_S2
2317,0,train,1.128233551979065,pdb_00001xiw_H_G
2318,0,train,0.9433630108833313,pdb_00009irs_H_L
2319,0,train,0.726493239402771,pdb_00007e9b_H_L
2320,0,train,0.8463484048843384,pdb_00003ri5_H_L
2321,0,train,0.03567114099860191,pdb_00008zpt_E1_E2
2322,0,train,1.6835486888885498,pdb_00006xq0_E_F
2323,0,train,0.7010098099708557,pdb_00007f6y_H_L
2324,0,train,2.0765416622161865,pdb_00006cvk_A2_A1
2325,0,train,1.4080913066864014,pdb_00005t5f_H_L
2326,0,train,1.4100414514541626,pdb_00004ut6_H_L
2327,0,train,1.6704875230789185,pdb_00002vit_B_A
2328,0,train,1.7071009874343872,pdb_00009oap_H_L
2329,0,train,1.2293587923049927,pdb_00007dq7_H_L
2330,0,train,0.683599591255188,pdb_00007e32_E1_E2
2331,0,train,0.06550917774438858,pdb_00009lrd_E1_E2
2332,0,train,1.0808444023132324,pdb_00008sit_M_N
2333,0,train,0.9533254504203796,pdb_00007fcp_B_D
2334,0,train,1.2450494766235352,pdb_00007woc_A_B
2335,0,train,1.033801555633545,pdb_00008gy5_H_L
2336,0,train,0.08597679436206818,pdb_00009kt9_E1_E2
2337,0,train,1.0165653228759766,pdb_00009jy1_R_Q
2338,0,train,1.2062984704971313,pdb_00009h6u_H_L
2339,0,train,0.047323208302259445,pdb_00007eq1_S1_S2
2340,0,train,1.1490930318832397,pdb_00007fci_H_L
2341,0,train,1.3254406452178955,pdb_00008r8k_H_L
2342,0,train,0.035190459340810776,pdb_00007t6b_E1_E2
2343,0,train,0.07378348708152771,pdb_00007srr_E1_E2
2344,0,train,0.8458879590034485,pdb_00009jy4_P_O
2345,0,train,0.8058239817619324,pdb_00001xiw_D_C
2346,0,train,1.743050456047058,pdb_00001fj1_B_A
2347,0,train,0.81928950548172,pdb_00006x3w_K_L
2348,0,train,1.1004292964935303,pdb_00006hjp_G_H
2349,0,train,0.996106743812561,pdb_00004hg4_T_U
2350,0,train,0.08196135610342026,pdb_00007f2o_S1_S2
2351,0,train,0.04011907801032066,pdb_00008t3v_N1_N2
2352,0,train,1.555000901222229,pdb_00008dwy_Z_Y
2353,0,train,0.02160773240029812,pdb_00009j5v_S1_S2
2354,0,train,1.358555555343628,pdb_00004np4_I_M
2355,0,train,0.7591835856437683,pdb_00008dww_V_U
2356,0,train,0.6395227909088135,pdb_00006x3s_K_L
2357,0,train,0.8852407336235046,pdb_00001dzb_B1_B2
2358,0,train,1.201410174369812,pdb_00004kht_H_L
2359,0,train,0.7359893918037415,pdb_00007klh_H_L
2360,0,train,1.2756025791168213,pdb_00008dnn_B_C
2361,0,train,1.0790987014770508,pdb_00003v4p_M_N
2362,0,train,0.0454617515206337,pdb_00008hj5_C1_C2
2363,0,train,2.1545016765594482,pdb_00006ba5_H_G
2364,0,train,0.6546035408973694,pdb_00006txz_H_L
2365,0,train,0.023878073319792747,pdb_00007u2l_E1_E2
2366,0,train,1.027261734008789,pdb_00004okv_C_D
2367,0,train,0.32477980852127075,pdb_00007xta_E1_E2
2368,0,train,0.7160657644271851,pdb_00004tnw_I_O
2369,0,train,0.9077886343002319,pdb_00008hpf_M_N
2370,0,train,1.0168260335922241,pdb_00008q6j_D_C
2371,0,train,0.7556431889533997,pdb_00002itc_A_B
2372,0,train,0.0358201265335083,pdb_00007cmu_E1_E2
2373,0,train,0.9952225685119629,pdb_00001jhl_H_L
2374,0,train,2.192723035812378,pdb_00009o7i_D_C
2375,0,train,0.9739293456077576,pdb_00007xcp_H_L
2376,0,train,0.6932976245880127,pdb_00007s7i_J_N
2377,0,train,0.5771298408508301,pdb_00007mhx_A_B
2378,0,train,1.0916588306427002,pdb_00005aam_A1_A2
2379,0,train,1.403382420539856,pdb_00003o2d_H_L
2380,0,train,1.3460617065429688,pdb_00008jqs_H_L
2381,0,train,0.06876382976770401,pdb_00009erx_F1_F2
2382,0,train,0.8281832933425903,pdb_00007tzh_A1_A2
2383,0,train,0.880784273147583,pdb_00002dd8_H_L
2384,0,train,0.036300357431173325,pdb_00008jbg_E1_E2
2385,0,train,0.030360357835888863,pdb_00009iqt_E1_E2
2386,0,train,0.0408409908413887,pdb_00008id4_S1_S2
2387,0,train,0.834873616695404,pdb_000011ol_H_L
2388,0,train,0.8198055624961853,pdb_00001tzi_B_A
2389,0,train,0.925773561000824,pdb_00001j1p_H_L
2390,0,train,0.7771757245063782,pdb_00008jkh_H_L
2391,0,train,1.322459101676941,pdb_00008g5a_J_N
2392,0,train,0.03851599246263504,pdb_00009jh3_S1_S2
2393,0,train,0.8946439027786255,pdb_00007wwk_I_H
2394,0,train,0.8050681948661804,pdb_00005yoy_R_O
2395,0,train,0.01906518265604973,pdb_00009jhp_S1_S2
2396,0,train,0.5115223526954651,pdb_00007tct_H_L
2397,0,train,0.9697325825691223,pdb_00007wqv_P1_P2
2398,0,train,0.5796715617179871,pdb_00007k78_K1_K2
2399,0,train,0.3641652762889862,pdb_00002htl_E_F
2400,0,train,1.7207212448120117,pdb_00007mmo_A_B
2401,0,train,1.784764051437378,pdb_00008tfn_H_L
2402,0,train,1.0899684429168701,pdb_00007l0l_H_L
2403,0,train,0.2849070429801941,pdb_00004fg6_E_F
2404,0,train,0.717448890209198,pdb_00009l6c_A_B
2405,0,train,1.134077548980713,pdb_00009hh9_I_H
2406,0,train,0.8928423523902893,pdb_00007dpm_G_H
2407,0,train,0.07413428276777267,pdb_00007xmt_S1_S2
2408,0,train,0.022386105731129646,pdb_00007xjj_S1_S2
2409,0,train,0.06287948787212372,pdb_00008xgo_D1_D2
2410,0,train,0.4165438413619995,pdb_00008ubk_M2_M1
2411,0,train,0.9743877649307251,pdb_00007chc_A_B
2412,0,train,0.026120783761143684,pdb_00007xw9_S1_S2
2413,0,train,0.989000678062439,pdb_00001mlc_D_C
2414,0,train,1.6776103973388672,pdb_00003mxw_H_L
2415,0,train,1.2097654342651367,pdb_00007upb_C_F
2416,0,train,0.5777246356010437,pdb_00007kfv_C_D
2417,0,train,1.5044736862182617,pdb_00009ebc_G_H
2418,0,train,1.3860986232757568,pdb_00005anm_B_A
2419,0,train,0.7751239538192749,pdb_00009l6c_D_F
2420,0,train,0.06479021161794662,pdb_00007x2v_E1_E2
2421,0,train,1.3121095895767212,pdb_00006t9d_AAA_BBB
2422,0,train,0.8357343077659607,pdb_00006vmk_i_h
2423,0,train,0.13171470165252686,pdb_00008iz4_E1_E2
2424,0,train,0.08602996170520782,pdb_00007aue_S1_S2
2425,0,train,1.3350313901901245,pdb_00007cqd_H_L
2426,0,train,1.7664027214050293,pdb_00006ba5_F_E
2427,0,train,1.552039623260498,pdb_00009e21_H_L
2428,0,train,0.2771638333797455,pdb_00002ht2_C_D
2429,0,train,0.7509421110153198,pdb_00007d85_B_C
2430,0,train,0.9852245450019836,pdb_00003bn9_F_E
2431,0,train,1.4724862575531006,pdb_00008e8l_H_L
2432,0,train,0.9761391282081604,pdb_00006w0i_A_B
2433,0,train,0.7335519194602966,pdb_00008hn6_C_D
2434,0,train,0.8731029033660889,pdb_00009tmp_H_L
2435,0,train,0.02970459870994091,pdb_00009pq0_E1_E2
2436,0,train,0.5620124340057373,pdb_00007kfv_H_L
2437,0,train,0.060705117881298065,pdb_00009jed_S1_S2
2438,0,train,0.08289142698049545,pdb_00009jkx_S1_S2
2439,0,train,0.9393457770347595,pdb_00007vgs_F_E
2440,0,train,1.1098378896713257,pdb_00009hh9_G_F
2441,0,train,0.7738541960716248,pdb_00007m6d_H_L
2442,0,train,1.375312328338623,pdb_00008dwx_Z_Y
2443,0,train,0.7181968688964844,pdb_00007mhr_A_B
2444,0,train,1.9725161790847778,pdb_00005w3e_E_G
2445,0,train,0.036203596740961075,pdb_00009iyb_E1_E2
2446,0,train,1.3478658199310303,pdb_00009mtj_M_N
2447,0,train,1.8243390321731567,pdb_00006s3d_H_L
2448,0,train,1.1956487894058228,pdb_00009ue8_I_J
2449,0,train,0.02357388846576214,pdb_00008xjl_E1_E2
2450,0,train,0.8736424446105957,pdb_00006xq2_F_E
2451,0,train,0.49648407101631165,pdb_00006e0p_N1_N2
2452,0,train,0.8036124110221863,pdb_00005yoy_G_D
2453,0,train,0.8663217425346375,pdb_00006b3s_F_G
2454,0,train,0.1701202690601349,pdb_00007vig_E1_E2
2455,0,train,0.9934350848197937,pdb_00009zqc_J2_J1
2456,0,train,1.5157781839370728,pdb_00009e3k_J_K
2457,0,train,1.76819908618927,pdb_00008dwo_S_T
2458,0,train,0.03755522891879082,pdb_00008x16_H1_H2
2459,0,train,1.8787648677825928,pdb_00009vnp_C_A
2460,0,train,0.30644452571868896,pdb_00008jt6_E1_E2
2461,0,train,1.6495229005813599,pdb_00009kvk_A_B
2462,0,train,1.3651989698410034,pdb_00003v6z_A_B
2463,0,train,1.2404030561447144,pdb_00009mtj_H_L
2464,0,train,1.7355077266693115,pdb_00001yy9_D_C
2465,0,train,0.03209773823618889,pdb_00008jbh_E1_E2
2466,0,train,1.1559313535690308,pdb_00007zmk_G_H
2467,0,train,1.235516905784607,pdb_00008zpq_A_B
2468,0,train,0.15785983204841614,pdb_00008ejc_E1_E2
2469,0,train,1.508725881576538,pdb_00007zwi_B_C
2470,0,train,0.6841404438018799,pdb_00006vmk_E_D
2471,0,train,1.1514084339141846,pdb_00009eti_H_L
2472,0,train,1.2769476175308228,pdb_00002yc1_A_B
2473,0,train,0.06411722302436829,pdb_00008iyw_H1_H2
2474,0,train,0.526523232460022,pdb_00007ue0_E_F
2475,0,train,0.061664823442697525,pdb_00009jh5_S1_S2
2476,0,train,1.034430742263794,pdb_00004f2m_C_D
2477,0,train,2.004927396774292,pdb_00007t4q_F_G
2478,0,train,1.0823845863342285,pdb_00008ulf_K_O
2479,0,train,1.838053822517395,pdb_00001n5y_H_L
2480,0,train,0.37106338143348694,pdb_00003nif_E_F
2481,0,train,0.09741245955228806,pdb_00009wp9_C1_C2
2482,0,train,0.685453474521637,pdb_00007xei_C_D
2483,0,train,1.1908059120178223,pdb_00004n90_D_E
2484,0,train,0.03332992643117905,pdb_00009f33_E1_E2
2485,0,train,0.04184364899992943,pdb_00008j6r_S1_S2
2486,0,train,1.0566456317901611,pdb_00001fbi_H_L
2487,0,train,1.0758559703826904,pdb_00009ds1_H_L
2488,0,train,1.4505550861358643,pdb_00001ztx_H_L
2489,0,train,1.2654668092727661,pdb_00004np4_H_L
2490,0,train,1.239909291267395,pdb_00007dm1_D_C
2491,0,train,0.9745178818702698,pdb_00003wd5_H_L
2492,0,train,1.069488286972046,pdb_00009vft_F_E
2493,0,train,1.7444225549697876,pdb_00004ubd_G_H
2494,0,train,1.224991798400879,pdb_00009ma0_B_C
2495,0,train,1.0146936178207397,pdb_00009m0d_D_Q
2496,0,train,0.04298512265086174,pdb_00008ia7_E1_E2
2497,0,train,1.8958535194396973,pdb_00004kuc_H_D
2498,0,train,0.8335460424423218,pdb_00006k5a_C_D
2499,0,train,1.4614766836166382,pdb_00002r56_H_L
2500,0,train,1.3172751665115356,pdb_00009cfe_A_B
2501,0,train,0.5860745906829834,pdb_00008wo4_D_C
2502,0,train,1.4248405694961548,pdb_00009b2m_J_K
2503,0,train,0.2522793412208557,pdb_00002r9h_C_D
2504,0,train,0.03224761039018631,pdb_00008dwg_E1_E2
2505,0,train,1.1718026399612427,pdb_00005ugy_J_N
2506,0,train,1.1588488817214966,pdb_00009q7b_J_K
2507,0,train,0.39906442165374756,pdb_00002vdn_H_L
2508,0,train,0.8479346036911011,pdb_00007ley_H_I
2509,0,train,1.0062227249145508,pdb_00009wb3_B_C
2510,0,train,0.42267364263534546,pdb_00007k5x_M2_M1
2511,0,train,1.0012309551239014,pdb_00006xq4_E_F
2512,0,train,0.038362760096788406,pdb_00009le2_S1_S2
2513,0,train,1.765479564666748,pdb_00006s3d_C_D
2514,0,train,2.0606577396392822,pdb_00006cvk_B2_B1
2515,0,train,0.5400903820991516,pdb_00003hpl_A_B
2516,0,train,0.046399809420108795,pdb_00007evy_E1_E2
2517,0,train,0.030667532235383987,pdb_00008g94_E1_E2
2518,0,train,1.9805424213409424,pdb_00006wmw_H_L
2519,0,train,2.0345585346221924,pdb_00009ml8_P_Q
2520,0,train,1.2391773462295532,pdb_00008cn9_G_F
2521,0,train,2.0557327270507812,pdb_00004hg4_P_Q
2522,0,train,1.3101595640182495,pdb_00009qt3_N_O
2523,0,train,0.035531044006347656,pdb_00009u4y_S1_S2
2524,0,train,1.2620846033096313,pdb_00003eo1_E_D
2525,0,train,0.02671058103442192,pdb_00007wf7_E1_E2
2526,0,train,0.8849248886108398,pdb_00008bec_A1_A2
2527,0,train,1.1260513067245483,pdb_00009ouo_H_L
2528,0,train,0.8877317905426025,pdb_00008dd3_J_I
2529,0,train,1.7130719423294067,pdb_00008zd5_K_L
2530,0,train,1.095644474029541,pdb_00007ua8_H1_H2
2531,0,train,0.952241837978363,pdb_00009lbs_H_L
2532,0,train,0.02587374486029148,pdb_00007w53_E1_E2
2533,0,train,0.06345968693494797,pdb_00008uwl_E1_E2
2534,0,train,0.024146271869540215,pdb_00009clw_N1_N2
2535,0,train,0.6106358766555786,pdb_00008si9_J_I
2536,0,train,1.1273843050003052,pdb_00008v5v_f_g
2537,0,train,1.260614275932312,pdb_00007sd5_H_L
2538,0,train,1.0879950523376465,pdb_00008xe9_A_B
2539,0,train,0.771857500076294,pdb_00003h42_H_L
2540,0,train,1.333508849143982,pdb_00001xgq_B_A
2541,0,train,1.0496158599853516,pdb_00009f91_E_F
2542,0,train,0.8612069487571716,pdb_00005aaw_D1_D2
2543,0,train,1.2099511623382568,pdb_00003fku_U1_U2
2544,0,train,0.27333560585975647,pdb_00003ze2_H_L
2545,0,train,0.885982871055603,pdb_00008caf_D_C
2546,0,train,0.03291725739836693,pdb_00009vjf_E1_E2
2547,0,train,1.2744728326797485,pdb_00009h4s_H_L
2548,0,train,1.3285101652145386,pdb_00001nsn_H_L
2549,0,train,0.03011695109307766,pdb_00008yh3_S1_S2
2550,0,train,0.03235137090086937,pdb_00009lrs_E1_E2
2551,0,train,0.02688964083790779,pdb_00007wu9_S1_S2
2552,0,train,0.8596035838127136,pdb_00006pe9_E_F
2553,0,train,0.18404123187065125,pdb_00007w6p_H1_H2
2554,0,train,1.045143723487854,pdb_00009kze_H_L
2555,0,train,1.4896994829177856,pdb_00007m6d_A_B
2556,0,train,2.41845965385437,pdb_00009osx_B_C
2557,0,train,1.3294397592544556,pdb_00009mtj_I_J
2558,0,train,1.2459989786148071,pdb_00004am0_H_L
2559,0,train,0.8825992345809937,pdb_00007wqv_F1_F2
2560,0,train,0.7588545680046082,pdb_00006o1f_H_L
2561,0,train,1.7412238121032715,pdb_00009mkn_S_T
2562,0,train,0.7571018934249878,pdb_00008j7e_A_B
2563,0,train,1.2908114194869995,pdb_00008znz_G_H
2564,0,train,0.018445132300257683,pdb_00008xzf_S1_S2
2565,0,train,1.0295616388320923,pdb_00008oxx_B_C
2566,0,train,1.0314213037490845,pdb_00006wzj_A_B
2567,0,train,0.684262752532959,pdb_00008j7e_C_D
2568,0,train,1.006345510482788,pdb_00004lf3_E_D
2569,0,train,0.8848613500595093,pdb_00006t3j_F_G
2570,0,train,1.8063098192214966,pdb_00008hrd_C_E
2571,0,train,1.2766144275665283,pdb_00006osv_H_L
2572,0,train,1.1046624183654785,pdb_00004gxu_U_V
2573,0,train,0.9196308851242065,pdb_00007xsc_A_B
2574,0,train,1.0151071548461914,pdb_00008w2e_D_C
2575,0,train,0.06151455640792847,pdb_00008id6_S1_S2
2576,0,train,0.6896832585334778,pdb_00005oca_H_L
2577,0,train,1.2492996454238892,pdb_00004f3f_B_A
2578,0,train,0.10563941299915314,pdb_00007xms_S1_S2
2579,0,train,1.2202625274658203,pdb_00008u44_S_T
2580,0,train,1.0395455360412598,pdb_00005d1z_G_H
2581,0,train,0.14397846162319183,pdb_00008i97_H1_H2
2582,0,train,0.04273294284939766,pdb_00007sbf_E1_E2
2583,0,train,1.61655855178833,pdb_00009me5_I_M
2584,0,train,0.14061252772808075,pdb_00007sr8_E1_E2
2585,0,train,0.37892240285873413,pdb_00007ubr_E_F
2586,0,train,0.03497888147830963,pdb_00008iw1_S1_S2
2587,0,train,0.0650700107216835,pdb_00007l1v_H1_H2
2588,0,train,0.7453802227973938,pdb_00007ejy_H_L
2589,0,train,0.8195886015892029,pdb_00007whz_H_L
2590,0,train,0.766160249710083,pdb_00009lrf_H_L
2591,0,train,1.131467580795288,pdb_00001kir_B_A
2592,0,train,1.5389481782913208,pdb_00009shd_H_L
2593,0,train,1.0872045755386353,pdb_00007kn3_M_N
2594,0,train,0.7606911659240723,pdb_00004tnw_H_L
2595,0,train,0.6007519364356995,pdb_00003or6_A_B
2596,0,train,1.2915685176849365,pdb_00008jqs_h_l
2597,0,train,0.2509872615337372,pdb_00007ujk_E_F
2598,0,train,0.07433374226093292,pdb_00008xxx_S1_S2
2599,0,train,0.03532027825713158,pdb_00008t3o_N1_N2
2600,0,train,0.03397737815976143,pdb_00007yk7_S1_S2
2601,0,train,1.8582960367202759,pdb_00007xh8_B_C
2602,0,train,1.2750259637832642,pdb_00008hrd_D_F
2603,0,train,0.10935397446155548,pdb_00008e9z_E1_E2
2604,0,train,1.7970216274261475,pdb_00009e89_H_L
2605,0,train,0.9184094071388245,pdb_00006zlr_BBB_CCC
2606,0,train,1.5940849781036377,pdb_00007yh6_H_L
2607,0,train,0.051003359258174896,pdb_00009m0r_S1_S2
2608,0,train,1.2231361865997314,pdb_00003v6z_C_D
2609,0,train,1.2328109741210938,pdb_00008yub_A_B
2610,0,train,1.073278546333313,pdb_00008eoo_F_K
2611,0,train,0.8797355890274048,pdb_00006yz7_HHH_LLL
2612,0,train,1.6515183448791504,pdb_00003bgf_H_L
2613,0,train,0.7593382000923157,pdb_00003s36_H_L
2614,0,train,0.3445473909378052,pdb_00009j8z_S1_S2
2615,0,train,1.0304173231124878,pdb_00005nhr_A_B
2616,0,train,1.1296478509902954,pdb_00009cff_H_L
2617,0,train,1.2122139930725098,pdb_00008vgj_J_I
2618,0,train,0.24792270362377167,pdb_00008e9w_E1_E2
2619,0,train,0.770948052406311,pdb_00009n7q_D_F
2620,0,train,1.3758658170700073,pdb_00003rhw_G_K
2621,0,train,1.303754448890686,pdb_00005dur_B_D
2622,0,train,0.7986315488815308,pdb_00005xhv_H_L
2623,0,train,1.4632712602615356,pdb_00005a3i_C_D
2624,0,train,0.7817648649215698,pdb_00008eqf_H_L
2625,0,train,0.10119728744029999,pdb_00008xyk_S1_S2
2626,0,train,1.1400457620620728,pdb_00009jy2_B_A
2627,0,train,0.04858601838350296,pdb_00008j6l_H1_H2
2628,0,train,0.6970574855804443,pdb_00008caf_B_A
2629,0,train,0.7792017459869385,pdb_00006ii4_E_F
2630,0,train,0.6045888066291809,pdb_00007mzk_F_E
2631,0,train,0.94115149974823,pdb_00008cn9_L_K
2632,0,train,1.9935137033462524,pdb_00008cz5_H_L
2633,0,train,0.0401775985956192,pdb_00007scg_E1_E2
2634,0,train,1.654463529586792,pdb_00001osp_H_L
2635,0,train,1.212713599205017,pdb_00007t3d_H_L
2636,0,train,1.169870138168335,pdb_00007rxj_A_B
2636,0,train_epoch,1.223724258393021,
2636,0,validation,1.224020546132868,
2637,1,train,1.0864605903625488,pdb_00008vgj_K_L
2638,1,train,0.6908271908760071,pdb_00002wuc_H_L
2639,1,train,1.492370843887329,pdb_00009oar_B_D
2640,1,train,0.9197321534156799,pdb_00006w0j_A_B
2641,1,train,0.7892183661460876,pdb_00006vmk_V_U
2642,1,train,1.2947443723678589,pdb_00008p5m_G_L
2643,1,train,1.2448914051055908,pdb_00003o2d_H_L
2644,1,train,0.8064593076705933,pdb_00008jel_F_G
2645,1,train,1.2873797416687012,pdb_00008ezk_I1_I2
2646,1,train,1.127500057220459,pdb_00008y3h_G_H
2647,1,train,0.987694501876831,pdb_00009cff_H_L
2648,1,train,0.04252733290195465,pdb_00008hsc_S1_S2
2649,1,train,1.0715206861495972,pdb_00007xrz_B_A
2650,1,train,0.6102888584136963,pdb_00008jen_C_D
2651,1,train,0.04739962890744209,pdb_00008gut_S1_S2
2652,1,train,0.0765727236866951,pdb_00009jid_S1_S2
2653,1,train,0.045481618493795395,pdb_00009vo2_S1_S2
2654,1,train,1.4309909343719482,pdb_00008gb5_I_H
2655,1,train,0.037294741719961166,pdb_00007e9g_D1_D2
2656,1,train,0.9122443795204163,pdb_00007ua8_H1_H2
2657,1,train,0.8756791949272156,pdb_00007x63_H_L
2658,1,train,1.0431172847747803,pdb_00006hxw_C_D
2659,1,train,1.101466417312622,pdb_00006wno_E_F
2660,1,train,0.8577286005020142,pdb_00009og2_B_C
2661,1,train,0.9318187832832336,pdb_00004gxu_U_V
2662,1,train,0.031683627516031265,pdb_00009lr1_S1_S2
2663,1,train,0.8221687078475952,pdb_00009exa_F_E
2664,1,train,1.560681939125061,pdb_00001fns_H_L
2665,1,train,1.6355400085449219,pdb_00007lg6_J_M
2666,1,train,1.1713885068893433,pdb_00008bg1_G_H
2667,1,train,0.8231649994850159,pdb_00006x3t_K_L
2668,1,train,1.0180332660675049,pdb_00009atm_H_L
2669,1,train,0.035945430397987366,pdb_00008xxu_E1_E2
2670,1,train,0.04153239354491234,pdb_00009buy_E1_E2
2671,1,train,0.7954422235488892,pdb_00006zlr_BBB_CCC
2672,1,train,1.883514642715454,pdb_00004f37_F_K
2673,1,train,0.028128398582339287,pdb_00007cmu_E1_E2
2674,1,train,1.4146013259887695,pdb_00001bvk_B_A
2675,1,train,1.838639259338379,pdb_00008kep_H_L
2676,1,train,1.0540883541107178,pdb_00006wm9_B_C
2677,1,train,0.8991563320159912,pdb_00008ulf_I_M
2678,1,train,1.1149797439575195,pdb_00008rrn_H_L
2679,1,train,0.033657632768154144,pdb_00009iqt_E1_E2
2680,1,train,1.6801050901412964,pdb_00002x7l_H_L
2681,1,train,0.09048562496900558,pdb_00007rkm_D1_D2
2682,1,train,0.42152443528175354,pdb_00003ejy_C_D
2683,1,train,1.3269636631011963,pdb_00003lqa_H_L
2684,1,train,1.4669601917266846,pdb_00007si0_C_D
2685,1,train,1.994035005569458,pdb_00008wu1_H_L
2686,1,train,0.588577389717102,pdb_00007xk2_S1_S2
2687,1,train,0.8560970425605774,pdb_00007sk4_D_C
2688,1,train,1.1835527420043945,pdb_00006oc3_A_B
2689,1,train,0.09568869322538376,pdb_00008ied_N1_N2
2690,1,train,1.1602437496185303,pdb_00002yc1_A_B
2691,1,train,0.04314243048429489,pdb_00007vuy_S1_S2
2692,1,train,0.8154878616333008,pdb_00006kyz_E_F
2693,1,train,0.07892630994319916,pdb_00008xxr_S1_S2
2694,1,train,1.3862144947052002,pdb_00009lae_H_L
2695,1,train,0.10754997283220291,pdb_00006k41_H1_H2
2696,1,train,1.0648305416107178,pdb_00008u4s_H_L
2697,1,train,0.02344415709376335,pdb_00007yj4_S1_S2
2698,1,train,1.6091564893722534,pdb_00009cps_H_L
2699,1,train,1.7575678825378418,pdb_00006s3d_C_D
2700,1,train,0.027341151610016823,pdb_00009lrd_E1_E2
2701,1,train,0.7742374539375305,pdb_00005yoy_H_E
2702,1,train,1.4428019523620605,pdb_00007c88_H_L
2703,1,train,0.019835712388157845,pdb_00007eo4_E1_E2
2704,1,train,0.7322119474411011,pdb_00007keo_E_F
2705,1,train,0.03788226470351219,pdb_00007yae_S1_S2
2706,1,train,0.0590820349752903,pdb_00007vla_S1_S2
2707,1,train,0.052713729441165924,pdb_00007trs_H1_H2
2708,1,train,1.1498764753341675,pdb_00009me7_I_M
2709,1,train,1.3162623643875122,pdb_00007t0w_O_P
2710,1,train,0.6108225584030151,pdb_00006vmk_H_G
2711,1,train,0.07496517896652222,pdb_00008e9z_E1_E2
2712,1,train,0.9634766578674316,pdb_00006ogx_H_L
2713,1,train,0.6974955201148987,pdb_00008i5l_D1_D2
2714,1,train,1.0505352020263672,pdb_00007l0l_I_K
2715,1,train,1.0700697898864746,pdb_00005d1z_B_A
2716,1,train,1.1876451969146729,pdb_00009cpv_H_L
2717,1,train,0.9956495761871338,pdb_00006vvu_E_F
2718,1,train,0.9066520929336548,pdb_00008vgh_H_G
2719,1,train,0.33076855540275574,pdb_00003ze1_E_F
2720,1,train,1.4765020608901978,pdb_00008rmy_B_C
2721,1,train,0.045300476253032684,pdb_00007dw9_S1_S2
2722,1,train,0.025240428745746613,pdb_00009ldw_S1_S2
2723,1,train,0.7504495978355408,pdb_00003g6j_H_G
2724,1,train,0.844313383102417,pdb_00008jkf_h_l
2725,1,train,0.6546403169631958,pdb_00009ctu_F_E
2726,1,train,1.3308435678482056,pdb_00009ctw_F_E
2727,1,train,1.0766584873199463,pdb_00009cct_C_B
2728,1,train,0.7384652495384216,pdb_00004dn4_H_L
2729,1,train,1.0205605030059814,pdb_00006n5b_H_L
2730,1,train,1.069341778755188,pdb_00001dqj_B_A
2731,1,train,1.0220627784729004,pdb_00008smi_H_L
2732,1,train,0.5030287504196167,pdb_00008zps_E1_E2
2733,1,train,0.02176256664097309,pdb_00009jr2_S1_S2
2734,1,train,0.8913682103157043,pdb_00009cpp_H_L
2735,1,train,0.8801847696304321,pdb_00009og2_D_E
2736,1,train,0.6558560729026794,pdb_00005yoy_P_M
2737,1,train,0.8823665380477905,pdb_00009l9o_B_C
2738,1,train,1.4511421918869019,pdb_00008bbo_H_L
2739,1,train,1.922095537185669,pdb_00008tzn_G_H
2740,1,train,0.2099446803331375,pdb_00007xta_E1_E2
2741,1,train,0.9441750049591064,pdb_00008zh7_H_I
2742,1,train,1.1343185901641846,pdb_00006u6u_H_L
2743,1,train,0.029912561178207397,pdb_00007v69_S1_S2
2744,1,train,0.7349746227264404,pdb_00006j6y_B_C
2745,1,train,1.0238118171691895,pdb_00006wm9_E_F
2746,1,train,1.0188868045806885,pdb_00001xgr_B_A
2747,1,train,1.1919052600860596,pdb_00008dwx_X_W
2748,1,train,1.0969635248184204,pdb_00009b82_I_G
2749,1,train,0.09490098059177399,pdb_00008i7w_E1_E2
2750,1,train,1.2258012294769287,pdb_00009cu7_H_L
2751,1,train,1.333080530166626,pdb_00003wkm_H_L
2752,1,train,1.2015424966812134,pdb_00007b0b_H_L
2753,1,train,1.1955424547195435,pdb_00009oea_H_L
2754,1,train,1.607528567314148,pdb_00005dhy_A_B
2755,1,train,0.6387953758239746,pdb_00006rp8_H_L
2756,1,train,0.7830803990364075,pdb_00007ws7_G_F
2757,1,train,0.586618185043335,pdb_00004tsb_H_L
2758,1,train,1.464598536491394,pdb_00009oi3_M_N
2759,1,train,0.023166699334979057,pdb_00009oxb_D1_D2
2760,1,train,1.0105074644088745,pdb_00006wmw_M_N
2761,1,train,0.6872021555900574,pdb_00006xe1_H_L
2762,1,train,0.9128695130348206,pdb_00004lmq_E_I
2763,1,train,0.507520854473114,pdb_00007s0b_C_D
2764,1,train,1.3137255907058716,pdb_00002x7l_G_I
2765,1,train,0.04860807582736015,pdb_00008i7v_E1_E2
2766,1,train,0.6622042655944824,pdb_00007zf9_A_B
2767,1,train,2.253972053527832,pdb_00004i3r_H_L
2768,1,train,0.7073445916175842,pdb_00008bec_A1_A2
2769,1,train,1.1855363845825195,pdb_00007tp3_H_L
2770,1,train,0.023193586617708206,pdb_00008xqp_S1_S2
2771,1,train,0.9336920976638794,pdb_00007ucq_I1_I2
2772,1,train,0.8724255561828613,pdb_00009ov4_H_L
2773,1,train,0.9197427034378052,pdb_00007y6k_E1_E2
2774,1,train,0.03168172389268875,pdb_00009jmd_E1_E2
2775,1,train,0.958329975605011,pdb_00007bbj_M_N
2776,1,train,0.025058705359697342,pdb_00007x10_E1_E2
2777,1,train,0.07037059962749481,pdb_00009ko4_H1_H2
2778,1,train,0.04511673375964165,pdb_00008yh0_S1_S2
2779,1,train,1.0170875787734985,pdb_00004hg4_X_Y
2780,1,train,1.2629144191741943,pdb_00007m7w_A_B
2781,1,train,0.9519694447517395,pdb_00009jy1_R_Q
2782,1,train,1.301246166229248,pdb_00007rk2_D1_D2
2783,1,train,1.3039658069610596,pdb_00007x2o_H_L
2784,1,train,0.3981464207172394,pdb_00002ht4_E_F
2785,1,train,0.6817418932914734,pdb_00004ttd_C_D
2786,1,train,1.5284638404846191,pdb_00006xm2_D_C
2787,1,train,0.8682766556739807,pdb_00004hg4_R_S
2788,1,train,1.2433096170425415,pdb_00007uvq_C_B
2789,1,train,1.2339601516723633,pdb_00008yub_D_E
2790,1,train,0.9479595422744751,pdb_00004m62_H_L
2791,1,train,1.1675838232040405,pdb_00009b2m_E_F
2792,1,train,0.814454197883606,pdb_00008tnt_E_D
2793,1,train,1.2189056873321533,pdb_00009n4e_K_M
2794,1,train,0.052304502576589584,pdb_00009clw_N1_N2
2795,1,train,0.6852341890335083,pdb_00009ouo_H_L
2796,1,train,1.770279049873352,pdb_00007t01_H_L
2797,1,train,0.0496140755712986,pdb_00008ef5_E1_E2
2798,1,train,1.548702597618103,pdb_00003bgf_H_L
2799,1,train,1.4126909971237183,pdb_00007x3d_H_L
2800,1,train,0.3416324257850647,pdb_00007udh_E_F
2801,1,train,1.2917542457580566,pdb_00006h3u_H_L
2802,1,train,0.04773535206913948,pdb_00009b5y_N1_N2
2803,1,train,1.0950456857681274,pdb_00008gv6_I_J
2804,1,train,1.045917272567749,pdb_00008ol9_B_A
2805,1,train,0.71718829870224,pdb_00003a6b_H_L
2806,1,train,0.039293430745601654,pdb_00007qvm_S1_S2
2807,1,train,0.9417937397956848,pdb_00009mqa_I_M
2808,1,train,1.0267897844314575,pdb_00008w86_A_B
2809,1,train,1.1150181293487549,pdb_00009me6_I_M
2810,1,train,0.03388841822743416,pdb_00007na7_N1_N2
2811,1,train,1.4553219079971313,pdb_00009hvw_H_L
2812,1,train,0.5600883960723877,pdb_00006ii8_H_L
2813,1,train,0.9048680067062378,pdb_00004f2m_A_B
2814,1,train,0.49913501739501953,pdb_00006dzt_M1_M2
2815,1,train,0.034542568027973175,pdb_00009le1_S1_S2
2816,1,train,0.9182436466217041,pdb_00006wzm_A_B
2817,1,train,1.327694296836853,pdb_00003lh2_K_O
2818,1,train,1.1067379713058472,pdb_00004al8_H_L
2819,1,train,1.1733185052871704,pdb_00001p2c_B_A
2820,1,train,0.7961015105247498,pdb_00006z2m_B_C
2821,1,train,1.0690051317214966,pdb_00006ww5_E_F
2822,1,train,0.9895394444465637,pdb_00008suo_H_L
2823,1,train,0.033320579677820206,pdb_00009upu_S1_S2
2824,1,train,0.5812089443206787,pdb_00009our_H_L
2825,1,train,0.6161140203475952,pdb_00006vmk_r_q
2826,1,train,1.0024772882461548,pdb_00007f15_B1_B2
2827,1,train,1.61798095703125,pdb_00009cci_B_C
2828,1,train,0.7380634546279907,pdb_00003rif_J_M
2829,1,train,0.5249685645103455,pdb_00006vmk_f_e
2830,1,train,0.4794049561023712,pdb_00008wnp_D_C
2831,1,train,0.025429753586649895,pdb_00009vmn_S1_S2
2832,1,train,1.0915923118591309,pdb_00008g5b_I_M
2833,1,train,0.6851165890693665,pdb_00003a6c_H_L
2834,1,train,0.9588179588317871,pdb_00003vrl_E_F
2835,1,train,0.6074162125587463,pdb_00002boc_A_B
2836,1,train,1.1510708332061768,pdb_00009k6y_H_L
2837,1,train,1.4895527362823486,pdb_00009m7v_H_L
2838,1,train,0.6539134383201599,pdb_00007chc_H_L
2839,1,train,1.7889498472213745,pdb_00008zd5_B_C
2840,1,train,0.024140281602740288,pdb_00006dde_E1_E2
2841,1,train,1.4949846267700195,pdb_00004ffw_D_C
2842,1,train,1.8365188837051392,pdb_00001n6q_H_L
2843,1,train,0.04065195471048355,pdb_00009f33_E1_E2
2844,1,train,1.0320521593093872,pdb_00006z3q_H_L
2845,1,train,0.6483117341995239,pdb_00009ouo_J_K
2846,1,train,1.264978289604187,pdb_00007ycn_H_I
2847,1,train,1.0473706722259521,pdb_00008ut2_J_I
2848,1,train,1.4747672080993652,pdb_00002zck_H_L
2849,1,train,0.48753029108047485,pdb_00008ubk_M2_M1
2850,1,train,1.2886430025100708,pdb_00007tbf_H_L
2851,1,train,0.06417880952358246,pdb_00008i97_H1_H2
2852,1,train,0.811038613319397,pdb_00009dzf_H_L
2853,1,train,0.047873564064502716,pdb_00008h8j_H1_H2
2854,1,train,1.2836014032363892,pdb_00009h4s_H_L
2855,1,train,0.921108603477478,pdb_00007wur_E_F
2856,1,train,0.08299659192562103,pdb_00007t90_E1_E2
2857,1,train,0.048753831535577774,pdb_00009jky_S1_S2
2858,1,train,1.6958014965057373,pdb_00008tp5_E_F
2859,1,train,1.214038372039795,pdb_00007mxl_J_K
2860,1,train,1.407142162322998,pdb_00004xnm_B_A
2861,1,train,1.1385622024536133,pdb_00003fku_U1_U2
2862,1,train,0.031146245077252388,pdb_00008ijb_S1_S2
2863,1,train,0.999153196811676,pdb_00005w0k_H_L
2864,1,train,0.5808594822883606,pdb_00008jen_A_B
2865,1,train,0.9976875185966492,pdb_00008vgk_K_L
2866,1,train,1.603287935256958,pdb_00004hg4_P_Q
2867,1,train,0.10192523151636124,pdb_00009plo_S1_S2
2868,1,train,0.5611933469772339,pdb_00002qr0_B_A
2869,1,train,0.031715277582407,pdb_00008k6n_S1_S2
2870,1,train,0.05967693403363228,pdb_00009kxs_H1_H2
2871,1,train,1.178586483001709,pdb_00001bql_H_L
2872,1,train,1.2745999097824097,pdb_00005wko_K_L
2873,1,train,0.6895689964294434,pdb_00006x3t_J_I
2874,1,train,0.032332029193639755,pdb_00008uuj_D1_D2
2875,1,train,0.6848687529563904,pdb_00007xei_C_D
2876,1,train,0.026671938598155975,pdb_00008jbg_E1_E2
2877,1,train,0.5917803645133972,pdb_00007mzk_F_E
2878,1,train,0.5139632225036621,pdb_00008sid_J_I
2879,1,train,1.210231065750122,pdb_00001kip_B_A
2880,1,train,0.9916701316833496,pdb_00008eoo_F_K
2881,1,train,1.1282594203948975,pdb_00008cbf_H_L
2882,1,train,0.5071088075637817,pdb_00007mhx_A_B
2883,1,train,0.7114152908325195,pdb_00009jqv_H_L
2884,1,train,0.9354760646820068,pdb_00008g5a_I_M
2885,1,train,0.839099645614624,pdb_00008xsj_H_L
2886,1,train,0.9718988537788391,pdb_00007vyr_H_L
2887,1,train,1.0654765367507935,pdb_00005xmh_H_L
2888,1,train,1.4012835025787354,pdb_00007m3l_B_C
2889,1,train,0.09137775748968124,pdb_00007wz4_S1_S2
2890,1,train,1.2249245643615723,pdb_00009js7_J_M
2891,1,train,1.49372136592865,pdb_00008zd6_E_F
2892,1,train,0.8339093923568726,pdb_00006b3s_J_K
2893,1,train,0.034039147198200226,pdb_00007wv9_S1_S2
2894,1,train,0.8146231174468994,pdb_00002vwe_L_J
2895,1,train,1.063156008720398,pdb_00006jod_H_L
2896,1,train,0.7754590511322021,pdb_00007dpm_A_B
2897,1,train,1.0786545276641846,pdb_00009eti_H_L
2898,1,train,0.13744734227657318,pdb_00008eit_E1_E2
2899,1,train,1.5331732034683228,pdb_00007bsd_A_B
2900,1,train,0.8733301758766174,pdb_00009clp_H_L
2901,1,train,1.0058022737503052,pdb_00003eo1_E_D
2902,1,train,0.5924138426780701,pdb_00006vmk_i_h
2903,1,train,0.025893747806549072,pdb_00008sai_S1_S2
2904,1,train,0.7921781539916992,pdb_00004m62_I_M
2905,1,train,0.041663531213998795,pdb_00008y72_E1_E2
2906,1,train,0.0898837000131607,pdb_00008ij3_S1_S2
2907,1,train,0.9626991748809814,pdb_00006t3j_A_B
2908,1,train,0.6843358278274536,pdb_00003b2u_Q_R
2909,1,train,1.1232020854949951,pdb_00007t3d_H_L
2910,1,train,0.6129143238067627,pdb_00009cpw_C_D
2911,1,train,0.056210294365882874,pdb_00007kh0_S1_S2
2912,1,train,0.468237966299057,pdb_00006vmk_K_J
2913,1,train,0.029349256306886673,pdb_00008yn5_E1_E2
2914,1,train,0.026955829933285713,pdb_00009lr2_S1_S2
2915,1,train,1.9538966417312622,pdb_00007rco_F_E
2916,1,train,0.036894507706165314,pdb_00008xos_E1_E2
2917,1,train,1.0509051084518433,pdb_00008jqm_M_N
2918,1,train,1.9225804805755615,pdb_00004ki5_C_D
2919,1,train,0.8981330990791321,pdb_00007f3q_H_L
2920,1,train,1.3447695970535278,pdb_00004ffv_H_L
2921,1,train,0.9711736440658569,pdb_00008we4_H_L
2922,1,train,0.09136494249105453,pdb_00008e9y_E1_E2
2923,1,train,0.7037726044654846,pdb_00002dqi_H_L
2924,1,train,0.761675238609314,pdb_00003dvn_H_L
2925,1,train,0.9028584957122803,pdb_00007lop_X_Y
2926,1,train,1.0179657936096191,pdb_00009ue8_E_F
2927,1,train,0.6597940325737,pdb_00008j7e_A_B
2928,1,train,0.09165575355291367,pdb_00009wp9_C1_C2
2929,1,train,0.02678176946938038,pdb_00008jlk_S1_S2
2930,1,train,1.1446236371994019,pdb_00009me5_H_L
2931,1,train,1.6545296907424927,pdb_00008rmx_B_C
2932,1,train,1.272717833518982,pdb_00007pa7_ooo2_ooo1
2933,1,train,0.043267879635095596,pdb_00007p02_H1_H2
2934,1,train,0.9126958250999451,pdb_00006adc_C_D
2935,1,train,1.1256414651870728,pdb_00004f3f_B_A
2936,1,train,0.4522489607334137,pdb_00007k63_N2_N1
2937,1,train,1.363524317741394,pdb_00006flc_H_L
2938,1,train,0.46534618735313416,pdb_00008ihf_S1_S2
2939,1,train,1.2835222482681274,pdb_00003rif_F_N
2940,1,train,0.6431896686553955,pdb_00008bg2_C1_C2
2941,1,train,0.9521433711051941,pdb_00008i5i_H_L
2942,1,train,0.7183748483657837,pdb_00007tzh_A1_A2
2943,1,train,0.0645056962966919,pdb_00008xqf_S1_S2
2944,1,train,1.505206823348999,pdb_00008xa4_C_D
2945,1,train,0.931320071220398,pdb_00003eo1_H_G
2946,1,train,1.0117766857147217,pdb_00008ee8_D_C
2947,1,train,0.4960334897041321,pdb_00008iw9_S1_S2
2948,1,train,0.6374051570892334,pdb_000011oq_H_L
2949,1,train,0.050461966544389725,pdb_00009v2n_S1_S2
2950,1,train,0.024582616984844208,pdb_00008xml_S1_S2
2951,1,train,0.9913067817687988,pdb_00005d1z_G_H
2952,1,train,0.3596321940422058,pdb_00008evg_N1_N2
2953,1,train,0.3423195481300354,pdb_00002hlf_E_F
2954,1,train,0.08253084868192673,pdb_00006oij_H1_H2
2955,1,train,0.024541489779949188,pdb_00007cmv_E1_E2
2956,1,train,1.1649826765060425,pdb_00008dce_H1_H2
2957,1,train,1.2241108417510986,pdb_00009j4c_H_L
2958,1,train,1.6215296983718872,pdb_00002x7l_J_K
2959,1,train,1.0578527450561523,pdb_00003d9a_H_L
2960,1,train,0.9208566546440125,pdb_00003u30_C_B
2961,1,train,0.6525573134422302,pdb_00008bcz_C_D
2962,1,train,1.2854630947113037,pdb_00008zd5_E_F
2963,1,train,0.03425885736942291,pdb_00009ldv_S1_S2
2964,1,train,1.3474620580673218,pdb_00008kdr_H_L
2965,1,train,1.6954889297485352,pdb_00009rir_H_L
2966,1,train,0.6685755252838135,pdb_00007vgs_F_E
2967,1,train,0.7568590044975281,pdb_00009dzg_H_L
2968,1,train,1.3024698495864868,pdb_00008sdh_C_D
2969,1,train,0.04519684240221977,pdb_00009kvg_E1_E2
2970,1,train,0.914415180683136,pdb_00004wv1_B_A
2971,1,train,0.04120759293437004,pdb_00007ew4_S1_S2
2972,1,train,1.7107350826263428,pdb_00009mtl_I_J
2973,1,train,1.022803783416748,pdb_00009bbn_S_T
2974,1,train,0.40639930963516235,pdb_00008evi_M1_M2
2975,1,train,0.09368016570806503,pdb_00008xgo_D1_D2
2976,1,train,1.351178526878357,pdb_00004xhj_D_C
2977,1,train,1.2101755142211914,pdb_00007yru_H_L
2978,1,train,1.1211508512496948,pdb_00005ggt_H_L
2979,1,train,1.2122215032577515,pdb_00001fsk_I_H
2980,1,train,0.030966540798544884,pdb_00008hnk_S1_S2
2981,1,train,0.25917837023735046,pdb_00007u0i_N1_N2
2982,1,train,0.7341339588165283,pdb_00006k5i_C_D
2983,1,train,0.10737615078687668,pdb_00009vmg_S1_S2
2984,1,train,1.3180691003799438,pdb_00009quw_D_C
2985,1,train,0.9775220155715942,pdb_00009cpr_H_L
2986,1,train,0.9843266606330872,pdb_00009huo_C_D
2987,1,train,0.33023330569267273,pdb_00008j21_B1_B2
2988,1,train,0.5083796977996826,pdb_00006k5d_C_D
2989,1,train,1.246018886566162,pdb_00008zd5_K_L
2990,1,train,0.4292854070663452,pdb_00007ucy_E_F
2991,1,train,1.0012927055358887,pdb_00008cn9_B_A
2992,1,train,0.8983427286148071,pdb_00009fyt_I_M
2993,1,train,1.0928343534469604,pdb_00007zmk_G_H
2994,1,train,0.8297789096832275,pdb_00007wwk_G_F
2995,1,train,1.209705114364624,pdb_00007wph_E_D
2996,1,train,0.920857310295105,pdb_00007tbf_D_E
2997,1,train,0.04323628544807434,pdb_00007ezh_H1_H2
2998,1,train,0.8348031044006348,pdb_00009azr_H_L
2999,1,train,1.0689661502838135,pdb_00009b82_P_O
3000,1,train,1.6672441959381104,pdb_00005c0n_C_D
3001,1,train,0.06653336435556412,pdb_00009d4z_E1_E2
3002,1,train,0.06335186213254929,pdb_00008wwj_E1_E2
3003,1,train,1.206142544746399,pdb_00007qnx_A_B
3004,1,train,0.9734863638877869,pdb_00006h3u_I_M
3005,1,train,1.0167436599731445,pdb_00001kir_B_A
3006,1,train,0.6861305236816406,pdb_00001ic7_H_L
3007,1,train,0.9715167284011841,pdb_00004okv_A_B
3008,1,train,0.7669615745544434,pdb_00007kmg_A_B
3009,1,train,0.6022681593894958,pdb_000011oo_H_L
3010,1,train,0.036807019263505936,pdb_00007wz7_C1_C2
3011,1,train,1.2988992929458618,pdb_00007uzd_H_L
3012,1,train,0.03286872059106827,pdb_00007xw9_S1_S2
3013,1,train,1.1744232177734375,pdb_00006fax_H_L
3014,1,train,0.7925928831100464,pdb_00008jkh_m_n
3015,1,train,1.6470063924789429,pdb_00009ivj_H_L
3016,1,train,0.3314533531665802,pdb_00008u9s_N2_N1
3017,1,train,1.066519856452942,pdb_00009q7b_J_K
3018,1,train,0.027729101479053497,pdb_00009izh_S1_S2
3019,1,train,0.7757692337036133,pdb_00007x1m_H_L
3020,1,train,0.7583447098731995,pdb_00004lf3_E_D
3021,1,train,1.2150352001190186,pdb_00006dfi_H_L
3022,1,train,0.887242317199707,pdb_00008txu_E_J
3023,1,train,0.9324637055397034,pdb_00007c81_H_L
3024,1,train,0.7508515119552612,pdb_00006w0h_A_B
3025,1,train,1.9857463836669922,pdb_00004hf5_H_L
3026,1,train,0.03304404392838478,pdb_00008j6j_H1_H2
3027,1,train,0.025170564651489258,pdb_00008xjk_E1_E2
3028,1,train,1.1538288593292236,pdb_00007rku_J_K
3029,1,train,0.08959566056728363,pdb_00008hqe_H1_H2
3030,1,train,0.02013525366783142,pdb_00007vv5_S1_S2
3031,1,train,2.0150811672210693,pdb_00006ba5_H_G
3032,1,train,0.713093101978302,pdb_00009ouq_J_K
3033,1,train,0.5118553638458252,pdb_00002qr0_R_Q
3034,1,train,0.3652595281600952,pdb_00001ott_C_D
3035,1,train,0.03591756895184517,pdb_00008jso_S1_S2
3036,1,train,0.02728590928018093,pdb_00008zqe_S1_S2
3037,1,train,1.192075252532959,pdb_00008d7e_D_E
3038,1,train,1.010337233543396,pdb_00008ee8_H_L
3039,1,train,0.02020234800875187,pdb_00008dwc_E1_E2
3040,1,train,1.6886767148971558,pdb_00003ri5_F_N
3041,1,train,0.81125807762146,pdb_00001tzi_B_A
3042,1,train,1.043816328048706,pdb_00001e6j_H_L
3043,1,train,1.2756718397140503,pdb_00007t0w_H_L
3044,1,train,0.7586216926574707,pdb_00006gv4_H_L
3045,1,train,1.0466974973678589,pdb_00008a96_K_J
3046,1,train,0.0655175969004631,pdb_00007sr8_E1_E2
3047,1,train,0.3122738003730774,pdb_00008ubl_N2_N1
3048,1,train,0.932404637336731,pdb_00008y3k_I_J
3049,1,train,0.062272727489471436,pdb_00007l1u_H1_H2
3050,1,train,0.4279049038887024,pdb_00003or6_A_B
3051,1,train,0.835533082485199,pdb_00007lop_H_L
3052,1,train,0.6647352576255798,pdb_00007kfw_F_G
3053,1,train,0.33990949392318726,pdb_00003nif_E_F
3054,1,train,1.0369712114334106,pdb_00007k9z_B_A
3055,1,train,0.9382309317588806,pdb_00007u9e_B1_B2
3056,1,train,0.6490783095359802,pdb_00007mzj_F_E
3057,1,train,0.029040973633527756,pdb_00007evz_E1_E2
3058,1,train,0.030013106763362885,pdb_00009ydu_E1_E2
3059,1,train,0.1933625489473343,pdb_00002htk_E_F
3060,1,train,0.02399507164955139,pdb_00007s8p_E1_E2
3061,1,train,0.6528717279434204,pdb_00007jmo_H_L
3062,1,train,0.06127768009901047,pdb_00007xmt_S1_S2
3063,1,train,0.7712595462799072,pdb_00007rks_H_L
3064,1,train,0.26781946420669556,pdb_00002vdn_H_L
3065,1,train,1.8712215423583984,pdb_00008gsd_H_L
3066,1,train,0.8600496649742126,pdb_00001za3_B_A
3067,1,train,0.016678577288985252,pdb_00007vfx_S1_S2
3068,1,train,0.07256345450878143,pdb_00008hqn_H1_H2
3069,1,train,0.04135933518409729,pdb_00009ydv_E1_E2
3070,1,train,0.5282378196716309,pdb_00001j1p_H_L
3071,1,train,1.262094259262085,pdb_00006wtv_B_C
3072,1,train,1.3525745868682861,pdb_00008cz8_A2_A1
3073,1,train,1.3132827281951904,pdb_00006a4k_H_L
3074,1,train,1.0072903633117676,pdb_00007x93_E_F
3075,1,train,0.5218430161476135,pdb_00008elp_H_L
3076,1,train,0.9648311138153076,pdb_00009ib3_H_L
3077,1,train,1.198434591293335,pdb_00008vsj_H_L
3078,1,train,0.6553586721420288,pdb_00007pry_F_G
3079,1,train,0.06329748779535294,pdb_00008zme_E1_E2
3080,1,train,1.1026405096054077,pdb_00008vgi_J_I
3081,1,train,0.961123526096344,pdb_00009ue8_U_V
3082,1,train,1.460794448852539,pdb_00008khd_H_J
3083,1,train,1.0220178365707397,pdb_00007w71_H_L
3084,1,train,1.3155462741851807,pdb_00002vxq_H_L
3085,1,train,0.0496792234480381,pdb_00007s8m_E1_E2
3086,1,train,1.2392317056655884,pdb_00002w9e_H_L
3087,1,train,0.0616731233894825,pdb_00008j19_S1_S2
3088,1,train,0.14102783799171448,pdb_00007vif_E1_E2
3089,1,train,1.9767019748687744,pdb_00009o7i_D_C
3090,1,train,0.0888143852353096,pdb_00008jpn_S1_S2
3091,1,train,0.03172476962208748,pdb_00009upv_S1_S2
3092,1,train,0.3948584794998169,pdb_00008dk5_N1_N2
3093,1,train,0.056093908846378326,pdb_00008wrb_E1_E2
3094,1,train,0.6056568622589111,pdb_00009oum_H_L
3095,1,train,0.06265202909708023,pdb_00009ipv_S1_S2
3096,1,train,0.6143286824226379,pdb_00008bcz_E_F
3097,1,train,0.9274806380271912,pdb_00006hjp_G_H
3098,1,train,0.7977110743522644,pdb_00006iap_H_L
3099,1,train,1.11474609375,pdb_00007zfb_A_B
3100,1,train,2.3065598011016846,pdb_00005i9q_B_C
3101,1,train,0.9079803824424744,pdb_00001xgp_B_A
3102,1,train,0.9906574487686157,pdb_00008f6x_D1_D2
3103,1,train,0.6616352200508118,pdb_00003h42_H_L
3104,1,train,1.0499143600463867,pdb_00009ci8_B_A
3105,1,train,0.68604576587677,pdb_00007d85_B_C
3106,1,train,0.9125121235847473,pdb_00006zh9_HHH_LLL
3107,1,train,1.2040948867797852,pdb_00009hi4_A_B
3108,1,train,0.935861349105835,pdb_00004tnw_V_Z
3109,1,train,0.8276042342185974,pdb_00008wpw_H_L
3110,1,train,1.797825813293457,pdb_00001n5y_H_L
3111,1,train,0.8418769240379333,pdb_00008w2e_D_C
3112,1,train,0.9087909460067749,pdb_00007jmw_H_L
3113,1,train,0.556596040725708,pdb_00005oca_H_L
3114,1,train,0.08086634427309036,pdb_00008xgs_D1_D2
3115,1,train,0.09163476526737213,pdb_00009izd_S1_S2
3116,1,train,1.2882808446884155,pdb_00005x8l_S_N
3117,1,train,1.372884750366211,pdb_00006p4b_B_A
3118,1,train,0.7285249829292297,pdb_00002fjh_H_L
3119,1,train,0.836939811706543,pdb_00007xsc_D_H
3120,1,train,1.113052487373352,pdb_00009cfh_H_L
3121,1,train,1.1240170001983643,pdb_00007wvl_H_L
3122,1,train,0.6658201813697815,pdb_00006w0f_A_B
3123,1,train,1.1381659507751465,pdb_00006ejg_D2_D1
3124,1,train,1.3905410766601562,pdb_00003mxw_H_L
3125,1,train,0.03391978517174721,pdb_00008y45_S1_S2
3126,1,train,1.0382006168365479,pdb_00007det_D1_D2
3127,1,train,1.2198870182037354,pdb_00008vgm_E_F
3128,1,train,0.1883997917175293,pdb_00009ge3_F1_F2
3129,1,train,0.8145235776901245,pdb_00008hn7_B_A
3130,1,train,0.13266727328300476,pdb_00008k9k_H1_H2
3131,1,train,0.6515769362449646,pdb_00007cvt_C_D
3132,1,train,0.8543229103088379,pdb_00001dee_D_C
3133,1,train,0.7583336234092712,pdb_00007dk0_A_B
3134,1,train,1.216296911239624,pdb_00009c6y_C_D
3135,1,train,0.9447285532951355,pdb_00003ri5_G_K
3136,1,train,0.04282452166080475,pdb_00008t3s_N1_N2
3137,1,train,1.2307742834091187,pdb_00002oz4_H_L
3138,1,train,1.0961031913757324,pdb_00009bao_G_H
3139,1,train,1.7640721797943115,pdb_00007s11_I_M
3140,1,train,0.042550619691610336,pdb_00009ast_E1_E2
3141,1,train,0.787769615650177,pdb_00008f6x_E1_E2
3142,1,train,0.10249216854572296,pdb_00008y6w_D1_D2
3143,1,train,0.04303538426756859,pdb_00008iyw_H1_H2
3144,1,train,1.3490875959396362,pdb_00001fdl_H_L
3145,1,train,0.4821045696735382,pdb_00007k5x_N2_N1
3146,1,train,0.39957913756370544,pdb_00007uh8_E_F
3147,1,train,0.07301854342222214,pdb_00007t96_E1_E2
3148,1,train,0.0370505228638649,pdb_00008jbf_E1_E2
3149,1,train,0.7472648620605469,pdb_00006ii4_H_L
3150,1,train,0.02162807434797287,pdb_00008yyw_B1_B2
3151,1,train,0.49849733710289,pdb_00009oun_J_K
3152,1,train,0.47121021151542664,pdb_00003or7_A_B
3153,1,train,1.4088764190673828,pdb_00007ean_H_L
3154,1,train,0.7133930325508118,pdb_00009bao_E_F
3155,1,train,0.023129958659410477,pdb_00007vkt_E1_E2
3156,1,train,1.7382763624191284,pdb_00008z6x_B_C
3157,1,train,0.8079782128334045,pdb_00006cyf_U_T
3158,1,train,0.21189633011817932,pdb_00008spu_N1_N2
3159,1,train,0.03369767591357231,pdb_00006omm_E1_E2
3160,1,train,0.632238507270813,pdb_00008dww_H_L
3161,1,train,1.634871482849121,pdb_00006mto_H_L
3162,1,train,1.1867713928222656,pdb_00009od3_H_L
3163,1,train,1.1365846395492554,pdb_00007ttx_H_L
3164,1,train,0.8788157105445862,pdb_00006xq4_E_F
3165,1,train,0.026575613766908646,pdb_00008iru_E1_E2
3166,1,train,0.6688587069511414,pdb_00008dn6_C_D
3167,1,train,0.6772190928459167,pdb_00002r0l_H_L
3168,1,train,1.0129528045654297,pdb_00007f3q_C_B
3169,1,train,0.8993391394615173,pdb_00008gy5_H_L
3170,1,train,1.6086269617080688,pdb_00007mkm_H_L
3171,1,train,1.0045361518859863,pdb_00005wk3_S_R
3172,1,train,1.6577656269073486,pdb_00005w3m_E_G
3173,1,train,1.0570682287216187,pdb_00009jy3_R_Q
3174,1,train,1.1762968301773071,pdb_00008el2_H_L
3175,1,train,1.0940316915512085,pdb_00008w86_E_F
3176,1,train,0.9609426856040955,pdb_00008vgi_F_E
3177,1,train,0.037510521709918976,pdb_00007xa3_E1_E2
3178,1,train,1.0268648862838745,pdb_00004n90_F_G
3179,1,train,0.03210454061627388,pdb_00007s8n_E1_E2
3180,1,train,1.0704911947250366,pdb_00007pry_C_D
3181,1,train,0.6857415437698364,pdb_00009zq9_I2_I1
3182,1,train,0.8146424889564514,pdb_00008hn7_D_C
3183,1,train,1.2321767807006836,pdb_00008g5a_H_L
3184,1,train,0.8261631727218628,pdb_00003dvg_B_A
3185,1,train,1.2832002639770508,pdb_00007unb_H_L
3186,1,train,0.27054333686828613,pdb_00001otu_C_D
3187,1,train,0.024461572989821434,pdb_00006lfo_S1_S2
3188,1,train,0.8401998281478882,pdb_00008zyu_D_Q
3189,1,train,1.343907356262207,pdb_00009oco_H_L
3190,1,train,1.451454997062683,pdb_00008tpa_H_L
3191,1,train,0.6811611652374268,pdb_00008caf_D_C
3192,1,train,0.06372100859880447,pdb_00007y89_S1_S2
3193,1,train,0.015909763053059578,pdb_00006wwz_S1_S2
3194,1,train,2.1560826301574707,pdb_00007uij_H_L
3195,1,train,1.4398713111877441,pdb_00006xpz_B_C
3196,1,train,1.7540029287338257,pdb_00004f37_H_L
3197,1,train,0.36284568905830383,pdb_00007k61_N2_N1
3198,1,train,1.3705006837844849,pdb_00007zwi_B_C
3199,1,train,0.279157817363739,pdb_00007k5y_M2_M1
3200,1,train,0.655534029006958,pdb_00004tnw_G_K
3201,1,train,0.2056960016489029,pdb_00007u0j_N1_N2
3202,1,train,0.027877625077962875,pdb_00007t6b_E1_E2
3203,1,train,0.8491277694702148,pdb_00009ima_C_D
3204,1,train,0.025538109242916107,pdb_00009ldx_S1_S2
3205,1,train,2.0031726360321045,pdb_00008v2e_A_B
3206,1,train,1.0205491781234741,pdb_00007m3i_H_L
3207,1,train,0.02769598178565502,pdb_00009uam_E1_E2
3208,1,train,1.479310154914856,pdb_00005dhx_B2_B1
3209,1,train,0.5822784304618835,pdb_00008as0_W_V
3210,1,train,0.5713977217674255,pdb_00006vmk_M_L
3211,1,train,0.7820650935173035,pdb_00008tui_H_L
3212,1,train,0.7518064975738525,pdb_00008sgo_K_L
3213,1,train,0.7062146663665771,pdb_00003b2u_T_U
3214,1,train,1.7083196640014648,pdb_00005d1z_D_C
3215,1,train,1.2381983995437622,pdb_00007ahu_H_L
3216,1,train,0.9060366749763489,pdb_00005w0k_E_F
3217,1,train,0.7934967875480652,pdb_00007m6d_H_L
3218,1,train,1.1704190969467163,pdb_00008hrd_N_Q
3219,1,train,0.5377343893051147,pdb_00001c08_B_A
3220,1,train,0.027754398062825203,pdb_00008hnl_S1_S2
3221,1,train,0.7537039518356323,pdb_00007xj9_I_H
3222,1,train,1.4905530214309692,pdb_00006wtv_E_F
3223,1,train,1.2514021396636963,pdb_00009os5_I_L
3224,1,train,1.0251076221466064,pdb_00007ua2_H1_H2
3225,1,train,0.018946021795272827,pdb_00009jh5_S1_S2
3226,1,train,0.10332214087247849,pdb_00009kz2_H1_H2
3227,1,train,0.0419498048722744,pdb_00009j8z_S1_S2
3228,1,train,0.5435997843742371,pdb_00007kfy_H_L
3229,1,train,0.03783870488405228,pdb_00008hj5_C1_C2
3230,1,train,1.2734121084213257,pdb_00007ec5_E_F
3231,1,train,1.425986647605896,pdb_00006t9e_HHH_LLL
3232,1,train,0.9778280258178711,pdb_00009mq9_J_N
3233,1,train,1.5643129348754883,pdb_00006xq0_B_C
3234,1,train,0.02180953323841095,pdb_00007rgp_E1_E2
3235,1,train,0.2842782437801361,pdb_00007cvs_E_F
3236,1,train,2.281383991241455,pdb_00009osx_B_C
3237,1,train,1.1480398178100586,pdb_00006woz_E_F
3238,1,train,0.5734580159187317,pdb_00006ii8_G_I
3239,1,train,0.867652177810669,pdb_00004h88_H_L
3240,1,train,1.2034621238708496,pdb_00004xrc_B_A
3241,1,train,0.5925224423408508,pdb_00008i5h_E_F
3242,1,train,0.6854813694953918,pdb_00007nx7_H_L
3243,1,train,1.3434522151947021,pdb_00007l7e_M_N
3244,1,train,0.8097933530807495,pdb_00009jy1_P_O
3245,1,train,0.035229701548814774,pdb_00008k4s_D1_D2
3246,1,train,0.8498567938804626,pdb_00008vgl_H_L
3247,1,train,1.0813506841659546,pdb_00007u9e_H1_H2
3248,1,train,0.021235540509223938,pdb_00009oxa_D1_D2
3249,1,train,1.1219842433929443,pdb_00008uzp_A_B
3250,1,train,0.7336349487304688,pdb_00007tn0_H_G
3251,1,train,1.3904590606689453,pdb_00002vit_B_A
3252,1,train,0.01656576804816723,pdb_00007tuz_E1_E2
3253,1,train,0.03166202828288078,pdb_00007y66_S1_S2
3254,1,train,0.03118555061519146,pdb_00009k3k_S1_S2
3255,1,train,0.050331246107816696,pdb_00008wwm_E1_E2
3256,1,train,0.5238202214241028,pdb_00008sgo_J_I
3257,1,train,1.4582080841064453,pdb_00007mmo_A_B
3258,1,train,0.06277171522378922,pdb_00008xyk_S1_S2
3259,1,train,1.1608749628067017,pdb_00009kvk_H_L
3260,1,train,0.7999625205993652,pdb_00002fjh_B_A
3261,1,train,0.0315973125398159,pdb_00008hk3_H1_H2
3262,1,train,0.5939223766326904,pdb_00007sts_A_B
3263,1,train,0.4851631224155426,pdb_00003f7y_A_B
3264,1,train,0.07311294972896576,pdb_00008xjo_E1_E2
3265,1,train,1.196655511856079,pdb_00009hhr_F_E
3266,1,train,0.9475849270820618,pdb_00009lsj_D1_E2
3267,1,train,0.5052106380462646,pdb_00002dqf_E_D
3268,1,train,0.762643039226532,pdb_00007t87_H_L
3269,1,train,0.26313868165016174,pdb_00007ukt_E_F
3270,1,train,0.17266646027565002,pdb_00007k78_L1_L2
3271,1,train,0.6914523839950562,pdb_00009lbs_D_C
3272,1,train,0.16250298917293549,pdb_00004fg6_E_F
3273,1,train,0.8461344838142395,pdb_00007sco_E_F
3274,1,train,0.8640049695968628,pdb_00003u30_F_E
3275,1,train,0.7964701652526855,pdb_00008vgh_F_E
3276,1,train,0.16323237121105194,pdb_00002h2s_C_D
3277,1,train,1.407261610031128,pdb_00006gff_N_M
3278,1,train,0.031025081872940063,pdb_00007ej8_H1_H2
3279,1,train,1.0233726501464844,pdb_00007f0x_B1_B2
3280,1,train,0.18922965228557587,pdb_00008ubl_M2_M1
3281,1,train,0.8473877310752869,pdb_00007lq7_F_G
3282,1,train,0.9834187030792236,pdb_00004yk4_C_B
3283,1,train,0.6851218342781067,pdb_00008j1q_B_A
3284,1,train,0.4714401066303253,pdb_00008vqy_K_L
3285,1,train,0.20477986335754395,pdb_00002vdp_H_L
3286,1,train,0.0947650745511055,pdb_00008xgm_S1_S2
3287,1,train,0.3913865387439728,pdb_00003fb7_A_B
3288,1,train,0.5023131370544434,pdb_00007c01_H_L
3289,1,train,0.06458529084920883,pdb_00009lrs_E1_E2
3290,1,train,0.6874387860298157,pdb_00007y7m_F_G
3291,1,train,1.9648385047912598,pdb_00009me7_J_N
3292,1,train,0.7525245547294617,pdb_00006cyf_F_E
3293,1,train,0.04018095135688782,pdb_00009bsb_E1_E2
3294,1,train,1.3748646974563599,pdb_00004fqj_H_L
3295,1,train,1.1135904788970947,pdb_00007uvs_D_E
3296,1,train,0.753159761428833,pdb_00009n4f_O_P
3297,1,train,0.050640229135751724,pdb_00009ns9_N1_N2
3298,1,train,1.131733775138855,pdb_00009mif_H_L
3299,1,train,0.8507118821144104,pdb_00008vgk_H_G
3300,1,train,1.098911166191101,pdb_00009npg_A_B
3301,1,train,1.4987088441848755,pdb_00005lsp_S_T
3302,1,train,1.4931763410568237,pdb_00007ezv_M_N
3303,1,train,1.277449607849121,pdb_00006t9d_HHH_LLL
3304,1,train,0.27319321036338806,pdb_00008sps_K1_K2
3305,1,train,1.4913424253463745,pdb_00009kyz_A_B
3306,1,train,0.021694902330636978,pdb_00009kfi_S1_S2
3307,1,train,0.02350764535367489,pdb_00008y02_S1_S2
3308,1,train,1.1177222728729248,pdb_00007v3g_I_M
3309,1,train,1.1546528339385986,pdb_00005wko_I_J
3310,1,train,0.5848679542541504,pdb_00007kfw_C_D
3311,1,train,0.8135335445404053,pdb_00008y0y_D1_D4
3312,1,train,1.0379472970962524,pdb_00009hh9_E_D
3313,1,train,0.06844116002321243,pdb_00009k27_D1_D2
3314,1,train,0.024863744154572487,pdb_00007t6v_E1_E2
3315,1,train,0.7203065752983093,pdb_00008j8r_D_E
3316,1,train,0.9872585535049438,pdb_00007djz_A_B
3317,1,train,1.0255810022354126,pdb_00007ubs_I1_I2
3318,1,train,1.1789772510528564,pdb_00003rhw_I_O
3319,1,train,0.7601958513259888,pdb_00007jx3_H_L
3320,1,train,0.42827561497688293,pdb_00002dqj_H_L
3321,1,train,1.3116474151611328,pdb_00008d9y_F_E
3322,1,train,1.1015880107879639,pdb_00008w5r_H_L
3323,1,train,1.5153489112854004,pdb_00009mkn_Q_R
3324,1,train,1.5304601192474365,pdb_00009kvk_A_B
3325,1,train,0.27701982855796814,pdb_00001ots_C_D
3326,1,train,0.8057003617286682,pdb_00001g7m_B_A
3327,1,train,1.4032829999923706,pdb_00005anm_B_A
3328,1,train,0.6674724221229553,pdb_00005u5f_B_A
3329,1,train,0.8003445267677307,pdb_00007dk2_J_K
3330,1,train,1.0356273651123047,pdb_00008xe9_A_B
3331,1,train,0.8944564461708069,pdb_00007whz_B_D
3332,1,train,0.563029944896698,pdb_00005u6a_B_A
3333,1,train,0.07239408791065216,pdb_00007sqo_E1_E2
3334,1,train,1.0613878965377808,pdb_00008v5v_b_d
3335,1,train,0.7976797223091125,pdb_00008hpf_M_N
3336,1,train,0.02882266603410244,pdb_00007t10_S1_S2
3337,1,train,1.8041242361068726,pdb_00008hrd_O_P
3338,1,train,0.7244961261749268,pdb_00008smt_I_J
3339,1,train,0.5915318727493286,pdb_00007kfx_H_L
3340,1,train,0.036466702818870544,pdb_00009w6w_E1_E2
3341,1,train,1.1694080829620361,pdb_00008sdh_H_L
3342,1,train,0.800103485584259,pdb_00009lae_A_B
3343,1,train,0.7407020330429077,pdb_00007qf1_C_B
3344,1,train,0.6257166862487793,pdb_00007klg_H_L
3345,1,train,0.6314775347709656,pdb_00007xcz_D_E
3346,1,train,0.818588376045227,pdb_00006yor_H_L
3347,1,train,0.04293975234031677,pdb_00007xav_E1_E2
3348,1,train,0.590117335319519,pdb_00007zfe_M_N
3349,1,train,0.04543977230787277,pdb_00008efb_E1_E2
3350,1,train,1.2567360401153564,pdb_00009mtj_H_L
3351,1,train,0.5002886652946472,pdb_00008si9_K_L
3352,1,train,1.2948827743530273,pdb_00007x3e_H_L
3353,1,train,1.203208565711975,pdb_00007k9i_H_L
3354,1,train,0.04228918254375458,pdb_00009jks_S1_S2
3355,1,train,0.02360142208635807,pdb_00008jii_S1_S2
3356,1,train,0.027732692658901215,pdb_00007eb2_N1_N2
3357,1,train,0.5048651695251465,pdb_00002qr0_L_K
3358,1,train,0.22626231610774994,pdb_00008ubi_N2_N1
3359,1,train,1.583396553993225,pdb_00005d1z_F_E
3360,1,train,0.5949749946594238,pdb_00009l6c_A_B
3361,1,train,0.7717683911323547,pdb_00007mzn_H_L
3362,1,train,0.8852052688598633,pdb_00008v5v_f_g
3363,1,train,1.260339617729187,pdb_00009mkn_O_P
3364,1,train,0.6599280834197998,pdb_00007x66_H_L
3365,1,train,0.017002267763018608,pdb_00008kfx_S1_S2
3366,1,train,0.04680360108613968,pdb_00008wwi_E1_E2
3367,1,train,0.9564179182052612,pdb_00005ugy_H_L
3368,1,train,0.9801552295684814,pdb_00009n8j_H_I
3369,1,train,1.6354553699493408,pdb_00006s3d_H_L
3370,1,train,0.021264255046844482,pdb_00008vy9_D1_D2
3371,1,train,1.0515837669372559,pdb_00001xgu_B_A
3372,1,train,0.22525383532047272,pdb_00003ejz_C_D
3373,1,train,0.954797625541687,pdb_00009jy2_B_A
3374,1,train,1.3526138067245483,pdb_00009mqd_J_N
3375,1,train,0.948641836643219,pdb_00007bwj_H_L
3376,1,train,0.039207056164741516,pdb_00008xzf_S1_S2
3377,1,train,1.434147596359253,pdb_00003qwo_H_L
3378,1,train,0.44593948125839233,pdb_00003hpl_A_B
3379,1,train,0.016397792845964432,pdb_00008ghv_S1_S2
3380,1,train,0.8203350901603699,pdb_00008y31_D_C
3381,1,train,0.04668394848704338,pdb_00008ykd_S1_S2
3382,1,train,0.7616349458694458,pdb_00007zlg_H_L
3383,1,train,0.12925772368907928,pdb_00008zcj_E1_E2
3384,1,train,1.1489759683609009,pdb_00007rxj_A_B
3385,1,train,0.784163773059845,pdb_00007sco_H_L
3386,1,train,1.8130638599395752,pdb_00009mth_H_L
3387,1,train,0.08647459000349045,pdb_00009xhh_D1_D2
3388,1,train,0.7224080562591553,pdb_00008j22_F1_F2
3389,1,train,0.02845984883606434,pdb_00008kgg_E1_E2
3390,1,train,0.04657800495624542,pdb_00007w3z_H1_H2
3391,1,train,0.12299562245607376,pdb_00002htl_C_D
3392,1,train,0.15636323392391205,pdb_00003det_E_F
3393,1,train,1.1317951679229736,pdb_00006vvu_G_I
3394,1,train,0.8353999853134155,pdb_00004dgi_H_L
3395,1,train,1.239134430885315,pdb_00009e60_H_L
3396,1,train,0.3757394254207611,pdb_00007u0g_O1_O2
3397,1,train,1.6633440256118774,pdb_00009cds_E_D
3398,1,train,0.07669592648744583,pdb_00007ew3_S1_S2
3399,1,train,1.0006628036499023,pdb_00006uig_B_C
3400,1,train,1.2635912895202637,pdb_00009os5_H_K
3401,1,train,1.3467800617218018,pdb_00007kqh_C_D
3402,1,train,1.1929763555526733,pdb_00007kyo_H_L
3403,1,train,0.7342745065689087,pdb_00003s37_H_L
3404,1,train,0.6474021673202515,pdb_00009nz3_F_E
3405,1,train,1.2364615201950073,pdb_00008dv6_H_D
3406,1,train,0.6007329821586609,pdb_00006w0g_A_B
3407,1,train,1.4946796894073486,pdb_00004u6h_A_B
3408,1,train,0.4268718957901001,pdb_00006x3u_K_L
3409,1,train,0.530012309551239,pdb_00007mjl_H_L
3410,1,train,0.12208688259124756,pdb_00002htl_E_F
3411,1,train,0.5978243947029114,pdb_00008jen_E_F
3412,1,train,1.2346433401107788,pdb_00009cu7_J_N
3413,1,train,0.09132322669029236,pdb_00006k5a_E_F
3414,1,train,1.6638051271438599,pdb_00008go8_I_M
3415,1,train,0.3108769953250885,pdb_00007tho_E_F
3416,1,train,1.2202014923095703,pdb_00007wcr_a_b
3417,1,train,0.7111847996711731,pdb_00004ma7_H_L
3418,1,train,0.9439198970794678,pdb_00007ucq_K1_K2
3419,1,train,0.2628113031387329,pdb_00004z7o_E_F
3420,1,train,1.217503547668457,pdb_00007mzj_N_M
3421,1,train,0.3966864347457886,pdb_00008z65_S1_S2
3422,1,train,1.701440453529358,pdb_00009mtk_H_L
3423,1,train,1.188338279724121,pdb_00008dwx_H_L
3424,1,train,0.4629579782485962,pdb_00009zqc_I2_I1
3425,1,train,0.9920693039894104,pdb_00007pa7_nnn2_nnn1
3426,1,train,0.05446109175682068,pdb_00008z8a_S1_S2
3427,1,train,0.042668867856264114,pdb_00009uan_E1_E2
3428,1,train,0.050012748688459396,pdb_00009iv1_S1_S2
3429,1,train,0.22244767844676971,pdb_00007tpd_E_F
3430,1,train,0.6367363333702087,pdb_00003b2v_H_L
3431,1,train,0.8088348507881165,pdb_00009tmp_H_L
3432,1,train,0.042115237563848495,pdb_000022es_E1_E2
3433,1,train,1.255853533744812,pdb_00004lvh_H_I
3434,1,train,0.1666657030582428,pdb_00007k78_K1_K2
3435,1,train,0.6633288860321045,pdb_00004tnw_X_i
3436,1,train,0.7460958957672119,pdb_00008smt_D_F
3437,1,train,0.30682483315467834,pdb_00006x3w_K_L
3438,1,train,0.8363267779350281,pdb_00009iz9_M_N
3439,1,train,1.9026910066604614,pdb_00007uij_A_B
3440,1,train,1.2091447114944458,pdb_00009qub_F_E
3441,1,train,1.5506529808044434,pdb_00008ag1_H_L
3442,1,train,1.2365864515304565,pdb_00008tpa_I_J
3443,1,train,1.062474250793457,pdb_00007det_B1_B2
3444,1,train,0.5556885004043579,pdb_00006b9y_B_A
3445,1,train,1.2172437906265259,pdb_00007wro_H_L
3446,1,train,0.04156026989221573,pdb_00008g05_E1_E2
3447,1,train,0.03230326250195503,pdb_00007xwo_E1_E2
3448,1,train,1.026939868927002,pdb_00007t3d_K_N
3449,1,train,0.05909870192408562,pdb_00009jkx_S1_S2
3450,1,train,1.121535062789917,pdb_00008bg1_J_K
3451,1,train,0.7454869747161865,pdb_00006iap_E_D
3452,1,train,1.3858013153076172,pdb_00008gsc_H_L
3453,1,train,1.3148599863052368,pdb_00007zfc_A_B
3454,1,train,0.6826776266098022,pdb_00007ek0_H_L
3455,1,train,0.044174328446388245,pdb_00006n4b_S1_S2
3456,1,train,0.8017197251319885,pdb_00006zlr_FFF_GGG
3457,1,train,0.09692122787237167,pdb_00009xhi_D1_D2
3458,1,train,0.2329493910074234,pdb_00007udg_E_F
3459,1,train,1.355128526687622,pdb_00005mo9_H_L
3460,1,train,0.5250788927078247,pdb_00008i5h_B_C
3461,1,train,0.9848097562789917,pdb_00007deu_B1_B2
3462,1,train,1.0164707899093628,pdb_00008znz_I_J
3463,1,train,0.09653513133525848,pdb_00007w7e_H1_H2
3464,1,train,0.6688898801803589,pdb_00005yoy_Q_N
3465,1,train,1.4499300718307495,pdb_00001nsn_H_L
3466,1,train,1.0308228731155396,pdb_00009mqd_H_L
3467,1,train,0.9104991555213928,pdb_00003bn9_F_E
3468,1,train,1.7431236505508423,pdb_00008dwo_U_V
3469,1,train,0.04784295707941055,pdb_00008wwl_E1_E2
3470,1,train,0.9187473654747009,pdb_00009b82_N_M
3471,1,train,1.0800071954727173,pdb_00007ycl_A_B
3472,1,train,0.5325643420219421,pdb_00009x3z_S1_S2
3473,1,train,1.028036117553711,pdb_00007wqv_L1_L2
3474,1,train,1.0982669591903687,pdb_00006t9d_AAA_BBB
3475,1,train,0.6733012795448303,pdb_00003rif_G_K
3476,1,train,0.8002111911773682,pdb_00007bpk_C_D
3477,1,train,0.16048355400562286,pdb_00002exy_E_F
3478,1,train,1.7178330421447754,pdb_00005ldn_H_L
3479,1,train,1.2233153581619263,pdb_00005x8l_G_L
3480,1,train,1.1274465322494507,pdb_00006oc3_C_D
3481,1,train,1.1214100122451782,pdb_00007x2w_H_L
3482,1,train,0.3078233301639557,pdb_00008vrn_K_L
3483,1,train,1.157775640487671,pdb_00007ykj_A_D
3484,1,train,0.05797118693590164,pdb_00008f7q_E1_E2
3485,1,train,1.0405153036117554,pdb_00009h6u_H_L
3486,1,train,0.7695777416229248,pdb_00008vgi_K_L
3487,1,train,0.06351147592067719,pdb_00006crk_H1_H2
3488,1,train,1.049423098564148,pdb_00007lop_B_C
3489,1,train,1.533559799194336,pdb_00005hbv_D_C
3490,1,train,0.7704327702522278,pdb_00001dzb_A1_A2
3491,1,train,1.210528016090393,pdb_00002r29_H_L
3492,1,train,0.46339094638824463,pdb_00008as0_T_S
3493,1,train,0.7600029110908508,pdb_00008zyt_D_Q
3494,1,train,2.0032575130462646,pdb_00006uyn_H_L
3495,1,train,0.7678782939910889,pdb_00009irs_S_T
3496,1,train,0.9722074270248413,pdb_00007xrz_H_L
3497,1,train,0.9978983998298645,pdb_00007fcp_H_L
3498,1,train,0.7173094749450684,pdb_00008vgh_J_I
3499,1,train,1.7865567207336426,pdb_00006wmw_H_L
3500,1,train,0.04739915207028389,pdb_00009l80_S1_S2
3501,1,train,0.05474789813160896,pdb_00009uk2_E1_E2
3502,1,train,0.7414104342460632,pdb_00008vgj_F_E
3503,1,train,1.2525800466537476,pdb_00004d9r_H_L
3504,1,train,0.9152030348777771,pdb_00008cma_H_L
3505,1,train,0.3295421302318573,pdb_00008sps_N1_N2
3506,1,train,0.4221465587615967,pdb_00008si9_J_I
3507,1,train,1.2046892642974854,pdb_00002ybr_A_B
3508,1,train,1.0345304012298584,pdb_00009rio_H_L
3509,1,train,0.8580005168914795,pdb_00004tnw_W_f
3510,1,train,1.077526569366455,pdb_00007zmk_M_N
3511,1,train,0.21813222765922546,pdb_00003nig_E_F
3512,1,train,0.45425930619239807,pdb_00001k4d_A_B
3513,1,train,0.5891589522361755,pdb_00008w2e_F_E
3514,1,train,0.5910903811454773,pdb_00009nz4_D_C
3515,1,train,0.6956698298454285,pdb_00008smt_A_B
3516,1,train,1.0177280902862549,pdb_00007t0z_H_L
3517,1,train,1.035504698753357,pdb_00009f91_A_B
3518,1,train,1.3419452905654907,pdb_00005ug0_D_C
3519,1,train,1.5960330963134766,pdb_00007mxl_A_B
3520,1,train,0.03850224241614342,pdb_00007eo2_E1_E2
3521,1,train,1.8391481637954712,pdb_00008r4n_H_L
3522,1,train,0.5581548810005188,pdb_00004tnw_Y_g
3523,1,train,0.9972553849220276,pdb_00004f2m_C_D
3524,1,train,1.658385992050171,pdb_00006d0u_C_D
3525,1,train,1.4391229152679443,pdb_00008jn1_H_L
3526,1,train,0.34780028462409973,pdb_00002itc_A_B
3527,1,train,1.019464135169983,pdb_00008dnn_E_F
3528,1,train,0.9979174733161926,pdb_00007dm2_H_L
3529,1,train,0.044627223163843155,pdb_00009m2f_S1_S2
3530,1,train,0.0802718997001648,pdb_00007xau_E1_E2
3531,1,train,0.9588156938552856,pdb_00007m42_D_C
3532,1,train,1.4368785619735718,pdb_00006p4b_H_L
3533,1,train,0.8805690407752991,pdb_00002h9g_B_A
3534,1,train,1.3784667253494263,pdb_00008dwo_S_T
3535,1,train,0.642096757888794,pdb_00004tnw_I_O
3536,1,train,1.0733957290649414,pdb_00009mqd_I_M
3537,1,train,0.06267175078392029,pdb_00008irs_E1_E2
3538,1,train,0.06443722546100616,pdb_00008iz4_E1_E2
3539,1,train,0.7332659959793091,pdb_00007d85_E_F
3540,1,train,0.043761562556028366,pdb_00007ezm_H1_H2
3541,1,train,0.03109540045261383,pdb_00009izf_S1_S2
3542,1,train,0.02758115716278553,pdb_00009bqj_E1_E2
3543,1,train,0.6806076169013977,pdb_00007nx8_H_L
3544,1,train,0.5671584010124207,pdb_00007x1m_C_D
3545,1,train,0.7676631212234497,pdb_00009u5q_B_C
3546,1,train,1.6390876770019531,pdb_00006hga_H_L
3547,1,train,1.9429128170013428,pdb_00006wtv_K_L
3548,1,train,0.5986644625663757,pdb_00005u5m_B_A
3549,1,train,0.9888240098953247,pdb_00008ebp_I_M
3550,1,train,0.893499493598938,pdb_00008txu_F_K
3551,1,train,0.04292678460478783,pdb_00008yn2_E1_E2
3552,1,train,0.6212476491928101,pdb_00003b2u_C_D
3553,1,train,0.8549401760101318,pdb_00007n0u_H_L
3554,1,train,0.19506345689296722,pdb_00006ad7_E_F
3555,1,train,0.03802217170596123,pdb_00008xyd_E1_E2
3556,1,train,1.1737478971481323,pdb_00007ycn_K_L
3557,1,train,1.8281749486923218,pdb_00006s3d_E_F
3558,1,train,0.9164884686470032,pdb_00008ulf_J_N
3559,1,train,0.09773149341344833,pdb_00008fx5_H1_H2
3560,1,train,1.2824043035507202,pdb_00007l7e_E_F
3561,1,train,0.09004424512386322,pdb_00009p0m_F1_F2
3562,1,train,1.4817185401916504,pdb_00006d0u_K_L
3563,1,train,0.04424969106912613,pdb_00008x17_H1_H2
3564,1,train,0.7850979566574097,pdb_00006pi7_F_E
3565,1,train,0.732501745223999,pdb_00009irs_H_L
3566,1,train,0.7828242182731628,pdb_00003nh7_H_L
3567,1,train,1.10442054271698,pdb_00003fku_Z1_Z2
3568,1,train,0.04228006675839424,pdb_00008k2x_S1_S2
3569,1,train,1.3272134065628052,pdb_00009lsi_D1_C2
3570,1,train,0.6904631853103638,pdb_00006cw3_C_D
3571,1,train,0.05443655326962471,pdb_00008ejc_E1_E2
3572,1,train,0.39494073390960693,pdb_00008ihb_S1_S2
3573,1,train,0.03472740575671196,pdb_00009m8l_N1_N2
3574,1,train,0.8673700094223022,pdb_00007rxl_C_D
3575,1,train,0.025155769661068916,pdb_00009jkt_S1_S2
3576,1,train,0.04918574541807175,pdb_00007t94_E1_E2
3577,1,train,0.8843456506729126,pdb_00008vgm_H_L
3578,1,train,0.6769839525222778,pdb_00009l6c_D_F
3579,1,train,0.9237632155418396,pdb_00003fku_S1_S2
3580,1,train,0.8250879645347595,pdb_00008jkf_m_n
3581,1,train,0.40048524737358093,pdb_00008sid_K_L
3582,1,train,0.5574390888214111,pdb_00007zfe_J_K
3583,1,train,0.8171592354774475,pdb_00002eks_B_A
3584,1,train,0.027309957891702652,pdb_00009jh6_S1_S2
3585,1,train,0.8714268803596497,pdb_00003rif_I_O
3586,1,train,1.272803544998169,pdb_00009zdu_H_L
3587,1,train,0.5543396472930908,pdb_00003s36_H_L
3588,1,train,1.1313320398330688,pdb_00008ut2_H_G
3589,1,train,0.8431902527809143,pdb_00009jy4_R_Q
3590,1,train,1.0202081203460693,pdb_00009hhr_L_H
3591,1,train,0.7179892063140869,pdb_00007yrf_F_E
3592,1,train,1.4397796392440796,pdb_00009rii_H_L
3593,1,train,0.7854481339454651,pdb_00008jio_C_B
3594,1,train,0.573108434677124,pdb_00006txz_H_L
3595,1,train,1.5212023258209229,pdb_00009e3k_J_K
3596,1,train,0.7003771662712097,pdb_00006yz7_HHH_LLL
3597,1,train,0.060888174921274185,pdb_00008h2g_E1_E2
3598,1,train,0.5286465883255005,pdb_00007kfv_H_L
3599,1,train,1.7235356569290161,pdb_00008jeo_B_C
3600,1,train,1.1654002666473389,pdb_00005vqm_H_L
3601,1,train,1.1250547170639038,pdb_00004v1d_D_E
3602,1,train,0.5544102787971497,pdb_00007zfe_F_G
3603,1,train,0.9228618144989014,pdb_00005jz7_G_I
3604,1,train,0.7149514555931091,pdb_00009jy3_P_O
3605,1,train,0.5997227430343628,pdb_00008caf_B_A
3606,1,train,1.057805061340332,pdb_00009me4_I_M
3607,1,train,0.6676259636878967,pdb_00009u5p_P_Q
3608,1,train,0.9742621183395386,pdb_00008bg5_C1_C2
3609,1,train,1.4879939556121826,pdb_00009mtf_H_L
3610,1,train,0.04400183632969856,pdb_00007vgx_S1_S2
3611,1,train,1.8271955251693726,pdb_00001hys_D_C
3612,1,train,0.92137610912323,pdb_00001kiq_B_A
3613,1,train,0.03157719597220421,pdb_00007vl9_S1_S2
3614,1,train,0.2985130548477173,pdb_00007uko_E_F
3615,1,train,1.1023790836334229,pdb_00005aaw_K1_K2
3616,1,train,0.38420021533966064,pdb_00002itd_A_B
3617,1,train,1.6050549745559692,pdb_00004ubd_G_H
3618,1,train,0.8382228016853333,pdb_00009lbs_H_L
3619,1,train,1.0707995891571045,pdb_00009cfg_H_L
3620,1,train,0.6183399558067322,pdb_00007ejy_H_L
3621,1,train,1.6709153652191162,pdb_00006oel_H_L
3622,1,train,1.0103633403778076,pdb_00007pry_H_L
3623,1,train,1.5028668642044067,pdb_00009mla_H_K
3624,1,train,0.25718897581100464,pdb_00003iga_A_B
3625,1,train,0.95216304063797,pdb_00006ogx_C_D
3626,1,train,0.055442191660404205,pdb_00008f7w_E1_E2
3627,1,train,1.0729700326919556,pdb_00009npg_K_J
3628,1,train,1.315908432006836,pdb_00007l5j_Y_X
3629,1,train,0.6398240923881531,pdb_00006z2m_H_L
3630,1,train,0.902946412563324,pdb_00003v4v_M_N
3631,1,train,1.1461011171340942,pdb_00007wph_H_L
3632,1,train,1.2881513833999634,pdb_00001fj1_D_C
3633,1,train,0.046043846756219864,pdb_00009kpe_S1_S2
3634,1,train,0.3096538484096527,pdb_00007u0j_K1_K2
3635,1,train,0.751447856426239,pdb_00008bec_C1_C2
3636,1,train,0.8429268598556519,pdb_00007lq7_P_Q
3637,1,train,1.2876790761947632,pdb_00005b8c_B_A
3638,1,train,1.4852017164230347,pdb_00005w3l_E_G
3639,1,train,1.3222225904464722,pdb_00008zre_h_l
3640,1,train,0.0257684625685215,pdb_00008zbi_F1_F2
3641,1,train,0.7683261632919312,pdb_00006xq2_C_B
3642,1,train,1.2877265214920044,pdb_00008gpu_F_G
3643,1,train,1.6648656129837036,pdb_00009leo_A_B
3644,1,train,0.9377942681312561,pdb_00007ua8_I1_I2
3645,1,train,0.9983315467834473,pdb_00007wk0_D_E
3646,1,train,1.50608491897583,pdb_00009wai_E_F
3647,1,train,1.7053762674331665,pdb_00002x7l_C_D
3648,1,train,0.07187395542860031,pdb_00009iza_S1_S2
3649,1,train,1.531813383102417,pdb_00001j5o_H_L
3650,1,train,0.834603488445282,pdb_00008zh7_E_F
3651,1,train,0.8170154094696045,pdb_00009udq_F_A
3652,1,train,0.27060168981552124,pdb_00002hlf_C_D
3653,1,train,0.9306216239929199,pdb_00001z3g_I_M
3654,1,train,0.08362167328596115,pdb_00007p00_H1_H2
3655,1,train,1.8343144655227661,pdb_00007t4q_F_G
3656,1,train,0.10000499337911606,pdb_00007trk_H1_H2
3657,1,train,1.5219393968582153,pdb_00005kov_U1_U2
3658,1,train,0.9758676886558533,pdb_00007xcz_B_C
3659,1,train,0.6348484754562378,pdb_00008jel_I_K
3660,1,train,1.3323442935943604,pdb_00004ubd_Y_X
3661,1,train,1.5024663209915161,pdb_00008erq_H_L
3662,1,train,0.5640692114830017,pdb_00008jel_C_D
3663,1,train,1.1542226076126099,pdb_00003fmg_H_L
3664,1,train,0.03563738986849785,pdb_00008xbh_S1_S2
3665,1,train,1.4390065670013428,pdb_00004kuc_F_E
3666,1,train,1.4051504135131836,pdb_00008tea_F_I
3667,1,train,0.8081156015396118,pdb_00008znz_G_H
3668,1,train,0.7778278589248657,pdb_00009cia_D_C
3669,1,train,0.04541861638426781,pdb_00007y64_S1_S2
3670,1,train,0.475085973739624,pdb_00008hws_H_L
3671,1,train,1.2939321994781494,pdb_00002vis_B_A
3672,1,train,0.9528923630714417,pdb_00008y3k_G_H
3673,1,train,0.5903795957565308,pdb_00007mzh_H_L
3674,1,train,0.9109054207801819,pdb_00008uwz_A_B
3675,1,train,0.6720879673957825,pdb_00007kmg_D_E
3676,1,train,0.6507799029350281,pdb_00006bah_B_A
3677,1,train,0.03369840607047081,pdb_00008jz7_S1_S2
3678,1,train,0.03277256339788437,pdb_00008ia7_E1_E2
3679,1,train,0.02605767548084259,pdb_00008vy7_D1_D2
3680,1,train,0.8544560670852661,pdb_00003wd5_H_L
3681,1,train,1.0347627401351929,pdb_00009n8j_B_C
3682,1,train,0.5759984254837036,pdb_00008f2j_A_B
3683,1,train,1.3638880252838135,pdb_00002x7l_A_B
3684,1,train,0.6740506291389465,pdb_00008xse_H_L
3685,1,train,1.0486741065979004,pdb_00009ue8_I_J
3686,1,train,0.6867973208427429,pdb_00001dee_F_E
3687,1,train,0.49674034118652344,pdb_00008f2j_H_L
3688,1,train,0.2453499436378479,pdb_00002vdm_H_L
3689,1,train,1.5660665035247803,pdb_00008dwy_H_L
3690,1,train,0.06221170723438263,pdb_00007l1v_H1_H2
3691,1,train,0.19760967791080475,pdb_00002vc2_H_L
3692,1,train,0.33338290452957153,pdb_00008jt6_E1_E2
3693,1,train,1.0208075046539307,pdb_00007z0y_H_L
3694,1,train,1.0165306329727173,pdb_00008w5m_H_L
3695,1,train,0.5686556696891785,pdb_00004tnw_J_M
3696,1,train,0.03406289592385292,pdb_00009u4w_S1_S2
3697,1,train,0.7150021195411682,pdb_00009m0d_D_Q
3698,1,train,0.3216705918312073,pdb_00006x3x_K_L
3699,1,train,0.2345774620771408,pdb_00008ihh_S1_S2
3700,1,train,0.02998919039964676,pdb_00009jlc_S1_S2
3701,1,train,1.0257232189178467,pdb_00006ii9_M_N
3702,1,train,1.8780415058135986,pdb_00006ba5_D_C
3703,1,train,0.03873433917760849,pdb_00009ijd_D1_D2
3704,1,train,0.7005060315132141,pdb_00009ouq_H_L
3705,1,train,1.0503753423690796,pdb_00008sit_H_L
3706,1,train,1.3346704244613647,pdb_00009bdi_H_L
3707,1,train,1.0696609020233154,pdb_00003qum_K_M
3708,1,train,1.7471519708633423,pdb_00009kve_D_F
3709,1,train,0.9449145197868347,pdb_00003vrl_H_L
3710,1,train,0.09243015199899673,pdb_00008ija_S1_S2
3711,1,train,1.2830764055252075,pdb_00008dwo_H_L
3712,1,train,0.26312288641929626,pdb_00002vdq_H_L
3713,1,train,0.7754244804382324,pdb_00007o7f_H_F
3714,1,train,0.8549191951751709,pdb_00008oz3_H_L
3715,1,train,0.7033438682556152,pdb_00006vmk_P_O
3716,1,train,0.10228556394577026,pdb_00008x2k_E1_E2
3717,1,train,1.1386343240737915,pdb_00008sdf_B_C
3718,1,train,0.25218096375465393,pdb_00006e0c_N1_N2
3719,1,train,0.032380033284425735,pdb_00008z9p_S1_S2
3720,1,train,1.3953843116760254,pdb_00002ybr_G_H
3721,1,train,0.03973753750324249,pdb_00007w56_E1_E2
3722,1,train,0.8201296329498291,pdb_00004okv_C_D
3723,1,train,1.1449499130249023,pdb_00009mtj_M_N
3724,1,train,1.1064305305480957,pdb_00006plk_I_M
3725,1,train,0.8022943139076233,pdb_00005nhr_A_B
3726,1,train,0.04313604533672333,pdb_00007jhj_D1_D2
3727,1,train,1.3654747009277344,pdb_00009mla_G_J
3728,1,train,0.034004610031843185,pdb_00007yfc_C1_C2
3729,1,train,1.0375405550003052,pdb_00005wko_E_F
3730,1,train,0.8491542935371399,pdb_00007xsc_A_B
3731,1,train,0.5535354614257812,pdb_00005ggv_H_L
3732,1,train,1.3232223987579346,pdb_00009ma7_D_E
3733,1,train,0.04739878699183464,pdb_00008wwk_E1_E2
3734,1,train,0.6715158820152283,pdb_00007sk7_D_C
3735,1,train,0.6535050868988037,pdb_00008oz3_A_B
3736,1,train,0.05564826354384422,pdb_00007xat_E1_E2
3737,1,train,1.5428345203399658,pdb_00003mj9_H_L
3738,1,train,0.08647346496582031,pdb_00008hpt_H1_H2
3739,1,train,1.0963187217712402,pdb_00008hrd_Y_Z
3740,1,train,1.0033141374588013,pdb_00004hj0_P_Q
3741,1,train,0.6169602274894714,pdb_00007zf8_H_L
3742,1,train,0.0667981207370758,pdb_00009vnz_E1_E2
3743,1,train,1.0152132511138916,pdb_00006hxw_H_L
3744,1,train,0.7419894933700562,pdb_00006cyf_M_L
3745,1,train,1.1106070280075073,pdb_00008vk1_F_E
3746,1,train,0.5146929025650024,pdb_000011ol_H_L
3747,1,train,0.33985698223114014,pdb_00009j31_D1_D2
3748,1,train,1.4000498056411743,pdb_00008w5h_H_L
3749,1,train,0.05334654450416565,pdb_00008y73_E1_E2
3750,1,train,1.0090463161468506,pdb_00009vft_F_E
3751,1,train,1.0118107795715332,pdb_00001nbz_B_A
3752,1,train,1.0446332693099976,pdb_00001fj1_B_A
3753,1,train,0.05210372805595398,pdb_00008uwl_E1_E2
3754,1,train,1.2663546800613403,pdb_00006wds_H_L
3755,1,train,0.8297791481018066,pdb_00006k5a_C_D
3756,1,train,1.51984703540802,pdb_00008e8y_H_L
3757,1,train,0.0301087386906147,pdb_00008iy5_E1_E2
3758,1,train,0.04058697074651718,pdb_00007wq3_S1_S2
3759,1,train,2.0684847831726074,pdb_00009ml8_M_N
3760,1,train,0.6202744841575623,pdb_00005bo1_I_M
3761,1,train,0.5485729575157166,pdb_00006j6y_E_F
3762,1,train,1.1633951663970947,pdb_00007dm1_D_C
3763,1,train,0.7552133202552795,pdb_00005xhv_H_L
3764,1,train,0.027867401018738747,pdb_00007ys6_E1_E2
3765,1,train,1.0412880182266235,pdb_00002iff_H_L
3766,1,train,1.2627137899398804,pdb_00007uvs_A_B
3767,1,train,0.23596709966659546,pdb_00002vdr_H_L
3768,1,train,0.5682428479194641,pdb_00006vmk_Z_Y
3769,1,train,0.8950382471084595,pdb_00009ib1_H_L
3770,1,train,1.3614519834518433,pdb_00006jep_H_L
3771,1,train,0.7207382321357727,pdb_00005nh3_H_L
3772,1,train,0.9237111806869507,pdb_00007quh_H_L
3773,1,train,0.11113724857568741,pdb_00008zbe_E1_E2
3774,1,train,1.0354020595550537,pdb_00007zfb_H_L
3775,1,train,0.028907986357808113,pdb_00008fn0_E1_E2
3776,1,train,0.02399466373026371,pdb_00008k6m_S1_S2
3777,1,train,0.0200105682015419,pdb_00007rg9_E1_E2
3778,1,train,1.5068488121032715,pdb_00008ywe_C2_C1
3779,1,train,1.0809954404830933,pdb_00007x3c_H_L
3780,1,train,0.8557541966438293,pdb_00005ugy_I_M
3781,1,train,0.09906142950057983,pdb_00009izg_S1_S2
3782,1,train,1.1981761455535889,pdb_00007yrh_F_E
3783,1,train,0.08195479959249496,pdb_00007w6p_H1_H2
3784,1,train,1.4592266082763672,pdb_00009shd_H_L
3785,1,train,1.1518027782440186,pdb_00009n4e_Q_P
3786,1,train,0.8290942907333374,pdb_00001tzh_B_A
3787,1,train,1.048995018005371,pdb_00007ycn_C_D
3788,1,train,0.20650909841060638,pdb_00003nid_E_F
3789,1,train,0.027397485449910164,pdb_00007w55_E1_E2
3790,1,train,0.8251358866691589,pdb_00008sxp_H_L
3791,1,train,0.5369086861610413,pdb_00007wnb_H_L
3792,1,train,0.7803770303726196,pdb_00007dpm_G_H
3793,1,train,0.727935791015625,pdb_00008dn6_E_F
3794,1,train,0.030529314652085304,pdb_00008y62_E1_E2
3795,1,train,0.05174528434872627,pdb_00007t8x_E1_E2
3796,1,train,0.876384973526001,pdb_00008vgk_F_E
3797,1,train,1.453281283378601,pdb_00008tbq_A_B
3798,1,train,0.015062566846609116,pdb_00008yh3_S1_S2
3799,1,train,0.8933863043785095,pdb_00002i9l_D_C
3800,1,train,0.02131872996687889,pdb_00006kpf_S1_S2
3801,1,train,0.017071837559342384,pdb_00009x20_E1_E2
3802,1,train,0.06941262632608414,pdb_00008hqm_H1_H2
3803,1,train,1.1609083414077759,pdb_00007y3n_C_D
3804,1,train,0.017459794878959656,pdb_00008vvg_E1_E2
3805,1,train,0.0486711747944355,pdb_00008wwn_E1_E2
3806,1,train,0.7966927886009216,pdb_00007yvm_C_A
3807,1,train,1.0660805702209473,pdb_00007zmk_V_W
3808,1,train,0.04088941961526871,pdb_00008yn6_E1_E2
3809,1,train,0.515848696231842,pdb_00006x3w_J_I
3810,1,train,0.025540344417095184,pdb_00008id6_S1_S2
3811,1,train,0.04378180578351021,pdb_00009jfy_S1_S2
3812,1,train,1.236425757408142,pdb_00008zdw_F_E
3813,1,train,0.9272164702415466,pdb_00008ebp_H_L
3814,1,train,1.1672431230545044,pdb_00007t3d_O_Q
3815,1,train,1.1961885690689087,pdb_00002x7l_E_F
3816,1,train,0.033771999180316925,pdb_00007y12_S1_S2
3817,1,train,0.2080659419298172,pdb_00006k5f_E_F
3818,1,train,0.113079734146595,pdb_00003zdz_E_F
3819,1,train,0.26875585317611694,pdb_00009drx_K_L
3820,1,train,0.04094265028834343,pdb_00008x16_H1_H2
3821,1,train,1.1298106908798218,pdb_00004gxu_O_P
3822,1,train,2.004855155944824,pdb_00005tfw_H_L
3823,1,train,0.025786906480789185,pdb_00009vjg_E1_E2
3824,1,train,1.113168716430664,pdb_00008jqs_H_L
3825,1,train,0.02259288914501667,pdb_00008jil_S1_S2
3826,1,train,1.199154019355774,pdb_00006ek2_H1_H2
3827,1,train,0.09763123840093613,pdb_00008gur_S1_S2
3828,1,train,0.06617674976587296,pdb_00009j0b_S1_S2
3829,1,train,1.276833415031433,pdb_00006t9e_AAA_BBB
3830,1,train,1.111130952835083,pdb_00007lf7_A_B
3831,1,train,0.6135618090629578,pdb_00008f2j_I_J
3832,1,train,0.7324107885360718,pdb_00004zff_A_B
3833,1,train,0.7131108045578003,pdb_00008qh0_H_L
3834,1,train,0.7907993793487549,pdb_00006dkj_A_B
3835,1,train,0.8981648683547974,pdb_00009mqa_J_N
3836,1,train,0.19654016196727753,pdb_00008evg_M1_M2
3837,1,train,0.04241304472088814,pdb_000021ag_S1_S2
3838,1,train,0.03177393972873688,pdb_00009v0x_E1_E2
3839,1,train,1.489910364151001,pdb_00007xj9_K_J
3840,1,train,0.6839892268180847,pdb_00009zqa_J2_J1
3841,1,train,0.5804687738418579,pdb_00007kmh_A_B
3842,1,train,1.643246054649353,pdb_00009e3l_G_H
3843,1,train,1.7005040645599365,pdb_00008s72_H_L
3844,1,train,1.0301669836044312,pdb_00006woz_K_L
3845,1,train,0.9647376537322998,pdb_00009ds1_H_L
3846,1,train,0.8810676336288452,pdb_00007ubs_J1_J2
3847,1,train,0.40152406692504883,pdb_00003stl_A_B
3848,1,train,0.016586272045969963,pdb_00008k4n_E1_E2
3849,1,train,0.4916621148586273,pdb_00007yck_E_F
3850,1,train,0.02544153667986393,pdb_00008iu2_S1_S2
3851,1,train,1.0337756872177124,pdb_00006plk_H_L
3852,1,train,1.6984262466430664,pdb_00004kuc_H_D
3853,1,train,0.8449232578277588,pdb_00007tpj_H_L
3854,1,train,0.025200890377163887,pdb_00009ite_E1_E2
3855,1,train,1.590870976448059,pdb_00009e3l_I_J
3856,1,train,0.20216907560825348,pdb_00003det_C_D
3857,1,train,1.0503612756729126,pdb_00001xgq_B_A
3858,1,train,0.5219988226890564,pdb_00006ktr_A_B
3859,1,train,2.014392614364624,pdb_00001jrh_H_L
3860,1,train,1.2387871742248535,pdb_00006wtu_H_I
3861,1,train,1.5541821718215942,pdb_00008hpu_H_L
3862,1,train,0.7038655281066895,pdb_00004qci_B_A
3863,1,train,0.600416362285614,pdb_00003b2u_J_K
3864,1,train,0.13764651119709015,pdb_00003t3p_E_F
3865,1,train,0.014967100694775581,pdb_00008jgb_S1_S2
3866,1,train,1.1290675401687622,pdb_00009npg_D_E
3867,1,train,0.9133784174919128,pdb_00007rk1_D1_D2
3868,1,train,1.1412694454193115,pdb_00009c0v_H_L
3869,1,train,0.034081436693668365,pdb_00009le0_S1_S2
3870,1,train,0.7500494718551636,pdb_00008vgk_J_I
3871,1,train,0.9438993334770203,pdb_00006uig_H_L
3872,1,train,0.049875397235155106,pdb_00008ykw_E1_E2
3873,1,train,0.31379640102386475,pdb_00007k5x_M2_M1
3874,1,train,1.000853419303894,pdb_00007lop_W_V
3875,1,train,0.9123238921165466,pdb_00004odx_A_L
3876,1,train,0.8631271719932556,pdb_00001xiw_D_C
3877,1,train,0.752423107624054,pdb_00004gxu_W_X
3878,1,train,1.5111676454544067,pdb_00007yvf_C_A
3879,1,train,1.0602631568908691,pdb_00001adq_H_L
3880,1,train,0.8295992016792297,pdb_00009ue8_A_B
3881,1,train,0.2514394521713257,pdb_00008u9s_M2_M1
3882,1,train,0.6641655564308167,pdb_00007f6z_H_L
3883,1,train,0.027338946238160133,pdb_00007wyb_E1_E2
3884,1,train,1.6456207036972046,pdb_00006d0u_H_I
3885,1,train,0.02931332029402256,pdb_00009m8k_N1_N2
3886,1,train,0.8742495179176331,pdb_00007xcp_H_L
3887,1,train,1.1736388206481934,pdb_00009sat_H_L
3888,1,train,0.9323450326919556,pdb_00007zmk_J_K
3889,1,train,1.5411772727966309,pdb_00008tp5_J_K
3890,1,train,1.6693183183670044,pdb_00009e3h_H_L
3891,1,train,0.6657487750053406,pdb_00005xhv_P_Q
3892,1,train,0.6425384283065796,pdb_00007cho_H_L
3893,1,train,0.056123167276382446,pdb_00008z8b_S1_S2
3894,1,train,0.19200399518013,pdb_00002ht2_E_F
3895,1,train,0.8051143288612366,pdb_00004odx_H_B
3896,1,train,0.03182622045278549,pdb_00007ts0_H1_H2
3897,1,train,0.20192614197731018,pdb_00007ue0_E_F
3898,1,train,0.17969802021980286,pdb_00007tct_H_L
3899,1,train,0.8803933262825012,pdb_00006wzl_A_B
3900,1,train,1.1580561399459839,pdb_00007l7e_O_P
3901,1,train,1.4389513731002808,pdb_00009mtg_M_N
3902,1,train,0.021728936582803726,pdb_00008xqn_S1_S2
3903,1,train,0.6410875916481018,pdb_00005yoy_R_O
3904,1,train,0.9814566969871521,pdb_00004ogx_H_L
3905,1,train,0.0840519443154335,pdb_00007u9v_E_F
3906,1,train,1.0260341167449951,pdb_00009cq7_H_I
3907,1,train,0.15345217287540436,pdb_00007k60_M2_M1
3908,1,train,0.2951197028160095,pdb_00009ggg_S1_S2
3909,1,train,0.7780940532684326,pdb_00007m6d_A_B
3910,1,train,0.6030064225196838,pdb_00007e9b_H_L
3911,1,train,0.04631507024168968,pdb_00008sg1_E1_E2
3912,1,train,0.7367985248565674,pdb_00008zh7_K_L
3913,1,train,0.9458416104316711,pdb_00007uzc_E_F
3914,1,train,0.9505830407142639,pdb_00008uzp_H_L
3915,1,train,1.932956576347351,pdb_00008hrd_W_X
3916,1,train,0.8079104423522949,pdb_00003g6j_F_E
3917,1,train,1.2211889028549194,pdb_00006wtu_K_L
3918,1,train,1.1872612237930298,pdb_00004lvh_E_F
3919,1,train,0.8409157991409302,pdb_00009kze_H_L
3920,1,train,1.3540033102035522,pdb_00006mlm_K_L
3921,1,train,1.2423717975616455,pdb_00007u9w_H1_H2
3922,1,train,0.09204243868589401,pdb_00007ejx_S1_S2
3923,1,train,0.034360408782958984,pdb_00008jgg_S1_S2
3924,1,train,1.4969112873077393,pdb_00007lg6_K_N
3925,1,train,1.6050692796707153,pdb_00008dwy_Z_Y
3926,1,train,0.8308289051055908,pdb_00009j9z_H_L
3927,1,train,0.9690812826156616,pdb_00007vad_H_L
3928,1,train,1.2155604362487793,pdb_00005e94_D_C
3929,1,train,0.9100306034088135,pdb_00008ulf_H_L
3930,1,train,0.021798308938741684,pdb_00009vj5_E1_E2
3931,1,train,1.145521640777588,pdb_00007rk1_C1_C2
3932,1,train,1.046500325202942,pdb_00007t3d_J_M
3933,1,train,1.2239488363265991,pdb_00006jhs_E_D
3934,1,train,1.5052953958511353,pdb_00009mth_M_N
3935,1,train,1.113747239112854,pdb_00009n4e_O_R
3936,1,train,0.9959115982055664,pdb_00009c6y_A_B
3937,1,train,0.9294982552528381,pdb_00008ywe_B2_B1
3938,1,train,1.6729930639266968,pdb_00006ba5_B_A
3939,1,train,0.989755392074585,pdb_00007uvi_D_E
3940,1,train,0.5896300673484802,pdb_00003rhw_J_M
3941,1,train,1.0326570272445679,pdb_00008cxg_G_I
3942,1,train,1.1165761947631836,pdb_00007rk2_C1_C2
3943,1,train,1.1621872186660767,pdb_00008d9y_H_G
3944,1,train,0.06324177235364914,pdb_00007yoo_S1_S2
3945,1,train,0.668749213218689,pdb_00008i5l_E1_E2
3946,1,train,0.44367414712905884,pdb_00008as0_N_M
3947,1,train,0.7726564407348633,pdb_00008txu_H_L
3948,1,train,0.6948798298835754,pdb_00007eam_C_D
3949,1,train,0.6809435486793518,pdb_00009cq4_C_D
3950,1,train,0.7619627118110657,pdb_00002dqc_H_L
3951,1,train,1.5046606063842773,pdb_00005umi_A_B
3952,1,train,1.350342035293579,pdb_00008ygs_H_L
3953,1,train,0.03912629932165146,pdb_00008jef_S1_S2
3954,1,train,0.9769715666770935,pdb_00007wvd_G_H
3955,1,train,0.19661523401737213,pdb_00002fed_E_F
3956,1,train,1.1502771377563477,pdb_00009yyu_H_L
3957,1,train,0.5452946424484253,pdb_00007f6y_H_L
3958,1,train,0.5428144335746765,pdb_00007kfv_F_G
3959,1,train,0.5372171401977539,pdb_00002dqh_H_L
3960,1,train,0.022197546437382698,pdb_00007evy_E1_E2
3961,1,train,1.4590365886688232,pdb_00009vnp_C_A
3962,1,train,1.7414716482162476,pdb_00008tnn_H_G
3963,1,train,0.6366581916809082,pdb_00004ioi_B_A
3964,1,train,1.4552234411239624,pdb_00009oi3_I_J
3965,1,train,0.8903318047523499,pdb_00007ycn_E_F
3966,1,train,0.6281089782714844,pdb_00008dww_Z_Y
3967,1,train,0.4977191686630249,pdb_00006bae_B_A
3968,1,train,1.1584208011627197,pdb_00007m7w_C_D
3969,1,train,0.05897220969200134,pdb_00007dfl_C1_C2
3970,1,train,1.4694184064865112,pdb_00005hbt_D_C
3971,1,train,1.451944351196289,pdb_00008jeo_E_F
3972,1,train,0.03928690776228905,pdb_00009cm3_N1_N2
3973,1,train,1.1273694038391113,pdb_00009y0e_A_B
3974,1,train,0.947166919708252,pdb_00008hrd_D_F
3975,1,train,0.05264290049672127,pdb_00009iy8_S1_S2
3976,1,train,0.3942854404449463,pdb_00003a67_H_L
3977,1,train,0.40662404894828796,pdb_00002dqe_H_L
3978,1,train,1.5121924877166748,pdb_00009mtm_I_J
3979,1,train,0.5803359150886536,pdb_00009n7q_D_F
3980,1,train,0.7959988713264465,pdb_00007xik_H_L
3981,1,train,0.02209254540503025,pdb_00008dzr_E1_E2
3982,1,train,0.2576005458831787,pdb_00008j20_B1_B2
3983,1,train,0.23767973482608795,pdb_00008x8n_E1_E2
3984,1,train,0.6948753595352173,pdb_00005nh3_I_M
3985,1,train,1.0304912328720093,pdb_00007l7e_C_D
3986,1,train,0.15470533072948456,pdb_00007u9f_E_F
3987,1,train,0.9142878651618958,pdb_00008cn9_G_F
3988,1,train,1.067404866218567,pdb_00009npg_G_H
3989,1,train,0.016694609075784683,pdb_00007f4h_S1_S2
3990,1,train,0.4092896282672882,pdb_00004hjg_B_A
3991,1,train,0.2100481390953064,pdb_00002fee_J_O
3992,1,train,1.092917561531067,pdb_00006woz_B_C
3993,1,train,1.0323576927185059,pdb_00008too_H_E
3994,1,train,1.2478008270263672,pdb_00005a3i_C_D
3995,1,train,1.2515792846679688,pdb_00008dwy_X_W
3996,1,train,0.1290626972913742,pdb_00003t3m_H_L
3997,1,train,1.1329371929168701,pdb_00009lho_T_S
3998,1,train,0.36117681860923767,pdb_00006x40_K_L
3999,1,train,1.4546135663986206,pdb_00006xq0_E_F
4000,1,train,0.1737067550420761,pdb_00008id3_S1_S2
4001,1,train,0.8731138110160828,pdb_00009ccs_C_B
4002,1,train,0.8607027530670166,pdb_00006gku_H_L
4003,1,train,0.027606960386037827,pdb_00008gag_S1_S2
4004,1,train,0.2280941605567932,pdb_00008uh3_E1_E2
4005,1,train,0.893480122089386,pdb_00004gxu_S_T
4006,1,train,0.26720425486564636,pdb_00006x3s_K_L
4007,1,train,0.9727362990379333,pdb_00009q7b_L_M
4008,1,train,1.3875490427017212,pdb_00006u9s_D_E
4009,1,train,0.03512149676680565,pdb_00008y01_S1_S2
4010,1,train,0.1280946135520935,pdb_00002ht3_E_F
4011,1,train,1.2138903141021729,pdb_00009h4r_H_L
4012,1,train,0.5333151817321777,pdb_00003ri5_H_L
4013,1,train,0.11583824455738068,pdb_00007vdm_S1_S2
4014,1,train,0.7267286777496338,pdb_00009pw4_C_D
4015,1,train,0.6984928846359253,pdb_00002jix_F_A
4016,1,train,0.9282247424125671,pdb_00007rxj_H_L
4017,1,train,0.74986332654953,pdb_00002yss_B_A
4018,1,train,1.2876180410385132,pdb_00005ggs_C_D
4019,1,train,0.7865086793899536,pdb_00002i9l_B_A
4020,1,train,0.35605135560035706,pdb_00002bob_A_B
4021,1,train,0.8903813362121582,pdb_00009b82_R_Q
4022,1,train,0.4897153973579407,pdb_00002qr0_N_M
4023,1,train,1.483185887336731,pdb_00009xth_B_C
4024,1,train,0.8184083104133606,pdb_00007m3i_A_B
4025,1,train,0.12096709758043289,pdb_00002exw_E_F
4026,1,train,1.0373286008834839,pdb_00009hh9_I_H
4027,1,train,0.03773660957813263,pdb_00007t6s_E1_E2
4028,1,train,0.5347623229026794,pdb_00006vmk_B_A
4029,1,train,0.7933035492897034,pdb_00009iz9_O_P
4030,1,train,0.7556208372116089,pdb_00009hhr_D_G
4031,1,train,1.1873213052749634,pdb_00009oi3_H_L
4032,1,train,0.21826007962226868,pdb_00007u0g_N1_N2
4033,1,train,1.7475152015686035,pdb_00009y3x_H_L
4034,1,train,2.2338318824768066,pdb_00008cdd_E_D
4035,1,train,1.450710415840149,pdb_00009lsj_E1_D2
4036,1,train,1.5003981590270996,pdb_00006wex_H_L
4037,1,train,0.031233759596943855,pdb_00008jsr_C1_C2
4038,1,train,0.061082277446985245,pdb_00008f7x_E1_E2
4039,1,train,0.6364865303039551,pdb_00007mzh_B_C
4040,1,train,1.2571219205856323,pdb_00007zwi_E_F
4041,1,train,0.6733132600784302,pdb_00006kyz_B_C
4042,1,train,0.15878096222877502,pdb_00007uk9_E_F
4043,1,train,0.6028683185577393,pdb_00007pry_A_B
4044,1,train,0.9960134625434875,pdb_00007lq7_H_L
4045,1,train,1.2685458660125732,pdb_00009dn2_J_N
4046,1,train,1.3482046127319336,pdb_00007t7b_H_L
4047,1,train,0.9601438641548157,pdb_00006vgr_H_L
4048,1,train,0.7754073739051819,pdb_00008jkh_h_l
4049,1,train,0.6520727872848511,pdb_00009wb3_B_C
4050,1,train,1.7358061075210571,pdb_00006ddv_B_A
4051,1,train,0.860986053943634,pdb_00007x6o_J_L
4052,1,train,0.588067352771759,pdb_00006b3s_C_D
4053,1,train,0.028821885585784912,pdb_00007d77_S1_S2
4054,1,train,1.6299588680267334,pdb_00009ml8_H_L
4055,1,train,0.19634319841861725,pdb_00008syp_M1_M2
4056,1,train,1.4098594188690186,pdb_00008tfl_H_L
4057,1,train,0.7212087512016296,pdb_00007xeg_E_F
4058,1,train,0.025651834905147552,pdb_00009v81_E1_E2
4059,1,train,0.5667225122451782,pdb_00004zff_H_L
4060,1,train,0.7816926836967468,pdb_00009lho_O_N
4061,1,train,0.8344182968139648,pdb_00009cq4_H_L
4062,1,train,0.04989030212163925,pdb_00009ego_S1_S2
4063,1,train,0.9225754141807556,pdb_00008q6j_D_C
4064,1,train,0.13796314597129822,pdb_00003ejz_E_F
4065,1,train,1.0599780082702637,pdb_00007ua2_B1_B2
4066,1,train,0.6927714347839355,pdb_00009q7b_G_I
4067,1,train,1.2514591217041016,pdb_00007c88_A_B
4068,1,train,1.3966363668441772,pdb_00008eeu_H_L
4069,1,train,1.159490704536438,pdb_00004v1d_A_B
4070,1,train,0.5612065196037292,pdb_00007xeg_C_D
4071,1,train,0.03084518574178219,pdb_00009jr3_S1_S2
4072,1,train,0.9291532039642334,pdb_00009cia_B_A
4073,1,train,1.4822561740875244,pdb_00009l8z_C_B
4074,1,train,1.3765748739242554,pdb_00006gff_L_K
4075,1,train,0.48816007375717163,pdb_00008elo_H_L
4076,1,train,1.2015039920806885,pdb_00007n0a_B_A
4077,1,train,1.1344205141067505,pdb_00001fsk_C_B
4078,1,train,0.267305850982666,pdb_00008id9_S1_S2
4079,1,train,1.5652915239334106,pdb_00008tea_H_G
4080,1,train,0.8760960698127747,pdb_00008too_B_A
4081,1,train,0.49981793761253357,pdb_00006x3x_J_I
4082,1,train,0.8711495399475098,pdb_00003c09_H_L
4083,1,train,1.2904020547866821,pdb_00006jep_K_I
4084,1,train,0.03513414040207863,pdb_00008guq_S1_S2
4085,1,train,0.03591304272413254,pdb_00009k26_S1_S2
4086,1,train,0.18434923887252808,pdb_00003nig_H_L
4087,1,train,0.6313797831535339,pdb_00007mzk_C_D
4088,1,train,0.6104043126106262,pdb_00009wb4_B_C
4089,1,train,0.9981080889701843,pdb_00006hjp_K_L
4090,1,train,0.6089121103286743,pdb_00007klh_H_L
4091,1,train,1.0114282369613647,pdb_00008xcd_H_L
4092,1,train,0.9921770095825195,pdb_00006osv_H_L
4093,1,train,0.03045128472149372,pdb_00009jeq_S1_S2
4094,1,train,0.020942825824022293,pdb_00007scg_E1_E2
4095,1,train,1.9953111410140991,pdb_00006cvk_B2_B1
4096,1,train,0.601016640663147,pdb_00008as2_H_L
4097,1,train,0.024730373173952103,pdb_00009f34_E1_E2
4098,1,train,1.4340636730194092,pdb_00005c0n_H_L
4099,1,train,0.20704245567321777,pdb_00008dd2_K_L
4100,1,train,1.1736133098602295,pdb_00005wko_G_H
4101,1,train,0.023824814707040787,pdb_00007vdl_S1_S2
4102,1,train,0.22023044526576996,pdb_00006x3z_J_I
4103,1,train,0.65107661485672,pdb_00009lrf_H_L
4104,1,train,0.11195236444473267,pdb_00007vie_E1_E2
4105,1,train,1.2740858793258667,pdb_00006a4k_I_M
4106,1,train,0.08183092623949051,pdb_00002vdl_H_L
4107,1,train,0.8019228577613831,pdb_00005xku_C_B
4108,1,train,0.4041473865509033,pdb_00008pwh_B_A
4109,1,train,0.5906410813331604,pdb_00007k9z_H_L
4110,1,train,1.227364182472229,pdb_00008v52_D_C
4111,1,train,0.01832464709877968,pdb_00008yn7_E1_E2
4112,1,train,0.6455510258674622,pdb_00005kvf_H_L
4113,1,train,0.018577873706817627,pdb_00009ije_D1_D2
4114,1,train,0.8201107978820801,pdb_00001jhl_H_L
4115,1,train,0.06073460355401039,pdb_00007vih_E1_E2
4116,1,train,1.214440107345581,pdb_00006dfj_H_L
4117,1,train,0.017372319474816322,pdb_00007yk7_S1_S2
4118,1,train,0.016280677169561386,pdb_00008zpt_E1_E2
4119,1,train,1.0171202421188354,pdb_00006ss4_HHH_LLL
4120,1,train,0.9051282405853271,pdb_00008vgl_E_F
4121,1,train,0.08293700963258743,pdb_00008ejk_E1_E2
4122,1,train,0.07530368864536285,pdb_00007ykd_S1_S2
4123,1,train,0.04156380519270897,pdb_00009j0i_S1_S2
4124,1,train,0.9752104878425598,pdb_00001yqv_H_L
4125,1,train,0.045107435435056686,pdb_00007wic_S1_S2
4126,1,train,0.03211953118443489,pdb_00008jim_S1_S2
4127,1,train,0.4543626606464386,pdb_00007s0b_A_B
4128,1,train,0.9805647134780884,pdb_00008w83_I_J
4129,1,train,0.951078474521637,pdb_00008w83_A_B
4130,1,train,1.1232342720031738,pdb_00003v6z_C_D
4131,1,train,0.021067926660180092,pdb_00009ll7_S1_S2
4132,1,train,1.118911862373352,pdb_00008cxg_h_l
4133,1,train,1.024914026260376,pdb_00007upb_B_E
4134,1,train,0.02782524935901165,pdb_00009m54_S1_S2
4135,1,train,0.7303626537322998,pdb_00008jkf_H_L
4136,1,train,0.48705312609672546,pdb_00003rif_H_L
4137,1,train,0.2929541766643524,pdb_00008vqy_J_I
4138,1,train,0.04169997200369835,pdb_00007jvr_E1_E2
4139,1,train,0.9241024255752563,pdb_00008dcc_H_L
4140,1,train,0.05512594059109688,pdb_00007trq_H1_H2
4141,1,train,0.024112330749630928,pdb_00009vnf_E1_E2
4142,1,train,1.5241327285766602,pdb_00006s3d_A_B
4143,1,train,0.017132051289081573,pdb_00007vgy_E1_E2
4144,1,train,1.0399525165557861,pdb_00008kdt_H_L
4145,1,train,1.019779086112976,pdb_00008khr_H_L
4146,1,train,0.8252757787704468,pdb_00004gxu_Q_R
4147,1,train,1.1154563426971436,pdb_00006ejg_C2_C1
4148,1,train,2.245863437652588,pdb_00008edf_H_L
4149,1,train,0.022292224690318108,pdb_00009ppy_E1_E2
4150,1,train,0.022146038711071014,pdb_00007wu9_S1_S2
4151,1,train,0.9625401496887207,pdb_00009bt5_E_F
4152,1,train,0.8998855948448181,pdb_00008oxx_B_C
4153,1,train,0.026552116498351097,pdb_00007y24_S1_S2
4154,1,train,1.1597672700881958,pdb_00008gpu_C_D
4155,1,train,1.149849772453308,pdb_00008dis_B_G
4156,1,train,1.4491037130355835,pdb_00006ywc_D_E
4157,1,train,0.9438416361808777,pdb_00008yx9_G_I
4158,1,train,1.190048336982727,pdb_00001ztx_H_L
4159,1,train,1.0314923524856567,pdb_00007rxi_H_L
4160,1,train,0.025916896760463715,pdb_00008jgf_E1_E2
4161,1,train,1.302910566329956,pdb_00008e8s_H_L
4162,1,train,0.8624691367149353,pdb_00005wko_C_D
4163,1,train,1.2667781114578247,pdb_00008tnt_G_F
4164,1,train,1.4881353378295898,pdb_00001rzk_H_L
4165,1,train,0.8856740593910217,pdb_00005aaw_A1_A2
4166,1,train,1.074400544166565,pdb_00009ebc_K_L
4167,1,train,0.48201701045036316,pdb_00002dqd_H_L
4168,1,train,0.02435092255473137,pdb_00007wf7_E1_E2
4169,1,train,1.857715368270874,pdb_00008zd5_H_I
4170,1,train,0.8672232627868652,pdb_00007wur_G_H
4171,1,train,1.5583497285842896,pdb_00009jub_B_C
4172,1,train,1.4239623546600342,pdb_00007rr0_B_C
4173,1,train,0.587725043296814,pdb_00006ad8_C_D
4174,1,train,0.06054593250155449,pdb_00008ia8_S1_S2
4175,1,train,0.02710942178964615,pdb_00007ydj_E1_E2
4176,1,train,0.92402583360672,pdb_00009q71_K_L
4177,1,train,0.4230153262615204,pdb_00003ri5_J_M
4178,1,train,0.5622115135192871,pdb_00006b3s_H_L
4179,1,train,0.1361667811870575,pdb_00003ze2_E_F
4180,1,train,1.34659743309021,pdb_00009fys_I_M
4181,1,train,1.9792020320892334,pdb_00008v2e_D_E
4182,1,train,0.727216362953186,pdb_00007dk2_A_B
4183,1,train,0.9076243042945862,pdb_00007jum_J1_J2
4184,1,train,0.9478626251220703,pdb_00007y3o_H_L
4185,1,train,1.05967116355896,pdb_00009me5_I_M
4186,1,train,0.7158629894256592,pdb_00003nh7_J_N
4187,1,train,0.25896894931793213,pdb_00007e33_E1_E2
4188,1,train,0.026963435113430023,pdb_00008ic0_E1_E2
4189,1,train,0.6113845705986023,pdb_00007vgs_D_C
4190,1,train,1.2116187810897827,pdb_00006mlm_E_I
4191,1,train,0.09816647320985794,pdb_00009p0k_F1_F2
4192,1,train,1.6882492303848267,pdb_00006aru_C_B
4193,1,train,0.4878540337085724,pdb_00008i5h_H_L
4194,1,train,0.9747015237808228,pdb_00007qny_A_B
4195,1,train,0.03980717808008194,pdb_00008w8r_S1_S2
4196,1,train,0.9122269153594971,pdb_00009fys_B_C
4197,1,train,0.9293585419654846,pdb_00007mem_H_L
4198,1,train,1.1426860094070435,pdb_00006xxv_A_B
4199,1,train,0.8710154294967651,pdb_00005xmh_D_C
4200,1,train,0.5926648378372192,pdb_00006vmk_c_b
4201,1,train,0.8839308023452759,pdb_00008vgj_H_G
4202,1,train,0.9831396341323853,pdb_00009h4r_X_Y
4203,1,train,0.6611244678497314,pdb_00006o1f_H_L
4204,1,train,0.03283846378326416,pdb_00008xbe_S1_S2
4205,1,train,0.9776036739349365,pdb_00007l0l_G_J
4206,1,train,0.5666794180870056,pdb_00008jen_G_H
4207,1,train,0.1414167732000351,pdb_00004z7n_E_F
4208,1,train,1.5487565994262695,pdb_00009e89_H_L
4209,1,train,1.1236807107925415,pdb_00006n5d_C_D
4210,1,train,0.2160186916589737,pdb_00009vmp_S1_S2
4211,1,train,0.021671047434210777,pdb_00008g94_E1_E2
4212,1,train,1.317460060119629,pdb_00007bsc_H_L
4213,1,train,0.045950133353471756,pdb_00009v6o_S1_S2
4214,1,train,0.05228472501039505,pdb_00008i9s_H1_H2
4215,1,train,0.019618434831500053,pdb_00008gcm_E1_E2
4216,1,train,1.4378823041915894,pdb_00005dur_B_D
4217,1,train,0.02709900215268135,pdb_00008ef6_E1_E2
4218,1,train,1.2172683477401733,pdb_00008f6l_A_B
4219,1,train,0.9032573103904724,pdb_00005wko_A_B
4220,1,train,1.3719710111618042,pdb_00009vca_H_L
4221,1,train,1.01985502243042,pdb_00008f0h_H_L
4222,1,train,0.016694633290171623,pdb_00008jxv_E1_E2
4223,1,train,1.5903921127319336,pdb_00006gv1_H_L
4224,1,train,1.2622781991958618,pdb_00002r56_I_M
4225,1,train,0.10283192247152328,pdb_00007tct_E_F
4226,1,train,1.4445732831954956,pdb_00003bsz_H_L
4227,1,train,0.9908168315887451,pdb_00001fsk_F_E
4228,1,train,0.8928207159042358,pdb_00007kzb_H_L
4229,1,train,0.750460147857666,pdb_00007rxl_H_L
4230,1,train,1.8585768938064575,pdb_00007ey5_B_C
4231,1,train,1.2810380458831787,pdb_00008eed_E_F
4232,1,train,1.1360797882080078,pdb_00007mzj_H_L
4233,1,train,1.520562767982483,pdb_00005gs0_F_E
4234,1,train,0.9574099779129028,pdb_00008v5v_c_e
4235,1,train,0.340381920337677,pdb_00008dk5_K1_K2
4236,1,train,0.9287604689598083,pdb_00005jz7_H_L
4237,1,train,0.5640019178390503,pdb_00008bg2_A1_A2
4238,1,train,1.871943473815918,pdb_00009lbw_H_L
4239,1,train,1.0558042526245117,pdb_00009lp1_A_B
4240,1,train,1.2134404182434082,pdb_00008uf7_B_A
4241,1,train,1.0700191259384155,pdb_00005umi_H_L
4242,1,train,0.7360303401947021,pdb_00001dzb_B1_B2
4243,1,train,1.0880473852157593,pdb_00009riq_H_L
4244,1,train,1.5659112930297852,pdb_00005w08_Q_R
4245,1,train,0.969656229019165,pdb_00001kb5_H_L
4246,1,train,0.3105621039867401,pdb_00008vfx_M2_M1
4247,1,train,1.1092597246170044,pdb_00009iru_B_A
4248,1,train,0.801723062992096,pdb_00002eiz_B_A
4249,1,train,0.18219541013240814,pdb_00006e0c_M1_M2
4250,1,train,0.06242190673947334,pdb_00008rql_S1_S2
4251,1,train,0.024430420249700546,pdb_00009kfk_S1_S2
4252,1,train,0.9846370816230774,pdb_00007m7b_H_L
4253,1,train,1.6160337924957275,pdb_00008s72_X_Y
4254,1,train,1.2625726461410522,pdb_00004hjj_H2_L2
4255,1,train,1.1803666353225708,pdb_00009yyu_J_N
4256,1,train,1.0860188007354736,pdb_00008tzw_H_L
4257,1,train,0.8519113063812256,pdb_00006w0a_A_B
4258,1,train,0.03392203524708748,pdb_00008j18_S1_S2
4259,1,train,0.02694726176559925,pdb_00009vjf_E1_E2
4260,1,train,0.4838974177837372,pdb_00006vmk_o_n
4261,1,train,0.9495947360992432,pdb_00008gv6_G_H
4262,1,train,0.027299586683511734,pdb_00007ydh_E1_E2
4263,1,train,0.9228115081787109,pdb_00006a3w_A_B
4264,1,train,0.05831032246351242,pdb_00008yh2_S1_S2
4265,1,train,0.025125497952103615,pdb_00009vj6_E1_E2
4266,1,train,0.023416010662913322,pdb_00008z3m_S1_S2
4267,1,train,0.1388721466064453,pdb_00003zdx_E_F
4268,1,train,0.5351855158805847,pdb_00002dqf_B_A
4269,1,train,0.016535965725779533,pdb_00008hn8_S1_S2
4270,1,train,0.6499790549278259,pdb_00008smt_H_L
4271,1,train,0.019711263477802277,pdb_00007ew0_E1_E2
4272,1,train,0.9967859983444214,pdb_00007ttm_H_L
4273,1,train,0.022072939202189445,pdb_00007yac_S1_S2
4274,1,train,0.5044535994529724,pdb_00009zqc_J2_J1
4275,1,train,0.02623620815575123,pdb_00008efl_E1_E2
4276,1,train,1.2492738962173462,pdb_00004ffv_D_C
4277,1,train,0.24495679140090942,pdb_00006x3u_J_I
4278,1,train,0.06296728551387787,pdb_00007ejk_H1_H2
4279,1,train,1.1495823860168457,pdb_00008dv6_C_L
4280,1,train,0.11430379003286362,pdb_00008gcp_E1_E2
4281,1,train,0.15052206814289093,pdb_00002h2p_E_F
4282,1,train,0.9899173974990845,pdb_00006a4k_K_O
4283,1,train,0.7311438322067261,pdb_00008xsi_H_L
4284,1,train,0.07509716600179672,pdb_00007uje_E_F
4285,1,train,0.025451932102441788,pdb_00008dzp_E1_E2
4286,1,train,0.7633377909660339,pdb_00008y31_B_A
4287,1,train,0.7420827746391296,pdb_00005aaw_D1_D2
4288,1,train,1.444714903831482,pdb_00009mtg_I_J
4289,1,train,1.0392177104949951,pdb_00008dwx_Z_Y
4290,1,train,1.50765860080719,pdb_00008g5b_J_N
4291,1,train,0.8669490218162537,pdb_00009jeb_A1_A2
4292,1,train,0.030047763139009476,pdb_00008xxv_E1_E2
4293,1,train,0.52838134765625,pdb_00006k5f_C_D
4294,1,train,0.06708020716905594,pdb_00006xbk_S1_S2
4295,1,train,1.0803700685501099,pdb_00009azv_H_L
4296,1,train,1.363969087600708,pdb_00005t5f_H_L
4297,1,train,0.10960887372493744,pdb_00002htk_C_D
4298,1,train,0.17933955788612366,pdb_00007k63_M2_M1
4299,1,train,0.8259857296943665,pdb_00007mem_I_K
4300,1,train,0.5151530504226685,pdb_00008wo4_B_A
4301,1,train,0.12813003361225128,pdb_00002r9h_C_D
4302,1,train,0.6143280267715454,pdb_00007wbz_H_L
4303,1,train,0.028082268312573433,pdb_00009w49_S1_S2
4304,1,train,0.5674734115600586,pdb_00007yck_C_D
4305,1,train,0.9102036952972412,pdb_00009ptm_I_M
4306,1,train,0.019484663382172585,pdb_00007xjj_S1_S2
4307,1,train,0.042428478598594666,pdb_00009m0r_S1_S2
4308,1,train,0.5265207290649414,pdb_00007cjf_A_B
4309,1,train,0.01891702599823475,pdb_00008k6o_S1_S2
4310,1,train,1.2731109857559204,pdb_00008w5n_H_L
4311,1,train,0.9694620966911316,pdb_00009kve_E_G
4312,1,train,0.015102923847734928,pdb_00009cgj_E1_E2
4313,1,train,0.28360220789909363,pdb_00003gb7_A_B
4314,1,train,0.04475655034184456,pdb_00007xbd_E1_E2
4315,1,train,0.10626983642578125,pdb_00007ufh_E_F
4316,1,train,1.3044549226760864,pdb_00001bvk_E_D
4317,1,train,1.340867042541504,pdb_00006glx_C_D
4318,1,train,0.6275904774665833,pdb_00002jix_D_G
4319,1,train,0.013292059302330017,pdb_00006pt0_E1_E2
4320,1,train,0.659574031829834,pdb_00008vgi_H_G
4321,1,train,0.010948260314762592,pdb_00009l42_E1_E2
4322,1,train,0.011143666692078114,pdb_00009j5v_S1_S2
4323,1,train,1.1019459962844849,pdb_00009b2m_J_K
4324,1,train,1.3140342235565186,pdb_00007rco_D_C
4325,1,train,0.02436438761651516,pdb_00009k3l_S1_S2
4326,1,train,0.07954958081245422,pdb_00002fed_C_D
4327,1,train,0.7781521081924438,pdb_00009q71_I_J
4328,1,train,0.018554028123617172,pdb_00007s8l_E1_E2
4329,1,train,0.8889454007148743,pdb_00003wkm_I_M
4330,1,train,0.06307052075862885,pdb_00001otu_E_F
4331,1,train,0.5913957953453064,pdb_00002qr0_H_G
4332,1,train,1.4577358961105347,pdb_00008hq7_H_L
4333,1,train,0.783878743648529,pdb_00003dvn_B_A
4334,1,train,0.8903319835662842,pdb_00004jpk_H_L
4335,1,train,0.018687956035137177,pdb_00008ykx_E1_E2
4336,1,train,0.7491157650947571,pdb_00009ov4_J_K
4337,1,train,0.6681808233261108,pdb_00008wpy_C_D
4338,1,train,0.016785480082035065,pdb_00008xor_E1_E2
4339,1,train,1.289870262145996,pdb_00008k5g_H_L
4340,1,train,1.3244565725326538,pdb_00005kov_E1_E2
4341,1,train,0.9416766166687012,pdb_00008dwx_V_U
4342,1,train,0.4495636820793152,pdb_00001uac_H_L
4343,1,train,0.8046560883522034,pdb_00009lrh_H_L
4344,1,train,0.9870850443840027,pdb_00008ut2_L_K
4345,1,train,0.01885596103966236,pdb_00009vje_E1_E2
4346,1,train,1.2075142860412598,pdb_00008y3l_G_H
4347,1,train,0.8110591173171997,pdb_00003v4p_H_L
4348,1,train,0.6712886691093445,pdb_00009n7q_E_G
4349,1,train,0.08491840958595276,pdb_00008j23_F1_F2
4350,1,train,0.02631186880171299,pdb_00007yk6_S1_S2
4351,1,train,1.1020770072937012,pdb_00005y11_A_B
4352,1,train,0.9489358067512512,pdb_00007lfa_B_D
4353,1,train,0.033278606832027435,pdb_00008y0n_S1_S2
4354,1,train,0.022120816633105278,pdb_00009k3f_S1_S2
4355,1,train,1.7795370817184448,pdb_00006ban_H_G
4356,1,train,1.174767255783081,pdb_00006xpz_E_F
4357,1,train,1.168416142463684,pdb_00008da1_B_A
4358,1,train,0.027130866423249245,pdb_00007vgz_F1_F2
4359,1,train,1.391655445098877,pdb_00005w3e_E_G
4360,1,train,2.3725404739379883,pdb_00006vlw_H_L
4361,1,train,0.03522423282265663,pdb_00008yna_E1_E2
4362,1,train,1.1484577655792236,pdb_00007m7w_H_L
4363,1,train,0.8302561640739441,pdb_00008jqn_h_l
4364,1,train,0.12535065412521362,pdb_00004fg6_C_D
4365,1,train,1.5750749111175537,pdb_00009wsv_H_L
4366,1,train,0.6663179993629456,pdb_00008i0n_H_L
4367,1,train,0.5572704672813416,pdb_00007b3o_H_L
4368,1,train,0.2027149200439453,pdb_00009iv6_S1_S2
4369,1,train,0.8293218016624451,pdb_00005aaw_F1_F2
4370,1,train,1.1813985109329224,pdb_00005kov_K1_K2
4371,1,train,1.05250084400177,pdb_00006w41_H_L
4372,1,train,0.01346333883702755,pdb_00008jbh_E1_E2
4373,1,train,0.07255834341049194,pdb_00008xqe_S1_S2
4374,1,train,1.5472737550735474,pdb_00009mtm_H_L
4375,1,train,0.8315242528915405,pdb_00007wh8_B_A
4376,1,train,1.2986253499984741,pdb_00003rhw_F_N
4377,1,train,0.9293919801712036,pdb_00007lq7_C_D
4378,1,train,1.111349105834961,pdb_00007q6c_H_L
4379,1,train,0.8672837018966675,pdb_00009ixa_H_L
4380,1,train,1.1919385194778442,pdb_00005a3i_G_H
4381,1,train,0.6860955357551575,pdb_00007cdj_H_L
4382,1,train,0.7708995342254639,pdb_00009lsi_C1_D2
4383,1,train,0.029763517901301384,pdb_00007vv3_S1_S2
4384,1,train,0.01850532740354538,pdb_00007db6_E1_E2
4385,1,train,0.3832501471042633,pdb_00003f5w_A_B
4386,1,train,0.8242358565330505,pdb_00003ri5_I_O
4387,1,train,0.1924593150615692,pdb_00002ht3_C_D
4388,1,train,0.022371262311935425,pdb_00008feg_F1_F2
4389,1,train,1.560960054397583,pdb_00009me6_J_N
4390,1,train,1.2537654638290405,pdb_00008zyf_H_D
4391,1,train,0.8470013737678528,pdb_00004wv1_E_D
4392,1,train,0.8082988262176514,pdb_00001fbi_Q_P
4393,1,train,0.1960856169462204,pdb_00002vdk_H_L
4394,1,train,1.0385478734970093,pdb_00007t3d_P_R
4395,1,train,0.06544423848390579,pdb_00009wxm_D1_D2
4396,1,train,0.5066260099411011,pdb_00006ada_C_D
4397,1,train,0.01599777862429619,pdb_00008xzj_S1_S2
4398,1,train,0.31293922662734985,pdb_00003fb8_A_B
4399,1,train,0.8858504891395569,pdb_00001vfb_B_A
4400,1,train,0.5097612738609314,pdb_00008jel_A_B
4401,1,train,1.0275367498397827,pdb_00007zfc_H_L
4402,1,train,0.016078097745776176,pdb_00008id4_S1_S2
4403,1,train,2.147118330001831,pdb_00008c7h_L_K
4404,1,train,0.7469512820243835,pdb_00008jkh_M_N
4405,1,train,0.12838426232337952,pdb_00007td8_E_F
4406,1,train,0.8841779828071594,pdb_00008y3h_I_J
4407,1,train,0.9587438106536865,pdb_00008u44_S_T
4408,1,train,1.1822669506072998,pdb_00006ek2_I1_I2
4409,1,train,1.1788756847381592,pdb_00009o7g_C_D
4410,1,train,1.8477672338485718,pdb_00006cvk_A2_A1
4411,1,train,0.8979451656341553,pdb_00006wzm_C_D
4412,1,train,0.8786224126815796,pdb_00006vja_I_M
4413,1,train,0.04614849388599396,pdb_00008yuu_S1_S2
4414,1,train,1.4891767501831055,pdb_00007wed_H_L
4415,1,train,0.9735313057899475,pdb_00008cz8_C2_C1
4416,1,train,0.6615808606147766,pdb_00007klh_I_M
4417,1,train,0.7408397197723389,pdb_00008bg3_A1_A2
4418,1,train,0.03672695904970169,pdb_00007f4f_S1_S2
4419,1,train,1.4869422912597656,pdb_00009mth_I_J
4420,1,train,1.3888862133026123,pdb_00008jin_B2_B1
4421,1,train,1.2932054996490479,pdb_00003lh2_J_N
4422,1,train,0.03461901843547821,pdb_00008vve_E1_E2
4423,1,train,0.663088858127594,pdb_00004tnw_U_h
4424,1,train,0.6012476086616516,pdb_00006b9z_B_A
4425,1,train,1.640787124633789,pdb_00006q18_H_L
4426,1,train,1.0856094360351562,pdb_00008suo_I_M
4427,1,train,0.03621315211057663,pdb_00007w40_H1_H2
4428,1,train,0.5871461033821106,pdb_00009zq9_J2_J1
4429,1,train,0.02362842671573162,pdb_00007aue_S1_S2
4430,1,train,0.7328742742538452,pdb_00007rks_I_M
4431,1,train,0.45029208064079285,pdb_00008q6j_B_A
4432,1,train,1.0780253410339355,pdb_00007kn3_M_N
4433,1,train,0.7930265665054321,pdb_00006p4a_H_L
4434,1,train,1.6545547246932983,pdb_00003klh_D_C
4435,1,train,1.3392163515090942,pdb_00001yy9_D_C
4436,1,train,0.8337803483009338,pdb_00008u44_V_X
4437,1,train,1.3451523780822754,pdb_00005dhy_H_L
4438,1,train,0.023953525349497795,pdb_00007t6u_E1_E2
4439,1,train,0.03830638900399208,pdb_00008t3q_N1_N2
4440,1,train,0.07483091950416565,pdb_00008iec_N1_N2
4441,1,train,2.1333794593811035,pdb_00005dfw_H1_H2
4442,1,train,0.04555673524737358,pdb_00009kvi_E1_E2
4443,1,train,0.09644794464111328,pdb_00007ej0_H1_H2
4444,1,train,0.8972548842430115,pdb_00004ma8_H_L
4445,1,train,0.9128302335739136,pdb_00008f6x_F1_F2
4446,1,train,1.0714703798294067,pdb_00006n5d_E_F
4447,1,train,0.2893981337547302,pdb_00006x3v_J_I
4448,1,train,0.020332880318164825,pdb_00008xzh_S1_S2
4449,1,train,1.0404863357543945,pdb_00008w85_A_B
4450,1,train,0.9587557315826416,pdb_00007m42_B_A
4451,1,train,0.7991437911987305,pdb_00008ywx_E_D
4452,1,train,1.0543557405471802,pdb_00004np4_I_M
4453,1,train,0.8103709816932678,pdb_00009lho_I_H
4454,1,train,1.0180414915084839,pdb_00007x3c_F_E
4455,1,train,0.06978262215852737,pdb_00008yuv_S1_S2
4456,1,train,0.021246088668704033,pdb_00008xjl_E1_E2
4457,1,train,0.017981814220547676,pdb_00008hoc_S1_S2
4458,1,train,1.234360694885254,pdb_00007l5j_W_L
4459,1,train,0.6539537906646729,pdb_00008xse_M_N
4460,1,train,0.8620826601982117,pdb_00004oii_H_L
4461,1,train,0.1275867521762848,pdb_00002h2p_C_D
4462,1,train,1.1306121349334717,pdb_00008dis_H_L
4463,1,train,1.5612128973007202,pdb_00006wqo_E_F
4464,1,train,0.8718850612640381,pdb_00008too_G_F
4465,1,train,0.16693171858787537,pdb_00007l8p_E_F
4466,1,train,0.8559625148773193,pdb_00004yk4_Z_Y
4467,1,train,0.3225046992301941,pdb_00007k8m_A_B
4468,1,train,0.475065678358078,pdb_00008cwv_H_L
4469,1,train,0.2430916726589203,pdb_00008ubj_M2_M1
4470,1,train,0.03662297502160072,pdb_00008gus_S1_S2
4471,1,train,0.10136517882347107,pdb_00008k3z_S1_S2
4472,1,train,1.05008065700531,pdb_00007w71_I_M
4473,1,train,0.19018040597438812,pdb_00007x9y_S1_S2
4474,1,train,0.8754159212112427,pdb_00007jum_I1_I2
4475,1,train,0.019714878872036934,pdb_00007y15_S1_S2
4476,1,train,0.5119917988777161,pdb_00006vmk_u_t
4477,1,train,0.8941710591316223,pdb_00009vhz_A_B
4478,1,train,0.3254335820674896,pdb_00003fb5_A_B
4479,1,train,0.8148707747459412,pdb_00007cgw_H_L
4480,1,train,0.6481315493583679,pdb_00004ttd_H_L
4481,1,train,0.9072137475013733,pdb_00006vvu_H_L
4482,1,train,0.8500844836235046,pdb_00008bg5_A1_A2
4483,1,train,0.22694657742977142,pdb_00001r3k_B_A
4484,1,train,1.6644505262374878,pdb_00008tnn_J_I
4485,1,train,1.4123930931091309,pdb_00007t82_D_C
4486,1,train,0.3473268747329712,pdb_00006adb_C_D
4487,1,train,0.6560502052307129,pdb_00007whz_H_L
4488,1,train,0.6023437976837158,pdb_00004tnw_H_L
4489,1,train,0.7677575349807739,pdb_00002dd8_H_L
4490,1,train,0.024012146517634392,pdb_00008xqo_S1_S2
4491,1,train,0.18021558225154877,pdb_00008ubi_M2_M1
4492,1,train,0.45423364639282227,pdb_00008as0_E_D
4493,1,train,0.9576655030250549,pdb_00009ma0_B_C
4494,1,train,0.6456874012947083,pdb_00002bdn_H_L
4495,1,train,1.6426793336868286,pdb_00001tqc_B_C
4496,1,train,0.8328122496604919,pdb_00008zbb_H_L
4497,1,train,0.5222127437591553,pdb_00008z2e_H_L
4498,1,train,0.6544556021690369,pdb_00008y0y_E3_E2
4499,1,train,0.9520787000656128,pdb_00004dkf_I_M
4500,1,train,0.02913031540811062,pdb_00008h0p_E1_E2
4501,1,train,0.6193715929985046,pdb_00006b3s_F_G
4502,1,train,0.895666778087616,pdb_00004hj0_C_D
4503,1,train,1.0913597345352173,pdb_00009mkn_I_M
4504,1,train,0.7824851274490356,pdb_00007dq7_H_L
4505,1,train,1.4570034742355347,pdb_00006bpc_B_C
4506,1,train,0.05116944760084152,pdb_00006xbm_S1_S2
4507,1,train,0.037054937332868576,pdb_00008u1u_E1_E2
4508,1,train,0.016588039696216583,pdb_00008h0q_E1_E2
4509,1,train,1.0779664516448975,pdb_00008f6o_A_B
4510,1,train,0.1581355631351471,pdb_00003ze2_H_L
4511,1,train,1.1210318803787231,pdb_00007pa7_eee2_eee1
4512,1,train,0.15431581437587738,pdb_00003t3m_E_F
4513,1,train,1.7184463739395142,pdb_00003h3b_C2_C1
4514,1,train,0.40769416093826294,pdb_00008ihi_S1_S2
4515,1,train,1.574306607246399,pdb_00009mtl_H_L
4516,1,train,0.7492274045944214,pdb_00005aaw_B1_B2
4517,1,train,0.4432539641857147,pdb_00006txz_I_M
4518,1,train,1.315198540687561,pdb_00002r56_H_L
4519,1,train,0.059943895787000656,pdb_00008j6i_H1_H2
4520,1,train,0.6358478665351868,pdb_00007vyt_B_C
4521,1,train,0.7220951318740845,pdb_00006pe9_C_D
4522,1,train,0.6777909398078918,pdb_00009oj4_B_A
4523,1,train,1.2439897060394287,pdb_00007y0w_A_B
4524,1,train,1.1189757585525513,pdb_00007woc_A_B
4525,1,train,0.8429648280143738,pdb_00004kxz_J_I
4526,1,train,0.16943928599357605,pdb_00008jxw_E1_E2
4527,1,train,1.0600292682647705,pdb_00008siq_H_L
4528,1,train,1.0719822645187378,pdb_00001orq_B_A
4529,1,train,0.9252498745918274,pdb_00003rhw_G_K
4530,1,train,0.9826470017433167,pdb_00008dnn_B_C
4531,1,train,0.7435078024864197,pdb_00007lq7_y_z
4532,1,train,0.9058523774147034,pdb_00004n90_H_I
4533,1,train,1.1427258253097534,pdb_00006wtu_E_F
4534,1,train,0.017904097214341164,pdb_00008kfy_S1_S2
4535,1,train,1.124101161956787,pdb_00009cu7_I_M
4536,1,train,0.030653657391667366,pdb_00009b65_S1_S2
4537,1,train,1.5014605522155762,pdb_00009ma7_B_C
4538,1,train,1.532079815864563,pdb_00007yh6_H_L
4539,1,train,0.9441924095153809,pdb_00007zmk_B_C
4540,1,train,0.6625147461891174,pdb_00007kf0_H_L
4541,1,train,0.34992411732673645,pdb_00004lcu_A_B
4542,1,train,0.7834145426750183,pdb_00006yor_B_C
4543,1,train,1.46965754032135,pdb_00008tfn_H_L
4544,1,train,1.183437705039978,pdb_00008go8_H_L
4545,1,train,0.6194208264350891,pdb_00009n7q_H_L
4546,1,train,1.078109622001648,pdb_00006k7o_D_E
4547,1,train,0.7226284742355347,pdb_00009n4f_H_L
4548,1,train,0.8770556449890137,pdb_00004oii_I_M
4549,1,train,0.11287476867437363,pdb_00008j6l_H1_H2
4550,1,train,0.07918534427881241,pdb_00008t3o_N1_N2
4551,1,train,1.0910125970840454,pdb_00009ctw_D_C
4552,1,train,0.9352583885192871,pdb_00007xda_B_C
4553,1,train,1.0199166536331177,pdb_00008gs9_H_K
4554,1,train,0.9187085628509521,pdb_00009jbq_A_B
4555,1,train,0.03646160662174225,pdb_00007v68_S1_S2
4556,1,train,1.2656800746917725,pdb_00004khx_H_L
4557,1,train,1.268141269683838,pdb_00009mtf_M_N
4558,1,train,1.440250039100647,pdb_00006ban_F_E
4559,1,train,0.11214923113584518,pdb_00008z7j_S1_S2
4560,1,train,0.9510537385940552,pdb_00004np4_H_L
4561,1,train,1.2034060955047607,pdb_00007dm1_F_E
4562,1,train,0.836737334728241,pdb_00007zmk_P_Q
4563,1,train,0.22474774718284607,pdb_00008zd1_S1_S2
4564,1,train,1.3257520198822021,pdb_00007cqd_H_L
4565,1,train,0.32510146498680115,pdb_00008dd3_K_L
4566,1,train,0.9095097184181213,pdb_00009iw2_H_L
4567,1,train,0.6824754476547241,pdb_00008bg4_C1_C2
4568,1,train,0.8154962658882141,pdb_00007d6i_B_C
4569,1,train,0.515422523021698,pdb_00007c01_C_D
4570,1,train,0.8812824487686157,pdb_00005jz7_J_K
4571,1,train,0.7023565173149109,pdb_00003nh7_I_M
4572,1,train,0.34423866868019104,pdb_00007cvs_C_D
4573,1,train,0.807105541229248,pdb_00007bbj_H_L
4574,1,train,0.18131516873836517,pdb_00006x40_J_I
4575,1,train,0.084073007106781,pdb_00008thk_F1_F2
4576,1,train,0.05475404113531113,pdb_00008xx3_S1_S2
4577,1,train,0.01742618903517723,pdb_00009k6l_S1_S2
4578,1,train,0.5975198745727539,pdb_00006yz7_BBB_CCC
4579,1,train,0.03871376812458038,pdb_00008xxh_S1_S2
4580,1,train,0.9019557237625122,pdb_00008e2u_H_L
4581,1,train,1.1394484043121338,pdb_00009yyu_I_M
4582,1,train,0.49426355957984924,pdb_00006vmk_l_k
4583,1,train,0.8974946737289429,pdb_00009mkn_J_N
4584,1,train,1.3600226640701294,pdb_00001tpx_B_C
4585,1,train,1.1991335153579712,pdb_00005kov_C1_C2
4586,1,train,0.20709045231342316,pdb_00006dzt_N1_N2
4587,1,train,0.04304877296090126,pdb_00008efo_E1_E2
4588,1,train,1.6656672954559326,pdb_00004xzu_A_B
4589,1,train,1.4221515655517578,pdb_00004ffw_H_L
4590,1,train,0.0254316795617342,pdb_00007vug_S1_S2
4591,1,train,0.7188977003097534,pdb_00009iz9_Q_R
4592,1,train,0.8106333017349243,pdb_00005wk3_W_V
4593,1,train,0.862018883228302,pdb_00007vyr_A_B
4594,1,train,1.0471928119659424,pdb_00008cxh_h_l
4595,1,train,0.7651488184928894,pdb_00009cpw_H_L
4596,1,train,0.02817557379603386,pdb_00008g59_S1_S2
4597,1,train,0.2703789472579956,pdb_00008zfz_D1_D2
4598,1,train,0.14971713721752167,pdb_00002ht4_C_D
4599,1,train,0.7521284222602844,pdb_00007bnv_H_L
4600,1,train,0.8167036175727844,pdb_00003g6d_H_L
4601,1,train,1.1024988889694214,pdb_00008gpu_H_L
4602,1,train,0.01948431320488453,pdb_00009kfj_S1_S2
4603,1,train,1.2206759452819824,pdb_00009dn2_I_M
4604,1,train,0.8842319846153259,pdb_00003eo1_B_A
4605,1,train,0.6579330563545227,pdb_00008j7e_C_D
4606,1,train,0.02675505168735981,pdb_00008hnm_S1_S2
4607,1,train,0.7291867136955261,pdb_00007eam_H_L
4608,1,train,1.0082038640975952,pdb_00001xgt_B_A
4609,1,train,0.7136495113372803,pdb_00008vgp_H_L
4610,1,train,0.532541036605835,pdb_00001ua6_H_L
4611,1,train,0.043137844651937485,pdb_00008xx6_S1_S2
4612,1,train,0.7630879878997803,pdb_00006lhq_H_L
4613,1,train,0.7759599685668945,pdb_00007fcp_B_D
4614,1,train,0.7320480346679688,pdb_00002h9g_H_L
4615,1,train,0.028316181153059006,pdb_00009ik8_E1_E2
4616,1,train,0.7193318009376526,pdb_00009iz9_S_T
4617,1,train,1.5250438451766968,pdb_00001t03_H_L
4618,1,train,0.05809251219034195,pdb_00009cm7_N1_N2
4619,1,train,1.7445796728134155,pdb_00008zd6_K_L
4620,1,train,1.5359737873077393,pdb_00003qwo_A_B
4621,1,train,1.093828797340393,pdb_00008u4q_H_L
4622,1,train,0.5705347657203674,pdb_00005aam_B1_B2
4623,1,train,1.2755179405212402,pdb_00007scn_E_F
4624,1,train,0.02436171844601631,pdb_00008hs3_S1_S2
4625,1,train,0.42772096395492554,pdb_00002qr0_F_E
4626,1,train,1.032669186592102,pdb_00006a4k_J_N
4627,1,train,0.2979496717453003,pdb_00006x3v_K_L
4628,1,train,0.7855948209762573,pdb_00006xq2_F_E
4629,1,train,1.085139274597168,pdb_00008bcz_H_L
4630,1,train,1.15147066116333,pdb_00006bpa_E_F
4631,1,train,0.02209237962961197,pdb_00009jmc_E1_E2
4632,1,train,0.8997774124145508,pdb_00007mem_G_J
4633,1,train,1.1677491664886475,pdb_00005dhx_L2_L1
4634,1,train,0.9921901822090149,pdb_00007x2i_H_L
4635,1,train,1.1917799711227417,pdb_00005w3o_D_E
4636,1,train,1.0497592687606812,pdb_00001fsk_L_K
4637,1,train,0.4171462655067444,pdb_00006txz_J_N
4638,1,train,0.5028771162033081,pdb_00007kfv_C_D
4639,1,train,0.9381595253944397,pdb_00007ucq_J1_J2
4640,1,train,0.8534093499183655,pdb_00001ors_B_A
4641,1,train,0.6466817259788513,pdb_00009n4f_M_N
4642,1,train,0.64583420753479,pdb_00003p0y_H_L
4643,1,train,1.159732460975647,pdb_00007kq7_H_L
4644,1,train,0.09614909440279007,pdb_00009kt8_E1_E2
4645,1,train,1.0509551763534546,pdb_00008yub_A_B
4646,1,train,0.026239972561597824,pdb_00007u2l_E1_E2
4647,1,train,0.8641788959503174,pdb_00007x6o_C_D
4648,1,train,0.9323499202728271,pdb_00007pa7_ddd2_ddd1
4649,1,train,1.6431397199630737,pdb_00008hrd_L_M
4650,1,train,0.8010053038597107,pdb_00002vwe_E_C
4651,1,train,1.254313349723816,pdb_00008jqm_H_L
4652,1,train,0.03574054688215256,pdb_00008jxt_E1_E2
4653,1,train,0.0554685965180397,pdb_00007vig_E1_E2
4654,1,train,0.3938448429107666,pdb_00001ic5_H_L
4655,1,train,0.8894448280334473,pdb_00007fci_H_L
4656,1,train,1.2064570188522339,pdb_00005lsp_H_L
4657,1,train,0.021957239136099815,pdb_00009u4y_S1_S2
4658,1,train,0.04908274859189987,pdb_00008yn9_E1_E2
4659,1,train,0.7960822582244873,pdb_00008sdf_H_L
4660,1,train,1.0667364597320557,pdb_00009rip_H_L
4661,1,train,1.3663369417190552,pdb_00006xm2_F_E
4662,1,train,1.0099904537200928,pdb_00008gpy_E1_E2
4663,1,train,0.7092025876045227,pdb_00008wpw_C_D
4664,1,train,1.1183372735977173,pdb_00001qfu_H_L
4665,1,train,1.5505495071411133,pdb_00007ey5_H_L
4666,1,train,0.07785989344120026,pdb_00008wwh_E1_E2
4667,1,train,0.8161731958389282,pdb_00007xda_D_E
4668,1,train,0.4752051532268524,pdb_00006vmk_S_R
4669,1,train,0.07238540798425674,pdb_00007eq1_S1_S2
4670,1,train,1.0161428451538086,pdb_00008g5a_J_N
4671,1,train,1.2267688512802124,pdb_00006ocb_H_L
4672,1,train,0.05483762174844742,pdb_00007xxh_H1_H2
4673,1,train,1.3807499408721924,pdb_00007s11_H_L
4674,1,train,0.8797543048858643,pdb_00007zfb_J_K
4675,1,train,0.047167181968688965,pdb_00007ra3_E1_E2
4676,1,train,0.6715760827064514,pdb_00008bg3_C1_C2
4677,1,train,1.7073229551315308,pdb_00009bhh_T_S
4678,1,train,1.0666570663452148,pdb_00009quw_F_E
4679,1,train,0.030993033200502396,pdb_00008j6r_S1_S2
4680,1,train,0.49148252606391907,pdb_00006xc4_X_Y
4681,1,train,0.8683866262435913,pdb_00001mlc_B_A
4682,1,train,0.025050317868590355,pdb_00008yky_S1_S2
4683,1,train,0.027139319106936455,pdb_00009cgk_E1_E2
4684,1,train,0.3074430823326111,pdb_00008ihj_S1_S2
4685,1,train,0.9416329264640808,pdb_00007zoz_H_L
4686,1,train,1.062033772468567,pdb_00009qt3_N_O
4687,1,train,0.9136388897895813,pdb_00006k7o_F_G
4688,1,train,0.4930758476257324,pdb_00007ul1_H_L
4689,1,train,0.9720709919929504,pdb_00008wpy_H_L
4690,1,train,0.04270070791244507,pdb_00007yon_S1_S2
4691,1,train,0.8771829009056091,pdb_00008w83_M_N
4692,1,train,0.7429388761520386,pdb_00001g7h_B_A
4693,1,train,0.05117775872349739,pdb_00008wpu_E1_E2
4694,1,train,0.8108087778091431,pdb_00009axl_H_L
4695,1,train,0.73621666431427,pdb_00008vgh_K_L
4696,1,train,1.339116096496582,pdb_00004u6h_C_D
4697,1,train,1.9062780141830444,pdb_00009ml8_E_F
4698,1,train,0.43594563007354736,pdb_00006xc4_H_L
4699,1,train,0.7543062567710876,pdb_00007t3d_C_D
4700,1,train,0.7434816360473633,pdb_00006k7o_B_C
4701,1,train,0.4618150591850281,pdb_00006vmk_E_D
4702,1,train,0.03041786514222622,pdb_00009ik9_E1_E2
4703,1,train,0.01689135655760765,pdb_00009iyb_E1_E2
4704,1,train,0.8356305956840515,pdb_00004n90_D_E
4705,1,train,0.9153399467468262,pdb_00001nby_B_A
4706,1,train,0.0177359227091074,pdb_00008hcx_E1_E2
4707,1,train,1.0809217691421509,pdb_00009h4s_X_Y
4708,1,train,0.855230450630188,pdb_00007zmk_E_F
4709,1,train,1.3307366371154785,pdb_00008bcz_A_B
4710,1,train,1.5348317623138428,pdb_00008cz5_H_L
4711,1,train,1.0392508506774902,pdb_00007ahu_B_A
4712,1,train,1.3761348724365234,pdb_00008dcm_A_B
4713,1,train,0.8419399261474609,pdb_00009og1_B_C
4714,1,train,1.415461540222168,pdb_00005gs0_D_C
4715,1,train,0.972681999206543,pdb_00006bpa_B_C
4716,1,train,0.6142624616622925,pdb_00007mhr_A_B
4717,1,train,0.3770042657852173,pdb_00008wnp_B_A
4718,1,train,0.1892811357975006,pdb_00006adc_E_F
4719,1,train,1.1615102291107178,pdb_00009n5z_A_B
4720,1,train,1.5676709413528442,pdb_00009leo_C_D
4721,1,train,0.019430311396718025,pdb_00007ew7_E1_E2
4722,1,train,1.1945990324020386,pdb_00006wty_H_I
4723,1,train,0.023088324815034866,pdb_00007y67_S1_S2
4724,1,train,0.9920189380645752,pdb_00009wsx_H_L
4725,1,train,1.4928319454193115,pdb_00007rxp_H_L
4726,1,train,1.469681978225708,pdb_00008hgm_C_D
4727,1,train,0.03432180732488632,pdb_00009jed_S1_S2
4728,1,train,0.17864872515201569,pdb_00009ge2_F1_F2
4729,1,train,0.7510583996772766,pdb_00007wwk_I_H
4730,1,train,0.017232853919267654,pdb_00009pq0_E1_E2
4731,1,train,0.06747782975435257,pdb_00008jjp_S1_S2
4732,1,train,0.27789929509162903,pdb_00008vrn_J_I
4733,1,train,0.016940172761678696,pdb_00007y1f_E1_E2
4734,1,train,0.7859969735145569,pdb_00005jz7_C_D
4735,1,train,0.8179180026054382,pdb_00006cyf_D_C
4736,1,train,0.9582064747810364,pdb_00009vfu_E_F
4737,1,train,1.0105690956115723,pdb_00008tx3_E_J
4738,1,train,0.031435709446668625,pdb_00008xxx_S1_S2
4739,1,train,0.01520284079015255,pdb_00007euo_S1_S2
4740,1,train,0.16428126394748688,pdb_00002fee_I_L
4741,1,train,0.3688715100288391,pdb_00001j1x_H_L
4742,1,train,1.2172982692718506,pdb_00009oar_H_L
4743,1,train,0.7173578143119812,pdb_00007y6k_J_E3
4744,1,train,0.35700133442878723,pdb_00001ic4_H_L
4745,1,train,0.738760769367218,pdb_00007dpm_D_E
4746,1,train,0.02090027742087841,pdb_00007ew1_E1_E2
4747,1,train,0.2720177173614502,pdb_00008dd2_J_I
4748,1,train,0.5810360908508301,pdb_00008hn6_A_B
4749,1,train,2.1527390480041504,pdb_00004xzu_E_F
4750,1,train,0.7601336240768433,pdb_00007ucq_H1_H2
4751,1,train,0.5620712637901306,pdb_00007kfw_H_L
4752,1,train,1.4899837970733643,pdb_00004ubd_O_P
4753,1,train,1.2688024044036865,pdb_00008zre_H_L
4754,1,train,0.7211112976074219,pdb_00009udq_I_C
4755,1,train,0.7407079935073853,pdb_00008tx3_H_L
4756,1,train,0.8150288462638855,pdb_00007vaf_H_L
4757,1,train,0.04169217869639397,pdb_00008hbd_H1_H2
4758,1,train,0.31147968769073486,pdb_00008evh_N1_N2
4759,1,train,0.8075692653656006,pdb_00008zh7_B_C
4760,1,train,1.4163843393325806,pdb_00009ml8_P_Q
4761,1,train,0.5507425665855408,pdb_00007zf9_H_L
4762,1,train,0.05477344989776611,pdb_00007w0p_S1_S2
4763,1,train,0.8872354030609131,pdb_00007wqv_F1_F2
4764,1,train,0.9546864628791809,pdb_00003eoa_B_A
4765,1,train,1.5045491456985474,pdb_00004xhj_H_G
4766,1,train,0.6077226400375366,pdb_00003nh7_K_O
4767,1,train,0.041620731353759766,pdb_00009axf_H1_H2
4768,1,train,1.4493231773376465,pdb_00008tp5_H_L
4769,1,train,1.0073951482772827,pdb_00009ci8_D_C
4770,1,train,0.6978774666786194,pdb_00008xsf_H_L
4771,1,train,0.8575906753540039,pdb_00009jy4_P_O
4772,1,train,0.23830829560756683,pdb_00008vfx_N2_N1
4773,1,train,0.7788004875183105,pdb_00008w84_A_B
4774,1,train,1.1049011945724487,pdb_00007s0x_C_D
4775,1,train,1.8251392841339111,pdb_00006wtv_H_I
4776,1,train,1.1322224140167236,pdb_00009p1m_F_E
4777,1,train,0.029859334230422974,pdb_00008xjm_E1_E2
4778,1,train,0.7029647827148438,pdb_00002i9l_H_G
4779,1,train,0.7275190949440002,pdb_00009l6c_H_L
4780,1,train,1.2773898839950562,pdb_00009ma7_F_G
4781,1,train,0.0974908098578453,pdb_00008e9w_E1_E2
4782,1,train,0.5898886322975159,pdb_00005x8l_H_M
4783,1,train,0.7987170815467834,pdb_00006dkj_H_L
4784,1,train,0.9138534069061279,pdb_00006vvu_J_K
4785,1,train,0.9873003363609314,pdb_00008u4s_F_E
4786,1,train,0.7064841985702515,pdb_00007dfa_H_L
4787,1,train,1.258312463760376,pdb_00009f90_A_B
4788,1,train,0.6435790061950684,pdb_00007ws2_E_D
4789,1,train,0.5522745847702026,pdb_00009zqb_J2_J1
4790,1,train,1.61064612865448,pdb_00007ezv_H_L
4791,1,train,1.100534200668335,pdb_00006mlm_F_G
4792,1,train,1.563083529472351,pdb_00009mtk_I_J
4793,1,train,1.1705827713012695,pdb_00009cfe_A_B
4794,1,train,0.05450364202260971,pdb_00007yfd_C1_C2
4795,1,train,0.8414454460144043,pdb_00009ue0_A_B
4796,1,train,1.4304722547531128,pdb_00008z39_H_L
4797,1,train,0.8350855708122253,pdb_00008jin_P2_P1
4798,1,train,1.404059886932373,pdb_00007yd1_A_B
4799,1,train,1.281638741493225,pdb_00002ybr_D_E
4800,1,train,0.22762815654277802,pdb_00003ejy_E_F
4801,1,train,0.036362554877996445,pdb_00006lfm_S1_S2
4802,1,train,0.34057655930519104,pdb_00008dd3_J_I
4803,1,train,1.0162819623947144,pdb_00006woz_H_I
4804,1,train,1.1236854791641235,pdb_00008fdo_A_B
4805,1,train,0.02699379064142704,pdb_00009b54_S1_S2
4806,1,train,0.6289326548576355,pdb_00007xei_E_F
4807,1,train,1.4565343856811523,pdb_00008eed_H_L
4808,1,train,0.05773160979151726,pdb_00009jkv_S1_S2
4809,1,train,0.022965578362345695,pdb_00008jlj_S1_S2
4810,1,train,0.022603025659918785,pdb_00007t2h_E1_E2
4811,1,train,0.6598195433616638,pdb_00007wsi_H_L
4812,1,train,1.3348076343536377,pdb_00009e3l_K_L
4813,1,train,1.3119831085205078,pdb_00008r8k_H_L
4814,1,train,0.6331756114959717,pdb_00008hpu_M_N
4815,1,train,0.6545336246490479,pdb_00005x8m_B_C
4816,1,train,1.5675058364868164,pdb_00001g9n_H_L
4817,1,train,0.7255679368972778,pdb_00008cn9_L_K
4818,1,train,0.04869861155748367,pdb_00008tb0_F1_F2
4819,1,train,1.038865089416504,pdb_00003fku_Y1_Y2
4820,1,train,0.22269293665885925,pdb_00008ubj_N2_N1
4821,1,train,0.7472962737083435,pdb_00007srs_H_L
4822,1,train,0.5662499070167542,pdb_00007klg_I_M
4823,1,train,0.14436490833759308,pdb_00009drx_J_I
4824,1,train,1.248945713043213,pdb_00009cq8_C_E
4825,1,train,1.3729915618896484,pdb_00004ut6_H_L
4826,1,train,0.8361091613769531,pdb_00009b82_H_L
4827,1,train,0.5775854587554932,pdb_00005bo1_H_L
4828,1,train,0.02959826961159706,pdb_00009vmo_S1_S2
4829,1,train,0.1863507330417633,pdb_00007ujk_E_F
4830,1,train,1.1398502588272095,pdb_00009cds_B_A
4831,1,train,1.139045238494873,pdb_00007scn_J_K
4832,1,train,0.2694503664970398,pdb_00006ad7_C_D
4833,1,train,1.1276047229766846,pdb_00008cii_A_B
4834,1,train,0.017879430204629898,pdb_00007exd_E1_E2
4835,1,train,1.6649749279022217,pdb_00009rih_H_L
4836,1,train,1.0747510194778442,pdb_00009lf8_H_L
4837,1,train,0.8112960457801819,pdb_00007ubs_K1_K2
4838,1,train,0.2727760374546051,pdb_00002hjf_A_B
4839,1,train,0.6146534085273743,pdb_00008dww_X_W
4840,1,train,0.8676398396492004,pdb_00008sit_M_N
4841,1,train,0.042395759373903275,pdb_00008f7r_E1_E2
4842,1,train,0.45325344800949097,pdb_00008tft_I_M
4843,1,train,0.900296688079834,pdb_00007m7w_E_F
4844,1,train,0.6622341275215149,pdb_00007xj9_G_F
4845,1,train,0.11308367550373077,pdb_00002vdo_H_L
4846,1,train,0.05025190860033035,pdb_00009yda_H1_H2
4847,1,train,0.09992648661136627,pdb_00009p0l_F1_F2
4848,1,train,0.39785119891166687,pdb_00002dqg_H_L
4849,1,train,0.6112977862358093,pdb_00005yoy_I_F
4850,1,train,1.2300608158111572,pdb_00008sis_H_L
4851,1,train,0.8940936923027039,pdb_00009ue8_Q_R
4852,1,train,1.429063320159912,pdb_00006ivz_H_L
4853,1,train,0.024409668520092964,pdb_00008xqs_S1_S2
4854,1,train,1.3290784358978271,pdb_00009mtg_H_L
4855,1,train,0.5850785374641418,pdb_00006zlr_HHH_LLL
4856,1,train,0.09649532288312912,pdb_00006ada_E_F
4857,1,train,1.1136112213134766,pdb_00005h35_F_G
4858,1,train,0.032530803233385086,pdb_00008xwp_D1_D2
4859,1,train,1.153566598892212,pdb_00005ggs_A_B
4860,1,train,0.9256845116615295,pdb_00006ii9_H_L
4861,1,train,0.7072582244873047,pdb_00008w83_E_F
4862,1,train,0.5035327076911926,pdb_00004tsc_H_L
4863,1,train,0.8387287855148315,pdb_00006k7o_H_L
4864,1,train,0.01905304566025734,pdb_00007vdh_S1_S2
4865,1,train,0.857470691204071,pdb_00005h35_H_I
4866,1,train,0.9206616282463074,pdb_00009f91_E_F
4867,1,train,0.017714332789182663,pdb_00007w57_E1_E2
4868,1,train,1.0119872093200684,pdb_00005vig_H_L
4869,1,train,0.7042681574821472,pdb_00009exa_D_C
4870,1,train,1.150849461555481,pdb_00006suz_H_L
4871,1,train,1.1307644844055176,pdb_00006wn1_B_C
4872,1,train,0.9470326900482178,pdb_00007vgr_D_C
4873,1,train,1.2672563791275024,pdb_00009mtl_M_N
4874,1,train,0.9187573194503784,pdb_00006hjp_I_J
4875,1,train,1.052632212638855,pdb_00008y3i_I_J
4876,1,train,0.9082416892051697,pdb_00007whz_C_E
4877,1,train,0.023380272090435028,pdb_00007x2v_E1_E2
4878,1,train,1.8970692157745361,pdb_00006osh_H_L
4879,1,train,1.4039119482040405,pdb_00001eo8_H_L
4880,1,train,1.3949083089828491,pdb_00009qub_D_C
4881,1,train,0.4822617769241333,pdb_00002qr0_X_W
4882,1,train,1.2363184690475464,pdb_00007shy_K_L
4883,1,train,1.6824411153793335,pdb_00009n5i_H_L
4884,1,train,0.7954263091087341,pdb_00006vja_H_L
4885,1,train,0.6163248419761658,pdb_00007s7i_J_N
4886,1,train,0.04693082347512245,pdb_00008tzq_E1_E2
4887,1,train,0.3848421573638916,pdb_00001j1o_H_L
4888,1,train,0.06869419664144516,pdb_00008hvi_H1_H2
4889,1,train,0.048517368733882904,pdb_00008vvf_E1_E2
4890,1,train,1.093100905418396,pdb_00004am0_C_D
4891,1,train,0.7975377440452576,pdb_00008ulf_K_O
4892,1,train,0.8594158291816711,pdb_00003v6z_A_B
4893,1,train,0.8618610501289368,pdb_00007chc_A_B
4894,1,train,0.056364189833402634,pdb_00009vi9_S1_S2
4895,1,train,0.4193342924118042,pdb_00006txz_K_O
4896,1,train,0.9540372490882874,pdb_00007qez_E_F
4897,1,train,0.03333636373281479,pdb_00008utd_D1_D2
4898,1,train,0.8578972220420837,pdb_00007cmk_H_L
4899,1,train,0.7058754563331604,pdb_00001xiw_H_G
4900,1,train,0.03747056424617767,pdb_00008zjg_S1_S2
4901,1,train,0.8398991227149963,pdb_00007sk8_D_C
4902,1,train,0.2230985462665558,pdb_00008w8b_E1_E2
4903,1,train,0.06180906295776367,pdb_00009kt9_E1_E2
4904,1,train,0.8862535357475281,pdb_00003fku_T1_T2
4905,1,train,0.045806530863046646,pdb_00007xms_S1_S2
4906,1,train,0.8687565922737122,pdb_00003fku_X1_X2
4907,1,train,1.4334431886672974,pdb_00006ba5_F_E
4908,1,train,0.9150596857070923,pdb_00004kht_H_L
4909,1,train,0.1778697669506073,pdb_00008iys_E1_E2
4910,1,train,0.027222946286201477,pdb_00007wig_S1_S2
4911,1,train,0.045627519488334656,pdb_00009m55_S1_S2
4912,1,train,0.027718525379896164,pdb_00008ijd_S1_S2
4913,1,train,0.16292157769203186,pdb_00007e32_E1_E2
4914,1,train,0.7638723850250244,pdb_00008vtd_B_A
4915,1,train,0.0334617905318737,pdb_00008i9l_H1_H2
4916,1,train,0.02408471144735813,pdb_00009jhp_S1_S2
4917,1,train,0.10225212574005127,pdb_00009v1h_E1_E2
4918,1,train,0.8159249424934387,pdb_00007x6o_I_K
4919,1,train,0.05927557125687599,pdb_00009kt7_E1_E2
4920,1,train,0.02386259287595749,pdb_00007w53_E1_E2
4921,1,train,0.026158113032579422,pdb_00007ew2_S1_S2
4922,1,train,0.913691520690918,pdb_00004l5f_H_L
4923,1,train,1.9960776567459106,pdb_00008ezl_H1_H2
4924,1,train,0.6835339665412903,pdb_00006z3p_H_L
4925,1,train,0.1495063751935959,pdb_00007ukp_E_F
4926,1,train,0.15473522245883942,pdb_00007ubr_E_F
4927,1,train,1.269658088684082,pdb_00007sbd_H_L
4928,1,train,0.9590048789978027,pdb_00006ww5_C_D
4929,1,train,0.9201710820198059,pdb_00007sd5_H_L
4930,1,train,0.6683657765388489,pdb_00009oup_H_L
4931,1,train,0.02513114921748638,pdb_00007vuz_S1_S2
4932,1,train,1.1158509254455566,pdb_00009mtf_I_J
4933,1,train,0.31262800097465515,pdb_00007m2j_A_B
4934,1,train,0.1295539140701294,pdb_00006k5d_E_F
4935,1,train,1.846099853515625,pdb_00006k65_H_L
4936,1,train,1.1201874017715454,pdb_00009ebc_G_H
4937,1,train,0.02189236879348755,pdb_00008xqt_S1_S2
4938,1,train,0.744745671749115,pdb_00003v4p_M_N
4939,1,train,0.7003764510154724,pdb_00007qnx_H_L
4940,1,train,1.5725598335266113,pdb_00007xh8_B_C
4941,1,train,0.4620823264122009,pdb_00008j24_G1_G2
4942,1,train,0.46206551790237427,pdb_00009cpu_H_L
4943,1,train,0.8773541450500488,pdb_00006ii9_P_Q
4944,1,train,1.0221335887908936,pdb_00008u44_U_W
4945,1,train,0.6188583374023438,pdb_00007f7h_A_B
4946,1,train,1.0976461172103882,pdb_00007uxl_A_B
4947,1,train,0.6243859529495239,pdb_00004dkf_H_L
4948,1,train,0.3587862551212311,pdb_00009zqb_I2_I1
4949,1,train,0.01932329684495926,pdb_00008j1a_S1_S2
4950,1,train,1.172669529914856,pdb_00008zpq_A_B
4951,1,train,1.1222660541534424,pdb_00009mtj_I_J
4952,1,train,0.8307191729545593,pdb_00004hg4_N_O
4953,1,train,0.17752191424369812,pdb_00006e0p_N1_N2
4954,1,train,1.3423844575881958,pdb_00009mla_I_L
4955,1,train,0.03669218346476555,pdb_00008jd6_D1_D2
4956,1,train,0.05074560269713402,pdb_00008j6d_H1_H2
4957,1,train,0.7863095998764038,pdb_00001z3g_H_L
4958,1,train,0.8481451869010925,pdb_00004hg4_T_U
4959,1,train,1.339046597480774,pdb_00009rim_H_L
4960,1,train,1.008172631263733,pdb_00009hub_I_M
4961,1,train,0.744473934173584,pdb_00009ue8_M_N
4962,1,train,1.1387072801589966,pdb_00009os5_G_J
4963,1,train,0.9588057398796082,pdb_00006n5e_H_I
4964,1,train,0.07334868609905243,pdb_00002ht2_C_D
4965,1,train,1.1300941705703735,pdb_00008zdw_U_R
4966,1,train,0.21532993018627167,pdb_00006x3s_J_I
4967,1,train,1.4160730838775635,pdb_00008e8l_H_L
4968,1,train,0.8168540000915527,pdb_00004hg4_J_K
4969,1,train,1.5109915733337402,pdb_00009e3h_J_K
4970,1,train,1.0778969526290894,pdb_00009js7_I_L
4971,1,train,1.6539274454116821,pdb_00006mtq_H_L
4972,1,train,0.021040698513388634,pdb_00009kvh_E1_E2
4973,1,train,0.02817789651453495,pdb_00006xox_E1_E2
4974,1,train,0.8559781312942505,pdb_00003eoa_H_L
4975,1,train,0.8294098377227783,pdb_00009bt5_C_D
4976,1,train,0.09094773977994919,pdb_00009d0a_E1_E2
4977,1,train,1.3167086839675903,pdb_00008tpa_D_E
4978,1,train,1.107056975364685,pdb_00009mtm_M_N
4979,1,train,0.9723082184791565,pdb_00009ban_E_F
4980,1,train,0.954430878162384,pdb_00009mkn_H_L
4981,1,train,0.9161178469657898,pdb_00004hg4_Z_z
4982,1,train,0.5275782942771912,pdb_00007x2k_H_L
4983,1,train,0.808299720287323,pdb_00004lf3_B_A
4984,1,train,0.6783421635627747,pdb_00005nhr_H_L
4985,1,train,1.3157321214675903,pdb_00006ywc_A_B
4986,1,train,1.2648659944534302,pdb_00002zcl_H_L
4987,1,train,0.7752094268798828,pdb_00007jum_H1_H2
4988,1,train,1.1611658334732056,pdb_00001oak_H_L
4989,1,train,0.253652960062027,pdb_00008z3q_S1_S2
4990,1,train,0.9335570335388184,pdb_00009bdh_H_L
4991,1,train,0.8460561633110046,pdb_00009dru_H_L
4992,1,train,0.5995069146156311,pdb_00005cbe_C_D
4993,1,train,1.1600885391235352,pdb_00008ezk_H1_H2
4994,1,train,0.017105741426348686,pdb_00009pxv_E1_E2
4995,1,train,0.8328065872192383,pdb_00006t3j_F_G
4996,1,train,0.6015678644180298,pdb_00004hg4_L_M
4997,1,train,1.3341466188430786,pdb_00007lg6_C_D
4998,1,train,0.5245300531387329,pdb_00009cpu_F_G
4999,1,train,0.5016852021217346,pdb_00007ch5_H_L
5000,1,train,1.4169886112213135,pdb_00009e21_H_L
5001,1,train,0.6043558120727539,pdb_00009nz3_D_C
5002,1,train,0.8849029541015625,pdb_00006wzl_C_D
5003,1,train,0.01803731359541416,pdb_00008jlr_S1_S2
5004,1,train,1.1393543481826782,pdb_00009mic_H_L
5005,1,train,1.2154589891433716,pdb_00008w5l_H_L
5006,1,train,0.26176926493644714,pdb_00007u0i_K1_K2
5007,1,train,0.2353544682264328,pdb_00008syp_N1_N2
5008,1,train,1.262784481048584,pdb_00008dwy_V_U
5009,1,train,1.4413961172103882,pdb_00003lzf_H_L
5010,1,train,1.3993972539901733,pdb_00001osp_H_L
5011,1,train,0.09541471302509308,pdb_00007tmz_E_F
5012,1,train,0.024108650162816048,pdb_00009l79_S1_S2
5013,1,train,0.7727454900741577,pdb_00008vgj_J_I
5014,1,train,0.06751097738742828,pdb_00008xjn_E1_E2
5015,1,train,0.44300922751426697,pdb_00008wo4_D_C
5016,1,train,0.957557201385498,pdb_00009t5z_H_L
5017,1,train,0.6765608787536621,pdb_00008hq7_M_N
5018,1,train,0.6985720992088318,pdb_00007dpm_J_K
5019,1,train,0.5088654160499573,pdb_00004tnw_F_N
5020,1,train,0.15391284227371216,pdb_00008x8l_E1_E2
5021,1,train,0.05111989751458168,pdb_00008j6p_S1_S2
5022,1,train,0.9279108643531799,pdb_00007lfa_H_L
5023,1,train,0.3443056344985962,pdb_00009cpv_C_D
5024,1,train,1.182835340499878,pdb_00007cqd_I_M
5025,1,train,0.8576196432113647,pdb_00008jqn_H_L
5026,1,train,0.8167979121208191,pdb_00006xkr_H_L
5027,1,train,0.03761854022741318,pdb_00008thl_F1_F2
5028,1,train,0.7206186652183533,pdb_00009n8j_F_G
5029,1,train,0.3234022557735443,pdb_00003stz_A_B
5030,1,train,1.2604897022247314,pdb_00006ban_D_C
5031,1,train,1.0386457443237305,pdb_00007l0l_H_L
5032,1,train,0.08483400195837021,pdb_00008iw1_S1_S2
5033,1,train,0.25066041946411133,pdb_00003fb6_A_B
5034,1,train,0.4943048357963562,pdb_00007yxu_H_L
5035,1,train,0.8777918219566345,pdb_00007zmk_S_T
5036,1,train,0.8198443055152893,pdb_00006n5e_E_D
5037,1,train,0.8979396224021912,pdb_00007jx3_C_D
5038,1,train,0.7634894847869873,pdb_00003sob_H_L
5039,1,train,0.775046706199646,pdb_00008dn7_A_B
5040,1,train,0.07407084107398987,pdb_00009vif_S1_S2
5041,1,train,1.180612564086914,pdb_00007yvl_A_C
5042,1,train,1.016850471496582,pdb_00009b2m_H_L
5043,1,train,0.06158632040023804,pdb_00007srr_E1_E2
5044,1,train,1.7296503782272339,pdb_00004fp8_I_M
5045,1,train,0.034254904836416245,pdb_00007f2o_S1_S2
5046,1,train,0.024740012362599373,pdb_00009k07_E1_E2
5047,1,train,0.7527581453323364,pdb_00006vgr_C_D
5048,1,train,0.7126083374023438,pdb_00001tzh_H_L
5049,1,train,0.47921597957611084,pdb_00009nz5_B_C
5050,1,train,0.2341817170381546,pdb_00007k61_M2_M1
5051,1,train,0.6523226499557495,pdb_00007wrv_U_V
5052,1,train,0.8272321820259094,pdb_00009dm0_C_D
5053,1,train,0.03460923954844475,pdb_00007vl8_S1_S2
5054,1,train,1.0082236528396606,pdb_00001rjl_B_A
5055,1,train,0.6642805933952332,pdb_00008hn6_C_D
5056,1,train,0.5706356167793274,pdb_00003hfm_H_L
5057,1,train,0.6539101600646973,pdb_00005aam_A1_A2
5058,1,train,0.035127755254507065,pdb_00008jln_S1_S2
5059,1,train,1.0537352561950684,pdb_00009gwt_H_L
5060,1,train,1.2580397129058838,pdb_00009cq8_G_H
5061,1,train,0.6603478193283081,pdb_00005yoy_G_D
5062,1,train,0.026457468047738075,pdb_00006kpg_S1_S2
5063,1,train,0.02606862038373947,pdb_00008yyx_A1_A2
5064,1,train,0.38042178750038147,pdb_00002qr0_T_S
5065,1,train,1.3125090599060059,pdb_00007shy_I_J
5066,1,train,0.0540592186152935,pdb_00008jei_S1_S2
5067,1,train,0.14125581085681915,pdb_00002r9h_E_F
5068,1,train,0.023282982409000397,pdb_00008irt_E1_E2
5069,1,train,1.132779598236084,pdb_00004qci_H_L
5070,1,train,1.241195797920227,pdb_00006ml8_H_L
5071,1,train,0.12396996468305588,pdb_00007u60_E_F
5072,1,train,0.8439694046974182,pdb_00007ley_G_F
5073,1,train,0.024659259244799614,pdb_00009k3h_S1_S2
5074,1,train,1.1187771558761597,pdb_00009l07_H_L
5075,1,train,0.7207629084587097,pdb_00007ubs_H1_H2
5076,1,train,1.010764479637146,pdb_00009ebc_I_J
5077,1,train,1.476677417755127,pdb_00008w0y_A_B
5078,1,train,0.036930352449417114,pdb_00008j6q_S1_S2
5079,1,train,0.5748186111450195,pdb_00009our_J_K
5080,1,train,0.8422268033027649,pdb_00009q5v_K_J
5081,1,train,0.015901679173111916,pdb_00009le2_S1_S2
5082,1,train,1.3085404634475708,pdb_00008rmy_E_F
5083,1,train,0.6806470155715942,pdb_00007ley_D_E
5084,1,train,0.3693229854106903,pdb_00009nz4_F_E
5085,1,train,0.748970091342926,pdb_00007wqv_N1_N2
5086,1,train,0.12933625280857086,pdb_00008ubk_N2_N1
5087,1,train,1.1356669664382935,pdb_00001p2c_E_D
5088,1,train,0.9238386750221252,pdb_00005ugy_J_N
5089,1,train,0.5251274704933167,pdb_00007pqy_B_C
5090,1,train,0.13883185386657715,pdb_00003f7v_A_B
5091,1,train,0.0312725231051445,pdb_00008xgu_S1_S2
5092,1,train,1.544960856437683,pdb_00001iqd_B_A
5093,1,train,1.4411221742630005,pdb_00007r8u_HHH_LLL
5094,1,train,0.047005247324705124,pdb_00008k9l_H1_H2
5095,1,train,0.9531814455986023,pdb_00007zfb_C_D
5096,1,train,0.02295113168656826,pdb_00009o36_E1_E2
5097,1,train,1.5615243911743164,pdb_00004g3y_H_L
5098,1,train,0.025621164590120316,pdb_00007rkx_D1_D2
5099,1,train,0.061606474220752716,pdb_00009erx_F1_F2
5100,1,train,1.4201290607452393,pdb_00007jwg_A_B
5101,1,train,0.7479214072227478,pdb_00007dk2_D_E
5102,1,train,0.7438589334487915,pdb_00007mxl_H_L
5103,1,train,0.02188997156918049,pdb_00009izc_S1_S2
5104,1,train,0.14097513258457184,pdb_00001ots_E_F
5105,1,train,0.9219344258308411,pdb_00004hg4_V_W
5106,1,train,0.9845466017723083,pdb_00007yds_B_C
5107,1,train,0.531394898891449,pdb_00008f2j_D_F
5108,1,train,0.028383789584040642,pdb_00008hcq_E1_E2
5109,1,train,0.873931884765625,pdb_00007wvd_I_J
5110,1,train,0.7027841210365295,pdb_00009u5p_B_C
5111,1,train,0.3974599242210388,pdb_00006x3z_K_L
5112,1,train,0.44294700026512146,pdb_00009zqa_I2_I1
5113,1,train,0.013586192391812801,pdb_00009jh3_S1_S2
5114,1,train,1.0354437828063965,pdb_00009oao_H_L
5115,1,train,0.1536034643650055,pdb_00007k5y_N2_N1
5116,1,train,0.16441573202610016,pdb_00006e0p_M1_M2
5117,1,train,0.11431257426738739,pdb_00003ze0_E_F
5118,1,train,0.6693299412727356,pdb_00006pe9_E_F
5119,1,train,0.024206550791859627,pdb_00007f9z_E1_E2
5120,1,train,0.020307768136262894,pdb_00008jlq_S1_S2
5121,1,train,0.8785212635993958,pdb_00004gxu_M_N
5122,1,train,0.030815565958619118,pdb_00009kug_H1_H2
5123,1,train,0.014556323178112507,pdb_00007s8o_E1_E2
5124,1,train,1.047466516494751,pdb_00006ban_B_A
5125,1,train,0.14584358036518097,pdb_00002atk_A_B
5126,1,train,0.5793417692184448,pdb_00008dww_V_U
5127,1,train,0.11786679178476334,pdb_00005j9p_A_B
5128,1,train,0.8141676187515259,pdb_00003eo1_K_J
5129,1,train,1.3292056322097778,pdb_00003c09_C_B
5130,1,train,0.1155245378613472,pdb_00007cvt_E_F
5131,1,train,0.013719082809984684,pdb_00008kfz_S1_S2
5132,1,train,1.7319995164871216,pdb_00008hrd_C_E
5133,1,train,1.0069599151611328,pdb_00004am0_H_L
5134,1,train,0.03508177772164345,pdb_00008yrg_E1_E2
5135,1,train,1.755966305732727,pdb_00009xsx_B_C
5136,1,train,1.5049957036972046,pdb_00008w5f_H_L
5137,1,train,0.9977776408195496,pdb_00005vqm_D_C
5138,1,train,0.024432621896266937,pdb_00006os9_D1_D2
5139,1,train,0.11622574925422668,pdb_00006ad8_E_F
5140,1,train,1.210039734840393,pdb_00009dn2_H_L
5141,1,train,1.2369029521942139,pdb_00008e8r_H_L
5142,1,train,0.45301350951194763,pdb_00008elq_H_L
5143,1,train,1.0510228872299194,pdb_00008rrn_C_D
5144,1,train,1.5073251724243164,pdb_00008p12_H_L
5145,1,train,0.8477849960327148,pdb_00001mlc_D_C
5146,1,train,0.961473822593689,pdb_00006xy2_H_L
5147,1,train,1.4248600006103516,pdb_00009oap_H_L
5148,1,train,0.03251311555504799,pdb_00007wy0_C1_C2
5149,1,train,0.9941540956497192,pdb_00008fhy_H_L
5150,1,train,0.9003011584281921,pdb_00008hws_D_E
5151,1,train,0.6515859961509705,pdb_00008eqf_H_L
5152,1,train,0.08191138505935669,pdb_00009vo0_E1_E2
5153,1,train,0.8555605411529541,pdb_00008too_D_C
5154,1,train,1.233390212059021,pdb_00009e3k_H_L
5155,1,train,0.04747892916202545,pdb_00009m1o_S1_S2
5156,1,train,0.05351593717932701,pdb_00008yn8_E1_E2
5157,1,train,0.6329060792922974,pdb_00003b2u_N_O
5158,1,train,0.7387852072715759,pdb_00007ley_H_I
5159,1,train,0.01790904439985752,pdb_00007w2z_S1_S2
5160,1,train,0.6260280013084412,pdb_00008jkh_H_L
5161,1,train,0.6324678063392639,pdb_00008jkf_M_N
5162,1,train,0.6798199415206909,pdb_00005aaw_H1_H2
5163,1,train,1.450827956199646,pdb_00008vte_D_C
5164,1,train,1.0194629430770874,pdb_00007s0x_H_L
5165,1,train,1.5717017650604248,pdb_00002hmi_D_C
5166,1,train,0.8622174859046936,pdb_00009cn2_B1_B2
5167,1,train,1.765527606010437,pdb_00008ulj_H_L
5168,1,train,0.05173357576131821,pdb_00007trp_H1_H2
5169,1,train,1.0833550691604614,pdb_00007y3n_H_L
5170,1,train,0.565907895565033,pdb_00008j26_B_A
5171,1,train,1.193670630455017,pdb_00009kve_A_B
5172,1,train,0.735467791557312,pdb_00007dk2_G_H
5173,1,train,0.8698322176933289,pdb_00008u4s_B_A
5174,1,train,1.0879404544830322,pdb_00007t82_H_L
5175,1,train,0.02521614544093609,pdb_00009vmy_E1_E2
5176,1,train,0.9901664853096008,pdb_00008tbb_H_L
5177,1,train,0.033535681664943695,pdb_00008x9t_S1_S2
5178,1,train,0.054473746567964554,pdb_00009ejc_D1_D2
5179,1,train,0.6816690564155579,pdb_00006w0i_A_B
5180,1,train,0.08494913578033447,pdb_00009ejz_H1_H2
5181,1,train,0.946593165397644,pdb_00007uvi_A_B
5182,1,train,0.19060204923152924,pdb_00008evi_N1_N2
5183,1,train,0.15496578812599182,pdb_00008evh_M1_M2
5184,1,train,1.4164551496505737,pdb_00007n4j_H_L
5185,1,train,1.9384337663650513,pdb_00008z6t_B_C
5186,1,train,0.5442964434623718,pdb_00009k6j_A_B
5187,1,train,0.8220303654670715,pdb_00009mqa_H_L
5188,1,train,0.036748241633176804,pdb_00009kft_S1_S2
5189,1,train,0.07767404615879059,pdb_00002h2s_E_F
5190,1,train,0.8526987433433533,pdb_00007uvq_D_E
5191,1,train,0.0768064484000206,pdb_00006k5i_E_F
5192,1,train,1.4540233612060547,pdb_00007y6l_H_L
5193,1,train,1.485191822052002,pdb_00007bsd_H_L
5194,1,train,0.7955214381217957,pdb_00007lq7_T_U
5195,1,train,0.03780321776866913,pdb_00008t3v_N1_N2
5196,1,train,0.12295497208833694,pdb_00007k60_N2_N1
5197,1,train,0.9831144213676453,pdb_00008zdw_L_J
5198,1,train,0.4060511291027069,pdb_00009nz5_F_E
5199,1,train,0.029359377920627594,pdb_00008y71_E1_E2
5200,1,train,1.0522491931915283,pdb_00008dis_A_C
5201,1,train,1.1644477844238281,pdb_00006vc9_H_L
5202,1,train,0.8900075554847717,pdb_00008jqs_h_l
5203,1,train,0.2266824096441269,pdb_00008jxx_E1_E2
5204,1,train,0.05887463316321373,pdb_00008spu_K1_K2
5205,1,train,0.9724677205085754,pdb_00007upb_C_F
5206,1,train,0.741679847240448,pdb_00007sco_J_K
5207,1,train,0.016263065859675407,pdb_00009lre_E1_E2
5208,1,train,0.04481249675154686,pdb_00008yn4_E1_E2
5209,1,train,1.23926842212677,pdb_00001tqb_B_C
5210,1,train,1.4142342805862427,pdb_00009rik_H_L
5211,1,train,0.6847519874572754,pdb_00007m71_H_L
5212,1,train,0.5663179755210876,pdb_00008bg4_A1_A2
5213,1,train,1.0571787357330322,pdb_00008e8z_H_L
5214,1,train,1.4566905498504639,pdb_00009mkn_S_T
5215,1,train,1.3655402660369873,pdb_00006d0u_E_F
5216,1,train,0.6976727247238159,pdb_00006ii4_E_F
5217,1,train,0.053349003195762634,pdb_00007x5h_E1_E2
5218,1,train,0.389123797416687,pdb_00009ctu_D_C
5219,1,train,1.4257923364639282,pdb_00009y41_H_L
5220,1,train,0.9496207237243652,pdb_00007vgr_F_E
5221,1,train,0.7622052431106567,pdb_00006wzj_A_B
5222,1,train,0.6377167701721191,pdb_00008i0n_I_M
5223,1,train,0.018528619781136513,pdb_00007na8_N1_N2
5224,1,train,1.2913450002670288,pdb_00003bsz_N_M
5225,1,train,0.04635275900363922,pdb_00009vo1_E1_E2
5226,1,train,0.7378934025764465,pdb_00003v4v_H_L
5227,1,train,1.092854619026184,pdb_00008y3i_G_H
5228,1,train,1.0993807315826416,pdb_00007scn_H_L
5229,1,train,0.7085019946098328,pdb_00001fbi_H_L
5230,1,train,0.9836757779121399,pdb_00006n5d_L_N
5231,1,train,0.6712141036987305,pdb_00008h7z_F_I
5232,1,train,0.03426181524991989,pdb_00008dwg_E1_E2
5233,1,train,0.01966271921992302,pdb_00007yu3_S1_S2
5234,1,train,0.6323628425598145,pdb_00007e3o_H_L
5235,1,train,0.024758433923125267,pdb_00008xxz_S1_S2
5236,1,train,0.9746642708778381,pdb_00008hrd_G_H
5237,1,train,0.9725887775421143,pdb_00008dxt_H_L
5238,1,train,0.6754224300384521,pdb_00007vag_H_L
5239,1,train,0.018513748422265053,pdb_00007sbf_E1_E2
5240,1,train,1.2481632232666016,pdb_00008hpf_H_L
5241,1,train,0.08911850303411484,pdb_00006adb_E_F
5242,1,train,0.9505541324615479,pdb_00007rku_G_I
5243,1,train,0.014164506457746029,pdb_00008jhy_S1_S2
5244,1,train,1.0906546115875244,pdb_00006wtu_B_C
5245,1,train,1.2159062623977661,pdb_00002vir_B_A
5246,1,train,1.1217635869979858,pdb_00008vk1_C_B
5247,1,train,0.07792305946350098,pdb_00002exw_C_D
5248,1,train,0.7002413272857666,pdb_00001ndm_B_A
5249,1,train,0.08099555224180222,pdb_00001ott_E_F
5250,1,train,0.9773162603378296,pdb_00007ebz_E_F
5251,1,train,0.9970251321792603,pdb_00004ag4_H_L
5252,1,train,0.772580087184906,pdb_00009jeb_C1_C2
5253,1,train,0.014535057358443737,pdb_00007rbt_E1_E2
5254,1,train,0.024558646604418755,pdb_00008e9x_E1_E2
5255,1,train,0.7505173087120056,pdb_00007wqv_P1_P2
5256,1,train,0.9352750182151794,pdb_00008pwh_D_C
5257,1,train,1.1233043670654297,pdb_00009bdi_C_D
5258,1,train,0.834010124206543,pdb_00007wk0_A_B
5259,1,train,1.087622880935669,pdb_00007mdj_A_B
5260,1,train,0.06472283601760864,pdb_00002exy_C_D
5261,1,train,0.8435079455375671,pdb_00008g5b_H_L
5262,1,train,0.5473863482475281,pdb_00003rhw_H_L
5263,1,train,0.02567773126065731,pdb_00008zh8_S1_S2
5264,1,train,0.6435917615890503,pdb_00007bpk_H_L
5265,1,train,0.7078641653060913,pdb_00008eoo_H_L
5266,1,train,0.6298184394836426,pdb_00009oun_H_L
5267,1,train,1.0056742429733276,pdb_00008eed_I_J
5268,1,train,1.0041052103042603,pdb_00004nik_B1_B2
5269,1,train,0.024876028299331665,pdb_00009kpf_S1_S2
5270,1,train,0.16736969351768494,pdb_00004z7q_E_F
5271,1,train,0.8979132175445557,pdb_00009hh9_G_F
5272,1,train,1.2895821332931519,pdb_00005kov_I1_I2
5272,1,train_epoch,0.7394804075997667,
5272,1,validation,1.0472067488413868,
5273,2,train,0.9726746678352356,pdb_00007uvs_D_E
5274,2,train,0.42286762595176697,pdb_00002qr0_X_W
5275,2,train,1.173986792564392,pdb_00009mtf_M_N
5276,2,train,0.8156828284263611,pdb_00006vvu_J_K
5277,2,train,0.8822696805000305,pdb_00009l07_H_L
5278,2,train,0.6502754092216492,pdb_00008dn7_A_B
5279,2,train,0.727022647857666,pdb_00006vgr_H_L
5280,2,train,1.141308069229126,pdb_00007zwi_B_C
5281,2,train,1.2195014953613281,pdb_00009rik_H_L
5282,2,train,0.9813588261604309,pdb_00006bpa_B_C
5283,2,train,0.5443015694618225,pdb_00007wqv_P1_P2
5284,2,train,1.2265516519546509,pdb_00007x3d_H_L
5285,2,train,0.2574436664581299,pdb_00003f5w_A_B
5286,2,train,1.046453833580017,pdb_00007kq7_H_L
5287,2,train,0.04591047018766403,pdb_00008j6r_S1_S2
5288,2,train,0.4491160809993744,pdb_00006vmk_H_G
5289,2,train,1.1060147285461426,pdb_00008hpf_H_L
5290,2,train,0.35690876841545105,pdb_00009our_H_L
5291,2,train,0.0648188665509224,pdb_00007t90_E1_E2
5292,2,train,0.031336791813373566,pdb_00009k3h_S1_S2
5293,2,train,0.38538920879364014,pdb_00006vmk_P_O
5294,2,train,0.7681980729103088,pdb_00004lf3_E_D
5295,2,train,0.5662251114845276,pdb_00008txu_F_K
5296,2,train,0.961497962474823,pdb_00009bdi_H_L
5297,2,train,0.7043929696083069,pdb_00004m62_I_M
5298,2,train,0.2446870505809784,pdb_00006x3x_K_L
5299,2,train,0.7842170000076294,pdb_00007ubs_K1_K2
5300,2,train,0.7271161675453186,pdb_00006n5e_E_D
5301,2,train,0.5243973135948181,pdb_00007vad_H_L
5302,2,train,0.5938370227813721,pdb_00008jkf_H_L
5303,2,train,0.565876841545105,pdb_00008bg2_A1_A2
5304,2,train,0.9866973757743835,pdb_00008siq_H_L
5305,2,train,1.4353549480438232,pdb_00009vnp_C_A
5306,2,train,1.0043243169784546,pdb_00008rmx_B_C
5307,2,train,1.0824503898620605,pdb_00008dv6_C_L
5308,2,train,0.021529976278543472,pdb_00008xyk_S1_S2
5309,2,train,0.9213603734970093,pdb_00007x2o_H_L
5310,2,train,0.5222516655921936,pdb_00001ua6_H_L
5311,2,train,0.7954399585723877,pdb_00007tbf_D_E
5312,2,train,0.027858799323439598,pdb_00008y0n_S1_S2
5313,2,train,0.755435585975647,pdb_00004n90_H_I
5314,2,train,0.6541286706924438,pdb_00008wpw_C_D
5315,2,train,0.7491965889930725,pdb_00003eo1_B_A
5316,2,train,1.0099374055862427,pdb_00009jy3_P_O
5317,2,train,0.06348752230405807,pdb_00007srr_E1_E2
5318,2,train,0.529831051826477,pdb_00005yoy_Q_N
5319,2,train,0.7846841216087341,pdb_00007lop_W_V
5320,2,train,0.027657540515065193,pdb_00009ite_E1_E2
5321,2,train,0.03317320719361305,pdb_00008k9l_H1_H2
5322,2,train,0.8712775707244873,pdb_00008vk1_C_B
5323,2,train,0.8328974843025208,pdb_00008w83_A_B
5324,2,train,0.636486291885376,pdb_00009wb4_B_C
5325,2,train,0.7278218865394592,pdb_00007ebz_E_F
5326,2,train,0.5904908776283264,pdb_00008vgh_H_G
5327,2,train,1.9671214818954468,pdb_00001jrh_H_L
5328,2,train,0.2373257726430893,pdb_00006x3z_J_I
5329,2,train,0.12169747054576874,pdb_00007u0j_K1_K2
5330,2,train,0.03604797646403313,pdb_00009lrs_E1_E2
5331,2,train,1.4828442335128784,pdb_00009ml8_M_N
5332,2,train,0.6313431262969971,pdb_00008hpu_M_N
5333,2,train,0.4082052707672119,pdb_00005aaw_H1_H2
5334,2,train,0.6906044483184814,pdb_00007dpm_D_E
5335,2,train,0.9189465045928955,pdb_00007scn_H_L
5336,2,train,1.450217366218567,pdb_00009y3x_H_L
5337,2,train,1.4949592351913452,pdb_00007n4j_H_L
5338,2,train,0.6258471608161926,pdb_00003nh7_J_N
5339,2,train,1.401049017906189,pdb_00007lg6_C_D
5340,2,train,0.0205078125,pdb_00008hn8_S1_S2
5341,2,train,0.8894835710525513,pdb_00008rmy_B_C
5342,2,train,0.9225034713745117,pdb_00007pry_C_D
5343,2,train,0.04246285557746887,pdb_00009vj5_E1_E2
5344,2,train,0.3797109127044678,pdb_00006vmk_i_h
5345,2,train,0.1573740839958191,pdb_00008si9_J_I
5346,2,train,0.021032853052020073,pdb_00008hoc_S1_S2
5347,2,train,0.5272856950759888,pdb_00006w0f_A_B
5348,2,train,0.04423129931092262,pdb_00008xx6_S1_S2
5349,2,train,0.10069818794727325,pdb_00002h2s_E_F
5350,2,train,0.5690070390701294,pdb_00007e3o_H_L
5351,2,train,0.987723708152771,pdb_00008dwx_H_L
5352,2,train,1.4885122776031494,pdb_00006k65_H_L
5353,2,train,0.010320003144443035,pdb_00008hs3_S1_S2
5354,2,train,0.8782360553741455,pdb_00007x3c_F_E
5355,2,train,0.7961441278457642,pdb_00004yk4_Z_Y
5356,2,train,1.3434361219406128,pdb_00001n6q_H_L
5357,2,train,0.7624945640563965,pdb_00007lop_X_Y
5358,2,train,0.04124811291694641,pdb_00007evz_E1_E2
5359,2,train,1.230844497680664,pdb_00008tfl_H_L
5360,2,train,0.7292565107345581,pdb_00007m6d_A_B
5361,2,train,0.5197789072990417,pdb_00006kyz_E_F
5362,2,train,1.0460621118545532,pdb_00005ggs_A_B
5363,2,train,0.9155630469322205,pdb_00008tbb_H_L
5364,2,train,0.9931151866912842,pdb_00006ywc_D_E
5365,2,train,0.6837698817253113,pdb_00008y31_D_C
5366,2,train,0.568737268447876,pdb_00007kmg_A_B
5367,2,train,0.04330036789178848,pdb_00008hbd_H1_H2
5368,2,train,0.7868853807449341,pdb_00009jy2_B_A
5369,2,train,0.629468560218811,pdb_00008ulf_I_M
5370,2,train,0.2448766678571701,pdb_00003stl_A_B
5371,2,train,0.028670938685536385,pdb_00008id4_S1_S2
5372,2,train,0.5244031548500061,pdb_00007dq7_H_L
5373,2,train,0.7518449425697327,pdb_00009rio_H_L
5374,2,train,0.035655371844768524,pdb_00008y72_E1_E2
5375,2,train,0.7722954750061035,pdb_00006pi7_F_E
5376,2,train,0.02623828500509262,pdb_00007vuy_S1_S2
5377,2,train,0.6887941956520081,pdb_00004jpk_H_L
5378,2,train,0.7332680821418762,pdb_00007y6k_J_E3
5379,2,train,2.0551838874816895,pdb_00004xzu_E_F
5380,2,train,0.43942537903785706,pdb_00008txu_E_J
5381,2,train,0.566552460193634,pdb_00007ejy_H_L
5382,2,train,0.043375566601753235,pdb_00008wpu_E1_E2
5383,2,train,1.1352308988571167,pdb_00009e21_H_L
5384,2,train,0.8367042541503906,pdb_00007zfb_J_K
5385,2,train,0.01752721332013607,pdb_00009v0x_E1_E2
5386,2,train,1.042168140411377,pdb_00006ba5_F_E
5387,2,train,0.4800353944301605,pdb_00008bcz_E_F
5388,2,train,1.2098495960235596,pdb_00006xpz_B_C
5389,2,train,1.2896639108657837,pdb_00007bsd_H_L
5390,2,train,0.9623168706893921,pdb_00003fku_X1_X2
5391,2,train,0.93137127161026,pdb_00008dv6_H_D
5392,2,train,0.04546867311000824,pdb_00008j6q_S1_S2
5393,2,train,0.029576176777482033,pdb_00008t3o_N1_N2
5394,2,train,0.036632440984249115,pdb_00008xgs_D1_D2
5395,2,train,0.6073939204216003,pdb_00008wpy_C_D
5396,2,train,1.7965518236160278,pdb_00008r4n_H_L
5397,2,train,0.6121096014976501,pdb_00007wwk_G_F
5398,2,train,0.8626901507377625,pdb_00008v5v_b_d
5399,2,train,2.314833879470825,pdb_00006vlw_H_L
5400,2,train,0.43209806084632874,pdb_00005aaw_D1_D2
5401,2,train,0.8526197075843811,pdb_00008f6x_D1_D2
5402,2,train,0.020328590646386147,pdb_00006pt0_E1_E2
5403,2,train,0.5827574729919434,pdb_00004ttd_C_D
5404,2,train,0.038943398743867874,pdb_00008xx3_S1_S2
5405,2,train,0.8112936615943909,pdb_00009ue8_Q_R
5406,2,train,0.7190358638763428,pdb_00007eam_H_L
5407,2,train,0.017269056290388107,pdb_00007y1f_E1_E2
5408,2,train,0.7493596076965332,pdb_00003fku_U1_U2
5409,2,train,0.015026075765490532,pdb_00008hsc_S1_S2
5410,2,train,1.0557963848114014,pdb_00005umi_A_B
5411,2,train,1.1627743244171143,pdb_00009mtm_H_L
5412,2,train,1.4624831676483154,pdb_00008tnn_H_G
5413,2,train,0.029675640165805817,pdb_00008xxv_E1_E2
5414,2,train,1.1639103889465332,pdb_00008tpa_H_L
5415,2,train,1.1701023578643799,pdb_00004f37_F_K
5416,2,train,0.696056604385376,pdb_00003eo1_E_D
5417,2,train,1.0162129402160645,pdb_00007y3n_H_L
5418,2,train,0.01301499828696251,pdb_00009vj6_E1_E2
5419,2,train,0.03564451262354851,pdb_00009jed_S1_S2
5420,2,train,1.1001654863357544,pdb_00007lg6_J_M
5421,2,train,1.0267525911331177,pdb_00007upb_C_F
5422,2,train,1.3177049160003662,pdb_00002x7l_E_F
5423,2,train,0.5783215165138245,pdb_00008i5l_E1_E2
5424,2,train,0.5676547884941101,pdb_00007xei_C_D
5425,2,train,0.13018077611923218,pdb_00003ejz_C_D
5426,2,train,0.7750069499015808,pdb_00009dzf_H_L
5427,2,train,0.95600426197052,pdb_00009me4_I_M
5428,2,train,0.013691356405615807,pdb_00009k6l_S1_S2
5429,2,train,0.4490242898464203,pdb_00006xc4_H_L
5430,2,train,0.5587401986122131,pdb_00006j6y_B_C
5431,2,train,1.0169873237609863,pdb_00008u44_U_W
5432,2,train,1.0896949768066406,pdb_00006mlm_E_I
5433,2,train,0.6445609331130981,pdb_00007d85_B_C
5434,2,train,0.0800623744726181,pdb_00007ej8_H1_H2
5435,2,train,1.2789359092712402,pdb_00008zd5_B_C
5436,2,train,0.02908548153936863,pdb_00009jky_S1_S2
5437,2,train,1.145702600479126,pdb_00008w5r_H_L
5438,2,train,0.8694515824317932,pdb_00008vgm_E_F
5439,2,train,1.0081812143325806,pdb_00005kov_E1_E2
5440,2,train,1.3463623523712158,pdb_00008z6t_B_C
5441,2,train,0.35819414258003235,pdb_00006k5i_C_D
5442,2,train,1.0333093404769897,pdb_00004al8_H_L
5443,2,train,0.0243390966206789,pdb_00008f7x_E1_E2
5444,2,train,0.6376041769981384,pdb_00005u5f_B_A
5445,2,train,0.9139124751091003,pdb_00007scn_E_F
5446,2,train,0.01865476183593273,pdb_00008xjl_E1_E2
5447,2,train,0.9351276755332947,pdb_00008yub_A_B
5448,2,train,0.8195053339004517,pdb_00008pwh_D_C
5449,2,train,0.07260899990797043,pdb_00006ad7_E_F
5450,2,train,0.6252897381782532,pdb_00008j1q_B_A
5451,2,train,1.1198939085006714,pdb_00009cds_B_A
5452,2,train,0.04474664479494095,pdb_00008wwl_E1_E2
5453,2,train,1.1112723350524902,pdb_00004ffv_H_L
5454,2,train,1.245587944984436,pdb_00008zd5_K_L
5455,2,train,0.9141836762428284,pdb_00006ban_D_C
5456,2,train,0.76192706823349,pdb_00007tn0_H_G
5457,2,train,0.18918555974960327,pdb_00008zps_E1_E2
5458,2,train,1.1576623916625977,pdb_00006dfj_H_L
5459,2,train,1.1101698875427246,pdb_00003o2d_H_L
5460,2,train,0.020211396738886833,pdb_00007yae_S1_S2
5461,2,train,0.4626644253730774,pdb_00007b3o_H_L
5462,2,train,0.3135562539100647,pdb_00008ubk_M2_M1
5463,2,train,1.0935708284378052,pdb_00008tnt_G_F
5464,2,train,0.3958750367164612,pdb_00002qr0_F_E
5465,2,train,0.023502353578805923,pdb_00008jlj_S1_S2
5466,2,train,0.020421471446752548,pdb_00008ykw_E1_E2
5467,2,train,0.5054131746292114,pdb_00005aaw_F1_F2
5468,2,train,0.30645933747291565,pdb_00008vqy_J_I
5469,2,train,1.4049365520477295,pdb_00001rzk_H_L
5470,2,train,0.8359396457672119,pdb_00006xkr_H_L
5471,2,train,0.8743848204612732,pdb_00008rrn_H_L
5472,2,train,1.2749658823013306,pdb_00006gff_L_K
5473,2,train,1.5185829401016235,pdb_00006q18_H_L
5474,2,train,0.07862381637096405,pdb_00009vnz_E1_E2
5475,2,train,0.018403150141239166,pdb_00008yyx_A1_A2
5476,2,train,0.8712238073348999,pdb_00007xda_D_E
5477,2,train,0.6746118068695068,pdb_00007vaf_H_L
5478,2,train,0.9280564785003662,pdb_00008hrd_N_Q
5479,2,train,0.6876946091651917,pdb_00008vgl_E_F
5480,2,train,0.035341981798410416,pdb_00008efo_E1_E2
5481,2,train,0.3145756423473358,pdb_00009zqb_J2_J1
5482,2,train,1.0540449619293213,pdb_00007t82_D_C
5483,2,train,0.2168755978345871,pdb_00007l8p_E_F
5484,2,train,0.013383051380515099,pdb_00008feg_F1_F2
5485,2,train,0.8065793514251709,pdb_00005w0k_H_L
5486,2,train,0.7636244893074036,pdb_00009l9o_B_C
5487,2,train,1.4219282865524292,pdb_00006ml8_H_L
5488,2,train,0.6929558515548706,pdb_00008dn6_E_F
5489,2,train,0.7439717054367065,pdb_00006t3j_A_B
5490,2,train,0.7124910354614258,pdb_00006wzj_A_B
5491,2,train,0.018871095031499863,pdb_00008yh3_S1_S2
5492,2,train,0.3949510455131531,pdb_00007vgs_D_C
5493,2,train,0.49648991227149963,pdb_00007yxu_H_L
5494,2,train,1.0426186323165894,pdb_00009mqd_I_M
5495,2,train,0.01641407422721386,pdb_00009kpf_S1_S2
5496,2,train,0.06251941621303558,pdb_00007sr8_E1_E2
5497,2,train,0.7837121486663818,pdb_00009ue8_M_N
5498,2,train,0.07519704103469849,pdb_00007yfd_C1_C2
5499,2,train,0.602138340473175,pdb_00009cpu_H_L
5500,2,train,0.805202305316925,pdb_00007cmk_H_L
5501,2,train,0.7777976393699646,pdb_00007xcp_H_L
5502,2,train,0.8989908695220947,pdb_00005kov_I1_I2
5503,2,train,0.7214453816413879,pdb_00007ubs_H1_H2
5504,2,train,1.2974729537963867,pdb_00002r56_I_M
5505,2,train,0.5533915162086487,pdb_00008zyu_D_Q
5506,2,train,1.1395827531814575,pdb_00007si0_C_D
5507,2,train,0.42742785811424255,pdb_00006vmk_Z_Y
5508,2,train,0.1259670853614807,pdb_00008dk5_K1_K2
5509,2,train,1.6495959758758545,pdb_00009leo_A_B
5510,2,train,0.6932458877563477,pdb_00007rk2_C1_C2
5511,2,train,0.9986095428466797,pdb_00007s0x_H_L
5512,2,train,0.49753332138061523,pdb_00008pwh_B_A
5513,2,train,0.7544983625411987,pdb_00003eoa_H_L
5514,2,train,0.3214353919029236,pdb_00002qr0_B_A
5515,2,train,1.0362210273742676,pdb_00006wm9_E_F
5516,2,train,0.5147650837898254,pdb_00007mhr_A_B
5517,2,train,0.01882602833211422,pdb_00007w57_E1_E2
5518,2,train,0.010913173668086529,pdb_00008k6m_S1_S2
5519,2,train,0.635093629360199,pdb_00008jkh_m_n
5520,2,train,0.7904159426689148,pdb_00002vwe_L_J
5521,2,train,0.7638886570930481,pdb_00008znz_I_J
5522,2,train,0.030444512143731117,pdb_00008hqe_H1_H2
5523,2,train,0.04817204922437668,pdb_00008jbf_E1_E2
5524,2,train,0.5427739024162292,pdb_00007klg_I_M
5525,2,train,0.7177430391311646,pdb_00007bpk_H_L
5526,2,train,1.0183680057525635,pdb_00006woz_B_C
5527,2,train,1.1506843566894531,pdb_00006t9d_HHH_LLL
5528,2,train,0.7083154916763306,pdb_00007xsc_D_H
5529,2,train,0.0468461811542511,pdb_00007wic_S1_S2
5530,2,train,1.1658170223236084,pdb_00009cfh_H_L
5531,2,train,0.024979786947369576,pdb_00007vdh_S1_S2
5532,2,train,0.4628413915634155,pdb_00005u5m_B_A
5533,2,train,0.03608354181051254,pdb_00008hk3_H1_H2
5534,2,train,1.040225625038147,pdb_00008dwx_V_U
5535,2,train,0.08954889327287674,pdb_00002hlf_C_D
5536,2,train,1.4007844924926758,pdb_00006oel_H_L
5537,2,train,1.7150545120239258,pdb_00009o7i_D_C
5538,2,train,0.7812274098396301,pdb_00009hh9_G_F
5539,2,train,1.4157509803771973,pdb_00004ki5_C_D
5540,2,train,1.2419408559799194,pdb_00005ug0_D_C
5541,2,train,1.3936717510223389,pdb_00004ubd_Y_X
5542,2,train,0.015719393268227577,pdb_00008kfx_S1_S2
5543,2,train,0.022110195830464363,pdb_00008xqn_S1_S2
5544,2,train,0.09655043482780457,pdb_00003ejy_E_F
5545,2,train,0.7220878005027771,pdb_00009ue8_A_B
5546,2,train,0.7090937495231628,pdb_00002fjh_B_A
5547,2,train,1.184116244316101,pdb_00009qub_D_C
5548,2,train,0.06195445358753204,pdb_00002ht4_C_D
5549,2,train,0.32778477668762207,pdb_00006vmk_B_A
5550,2,train,1.1241815090179443,pdb_00007sbd_H_L
5551,2,train,0.5762859582901001,pdb_00005yoy_H_E
5552,2,train,0.2243223637342453,pdb_00002bob_A_B
5553,2,train,0.01989942230284214,pdb_00008dwg_E1_E2
5554,2,train,0.7552937269210815,pdb_00009jy3_R_Q
5555,2,train,0.48429009318351746,pdb_00003rif_J_M
5556,2,train,0.018761273473501205,pdb_00007ew0_E1_E2
5557,2,train,0.01551162451505661,pdb_00008ic0_E1_E2
5558,2,train,0.04992508143186569,pdb_00008z8b_S1_S2
5559,2,train,1.1599594354629517,pdb_00002x7l_A_B
5560,2,train,1.251012921333313,pdb_00006aru_C_B
5561,2,train,0.030342230573296547,pdb_00007vkt_E1_E2
5562,2,train,1.1730040311813354,pdb_00007cqd_I_M
5563,2,train,0.8418591618537903,pdb_00009k6y_H_L
5564,2,train,0.645272433757782,pdb_00003p0y_H_L
5565,2,train,0.5697996616363525,pdb_00007mzj_F_E
5566,2,train,0.6650089025497437,pdb_00007bnv_H_L
5567,2,train,0.7036916613578796,pdb_00009j9z_H_L
5568,2,train,0.04333200305700302,pdb_00008tb0_F1_F2
5569,2,train,0.2511216998100281,pdb_00006ada_C_D
5570,2,train,0.5778041481971741,pdb_00009lbs_H_L
5571,2,train,1.0666605234146118,pdb_00009riq_H_L
5572,2,train,0.17208647727966309,pdb_00001k4d_A_B
5573,2,train,0.10064379870891571,pdb_00008sps_N1_N2
5574,2,train,0.020296497270464897,pdb_00008j1a_S1_S2
5575,2,train,0.1724172979593277,pdb_00009zq9_J2_J1
5576,2,train,0.2663002014160156,pdb_00006w0g_A_B
5577,2,train,0.4590272605419159,pdb_00006bae_B_A
5578,2,train,0.6591687798500061,pdb_00003fku_Z1_Z2
5579,2,train,0.671788215637207,pdb_00003v4v_H_L
5580,2,train,0.010311387479305267,pdb_00009v6o_S1_S2
5581,2,train,0.020286617800593376,pdb_00007vgx_S1_S2
5582,2,train,0.7234693765640259,pdb_00007rks_H_L
5583,2,train,0.0160212442278862,pdb_00007wf7_E1_E2
5584,2,train,0.2653399407863617,pdb_00008vqy_K_L
5585,2,train,0.6921933889389038,pdb_00008xsf_H_L
5586,2,train,0.012310788035392761,pdb_00009clw_N1_N2
5587,2,train,0.6390567421913147,pdb_00007tzh_A1_A2
5588,2,train,0.6586360931396484,pdb_00003rhw_I_O
5589,2,train,1.167116641998291,pdb_00007ycn_H_I
5590,2,train,0.009063154458999634,pdb_00007ts0_H1_H2
5591,2,train,1.0996965169906616,pdb_00006t9e_AAA_BBB
5592,2,train,0.836128294467926,pdb_00008hrd_Y_Z
5593,2,train,0.034101471304893494,pdb_00008xxx_S1_S2
5594,2,train,0.9586231112480164,pdb_00007f0x_B1_B2
5595,2,train,0.07016061246395111,pdb_00009vo0_E1_E2
5596,2,train,0.056710194796323776,pdb_00001ott_E_F
5597,2,train,0.06081520393490791,pdb_00008uwl_E1_E2
5598,2,train,0.018323618918657303,pdb_00009vjf_E1_E2
5599,2,train,0.9202719330787659,pdb_00009n8j_H_I
5600,2,train,0.6237071752548218,pdb_00009hhr_D_G
5601,2,train,1.0326937437057495,pdb_00006wtv_B_C
5602,2,train,1.11826491355896,pdb_00006ocb_H_L
5603,2,train,0.014148800633847713,pdb_00008guq_S1_S2
5604,2,train,0.20428502559661865,pdb_00008j20_B1_B2
5605,2,train,1.1725605726242065,pdb_00009dn2_I_M
5606,2,train,0.45398202538490295,pdb_00007chc_H_L
5607,2,train,0.7421050071716309,pdb_00008zh7_K_L
5608,2,train,0.9096394181251526,pdb_00001yqv_H_L
5609,2,train,0.6375008225440979,pdb_00008bec_C1_C2
5610,2,train,1.3326724767684937,pdb_00009rih_H_L
5611,2,train,0.4988868832588196,pdb_00006zlr_HHH_LLL
5612,2,train,0.3398451507091522,pdb_00007k8m_A_B
5613,2,train,0.7485638856887817,pdb_00008cn9_G_F
5614,2,train,0.03981836140155792,pdb_00007rkx_D1_D2
5615,2,train,0.023846937343478203,pdb_00007t94_E1_E2
5616,2,train,0.8314014673233032,pdb_00004ag4_H_L
5617,2,train,0.8825944662094116,pdb_00004wv1_B_A
5618,2,train,0.020829515531659126,pdb_00007w55_E1_E2
5619,2,train,0.8320580124855042,pdb_00006wno_E_F
5620,2,train,0.018036745488643646,pdb_00007ew1_E1_E2
5621,2,train,0.12896248698234558,pdb_00009x3z_S1_S2
5622,2,train,0.9131539463996887,pdb_00007pa7_nnn2_nnn1
5623,2,train,1.0410844087600708,pdb_00009mic_H_L
5624,2,train,0.03791200742125511,pdb_00007xxh_H1_H2
5625,2,train,0.8359274864196777,pdb_00006n5d_C_D
5626,2,train,0.7832319736480713,pdb_00007wqv_L1_L2
5627,2,train,1.2639400959014893,pdb_00009lsj_E1_D2
5628,2,train,1.21015465259552,pdb_00001osp_H_L
5629,2,train,0.4974782168865204,pdb_00007wbz_H_L
5630,2,train,0.02838739939033985,pdb_00008jpn_S1_S2
5631,2,train,1.0889397859573364,pdb_00002r56_H_L
5632,2,train,1.2561907768249512,pdb_00009yyu_H_L
5633,2,train,0.9880880117416382,pdb_00007mdj_A_B
5634,2,train,0.017347419634461403,pdb_00007vl9_S1_S2
5635,2,train,0.0225271787494421,pdb_00008xqs_S1_S2
5636,2,train,0.023816369473934174,pdb_00007eb2_N1_N2
5637,2,train,0.9458925724029541,pdb_00008y3i_I_J
5638,2,train,1.1130988597869873,pdb_00006wqo_E_F
5639,2,train,0.6158303022384644,pdb_00004zff_A_B
5640,2,train,0.5437055230140686,pdb_00006rp8_H_L
5641,2,train,0.2134685516357422,pdb_00007k61_N2_N1
5642,2,train,0.1906556934118271,pdb_00007tho_E_F
5643,2,train,0.5898287892341614,pdb_00008bec_A1_A2
5644,2,train,0.5814006328582764,pdb_00005wk3_W_V
5645,2,train,0.10699773579835892,pdb_00008yna_E1_E2
5646,2,train,0.4915749132633209,pdb_00004tnw_I_O
5647,2,train,0.25127458572387695,pdb_00006x3s_K_L
5648,2,train,1.0964552164077759,pdb_00003rif_F_N
5649,2,train,0.11252494156360626,pdb_00007u0i_N1_N2
5650,2,train,0.023499390110373497,pdb_00008xqp_S1_S2
5651,2,train,0.022035080939531326,pdb_00008jbg_E1_E2
5652,2,train,0.04079671949148178,pdb_00008h2g_E1_E2
5653,2,train,0.46646392345428467,pdb_00008qh0_H_L
5654,2,train,0.8905888199806213,pdb_00009ctw_D_C
5655,2,train,1.0109349489212036,pdb_00009lsi_D1_C2
5656,2,train,0.7961974740028381,pdb_00001xgq_B_A
5657,2,train,0.6436885595321655,pdb_00005nh3_I_M
5658,2,train,0.16648858785629272,pdb_00003fb5_A_B
5659,2,train,0.018816262483596802,pdb_00009le2_S1_S2
5660,2,train,0.8239526748657227,pdb_00008go8_H_L
5661,2,train,1.2882956266403198,pdb_00006d0u_C_D
5662,2,train,0.14658375084400177,pdb_00007xta_E1_E2
5663,2,train,1.6606496572494507,pdb_00006s3d_A_B
5664,2,train,0.026013504713773727,pdb_00008y02_S1_S2
5665,2,train,0.5335306525230408,pdb_00006ii8_G_I
5666,2,train,0.08300796151161194,pdb_00009p0l_F1_F2
5667,2,train,0.16780786216259003,pdb_00008syp_N1_N2
5668,2,train,0.7171313166618347,pdb_00009ue8_U_V
5669,2,train,0.6729071736335754,pdb_00006o1f_H_L
5670,2,train,0.9274978041648865,pdb_00006hxw_C_D
5671,2,train,1.0485894680023193,pdb_00005b8c_B_A
5672,2,train,1.1735917329788208,pdb_00008e8l_H_L
5673,2,train,1.4220536947250366,pdb_00007wed_H_L
5674,2,train,1.2154412269592285,pdb_00006ejg_C2_C1
5675,2,train,0.01681789569556713,pdb_00008gcm_E1_E2
5676,2,train,0.6998328566551208,pdb_00003eo1_K_J
5677,2,train,1.3251159191131592,pdb_00008ag1_H_L
5678,2,train,1.8312684297561646,pdb_00007uij_H_L
5679,2,train,0.4408895671367645,pdb_00002dqf_B_A
5680,2,train,1.5317264795303345,pdb_00005c0n_C_D
5681,2,train,0.05365445464849472,pdb_00009ko4_H1_H2
5682,2,train,0.5864285230636597,pdb_00007xj9_G_F
5683,2,train,1.2781572341918945,pdb_00007ean_H_L
5684,2,train,0.06021266058087349,pdb_00008f7r_E1_E2
5685,2,train,1.4166202545166016,pdb_00009me7_J_N
5686,2,train,0.030040273442864418,pdb_00009iyb_E1_E2
5687,2,train,0.1886734515428543,pdb_00007td8_E_F
5688,2,train,0.6760150790214539,pdb_00008ulf_H_L
5689,2,train,0.32355666160583496,pdb_00003a67_H_L
5690,2,train,0.018198978155851364,pdb_00007u2l_E1_E2
5691,2,train,1.2708467245101929,pdb_00001n5y_H_L
5692,2,train,0.8453652858734131,pdb_00007zmk_E_F
5693,2,train,0.825093150138855,pdb_00004gxu_M_N
5694,2,train,0.18387408554553986,pdb_00008iw9_S1_S2
5695,2,train,1.2534540891647339,pdb_00009mtl_H_L
5696,2,train,1.3958781957626343,pdb_00006s3d_C_D
5697,2,train,0.8768070340156555,pdb_00007ycl_A_B
5698,2,train,0.5712074041366577,pdb_00003b2u_Q_R
5699,2,train,0.9803527593612671,pdb_00006uig_H_L
5700,2,train,0.7365208268165588,pdb_00007m3i_H_L
5701,2,train,0.798430860042572,pdb_00001xiw_D_C
5702,2,train,0.011628152802586555,pdb_00008id6_S1_S2
5703,2,train,0.928443968296051,pdb_00005d1z_B_A
5704,2,train,0.07143155485391617,pdb_00008jsr_C1_C2
5705,2,train,0.8273360133171082,pdb_00003bn9_F_E
5706,2,train,1.0576564073562622,pdb_00008eed_E_F
5707,2,train,1.0479400157928467,pdb_00005vig_H_L
5708,2,train,0.20822757482528687,pdb_00006x3u_K_L
5709,2,train,0.8268989324569702,pdb_00007ycn_E_F
5710,2,train,0.054495058953762054,pdb_00009wxm_D1_D2
5711,2,train,0.6303325295448303,pdb_00001xgp_B_A
5712,2,train,0.5757300853729248,pdb_00007kfx_H_L
5713,2,train,0.5509351491928101,pdb_00008smt_A_B
5714,2,train,1.0547046661376953,pdb_00009od3_H_L
5715,2,train,0.8681771755218506,pdb_00009yyu_J_N
5716,2,train,0.19328570365905762,pdb_00003stz_A_B
5717,2,train,0.5607621073722839,pdb_00004tnw_X_i
5718,2,train,0.8827351331710815,pdb_00007pa7_ooo2_ooo1
5719,2,train,0.07053732126951218,pdb_00009kt9_E1_E2
5720,2,train,1.1193293333053589,pdb_00008dcm_A_B
5721,2,train,1.1235296726226807,pdb_00009me6_J_N
5722,2,train,0.7438201904296875,pdb_00006z3q_H_L
5723,2,train,0.8669106364250183,pdb_00006p4b_B_A
5724,2,train,0.12256045639514923,pdb_00009j31_D1_D2
5725,2,train,0.07699425518512726,pdb_00008ejc_E1_E2
5726,2,train,1.0175286531448364,pdb_00004hjj_H2_L2
5727,2,train,0.5058063268661499,pdb_00007nx8_H_L
5728,2,train,0.026503372937440872,pdb_00008yyw_B1_B2
5729,2,train,0.8177969455718994,pdb_00003eoa_B_A
5730,2,train,2.3582937717437744,pdb_00009osx_B_C
5731,2,train,0.023951368406414986,pdb_00008yh0_S1_S2
5732,2,train,0.02807067334651947,pdb_00008yuv_S1_S2
5733,2,train,0.022569142282009125,pdb_00007rgp_E1_E2
5734,2,train,0.03921668604016304,pdb_00008iz4_E1_E2
5735,2,train,0.05005956068634987,pdb_00007trp_H1_H2
5736,2,train,0.01671440154314041,pdb_00006kpg_S1_S2
5737,2,train,1.0327774286270142,pdb_00008w85_A_B
5738,2,train,0.021868249401450157,pdb_00008vvf_E1_E2
5739,2,train,0.015489651821553707,pdb_00009ego_S1_S2
5740,2,train,0.6358485817909241,pdb_00007xsc_A_B
5741,2,train,0.9198243618011475,pdb_00007ua2_H1_H2
5742,2,train,0.6346924304962158,pdb_00007o7f_H_F
5743,2,train,0.7042394876480103,pdb_00008vgi_F_E
5744,2,train,0.014072947204113007,pdb_00008vy7_D1_D2
5745,2,train,0.0687059685587883,pdb_00008zcj_E1_E2
5746,2,train,1.3391129970550537,pdb_00001yy9_D_C
5747,2,train,0.7371830344200134,pdb_00001tzh_B_A
5748,2,train,0.033256419003009796,pdb_00009kvg_E1_E2
5749,2,train,0.03677086904644966,pdb_00008w8r_S1_S2
5750,2,train,0.19603215157985687,pdb_00008sps_K1_K2
5751,2,train,0.04922579601407051,pdb_00007rkm_D1_D2
5752,2,train,0.03155628964304924,pdb_00007sqo_E1_E2
5753,2,train,0.13098955154418945,pdb_00002h2p_E_F
5754,2,train,0.9163603186607361,pdb_00003vrl_H_L
5755,2,train,0.7625396847724915,pdb_00004hg4_L_M
5756,2,train,1.657758355140686,pdb_00005d1z_D_C
5757,2,train,0.023061322048306465,pdb_00007l1v_H1_H2
5758,2,train,0.6894448399543762,pdb_00007wrv_U_V
5759,2,train,0.6672710180282593,pdb_00008y0y_E3_E2
5760,2,train,0.6810857057571411,pdb_00007m3i_A_B
5761,2,train,0.9378190040588379,pdb_00003fmg_H_L
5762,2,train,0.7673376798629761,pdb_00007whz_B_D
5763,2,train,0.5060530304908752,pdb_00008bg4_C1_C2
5764,2,train,0.985081672668457,pdb_00008vsj_H_L
5765,2,train,0.1802157312631607,pdb_00009drx_K_L
5766,2,train,1.2167928218841553,pdb_00005lsp_H_L
5767,2,train,0.9147548675537109,pdb_00006k7o_H_L
5768,2,train,0.12127247452735901,pdb_00007w3z_H1_H2
5769,2,train,0.5976906418800354,pdb_00007e9b_H_L
5770,2,train,1.0598820447921753,pdb_00007x2w_H_L
5771,2,train,1.4315797090530396,pdb_00006xq0_E_F
5772,2,train,1.0378745794296265,pdb_00007t0w_O_P
5773,2,train,0.02395523153245449,pdb_00009ijd_D1_D2
5774,2,train,2.2297208309173584,pdb_00004i3r_H_L
5775,2,train,0.06417806446552277,pdb_00009xhi_D1_D2
5776,2,train,0.47156214714050293,pdb_00005ggv_H_L
5777,2,train,0.5205687880516052,pdb_00003b2v_H_L
5778,2,train,1.002517819404602,pdb_00005vqm_D_C
5779,2,train,1.2122938632965088,pdb_00003lh2_J_N
5780,2,train,0.0641557052731514,pdb_00007w7e_H1_H2
5781,2,train,0.920470118522644,pdb_00009mqd_J_N
5782,2,train,0.03151340410113335,pdb_00008vvg_E1_E2
5783,2,train,1.6814281940460205,pdb_00007uij_A_B
5784,2,train,0.03490416333079338,pdb_00007scg_E1_E2
5785,2,train,0.58741295337677,pdb_00008vgh_F_E
5786,2,train,0.21260105073451996,pdb_00003fb8_A_B
5787,2,train,0.6915907263755798,pdb_00007srs_H_L
5788,2,train,0.9641293287277222,pdb_00007y3n_C_D
5789,2,train,0.8904048800468445,pdb_00005lsp_S_T
5790,2,train,1.076532006263733,pdb_00007bsd_A_B
5791,2,train,0.8656759262084961,pdb_00009mkn_H_L
5792,2,train,1.5201932191848755,pdb_00009xsx_B_C
5793,2,train,0.6334721446037292,pdb_00009m0d_D_Q
5794,2,train,1.0278738737106323,pdb_00001tqb_B_C
5795,2,train,0.019679756835103035,pdb_00008t3q_N1_N2
5796,2,train,1.198614239692688,pdb_00008zd6_K_L
5797,2,train,0.8127754330635071,pdb_00008hn7_D_C
5798,2,train,0.02071906253695488,pdb_00007s8o_E1_E2
5799,2,train,0.13948668539524078,pdb_00002vdn_H_L
5800,2,train,0.9828982353210449,pdb_00007vyr_A_B
5801,2,train,0.14419040083885193,pdb_00009ggg_S1_S2
5802,2,train,1.028015375137329,pdb_00004xrc_B_A
5803,2,train,0.5422329306602478,pdb_00009oup_H_L
5804,2,train,1.4148350954055786,pdb_00008dwo_U_V
5805,2,train,0.656040608882904,pdb_00003nh7_H_L
5806,2,train,0.012398806400597095,pdb_00007t6b_E1_E2
5807,2,train,0.08427376300096512,pdb_00003ze0_E_F
5808,2,train,0.35909563302993774,pdb_00009nz5_B_C
5809,2,train,0.7174684405326843,pdb_00008wpy_H_L
5810,2,train,0.6063244938850403,pdb_00008jkh_M_N
5811,2,train,1.340991735458374,pdb_00001j5o_H_L
5812,2,train,0.8913780450820923,pdb_00008dnn_E_F
5813,2,train,0.4522830843925476,pdb_00009cpv_C_D
5814,2,train,0.9164716005325317,pdb_00009atm_H_L
5815,2,train,0.042869798839092255,pdb_00007jhj_D1_D2
5816,2,train,0.08650320023298264,pdb_00002vdr_H_L
5817,2,train,0.8575854301452637,pdb_00007wvd_G_H
5818,2,train,0.025899086147546768,pdb_00008jjp_S1_S2
5819,2,train,0.05094125494360924,pdb_00009j8z_S1_S2
5820,2,train,0.5271921753883362,pdb_00008vgh_J_I
5821,2,train,0.02212856523692608,pdb_00007yfc_C1_C2
5822,2,train,1.023101806640625,pdb_00005ggs_C_D
5823,2,train,1.1110326051712036,pdb_00008zdw_U_R
5824,2,train,0.023013388738036156,pdb_00006lfm_S1_S2
5825,2,train,0.029533512890338898,pdb_00007p02_H1_H2
5826,2,train,1.0645965337753296,pdb_00009cfg_H_L
5827,2,train,0.13581253588199615,pdb_00007k5x_M2_M1
5828,2,train,1.5555789470672607,pdb_00008kep_H_L
5829,2,train,0.8979454040527344,pdb_00009b82_N_M
5830,2,train,1.0597786903381348,pdb_00001fns_H_L
5831,2,train,0.021298304200172424,pdb_00007t2h_E1_E2
5832,2,train,0.4108697772026062,pdb_00006vmk_f_e
5833,2,train,0.03129526227712631,pdb_00009vmo_S1_S2
5834,2,train,0.5841934084892273,pdb_00007klh_H_L
5835,2,train,0.6515876650810242,pdb_00008we4_H_L
5836,2,train,1.4965213537216187,pdb_00007ezv_H_L
5837,2,train,0.018097497522830963,pdb_00008gut_S1_S2
5838,2,train,1.009117603302002,pdb_00006ek2_H1_H2
5839,2,train,0.5807251334190369,pdb_00006cw3_C_D
5840,2,train,0.8330416083335876,pdb_00004wv1_E_D
5841,2,train,1.0718848705291748,pdb_00001fsk_L_K
5842,2,train,0.8533701300621033,pdb_00007jum_I1_I2
5843,2,train,0.540952742099762,pdb_00006yor_H_L
5844,2,train,0.02075939252972603,pdb_00008hcx_E1_E2
5845,2,train,0.45971041917800903,pdb_00009ov4_J_K
5846,2,train,0.715665876865387,pdb_00003u30_F_E
5847,2,train,0.04298540949821472,pdb_00008ijd_S1_S2
5848,2,train,0.8807291984558105,pdb_00006wmw_M_N
5849,2,train,0.04556569084525108,pdb_00008ef6_E1_E2
5850,2,train,0.6764500141143799,pdb_00003h42_H_L
5851,2,train,0.43658551573753357,pdb_00006k5a_C_D
5852,2,train,0.3845631182193756,pdb_00009cpw_C_D
5853,2,train,0.5104882717132568,pdb_00005aam_A1_A2
5854,2,train,0.716679573059082,pdb_00009bao_G_H
5855,2,train,0.5191649794578552,pdb_00003s36_H_L
5856,2,train,0.012722057290375233,pdb_00008jd6_D1_D2
5857,2,train,0.009567402303218842,pdb_00009vnf_E1_E2
5858,2,train,0.791624128818512,pdb_00008zdw_L_J
5859,2,train,1.4145563840866089,pdb_00006bpc_B_C
5860,2,train,1.1189780235290527,pdb_00004xhj_D_C
5861,2,train,1.1288042068481445,pdb_00009p1m_F_E
5862,2,train,1.350988507270813,pdb_00007rxp_H_L
5863,2,train,0.516002893447876,pdb_00007klh_I_M
5864,2,train,1.423710584640503,pdb_00005ldn_H_L
5865,2,train,1.3137905597686768,pdb_00007r8u_HHH_LLL
5866,2,train,0.8658060431480408,pdb_00007x2i_H_L
5867,2,train,0.4636022448539734,pdb_000011oq_H_L
5868,2,train,0.050115589052438736,pdb_00007xmt_S1_S2
5869,2,train,0.910598874092102,pdb_00008wu1_H_L
5870,2,train,0.9234563112258911,pdb_00008g5b_H_L
5871,2,train,0.02991543710231781,pdb_00008efl_E1_E2
5872,2,train,0.13295884430408478,pdb_00007u0g_N1_N2
5873,2,train,1.07901930809021,pdb_00006plk_I_M
5874,2,train,0.9602435827255249,pdb_00008gs9_H_K
5875,2,train,0.015861807391047478,pdb_00009kfi_S1_S2
5876,2,train,0.20147468149662018,pdb_00006adb_C_D
5877,2,train,0.9369741082191467,pdb_00007ucq_J1_J2
5878,2,train,0.9603697061538696,pdb_00001kb5_H_L
5879,2,train,1.5414115190505981,pdb_00009ma7_B_C
5880,2,train,0.6642647981643677,pdb_00003dvn_H_L
5881,2,train,0.4778272211551666,pdb_00007pqy_B_C
5882,2,train,0.015653572976589203,pdb_00008yky_S1_S2
5883,2,train,0.8830480575561523,pdb_00009f91_A_B
5884,2,train,0.684844970703125,pdb_00009lsi_C1_D2
5885,2,train,0.8210314512252808,pdb_00008xe9_A_B
5886,2,train,0.017456304281949997,pdb_00007ew3_S1_S2
5887,2,train,1.1002987623214722,pdb_00009fys_I_M
5888,2,train,0.011157730594277382,pdb_00007rg9_E1_E2
5889,2,train,0.02746996097266674,pdb_00008iw1_S1_S2
5890,2,train,0.9687155485153198,pdb_00001e6j_H_L
5891,2,train,0.14955873787403107,pdb_00008zd1_S1_S2
5892,2,train,1.4636555910110474,pdb_00008hrd_O_P
5893,2,train,0.8405064344406128,pdb_00009iz9_Q_R
5894,2,train,1.1568703651428223,pdb_00008gpu_F_G
5895,2,train,1.039723515510559,pdb_00009n4e_O_R
5896,2,train,0.8349794149398804,pdb_00007lq7_C_D
5897,2,train,0.8565818667411804,pdb_00009mqa_J_N
5898,2,train,0.15548551082611084,pdb_00006ad8_C_D
5899,2,train,0.5393339395523071,pdb_00007ul1_H_L
5900,2,train,0.9296606183052063,pdb_00006woz_H_I
5901,2,train,0.5383352041244507,pdb_00007mzk_C_D
5902,2,train,0.4936634302139282,pdb_00007qnx_H_L
5903,2,train,0.23078256845474243,pdb_00008dd3_J_I
5904,2,train,0.06665749102830887,pdb_00008e9w_E1_E2
5905,2,train,0.8248767852783203,pdb_00007f3q_C_B
5906,2,train,0.3606078028678894,pdb_00002dqe_H_L
5907,2,train,1.403549075126648,pdb_00007t01_H_L
5908,2,train,0.041553057730197906,pdb_00008y6w_D1_D2
5909,2,train,0.03695167228579521,pdb_00008hpt_H1_H2
5910,2,train,1.2201176881790161,pdb_00003lqa_H_L
5911,2,train,0.15173372626304626,pdb_00006x3z_K_L
5912,2,train,0.729564905166626,pdb_00008znz_G_H
5913,2,train,0.016978679224848747,pdb_00008ykx_E1_E2
5914,2,train,0.11849463731050491,pdb_00007udg_E_F
5915,2,train,0.026631539687514305,pdb_00007wyb_E1_E2
5916,2,train,1.2657902240753174,pdb_00005anm_B_A
5917,2,train,0.9074016809463501,pdb_00005vqm_H_L
5918,2,train,0.8088518381118774,pdb_00007zfb_H_L
5919,2,train,0.8034343719482422,pdb_00008too_D_C
5920,2,train,0.015593145042657852,pdb_00007vv3_S1_S2
5921,2,train,0.9865206480026245,pdb_00008f6o_A_B
5922,2,train,0.01904180273413658,pdb_00007xwo_E1_E2
5923,2,train,0.016324186697602272,pdb_00008hcq_E1_E2
5924,2,train,1.1325277090072632,pdb_00009cq8_G_H
5925,2,train,0.6665970087051392,pdb_00006lhq_H_L
5926,2,train,0.6124300360679626,pdb_00007zlg_H_L
5927,2,train,0.9887508749961853,pdb_00008sdh_C_D
5928,2,train,1.362904667854309,pdb_00008bbo_H_L
5929,2,train,0.6215153932571411,pdb_00008vgj_K_L
5930,2,train,0.06007884070277214,pdb_00002h2p_C_D
5931,2,train,0.9882237315177917,pdb_00007tbf_H_L
5932,2,train,0.13864172995090485,pdb_00008evi_M1_M2
5933,2,train,0.10504604876041412,pdb_00008k9k_H1_H2
5934,2,train,0.9952224493026733,pdb_00009shd_H_L
5935,2,train,0.6628581881523132,pdb_00009iw2_H_L
5936,2,train,1.261138916015625,pdb_00009f90_A_B
5937,2,train,0.01967877894639969,pdb_00009oxa_D1_D2
5938,2,train,2.117790699005127,pdb_00006cvk_A2_A1
5939,2,train,0.6166684627532959,pdb_00008hq7_M_N
5940,2,train,1.0594404935836792,pdb_00007wph_E_D
5941,2,train,0.19140367209911346,pdb_00005j9p_A_B
5942,2,train,0.7034997344017029,pdb_00008zh7_B_C
5943,2,train,1.054795503616333,pdb_00009h4r_H_L
5944,2,train,0.016979867592453957,pdb_00009m2f_S1_S2
5945,2,train,0.034549418836832047,pdb_00008h8j_H1_H2
5946,2,train,0.6702125072479248,pdb_00005kvf_H_L
5947,2,train,0.8301388621330261,pdb_00007yrf_F_E
5948,2,train,1.1324173212051392,pdb_00004d9r_H_L
5949,2,train,1.0153387784957886,pdb_00007t0w_H_L
5950,2,train,0.9134816527366638,pdb_00008gpy_E1_E2
5951,2,train,0.9468507766723633,pdb_00008w86_A_B
5952,2,train,0.6378095746040344,pdb_00008zbb_H_L
5953,2,train,1.0925884246826172,pdb_00009os5_G_J
5954,2,train,1.037309169769287,pdb_00006t9d_AAA_BBB
5955,2,train,0.45367953181266785,pdb_00001ic7_H_L
5956,2,train,0.05462910979986191,pdb_00007vih_E1_E2
5957,2,train,1.952148675918579,pdb_00005dfw_H1_H2
5958,2,train,0.030823523178696632,pdb_00009j5v_S1_S2
5959,2,train,0.9305160641670227,pdb_00007x6o_C_D
5960,2,train,0.6485329270362854,pdb_00009u5p_P_Q
5961,2,train,0.6343328356742859,pdb_00006z3p_H_L
5962,2,train,0.03843032196164131,pdb_00008ija_S1_S2
5963,2,train,0.01981491409242153,pdb_00007s8l_E1_E2
5964,2,train,0.6149696111679077,pdb_00007rks_I_M
5965,2,train,0.10090645402669907,pdb_00007w6p_H1_H2
5966,2,train,0.1593850702047348,pdb_00008evh_N1_N2
5967,2,train,1.0773321390151978,pdb_00009dn2_J_N
5968,2,train,0.09117069840431213,pdb_00008j21_B1_B2
5969,2,train,0.6548196077346802,pdb_00007kf0_H_L
5970,2,train,0.7095627784729004,pdb_00009jeb_A1_A2
5971,2,train,0.7387028336524963,pdb_00008vgl_H_L
5972,2,train,1.2690935134887695,pdb_00009oco_H_L
5973,2,train,0.9739407896995544,pdb_00009npg_G_H
5974,2,train,0.7309091091156006,pdb_00008tx3_E_J
5975,2,train,0.020152291283011436,pdb_00007rbt_E1_E2
5976,2,train,0.5767250657081604,pdb_00006ii8_H_L
5977,2,train,0.5285164713859558,pdb_00007f6y_H_L
5978,2,train,1.1067837476730347,pdb_00009e3k_H_L
5979,2,train,0.8313868045806885,pdb_00001bql_H_L
5980,2,train,0.16154511272907257,pdb_00009drx_J_I
5981,2,train,0.4568156898021698,pdb_00004tsb_H_L
5982,2,train,0.062109075486660004,pdb_00009vif_S1_S2
5983,2,train,0.901849627494812,pdb_00009oao_H_L
5984,2,train,1.246842622756958,pdb_00004lvh_H_I
5985,2,train,0.12158393114805222,pdb_00008ubj_M2_M1
5986,2,train,0.6175931692123413,pdb_00002wuc_H_L
5987,2,train,0.5784857869148254,pdb_00006b3s_H_L
5988,2,train,0.8461611270904541,pdb_00006ww5_C_D
5989,2,train,0.09205357730388641,pdb_00003zdz_E_F
5990,2,train,0.5050708055496216,pdb_00007x66_H_L
5991,2,train,0.6127288937568665,pdb_00005yoy_I_F
5992,2,train,0.7084453105926514,pdb_00001kir_B_A
5993,2,train,1.1894630193710327,pdb_00008kdr_H_L
5994,2,train,1.1594042778015137,pdb_00008d9y_F_E
5995,2,train,0.8528572916984558,pdb_00007z0y_H_L
5996,2,train,0.11761903017759323,pdb_00002exy_E_F
5997,2,train,0.7081104516983032,pdb_00008sxp_H_L
5998,2,train,0.0579255186021328,pdb_00007vdm_S1_S2
5999,2,train,0.49270445108413696,pdb_00005bo1_I_M
6000,2,train,0.04863506183028221,pdb_00008i9l_H1_H2
6001,2,train,0.7003909945487976,pdb_00006dkj_H_L
6002,2,train,0.014332862570881844,pdb_00007s8p_E1_E2
6003,2,train,0.11178482323884964,pdb_00008evi_N1_N2
6004,2,train,0.03823349252343178,pdb_00008j6l_H1_H2
6005,2,train,1.6294113397598267,pdb_00004kuc_H_D
6006,2,train,0.9497479200363159,pdb_00001oak_H_L
6007,2,train,1.190018892288208,pdb_00008gsd_H_L
6008,2,train,1.2635942697525024,pdb_00007bsc_H_L
6009,2,train,0.06907888501882553,pdb_00007uk9_E_F
6010,2,train,0.01762593723833561,pdb_00009lrd_E1_E2
6011,2,train,1.0227327346801758,pdb_00002vis_B_A
6012,2,train,0.5165078043937683,pdb_00007jmo_H_L
6013,2,train,0.7128154039382935,pdb_00009dzg_H_L
6014,2,train,0.7277958989143372,pdb_00006xq2_F_E
6015,2,train,1.3171008825302124,pdb_00009mtk_H_L
6016,2,train,0.992583155632019,pdb_00007uvs_A_B
6017,2,train,0.025457201525568962,pdb_00008x9t_S1_S2
6018,2,train,0.0315127968788147,pdb_00008y73_E1_E2
6019,2,train,0.6886506080627441,pdb_00008ywx_E_D
6020,2,train,0.8894189596176147,pdb_00007pa7_ddd2_ddd1
6021,2,train,0.015170935541391373,pdb_00008k2x_S1_S2
6022,2,train,1.1614576578140259,pdb_00008tzw_H_L
6023,2,train,0.015961525961756706,pdb_00008hnm_S1_S2
6024,2,train,0.9421263933181763,pdb_00006wtu_E_F
6025,2,train,0.0970839112997055,pdb_00002exw_E_F
6026,2,train,0.21638323366641998,pdb_00008x8l_E1_E2
6027,2,train,0.6381353735923767,pdb_00009clp_H_L
6028,2,train,0.013707207515835762,pdb_00009le1_S1_S2
6029,2,train,0.5510319471359253,pdb_00001vfb_B_A
6030,2,train,0.016063444316387177,pdb_00009uk2_E1_E2
6031,2,train,1.50446617603302,pdb_00007ey5_B_C
6032,2,train,1.0731279850006104,pdb_00006mlm_K_L
6033,2,train,2.217463731765747,pdb_00008cdd_E_D
6034,2,train,0.9310703277587891,pdb_00007zmk_P_Q
6035,2,train,0.0437893308699131,pdb_00009vi9_S1_S2
6036,2,train,0.9619544744491577,pdb_00009eti_H_L
6037,2,train,0.041905082762241364,pdb_00008yn4_E1_E2
6038,2,train,0.9041236042976379,pdb_00009q7b_L_M
6039,2,train,0.9137538075447083,pdb_00004lmq_E_I
6040,2,train,0.06380656361579895,pdb_00006k5i_E_F
6041,2,train,0.011261183768510818,pdb_00009cm3_N1_N2
6042,2,train,0.9550377726554871,pdb_00003v6z_C_D
6043,2,train,0.7285208702087402,pdb_00008sdh_H_L
6044,2,train,0.8720464706420898,pdb_00009ma0_B_C
6045,2,train,0.011489393189549446,pdb_00009uam_E1_E2
6046,2,train,0.999279797077179,pdb_00007u9e_H1_H2
6047,2,train,0.014310424216091633,pdb_00008xwp_D1_D2
6048,2,train,0.45968198776245117,pdb_00009oum_H_L
6049,2,train,0.5927135348320007,pdb_00009ban_E_F
6050,2,train,0.46682342886924744,pdb_00005bo1_H_L
6051,2,train,0.8706154823303223,pdb_00009cff_H_L
6052,2,train,0.49448758363723755,pdb_00007kmh_A_B
6053,2,train,0.387305349111557,pdb_00007vgs_F_E
6054,2,train,0.5548884272575378,pdb_00008dww_Z_Y
6055,2,train,0.0920276865363121,pdb_00007t8x_E1_E2
6056,2,train,0.027734894305467606,pdb_00006xbk_S1_S2
6057,2,train,0.4953920543193817,pdb_00008dww_V_U
6058,2,train,0.6783795356750488,pdb_00008jqn_h_l
6059,2,train,0.43101680278778076,pdb_00006txz_H_L
6060,2,train,0.4716431200504303,pdb_00006w0a_A_B
6061,2,train,0.043689411133527756,pdb_00007dfl_C1_C2
6062,2,train,0.021630940958857536,pdb_00007eo4_E1_E2
6063,2,train,0.11614971607923508,pdb_00008u9s_M2_M1
6064,2,train,0.6669642329216003,pdb_00003ri5_G_K
6065,2,train,0.587797224521637,pdb_00008i0n_H_L
6066,2,train,0.08179326355457306,pdb_00002fed_E_F
6067,2,train,1.1910216808319092,pdb_00007m7w_H_L
6068,2,train,0.7044015526771545,pdb_00009wsv_H_L
6069,2,train,0.7236229181289673,pdb_00002jix_F_A
6070,2,train,0.45865386724472046,pdb_00003b2u_N_O
6071,2,train,0.6649394035339355,pdb_00005nhr_A_B
6072,2,train,0.9508911967277527,pdb_00009npg_D_E
6073,2,train,1.221045970916748,pdb_00007ezv_M_N
6074,2,train,0.01848118007183075,pdb_00007xau_E1_E2
6075,2,train,1.2306902408599854,pdb_00001ztx_H_L
6076,2,train,0.8001044392585754,pdb_00005x8l_G_L
6077,2,train,0.020652590319514275,pdb_00007yoo_S1_S2
6078,2,train,0.7507401704788208,pdb_00007sco_E_F
6079,2,train,0.9804324507713318,pdb_00008ut2_J_I
6080,2,train,0.7635584473609924,pdb_00004n90_D_E
6081,2,train,0.02140909619629383,pdb_00008xqo_S1_S2
6082,2,train,0.023896684870123863,pdb_00008jlk_S1_S2
6083,2,train,0.7821979522705078,pdb_00009ue8_E_F
6084,2,train,0.30020812153816223,pdb_00002dqg_H_L
6085,2,train,0.7156413793563843,pdb_00009jy1_R_Q
6086,2,train,0.0670681819319725,pdb_00006adb_E_F
6087,2,train,1.393717885017395,pdb_00008tp5_E_F
6088,2,train,0.025977635756134987,pdb_00008xzj_S1_S2
6089,2,train,0.8910641074180603,pdb_00007lq7_F_G
6090,2,train,1.520282506942749,pdb_00008ulj_H_L
6091,2,train,0.18236447870731354,pdb_00002vc2_H_L
6092,2,train,0.3757740259170532,pdb_00008elp_H_L
6093,2,train,0.5478011965751648,pdb_00008f2j_H_L
6094,2,train,1.1275080442428589,pdb_00007lg6_K_N
6095,2,train,0.8900496959686279,pdb_00007vgr_D_C
6096,2,train,1.1590172052383423,pdb_00009mla_H_K
6097,2,train,0.9112675189971924,pdb_00007dm2_H_L
6098,2,train,0.8039737343788147,pdb_00009me7_I_M
6099,2,train,0.11906934529542923,pdb_00008dd2_J_I
6100,2,train,0.9122687578201294,pdb_00001fsk_I_H
6101,2,train,0.026460666209459305,pdb_00009vmn_S1_S2
6102,2,train,1.05116868019104,pdb_00009mtf_H_L
6103,2,train,0.9005241394042969,pdb_00007m42_D_C
6104,2,train,0.9249901175498962,pdb_00006wtu_B_C
6105,2,train,0.03257998824119568,pdb_00008iyw_H1_H2
6106,2,train,0.01881556212902069,pdb_00006n4b_S1_S2
6107,2,train,0.7369874119758606,pdb_00001mlc_D_C
6108,2,train,0.47893089056015015,pdb_00006p4a_H_L
6109,2,train,0.04824645444750786,pdb_00008tzq_E1_E2
6110,2,train,0.024147022515535355,pdb_00009ppy_E1_E2
6111,2,train,0.6737765669822693,pdb_00001fbi_H_L
6112,2,train,0.1583617925643921,pdb_00006x3t_J_I
6113,2,train,0.020995263010263443,pdb_00007wu9_S1_S2
6114,2,train,0.8624361157417297,pdb_00002h9g_H_L
6115,2,train,0.8397418260574341,pdb_00009c6y_A_B
6116,2,train,0.8362615704536438,pdb_00005jz7_H_L
6117,2,train,0.044217996299266815,pdb_00006dde_E1_E2
6118,2,train,0.035970162600278854,pdb_00002ht3_C_D
6119,2,train,0.03863704577088356,pdb_00009j0i_S1_S2
6120,2,train,1.0583267211914062,pdb_00006ba5_H_G
6121,2,train,0.046139705926179886,pdb_00002exy_C_D
6122,2,train,0.1522575467824936,pdb_00007tpd_E_F
6123,2,train,0.7453092932701111,pdb_00007ley_D_E
6124,2,train,0.5391463041305542,pdb_00005aam_B1_B2
6125,2,train,0.5610691905021667,pdb_00007zfe_J_K
6126,2,train,0.020437661558389664,pdb_00008dwc_E1_E2
6127,2,train,1.350261926651001,pdb_00008tea_H_G
6128,2,train,0.7544532418251038,pdb_00009cq4_H_L
6129,2,train,0.9685037732124329,pdb_00009mtj_M_N
6130,2,train,0.649761974811554,pdb_00007cgw_H_L
6131,2,train,0.7520483136177063,pdb_00007lop_B_C
6132,2,train,0.8551228046417236,pdb_00008u44_V_X
6133,2,train,0.8241715431213379,pdb_00008jin_P2_P1
6134,2,train,0.624309241771698,pdb_00007d85_E_F
6135,2,train,0.057627320289611816,pdb_00009erx_F1_F2
6136,2,train,0.6772717833518982,pdb_00001dee_F_E
6137,2,train,0.5954908132553101,pdb_00005xhv_H_L
6138,2,train,0.8426270484924316,pdb_00007uzc_E_F
6139,2,train,0.5536473989486694,pdb_00007kfw_F_G
6140,2,train,0.578277587890625,pdb_00007lop_H_L
6141,2,train,1.0780507326126099,pdb_00004v1d_A_B
6142,2,train,0.03389187902212143,pdb_00008xxh_S1_S2
6143,2,train,0.9763305187225342,pdb_00005wko_K_L
6144,2,train,0.01884239912033081,pdb_00009uan_E1_E2
6145,2,train,1.300589919090271,pdb_00007y6l_H_L
6146,2,train,0.8432543873786926,pdb_00001fdl_H_L
6147,2,train,0.9507204294204712,pdb_00009gwt_H_L
6148,2,train,0.4594116508960724,pdb_00007wnb_H_L
6149,2,train,1.380379319190979,pdb_00008ywe_C2_C1
6150,2,train,0.7177123427391052,pdb_00009ib3_H_L
6151,2,train,0.26968467235565186,pdb_00008x8n_E1_E2
6152,2,train,1.1530823707580566,pdb_00002x7l_H_L
6153,2,train,0.028482088819146156,pdb_00007x5h_E1_E2
6154,2,train,1.4885789155960083,pdb_00007ey5_H_L
6155,2,train,0.7864207029342651,pdb_00008gy5_H_L
6156,2,train,0.46069639921188354,pdb_00007pry_A_B
6157,2,train,0.671607255935669,pdb_00008ywe_B2_B1
6158,2,train,0.015960080549120903,pdb_00007eo2_E1_E2
6159,2,train,0.6157557368278503,pdb_00008hpf_M_N
6160,2,train,0.09540943056344986,pdb_00007cvs_E_F
6161,2,train,1.002280831336975,pdb_00009yyu_I_M
6162,2,train,0.2860978841781616,pdb_00002itd_A_B
6163,2,train,0.03944677859544754,pdb_00008i7v_E1_E2
6164,2,train,0.02539866790175438,pdb_00008y62_E1_E2
6165,2,train,0.6827772259712219,pdb_00001nbz_B_A
6166,2,train,0.024282678961753845,pdb_00008wwj_E1_E2
6167,2,train,0.02290881611406803,pdb_00009b65_S1_S2
6168,2,train,1.059259057044983,pdb_00007qnx_A_B
6169,2,train,1.326110601425171,pdb_00009lae_H_L
6170,2,train,0.9083253145217896,pdb_00009mq9_J_N
6171,2,train,0.9504233002662659,pdb_00007pa7_eee2_eee1
6172,2,train,0.978122889995575,pdb_00001tpx_B_C
6173,2,train,1.2878249883651733,pdb_00008tpa_D_E
6174,2,train,0.5594645142555237,pdb_00006w41_H_L
6175,2,train,0.05034554377198219,pdb_00008f7q_E1_E2
6176,2,train,1.4518263339996338,pdb_00003lzf_H_L
6177,2,train,0.28460395336151123,pdb_00007cvt_C_D
6178,2,train,0.6817033290863037,pdb_00002eks_B_A
6179,2,train,0.5824116468429565,pdb_00009n7q_E_G
6180,2,train,0.8524741530418396,pdb_00009kve_E_G
6181,2,train,0.19853362441062927,pdb_00007k60_M2_M1
6182,2,train,1.2790980339050293,pdb_00007rr0_B_C
6183,2,train,1.242553472518921,pdb_00003bsz_N_M
6184,2,train,1.373884677886963,pdb_00004ubd_G_H
6185,2,train,0.056266237050294876,pdb_00002r9h_E_F
6186,2,train,0.8839879631996155,pdb_00009bdh_H_L
6187,2,train,0.7419109344482422,pdb_00007jum_J1_J2
6188,2,train,1.490830898284912,pdb_00001g9n_H_L
6189,2,train,0.7176034450531006,pdb_00007sk4_D_C
6190,2,train,1.4049330949783325,pdb_00009wai_E_F
6191,2,train,1.0568524599075317,pdb_00006a4k_J_N
6192,2,train,0.3584163188934326,pdb_00001j1o_H_L
6193,2,train,1.484173059463501,pdb_00004hg4_P_Q
6194,2,train,0.15562520921230316,pdb_00003hpl_A_B
6195,2,train,0.0826784148812294,pdb_00007vie_E1_E2
6196,2,train,0.80730140209198,pdb_00006jod_H_L
6197,2,train,0.028151508420705795,pdb_00007evy_E1_E2
6198,2,train,0.9746627807617188,pdb_00008g5a_I_M
6199,2,train,1.367342472076416,pdb_00009vca_H_L
6200,2,train,0.031716398894786835,pdb_00008f7w_E1_E2
6201,2,train,1.3363323211669922,pdb_00008vte_D_C
6202,2,train,0.021177450194954872,pdb_00009jh3_S1_S2
6203,2,train,2.0184688568115234,pdb_00008c7h_L_K
6204,2,train,0.027662087231874466,pdb_00009lr2_S1_S2
6205,2,train,0.45954543352127075,pdb_00007zfe_F_G
6206,2,train,1.171400785446167,pdb_00009oar_B_D
6207,2,train,0.5541426539421082,pdb_00009n7q_D_F
6208,2,train,0.870581865310669,pdb_00008e2u_H_L
6209,2,train,0.16847564280033112,pdb_00008vrn_J_I
6210,2,train,1.0892962217330933,pdb_00008vk1_F_E
6211,2,train,0.5373213887214661,pdb_00009n7q_H_L
6212,2,train,1.062907338142395,pdb_00002ybr_D_E
6213,2,train,1.3920485973358154,pdb_00006mtq_H_L
6214,2,train,0.9103880524635315,pdb_00005h35_F_G
6215,2,train,0.91145920753479,pdb_00006a4k_K_O
6216,2,train,0.925873875617981,pdb_00008suo_H_L
6217,2,train,1.41916823387146,pdb_00009y41_H_L
6218,2,train,0.7299497723579407,pdb_00004qci_B_A
6219,2,train,1.0139634609222412,pdb_00006ii9_H_L
6220,2,train,0.43859103322029114,pdb_00001ndm_B_A
6221,2,train,0.06647989153862,pdb_00009yda_H1_H2
6222,2,train,0.7856727838516235,pdb_00009vhz_A_B
6223,2,train,0.9969653487205505,pdb_00007l0l_H_L
6224,2,train,0.18732033669948578,pdb_00007k78_K1_K2
6225,2,train,0.7971901297569275,pdb_00006iap_H_L
6226,2,train,1.366024136543274,pdb_00007m3l_B_C
6227,2,train,0.03078167885541916,pdb_00007eq1_S1_S2
6228,2,train,1.3980218172073364,pdb_00002zcl_H_L
6229,2,train,0.6955934762954712,pdb_00008vgp_H_L
6230,2,train,0.12545552849769592,pdb_00007k5y_M2_M1
6231,2,train,0.022505592554807663,pdb_00008iu2_S1_S2
6232,2,train,0.8148106336593628,pdb_00007wk0_D_E
6233,2,train,1.3246797323226929,pdb_00008eeu_H_L
6234,2,train,0.48113805055618286,pdb_00006vmk_S_R
6235,2,train,0.6965200901031494,pdb_00009cpp_H_L
6236,2,train,1.394953727722168,pdb_00006d0u_H_I
6237,2,train,0.852282702922821,pdb_00007ucq_K1_K2
6238,2,train,0.5062756538391113,pdb_00004tnw_J_M
6239,2,train,0.8046159744262695,pdb_00006ogx_H_L
6240,2,train,0.03434878960251808,pdb_00008yn8_E1_E2
6241,2,train,1.0632164478302002,pdb_00007zfc_H_L
6242,2,train,0.9876603484153748,pdb_00007wro_H_L
6243,2,train,0.024420250207185745,pdb_00007x10_E1_E2
6244,2,train,0.9719712734222412,pdb_00008w86_E_F
6245,2,train,0.4850568175315857,pdb_00007f7h_A_B
6246,2,train,0.14155343174934387,pdb_00007ujk_E_F
6247,2,train,0.803071916103363,pdb_00006t3j_F_G
6248,2,train,0.9689555764198303,pdb_00009js7_J_M
6249,2,train,0.6892318725585938,pdb_00001xgr_B_A
6250,2,train,1.3897900581359863,pdb_00006gv1_H_L
6251,2,train,0.9345700740814209,pdb_00007s0x_C_D
6252,2,train,0.10229762643575668,pdb_00007k63_N2_N1
6253,2,train,0.9815183877944946,pdb_00008zd5_H_I
6254,2,train,0.5328450798988342,pdb_00007xcz_D_E
6255,2,train,0.07603923231363297,pdb_00008vfx_M2_M1
6256,2,train,0.6694186329841614,pdb_00003eo1_H_G
6257,2,train,1.0224924087524414,pdb_00003c09_C_B
6258,2,train,0.6721166968345642,pdb_00009n4f_O_P
6259,2,train,1.1583713293075562,pdb_00006xpz_E_F
6260,2,train,1.192099690437317,pdb_00008f6l_A_B
6261,2,train,0.8080515265464783,pdb_00008gv6_G_H
6262,2,train,0.8713787198066711,pdb_00007rku_J_K
6263,2,train,0.5402611494064331,pdb_00008ihf_S1_S2
6264,2,train,0.20026811957359314,pdb_00002h2s_C_D
6265,2,train,0.25811758637428284,pdb_00001j1p_H_L
6266,2,train,0.02272421307861805,pdb_00008xzf_S1_S2
6267,2,train,0.02489897981286049,pdb_00009kfj_S1_S2
6268,2,train,0.688483476638794,pdb_00008jqn_H_L
6269,2,train,0.1055244579911232,pdb_00002ht2_E_F
6270,2,train,0.6636962294578552,pdb_00009l6c_H_L
6271,2,train,0.4730963408946991,pdb_00009lrf_H_L
6272,2,train,1.5326108932495117,pdb_00006ba5_B_A
6273,2,train,1.0085886716842651,pdb_00006uig_B_C
6274,2,train,0.03214365616440773,pdb_00007ew7_E1_E2
6275,2,train,0.5024253726005554,pdb_00007nx7_H_L
6276,2,train,0.7826892733573914,pdb_00007x6o_J_L
6277,2,train,0.09959203749895096,pdb_00002vdq_H_L
6278,2,train,0.02080385759472847,pdb_00007vuz_S1_S2
6279,2,train,0.015711233019828796,pdb_00009ik9_E1_E2
6280,2,train,0.021045593544840813,pdb_00009ldx_S1_S2
6281,2,train,1.0506038665771484,pdb_00007tp3_H_L
6282,2,train,0.5592888593673706,pdb_00006b9z_B_A
6283,2,train,0.23631998896598816,pdb_00001c08_B_A
6284,2,train,0.023990392684936523,pdb_00008zqe_S1_S2
6285,2,train,0.5340813398361206,pdb_00004zff_H_L
6286,2,train,1.0058658123016357,pdb_00004gxu_U_V
6287,2,train,0.047951485961675644,pdb_00008xjn_E1_E2
6288,2,train,0.8033849596977234,pdb_00008dnn_B_C
6289,2,train,0.04642558470368385,pdb_00007ej0_H1_H2
6290,2,train,0.6731818318367004,pdb_00009jy4_P_O
6291,2,train,0.025217203423380852,pdb_00009cgj_E1_E2
6292,2,train,1.1023335456848145,pdb_00002x7l_C_D
6293,2,train,0.0764710083603859,pdb_00003t3m_H_L
6294,2,train,0.8167498111724854,pdb_00008q6j_D_C
6295,2,train,0.6199101209640503,pdb_00004dkf_H_L
6296,2,train,0.4136871099472046,pdb_00009our_J_K
6297,2,train,0.03153369203209877,pdb_00008wwn_E1_E2
6298,2,train,0.5257331132888794,pdb_00007ch5_H_L
6299,2,train,0.6554029583930969,pdb_00004yk4_C_B
6300,2,train,1.3360751867294312,pdb_00005w3e_E_G
6301,2,train,0.9000416398048401,pdb_00007rk1_C1_C2
6302,2,train,0.6217498183250427,pdb_00007zf9_A_B
6303,2,train,1.4354655742645264,pdb_00009mth_M_N
6304,2,train,0.5296768546104431,pdb_00007x1m_H_L
6305,2,train,0.035691503435373306,pdb_00008k3z_S1_S2
6306,2,train,0.1169777363538742,pdb_00002itc_A_B
6307,2,train,0.6512032747268677,pdb_00007bpk_C_D
6308,2,train,0.9737309813499451,pdb_00007t3d_O_Q
6309,2,train,1.0339055061340332,pdb_00006vc9_H_L
6310,2,train,1.1936354637145996,pdb_00004ffv_D_C
6311,2,train,0.5583008527755737,pdb_00008jel_C_D
6312,2,train,0.8109849095344543,pdb_00006k7o_F_G
6313,2,train,0.6423259973526001,pdb_00002i9l_B_A
6314,2,train,0.9631761312484741,pdb_00008bg1_G_H
6315,2,train,1.0175492763519287,pdb_00008d9y_H_G
6316,2,train,1.1210294961929321,pdb_00008tfn_H_L
6317,2,train,0.4674001634120941,pdb_00004hjg_B_A
6318,2,train,0.056335609406232834,pdb_00009plo_S1_S2
6319,2,train,0.3706749975681305,pdb_00008i5h_E_F
6320,2,train,0.1309623122215271,pdb_00007m2j_A_B
6321,2,train,1.226483702659607,pdb_00008zd5_E_F
6322,2,train,1.0749270915985107,pdb_00001nsn_H_L
6323,2,train,0.6846025586128235,pdb_00009iz9_O_P
6324,2,train,0.09911016374826431,pdb_00006k5d_E_F
6325,2,train,0.8529775142669678,pdb_00008ee8_D_C
6326,2,train,0.46379554271698,pdb_00001xgu_B_A
6327,2,train,0.7752915620803833,pdb_00005jz7_C_D
6328,2,train,1.0806673765182495,pdb_00007l7e_E_F
6329,2,train,0.08594458550214767,pdb_00004z7n_E_F
6330,2,train,1.3448063135147095,pdb_00009e3l_K_L
6331,2,train,1.2738887071609497,pdb_00008erq_H_L
6332,2,train,0.6766367554664612,pdb_00009cq4_C_D
6333,2,train,0.942969799041748,pdb_00009hub_I_M
6334,2,train,0.03205384314060211,pdb_00007y67_S1_S2
6335,2,train,0.11471952497959137,pdb_00008zbe_E1_E2
6336,2,train,0.31290948390960693,pdb_00009zq9_I2_I1
6337,2,train,0.43764516711235046,pdb_00007s0b_A_B
6338,2,train,0.8295321464538574,pdb_00007fcp_B_D
6339,2,train,0.03929583728313446,pdb_00009ns9_N1_N2
6340,2,train,1.3456767797470093,pdb_00008hgm_C_D
6341,2,train,1.024845004081726,pdb_00007ec5_E_F
6342,2,train,1.3856608867645264,pdb_00005hbt_D_C
6343,2,train,1.0539799928665161,pdb_00009j4c_H_L
6344,2,train,1.0973219871520996,pdb_00004ffw_H_L
6345,2,train,1.215994119644165,pdb_00008hpu_H_L
6346,2,train,0.8860406875610352,pdb_00008eed_I_J
6347,2,train,0.9909956455230713,pdb_00004am0_C_D
6348,2,train,0.25761765241622925,pdb_00009zqc_I2_I1
6349,2,train,0.07344822585582733,pdb_00007trk_H1_H2
6350,2,train,1.2601275444030762,pdb_00003klh_D_C
6351,2,train,0.8855147957801819,pdb_00005ugy_J_N
6352,2,train,0.08689188957214355,pdb_00006e0p_N1_N2
6353,2,train,0.45512473583221436,pdb_00003rhw_J_M
6354,2,train,0.035421960055828094,pdb_00007y66_S1_S2
6355,2,train,0.891028106212616,pdb_00009npg_A_B
6356,2,train,0.7302577495574951,pdb_00007dk2_A_B
6357,2,train,0.027815308421850204,pdb_00008eit_E1_E2
6358,2,train,0.021789221093058586,pdb_00008vve_E1_E2
6359,2,train,0.7140296697616577,pdb_00007rxl_C_D
6360,2,train,1.6280772686004639,pdb_00003mj9_H_L
6361,2,train,0.4420900344848633,pdb_00005aaw_B1_B2
6362,2,train,1.3886840343475342,pdb_00004xhj_H_G
6363,2,train,0.19640490412712097,pdb_00009ge3_F1_F2
6364,2,train,0.9086096882820129,pdb_00008dwx_X_W
6365,2,train,0.4137694835662842,pdb_00006txz_K_O
6366,2,train,0.7379123568534851,pdb_00003v4p_M_N
6367,2,train,0.8994600176811218,pdb_00008ol9_B_A
6368,2,train,0.17418566346168518,pdb_00008jt6_E1_E2
6369,2,train,1.3149381875991821,pdb_00003mxw_H_L
6370,2,train,0.7174590229988098,pdb_00009lae_A_B
6371,2,train,0.8115591406822205,pdb_00007bbj_M_N
6372,2,train,0.8455654978752136,pdb_00008sdf_H_L
6373,2,train,0.5108218789100647,pdb_00008bcz_C_D
6374,2,train,0.021832650527358055,pdb_00009izf_S1_S2
6375,2,train,0.9504457712173462,pdb_00007rxj_H_L
6376,2,train,0.7866275310516357,pdb_00004gxu_Q_R
6377,2,train,0.5065092444419861,pdb_00008jen_A_B
6378,2,train,0.021798525005578995,pdb_00008utd_D1_D2
6379,2,train,1.1802282333374023,pdb_00008rmy_E_F
6380,2,train,0.0324469730257988,pdb_000021ag_S1_S2
6381,2,train,1.1323860883712769,pdb_00007shy_I_J
6382,2,train,0.9493564963340759,pdb_00006ogx_C_D
6383,2,train,0.018958674743771553,pdb_00007yj4_S1_S2
6384,2,train,0.6009370684623718,pdb_00008w2e_D_C
6385,2,train,0.809819221496582,pdb_00006vvu_H_L
6386,2,train,0.06592342257499695,pdb_00008xqe_S1_S2
6387,2,train,0.7962117195129395,pdb_00009hhr_F_E
6388,2,train,0.47743546962738037,pdb_00004tnw_Y_g
6389,2,train,0.8627638220787048,pdb_00007pry_H_L
6390,2,train,0.3988494575023651,pdb_00008jen_E_F
6391,2,train,0.017892146483063698,pdb_00008jhy_S1_S2
6392,2,train,0.7288685441017151,pdb_00004dgi_H_L
6393,2,train,0.9152305126190186,pdb_00004oii_H_L
6394,2,train,0.7359628081321716,pdb_00008cma_H_L
6395,2,train,0.017735112458467484,pdb_00009f33_E1_E2
6396,2,train,0.725911021232605,pdb_00004gxu_S_T
6397,2,train,0.6405712366104126,pdb_00008h7z_F_I
6398,2,train,1.0938514471054077,pdb_00005a3i_C_D
6399,2,train,0.8460932374000549,pdb_00009cfe_A_B
6400,2,train,0.8326284289360046,pdb_00007xda_B_C
6401,2,train,0.8509800434112549,pdb_00006hxw_H_L
6402,2,train,0.944737434387207,pdb_00009ma7_F_G
6403,2,train,0.0944952517747879,pdb_00002ht4_E_F
6404,2,train,1.4725443124771118,pdb_00009mth_H_L
6405,2,train,1.032687783241272,pdb_00009h4s_X_Y
6406,2,train,0.9333446621894836,pdb_00009h4s_H_L
6407,2,train,0.3513844907283783,pdb_00009nz3_F_E
6408,2,train,1.1932157278060913,pdb_00007uzd_H_L
6409,2,train,1.6237818002700806,pdb_00006wmw_H_L
6410,2,train,0.17183184623718262,pdb_00008evg_M1_M2
6411,2,train,0.7820116281509399,pdb_00009lho_O_N
6412,2,train,0.5222560167312622,pdb_00009cpu_F_G
6413,2,train,0.0380522683262825,pdb_00008jxv_E1_E2
6414,2,train,1.159073829650879,pdb_00006ba5_D_C
6415,2,train,1.082563877105713,pdb_00008gpu_C_D
6416,2,train,0.8082290291786194,pdb_00008f6x_F1_F2
6417,2,train,0.026977315545082092,pdb_00008dzr_E1_E2
6418,2,train,0.7201648354530334,pdb_00007rk1_D1_D2
6419,2,train,0.06581539660692215,pdb_00009iy8_S1_S2
6420,2,train,0.47330084443092346,pdb_00008w2e_F_E
6421,2,train,0.026016702875494957,pdb_00009kpe_S1_S2
6422,2,train,1.4908676147460938,pdb_00009e3h_H_L
6423,2,train,0.855781078338623,pdb_00006hjp_G_H
6424,2,train,0.9382173418998718,pdb_00007w71_H_L
6425,2,train,0.9418990612030029,pdb_00008el2_H_L
6426,2,train,0.2938654124736786,pdb_00009exa_F_E
6427,2,train,0.8480899930000305,pdb_00009bt5_E_F
6428,2,train,1.2571032047271729,pdb_00008dwy_H_L
6429,2,train,0.015712764114141464,pdb_00007t6v_E1_E2
6430,2,train,0.7453734278678894,pdb_00003qum_K_M
6431,2,train,0.7911457419395447,pdb_00009ctw_F_E
6432,2,train,0.9002314209938049,pdb_00006ss4_HHH_LLL
6433,2,train,0.4966697692871094,pdb_00007sts_A_B
6434,2,train,0.3644418716430664,pdb_00004tnw_F_N
6435,2,train,0.736153244972229,pdb_00006cyf_U_T
6436,2,train,1.4702659845352173,pdb_00009ivj_H_L
6437,2,train,0.030414676293730736,pdb_00009kfk_S1_S2
6438,2,train,0.27149537205696106,pdb_00003gb7_A_B
6439,2,train,0.12061189115047455,pdb_00003ejy_C_D
6440,2,train,0.7907692193984985,pdb_00006wzl_A_B
6441,2,train,0.03767827898263931,pdb_00008gag_S1_S2
6442,2,train,0.9751477241516113,pdb_00002x7l_J_K
6443,2,train,0.6041662693023682,pdb_00001g7h_B_A
6444,2,train,1.02251398563385,pdb_00009c0v_H_L
6445,2,train,0.048176977783441544,pdb_00008j6p_S1_S2
6446,2,train,0.6011921763420105,pdb_00008jel_F_G
6447,2,train,0.4851771593093872,pdb_00002i9l_H_G
6448,2,train,0.9132313132286072,pdb_00007ahu_B_A
6449,2,train,0.853329598903656,pdb_00007ua8_H1_H2
6450,2,train,0.6403945684432983,pdb_00003dvg_B_A
6451,2,train,0.5661194324493408,pdb_00007y7m_F_G
6452,2,train,0.5786656737327576,pdb_00003nh7_K_O
6453,2,train,0.6464812159538269,pdb_00007dk2_G_H
6454,2,train,0.6891555190086365,pdb_00001dzb_B1_B2
6455,2,train,1.1676274538040161,pdb_00004u6h_A_B
6456,2,train,0.03543654456734657,pdb_00009v2n_S1_S2
6457,2,train,1.1647160053253174,pdb_00007dm1_F_E
6458,2,train,0.8114115595817566,pdb_00008cz8_A2_A1
6459,2,train,0.14731749892234802,pdb_00006x3s_J_I
6460,2,train,1.064868688583374,pdb_00007dm1_D_C
6461,2,train,0.37549516558647156,pdb_00005aaw_K1_K2
6462,2,train,0.03760627657175064,pdb_00008jxt_E1_E2
6463,2,train,0.6399133801460266,pdb_00005xhv_P_Q
6464,2,train,0.8845849633216858,pdb_00009iru_B_A
6465,2,train,0.7976351976394653,pdb_00008sit_H_L
6466,2,train,0.6977155208587646,pdb_00008cn9_B_A
6467,2,train,0.8001349568367004,pdb_00009ci8_B_A
6468,2,train,1.060779333114624,pdb_00009sat_H_L
6469,2,train,0.7432087063789368,pdb_00004np4_H_L
6470,2,train,0.715991199016571,pdb_00009u5p_B_C
6471,2,train,0.19515228271484375,pdb_00002dqi_H_L
6472,2,train,1.1523493528366089,pdb_00007unb_H_L
6473,2,train,0.862821638584137,pdb_00007det_D1_D2
6474,2,train,0.7343499064445496,pdb_00008ebp_H_L
6475,2,train,0.8899847865104675,pdb_00008dce_H1_H2
6476,2,train,0.5149273872375488,pdb_00008dn6_C_D
6477,2,train,0.05406174063682556,pdb_00007ejk_H1_H2
6478,2,train,0.029679663479328156,pdb_000022es_E1_E2
6479,2,train,0.87624192237854,pdb_00007k9z_B_A
6480,2,train,1.6332048177719116,pdb_00008tzn_G_H
6481,2,train,1.3195319175720215,pdb_00009mtl_M_N
6482,2,train,1.337075114250183,pdb_00008w5h_H_L
6483,2,train,0.5833202600479126,pdb_00003dvn_B_A
6484,2,train,0.5291779041290283,pdb_00008j26_B_A
6485,2,train,0.575459361076355,pdb_00008jkh_H_L
6486,2,train,1.0227940082550049,pdb_00009b2m_E_F
6487,2,train,0.12451416999101639,pdb_00007u9f_E_F
6488,2,train,0.6881736516952515,pdb_00007jmw_H_L
6489,2,train,0.7109896540641785,pdb_00009lho_T_S
6490,2,train,0.498092919588089,pdb_00008z2e_H_L
6491,2,train,0.404912531375885,pdb_00008jen_C_D
6492,2,train,0.8266991376876831,pdb_00007ua2_B1_B2
6493,2,train,0.03684614226222038,pdb_00007vla_S1_S2
6494,2,train,0.07655704021453857,pdb_00002vdm_H_L
6495,2,train,1.0790423154830933,pdb_00009y0e_A_B
6496,2,train,1.0850437879562378,pdb_00009n4e_K_M
6497,2,train,0.389377623796463,pdb_00007x1m_C_D
6498,2,train,0.470180869102478,pdb_00007c01_H_L
6499,2,train,0.8802089095115662,pdb_00009js7_I_L
6500,2,train,1.1034762859344482,pdb_00009kve_A_B
6501,2,train,0.9301857948303223,pdb_00008khr_H_L
6502,2,train,0.030145131051540375,pdb_00008xqf_S1_S2
6503,2,train,0.7891756892204285,pdb_00008ut2_H_G
6504,2,train,0.9738072752952576,pdb_00001fj1_B_A
6505,2,train,0.014834501780569553,pdb_00007w2z_S1_S2
6506,2,train,0.8228853344917297,pdb_00008jqm_M_N
6507,2,train,0.736291766166687,pdb_00006vvu_G_I
6508,2,train,0.6042028069496155,pdb_00009lho_I_H
6509,2,train,0.7788320779800415,pdb_00006k7o_D_E
6510,2,train,0.7837421894073486,pdb_00008bg5_A1_A2
6511,2,train,0.7707294821739197,pdb_00004hg4_R_S
6512,2,train,0.9502658247947693,pdb_00005wko_I_J
6513,2,train,0.8030770421028137,pdb_00004hg4_J_K
6514,2,train,0.06618556380271912,pdb_00002ht3_E_F
6515,2,train,0.9270480275154114,pdb_00007q6c_H_L
6516,2,train,0.04284050688147545,pdb_00008jlr_S1_S2
6517,2,train,0.6864145398139954,pdb_00006gv4_H_L
6518,2,train,1.0249468088150024,pdb_00005umi_H_L
6519,2,train,0.8775707483291626,pdb_00002vwe_E_C
6520,2,train,0.7289010882377625,pdb_00009me5_I_M
6521,2,train,0.026623062789440155,pdb_00008jgb_S1_S2
6522,2,train,0.033834125846624374,pdb_00008h0p_E1_E2
6523,2,train,0.594887375831604,pdb_00001g7m_B_A
6524,2,train,0.525722861289978,pdb_00003b2u_T_U
6525,2,train,0.5443511605262756,pdb_00007kfw_H_L
6526,2,train,1.1034724712371826,pdb_00009n5z_A_B
6527,2,train,0.7207638025283813,pdb_00005jz7_J_K
6528,2,train,1.1284281015396118,pdb_00007mzj_N_M
6529,2,train,0.015860043466091156,pdb_00009buy_E1_E2
6530,2,train,0.012008278630673885,pdb_00009bqj_E1_E2
6531,2,train,0.9501450657844543,pdb_00007wur_G_H
6532,2,train,0.7855706214904785,pdb_00009fys_B_C
6533,2,train,0.07814059406518936,pdb_00004z7o_E_F
6534,2,train,0.8804943561553955,pdb_00008sdf_B_C
6535,2,train,0.028500212356448174,pdb_00009x20_E1_E2
6536,2,train,0.6186967492103577,pdb_00001ors_B_A
6537,2,train,0.9333133101463318,pdb_00007woc_A_B
6538,2,train,0.7107732892036438,pdb_00007ubs_I1_I2
6539,2,train,0.30811065435409546,pdb_00002dqj_H_L
6540,2,train,0.9469207525253296,pdb_00001adq_H_L
6541,2,train,0.32295355200767517,pdb_00006x40_K_L
6542,2,train,0.8291151523590088,pdb_00007l0l_I_K
6543,2,train,0.45230016112327576,pdb_00008i5h_H_L
6544,2,train,0.015286194160580635,pdb_00007qvm_S1_S2
6545,2,train,1.3542988300323486,pdb_00008tp5_H_L
6546,2,train,1.1630773544311523,pdb_00006dfi_H_L
6547,2,train,0.08184296637773514,pdb_00007uh8_E_F
6548,2,train,0.08029980212450027,pdb_00008ij3_S1_S2
6549,2,train,0.0417465940117836,pdb_00008jln_S1_S2
6550,2,train,0.6100870966911316,pdb_00009udq_F_A
6551,2,train,0.7753294706344604,pdb_00007dpm_G_H
6552,2,train,0.5895649194717407,pdb_00007yvm_C_A
6553,2,train,0.7457824349403381,pdb_00008hws_D_E
6554,2,train,0.06305399537086487,pdb_00007udh_E_F
6555,2,train,0.17402763664722443,pdb_00008ubi_N2_N1
6556,2,train,1.3161760568618774,pdb_00009hvw_H_L
6557,2,train,0.04578175023198128,pdb_00008ef5_E1_E2
6558,2,train,0.6566210389137268,pdb_00002yss_B_A
6559,2,train,0.8272156715393066,pdb_00008u4q_H_L
6560,2,train,0.3114384710788727,pdb_00008i5h_B_C
6561,2,train,0.9526627659797668,pdb_00009cpv_H_L
6562,2,train,0.5149583220481873,pdb_00007cho_H_L
6563,2,train,1.1661350727081299,pdb_00007u9w_H1_H2
6564,2,train,0.7532808184623718,pdb_00004hg4_V_W
6565,2,train,0.8873957991600037,pdb_00009npg_K_J
6566,2,train,0.24553313851356506,pdb_00006adc_C_D
6567,2,train,0.03882303461432457,pdb_00006os9_D1_D2
6568,2,train,0.5608463287353516,pdb_00007x63_H_L
6569,2,train,0.8709883689880371,pdb_00007uvq_D_E
6570,2,train,0.5403295159339905,pdb_00006yor_B_C
6571,2,train,1.1934565305709839,pdb_00008gb5_I_H
6572,2,train,0.793142557144165,pdb_00006hjp_I_J
6573,2,train,1.1664589643478394,pdb_00006jep_H_L
6574,2,train,0.021565992385149002,pdb_00009ije_D1_D2
6575,2,train,0.10574602335691452,pdb_00007ubr_E_F
6576,2,train,0.04502860829234123,pdb_00007l1u_H1_H2
6577,2,train,0.6558037400245667,pdb_00001tzi_B_A
6578,2,train,0.7661644816398621,pdb_00004ffw_D_C
6579,2,train,0.9826227426528931,pdb_00006ban_H_G
6580,2,train,0.6331766843795776,pdb_00008eoo_H_L
6581,2,train,0.1910294145345688,pdb_00003or7_A_B
6582,2,train,1.410075068473816,pdb_00005d1z_F_E
6583,2,train,0.7215595245361328,pdb_00005ugy_I_M
6584,2,train,0.23421747982501984,pdb_00008ihi_S1_S2
6585,2,train,0.6792674660682678,pdb_00009bt5_C_D
6586,2,train,0.4159017503261566,pdb_00008as0_E_D
6587,2,train,0.017957134172320366,pdb_00007v68_S1_S2
6588,2,train,1.0852032899856567,pdb_00009e3h_J_K
6589,2,train,0.024795643985271454,pdb_00009iv1_S1_S2
6590,2,train,0.6965922713279724,pdb_00008zh7_E_F
6591,2,train,0.2671717405319214,pdb_00008wnp_B_A
6592,2,train,0.03150634467601776,pdb_00009ejz_H1_H2
6593,2,train,1.0301951169967651,pdb_00002ybr_A_B
6594,2,train,0.7974690794944763,pdb_00003g6j_F_E
6595,2,train,0.02161184884607792,pdb_00008xzh_S1_S2
6596,2,train,0.9538801908493042,pdb_00001rjl_B_A
6597,2,train,0.7982650995254517,pdb_00007zmk_S_T
6598,2,train,0.03197241574525833,pdb_00008g94_E1_E2
6599,2,train,0.6196587681770325,pdb_00009oj4_B_A
6600,2,train,0.037285659462213516,pdb_00007dw9_S1_S2
6601,2,train,0.8713078498840332,pdb_00005wko_C_D
6602,2,train,0.6969718337059021,pdb_00009ixa_H_L
6603,2,train,0.6279745697975159,pdb_00005wk3_S_R
6604,2,train,0.4477439820766449,pdb_00006b3s_F_G
6605,2,train,0.8641396164894104,pdb_00007t3d_C_D
6606,2,train,0.6853788495063782,pdb_00008tnt_E_D
6607,2,train,0.15499933063983917,pdb_00002hjf_A_B
6608,2,train,0.02966095134615898,pdb_00008t3v_N1_N2
6609,2,train,0.01630411669611931,pdb_00008k6o_S1_S2
6610,2,train,0.7548900842666626,pdb_00009og1_B_C
6611,2,train,0.38813889026641846,pdb_00003ri5_J_M
6612,2,train,0.46659210324287415,pdb_00003s37_H_L
6613,2,train,0.015481816604733467,pdb_00009k3f_S1_S2
6614,2,train,1.0070362091064453,pdb_00009mtj_H_L
6615,2,train,0.5347720384597778,pdb_00009jy4_R_Q
6616,2,train,0.42104700207710266,pdb_00007pry_F_G
6617,2,train,0.4955926239490509,pdb_00001dqj_B_A
6618,2,train,1.4785350561141968,pdb_00004g3y_H_L
6619,2,train,0.7793287634849548,pdb_00008ee8_H_L
6620,2,train,0.8511485457420349,pdb_00009mqd_H_L
6621,2,train,0.7686973214149475,pdb_00001jhl_H_L
6622,2,train,0.6284323334693909,pdb_00007wwk_I_H
6623,2,train,0.029308749362826347,pdb_00007euo_S1_S2
6624,2,train,0.8780337572097778,pdb_00004f3f_B_A
6625,2,train,0.6365904808044434,pdb_00006ii4_H_L
6626,2,train,1.0570852756500244,pdb_00008bcz_H_L
6627,2,train,0.8967291116714478,pdb_00003fku_S1_S2
6628,2,train,0.988530158996582,pdb_00007yvl_A_C
6629,2,train,1.278529167175293,pdb_00007rco_D_C
6630,2,train,0.8148562908172607,pdb_00007x93_E_F
6631,2,train,1.162049651145935,pdb_00008w5n_H_L
6632,2,train,0.7050835490226746,pdb_00007vyr_H_L
6633,2,train,0.8167622685432434,pdb_00003g6d_H_L
6634,2,train,0.06358295679092407,pdb_00008g05_E1_E2
6635,2,train,0.5208370089530945,pdb_00008bg4_A1_A2
6636,2,train,0.8265604972839355,pdb_00006ii9_M_N
6637,2,train,1.1177784204483032,pdb_00008dwy_V_U
6638,2,train,0.05570988357067108,pdb_00007yon_S1_S2
6639,2,train,0.6769605875015259,pdb_00004okv_C_D
6640,2,train,0.02343476563692093,pdb_00007vfx_S1_S2
6641,2,train,0.9350796937942505,pdb_00006jep_K_I
6642,2,train,0.7219735383987427,pdb_00003vrl_E_F
6643,2,train,0.691358745098114,pdb_00004odx_H_B
6644,2,train,0.04782678931951523,pdb_00009jks_S1_S2
6645,2,train,0.7924340963363647,pdb_00007ucq_H1_H2
6646,2,train,0.01635725609958172,pdb_00009jlc_S1_S2
6647,2,train,0.44311580061912537,pdb_00007kfv_F_G
6648,2,train,0.4415167272090912,pdb_00007kfv_C_D
6649,2,train,0.05446157604455948,pdb_00009vo1_E1_E2
6650,2,train,0.024607647210359573,pdb_00009m54_S1_S2
6651,2,train,0.559822142124176,pdb_00008i0n_I_M
6652,2,train,0.03350182995200157,pdb_00007jvr_E1_E2
6653,2,train,0.7689920663833618,pdb_00005wko_A_B
6654,2,train,0.369933158159256,pdb_00004tsc_H_L
6655,2,train,0.059711799025535583,pdb_00009kz2_H1_H2
6656,2,train,0.08850274235010147,pdb_00002htk_C_D
6657,2,train,0.5373297333717346,pdb_00008f2j_D_F
6658,2,train,0.473334938287735,pdb_00008smt_D_F
6659,2,train,0.020161097869277,pdb_00009lre_E1_E2
6660,2,train,1.5675190687179565,pdb_00008ezl_H1_H2
6661,2,train,1.2959965467453003,pdb_00006d0u_E_F
6662,2,train,0.9446092247962952,pdb_00007t3d_H_L
6663,2,train,0.022177698090672493,pdb_00007f9z_E1_E2
6664,2,train,0.13359308242797852,pdb_00006dzt_N1_N2
6665,2,train,0.012516389600932598,pdb_00007wy0_C1_C2
6666,2,train,0.172279492020607,pdb_00007k60_N2_N1
6667,2,train,0.07818008959293365,pdb_00009kt8_E1_E2
6668,2,train,0.9429237246513367,pdb_00004l5f_H_L
6669,2,train,0.898276150226593,pdb_00003wkm_I_M
6670,2,train,1.2830647230148315,pdb_00005w08_Q_R
6671,2,train,0.014975741505622864,pdb_00009vo2_S1_S2
6672,2,train,0.049913253635168076,pdb_00007w0p_S1_S2
6673,2,train,0.49039533734321594,pdb_00008q6j_B_A
6674,2,train,1.0164145231246948,pdb_00008w83_M_N
6675,2,train,0.648076057434082,pdb_00009hh9_E_D
6676,2,train,0.9535647630691528,pdb_00007kyo_H_L
6677,2,train,1.2657334804534912,pdb_00006wtv_E_F
6678,2,train,0.11627757549285889,pdb_00008vfx_N2_N1
6679,2,train,0.9782406091690063,pdb_00009mif_H_L
6680,2,train,0.09408722817897797,pdb_00002exw_C_D
6681,2,train,0.5075426697731018,pdb_00009hhr_L_H
6682,2,train,1.1764841079711914,pdb_00009cci_B_C
6683,2,train,1.0858778953552246,pdb_00009mtl_I_J
6684,2,train,0.80837482213974,pdb_00008dwx_Z_Y
6685,2,train,0.06584742665290833,pdb_00008ubj_N2_N1
6686,2,train,0.7428175806999207,pdb_00007wk0_A_B
6687,2,train,0.9729935526847839,pdb_00006plk_H_L
6688,2,train,0.07526355981826782,pdb_00003det_E_F
6689,2,train,0.027651924639940262,pdb_00008j19_S1_S2
6690,2,train,0.8943710327148438,pdb_00004nik_B1_B2
6691,2,train,0.03339783102273941,pdb_00008ia8_S1_S2
6692,2,train,0.10525859892368317,pdb_00008zfz_D1_D2
6693,2,train,0.9648316502571106,pdb_00009mla_I_L
6694,2,train,0.5156363844871521,pdb_00006ktr_A_B
6695,2,train,0.0355459600687027,pdb_00006crk_H1_H2
6696,2,train,0.6812456846237183,pdb_00001z3g_I_M
6697,2,train,0.0649707168340683,pdb_00007k63_M2_M1
6698,2,train,0.7714442610740662,pdb_00007zfc_A_B
6699,2,train,0.016522422432899475,pdb_00008iy5_E1_E2
6700,2,train,0.9761484861373901,pdb_00009o7g_C_D
6701,2,train,0.5543618202209473,pdb_00008txu_H_L
6702,2,train,0.9868761301040649,pdb_00009dn2_H_L
6703,2,train,0.7709847688674927,pdb_00009b82_H_L
6704,2,train,0.9929935336112976,pdb_00009hi4_A_B
6705,2,train,0.4374781548976898,pdb_00006b3s_J_K
6706,2,train,0.8288541436195374,pdb_00002iff_H_L
6707,2,train,0.7082675099372864,pdb_00008ut2_L_K
6708,2,train,0.7825952768325806,pdb_00007ucq_I1_I2
6709,2,train,0.7843791246414185,pdb_00007tpj_H_L
6710,2,train,0.6804381608963013,pdb_00009fyt_I_M
6711,2,train,0.013735273852944374,pdb_00009k07_E1_E2
6712,2,train,1.3460774421691895,pdb_00002hmi_D_C
6713,2,train,0.49001720547676086,pdb_00008jel_A_B
6714,2,train,1.3616055250167847,pdb_00007xh8_B_C
6715,2,train,0.6542389988899231,pdb_00007sco_H_L
6716,2,train,1.1871063709259033,pdb_00005dhx_L2_L1
6717,2,train,0.017405694350600243,pdb_00007vv5_S1_S2
6718,2,train,0.7205156087875366,pdb_00007ley_G_F
6719,2,train,0.01580999232828617,pdb_00007ra3_E1_E2
6720,2,train,0.677704393863678,pdb_00006cyf_M_L
6721,2,train,0.5833674669265747,pdb_00008xsi_H_L
6722,2,train,0.924667477607727,pdb_00005dhx_B2_B1
6723,2,train,0.654873251914978,pdb_00007keo_E_F
6724,2,train,1.0357623100280762,pdb_00008dis_H_L
6725,2,train,0.021177181974053383,pdb_00009jmc_E1_E2
6726,2,train,0.7065423727035522,pdb_00009mqa_I_M
6727,2,train,0.6850956678390503,pdb_00009cpw_H_L
6728,2,train,1.4576150178909302,pdb_00008jeo_B_C
6729,2,train,1.455231785774231,pdb_00006uyn_H_L
6730,2,train,0.39642834663391113,pdb_00008f2j_A_B
6731,2,train,0.75596684217453,pdb_00006wzm_C_D
6732,2,train,1.3689467906951904,pdb_00006s3d_E_F
6733,2,train,0.9393676519393921,pdb_00008w5l_H_L
6734,2,train,0.9810901880264282,pdb_00009mtf_I_J
6735,2,train,0.7509316802024841,pdb_00005w0k_E_F
6736,2,train,0.21200676262378693,pdb_00006x3w_K_L
6737,2,train,1.5511926412582397,pdb_00009ml8_E_F
6738,2,train,1.3927890062332153,pdb_00006wtv_H_I
6739,2,train,0.035348258912563324,pdb_00007wq3_S1_S2
6740,2,train,1.4081170558929443,pdb_00009l8z_C_B
6741,2,train,0.05428769066929817,pdb_00007trq_H1_H2
6742,2,train,0.2940368354320526,pdb_00008ihb_S1_S2
6743,2,train,0.05772276595234871,pdb_00003ejz_E_F
6744,2,train,0.164822518825531,pdb_00008w8b_E1_E2
6745,2,train,0.04116559401154518,pdb_00008rql_S1_S2
6746,2,train,0.39965492486953735,pdb_00008jen_G_H
6747,2,train,0.028486542403697968,pdb_00009kvh_E1_E2
6748,2,train,0.7627577185630798,pdb_00008vtd_B_A
6749,2,train,1.5258222818374634,pdb_00008hrd_L_M
6750,2,train,0.11757101863622665,pdb_00007uje_E_F
6751,2,train,0.014062019996345043,pdb_00008jii_S1_S2
6752,2,train,0.5085585117340088,pdb_00006z2m_B_C
6753,2,train,0.5104617476463318,pdb_00007c01_C_D
6754,2,train,0.7877276539802551,pdb_00009kze_H_L
6755,2,train,0.7244146466255188,pdb_00008vgi_K_L
6756,2,train,0.05751315876841545,pdb_00009xhh_D1_D2
6757,2,train,0.6521932482719421,pdb_00005dhy_A_B
6758,2,train,0.014723971486091614,pdb_00008zh8_S1_S2
6759,2,train,0.013099252246320248,pdb_00008yrg_E1_E2
6760,2,train,0.48955038189888,pdb_00006bah_B_A
6761,2,train,0.05869157984852791,pdb_00008fx5_H1_H2
6762,2,train,0.7883450984954834,pdb_00009ue8_I_J
6763,2,train,0.03965520113706589,pdb_00009axf_H1_H2
6764,2,train,0.13223616778850555,pdb_00008sgo_J_I
6765,2,train,0.4685712456703186,pdb_00007dfa_H_L
6766,2,train,0.9242562651634216,pdb_00007b0b_H_L
6767,2,train,0.016130467876791954,pdb_00007yu3_S1_S2
6768,2,train,0.6038883924484253,pdb_00009og2_B_C
6769,2,train,0.012801820412278175,pdb_00008k6n_S1_S2
6770,2,train,0.040869224816560745,pdb_00009izg_S1_S2
6771,2,train,0.01635623350739479,pdb_00009oxb_D1_D2
6772,2,train,0.8431646823883057,pdb_00008v5v_f_g
6773,2,train,0.6134747266769409,pdb_00009u5q_B_C
6774,2,train,0.7161883115768433,pdb_00004n90_F_G
6775,2,train,0.8408243060112,pdb_00009c6y_C_D
6776,2,train,0.7598437666893005,pdb_00007t3d_K_N
6777,2,train,0.7515968084335327,pdb_00007rku_G_I
6778,2,train,1.287523627281189,pdb_00008jin_B2_B1
6779,2,train,0.045838356018066406,pdb_00008i97_H1_H2
6780,2,train,0.11909212172031403,pdb_00008sid_K_L
6781,2,train,0.18018271028995514,pdb_00003iga_A_B
6782,2,train,0.9692874550819397,pdb_00006a4k_I_M
6783,2,train,0.02282223291695118,pdb_00008vy9_D1_D2
6784,2,train,0.11475999653339386,pdb_00003or6_A_B
6785,2,train,0.9949275255203247,pdb_00007jwg_A_B
6786,2,train,1.0904208421707153,pdb_00009mtm_I_J
6787,2,train,0.7376912236213684,pdb_00009ima_C_D
6788,2,train,0.8051190376281738,pdb_00008u4s_F_E
6789,2,train,0.4156482517719269,pdb_00007kfv_H_L
6790,2,train,0.6700238585472107,pdb_00007mxl_H_L
6791,2,train,1.191975712776184,pdb_00005kov_C1_C2
6792,2,train,0.8396201729774475,pdb_00007ttx_H_L
6793,2,train,0.03027033619582653,pdb_00008xbh_S1_S2
6794,2,train,0.9455823302268982,pdb_00003ri5_F_N
6795,2,train,0.026490800082683563,pdb_00009p0k_F1_F2
6796,2,train,0.01976814679801464,pdb_00007cmv_E1_E2
6797,2,train,0.016903266310691833,pdb_00008gus_S1_S2
6798,2,train,0.6969947218894958,pdb_00004lf3_B_A
6799,2,train,0.8945488333702087,pdb_00008xcd_H_L
6800,2,train,0.7138163447380066,pdb_00006cyf_D_C
6801,2,train,0.21801425516605377,pdb_00007xk2_S1_S2
6802,2,train,0.020924808457493782,pdb_00009k3k_S1_S2
6803,2,train,0.3590478301048279,pdb_00007kfy_H_L
6804,2,train,0.3264595866203308,pdb_00003ri5_H_L
6805,2,train,0.49307650327682495,pdb_00006vmk_r_q
6806,2,train,0.6764926314353943,pdb_00004qci_H_L
6807,2,train,0.7315381765365601,pdb_00008too_G_F
6808,2,train,0.6119813323020935,pdb_00008j7e_A_B
6809,2,train,0.8135924935340881,pdb_00008f6x_E1_E2
6810,2,train,0.08967085927724838,pdb_00007tct_H_L
6811,2,train,0.028248481452465057,pdb_00007na7_N1_N2
6812,2,train,0.6989071369171143,pdb_00007qf1_C_B
6813,2,train,0.6611872315406799,pdb_00007jx3_H_L
6814,2,train,0.020328206941485405,pdb_00007xjj_S1_S2
6815,2,train,1.4623122215270996,pdb_00009bhh_T_S
6816,2,train,1.0085742473602295,pdb_00006mlm_F_G
6817,2,train,0.932205319404602,pdb_00007k9i_H_L
6818,2,train,0.05140143260359764,pdb_00008hvi_H1_H2
6819,2,train,0.01575874164700508,pdb_00008k4s_D1_D2
6820,2,train,0.7874649167060852,pdb_00003wd5_H_L
6821,2,train,0.7677071690559387,pdb_00009dru_H_L
6822,2,train,1.3468241691589355,pdb_00009ml8_H_L
6823,2,train,0.6546202898025513,pdb_00008jkf_M_N
6824,2,train,0.03730132058262825,pdb_00009ast_E1_E2
6825,2,train,0.02037614956498146,pdb_00007ys6_E1_E2
6826,2,train,0.07035310566425323,pdb_00003zdx_E_F
6827,2,train,1.1859757900238037,pdb_00006ywc_A_B
6828,2,train,0.5984880924224854,pdb_00002r0l_H_L
6829,2,train,0.06490365415811539,pdb_00007ufh_E_F
6830,2,train,0.019831620156764984,pdb_00007cmu_E1_E2
6831,2,train,1.1404396295547485,pdb_00007mxl_J_K
6832,2,train,0.564963161945343,pdb_00007xik_H_L
6833,2,train,0.017260372638702393,pdb_00008sai_S1_S2
6834,2,train,0.48140421509742737,pdb_00009ov4_H_L
6835,2,train,0.056801170110702515,pdb_00001otu_C_D
6836,2,train,1.9235920906066895,pdb_00008v2e_A_B
6837,2,train,0.17594406008720398,pdb_00008id3_S1_S2
6838,2,train,1.6997649669647217,pdb_00006osh_H_L
6839,2,train,0.8218675851821899,pdb_00009mla_G_J
6840,2,train,1.3212958574295044,pdb_00008cz5_H_L
6841,2,train,0.6134681701660156,pdb_00001z3g_H_L
6842,2,train,0.012506293132901192,pdb_00008fn0_E1_E2
6843,2,train,0.9615780711174011,pdb_00006xy2_H_L
6844,2,train,0.6970754861831665,pdb_00008f0h_H_L
6845,2,train,0.3750383257865906,pdb_00002dqh_H_L
6846,2,train,0.5470132231712341,pdb_00003rhw_G_K
6847,2,train,0.0950063169002533,pdb_00006x3x_J_I
6848,2,train,0.9920604228973389,pdb_00007l5j_W_L
6849,2,train,0.43898773193359375,pdb_00008j8r_D_E
6850,2,train,0.783268928527832,pdb_00009b82_I_G
6851,2,train,1.0344150066375732,pdb_00006p4b_H_L
6852,2,train,0.6265134811401367,pdb_00005dhy_H_L
6853,2,train,0.018064051866531372,pdb_00008xml_S1_S2
6854,2,train,0.04569481685757637,pdb_00004fg6_E_F
6855,2,train,0.0486144945025444,pdb_00006kpf_S1_S2
6856,2,train,0.8911146521568298,pdb_00004gxu_O_P
6857,2,train,1.1109360456466675,pdb_00006fax_H_L
6858,2,train,0.9343841671943665,pdb_00008g5a_J_N
6859,2,train,1.0887460708618164,pdb_00001bvk_E_D
6860,2,train,1.3079237937927246,pdb_00001eo8_H_L
6861,2,train,0.5921792387962341,pdb_00005nhr_H_L
6862,2,train,0.8562507033348083,pdb_00008uzp_H_L
6863,2,train,0.45777568221092224,pdb_00008bg2_C1_C2
6864,2,train,1.0551613569259644,pdb_00008zyf_H_D
6865,2,train,0.5829264521598816,pdb_00008jkh_h_l
6866,2,train,0.9099244475364685,pdb_00009me5_H_L
6867,2,train,0.029515638947486877,pdb_00007na8_N1_N2
6868,2,train,0.506100594997406,pdb_00008dww_X_W
6869,2,train,1.1130037307739258,pdb_00001t03_H_L
6870,2,train,0.05009700730443001,pdb_00008zjg_S1_S2
6871,2,train,1.2132290601730347,pdb_00009oi3_H_L
6872,2,train,0.6848660111427307,pdb_00008uzp_A_B
6873,2,train,0.8436681032180786,pdb_00004hj0_P_Q
6874,2,train,0.8299809694290161,pdb_00009mkn_J_N
6875,2,train,0.0337795615196228,pdb_00007vgz_F1_F2
6876,2,train,0.029109347611665726,pdb_00007vl8_S1_S2
6877,2,train,0.9311078786849976,pdb_00007rxj_A_B
6878,2,train,0.8128122091293335,pdb_00006k7o_B_C
6879,2,train,0.3395269811153412,pdb_00008j24_G1_G2
6880,2,train,0.77265465259552,pdb_00008g5b_I_M
6881,2,train,1.1048524379730225,pdb_00007xrz_H_L
6882,2,train,0.69402676820755,pdb_00001za3_B_A
6883,2,train,0.30071407556533813,pdb_00008elq_H_L
6884,2,train,1.0139038562774658,pdb_00009rip_H_L
6885,2,train,0.014925721101462841,pdb_00008h0q_E1_E2
6886,2,train,0.09876320511102676,pdb_00008uh3_E1_E2
6887,2,train,0.9858241677284241,pdb_00006woz_K_L
6888,2,train,0.033721596002578735,pdb_00008sg1_E1_E2
6889,2,train,0.3184114396572113,pdb_00001ic4_H_L
6890,2,train,0.893617570400238,pdb_00007lfa_B_D
6891,2,train,0.04731075093150139,pdb_00009vmg_S1_S2
6892,2,train,0.5388362407684326,pdb_00007xeg_E_F
6893,2,train,0.5363882780075073,pdb_00001dzb_A1_A2
6894,2,train,0.5409215092658997,pdb_00006w0h_A_B
6895,2,train,0.44078245759010315,pdb_00002qr0_N_M
6896,2,train,1.0031344890594482,pdb_00006n5b_H_L
6897,2,train,0.033779632300138474,pdb_00007yac_S1_S2
6898,2,train,1.6621824502944946,pdb_00009e3l_G_H
6899,2,train,0.02332228794693947,pdb_00008iru_E1_E2
6900,2,train,0.6491332054138184,pdb_00008oz3_A_B
6901,2,train,0.01726405881345272,pdb_00008k4n_E1_E2
6902,2,train,0.5099355578422546,pdb_00007klg_H_L
6903,2,train,1.1685611009597778,pdb_00009cu7_I_M
6904,2,train,0.7570268511772156,pdb_00006h3u_I_M
6905,2,train,0.9447501301765442,pdb_00008i5i_H_L
6906,2,train,1.1969038248062134,pdb_00006jhs_E_D
6907,2,train,0.46816787123680115,pdb_00008tft_I_M
6908,2,train,0.019545845687389374,pdb_00009cgk_E1_E2
6909,2,train,0.47670143842697144,pdb_00006txz_I_M
6910,2,train,0.6188094615936279,pdb_00002eiz_B_A
6911,2,train,0.8871446847915649,pdb_00007det_B1_B2
6912,2,train,0.28441959619522095,pdb_00008u9s_N2_N1
6913,2,train,0.4989238679409027,pdb_00007zf8_H_L
6914,2,train,0.6217897534370422,pdb_00005x8m_B_C
6915,2,train,0.13470333814620972,pdb_00008dd3_K_L
6916,2,train,0.7006877660751343,pdb_00009mqa_H_L
6917,2,train,0.7391252517700195,pdb_00007wh8_B_A
6918,2,train,0.9332000017166138,pdb_00005kov_U1_U2
6919,2,train,0.5109406113624573,pdb_00006yz7_HHH_LLL
6920,2,train,0.840475857257843,pdb_00009h4r_X_Y
6921,2,train,1.1898436546325684,pdb_00006flc_H_L
6922,2,train,0.7530401349067688,pdb_00008ebp_I_M
6923,2,train,1.396945595741272,pdb_00009kve_D_F
6924,2,train,1.6838046312332153,pdb_00008s72_H_L
6925,2,train,0.020534412935376167,pdb_00009jr2_S1_S2
6926,2,train,0.10976995527744293,pdb_00003ze1_E_F
6927,2,train,0.8551862239837646,pdb_00007djz_A_B
6928,2,train,0.4120393395423889,pdb_00006xc4_X_Y
6929,2,train,0.07752565294504166,pdb_00002htl_C_D
6930,2,train,0.61270672082901,pdb_00005xku_C_B
6931,2,train,0.0971347838640213,pdb_00006x40_J_I
6932,2,train,0.23861658573150635,pdb_00008z3q_S1_S2
6933,2,train,1.2104123830795288,pdb_00009mkn_S_T
6934,2,train,1.0511360168457031,pdb_00006wtu_K_L
6935,2,train,0.5811403393745422,pdb_00005nh3_H_L
6936,2,train,0.019850272685289383,pdb_00007f4f_S1_S2
6937,2,train,0.8631065487861633,pdb_00006vja_H_L
6938,2,train,0.747925877571106,pdb_00007ley_H_I
6939,2,train,0.9834804534912109,pdb_00009mtm_M_N
6940,2,train,0.03758988156914711,pdb_00008yn9_E1_E2
6941,2,train,0.4842924475669861,pdb_00007zfe_M_N
6942,2,train,0.08238160610198975,pdb_00008ubi_M2_M1
6943,2,train,0.8068895936012268,pdb_00004dkf_I_M
6944,2,train,0.9760044813156128,pdb_00007shy_K_L
6945,2,train,0.01602974906563759,pdb_00009u4y_S1_S2
6946,2,train,0.05094417557120323,pdb_00002vdk_H_L
6947,2,train,1.2686688899993896,pdb_00001iqd_B_A
6948,2,train,0.7579268217086792,pdb_00007t87_H_L
6949,2,train,0.09758833050727844,pdb_00007mhx_A_B
6950,2,train,0.2388143390417099,pdb_00006w0i_A_B
6951,2,train,0.8728718757629395,pdb_00009ci8_D_C
6952,2,train,1.7019851207733154,pdb_00008v2e_D_E
6953,2,train,1.0447901487350464,pdb_00007l7e_C_D
6954,2,train,0.042779434472322464,pdb_00008zpt_E1_E2
6955,2,train,0.028104810044169426,pdb_00008ykd_S1_S2
6956,2,train,0.4724961221218109,pdb_00006vmk_K_J
6957,2,train,0.2829240560531616,pdb_00001uac_H_L
6958,2,train,0.3495904207229614,pdb_00009ouo_H_L
6959,2,train,0.8823622465133667,pdb_00007zfb_A_B
6960,2,train,0.40917980670928955,pdb_00008wo4_B_A
6961,2,train,0.02013990469276905,pdb_00009jh5_S1_S2
6962,2,train,1.205336332321167,pdb_00008r8k_H_L
6963,2,train,0.8594639301300049,pdb_00008u44_S_T
6964,2,train,0.018709709867835045,pdb_00008hj5_C1_C2
6965,2,train,0.14938496053218842,pdb_00002dqc_H_L
6966,2,train,1.4200940132141113,pdb_00005gs0_F_E
6967,2,train,0.03141487389802933,pdb_00008xxr_S1_S2
6968,2,train,0.7069563269615173,pdb_00004hg4_N_O
6969,2,train,0.03935422748327255,pdb_00008thl_F1_F2
6970,2,train,0.023629283532500267,pdb_00007w53_E1_E2
6971,2,train,0.021289026364684105,pdb_00007wz7_C1_C2
6972,2,train,0.025903621688485146,pdb_00008yuu_S1_S2
6973,2,train,0.08945725113153458,pdb_00006k5f_E_F
6974,2,train,0.8804276585578918,pdb_00008rrn_C_D
6975,2,train,0.7673167586326599,pdb_00009cn2_B1_B2
6976,2,train,0.4091431796550751,pdb_00009ctu_D_C
6977,2,train,0.8113744854927063,pdb_00006osv_H_L
6978,2,train,0.050220172852277756,pdb_00002r9h_C_D
6979,2,train,0.019742656499147415,pdb_00008yn6_E1_E2
6980,2,train,0.015935398638248444,pdb_00008yn2_E1_E2
6981,2,train,0.014328020624816418,pdb_00008e9x_E1_E2
6982,2,train,0.5948665738105774,pdb_00008ulf_K_O
6983,2,train,1.2125955820083618,pdb_00009kvk_H_L
6984,2,train,0.7715327739715576,pdb_00004hj0_C_D
6985,2,train,0.5414482951164246,pdb_00008xse_M_N
6986,2,train,0.7986890077590942,pdb_00005d1z_G_H
6987,2,train,0.02354532852768898,pdb_00008dzp_E1_E2
6988,2,train,1.2651716470718384,pdb_00008eed_H_L
6989,2,train,0.11620377004146576,pdb_00008ihj_S1_S2
6990,2,train,0.883344292640686,pdb_00008suo_I_M
6991,2,train,0.020732717588543892,pdb_00007wv9_S1_S2
6992,2,train,0.06365413963794708,pdb_00007uko_E_F
6993,2,train,0.014424879103899002,pdb_00008uuj_D1_D2
6994,2,train,0.9883757829666138,pdb_00008y3i_G_H
6995,2,train,1.4213775396347046,pdb_00008dwo_H_L
6996,2,train,0.9199181795120239,pdb_00009lsj_D1_E2
6997,2,train,0.041764404624700546,pdb_00009izd_S1_S2
6998,2,train,0.8467686176300049,pdb_00007whz_C_E
6999,2,train,1.263649582862854,pdb_00004kuc_F_E
7000,2,train,0.6869935989379883,pdb_00006wzm_A_B
7001,2,train,0.31069937348365784,pdb_00009ouq_H_L
7002,2,train,0.7535125017166138,pdb_00009bbn_S_T
7003,2,train,1.3530548810958862,pdb_00008jn1_H_L
7004,2,train,0.8781843185424805,pdb_00004ogx_H_L
7005,2,train,0.025076549500226974,pdb_00007f4h_S1_S2
7006,2,train,1.2737244367599487,pdb_00006s3d_H_L
7007,2,train,0.04820810258388519,pdb_00007vig_E1_E2
7008,2,train,0.043589670211076736,pdb_00007p00_H1_H2
7009,2,train,0.015887165442109108,pdb_00007s8m_E1_E2
7010,2,train,0.6267537474632263,pdb_00009l6c_D_F
7011,2,train,0.4930975139141083,pdb_00008smt_H_L
7012,2,train,0.8146834969520569,pdb_00006n5e_H_I
7013,2,train,0.2167525738477707,pdb_00006e0p_M1_M2
7014,2,train,0.38317587971687317,pdb_00006vmk_u_t
7015,2,train,0.029032479971647263,pdb_00008xgm_S1_S2
7016,2,train,0.7759711146354675,pdb_00004f2m_C_D
7017,2,train,0.7329267263412476,pdb_00004hg4_X_Y
7018,2,train,0.8226405382156372,pdb_00007l7e_M_N
7019,2,train,0.5797358155250549,pdb_00007wsi_H_L
7020,2,train,1.0171387195587158,pdb_00006ek2_I1_I2
7021,2,train,0.4151838719844818,pdb_00002qr0_H_G
7022,2,train,0.6471081376075745,pdb_00004okv_A_B
7023,2,train,1.2023284435272217,pdb_00007m7w_A_B
7024,2,train,0.5272278785705566,pdb_00007kmg_D_E
7025,2,train,0.026790430769324303,pdb_00008xgo_D1_D2
7026,2,train,0.0327577143907547,pdb_00007t96_E1_E2
7027,2,train,0.6664450764656067,pdb_00001xiw_H_G
7028,2,train,0.8904160261154175,pdb_00009n8j_B_C
7029,2,train,1.040054440498352,pdb_00005a3i_G_H
7030,2,train,0.020505283027887344,pdb_00008hnk_S1_S2
7031,2,train,0.8410347700119019,pdb_00006ii9_P_Q
7032,2,train,0.39130935072898865,pdb_00006zlr_FFF_GGG
7033,2,train,0.38949084281921387,pdb_000011ol_H_L
7034,2,train,0.7323100566864014,pdb_00009mkn_I_M
7035,2,train,0.6610591411590576,pdb_00008too_B_A
7036,2,train,1.2596696615219116,pdb_00009kyz_A_B
7037,2,train,1.2343016862869263,pdb_00009oea_H_L
7038,2,train,1.598214864730835,pdb_00003h3b_C2_C1
7039,2,train,0.9895193576812744,pdb_00009os5_H_K
7040,2,train,0.878017008304596,pdb_00009b2m_J_K
7041,2,train,0.09503379464149475,pdb_00003nid_E_F
7042,2,train,0.8568980693817139,pdb_00005xmh_H_L
7043,2,train,1.0004467964172363,pdb_00007uvq_C_B
7044,2,train,1.3698382377624512,pdb_00005c0n_H_L
7045,2,train,0.96736079454422,pdb_00002vir_B_A
7046,2,train,0.11839720606803894,pdb_00009v1h_E1_E2
7047,2,train,0.06453090906143188,pdb_00008wrb_E1_E2
7048,2,train,0.011669756844639778,pdb_00009pxv_E1_E2
7049,2,train,0.022839507088065147,pdb_00009l80_S1_S2
7050,2,train,0.9958285689353943,pdb_00009ebc_G_H
7051,2,train,0.029420025646686554,pdb_00008u1u_E1_E2
7052,2,train,0.03510817140340805,pdb_00007kh0_S1_S2
7053,2,train,0.19055403769016266,pdb_00007k61_M2_M1
7054,2,train,0.8041520118713379,pdb_00006wzl_C_D
7055,2,train,0.039639223366975784,pdb_00008t3s_N1_N2
7056,2,train,0.7196958065032959,pdb_00007rxl_H_L
7057,2,train,0.8959462642669678,pdb_00008cxg_G_I
7058,2,train,0.018344750627875328,pdb_00006xox_E1_E2
7059,2,train,0.07706575840711594,pdb_00007k5y_N2_N1
7060,2,train,0.2582082748413086,pdb_00006k5f_C_D
7061,2,train,1.5743913650512695,pdb_00008g5b_J_N
7062,2,train,1.1675666570663452,pdb_00004fp8_I_M
7063,2,train,0.11833756417036057,pdb_00002atk_A_B
7064,2,train,0.9669181704521179,pdb_00007uxl_A_B
7065,2,train,0.9203494787216187,pdb_00007qny_A_B
7066,2,train,0.6967182755470276,pdb_00001dee_D_C
7067,2,train,0.7793771028518677,pdb_00009vft_F_E
7068,2,train,0.5269568562507629,pdb_00008caf_D_C
7069,2,train,0.7675349116325378,pdb_00007zmk_G_H
7070,2,train,1.1135412454605103,pdb_00007mmo_A_B
7071,2,train,0.01134896744042635,pdb_00008j18_S1_S2
7072,2,train,0.766919732093811,pdb_00003u30_C_B
7073,2,train,0.032910723239183426,pdb_00007xav_E1_E2
7074,2,train,0.902777373790741,pdb_00006hjp_K_L
7075,2,train,1.1578763723373413,pdb_00007xj9_K_J
7076,2,train,0.060661450028419495,pdb_00007ukp_E_F
7077,2,train,1.1691696643829346,pdb_00006t9e_HHH_LLL
7078,2,train,0.8481320738792419,pdb_00008eoo_F_K
7079,2,train,0.7511999607086182,pdb_00007c81_H_L
7080,2,train,0.026270626112818718,pdb_00009jkt_S1_S2
7081,2,train,0.9278209805488586,pdb_00007rxi_H_L
7082,2,train,1.169913411140442,pdb_00008zre_H_L
7083,2,train,0.01584203541278839,pdb_00007tuz_E1_E2
7084,2,train,0.8846797943115234,pdb_00007m7w_E_F
7085,2,train,0.6271572709083557,pdb_00008bg3_C1_C2
7086,2,train,1.0837037563323975,pdb_00008sis_H_L
7087,2,train,0.016047056764364243,pdb_00008jlq_S1_S2
7088,2,train,0.5439074039459229,pdb_00009wb3_B_C
7089,2,train,1.0280722379684448,pdb_00001p2c_E_D
7090,2,train,1.3126145601272583,pdb_00006hga_H_L
7091,2,train,1.2279781103134155,pdb_00003bsz_H_L
7092,2,train,0.8324177861213684,pdb_00005wko_E_F
7093,2,train,1.2552000284194946,pdb_00008e8r_H_L
7094,2,train,0.034079745411872864,pdb_00009l79_S1_S2
7095,2,train,0.6343330144882202,pdb_00008vgh_K_L
7096,2,train,1.137765645980835,pdb_00008xa4_C_D
7097,2,train,0.0179489403963089,pdb_00007ew4_S1_S2
7098,2,train,0.020934071391820908,pdb_00009upu_S1_S2
7099,2,train,0.6218375563621521,pdb_00006pe9_E_F
7100,2,train,0.5559940338134766,pdb_00004tnw_W_f
7101,2,train,0.024050427600741386,pdb_00009iza_S1_S2
7102,2,train,0.8577003479003906,pdb_00008y3k_G_H
7103,2,train,0.02220512367784977,pdb_00008jei_S1_S2
7104,2,train,1.0938127040863037,pdb_00008tbq_A_B
7105,2,train,1.1491273641586304,pdb_00008tpa_I_J
7106,2,train,0.11882694810628891,pdb_00008spu_K1_K2
7107,2,train,0.026251861825585365,pdb_00008i9s_H1_H2
7108,2,train,0.9667392373085022,pdb_00007x3c_H_L
7109,2,train,0.03833290934562683,pdb_00009d0a_E1_E2
7110,2,train,1.2726281881332397,pdb_00008bcz_A_B
7111,2,train,0.7170936465263367,pdb_00007lq7_T_U
7112,2,train,1.2789610624313354,pdb_00003qwo_H_L
7113,2,train,0.7597494721412659,pdb_00007f3q_H_L
7114,2,train,0.07788442075252533,pdb_00002vdo_H_L
7115,2,train,0.8258558511734009,pdb_00008hrd_G_H
7116,2,train,0.03140070289373398,pdb_00007wz4_S1_S2
7117,2,train,0.9677948355674744,pdb_00008w5m_H_L
7118,2,train,0.5710791945457458,pdb_00007xj9_I_H
7119,2,train,1.20924711227417,pdb_00009ml8_P_Q
7120,2,train,0.054111555218696594,pdb_00009f34_E1_E2
7121,2,train,0.9554640650749207,pdb_00009lp1_A_B
7122,2,train,0.028652209788560867,pdb_00008z7j_S1_S2
7123,2,train,0.03193477541208267,pdb_00007ydj_E1_E2
7124,2,train,0.8606302738189697,pdb_00009b82_P_O
7125,2,train,0.5248377919197083,pdb_00005aaw_A1_A2
7126,2,train,0.19114774465560913,pdb_00007u0i_K1_K2
7127,2,train,0.01918944902718067,pdb_00008jil_S1_S2
7128,2,train,0.43600910902023315,pdb_00004ioi_B_A
7129,2,train,0.6568330526351929,pdb_00003d9a_H_L
7130,2,train,0.991779625415802,pdb_00007wph_H_L
7131,2,train,0.12291113287210464,pdb_00008jxx_E1_E2
7132,2,train,0.3673616647720337,pdb_00006vmk_V_U
7133,2,train,0.12189885973930359,pdb_00008id9_S1_S2
7134,2,train,0.06917428970336914,pdb_00007tct_E_F
7135,2,train,0.49609652161598206,pdb_00007kfw_C_D
7136,2,train,0.43280136585235596,pdb_00006z2m_H_L
7137,2,train,1.100769281387329,pdb_00009h6u_H_L
7138,2,train,0.2810307741165161,pdb_00009nz4_F_E
7139,2,train,0.07932016998529434,pdb_00002boc_A_B
7140,2,train,1.3268204927444458,pdb_00009mtg_I_J
7141,2,train,0.5544366836547852,pdb_00007ek0_H_L
7142,2,train,0.018532726913690567,pdb_00008xqt_S1_S2
7143,2,train,0.7787603139877319,pdb_00007wvl_H_L
7144,2,train,0.05056944862008095,pdb_00008j23_F1_F2
7145,2,train,1.1725585460662842,pdb_00001qfu_H_L
7146,2,train,0.8328391313552856,pdb_00008w84_A_B
7147,2,train,0.6284647583961487,pdb_00009ccs_C_B
7148,2,train,0.9955145120620728,pdb_00007uvi_A_B
7149,2,train,0.4775005280971527,pdb_00007k9z_H_L
7150,2,train,1.337644100189209,pdb_00004ut6_H_L
7151,2,train,0.8396015763282776,pdb_00007m42_B_A
7152,2,train,0.3060183823108673,pdb_00006vmk_M_L
7153,2,train,0.10171595960855484,pdb_00006e0c_M1_M2
7154,2,train,1.0813714265823364,pdb_00007lf7_A_B
7155,2,train,1.2316040992736816,pdb_00002vxq_H_L
7156,2,train,1.1649887561798096,pdb_00008tea_F_I
7157,2,train,0.7699390649795532,pdb_00005ugy_H_L
7158,2,train,0.6063178181648254,pdb_00008jkf_m_n
7159,2,train,0.7165108919143677,pdb_00008vgk_F_E
7160,2,train,1.157760500907898,pdb_00007yh6_H_L
7161,2,train,0.4739035964012146,pdb_00009oun_H_L
7162,2,train,0.7117385864257812,pdb_00007dk2_D_E
7163,2,train,0.5169515609741211,pdb_00008smt_I_J
7164,2,train,0.8916884660720825,pdb_00006wtu_H_I
7165,2,train,0.3308354616165161,pdb_00003rif_G_K
7166,2,train,0.9880948662757874,pdb_00008jqs_h_l
7167,2,train,0.1712397187948227,pdb_00006x3v_K_L
7168,2,train,0.03975345194339752,pdb_00007f2o_S1_S2
7169,2,train,0.038567058742046356,pdb_00008g59_S1_S2
7170,2,train,0.7463889718055725,pdb_00003c09_H_L
7171,2,train,1.2717199325561523,pdb_00009xth_B_C
7172,2,train,0.2948293089866638,pdb_00004tnw_U_h
7173,2,train,0.8071260452270508,pdb_00007f15_B1_B2
7174,2,train,1.805118441581726,pdb_00009lbw_H_L
7175,2,train,1.171708106994629,pdb_00009e3k_J_K
7176,2,train,1.4084522724151611,pdb_00006ivz_H_L
7177,2,train,1.0595752000808716,pdb_00002ybr_G_H
7178,2,train,0.4427891969680786,pdb_00007mzh_H_L
7179,2,train,0.9955747723579407,pdb_00008z6x_B_C
7180,2,train,0.06952475756406784,pdb_00008x2k_E1_E2
7181,2,train,1.3171113729476929,pdb_00007s11_H_L
7182,2,train,0.6880984306335449,pdb_00007zmk_M_N
7183,2,train,0.7557241916656494,pdb_00007bbj_H_L
7184,2,train,1.0349730253219604,pdb_00009cq7_H_I
7185,2,train,0.029210278764367104,pdb_00009w6w_E1_E2
7186,2,train,0.05226097255945206,pdb_00008gur_S1_S2
7187,2,train,0.11410810798406601,pdb_00008ejk_E1_E2
7188,2,train,1.0078892707824707,pdb_00008gpu_H_L
7189,2,train,2.0845446586608887,pdb_00005i9q_B_C
7190,2,train,0.8224121928215027,pdb_00007deu_B1_B2
7191,2,train,0.21240858733654022,pdb_00003f7y_A_B
7192,2,train,0.0437726192176342,pdb_00008jef_S1_S2
7193,2,train,0.09627116471529007,pdb_00003ze2_H_L
7194,2,train,0.033601026982069016,pdb_00007vdl_S1_S2
7195,2,train,0.6819146871566772,pdb_00001kip_B_A
7196,2,train,0.8746578097343445,pdb_00006n5d_E_F
7197,2,train,0.02699214778840542,pdb_00007e9g_D1_D2
7198,2,train,0.6698172688484192,pdb_00003rif_I_O
7199,2,train,0.9919196367263794,pdb_00009n4e_Q_P
7200,2,train,0.5225455164909363,pdb_00007xei_E_F
7201,2,train,0.7219999432563782,pdb_00006vvu_E_F
7202,2,train,0.10884208977222443,pdb_00008dd2_K_L
7203,2,train,0.9476160407066345,pdb_00006u6u_H_L
7204,2,train,0.5653855800628662,pdb_00007whz_H_L
7205,2,train,0.6309643983840942,pdb_00002i9l_D_C
7206,2,train,0.4092237651348114,pdb_00006zh9_HHH_LLL
7207,2,train,0.13082659244537354,pdb_00006x3v_J_I
7208,2,train,0.28526508808135986,pdb_00006vmk_l_k
7209,2,train,0.06262369453907013,pdb_00007ucy_E_F
7210,2,train,0.25186288356781006,pdb_00006vmk_c_b
7211,2,train,0.0229922104626894,pdb_00009jr3_S1_S2
7212,2,train,1.175762414932251,pdb_00004hg4_Z_z
7213,2,train,1.1534550189971924,pdb_00005e94_D_C
7214,2,train,0.06601182371377945,pdb_00008hqn_H1_H2
7215,2,train,0.9838191866874695,pdb_00006wm9_B_C
7216,2,train,0.051133979111909866,pdb_00009j0b_S1_S2
7217,2,train,1.2332574129104614,pdb_00008jeo_E_F
7218,2,train,1.0171551704406738,pdb_00007v3g_I_M
7219,2,train,0.021237965673208237,pdb_00007t10_S1_S2
7220,2,train,0.5908017158508301,pdb_00002dd8_H_L
7221,2,train,0.925551176071167,pdb_00006ban_B_A
7222,2,train,0.6075609922409058,pdb_00002jix_D_G
7223,2,train,1.0550042390823364,pdb_00007mzj_H_L
7224,2,train,0.5179139375686646,pdb_00008vgk_J_I
7225,2,train,0.8516182899475098,pdb_00007kn3_M_N
7226,2,train,0.6138181686401367,pdb_00009n8j_F_G
7227,2,train,0.041653718799352646,pdb_00009m55_S1_S2
7228,2,train,0.06899352371692657,pdb_00007tmz_E_F
7229,2,train,0.8675041794776917,pdb_00009b2m_H_L
7230,2,train,0.9342734813690186,pdb_00002yc1_A_B
7231,2,train,1.3324655294418335,pdb_00008hrd_C_E
7232,2,train,0.1419243961572647,pdb_00008evh_M1_M2
7233,2,train,0.6903497576713562,pdb_00005jz7_G_I
7234,2,train,0.8261372447013855,pdb_00003v6z_A_B
7235,2,train,0.025598445907235146,pdb_00008ia7_E1_E2
7236,2,train,0.8345436453819275,pdb_00008dis_B_G
7237,2,train,0.10616695135831833,pdb_00009kt7_E1_E2
7238,2,train,0.4794577658176422,pdb_00007xeg_C_D
7239,2,train,0.9285652041435242,pdb_00006ww5_E_F
7240,2,train,0.38564804196357727,pdb_00002qr0_R_Q
7241,2,train,1.315833568572998,pdb_00009mtk_I_J
7242,2,train,1.037424087524414,pdb_00007scn_J_K
7243,2,train,0.3356093168258667,pdb_00002dqf_E_D
7244,2,train,0.050125204026699066,pdb_00009ydu_E1_E2
7245,2,train,1.006645679473877,pdb_00008khd_H_J
7246,2,train,0.7951333522796631,pdb_00008dcc_H_L
7247,2,train,1.19412100315094,pdb_00008e8s_H_L
7248,2,train,0.6803461909294128,pdb_00009huo_C_D
7249,2,train,0.02733270637691021,pdb_00009o36_E1_E2
7250,2,train,0.0204358771443367,pdb_00009w49_S1_S2
7251,2,train,0.03739108890295029,pdb_00007ezm_H1_H2
7252,2,train,0.8157161474227905,pdb_00008oxx_B_C
7253,2,train,0.3819086253643036,pdb_00009ouq_J_K
7254,2,train,0.015027809888124466,pdb_00009vjg_E1_E2
7255,2,train,0.7634665966033936,pdb_00007lfa_H_L
7256,2,train,0.023539932444691658,pdb_00008jgg_S1_S2
7257,2,train,0.0389460064470768,pdb_00009jkx_S1_S2
7258,2,train,0.0673656314611435,pdb_00008syp_M1_M2
7259,2,train,0.9859389066696167,pdb_00006bpa_E_F
7260,2,train,1.2034506797790527,pdb_00008p5m_G_L
7261,2,train,0.8377283215522766,pdb_00008zdw_F_E
7262,2,train,0.4540546238422394,pdb_00008vgj_H_G
7263,2,train,0.12168475240468979,pdb_00002fed_C_D
7264,2,train,0.8102437257766724,pdb_00007mem_G_J
7265,2,train,0.736137330532074,pdb_00004ma8_H_L
7266,2,train,1.38729727268219,pdb_00008w0y_A_B
7267,2,train,0.2861177921295166,pdb_00009nz3_D_C
7268,2,train,0.7653748393058777,pdb_00008go8_I_M
7269,2,train,0.4476432502269745,pdb_00006b3s_C_D
7270,2,train,0.027330126613378525,pdb_00007xa3_E1_E2
7271,2,train,0.04814508184790611,pdb_00007ukt_E_F
7272,2,train,0.4450747072696686,pdb_00001nby_B_A
7273,2,train,0.015134421177208424,pdb_00008xbe_S1_S2
7274,2,train,0.024707358330488205,pdb_00009lr1_S1_S2
7275,2,train,0.058197107166051865,pdb_00007ue0_E_F
7276,2,train,1.319262981414795,pdb_00004ubd_O_P
7277,2,train,0.5592191815376282,pdb_00007vag_H_L
7278,2,train,0.020952150225639343,pdb_00007y15_S1_S2
7279,2,train,0.5339257717132568,pdb_00009cia_D_C
7280,2,train,0.06282509863376617,pdb_00008ubl_M2_M1
7281,2,train,0.056200724095106125,pdb_00009p0m_F1_F2
7282,2,train,0.7676727175712585,pdb_00007u9e_B1_B2
7283,2,train,0.845073401927948,pdb_00007kzb_H_L
7284,2,train,0.6353113651275635,pdb_00008xse_H_L
7285,2,train,0.5915300250053406,pdb_00009me6_I_M
7286,2,train,0.009672243148088455,pdb_00009ll7_S1_S2
7287,2,train,0.6734774112701416,pdb_00009bao_E_F
7288,2,train,1.017138123512268,pdb_00009bdi_C_D
7289,2,train,0.05758526176214218,pdb_00004fg6_C_D
7290,2,train,1.6578112840652466,pdb_00006cvk_B2_B1
7291,2,train,0.5452429056167603,pdb_00008tui_H_L
7292,2,train,1.0671110153198242,pdb_00006wtv_K_L
7293,2,train,0.061906926333904266,pdb_00003t3m_E_F
7294,2,train,0.14473383128643036,pdb_00004lcu_A_B
7295,2,train,0.706147313117981,pdb_00006a3w_A_B
7296,2,train,0.04372614622116089,pdb_00003t3p_E_F
7297,2,train,0.5481464862823486,pdb_00009lbs_D_C
7298,2,train,0.09876258671283722,pdb_00007cvt_E_F
7299,2,train,1.1219247579574585,pdb_00004lvh_E_F
7300,2,train,0.03827137127518654,pdb_00006k41_H1_H2
7301,2,train,0.9718083143234253,pdb_00007zoz_H_L
7302,2,train,1.1687896251678467,pdb_00007kqh_C_D
7303,2,train,0.10064089298248291,pdb_00009vmp_S1_S2
7304,2,train,0.02963811345398426,pdb_00008irs_E1_E2
7305,2,train,1.0764284133911133,pdb_00009oar_H_L
7306,2,train,0.5718556642532349,pdb_00007m6d_H_L
7307,2,train,1.0460327863693237,pdb_00008cii_A_B
7308,2,train,0.32055291533470154,pdb_00009zqa_I2_I1
7309,2,train,0.07539810985326767,pdb_00003det_C_D
7310,2,train,0.9322130084037781,pdb_00007ycn_C_D
7311,2,train,1.3346210718154907,pdb_00008tp5_J_K
7312,2,train,0.3595481216907501,pdb_00008wo4_D_C
7313,2,train,1.284606695175171,pdb_00002zck_H_L
7314,2,train,0.3209851384162903,pdb_00006w0j_A_B
7315,2,train,0.7466006875038147,pdb_00008dis_A_C
7316,2,train,0.763200044631958,pdb_00004gxu_W_X
7317,2,train,1.2167103290557861,pdb_00005w3m_E_G
7318,2,train,0.7870045900344849,pdb_00007chc_A_B
7319,2,train,0.7997530698776245,pdb_00002bdn_H_L
7320,2,train,0.8854607343673706,pdb_00008yx9_G_I
7321,2,train,0.9234117269515991,pdb_00002vit_B_A
7322,2,train,0.45867809653282166,pdb_00008vgj_J_I
7323,2,train,1.1335171461105347,pdb_00008zd6_E_F
7324,2,train,0.6998957991600037,pdb_00007lq7_y_z
7325,2,train,0.01255887933075428,pdb_00008xjk_E1_E2
7326,2,train,0.9779163599014282,pdb_00005w3l_E_G
7327,2,train,1.0792367458343506,pdb_00007ykj_A_D
7328,2,train,0.9725215435028076,pdb_00009azv_H_L
7329,2,train,0.973052978515625,pdb_00008cxg_h_l
7330,2,train,0.2705654799938202,pdb_00009ouo_J_K
7331,2,train,0.565523087978363,pdb_00004ttd_H_L
7332,2,train,0.06126623973250389,pdb_00002htk_E_F
7333,2,train,0.5420235991477966,pdb_00008dww_H_L
7334,2,train,1.0968104600906372,pdb_00007mxl_A_B
7335,2,train,0.8679032921791077,pdb_00007quh_H_L
7336,2,train,0.5485014915466309,pdb_00009zqc_J2_J1
7337,2,train,0.827221691608429,pdb_00007wur_E_F
7338,2,train,0.018803616985678673,pdb_00007t6s_E1_E2
7339,2,train,0.8133383393287659,pdb_00008dxt_H_L
7340,2,train,0.8437426090240479,pdb_00003fku_T1_T2
7341,2,train,0.48951664566993713,pdb_00007qez_E_F
7342,2,train,1.1097781658172607,pdb_00008ygs_H_L
7343,2,train,1.0127061605453491,pdb_00007yds_B_C
7344,2,train,0.9461057782173157,pdb_00007t0z_H_L
7345,2,train,0.8387123346328735,pdb_00008tx3_H_L
7346,2,train,0.02769976668059826,pdb_00009k27_D1_D2
7347,2,train,0.7979481220245361,pdb_00009dm0_C_D
7348,2,train,0.7510665059089661,pdb_00007bwj_H_L
7349,2,train,0.929183840751648,pdb_00007l5j_Y_X
7350,2,train,0.17413488030433655,pdb_00009iv6_S1_S2
7351,2,train,1.1689809560775757,pdb_00008dwy_X_W
7352,2,train,0.25130507349967957,pdb_00008sgo_K_L
7353,2,train,1.0259263515472412,pdb_00007w71_I_M
7354,2,train,0.8406296372413635,pdb_00007m7w_C_D
7355,2,train,0.137361079454422,pdb_00004z7q_E_F
7356,2,train,0.8952637910842896,pdb_00008hrd_D_F
7357,2,train,0.7220547199249268,pdb_00009cia_B_A
7358,2,train,0.09685447067022324,pdb_00002vdp_H_L
7359,2,train,0.9731044173240662,pdb_00007fcp_H_L
7360,2,train,0.9344295263290405,pdb_00006woz_E_F
7361,2,train,0.04743250831961632,pdb_00002htl_E_F
7362,2,train,0.02338106371462345,pdb_00007aue_S1_S2
7363,2,train,0.03491320088505745,pdb_00007wig_S1_S2
7364,2,train,0.015736404806375504,pdb_00008hnl_S1_S2
7365,2,train,1.4302853345870972,pdb_00006wex_H_L
7366,2,train,0.41036951541900635,pdb_00008vgk_K_L
7367,2,train,0.01684679090976715,pdb_00007ew2_S1_S2
7368,2,train,0.07549194246530533,pdb_00008iys_E1_E2
7369,2,train,0.9945091009140015,pdb_00007t3d_P_R
7370,2,train,0.8477628827095032,pdb_00009b82_R_Q
7371,2,train,0.008977346122264862,pdb_00008jz7_S1_S2
7372,2,train,0.3716343343257904,pdb_00008cwv_H_L
7373,2,train,0.023178327828645706,pdb_00009jeq_S1_S2
7374,2,train,1.0071299076080322,pdb_00006ejg_D2_D1
7375,2,train,0.5386220812797546,pdb_00003ri5_I_O
7376,2,train,1.1586195230484009,pdb_00007y0w_A_B
7377,2,train,0.010111883282661438,pdb_00009jh6_S1_S2
7378,2,train,0.8884713053703308,pdb_00009ds1_H_L
7379,2,train,1.0785895586013794,pdb_00009mtj_I_J
7380,2,train,1.633245825767517,pdb_00005tfw_H_L
7381,2,train,0.12103843688964844,pdb_00008iec_N1_N2
7382,2,train,0.6579891443252563,pdb_00006cyf_F_E
7383,2,train,1.295432209968567,pdb_00008w5f_H_L
7384,2,train,0.04419543594121933,pdb_00008hqm_H1_H2
7385,2,train,0.01352378074079752,pdb_00008yn7_E1_E2
7386,2,train,0.6311476826667786,pdb_00008oz3_H_L
7387,2,train,1.0267254114151,pdb_00007zwi_E_F
7388,2,train,1.1021045446395874,pdb_00006suz_H_L
7389,2,train,0.012495547533035278,pdb_00007x2v_E1_E2
7390,2,train,0.1310022920370102,pdb_00007k78_L1_L2
7391,2,train,1.1173814535140991,pdb_00009oap_H_L
7392,2,train,0.7793387770652771,pdb_00003sob_H_L
7393,2,train,0.06921634823083878,pdb_00006ad8_E_F
7394,2,train,0.813289999961853,pdb_00008y3h_I_J
7395,2,train,0.655114471912384,pdb_00007dpm_A_B
7396,2,train,0.7649015784263611,pdb_00007fci_H_L
7397,2,train,0.015764212235808372,pdb_00009v81_E1_E2
7398,2,train,0.5184271335601807,pdb_00009k6j_A_B
7399,2,train,0.5172192454338074,pdb_00008caf_B_A
7400,2,train,0.04734055697917938,pdb_00008efb_E1_E2
7401,2,train,1.2073415517807007,pdb_00009oi3_M_N
7402,2,train,0.7562102675437927,pdb_00008vgm_H_L
7403,2,train,0.8605625033378601,pdb_00005w3o_D_E
7404,2,train,0.03186387941241264,pdb_00008wwi_E1_E2
7405,2,train,0.89577716588974,pdb_00009lf8_H_L
7406,2,train,1.1515392065048218,pdb_00008p12_H_L
7407,2,train,0.6628761887550354,pdb_00007d6i_B_C
7408,2,train,0.7592914700508118,pdb_00006vja_I_M
7409,2,train,1.026121973991394,pdb_00006oc3_C_D
7410,2,train,0.6315480470657349,pdb_00007t3d_J_M
7411,2,train,0.012372046709060669,pdb_00008jgf_E1_E2
7412,2,train,0.7208020687103271,pdb_00007zmk_V_W
7413,2,train,0.7681227326393127,pdb_00006ban_F_E
7414,2,train,0.7136152982711792,pdb_00006xq2_C_B
7415,2,train,0.5807255506515503,pdb_00007mem_I_K
7416,2,train,0.721126139163971,pdb_00006vgr_C_D
7417,2,train,0.05158817395567894,pdb_00009kug_H1_H2
7418,2,train,0.020161239430308342,pdb_00008ghv_S1_S2
7419,2,train,0.5310280919075012,pdb_00005cbe_C_D
7420,2,train,0.7589717507362366,pdb_00005ggt_H_L
7421,2,train,0.01571909338235855,pdb_00008xjm_E1_E2
7422,2,train,0.027328887954354286,pdb_00008e9y_E1_E2
7423,2,train,0.8800073266029358,pdb_00007ahu_H_L
7424,2,train,0.019402358680963516,pdb_00009le0_S1_S2
7425,2,train,0.7755309343338013,pdb_00007x6o_I_K
7426,2,train,0.018641820177435875,pdb_00006lfo_S1_S2
7427,2,train,0.6979077458381653,pdb_00003v4v_M_N
7428,2,train,0.29562434554100037,pdb_00009zqb_I2_I1
7429,2,train,0.011185675859451294,pdb_00008z3m_S1_S2
7430,2,train,0.9717345237731934,pdb_00009t5z_H_L
7431,2,train,0.01925964280962944,pdb_00008kfy_S1_S2
7432,2,train,1.063714623451233,pdb_00008hq7_H_L
7433,2,train,0.8552868962287903,pdb_00005kov_K1_K2
7434,2,train,0.5675407648086548,pdb_00008hn6_C_D
7435,2,train,0.8119955062866211,pdb_00006oc3_A_B
7436,2,train,0.02011619694530964,pdb_00007yk6_S1_S2
7437,2,train,0.48798036575317383,pdb_00008f2j_I_J
7438,2,train,0.14610818028450012,pdb_00007k5x_N2_N1
7439,2,train,0.035786665976047516,pdb_00008x17_H1_H2
7440,2,train,0.9668360948562622,pdb_00008cbf_H_L
7441,2,train,0.7778729796409607,pdb_00009iz9_S_T
7442,2,train,0.9423550963401794,pdb_00002w9e_H_L
7443,2,train,0.7124626040458679,pdb_00009vfu_E_F
7444,2,train,0.8570143580436707,pdb_00009q71_K_L
7445,2,train,0.010847295634448528,pdb_00008y01_S1_S2
7446,2,train,0.027301697060465813,pdb_00009m1o_S1_S2
7447,2,train,0.6135608553886414,pdb_00007dpm_J_K
7448,2,train,0.6203180551528931,pdb_00008jio_C_B
7449,2,train,0.6513985395431519,pdb_00004m62_H_L
7450,2,train,0.09090552479028702,pdb_00003nif_E_F
7451,2,train,0.1626952588558197,pdb_00008vrn_K_L
7452,2,train,0.02478097379207611,pdb_00009b5y_N1_N2
7453,2,train,0.010393893346190453,pdb_00009vmy_E1_E2
7454,2,train,0.877671480178833,pdb_00007yrh_F_E
7455,2,train,0.03815308213233948,pdb_00008xxz_S1_S2
7456,2,train,1.1811152696609497,pdb_00009rim_H_L
7457,2,train,0.032577477395534515,pdb_00007ykd_S1_S2
7458,2,train,0.6844414472579956,pdb_00003fku_Y1_Y2
7459,2,train,0.5748910307884216,pdb_00008eqf_H_L
7460,2,train,0.7998589277267456,pdb_00009f91_E_F
7461,2,train,1.2202527523040771,pdb_00009leo_C_D
7462,2,train,0.8305373191833496,pdb_00007sd5_H_L
7463,2,train,0.6123717427253723,pdb_00009n4f_M_N
7464,2,train,0.33062544465065,pdb_00009nz5_F_E
7465,2,train,0.37518733739852905,pdb_00004tnw_G_K
7466,2,train,0.21117965877056122,pdb_00009ge2_F1_F2
7467,2,train,0.67324298620224,pdb_00008xsj_H_L
7468,2,train,0.014902790077030659,pdb_00009iqt_E1_E2
7469,2,train,0.4227498471736908,pdb_00007f6z_H_L
7470,2,train,0.5165773630142212,pdb_00006j6y_E_F
7471,2,train,0.6618301272392273,pdb_00006iap_E_D
7472,2,train,0.027891939505934715,pdb_00007exd_E1_E2
7473,2,train,0.24618583917617798,pdb_00003a6b_H_L
7474,2,train,0.3588130474090576,pdb_00006txz_J_N
7475,2,train,0.04730609059333801,pdb_00008wwh_E1_E2
7476,2,train,0.9312933087348938,pdb_00008dwy_Z_Y
7477,2,train,1.3130834102630615,pdb_00004f37_H_L
7478,2,train,1.5061661005020142,pdb_00009kvk_A_B
7479,2,train,0.03143911808729172,pdb_00008e9z_E1_E2
7480,2,train,0.029798366129398346,pdb_00007yk7_S1_S2
7481,2,train,0.5511093139648438,pdb_00008too_H_E
7482,2,train,0.745570719242096,pdb_00008sit_M_N
7483,2,train,1.0978575944900513,pdb_00001tqc_B_C
7484,2,train,1.312901258468628,pdb_00009jub_B_C
7485,2,train,0.5947955250740051,pdb_00009lrh_H_L
7486,2,train,0.0225815586745739,pdb_00008xor_E1_E2
7487,2,train,1.297600507736206,pdb_00006gff_N_M
7488,2,train,0.21309414505958557,pdb_00001ic5_H_L
7489,2,train,0.5365510582923889,pdb_00005x8l_H_M
7490,2,train,0.5711187124252319,pdb_00006kyz_B_C
7491,2,train,0.6245322227478027,pdb_00007ws2_E_D
7492,2,train,0.47266021370887756,pdb_00007cjf_A_B
7493,2,train,1.1463123559951782,pdb_00008e8z_H_L
7494,2,train,0.13906998932361603,pdb_00008ubl_N2_N1
7495,2,train,1.1014896631240845,pdb_00002x7l_G_I
7496,2,train,1.0432145595550537,pdb_00007cqd_H_L
7497,2,train,0.01968696340918541,pdb_00008kfz_S1_S2
7498,2,train,1.0837628841400146,pdb_00007t82_H_L
7499,2,train,1.1280031204223633,pdb_00008v52_D_C
7500,2,train,0.37270456552505493,pdb_00008hws_H_L
7501,2,train,1.2560465335845947,pdb_00003lh2_K_O
7502,2,train,0.8431643843650818,pdb_00009ebc_I_J
7503,2,train,0.8597042560577393,pdb_00008gv6_I_J
7504,2,train,0.6190292835235596,pdb_00007zmk_J_K
7505,2,train,0.02959245815873146,pdb_00008z9p_S1_S2
7506,2,train,0.8642277121543884,pdb_00007y3o_H_L
7507,2,train,1.1644384860992432,pdb_00007c88_A_B
7508,2,train,0.9861480593681335,pdb_00008fhy_H_L
7509,2,train,0.07462312281131744,pdb_00003nig_H_L
7510,2,train,0.420125812292099,pdb_00008vgk_H_G
7511,2,train,0.5960389971733093,pdb_00008bg3_A1_A2
7512,2,train,0.5766258835792542,pdb_00001kiq_B_A
7513,2,train,0.3986845910549164,pdb_00006vmk_E_D
7514,2,train,1.0041230916976929,pdb_00002r29_H_L
7515,2,train,0.021741561591625214,pdb_00009upv_S1_S2
7516,2,train,0.017002103850245476,pdb_00008jbh_E1_E2
7517,2,train,0.7613093256950378,pdb_00006gku_H_L
7518,2,train,0.8477312922477722,pdb_00008u4s_H_L
7519,2,train,0.8922799229621887,pdb_00008y3l_G_H
7520,2,train,0.03786603361368179,pdb_00008wwk_E1_E2
7521,2,train,0.03674512356519699,pdb_00007xat_E1_E2
7522,2,train,0.5402282476425171,pdb_00009pw4_C_D
7523,2,train,0.7840706706047058,pdb_00008cxh_h_l
7524,2,train,0.4078943729400635,pdb_00008as0_T_S
7525,2,train,0.04467082768678665,pdb_00007w40_H1_H2
7526,2,train,0.11154066026210785,pdb_00008si9_K_L
7527,2,train,0.030610807240009308,pdb_00009ejc_D1_D2
7528,2,train,0.7716213464736938,pdb_00007jx3_C_D
7529,2,train,0.6001428961753845,pdb_00004dn4_H_L
7530,2,train,0.03600670397281647,pdb_00009kxs_H1_H2
7531,2,train,0.7901809215545654,pdb_00007n0u_H_L
7532,2,train,0.03266717493534088,pdb_00009ipv_S1_S2
7533,2,train,0.7501807808876038,pdb_00007rk2_D1_D2
7534,2,train,0.21761009097099304,pdb_00003fb6_A_B
7535,2,train,0.3030267655849457,pdb_00003rif_H_L
7536,2,train,0.6082437038421631,pdb_00009ue0_A_B
7537,2,train,1.067490577697754,pdb_00007wcr_a_b
7538,2,train,0.33104535937309265,pdb_00008vgi_H_G
7539,2,train,1.2198396921157837,pdb_00009e60_H_L
7540,2,train,0.02923596277832985,pdb_00009jkv_S1_S2
7541,2,train,0.10928361117839813,pdb_00001r3k_B_A
7542,2,train,0.5074006915092468,pdb_00007zf9_H_L
7543,2,train,0.8232424855232239,pdb_00007l0l_G_J
7544,2,train,0.0446927510201931,pdb_00008j6d_H1_H2
7545,2,train,0.2549995183944702,pdb_00008vgj_F_E
7546,2,train,0.013008351437747478,pdb_00009b54_S1_S2
7547,2,train,0.7520154118537903,pdb_00004kht_H_L
7548,2,train,0.3089422881603241,pdb_00008elo_H_L
7549,2,train,0.6173941493034363,pdb_00008j7e_C_D
7550,2,train,0.036437734961509705,pdb_00008kgg_E1_E2
7551,2,train,0.4427592158317566,pdb_00007yck_E_F
7552,2,train,1.2278203964233398,pdb_00009rii_H_L
7553,2,train,0.13126420974731445,pdb_00007e33_E1_E2
7554,2,train,0.4353812634944916,pdb_00007mzk_F_E
7555,2,train,0.13891856372356415,pdb_00008sid_J_I
7556,2,train,0.03400725871324539,pdb_00008xjo_E1_E2
7557,2,train,0.26471543312072754,pdb_00002dqd_H_L
7558,2,train,0.8910183906555176,pdb_00009qub_F_E
7559,2,train,1.2034177780151367,pdb_00009m7v_H_L
7560,2,train,0.025703933089971542,pdb_00006xbm_S1_S2
7561,2,train,1.1918939352035522,pdb_00006wty_H_I
7562,2,train,0.04683775454759598,pdb_00001otu_E_F
7563,2,train,0.015768667683005333,pdb_00008xxu_E1_E2
7564,2,train,0.0490545816719532,pdb_00008xos_E1_E2
7565,2,train,0.5126218795776367,pdb_00006b9y_B_A
7566,2,train,0.045248981565237045,pdb_00008x16_H1_H2
7567,2,train,0.7218290567398071,pdb_00007sco_J_K
7568,2,train,0.026106076315045357,pdb_00009l42_E1_E2
7569,2,train,1.2122187614440918,pdb_00009oi3_I_J
7570,2,train,0.5774964094161987,pdb_00005yoy_R_O
7571,2,train,0.06837604939937592,pdb_00007u0g_O1_O2
7572,2,train,0.018186816945672035,pdb_00008jim_S1_S2
7573,2,train,0.7470521330833435,pdb_00008w83_E_F
7574,2,train,0.013581037521362305,pdb_00009ydv_E1_E2
7575,2,train,0.771752655506134,pdb_00009q5v_K_J
7576,2,train,0.6221119165420532,pdb_00007eam_C_D
7577,2,train,0.6674525141716003,pdb_00009hh9_I_H
7578,2,train,0.7359667420387268,pdb_00009q7b_J_K
7579,2,train,0.7833085060119629,pdb_00008kdt_H_L
7580,2,train,0.7351224422454834,pdb_00005x8l_S_N
7581,2,train,0.6164680123329163,pdb_00004odx_A_L
7582,2,train,0.8206517100334167,pdb_00005xmh_D_C
7583,2,train,0.847723662853241,pdb_00008v5v_c_e
7584,2,train,0.06195398047566414,pdb_00008evg_N1_N2
7585,2,train,0.02616068162024021,pdb_00008y71_E1_E2
7586,2,train,0.3620586693286896,pdb_00006yz7_BBB_CCC
7587,2,train,0.01319260336458683,pdb_00009ldv_S1_S2
7588,2,train,0.69865882396698,pdb_00007sk8_D_C
7589,2,train,0.017770841717720032,pdb_00006omm_E1_E2
7590,2,train,1.2898095846176147,pdb_00005hbv_D_C
7591,2,train,0.602196455001831,pdb_00001tzh_H_L
7592,2,train,1.030136227607727,pdb_00004khx_H_L
7593,2,train,0.11423412710428238,pdb_00003ze2_E_F
7594,2,train,1.0982227325439453,pdb_00007n0a_B_A
7595,2,train,1.1955636739730835,pdb_00005mo9_H_L
7596,2,train,0.5816613435745239,pdb_00008uwz_A_B
7597,2,train,0.6823431849479675,pdb_00006dkj_A_B
7598,2,train,0.026097960770130157,pdb_00009jmd_E1_E2
7599,2,train,0.29224562644958496,pdb_00003a6c_H_L
7600,2,train,0.7647268772125244,pdb_00003rhw_F_N
7601,2,train,0.6869522333145142,pdb_00003nh7_I_M
7602,2,train,1.561594009399414,pdb_00007rco_F_E
7603,2,train,0.6071146130561829,pdb_00008jqs_H_L
7604,2,train,0.025164863094687462,pdb_00007w56_E1_E2
7605,2,train,0.9864153265953064,pdb_00009qt3_N_O
7606,2,train,1.2729791402816772,pdb_00006glx_C_D
7607,2,train,1.710250973701477,pdb_00009n5i_H_L
7608,2,train,0.7082335948944092,pdb_00007mzn_H_L
7609,2,train,0.014646951109170914,pdb_00007t6u_E1_E2
7610,2,train,0.8684532642364502,pdb_00007ycn_K_L
7611,2,train,0.7698890566825867,pdb_00007ua8_I1_I2
7612,2,train,1.170937418937683,pdb_00008da1_B_A
7613,2,train,0.7490732669830322,pdb_00009jbq_A_B
7614,2,train,0.05654922500252724,pdb_00008wwm_E1_E2
7615,2,train,0.08760151267051697,pdb_00007vif_E1_E2
7616,2,train,1.063239574432373,pdb_00006wds_H_L
7617,2,train,0.9265337586402893,pdb_00005h35_H_I
7618,2,train,1.141396164894104,pdb_00008gsc_H_L
7619,2,train,0.01953134872019291,pdb_00009kvi_E1_E2
7620,2,train,0.7014271020889282,pdb_00006pe9_C_D
7621,2,train,1.141101598739624,pdb_00008e8y_H_L
7622,2,train,1.5383795499801636,pdb_00009e89_H_L
7623,2,train,1.2115228176116943,pdb_00008dwo_S_T
7624,2,train,0.30778104066848755,pdb_00007cvs_C_D
7625,2,train,0.6585143804550171,pdb_00004ma7_H_L
7626,2,train,0.01746857538819313,pdb_00008irt_E1_E2
7627,2,train,0.5817405581474304,pdb_00007sk7_D_C
7628,2,train,0.9519273042678833,pdb_00007c88_H_L
7629,2,train,1.184476375579834,pdb_00009ma7_D_E
7630,2,train,0.5624881386756897,pdb_00008zyt_D_Q
7631,2,train,0.5740715861320496,pdb_00009cpr_H_L
7632,2,train,0.018241221085190773,pdb_00007y12_S1_S2
7633,2,train,0.7838393449783325,pdb_00009wsx_H_L
7634,2,train,0.7024440169334412,pdb_00007ubs_J1_J2
7635,2,train,0.9138370752334595,pdb_00007xrz_B_A
7636,2,train,1.2718288898468018,pdb_00005dur_B_D
7637,2,train,1.263085126876831,pdb_00009mkn_O_P
7638,2,train,0.7956221103668213,pdb_00007ttm_H_L
7639,2,train,1.2150286436080933,pdb_00006xxv_A_B
7640,2,train,0.757277250289917,pdb_00009jqv_H_L
7641,2,train,0.7111492156982422,pdb_00004np4_I_M
7642,2,train,0.019040873274207115,pdb_00007xw9_S1_S2
7643,2,train,0.41627854108810425,pdb_00008as0_W_V
7644,2,train,0.01497673336416483,pdb_00009izh_S1_S2
7645,2,train,0.3598134517669678,pdb_00002qr0_T_S
7646,2,train,1.3279917240142822,pdb_00006mto_H_L
7647,2,train,1.2883415222167969,pdb_00006xm2_F_E
7648,2,train,0.09334108233451843,pdb_00006adc_E_F
7649,2,train,1.2844902276992798,pdb_00006d0u_K_L
7650,2,train,1.2609548568725586,pdb_00001hys_D_C
7651,2,train,1.4743093252182007,pdb_00003bgf_H_L
7652,2,train,0.020772824063897133,pdb_00007s8n_E1_E2
7653,2,train,0.018534500151872635,pdb_00007y24_S1_S2
7654,2,train,0.659602165222168,pdb_00008cn9_L_K
7655,2,train,0.6815451383590698,pdb_00007m7b_H_L
7656,2,train,0.14154407382011414,pdb_00002vdl_H_L
7657,2,train,0.4179804027080536,pdb_00009oun_J_K
7658,2,train,0.298052579164505,pdb_00003fb7_A_B
7659,2,train,0.019299225881695747,pdb_00007y64_S1_S2
7660,2,train,1.1515918970108032,pdb_00006u9s_D_E
7661,2,train,1.0799286365509033,pdb_00009cu7_J_N
7662,2,train,0.6607900857925415,pdb_00004f2m_A_B
7663,2,train,1.0974338054656982,pdb_00008fdo_A_B
7664,2,train,1.1707639694213867,pdb_00009cds_E_D
7665,2,train,0.022350577637553215,pdb_00009ik8_E1_E2
7666,2,train,0.6268569231033325,pdb_00007cdj_H_L
7667,2,train,0.9378741383552551,pdb_00006n5d_L_N
7668,2,train,0.9112921953201294,pdb_00009os5_I_L
7669,2,train,1.1854357719421387,pdb_00004xzu_A_B
7670,2,train,0.5161867737770081,pdb_00008jkf_h_l
7671,2,train,0.6352877616882324,pdb_00001fj1_D_C
7672,2,train,0.11404221504926682,pdb_00008jxw_E1_E2
7673,2,train,0.7040494084358215,pdb_00009og2_D_E
7674,2,train,0.35672521591186523,pdb_00003rhw_H_L
7675,2,train,0.009503806009888649,pdb_00008zbi_F1_F2
7676,2,train,1.2734129428863525,pdb_00009mth_I_J
7677,2,train,0.5394765138626099,pdb_00008i5l_D1_D2
7678,2,train,0.5896072387695312,pdb_00007mzh_B_C
7679,2,train,0.6935123801231384,pdb_00002fjh_H_L
7680,2,train,0.6599675416946411,pdb_00009udq_I_C
7681,2,train,0.7561196088790894,pdb_00001fbi_Q_P
7682,2,train,1.1890050172805786,pdb_00007yd1_A_B
7683,2,train,1.4189971685409546,pdb_00007t4q_F_G
7684,2,train,0.6979043483734131,pdb_00007xcz_B_C
7685,2,train,0.017073510214686394,pdb_00006wwz_S1_S2
7686,2,train,0.18316102027893066,pdb_00008gcp_E1_E2
7687,2,train,0.6794683933258057,pdb_00009q7b_G_I
7688,2,train,0.5436263680458069,pdb_00008jel_I_K
7689,2,train,0.04045667499303818,pdb_00009jid_S1_S2
7690,2,train,1.287614107131958,pdb_00007yvf_C_A
7691,2,train,0.651528537273407,pdb_00007ws7_G_F
7692,2,train,0.05238805338740349,pdb_00009cm7_N1_N2
7693,2,train,0.15439720451831818,pdb_00006k5a_E_F
7694,2,train,0.07430706918239594,pdb_00009jfy_S1_S2
7695,2,train,1.141492486000061,pdb_00004fqj_H_L
7696,2,train,0.6907992362976074,pdb_00008zh7_H_I
7697,2,train,1.0782341957092285,pdb_00009cq8_C_E
7698,2,train,0.8868318200111389,pdb_00001bvk_B_A
7699,2,train,0.5396467447280884,pdb_00003v4p_H_L
7700,2,train,1.0958163738250732,pdb_00008zpq_A_B
7701,2,train,0.017147652804851532,pdb_00009ldw_S1_S2
7702,2,train,0.7176236510276794,pdb_00003g6j_H_G
7703,2,train,1.1186964511871338,pdb_00007yru_H_L
7704,2,train,0.7536923885345459,pdb_00004oii_I_M
7705,2,train,0.10542506724596024,pdb_00008ubk_N2_N1
7706,2,train,1.1766852140426636,pdb_00007mkm_H_L
7707,2,train,0.4036203622817993,pdb_00007s0b_C_D
7708,2,train,0.9798951745033264,pdb_00001p2c_B_A
7709,2,train,1.1178290843963623,pdb_00005t5f_H_L
7710,2,train,0.9176441431045532,pdb_00001fsk_C_B
7711,2,train,1.4331799745559692,pdb_00008tnn_J_I
7712,2,train,0.1887880116701126,pdb_00006x3u_J_I
7713,2,train,0.5916181802749634,pdb_00009n4f_H_L
7714,2,train,0.04267590865492821,pdb_00008jso_S1_S2
7715,2,train,0.7251324653625488,pdb_00009quw_F_E
7716,2,train,0.031992118805646896,pdb_00007d77_S1_S2
7717,2,train,0.8301892280578613,pdb_00009jeb_C1_C2
7718,2,train,0.5519197583198547,pdb_00005oca_H_L
7719,2,train,0.015400701202452183,pdb_00009pq0_E1_E2
7720,2,train,1.003395438194275,pdb_00002oz4_H_L
7721,2,train,0.7771806120872498,pdb_00008bg5_C1_C2
7722,2,train,0.0364723801612854,pdb_00008z8a_S1_S2
7723,2,train,0.01812918856739998,pdb_00007vgy_E1_E2
7724,2,train,0.3507230281829834,pdb_00006k5d_C_D
7725,2,train,0.4297288656234741,pdb_00009ctu_F_E
7726,2,train,0.02721545472741127,pdb_00008i7w_E1_E2
7727,2,train,0.9078707098960876,pdb_00008bg1_J_K
7728,2,train,0.4574027359485626,pdb_00004tnw_V_Z
7729,2,train,0.09725818783044815,pdb_00006e0c_N1_N2
7730,2,train,0.7044034600257874,pdb_00007y6k_E1_E2
7731,2,train,0.8762480020523071,pdb_00004xnm_B_A
7732,2,train,0.6960020661354065,pdb_00001xgt_B_A
7733,2,train,0.027344930917024612,pdb_00009k26_S1_S2
7734,2,train,1.2454460859298706,pdb_00009mtg_M_N
7735,2,train,0.9452111124992371,pdb_00004v1d_D_E
7736,2,train,0.6769396662712097,pdb_00008y0y_D1_D4
7737,2,train,0.11077864468097687,pdb_00003f7v_A_B
7738,2,train,1.3074865341186523,pdb_00007t7b_H_L
7739,2,train,0.019955739378929138,pdb_00008yh2_S1_S2
7740,2,train,0.027124537155032158,pdb_00009jhp_S1_S2
7741,2,train,0.5166497230529785,pdb_00007x2k_H_L
7742,2,train,0.46616220474243164,pdb_00005u6a_B_A
7743,2,train,1.082094669342041,pdb_00006wn1_B_C
7744,2,train,0.8795530796051025,pdb_00008w83_I_J
7745,2,train,0.9356220364570618,pdb_00008g5a_H_L
7746,2,train,0.7217457890510559,pdb_00007lq7_P_Q
7747,2,train,1.5161702632904053,pdb_00009rir_H_L
7748,2,train,0.6801363229751587,pdb_00008y31_B_A
7749,2,train,0.7540674209594727,pdb_00008y3h_G_H
7750,2,train,0.10225804150104523,pdb_00007xms_S1_S2
7751,2,train,0.15502898395061493,pdb_00006ad7_C_D
7752,2,train,0.8415965437889099,pdb_00003wkm_H_L
7753,2,train,0.3064163625240326,pdb_00006zlr_BBB_CCC
7754,2,train,0.3039892315864563,pdb_00004tnw_H_L
7755,2,train,0.038011010736227036,pdb_00008xgu_S1_S2
7756,2,train,0.5196961164474487,pdb_00007yck_C_D
7757,2,train,0.7147524952888489,pdb_00009tmp_H_L
7758,2,train,0.549456000328064,pdb_00007s7i_J_N
7759,2,train,0.015347731299698353,pdb_00007vug_S1_S2
7760,2,train,0.06056300923228264,pdb_00002ht2_C_D
7761,2,train,1.2200391292572021,pdb_00008z39_H_L
7762,2,train,1.2154541015625,pdb_00008hrd_W_X
7763,2,train,1.2357511520385742,pdb_00007x3e_H_L
7764,2,train,0.03706219047307968,pdb_00009kft_S1_S2
7765,2,train,0.050464510917663574,pdb_00002fee_I_L
7766,2,train,1.1463899612426758,pdb_00008ezk_I1_I2
7767,2,train,1.381489872932434,pdb_00006xq0_B_C
7768,2,train,0.8199363350868225,pdb_00005wko_G_H
7769,2,train,1.1183029413223267,pdb_00004u6h_C_D
7770,2,train,0.6914898157119751,pdb_00007dk2_J_K
7771,2,train,0.8137816786766052,pdb_00001fsk_F_E
7772,2,train,0.9133573174476624,pdb_00001orq_B_A
7773,2,train,1.0222829580307007,pdb_00006a4k_H_L
7774,2,train,0.01035649050027132,pdb_00009m8l_N1_N2
7775,2,train,0.04786320775747299,pdb_00002hlf_E_F
7776,2,train,0.5599926114082336,pdb_00009l6c_A_B
7777,2,train,0.39964258670806885,pdb_00007mjl_H_L
7778,2,train,0.6379039287567139,pdb_00001mlc_B_A
7779,2,train,0.40271884202957153,pdb_00008vgi_J_I
7780,2,train,0.010134684853255749,pdb_00007v69_S1_S2
7781,2,train,0.5035788416862488,pdb_00005yoy_P_M
7782,2,train,0.6443959474563599,pdb_00008y3k_I_J
7783,2,train,0.04782721400260925,pdb_00008thk_F1_F2
7784,2,train,1.1448612213134766,pdb_00006xm2_D_C
7785,2,train,0.13882310688495636,pdb_00001j1x_H_L
7786,2,train,0.657814085483551,pdb_00009jy1_P_O
7787,2,train,0.041270796209573746,pdb_00001ots_C_D
7788,2,train,0.08111424744129181,pdb_00007u9v_E_F
7789,2,train,0.7575542330741882,pdb_00004hg4_T_U
7790,2,train,0.7839180827140808,pdb_00004kxz_J_I
7791,2,train,0.032322559505701065,pdb_00001ots_E_F
7792,2,train,0.01614442840218544,pdb_00007ejx_S1_S2
7793,2,train,0.0617707185447216,pdb_00008spu_N1_N2
7794,2,train,0.04291203245520592,pdb_00008j6j_H1_H2
7795,2,train,0.04221364110708237,pdb_00008xyd_E1_E2
7796,2,train,0.46096399426460266,pdb_00003b2u_J_K
7797,2,train,0.04490112513303757,pdb_00006ada_E_F
7798,2,train,0.7399401068687439,pdb_00007lq7_H_L
7799,2,train,0.06356178224086761,pdb_00003nig_E_F
7800,2,train,0.03428865596652031,pdb_00009wp9_C1_C2
7801,2,train,0.29705554246902466,pdb_00008j22_F1_F2
7802,2,train,0.01960340514779091,pdb_00007xbd_E1_E2
7803,2,train,1.751374363899231,pdb_00004hf5_H_L
7804,2,train,0.024175148457288742,pdb_00008yn5_E1_E2
7805,2,train,0.6135929226875305,pdb_00009azr_H_L
7806,2,train,0.01976661942899227,pdb_00006oij_H1_H2
7807,2,train,0.995369017124176,pdb_00009cu7_H_L
7808,2,train,0.12407678365707397,pdb_00006x3w_J_I
7809,2,train,0.7689254879951477,pdb_00002h9g_B_A
7810,2,train,0.6436441540718079,pdb_00009iz9_M_N
7811,2,train,0.05832833796739578,pdb_00007u60_E_F
7812,2,train,0.5568473935127258,pdb_00004h88_H_L
7813,2,train,0.020416775718331337,pdb_00008y45_S1_S2
7814,2,train,0.3804697096347809,pdb_00003hfm_H_L
7815,2,train,0.3822093904018402,pdb_00006xe1_H_L
7816,2,train,0.3342103362083435,pdb_00002qr0_L_K
7817,2,train,0.03015225939452648,pdb_00008zme_E1_E2
7818,2,train,0.9873323440551758,pdb_00008d7e_D_E
7819,2,train,0.8099639415740967,pdb_00008ezk_H1_H2
7820,2,train,0.1441664844751358,pdb_00007e32_E1_E2
7821,2,train,0.031425073742866516,pdb_00009izc_S1_S2
7822,2,train,0.6452245116233826,pdb_00007jum_H1_H2
7823,2,train,0.9448544383049011,pdb_00009mkn_Q_R
7824,2,train,1.111868143081665,pdb_00009mtg_H_L
7825,2,train,0.2084319293498993,pdb_00009nz4_D_C
7826,2,train,1.151703953742981,pdb_00008uf7_B_A
7827,2,train,0.8818538784980774,pdb_00008jqm_H_L
7828,2,train,0.6923682689666748,pdb_00007zmk_B_C
7829,2,train,0.5716020464897156,pdb_00006ii4_E_F
7830,2,train,0.026495853438973427,pdb_00007y89_S1_S2
7831,2,train,2.227778434753418,pdb_00008edf_H_L
7832,2,train,0.9906723499298096,pdb_00009ebc_K_L
7833,2,train,0.7332170009613037,pdb_00009axl_H_L
7834,2,train,0.05918140709400177,pdb_00007u0j_N1_N2
7835,2,train,0.08202323317527771,pdb_00009u4w_S1_S2
7836,2,train,0.03893812373280525,pdb_00007sbf_E1_E2
7837,2,train,0.4474809765815735,pdb_00008as2_H_L
7838,2,train,0.5983335375785828,pdb_00007vyt_B_C
7839,2,train,0.7703832983970642,pdb_00008hn7_B_A
7840,2,train,0.6559849977493286,pdb_00009ptm_I_M
7841,2,train,0.43020960688591003,pdb_00006vmk_o_n
7842,2,train,0.833376944065094,pdb_00008a96_K_J
7843,2,train,0.7028798460960388,pdb_00007wvd_I_J
7844,2,train,1.3515355587005615,pdb_00009e3l_I_J
7845,2,train,0.3624323904514313,pdb_00008wnp_D_C
7846,2,train,0.8499965071678162,pdb_00007vgr_F_E
7847,2,train,0.7367293834686279,pdb_00008smi_H_L
7848,2,train,0.16277994215488434,pdb_00006x3t_K_L
7849,2,train,0.38086065649986267,pdb_00008as0_N_M
7850,2,train,0.023882145062088966,pdb_00007db6_E1_E2
7851,2,train,0.350667804479599,pdb_000011oo_H_L
7852,2,train,0.7665483951568604,pdb_00008wpw_H_L
7853,2,train,0.7199597954750061,pdb_00007mem_H_L
7854,2,train,0.07030744105577469,pdb_00006dzt_M1_M2
7855,2,train,1.5835431814193726,pdb_00008s72_X_Y
7856,2,train,0.16234198212623596,pdb_00007x9y_S1_S2
7857,2,train,0.03499463200569153,pdb_00009m0r_S1_S2
7858,2,train,1.1566288471221924,pdb_00008zre_h_l
7859,2,train,0.7375445365905762,pdb_00009q71_I_J
7860,2,train,0.08660214394330978,pdb_00008ied_N1_N2
7861,2,train,0.8241181969642639,pdb_00007upb_B_E
7862,2,train,0.6375470757484436,pdb_00007wqv_N1_N2
7863,2,train,0.08644779026508331,pdb_00009bsb_E1_E2
7864,2,train,0.8756479024887085,pdb_00008yub_D_E
7865,2,train,0.7507581114768982,pdb_00008u4s_B_A
7866,2,train,0.02176331728696823,pdb_00007ydh_E1_E2
7867,2,train,0.7762290239334106,pdb_00009quw_D_C
7868,2,train,0.9395090937614441,pdb_00007zfb_C_D
7869,2,train,1.281537413597107,pdb_00005gs0_D_C
7870,2,train,0.9677902460098267,pdb_00006h3u_H_L
7871,2,train,0.12842634320259094,pdb_00008z65_S1_S2
7872,2,train,0.798373818397522,pdb_00005y11_A_B
7873,2,train,0.06698818504810333,pdb_00002fee_J_O
7874,2,train,0.25344201922416687,pdb_00008ihh_S1_S2
7875,2,train,0.03495614603161812,pdb_00009d4z_E1_E2
7876,2,train,1.4876158237457275,pdb_00006ddv_B_A
7877,2,train,0.4998839795589447,pdb_00008hn6_A_B
7878,2,train,0.3582164943218231,pdb_00009zqa_J2_J1
7879,2,train,1.0921897888183594,pdb_00008k5g_H_L
7880,2,train,0.9358056783676147,pdb_00007l7e_O_P
7881,2,train,0.623542070388794,pdb_00007dk0_A_B
7882,2,train,0.038952186703681946,pdb_00009k3l_S1_S2
7883,2,train,0.8186301589012146,pdb_00008cz8_C2_C1
7884,2,train,0.02735857106745243,pdb_00008j6i_H1_H2
7885,2,train,0.030966317281126976,pdb_00001ott_C_D
7886,2,train,0.6372954845428467,pdb_00009irs_S_T
7887,2,train,0.018070222809910774,pdb_00009vje_E1_E2
7888,2,train,0.9621147513389587,pdb_00007uvi_D_E
7889,2,train,0.5139066576957703,pdb_00007wqv_F1_F2
7890,2,train,0.6271752119064331,pdb_00008ulf_J_N
7891,2,train,0.7258633971214294,pdb_00006xq4_E_F
7892,2,train,0.20081515610218048,pdb_00009exa_D_C
7893,2,train,0.5670097470283508,pdb_00007m71_H_L
7894,2,train,1.0508537292480469,pdb_00009zdu_H_L
7895,2,train,1.3679910898208618,pdb_00007s11_I_M
7896,2,train,0.44042709469795227,pdb_00005yoy_G_D
7897,2,train,0.9176385998725891,pdb_00009cps_H_L
7898,2,train,0.5299598574638367,pdb_00009irs_H_L
7899,2,train,0.6826756596565247,pdb_00009ib1_H_L
7900,2,train,0.05579425022006035,pdb_00007trs_H1_H2
7901,2,train,0.8327333927154541,pdb_00009cct_C_B
7902,2,train,0.023294277489185333,pdb_00009m8k_N1_N2
7903,2,train,0.025538485497236252,pdb_00008ijb_S1_S2
7904,2,train,0.08287660777568817,pdb_00008dk5_N1_N2
7905,2,train,0.022782575339078903,pdb_00007ezh_H1_H2
7906,2,train,1.1707459688186646,pdb_00003qwo_A_B
7907,2,train,1.0415393114089966,pdb_00004am0_H_L
7908,2,train,0.4853943884372711,pdb_00003b2u_C_D
7908,2,train_epoch,0.6073278002161815,
7908,2,validation,0.9783374421072729,
7909,3,train,0.02810072712600231,pdb_00008fn0_E1_E2
7910,3,train,1.0146981477737427,pdb_00007s0x_H_L
7911,3,train,0.0229908786714077,pdb_00007vkt_E1_E2
7912,3,train,0.02633592113852501,pdb_00008iw1_S1_S2
7913,3,train,1.1875964403152466,pdb_00006d0u_H_I
7914,3,train,0.7761111855506897,pdb_00008e2u_H_L
7915,3,train,1.3748369216918945,pdb_00006s3d_A_B
7916,3,train,0.6570665836334229,pdb_00005ggt_H_L
7917,3,train,0.5796272158622742,pdb_00005aaw_F1_F2
7918,3,train,0.7130699753761292,pdb_00007xda_D_E
7919,3,train,0.6858152747154236,pdb_00008zh7_E_F
7920,3,train,0.26858970522880554,pdb_00007vgs_D_C
7921,3,train,0.11668170988559723,pdb_00007uko_E_F
7922,3,train,0.03781323879957199,pdb_00009iy8_S1_S2
7923,3,train,0.09289907664060593,pdb_00008vfx_N2_N1
7924,3,train,0.07332143932580948,pdb_00006e0p_N1_N2
7925,3,train,0.862554669380188,pdb_00008vk1_F_E
7926,3,train,0.015564207918941975,pdb_00008jgf_E1_E2
7927,3,train,0.030705520883202553,pdb_00008yuv_S1_S2
7928,3,train,0.5210244655609131,pdb_00008dww_H_L
7929,3,train,0.5348959565162659,pdb_00005u6a_B_A
7930,3,train,0.02451108768582344,pdb_00007wz4_S1_S2
7931,3,train,0.8979302644729614,pdb_00007y3n_H_L
7932,3,train,0.4876449406147003,pdb_00009ib1_H_L
7933,3,train,0.5945896506309509,pdb_00006h3u_H_L
7934,3,train,0.615944504737854,pdb_00008jkh_h_l
7935,3,train,0.8171877861022949,pdb_00009kve_E_G
7936,3,train,1.0180364847183228,pdb_00006wtv_E_F
7937,3,train,0.7227135896682739,pdb_00006n5d_L_N
7938,3,train,0.7938581109046936,pdb_00008pwh_D_C
7939,3,train,1.2238776683807373,pdb_00001hys_D_C
7940,3,train,1.2080148458480835,pdb_00006bpc_B_C
7941,3,train,0.4050932824611664,pdb_00008dww_X_W
7942,3,train,0.7952380776405334,pdb_00009ue8_E_F
7943,3,train,0.09188903123140335,pdb_00008gcp_E1_E2
7944,3,train,0.844856858253479,pdb_00008fhy_H_L
7945,3,train,1.377518892288208,pdb_00009kve_D_F
7946,3,train,0.026097793132066727,pdb_00008yn4_E1_E2
7947,3,train,0.8055738806724548,pdb_00007ycn_H_I
7948,3,train,0.9907557964324951,pdb_00008hq7_H_L
7949,3,train,1.1530399322509766,pdb_00009mtl_M_N
7950,3,train,0.03763468936085701,pdb_00006k41_H1_H2
7951,3,train,2.128156900405884,pdb_00006vlw_H_L
7952,3,train,0.7793116569519043,pdb_00003c09_H_L
7953,3,train,1.00596022605896,pdb_00001fns_H_L
7954,3,train,0.7899040579795837,pdb_00007m42_D_C
7955,3,train,0.16575829684734344,pdb_00008sgo_K_L
7956,3,train,0.5156731009483337,pdb_00008vgi_F_E
7957,3,train,0.7738041877746582,pdb_00006ogx_H_L
7958,3,train,0.0372018963098526,pdb_00009erx_F1_F2
7959,3,train,0.6196851134300232,pdb_00007zlg_H_L
7960,3,train,0.024434218183159828,pdb_00008f7w_E1_E2
7961,3,train,0.7449132800102234,pdb_00008yx9_G_I
7962,3,train,0.0255279503762722,pdb_00009j5v_S1_S2
7963,3,train,0.02371380105614662,pdb_00008xgu_S1_S2
7964,3,train,0.036898959428071976,pdb_00008hqe_H1_H2
7965,3,train,0.8633964657783508,pdb_00008u44_V_X
7966,3,train,0.7919934391975403,pdb_00004hg4_V_W
7967,3,train,0.021958906203508377,pdb_00007xwo_E1_E2
7968,3,train,0.11241725832223892,pdb_00007ucy_E_F
7969,3,train,1.323781132698059,pdb_00008tnn_H_G
7970,3,train,0.03230705112218857,pdb_00008wrb_E1_E2
7971,3,train,0.9737735986709595,pdb_00006k7o_H_L
7972,3,train,0.6243206262588501,pdb_00009iz9_M_N
7973,3,train,0.0809226855635643,pdb_00008ubi_M2_M1
7974,3,train,0.5546522736549377,pdb_00004hg4_N_O
7975,3,train,0.920118510723114,pdb_00006ba5_F_E
7976,3,train,0.6755955815315247,pdb_00009cq4_H_L
7977,3,train,0.027577152475714684,pdb_00007l1v_H1_H2
7978,3,train,0.060644105076789856,pdb_00008j21_B1_B2
7979,3,train,0.05248717591166496,pdb_00004z7q_E_F
7980,3,train,0.02030837908387184,pdb_00007ys6_E1_E2
7981,3,train,0.019671883434057236,pdb_00008ic0_E1_E2
7982,3,train,0.020517447963356972,pdb_00007wyb_E1_E2
7983,3,train,0.880402147769928,pdb_00007kn3_M_N
7984,3,train,0.11064363270998001,pdb_00006x3z_K_L
7985,3,train,1.0311888456344604,pdb_00006jep_H_L
7986,3,train,0.3663845956325531,pdb_00006bae_B_A
7987,3,train,0.548652708530426,pdb_00009ib3_H_L
7988,3,train,0.33478114008903503,pdb_00009our_J_K
7989,3,train,0.21974533796310425,pdb_00009nz3_D_C
7990,3,train,0.171397864818573,pdb_00009ctu_D_C
7991,3,train,0.014435198158025742,pdb_00008hsc_S1_S2
7992,3,train,0.17939583957195282,pdb_00009oup_H_L
7993,3,train,0.688152015209198,pdb_00006ii9_P_Q
7994,3,train,0.012820464558899403,pdb_00008jim_S1_S2
7995,3,train,0.09358884394168854,pdb_00008vqy_J_I
7996,3,train,0.9515494108200073,pdb_00006gff_L_K
7997,3,train,0.05318693071603775,pdb_00002fee_I_L
7998,3,train,0.5706349611282349,pdb_00008txu_H_L
7999,3,train,0.042029932141304016,pdb_00009kft_S1_S2
8000,3,train,0.8424612879753113,pdb_00007upb_C_F
8001,3,train,0.542786717414856,pdb_00007xsc_D_H
8002,3,train,0.009942375123500824,pdb_00008hs3_S1_S2
8003,3,train,1.1314643621444702,pdb_00007shy_I_J
8004,3,train,0.5192968845367432,pdb_00009cpr_H_L
8005,3,train,0.02611611597239971,pdb_00007yj4_S1_S2
8006,3,train,0.8969815969467163,pdb_00008w83_A_B
8007,3,train,0.43737998604774475,pdb_00006w0i_A_B
8008,3,train,0.5222641825675964,pdb_00007yvm_C_A
8009,3,train,1.0928179025650024,pdb_00006hga_H_L
8010,3,train,0.8264971971511841,pdb_00007uvq_C_B
8011,3,train,0.018398713320493698,pdb_00009oxa_D1_D2
8012,3,train,0.716073215007782,pdb_00008wu1_H_L
8013,3,train,0.9173620343208313,pdb_00009sat_H_L
8014,3,train,0.04401626065373421,pdb_00003nid_E_F
8015,3,train,1.4384552240371704,pdb_00009ml8_P_Q
8016,3,train,0.03716816380620003,pdb_00009j0b_S1_S2
8017,3,train,0.2599365711212158,pdb_00006zlr_FFF_GGG
8018,3,train,1.0292136669158936,pdb_00002oz4_H_L
8019,3,train,1.0056297779083252,pdb_00009os5_I_L
8020,3,train,0.11509435623884201,pdb_00003hpl_A_B
8021,3,train,0.6683048009872437,pdb_00007jum_J1_J2
8022,3,train,0.05498482286930084,pdb_00008jln_S1_S2
8023,3,train,0.650357723236084,pdb_00009q71_K_L
8024,3,train,0.3584727942943573,pdb_00007s0b_A_B
8025,3,train,0.6163842082023621,pdb_00008u44_S_T
8026,3,train,0.011564644984900951,pdb_00008dzp_E1_E2
8027,3,train,0.015963442623615265,pdb_00008vve_E1_E2
8028,3,train,0.07000155746936798,pdb_00003f7y_A_B
8029,3,train,1.168015956878662,pdb_00009hvw_H_L
8030,3,train,0.8204339742660522,pdb_00007rk2_D1_D2
8031,3,train,0.01776520162820816,pdb_00008xqs_S1_S2
8032,3,train,0.030822107568383217,pdb_00009kfi_S1_S2
8033,3,train,0.5360113382339478,pdb_00005nhr_H_L
8034,3,train,1.1475619077682495,pdb_00002r56_I_M
8035,3,train,0.04677780717611313,pdb_00007p02_H1_H2
8036,3,train,0.47702741622924805,pdb_00003ri5_I_O
8037,3,train,0.024769214913249016,pdb_00007x10_E1_E2
8038,3,train,0.029356306418776512,pdb_00007ykd_S1_S2
8039,3,train,1.2984830141067505,pdb_00009me7_J_N
8040,3,train,0.8326882123947144,pdb_00009oap_H_L
8041,3,train,0.5514379143714905,pdb_00009udq_F_A
8042,3,train,0.5184093713760376,pdb_00007xsc_A_B
8043,3,train,0.8136031627655029,pdb_00008y3l_G_H
8044,3,train,0.03688943386077881,pdb_00009vif_S1_S2
8045,3,train,1.2307182550430298,pdb_00007uzd_H_L
8046,3,train,1.2016983032226562,pdb_00008f6l_A_B
8047,3,train,1.3342615365982056,pdb_00007xh8_B_C
8048,3,train,1.2519522905349731,pdb_00005lsp_S_T
8049,3,train,0.19347216188907623,pdb_00009zqb_J2_J1
8050,3,train,0.7426649928092957,pdb_00009ctw_D_C
8051,3,train,0.22760257124900818,pdb_00002dqj_H_L
8052,3,train,1.3325775861740112,pdb_00006wmw_H_L
8053,3,train,0.2672302722930908,pdb_00009exa_D_C
8054,3,train,0.4185389578342438,pdb_00007ch5_H_L
8055,3,train,1.1880693435668945,pdb_00008bcz_A_B
8056,3,train,0.841870903968811,pdb_00005wko_C_D
8057,3,train,0.014362783171236515,pdb_00007yk6_S1_S2
8058,3,train,0.8995307683944702,pdb_00006p4b_H_L
8059,3,train,1.2437621355056763,pdb_00006wex_H_L
8060,3,train,0.5554199814796448,pdb_00005x8m_B_C
8061,3,train,0.5814527273178101,pdb_00002eks_B_A
8062,3,train,1.2116014957427979,pdb_00008w5h_H_L
8063,3,train,0.8507731556892395,pdb_00008sdh_C_D
8064,3,train,0.6012526750564575,pdb_00008too_H_E
8065,3,train,0.3934662938117981,pdb_00006xc4_H_L
8066,3,train,0.033099766820669174,pdb_00009m0r_S1_S2
8067,3,train,0.4986339807510376,pdb_00008jen_A_B
8068,3,train,0.017686909064650536,pdb_00007s8p_E1_E2
8069,3,train,0.5911309719085693,pdb_00008zyu_D_Q
8070,3,train,1.5555670261383057,pdb_00003h3b_C2_C1
8071,3,train,0.03400706499814987,pdb_00008k3z_S1_S2
8072,3,train,0.9696099758148193,pdb_00005vqm_H_L
8073,3,train,0.023263195529580116,pdb_00007tuz_E1_E2
8074,3,train,0.019503917545080185,pdb_00007eo4_E1_E2
8075,3,train,0.9851041436195374,pdb_00005ggs_C_D
8076,3,train,0.03183905780315399,pdb_00008j6q_S1_S2
8077,3,train,0.017875146120786667,pdb_00007t6v_E1_E2
8078,3,train,0.7092640995979309,pdb_00007ubs_I1_I2
8079,3,train,0.03555800020694733,pdb_00007ejk_H1_H2
8080,3,train,0.016423530876636505,pdb_00006lfm_S1_S2
8081,3,train,0.8484827280044556,pdb_00007dq7_H_L
8082,3,train,0.42624348402023315,pdb_00007zf8_H_L
8083,3,train,0.9645116329193115,pdb_00009cfe_A_B
8084,3,train,0.9040899276733398,pdb_00004nik_B1_B2
8085,3,train,0.021709885448217392,pdb_00007y67_S1_S2
8086,3,train,0.808348536491394,pdb_00003fku_Y1_Y2
8087,3,train,0.5347883701324463,pdb_00007xcz_D_E
8088,3,train,0.9869816303253174,pdb_00006ejg_C2_C1
8089,3,train,0.7710000276565552,pdb_00007m42_B_A
8090,3,train,0.9531374573707581,pdb_00009cds_E_D
8091,3,train,0.6394361853599548,pdb_00006o1f_H_L
8092,3,train,0.22622889280319214,pdb_00003a6b_H_L
8093,3,train,0.015398511663079262,pdb_00009vjg_E1_E2
8094,3,train,0.3186900019645691,pdb_00007zf9_A_B
8095,3,train,0.029111113399267197,pdb_00007f9z_E1_E2
8096,3,train,1.1026737689971924,pdb_00008dwo_H_L
8097,3,train,0.9720496535301208,pdb_00009yyu_H_L
8098,3,train,0.7344294190406799,pdb_00005y11_A_B
8099,3,train,1.11444091796875,pdb_00003bsz_N_M
8100,3,train,0.7854833602905273,pdb_00007ahu_H_L
8101,3,train,1.1716526746749878,pdb_00006d0u_E_F
8102,3,train,0.9733880758285522,pdb_00006a4k_I_M
8103,3,train,0.020403895527124405,pdb_00008e9x_E1_E2
8104,3,train,0.7709850668907166,pdb_00008oxx_B_C
8105,3,train,0.008295569568872452,pdb_00007ra3_E1_E2
8106,3,train,0.8192659020423889,pdb_00008g5b_I_M
8107,3,train,0.7840206027030945,pdb_00007djz_A_B
8108,3,train,0.7320808172225952,pdb_00003eo1_B_A
8109,3,train,0.7945072054862976,pdb_00007mem_H_L
8110,3,train,0.45229336619377136,pdb_00008hn6_C_D
8111,3,train,0.5410871505737305,pdb_00009u5p_P_Q
8112,3,train,0.017581118270754814,pdb_00009m8l_N1_N2
8113,3,train,0.011567057110369205,pdb_00009ite_E1_E2
8114,3,train,0.8083674907684326,pdb_00008sdf_B_C
8115,3,train,0.724359929561615,pdb_00008vtd_B_A
8116,3,train,1.243976354598999,pdb_00007r8u_HHH_LLL
8117,3,train,0.0311523899435997,pdb_00008xyk_S1_S2
8118,3,train,0.6389942169189453,pdb_00006gv4_H_L
8119,3,train,0.33524659276008606,pdb_00008vgi_K_L
8120,3,train,0.9997730851173401,pdb_00009zdu_H_L
8121,3,train,1.0192430019378662,pdb_00004ffv_H_L
8122,3,train,0.4407775104045868,pdb_00007c01_H_L
8123,3,train,0.9093591570854187,pdb_00006ek2_H1_H2
8124,3,train,0.4329613745212555,pdb_00003b2v_H_L
8125,3,train,0.3660982549190521,pdb_00007cjf_A_B
8126,3,train,0.06627137959003448,pdb_00006ada_E_F
8127,3,train,1.6117850542068481,pdb_00008r4n_H_L
8128,3,train,0.014974377118051052,pdb_00009k6l_S1_S2
8129,3,train,0.12108438462018967,pdb_00008sgo_J_I
8130,3,train,0.03940759599208832,pdb_00008wwl_E1_E2
8131,3,train,0.4445539116859436,pdb_00007xei_E_F
8132,3,train,0.347801148891449,pdb_00006b3s_C_D
8133,3,train,0.5870248079299927,pdb_00008jkh_M_N
8134,3,train,1.0728052854537964,pdb_00008d9y_F_E
8135,3,train,1.0460292100906372,pdb_00009mtg_H_L
8136,3,train,1.042876124382019,pdb_00007t0w_O_P
8137,3,train,1.056533932685852,pdb_00006gff_N_M
8138,3,train,0.041833486407995224,pdb_00008j20_B1_B2
8139,3,train,0.6872255206108093,pdb_00007sco_J_K
8140,3,train,0.07418732345104218,pdb_00002vdn_H_L
8141,3,train,0.6758893728256226,pdb_00005w0k_H_L
8142,3,train,0.9124908447265625,pdb_00006ww5_E_F
8143,3,train,0.7419676184654236,pdb_00004np4_I_M
8144,3,train,1.010866641998291,pdb_00005dhx_L2_L1
8145,3,train,0.5492594838142395,pdb_00007mem_G_J
8146,3,train,1.356626033782959,pdb_00005anm_B_A
8147,3,train,0.9459253549575806,pdb_00001n5y_H_L
8148,3,train,0.772771418094635,pdb_00008q6j_D_C
8149,3,train,0.6502264142036438,pdb_00004yk4_Z_Y
8150,3,train,0.6732068657875061,pdb_00007zmk_E_F
8151,3,train,0.163779154419899,pdb_00001ic4_H_L
8152,3,train,0.9500417709350586,pdb_00009dn2_I_M
8153,3,train,0.32816269993782043,pdb_00002qr0_H_G
8154,3,train,0.6139422059059143,pdb_00004okv_A_B
8155,3,train,0.7849091291427612,pdb_00009lsj_D1_E2
8156,3,train,1.897035002708435,pdb_00005i9q_B_C
8157,3,train,0.8337844014167786,pdb_00005kov_E1_E2
8158,3,train,0.5735164284706116,pdb_00007klg_H_L
8159,3,train,0.015134910121560097,pdb_00009vjf_E1_E2
8160,3,train,0.03117387555539608,pdb_00009ijd_D1_D2
8161,3,train,0.6133044958114624,pdb_00008y0y_E3_E2
8162,3,train,0.6671780347824097,pdb_00007jmw_H_L
8163,3,train,0.8588719367980957,pdb_00008ezk_H1_H2
8164,3,train,0.6079712510108948,pdb_00007vaf_H_L
8165,3,train,0.5155715942382812,pdb_00007kfx_H_L
8166,3,train,0.012248196639120579,pdb_00007t2h_E1_E2
8167,3,train,1.148451328277588,pdb_00008jeo_E_F
8168,3,train,0.5466705560684204,pdb_00001xgp_B_A
8169,3,train,0.8861371874809265,pdb_00007x2w_H_L
8170,3,train,0.5759074687957764,pdb_00009jy4_P_O
8171,3,train,0.6059975028038025,pdb_00007zmk_P_Q
8172,3,train,0.07467279583215714,pdb_00008id3_S1_S2
8173,3,train,0.3706304132938385,pdb_00005u5m_B_A
8174,3,train,0.6649081707000732,pdb_00007t87_H_L
8175,3,train,0.013119315728545189,pdb_00007s8n_E1_E2
8176,3,train,0.012270099483430386,pdb_00007wz7_C1_C2
8177,3,train,0.5979668498039246,pdb_00009wsx_H_L
8178,3,train,0.040582068264484406,pdb_00009ns9_N1_N2
8179,3,train,1.2501009702682495,pdb_00004xhj_H_G
8180,3,train,0.37775853276252747,pdb_00001ndm_B_A
8181,3,train,0.017953943461179733,pdb_00008dzr_E1_E2
8182,3,train,0.03459005057811737,pdb_00008xx6_S1_S2
8183,3,train,0.0336463563144207,pdb_00007f2o_S1_S2
8184,3,train,0.009596778079867363,pdb_00009jmd_E1_E2
8185,3,train,0.5333930253982544,pdb_00009azr_H_L
8186,3,train,1.3466640710830688,pdb_00005w08_Q_R
8187,3,train,0.6901793479919434,pdb_00009l9o_B_C
8188,3,train,2.0459470748901367,pdb_00009osx_B_C
8189,3,train,0.18763314187526703,pdb_00009nz3_F_E
8190,3,train,0.46156811714172363,pdb_00007f6z_H_L
8191,3,train,0.11950735747814178,pdb_00008si9_J_I
8192,3,train,0.6451336741447449,pdb_00001tzh_B_A
8193,3,train,0.7284729480743408,pdb_00003nh7_K_O
8194,3,train,1.1975109577178955,pdb_00009mth_M_N
8195,3,train,0.020949600264430046,pdb_00008xxz_S1_S2
8196,3,train,0.9806903600692749,pdb_00008cbf_H_L
8197,3,train,0.6383886933326721,pdb_00007m7b_H_L
8198,3,train,0.021431896835565567,pdb_00006dde_E1_E2
8199,3,train,1.197911262512207,pdb_00008jeo_B_C
8200,3,train,0.015254788100719452,pdb_00009vj6_E1_E2
8201,3,train,0.873452365398407,pdb_00009n8j_H_I
8202,3,train,0.7288693189620972,pdb_00009mqa_J_N
8203,3,train,0.09070646017789841,pdb_00002ht3_C_D
8204,3,train,1.156833529472351,pdb_00006xm2_F_E
8205,3,train,0.030236782506108284,pdb_00008efb_E1_E2
8206,3,train,0.46583300828933716,pdb_00006w0j_A_B
8207,3,train,0.02739822492003441,pdb_00008j6i_H1_H2
8208,3,train,0.6755051016807556,pdb_00008ezk_I1_I2
8209,3,train,0.9558016061782837,pdb_00009cu7_I_M
8210,3,train,0.8813354969024658,pdb_00006hjp_I_J
8211,3,train,0.010879704728722572,pdb_00008k6n_S1_S2
8212,3,train,0.4100402891635895,pdb_00007qez_E_F
8213,3,train,0.0690191462635994,pdb_00003ejy_E_F
8214,3,train,0.6519753932952881,pdb_00007bwj_H_L
8215,3,train,0.922612726688385,pdb_00007wph_H_L
8216,3,train,1.1541246175765991,pdb_00007yh6_H_L
8217,3,train,0.14765848219394684,pdb_00007k61_M2_M1
8218,3,train,1.1171950101852417,pdb_00007scn_E_F
8219,3,train,0.7633514404296875,pdb_00006t3j_F_G
8220,3,train,0.030124563723802567,pdb_00008xxh_S1_S2
8221,3,train,1.1393648386001587,pdb_00001ztx_H_L
8222,3,train,1.1881355047225952,pdb_00007x3d_H_L
8223,3,train,0.8319740891456604,pdb_00004wv1_E_D
8224,3,train,0.11374061554670334,pdb_00007td8_E_F
8225,3,train,0.7944711446762085,pdb_00009bt5_E_F
8226,3,train,0.8195804953575134,pdb_00008cxh_h_l
8227,3,train,0.02200399711728096,pdb_00009ldx_S1_S2
8228,3,train,0.7723991274833679,pdb_00009b82_H_L
8229,3,train,0.9766736030578613,pdb_00003v6z_C_D
8230,3,train,0.6278864145278931,pdb_00006iap_E_D
8231,3,train,1.1456289291381836,pdb_00007rco_D_C
8232,3,train,0.8638565540313721,pdb_00008f6o_A_B
8233,3,train,0.9011249542236328,pdb_00001p2c_E_D
8234,3,train,1.066266655921936,pdb_00002vxq_H_L
8235,3,train,0.032513704150915146,pdb_00007w53_E1_E2
8236,3,train,0.9231144785881042,pdb_00008uzp_H_L
8237,3,train,0.042462170124053955,pdb_00008y6w_D1_D2
8238,3,train,0.8261136412620544,pdb_00004xhj_D_C
8239,3,train,0.7786009311676025,pdb_00007wph_E_D
8240,3,train,0.3775429129600525,pdb_00007zf9_H_L
8241,3,train,0.5552957653999329,pdb_00008ulf_I_M
8242,3,train,0.06926771998405457,pdb_00008zd1_S1_S2
8243,3,train,0.7605461478233337,pdb_00006cyf_M_L
8244,3,train,0.3170667290687561,pdb_00006w0f_A_B
8245,3,train,0.8235679864883423,pdb_00007l0l_G_J
8246,3,train,0.5926582217216492,pdb_00004zff_A_B
8247,3,train,0.8829348683357239,pdb_00007b0b_H_L
8248,3,train,0.6037529706954956,pdb_00008y31_B_A
8249,3,train,1.2527121305465698,pdb_00006aru_C_B
8250,3,train,0.6058778166770935,pdb_00009pw4_C_D
8251,3,train,1.2686489820480347,pdb_00008kep_H_L
8252,3,train,0.3062259256839752,pdb_00003rhw_H_L
8253,3,train,0.5361524224281311,pdb_00008bg3_C1_C2
8254,3,train,0.009082927368581295,pdb_00008xqo_S1_S2
8255,3,train,0.574312686920166,pdb_00002r0l_H_L
8256,3,train,1.160362720489502,pdb_00007sbd_H_L
8257,3,train,0.6439881920814514,pdb_00007lq7_y_z
8258,3,train,0.929526150226593,pdb_00009mqd_H_L
8259,3,train,0.022689253091812134,pdb_00009lrs_E1_E2
8260,3,train,0.9233052134513855,pdb_00007yds_B_C
8261,3,train,0.20525969564914703,pdb_00008vrn_K_L
8262,3,train,0.7514301538467407,pdb_00008sdf_H_L
8263,3,train,0.8497609496116638,pdb_00009hi4_A_B
8264,3,train,0.09329098463058472,pdb_00001otu_C_D
8265,3,train,0.8369830250740051,pdb_00009c6y_A_B
8266,3,train,0.7059584259986877,pdb_00008hws_D_E
8267,3,train,0.039448048919439316,pdb_00009m1o_S1_S2
8268,3,train,0.2419804334640503,pdb_00008j22_F1_F2
8269,3,train,0.06675954908132553,pdb_00009kt8_E1_E2
8270,3,train,0.8565245270729065,pdb_00007xrz_B_A
8271,3,train,0.06972502171993256,pdb_00007ej0_H1_H2
8272,3,train,0.009143617935478687,pdb_00008irt_E1_E2
8273,3,train,1.2431756258010864,pdb_00006s3d_C_D
8274,3,train,0.7086732387542725,pdb_00009cn2_B1_B2
8275,3,train,0.10709642618894577,pdb_00003or7_A_B
8276,3,train,0.9735344648361206,pdb_00001adq_H_L
8277,3,train,0.5201236605644226,pdb_00007lop_X_Y
8278,3,train,0.7373169660568237,pdb_00004kht_H_L
8279,3,train,0.6885554194450378,pdb_00006ii9_H_L
8280,3,train,1.337134838104248,pdb_00003lzf_H_L
8281,3,train,0.06851892918348312,pdb_00009drx_J_I
8282,3,train,0.1180541068315506,pdb_00008z65_S1_S2
8283,3,train,1.14024019241333,pdb_00009e21_H_L
8284,3,train,1.1140323877334595,pdb_00006s3d_H_L
8285,3,train,0.39662259817123413,pdb_00007wbz_H_L
8286,3,train,0.06444083154201508,pdb_00007ubr_E_F
8287,3,train,0.5805955529212952,pdb_00003h42_H_L
8288,3,train,0.830079972743988,pdb_00007l5j_W_L
8289,3,train,0.9279826879501343,pdb_00007det_D1_D2
8290,3,train,0.0580638088285923,pdb_00002r9h_E_F
8291,3,train,0.6739780306816101,pdb_00007qf1_C_B
8292,3,train,0.6671461462974548,pdb_00006cyf_D_C
8293,3,train,0.023316513746976852,pdb_00007evz_E1_E2
8294,3,train,0.7354003190994263,pdb_00009jy3_P_O
8295,3,train,0.017101624980568886,pdb_00007t6u_E1_E2
8296,3,train,0.6400527358055115,pdb_00007wwk_I_H
8297,3,train,0.08363936096429825,pdb_00007u9v_E_F
8298,3,train,1.2896170616149902,pdb_00006ba5_B_A
8299,3,train,0.6082143187522888,pdb_00007d85_B_C
8300,3,train,0.4094313681125641,pdb_000011oo_H_L
8301,3,train,0.09644077718257904,pdb_00006ad7_E_F
8302,3,train,0.022407513111829758,pdb_00008efl_E1_E2
8303,3,train,0.5063126683235168,pdb_00001dzb_B1_B2
8304,3,train,0.9706265330314636,pdb_00007uvq_D_E
8305,3,train,0.8196917176246643,pdb_00007x2o_H_L
8306,3,train,0.0788615271449089,pdb_00009w6w_E1_E2
8307,3,train,0.600837767124176,pdb_00007sco_H_L
8308,3,train,0.05492532253265381,pdb_00008e9z_E1_E2
8309,3,train,0.02251754142343998,pdb_00007evy_E1_E2
8310,3,train,0.8709809184074402,pdb_00001yqv_H_L
8311,3,train,0.21718868613243103,pdb_00007k60_N2_N1
8312,3,train,0.5769271850585938,pdb_00009q7b_G_I
8313,3,train,0.03725343197584152,pdb_00007l8p_E_F
8314,3,train,0.08209103345870972,pdb_00008dd3_J_I
8315,3,train,0.8302708864212036,pdb_00007l7e_O_P
8316,3,train,0.039289020001888275,pdb_00007tpd_E_F
8317,3,train,0.4752718210220337,pdb_00007pqy_B_C
8318,3,train,0.41916951537132263,pdb_00005aaw_A1_A2
8319,3,train,0.9059107899665833,pdb_00006wtu_B_C
8320,3,train,0.3879263699054718,pdb_00006vmk_P_O
8321,3,train,0.06632907688617706,pdb_00007wig_S1_S2
8322,3,train,0.47819283604621887,pdb_00006ii8_H_L
8323,3,train,0.05025004595518112,pdb_00007vih_E1_E2
8324,3,train,0.6149113774299622,pdb_00008too_D_C
8325,3,train,1.4614148139953613,pdb_00006uyn_H_L
8326,3,train,1.4428584575653076,pdb_00005ldn_H_L
8327,3,train,0.011212196201086044,pdb_00007s8o_E1_E2
8328,3,train,0.1275583654642105,pdb_00006x40_K_L
8329,3,train,0.012121539562940598,pdb_00008jso_S1_S2
8330,3,train,0.2031177431344986,pdb_00007cvs_C_D
8331,3,train,0.6092498302459717,pdb_00009j9z_H_L
8332,3,train,0.0642492026090622,pdb_00002h2p_C_D
8333,3,train,0.030420338734984398,pdb_00007ts0_H1_H2
8334,3,train,0.047979190945625305,pdb_00008wwm_E1_E2
8335,3,train,0.04339679703116417,pdb_00007xxh_H1_H2
8336,3,train,0.01710127480328083,pdb_00008zme_E1_E2
8337,3,train,0.969637930393219,pdb_00009ma0_B_C
8338,3,train,0.33179524540901184,pdb_00009ouo_J_K
8339,3,train,0.5421355366706848,pdb_00006pe9_C_D
8340,3,train,0.8410089015960693,pdb_00005jz7_J_K
8341,3,train,0.020091190934181213,pdb_00009ko4_H1_H2
8342,3,train,0.5517281293869019,pdb_00007t3d_C_D
8343,3,train,1.0688438415527344,pdb_00009cps_H_L
8344,3,train,0.020200137048959732,pdb_00009ydu_E1_E2
8345,3,train,0.8107340931892395,pdb_00008u4s_H_L
8346,3,train,0.7242003679275513,pdb_00007x6o_J_L
8347,3,train,0.02100774273276329,pdb_00008j6d_H1_H2
8348,3,train,0.6918620467185974,pdb_00008dcc_H_L
8349,3,train,1.2296172380447388,pdb_00009e3k_H_L
8350,3,train,0.10499750822782516,pdb_00007u0j_N1_N2
8351,3,train,0.32987114787101746,pdb_00006txz_J_N
8352,3,train,0.055943846702575684,pdb_00006x3s_J_I
8353,3,train,0.015564502216875553,pdb_00007eq1_S1_S2
8354,3,train,0.03977251425385475,pdb_00008j6p_S1_S2
8355,3,train,1.9064751863479614,pdb_00008edf_H_L
8356,3,train,0.04201817512512207,pdb_00007vdm_S1_S2
8357,3,train,0.04852069169282913,pdb_00006crk_H1_H2
8358,3,train,1.1382018327713013,pdb_00006t9e_HHH_LLL
8359,3,train,0.5268417000770569,pdb_00006kyz_B_C
8360,3,train,1.3033698797225952,pdb_00006q18_H_L
8361,3,train,0.5508981943130493,pdb_00009lbs_D_C
8362,3,train,0.1318485140800476,pdb_00001j1x_H_L
8363,3,train,0.6772409081459045,pdb_00009vfu_E_F
8364,3,train,1.18937087059021,pdb_00008tpa_D_E
8365,3,train,0.02570997178554535,pdb_00008wwn_E1_E2
8366,3,train,0.6833744645118713,pdb_00007rxl_C_D
8367,3,train,0.01100912969559431,pdb_00007ew0_E1_E2
8368,3,train,0.6303882598876953,pdb_00001kiq_B_A
8369,3,train,0.40061500668525696,pdb_00006vmk_o_n
8370,3,train,0.9692738056182861,pdb_00002yc1_A_B
8371,3,train,0.4121749997138977,pdb_00006yor_H_L
8372,3,train,0.13564832508563995,pdb_00003stl_A_B
8373,3,train,0.35832545161247253,pdb_00004tnw_H_L
8374,3,train,0.16791360080242157,pdb_00009nz5_F_E
8375,3,train,0.2408161759376526,pdb_00006vmk_B_A
8376,3,train,0.4651810824871063,pdb_00008as2_H_L
8377,3,train,0.626848042011261,pdb_00008zh7_H_I
8378,3,train,0.8408902883529663,pdb_00009cfg_H_L
8379,3,train,0.904298722743988,pdb_00007x3c_H_L
8380,3,train,0.6491312980651855,pdb_00004n90_H_I
8381,3,train,1.1388459205627441,pdb_00008zre_H_L
8382,3,train,0.5277000069618225,pdb_00007vad_H_L
8383,3,train,0.24189621210098267,pdb_00003rif_J_M
8384,3,train,0.8816972970962524,pdb_00008i5i_H_L
8385,3,train,1.600835919380188,pdb_00007uij_H_L
8386,3,train,0.08875436335802078,pdb_00008sid_J_I
8387,3,train,0.02043864130973816,pdb_00009iza_S1_S2
8388,3,train,0.63724684715271,pdb_00008xsf_H_L
8389,3,train,0.05817411467432976,pdb_00002h2s_E_F
8390,3,train,0.4725584089756012,pdb_00008bg2_C1_C2
8391,3,train,0.6947649717330933,pdb_00008u4s_B_A
8392,3,train,0.6360791325569153,pdb_00009ci8_B_A
8393,3,train,0.019474785774946213,pdb_00007vgz_F1_F2
8394,3,train,0.03406241163611412,pdb_00008f7r_E1_E2
8395,3,train,0.6144617199897766,pdb_00007dpm_A_B
8396,3,train,0.04347670450806618,pdb_00007w40_H1_H2
8397,3,train,1.088168740272522,pdb_00006vc9_H_L
8398,3,train,0.01114143617451191,pdb_00009kpe_S1_S2
8399,3,train,0.027913343161344528,pdb_00008zjg_S1_S2
8400,3,train,0.7666277885437012,pdb_00007upb_B_E
8401,3,train,1.239349603652954,pdb_00009mth_H_L
8402,3,train,0.7587633728981018,pdb_00009dru_H_L
8403,3,train,0.016796573996543884,pdb_00008x17_H1_H2
8404,3,train,0.021407723426818848,pdb_00009jkv_S1_S2
8405,3,train,0.5937761068344116,pdb_00009n4f_H_L
8406,3,train,0.7019753456115723,pdb_00009dzf_H_L
8407,3,train,0.4006333649158478,pdb_00003b2u_J_K
8408,3,train,0.5009304881095886,pdb_00008jkh_m_n
8409,3,train,0.8740037679672241,pdb_00007s0x_C_D
8410,3,train,0.014191062189638615,pdb_00009j8z_S1_S2
8411,3,train,0.753706693649292,pdb_00002vwe_L_J
8412,3,train,0.02825850434601307,pdb_00007s8l_E1_E2
8413,3,train,0.750330924987793,pdb_00008smi_H_L
8414,3,train,0.031190304085612297,pdb_00008h0q_E1_E2
8415,3,train,0.01759106107056141,pdb_00007ew3_S1_S2
8416,3,train,1.265409231185913,pdb_00009mtk_I_J
8417,3,train,0.023820528760552406,pdb_00008xzh_S1_S2
8418,3,train,0.7295284867286682,pdb_00001fj1_D_C
8419,3,train,0.4349591135978699,pdb_00007zfe_F_G
8420,3,train,0.01868431083858013,pdb_00009vmn_S1_S2
8421,3,train,0.3433353900909424,pdb_00009zqa_J2_J1
8422,3,train,1.1207057237625122,pdb_00006xpz_E_F
8423,3,train,0.888232946395874,pdb_00009vft_F_E
8424,3,train,0.747232973575592,pdb_00009og2_D_E
8425,3,train,0.03693770617246628,pdb_00008t3v_N1_N2
8426,3,train,1.076026439666748,pdb_00007lf7_A_B
8427,3,train,0.12191997468471527,pdb_00009nz5_B_C
8428,3,train,0.8915191888809204,pdb_00009lp1_A_B
8429,3,train,0.019084971398115158,pdb_00009upv_S1_S2
8430,3,train,0.4346417486667633,pdb_00008smt_D_F
8431,3,train,0.013176262378692627,pdb_00008xzf_S1_S2
8432,3,train,0.9485889077186584,pdb_00002x7l_G_I
8433,3,train,0.016281921416521072,pdb_00007v68_S1_S2
8434,3,train,1.7541794776916504,pdb_00005dfw_H1_H2
8435,3,train,0.5046758055686951,pdb_00008jel_F_G
8436,3,train,0.3330303132534027,pdb_00008elq_H_L
8437,3,train,0.012637066654860973,pdb_00008y01_S1_S2
8438,3,train,0.6158879995346069,pdb_00002x7l_J_K
8439,3,train,1.1364778280258179,pdb_00009bdi_H_L
8440,3,train,0.4243442416191101,pdb_00008vgk_H_G
8441,3,train,0.7094175219535828,pdb_00007zfb_J_K
8442,3,train,0.2281791716814041,pdb_00008ihb_S1_S2
8443,3,train,0.6092379689216614,pdb_00002jix_D_G
8444,3,train,1.0374724864959717,pdb_00007t82_D_C
8445,3,train,0.1560249924659729,pdb_00008jt6_E1_E2
8446,3,train,1.4689866304397583,pdb_00008s72_H_L
8447,3,train,0.8090834021568298,pdb_00007ttm_H_L
8448,3,train,1.4223552942276,pdb_00003mj9_H_L
8449,3,train,0.8578659892082214,pdb_00006hjp_G_H
8450,3,train,0.9098302721977234,pdb_00001fsk_I_H
8451,3,train,0.07105664163827896,pdb_00007uk9_E_F
8452,3,train,0.7642451524734497,pdb_00006hjp_K_L
8453,3,train,1.8872231245040894,pdb_00008c7h_L_K
8454,3,train,0.8962695002555847,pdb_00006ek2_I1_I2
8455,3,train,0.091680146753788,pdb_00008x8n_E1_E2
8456,3,train,0.6494435667991638,pdb_00006ii4_H_L
8457,3,train,1.0700687170028687,pdb_00007cqd_I_M
8458,3,train,0.016831953078508377,pdb_00008y02_S1_S2
8459,3,train,0.5035130977630615,pdb_00008bg2_A1_A2
8460,3,train,0.9379565715789795,pdb_00008suo_H_L
8461,3,train,1.4009312391281128,pdb_00004g3y_H_L
8462,3,train,0.8970205187797546,pdb_00006ban_D_C
8463,3,train,0.1736738234758377,pdb_00006x3w_K_L
8464,3,train,0.3049415647983551,pdb_00006z2m_H_L
8465,3,train,1.0153907537460327,pdb_00006wn1_B_C
8466,3,train,0.009324358776211739,pdb_00009m54_S1_S2
8467,3,train,0.19906079769134521,pdb_00006ada_C_D
8468,3,train,0.06634972244501114,pdb_00006adb_E_F
8469,3,train,0.9765251874923706,pdb_00008dwx_Z_Y
8470,3,train,1.070909023284912,pdb_00004fp8_I_M
8471,3,train,0.294567346572876,pdb_00008vgh_K_L
8472,3,train,0.04668770730495453,pdb_00008ijb_S1_S2
8473,3,train,0.4893548786640167,pdb_00002eiz_B_A
8474,3,train,1.0532604455947876,pdb_00001j5o_H_L
8475,3,train,0.696235716342926,pdb_00006xq2_C_B
8476,3,train,0.8651576638221741,pdb_00006wm9_E_F
8477,3,train,0.05003106966614723,pdb_00009izd_S1_S2
8478,3,train,0.7202261090278625,pdb_00007ley_H_I
8479,3,train,0.011397444643080235,pdb_00009izf_S1_S2
8480,3,train,0.7831550240516663,pdb_00008w84_A_B
8481,3,train,0.9437010884284973,pdb_00005a3i_G_H
8482,3,train,0.6407669186592102,pdb_00004jpk_H_L
8483,3,train,0.766007125377655,pdb_00004qci_H_L
8484,3,train,0.6054413318634033,pdb_00007wqv_P1_P2
8485,3,train,0.03368740901350975,pdb_00007dfl_C1_C2
8486,3,train,0.01070706732571125,pdb_00006omm_E1_E2
8487,3,train,0.4883992373943329,pdb_00006z3p_H_L
8488,3,train,0.08465708047151566,pdb_00009drx_K_L
8489,3,train,0.7998958230018616,pdb_00009quw_D_C
8490,3,train,0.3489101231098175,pdb_00006p4a_H_L
8491,3,train,0.7899359464645386,pdb_00008el2_H_L
8492,3,train,0.38360485434532166,pdb_00003b2u_Q_R
8493,3,train,0.048095863312482834,pdb_00009ggg_S1_S2
8494,3,train,1.0853818655014038,pdb_00009mtm_M_N
8495,3,train,0.7539946436882019,pdb_00009jeb_A1_A2
8496,3,train,0.06858924776315689,pdb_00003ze1_E_F
8497,3,train,1.1562354564666748,pdb_00006flc_H_L
8498,3,train,0.4939989149570465,pdb_00007wqv_L1_L2
8499,3,train,0.6271083354949951,pdb_00007x63_H_L
8500,3,train,0.8116148114204407,pdb_00006k7o_D_E
8501,3,train,1.0703843832015991,pdb_00001eo8_H_L
8502,3,train,0.012390360236167908,pdb_00009vj5_E1_E2
8503,3,train,0.29021281003952026,pdb_00003rif_H_L
8504,3,train,0.5970731377601624,pdb_00007xj9_G_F
8505,3,train,0.8586980104446411,pdb_00009h4s_X_Y
8506,3,train,1.1002053022384644,pdb_00008e8l_H_L
8507,3,train,0.016444113105535507,pdb_00008jd6_D1_D2
8508,3,train,1.1072287559509277,pdb_00008w5n_H_L
8509,3,train,0.05066021904349327,pdb_00007tct_H_L
8510,3,train,1.0201218128204346,pdb_00009lsj_E1_D2
8511,3,train,0.95683753490448,pdb_00006u6u_H_L
8512,3,train,0.8181228041648865,pdb_00006gku_H_L
8513,3,train,0.5780578851699829,pdb_00008bec_C1_C2
8514,3,train,1.1282447576522827,pdb_00003lh2_K_O
8515,3,train,0.06783520430326462,pdb_00008uwl_E1_E2
8516,3,train,0.40784332156181335,pdb_00007ejy_H_L
8517,3,train,0.853317379951477,pdb_00005wko_K_L
8518,3,train,0.6449310183525085,pdb_00008bg5_A1_A2
8519,3,train,0.11922535300254822,pdb_00008evh_N1_N2
8520,3,train,0.582750141620636,pdb_00009h4r_X_Y
8521,3,train,0.13382282853126526,pdb_00009j31_D1_D2
8522,3,train,0.4990811347961426,pdb_00007yck_E_F
8523,3,train,1.0154896974563599,pdb_00005umi_A_B
8524,3,train,0.06616421043872833,pdb_00007x9y_S1_S2
8525,3,train,0.011653712019324303,pdb_00009k07_E1_E2
8526,3,train,0.09433320164680481,pdb_00008dd3_K_L
8527,3,train,0.7438146471977234,pdb_00007ua8_H1_H2
8528,3,train,0.04657485708594322,pdb_00009d4z_E1_E2
8529,3,train,0.014693910256028175,pdb_00008k6m_S1_S2
8530,3,train,0.3178195059299469,pdb_00006yz7_BBB_CCC
8531,3,train,0.007011384703218937,pdb_00007yk7_S1_S2
8532,3,train,0.2007792443037033,pdb_00002dqh_H_L
8533,3,train,1.5021388530731201,pdb_00009y3x_H_L
8534,3,train,0.025204872712492943,pdb_00006oij_H1_H2
8535,3,train,0.9293832182884216,pdb_00006bpa_B_C
8536,3,train,0.5902397632598877,pdb_00007ua8_I1_I2
8537,3,train,0.7761823534965515,pdb_00007vgr_F_E
8538,3,train,0.647178053855896,pdb_00007dk0_A_B
8539,3,train,0.571386992931366,pdb_00007cho_H_L
8540,3,train,0.907658576965332,pdb_00009ebc_G_H
8541,3,train,0.025589007884263992,pdb_00008kfy_S1_S2
8542,3,train,0.06511835753917694,pdb_00009vi9_S1_S2
8543,3,train,0.017064327374100685,pdb_00008u1u_E1_E2
8544,3,train,0.2350061684846878,pdb_00009zq9_J2_J1
8545,3,train,0.9920937418937683,pdb_00006xpz_B_C
8546,3,train,0.7113780379295349,pdb_00003eo1_K_J
8547,3,train,0.5964153409004211,pdb_00004ma7_H_L
8548,3,train,0.9176007509231567,pdb_00009mic_H_L
8549,3,train,0.05824287608265877,pdb_00008syp_M1_M2
8550,3,train,0.8650847673416138,pdb_00009mtm_H_L
8551,3,train,0.12160955369472504,pdb_00009zqa_I2_I1
8552,3,train,0.7070783376693726,pdb_00004n90_D_E
8553,3,train,0.021970393136143684,pdb_00008ia7_E1_E2
8554,3,train,0.5373124480247498,pdb_00006a3w_A_B
8555,3,train,0.9249964952468872,pdb_00008cxg_G_I
8556,3,train,1.0015369653701782,pdb_00007mzj_N_M
8557,3,train,1.0320810079574585,pdb_00007u9e_H1_H2
8558,3,train,0.5885140299797058,pdb_00001xiw_H_G
8559,3,train,0.6039658784866333,pdb_00007zfb_H_L
8560,3,train,1.2106773853302002,pdb_00006xq0_B_C
8561,3,train,0.04611356556415558,pdb_00008sps_N1_N2
8562,3,train,0.021179519593715668,pdb_00008xxx_S1_S2
8563,3,train,0.017917316406965256,pdb_00008h2g_E1_E2
8564,3,train,0.04791409149765968,pdb_00009vo0_E1_E2
8565,3,train,0.029889149591326714,pdb_00008xqf_S1_S2
8566,3,train,0.8358152508735657,pdb_00008ut2_H_G
8567,3,train,0.8550296425819397,pdb_00009mqd_J_N
8568,3,train,0.01592855155467987,pdb_00009jkx_S1_S2
8569,3,train,0.019575677812099457,pdb_00009iqt_E1_E2
8570,3,train,0.7086834907531738,pdb_00008jqn_h_l
8571,3,train,0.10069499164819717,pdb_00008jxw_E1_E2
8572,3,train,0.7794453501701355,pdb_00009ue8_M_N
8573,3,train,1.1722204685211182,pdb_00006glx_C_D
8574,3,train,0.6137267351150513,pdb_00008xse_H_L
8575,3,train,0.7675304412841797,pdb_00008gv6_G_H
8576,3,train,0.10066656768321991,pdb_00008u9s_M2_M1
8577,3,train,0.3605250120162964,pdb_00002qr0_X_W
8578,3,train,1.008135199546814,pdb_00008uf7_B_A
8579,3,train,0.9705210328102112,pdb_00007c88_H_L
8580,3,train,0.40748175978660583,pdb_00008vgj_K_L
8581,3,train,1.1463638544082642,pdb_00002r56_H_L
8582,3,train,0.7439549565315247,pdb_00009hh9_E_D
8583,3,train,0.017660580575466156,pdb_00007kh0_S1_S2
8584,3,train,0.7484095692634583,pdb_00001jhl_H_L
8585,3,train,0.05394505336880684,pdb_00007u0g_N1_N2
8586,3,train,0.7624434232711792,pdb_00008y3h_I_J
8587,3,train,0.11780201643705368,pdb_00002atk_A_B
8588,3,train,0.7490090131759644,pdb_00008f6x_F1_F2
8589,3,train,0.2934143841266632,pdb_00008elo_H_L
8590,3,train,0.01697639375925064,pdb_00009w49_S1_S2
8591,3,train,0.6601734161376953,pdb_00007tn0_H_G
8592,3,train,0.5497466325759888,pdb_00008ut2_L_K
8593,3,train,1.4324742555618286,pdb_00009rir_H_L
8594,3,train,1.056142807006836,pdb_00007mxl_J_K
8595,3,train,0.6090308427810669,pdb_00007e9b_H_L
8596,3,train,0.9873339533805847,pdb_00008zd6_E_F
8597,3,train,0.9291422367095947,pdb_00008w85_A_B
8598,3,train,0.7182410955429077,pdb_00007m3i_A_B
8599,3,train,0.4896470904350281,pdb_00007wwk_G_F
8600,3,train,0.580437421798706,pdb_00007rk1_D1_D2
8601,3,train,0.03777686506509781,pdb_00008xqt_S1_S2
8602,3,train,0.5895366668701172,pdb_00009n4f_M_N
8603,3,train,0.8848519325256348,pdb_00004am0_H_L
8604,3,train,0.37095215916633606,pdb_00003b2u_C_D
8605,3,train,0.5138464570045471,pdb_00007jmo_H_L
8606,3,train,1.1348941326141357,pdb_00005w3e_E_G
8607,3,train,0.7186406254768372,pdb_00006h3u_I_M
8608,3,train,1.0335519313812256,pdb_00008tpa_I_J
8609,3,train,1.3450266122817993,pdb_00008w0y_A_B
8610,3,train,0.8494442701339722,pdb_00004gxu_O_P
8611,3,train,0.04354128986597061,pdb_00008hvi_H1_H2
8612,3,train,1.1884076595306396,pdb_00006wtv_K_L
8613,3,train,0.9517910480499268,pdb_00008bg1_G_H
8614,3,train,0.9023261070251465,pdb_00007shy_K_L
8615,3,train,0.9907774329185486,pdb_00008xa4_C_D
8616,3,train,0.9907720685005188,pdb_00008dwy_X_W
8617,3,train,0.3979751467704773,pdb_00008z2e_H_L
8618,3,train,0.13215602934360504,pdb_00008dd2_K_L
8619,3,train,0.09378225356340408,pdb_00002ht3_E_F
8620,3,train,0.13162609934806824,pdb_00003fb7_A_B
8621,3,train,0.7967552542686462,pdb_00007lfa_B_D
8622,3,train,1.275156855583191,pdb_00009y41_H_L
8623,3,train,1.710538625717163,pdb_00009lbw_H_L
8624,3,train,0.04497985914349556,pdb_00008f7x_E1_E2
8625,3,train,0.055556271225214005,pdb_00008ejk_E1_E2
8626,3,train,0.04410618171095848,pdb_00007xms_S1_S2
8627,3,train,0.6513826251029968,pdb_00009quw_F_E
8628,3,train,0.014877169393002987,pdb_00009ik8_E1_E2
8629,3,train,0.4870842397212982,pdb_00009u5p_B_C
8630,3,train,0.05448293685913086,pdb_00007w7e_H1_H2
8631,3,train,0.02259972132742405,pdb_00008dwg_E1_E2
8632,3,train,0.8528105020523071,pdb_00007uzc_E_F
8633,3,train,0.06176476553082466,pdb_00006x3z_J_I
8634,3,train,0.6596697568893433,pdb_00009dzg_H_L
8635,3,train,0.9039819836616516,pdb_00002h9g_H_L
8636,3,train,0.7527158856391907,pdb_00009fys_B_C
8637,3,train,1.0006458759307861,pdb_00007uvs_D_E
8638,3,train,0.4238777458667755,pdb_00007kfv_H_L
8639,3,train,1.1874818801879883,pdb_00007bsd_H_L
8640,3,train,0.7351813316345215,pdb_00004f2m_C_D
8641,3,train,0.6795952320098877,pdb_00001dee_D_C
8642,3,train,1.0130014419555664,pdb_00009cq8_G_H
8643,3,train,0.25886857509613037,pdb_00008vgk_F_E
8644,3,train,0.11622688919305801,pdb_00007tct_E_F
8645,3,train,0.012171500362455845,pdb_00008yyx_A1_A2
8646,3,train,0.8431743383407593,pdb_00006n5d_C_D
8647,3,train,0.020686957985162735,pdb_00009iv1_S1_S2
8648,3,train,0.024499299004673958,pdb_00007cmu_E1_E2
8649,3,train,1.2751414775848389,pdb_00005d1z_F_E
8650,3,train,0.8246530890464783,pdb_00006xy2_H_L
8651,3,train,0.5141974687576294,pdb_00003s36_H_L
8652,3,train,0.7750071287155151,pdb_00008dwx_X_W
8653,3,train,0.3715539276599884,pdb_00004tnw_U_h
8654,3,train,0.690567135810852,pdb_00005wko_I_J
8655,3,train,1.1732845306396484,pdb_00001yy9_D_C
8656,3,train,1.1772661209106445,pdb_00007t4q_F_G
8657,3,train,1.127685308456421,pdb_00007y0w_A_B
8658,3,train,0.7563940286636353,pdb_00008dis_H_L
8659,3,train,0.8999999761581421,pdb_00009o7g_C_D
8660,3,train,0.0681140348315239,pdb_00003t3m_H_L
8661,3,train,0.9763961434364319,pdb_00004u6h_C_D
8662,3,train,0.009654702618718147,pdb_00009jr3_S1_S2
8663,3,train,0.5919886827468872,pdb_00007x1m_H_L
8664,3,train,0.8959643840789795,pdb_00006t9d_AAA_BBB
8665,3,train,0.02267533354461193,pdb_00008vy9_D1_D2
8666,3,train,0.04503867030143738,pdb_00008ejc_E1_E2
8667,3,train,0.023469334468245506,pdb_00007qvm_S1_S2
8668,3,train,0.43314027786254883,pdb_00007f7h_A_B
8669,3,train,1.174007773399353,pdb_00007m7w_A_B
8670,3,train,0.021121742203831673,pdb_00009upu_S1_S2
8671,3,train,1.189595341682434,pdb_00008erq_H_L
8672,3,train,0.4860019385814667,pdb_00007nx8_H_L
8673,3,train,0.6190137267112732,pdb_00009me4_I_M
8674,3,train,0.6667987704277039,pdb_00007zmk_V_W
8675,3,train,0.8543832898139954,pdb_00007xrz_H_L
8676,3,train,0.9015312790870667,pdb_00003eoa_B_A
8677,3,train,0.7075047492980957,pdb_00006xq4_E_F
8678,3,train,0.48097583651542664,pdb_00005aaw_K1_K2
8679,3,train,0.043636444956064224,pdb_00008eit_E1_E2
8680,3,train,0.16648724675178528,pdb_00001c08_B_A
8681,3,train,0.5910430550575256,pdb_00001mlc_D_C
8682,3,train,0.2538144886493683,pdb_00008vgj_H_G
8683,3,train,0.033539287745952606,pdb_00008x16_H1_H2
8684,3,train,1.277512788772583,pdb_00009jub_B_C
8685,3,train,0.5204894542694092,pdb_00006j6y_B_C
8686,3,train,0.9960466027259827,pdb_00003c09_C_B
8687,3,train,1.1645536422729492,pdb_00007ezv_M_N
8688,3,train,0.45541808009147644,pdb_00001dqj_B_A
8689,3,train,0.5409789085388184,pdb_00007klg_I_M
8690,3,train,0.0723857432603836,pdb_00002ht2_E_F
8691,3,train,0.8574129343032837,pdb_00007zoz_H_L
8692,3,train,0.6549692749977112,pdb_00009bt5_C_D
8693,3,train,0.027470791712403297,pdb_00009clw_N1_N2
8694,3,train,1.1167364120483398,pdb_00006d0u_K_L
8695,3,train,0.6480076313018799,pdb_00008jio_C_B
8696,3,train,0.6860295534133911,pdb_00004hg4_L_M
8697,3,train,0.4774380326271057,pdb_00007mzh_B_C
8698,3,train,0.2440122365951538,pdb_00004tnw_I_O
8699,3,train,1.6641167402267456,pdb_00009o7i_D_C
8700,3,train,0.10327745229005814,pdb_00008x8l_E1_E2
8701,3,train,0.9937366843223572,pdb_00008fdo_A_B
8702,3,train,0.8527059555053711,pdb_00008zd5_H_I
8703,3,train,0.46089327335357666,pdb_00008w2e_D_C
8704,3,train,0.0718914270401001,pdb_00002fee_J_O
8705,3,train,0.01287826243788004,pdb_00008yyw_B1_B2
8706,3,train,0.3631545305252075,pdb_00007kfv_C_D
8707,3,train,0.7255465984344482,pdb_00008zd5_K_L
8708,3,train,0.015874264761805534,pdb_00008jbg_E1_E2
8709,3,train,0.7140303254127502,pdb_00001fbi_H_L
8710,3,train,1.0106886625289917,pdb_00001tpx_B_C
8711,3,train,0.43111398816108704,pdb_00006txz_H_L
8712,3,train,0.4818861484527588,pdb_00007m6d_H_L
8713,3,train,0.011665384285151958,pdb_00008k2x_S1_S2
8714,3,train,0.017028488218784332,pdb_00008kfz_S1_S2
8715,3,train,1.1638482809066772,pdb_00007wed_H_L
8716,3,train,1.2508615255355835,pdb_00009e3l_G_H
8717,3,train,1.3680256605148315,pdb_00009ml8_E_F
8718,3,train,0.17938683927059174,pdb_00006k5f_C_D
8719,3,train,0.49176332354545593,pdb_00006ii8_G_I
8720,3,train,0.018431786447763443,pdb_00008hn8_S1_S2
8721,3,train,0.015820706263184547,pdb_00008jlq_S1_S2
8722,3,train,0.6730327010154724,pdb_00008uwz_A_B
8723,3,train,0.554671585559845,pdb_00007rks_I_M
8724,3,train,0.4329177737236023,pdb_00007zfe_M_N
8725,3,train,0.4333687424659729,pdb_00009u5q_B_C
8726,3,train,1.0091407299041748,pdb_00007q6c_H_L
8727,3,train,0.34147408604621887,pdb_00006xc4_X_Y
8728,3,train,0.008627076633274555,pdb_00009cgj_E1_E2
8729,3,train,0.8263854384422302,pdb_00007f3q_H_L
8730,3,train,1.265486240386963,pdb_00008tea_F_I
8731,3,train,0.8634093403816223,pdb_00008khr_H_L
8732,3,train,0.020684722810983658,pdb_00009kvh_E1_E2
8733,3,train,0.40443363785743713,pdb_00008tft_I_M
8734,3,train,0.5450608134269714,pdb_00009me5_I_M
8735,3,train,0.18052370846271515,pdb_00002hjf_A_B
8736,3,train,0.1434563249349594,pdb_00007e32_E1_E2
8737,3,train,0.0537196584045887,pdb_00009wp9_C1_C2
8738,3,train,0.10192325711250305,pdb_00008evg_M1_M2
8739,3,train,0.031160395592451096,pdb_00009bsb_E1_E2
8740,3,train,0.8635557293891907,pdb_00005w3o_D_E
8741,3,train,0.1358548253774643,pdb_00006x3v_K_L
8742,3,train,0.02386496029794216,pdb_00009k3k_S1_S2
8743,3,train,0.46735888719558716,pdb_00008jen_E_F
8744,3,train,0.564171314239502,pdb_00001xgr_B_A
8745,3,train,0.021280914545059204,pdb_00008xjm_E1_E2
8746,3,train,1.2740519046783447,pdb_00009cci_B_C
8747,3,train,0.019281156361103058,pdb_00007vuz_S1_S2
8748,3,train,0.2915581464767456,pdb_00001nbz_B_A
8749,3,train,0.691561222076416,pdb_00007ley_G_F
8750,3,train,1.0263240337371826,pdb_00006ywc_D_E
8751,3,train,0.8857311010360718,pdb_00009l07_H_L
8752,3,train,0.39185258746147156,pdb_00003d9a_H_L
8753,3,train,0.9095426201820374,pdb_00009gwt_H_L
8754,3,train,1.4119735956192017,pdb_00004hf5_H_L
8755,3,train,0.013738604262471199,pdb_00006xox_E1_E2
8756,3,train,0.5357896685600281,pdb_00007zmk_B_C
8757,3,train,1.3180453777313232,pdb_00009l8z_C_B
8758,3,train,0.7916848063468933,pdb_00007v3g_I_M
8759,3,train,0.01237422414124012,pdb_00007cmv_E1_E2
8760,3,train,0.07323341816663742,pdb_00002vdo_H_L
8761,3,train,0.8807519674301147,pdb_00008zdw_F_E
8762,3,train,0.06796614080667496,pdb_00008zfz_D1_D2
8763,3,train,1.5306974649429321,pdb_00008ulj_H_L
8764,3,train,0.8310502767562866,pdb_00009t5z_H_L
8765,3,train,0.9312248826026917,pdb_00009dn2_H_L
8766,3,train,0.7105428576469421,pdb_00008vgl_E_F
8767,3,train,0.9854546785354614,pdb_00005b8c_B_A
8768,3,train,0.6283689737319946,pdb_00007eam_H_L
8769,3,train,0.9526330828666687,pdb_00007uvi_A_B
8770,3,train,0.016500476747751236,pdb_00009k3f_S1_S2
8771,3,train,0.8584920763969421,pdb_00009mla_G_J
8772,3,train,1.2784690856933594,pdb_00001rzk_H_L
8773,3,train,0.6172032952308655,pdb_00008y3k_G_H
8774,3,train,0.5952920913696289,pdb_00008bg3_A1_A2
8775,3,train,1.0375950336456299,pdb_00007yd1_A_B
8776,3,train,0.01370665431022644,pdb_00009jh3_S1_S2
8777,3,train,0.8496246933937073,pdb_00007ucq_H1_H2
8778,3,train,0.03982207179069519,pdb_00008i9s_H1_H2
8779,3,train,0.779594898223877,pdb_00009mkn_I_M
8780,3,train,0.1052844449877739,pdb_00007xta_E1_E2
8781,3,train,0.017827965319156647,pdb_00008h0p_E1_E2
8782,3,train,0.7215248346328735,pdb_00003eoa_H_L
8783,3,train,1.1999763250350952,pdb_00009oi3_H_L
8784,3,train,0.5656639337539673,pdb_00008ulf_J_N
8785,3,train,0.6709229946136475,pdb_00004hg4_J_K
8786,3,train,0.9359117746353149,pdb_00007quh_H_L
8787,3,train,1.2609755992889404,pdb_00001iqd_B_A
8788,3,train,1.0660121440887451,pdb_00009mtg_M_N
8789,3,train,1.2463665008544922,pdb_00009mtk_H_L
8790,3,train,0.07847534120082855,pdb_00009v1h_E1_E2
8791,3,train,0.6389912366867065,pdb_00007dk2_G_H
8792,3,train,0.019693361595273018,pdb_00009vo2_S1_S2
8793,3,train,0.7516244053840637,pdb_00007lfa_H_L
8794,3,train,0.07939544320106506,pdb_00008iec_N1_N2
8795,3,train,0.07797423750162125,pdb_00008ied_N1_N2
8796,3,train,0.01598868891596794,pdb_00008k6o_S1_S2
8797,3,train,0.1252480298280716,pdb_00002vdk_H_L
8798,3,train,0.7711993455886841,pdb_00006k7o_B_C
8799,3,train,0.635450541973114,pdb_00007whz_B_D
8800,3,train,0.07969627529382706,pdb_00007u0i_K1_K2
8801,3,train,1.2104803323745728,pdb_00009e3k_J_K
8802,3,train,0.011741858907043934,pdb_00009vmo_S1_S2
8803,3,train,0.6663760542869568,pdb_00007f0x_B1_B2
8804,3,train,1.5047496557235718,pdb_00005d1z_D_C
8805,3,train,0.06764580309391022,pdb_00002vdr_H_L
8806,3,train,0.050675250589847565,pdb_00002ht4_C_D
8807,3,train,0.48879119753837585,pdb_00007zmk_G_H
8808,3,train,0.7757322192192078,pdb_00007tpj_H_L
8809,3,train,1.1833924055099487,pdb_00009e3l_K_L
8810,3,train,0.0082715367898345,pdb_00007wf7_E1_E2
8811,3,train,0.5884299874305725,pdb_00008wpy_C_D
8812,3,train,0.25629889965057373,pdb_00004tnw_G_K
8813,3,train,0.2633476257324219,pdb_00008wnp_B_A
8814,3,train,0.9606201648712158,pdb_00008suo_I_M
8815,3,train,0.19107265770435333,pdb_00002dqe_H_L
8816,3,train,0.9504950046539307,pdb_00007t3d_P_R
8817,3,train,0.4609203040599823,pdb_00008hn6_A_B
8818,3,train,0.3618016242980957,pdb_00007kfv_F_G
8819,3,train,1.025653600692749,pdb_00004hjj_H2_L2
8820,3,train,0.07152441143989563,pdb_00008sps_K1_K2
8821,3,train,0.05491835996508598,pdb_00003ze2_H_L
8822,3,train,0.9965882897377014,pdb_00009rii_H_L
8823,3,train,1.2410463094711304,pdb_00008gb5_I_H
8824,3,train,1.088071584701538,pdb_00008vte_D_C
8825,3,train,1.1823469400405884,pdb_00008hrd_O_P
8826,3,train,0.4084380865097046,pdb_00008f2j_D_F
8827,3,train,1.371277093887329,pdb_00005hbt_D_C
8828,3,train,0.015062382444739342,pdb_00009kfj_S1_S2
8829,3,train,0.020066265016794205,pdb_00008zqe_S1_S2
8830,3,train,0.8606681823730469,pdb_00008dxt_H_L
8831,3,train,0.8435978889465332,pdb_00008v5v_f_g
8832,3,train,0.8313857913017273,pdb_00005kov_I1_I2
8833,3,train,0.41590315103530884,pdb_00007kmh_A_B
8834,3,train,0.03939192369580269,pdb_00009b5y_N1_N2
8835,3,train,0.8245659470558167,pdb_00007ycn_K_L
8836,3,train,0.6843872666358948,pdb_00009bao_E_F
8837,3,train,1.4088757038116455,pdb_00008ezl_H1_H2
8838,3,train,0.8719246983528137,pdb_00005ggs_A_B
8839,3,train,0.4730971157550812,pdb_00009jy3_R_Q
8840,3,train,0.13317057490348816,pdb_00002dqc_H_L
8841,3,train,0.8447378873825073,pdb_00008rrn_C_D
8842,3,train,1.0627222061157227,pdb_00004lvh_H_I
8843,3,train,0.6726138591766357,pdb_00009q7b_L_M
8844,3,train,0.9061587452888489,pdb_00008w86_A_B
8845,3,train,0.018622346222400665,pdb_00008kfx_S1_S2
8846,3,train,0.14811861515045166,pdb_00006k5a_C_D
8847,3,train,0.012993558309972286,pdb_00009kvi_E1_E2
8848,3,train,1.2652840614318848,pdb_00009rim_H_L
8849,3,train,0.9209960699081421,pdb_00007dm1_D_C
8850,3,train,0.8370588421821594,pdb_00004ag4_H_L
8851,3,train,0.034258317202329636,pdb_00009ejz_H1_H2
8852,3,train,0.6709046959877014,pdb_00002h9g_B_A
8853,3,train,0.8274937272071838,pdb_00007l5j_Y_X
8854,3,train,0.9927846789360046,pdb_00004f37_F_K
8855,3,train,0.8112639784812927,pdb_00007yvl_A_C
8856,3,train,0.03461218997836113,pdb_00002hlf_E_F
8857,3,train,0.9096235632896423,pdb_00008tnt_G_F
8858,3,train,1.1725788116455078,pdb_00007yru_H_L
8859,3,train,0.010667083784937859,pdb_00009ik9_E1_E2
8860,3,train,0.6841315627098083,pdb_00008jqn_H_L
8861,3,train,0.7015250325202942,pdb_00008w83_E_F
8862,3,train,1.3403842449188232,pdb_00004ut6_H_L
8863,3,train,0.01053190790116787,pdb_00007aue_S1_S2
8864,3,train,0.036237988620996475,pdb_00001ott_C_D
8865,3,train,0.008586115203797817,pdb_00009lrd_E1_E2
8866,3,train,0.29651764035224915,pdb_00004tnw_F_N
8867,3,train,0.8090075254440308,pdb_00008zd6_K_L
8868,3,train,0.8451233506202698,pdb_00004v1d_A_B
8869,3,train,1.1621387004852295,pdb_00008gsc_H_L
8870,3,train,0.6698371767997742,pdb_00005w0k_E_F
8871,3,train,1.4965322017669678,pdb_00003bgf_H_L
8872,3,train,0.07370147854089737,pdb_00007ujk_E_F
8873,3,train,0.722946047782898,pdb_00007wh8_B_A
8874,3,train,0.6158886551856995,pdb_00008bec_A1_A2
8875,3,train,0.4533552825450897,pdb_00007s0b_C_D
8876,3,train,0.17953243851661682,pdb_00008vrn_J_I
8877,3,train,0.017152005806565285,pdb_00006kpg_S1_S2
8878,3,train,0.05228268727660179,pdb_00007vie_E1_E2
8879,3,train,0.024142181500792503,pdb_00009iyb_E1_E2
8880,3,train,0.011731255799531937,pdb_00007v69_S1_S2
8881,3,train,0.034357015043497086,pdb_00008xyd_E1_E2
8882,3,train,0.05466879531741142,pdb_00007w0p_S1_S2
8883,3,train,0.7734626531600952,pdb_00006bpa_E_F
8884,3,train,0.44899970293045044,pdb_00008pwh_B_A
8885,3,train,0.026156043633818626,pdb_00008f7q_E1_E2
8886,3,train,0.7826662063598633,pdb_00002r29_H_L
8887,3,train,0.14665503799915314,pdb_00007k63_M2_M1
8888,3,train,0.6799005270004272,pdb_00005wko_G_H
8889,3,train,0.9452983140945435,pdb_00006woz_K_L
8890,3,train,1.0334752798080444,pdb_00007zwi_E_F
8891,3,train,0.9632114171981812,pdb_00008u4q_H_L
8892,3,train,0.7514114379882812,pdb_00003g6d_H_L
8893,3,train,0.5178425908088684,pdb_00007dk2_A_B
8894,3,train,1.0054993629455566,pdb_00009mtj_M_N
8895,3,train,0.4753926396369934,pdb_00008hpu_M_N
8896,3,train,1.2288196086883545,pdb_00008tp5_H_L
8897,3,train,0.020571062341332436,pdb_00007xjj_S1_S2
8898,3,train,0.6381881833076477,pdb_00007jx3_H_L
8899,3,train,0.3278457224369049,pdb_00002qr0_R_Q
8900,3,train,0.7030813097953796,pdb_00005jz7_C_D
8901,3,train,0.6857302188873291,pdb_00009h4s_H_L
8902,3,train,0.025839200243353844,pdb_00008g94_E1_E2
8903,3,train,0.8852583765983582,pdb_00005w3m_E_G
8904,3,train,1.0364391803741455,pdb_00001n6q_H_L
8905,3,train,0.7645590901374817,pdb_00007bbj_H_L
8906,3,train,1.228437900543213,pdb_00009rik_H_L
8907,3,train,0.017204074189066887,pdb_00008xxu_E1_E2
8908,3,train,0.3953024744987488,pdb_00006vmk_K_J
8909,3,train,1.011492133140564,pdb_00006d0u_C_D
8910,3,train,2.0453085899353027,pdb_00008cdd_E_D
8911,3,train,0.7988922595977783,pdb_00006vvu_H_L
8912,3,train,0.5655417442321777,pdb_00008w83_M_N
8913,3,train,0.2265220284461975,pdb_00003ri5_H_L
8914,3,train,0.052394598722457886,pdb_00009p0m_F1_F2
8915,3,train,0.22618454694747925,pdb_00008ihh_S1_S2
8916,3,train,0.812856912612915,pdb_00006woz_H_I
8917,3,train,0.3803248405456543,pdb_00008hws_H_L
8918,3,train,0.6219652891159058,pdb_00006xq2_F_E
8919,3,train,0.011665201745927334,pdb_00008xzj_S1_S2
8920,3,train,0.606757402420044,pdb_00008h7z_F_I
8921,3,train,0.5897216796875,pdb_00007ws7_G_F
8922,3,train,0.9972060322761536,pdb_00006mlm_F_G
8923,3,train,0.8055715560913086,pdb_00009hub_I_M
8924,3,train,0.8831287026405334,pdb_00005dhx_B2_B1
8925,3,train,0.662825345993042,pdb_00008v5v_b_d
8926,3,train,0.5560946464538574,pdb_00007wqv_N1_N2
8927,3,train,0.9992840886116028,pdb_00008da1_B_A
8928,3,train,0.49171245098114014,pdb_00007mzj_F_E
8929,3,train,0.7550229430198669,pdb_00007lq7_F_G
8930,3,train,0.025119561702013016,pdb_00009plo_S1_S2
8931,3,train,0.7609094977378845,pdb_00006ba5_H_G
8932,3,train,0.559418261051178,pdb_00005wko_A_B
8933,3,train,0.01439803745597601,pdb_00009l80_S1_S2
8934,3,train,0.008740577846765518,pdb_00008id4_S1_S2
8935,3,train,0.6831064820289612,pdb_00003fku_X1_X2
8936,3,train,0.9471449851989746,pdb_00008cii_A_B
8937,3,train,0.017711415886878967,pdb_00008iy5_E1_E2
8938,3,train,0.9288181662559509,pdb_00009cu7_H_L
8939,3,train,1.193211317062378,pdb_00009ma7_D_E
8940,3,train,0.6135001182556152,pdb_00008zh7_K_L
8941,3,train,0.3517035245895386,pdb_00009our_H_L
8942,3,train,0.8492118716239929,pdb_00004oii_H_L
8943,3,train,1.1099205017089844,pdb_00008dv6_C_L
8944,3,train,0.9827383160591125,pdb_00009yyu_I_M
8945,3,train,1.0530517101287842,pdb_00009qub_D_C
8946,3,train,2.147324323654175,pdb_00004i3r_H_L
8947,3,train,0.9647315144538879,pdb_00002vit_B_A
8948,3,train,1.140081524848938,pdb_00007mkm_H_L
8949,3,train,0.02328595519065857,pdb_00008jlk_S1_S2
8950,3,train,0.8459086418151855,pdb_00001oak_H_L
8951,3,train,0.11434757709503174,pdb_00006ad8_E_F
8952,3,train,0.4296463131904602,pdb_00008as0_W_V
8953,3,train,0.04538649693131447,pdb_00007rkx_D1_D2
8954,3,train,1.0355406999588013,pdb_00005t5f_H_L
8955,3,train,0.971102237701416,pdb_00009npg_A_B
8956,3,train,0.03731502965092659,pdb_00007trs_H1_H2
8957,3,train,0.029995473101735115,pdb_00008ef6_E1_E2
8958,3,train,0.806838870048523,pdb_00003g6j_H_G
8959,3,train,0.1598544418811798,pdb_00006x3x_K_L
8960,3,train,0.04499341547489166,pdb_00009izg_S1_S2
8961,3,train,0.7812181115150452,pdb_00008zdw_U_R
8962,3,train,0.7344762086868286,pdb_00006n5d_E_F
8963,3,train,0.0683409720659256,pdb_00007t94_E1_E2
8964,3,train,0.6501976847648621,pdb_00009wsv_H_L
8965,3,train,1.196958065032959,pdb_00007ean_H_L
8966,3,train,0.4496874213218689,pdb_00008f2j_H_L
8967,3,train,0.49241408705711365,pdb_00008too_B_A
8968,3,train,0.8961029052734375,pdb_00006a4k_K_O
8969,3,train,0.7965508699417114,pdb_00004gxu_W_X
8970,3,train,1.2992902994155884,pdb_00004ffw_H_L
8971,3,train,0.9877796173095703,pdb_00007mzj_H_L
8972,3,train,0.9181172251701355,pdb_00007w71_H_L
8973,3,train,0.9376007318496704,pdb_00008w5l_H_L
8974,3,train,0.8859802484512329,pdb_00004xnm_B_A
8975,3,train,0.0790422186255455,pdb_00008z3q_S1_S2
8976,3,train,1.250146746635437,pdb_00008hgm_C_D
8977,3,train,0.8312382698059082,pdb_00005d1z_G_H
8978,3,train,0.783762514591217,pdb_00007pry_C_D
8979,3,train,0.5804731249809265,pdb_00004m62_I_M
8980,3,train,0.026706721633672714,pdb_00008ij3_S1_S2
8981,3,train,0.7799087762832642,pdb_00008dwx_V_U
8982,3,train,0.6043435335159302,pdb_00009n4f_O_P
8983,3,train,1.1982231140136719,pdb_00009xth_B_C
8984,3,train,0.4661942720413208,pdb_00007nx7_H_L
8985,3,train,0.01798192970454693,pdb_00007xw9_S1_S2
8986,3,train,0.6094583868980408,pdb_00008go8_I_M
8987,3,train,0.023353759199380875,pdb_00008zpt_E1_E2
8988,3,train,0.09968599677085876,pdb_00007u0j_K1_K2
8989,3,train,0.5794530510902405,pdb_00007kmg_D_E
8990,3,train,0.27127549052238464,pdb_00003rif_G_K
8991,3,train,0.564079761505127,pdb_00005yoy_R_O
8992,3,train,0.6075754165649414,pdb_00004h88_H_L
8993,3,train,0.02474754862487316,pdb_00007u2l_E1_E2
8994,3,train,0.09372690320014954,pdb_00008e9w_E1_E2
8995,3,train,0.08389297872781754,pdb_00002vdl_H_L
8996,3,train,0.019748680293560028,pdb_00009oxb_D1_D2
8997,3,train,0.6422220468521118,pdb_00009lbs_H_L
8998,3,train,0.6508803963661194,pdb_00005xhv_P_Q
8999,3,train,1.0663225650787354,pdb_00009oco_H_L
9000,3,train,0.8079496026039124,pdb_00008gy5_H_L
9001,3,train,1.3318841457366943,pdb_00009ma7_B_C
9002,3,train,0.4568997323513031,pdb_00009wb3_B_C
9003,3,train,0.06555110961198807,pdb_00009ipv_S1_S2
9004,3,train,0.034356240183115005,pdb_00008ykw_E1_E2
9005,3,train,0.02481212094426155,pdb_00008hnk_S1_S2
9006,3,train,0.6434361934661865,pdb_00003wkm_I_M
9007,3,train,0.026291608810424805,pdb_00009f34_E1_E2
9008,3,train,0.5358350872993469,pdb_00008j26_B_A
9009,3,train,0.6167719960212708,pdb_00007cdj_H_L
9010,3,train,0.01487643551081419,pdb_00007na8_N1_N2
9011,3,train,0.6408244371414185,pdb_00007t3d_K_N
9012,3,train,0.6008956432342529,pdb_00009ixa_H_L
9013,3,train,0.8607531189918518,pdb_00009npg_D_E
9014,3,train,0.6190582513809204,pdb_00009iw2_H_L
9015,3,train,0.7943001389503479,pdb_00008jqm_H_L
9016,3,train,0.6036577224731445,pdb_00007lop_W_V
9017,3,train,0.6709161400794983,pdb_00008y31_D_C
9018,3,train,1.0153735876083374,pdb_00006jhs_E_D
9019,3,train,0.012368939816951752,pdb_00007wv9_S1_S2
9020,3,train,0.7875300645828247,pdb_00009mqd_I_M
9021,3,train,0.9619815349578857,pdb_00006wtu_K_L
9022,3,train,0.045808374881744385,pdb_00007ej8_H1_H2
9023,3,train,1.0843839645385742,pdb_00006t9e_AAA_BBB
9024,3,train,0.007980047725141048,pdb_00009l42_E1_E2
9025,3,train,0.6679709553718567,pdb_00004np4_H_L
9026,3,train,0.6694772839546204,pdb_00003fku_S1_S2
9027,3,train,0.043330345302820206,pdb_00002h2s_C_D
9028,3,train,1.2265714406967163,pdb_00004ubd_G_H
9029,3,train,0.3437312841415405,pdb_00008smt_H_L
9030,3,train,0.7922728061676025,pdb_00008f6x_E1_E2
9031,3,train,1.1752281188964844,pdb_00008e8s_H_L
9032,3,train,0.015377386473119259,pdb_00007scg_E1_E2
9033,3,train,1.0117863416671753,pdb_00008e8r_H_L
9034,3,train,0.3633573055267334,pdb_00008as0_E_D
9035,3,train,0.7637279033660889,pdb_00006wzl_A_B
9036,3,train,0.7414100766181946,pdb_00003v6z_A_B
9037,3,train,0.08364509046077728,pdb_00006dzt_M1_M2
9038,3,train,0.45814940333366394,pdb_00004tsb_H_L
9039,3,train,0.6367647051811218,pdb_00007lq7_P_Q
9040,3,train,0.07311677187681198,pdb_00007k61_N2_N1
9041,3,train,0.8272494673728943,pdb_00008jin_P2_P1
9042,3,train,0.7438591122627258,pdb_00008dnn_B_C
9043,3,train,0.018146159127354622,pdb_00008gcm_E1_E2
9044,3,train,0.08992530405521393,pdb_00006e0c_M1_M2
9045,3,train,1.1794013977050781,pdb_00009ml8_M_N
9046,3,train,0.6703724265098572,pdb_00009hhr_F_E
9047,3,train,0.7587803602218628,pdb_00008u44_U_W
9048,3,train,0.03739684075117111,pdb_00008xjn_E1_E2
9049,3,train,1.3920384645462036,pdb_00006osh_H_L
9050,3,train,0.4988521933555603,pdb_00009jy4_R_Q
9051,3,train,0.667432427406311,pdb_00007ley_D_E
9052,3,train,0.7582749128341675,pdb_00007t0z_H_L
9053,3,train,0.6950178742408752,pdb_00009jbq_A_B
9054,3,train,0.6341029405593872,pdb_00005jz7_H_L
9055,3,train,0.9808217287063599,pdb_00008bcz_H_L
9056,3,train,0.020634876564145088,pdb_00008thk_F1_F2
9057,3,train,0.6597368717193604,pdb_00007mxl_H_L
9058,3,train,0.8299446105957031,pdb_00008gsd_H_L
9059,3,train,0.4854927062988281,pdb_00008j1q_B_A
9060,3,train,0.8067550659179688,pdb_00004wv1_B_A
9061,3,train,0.8246827125549316,pdb_00007k9z_B_A
9062,3,train,0.713013231754303,pdb_00008cn9_G_F
9063,3,train,0.8530838489532471,pdb_00007deu_B1_B2
9064,3,train,0.026898447424173355,pdb_00008jgg_S1_S2
9065,3,train,0.9697172045707703,pdb_00007dm2_H_L
9066,3,train,0.7544280886650085,pdb_00008rrn_H_L
9067,3,train,0.4812639057636261,pdb_00007vag_H_L
9068,3,train,0.7794873118400574,pdb_00008sit_H_L
9069,3,train,0.6785138845443726,pdb_00009mqa_H_L
9070,3,train,0.7248713374137878,pdb_00008dis_B_G
9071,3,train,1.222294569015503,pdb_00007x3e_H_L
9072,3,train,0.40734371542930603,pdb_000011ol_H_L
9073,3,train,1.291023850440979,pdb_00007ezv_H_L
9074,3,train,1.2568788528442383,pdb_00006mto_H_L
9075,3,train,0.7030036449432373,pdb_00009tmp_H_L
9076,3,train,0.0975942611694336,pdb_00003ze0_E_F
9077,3,train,1.3970133066177368,pdb_00009e89_H_L
9078,3,train,0.02969646453857422,pdb_00009cm7_N1_N2
9079,3,train,0.506238579750061,pdb_00008bg4_A1_A2
9080,3,train,0.469632625579834,pdb_00008dn6_C_D
9081,3,train,0.0964454859495163,pdb_00003nig_E_F
9082,3,train,0.11639714241027832,pdb_00007u0g_O1_O2
9083,3,train,1.0610963106155396,pdb_00009lsi_D1_C2
9084,3,train,0.7979579567909241,pdb_00004ogx_H_L
9085,3,train,0.7050305604934692,pdb_00009q5v_K_J
9086,3,train,0.6728082299232483,pdb_00007xcz_B_C
9087,3,train,0.007654003798961639,pdb_00008g59_S1_S2
9088,3,train,0.5907428860664368,pdb_00009n8j_F_G
9089,3,train,0.8315258026123047,pdb_00008g5b_H_L
9090,3,train,0.23683351278305054,pdb_00002itc_A_B
9091,3,train,0.03944435343146324,pdb_00008h8j_H1_H2
9092,3,train,0.4773014187812805,pdb_00003s37_H_L
9093,3,train,0.09958045184612274,pdb_00009x3z_S1_S2
9094,3,train,1.182379126548767,pdb_00006wtv_H_I
9095,3,train,0.05809611827135086,pdb_00008ubk_N2_N1
9096,3,train,0.7064645290374756,pdb_00009cpv_H_L
9097,3,train,0.41163715720176697,pdb_00009jy1_P_O
9098,3,train,0.013492492958903313,pdb_00007wy0_C1_C2
9099,3,train,0.758361279964447,pdb_00006t3j_A_B
9100,3,train,0.011123371310532093,pdb_00007vdl_S1_S2
9101,3,train,0.6335028409957886,pdb_00007sk4_D_C
9102,3,train,0.12438879162073135,pdb_00001j1p_H_L
9103,3,train,0.8694559931755066,pdb_00007scn_H_L
9104,3,train,0.04255909100174904,pdb_00007k63_N2_N1
9105,3,train,0.03612632304430008,pdb_00007y89_S1_S2
9106,3,train,0.007608466781675816,pdb_00008hoc_S1_S2
9107,3,train,1.0034005641937256,pdb_00006ocb_H_L
9108,3,train,0.3690320551395416,pdb_00007c01_C_D
9109,3,train,0.008418580517172813,pdb_00008x9t_S1_S2
9110,3,train,0.8793113827705383,pdb_00008rmy_E_F
9111,3,train,0.7353882193565369,pdb_00009mkn_H_L
9112,3,train,0.008640802465379238,pdb_00008hcx_E1_E2
9113,3,train,0.7682187557220459,pdb_00008tx3_H_L
9114,3,train,0.057476624846458435,pdb_00009vo1_E1_E2
9115,3,train,0.32798683643341064,pdb_00006zlr_BBB_CCC
9116,3,train,0.7130545377731323,pdb_00001dee_F_E
9117,3,train,1.11862313747406,pdb_00008dwo_U_V
9118,3,train,0.6301233172416687,pdb_00006ban_H_G
9119,3,train,0.021665072068572044,pdb_00008j6r_S1_S2
9120,3,train,0.5142573714256287,pdb_00007klh_I_M
9121,3,train,0.06237218528985977,pdb_00007u60_E_F
9122,3,train,0.009044983424246311,pdb_00008xqn_S1_S2
9123,3,train,0.11325136572122574,pdb_00008si9_K_L
9124,3,train,0.39051392674446106,pdb_00008vgj_F_E
9125,3,train,0.05328861251473427,pdb_00009kt9_E1_E2
9126,3,train,0.024318011477589607,pdb_00008jsr_C1_C2
9127,3,train,0.9204360246658325,pdb_00008hpf_H_L
9128,3,train,0.5830257534980774,pdb_00001tzh_H_L
9129,3,train,0.5144885778427124,pdb_00004dgi_H_L
9130,3,train,0.8691188097000122,pdb_00007ebz_E_F
9131,3,train,0.9159286022186279,pdb_00008zre_h_l
9132,3,train,1.3310787677764893,pdb_00004ki5_C_D
9133,3,train,0.060623425990343094,pdb_00006k5i_E_F
9134,3,train,1.003709316253662,pdb_00008tzw_H_L
9135,3,train,0.06518887728452682,pdb_00006x3x_J_I
9136,3,train,0.007615793962031603,pdb_00009vnf_E1_E2
9137,3,train,0.38917991518974304,pdb_00007x2k_H_L
9138,3,train,0.6710009574890137,pdb_00001tqb_B_C
9139,3,train,0.05092385411262512,pdb_00002exy_E_F
9140,3,train,0.7742624282836914,pdb_00009lf8_H_L
9141,3,train,0.011462246999144554,pdb_00008kgg_E1_E2
9142,3,train,1.4462611675262451,pdb_00008tnn_J_I
9143,3,train,0.4502919018268585,pdb_00008f2j_I_J
9144,3,train,0.5853360891342163,pdb_00007zfc_A_B
9145,3,train,0.07166631519794464,pdb_00006e0p_M1_M2
9146,3,train,0.4329460859298706,pdb_00008jen_C_D
9147,3,train,0.08467976003885269,pdb_00003zdx_E_F
9148,3,train,0.07950346171855927,pdb_00007t90_E1_E2
9149,3,train,0.7589749693870544,pdb_00008dwy_Z_Y
9150,3,train,0.3440040647983551,pdb_000011oq_H_L
9151,3,train,1.2078193426132202,pdb_00005c0n_H_L
9152,3,train,0.5914762616157532,pdb_00009og2_B_C
9153,3,train,0.0752895250916481,pdb_00007k5x_M2_M1
9154,3,train,1.5319037437438965,pdb_00008v2e_A_B
9155,3,train,0.027750849723815918,pdb_00008k9k_H1_H2
9156,3,train,1.1443719863891602,pdb_00009mtl_H_L
9157,3,train,0.06367579847574234,pdb_00002vdp_H_L
9158,3,train,0.8749728202819824,pdb_00004f3f_B_A
9159,3,train,1.0097824335098267,pdb_00007cqd_H_L
9160,3,train,0.8948626518249512,pdb_00009me5_H_L
9161,3,train,0.5968020558357239,pdb_00008xsi_H_L
9162,3,train,0.8253598213195801,pdb_00007l0l_H_L
9163,3,train,0.6399188041687012,pdb_00008cn9_B_A
9164,3,train,0.7226208448410034,pdb_00008dnn_E_F
9165,3,train,0.0345190055668354,pdb_00007jhj_D1_D2
9166,3,train,0.8042816519737244,pdb_00009atm_H_L
9167,3,train,0.16090115904808044,pdb_00009zqb_I2_I1
9168,3,train,0.02044466882944107,pdb_00007t6s_E1_E2
9169,3,train,0.01203213445842266,pdb_00009v0x_E1_E2
9170,3,train,0.2853100001811981,pdb_00008j24_G1_G2
9171,3,train,0.46080395579338074,pdb_00007b3o_H_L
9172,3,train,0.6198826432228088,pdb_00007ubs_K1_K2
9173,3,train,0.9195442199707031,pdb_00007ua2_H1_H2
9174,3,train,0.7668324708938599,pdb_00006n5b_H_L
9175,3,train,0.6664462089538574,pdb_00006lhq_H_L
9176,3,train,1.1148865222930908,pdb_00002zcl_H_L
9177,3,train,0.05696123465895653,pdb_00007k60_M2_M1
9178,3,train,0.025516316294670105,pdb_00009le2_S1_S2
9179,3,train,0.9141223430633545,pdb_00009bdi_C_D
9180,3,train,1.0745344161987305,pdb_00008r8k_H_L
9181,3,train,1.0874699354171753,pdb_00008tp5_J_K
9182,3,train,0.7867282629013062,pdb_00009dm0_C_D
9183,3,train,0.8511444926261902,pdb_00008bg1_J_K
9184,3,train,0.028693391010165215,pdb_00009wxm_D1_D2
9185,3,train,1.2298873662948608,pdb_00008jin_B2_B1
9186,3,train,0.42226484417915344,pdb_00009cia_B_A
9187,3,train,0.7901337146759033,pdb_00008cz8_A2_A1
9188,3,train,0.5266261696815491,pdb_00008j7e_C_D
9189,3,train,0.7536522746086121,pdb_00003bn9_F_E
9190,3,train,0.49604201316833496,pdb_00008i5l_E1_E2
9191,3,train,0.6196593642234802,pdb_00005wko_E_F
9192,3,train,0.05581217259168625,pdb_00008y73_E1_E2
9193,3,train,0.41700777411460876,pdb_00007f6y_H_L
9194,3,train,1.1273462772369385,pdb_00008p5m_G_L
9195,3,train,0.6633607149124146,pdb_00007t3d_J_M
9196,3,train,0.513343334197998,pdb_00008eoo_H_L
9197,3,train,0.8033198714256287,pdb_00008gs9_H_K
9198,3,train,0.07674513757228851,pdb_00002fed_C_D
9199,3,train,0.2617603540420532,pdb_00006z2m_B_C
9200,3,train,0.709071695804596,pdb_00004f2m_A_B
9201,3,train,0.30537959933280945,pdb_00009oun_J_K
9202,3,train,0.2617441415786743,pdb_00009oum_H_L
9203,3,train,0.6122424602508545,pdb_00003nh7_J_N
9204,3,train,0.5193336606025696,pdb_00008dww_Z_Y
9205,3,train,0.5650916695594788,pdb_00003fku_U1_U2
9206,3,train,1.2150863409042358,pdb_00005ug0_D_C
9207,3,train,0.38354814052581787,pdb_00007mzk_C_D
9208,3,train,0.9013952016830444,pdb_00008d9y_H_G
9209,3,train,0.028190135955810547,pdb_00006xbk_S1_S2
9210,3,train,0.012428411282598972,pdb_00007d77_S1_S2
9211,3,train,0.8140707015991211,pdb_00008vgm_E_F
9212,3,train,0.7475411891937256,pdb_00009b82_N_M
9213,3,train,0.0225604809820652,pdb_00008gus_S1_S2
9214,3,train,0.6728206872940063,pdb_00008zbb_H_L
9215,3,train,0.03151095658540726,pdb_00007trp_H1_H2
9216,3,train,0.03473992273211479,pdb_00007vif_E1_E2
9217,3,train,0.3022797703742981,pdb_00008wo4_D_C
9218,3,train,0.022486504167318344,pdb_00007yfd_C1_C2
9219,3,train,1.0126327276229858,pdb_00007jwg_A_B
9220,3,train,0.36242127418518066,pdb_00007zfe_J_K
9221,3,train,1.4133387804031372,pdb_00007ey5_H_L
9222,3,train,0.08263532817363739,pdb_00008vfx_M2_M1
9223,3,train,0.18123963475227356,pdb_00007m2j_A_B
9224,3,train,0.01939542405307293,pdb_00007t10_S1_S2
9225,3,train,1.3167790174484253,pdb_00008g5b_J_N
9226,3,train,0.5526966452598572,pdb_00002i9l_D_C
9227,3,train,0.8355975151062012,pdb_00008vsj_H_L
9228,3,train,0.7439631223678589,pdb_00006wmw_M_N
9229,3,train,0.9649892449378967,pdb_00005vqm_D_C
9230,3,train,0.08408581465482712,pdb_00002exw_E_F
9231,3,train,0.508843719959259,pdb_00008zyt_D_Q
9232,3,train,0.7040894031524658,pdb_00009bbn_S_T
9233,3,train,0.7421078681945801,pdb_00006wzl_C_D
9234,3,train,0.03487107530236244,pdb_00007ezm_H1_H2
9235,3,train,1.1082206964492798,pdb_00008p12_H_L
9236,3,train,0.8338204622268677,pdb_00007w71_I_M
9237,3,train,0.6242722868919373,pdb_00001za3_B_A
9238,3,train,1.0792596340179443,pdb_00006plk_I_M
9239,3,train,0.7230643630027771,pdb_00006dkj_A_B
9240,3,train,0.7738630175590515,pdb_00007f15_B1_B2
9241,3,train,1.0283129215240479,pdb_00009oea_H_L
9242,3,train,0.6929180026054382,pdb_00005nh3_H_L
9243,3,train,0.6658878922462463,pdb_00006vja_I_M
9244,3,train,0.8942654132843018,pdb_00009qt3_N_O
9245,3,train,0.6824142336845398,pdb_00009lho_T_S
9246,3,train,0.42717450857162476,pdb_00002i9l_H_G
9247,3,train,0.7340757846832275,pdb_00004v1d_D_E
9248,3,train,1.2573323249816895,pdb_00009mth_I_J
9249,3,train,0.901374101638794,pdb_00008hrd_N_Q
9250,3,train,0.030369799584150314,pdb_00008y72_E1_E2
9251,3,train,0.02266884781420231,pdb_00008jhy_S1_S2
9252,3,train,0.7979262471199036,pdb_00007zfb_A_B
9253,3,train,0.019188547506928444,pdb_00008y45_S1_S2
9254,3,train,0.6214625835418701,pdb_00007dk2_D_E
9255,3,train,0.570517361164093,pdb_00008txu_E_J
9256,3,train,0.3446064293384552,pdb_00002qr0_F_E
9257,3,train,0.7302322387695312,pdb_00008tnt_E_D
9258,3,train,0.3659914433956146,pdb_00007sts_A_B
9259,3,train,0.9456644058227539,pdb_00002zck_H_L
9260,3,train,0.07968120276927948,pdb_00007tmz_E_F
9261,3,train,0.39027395844459534,pdb_00008j7e_A_B
9262,3,train,0.6059331893920898,pdb_00003rhw_G_K
9263,3,train,0.6025615930557251,pdb_00006cw3_C_D
9264,3,train,0.6047275066375732,pdb_00003g6j_F_E
9265,3,train,0.8551017045974731,pdb_00008hpu_H_L
9266,3,train,0.25455722212791443,pdb_00009cpu_H_L
9267,3,train,0.04606672376394272,pdb_00006k5d_E_F
9268,3,train,0.01595473848283291,pdb_00007s8m_E1_E2
9269,3,train,0.17701563239097595,pdb_00003a6c_H_L
9270,3,train,0.8676989078521729,pdb_00001fsk_F_E
9271,3,train,0.5311614871025085,pdb_00007keo_E_F
9272,3,train,0.08776158094406128,pdb_00007yon_S1_S2
9273,3,train,0.5755804181098938,pdb_00008jkh_H_L
9274,3,train,0.6915665864944458,pdb_00003p0y_H_L
9275,3,train,0.21151073276996613,pdb_00002qr0_N_M
9276,3,train,1.0242997407913208,pdb_00002ybr_G_H
9277,3,train,0.014264093711972237,pdb_00007y24_S1_S2
9278,3,train,0.013232517056167126,pdb_00009ppy_E1_E2
9279,3,train,0.9417215585708618,pdb_00009ebc_K_L
9280,3,train,1.0762948989868164,pdb_00009mtg_I_J
9281,3,train,1.1260390281677246,pdb_00008hrd_C_E
9282,3,train,1.061321496963501,pdb_00009oi3_I_J
9283,3,train,0.7205958366394043,pdb_00008ywe_B2_B1
9284,3,train,0.3500528931617737,pdb_00006b9y_B_A
9285,3,train,0.7193847298622131,pdb_00008znz_G_H
9286,3,train,0.018933875486254692,pdb_00007yu3_S1_S2
9287,3,train,0.017217783257365227,pdb_00008j1a_S1_S2
9288,3,train,1.1183127164840698,pdb_00007s11_H_L
9289,3,train,0.30691224336624146,pdb_00008vgi_H_G
9290,3,train,0.2029467225074768,pdb_00001ua6_H_L
9291,3,train,0.624671459197998,pdb_00007cgw_H_L
9292,3,train,0.25223973393440247,pdb_00008q6j_B_A
9293,3,train,0.5073330998420715,pdb_00006w41_H_L
9294,3,train,0.7497611045837402,pdb_00007wvd_G_H
9295,3,train,0.022090090438723564,pdb_00007sqo_E1_E2
9296,3,train,0.37231090664863586,pdb_00003b2u_T_U
9297,3,train,0.40807607769966125,pdb_00007x66_H_L
9298,3,train,0.40677180886268616,pdb_00007ul1_H_L
9299,3,train,0.18999525904655457,pdb_00008vgj_J_I
9300,3,train,0.9064976572990417,pdb_00009cu7_J_N
9301,3,train,0.050095412880182266,pdb_00007t96_E1_E2
9302,3,train,0.6636146306991577,pdb_00007tbf_D_E
9303,3,train,0.036453165113925934,pdb_00008xwp_D1_D2
9304,3,train,0.625503420829773,pdb_00004lf3_B_A
9305,3,train,0.036738988012075424,pdb_00007l1u_H1_H2
9306,3,train,0.6795769929885864,pdb_00007ubs_J1_J2
9307,3,train,0.15707169473171234,pdb_00003fb8_A_B
9308,3,train,1.0966724157333374,pdb_00005c0n_C_D
9309,3,train,0.08326331526041031,pdb_00008dd2_J_I
9310,3,train,0.01956847868859768,pdb_00008z7j_S1_S2
9311,3,train,0.7460711002349854,pdb_00006k7o_F_G
9312,3,train,0.8083958625793457,pdb_00008a96_K_J
9313,3,train,0.4106149971485138,pdb_00006vmk_M_L
9314,3,train,0.5087159872055054,pdb_00009cpw_H_L
9315,3,train,0.5759758949279785,pdb_00007zmk_S_T
9316,3,train,0.4842970073223114,pdb_00005cbe_C_D
9317,3,train,0.0565970316529274,pdb_00006k5a_E_F
9318,3,train,0.48249924182891846,pdb_00005yoy_H_E
9319,3,train,0.7628766298294067,pdb_00007y3n_C_D
9320,3,train,0.7723742723464966,pdb_00009ue8_A_B
9321,3,train,0.6958171725273132,pdb_00007c81_H_L
9322,3,train,0.5427762269973755,pdb_00003fku_T1_T2
9323,3,train,0.8394022583961487,pdb_00007x6o_I_K
9324,3,train,0.023357566446065903,pdb_00009ije_D1_D2
9325,3,train,0.7125220894813538,pdb_00007rku_J_K
9326,3,train,0.6393077373504639,pdb_00008wpw_H_L
9327,3,train,0.027463916689157486,pdb_00007ezh_H1_H2
9328,3,train,0.7820515632629395,pdb_00007m7w_E_F
9329,3,train,0.03389184549450874,pdb_00008xxr_S1_S2
9330,3,train,0.1636306345462799,pdb_00005j9p_A_B
9331,3,train,0.013071279972791672,pdb_00009lr1_S1_S2
9332,3,train,0.9487183094024658,pdb_00001rjl_B_A
9333,3,train,1.036312222480774,pdb_00004f37_H_L
9334,3,train,0.7085587382316589,pdb_00007wvl_H_L
9335,3,train,0.6505517959594727,pdb_00002fjh_H_L
9336,3,train,0.8380212187767029,pdb_00005kov_K1_K2
9337,3,train,1.1298925876617432,pdb_00005e94_D_C
9338,3,train,0.07698632776737213,pdb_00002vdm_H_L
9339,3,train,0.8201067447662354,pdb_00006wtu_H_I
9340,3,train,0.7443392276763916,pdb_00008ebp_H_L
9341,3,train,0.026783065870404243,pdb_00008t3o_N1_N2
9342,3,train,1.2821424007415771,pdb_00006ivz_H_L
9343,3,train,0.6924096345901489,pdb_00005xmh_H_L
9344,3,train,0.4383699595928192,pdb_00005yoy_G_D
9345,3,train,1.0440702438354492,pdb_00007wro_H_L
9346,3,train,1.145631194114685,pdb_00009ml8_H_L
9347,3,train,0.024401679635047913,pdb_00008jei_S1_S2
9348,3,train,0.6038519144058228,pdb_00007xcp_H_L
9349,3,train,0.017633473500609398,pdb_00008vy7_D1_D2
9350,3,train,0.9727612733840942,pdb_00004hg4_P_Q
9351,3,train,0.8933908939361572,pdb_00007pa7_ooo2_ooo1
9352,3,train,0.028614668175578117,pdb_00007yoo_S1_S2
9353,3,train,0.8380545973777771,pdb_00007rxj_H_L
9354,3,train,0.02751351334154606,pdb_00008y0n_S1_S2
9355,3,train,0.0701817199587822,pdb_00007ue0_E_F
9356,3,train,0.3079380691051483,pdb_00005yoy_Q_N
9357,3,train,0.8888152837753296,pdb_00006t9d_HHH_LLL
9358,3,train,0.5194386839866638,pdb_00002yss_B_A
9359,3,train,0.5607175827026367,pdb_00009fyt_I_M
9360,3,train,0.6973775029182434,pdb_00008w83_I_J
9361,3,train,0.023285066708922386,pdb_00007trq_H1_H2
9362,3,train,0.6336711645126343,pdb_00008y3k_I_J
9363,3,train,0.832433819770813,pdb_00005a3i_C_D
9364,3,train,0.9273085594177246,pdb_00009iru_B_A
9365,3,train,0.6987470984458923,pdb_00007vgr_D_C
9366,3,train,1.1444178819656372,pdb_00006dfj_H_L
9367,3,train,0.8047749996185303,pdb_00008yub_A_B
9368,3,train,0.5715934038162231,pdb_00009jqv_H_L
9369,3,train,0.04648100957274437,pdb_00008y71_E1_E2
9370,3,train,0.3760974109172821,pdb_00008i5h_E_F
9371,3,train,0.7854192852973938,pdb_00006wno_E_F
9372,3,train,0.6459589600563049,pdb_00001xgu_B_A
9373,3,train,0.7385264039039612,pdb_00003wd5_H_L
9374,3,train,0.6207827925682068,pdb_00005nhr_A_B
9375,3,train,1.0564792156219482,pdb_00008dv6_H_D
9376,3,train,0.49434179067611694,pdb_00009ctw_F_E
9377,3,train,0.02340693399310112,pdb_00009jhp_S1_S2
9378,3,train,0.7378796339035034,pdb_00008dwx_H_L
9379,3,train,0.019174154847860336,pdb_00008i7v_E1_E2
9380,3,train,0.9831505417823792,pdb_00009yyu_J_N
9381,3,train,0.8198912739753723,pdb_00006osv_H_L
9382,3,train,0.6737467050552368,pdb_00006wzj_A_B
9383,3,train,0.020679781213402748,pdb_00008rql_S1_S2
9384,3,train,0.9933430552482605,pdb_00008sis_H_L
9385,3,train,0.0293241236358881,pdb_00008jbh_E1_E2
9386,3,train,0.44576728343963623,pdb_00007yxu_H_L
9387,3,train,0.019832445308566093,pdb_00008w8r_S1_S2
9388,3,train,0.7660176753997803,pdb_00007ucq_K1_K2
9389,3,train,0.01842440851032734,pdb_00008t3s_N1_N2
9390,3,train,0.9207726716995239,pdb_00001t03_H_L
9391,3,train,0.5397263765335083,pdb_00003nh7_I_M
9392,3,train,0.3396320939064026,pdb_00003hfm_H_L
9393,3,train,1.0927424430847168,pdb_00005dur_B_D
9394,3,train,0.0638166218996048,pdb_00003ze2_E_F
9395,3,train,0.12116167694330215,pdb_00008vqy_K_L
9396,3,train,0.11344139277935028,pdb_00008ubl_M2_M1
9397,3,train,0.02461143769323826,pdb_00008xqp_S1_S2
9398,3,train,0.23962563276290894,pdb_00007xk2_S1_S2
9399,3,train,0.7548169493675232,pdb_00007ycn_E_F
9400,3,train,0.5073096752166748,pdb_00007chc_H_L
9401,3,train,0.5900765061378479,pdb_00005xhv_H_L
9402,3,train,0.8416581153869629,pdb_00007rxi_H_L
9403,3,train,1.2767150402069092,pdb_00006xq0_E_F
9404,3,train,1.0795940160751343,pdb_00009mtf_H_L
9405,3,train,0.7612351775169373,pdb_00008eoo_F_K
9406,3,train,0.014960804022848606,pdb_00007vgx_S1_S2
9407,3,train,0.6479158401489258,pdb_00006vvu_J_K
9408,3,train,0.9952616691589355,pdb_00008zpq_A_B
9409,3,train,0.7954870462417603,pdb_00008g5a_J_N
9410,3,train,0.6791549921035767,pdb_00008hn7_D_C
9411,3,train,0.08036855608224869,pdb_00008zps_E1_E2
9412,3,train,0.03658972680568695,pdb_00008k9l_H1_H2
9413,3,train,0.7888733148574829,pdb_00007vyr_H_L
9414,3,train,0.7121445536613464,pdb_00007d85_E_F
9415,3,train,0.9316311478614807,pdb_00009js7_J_M
9416,3,train,0.4192184507846832,pdb_00005aaw_B1_B2
9417,3,train,0.6917575597763062,pdb_00007bpk_H_L
9418,3,train,0.8636954426765442,pdb_00007l7e_C_D
9419,3,train,0.04988262429833412,pdb_00002h2p_E_F
9420,3,train,0.0729186162352562,pdb_00006x3w_J_I
9421,3,train,0.7825275659561157,pdb_00007jum_H1_H2
9422,3,train,0.7913681864738464,pdb_00007z0y_H_L
9423,3,train,0.0596436932682991,pdb_00008dk5_N1_N2
9424,3,train,0.3619919717311859,pdb_00007mjl_H_L
9425,3,train,0.9785844087600708,pdb_00009rip_H_L
9426,3,train,0.8250097036361694,pdb_00001fdl_H_L
9427,3,train,0.023791911080479622,pdb_00008t3q_N1_N2
9428,3,train,0.6660324931144714,pdb_00007xda_B_C
9429,3,train,1.1409128904342651,pdb_00009j4c_H_L
9430,3,train,1.4873831272125244,pdb_00007m3l_B_C
9431,3,train,1.0862417221069336,pdb_00007u9w_H1_H2
9432,3,train,0.04435243085026741,pdb_00007xau_E1_E2
9433,3,train,0.4267144501209259,pdb_00009cia_D_C
9434,3,train,0.4668032228946686,pdb_00008dww_V_U
9435,3,train,0.8396145701408386,pdb_00009ma7_F_G
9436,3,train,0.538635790348053,pdb_00007xeg_E_F
9437,3,train,0.1867211014032364,pdb_00006ad8_C_D
9438,3,train,0.7458361983299255,pdb_00004kxz_J_I
9439,3,train,0.20670512318611145,pdb_00001ic5_H_L
9440,3,train,0.6162201166152954,pdb_00007lq7_T_U
9441,3,train,0.09039711207151413,pdb_00003a67_H_L
9442,3,train,0.5806750059127808,pdb_00008jkf_M_N
9443,3,train,0.1761298030614853,pdb_00009ouo_H_L
9444,3,train,0.043663155287504196,pdb_00007ukt_E_F
9445,3,train,0.7780483365058899,pdb_00009og1_B_C
9446,3,train,0.4821699857711792,pdb_00008too_G_F
9447,3,train,0.02355169504880905,pdb_00009jh5_S1_S2
9448,3,train,1.0882388353347778,pdb_00008w5f_H_L
9449,3,train,0.755980372428894,pdb_00007ahu_B_A
9450,3,train,0.6737960577011108,pdb_00005jz7_G_I
9451,3,train,0.88202303647995,pdb_00007woc_A_B
9452,3,train,0.02443697862327099,pdb_00008yh3_S1_S2
9453,3,train,1.1682920455932617,pdb_00008kdr_H_L
9454,3,train,0.12802886962890625,pdb_00007mhx_A_B
9455,3,train,0.9129635691642761,pdb_00005d1z_B_A
9456,3,train,0.36986106634140015,pdb_00006bah_B_A
9457,3,train,0.610019326210022,pdb_00008sxp_H_L
9458,3,train,0.6828951239585876,pdb_00004oii_I_M
9459,3,train,0.5054305195808411,pdb_00009l6c_D_F
9460,3,train,0.011480789631605148,pdb_00008yky_S1_S2
9461,3,train,0.028796818107366562,pdb_00009vnz_E1_E2
9462,3,train,0.03027479536831379,pdb_00008i7w_E1_E2
9463,3,train,1.0470714569091797,pdb_00009mkn_O_P
9464,3,train,0.013470230624079704,pdb_00009le1_S1_S2
9465,3,train,1.382905125617981,pdb_00003mxw_H_L
9466,3,train,0.02854332886636257,pdb_00009v81_E1_E2
9467,3,train,0.7678361535072327,pdb_00008f6x_D1_D2
9468,3,train,0.012296983040869236,pdb_00008hnl_S1_S2
9469,3,train,0.9144479632377625,pdb_00006ejg_D2_D1
9470,3,train,0.6787816286087036,pdb_00008rmy_B_C
9471,3,train,0.041868459433317184,pdb_00008tzq_E1_E2
9472,3,train,0.32496437430381775,pdb_00002qr0_T_S
9473,3,train,0.8939048051834106,pdb_00007t82_H_L
9474,3,train,0.7617672085762024,pdb_00007l0l_I_K
9475,3,train,0.45172539353370667,pdb_00007mzk_F_E
9476,3,train,0.011401742696762085,pdb_00007w2z_S1_S2
9477,3,train,0.592224657535553,pdb_00005kvf_H_L
9478,3,train,0.8406002521514893,pdb_00007whz_C_E
9479,3,train,0.4407561421394348,pdb_00002i9l_B_A
9480,3,train,0.8918846845626831,pdb_00002ybr_A_B
9481,3,train,1.3738045692443848,pdb_00008ag1_H_L
9482,3,train,1.0230984687805176,pdb_00006xxv_A_B
9483,3,train,0.3622063100337982,pdb_00003ri5_G_K
9484,3,train,1.1651850938796997,pdb_00007bsd_A_B
9485,3,train,0.03553561866283417,pdb_00008xx3_S1_S2
9486,3,train,0.7862659096717834,pdb_00007wk0_A_B
9487,3,train,0.9906833171844482,pdb_00009cds_B_A
9488,3,train,0.007976246997714043,pdb_00008feg_F1_F2
9489,3,train,0.4658935070037842,pdb_00008smt_I_J
9490,3,train,0.5085461735725403,pdb_00005bo1_I_M
9491,3,train,0.7482459545135498,pdb_00003u30_C_B
9492,3,train,0.8240360617637634,pdb_00007fcp_H_L
9493,3,train,0.3072597086429596,pdb_00003rif_I_O
9494,3,train,0.15345574915409088,pdb_00001j1o_H_L
9495,3,train,1.6804280281066895,pdb_00008tzn_G_H
9496,3,train,0.02986723743379116,pdb_00007vdh_S1_S2
9497,3,train,0.04912487417459488,pdb_00001ott_E_F
9498,3,train,0.008825547061860561,pdb_00007t6b_E1_E2
9499,3,train,1.0365042686462402,pdb_00009leo_C_D
9500,3,train,0.5354949831962585,pdb_00005nh3_I_M
9501,3,train,0.2453753650188446,pdb_00002qr0_L_K
9502,3,train,0.029711877927184105,pdb_00008hk3_H1_H2
9503,3,train,0.18515345454216003,pdb_00003or6_A_B
9504,3,train,0.045438364148139954,pdb_00003ejy_C_D
9505,3,train,0.010182665660977364,pdb_00009x20_E1_E2
9506,3,train,0.9066558480262756,pdb_00002vir_B_A
9507,3,train,0.7641884088516235,pdb_00005ugy_I_M
9508,3,train,0.07672470062971115,pdb_00003fb5_A_B
9509,3,train,0.9127271771430969,pdb_00009p1m_F_E
9510,3,train,1.198012351989746,pdb_00009kvk_H_L
9511,3,train,0.023579079657793045,pdb_00007vig_E1_E2
9512,3,train,0.9172006249427795,pdb_00007t0w_H_L
9513,3,train,1.0445384979248047,pdb_00008khd_H_J
9514,3,train,0.009185977280139923,pdb_00007ew7_E1_E2
9515,3,train,0.031020889058709145,pdb_00009izc_S1_S2
9516,3,train,0.29859402775764465,pdb_00004tnw_Y_g
9517,3,train,0.012957441620528698,pdb_00007wu9_S1_S2
9518,3,train,0.014129896648228168,pdb_00008jil_S1_S2
9519,3,train,0.014068469405174255,pdb_00008jlr_S1_S2
9520,3,train,0.030993681401014328,pdb_00007wq3_S1_S2
9521,3,train,0.8682087659835815,pdb_00009ebc_I_J
9522,3,train,0.8101996779441833,pdb_00007l7e_E_F
9523,3,train,1.162602424621582,pdb_00008jn1_H_L
9524,3,train,0.8108767867088318,pdb_00004gxu_S_T
9525,3,train,0.014653929509222507,pdb_00009m2f_S1_S2
9526,3,train,0.5492927432060242,pdb_00003u30_F_E
9527,3,train,1.0158650875091553,pdb_00006wds_H_L
9528,3,train,0.7201249599456787,pdb_00003eo1_H_G
9529,3,train,0.6591084003448486,pdb_00008g5a_H_L
9530,3,train,0.6004915833473206,pdb_00004gxu_U_V
9531,3,train,0.01205400750041008,pdb_00008yn7_E1_E2
9532,3,train,0.7855769991874695,pdb_00007zfc_H_L
9533,3,train,0.015190714038908482,pdb_00007yae_S1_S2
9534,3,train,0.0323408879339695,pdb_00009kxs_H1_H2
9535,3,train,0.01314252708107233,pdb_00009ll7_S1_S2
9536,3,train,0.21062491834163666,pdb_00009zqc_I2_I1
9537,3,train,0.6423152089118958,pdb_00006pi7_F_E
9538,3,train,0.921258807182312,pdb_00005w3l_E_G
9539,3,train,0.16924507915973663,pdb_00009ouq_J_K
9540,3,train,1.1016359329223633,pdb_00009e60_H_L
9541,3,train,0.03292125090956688,pdb_000022es_E1_E2
9542,3,train,0.45601242780685425,pdb_00007kfw_C_D
9543,3,train,0.6247302293777466,pdb_00001xgt_B_A
9544,3,train,0.02217310108244419,pdb_00008y62_E1_E2
9545,3,train,1.0440113544464111,pdb_00008d7e_D_E
9546,3,train,0.01587262935936451,pdb_00008xbh_S1_S2
9547,3,train,0.02472381852567196,pdb_00008hj5_C1_C2
9548,3,train,0.7099760174751282,pdb_00008rmx_B_C
9549,3,train,0.7992347478866577,pdb_00007det_B1_B2
9550,3,train,0.10034278780221939,pdb_00006x3t_J_I
9551,3,train,1.4273138046264648,pdb_00008s72_X_Y
9552,3,train,0.5001631379127502,pdb_00009cpp_H_L
9553,3,train,0.012477919459342957,pdb_00007euo_S1_S2
9554,3,train,0.6141396164894104,pdb_00003rhw_F_N
9555,3,train,0.5818410515785217,pdb_00007u9e_B1_B2
9556,3,train,0.05733656510710716,pdb_00006e0c_N1_N2
9557,3,train,0.33050736784935,pdb_00001xgq_B_A
9558,3,train,0.13481803238391876,pdb_00008iw9_S1_S2
9559,3,train,1.1681158542633057,pdb_00007yvf_C_A
9560,3,train,0.6645473837852478,pdb_00008ut2_J_I
9561,3,train,0.005840028170496225,pdb_00009vmy_E1_E2
9562,3,train,0.539351224899292,pdb_00001g7h_B_A
9563,3,train,0.00723100733011961,pdb_00009jlc_S1_S2
9564,3,train,0.0598125234246254,pdb_00007uje_E_F
9565,3,train,0.6012833118438721,pdb_00004dkf_H_L
9566,3,train,0.04222802072763443,pdb_00007x5h_E1_E2
9567,3,train,0.008874588645994663,pdb_00007sbf_E1_E2
9568,3,train,0.7195495367050171,pdb_00007wvd_I_J
9569,3,train,0.6362817287445068,pdb_00005ugy_H_L
9570,3,train,0.7839582562446594,pdb_00005dhy_H_L
9571,3,train,0.9262568354606628,pdb_00008hrd_G_H
9572,3,train,0.015423601493239403,pdb_00007w55_E1_E2
9573,3,train,0.24895115196704865,pdb_00006yor_B_C
9574,3,train,1.0196819305419922,pdb_00006plk_H_L
9575,3,train,0.8464114665985107,pdb_00007y3o_H_L
9576,3,train,0.0444621667265892,pdb_00008spu_K1_K2
9577,3,train,0.4609687328338623,pdb_00008caf_B_A
9578,3,train,0.8127743005752563,pdb_00007chc_A_B
9579,3,train,0.7908222079277039,pdb_00006wtu_E_F
9580,3,train,0.016468854621052742,pdb_00009lre_E1_E2
9581,3,train,0.12010522931814194,pdb_00009iv6_S1_S2
9582,3,train,0.7141629457473755,pdb_00002x7l_C_D
9583,3,train,0.020973069593310356,pdb_00009jkt_S1_S2
9584,3,train,0.7461473941802979,pdb_00009bao_G_H
9585,3,train,1.0481808185577393,pdb_00004l5f_H_L
9586,3,train,0.6834486126899719,pdb_00007rku_G_I
9587,3,train,0.019146831706166267,pdb_00008z8a_S1_S2
9588,3,train,0.6072932481765747,pdb_00008dn7_A_B
9589,3,train,0.8682937622070312,pdb_00008w5r_H_L
9590,3,train,0.8053145408630371,pdb_00009js7_I_L
9591,3,train,0.2381904125213623,pdb_00009nz4_F_E
9592,3,train,0.8021165728569031,pdb_00002iff_H_L
9593,3,train,0.09187912195920944,pdb_00003iga_A_B
9594,3,train,0.988937497138977,pdb_00006mlm_E_I
9595,3,train,0.40978965163230896,pdb_00006b3s_H_L
9596,3,train,0.7002372741699219,pdb_00007rk2_C1_C2
9597,3,train,1.8363077640533447,pdb_00001jrh_H_L
9598,3,train,1.204321265220642,pdb_00006k65_H_L
9599,3,train,0.7468138933181763,pdb_00008ebp_I_M
9600,3,train,0.544435977935791,pdb_00008oz3_H_L
9601,3,train,0.025818511843681335,pdb_00007trk_H1_H2
9602,3,train,0.4137735068798065,pdb_00003ri5_F_N
9603,3,train,0.8424301147460938,pdb_00008eed_I_J
9604,3,train,0.01304003968834877,pdb_00008j18_S1_S2
9605,3,train,0.8643798828125,pdb_00007qny_A_B
9606,3,train,0.09994558990001678,pdb_00007k5y_N2_N1
9607,3,train,1.2924622297286987,pdb_00006oel_H_L
9608,3,train,0.5579921007156372,pdb_00007sk8_D_C
9609,3,train,1.0036789178848267,pdb_00009kve_A_B
9610,3,train,0.027807030826807022,pdb_00008zh8_S1_S2
9611,3,train,0.023323876783251762,pdb_000021ag_S1_S2
9612,3,train,0.7225221395492554,pdb_00006ban_B_A
9613,3,train,0.6501857042312622,pdb_00004gxu_Q_R
9614,3,train,0.7664510607719421,pdb_00003sob_H_L
9615,3,train,1.183186411857605,pdb_00003bsz_H_L
9616,3,train,0.6498475074768066,pdb_00004hg4_R_S
9617,3,train,0.40205642580986023,pdb_00003b2u_N_O
9618,3,train,0.9725760221481323,pdb_00002hmi_D_C
9619,3,train,0.9996805787086487,pdb_00006ogx_C_D
9620,3,train,0.11226536333560944,pdb_00008zbe_E1_E2
9621,3,train,0.018872691318392754,pdb_00008jgb_S1_S2
9622,3,train,0.648933470249176,pdb_00007ycn_C_D
9623,3,train,0.16325536370277405,pdb_00006ad7_C_D
9624,3,train,0.878428041934967,pdb_00009npg_G_H
9625,3,train,0.8044962882995605,pdb_00004hj0_C_D
9626,3,train,1.0378203392028809,pdb_00004fqj_H_L
9627,3,train,0.8266382217407227,pdb_00007x93_E_F
9628,3,train,0.7502585649490356,pdb_00007kzb_H_L
9629,3,train,1.2169523239135742,pdb_00001osp_H_L
9630,3,train,0.027792859822511673,pdb_00007rkm_D1_D2
9631,3,train,0.3833833336830139,pdb_00008i5h_H_L
9632,3,train,0.8341885209083557,pdb_00005x8l_G_L
9633,3,train,0.6835986375808716,pdb_00009ue8_U_V
9634,3,train,0.07500186562538147,pdb_00008zcj_E1_E2
9635,3,train,0.2161780744791031,pdb_00002dqf_E_D
9636,3,train,0.45443829894065857,pdb_00008jen_G_H
9637,3,train,0.9428361058235168,pdb_00009mkn_S_T
9638,3,train,0.02984943799674511,pdb_00008xos_E1_E2
9639,3,train,1.04689621925354,pdb_00008k5g_H_L
9640,3,train,0.2710492014884949,pdb_00001nby_B_A
9641,3,train,0.019507041200995445,pdb_00008jbf_E1_E2
9642,3,train,0.055388692766427994,pdb_00006dzt_N1_N2
9643,3,train,0.01850307360291481,pdb_00007vv5_S1_S2
9644,3,train,0.018677953630685806,pdb_00008xxv_E1_E2
9645,3,train,0.015192622318863869,pdb_00008ghv_S1_S2
9646,3,train,1.3744407892227173,pdb_00009me6_J_N
9647,3,train,0.0520402155816555,pdb_00006adc_E_F
9648,3,train,1.1275190114974976,pdb_00006u9s_D_E
9649,3,train,0.8178473711013794,pdb_00008y3i_I_J
9650,3,train,0.012782098725438118,pdb_00009k3h_S1_S2
9651,3,train,0.029753552749753,pdb_00007xav_E1_E2
9652,3,train,1.6776092052459717,pdb_00007uij_A_B
9653,3,train,0.8272972106933594,pdb_00009mla_H_K
9654,3,train,0.9312922358512878,pdb_00004xzu_A_B
9655,3,train,0.05052275210618973,pdb_00008ubk_M2_M1
9656,3,train,0.14359475672245026,pdb_00002dqg_H_L
9657,3,train,0.2759435772895813,pdb_00006yz7_HHH_LLL
9658,3,train,0.5064728856086731,pdb_00009cpu_F_G
9659,3,train,0.9639798998832703,pdb_00007ec5_E_F
9660,3,train,0.6964033842086792,pdb_00007dpm_J_K
9661,3,train,0.07266951352357864,pdb_00003det_C_D
9662,3,train,0.7284271121025085,pdb_00008f0h_H_L
9663,3,train,0.03106878325343132,pdb_00008x2k_E1_E2
9664,3,train,0.47395211458206177,pdb_00007xik_H_L
9665,3,train,0.027128497138619423,pdb_00008ef5_E1_E2
9666,3,train,0.04121793806552887,pdb_00008wwj_E1_E2
9667,3,train,0.01338483951985836,pdb_00009uam_E1_E2
9668,3,train,0.8588700890541077,pdb_00009oao_H_L
9669,3,train,0.4232039153575897,pdb_00007xei_C_D
9670,3,train,0.020942386239767075,pdb_00007wic_S1_S2
9671,3,train,0.011478117667138577,pdb_00008jii_S1_S2
9672,3,train,0.7209542393684387,pdb_00006wtv_B_C
9673,3,train,0.009944230318069458,pdb_00009kvg_E1_E2
9674,3,train,0.3364274203777313,pdb_00006txz_K_O
9675,3,train,0.475222110748291,pdb_00008wpw_C_D
9676,3,train,1.0462725162506104,pdb_00009mtf_M_N
9677,3,train,0.02186649478971958,pdb_00009o36_E1_E2
9678,3,train,1.2154158353805542,pdb_00003qwo_A_B
9679,3,train,1.0530637502670288,pdb_00009y0e_A_B
9680,3,train,0.7143300771713257,pdb_00005kov_C1_C2
9681,3,train,0.5509079098701477,pdb_00008jkf_h_l
9682,3,train,0.021817626431584358,pdb_00009buy_E1_E2
9683,3,train,0.3725169599056244,pdb_00006vmk_c_b
9684,3,train,0.9475599527359009,pdb_00007mdj_A_B
9685,3,train,0.008464680053293705,pdb_00008j19_S1_S2
9686,3,train,0.7548510432243347,pdb_00004hg4_Z_z
9687,3,train,0.9937366843223572,pdb_00008gpu_H_L
9688,3,train,0.025838611647486687,pdb_00007yfc_C1_C2
9689,3,train,0.4960404932498932,pdb_00007kmg_A_B
9690,3,train,0.020157724618911743,pdb_00007t8x_E1_E2
9691,3,train,0.6962656378746033,pdb_00008hrd_Y_Z
9692,3,train,0.016192656010389328,pdb_00007w57_E1_E2
9693,3,train,0.11087977141141891,pdb_00006x3u_K_L
9694,3,train,0.4249664843082428,pdb_00007mzh_H_L
9695,3,train,0.02477622777223587,pdb_00008jpn_S1_S2
9696,3,train,0.13165928423404694,pdb_00008jxx_E1_E2
9697,3,train,0.9782628417015076,pdb_00007uvs_A_B
9698,3,train,0.6726941466331482,pdb_00008ywx_E_D
9699,3,train,0.2853032350540161,pdb_00007k8m_A_B
9700,3,train,0.8032160401344299,pdb_00003qum_K_M
9701,3,train,0.026373615488409996,pdb_00009b65_S1_S2
9702,3,train,0.8068937063217163,pdb_00007pa7_eee2_eee1
9703,3,train,1.2714595794677734,pdb_00007lg6_K_N
9704,3,train,0.4094870984554291,pdb_00008jel_A_B
9705,3,train,0.06571409851312637,pdb_00007k78_L1_L2
9706,3,train,0.0894913375377655,pdb_00006x3v_J_I
9707,3,train,0.04220586642622948,pdb_00008xqe_S1_S2
9708,3,train,0.18000124394893646,pdb_00007e33_E1_E2
9709,3,train,0.3208593428134918,pdb_00006b3s_J_K
9710,3,train,0.0519607849419117,pdb_00008j23_F1_F2
9711,3,train,0.7095187902450562,pdb_00008y0y_D1_D4
9712,3,train,0.9742164015769958,pdb_00004am0_C_D
9713,3,train,0.46338438987731934,pdb_00008txu_F_K
9714,3,train,0.05504732206463814,pdb_00002hlf_C_D
9715,3,train,0.016759268939495087,pdb_00008yh0_S1_S2
9716,3,train,0.6628474593162537,pdb_00009ptm_I_M
9717,3,train,0.5595199465751648,pdb_00006ii4_E_F
9718,3,train,1.305206298828125,pdb_00008hrd_L_M
9719,3,train,0.6058396697044373,pdb_00005wk3_S_R
9720,3,train,0.5997943878173828,pdb_00009huo_C_D
9721,3,train,0.12845416367053986,pdb_00003fb6_A_B
9722,3,train,0.24909065663814545,pdb_00006zh9_HHH_LLL
9723,3,train,1.0398998260498047,pdb_00006dfi_H_L
9724,3,train,0.548237144947052,pdb_00009iz9_S_T
9725,3,train,0.6004455089569092,pdb_00007s7i_J_N
9726,3,train,0.06934037804603577,pdb_00008u9s_N2_N1
9727,3,train,0.9462153315544128,pdb_00008tbb_H_L
9728,3,train,0.6230776309967041,pdb_00007dpm_D_E
9729,3,train,0.5424458384513855,pdb_00004dn4_H_L
9730,3,train,0.04665188863873482,pdb_00007k78_K1_K2
9731,3,train,0.022584322839975357,pdb_00007yac_S1_S2
9732,3,train,0.6813874840736389,pdb_00007cmk_H_L
9733,3,train,0.4041185677051544,pdb_00004tnw_X_i
9734,3,train,0.9635462164878845,pdb_00009dn2_J_N
9735,3,train,0.023071130737662315,pdb_00009ldw_S1_S2
9736,3,train,0.06307796388864517,pdb_00003stz_A_B
9737,3,train,0.019838055595755577,pdb_00009m8k_N1_N2
9738,3,train,0.9493001699447632,pdb_00009f90_A_B
9739,3,train,0.735380232334137,pdb_00001bql_H_L
9740,3,train,0.04950246959924698,pdb_00002r9h_C_D
9741,3,train,0.6925312280654907,pdb_00006z3q_H_L
9742,3,train,0.685575544834137,pdb_00009q7b_J_K
9743,3,train,0.1839519441127777,pdb_00002dqf_B_A
9744,3,train,0.9571330547332764,pdb_00009b2m_J_K
9745,3,train,0.03260933607816696,pdb_00008ija_S1_S2
9746,3,train,0.8571915626525879,pdb_00006n5e_E_D
9747,3,train,0.035005465149879456,pdb_00002ht4_E_F
9748,3,train,0.6985605955123901,pdb_00008zd5_E_F
9749,3,train,0.7227485775947571,pdb_00009k6y_H_L
9750,3,train,0.025954710319638252,pdb_00002exy_C_D
9751,3,train,0.0333317331969738,pdb_00002htl_E_F
9752,3,train,1.1604310274124146,pdb_00006gv1_H_L
9753,3,train,0.05688935145735741,pdb_00008evg_N1_N2
9754,3,train,0.3635459542274475,pdb_00009me6_I_M
9755,3,train,0.04121994599699974,pdb_00008evi_N1_N2
9756,3,train,0.5733755826950073,pdb_00008dn6_E_F
9757,3,train,0.3008593022823334,pdb_00006w0a_A_B
9758,3,train,0.8160055875778198,pdb_00008dwy_V_U
9759,3,train,0.5795451998710632,pdb_00006ban_F_E
9760,3,train,0.6397997736930847,pdb_00004lf3_E_D
9761,3,train,0.011735161766409874,pdb_00006n4b_S1_S2
9762,3,train,0.8915529847145081,pdb_00005umi_H_L
9763,3,train,0.7125892043113708,pdb_00007mzn_H_L
9764,3,train,0.03001078963279724,pdb_00008irs_E1_E2
9765,3,train,0.984739363193512,pdb_00007m7w_H_L
9766,3,train,0.013739479705691338,pdb_00008xjl_E1_E2
9767,3,train,1.3079668283462524,pdb_00005lsp_H_L
9768,3,train,0.6406456232070923,pdb_00009ccs_C_B
9769,3,train,0.6725077033042908,pdb_00007sco_E_F
9770,3,train,0.2046116590499878,pdb_00007cvt_C_D
9771,3,train,0.011179111897945404,pdb_00007na7_N1_N2
9772,3,train,0.0563349723815918,pdb_00007u9f_E_F
9773,3,train,0.9918166399002075,pdb_00005vig_H_L
9774,3,train,0.29979589581489563,pdb_00006b3s_F_G
9775,3,train,0.022852592170238495,pdb_00008jjp_S1_S2
9776,3,train,0.08810356259346008,pdb_00007k5x_N2_N1
9777,3,train,0.6418187618255615,pdb_00003eo1_E_D
9778,3,train,0.9646419882774353,pdb_00008e8z_H_L
9779,3,train,0.009808463044464588,pdb_00008gut_S1_S2
9780,3,train,0.02767140232026577,pdb_00007vl9_S1_S2
9781,3,train,0.04802640900015831,pdb_00003det_E_F
9782,3,train,0.6686655282974243,pdb_00009lho_O_N
9783,3,train,0.6156988143920898,pdb_00004gxu_M_N
9784,3,train,0.013584176078438759,pdb_00009kfk_S1_S2
9785,3,train,0.8305505514144897,pdb_00007wur_E_F
9786,3,train,0.2637769877910614,pdb_00007mhr_A_B
9787,3,train,0.01768159121274948,pdb_00007vgy_E1_E2
9788,3,train,0.5818731188774109,pdb_00009ima_C_D
9789,3,train,0.4695093333721161,pdb_00001kip_B_A
9790,3,train,0.6264816522598267,pdb_00008wpy_H_L
9791,3,train,1.3598928451538086,pdb_00004ubd_Y_X
9792,3,train,1.054095983505249,pdb_00008tpa_H_L
9793,3,train,0.03231048211455345,pdb_00009jed_S1_S2
9794,3,train,0.3381221890449524,pdb_00006vmk_Z_Y
9795,3,train,0.04948928579688072,pdb_00003gb7_A_B
9796,3,train,0.04691037908196449,pdb_00008wpu_E1_E2
9797,3,train,0.8613269925117493,pdb_00006jod_H_L
9798,3,train,0.015080887824296951,pdb_00007rgp_E1_E2
9799,3,train,0.012148424983024597,pdb_00006kpf_S1_S2
9800,3,train,0.8902594447135925,pdb_00009od3_H_L
9801,3,train,0.9143846035003662,pdb_00007t3d_O_Q
9802,3,train,0.1279456466436386,pdb_00006k5i_C_D
9803,3,train,0.19009514153003693,pdb_00003ri5_J_M
9804,3,train,0.014282779768109322,pdb_00007y66_S1_S2
9805,3,train,0.012616590596735477,pdb_00008hnm_S1_S2
9806,3,train,0.44433024525642395,pdb_00009l6c_H_L
9807,3,train,0.7022426128387451,pdb_00006iap_H_L
9808,3,train,0.6718096733093262,pdb_00002x7l_E_F
9809,3,train,0.06584032624959946,pdb_00003t3p_E_F
9810,3,train,0.04461824148893356,pdb_00003f5w_A_B
9811,3,train,0.06394697725772858,pdb_00008id9_S1_S2
9812,3,train,0.5496243834495544,pdb_00003nh7_H_L
9813,3,train,0.04850943386554718,pdb_00009kz2_H1_H2
9814,3,train,0.03719247877597809,pdb_00009j0i_S1_S2
9815,3,train,0.8679386377334595,pdb_00006ss4_HHH_LLL
9816,3,train,0.7673496603965759,pdb_00003qwo_H_L
9817,3,train,0.10998470336198807,pdb_00006w0g_A_B
9818,3,train,0.6681181192398071,pdb_00007x6o_C_D
9819,3,train,0.8712278008460999,pdb_00003fmg_H_L
9820,3,train,0.914453387260437,pdb_00009cq8_C_E
9821,3,train,1.369911789894104,pdb_00009vca_H_L
9822,3,train,0.018226901069283485,pdb_00008ykd_S1_S2
9823,3,train,1.30609929561615,pdb_00007rco_F_E
9824,3,train,0.607599139213562,pdb_00008xsj_H_L
9825,3,train,1.6575772762298584,pdb_00009n5i_H_L
9826,3,train,0.8168798089027405,pdb_00007ttx_H_L
9827,3,train,0.4098835587501526,pdb_00005aaw_H1_H2
9828,3,train,0.8574054837226868,pdb_00003vrl_H_L
9829,3,train,0.9633519649505615,pdb_00007t01_H_L
9830,3,train,0.7569893002510071,pdb_00001e6j_H_L
9831,3,train,0.6172464489936829,pdb_00004m62_H_L
9832,3,train,0.5243402123451233,pdb_00007whz_H_L
9833,3,train,0.9773222208023071,pdb_00006p4b_B_A
9834,3,train,0.02611616440117359,pdb_00008yrg_E1_E2
9835,3,train,0.75300133228302,pdb_00008eed_E_F
9836,3,train,0.056768231093883514,pdb_00009d0a_E1_E2
9837,3,train,0.04596268758177757,pdb_00008e9y_E1_E2
9838,3,train,0.7610164284706116,pdb_00007l7e_M_N
9839,3,train,0.7254059910774231,pdb_00008znz_I_J
9840,3,train,0.8779450058937073,pdb_00008cxg_h_l
9841,3,train,0.017263667657971382,pdb_00007ydh_E1_E2
9842,3,train,0.6919102668762207,pdb_00001fj1_B_A
9843,3,train,0.2388886660337448,pdb_00009oun_H_L
9844,3,train,0.03027324378490448,pdb_00009k27_D1_D2
9845,3,train,0.6335961818695068,pdb_00003fku_Z1_Z2
9846,3,train,0.012955566868185997,pdb_00009izh_S1_S2
9847,3,train,0.03390653058886528,pdb_00008thl_F1_F2
9848,3,train,0.5480750203132629,pdb_00007e3o_H_L
9849,3,train,0.022144192829728127,pdb_00008yn6_E1_E2
9850,3,train,0.01422569528222084,pdb_00007rbt_E1_E2
9851,3,train,0.7593293190002441,pdb_00008sit_M_N
9852,3,train,0.06435389816761017,pdb_00001r3k_B_A
9853,3,train,0.5464354157447815,pdb_00005wk3_W_V
9854,3,train,0.6305961012840271,pdb_00009jy2_B_A
9855,3,train,0.022569356486201286,pdb_00009u4w_S1_S2
9856,3,train,0.6348483562469482,pdb_00009lho_I_H
9857,3,train,0.9250091314315796,pdb_00009shd_H_L
9858,3,train,0.8108188509941101,pdb_00008hn7_B_A
9859,3,train,0.6411203742027283,pdb_00009b82_I_G
9860,3,train,0.6633674502372742,pdb_00001tqc_B_C
9861,3,train,0.2700635492801666,pdb_00006vmk_S_R
9862,3,train,0.022604595869779587,pdb_00008hqm_H1_H2
9863,3,train,0.02089614048600197,pdb_00009ydv_E1_E2
9864,3,train,0.018073761835694313,pdb_00007e9g_D1_D2
9865,3,train,0.46133923530578613,pdb_00005oca_H_L
9866,3,train,0.3006605803966522,pdb_00009nz4_D_C
9867,3,train,0.6101725697517395,pdb_00003v4p_M_N
9868,3,train,0.7876625061035156,pdb_00007lq7_C_D
9869,3,train,0.6807184219360352,pdb_00007vyr_A_B
9870,3,train,0.029752327129244804,pdb_00009jeq_S1_S2
9871,3,train,0.13757893443107605,pdb_00009ge3_F1_F2
9872,3,train,0.5700445175170898,pdb_00007m71_H_L
9873,3,train,0.5377206802368164,pdb_00002x7l_A_B
9874,3,train,0.4730599522590637,pdb_00005yoy_I_F
9875,3,train,0.016551250591874123,pdb_00009lr2_S1_S2
9876,3,train,1.58306086063385,pdb_00008v2e_D_E
9877,3,train,0.554457426071167,pdb_00007dpm_G_H
9878,3,train,0.22898896038532257,pdb_00006vmk_l_k
9879,3,train,0.9442175030708313,pdb_00009n4e_K_M
9880,3,train,0.7268633246421814,pdb_00008jqs_h_l
9881,3,train,1.29922354221344,pdb_00007s11_I_M
9882,3,train,0.034223973751068115,pdb_00004fg6_E_F
9883,3,train,0.8359696269035339,pdb_00007ycl_A_B
9884,3,train,0.38539209961891174,pdb_00009lrf_H_L
9885,3,train,0.1415949910879135,pdb_00009ctu_F_E
9886,3,train,1.1064351797103882,pdb_00009e3h_J_K
9887,3,train,0.3564109802246094,pdb_00008bcz_C_D
9888,3,train,0.5259432792663574,pdb_00001z3g_H_L
9889,3,train,0.042173683643341064,pdb_00008j6l_H1_H2
9890,3,train,0.07732503861188889,pdb_00002boc_A_B
9891,3,train,0.3462466597557068,pdb_00008i5h_B_C
9892,3,train,1.137141227722168,pdb_00008v52_D_C
9893,3,train,0.671721875667572,pdb_00008cma_H_L
9894,3,train,1.0634682178497314,pdb_00007unb_H_L
9895,3,train,1.0688507556915283,pdb_00007kqh_C_D
9896,3,train,0.3796132802963257,pdb_00001z3g_I_M
9897,3,train,0.0709611177444458,pdb_00004z7n_E_F
9898,3,train,0.7783436179161072,pdb_00007f3q_C_B
9899,3,train,0.3617008626461029,pdb_00007x1m_C_D
9900,3,train,0.06575171649456024,pdb_00008spu_N1_N2
9901,3,train,1.0026341676712036,pdb_00009cfh_H_L
9902,3,train,0.049132440239191055,pdb_00008evi_M1_M2
9903,3,train,0.071049764752388,pdb_00008ubi_N2_N1
9904,3,train,0.5079490542411804,pdb_00008hpf_M_N
9905,3,train,0.6835125684738159,pdb_00008cz8_C2_C1
9906,3,train,0.8313274383544922,pdb_00002vis_B_A
9907,3,train,0.6537177562713623,pdb_00008zh7_B_C
9908,3,train,0.028084054589271545,pdb_00007ejx_S1_S2
9909,3,train,0.6332049369812012,pdb_00001tzi_B_A
9910,3,train,0.023272234946489334,pdb_00009k26_S1_S2
9911,3,train,0.382835328578949,pdb_00008smt_A_B
9912,3,train,0.02758445031940937,pdb_00008xgm_S1_S2
9913,3,train,0.021342242136597633,pdb_00008xml_S1_S2
9914,3,train,0.23921038210391998,pdb_00006w0h_A_B
9915,3,train,0.0781189575791359,pdb_00001ots_C_D
9916,3,train,0.020153380930423737,pdb_00008ykx_E1_E2
9917,3,train,0.02630339376628399,pdb_00009jky_S1_S2
9918,3,train,0.65351402759552,pdb_00008hrd_D_F
9919,3,train,0.6792429685592651,pdb_00007rxl_H_L
9920,3,train,0.015976304188370705,pdb_00008tb0_F1_F2
9921,3,train,0.06683775782585144,pdb_00007uh8_E_F
9922,3,train,0.6388106942176819,pdb_00009fys_I_M
9923,3,train,0.5543648600578308,pdb_00007xj9_I_H
9924,3,train,0.970329761505127,pdb_00009c0v_H_L
9925,3,train,0.3082786202430725,pdb_00008vgk_K_L
9926,3,train,0.8914506435394287,pdb_00005h35_F_G
9927,3,train,0.9608447551727295,pdb_00006fax_H_L
9928,3,train,0.39168575406074524,pdb_00002x7l_H_L
9929,3,train,0.8854423761367798,pdb_00009h6u_H_L
9930,3,train,0.8521574139595032,pdb_00008gpu_C_D
9931,3,train,0.01808076724410057,pdb_00007vuy_S1_S2
9932,3,train,0.010167749598622322,pdb_00008k4n_E1_E2
9933,3,train,0.6028432250022888,pdb_00007zmk_J_K
9934,3,train,0.7558732628822327,pdb_00007ua2_B1_B2
9935,3,train,0.08332236111164093,pdb_00001k4d_A_B
9936,3,train,0.6211240291595459,pdb_00004ma8_H_L
9937,3,train,0.00862959772348404,pdb_00008iu2_S1_S2
9938,3,train,0.016339309513568878,pdb_00008yn5_E1_E2
9939,3,train,0.03112690895795822,pdb_00009cm3_N1_N2
9940,3,train,0.4356832206249237,pdb_00003v4v_M_N
9941,3,train,0.03278949856758118,pdb_00008fx5_H1_H2
9942,3,train,0.6749829053878784,pdb_00009cff_H_L
9943,3,train,0.016669264063239098,pdb_00008yh2_S1_S2
9944,3,train,0.8309391140937805,pdb_00008dis_A_C
9945,3,train,0.019368795678019524,pdb_00008xbe_S1_S2
9946,3,train,1.2505861520767212,pdb_00006s3d_E_F
9947,3,train,0.7336153984069824,pdb_00009n4e_O_R
9948,3,train,0.696408748626709,pdb_00006vgr_C_D
9949,3,train,0.8648667931556702,pdb_00007rxj_A_B
9950,3,train,0.6243377923965454,pdb_00002wuc_H_L
9951,3,train,0.44202423095703125,pdb_00001kir_B_A
9952,3,train,0.4999299645423889,pdb_00007m6d_A_B
9953,3,train,0.009800326079130173,pdb_00008jxv_E1_E2
9954,3,train,0.38084301352500916,pdb_00004tnw_W_f
9955,3,train,0.7685496807098389,pdb_00008u4s_F_E
9956,3,train,0.7302271127700806,pdb_00009mkn_J_N
9957,3,train,0.049051571637392044,pdb_00008wwi_E1_E2
9958,3,train,0.5670422911643982,pdb_00008oz3_A_B
9959,3,train,0.7516596913337708,pdb_00007y6k_J_E3
9960,3,train,0.5862123966217041,pdb_00009n7q_E_G
9961,3,train,0.16952592134475708,pdb_00006zlr_HHH_LLL
9962,3,train,1.2483046054840088,pdb_00006wty_H_I
9963,3,train,0.5037941932678223,pdb_00007jum_I1_I2
9964,3,train,0.5641449689865112,pdb_00007wqv_F1_F2
9965,3,train,0.04500504955649376,pdb_00004fg6_C_D
9966,3,train,0.970797061920166,pdb_00006jep_K_I
9967,3,train,0.3986283540725708,pdb_00007pry_A_B
9968,3,train,0.008387145586311817,pdb_00007ew2_S1_S2
9969,3,train,0.010600266046822071,pdb_00009jh6_S1_S2
9970,3,train,0.03070410154759884,pdb_00008hpt_H1_H2
9971,3,train,0.03426690027117729,pdb_00008evh_M1_M2
9972,3,train,0.020197995007038116,pdb_00008yuu_S1_S2
9973,3,train,0.6496546268463135,pdb_00007m3i_H_L
9974,3,train,0.615362286567688,pdb_00005ugy_J_N
9975,3,train,0.5287820100784302,pdb_00009iz9_Q_R
9976,3,train,0.672525942325592,pdb_00007sd5_H_L
9977,3,train,0.917335033416748,pdb_00007scn_J_K
9978,3,train,0.019753802567720413,pdb_00007vla_S1_S2
9979,3,train,0.033938564360141754,pdb_00009f33_E1_E2
9980,3,train,0.4340542256832123,pdb_00009lrh_H_L
9981,3,train,0.8917504549026489,pdb_00004lmq_E_I
9982,3,train,0.3046213686466217,pdb_00003v4p_H_L
9983,3,train,0.5136226415634155,pdb_00005xku_C_B
9984,3,train,0.8338611125946045,pdb_00006a4k_H_L
9985,3,train,0.5722866058349609,pdb_00004odx_A_L
9986,3,train,0.9456946849822998,pdb_00008xe9_A_B
9987,3,train,0.5334877371788025,pdb_00009m0d_D_Q
9988,3,train,1.0364547967910767,pdb_00009lae_H_L
9989,3,train,0.01631825789809227,pdb_00007xmt_S1_S2
9990,3,train,0.9026186466217041,pdb_00007k9i_H_L
9991,3,train,0.6763732433319092,pdb_00006wzm_A_B
9992,3,train,0.03245345875620842,pdb_00009jmc_E1_E2
9993,3,train,0.03626765310764313,pdb_00009p0l_F1_F2
9994,3,train,0.6326001286506653,pdb_00009lae_A_B
9995,3,train,0.4944436252117157,pdb_00008eqf_H_L
9996,3,train,0.4388527572154999,pdb_00007xeg_C_D
9997,3,train,0.43945828080177307,pdb_00009jy1_R_Q
9998,3,train,1.2936317920684814,pdb_00005gs0_D_C
9999,3,train,0.18441645801067352,pdb_00002dqd_H_L
10000,3,train,0.824207603931427,pdb_00007qnx_A_B
10001,3,train,0.8261433839797974,pdb_00006hxw_C_D
10002,3,train,0.017628688365221024,pdb_00007xbd_E1_E2
10003,3,train,0.5317794680595398,pdb_00008hq7_M_N
10004,3,train,0.012675401754677296,pdb_00007x2v_E1_E2
10005,3,train,1.0666435956954956,pdb_00007si0_C_D
10006,3,train,0.013177544809877872,pdb_00008zbi_F1_F2
10007,3,train,0.3808845281600952,pdb_00004ioi_B_A
10008,3,train,0.6054266095161438,pdb_00009hhr_L_H
10009,3,train,0.7021995782852173,pdb_00006dkj_H_L
10010,3,train,0.01487604808062315,pdb_00009jks_S1_S2
10011,3,train,0.023419691249728203,pdb_00008yna_E1_E2
10012,3,train,0.8692020773887634,pdb_00007yrh_F_E
10013,3,train,0.020262429490685463,pdb_00008utd_D1_D2
10014,3,train,0.8757448196411133,pdb_00006uig_H_L
10015,3,train,1.1564126014709473,pdb_00007rxp_H_L
10016,3,train,0.7609601020812988,pdb_00008v5v_c_e
10017,3,train,0.7195726037025452,pdb_00005h35_H_I
10018,3,train,0.5708863735198975,pdb_00004ttd_H_L
10019,3,train,0.772938072681427,pdb_00009c6y_C_D
10020,3,train,1.0708903074264526,pdb_00008tp5_E_F
10021,3,train,1.1008048057556152,pdb_00007bsc_H_L
10022,3,train,1.003217101097107,pdb_00008hrd_W_X
10023,3,train,0.7510021924972534,pdb_00009f91_E_F
10024,3,train,0.018300093710422516,pdb_00009v6o_S1_S2
10025,3,train,0.5142398476600647,pdb_00006kyz_E_F
10026,3,train,0.06657832860946655,pdb_00007udh_E_F
10027,3,train,0.3245640993118286,pdb_00006vmk_i_h
10028,3,train,0.13032864034175873,pdb_00007vgs_F_E
10029,3,train,0.8327063918113708,pdb_00008gpy_E1_E2
10030,3,train,1.0559275150299072,pdb_00004u6h_A_B
10031,3,train,0.35189881920814514,pdb_00009cpw_C_D
10032,3,train,0.27328214049339294,pdb_00004hjg_B_A
10033,3,train,0.31429675221443176,pdb_00007o7f_H_F
10034,3,train,1.3537358045578003,pdb_00006mtq_H_L
10035,3,train,0.2230387032032013,pdb_00009ov4_J_K
10036,3,train,0.784857451915741,pdb_00007bbj_M_N
10037,3,train,0.7236512303352356,pdb_00008y3i_G_H
10038,3,train,0.25382375717163086,pdb_00004tnw_J_M
10039,3,train,0.024496719241142273,pdb_00009pq0_E1_E2
10040,3,train,0.999359667301178,pdb_00009mtj_I_J
10041,3,train,0.5045136213302612,pdb_00004odx_H_B
10042,3,train,0.6928004622459412,pdb_00007wk0_D_E
10043,3,train,0.3007190525531769,pdb_00002qr0_B_A
10044,3,train,0.07773076742887497,pdb_00006x3s_K_L
10045,3,train,0.7319038510322571,pdb_00009kze_H_L
10046,3,train,0.019200585782527924,pdb_00007vv3_S1_S2
10047,3,train,1.3057167530059814,pdb_00009bhh_T_S
10048,3,train,0.4899366796016693,pdb_00007sk7_D_C
10049,3,train,0.3787965476512909,pdb_00008as0_T_S
10050,3,train,0.015423252247273922,pdb_00006wwz_S1_S2
10051,3,train,0.8115154504776001,pdb_00002vwe_E_C
10052,3,train,0.6807568073272705,pdb_00008cn9_L_K
10053,3,train,0.5423097610473633,pdb_00007bpk_C_D
10054,3,train,1.1993564367294312,pdb_00009e3l_I_J
10055,3,train,0.32067278027534485,pdb_00008cwv_H_L
10056,3,train,1.0420124530792236,pdb_00007c88_A_B
10057,3,train,0.06763455271720886,pdb_00001otu_E_F
10058,3,train,0.21782328188419342,pdb_00001ic7_H_L
10059,3,train,0.8708065748214722,pdb_00006woz_E_F
10060,3,train,0.1570630967617035,pdb_00009ouq_H_L
10061,3,train,0.013347030617296696,pdb_00007eo2_E1_E2
10062,3,train,0.4736214280128479,pdb_00009n7q_D_F
10063,3,train,1.5291534662246704,pdb_00009ivj_H_L
10064,3,train,0.01004596147686243,pdb_00007y15_S1_S2
10065,3,train,0.41024020314216614,pdb_00003rhw_I_O
10066,3,train,1.9354816675186157,pdb_00004xzu_E_F
10067,3,train,0.5896857380867004,pdb_00003dvg_B_A
10068,3,train,0.8690537810325623,pdb_00008uzp_A_B
10069,3,train,1.0631552934646606,pdb_00007kq7_H_L
10070,3,train,0.053649064153432846,pdb_00008i9l_H1_H2
10071,3,train,0.8361579775810242,pdb_00006ww5_C_D
10072,3,train,0.09680888801813126,pdb_00009kt7_E1_E2
10073,3,train,0.19412119686603546,pdb_00008syp_N1_N2
10074,3,train,0.023288492113351822,pdb_00009kpf_S1_S2
10075,3,train,0.7208872437477112,pdb_00001ors_B_A
10076,3,train,0.02050885744392872,pdb_00007eb2_N1_N2
10077,3,train,0.6849092245101929,pdb_00004yk4_C_B
10078,3,train,0.03042449988424778,pdb_00008sai_S1_S2
10079,3,train,0.019568486139178276,pdb_00009le0_S1_S2
10080,3,train,0.5460174083709717,pdb_00008xse_M_N
10081,3,train,0.01230356004089117,pdb_00007y12_S1_S2
10082,3,train,0.037489816546440125,pdb_00009jfy_S1_S2
10083,3,train,0.13338856399059296,pdb_00003t3m_E_F
10084,3,train,0.019224394112825394,pdb_00009l79_S1_S2
10085,3,train,0.019211510196328163,pdb_00006os9_D1_D2
10086,3,train,0.01815902255475521,pdb_00008xor_E1_E2
10087,3,train,0.10094405710697174,pdb_00002ht2_C_D
10088,3,train,1.090611457824707,pdb_00009n5z_A_B
10089,3,train,0.6470544934272766,pdb_00006vja_H_L
10090,3,train,0.045433446764945984,pdb_00008g05_E1_E2
10091,3,train,0.20258863270282745,pdb_00006adb_C_D
10092,3,train,0.03749747946858406,pdb_00009v2n_S1_S2
10093,3,train,0.04581594839692116,pdb_00007srr_E1_E2
10094,3,train,0.8306775093078613,pdb_00008ee8_H_L
10095,3,train,0.8994890451431274,pdb_00001kb5_H_L
10096,3,train,0.316580593585968,pdb_00006b9z_B_A
10097,3,train,0.05097602680325508,pdb_00008xjo_E1_E2
10098,3,train,0.00819705706089735,pdb_00007f4h_S1_S2
10099,3,train,0.25628456473350525,pdb_00008ihf_S1_S2
10100,3,train,0.05349701642990112,pdb_00008iys_E1_E2
10101,3,train,0.09015511721372604,pdb_00008ubj_N2_N1
10102,3,train,0.015688644722104073,pdb_00007y1f_E1_E2
10103,3,train,0.9358821511268616,pdb_00006wm9_B_C
10104,3,train,0.6116973161697388,pdb_00008ee8_D_C
10105,3,train,0.016291193664073944,pdb_00009vje_E1_E2
10106,3,train,1.0626083612442017,pdb_00003klh_D_C
10107,3,train,0.035073887556791306,pdb_00008ijd_S1_S2
10108,3,train,0.016493871808052063,pdb_00007vl8_S1_S2
10109,3,train,0.10430882126092911,pdb_00008uh3_E1_E2
10110,3,train,1.0009434223175049,pdb_00009mkn_Q_R
10111,3,train,0.6429904103279114,pdb_00006n5e_H_I
10112,3,train,0.9378364086151123,pdb_00008tbq_A_B
10113,3,train,1.3476532697677612,pdb_00009kvk_A_B
10114,3,train,0.9131224155426025,pdb_00009mif_H_L
10115,3,train,0.993458092212677,pdb_00005mo9_H_L
10116,3,train,0.04367339611053467,pdb_00009m55_S1_S2
10117,3,train,0.02175084687769413,pdb_00009axf_H1_H2
10118,3,train,0.9756687879562378,pdb_00005gs0_F_E
10119,3,train,0.05007511004805565,pdb_00009xhi_D1_D2
10120,3,train,0.029048165306448936,pdb_00008efo_E1_E2
10121,3,train,0.6196998357772827,pdb_00008tx3_E_J
10122,3,train,0.8814836740493774,pdb_00009npg_K_J
10123,3,train,1.200109601020813,pdb_00008e8y_H_L
10124,3,train,0.3378772437572479,pdb_00004tnw_V_Z
10125,3,train,0.07828976213932037,pdb_00008ubl_N2_N1
10126,3,train,0.740879237651825,pdb_00009f91_A_B
10127,3,train,0.5443099737167358,pdb_00007srs_H_L
10128,3,train,0.7337285876274109,pdb_00009mqa_I_M
10129,3,train,0.020756319165229797,pdb_00008wwh_E1_E2
10130,3,train,1.3323239088058472,pdb_00008tea_H_G
10131,3,train,0.966352105140686,pdb_00009riq_H_L
10132,3,train,0.1498371809720993,pdb_00009zq9_I2_I1
10133,3,train,0.7198031544685364,pdb_00007pry_H_L
10134,3,train,0.026366082951426506,pdb_00009pxv_E1_E2
10135,3,train,0.8490314483642578,pdb_00008dcm_A_B
10136,3,train,0.7148441076278687,pdb_00007x3c_F_E
10137,3,train,1.0493078231811523,pdb_00003o2d_H_L
10138,3,train,0.8016097545623779,pdb_00008yub_D_E
10139,3,train,0.26143309473991394,pdb_00006vmk_E_D
10140,3,train,0.5077646970748901,pdb_00007klh_H_L
10141,3,train,0.6539432406425476,pdb_00007d6i_B_C
10142,3,train,0.050645582377910614,pdb_00009xhh_D1_D2
10143,3,train,1.221171259880066,pdb_00007n4j_H_L
10144,3,train,0.7451921105384827,pdb_00007wur_G_H
10145,3,train,0.024433763697743416,pdb_00007db6_E1_E2
10146,3,train,0.0230291448533535,pdb_00009cgk_E1_E2
10147,3,train,0.050487637519836426,pdb_00007w6p_H1_H2
10148,3,train,1.0302900075912476,pdb_00002w9e_H_L
10149,3,train,0.024490993469953537,pdb_00006xbm_S1_S2
10150,3,train,0.02241094596683979,pdb_00009u4y_S1_S2
10151,3,train,0.1438361257314682,pdb_00003nif_E_F
10152,3,train,0.48136594891548157,pdb_00003v4v_H_L
10153,3,train,0.4399518668651581,pdb_00004tsc_H_L
10154,3,train,0.02480294182896614,pdb_00008jlj_S1_S2
10155,3,train,1.0967071056365967,pdb_00008ywe_C2_C1
10156,3,train,1.015074372291565,pdb_00008cz5_H_L
10157,3,train,0.9198972582817078,pdb_00001orq_B_A
10158,3,train,0.5074068307876587,pdb_00003dvn_B_A
10159,3,train,0.8967494368553162,pdb_00006mlm_K_L
10160,3,train,0.7080333232879639,pdb_00006cyf_F_E
10161,3,train,0.02032426744699478,pdb_00008iz4_E1_E2
10162,3,train,0.6894587874412537,pdb_00004hg4_T_U
10163,3,train,0.08060333877801895,pdb_00002exw_C_D
10164,3,train,0.3816797137260437,pdb_00008j8r_D_E
10165,3,train,1.3720704317092896,pdb_00008z6t_B_C
10166,3,train,0.02559049427509308,pdb_00001ots_E_F
10167,3,train,0.014770101755857468,pdb_00009bqj_E1_E2
10168,3,train,0.677013635635376,pdb_00006vvu_E_F
10169,3,train,0.7598068118095398,pdb_00004d9r_H_L
10170,3,train,0.8901853561401367,pdb_00004al8_H_L
10171,3,train,0.7304052710533142,pdb_00009b82_R_Q
10172,3,train,1.0598630905151367,pdb_00009os5_H_K
10173,3,train,0.7618667483329773,pdb_00007pa7_nnn2_nnn1
10174,3,train,0.46777087450027466,pdb_00009n7q_H_L
10175,3,train,0.2766738831996918,pdb_00005u5f_B_A
10176,3,train,0.8842191696166992,pdb_00008gpu_F_G
10177,3,train,0.8603078722953796,pdb_00001fsk_L_K
10178,3,train,0.6513475775718689,pdb_00004dkf_I_M
10179,3,train,0.6825615167617798,pdb_00008vgp_H_L
10180,3,train,0.014378953725099564,pdb_00009k3l_S1_S2
10181,3,train,0.5033606290817261,pdb_00004ttd_C_D
10182,3,train,0.2405914068222046,pdb_00008vgh_J_I
10183,3,train,0.9024437069892883,pdb_00008siq_H_L
10184,3,train,0.3915807902812958,pdb_00007dfa_H_L
10185,3,train,0.3175261318683624,pdb_00007wnb_H_L
10186,3,train,0.32224732637405396,pdb_00008i0n_H_L
10187,3,train,0.030843432992696762,pdb_00007p00_H1_H2
10188,3,train,1.4865456819534302,pdb_00007ey5_B_C
10189,3,train,0.03820712864398956,pdb_00008hbd_H1_H2
10190,3,train,0.04271596297621727,pdb_00002fed_E_F
10191,3,train,0.42700040340423584,pdb_00005aaw_D1_D2
10192,3,train,0.3730974793434143,pdb_00007kf0_H_L
10193,3,train,0.9647929668426514,pdb_00009mtj_H_L
10194,3,train,0.44499361515045166,pdb_00007k9z_H_L
10195,3,train,0.5965039134025574,pdb_00009me7_I_M
10196,3,train,0.01685558632016182,pdb_00007xa3_E1_E2
10197,3,train,0.4749271273612976,pdb_00008jel_C_D
10198,3,train,0.01266183890402317,pdb_00009jr2_S1_S2
10199,3,train,0.020504236221313477,pdb_00008vvf_E1_E2
10200,3,train,0.09577038139104843,pdb_00003f7v_A_B
10201,3,train,0.7966843247413635,pdb_00008jqm_M_N
10202,3,train,0.8227044939994812,pdb_00007mmo_A_B
10203,3,train,0.7930352687835693,pdb_00007t3d_H_L
10204,3,train,0.5412773489952087,pdb_00009k6j_A_B
10205,3,train,0.40580394864082336,pdb_00008f2j_A_B
10206,3,train,0.8908632397651672,pdb_00007fcp_B_D
10207,3,train,0.8315436840057373,pdb_00002bdn_H_L
10208,3,train,0.4412737488746643,pdb_00007kfw_F_G
10209,3,train,0.037522222846746445,pdb_00002htl_C_D
10210,3,train,0.8056963086128235,pdb_00008z6x_B_C
10211,3,train,0.9770463705062866,pdb_00008vk1_C_B
10212,3,train,0.558894693851471,pdb_00007wrv_U_V
10213,3,train,1.2496120929718018,pdb_00006xm2_D_C
10214,3,train,0.7425373792648315,pdb_00009ue0_A_B
10215,3,train,0.014149172231554985,pdb_00008dwc_E1_E2
10216,3,train,0.5531625151634216,pdb_00009clp_H_L
10217,3,train,0.8140828609466553,pdb_00006ywc_A_B
10218,3,train,0.47190868854522705,pdb_00001g7m_B_A
10219,3,train,0.9929930567741394,pdb_00008w86_E_F
10220,3,train,0.6521183848381042,pdb_00008y3h_G_H
10221,3,train,0.6683820486068726,pdb_00004n90_F_G
10222,3,train,0.5665879249572754,pdb_00007rks_H_L
10223,3,train,0.5162235498428345,pdb_00007eam_C_D
10224,3,train,0.06606359779834747,pdb_00007sr8_E1_E2
10225,3,train,0.020507922396063805,pdb_00008vvg_E1_E2
10226,3,train,0.020114539191126823,pdb_00008jxt_E1_E2
10227,3,train,0.47096186876296997,pdb_00006j6y_E_F
10228,3,train,0.6988743543624878,pdb_00007pa7_ddd2_ddd1
10229,3,train,1.2512195110321045,pdb_00009leo_A_B
10230,3,train,0.2724335491657257,pdb_00006vmk_V_U
10231,3,train,0.8864262700080872,pdb_00002ybr_D_E
10232,3,train,0.43921002745628357,pdb_00007qnx_H_L
10233,3,train,0.42557671666145325,pdb_00005yoy_P_M
10234,3,train,0.47862377762794495,pdb_00007lop_B_C
10235,3,train,0.37075304985046387,pdb_00008as0_N_M
10236,3,train,0.8661082983016968,pdb_00007uvi_D_E
10237,3,train,0.26980260014533997,pdb_00008wnp_D_C
10238,3,train,0.9480637907981873,pdb_00004khx_H_L
10239,3,train,0.820188045501709,pdb_00001nsn_H_L
10240,3,train,0.0296180360019207,pdb_00008yn2_E1_E2
10241,3,train,0.2661582827568054,pdb_00004z7o_E_F
10242,3,train,0.9089959263801575,pdb_00009b2m_H_L
10243,3,train,1.2387161254882812,pdb_00004kuc_F_E
10244,3,train,0.043390460312366486,pdb_00002htk_E_F
10245,3,train,0.34718215465545654,pdb_00005ggv_H_L
10246,3,train,0.5752233266830444,pdb_00005dhy_A_B
10247,3,train,0.5853026509284973,pdb_00001mlc_B_A
10248,3,train,0.01929149590432644,pdb_00007f4f_S1_S2
10249,3,train,0.9243610501289368,pdb_00008zyf_H_D
10250,3,train,0.604793131351471,pdb_00002fjh_B_A
10251,3,train,0.6554219126701355,pdb_00007lq7_H_L
10252,3,train,0.7794163823127747,pdb_00008sdh_H_L
10253,3,train,0.021142641082406044,pdb_00009uan_E1_E2
10254,3,train,0.023972468450665474,pdb_00009kug_H1_H2
10255,3,train,0.012859828770160675,pdb_00007ew1_E1_E2
10256,3,train,1.1302279233932495,pdb_00009kyz_A_B
10257,3,train,0.5506516098976135,pdb_00002dd8_H_L
10258,3,train,0.7314346432685852,pdb_00007mem_I_K
10259,3,train,0.9698978066444397,pdb_00009mtm_I_J
10260,3,train,0.6921404004096985,pdb_00008g5a_I_M
10261,3,train,1.591089129447937,pdb_00001g9n_H_L
10262,3,train,1.1735397577285767,pdb_00005hbv_D_C
10263,3,train,0.15751329064369202,pdb_00008sid_K_L
10264,3,train,0.029736341908574104,pdb_00008xgo_D1_D2
10265,3,train,0.10725996643304825,pdb_00008ubj_M2_M1
10266,3,train,1.2353389263153076,pdb_00004ubd_O_P
10267,3,train,0.33145084977149963,pdb_00008wo4_B_A
10268,3,train,0.5409781336784363,pdb_00008go8_H_L
10269,3,train,0.730019211769104,pdb_00009axl_H_L
10270,3,train,0.01981116458773613,pdb_00008iyw_H1_H2
10271,3,train,0.23025217652320862,pdb_00006vmk_u_t
10272,3,train,0.07270602881908417,pdb_00007udg_E_F
10273,3,train,0.7204291820526123,pdb_00007yrf_F_E
10274,3,train,0.7241989374160767,pdb_00009ue8_I_J
10275,3,train,0.02460440993309021,pdb_00009yda_H1_H2
10276,3,train,0.6728267669677734,pdb_00004qci_B_A
10277,3,train,0.3769618272781372,pdb_00006xe1_H_L
10278,3,train,0.6289379000663757,pdb_00004hg4_X_Y
10279,3,train,0.19315312802791595,pdb_00002dqi_H_L
10280,3,train,0.5369507074356079,pdb_00007lop_H_L
10281,3,train,0.8014066815376282,pdb_00008vgm_H_L
10282,3,train,0.4870741367340088,pdb_00008i5l_D1_D2
10283,3,train,0.8164359331130981,pdb_00001bvk_B_A
10284,3,train,0.02088489569723606,pdb_00008iru_E1_E2
10285,3,train,0.4464702904224396,pdb_00006ktr_A_B
10286,3,train,0.6019488573074341,pdb_00007zmk_M_N
10287,3,train,0.05392681807279587,pdb_00007u0i_N1_N2
10288,3,train,1.103379726409912,pdb_00004lvh_E_F
10289,3,train,0.01862226612865925,pdb_00008yn8_E1_E2
10290,3,train,0.5648579597473145,pdb_00009udq_I_C
10291,3,train,0.5616029500961304,pdb_00002jix_F_A
10292,3,train,0.7150163650512695,pdb_00009qub_F_E
10293,3,train,0.7292612195014954,pdb_00007m7w_C_D
10294,3,train,0.021079067140817642,pdb_00007y64_S1_S2
10295,3,train,0.5041542053222656,pdb_00008tui_H_L
10296,3,train,0.17994354665279388,pdb_00001uac_H_L
10297,3,train,0.7803711891174316,pdb_00009vhz_A_B
10298,3,train,0.025090498849749565,pdb_00008hqn_H1_H2
10299,3,train,0.6351244449615479,pdb_00004hj0_P_Q
10300,3,train,0.7628752589225769,pdb_00005xmh_D_C
10301,3,train,0.06174619495868683,pdb_00007tho_E_F
10302,3,train,0.0651397630572319,pdb_00008w8b_E1_E2
10303,3,train,1.1067794561386108,pdb_00007xj9_K_J
10304,3,train,0.6306800246238708,pdb_00008ulf_H_L
10305,3,train,0.5108923316001892,pdb_00008vgl_H_L
10306,3,train,0.4828397035598755,pdb_00008jkf_H_L
10307,3,train,0.5283091068267822,pdb_00007vyt_B_C
10308,3,train,0.04767034202814102,pdb_00007cvt_E_F
10309,3,train,0.020172622054815292,pdb_00008guq_S1_S2
10310,3,train,0.4250665009021759,pdb_00008qh0_H_L
10311,3,train,0.016336770728230476,pdb_00007xat_E1_E2
10312,3,train,0.8297679424285889,pdb_00007zfb_C_D
10313,3,train,0.5351395010948181,pdb_00007y7m_F_G
10314,3,train,0.700741171836853,pdb_00001fsk_C_B
10315,3,train,0.021676208823919296,pdb_00009ejc_D1_D2
10316,3,train,0.5731319785118103,pdb_00005x8l_H_M
10317,3,train,0.684059739112854,pdb_00008we4_H_L
10318,3,train,0.7543149590492249,pdb_00001p2c_B_A
10319,3,train,0.8351895213127136,pdb_00007tbf_H_L
10320,3,train,0.5679870843887329,pdb_00009hh9_I_H
10321,3,train,1.1826887130737305,pdb_00007t7b_H_L
10322,3,train,0.5767188668251038,pdb_00006pe9_E_F
10323,3,train,1.0354820489883423,pdb_00007n0a_B_A
10324,3,train,1.134863018989563,pdb_00006wqo_E_F
10325,3,train,0.5827566385269165,pdb_00007ws2_E_D
10326,3,train,1.7436755895614624,pdb_00006cvk_B2_B1
10327,3,train,0.31466618180274963,pdb_00008jkf_m_n
10328,3,train,0.9342798590660095,pdb_00006oc3_A_B
10329,3,train,0.6530705690383911,pdb_00007y6k_E1_E2
10330,3,train,0.34825289249420166,pdb_00005aam_B1_B2
10331,3,train,0.7709484100341797,pdb_00009os5_G_J
10332,3,train,0.5198585391044617,pdb_00007bnv_H_L
10333,3,train,1.372335433959961,pdb_00003lqa_H_L
10334,3,train,1.2194249629974365,pdb_00007lg6_C_D
10335,3,train,0.1261923909187317,pdb_00006x3u_J_I
10336,3,train,0.0224616676568985,pdb_00007jvr_E1_E2
10337,3,train,0.5633897185325623,pdb_00009iz9_O_P
10338,3,train,0.9069015979766846,pdb_00008xcd_H_L
10339,3,train,0.041657716035842896,pdb_00007rg9_E1_E2
10340,3,train,0.01860988885164261,pdb_00008xjk_E1_E2
10341,3,train,0.9743006229400635,pdb_00001qfu_H_L
10342,3,train,0.38095176219940186,pdb_00008i0n_I_M
10343,3,train,0.019079724326729774,pdb_00009b54_S1_S2
10344,3,train,0.7487941980361938,pdb_00006hxw_H_L
10345,3,train,0.23709389567375183,pdb_00009ov4_H_L
10346,3,train,0.3918483853340149,pdb_00009hhr_D_G
10347,3,train,0.01090644858777523,pdb_00008uuj_D1_D2
10348,3,train,0.8667435050010681,pdb_00009oi3_M_N
10349,3,train,1.2722707986831665,pdb_00003lh2_J_N
10350,3,train,0.2398340404033661,pdb_00009zqc_J2_J1
10351,3,train,0.5717063546180725,pdb_00007wsi_H_L
10352,3,train,0.028372498229146004,pdb_00008xgs_D1_D2
10353,3,train,0.46231311559677124,pdb_00007ek0_H_L
10354,3,train,0.012274674139916897,pdb_00008hcq_E1_E2
10355,3,train,0.7756588459014893,pdb_00003wkm_H_L
10356,3,train,0.706176221370697,pdb_00003rif_F_N
10357,3,train,0.9689239859580994,pdb_00007uxl_A_B
10358,3,train,0.007950155064463615,pdb_00009uk2_E1_E2
10359,3,train,0.7179425358772278,pdb_00006xkr_H_L
10360,3,train,0.02125253528356552,pdb_00008i97_H1_H2
10361,3,train,0.7345504760742188,pdb_00009q71_I_J
10362,3,train,0.012485810555517673,pdb_00007ew4_S1_S2
10363,3,train,1.0295997858047485,pdb_00007ykj_A_D
10364,3,train,0.021085301414132118,pdb_00008ia8_S1_S2
10365,3,train,0.798686146736145,pdb_00004xrc_B_A
10366,3,train,0.967936098575592,pdb_00009oar_B_D
10367,3,train,0.10059219598770142,pdb_00006k5f_E_F
10368,3,train,0.7316078543663025,pdb_00003vrl_E_F
10369,3,train,0.6707082390785217,pdb_00006vvu_G_I
10370,3,train,0.8041661381721497,pdb_00006uig_B_C
10371,3,train,0.009897950105369091,pdb_00007vug_S1_S2
10372,3,train,0.8585625290870667,pdb_00009h4r_H_L
10373,3,train,0.15242533385753632,pdb_00009ge2_F1_F2
10374,3,train,0.014937483705580235,pdb_00008jef_S1_S2
10375,3,train,0.013840500265359879,pdb_00006pt0_E1_E2
10376,3,train,0.03556874021887779,pdb_00007ydj_E1_E2
10377,3,train,1.4456251859664917,pdb_00006ddv_B_A
10378,3,train,0.03160807862877846,pdb_00008id6_S1_S2
10379,3,train,0.6846712231636047,pdb_00009mla_I_L
10380,3,train,0.6045542359352112,pdb_00009cq4_C_D
10381,3,train,1.1901477575302124,pdb_00006ml8_H_L
10382,3,train,0.8183766603469849,pdb_00007x2i_H_L
10383,3,train,0.019369550049304962,pdb_00008jz7_S1_S2
10384,3,train,0.40276625752449036,pdb_00007pry_F_G
10385,3,train,0.6165838241577148,pdb_00001fbi_Q_P
10386,3,train,0.10147392004728317,pdb_00002vdq_H_L
10387,3,train,0.5380852222442627,pdb_00009l6c_A_B
10388,3,train,0.49090880155563354,pdb_00001dzb_A1_A2
10389,3,train,1.256084680557251,pdb_00007y6l_H_L
10390,3,train,0.08981987088918686,pdb_00006x40_J_I
10391,3,train,0.29761219024658203,pdb_00006vmk_r_q
10392,3,train,0.2575486898422241,pdb_00006vmk_H_G
10393,3,train,0.9521158933639526,pdb_00007wcr_a_b
10394,3,train,0.6236702799797058,pdb_00006wzm_C_D
10395,3,train,0.04438627511262894,pdb_00002vc2_H_L
10396,3,train,0.710646390914917,pdb_00008dwy_H_L
10397,3,train,1.4493675231933594,pdb_00009rih_H_L
10398,3,train,0.32260337471961975,pdb_00008vgh_F_E
10399,3,train,1.470191240310669,pdb_00009wai_E_F
10400,3,train,0.599764883518219,pdb_00007fci_H_L
10401,3,train,0.6604539752006531,pdb_00008zd5_B_C
10402,3,train,1.395510196685791,pdb_00009vnp_C_A
10403,3,train,0.13767869770526886,pdb_00002itd_A_B
10404,3,train,0.390767902135849,pdb_00009cpv_C_D
10405,3,train,0.5170046091079712,pdb_00008jqs_H_L
10406,3,train,0.35224655270576477,pdb_00006txz_I_M
10407,3,train,0.04504093900322914,pdb_00009ast_E1_E2
10408,3,train,0.014118851162493229,pdb_00008k4s_D1_D2
10409,3,train,1.1375584602355957,pdb_00008bbo_H_L
10410,3,train,1.2270433902740479,pdb_00008tfn_H_L
10411,3,train,0.03519568592309952,pdb_00008gur_S1_S2
10412,3,train,0.37431466579437256,pdb_00007kfw_H_L
10413,3,train,1.4785281419754028,pdb_00006cvk_A2_A1
10414,3,train,0.2890681326389313,pdb_00009exa_F_E
10415,3,train,0.9761924743652344,pdb_00004ffv_D_C
10416,3,train,1.168342113494873,pdb_00008tfl_H_L
10417,3,train,0.8442785739898682,pdb_00009mq9_J_N
10418,3,train,1.0141056776046753,pdb_00007mxl_A_B
10419,3,train,0.03370848298072815,pdb_00008sg1_E1_E2
10420,3,train,0.6765742301940918,pdb_00008gv6_I_J
10421,3,train,0.24050986766815186,pdb_00008vgh_H_G
10422,3,train,0.820810079574585,pdb_00009n4e_Q_P
10423,3,train,0.5380451679229736,pdb_00005bo1_H_L
10424,3,train,0.0247133057564497,pdb_00008j6j_H1_H2
10425,3,train,0.5101149082183838,pdb_00008bcz_E_F
10426,3,train,0.9786020517349243,pdb_00007lg6_J_M
10427,3,train,0.48134830594062805,pdb_00001xiw_D_C
10428,3,train,0.5999434590339661,pdb_00005x8l_S_N
10429,3,train,0.16212688386440277,pdb_00008ihi_S1_S2
10430,3,train,1.099678874015808,pdb_00009mtl_I_J
10431,3,train,0.7811250686645508,pdb_00006oc3_C_D
10432,3,train,0.7390576601028442,pdb_00007ucq_I1_I2
10433,3,train,0.13032987713813782,pdb_00008ihj_S1_S2
10434,3,train,0.1317307949066162,pdb_00006k5d_C_D
10435,3,train,0.5350906848907471,pdb_00008jel_I_K
10436,3,train,0.7171529531478882,pdb_00009lsi_C1_D2
10437,3,train,0.8363112211227417,pdb_00008zdw_L_J
10438,3,train,0.8988193869590759,pdb_00006suz_H_L
10439,3,train,0.4108912944793701,pdb_00001vfb_B_A
10440,3,train,0.06047218292951584,pdb_00009jid_S1_S2
10441,3,train,0.6168133616447449,pdb_00009irs_S_T
10442,3,train,0.023472903296351433,pdb_00007w3z_H1_H2
10443,3,train,0.6017323732376099,pdb_00008bg4_C1_C2
10444,3,train,0.09301087260246277,pdb_00006x3t_K_L
10445,3,train,0.637808620929718,pdb_00009ue8_Q_R
10446,3,train,0.20819465816020966,pdb_00008elp_H_L
10447,3,train,0.8826084733009338,pdb_00009bdh_H_L
10448,3,train,0.6610177755355835,pdb_00006vgr_H_L
10449,3,train,0.0433538481593132,pdb_00003ejz_E_F
10450,3,train,0.9029815196990967,pdb_00009mtf_I_J
10451,3,train,1.0830200910568237,pdb_00008z39_H_L
10452,3,train,0.024427568539977074,pdb_00003ejz_C_D
10453,3,train,0.6005536317825317,pdb_00004okv_C_D
10454,3,train,0.5254145860671997,pdb_00007tzh_A1_A2
10455,3,train,0.9057604074478149,pdb_00008dce_H1_H2
10456,3,train,0.7735924124717712,pdb_00006ii9_M_N
10457,3,train,0.7719416618347168,pdb_00001bvk_E_D
10458,3,train,0.5076735615730286,pdb_00006rp8_H_L
10459,3,train,1.086979627609253,pdb_00007rr0_B_C
10460,3,train,0.077073834836483,pdb_00003zdz_E_F
10461,3,train,0.617816686630249,pdb_00007dk2_J_K
10462,3,train,0.558681309223175,pdb_00003dvn_H_L
10463,3,train,0.036027949303388596,pdb_00008yn9_E1_E2
10464,3,train,0.03427235409617424,pdb_00008wwk_E1_E2
10465,3,train,0.055759456008672714,pdb_00007ufh_E_F
10466,3,train,1.273513913154602,pdb_00004kuc_H_D
10467,3,train,0.6534390449523926,pdb_00006cyf_U_T
10468,3,train,0.01775532402098179,pdb_00008z9p_S1_S2
10469,3,train,0.7494995594024658,pdb_00009b2m_E_F
10470,3,train,0.020671548321843147,pdb_00008gag_S1_S2
10471,3,train,0.7364863753318787,pdb_00004ffw_D_C
10472,3,train,0.41102859377861023,pdb_00009hh9_G_F
10473,3,train,0.6609422564506531,pdb_00009b82_P_O
10474,3,train,0.8359948992729187,pdb_00008ol9_B_A
10475,3,train,0.016211576759815216,pdb_00008z3m_S1_S2
10476,3,train,0.08822926133871078,pdb_00007k5y_M2_M1
10477,3,train,0.7993249893188477,pdb_00009cct_C_B
10478,3,train,0.9922619462013245,pdb_00006ba5_D_C
10479,3,train,0.06006518378853798,pdb_00007cvs_E_F
10480,3,train,0.8133893609046936,pdb_00006woz_B_C
10481,3,train,0.016484325751662254,pdb_00009p0k_F1_F2
10482,3,train,1.4101860523223877,pdb_00009xsx_B_C
10483,3,train,0.6061540246009827,pdb_00007ucq_J1_J2
10484,3,train,0.9569088220596313,pdb_00009azv_H_L
10485,3,train,0.24927955865859985,pdb_00008vgk_J_I
10486,3,train,0.2053460031747818,pdb_00006vmk_f_e
10487,3,train,0.04795784130692482,pdb_00009vmp_S1_S2
10488,3,train,0.631052553653717,pdb_00007n0u_H_L
10489,3,train,0.2328975349664688,pdb_00008w2e_F_E
10490,3,train,1.0353565216064453,pdb_00007tp3_H_L
10491,3,train,0.5524263978004456,pdb_00009oj4_B_A
10492,3,train,0.5011595487594604,pdb_00009wb4_B_C
10493,3,train,1.0435715913772583,pdb_00007zwi_B_C
10494,3,train,0.014596367254853249,pdb_00007exd_E1_E2
10495,3,train,0.014404509216547012,pdb_00009vmg_S1_S2
10496,3,train,0.977912962436676,pdb_00008eed_H_L
10497,3,train,0.5164998769760132,pdb_00004zff_H_L
10498,3,train,0.523404061794281,pdb_00009irs_H_L
10499,3,train,0.21503208577632904,pdb_00003rhw_J_M
10500,3,train,0.01838560774922371,pdb_00007dw9_S1_S2
10501,3,train,0.8244984745979309,pdb_00005kov_U1_U2
10502,3,train,0.7546305656433105,pdb_00008bg5_C1_C2
10503,3,train,0.6369516253471375,pdb_00009ci8_D_C
10504,3,train,0.6601565480232239,pdb_00007ubs_H1_H2
10505,3,train,0.3711332082748413,pdb_00007kfy_H_L
10506,3,train,0.8426198363304138,pdb_00007rk1_C1_C2
10507,3,train,0.6061543226242065,pdb_00009rio_H_L
10508,3,train,0.4602523446083069,pdb_00007yck_C_D
10509,3,train,0.02700650878250599,pdb_00008z8b_S1_S2
10510,3,train,0.22881177067756653,pdb_00006adc_C_D
10511,3,train,0.8195210695266724,pdb_00009eti_H_L
10512,3,train,0.05176367238163948,pdb_00002htk_C_D
10513,3,train,0.7772811055183411,pdb_00009jeb_C1_C2
10514,3,train,0.061872053891420364,pdb_00008dk5_K1_K2
10515,3,train,0.06376699358224869,pdb_00007ukp_E_F
10516,3,train,0.12446850538253784,pdb_00004lcu_A_B
10517,3,train,0.8210096955299377,pdb_00007jx3_C_D
10518,3,train,0.17087437212467194,pdb_00008vgi_J_I
10519,3,train,0.8698628544807434,pdb_00006a4k_J_N
10520,3,train,0.8496431112289429,pdb_00009cq7_H_I
10521,3,train,0.021363744512200356,pdb_00009ldv_S1_S2
10522,3,train,1.59556245803833,pdb_00005tfw_H_L
10523,3,train,0.7799725532531738,pdb_00007kyo_H_L
10524,3,train,0.4868503212928772,pdb_00008caf_D_C
10525,3,train,1.022384524345398,pdb_00008ygs_H_L
10526,3,train,0.7409840226173401,pdb_00008kdt_H_L
10527,3,train,1.1945195198059082,pdb_00008dwo_S_T
10528,3,train,0.015595490112900734,pdb_00009ego_S1_S2
10529,3,train,0.015806913375854492,pdb_00007vfx_S1_S2
10530,3,train,0.9859816431999207,pdb_00008w5m_H_L
10531,3,train,0.023138822987675667,pdb_00007w56_E1_E2
10532,3,train,0.9105849862098694,pdb_00009n8j_B_C
10533,3,train,0.07936108112335205,pdb_00002bob_A_B
10534,3,train,0.8858500123023987,pdb_00009ds1_H_L
10535,3,train,0.06141960993409157,pdb_00003nig_H_L
10536,3,train,1.2045444250106812,pdb_00009e3h_H_L
10537,3,train,0.8983221650123596,pdb_00009oar_H_L
10538,3,train,1.256861686706543,pdb_00008eeu_H_L
10539,3,train,0.8923624157905579,pdb_00009m7v_H_L
10540,3,train,0.9568807482719421,pdb_00007dm1_F_E
10541,3,train,0.35040974617004395,pdb_00005aam_A1_A2
10542,3,train,0.49598705768585205,pdb_00008ulf_K_O
10543,3,train,0.6116983890533447,pdb_00009ban_E_F
10544,3,train,0.022000987082719803,pdb_00006lfo_S1_S2
10544,3,train_epoch,0.5370522651825614,
10544,3,validation,0.9385937879031355,
10545,4,train,0.03545175865292549,pdb_00007vie_E1_E2
10546,4,train,0.347438246011734,pdb_00001xiw_H_G
10547,4,train,1.0284916162490845,pdb_00006wn1_B_C
10548,4,train,0.05581490322947502,pdb_00006x3s_K_L
10549,4,train,1.0085914134979248,pdb_00006d0u_C_D
10550,4,train,0.6431594491004944,pdb_00008zh7_E_F
10551,4,train,0.022389154881238937,pdb_00008zh8_S1_S2
10552,4,train,0.014173942618072033,pdb_00009jlc_S1_S2
10553,4,train,0.03020411729812622,pdb_00002h2p_C_D
10554,4,train,0.02957078441977501,pdb_00009j8z_S1_S2
10555,4,train,0.4018867313861847,pdb_00006b3s_H_L
10556,4,train,0.8981974720954895,pdb_00009od3_H_L
10557,4,train,0.3319529592990875,pdb_00009hh9_I_H
10558,4,train,0.11324954777956009,pdb_00006ad7_C_D
10559,4,train,0.7313819527626038,pdb_00009azv_H_L
10560,4,train,1.247071623802185,pdb_00009l8z_C_B
10561,4,train,1.0379104614257812,pdb_00008tea_F_I
10562,4,train,0.43964630365371704,pdb_00007zfe_J_K
10563,4,train,0.11391948908567429,pdb_00006ada_C_D
10564,4,train,0.5528897643089294,pdb_00007n0u_H_L
10565,4,train,0.7930689454078674,pdb_00007bsd_H_L
10566,4,train,0.5170981287956238,pdb_00006cw3_C_D
10567,4,train,0.446123331785202,pdb_00005cbe_C_D
10568,4,train,0.9720059633255005,pdb_00009sat_H_L
10569,4,train,0.0694088563323021,pdb_00002hjf_A_B
10570,4,train,0.9753559231758118,pdb_00006wtv_K_L
10571,4,train,0.516893208026886,pdb_00006a3w_A_B
10572,4,train,0.02029906027019024,pdb_00008gcm_E1_E2
10573,4,train,1.0181410312652588,pdb_00009kve_A_B
10574,4,train,0.5849313139915466,pdb_00009ue8_E_F
10575,4,train,1.212995171546936,pdb_00008v2e_D_E
10576,4,train,0.6998714208602905,pdb_00007tbf_D_E
10577,4,train,0.5741831660270691,pdb_00008hpf_M_N
10578,4,train,0.024988345801830292,pdb_00007cmu_E1_E2
10579,4,train,0.07785815000534058,pdb_00003iga_A_B
10580,4,train,0.501854658126831,pdb_00007k9z_H_L
10581,4,train,0.07273169606924057,pdb_00002atk_A_B
10582,4,train,0.04568878188729286,pdb_00007p00_H1_H2
10583,4,train,0.46176326274871826,pdb_00008smt_I_J
10584,4,train,0.5104424357414246,pdb_00009lbs_H_L
10585,4,train,1.178432583808899,pdb_00009e3l_G_H
10586,4,train,0.025531934574246407,pdb_00007y89_S1_S2
10587,4,train,1.1159471273422241,pdb_00009xth_B_C
10588,4,train,0.2856283187866211,pdb_00007yck_E_F
10589,4,train,0.013638999313116074,pdb_00007w56_E1_E2
10590,4,train,0.7984989285469055,pdb_00009js7_J_M
10591,4,train,0.8061836361885071,pdb_00008dis_H_L
10592,4,train,0.38926100730895996,pdb_00006b3s_J_K
10593,4,train,0.5425779223442078,pdb_00009iw2_H_L
10594,4,train,0.015631403774023056,pdb_00009iv1_S1_S2
10595,4,train,0.6986823678016663,pdb_00008z6x_B_C
10596,4,train,0.025382326915860176,pdb_00007ew0_E1_E2
10597,4,train,0.7301845550537109,pdb_00007k9i_H_L
10598,4,train,1.2474327087402344,pdb_00001g9n_H_L
10599,4,train,0.37098458409309387,pdb_00006xe1_H_L
10600,4,train,0.5733118057250977,pdb_00009hub_I_M
10601,4,train,0.43373340368270874,pdb_00006pe9_C_D
10602,4,train,0.07124701142311096,pdb_00007k60_N2_N1
10603,4,train,1.129692792892456,pdb_00009mth_H_L
10604,4,train,0.9447987079620361,pdb_00004u6h_A_B
10605,4,train,0.4513852298259735,pdb_00008dww_X_W
10606,4,train,1.1377522945404053,pdb_00009wai_E_F
10607,4,train,0.6749578714370728,pdb_00001bql_H_L
10608,4,train,0.5936335325241089,pdb_00006ii9_M_N
10609,4,train,1.1866399049758911,pdb_00001iqd_B_A
10610,4,train,0.05769588425755501,pdb_00008ejk_E1_E2
10611,4,train,0.9664908051490784,pdb_00009rii_H_L
10612,4,train,0.016339050605893135,pdb_00007t2h_E1_E2
10613,4,train,1.8697880506515503,pdb_00008edf_H_L
10614,4,train,0.036910027265548706,pdb_00007t94_E1_E2
10615,4,train,0.6078086495399475,pdb_00007klg_H_L
10616,4,train,0.7197098135948181,pdb_00006wtu_E_F
10617,4,train,0.7255693078041077,pdb_00001fsk_L_K
10618,4,train,0.5768492817878723,pdb_00001tzh_H_L
10619,4,train,0.5576874017715454,pdb_00007zmk_M_N
10620,4,train,0.028228439390659332,pdb_00002fee_J_O
10621,4,train,0.6086678504943848,pdb_00006xq2_F_E
10622,4,train,0.02362101897597313,pdb_00009jr3_S1_S2
10623,4,train,1.0024206638336182,pdb_00009yyu_I_M
10624,4,train,0.5757777690887451,pdb_00004yk4_Z_Y
10625,4,train,0.04951018840074539,pdb_00002vc2_H_L
10626,4,train,0.08910707384347916,pdb_00006x3v_J_I
10627,4,train,1.4723942279815674,pdb_00009e89_H_L
10628,4,train,0.24792711436748505,pdb_00002dqd_H_L
10629,4,train,0.09245540201663971,pdb_00007k78_L1_L2
10630,4,train,0.42364275455474854,pdb_00009u5p_B_C
10631,4,train,0.20117627084255219,pdb_00002dqc_H_L
10632,4,train,0.9033742547035217,pdb_00004fp8_I_M
10633,4,train,0.5979666113853455,pdb_00007dk2_D_E
10634,4,train,1.1253087520599365,pdb_00009mtk_I_J
10635,4,train,0.6572944521903992,pdb_00006cyf_D_C
10636,4,train,0.4816315472126007,pdb_00007dk2_A_B
10637,4,train,0.16081199049949646,pdb_00009our_J_K
10638,4,train,0.03344206511974335,pdb_00009jkx_S1_S2
10639,4,train,0.6042056679725647,pdb_00007wh8_B_A
10640,4,train,0.42155879735946655,pdb_00007dk2_J_K
10641,4,train,0.5139610171318054,pdb_00009ue8_U_V
10642,4,train,0.9058541655540466,pdb_00006uig_B_C
10643,4,train,0.9808944463729858,pdb_00008d9y_F_E
10644,4,train,0.27192917466163635,pdb_00002qr0_L_K
10645,4,train,0.03005547635257244,pdb_00002r9h_C_D
10646,4,train,0.3849585950374603,pdb_00005ggv_H_L
10647,4,train,0.7334005236625671,pdb_00007uzc_E_F
10648,4,train,0.2336007058620453,pdb_00006vmk_K_J
10649,4,train,0.04325921833515167,pdb_00004z7o_E_F
10650,4,train,0.6308135390281677,pdb_00007m7w_C_D
10651,4,train,0.7602762579917908,pdb_00009oao_H_L
10652,4,train,0.8628747463226318,pdb_00007woc_A_B
10653,4,train,0.12733574211597443,pdb_00009j31_D1_D2
10654,4,train,0.05199926346540451,pdb_00003nig_H_L
10655,4,train,1.071736216545105,pdb_00009bhh_T_S
10656,4,train,0.5595455169677734,pdb_00003fku_U1_U2
10657,4,train,0.4768792688846588,pdb_00001fsk_F_E
10658,4,train,0.43063268065452576,pdb_00007mzk_C_D
10659,4,train,0.29471540451049805,pdb_00008hws_H_L
10660,4,train,1.2010735273361206,pdb_00007t7b_H_L
10661,4,train,0.6076952815055847,pdb_00005kov_U1_U2
10662,4,train,1.1346614360809326,pdb_00006s3d_A_B
10663,4,train,0.020047208294272423,pdb_00006kpf_S1_S2
10664,4,train,0.013931694440543652,pdb_00008j6p_S1_S2
10665,4,train,0.8412284255027771,pdb_00008zyf_H_D
10666,4,train,0.6846011281013489,pdb_00008jqm_H_L
10667,4,train,0.02331557497382164,pdb_00008k9k_H1_H2
10668,4,train,0.7496162056922913,pdb_00003v6z_C_D
10669,4,train,0.8188704252243042,pdb_00009mtj_H_L
10670,4,train,0.030450856313109398,pdb_00009k3k_S1_S2
10671,4,train,0.03491158038377762,pdb_00007ezh_H1_H2
10672,4,train,0.01325938943773508,pdb_00007ew4_S1_S2
10673,4,train,0.025986360386013985,pdb_00007ej8_H1_H2
10674,4,train,0.029763542115688324,pdb_00008wwi_E1_E2
10675,4,train,0.6965941786766052,pdb_00002vwe_L_J
10676,4,train,0.7217804789543152,pdb_00009cps_H_L
10677,4,train,0.019132116809487343,pdb_00009p0m_F1_F2
10678,4,train,1.069507360458374,pdb_00002hmi_D_C
10679,4,train,0.0178187508136034,pdb_00008yh0_S1_S2
10680,4,train,1.0353938341140747,pdb_00008sis_H_L
10681,4,train,0.025859486311674118,pdb_00006k5i_E_F
10682,4,train,0.5894910097122192,pdb_00007wk0_D_E
10683,4,train,0.09656358510255814,pdb_00007cvt_C_D
10684,4,train,0.6651116609573364,pdb_00007cmk_H_L
10685,4,train,0.02187688648700714,pdb_00009lre_E1_E2
10686,4,train,0.1563805341720581,pdb_00001ic5_H_L
10687,4,train,0.01723569631576538,pdb_00008jlq_S1_S2
10688,4,train,0.44626569747924805,pdb_00008zyt_D_Q
10689,4,train,0.7293100953102112,pdb_00007x6o_C_D
10690,4,train,0.387437105178833,pdb_00009u5q_B_C
10691,4,train,0.5588306784629822,pdb_00009fys_I_M
10692,4,train,0.10367235541343689,pdb_00008sid_K_L
10693,4,train,0.9994519352912903,pdb_00007t01_H_L
10694,4,train,0.4637228548526764,pdb_00009cpp_H_L
10695,4,train,0.3535355031490326,pdb_00006w41_H_L
10696,4,train,0.0100020756945014,pdb_00008jd6_D1_D2
10697,4,train,0.02676258236169815,pdb_00007l1u_H1_H2
10698,4,train,0.49771106243133545,pdb_00009jqv_H_L
10699,4,train,0.01861693523824215,pdb_00007d77_S1_S2
10700,4,train,0.4534648656845093,pdb_00007pqy_B_C
10701,4,train,0.01789168082177639,pdb_00008xjl_E1_E2
10702,4,train,0.009116440080106258,pdb_00009cgj_E1_E2
10703,4,train,0.5526300668716431,pdb_00007xj9_I_H
10704,4,train,0.3141666054725647,pdb_00003b2u_Q_R
10705,4,train,0.026519160717725754,pdb_00009ejz_H1_H2
10706,4,train,0.052946873009204865,pdb_00007udg_E_F
10707,4,train,0.8815510869026184,pdb_00001adq_H_L
10708,4,train,0.012911168858408928,pdb_00009uan_E1_E2
10709,4,train,1.0431270599365234,pdb_00004ffw_H_L
10710,4,train,0.041525159031152725,pdb_00008ef5_E1_E2
10711,4,train,0.7237259149551392,pdb_00008yub_A_B
10712,4,train,0.4086025655269623,pdb_00007mzh_B_C
10713,4,train,0.8710423707962036,pdb_00007ua2_H1_H2
10714,4,train,0.9807215332984924,pdb_00006gff_N_M
10715,4,train,0.7397267818450928,pdb_00007wur_G_H
10716,4,train,0.02383272908627987,pdb_00006kpg_S1_S2
10717,4,train,0.6802886128425598,pdb_00007mxl_A_B
10718,4,train,0.9165347218513489,pdb_00007quh_H_L
10719,4,train,0.6824796795845032,pdb_00008a96_K_J
10720,4,train,0.8856050968170166,pdb_00008gpu_H_L
10721,4,train,0.812083899974823,pdb_00007jwg_A_B
10722,4,train,0.9262279272079468,pdb_00009bdi_H_L
10723,4,train,0.6316409707069397,pdb_00006lhq_H_L
10724,4,train,0.27959632873535156,pdb_00008vgk_K_L
10725,4,train,0.6131324172019958,pdb_00007x2i_H_L
10726,4,train,1.1229395866394043,pdb_00009me6_J_N
10727,4,train,0.6517987847328186,pdb_00006dkj_A_B
10728,4,train,0.43062812089920044,pdb_00009m0d_D_Q
10729,4,train,0.7543403506278992,pdb_00008y31_B_A
10730,4,train,0.011985603719949722,pdb_00007xwo_E1_E2
10731,4,train,0.04050024598836899,pdb_00008efl_E1_E2
10732,4,train,0.7874260544776917,pdb_00007rxj_H_L
10733,4,train,0.6686023473739624,pdb_00002h9g_H_L
10734,4,train,0.13616158068180084,pdb_00008ihf_S1_S2
10735,4,train,0.9600692391395569,pdb_00006jep_K_I
10736,4,train,0.5858214497566223,pdb_00009ima_C_D
10737,4,train,0.4827323853969574,pdb_00008j26_B_A
10738,4,train,0.2209257334470749,pdb_00001ic4_H_L
10739,4,train,0.19571924209594727,pdb_00008ubj_M2_M1
10740,4,train,0.7643600702285767,pdb_00007kyo_H_L
10741,4,train,0.07860670238733292,pdb_00008ihh_S1_S2
10742,4,train,0.035399436950683594,pdb_00002h2s_C_D
10743,4,train,0.5759256482124329,pdb_00004m62_I_M
10744,4,train,0.02574928104877472,pdb_00007w0p_S1_S2
10745,4,train,0.6551223397254944,pdb_00008cz8_C2_C1
10746,4,train,0.52503502368927,pdb_00007zmk_E_F
10747,4,train,1.9209100008010864,pdb_00009osx_B_C
10748,4,train,0.09193208068609238,pdb_00003f7y_A_B
10749,4,train,1.1680426597595215,pdb_00007ey5_B_C
10750,4,train,0.7386550307273865,pdb_00008zdw_U_R
10751,4,train,0.022882211953401566,pdb_00007eq1_S1_S2
10752,4,train,0.8779385685920715,pdb_00005a3i_G_H
10753,4,train,0.013868694193661213,pdb_00008kgg_E1_E2
10754,4,train,0.6724763512611389,pdb_00007tn0_H_G
10755,4,train,0.7589093446731567,pdb_00007ec5_E_F
10756,4,train,0.7161771655082703,pdb_00004gxu_S_T
10757,4,train,0.9301885962486267,pdb_00008khd_H_J
10758,4,train,0.14441992342472076,pdb_00009exa_D_C
10759,4,train,0.07734815031290054,pdb_00002r9h_E_F
10760,4,train,0.05257739499211311,pdb_00009k26_S1_S2
10761,4,train,0.8030164241790771,pdb_00008dwx_X_W
10762,4,train,0.015127895399928093,pdb_00008k4s_D1_D2
10763,4,train,0.011656372807919979,pdb_00009lr1_S1_S2
10764,4,train,0.8914305567741394,pdb_00007wro_H_L
10765,4,train,0.03405427560210228,pdb_00009j0b_S1_S2
10766,4,train,0.03489207848906517,pdb_00007wic_S1_S2
10767,4,train,0.49126267433166504,pdb_00007zf8_H_L
10768,4,train,0.7315394282341003,pdb_00007y6k_J_E3
10769,4,train,0.016083918511867523,pdb_00007ydj_E1_E2
10770,4,train,1.2395296096801758,pdb_00005ldn_H_L
10771,4,train,0.8399395942687988,pdb_00002yc1_A_B
10772,4,train,0.7985840439796448,pdb_00008suo_H_L
10773,4,train,0.9992390275001526,pdb_00009oi3_H_L
10774,4,train,0.9250932335853577,pdb_00007yd1_A_B
10775,4,train,0.4350919723510742,pdb_00005bo1_I_M
10776,4,train,0.16833540797233582,pdb_00009ouo_H_L
10777,4,train,0.7724456787109375,pdb_00005umi_H_L
10778,4,train,0.04395193234086037,pdb_00008yna_E1_E2
10779,4,train,0.023975752294063568,pdb_000021ag_S1_S2
10780,4,train,0.02302161417901516,pdb_00007f9z_E1_E2
10781,4,train,0.6332600116729736,pdb_00007wqv_F1_F2
10782,4,train,0.3485684096813202,pdb_00007f6y_H_L
10783,4,train,0.11525176465511322,pdb_00009x3z_S1_S2
10784,4,train,0.032925382256507874,pdb_00006oij_H1_H2
10785,4,train,1.033063292503357,pdb_00008tp5_J_K
10786,4,train,0.21794235706329346,pdb_00008vgk_J_I
10787,4,train,1.0162607431411743,pdb_00004f37_H_L
10788,4,train,0.5490514636039734,pdb_00006ii8_H_L
10789,4,train,0.7122328281402588,pdb_00008rmy_B_C
10790,4,train,0.06155284866690636,pdb_00007ujk_E_F
10791,4,train,0.8261869549751282,pdb_00007x3c_H_L
10792,4,train,0.010553705506026745,pdb_00007x2v_E1_E2
10793,4,train,0.32644227147102356,pdb_00007zf9_A_B
10794,4,train,0.4897887408733368,pdb_00008vgp_H_L
10795,4,train,0.018624689429998398,pdb_00008hs3_S1_S2
10796,4,train,0.05133449286222458,pdb_00008j23_F1_F2
10797,4,train,0.6265703439712524,pdb_00007dpm_D_E
10798,4,train,1.3139338493347168,pdb_00008xa4_C_D
10799,4,train,0.9793369174003601,pdb_00006ejg_C2_C1
10800,4,train,0.6649319529533386,pdb_00008eqf_H_L
10801,4,train,0.07977049797773361,pdb_00001j1x_H_L
10802,4,train,0.02644072100520134,pdb_00008sg1_E1_E2
10803,4,train,0.7024835348129272,pdb_00007f15_B1_B2
10804,4,train,0.027101105079054832,pdb_00007xau_E1_E2
10805,4,train,0.9495337009429932,pdb_00007shy_I_J
10806,4,train,0.05876469984650612,pdb_00001otu_E_F
10807,4,train,0.6924878358840942,pdb_00004f2m_A_B
10808,4,train,0.03290003910660744,pdb_00002ht2_E_F
10809,4,train,0.0321858674287796,pdb_00007rg9_E1_E2
10810,4,train,0.25473007559776306,pdb_00003rhw_J_M
10811,4,train,0.5891597270965576,pdb_00004ffv_D_C
10812,4,train,0.01901618391275406,pdb_00009jh3_S1_S2
10813,4,train,0.8789552450180054,pdb_00009mtm_I_J
10814,4,train,0.509731650352478,pdb_00008dww_V_U
10815,4,train,0.595924437046051,pdb_00009q7b_G_I
10816,4,train,0.02476091869175434,pdb_00008i9s_H1_H2
10817,4,train,0.9287438988685608,pdb_00008fhy_H_L
10818,4,train,0.2728908658027649,pdb_00003b2v_H_L
10819,4,train,0.2892988324165344,pdb_00003b2u_C_D
10820,4,train,0.1863187700510025,pdb_00006w0j_A_B
10821,4,train,0.6712364554405212,pdb_00008zd5_K_L
10822,4,train,0.030566168949007988,pdb_00007yoo_S1_S2
10823,4,train,0.5533449053764343,pdb_00009ixa_H_L
10824,4,train,0.02219635806977749,pdb_00008hnm_S1_S2
10825,4,train,0.9256730079650879,pdb_00009me5_H_L
10826,4,train,0.10121781378984451,pdb_00008zbe_E1_E2
10827,4,train,1.0359785556793213,pdb_00008dwo_H_L
10828,4,train,0.6081923246383667,pdb_00004np4_H_L
10829,4,train,0.014587180688977242,pdb_00009upv_S1_S2
10830,4,train,0.6677541732788086,pdb_00008zbb_H_L
10831,4,train,0.04662352427840233,pdb_00007srr_E1_E2
10832,4,train,0.4502910375595093,pdb_00002vwe_E_C
10833,4,train,0.7638977766036987,pdb_00008g5a_H_L
10834,4,train,0.6148990988731384,pdb_00007lq7_T_U
10835,4,train,0.5127823948860168,pdb_00008too_B_A
10836,4,train,0.9152342677116394,pdb_00007scn_E_F
10837,4,train,0.5000879764556885,pdb_00009ci8_B_A
10838,4,train,1.1855469942092896,pdb_00006ivz_H_L
10839,4,train,0.047115426510572433,pdb_00008h2g_E1_E2
10840,4,train,0.3736259937286377,pdb_00007ul1_H_L
10841,4,train,0.6286012530326843,pdb_00009mtm_M_N
10842,4,train,0.834668755531311,pdb_00008ygs_H_L
10843,4,train,0.03877720981836319,pdb_00006k5a_E_F
10844,4,train,0.8576425909996033,pdb_00006wtv_E_F
10845,4,train,0.6995512843132019,pdb_00008w5r_H_L
10846,4,train,0.04620842635631561,pdb_00007x9y_S1_S2
10847,4,train,0.02574707381427288,pdb_00008ia7_E1_E2
10848,4,train,0.6004513502120972,pdb_00007ley_G_F
10849,4,train,0.6201152205467224,pdb_00009lho_T_S
10850,4,train,0.09270304441452026,pdb_00001j1p_H_L
10851,4,train,0.23232173919677734,pdb_00007vgs_F_E
10852,4,train,0.49895179271698,pdb_00004zff_A_B
10853,4,train,0.033560846000909805,pdb_00008efo_E1_E2
10854,4,train,0.11241240799427032,pdb_00008evg_M1_M2
10855,4,train,0.7678120732307434,pdb_00007vgr_F_E
10856,4,train,0.9923570156097412,pdb_00005ggs_A_B
10857,4,train,0.3605281114578247,pdb_00008wo4_D_C
10858,4,train,0.9127551913261414,pdb_00009e3h_J_K
10859,4,train,0.6073660254478455,pdb_00007ubs_J1_J2
10860,4,train,0.039829302579164505,pdb_00006e0c_N1_N2
10861,4,train,1.0787932872772217,pdb_00007mxl_J_K
10862,4,train,1.4088655710220337,pdb_00008w5h_H_L
10863,4,train,0.712009072303772,pdb_00008vtd_B_A
10864,4,train,0.45952776074409485,pdb_00007vad_H_L
10865,4,train,0.014803864993155003,pdb_00007yj4_S1_S2
10866,4,train,0.019004901871085167,pdb_00009vmo_S1_S2
10867,4,train,0.41778895258903503,pdb_00008bg2_C1_C2
10868,4,train,0.014459491707384586,pdb_00007sbf_E1_E2
10869,4,train,0.5550069212913513,pdb_00002fjh_H_L
10870,4,train,0.7350260615348816,pdb_00008ee8_D_C
10871,4,train,0.016350209712982178,pdb_00008x9t_S1_S2
10872,4,train,0.03607337549328804,pdb_00007vdm_S1_S2
10873,4,train,0.035912543535232544,pdb_00009b5y_N1_N2
10874,4,train,1.0188711881637573,pdb_00009cq8_G_H
10875,4,train,0.6614526510238647,pdb_00008kdt_H_L
10876,4,train,0.013161533512175083,pdb_00007xa3_E1_E2
10877,4,train,1.0223010778427124,pdb_00009lsj_E1_D2
10878,4,train,1.126275897026062,pdb_00005t5f_H_L
10879,4,train,0.9929789900779724,pdb_00009e21_H_L
10880,4,train,0.8175950646400452,pdb_00006woz_B_C
10881,4,train,0.5868008732795715,pdb_00002i9l_D_C
10882,4,train,0.6061317920684814,pdb_00009n4f_O_P
10883,4,train,0.4268423616886139,pdb_00009jy4_R_Q
10884,4,train,0.7522761225700378,pdb_00006wzl_C_D
10885,4,train,0.35042470693588257,pdb_00007vaf_H_L
10886,4,train,0.042509689927101135,pdb_00009w6w_E1_E2
10887,4,train,0.052556391805410385,pdb_00008ijd_S1_S2
10888,4,train,1.2838443517684937,pdb_00006mtq_H_L
10889,4,train,0.7637361288070679,pdb_00008ywe_B2_B1
10890,4,train,0.10228021442890167,pdb_00007u9v_E_F
10891,4,train,0.7720592617988586,pdb_00007yrh_F_E
10892,4,train,0.8559803366661072,pdb_00007uvs_D_E
10893,4,train,0.16450411081314087,pdb_00003rif_G_K
10894,4,train,0.21007348597049713,pdb_00006x3s_J_I
10895,4,train,0.5339392423629761,pdb_00008y0y_E3_E2
10896,4,train,0.6910462379455566,pdb_00007wur_E_F
10897,4,train,0.010431432165205479,pdb_00007f4h_S1_S2
10898,4,train,1.126692771911621,pdb_00006k65_H_L
10899,4,train,0.6217063665390015,pdb_00008zdw_F_E
10900,4,train,1.0497380495071411,pdb_00004ubd_O_P
10901,4,train,0.012355118058621883,pdb_00007yae_S1_S2
10902,4,train,0.8272446990013123,pdb_00004f3f_B_A
10903,4,train,1.0924553871154785,pdb_00005hbt_D_C
10904,4,train,0.6703948378562927,pdb_00008gv6_G_H
10905,4,train,0.012544439174234867,pdb_00009le0_S1_S2
10906,4,train,0.04934407025575638,pdb_00007k78_K1_K2
10907,4,train,0.09190927445888519,pdb_00006x3x_J_I
10908,4,train,0.18772269785404205,pdb_00006k5a_C_D
10909,4,train,0.33822643756866455,pdb_00007qez_E_F
10910,4,train,0.7340649366378784,pdb_00008sdf_H_L
10911,4,train,0.7742049098014832,pdb_00007l7e_C_D
10912,4,train,0.012643307447433472,pdb_00006lfo_S1_S2
10913,4,train,0.07684784382581711,pdb_00008zcj_E1_E2
10914,4,train,0.027488088235259056,pdb_00008xqe_S1_S2
10915,4,train,0.018021654337644577,pdb_00008yyw_B1_B2
10916,4,train,0.035891175270080566,pdb_00002ht2_C_D
10917,4,train,0.3781622052192688,pdb_00008too_H_E
10918,4,train,0.5252895951271057,pdb_00009udq_I_C
10919,4,train,1.2720775604248047,pdb_00007ey5_H_L
10920,4,train,1.5001251697540283,pdb_00009n5i_H_L
10921,4,train,0.1397881805896759,pdb_00007xta_E1_E2
10922,4,train,0.07746804505586624,pdb_00003fb5_A_B
10923,4,train,0.6140884757041931,pdb_00001xgq_B_A
10924,4,train,0.5689858198165894,pdb_00008g5a_I_M
10925,4,train,0.9815682768821716,pdb_00008eeu_H_L
10926,4,train,0.34324464201927185,pdb_00007zfe_M_N
10927,4,train,0.04287360981106758,pdb_00007ubr_E_F
10928,4,train,0.03688597306609154,pdb_00008dk5_K1_K2
10929,4,train,0.021189400926232338,pdb_00008iru_E1_E2
10930,4,train,0.027878066524863243,pdb_00007vv5_S1_S2
10931,4,train,0.02869105525314808,pdb_00007wz7_C1_C2
10932,4,train,0.5583866238594055,pdb_00005nhr_H_L
10933,4,train,0.6662611961364746,pdb_00007x6o_J_L
10934,4,train,0.563450038433075,pdb_00007lop_H_L
10935,4,train,0.01711040735244751,pdb_00007vdl_S1_S2
10936,4,train,0.5973255634307861,pdb_00004dkf_H_L
10937,4,train,0.045157842338085175,pdb_00007l1v_H1_H2
10938,4,train,0.49978095293045044,pdb_00007wwk_G_F
10939,4,train,0.4093911051750183,pdb_00006b9z_B_A
10940,4,train,0.6021497845649719,pdb_00007xcz_B_C
10941,4,train,0.01578936167061329,pdb_00008jgg_S1_S2
10942,4,train,0.4632931649684906,pdb_00006kyz_E_F
10943,4,train,0.5031086206436157,pdb_00007nx7_H_L
10944,4,train,1.0832163095474243,pdb_00007lg6_J_M
10945,4,train,0.02673756144940853,pdb_00008jei_S1_S2
10946,4,train,0.7961235642433167,pdb_00001n5y_H_L
10947,4,train,0.39597803354263306,pdb_00009me6_I_M
10948,4,train,0.4819788336753845,pdb_00009cq4_C_D
10949,4,train,0.09451103955507278,pdb_00008dd2_K_L
10950,4,train,0.19816406071186066,pdb_00006yz7_BBB_CCC
10951,4,train,1.2793680429458618,pdb_00006xm2_F_E
10952,4,train,0.008570183999836445,pdb_00009k3l_S1_S2
10953,4,train,0.8940606117248535,pdb_00002zcl_H_L
10954,4,train,0.8442561626434326,pdb_00007qnx_A_B
10955,4,train,0.6509120464324951,pdb_00009jeb_C1_C2
10956,4,train,0.740656852722168,pdb_00007k9z_B_A
10957,4,train,1.3822747468948364,pdb_00007uij_H_L
10958,4,train,0.01949707604944706,pdb_00008irs_E1_E2
10959,4,train,0.03353676572442055,pdb_00003ejz_E_F
10960,4,train,0.045078907161951065,pdb_00009ast_E1_E2
10961,4,train,0.4035138487815857,pdb_00007s0b_C_D
10962,4,train,1.0372035503387451,pdb_00006xxv_A_B
10963,4,train,0.6623045206069946,pdb_00007jum_I1_I2
10964,4,train,0.4746483266353607,pdb_00007zmk_J_K
10965,4,train,0.43613091111183167,pdb_00007yxu_H_L
10966,4,train,0.05353749170899391,pdb_00002vdl_H_L
10967,4,train,0.5903926491737366,pdb_00006vvu_G_I
10968,4,train,1.0290714502334595,pdb_00007zwi_B_C
10969,4,train,0.08703753352165222,pdb_00001r3k_B_A
10970,4,train,0.6777186989784241,pdb_00007mzn_H_L
10971,4,train,0.017310775816440582,pdb_00007sr8_E1_E2
10972,4,train,0.6952876448631287,pdb_00008dwx_H_L
10973,4,train,0.7992857098579407,pdb_00006wmw_M_N
10974,4,train,0.012668152339756489,pdb_00009f33_E1_E2
10975,4,train,0.70586097240448,pdb_00003g6j_H_G
10976,4,train,0.6146034002304077,pdb_00007qf1_C_B
10977,4,train,0.8572121262550354,pdb_00007b0b_H_L
10978,4,train,0.8751025795936584,pdb_00008z6t_B_C
10979,4,train,0.5138012766838074,pdb_00007rks_I_M
10980,4,train,0.4029773473739624,pdb_00005aaw_H1_H2
10981,4,train,1.0725164413452148,pdb_00006wds_H_L
10982,4,train,1.1125200986862183,pdb_00001yy9_D_C
10983,4,train,1.0514934062957764,pdb_00005dur_B_D
10984,4,train,0.0159983541816473,pdb_00007evy_E1_E2
10985,4,train,0.7572870254516602,pdb_00001kb5_H_L
10986,4,train,0.5329480767250061,pdb_00006ii4_H_L
10987,4,train,0.06627769768238068,pdb_00008dd3_J_I
10988,4,train,0.7865248322486877,pdb_00003wkm_I_M
10989,4,train,0.03487827628850937,pdb_00006ad7_E_F
10990,4,train,0.2792801558971405,pdb_00006b9y_B_A
10991,4,train,0.9726899266242981,pdb_00006wqo_E_F
10992,4,train,0.7058667540550232,pdb_00005w3l_E_G
10993,4,train,0.8515464067459106,pdb_00007ahu_B_A
10994,4,train,0.93220454454422,pdb_00005vqm_H_L
10995,4,train,0.03085215948522091,pdb_00007ykd_S1_S2
10996,4,train,0.13600404560565948,pdb_00008ubk_N2_N1
10997,4,train,0.02264479175209999,pdb_00007rkm_D1_D2
10998,4,train,0.2646753787994385,pdb_00009me4_I_M
10999,4,train,0.6157932281494141,pdb_00005kov_K1_K2
11000,4,train,0.03200376033782959,pdb_00007t8x_E1_E2
11001,4,train,0.9197578430175781,pdb_00007wph_E_D
11002,4,train,0.6362066268920898,pdb_00004dgi_H_L
11003,4,train,0.4796724319458008,pdb_00003rhw_F_N
11004,4,train,0.3062550127506256,pdb_00007lop_B_C
11005,4,train,0.8453887104988098,pdb_00002oz4_H_L
11006,4,train,0.6193729639053345,pdb_00007sk4_D_C
11007,4,train,0.023888465017080307,pdb_00007p02_H1_H2
11008,4,train,0.6117956042289734,pdb_00002h9g_B_A
11009,4,train,0.6889142394065857,pdb_00004f2m_C_D
11010,4,train,0.038985274732112885,pdb_00008evh_N1_N2
11011,4,train,0.024369550868868828,pdb_00008yn6_E1_E2
11012,4,train,0.5622798204421997,pdb_00007m71_H_L
11013,4,train,0.6183516979217529,pdb_00001fj1_B_A
11014,4,train,0.764737606048584,pdb_00008tnt_G_F
11015,4,train,1.3101967573165894,pdb_00003bgf_H_L
11016,4,train,1.1101104021072388,pdb_00008e8s_H_L
11017,4,train,0.9006184935569763,pdb_00009me7_J_N
11018,4,train,0.07323335856199265,pdb_00008dd2_J_I
11019,4,train,0.0683097243309021,pdb_00001c08_B_A
11020,4,train,0.2900135815143585,pdb_00005aam_B1_B2
11021,4,train,0.7305049896240234,pdb_00009h4s_X_Y
11022,4,train,0.7891578078269958,pdb_00004nik_B1_B2
11023,4,train,0.8860499858856201,pdb_00009ds1_H_L
11024,4,train,0.030011367052793503,pdb_00008xqs_S1_S2
11025,4,train,0.42618313431739807,pdb_00001xgr_B_A
11026,4,train,0.013437444344162941,pdb_00009jkt_S1_S2
11027,4,train,0.8528932929039001,pdb_00007uvq_D_E
11028,4,train,0.025073500350117683,pdb_00008jgf_E1_E2
11029,4,train,0.738416314125061,pdb_00008ut2_J_I
11030,4,train,0.01805289089679718,pdb_00008dzp_E1_E2
11031,4,train,1.0060694217681885,pdb_00007wed_H_L
11032,4,train,0.44451943039894104,pdb_00009cia_B_A
11033,4,train,0.6664634346961975,pdb_00009jbq_A_B
11034,4,train,0.6565629243850708,pdb_00008wpy_C_D
11035,4,train,1.2965425252914429,pdb_00009rir_H_L
11036,4,train,0.5179605484008789,pdb_00008ut2_H_G
11037,4,train,0.7628340721130371,pdb_00009js7_I_L
11038,4,train,0.03725157678127289,pdb_00009erx_F1_F2
11039,4,train,0.6846975684165955,pdb_00007ua2_B1_B2
11040,4,train,0.09538935869932175,pdb_00003a6c_H_L
11041,4,train,0.2872547209262848,pdb_00006vmk_o_n
11042,4,train,0.3007507622241974,pdb_00006vmk_f_e
11043,4,train,0.213156059384346,pdb_00008vgi_F_E
11044,4,train,0.1058574914932251,pdb_00008syp_M1_M2
11045,4,train,0.6689206957817078,pdb_00007ahu_H_L
11046,4,train,0.37880590558052063,pdb_00007kfv_C_D
11047,4,train,0.014636228792369366,pdb_00007yac_S1_S2
11048,4,train,1.1577576398849487,pdb_00008w0y_A_B
11049,4,train,0.6068652868270874,pdb_00004lf3_E_D
11050,4,train,0.017052913084626198,pdb_00008ykx_E1_E2
11051,4,train,0.5508317947387695,pdb_00008xsf_H_L
11052,4,train,1.129520058631897,pdb_00004fqj_H_L
11053,4,train,1.1883419752120972,pdb_00007uij_A_B
11054,4,train,0.4019313156604767,pdb_00001ndm_B_A
11055,4,train,0.7920685410499573,pdb_00009cq7_H_I
11056,4,train,0.013236625120043755,pdb_00009cgk_E1_E2
11057,4,train,0.06580815464258194,pdb_00009drx_J_I
11058,4,train,0.8118772506713867,pdb_00008uzp_A_B
11059,4,train,1.2015204429626465,pdb_00008tfl_H_L
11060,4,train,0.656346321105957,pdb_00006wzm_A_B
11061,4,train,0.015648076310753822,pdb_00008xzj_S1_S2
11062,4,train,0.1406971961259842,pdb_00008vgj_J_I
11063,4,train,0.013772028498351574,pdb_00009v6o_S1_S2
11064,4,train,0.8226335644721985,pdb_00004am0_H_L
11065,4,train,0.5295567512512207,pdb_00001kip_B_A
11066,4,train,0.6460984349250793,pdb_00007sco_H_L
11067,4,train,0.7688320875167847,pdb_00008hrd_G_H
11068,4,train,0.1119946613907814,pdb_00002vdq_H_L
11069,4,train,1.3424361944198608,pdb_00008tzn_G_H
11070,4,train,0.06192180886864662,pdb_00008w8b_E1_E2
11071,4,train,0.8529638051986694,pdb_00004lmq_E_I
11072,4,train,0.1361742615699768,pdb_00008vgh_K_L
11073,4,train,0.04303049296140671,pdb_00007w7e_H1_H2
11074,4,train,0.9590684175491333,pdb_00007u9e_H1_H2
11075,4,train,0.8902280330657959,pdb_00008eed_H_L
11076,4,train,0.9211921095848083,pdb_00008w86_A_B
11077,4,train,0.4161726236343384,pdb_00006vvu_J_K
11078,4,train,1.099762201309204,pdb_00009oco_H_L
11079,4,train,0.9773191213607788,pdb_00005mo9_H_L
11080,4,train,0.6449064016342163,pdb_00009ue8_A_B
11081,4,train,0.009874141775071621,pdb_00008vve_E1_E2
11082,4,train,0.8695440888404846,pdb_00004wv1_B_A
11083,4,train,0.5103094577789307,pdb_00008g5a_J_N
11084,4,train,0.0180529672652483,pdb_00009clw_N1_N2
11085,4,train,0.09641493856906891,pdb_00009iv6_S1_S2
11086,4,train,0.02925799787044525,pdb_00009k27_D1_D2
11087,4,train,0.7839633822441101,pdb_00007pa7_ddd2_ddd1
11088,4,train,1.066688895225525,pdb_00008zd6_K_L
11089,4,train,0.29389244318008423,pdb_00009ov4_H_L
11090,4,train,1.0033868551254272,pdb_00006d0u_K_L
11091,4,train,0.5582430362701416,pdb_00007y6k_E1_E2
11092,4,train,0.043313562870025635,pdb_00008zps_E1_E2
11093,4,train,1.0740262269973755,pdb_00004ubd_G_H
11094,4,train,0.8739395141601562,pdb_00008dwo_S_T
11095,4,train,0.009072858840227127,pdb_00009x20_E1_E2
11096,4,train,0.4717971682548523,pdb_00007wwk_I_H
11097,4,train,0.03898952528834343,pdb_00009vnz_E1_E2
11098,4,train,0.012111266143620014,pdb_00009u4w_S1_S2
11099,4,train,0.44103536009788513,pdb_00007kfw_F_G
11100,4,train,0.06787547469139099,pdb_00009kt8_E1_E2
11101,4,train,0.7952565550804138,pdb_00008dwy_V_U
11102,4,train,0.008522327058017254,pdb_00007evz_E1_E2
11103,4,train,0.7619972825050354,pdb_00006osv_H_L
11104,4,train,0.02985755167901516,pdb_00007xmt_S1_S2
11105,4,train,0.013335764408111572,pdb_00007w55_E1_E2
11106,4,train,0.11869440227746964,pdb_00003f5w_A_B
11107,4,train,1.0509788990020752,pdb_00006aru_C_B
11108,4,train,0.6601513028144836,pdb_00007m3i_H_L
11109,4,train,0.9592734575271606,pdb_00008d7e_D_E
11110,4,train,0.14546209573745728,pdb_00002dqg_H_L
11111,4,train,1.0490494966506958,pdb_00007m7w_A_B
11112,4,train,0.7294828295707703,pdb_00002vir_B_A
11113,4,train,0.7011749148368835,pdb_00005y11_A_B
11114,4,train,0.42539384961128235,pdb_00007chc_H_L
11115,4,train,0.01645374670624733,pdb_00008hnk_S1_S2
11116,4,train,0.5644271373748779,pdb_00007s7i_J_N
11117,4,train,0.01623782329261303,pdb_00009pq0_E1_E2
11118,4,train,1.0797688961029053,pdb_00009mth_I_J
11119,4,train,0.012900523841381073,pdb_00008jil_S1_S2
11120,4,train,0.36341527104377747,pdb_00001xgp_B_A
11121,4,train,0.7642945647239685,pdb_00007vyr_A_B
11122,4,train,0.07871849834918976,pdb_00001j1o_H_L
11123,4,train,0.9224133491516113,pdb_00009mkn_O_P
11124,4,train,0.06509813666343689,pdb_00007uje_E_F
11125,4,train,0.023867696523666382,pdb_00007y64_S1_S2
11126,4,train,0.4939335286617279,pdb_00005yoy_G_D
11127,4,train,0.6169896721839905,pdb_00005nh3_I_M
11128,4,train,0.29394328594207764,pdb_00007m6d_A_B
11129,4,train,0.9775730967521667,pdb_00006wtv_H_I
11130,4,train,0.7571432590484619,pdb_00007kzb_H_L
11131,4,train,0.5572924017906189,pdb_00009b82_P_O
11132,4,train,0.45427778363227844,pdb_00007bnv_H_L
11133,4,train,0.019877444952726364,pdb_00008yn5_E1_E2
11134,4,train,1.920052409172058,pdb_00008cdd_E_D
11135,4,train,0.008866669610142708,pdb_00009vnf_E1_E2
11136,4,train,0.04299391061067581,pdb_00007tmz_E_F
11137,4,train,0.009013722650706768,pdb_00009buy_E1_E2
11138,4,train,0.021341649815440178,pdb_00007cmv_E1_E2
11139,4,train,0.15714092552661896,pdb_00007mhr_A_B
11140,4,train,0.080849789083004,pdb_00008ied_N1_N2
11141,4,train,0.9977467060089111,pdb_00006u9s_D_E
11142,4,train,0.016685407608747482,pdb_00009vo2_S1_S2
11143,4,train,0.4941152334213257,pdb_00008xsi_H_L
11144,4,train,0.5943135619163513,pdb_00005ugy_H_L
11145,4,train,0.7904733419418335,pdb_00008u44_S_T
11146,4,train,0.5632766485214233,pdb_00006wzj_A_B
11147,4,train,0.061177808791399,pdb_00003ejz_C_D
11148,4,train,1.0427583456039429,pdb_00009rip_H_L
11149,4,train,0.6492058038711548,pdb_00007mem_G_J
11150,4,train,0.32399964332580566,pdb_00003b2u_J_K
11151,4,train,0.5337839722633362,pdb_00007xda_D_E
11152,4,train,0.04095004126429558,pdb_00007tct_E_F
11153,4,train,0.8626590967178345,pdb_00007yds_B_C
11154,4,train,0.205882266163826,pdb_00003hfm_H_L
11155,4,train,0.5609650015830994,pdb_00004qci_B_A
11156,4,train,0.03884254768490791,pdb_00007rkx_D1_D2
11157,4,train,1.0973213911056519,pdb_00006wty_H_I
11158,4,train,1.2927218675613403,pdb_00005c0n_C_D
11159,4,train,0.6975350379943848,pdb_00002x7l_G_I
11160,4,train,0.7518085241317749,pdb_00009hi4_A_B
11161,4,train,0.012696823105216026,pdb_00007yk7_S1_S2
11162,4,train,0.5641127228736877,pdb_00008we4_H_L
11163,4,train,0.6658218502998352,pdb_00005jz7_J_K
11164,4,train,0.8649678230285645,pdb_00007uvi_A_B
11165,4,train,0.027138451114296913,pdb_00008e9y_E1_E2
11166,4,train,0.602632999420166,pdb_00009q7b_J_K
11167,4,train,0.008173646405339241,pdb_00008xor_E1_E2
11168,4,train,0.02232932113111019,pdb_00008xgu_S1_S2
11169,4,train,0.010761016979813576,pdb_00009lr2_S1_S2
11170,4,train,0.7915957570075989,pdb_00007bwj_H_L
11171,4,train,0.7751997709274292,pdb_00009shd_H_L
11172,4,train,0.2672278583049774,pdb_00009ptm_I_M
11173,4,train,0.8306452631950378,pdb_00007t3d_P_R
11174,4,train,1.0243453979492188,pdb_00003lh2_J_N
11175,4,train,0.010389496572315693,pdb_00008jbh_E1_E2
11176,4,train,0.07034606486558914,pdb_00002hlf_C_D
11177,4,train,0.6200122237205505,pdb_00001dee_D_C
11178,4,train,0.8283337950706482,pdb_00008dce_H1_H2
11179,4,train,0.007164157927036285,pdb_00009kfj_S1_S2
11180,4,train,0.8405391573905945,pdb_00007rxi_H_L
11181,4,train,1.2585088014602661,pdb_00004xhj_H_G
11182,4,train,1.5174015760421753,pdb_00004g3y_H_L
11183,4,train,0.4381893575191498,pdb_00007yck_C_D
11184,4,train,1.2480590343475342,pdb_00006wex_H_L
11185,4,train,0.6798611879348755,pdb_00004hj0_P_Q
11186,4,train,0.049599435180425644,pdb_00007sqo_E1_E2
11187,4,train,0.025033526122570038,pdb_00009vjg_E1_E2
11188,4,train,0.23648205399513245,pdb_00008vgk_F_E
11189,4,train,0.8363798260688782,pdb_00009eti_H_L
11190,4,train,0.25487035512924194,pdb_00006w0h_A_B
11191,4,train,0.5895357131958008,pdb_00009og2_B_C
11192,4,train,0.8117533326148987,pdb_00009c6y_C_D
11193,4,train,0.5267289876937866,pdb_00005nhr_A_B
11194,4,train,0.8102408647537231,pdb_00006ss4_HHH_LLL
11195,4,train,0.7418896555900574,pdb_00007jx3_C_D
11196,4,train,0.6064445972442627,pdb_00007lq7_P_Q
11197,4,train,0.7944764494895935,pdb_00009bdh_H_L
11198,4,train,0.031034456565976143,pdb_00007ejx_S1_S2
11199,4,train,0.0382019579410553,pdb_00008t3o_N1_N2
11200,4,train,0.6263794898986816,pdb_00006ii9_P_Q
11201,4,train,0.7374749183654785,pdb_00009tmp_H_L
11202,4,train,1.4955754280090332,pdb_00008c7h_L_K
11203,4,train,0.8031139373779297,pdb_00007zwi_E_F
11204,4,train,0.9243238568305969,pdb_00008cbf_H_L
11205,4,train,0.4470033049583435,pdb_00008txu_H_L
11206,4,train,0.029023660346865654,pdb_00009m1o_S1_S2
11207,4,train,0.24931040406227112,pdb_00006vmk_V_U
11208,4,train,0.680950403213501,pdb_00008ebp_H_L
11209,4,train,0.025515850633382797,pdb_00009vo0_E1_E2
11210,4,train,0.06377390027046204,pdb_00008iys_E1_E2
11211,4,train,0.8080824613571167,pdb_00008pwh_D_C
11212,4,train,0.8467032313346863,pdb_00004hg4_Z_z
11213,4,train,0.18464726209640503,pdb_00006vmk_c_b
11214,4,train,0.14202922582626343,pdb_00006w0i_A_B
11215,4,train,0.5442320704460144,pdb_00008bg3_A1_A2
11216,4,train,0.9740893840789795,pdb_00009e60_H_L
11217,4,train,2.298584461212158,pdb_00006vlw_H_L
11218,4,train,0.956146776676178,pdb_00009c0v_H_L
11219,4,train,0.5083314180374146,pdb_00004m62_H_L
11220,4,train,0.5610626339912415,pdb_00007e9b_H_L
11221,4,train,1.0193185806274414,pdb_00007s11_I_M
11222,4,train,0.604631781578064,pdb_00006xkr_H_L
11223,4,train,0.4369114637374878,pdb_00009jy4_P_O
11224,4,train,0.4995640516281128,pdb_00007zf9_H_L
11225,4,train,0.2061137855052948,pdb_00008vgj_F_E
11226,4,train,0.027935687452554703,pdb_00007yfc_C1_C2
11227,4,train,0.7200998067855835,pdb_00003sob_H_L
11228,4,train,0.5632638335227966,pdb_00007ubs_K1_K2
11229,4,train,1.0503333806991577,pdb_00009leo_C_D
11230,4,train,0.8103735446929932,pdb_00006hjp_K_L
11231,4,train,0.05139864981174469,pdb_00009xhi_D1_D2
11232,4,train,0.013754846528172493,pdb_00008xwp_D1_D2
11233,4,train,0.14068377017974854,pdb_00006vmk_B_A
11234,4,train,0.5646722912788391,pdb_00004jpk_H_L
11235,4,train,0.9531370997428894,pdb_00005b8c_B_A
11236,4,train,0.01672356389462948,pdb_00008vy7_D1_D2
11237,4,train,0.9328060150146484,pdb_00009h6u_H_L
11238,4,train,0.7231646776199341,pdb_00003vrl_E_F
11239,4,train,0.45474159717559814,pdb_00008jkf_M_N
11240,4,train,0.3846897780895233,pdb_00008i5h_E_F
11241,4,train,0.12928369641304016,pdb_00002h2s_E_F
11242,4,train,0.5866714715957642,pdb_00006cyf_F_E
11243,4,train,0.4105699956417084,pdb_00008jel_A_B
11244,4,train,0.5564832091331482,pdb_00009q71_K_L
11245,4,train,0.7345141172409058,pdb_00004n90_F_G
11246,4,train,0.027139369398355484,pdb_00009p0k_F1_F2
11247,4,train,1.2287393808364868,pdb_00006wmw_H_L
11248,4,train,1.1473106145858765,pdb_00008tea_H_G
11249,4,train,0.6232065558433533,pdb_00009ci8_D_C
11250,4,train,0.7856127023696899,pdb_00007l0l_H_L
11251,4,train,0.7122917771339417,pdb_00004gxu_M_N
11252,4,train,0.7761270999908447,pdb_00009kve_E_G
11253,4,train,1.0688047409057617,pdb_00006mto_H_L
11254,4,train,0.13166259229183197,pdb_00007cvs_C_D
11255,4,train,0.513128936290741,pdb_00008xse_H_L
11256,4,train,0.026228200644254684,pdb_00008y0n_S1_S2
11257,4,train,1.3036874532699585,pdb_00009kve_D_F
11258,4,train,0.25122588872909546,pdb_00006zh9_HHH_LLL
11259,4,train,0.6793639659881592,pdb_00007tpj_H_L
11260,4,train,0.7183078527450562,pdb_00008w83_E_F
11261,4,train,0.5723240971565247,pdb_00002x7l_C_D
11262,4,train,0.02625231072306633,pdb_00008z9p_S1_S2
11263,4,train,0.618246853351593,pdb_00009mqa_H_L
11264,4,train,1.1817258596420288,pdb_00001rzk_H_L
11265,4,train,0.6836819648742676,pdb_00009n8j_H_I
11266,4,train,0.7977371215820312,pdb_00007fcp_H_L
11267,4,train,0.019861843436956406,pdb_00008zjg_S1_S2
11268,4,train,1.2393933534622192,pdb_00009rik_H_L
11269,4,train,0.024532096460461617,pdb_00007t90_E1_E2
11270,4,train,0.4164649248123169,pdb_00008caf_D_C
11271,4,train,0.0335979089140892,pdb_00008h0q_E1_E2
11272,4,train,0.7216304540634155,pdb_00006ban_F_E
11273,4,train,0.401778906583786,pdb_00008dww_H_L
11274,4,train,0.5882729291915894,pdb_00003wkm_H_L
11275,4,train,1.038289189338684,pdb_00009oi3_I_J
11276,4,train,0.6462075114250183,pdb_00008hrd_N_Q
11277,4,train,0.02820843644440174,pdb_00008hn8_S1_S2
11278,4,train,0.577568531036377,pdb_00004okv_A_B
11279,4,train,0.7057461738586426,pdb_00009ib3_H_L
11280,4,train,1.1058614253997803,pdb_00007ezv_M_N
11281,4,train,0.025926178321242332,pdb_00009jh6_S1_S2
11282,4,train,0.44522207975387573,pdb_00004tsc_H_L
11283,4,train,0.685370147228241,pdb_00007yrf_F_E
11284,4,train,0.3753340542316437,pdb_00007x2k_H_L
11285,4,train,1.137547492980957,pdb_00005w08_Q_R
11286,4,train,1.2152036428451538,pdb_00007t4q_F_G
11287,4,train,0.7315910458564758,pdb_00007ley_H_I
11288,4,train,0.6938422918319702,pdb_00007x3c_F_E
11289,4,train,0.016845082864165306,pdb_00009lrd_E1_E2
11290,4,train,0.016013415530323982,pdb_00007f4f_S1_S2
11291,4,train,0.014773351140320301,pdb_00008ykd_S1_S2
11292,4,train,0.6792477369308472,pdb_00008u44_U_W
11293,4,train,1.3161441087722778,pdb_00008jeo_B_C
11294,4,train,0.3830413818359375,pdb_00008dww_Z_Y
11295,4,train,0.4874365031719208,pdb_00009ib1_H_L
11296,4,train,0.03455621004104614,pdb_00008hbd_H1_H2
11297,4,train,1.009599208831787,pdb_00008e8l_H_L
11298,4,train,1.1234475374221802,pdb_00007sbd_H_L
11299,4,train,1.1932264566421509,pdb_00009mtl_H_L
11300,4,train,0.4048103094100952,pdb_00007nx8_H_L
11301,4,train,1.2280418872833252,pdb_00009rih_H_L
11302,4,train,0.28943684697151184,pdb_00005aaw_B1_B2
11303,4,train,1.132758378982544,pdb_00006s3d_H_L
11304,4,train,0.023656893521547318,pdb_00009jeq_S1_S2
11305,4,train,0.5995244979858398,pdb_00008bec_A1_A2
11306,4,train,0.6306851506233215,pdb_00007ycn_C_D
11307,4,train,1.004099726676941,pdb_00008hrd_C_E
11308,4,train,0.5070244669914246,pdb_00007m7b_H_L
11309,4,train,0.6276117563247681,pdb_00007d85_B_C
11310,4,train,0.6812956929206848,pdb_00009ue0_A_B
11311,4,train,0.6073668003082275,pdb_00004ffv_H_L
11312,4,train,1.272573471069336,pdb_00004hf5_H_L
11313,4,train,0.6055983304977417,pdb_00008sdh_C_D
11314,4,train,1.2151882648468018,pdb_00004kuc_F_E
11315,4,train,0.9728209972381592,pdb_00009qub_D_C
11316,4,train,0.014636962674558163,pdb_00008jbf_E1_E2
11317,4,train,0.020331647247076035,pdb_00008yky_S1_S2
11318,4,train,0.017075315117836,pdb_00008xbe_S1_S2
11319,4,train,0.7521817088127136,pdb_00006woz_H_I
11320,4,train,0.7823658585548401,pdb_00006gku_H_L
11321,4,train,0.012945110909640789,pdb_00008kfy_S1_S2
11322,4,train,1.268071174621582,pdb_00009e3l_I_J
11323,4,train,0.6232765913009644,pdb_00003rhw_I_O
11324,4,train,0.5910564661026001,pdb_00007ycn_E_F
11325,4,train,0.8155880570411682,pdb_00007ycl_A_B
11326,4,train,0.1211056113243103,pdb_00006ad8_C_D
11327,4,train,0.689678430557251,pdb_00006iap_H_L
11328,4,train,0.011338166892528534,pdb_00008xqn_S1_S2
11329,4,train,0.9823476076126099,pdb_00008bcz_H_L
11330,4,train,0.010280152782797813,pdb_00009b65_S1_S2
11331,4,train,0.1928275227546692,pdb_00006vmk_i_h
11332,4,train,0.530296266078949,pdb_00007xeg_E_F
11333,4,train,0.4271374046802521,pdb_00008bg3_C1_C2
11334,4,train,0.6006178855895996,pdb_00008ywx_E_D
11335,4,train,0.05260264128446579,pdb_00008wwh_E1_E2
11336,4,train,0.6651474237442017,pdb_00007lfa_H_L
11337,4,train,0.08874453604221344,pdb_00006k5f_C_D
11338,4,train,0.03648063540458679,pdb_00001otu_C_D
11339,4,train,0.38081976771354675,pdb_00008bec_C1_C2
11340,4,train,0.5392683744430542,pdb_00006j6y_B_C
11341,4,train,0.06532340496778488,pdb_00002exw_C_D
11342,4,train,0.027455436065793037,pdb_00002htl_E_F
11343,4,train,1.0331963300704956,pdb_00004ubd_Y_X
11344,4,train,0.5858227014541626,pdb_00009quw_D_C
11345,4,train,0.5135434865951538,pdb_00009l6c_H_L
11346,4,train,0.8715836405754089,pdb_00006a4k_J_N
11347,4,train,0.07829216122627258,pdb_00004z7n_E_F
11348,4,train,0.03971497714519501,pdb_00007xms_S1_S2
11349,4,train,1.0121387243270874,pdb_00008gsc_H_L
11350,4,train,0.012951726093888283,pdb_00007ew3_S1_S2
11351,4,train,0.5598244071006775,pdb_00007dpm_G_H
11352,4,train,0.5754337310791016,pdb_00009b82_I_G
11353,4,train,0.11488944292068481,pdb_00009kt7_E1_E2
11354,4,train,0.5755419731140137,pdb_00002dd8_H_L
11355,4,train,0.6712503433227539,pdb_00003qum_K_M
11356,4,train,0.37923192977905273,pdb_00009cpv_C_D
11357,4,train,0.7386646866798401,pdb_00009cds_E_D
11358,4,train,0.3424832224845886,pdb_00004tnw_F_N
11359,4,train,0.3231300711631775,pdb_00006b3s_F_G
11360,4,train,0.7541266679763794,pdb_00007z0y_H_L
11361,4,train,0.010634453035891056,pdb_00007y15_S1_S2
11362,4,train,0.022926179692149162,pdb_00008zpt_E1_E2
11363,4,train,1.0764811038970947,pdb_00008f6l_A_B
11364,4,train,0.00963157694786787,pdb_00008jz7_S1_S2
11365,4,train,0.4274638891220093,pdb_00002x7l_E_F
11366,4,train,0.9442439079284668,pdb_00007c88_H_L
11367,4,train,0.6293772459030151,pdb_00006a4k_H_L
11368,4,train,0.6582414507865906,pdb_00007lq7_C_D
11369,4,train,0.3858030140399933,pdb_00007vag_H_L
11370,4,train,0.7776528000831604,pdb_00006n5e_H_I
11371,4,train,0.015795713290572166,pdb_00008y62_E1_E2
11372,4,train,0.5612846612930298,pdb_00008dwy_Z_Y
11373,4,train,0.5887160301208496,pdb_00008zd5_E_F
11374,4,train,0.5493316054344177,pdb_00008zh7_K_L
11375,4,train,0.030964922159910202,pdb_00002exw_E_F
11376,4,train,0.046384189277887344,pdb_00009yda_H1_H2
11377,4,train,0.8899399638175964,pdb_00001fns_H_L
11378,4,train,1.0856560468673706,pdb_00007kq7_H_L
11379,4,train,0.5597313642501831,pdb_00008uwz_A_B
11380,4,train,0.07647205144166946,pdb_00008ubk_M2_M1
11381,4,train,0.011700648814439774,pdb_00009ldx_S1_S2
11382,4,train,0.6597011685371399,pdb_00005jz7_H_L
11383,4,train,0.16229762136936188,pdb_00008vgh_J_I
11384,4,train,0.8285741209983826,pdb_00008e8z_H_L
11385,4,train,0.5654540061950684,pdb_00004gxu_U_V
11386,4,train,0.3696191906929016,pdb_00007b3o_H_L
11387,4,train,0.06562468409538269,pdb_00009kfi_S1_S2
11388,4,train,0.3107072412967682,pdb_00007ch5_H_L
11389,4,train,0.5051711201667786,pdb_00004ttd_C_D
11390,4,train,0.7379438877105713,pdb_00009dru_H_L
11391,4,train,0.6811503767967224,pdb_00006vja_I_M
11392,4,train,0.03575291857123375,pdb_00008f7x_E1_E2
11393,4,train,0.6472582817077637,pdb_00006ban_D_C
11394,4,train,0.16085734963417053,pdb_00004tnw_I_O
11395,4,train,0.9296186566352844,pdb_00009ebc_I_J
11396,4,train,0.34565362334251404,pdb_00002x7l_H_L
11397,4,train,0.02827441692352295,pdb_00007x5h_E1_E2
11398,4,train,0.8842838406562805,pdb_00006d0u_E_F
11399,4,train,1.392350435256958,pdb_00006cvk_A2_A1
11400,4,train,0.018938392400741577,pdb_00009ppy_E1_E2
11401,4,train,0.554511308670044,pdb_00007klh_H_L
11402,4,train,0.7328084111213684,pdb_00008sit_M_N
11403,4,train,0.9137592315673828,pdb_00006wm9_B_C
11404,4,train,0.02923201583325863,pdb_00009vj5_E1_E2
11405,4,train,0.33825957775115967,pdb_00006p4a_H_L
11406,4,train,0.7959100008010864,pdb_00008f6o_A_B
11407,4,train,0.6319999694824219,pdb_00007rku_G_I
11408,4,train,0.6665836572647095,pdb_00008y3k_G_H
11409,4,train,0.5280702710151672,pdb_00009n7q_E_G
11410,4,train,0.017905021086335182,pdb_00008yh3_S1_S2
11411,4,train,0.8161399960517883,pdb_00005d1z_G_H
11412,4,train,0.05593416467308998,pdb_00007ukp_E_F
11413,4,train,0.8446875214576721,pdb_00008cii_A_B
11414,4,train,0.6771580576896667,pdb_00009os5_G_J
11415,4,train,0.6257687211036682,pdb_00006gv4_H_L
11416,4,train,0.7123076319694519,pdb_00008znz_I_J
11417,4,train,0.051606472581624985,pdb_00009kug_H1_H2
11418,4,train,0.5681633353233337,pdb_00007dk0_A_B
11419,4,train,0.038200486451387405,pdb_00008yrg_E1_E2
11420,4,train,0.3950898349285126,pdb_00008f2j_I_J
11421,4,train,0.03653501346707344,pdb_00008xxv_E1_E2
11422,4,train,0.4611107110977173,pdb_00003s36_H_L
11423,4,train,0.9960868954658508,pdb_00006jhs_E_D
11424,4,train,0.020337460562586784,pdb_00008vvg_E1_E2
11425,4,train,0.038064807653427124,pdb_00008hk3_H1_H2
11426,4,train,0.04283111169934273,pdb_00006k5f_E_F
11427,4,train,1.06522798538208,pdb_00003bsz_H_L
11428,4,train,0.25450238585472107,pdb_00002qr0_H_G
11429,4,train,0.4808204174041748,pdb_00006ba5_F_E
11430,4,train,0.049779847264289856,pdb_00008wpu_E1_E2
11431,4,train,0.013105352409183979,pdb_00009b54_S1_S2
11432,4,train,1.0267888307571411,pdb_00001qfu_H_L
11433,4,train,0.24708251655101776,pdb_00002qr0_X_W
11434,4,train,1.0348502397537231,pdb_00006ywc_D_E
11435,4,train,0.013616199605166912,pdb_00009pxv_E1_E2
11436,4,train,0.15255434811115265,pdb_00008dd3_K_L
11437,4,train,0.6875304579734802,pdb_00009mla_G_J
11438,4,train,0.296182245016098,pdb_00003rhw_G_K
11439,4,train,0.36085379123687744,pdb_00008smt_D_F
11440,4,train,0.029717447236180305,pdb_00008f7q_E1_E2
11441,4,train,0.8436452746391296,pdb_00007m42_D_C
11442,4,train,0.8840715289115906,pdb_00008tbb_H_L
11443,4,train,0.010530451312661171,pdb_00008g59_S1_S2
11444,4,train,0.32323652505874634,pdb_00005u5f_B_A
11445,4,train,0.5228173732757568,pdb_00009iz9_M_N
11446,4,train,0.5733270645141602,pdb_00007zmk_B_C
11447,4,train,0.6148667335510254,pdb_00008bg5_C1_C2
11448,4,train,0.21065953373908997,pdb_00002dqf_B_A
11449,4,train,0.9216797947883606,pdb_00009cu7_H_L
11450,4,train,0.024036582559347153,pdb_00007vla_S1_S2
11451,4,train,0.011968186125159264,pdb_00009izf_S1_S2
11452,4,train,1.2039260864257812,pdb_00001ztx_H_L
11453,4,train,0.3960162401199341,pdb_00008jen_E_F
11454,4,train,0.011757006868720055,pdb_00007qvm_S1_S2
11455,4,train,0.012951737269759178,pdb_00008yyx_A1_A2
11456,4,train,0.2545783817768097,pdb_00008w2e_F_E
11457,4,train,0.008145107887685299,pdb_00007ew1_E1_E2
11458,4,train,0.7817758917808533,pdb_00002r29_H_L
11459,4,train,0.01860884204506874,pdb_00007vl9_S1_S2
11460,4,train,0.31667786836624146,pdb_00008i5h_B_C
11461,4,train,1.4702266454696655,pdb_00004xzu_E_F
11462,4,train,0.6880326271057129,pdb_00006t3j_A_B
11463,4,train,0.37902331352233887,pdb_00009jy1_R_Q
11464,4,train,0.7207418084144592,pdb_00009bbn_S_T
11465,4,train,0.6627364158630371,pdb_00007vgr_D_C
11466,4,train,0.7377380728721619,pdb_00006bpa_E_F
11467,4,train,0.6546897292137146,pdb_00006xq2_C_B
11468,4,train,0.007519414182752371,pdb_00009ydu_E1_E2
11469,4,train,0.9599616527557373,pdb_00009dn2_J_N
11470,4,train,0.38443708419799805,pdb_00007zmk_G_H
11471,4,train,0.04775911197066307,pdb_00009wp9_C1_C2
11472,4,train,0.014360726810991764,pdb_00008g94_E1_E2
11473,4,train,0.7424153089523315,pdb_00008u4s_B_A
11474,4,train,0.07528775930404663,pdb_00008vqy_J_I
11475,4,train,1.1185870170593262,pdb_00008tpa_I_J
11476,4,train,0.01722271554172039,pdb_00008dwc_E1_E2
11477,4,train,0.628997802734375,pdb_00001fdl_H_L
11478,4,train,0.5497766137123108,pdb_00005ugy_J_N
11479,4,train,1.123051643371582,pdb_00009mtg_H_L
11480,4,train,0.7000963091850281,pdb_00004d9r_H_L
11481,4,train,0.8924150466918945,pdb_00009mqd_J_N
11482,4,train,0.4543253183364868,pdb_00009clp_H_L
11483,4,train,1.0349661111831665,pdb_00006s3d_C_D
11484,4,train,0.4637778103351593,pdb_00009u5p_P_Q
11485,4,train,0.9202097654342651,pdb_00008hrd_O_P
11486,4,train,0.7214820384979248,pdb_00005x8l_G_L
11487,4,train,0.1458844393491745,pdb_00003or6_A_B
11488,4,train,0.024150380864739418,pdb_00009axf_H1_H2
11489,4,train,0.010279688984155655,pdb_00007eo4_E1_E2
11490,4,train,0.8286044597625732,pdb_00009mtl_M_N
11491,4,train,1.0315395593643188,pdb_00008w5n_H_L
11492,4,train,0.8694409728050232,pdb_00008vk1_F_E
11493,4,train,0.9897658228874207,pdb_00006t9e_HHH_LLL
11494,4,train,0.6166179776191711,pdb_00004yk4_C_B
11495,4,train,0.8384508490562439,pdb_00007rxj_A_B
11496,4,train,0.7519810199737549,pdb_00007pa7_nnn2_nnn1
11497,4,train,0.03548511117696762,pdb_00008wrb_E1_E2
11498,4,train,0.0624777190387249,pdb_00007u60_E_F
11499,4,train,0.05647415295243263,pdb_00007td8_E_F
11500,4,train,0.02876897156238556,pdb_00008hqe_H1_H2
11501,4,train,0.5060093998908997,pdb_00005dhy_A_B
11502,4,train,0.4112444818019867,pdb_00007dfa_H_L
11503,4,train,0.7075392603874207,pdb_00007mdj_A_B
11504,4,train,0.7916397452354431,pdb_00009cq8_C_E
11505,4,train,0.49284088611602783,pdb_00004ttd_H_L
11506,4,train,0.48866093158721924,pdb_00005oca_H_L
11507,4,train,0.426142156124115,pdb_00008zyu_D_Q
11508,4,train,0.044522810727357864,pdb_00008jxx_E1_E2
11509,4,train,0.621566116809845,pdb_00008tnt_E_D
11510,4,train,0.4662800431251526,pdb_00005bo1_H_L
11511,4,train,0.01972043700516224,pdb_00008k2x_S1_S2
11512,4,train,0.553105354309082,pdb_00009fys_B_C
11513,4,train,0.7656807899475098,pdb_00007ucq_J1_J2
11514,4,train,1.1291345357894897,pdb_00009vca_H_L
11515,4,train,0.03820934519171715,pdb_00003det_E_F
11516,4,train,0.019060738384723663,pdb_00007xat_E1_E2
11517,4,train,0.8808773159980774,pdb_00007t82_H_L
11518,4,train,0.5691753029823303,pdb_00003p0y_H_L
11519,4,train,0.6980158686637878,pdb_00007wvl_H_L
11520,4,train,0.8163818120956421,pdb_00006ek2_I1_I2
11521,4,train,0.05477531626820564,pdb_00007ucy_E_F
11522,4,train,1.1024311780929565,pdb_00008jeo_E_F
11523,4,train,1.049591064453125,pdb_00006dfi_H_L
11524,4,train,0.9964926838874817,pdb_00004lvh_E_F
11525,4,train,0.8865350484848022,pdb_00008cxg_h_l
11526,4,train,0.7302922606468201,pdb_00007pry_C_D
11527,4,train,0.5108863711357117,pdb_00007xj9_G_F
11528,4,train,0.6216493248939514,pdb_00008cn9_B_A
11529,4,train,0.38281261920928955,pdb_00008bg4_C1_C2
11530,4,train,0.4169997274875641,pdb_00007mzh_H_L
11531,4,train,0.25432106852531433,pdb_00003rif_J_M
11532,4,train,0.5761577486991882,pdb_00007jx3_H_L
11533,4,train,0.5438218116760254,pdb_00002bdn_H_L
11534,4,train,0.030248364433646202,pdb_00008xjo_E1_E2
11535,4,train,0.7178251147270203,pdb_00006wm9_E_F
11536,4,train,0.5309568047523499,pdb_00007m3i_A_B
11537,4,train,0.01442515105009079,pdb_00008xqo_S1_S2
11538,4,train,0.041607800871133804,pdb_00008f7w_E1_E2
11539,4,train,0.6631672978401184,pdb_00008gv6_I_J
11540,4,train,0.8936793208122253,pdb_00008w5l_H_L
11541,4,train,1.2841289043426514,pdb_00006cvk_B2_B1
11542,4,train,0.33723241090774536,pdb_00008z2e_H_L
11543,4,train,0.025381706655025482,pdb_00008xgm_S1_S2
11544,4,train,0.015130734071135521,pdb_00008jim_S1_S2
11545,4,train,0.731182336807251,pdb_00009ebc_K_L
11546,4,train,0.7599671483039856,pdb_00007pa7_ooo2_ooo1
11547,4,train,0.6676329970359802,pdb_00006o1f_H_L
11548,4,train,0.6229134798049927,pdb_00007ucq_K1_K2
11549,4,train,0.020958028733730316,pdb_00009m2f_S1_S2
11550,4,train,0.012312127277255058,pdb_00007ra3_E1_E2
11551,4,train,0.025637127459049225,pdb_00008wwk_E1_E2
11552,4,train,0.5481427311897278,pdb_00009fyt_I_M
11553,4,train,0.02429250068962574,pdb_00009vmg_S1_S2
11554,4,train,0.42386484146118164,pdb_00009cpr_H_L
11555,4,train,0.6668607592582703,pdb_00008yub_D_E
11556,4,train,0.6075059175491333,pdb_00008dnn_E_F
11557,4,train,0.5189709067344666,pdb_00009ctw_F_E
11558,4,train,0.11019830405712128,pdb_00008id9_S1_S2
11559,4,train,0.03766787797212601,pdb_00009vmp_S1_S2
11560,4,train,0.025822453200817108,pdb_00008yuv_S1_S2
11561,4,train,0.8069071769714355,pdb_00006fax_H_L
11562,4,train,0.051498401910066605,pdb_00003ze2_E_F
11563,4,train,0.07705114781856537,pdb_00005j9p_A_B
11564,4,train,0.3528466820716858,pdb_00009jy3_P_O
11565,4,train,0.015469220466911793,pdb_00009vmn_S1_S2
11566,4,train,0.8301019668579102,pdb_00009npg_G_H
11567,4,train,0.3175869584083557,pdb_00008bg4_A1_A2
11568,4,train,0.7250288724899292,pdb_00003eo1_B_A
11569,4,train,0.5993253588676453,pdb_00004hg4_T_U
11570,4,train,0.5779852271080017,pdb_00004hg4_R_S
11571,4,train,0.44384101033210754,pdb_00009iz9_S_T
11572,4,train,1.3266035318374634,pdb_00009ml8_E_F
11573,4,train,0.6263247132301331,pdb_00006vja_H_L
11574,4,train,0.012731712311506271,pdb_00007aue_S1_S2
11575,4,train,0.8937581181526184,pdb_00007m7w_H_L
11576,4,train,0.91683429479599,pdb_00007lg6_C_D
11577,4,train,0.7299557328224182,pdb_00003fku_S1_S2
11578,4,train,0.8558829426765442,pdb_00008g5b_H_L
11579,4,train,0.021991204470396042,pdb_00008wwj_E1_E2
11580,4,train,0.644912600517273,pdb_00008tx3_E_J
11581,4,train,2.039437770843506,pdb_00005i9q_B_C
11582,4,train,0.10697635263204575,pdb_00006x3w_K_L
11583,4,train,0.8685164451599121,pdb_00004ogx_H_L
11584,4,train,0.1485608071088791,pdb_00002dqf_E_D
11585,4,train,0.03463694080710411,pdb_00008y6w_D1_D2
11586,4,train,0.9976313710212708,pdb_00007yru_H_L
11587,4,train,0.6626439094543457,pdb_00008zdw_L_J
11588,4,train,0.7669732570648193,pdb_00008hn7_D_C
11589,4,train,0.971345841884613,pdb_00008w86_E_F
11590,4,train,0.4996262788772583,pdb_00004zff_H_L
11591,4,train,0.09363757818937302,pdb_00003fb7_A_B
11592,4,train,0.9711534976959229,pdb_00009ml8_P_Q
11593,4,train,0.49545177817344666,pdb_00008i5l_E1_E2
11594,4,train,0.45627859234809875,pdb_00006kyz_B_C
11595,4,train,0.01789151504635811,pdb_00008k6o_S1_S2
11596,4,train,0.5736305117607117,pdb_00003nh7_K_O
11597,4,train,0.9897212982177734,pdb_00008ezk_I1_I2
11598,4,train,0.9888858199119568,pdb_00007uvs_A_B
11599,4,train,0.11453994363546371,pdb_00008ubi_N2_N1
11600,4,train,0.5930039286613464,pdb_00007d85_E_F
11601,4,train,0.013883726671338081,pdb_00008gut_S1_S2
11602,4,train,0.38549351692199707,pdb_00009wb4_B_C
11603,4,train,0.015611561015248299,pdb_00008tb0_F1_F2
11604,4,train,0.6842989921569824,pdb_00008w83_M_N
11605,4,train,1.099816918373108,pdb_00008z39_H_L
11606,4,train,0.3894215226173401,pdb_00001xgt_B_A
11607,4,train,0.3121704161167145,pdb_00008txu_E_J
11608,4,train,0.6190733313560486,pdb_00007zfb_H_L
11609,4,train,0.2267458289861679,pdb_00005aaw_D1_D2
11610,4,train,0.8208381533622742,pdb_00001nsn_H_L
11611,4,train,0.027228817343711853,pdb_00006xbm_S1_S2
11612,4,train,0.2681623101234436,pdb_00001dqj_B_A
11613,4,train,0.2008918672800064,pdb_00008vgh_F_E
11614,4,train,0.5934669971466064,pdb_00009quw_F_E
11615,4,train,0.9137204885482788,pdb_00007mkm_H_L
11616,4,train,1.030845046043396,pdb_00009n5z_A_B
11617,4,train,0.09932464361190796,pdb_00006adb_E_F
11618,4,train,1.011451005935669,pdb_00006hga_H_L
11619,4,train,1.233885407447815,pdb_00006oel_H_L
11620,4,train,0.8012152910232544,pdb_00009oi3_M_N
11621,4,train,0.7798688411712646,pdb_00006hxw_C_D
11622,4,train,0.7335280776023865,pdb_00009p1m_F_E
11623,4,train,0.359142005443573,pdb_00007pry_A_B
11624,4,train,0.7217900156974792,pdb_00007x2o_H_L
11625,4,train,0.021702775731682777,pdb_00008hqm_H1_H2
11626,4,train,0.8321763277053833,pdb_00006oc3_C_D
11627,4,train,1.0836029052734375,pdb_00005gs0_D_C
11628,4,train,0.4165565073490143,pdb_00005yoy_I_F
11629,4,train,0.6983174681663513,pdb_00009h4r_X_Y
11630,4,train,0.031718768179416656,pdb_00006adc_E_F
11631,4,train,1.0474292039871216,pdb_00009hvw_H_L
11632,4,train,0.8376573920249939,pdb_00004xnm_B_A
11633,4,train,0.5671149492263794,pdb_00003dvn_H_L
11634,4,train,0.5999842882156372,pdb_00007dk2_G_H
11635,4,train,0.01891181245446205,pdb_00008jef_S1_S2
11636,4,train,0.7674950957298279,pdb_00006k7o_F_G
11637,4,train,1.0207242965698242,pdb_00008e8y_H_L
11638,4,train,0.672378659248352,pdb_00007t3d_C_D
11639,4,train,0.3375476598739624,pdb_00005yoy_Q_N
11640,4,train,0.026352595537900925,pdb_00007x10_E1_E2
11641,4,train,0.9622685313224792,pdb_00009riq_H_L
11642,4,train,0.3879541754722595,pdb_00008jen_G_H
11643,4,train,0.841919481754303,pdb_00004ag4_H_L
11644,4,train,0.3401627838611603,pdb_00006bah_B_A
11645,4,train,0.3015492856502533,pdb_00007k8m_A_B
11646,4,train,0.9445716738700867,pdb_00009cfg_H_L
11647,4,train,0.9897667765617371,pdb_00008uf7_B_A
11648,4,train,0.6748455762863159,pdb_00009cn2_B1_B2
11649,4,train,1.0542443990707397,pdb_00009kyz_A_B
11650,4,train,0.819876492023468,pdb_00008vk1_C_B
11651,4,train,0.6188963651657104,pdb_00009lho_O_N
11652,4,train,0.5443507432937622,pdb_00007vyt_B_C
11653,4,train,0.014770494773983955,pdb_00007vgz_F1_F2
11654,4,train,0.5068169832229614,pdb_00007cdj_H_L
11655,4,train,0.8354803919792175,pdb_00008gsd_H_L
11656,4,train,0.08132461458444595,pdb_00009ggg_S1_S2
11657,4,train,1.2463033199310303,pdb_00009y41_H_L
11658,4,train,0.08542967587709427,pdb_00007u0g_N1_N2
11659,4,train,0.6510043144226074,pdb_00004hj0_C_D
11660,4,train,0.08096373826265335,pdb_00006x3z_J_I
11661,4,train,1.2074298858642578,pdb_00008gb5_I_H
11662,4,train,0.0162277240306139,pdb_00009ik8_E1_E2
11663,4,train,0.24880242347717285,pdb_00006w0a_A_B
11664,4,train,0.05938764661550522,pdb_00008vrn_J_I
11665,4,train,0.07239324599504471,pdb_00003zdx_E_F
11666,4,train,1.1187479496002197,pdb_00008ywe_C2_C1
11667,4,train,0.7435252666473389,pdb_00007pa7_eee2_eee1
11668,4,train,0.3366152048110962,pdb_00006txz_I_M
11669,4,train,1.0258400440216064,pdb_00004u6h_C_D
11670,4,train,0.03446027636528015,pdb_00008t3q_N1_N2
11671,4,train,0.5829258561134338,pdb_00003eo1_K_J
11672,4,train,1.2315677404403687,pdb_00008jn1_H_L
11673,4,train,0.517228901386261,pdb_00005kvf_H_L
11674,4,train,0.01773425005376339,pdb_00008z3m_S1_S2
11675,4,train,0.04212570562958717,pdb_00003nid_E_F
11676,4,train,0.04618869349360466,pdb_00008e9z_E1_E2
11677,4,train,0.14697964489459991,pdb_00007k5y_N2_N1
11678,4,train,0.05163383111357689,pdb_00002vdm_H_L
11679,4,train,0.8784526586532593,pdb_00009mtj_M_N
11680,4,train,0.2818709909915924,pdb_00006yz7_HHH_LLL
11681,4,train,1.3653255701065063,pdb_00009vnp_C_A
11682,4,train,0.031854622066020966,pdb_00008hvi_H1_H2
11683,4,train,0.025158800184726715,pdb_00008xxz_S1_S2
11684,4,train,0.19865280389785767,pdb_00009ouq_J_K
11685,4,train,0.3806493580341339,pdb_00007f7h_A_B
11686,4,train,0.7688986659049988,pdb_00009b2m_H_L
11687,4,train,0.7214404940605164,pdb_00008v5v_f_g
11688,4,train,0.7144488096237183,pdb_00007t82_D_C
11689,4,train,0.3615753650665283,pdb_00007mzk_F_E
11690,4,train,0.4097265899181366,pdb_00006vvu_H_L
11691,4,train,1.0505216121673584,pdb_00009kvk_H_L
11692,4,train,0.026309790089726448,pdb_00007t6u_E1_E2
11693,4,train,0.690064013004303,pdb_00009vhz_A_B
11694,4,train,0.018165292218327522,pdb_00009kpf_S1_S2
11695,4,train,0.5141414999961853,pdb_00008j7e_C_D
11696,4,train,0.5885346531867981,pdb_00008h7z_F_I
11697,4,train,0.2524596154689789,pdb_00006vmk_Z_Y
11698,4,train,0.18047544360160828,pdb_00009zqa_J2_J1
11699,4,train,0.05306437239050865,pdb_00007yon_S1_S2
11700,4,train,0.16500426828861237,pdb_00009zqb_I2_I1
11701,4,train,0.530200719833374,pdb_00009lbs_D_C
11702,4,train,1.1349916458129883,pdb_00008kdr_H_L
11703,4,train,0.7875521779060364,pdb_00008cxg_G_I
11704,4,train,0.7679047584533691,pdb_00007t3d_H_L
11705,4,train,0.7082759141921997,pdb_00009k6y_H_L
11706,4,train,1.0357692241668701,pdb_00008v52_D_C
11707,4,train,0.49546849727630615,pdb_00009oj4_B_A
11708,4,train,0.571320652961731,pdb_00006pi7_F_E
11709,4,train,0.502202033996582,pdb_00008bg5_A1_A2
11710,4,train,0.43430688977241516,pdb_00008too_D_C
11711,4,train,0.6988030672073364,pdb_00007mxl_H_L
11712,4,train,0.9878637790679932,pdb_00006plk_I_M
11713,4,train,0.051348645240068436,pdb_00003ze0_E_F
11714,4,train,1.2913217544555664,pdb_00006glx_C_D
11715,4,train,0.847326397895813,pdb_00005h35_H_I
11716,4,train,0.7766513824462891,pdb_00007f3q_H_L
11717,4,train,0.8585444092750549,pdb_00004oii_H_L
11718,4,train,0.4858573377132416,pdb_00007jmo_H_L
11719,4,train,0.019229289144277573,pdb_00009v2n_S1_S2
11720,4,train,0.04931122809648514,pdb_00008jln_S1_S2
11721,4,train,0.8534144163131714,pdb_00009dn2_I_M
11722,4,train,0.3400900065898895,pdb_00006bae_B_A
11723,4,train,0.01662297546863556,pdb_00009vj6_E1_E2
11724,4,train,0.8475710153579712,pdb_00009mtj_I_J
11725,4,train,1.058750867843628,pdb_00008dv6_H_D
11726,4,train,0.8523919582366943,pdb_00001rjl_B_A
11727,4,train,0.5681700706481934,pdb_00007lq7_y_z
11728,4,train,0.4752398133277893,pdb_00007sts_A_B
11729,4,train,0.6294633150100708,pdb_00004gxu_W_X
11730,4,train,0.8808583617210388,pdb_00007shy_K_L
11731,4,train,0.8901447653770447,pdb_00006h3u_H_L
11732,4,train,0.11651697754859924,pdb_00008sid_J_I
11733,4,train,0.5889285802841187,pdb_00007jum_H1_H2
11734,4,train,0.0200274009257555,pdb_00007yu3_S1_S2
11735,4,train,0.04731649160385132,pdb_00007k60_M2_M1
11736,4,train,0.6127577424049377,pdb_00008dnn_B_C
11737,4,train,0.4145444333553314,pdb_00009iz9_O_P
11738,4,train,0.4464687407016754,pdb_00009hhr_F_E
11739,4,train,0.01513937208801508,pdb_00007vfx_S1_S2
11740,4,train,0.012181758880615234,pdb_00008ic0_E1_E2
11741,4,train,0.9088201522827148,pdb_00007zoz_H_L
11742,4,train,0.0201532281935215,pdb_00008jpn_S1_S2
11743,4,train,0.20996885001659393,pdb_00006vmk_r_q
11744,4,train,0.6915337443351746,pdb_00008sdh_H_L
11745,4,train,0.3755975365638733,pdb_00004tnw_V_Z
11746,4,train,0.868583083152771,pdb_00008dcm_A_B
11747,4,train,0.026470106095075607,pdb_00009jhp_S1_S2
11748,4,train,0.021392174065113068,pdb_00008u1u_E1_E2
11749,4,train,0.4596032500267029,pdb_00007xcz_D_E
11750,4,train,0.8751111626625061,pdb_00007mzj_H_L
11751,4,train,0.6644361615180969,pdb_00008w83_A_B
11752,4,train,0.8519283533096313,pdb_00008dwo_U_V
11753,4,train,0.021288851276040077,pdb_00008zme_E1_E2
11754,4,train,0.7414369583129883,pdb_00009mkn_I_M
11755,4,train,0.016156133264303207,pdb_00009upu_S1_S2
11756,4,train,0.6120426654815674,pdb_00007ucq_H1_H2
11757,4,train,0.8080030679702759,pdb_00006ww5_E_F
11758,4,train,0.01916559785604477,pdb_00007rgp_E1_E2
11759,4,train,0.013112031854689121,pdb_00008k6n_S1_S2
11760,4,train,0.028999384492635727,pdb_00008xx3_S1_S2
11761,4,train,0.4535551965236664,pdb_00009l6c_A_B
11762,4,train,0.0222350861877203,pdb_00008j6r_S1_S2
11763,4,train,0.31687408685684204,pdb_00007mjl_H_L
11764,4,train,0.010100110433995724,pdb_00007ew7_E1_E2
11765,4,train,0.9282246828079224,pdb_00007uxl_A_B
11766,4,train,0.021829891949892044,pdb_00007t96_E1_E2
11767,4,train,0.022818084806203842,pdb_00008id4_S1_S2
11768,4,train,0.5214850902557373,pdb_00002i9l_B_A
11769,4,train,1.1401466131210327,pdb_00009rim_H_L
11770,4,train,0.968539297580719,pdb_00004xzu_A_B
11771,4,train,0.7596274614334106,pdb_00002iff_H_L
11772,4,train,0.5547959804534912,pdb_00005xhv_P_Q
11773,4,train,0.3167409300804138,pdb_00007s0b_A_B
11774,4,train,0.011002850718796253,pdb_00008y01_S1_S2
11775,4,train,0.6697430610656738,pdb_00008sdf_B_C
11776,4,train,0.8255801796913147,pdb_00005wko_C_D
11777,4,train,0.13108748197555542,pdb_00006k5i_C_D
11778,4,train,0.06394202262163162,pdb_00008sps_K1_K2
11779,4,train,0.5743181705474854,pdb_00009q7b_L_M
11780,4,train,0.294374018907547,pdb_00005aam_A1_A2
11781,4,train,0.20017901062965393,pdb_00006yor_H_L
11782,4,train,0.7436485886573792,pdb_00005ggs_C_D
11783,4,train,0.06988111883401871,pdb_00007k5x_M2_M1
11784,4,train,0.11860105395317078,pdb_00006w0g_A_B
11785,4,train,1.2441736459732056,pdb_00003lqa_H_L
11786,4,train,0.4951190650463104,pdb_00008jel_I_K
11787,4,train,0.7973466515541077,pdb_00006wtu_H_I
11788,4,train,0.19003920257091522,pdb_00005aaw_K1_K2
11789,4,train,0.9038936495780945,pdb_00007uvi_D_E
11790,4,train,0.7929384112358093,pdb_00001orq_B_A
11791,4,train,0.6696901321411133,pdb_00008cma_H_L
11792,4,train,0.011435326188802719,pdb_00008ykw_E1_E2
11793,4,train,0.9915071725845337,pdb_00007s0x_H_L
11794,4,train,0.7250670194625854,pdb_00009mqd_H_L
11795,4,train,0.02222735621035099,pdb_00008yn8_E1_E2
11796,4,train,0.4731132984161377,pdb_00002x7l_A_B
11797,4,train,0.0678536519408226,pdb_00002itc_A_B
11798,4,train,0.01296924240887165,pdb_00009uam_E1_E2
11799,4,train,0.013551460579037666,pdb_00007s8o_E1_E2
11800,4,train,0.20334269106388092,pdb_00006vmk_E_D
11801,4,train,0.5997931361198425,pdb_00008jqs_h_l
11802,4,train,0.42991772294044495,pdb_00009cia_D_C
11803,4,train,0.5638827681541443,pdb_00007tzh_A1_A2
11804,4,train,0.5978955030441284,pdb_00004dn4_H_L
11805,4,train,1.0091379880905151,pdb_00005e94_D_C
11806,4,train,0.5335358381271362,pdb_00001fj1_D_C
11807,4,train,0.5840833187103271,pdb_00009ban_E_F
11808,4,train,0.014486790634691715,pdb_00007wig_S1_S2
11809,4,train,0.13169552385807037,pdb_00006k5d_C_D
11810,4,train,0.43221354484558105,pdb_000011ol_H_L
11811,4,train,1.004225492477417,pdb_00007unb_H_L
11812,4,train,1.0722135305404663,pdb_00007s11_H_L
11813,4,train,1.076511263847351,pdb_00002r56_H_L
11814,4,train,0.015493041835725307,pdb_00009ik9_E1_E2
11815,4,train,0.8942784070968628,pdb_00009cu7_I_M
11816,4,train,1.1096558570861816,pdb_00006xpz_B_C
11817,4,train,0.7397032380104065,pdb_00009og2_D_E
11818,4,train,0.39933109283447266,pdb_00008f2j_H_L
11819,4,train,0.4535350501537323,pdb_00007f6z_H_L
11820,4,train,0.8735819458961487,pdb_00008y3i_I_J
11821,4,train,1.2285679578781128,pdb_00003lzf_H_L
11822,4,train,0.4034942388534546,pdb_00007pry_F_G
11823,4,train,0.4334672689437866,pdb_00007klh_I_M
11824,4,train,0.01609945110976696,pdb_00007tuz_E1_E2
11825,4,train,0.7309911847114563,pdb_00008f6x_D1_D2
11826,4,train,0.09004989266395569,pdb_00002vdo_H_L
11827,4,train,0.04256965592503548,pdb_00009vif_S1_S2
11828,4,train,0.6351360082626343,pdb_00007t3d_J_M
11829,4,train,1.0783902406692505,pdb_00008tfn_H_L
11830,4,train,0.2005300521850586,pdb_00006vmk_P_O
11831,4,train,0.6353581547737122,pdb_00009vft_F_E
11832,4,train,0.773584246635437,pdb_00009m7v_H_L
11833,4,train,0.5434139966964722,pdb_00007xsc_A_B
11834,4,train,1.143783450126648,pdb_00004kuc_H_D
11835,4,train,0.5171658396720886,pdb_00008hpu_M_N
11836,4,train,0.013028030283749104,pdb_00009l80_S1_S2
11837,4,train,0.13510091602802277,pdb_00008zfz_D1_D2
11838,4,train,0.8517703413963318,pdb_00007y3n_C_D
11839,4,train,0.013360409997403622,pdb_00007eb2_N1_N2
11840,4,train,0.04872308298945427,pdb_00007ufh_E_F
11841,4,train,0.034432437270879745,pdb_00002exy_C_D
11842,4,train,1.2110581398010254,pdb_00005hbv_D_C
11843,4,train,0.007982022128999233,pdb_00007eo2_E1_E2
11844,4,train,0.008598214015364647,pdb_00007vgy_E1_E2
11845,4,train,0.2782292068004608,pdb_00007o7f_H_F
11846,4,train,0.08976779878139496,pdb_00002boc_A_B
11847,4,train,0.5862979292869568,pdb_00008tui_H_L
11848,4,train,0.829501211643219,pdb_00008u4q_H_L
11849,4,train,0.032394472509622574,pdb_00001ott_C_D
11850,4,train,0.9441919922828674,pdb_00007wcr_a_b
11851,4,train,0.8052495718002319,pdb_00008dxt_H_L
11852,4,train,0.7384595274925232,pdb_00009dm0_C_D
11853,4,train,0.46166887879371643,pdb_00008w84_A_B
11854,4,train,0.7817766666412354,pdb_00007djz_A_B
11855,4,train,0.5037551522254944,pdb_00007wqv_P1_P2
11856,4,train,0.014886605553328991,pdb_00007wf7_E1_E2
11857,4,train,1.5454463958740234,pdb_00005tfw_H_L
11858,4,train,0.33959469199180603,pdb_00009hhr_D_G
11859,4,train,0.017379412427544594,pdb_00009l42_E1_E2
11860,4,train,0.6428033113479614,pdb_00008g5b_I_M
11861,4,train,0.5485425591468811,pdb_00003nh7_J_N
11862,4,train,0.014661887660622597,pdb_00008e9x_E1_E2
11863,4,train,0.3491606116294861,pdb_00006xc4_H_L
11864,4,train,0.4113682210445404,pdb_00008j8r_D_E
11865,4,train,0.3277055323123932,pdb_00009me5_I_M
11866,4,train,0.5555068850517273,pdb_00009h4s_H_L
11867,4,train,0.14191071689128876,pdb_00009zq9_J2_J1
11868,4,train,0.9184577465057373,pdb_00007scn_H_L
11869,4,train,0.5323624014854431,pdb_00003fku_X1_X2
11870,4,train,0.6667941808700562,pdb_00008jio_C_B
11871,4,train,0.04406540468335152,pdb_00006xbk_S1_S2
11872,4,train,0.5353029370307922,pdb_00007cho_H_L
11873,4,train,0.08073104918003082,pdb_00008x8n_E1_E2
11874,4,train,0.7404221892356873,pdb_00009axl_H_L
11875,4,train,1.4172626733779907,pdb_00003mj9_H_L
11876,4,train,0.6915547847747803,pdb_00001fsk_I_H
11877,4,train,0.5402373671531677,pdb_00009mqd_I_M
11878,4,train,0.7413674592971802,pdb_00006a4k_I_M
11879,4,train,1.0689774751663208,pdb_00007yvf_C_A
11880,4,train,0.532561182975769,pdb_00002jix_D_G
11881,4,train,0.09758054465055466,pdb_00006x3z_K_L
11882,4,train,0.012423446401953697,pdb_00009uk2_E1_E2
11883,4,train,0.5691604614257812,pdb_00005kov_I1_I2
11884,4,train,0.7606266736984253,pdb_00009n4e_O_R
11885,4,train,0.03455014526844025,pdb_00008jlk_S1_S2
11886,4,train,0.018597150221467018,pdb_00008hqn_H1_H2
11887,4,train,0.5116484761238098,pdb_00009n7q_H_L
11888,4,train,0.026814758777618408,pdb_00009kz2_H1_H2
11889,4,train,0.01607038453221321,pdb_00007na7_N1_N2
11890,4,train,0.01729075238108635,pdb_00006lfm_S1_S2
11891,4,train,0.7824031114578247,pdb_00009gwt_H_L
11892,4,train,0.6187400221824646,pdb_00007eam_C_D
11893,4,train,0.39222076535224915,pdb_00008as0_W_V
11894,4,train,0.6807916164398193,pdb_00008y0y_D1_D4
11895,4,train,0.8167383074760437,pdb_00008xe9_A_B
11896,4,train,0.9152470827102661,pdb_00009mtg_I_J
11897,4,train,0.7011736035346985,pdb_00009mla_H_K
11898,4,train,0.014210963621735573,pdb_00006os9_D1_D2
11899,4,train,0.22790709137916565,pdb_00008vgi_H_G
11900,4,train,0.40591520071029663,pdb_00009k6j_A_B
11901,4,train,0.012547818943858147,pdb_00008hj5_C1_C2
11902,4,train,0.026269925758242607,pdb_00008yn4_E1_E2
11903,4,train,0.33221831917762756,pdb_00008smt_H_L
11904,4,train,0.37139496207237244,pdb_00009jy2_B_A
11905,4,train,0.6152451634407043,pdb_00008vgl_E_F
11906,4,train,0.8449063897132874,pdb_00009npg_A_B
11907,4,train,0.14453992247581482,pdb_00008vgk_H_G
11908,4,train,0.7216680645942688,pdb_00006k7o_B_C
11909,4,train,0.6109526753425598,pdb_00009q5v_K_J
11910,4,train,1.1847559213638306,pdb_00009leo_A_B
11911,4,train,0.5563753247261047,pdb_00007cgw_H_L
11912,4,train,0.058529485017061234,pdb_00008z8a_S1_S2
11913,4,train,0.05096633732318878,pdb_00007trp_H1_H2
11914,4,train,0.2664128541946411,pdb_00003rif_H_L
11915,4,train,0.7011462450027466,pdb_00009dzf_H_L
11916,4,train,0.7444247007369995,pdb_00006vgr_C_D
11917,4,train,0.05481007322669029,pdb_00006dzt_N1_N2
11918,4,train,0.45790043473243713,pdb_00003nh7_H_L
11919,4,train,0.5637015700340271,pdb_00003eo1_E_D
11920,4,train,0.558536946773529,pdb_00008wu1_H_L
11921,4,train,0.016666393727064133,pdb_00007y66_S1_S2
11922,4,train,0.5829893946647644,pdb_00009dzg_H_L
11923,4,train,0.17135238647460938,pdb_00009ge3_F1_F2
11924,4,train,0.6026574373245239,pdb_00008ulf_K_O
11925,4,train,0.025642158463597298,pdb_00009vi9_S1_S2
11926,4,train,0.41103747487068176,pdb_00008i5l_D1_D2
11927,4,train,0.9868646860122681,pdb_00006mlm_K_L
11928,4,train,1.014251708984375,pdb_00007kqh_C_D
11929,4,train,0.019001604989171028,pdb_00009ejc_D1_D2
11930,4,train,0.5092549324035645,pdb_00002fjh_B_A
11931,4,train,0.47007203102111816,pdb_00001kiq_B_A
11932,4,train,1.3111963272094727,pdb_00007r8u_HHH_LLL
11933,4,train,0.022282302379608154,pdb_00007vug_S1_S2
11934,4,train,0.9965558648109436,pdb_00007cqd_H_L
11935,4,train,0.06343153119087219,pdb_00008jt6_E1_E2
11936,4,train,0.8682774901390076,pdb_00006t3j_F_G
11937,4,train,0.6295099854469299,pdb_00008y3k_I_J
11938,4,train,0.4049268364906311,pdb_00006b3s_C_D
11939,4,train,0.18234965205192566,pdb_00003rhw_H_L
11940,4,train,0.42910316586494446,pdb_00003ri5_G_K
11941,4,train,0.4567934572696686,pdb_00005dhx_L2_L1
11942,4,train,0.8500698804855347,pdb_00005a3i_C_D
11943,4,train,0.2812851369380951,pdb_00001g7m_B_A
11944,4,train,0.1095721423625946,pdb_00009oun_H_L
11945,4,train,0.4543190896511078,pdb_00007mem_H_L
11946,4,train,0.9935218691825867,pdb_00008tp5_E_F
11947,4,train,1.285201907157898,pdb_00006xq0_B_C
11948,4,train,0.5748541355133057,pdb_00008wpw_C_D
11949,4,train,0.07804343849420547,pdb_00009xhh_D1_D2
11950,4,train,0.8029398918151855,pdb_00007w71_H_L
11951,4,train,0.09708692133426666,pdb_00003stl_A_B
11952,4,train,0.7492450475692749,pdb_00008gs9_H_K
11953,4,train,0.5548468232154846,pdb_00009irs_H_L
11954,4,train,0.6685070991516113,pdb_00007x6o_I_K
11955,4,train,1.1002788543701172,pdb_00007x3d_H_L
11956,4,train,0.3694419860839844,pdb_00006ban_B_A
11957,4,train,0.22919100522994995,pdb_00004tnw_X_i
11958,4,train,0.024294886738061905,pdb_00008k3z_S1_S2
11959,4,train,0.8401132822036743,pdb_00004al8_H_L
11960,4,train,0.04073971509933472,pdb_00008iw1_S1_S2
11961,4,train,0.0752655491232872,pdb_00002vdk_H_L
11962,4,train,1.2860698699951172,pdb_00008ezl_H1_H2
11963,4,train,0.3081788718700409,pdb_00008elp_H_L
11964,4,train,0.7845537662506104,pdb_00006bpa_B_C
11965,4,train,0.04089004173874855,pdb_00008y72_E1_E2
11966,4,train,0.5056849718093872,pdb_00007wqv_N1_N2
11967,4,train,0.4157019853591919,pdb_00003ri5_F_N
11968,4,train,0.6633891463279724,pdb_00008zd5_H_I
11969,4,train,0.023419851437211037,pdb_00007t6s_E1_E2
11970,4,train,0.026799021288752556,pdb_00009ije_D1_D2
11971,4,train,1.3221615552902222,pdb_00005d1z_F_E
11972,4,train,0.04152292385697365,pdb_00007u0j_N1_N2
11973,4,train,0.5539831519126892,pdb_00005xhv_H_L
11974,4,train,0.698106586933136,pdb_00008hrd_D_F
11975,4,train,0.04523037001490593,pdb_00009m55_S1_S2
11976,4,train,0.6324182748794556,pdb_00005kov_E1_E2
11977,4,train,0.2375984489917755,pdb_00001g7h_B_A
11978,4,train,0.31705304980278015,pdb_00008i5h_H_L
11979,4,train,0.7426629662513733,pdb_00007cqd_I_M
11980,4,train,0.600939929485321,pdb_00004lf3_B_A
11981,4,train,0.019263673573732376,pdb_00008id6_S1_S2
11982,4,train,0.5405481457710266,pdb_00008go8_I_M
11983,4,train,0.8535526990890503,pdb_00008khr_H_L
11984,4,train,0.275331050157547,pdb_00008wnp_D_C
11985,4,train,0.023226194083690643,pdb_00008i9l_H1_H2
11986,4,train,0.4128684401512146,pdb_00008bcz_C_D
11987,4,train,0.014556434005498886,pdb_00009ll7_S1_S2
11988,4,train,0.1502251774072647,pdb_00008ihi_S1_S2
11989,4,train,0.03708038479089737,pdb_00008x8l_E1_E2
11990,4,train,0.01181244757026434,pdb_00007wv9_S1_S2
11991,4,train,0.40143150091171265,pdb_00007lop_W_V
11992,4,train,0.9957594871520996,pdb_00003qwo_A_B
11993,4,train,0.1096622422337532,pdb_00003fb6_A_B
11994,4,train,1.215423345565796,pdb_00002ybr_G_H
11995,4,train,1.243772029876709,pdb_00007rco_F_E
11996,4,train,0.5469427704811096,pdb_00002wuc_H_L
11997,4,train,0.03525950387120247,pdb_00008g05_E1_E2
11998,4,train,0.7144287824630737,pdb_00009cfe_A_B
11999,4,train,0.012777259573340416,pdb_00009j5v_S1_S2
12000,4,train,0.6990023851394653,pdb_00007ttx_H_L
12001,4,train,0.24500636756420135,pdb_00006vmk_u_t
12002,4,train,0.01523649413138628,pdb_00007xjj_S1_S2
12003,4,train,1.0244498252868652,pdb_00002zck_H_L
12004,4,train,0.3123987913131714,pdb_00001xiw_D_C
12005,4,train,0.018609100952744484,pdb_00007vdh_S1_S2
12006,4,train,0.32177412509918213,pdb_00001uac_H_L
12007,4,train,0.030399678274989128,pdb_00007jvr_E1_E2
12008,4,train,0.41562652587890625,pdb_00008jel_C_D
12009,4,train,0.22063374519348145,pdb_00008j22_F1_F2
12010,4,train,0.06494809687137604,pdb_00001ots_C_D
12011,4,train,0.5870508551597595,pdb_00004n90_H_I
12012,4,train,0.01210150308907032,pdb_00009jmd_E1_E2
12013,4,train,0.6689329743385315,pdb_00003u30_F_E
12014,4,train,0.6831658482551575,pdb_00001tqb_B_C
12015,4,train,0.01318422518670559,pdb_00007xw9_S1_S2
12016,4,train,0.7581270933151245,pdb_00008eed_I_J
12017,4,train,1.286117672920227,pdb_00007n4j_H_L
12018,4,train,0.5240994691848755,pdb_00009b82_N_M
12019,4,train,0.6653532981872559,pdb_00007wvd_G_H
12020,4,train,0.6164486408233643,pdb_00007m6d_H_L
12021,4,train,0.4410496652126312,pdb_00005dhx_B2_B1
12022,4,train,0.5823863744735718,pdb_00004qci_H_L
12023,4,train,0.03475530445575714,pdb_00008ijb_S1_S2
12024,4,train,1.3276047706604004,pdb_00007yh6_H_L
12025,4,train,0.14879736304283142,pdb_00006vmk_S_R
12026,4,train,0.8085814714431763,pdb_00007ebz_E_F
12027,4,train,0.2750481367111206,pdb_00006z2m_B_C
12028,4,train,0.12016451358795166,pdb_00008dk5_N1_N2
12029,4,train,0.034141913056373596,pdb_00009m0r_S1_S2
12030,4,train,0.054726362228393555,pdb_00007ukt_E_F
12031,4,train,0.9792409539222717,pdb_00006t9d_HHH_LLL
12032,4,train,0.3405781090259552,pdb_00008f2j_A_B
12033,4,train,0.5473695397377014,pdb_00007whz_B_D
12034,4,train,0.9150316715240479,pdb_00008tp5_H_L
12035,4,train,0.5858960747718811,pdb_00005w0k_E_F
12036,4,train,0.6866512298583984,pdb_00008vgm_H_L
12037,4,train,1.0148365497589111,pdb_00007rco_D_C
12038,4,train,0.19219882786273956,pdb_00008e9w_E1_E2
12039,4,train,0.3077872097492218,pdb_00001ic7_H_L
12040,4,train,0.6894665956497192,pdb_00004gxu_Q_R
12041,4,train,1.0633611679077148,pdb_00007y6l_H_L
12042,4,train,1.0374891757965088,pdb_00009oea_H_L
12043,4,train,0.39386698603630066,pdb_00008ulf_I_M
12044,4,train,1.040175437927246,pdb_00009yyu_J_N
12045,4,train,0.4097469449043274,pdb_00007wqv_L1_L2
12046,4,train,1.0907889604568481,pdb_00006uyn_H_L
12047,4,train,0.7138595581054688,pdb_00009bt5_E_F
12048,4,train,0.5845301747322083,pdb_00008y31_D_C
12049,4,train,0.019742410629987717,pdb_00007y24_S1_S2
12050,4,train,0.9460750818252563,pdb_00007dm1_D_C
12051,4,train,1.4215764999389648,pdb_00008hgm_C_D
12052,4,train,0.025592299178242683,pdb_00007t10_S1_S2
12053,4,train,0.6818183064460754,pdb_00004odx_H_B
12054,4,train,0.41415834426879883,pdb_00008i0n_H_L
12055,4,train,0.01367421168833971,pdb_00009k3f_S1_S2
12056,4,train,0.7466489672660828,pdb_00007bbj_H_L
12057,4,train,0.01218198612332344,pdb_00008jxt_E1_E2
12058,4,train,0.41778722405433655,pdb_00005dhy_H_L
12059,4,train,1.0357284545898438,pdb_00007n0a_B_A
12060,4,train,0.7075527906417847,pdb_00008u4s_F_E
12061,4,train,0.6306684613227844,pdb_00009cff_H_L
12062,4,train,1.1503654718399048,pdb_00007ean_H_L
12063,4,train,0.05680350214242935,pdb_00002fed_E_F
12064,4,train,0.8322446942329407,pdb_00004wv1_E_D
12065,4,train,0.8580767512321472,pdb_00004hg4_P_Q
12066,4,train,0.8923066258430481,pdb_00007zfb_C_D
12067,4,train,0.05925288051366806,pdb_00008j21_B1_B2
12068,4,train,0.08027680218219757,pdb_00008u9s_M2_M1
12069,4,train,0.7530144453048706,pdb_00009n4e_Q_P
12070,4,train,0.4874480068683624,pdb_00002r0l_H_L
12071,4,train,0.05524655431509018,pdb_00008u9s_N2_N1
12072,4,train,0.8018280267715454,pdb_00007l5j_Y_X
12073,4,train,0.3409871757030487,pdb_00001kir_B_A
12074,4,train,0.13690607249736786,pdb_00009ov4_J_K
12075,4,train,0.4637124240398407,pdb_00007mzj_F_E
12076,4,train,0.19593513011932373,pdb_00008vgj_H_G
12077,4,train,0.7212451100349426,pdb_00005wko_G_H
12078,4,train,0.9061669111251831,pdb_00007det_B1_B2
12079,4,train,0.010780690237879753,pdb_00007ys6_E1_E2
12080,4,train,0.7116209268569946,pdb_00002vit_B_A
12081,4,train,0.22276537120342255,pdb_00009exa_F_E
12082,4,train,0.017547156661748886,pdb_00008jlr_S1_S2
12083,4,train,0.8269745111465454,pdb_00009npg_D_E
12084,4,train,0.7601016163825989,pdb_00009lsj_D1_E2
12085,4,train,0.03660411015152931,pdb_00007f2o_S1_S2
12086,4,train,0.025134596973657608,pdb_00009izd_S1_S2
12087,4,train,0.8326492309570312,pdb_00006n5e_E_D
12088,4,train,0.4829755425453186,pdb_00008y3h_I_J
12089,4,train,0.0740295946598053,pdb_00009jfy_S1_S2
12090,4,train,0.7727137804031372,pdb_00007chc_A_B
12091,4,train,0.7129877209663391,pdb_00007deu_B1_B2
12092,4,train,0.5314286947250366,pdb_00007ws2_E_D
12093,4,train,0.5625898241996765,pdb_00006vgr_H_L
12094,4,train,0.6729923486709595,pdb_00008y3i_G_H
12095,4,train,0.7450249195098877,pdb_00008vsj_H_L
12096,4,train,0.6369369626045227,pdb_00006h3u_I_M
12097,4,train,0.023979345336556435,pdb_00008i97_H1_H2
12098,4,train,0.9855801463127136,pdb_00007bsc_H_L
12099,4,train,0.024554450064897537,pdb_00006dde_E1_E2
12100,4,train,0.4792653024196625,pdb_00007rk2_C1_C2
12101,4,train,0.06851933896541595,pdb_00007tho_E_F
12102,4,train,0.39848124980926514,pdb_00007xik_H_L
12103,4,train,0.7265311479568481,pdb_00007t3d_O_Q
12104,4,train,0.9088942408561707,pdb_00008gpu_C_D
12105,4,train,0.8069409728050232,pdb_00006ek2_H1_H2
12106,4,train,0.04013989120721817,pdb_00008x16_H1_H2
12107,4,train,0.6309718489646912,pdb_00008cn9_L_K
12108,4,train,0.6739416718482971,pdb_00007zfc_H_L
12109,4,train,0.7720190286636353,pdb_00007lfa_B_D
12110,4,train,0.9493585824966431,pdb_00007x3e_H_L
12111,4,train,0.08885397762060165,pdb_00007u0i_K1_K2
12112,4,train,1.085646390914917,pdb_00003c09_C_B
12113,4,train,0.018473036587238312,pdb_00008k4n_E1_E2
12114,4,train,0.7627419829368591,pdb_00005ggt_H_L
12115,4,train,1.1276601552963257,pdb_00006vc9_H_L
12116,4,train,0.737557053565979,pdb_00007bsd_A_B
12117,4,train,0.019041137769818306,pdb_00009l79_S1_S2
12118,4,train,0.03371627256274223,pdb_00008hpt_H1_H2
12119,4,train,0.6612207889556885,pdb_00009mqa_I_M
12120,4,train,0.028446268290281296,pdb_00009kxs_H1_H2
12121,4,train,0.19638977944850922,pdb_00006vmk_l_k
12122,4,train,0.6377395391464233,pdb_00001dee_F_E
12123,4,train,0.7650128602981567,pdb_00008tbq_A_B
12124,4,train,0.5430313944816589,pdb_00007sk7_D_C
12125,4,train,0.34600356221199036,pdb_00007ejy_H_L
12126,4,train,0.02693752944469452,pdb_00007xbd_E1_E2
12127,4,train,0.025972340255975723,pdb_00007y67_S1_S2
12128,4,train,0.011321835219860077,pdb_00008k6m_S1_S2
12129,4,train,0.018060313537716866,pdb_00008gag_S1_S2
12130,4,train,1.3966933488845825,pdb_00006ddv_B_A
12131,4,train,0.01568921096622944,pdb_00009iyb_E1_E2
12132,4,train,0.3624349534511566,pdb_00008as0_N_M
12133,4,train,1.0684407949447632,pdb_00007y0w_A_B
12134,4,train,1.0391132831573486,pdb_00009ma7_D_E
12135,4,train,1.2919466495513916,pdb_00008kep_H_L
12136,4,train,0.03379397839307785,pdb_00008ij3_S1_S2
12137,4,train,0.45073097944259644,pdb_00007whz_H_L
12138,4,train,0.62868332862854,pdb_00007ucq_I1_I2
12139,4,train,0.1842438280582428,pdb_00008vgi_K_L
12140,4,train,0.7629396319389343,pdb_00007fci_H_L
12141,4,train,0.4130559265613556,pdb_00007kfv_F_G
12142,4,train,0.01395554468035698,pdb_00009vjf_E1_E2
12143,4,train,0.10047128796577454,pdb_00003fb8_A_B
12144,4,train,1.732161521911621,pdb_00009lbw_H_L
12145,4,train,0.7150252461433411,pdb_00008cz8_A2_A1
12146,4,train,0.38272908329963684,pdb_00008jen_C_D
12147,4,train,0.834758996963501,pdb_00006ejg_D2_D1
12148,4,train,0.02486077882349491,pdb_00007s8l_E1_E2
12149,4,train,0.7406775951385498,pdb_00003eoa_H_L
12150,4,train,0.7579352259635925,pdb_00009mif_H_L
12151,4,train,0.7933597564697266,pdb_00006t9d_AAA_BBB
12152,4,train,1.020649790763855,pdb_00009mtl_I_J
12153,4,train,1.0011097192764282,pdb_00008hrd_L_M
12154,4,train,0.03457655757665634,pdb_00007ezm_H1_H2
12155,4,train,0.5580354332923889,pdb_00008dn7_A_B
12156,4,train,0.04658157378435135,pdb_00008tzq_E1_E2
12157,4,train,0.021928783506155014,pdb_00009kvg_E1_E2
12158,4,train,0.6303744912147522,pdb_00001za3_B_A
12159,4,train,0.018389714881777763,pdb_00008xqp_S1_S2
12160,4,train,0.031139839440584183,pdb_00008wwl_E1_E2
12161,4,train,0.3091285824775696,pdb_00008jen_A_B
12162,4,train,1.1724555492401123,pdb_00009e3l_K_L
12163,4,train,0.027798078954219818,pdb_00008j6i_H1_H2
12164,4,train,0.012716011144220829,pdb_00007s8p_E1_E2
12165,4,train,0.9626898169517517,pdb_00008zre_h_l
12166,4,train,0.8185150623321533,pdb_00006hjp_G_H
12167,4,train,0.9129992723464966,pdb_00007c88_A_B
12168,4,train,0.019794074818491936,pdb_00007y1f_E1_E2
12169,4,train,0.9596776962280273,pdb_00009mtf_I_J
12170,4,train,0.034230876713991165,pdb_00007vig_E1_E2
12171,4,train,0.63603276014328,pdb_00007dpm_A_B
12172,4,train,0.9237779378890991,pdb_00007mzj_N_M
12173,4,train,0.7085554003715515,pdb_00008jin_P2_P1
12174,4,train,0.013500969856977463,pdb_00008dwg_E1_E2
12175,4,train,0.5402176380157471,pdb_00007rks_H_L
12176,4,train,0.07843754440546036,pdb_00007uk9_E_F
12177,4,train,0.060927316546440125,pdb_00004z7q_E_F
12178,4,train,0.6419366002082825,pdb_00002eks_B_A
12179,4,train,1.2539478540420532,pdb_00005d1z_D_C
12180,4,train,0.04197472706437111,pdb_00003det_C_D
12181,4,train,0.6615935564041138,pdb_00007vyr_H_L
12182,4,train,0.522529661655426,pdb_00007dq7_H_L
12183,4,train,0.600688099861145,pdb_00004ma7_H_L
12184,4,train,0.5987464785575867,pdb_00009bt5_C_D
12185,4,train,0.02788890339434147,pdb_00008yuu_S1_S2
12186,4,train,0.02841450273990631,pdb_00008xgs_D1_D2
12187,4,train,0.8975449204444885,pdb_00004f37_F_K
12188,4,train,1.056387186050415,pdb_00002vxq_H_L
12189,4,train,0.9731382131576538,pdb_00007q6c_H_L
12190,4,train,0.031261146068573,pdb_00002ht3_C_D
12191,4,train,0.01931087113916874,pdb_00007vkt_E1_E2
12192,4,train,0.09742596745491028,pdb_00006x40_K_L
12193,4,train,0.043290525674819946,pdb_00009ipv_S1_S2
12194,4,train,0.7616987824440002,pdb_00007l7e_M_N
12195,4,train,1.0591562986373901,pdb_00006dfj_H_L
12196,4,train,0.009020107798278332,pdb_00008vvf_E1_E2
12197,4,train,0.26685672998428345,pdb_00004ioi_B_A
12198,4,train,0.5979437232017517,pdb_00005wko_A_B
12199,4,train,0.012997661717236042,pdb_00009lrs_E1_E2
12200,4,train,0.6000778079032898,pdb_00007bpk_C_D
12201,4,train,0.03351820632815361,pdb_00003ejy_E_F
12202,4,train,0.6915671229362488,pdb_00008f0h_H_L
12203,4,train,0.16876015067100525,pdb_00009oup_H_L
12204,4,train,0.4220145046710968,pdb_00001nbz_B_A
12205,4,train,0.43868374824523926,pdb_00008j7e_A_B
12206,4,train,0.8437201380729675,pdb_00007xj9_K_J
12207,4,train,0.4478242099285126,pdb_00008hn6_C_D
12208,4,train,0.5190207362174988,pdb_00009mla_I_L
12209,4,train,0.09412958472967148,pdb_00007k61_M2_M1
12210,4,train,0.009242963045835495,pdb_00008utd_D1_D2
12211,4,train,0.7719308733940125,pdb_00004oii_I_M
12212,4,train,0.39251095056533813,pdb_00007kf0_H_L
12213,4,train,0.39955011010169983,pdb_00001dzb_A1_A2
12214,4,train,0.707846999168396,pdb_00007bbj_M_N
12215,4,train,0.9017542004585266,pdb_00007upb_B_E
12216,4,train,0.01607496663928032,pdb_00008zqe_S1_S2
12217,4,train,1.56528639793396,pdb_00008ulj_H_L
12218,4,train,0.5818145275115967,pdb_00009ccs_C_B
12219,4,train,0.7771199345588684,pdb_00008q6j_D_C
12220,4,train,0.013279823586344719,pdb_00008xzf_S1_S2
12221,4,train,0.1917347013950348,pdb_00006adb_C_D
12222,4,train,0.584064781665802,pdb_00007xsc_D_H
12223,4,train,0.7210879921913147,pdb_00007scn_J_K
12224,4,train,0.2213118076324463,pdb_00001dzb_B1_B2
12225,4,train,0.5612720251083374,pdb_00007ubs_I1_I2
12226,4,train,0.36127138137817383,pdb_00008dn6_C_D
12227,4,train,0.44639113545417786,pdb_00009bao_G_H
12228,4,train,0.09164641797542572,pdb_00007e33_E1_E2
12229,4,train,1.0046088695526123,pdb_00005lsp_H_L
12230,4,train,0.18594391644001007,pdb_00009ctu_F_E
12231,4,train,0.8449368476867676,pdb_00008ee8_H_L
12232,4,train,0.058173809200525284,pdb_00008iyw_H1_H2
12233,4,train,0.17392557859420776,pdb_00006zlr_BBB_CCC
12234,4,train,0.4352308511734009,pdb_00009lrf_H_L
12235,4,train,0.026926863938570023,pdb_00009iy8_S1_S2
12236,4,train,0.016919896006584167,pdb_00008dzr_E1_E2
12237,4,train,0.779274582862854,pdb_00008yx9_G_I
12238,4,train,0.009138216264545918,pdb_00009v81_E1_E2
12239,4,train,0.5535380840301514,pdb_00009wsv_H_L
12240,4,train,0.8443613648414612,pdb_00004l5f_H_L
12241,4,train,0.4650794565677643,pdb_00009qub_F_E
12242,4,train,0.07097416371107101,pdb_00008sgo_J_I
12243,4,train,0.5690799355506897,pdb_00007l7e_E_F
12244,4,train,0.6353644132614136,pdb_00007f0x_B1_B2
12245,4,train,0.1422967165708542,pdb_00009oum_H_L
12246,4,train,0.8094612956047058,pdb_00001n6q_H_L
12247,4,train,0.03312484547495842,pdb_00008iz4_E1_E2
12248,4,train,0.029889626428484917,pdb_00008rql_S1_S2
12249,4,train,0.07505660504102707,pdb_00003gb7_A_B
12250,4,train,1.0077300071716309,pdb_00006flc_H_L
12251,4,train,0.027151312679052353,pdb_00003ejy_C_D
12252,4,train,0.021917637437582016,pdb_00009le2_S1_S2
12253,4,train,2.0837435722351074,pdb_00004i3r_H_L
12254,4,train,1.1055352687835693,pdb_00007u9w_H1_H2
12255,4,train,0.7816237211227417,pdb_00009dn2_H_L
12256,4,train,0.011294874362647533,pdb_00007vv3_S1_S2
12257,4,train,0.07339112460613251,pdb_00008evi_M1_M2
12258,4,train,0.43995386362075806,pdb_00008w2e_D_C
12259,4,train,0.6293238997459412,pdb_00007l5j_W_L
12260,4,train,0.45928868651390076,pdb_00002eiz_B_A
12261,4,train,0.3685677945613861,pdb_00008ulf_H_L
12262,4,train,0.6881852746009827,pdb_00004kxz_J_I
12263,4,train,0.6446055769920349,pdb_00006wzl_A_B
12264,4,train,0.012072952464222908,pdb_00009k6l_S1_S2
12265,4,train,0.5509387850761414,pdb_00005kov_C1_C2
12266,4,train,0.6649276614189148,pdb_00005ugy_I_M
12267,4,train,0.022532230243086815,pdb_00008yn2_E1_E2
12268,4,train,0.04164415970444679,pdb_00007w6p_H1_H2
12269,4,train,0.013595888391137123,pdb_00006xox_E1_E2
12270,4,train,0.8179469108581543,pdb_00008bg1_J_K
12271,4,train,0.2231157273054123,pdb_00006vmk_H_G
12272,4,train,0.7013278007507324,pdb_00007rku_J_K
12273,4,train,0.8594435453414917,pdb_00005umi_A_B
12274,4,train,0.45161792635917664,pdb_00005yoy_H_E
12275,4,train,0.5289148688316345,pdb_00003h42_H_L
12276,4,train,0.7290381193161011,pdb_00006a4k_K_O
12277,4,train,0.6970300078392029,pdb_00003g6d_H_L
12278,4,train,0.5259302854537964,pdb_00007zlg_H_L
12279,4,train,0.031174829229712486,pdb_00007ej0_H1_H2
12280,4,train,0.7640990018844604,pdb_00006wtv_B_C
12281,4,train,1.1757285594940186,pdb_00009kvk_A_B
12282,4,train,0.014138445258140564,pdb_00009m54_S1_S2
12283,4,train,0.5398621559143066,pdb_00005wko_E_F
12284,4,train,0.6731203198432922,pdb_00006wno_E_F
12285,4,train,0.017308959737420082,pdb_00007xav_E1_E2
12286,4,train,0.21303096413612366,pdb_00005aaw_A1_A2
12287,4,train,0.5545504093170166,pdb_00009lrh_H_L
12288,4,train,0.6075074076652527,pdb_00006cyf_U_T
12289,4,train,0.06913882493972778,pdb_00006x40_J_I
12290,4,train,0.9943200349807739,pdb_00009j4c_H_L
12291,4,train,0.5951992273330688,pdb_00008hrd_Y_Z
12292,4,train,1.2543060779571533,pdb_00009ivj_H_L
12293,4,train,1.291404128074646,pdb_00006q18_H_L
12294,4,train,0.0630076453089714,pdb_00008id3_S1_S2
12295,4,train,0.014235003851354122,pdb_00008j1a_S1_S2
12296,4,train,0.7844812870025635,pdb_00003qwo_H_L
12297,4,train,0.027198689058423042,pdb_00008t3v_N1_N2
12298,4,train,0.7003540396690369,pdb_00008e2u_H_L
12299,4,train,0.5159901976585388,pdb_00004n90_D_E
12300,4,train,0.027716273441910744,pdb_00009oxb_D1_D2
12301,4,train,0.9963052272796631,pdb_00009mtk_H_L
12302,4,train,0.01631275936961174,pdb_00008zbi_F1_F2
12303,4,train,0.7144436836242676,pdb_00008rmy_E_F
12304,4,train,0.3194389045238495,pdb_00002qr0_B_A
12305,4,train,0.3360430598258972,pdb_000011oq_H_L
12306,4,train,0.5161809921264648,pdb_00008jkh_h_l
12307,4,train,0.9478889107704163,pdb_00008ag1_H_L
12308,4,train,0.49227380752563477,pdb_00005wk3_W_V
12309,4,train,1.032970666885376,pdb_00007t0w_O_P
12310,4,train,0.08849558979272842,pdb_00008gcp_E1_E2
12311,4,train,0.5073744654655457,pdb_00008jel_F_G
12312,4,train,0.11233092844486237,pdb_00006x3x_K_L
12313,4,train,0.7456980347633362,pdb_00007v3g_I_M
12314,4,train,0.8574928641319275,pdb_00007s0x_C_D
12315,4,train,0.6155165433883667,pdb_00001fbi_H_L
12316,4,train,0.7964620590209961,pdb_00004hjj_H2_L2
12317,4,train,0.7403880953788757,pdb_00008rrn_H_L
12318,4,train,0.8258312344551086,pdb_00006u6u_H_L
12319,4,train,0.7758088111877441,pdb_00001p2c_E_D
12320,4,train,1.5432192087173462,pdb_00008s72_H_L
12321,4,train,0.8252581357955933,pdb_00009npg_K_J
12322,4,train,0.6795236468315125,pdb_00006n5d_E_F
12323,4,train,0.08829401433467865,pdb_00003t3m_H_L
12324,4,train,0.5636517405509949,pdb_00007yvm_C_A
12325,4,train,0.6879328489303589,pdb_00006ii9_H_L
12326,4,train,0.8736581802368164,pdb_00009oar_B_D
12327,4,train,1.2956972122192383,pdb_00004ut6_H_L
12328,4,train,0.5477846264839172,pdb_00006wzm_C_D
12329,4,train,0.08148516714572906,pdb_00008syp_N1_N2
12330,4,train,0.013036542572081089,pdb_00008jso_S1_S2
12331,4,train,0.12420398741960526,pdb_00006e0c_M1_M2
12332,4,train,0.5727187395095825,pdb_00009b82_H_L
12333,4,train,0.8300284147262573,pdb_00009mkn_S_T
12334,4,train,0.4852076470851898,pdb_00002i9l_H_G
12335,4,train,0.7264147400856018,pdb_00008sit_H_L
12336,4,train,0.013853796757757664,pdb_00008uuj_D1_D2
12337,4,train,0.039467837661504745,pdb_00008wwn_E1_E2
12338,4,train,0.5055516362190247,pdb_00008wpy_H_L
12339,4,train,0.1314685344696045,pdb_00009oun_J_K
12340,4,train,0.5630913376808167,pdb_00008jkf_m_n
12341,4,train,0.052940644323825836,pdb_00002fee_I_L
12342,4,train,0.04533478990197182,pdb_00009drx_K_L
12343,4,train,0.7938399314880371,pdb_00006xy2_H_L
12344,4,train,0.010913594625890255,pdb_00008kfz_S1_S2
12345,4,train,0.5373266339302063,pdb_00003v4v_H_L
12346,4,train,0.48061302304267883,pdb_00009rio_H_L
12347,4,train,0.4789000153541565,pdb_00003nh7_I_M
12348,4,train,0.3613651692867279,pdb_00007ek0_H_L
12349,4,train,0.15342023968696594,pdb_00009zqc_J2_J1
12350,4,train,0.007287586573511362,pdb_00007vuz_S1_S2
12351,4,train,0.6622884273529053,pdb_00009lsi_C1_D2
12352,4,train,0.7069319486618042,pdb_00009iru_B_A
12353,4,train,0.02499883808195591,pdb_00007cvt_E_F
12354,4,train,0.93625807762146,pdb_00008hq7_H_L
12355,4,train,0.022764522582292557,pdb_00009wxm_D1_D2
12356,4,train,0.008835585787892342,pdb_00007scg_E1_E2
12357,4,train,0.012575441040098667,pdb_00009jh5_S1_S2
12358,4,train,0.7898061871528625,pdb_00008tzw_H_L
12359,4,train,0.42818117141723633,pdb_00001mlc_B_A
12360,4,train,0.8818891644477844,pdb_00001hys_D_C
12361,4,train,0.01666622795164585,pdb_00002ht4_C_D
12362,4,train,1.4626399278640747,pdb_00009ma7_B_C
12363,4,train,1.142253041267395,pdb_00006xm2_D_C
12364,4,train,0.018547015264630318,pdb_00009kvi_E1_E2
12365,4,train,0.7876175045967102,pdb_00009y0e_A_B
12366,4,train,0.8571640849113464,pdb_00004khx_H_L
12367,4,train,0.5109256505966187,pdb_00009cpw_H_L
12368,4,train,0.5436115860939026,pdb_00007wrv_U_V
12369,4,train,0.14957784116268158,pdb_00009ge2_F1_F2
12370,4,train,1.2664682865142822,pdb_00009y3x_H_L
12371,4,train,0.3900260627269745,pdb_00003v4v_M_N
12372,4,train,0.9137203097343445,pdb_00009lsi_D1_C2
12373,4,train,0.11198901385068893,pdb_00003hpl_A_B
12374,4,train,0.8141896724700928,pdb_00007qny_A_B
12375,4,train,0.028563886880874634,pdb_00007trs_H1_H2
12376,4,train,0.7377862334251404,pdb_00008eoo_F_K
12377,4,train,0.47705546021461487,pdb_00001z3g_H_L
12378,4,train,0.747800350189209,pdb_00009mtf_M_N
12379,4,train,0.027808593586087227,pdb_00008jhy_S1_S2
12380,4,train,0.29435425996780396,pdb_00003v4p_M_N
12381,4,train,0.6012055277824402,pdb_00009irs_S_T
12382,4,train,0.017606042325496674,pdb_00008xml_S1_S2
12383,4,train,0.6637834310531616,pdb_00009kze_H_L
12384,4,train,0.40149351954460144,pdb_00007kfy_H_L
12385,4,train,1.0334123373031616,pdb_00006plk_H_L
12386,4,train,1.0190843343734741,pdb_00009lae_H_L
12387,4,train,0.525343120098114,pdb_00008oz3_H_L
12388,4,train,0.6945270895957947,pdb_00001e6j_H_L
12389,4,train,0.6075326204299927,pdb_00001t03_H_L
12390,4,train,0.018268262967467308,pdb_00007dfl_C1_C2
12391,4,train,0.7953617572784424,pdb_00009c6y_A_B
12392,4,train,0.6482574939727783,pdb_00003c09_H_L
12393,4,train,0.5459965467453003,pdb_00007x63_H_L
12394,4,train,0.12198153138160706,pdb_00006adc_C_D
12395,4,train,0.19898180663585663,pdb_00008vgh_H_G
12396,4,train,0.5536164045333862,pdb_00007e3o_H_L
12397,4,train,0.014618540182709694,pdb_00008iu2_S1_S2
12398,4,train,1.1715909242630005,pdb_00005c0n_H_L
12399,4,train,0.6666130423545837,pdb_00006ywc_A_B
12400,4,train,0.0378769151866436,pdb_00009d4z_E1_E2
12401,4,train,0.036385368555784225,pdb_00009ko4_H1_H2
12402,4,train,0.6222266554832458,pdb_00003vrl_H_L
12403,4,train,0.8660284280776978,pdb_00004v1d_D_E
12404,4,train,0.7690310478210449,pdb_00007yvl_A_C
12405,4,train,0.03310380503535271,pdb_00008xxu_E1_E2
12406,4,train,0.035794761031866074,pdb_00008gur_S1_S2
12407,4,train,0.5491393208503723,pdb_00005nh3_H_L
12408,4,train,0.0321311429142952,pdb_00007cvs_E_F
12409,4,train,0.67529296875,pdb_00007ycn_K_L
12410,4,train,0.6902522444725037,pdb_00004xrc_B_A
12411,4,train,0.6463137269020081,pdb_00003g6j_F_E
12412,4,train,0.6458428502082825,pdb_00009q71_I_J
12413,4,train,0.16887196898460388,pdb_00003a67_H_L
12414,4,train,0.8785894513130188,pdb_00009ma0_B_C
12415,4,train,0.3038587272167206,pdb_00009me7_I_M
12416,4,train,0.602215588092804,pdb_00007jmw_H_L
12417,4,train,0.024778377264738083,pdb_00001ots_E_F
12418,4,train,0.02644393779337406,pdb_00007wyb_E1_E2
12419,4,train,0.3471537232398987,pdb_00001z3g_I_M
12420,4,train,0.6521564722061157,pdb_00008u4s_H_L
12421,4,train,1.121319055557251,pdb_00005vig_H_L
12422,4,train,0.6750908493995667,pdb_00007m42_B_A
12423,4,train,0.8896220326423645,pdb_00009cu7_J_N
12424,4,train,0.641913652420044,pdb_00009n4e_K_M
12425,4,train,0.605875551700592,pdb_00007ua8_I1_I2
12426,4,train,1.1031737327575684,pdb_00008dv6_C_L
12427,4,train,0.07517552375793457,pdb_00007ue0_E_F
12428,4,train,0.020449716597795486,pdb_00007wq3_S1_S2
12429,4,train,0.0702064111828804,pdb_00008si9_J_I
12430,4,train,0.9120426774024963,pdb_00002ybr_D_E
12431,4,train,0.7568336725234985,pdb_00003fmg_H_L
12432,4,train,0.34798577427864075,pdb_00004tnw_U_h
12433,4,train,0.4683355391025543,pdb_00006ii8_G_I
12434,4,train,0.45085030794143677,pdb_00008bcz_E_F
12435,4,train,0.013959626667201519,pdb_00009kfk_S1_S2
12436,4,train,1.2670990228652954,pdb_00009jub_B_C
12437,4,train,0.03793545812368393,pdb_00007uko_E_F
12438,4,train,0.5847745537757874,pdb_00007upb_C_F
12439,4,train,0.031006908044219017,pdb_00008uwl_E1_E2
12440,4,train,0.029770037159323692,pdb_00009p0l_F1_F2
12441,4,train,0.4339492619037628,pdb_00008qh0_H_L
12442,4,train,0.6964630484580994,pdb_00007ley_D_E
12443,4,train,0.3703264892101288,pdb_00007kfw_H_L
12444,4,train,0.5832124352455139,pdb_00008jqn_H_L
12445,4,train,0.029384670779109,pdb_00009plo_S1_S2
12446,4,train,0.27945777773857117,pdb_00002qr0_F_E
12447,4,train,0.022667525336146355,pdb_00008xos_E1_E2
12448,4,train,0.24206680059432983,pdb_00006w0f_A_B
12449,4,train,0.03563518822193146,pdb_00007vif_E1_E2
12450,4,train,0.1933179497718811,pdb_00009zqc_I2_I1
12451,4,train,0.6596888899803162,pdb_00006p4b_H_L
12452,4,train,1.6987041234970093,pdb_00005dfw_H1_H2
12453,4,train,0.9694793820381165,pdb_00008siq_H_L
12454,4,train,0.5786920189857483,pdb_00005wko_K_L
12455,4,train,0.5023269057273865,pdb_00008jkh_H_L
12456,4,train,0.0755753219127655,pdb_00006x3v_K_L
12457,4,train,0.7768702507019043,pdb_00007mmo_A_B
12458,4,train,0.07564094662666321,pdb_00008iec_N1_N2
12459,4,train,0.3380485475063324,pdb_00007wnb_H_L
12460,4,train,0.7094027400016785,pdb_00009ue8_I_J
12461,4,train,0.012335305102169514,pdb_00009kvh_E1_E2
12462,4,train,0.859356164932251,pdb_00009e3h_H_L
12463,4,train,0.022642558440566063,pdb_00009vo1_E1_E2
12464,4,train,0.437642365694046,pdb_00006z3p_H_L
12465,4,train,0.3221730589866638,pdb_00008smt_A_B
12466,4,train,0.3497909903526306,pdb_00005yoy_P_M
12467,4,train,0.9150906801223755,pdb_00007dm1_F_E
12468,4,train,0.015606965869665146,pdb_00007vl8_S1_S2
12469,4,train,0.01662108674645424,pdb_00008yn7_E1_E2
12470,4,train,0.8472460508346558,pdb_00005d1z_B_A
12471,4,train,0.37593352794647217,pdb_00006txz_J_N
12472,4,train,0.5272418260574341,pdb_00008jqs_H_L
12473,4,train,0.8092777132987976,pdb_00009lf8_H_L
12474,4,train,0.47752076387405396,pdb_00001fbi_Q_P
12475,4,train,0.029261896386742592,pdb_00007xxh_H1_H2
12476,4,train,0.04390641674399376,pdb_00003t3m_E_F
12477,4,train,0.7608695030212402,pdb_00006ogx_H_L
12478,4,train,0.025416361168026924,pdb_00008xjn_E1_E2
12479,4,train,0.5874679684638977,pdb_00004hg4_N_O
12480,4,train,0.02523975446820259,pdb_00008xyk_S1_S2
12481,4,train,0.44408679008483887,pdb_00009bao_E_F
12482,4,train,0.1017458438873291,pdb_00002itd_A_B
12483,4,train,0.1676587164402008,pdb_00006yor_B_C
12484,4,train,0.03041558340191841,pdb_00008xyd_E1_E2
12485,4,train,1.0555946826934814,pdb_00001eo8_H_L
12486,4,train,0.8711278438568115,pdb_00006mlm_F_G
12487,4,train,0.1318272352218628,pdb_00009nz3_F_E
12488,4,train,0.44912511110305786,pdb_00006ktr_A_B
12489,4,train,0.8557459115982056,pdb_00004lvh_H_I
12490,4,train,0.7418878674507141,pdb_00008hpf_H_L
12491,4,train,0.5211070775985718,pdb_00007xcp_H_L
12492,4,train,0.46281108260154724,pdb_00003fku_T1_T2
12493,4,train,0.04901306331157684,pdb_00001ott_E_F
12494,4,train,0.7489221692085266,pdb_00007zfb_A_B
12495,4,train,0.6794443726539612,pdb_00008dcc_H_L
12496,4,train,1.0114731788635254,pdb_00003mxw_H_L
12497,4,train,0.0127975232899189,pdb_00009ldw_S1_S2
12498,4,train,0.8537759184837341,pdb_00001oak_H_L
12499,4,train,0.7391101121902466,pdb_00008erq_H_L
12500,4,train,0.46869543194770813,pdb_00007zmk_S_T
12501,4,train,0.05983582139015198,pdb_00006x3t_K_L
12502,4,train,0.23163160681724548,pdb_00008wnp_B_A
12503,4,train,1.0848625898361206,pdb_00005ug0_D_C
12504,4,train,0.07058251649141312,pdb_00009zqb_J2_J1
12505,4,train,0.5502551198005676,pdb_00009ctw_D_C
12506,4,train,0.497915118932724,pdb_00004ma8_H_L
12507,4,train,0.03100409545004368,pdb_00008k9l_H1_H2
12508,4,train,0.024770913645625114,pdb_00008j6l_H1_H2
12509,4,train,0.05942085012793541,pdb_00008jxw_E1_E2
12510,4,train,0.3313712775707245,pdb_00008wpw_H_L
12511,4,train,1.0412967205047607,pdb_00007si0_C_D
12512,4,train,0.4355301260948181,pdb_00009iz9_Q_R
12513,4,train,0.10494891554117203,pdb_00007mhx_A_B
12514,4,train,0.018142007291316986,pdb_00009d0a_E1_E2
12515,4,train,0.035070788115262985,pdb_00003ze1_E_F
12516,4,train,0.9680116176605225,pdb_00006xpz_E_F
12517,4,train,0.03213661536574364,pdb_00008j6q_S1_S2
12518,4,train,0.28172746300697327,pdb_00008pwh_B_A
12519,4,train,1.4940359592437744,pdb_00008r4n_H_L
12520,4,train,0.863827645778656,pdb_00005w3m_E_G
12521,4,train,0.013119427487254143,pdb_00009ldv_S1_S2
12522,4,train,0.01867786981165409,pdb_00008ija_S1_S2
12523,4,train,0.026033198460936546,pdb_00008xjm_E1_E2
12524,4,train,0.04025319963693619,pdb_00003t3p_E_F
12525,4,train,0.6554743051528931,pdb_00008tx3_H_L
12526,4,train,0.028469638898968697,pdb_00008y02_S1_S2
12527,4,train,0.4419732987880707,pdb_00007srs_H_L
12528,4,train,0.025714801624417305,pdb_00009ite_E1_E2
12529,4,train,0.39465975761413574,pdb_00008too_G_F
12530,4,train,0.6301940083503723,pdb_00009l9o_B_C
12531,4,train,0.8627133965492249,pdb_00007x93_E_F
12532,4,train,1.5643055438995361,pdb_00001jrh_H_L
12533,4,train,0.42985647916793823,pdb_00007wbz_H_L
12534,4,train,0.6196670532226562,pdb_00008znz_G_H
12535,4,train,0.8778557181358337,pdb_00008w85_A_B
12536,4,train,0.9222081303596497,pdb_00009n8j_B_C
12537,4,train,0.09851828217506409,pdb_00008ubi_M2_M1
12538,4,train,0.01832990162074566,pdb_00007dw9_S1_S2
12539,4,train,0.8575124740600586,pdb_00007xrz_H_L
12540,4,train,0.8232123851776123,pdb_00009oar_H_L
12541,4,train,1.000227689743042,pdb_00007ykj_A_D
12542,4,train,0.20326487720012665,pdb_00004tnw_Y_g
12543,4,train,0.8290870785713196,pdb_00009o7g_C_D
12544,4,train,0.0681312158703804,pdb_00003or7_A_B
12545,4,train,0.011890609748661518,pdb_00009cm3_N1_N2
12546,4,train,0.49548032879829407,pdb_00009azr_H_L
12547,4,train,0.0771028995513916,pdb_00008uh3_E1_E2
12548,4,train,0.11126971244812012,pdb_00003ri5_J_M
12549,4,train,0.5492582321166992,pdb_00005w0k_H_L
12550,4,train,0.9127691984176636,pdb_00008i5i_H_L
12551,4,train,0.5743240714073181,pdb_00004odx_A_L
12552,4,train,0.36224424839019775,pdb_00009l6c_D_F
12553,4,train,0.3718856871128082,pdb_00003b2u_N_O
12554,4,train,0.01119140349328518,pdb_00009jmc_E1_E2
12555,4,train,0.010529063642024994,pdb_00008j18_S1_S2
12556,4,train,0.899307370185852,pdb_00007whz_C_E
12557,4,train,0.018314478918910027,pdb_00009ego_S1_S2
12558,4,train,0.7857054471969604,pdb_00008hn7_B_A
12559,4,train,0.43484723567962646,pdb_00009cpu_F_G
12560,4,train,0.034862857311964035,pdb_00009jks_S1_S2
12561,4,train,0.8518285155296326,pdb_00007uvq_C_B
12562,4,train,0.22185279428958893,pdb_00003rif_I_O
12563,4,train,0.6365860104560852,pdb_00007wk0_A_B
12564,4,train,0.6815000772476196,pdb_00005xmh_D_C
12565,4,train,0.025246376171708107,pdb_00009bsb_E1_E2
12566,4,train,0.5381436347961426,pdb_00004okv_C_D
12567,4,train,0.6396264433860779,pdb_00005jz7_C_D
12568,4,train,0.5797173380851746,pdb_00004gxu_O_P
12569,4,train,0.011421355418860912,pdb_00009bqj_E1_E2
12570,4,train,0.27645695209503174,pdb_00002qr0_T_S
12571,4,train,0.8086368441581726,pdb_00008uzp_H_L
12572,4,train,0.24641120433807373,pdb_00008vgj_K_L
12573,4,train,0.7247211337089539,pdb_00007y3o_H_L
12574,4,train,0.6081326007843018,pdb_00007dpm_J_K
12575,4,train,0.5944255590438843,pdb_00009ue8_Q_R
12576,4,train,0.6095409393310547,pdb_00007ua8_H1_H2
12577,4,train,0.012964149005711079,pdb_00008iy5_E1_E2
12578,4,train,0.4735153317451477,pdb_00008jkh_M_N
12579,4,train,0.4623684287071228,pdb_00008dn6_E_F
12580,4,train,0.4188804030418396,pdb_00007zmk_P_Q
12581,4,train,0.068045474588871,pdb_00007k63_N2_N1
12582,4,train,0.5442036986351013,pdb_00005xku_C_B
12583,4,train,0.011037633754312992,pdb_00009m8l_N1_N2
12584,4,train,0.07015980035066605,pdb_00006x3w_J_I
12585,4,train,0.4269963502883911,pdb_00008hn6_A_B
12586,4,train,0.022655678912997246,pdb_00008xgo_D1_D2
12587,4,train,0.04946819692850113,pdb_00008z7j_S1_S2
12588,4,train,0.5004006624221802,pdb_00008xse_M_N
12589,4,train,0.7488121390342712,pdb_00007kn3_M_N
12590,4,train,0.34075111150741577,pdb_00003v4p_H_L
12591,4,train,0.49961695075035095,pdb_00007keo_E_F
12592,4,train,0.6843791604042053,pdb_00004ffw_D_C
12593,4,train,0.5486218333244324,pdb_00008ut2_L_K
12594,4,train,0.9990984201431274,pdb_00009zdu_H_L
12595,4,train,0.26054462790489197,pdb_00003b2u_T_U
12596,4,train,0.10033655166625977,pdb_00009zq9_I2_I1
12597,4,train,1.0206596851348877,pdb_00009ml8_H_L
12598,4,train,0.4937700033187866,pdb_00002jix_F_A
12599,4,train,0.4141150712966919,pdb_00008txu_F_K
12600,4,train,0.041684411466121674,pdb_00007u0i_N1_N2
12601,4,train,0.04193183034658432,pdb_00008ubl_N2_N1
12602,4,train,0.8561692833900452,pdb_00008hrd_W_X
12603,4,train,0.8812845349311829,pdb_00007dm2_H_L
12604,4,train,0.02220323123037815,pdb_00009u4y_S1_S2
12605,4,train,0.17497704923152924,pdb_00001ua6_H_L
12606,4,train,0.023495258763432503,pdb_00009f34_E1_E2
12607,4,train,0.1997908502817154,pdb_00007xk2_S1_S2
12608,4,train,0.014228889718651772,pdb_00008kfx_S1_S2
12609,4,train,0.056855425238609314,pdb_00006k5d_E_F
12610,4,train,0.01611996442079544,pdb_00007jhj_D1_D2
12611,4,train,1.2355228662490845,pdb_00009e3k_H_L
12612,4,train,0.4709918797016144,pdb_00006rp8_H_L
12613,4,train,0.012320871464908123,pdb_00007na8_N1_N2
12614,4,train,0.8593138456344604,pdb_00009atm_H_L
12615,4,train,0.5657373666763306,pdb_00004hg4_L_M
12616,4,train,0.3159326910972595,pdb_00004tnw_W_f
12617,4,train,0.010750777088105679,pdb_00006n4b_S1_S2
12618,4,train,0.11815181374549866,pdb_00003ri5_H_L
12619,4,train,0.036989692598581314,pdb_00007k5x_N2_N1
12620,4,train,0.024177242070436478,pdb_00007yfd_C1_C2
12621,4,train,0.6251311302185059,pdb_00008ebp_I_M
12622,4,train,0.4055110514163971,pdb_00003d9a_H_L
12623,4,train,0.6197771430015564,pdb_00006z3q_H_L
12624,4,train,0.6064920425415039,pdb_00004hg4_V_W
12625,4,train,0.7049828171730042,pdb_00008f6x_E1_E2
12626,4,train,0.013224998489022255,pdb_00008feg_F1_F2
12627,4,train,0.01151498407125473,pdb_00009o36_E1_E2
12628,4,train,0.010849377140402794,pdb_00008xbh_S1_S2
12629,4,train,0.9467183351516724,pdb_00004am0_C_D
12630,4,train,0.03265161067247391,pdb_00007k61_N2_N1
12631,4,train,1.5743690729141235,pdb_00009o7i_D_C
12632,4,train,0.01699507236480713,pdb_00009jkv_S1_S2
12633,4,train,1.4321584701538086,pdb_00005anm_B_A
12634,4,train,0.57930588722229,pdb_00005xmh_H_L
12635,4,train,0.0265656728297472,pdb_00006crk_H1_H2
12636,4,train,0.775492250919342,pdb_00009cfh_H_L
12637,4,train,0.029644925147294998,pdb_00004fg6_C_D
12638,4,train,0.7168956995010376,pdb_00008dis_A_C
12639,4,train,0.5780548453330994,pdb_00007zfc_A_B
12640,4,train,0.9792898297309875,pdb_00006ba5_D_C
12641,4,train,0.5488308072090149,pdb_00009ue8_M_N
12642,4,train,0.00952077191323042,pdb_00006wwz_S1_S2
12643,4,train,0.027232576161623,pdb_00009k3h_S1_S2
12644,4,train,0.915510892868042,pdb_00007tbf_H_L
12645,4,train,0.591952919960022,pdb_00007u9e_B1_B2
12646,4,train,0.7481540441513062,pdb_00009mtf_H_L
12647,4,train,0.07954954355955124,pdb_00008vqy_K_L
12648,4,train,1.1109938621520996,pdb_00008bcz_A_B
12649,4,train,0.8498842120170593,pdb_00009l07_H_L
12650,4,train,0.14377227425575256,pdb_00003f7v_A_B
12651,4,train,0.022615861147642136,pdb_00007vgx_S1_S2
12652,4,train,0.6114753484725952,pdb_00005w3e_E_G
12653,4,train,0.024178650230169296,pdb_00008hcq_E1_E2
12654,4,train,0.9851471781730652,pdb_00008bbo_H_L
12655,4,train,0.006916393525898457,pdb_00008xqt_S1_S2
12656,4,train,0.8037724494934082,pdb_00006gff_L_K
12657,4,train,0.9338960647583008,pdb_00006ml8_H_L
12658,4,train,0.18367591500282288,pdb_00009nz5_B_C
12659,4,train,0.35391858220100403,pdb_00007zfb_J_K
12660,4,train,0.04789193719625473,pdb_00007tct_H_L
12661,4,train,0.8253924250602722,pdb_00008gpy_E1_E2
12662,4,train,1.0106149911880493,pdb_00008fdo_A_B
12663,4,train,0.03349132463335991,pdb_00008spu_K1_K2
12664,4,train,0.5755069255828857,pdb_00001tqc_B_C
12665,4,train,0.7165228724479675,pdb_00007l0l_G_J
12666,4,train,1.042006492614746,pdb_00008tpa_H_L
12667,4,train,0.8093242645263672,pdb_00009mtm_H_L
12668,4,train,0.7421892285346985,pdb_00007xrz_B_A
12669,4,train,0.8714995384216309,pdb_00009bdi_C_D
12670,4,train,0.013026936911046505,pdb_00007ydh_E1_E2
12671,4,train,0.013446507044136524,pdb_00008vy9_D1_D2
12672,4,train,0.34711337089538574,pdb_00005u5m_B_A
12673,4,train,0.9460322260856628,pdb_00008d9y_H_G
12674,4,train,1.0903393030166626,pdb_00009mth_M_N
12675,4,train,1.4384480714797974,pdb_00009xsx_B_C
12676,4,train,0.5094929337501526,pdb_00009n7q_D_F
12677,4,train,0.05990411341190338,pdb_00008si9_K_L
12678,4,train,0.03142212703824043,pdb_00007trq_H1_H2
12679,4,train,0.8939232230186462,pdb_00009qt3_N_O
12680,4,train,0.44676029682159424,pdb_00001nby_B_A
12681,4,train,0.42874056100845337,pdb_00008bg2_A1_A2
12682,4,train,0.10716138780117035,pdb_00009nz4_D_C
12683,4,train,0.36431002616882324,pdb_00008tft_I_M
12684,4,train,0.042109955102205276,pdb_00009kft_S1_S2
12685,4,train,0.7906149625778198,pdb_00008cxh_h_l
12686,4,train,0.29149407148361206,pdb_000011oo_H_L
12687,4,train,0.8364893794059753,pdb_00002ybr_A_B
12688,4,train,0.04089018702507019,pdb_00008thl_F1_F2
12689,4,train,0.6681696176528931,pdb_00001tzi_B_A
12690,4,train,0.008888473734259605,pdb_00007db6_E1_E2
12691,4,train,0.3706991374492645,pdb_00008jkf_h_l
12692,4,train,0.678238034248352,pdb_00008smi_H_L
12693,4,train,0.031632471829652786,pdb_00002hlf_E_F
12694,4,train,0.9026098847389221,pdb_00005vqm_D_C
12695,4,train,0.7213110327720642,pdb_00008oxx_B_C
12696,4,train,0.5017960667610168,pdb_00008j1q_B_A
12697,4,train,0.8398071527481079,pdb_00008el2_H_L
12698,4,train,0.008944716304540634,pdb_00008jgb_S1_S2
12699,4,train,0.6899293661117554,pdb_00001yqv_H_L
12700,4,train,0.573366641998291,pdb_00003u30_C_B
12701,4,train,0.18892483413219452,pdb_00006zlr_HHH_LLL
12702,4,train,0.6236047744750977,pdb_00009cq4_H_L
12703,4,train,0.9080736637115479,pdb_00003o2d_H_L
12704,4,train,0.3197278678417206,pdb_00006xc4_X_Y
12705,4,train,0.6157925128936768,pdb_00007y7m_F_G
12706,4,train,0.03114171512424946,pdb_00009iza_S1_S2
12707,4,train,0.03531060367822647,pdb_00008thk_F1_F2
12708,4,train,0.011882851831614971,pdb_00008irt_E1_E2
12709,4,train,0.5180565714836121,pdb_00001tzh_B_A
12710,4,train,0.510220468044281,pdb_00008hws_D_E
12711,4,train,1.0179755687713623,pdb_00003bsz_N_M
12712,4,train,0.4614521861076355,pdb_00009hh9_E_D
12713,4,train,0.8857439756393433,pdb_00007wph_H_L
12714,4,train,0.22509600222110748,pdb_00004hjg_B_A
12715,4,train,0.03516038879752159,pdb_00008j6d_H1_H2
12716,4,train,0.04734490066766739,pdb_00008evg_N1_N2
12717,4,train,0.7857634425163269,pdb_00006woz_K_L
12718,4,train,0.5028332471847534,pdb_00007bpk_H_L
12719,4,train,0.15191227197647095,pdb_00009ouq_H_L
12720,4,train,0.01789693348109722,pdb_00006pt0_E1_E2
12721,4,train,0.4309213161468506,pdb_00008caf_B_A
12722,4,train,0.07928673177957535,pdb_00002dqj_H_L
12723,4,train,0.01673118583858013,pdb_00008xzh_S1_S2
12724,4,train,0.01634853519499302,pdb_00009vmy_E1_E2
12725,4,train,0.13840800523757935,pdb_00004lcu_A_B
12726,4,train,0.693034827709198,pdb_00009mkn_Q_R
12727,4,train,1.2269542217254639,pdb_00008g5b_J_N
12728,4,train,0.5471835732460022,pdb_00003dvg_B_A
12729,4,train,0.4888877868652344,pdb_00005wk3_S_R
12730,4,train,0.43744176626205444,pdb_00006j6y_E_F
12731,4,train,0.5642489194869995,pdb_00009cds_B_A
12732,4,train,0.0804980993270874,pdb_00006x3u_J_I
12733,4,train,0.6741008758544922,pdb_00008tpa_D_E
12734,4,train,0.7101518511772156,pdb_00007lq7_H_L
12735,4,train,0.05455269291996956,pdb_00007u9f_E_F
12736,4,train,0.8493763208389282,pdb_00007t0w_H_L
12737,4,train,0.033985499292612076,pdb_00008evh_M1_M2
12738,4,train,0.5600469708442688,pdb_00007eam_H_L
12739,4,train,0.45485830307006836,pdb_00007kmg_D_E
12740,4,train,0.5541678071022034,pdb_00008y3l_G_H
12741,4,train,0.7621986269950867,pdb_00007sd5_H_L
12742,4,train,0.7284606099128723,pdb_00008w83_I_J
12743,4,train,0.032701365649700165,pdb_00008eit_E1_E2
12744,4,train,0.042451974004507065,pdb_00007u0j_K1_K2
12745,4,train,0.07752390205860138,pdb_00009zqa_I2_I1
12746,4,train,0.49976471066474915,pdb_00006vvu_E_F
12747,4,train,0.5370520353317261,pdb_00009udq_F_A
12748,4,train,0.1156996414065361,pdb_00009ctu_D_C
12749,4,train,0.7783706784248352,pdb_00009lp1_A_B
12750,4,train,0.47758713364601135,pdb_00006p4b_B_A
12751,4,train,0.018140409141778946,pdb_00007wz4_S1_S2
12752,4,train,0.8190414905548096,pdb_00006hjp_I_J
12753,4,train,0.9625262022018433,pdb_00007lf7_A_B
12754,4,train,0.3877325654029846,pdb_00007zmk_V_W
12755,4,train,0.5088762640953064,pdb_00005x8l_H_M
12756,4,train,0.19866274297237396,pdb_00008q6j_B_A
12757,4,train,0.9371129870414734,pdb_00008w5m_H_L
12758,4,train,0.5969597697257996,pdb_00004kht_H_L
12759,4,train,0.3101789951324463,pdb_00005aaw_F1_F2
12760,4,train,1.5131746530532837,pdb_00007m3l_B_C
12761,4,train,0.7746273875236511,pdb_00009b2m_J_K
12762,4,train,0.04824664816260338,pdb_00008ubj_N2_N1
12763,4,train,0.6369777321815491,pdb_00009og1_B_C
12764,4,train,0.13407190144062042,pdb_00003nif_E_F
12765,4,train,0.6472150683403015,pdb_00006hxw_H_L
12766,4,train,0.40369436144828796,pdb_00009wsx_H_L
12767,4,train,0.6138038635253906,pdb_00003eoa_B_A
12768,4,train,0.10571447014808655,pdb_00006zlr_FFF_GGG
12769,4,train,0.05285310372710228,pdb_00006ada_E_F
12770,4,train,0.5148966908454895,pdb_00008zd5_B_C
12771,4,train,0.19871939718723297,pdb_00004tnw_J_M
12772,4,train,0.3525443971157074,pdb_00005yoy_R_O
12773,4,train,0.3299292027950287,pdb_00009hhr_L_H
12774,4,train,0.6637303829193115,pdb_00008v5v_b_d
12775,4,train,0.05420298129320145,pdb_00001k4d_A_B
12776,4,train,0.0173274427652359,pdb_00009w49_S1_S2
12777,4,train,1.0118567943572998,pdb_00008p12_H_L
12778,4,train,0.4785822629928589,pdb_00007klg_I_M
12779,4,train,0.03719300776720047,pdb_00007k5y_M2_M1
12780,4,train,0.029432104900479317,pdb_00002h2p_E_F
12781,4,train,0.7968900799751282,pdb_00008dwy_X_W
12782,4,train,0.7628281712532043,pdb_00006mlm_E_I
12783,4,train,0.03997577354311943,pdb_00003ze2_H_L
12784,4,train,0.010932857170701027,pdb_00008jlj_S1_S2
12785,4,train,0.643719494342804,pdb_00005jz7_G_I
12786,4,train,0.05112048611044884,pdb_00002vdr_H_L
12787,4,train,1.194487452507019,pdb_00007xh8_B_C
12788,4,train,0.03951340168714523,pdb_000022es_E1_E2
12789,4,train,0.02565213292837143,pdb_00008yn9_E1_E2
12790,4,train,0.011082055978477001,pdb_00007exd_E1_E2
12791,4,train,0.6575053930282593,pdb_00003wd5_H_L
12792,4,train,0.010994966141879559,pdb_00009iqt_E1_E2
12793,4,train,0.3056251108646393,pdb_00007x1m_C_D
12794,4,train,0.909282922744751,pdb_00008e8r_H_L
12795,4,train,0.04323963820934296,pdb_00007uh8_E_F
12796,4,train,1.179431676864624,pdb_00008cz5_H_L
12797,4,train,0.49181655049324036,pdb_00005x8l_S_N
12798,4,train,0.024794569239020348,pdb_00006ad8_E_F
12799,4,train,0.5994215607643127,pdb_00008zd6_E_F
12800,4,train,0.618896484375,pdb_00007sco_J_K
12801,4,train,0.01719159632921219,pdb_00009v0x_E1_E2
12802,4,train,0.8404572010040283,pdb_00008gy5_H_L
12803,4,train,0.733435869216919,pdb_00008rrn_C_D
12804,4,train,0.009357268922030926,pdb_00007wu9_S1_S2
12805,4,train,0.028335291892290115,pdb_00007ejk_H1_H2
12806,4,train,0.6161084771156311,pdb_00009mkn_H_L
12807,4,train,0.019982988014817238,pdb_00008x2k_E1_E2
12808,4,train,0.4604160487651825,pdb_00007wsi_H_L
12809,4,train,0.8681488633155823,pdb_00006d0u_H_I
12810,4,train,0.5663026571273804,pdb_00006iap_E_D
12811,4,train,0.47657954692840576,pdb_00007kmg_A_B
12812,4,train,0.08568577468395233,pdb_00009nz4_F_E
12813,4,train,0.557763397693634,pdb_00007mem_I_K
12814,4,train,0.11233219504356384,pdb_00009our_H_L
12815,4,train,0.020519545301795006,pdb_00008xjk_E1_E2
12816,4,train,0.6289286613464355,pdb_00008vgm_E_F
12817,4,train,0.5435805916786194,pdb_00009b2m_E_F
12818,4,train,0.020273182541131973,pdb_00008fx5_H1_H2
12819,4,train,0.6810703873634338,pdb_00007d6i_B_C
12820,4,train,0.02639012224972248,pdb_00009jid_S1_S2
12821,4,train,0.014805709943175316,pdb_00008gus_S1_S2
12822,4,train,0.32528260350227356,pdb_00008as0_T_S
12823,4,train,0.6631672978401184,pdb_00009os5_I_L
12824,4,train,0.5207062363624573,pdb_00007jum_J1_J2
12825,4,train,0.3116375505924225,pdb_00006txz_K_O
12826,4,train,0.91997230052948,pdb_00009ml8_M_N
12827,4,train,0.4975019097328186,pdb_00007xei_C_D
12828,4,train,0.02623259834945202,pdb_00008spu_N1_N2
12829,4,train,1.0153849124908447,pdb_00009cci_B_C
12830,4,train,0.07323823869228363,pdb_00003a6b_H_L
12831,4,train,0.7306416034698486,pdb_00008eed_E_F
12832,4,train,0.020906802266836166,pdb_00009izg_S1_S2
12833,4,train,1.1288163661956787,pdb_00006gv1_H_L
12834,4,train,0.5249114632606506,pdb_00003s37_H_L
12835,4,train,0.014865966513752937,pdb_00008h0p_E1_E2
12836,4,train,0.5078974962234497,pdb_00003dvn_B_A
12837,4,train,0.5191637277603149,pdb_00008v5v_c_e
12838,4,train,0.769096851348877,pdb_00001bvk_E_D
12839,4,train,0.7332863211631775,pdb_00003klh_D_C
12840,4,train,0.7670506238937378,pdb_00006uig_H_L
12841,4,train,0.46094661951065063,pdb_00005w3o_D_E
12842,4,train,0.3245866596698761,pdb_00007c01_H_L
12843,4,train,0.5663068890571594,pdb_00008jqn_h_l
12844,4,train,0.15096254646778107,pdb_00006z2m_H_L
12845,4,train,0.009564981795847416,pdb_00007w57_E1_E2
12846,4,train,0.7018346786499023,pdb_00007l0l_I_K
12847,4,train,1.0341416597366333,pdb_00006suz_H_L
12848,4,train,0.1860540807247162,pdb_00004tnw_H_L
12849,4,train,0.22524894773960114,pdb_00006vmk_M_L
12850,4,train,0.1336991935968399,pdb_00008ihj_S1_S2
12851,4,train,0.6965281367301941,pdb_00006xq4_E_F
12852,4,train,0.6315812468528748,pdb_00006cyf_M_L
12853,4,train,0.5045446753501892,pdb_00009pw4_C_D
12854,4,train,0.21374483406543732,pdb_00005u6a_B_A
12855,4,train,0.8816542625427246,pdb_00009t5z_H_L
12856,4,train,0.6022874712944031,pdb_00007xda_B_C
12857,4,train,0.4334264397621155,pdb_00008dwy_H_L
12858,4,train,0.9581971168518066,pdb_00007lg6_K_N
12859,4,train,0.03899431973695755,pdb_00008t3s_N1_N2
12860,4,train,0.01888969913125038,pdb_00009m8k_N1_N2
12861,4,train,0.6561097502708435,pdb_00004v1d_A_B
12862,4,train,0.6401993036270142,pdb_00007ttm_H_L
12863,4,train,0.009487437084317207,pdb_00007yk6_S1_S2
12864,4,train,0.030353182926774025,pdb_00008efb_E1_E2
12865,4,train,0.10534515976905823,pdb_00007vgs_D_C
12866,4,train,0.6735666990280151,pdb_00006k7o_H_L
12867,4,train,0.009690488688647747,pdb_00008jbg_E1_E2
12868,4,train,0.38637590408325195,pdb_00008ulf_J_N
12869,4,train,0.8512823581695557,pdb_00006ww5_C_D
12870,4,train,0.17216849327087402,pdb_00002dqe_H_L
12871,4,train,0.5426059365272522,pdb_00001mlc_D_C
12872,4,train,0.032491277903318405,pdb_00008ejc_E1_E2
12873,4,train,0.02686302736401558,pdb_00007vih_E1_E2
12874,4,train,0.012510784901678562,pdb_00007wy0_C1_C2
12875,4,train,0.5611646771430969,pdb_00009n4f_H_L
12876,4,train,0.02346101962029934,pdb_00007kh0_S1_S2
12877,4,train,0.00821540504693985,pdb_00009oxa_D1_D2
12878,4,train,0.039820581674575806,pdb_00009cm7_N1_N2
12879,4,train,0.27114006876945496,pdb_00002qr0_R_Q
12880,4,train,1.2318744659423828,pdb_00008tnn_J_I
12881,4,train,0.0309308934956789,pdb_00008wwm_E1_E2
12882,4,train,0.5988386273384094,pdb_00008cn9_G_F
12883,4,train,1.2908451557159424,pdb_00008v2e_A_B
12884,4,train,0.6386998295783997,pdb_00008rmx_B_C
12885,4,train,0.34306156635284424,pdb_00008i0n_I_M
12886,4,train,0.02386307530105114,pdb_00009izc_S1_S2
12887,4,train,0.6054664850234985,pdb_00001j5o_H_L
12888,4,train,0.04821045324206352,pdb_00008ubl_M2_M1
12889,4,train,0.6642467379570007,pdb_00001fsk_C_B
12890,4,train,0.7854846119880676,pdb_00008ol9_B_A
12891,4,train,0.017750784754753113,pdb_00008sai_S1_S2
12892,4,train,0.8916207551956177,pdb_00008zre_H_L
12893,4,train,0.7958341836929321,pdb_00009ma7_F_G
12894,4,train,0.30703336000442505,pdb_00007c01_C_D
12895,4,train,0.6816052198410034,pdb_00009f91_A_B
12896,4,train,0.605272114276886,pdb_00006dkj_H_L
12897,4,train,0.028287887573242188,pdb_00007k63_M2_M1
12898,4,train,1.2156788110733032,pdb_00007ezv_H_L
12899,4,train,0.7916254997253418,pdb_00009jeb_A1_A2
12900,4,train,0.6336424350738525,pdb_00008xsj_H_L
12901,4,train,1.0511828660964966,pdb_00004ki5_C_D
12902,4,train,0.6160629987716675,pdb_00007lq7_F_G
12903,4,train,0.3204372227191925,pdb_00007xeg_C_D
12904,4,train,0.42310604453086853,pdb_00006txz_H_L
12905,4,train,0.012265044264495373,pdb_00007s8m_E1_E2
12906,4,train,0.04775450378656387,pdb_00007tpd_E_F
12907,4,train,1.042478084564209,pdb_00009mtg_M_N
12908,4,train,0.8880619406700134,pdb_00009yyu_H_L
12909,4,train,1.1139665842056274,pdb_00007uzd_H_L
12910,4,train,0.828235387802124,pdb_00008vte_D_C
12911,4,train,0.04038645699620247,pdb_00008h8j_H1_H2
12912,4,train,0.6589314937591553,pdb_00004hg4_J_K
12913,4,train,0.8502027988433838,pdb_00002w9e_H_L
12914,4,train,0.3561764359474182,pdb_00003ri5_I_O
12915,4,train,0.5152353048324585,pdb_00007t3d_K_N
12916,4,train,0.3273845314979553,pdb_00008as2_H_L
12917,4,train,0.032929882407188416,pdb_00007trk_H1_H2
12918,4,train,0.3590473234653473,pdb_00007kfv_H_L
12919,4,train,0.037009045481681824,pdb_00008jjp_S1_S2
12920,4,train,0.013536551035940647,pdb_00007w2z_S1_S2
12921,4,train,0.7457683682441711,pdb_00006wtu_B_C
12922,4,train,0.7752313613891602,pdb_00008bg1_G_H
12923,4,train,0.804039478302002,pdb_00008u44_V_X
12924,4,train,0.9379832148551941,pdb_00009f90_A_B
12925,4,train,0.21103239059448242,pdb_00002qr0_N_M
12926,4,train,0.7299512028694153,pdb_00007f3q_C_B
12927,4,train,0.010567566379904747,pdb_00007t6v_E1_E2
12928,4,train,0.11015811562538147,pdb_00007m2j_A_B
12929,4,train,0.14614589512348175,pdb_00008vgi_J_I
12930,4,train,0.9201741814613342,pdb_00003lh2_K_O
12931,4,train,0.9546135663986206,pdb_00009h4r_H_L
12932,4,train,0.4273618161678314,pdb_00009jy3_R_Q
12933,4,train,0.8295336365699768,pdb_00004xhj_D_C
12934,4,train,0.02471025660634041,pdb_00008jsr_C1_C2
12935,4,train,0.44295063614845276,pdb_00008jkh_m_n
12936,4,train,0.9319296479225159,pdb_00008ezk_H1_H2
12937,4,train,0.44336897134780884,pdb_00004tsb_H_L
12938,4,train,0.47334110736846924,pdb_00001tpx_B_C
12939,4,train,0.7748855352401733,pdb_00003bn9_F_E
12940,4,train,0.07361552119255066,pdb_00002fed_C_D
12941,4,train,0.025805484503507614,pdb_00008y73_E1_E2
12942,4,train,0.9990026354789734,pdb_00008tnn_H_G
12943,4,train,0.7501919269561768,pdb_00008dwx_Z_Y
12944,4,train,0.6570261716842651,pdb_00008jqm_M_N
12945,4,train,0.30742689967155457,pdb_00008elo_H_L
12946,4,train,0.046943340450525284,pdb_00006e0p_N1_N2
12947,4,train,0.9456011056900024,pdb_00008zpq_A_B
12948,4,train,0.10119011998176575,pdb_00002dqi_H_L
12949,4,train,1.034125566482544,pdb_00008w5f_H_L
12950,4,train,0.009177916683256626,pdb_00008j19_S1_S2
12951,4,train,0.7360571026802063,pdb_00006wtu_K_L
12952,4,train,0.5849820971488953,pdb_00007rxl_C_D
12953,4,train,0.6195386648178101,pdb_00004np4_I_M
12954,4,train,0.019956758245825768,pdb_00008xxr_S1_S2
12955,4,train,0.0463281124830246,pdb_00002bob_A_B
12956,4,train,0.5905861258506775,pdb_00009n8j_F_G
12957,4,train,0.015678076073527336,pdb_00008xx6_S1_S2
12958,4,train,0.6009700298309326,pdb_00001jhl_H_L
12959,4,train,0.02602068893611431,pdb_00009jr2_S1_S2
12960,4,train,0.5998471975326538,pdb_00007sk8_D_C
12961,4,train,0.5799264907836914,pdb_00007sco_E_F
12962,4,train,0.4743250608444214,pdb_00008eoo_H_L
12963,4,train,0.3481810688972473,pdb_00009hh9_G_F
12964,4,train,0.4598618745803833,pdb_00007ws7_G_F
12965,4,train,0.04433911293745041,pdb_00006e0p_M1_M2
12966,4,train,0.03245629370212555,pdb_00003nig_E_F
12967,4,train,0.012072243727743626,pdb_00008z8b_S1_S2
12968,4,train,0.6427664160728455,pdb_00008y3h_G_H
12969,4,train,0.5390104651451111,pdb_00007ubs_H1_H2
12970,4,train,0.046346042305231094,pdb_00002ht3_E_F
12971,4,train,0.014713560231029987,pdb_00008y45_S1_S2
12972,4,train,0.6207800507545471,pdb_00006ban_H_G
12973,4,train,1.0768063068389893,pdb_00002r56_I_M
12974,4,train,0.39287102222442627,pdb_00008f2j_D_F
12975,4,train,0.8329936265945435,pdb_00007t0z_H_L
12976,4,train,0.3188571333885193,pdb_00009cpw_C_D
12977,4,train,0.013591923750936985,pdb_00009vje_E1_E2
12978,4,train,0.03179090470075607,pdb_00007w53_E1_E2
12979,4,train,0.7197978496551514,pdb_00008hpu_H_L
12980,4,train,1.1488289833068848,pdb_00007rxp_H_L
12981,4,train,0.8057183027267456,pdb_00008xcd_H_L
12982,4,train,0.6682348251342773,pdb_00009vfu_E_F
12983,4,train,0.008717462420463562,pdb_00006omm_E1_E2
12984,4,train,0.7241215109825134,pdb_00006woz_E_F
12985,4,train,0.05654764175415039,pdb_00008sps_N1_N2
12986,4,train,1.4260214567184448,pdb_00008s72_X_Y
12987,4,train,0.008195271715521812,pdb_00008hsc_S1_S2
12988,4,train,0.6910344958305359,pdb_00007m7w_E_F
12989,4,train,0.18356074392795563,pdb_00004tnw_G_K
12990,4,train,0.7285662889480591,pdb_00007rk1_C1_C2
12991,4,train,0.40446409583091736,pdb_00007zfe_F_G
12992,4,train,1.097360610961914,pdb_00001osp_H_L
12993,4,train,0.4823495149612427,pdb_00007rk2_D1_D2
12994,4,train,1.267319679260254,pdb_00009e3k_J_K
12995,4,train,1.1369855403900146,pdb_00006s3d_E_F
12996,4,train,0.5853322744369507,pdb_00009huo_C_D
12997,4,train,0.43513160943984985,pdb_00007qnx_H_L
12998,4,train,0.11224328726530075,pdb_00002dqh_H_L
12999,4,train,0.08884553611278534,pdb_00008z65_S1_S2
13000,4,train,0.8289897441864014,pdb_00005h35_F_G
13001,4,train,0.04176512360572815,pdb_00008xxh_S1_S2
13002,4,train,0.44565126299858093,pdb_00007x1m_H_L
13003,4,train,0.03484980762004852,pdb_00008i7w_E1_E2
13004,4,train,0.01485711894929409,pdb_00007s8n_E1_E2
13005,4,train,0.9874817132949829,pdb_00008k5g_H_L
13006,4,train,0.009737520478665829,pdb_00007euo_S1_S2
13007,4,train,0.22199688851833344,pdb_00008j24_G1_G2
13008,4,train,0.009807519614696503,pdb_00007y12_S1_S2
13009,4,train,0.4993145763874054,pdb_00001ors_B_A
13010,4,train,0.032409969717264175,pdb_00004fg6_E_F
13011,4,train,0.01125269290059805,pdb_00008hnl_S1_S2
13012,4,train,0.7663931250572205,pdb_00008f6x_F1_F2
13013,4,train,0.01301567628979683,pdb_00009le1_S1_S2
13014,4,train,0.6253858208656311,pdb_00007t87_H_L
13015,4,train,0.011052980087697506,pdb_00009ydv_E1_E2
13016,4,train,0.7405816912651062,pdb_00007w71_I_M
13017,4,train,1.060707926750183,pdb_00007tp3_H_L
13018,4,train,0.009680339135229588,pdb_00009izh_S1_S2
13019,4,train,0.33434605598449707,pdb_00001xgu_B_A
13020,4,train,0.6713229417800903,pdb_00007ycn_H_I
13021,4,train,0.5007712244987488,pdb_00009n4f_M_N
13022,4,train,0.03469309210777283,pdb_00008y71_E1_E2
13023,4,train,0.007918952032923698,pdb_00007v68_S1_S2
13024,4,train,0.04909295216202736,pdb_00009j0i_S1_S2
13025,4,train,0.8612203598022461,pdb_00008da1_B_A
13026,4,train,0.01918657496571541,pdb_00009k07_E1_E2
13027,4,train,0.4088428318500519,pdb_00007kfx_H_L
13028,4,train,0.8175771236419678,pdb_00006ogx_C_D
13029,4,train,1.084851622581482,pdb_00008jin_B2_B1
13030,4,train,0.6938090324401855,pdb_00009os5_H_K
13031,4,train,0.8537401556968689,pdb_00001p2c_B_A
13032,4,train,0.05523071810603142,pdb_00008iw9_S1_S2
13033,4,train,0.009551825933158398,pdb_00009kpe_S1_S2
13034,4,train,0.0737062618136406,pdb_00009kt9_E1_E2
13035,4,train,0.34683966636657715,pdb_00008as0_E_D
13036,4,train,0.6176748275756836,pdb_00008sxp_H_L
13037,4,train,0.2881988286972046,pdb_00009jy1_P_O
13038,4,train,0.5667411684989929,pdb_00009cpv_H_L
13039,4,train,0.6456609964370728,pdb_00009f91_E_F
13040,4,train,0.7520790696144104,pdb_00009mq9_J_N
13041,4,train,0.06689169257879257,pdb_00008evi_N1_N2
13042,4,train,0.5469449162483215,pdb_00002x7l_J_K
13043,4,train,0.057513512670993805,pdb_00002vdn_H_L
13044,4,train,0.06442718952894211,pdb_00007udh_E_F
13045,4,train,0.49039730429649353,pdb_00004hg4_X_Y
13046,4,train,0.09877420961856842,pdb_00007e32_E1_E2
13047,4,train,0.7920596599578857,pdb_00008suo_I_M
13048,4,train,0.023887282237410545,pdb_00008i7v_E1_E2
13049,4,train,0.026375195011496544,pdb_00008f7r_E1_E2
13050,4,train,0.6088910102844238,pdb_00003rif_F_N
13051,4,train,0.20118127763271332,pdb_00009cpu_H_L
13052,4,train,0.5112693905830383,pdb_00006pe9_E_F
13053,4,train,0.03207876905798912,pdb_00008x17_H1_H2
13054,4,train,0.020889095962047577,pdb_00007ts0_H1_H2
13055,4,train,0.027357932180166245,pdb_00007u0g_O1_O2
13056,4,train,0.6681435704231262,pdb_00007wvd_I_J
13057,4,train,0.031173404306173325,pdb_00002ht4_E_F
13058,4,train,0.019914858043193817,pdb_00008jxv_E1_E2
13059,4,train,0.6897712349891663,pdb_00002vis_B_A
13060,4,train,0.6380695104598999,pdb_00009lae_A_B
13061,4,train,0.2207244336605072,pdb_00008cwv_H_L
13062,4,train,0.6307207345962524,pdb_00006jod_H_L
13063,4,train,0.5087217092514038,pdb_00008zh7_B_C
13064,4,train,0.36581185460090637,pdb_00007cjf_A_B
13065,4,train,0.014781794510781765,pdb_00007ew2_S1_S2
13066,4,train,1.0228232145309448,pdb_00005gs0_F_E
13067,4,train,0.9221199750900269,pdb_00006ocb_H_L
13068,4,train,0.43918123841285706,pdb_00007x66_H_L
13069,4,train,0.02912251465022564,pdb_00007w40_H1_H2
13070,4,train,0.9677351117134094,pdb_00006jep_H_L
13071,4,train,0.4883511960506439,pdb_00002yss_B_A
13072,4,train,0.9244136214256287,pdb_00007rr0_B_C
13073,4,train,0.5867626667022705,pdb_00009j9z_H_L
13074,4,train,0.027568651363253593,pdb_00008w8r_S1_S2
13075,4,train,0.4938126802444458,pdb_00008vgl_H_L
13076,4,train,0.012184812687337399,pdb_00007vuy_S1_S2
13077,4,train,0.08649984002113342,pdb_00003stz_A_B
13078,4,train,0.706077516078949,pdb_00007c81_H_L
13079,4,train,0.6384897828102112,pdb_00005wko_I_J
13080,4,train,0.6318784356117249,pdb_00003eo1_H_G
13081,4,train,0.01908763311803341,pdb_00009jed_S1_S2
13082,4,train,0.06416794657707214,pdb_00002htk_C_D
13083,4,train,0.8011896014213562,pdb_00009ebc_G_H
13084,4,train,0.7934014201164246,pdb_00007y3n_H_L
13085,4,train,1.6000311374664307,pdb_00006osh_H_L
13086,4,train,0.5227571129798889,pdb_00005x8m_B_C
13087,4,train,0.15868858993053436,pdb_00008elq_H_L
13088,4,train,0.4504767656326294,pdb_00008go8_H_L
13089,4,train,0.026642106473445892,pdb_00006k41_H1_H2
13090,4,train,0.5480718612670898,pdb_00009mqa_J_N
13091,4,train,0.9406709671020508,pdb_00009mic_H_L
13092,4,train,0.0723351314663887,pdb_00008vrn_K_L
13093,4,train,0.0140040572732687,pdb_00007rbt_E1_E2
13094,4,train,0.044211309403181076,pdb_00002vdp_H_L
13095,4,train,0.6184190511703491,pdb_00003v6z_A_B
13096,4,train,0.016354652121663094,pdb_00008hcx_E1_E2
13097,4,train,0.01557455025613308,pdb_00007u2l_E1_E2
13098,4,train,1.0239611864089966,pdb_00008r8k_H_L
13099,4,train,0.0670718103647232,pdb_00008z3q_S1_S2
13100,4,train,0.6464508175849915,pdb_00009mkn_J_N
13101,4,train,0.8286270499229431,pdb_00007x2w_H_L
13102,4,train,0.05427252873778343,pdb_00009v1h_E1_E2
13103,4,train,0.014364238828420639,pdb_00007v69_S1_S2
13104,4,train,0.07157726585865021,pdb_00006x3t_J_I
13105,4,train,0.011774440295994282,pdb_00008ef6_E1_E2
13106,4,train,0.018023166805505753,pdb_00008fn0_E1_E2
13107,4,train,0.6803125739097595,pdb_00007pry_H_L
13108,4,train,0.6111348867416382,pdb_00009lho_I_H
13109,4,train,0.009769306518137455,pdb_00007e9g_D1_D2
13110,4,train,1.0454139709472656,pdb_00005lsp_S_T
13111,4,train,0.7871478796005249,pdb_00007det_D1_D2
13112,4,train,0.7001978754997253,pdb_00008dwx_V_U
13113,4,train,0.38223785161972046,pdb_00008wo4_B_A
13114,4,train,0.3636592626571655,pdb_00008jkf_H_L
13115,4,train,0.8291389346122742,pdb_00006ba5_B_A
13116,4,train,0.47813475131988525,pdb_00009wb3_B_C
13117,4,train,0.013875728473067284,pdb_00009ijd_D1_D2
13118,4,train,0.06130620092153549,pdb_00002htk_E_F
13119,4,train,1.5148322582244873,pdb_00003h3b_C2_C1
13120,4,train,0.03015815280377865,pdb_00002htl_C_D
13121,4,train,0.012036068364977837,pdb_00007t6b_E1_E2
13122,4,train,0.6061930060386658,pdb_00006k7o_D_E
13123,4,train,0.009044133126735687,pdb_00008ghv_S1_S2
13124,4,train,0.0957532450556755,pdb_00006dzt_M1_M2
13125,4,train,0.22489146888256073,pdb_00009ouo_J_K
13126,4,train,0.333333820104599,pdb_00007kfw_C_D
13127,4,train,0.909401535987854,pdb_00006t9e_AAA_BBB
13128,4,train,0.4240506887435913,pdb_00008zh7_H_I
13129,4,train,0.6281716823577881,pdb_00007l7e_O_P
13130,4,train,0.5281338095664978,pdb_00007lop_X_Y
13131,4,train,0.17684496939182281,pdb_00008ihb_S1_S2
13132,4,train,0.08900544047355652,pdb_00009nz5_F_E
13133,4,train,0.04020088165998459,pdb_00009jky_S1_S2
13134,4,train,0.6098476052284241,pdb_00009b82_R_Q
13135,4,train,0.7022517919540405,pdb_00006oc3_A_B
13136,4,train,0.46027639508247375,pdb_00001vfb_B_A
13137,4,train,0.6601793766021729,pdb_00006n5b_H_L
13138,4,train,0.561486005783081,pdb_00008hq7_M_N
13139,4,train,0.6046196818351746,pdb_00003fku_Y1_Y2
13140,4,train,0.2974609434604645,pdb_00006ba5_H_G
13141,4,train,1.021083950996399,pdb_00008gpu_F_G
13142,4,train,0.04737033322453499,pdb_00008hoc_S1_S2
13143,4,train,0.08664921671152115,pdb_00008zd1_S1_S2
13144,4,train,0.06084169074892998,pdb_00008j20_B1_B2
13145,4,train,0.0651559978723526,pdb_00009nz3_D_C
13146,4,train,0.5448092818260193,pdb_00007rk1_D1_D2
13147,4,train,1.1758878231048584,pdb_00006xq0_E_F
13148,4,train,0.7130634784698486,pdb_00009cct_C_B
13149,4,train,0.6725729703903198,pdb_00008dis_B_G
13150,4,train,0.7904951572418213,pdb_00007fcp_B_D
13151,4,train,0.975800633430481,pdb_00009oap_H_L
13152,4,train,0.5010855793952942,pdb_00006n5d_L_N
13153,4,train,0.04420101270079613,pdb_00008ia8_S1_S2
13154,4,train,0.08432808518409729,pdb_00008vfx_N2_N1
13155,4,train,0.01991095021367073,pdb_00008jii_S1_S2
13156,4,train,0.09249421954154968,pdb_00008sgo_K_L
13157,4,train,0.03111056238412857,pdb_00008xxx_S1_S2
13158,4,train,0.03525703027844429,pdb_00002exy_E_F
13159,4,train,0.034261174499988556,pdb_00008xqf_S1_S2
13160,4,train,0.012549091130495071,pdb_00008yh2_S1_S2
13161,4,train,0.5568782091140747,pdb_00004h88_H_L
13162,4,train,0.04800444841384888,pdb_00008vfx_M2_M1
13163,4,train,0.03749730810523033,pdb_00006x3u_K_L
13164,4,train,0.021895242854952812,pdb_00008j6j_H1_H2
13165,4,train,1.2217166423797607,pdb_00008p5m_G_L
13166,4,train,0.0674622654914856,pdb_00009ns9_N1_N2
13167,4,train,0.010372927412390709,pdb_00008guq_S1_S2
13168,4,train,0.050051044672727585,pdb_00007l8p_E_F
13169,4,train,0.36091673374176025,pdb_00006n5d_C_D
13170,4,train,0.6812109351158142,pdb_00008oz3_A_B
13171,4,train,0.3916504383087158,pdb_00007kmh_A_B
13172,4,train,0.6611279249191284,pdb_00001bvk_B_A
13173,4,train,0.04326597973704338,pdb_00003zdz_E_F
13174,4,train,0.3681274652481079,pdb_00003fku_Z1_Z2
13175,4,train,1.2115857601165771,pdb_00006bpc_B_C
13176,4,train,0.42997613549232483,pdb_00007xei_E_F
13177,4,train,0.5189052820205688,pdb_00007rxl_H_L
13178,4,train,0.6056986451148987,pdb_00004dkf_I_M
13179,4,train,0.5610865950584412,pdb_00006ii4_E_F
13180,4,train,0.03175995126366615,pdb_00007w3z_H1_H2
13180,4,train_epoch,0.4813482599362607,
13180,4,validation,0.9494331325545455,
13181,5,train,1.0937139987945557,pdb_00009y41_H_L
13182,5,train,0.5655900239944458,pdb_00009ctw_D_C
13183,5,train,0.5515899062156677,pdb_00007lq7_F_G
13184,5,train,0.05803348124027252,pdb_00009ipv_S1_S2
13185,5,train,0.6246393918991089,pdb_00007dk2_D_E
13186,5,train,0.05275465175509453,pdb_00003fb6_A_B
13187,5,train,0.4200214743614197,pdb_00007rxl_H_L
13188,5,train,0.7123010158538818,pdb_00007f3q_C_B
13189,5,train,1.0297542810440063,pdb_00009ma7_D_E
13190,5,train,0.8986353874206543,pdb_00007ykj_A_D
13191,5,train,0.49052149057388306,pdb_00007ws7_G_F
13192,5,train,0.974137008190155,pdb_00008khd_H_J
13193,5,train,0.6570921540260315,pdb_00003fmg_H_L
13194,5,train,0.16497206687927246,pdb_00006w0f_A_B
13195,5,train,0.875882089138031,pdb_00009c0v_H_L
13196,5,train,0.7413098812103271,pdb_00008pwh_D_C
13197,5,train,0.022859562188386917,pdb_00002fed_E_F
13198,5,train,0.3535345196723938,pdb_00008zh7_K_L
13199,5,train,0.9297569394111633,pdb_00007kqh_C_D
13200,5,train,0.5518249869346619,pdb_00002fjh_B_A
13201,5,train,0.025142129510641098,pdb_00007dw9_S1_S2
13202,5,train,0.6593376994132996,pdb_00008jio_C_B
13203,5,train,1.1385704278945923,pdb_00006oel_H_L
13204,5,train,0.5677049160003662,pdb_00007pry_H_L
13205,5,train,0.9132028222084045,pdb_00006xq0_B_C
13206,5,train,0.2847141623497009,pdb_00008jkf_H_L
13207,5,train,0.10806615650653839,pdb_00008si9_J_I
13208,5,train,0.5007843971252441,pdb_00009udq_F_A
13209,5,train,0.023487553000450134,pdb_00003ejy_E_F
13210,5,train,0.18696001172065735,pdb_00008vgi_K_L
13211,5,train,0.4388408660888672,pdb_00001tqc_B_C
13212,5,train,0.25680869817733765,pdb_00006vmk_H_G
13213,5,train,0.5743049383163452,pdb_00008u44_V_X
13214,5,train,0.04971656948328018,pdb_00009p0m_F1_F2
13215,5,train,0.02119186520576477,pdb_00007ydh_E1_E2
13216,5,train,0.5165016055107117,pdb_00008y3h_I_J
13217,5,train,0.5273545980453491,pdb_00001fdl_H_L
13218,5,train,0.6657739281654358,pdb_00009n8j_H_I
13219,5,train,0.37518009543418884,pdb_00008bcz_C_D
13220,5,train,0.5382954478263855,pdb_00007cdj_H_L
13221,5,train,0.020629053935408592,pdb_00008x2k_E1_E2
13222,5,train,0.3224654793739319,pdb_00007x2k_H_L
13223,5,train,0.029660576954483986,pdb_00009p0k_F1_F2
13224,5,train,0.7165907025337219,pdb_00006wtv_E_F
13225,5,train,0.36772772669792175,pdb_00008y3k_G_H
13226,5,train,0.016419829800724983,pdb_00009m2f_S1_S2
13227,5,train,0.8991715908050537,pdb_00007fcp_H_L
13228,5,train,0.14125987887382507,pdb_00006e0c_M1_M2
13229,5,train,0.2970706820487976,pdb_00006bah_B_A
13230,5,train,0.16570860147476196,pdb_00006b9y_B_A
13231,5,train,0.02676204778254032,pdb_00002ht2_C_D
13232,5,train,0.03793216496706009,pdb_00002vdo_H_L
13233,5,train,0.6979238986968994,pdb_00007rku_J_K
13234,5,train,0.021404433995485306,pdb_00007aue_S1_S2
13235,5,train,0.6144347190856934,pdb_00009ebc_I_J
13236,5,train,1.080897331237793,pdb_00004ubd_G_H
13237,5,train,0.022023355588316917,pdb_00009m1o_S1_S2
13238,5,train,0.6518030166625977,pdb_00008cn9_B_A
13239,5,train,0.036600638180971146,pdb_00007yj4_S1_S2
13240,5,train,0.692348837852478,pdb_00007x6o_J_L
13241,5,train,0.4504374861717224,pdb_00006ii4_E_F
13242,5,train,0.6184916496276855,pdb_00004n90_F_G
13243,5,train,0.5649327039718628,pdb_00007xda_D_E
13244,5,train,0.4390224814414978,pdb_00009b82_N_M
13245,5,train,0.521048367023468,pdb_00008dwy_H_L
13246,5,train,0.5840802788734436,pdb_00007d85_B_C
13247,5,train,0.016006547957658768,pdb_00008ia7_E1_E2
13248,5,train,0.047394465655088425,pdb_00007uh8_E_F
13249,5,train,0.7558658719062805,pdb_00009y0e_A_B
13250,5,train,0.04713984951376915,pdb_00007xms_S1_S2
13251,5,train,0.49679693579673767,pdb_00009mkn_I_M
13252,5,train,0.6145656108856201,pdb_00007xj9_G_F
13253,5,train,0.5242891311645508,pdb_00009q71_I_J
13254,5,train,0.62052321434021,pdb_00004hj0_C_D
13255,5,train,0.5877661108970642,pdb_00007ley_H_I
13256,5,train,0.6498357057571411,pdb_00009b2m_H_L
13257,5,train,0.02258993685245514,pdb_00008rql_S1_S2
13258,5,train,0.04361266642808914,pdb_00008dd3_J_I
13259,5,train,0.3961503803730011,pdb_00008i0n_H_L
13260,5,train,0.01759573258459568,pdb_00006os9_D1_D2
13261,5,train,0.8101510405540466,pdb_00002ybr_G_H
13262,5,train,0.5467522144317627,pdb_00007ubs_J1_J2
13263,5,train,0.5660822987556458,pdb_00008jel_I_K
13264,5,train,0.36881449818611145,pdb_00004n90_D_E
13265,5,train,0.02193981222808361,pdb_00008gur_S1_S2
13266,5,train,0.49666446447372437,pdb_00007rks_I_M
13267,5,train,1.4733752012252808,pdb_00008c7h_L_K
13268,5,train,0.08192262053489685,pdb_00009ouo_H_L
13269,5,train,0.46704185009002686,pdb_00004odx_A_L
13270,5,train,0.444023460149765,pdb_00008wpy_H_L
13271,5,train,0.021983595564961433,pdb_00007p00_H1_H2
13272,5,train,0.6998621225357056,pdb_00003qum_K_M
13273,5,train,0.037783969193696976,pdb_00009xhh_D1_D2
13274,5,train,1.0616244077682495,pdb_00007cqd_I_M
13275,5,train,0.9172153472900391,pdb_00008e8r_H_L
13276,5,train,0.800536036491394,pdb_00006wm9_E_F
13277,5,train,0.02192353643476963,pdb_00008yn9_E1_E2
13278,5,train,0.13561120629310608,pdb_00009nz4_F_E
13279,5,train,0.038633909076452255,pdb_00008uwl_E1_E2
13280,5,train,0.4757067859172821,pdb_00007klh_I_M
13281,5,train,0.7268483638763428,pdb_00006ywc_D_E
13282,5,train,0.4955703616142273,pdb_00009b82_R_Q
13283,5,train,1.0128941535949707,pdb_00008jin_B2_B1
13284,5,train,0.104331374168396,pdb_00007e32_E1_E2
13285,5,train,0.09113650768995285,pdb_00008z65_S1_S2
13286,5,train,0.3235308527946472,pdb_00007xei_E_F
13287,5,train,0.04897322133183479,pdb_00008dk5_N1_N2
13288,5,train,0.016497178003191948,pdb_00008xgu_S1_S2
13289,5,train,0.3861928880214691,pdb_00007xj9_I_H
13290,5,train,0.6748597025871277,pdb_00008jqm_M_N
13291,5,train,0.020329026505351067,pdb_00009m8l_N1_N2
13292,5,train,0.9444288611412048,pdb_00009kve_A_B
13293,5,train,0.02891664393246174,pdb_00007x10_E1_E2
13294,5,train,0.5973380208015442,pdb_00007e9b_H_L
13295,5,train,0.018029576167464256,pdb_00008guq_S1_S2
13296,5,train,0.3641655743122101,pdb_00007ubs_H1_H2
13297,5,train,0.014768158085644245,pdb_00008xyk_S1_S2
13298,5,train,0.05004462972283363,pdb_00007uk9_E_F
13299,5,train,0.017127005383372307,pdb_00007vug_S1_S2
13300,5,train,0.49617236852645874,pdb_00009huo_C_D
13301,5,train,0.07296466082334518,pdb_00008x8l_E1_E2
13302,5,train,0.01864788681268692,pdb_00008fx5_H1_H2
13303,5,train,0.034759532660245895,pdb_00009jed_S1_S2
13304,5,train,0.5954481959342957,pdb_00008hpf_H_L
13305,5,train,0.29101914167404175,pdb_00006b3s_H_L
13306,5,train,0.03865911066532135,pdb_00003t3m_E_F
13307,5,train,0.6859759092330933,pdb_00006ba5_B_A
13308,5,train,1.2088826894760132,pdb_00007n4j_H_L
13309,5,train,0.0096511822193861,pdb_00008iy5_E1_E2
13310,5,train,0.06043631583452225,pdb_00009our_H_L
13311,5,train,0.07304791361093521,pdb_00008id9_S1_S2
13312,5,train,0.023766759783029556,pdb_00009axf_H1_H2
13313,5,train,0.04768867418169975,pdb_00008w8b_E1_E2
13314,5,train,0.021189197897911072,pdb_00008xx6_S1_S2
13315,5,train,0.43164902925491333,pdb_00009ixa_H_L
13316,5,train,0.012495771050453186,pdb_00009le1_S1_S2
13317,5,train,0.0551517978310585,pdb_00009ctu_F_E
13318,5,train,0.7755348086357117,pdb_00007kyo_H_L
13319,5,train,0.5582996606826782,pdb_00007l7e_C_D
13320,5,train,0.4067625403404236,pdb_00008jen_A_B
13321,5,train,0.888522207736969,pdb_00008f6o_A_B
13322,5,train,0.03190775588154793,pdb_00008y72_E1_E2
13323,5,train,0.015624218620359898,pdb_00008hcx_E1_E2
13324,5,train,0.5500084161758423,pdb_00008u44_U_W
13325,5,train,0.025229020044207573,pdb_00009k27_D1_D2
13326,5,train,0.02011176384985447,pdb_00008z8b_S1_S2
13327,5,train,0.20275689661502838,pdb_00003b2u_J_K
13328,5,train,0.04248214140534401,pdb_00006x3x_J_I
13329,5,train,0.6532580852508545,pdb_00008u4s_B_A
13330,5,train,0.08510385453701019,pdb_00008zbe_E1_E2
13331,5,train,0.6424983143806458,pdb_00001fsk_I_H
13332,5,train,0.014528040774166584,pdb_00008ija_S1_S2
13333,5,train,0.5647011995315552,pdb_00005bo1_I_M
13334,5,train,0.4823029041290283,pdb_00008too_D_C
13335,5,train,1.263792634010315,pdb_00009kve_D_F
13336,5,train,0.07116051018238068,pdb_00009drx_J_I
13337,5,train,0.42340901494026184,pdb_00007nx8_H_L
13338,5,train,0.7154179811477661,pdb_00007xrz_B_A
13339,5,train,0.020206468179821968,pdb_00008fn0_E1_E2
13340,5,train,0.6023920774459839,pdb_00007det_D1_D2
13341,5,train,0.3471621572971344,pdb_00007kfv_H_L
13342,5,train,0.9135180711746216,pdb_00006uyn_H_L
13343,5,train,0.26695311069488525,pdb_000011oo_H_L
13344,5,train,0.025336209684610367,pdb_00007xa3_E1_E2
13345,5,train,0.6905867457389832,pdb_00009h4r_X_Y
13346,5,train,0.02264895662665367,pdb_00008k6n_S1_S2
13347,5,train,0.018185846507549286,pdb_00007ew0_E1_E2
13348,5,train,0.026454510167241096,pdb_00008yn2_E1_E2
13349,5,train,0.8596919775009155,pdb_00006t9d_AAA_BBB
13350,5,train,0.01390820275992155,pdb_00009o36_E1_E2
13351,5,train,0.04590735584497452,pdb_00007u0g_O1_O2
13352,5,train,0.01891210675239563,pdb_00009kfj_S1_S2
13353,5,train,0.6070132851600647,pdb_00006xq4_E_F
13354,5,train,0.2253178060054779,pdb_00003b2u_C_D
13355,5,train,0.7872248291969299,pdb_00009bdi_C_D
13356,5,train,0.9131367206573486,pdb_00009leo_C_D
13357,5,train,0.028313925489783287,pdb_00007trk_H1_H2
13358,5,train,0.8262069225311279,pdb_00004d9r_H_L
13359,5,train,1.0611141920089722,pdb_00009bhh_T_S
13360,5,train,0.4920065999031067,pdb_00004ttd_C_D
13361,5,train,0.41675901412963867,pdb_00007l7e_O_P
13362,5,train,0.5072115659713745,pdb_00007cho_H_L
13363,5,train,0.7460730075836182,pdb_00009o7g_C_D
13364,5,train,0.027523037046194077,pdb_00002ht3_E_F
13365,5,train,0.7154786586761475,pdb_00003wkm_I_M
13366,5,train,0.3964649438858032,pdb_00008zh7_B_C
13367,5,train,0.5136762261390686,pdb_00005x8l_G_L
13368,5,train,0.010139918886125088,pdb_00007vgy_E1_E2
13369,5,train,0.556384801864624,pdb_00008hq7_H_L
13370,5,train,0.5133267641067505,pdb_00006n5b_H_L
13371,5,train,1.446352481842041,pdb_00009vnp_C_A
13372,5,train,0.020545506849884987,pdb_00008j6d_H1_H2
13373,5,train,1.0578405857086182,pdb_00004fqj_H_L
13374,5,train,0.02107684127986431,pdb_00008j6p_S1_S2
13375,5,train,0.7707701921463013,pdb_00008ee8_D_C
13376,5,train,1.2643712759017944,pdb_00008v2e_D_E
13377,5,train,0.4689731299877167,pdb_00009n4f_O_P
13378,5,train,0.12407409399747849,pdb_00009ov4_H_L
13379,5,train,0.10501992702484131,pdb_00006x40_K_L
13380,5,train,0.39311298727989197,pdb_00009u5q_B_C
13381,5,train,0.47366347908973694,pdb_00004m62_I_M
13382,5,train,0.2835259735584259,pdb_00006w41_H_L
13383,5,train,0.5622979998588562,pdb_00008zd5_H_I
13384,5,train,1.0697276592254639,pdb_00009e3l_I_J
13385,5,train,0.010518078692257404,pdb_00007t10_S1_S2
13386,5,train,0.8810887932777405,pdb_00008eed_H_L
13387,5,train,0.2288672924041748,pdb_00007kfv_F_G
13388,5,train,0.025224516168236732,pdb_00008iw9_S1_S2
13389,5,train,0.9282357096672058,pdb_00008w86_E_F
13390,5,train,0.030972134321928024,pdb_00008wwm_E1_E2
13391,5,train,0.8358074426651001,pdb_00006d0u_C_D
13392,5,train,0.10414014011621475,pdb_00009ge3_F1_F2
13393,5,train,0.8654366135597229,pdb_00007cqd_H_L
13394,5,train,0.054942842572927475,pdb_00007tho_E_F
13395,5,train,0.43361425399780273,pdb_00004ma8_H_L
13396,5,train,0.9748932719230652,pdb_00007c88_A_B
13397,5,train,0.028100954368710518,pdb_00008efo_E1_E2
13398,5,train,0.5046045780181885,pdb_00003s37_H_L
13399,5,train,0.01200414914637804,pdb_00009uam_E1_E2
13400,5,train,0.6397480964660645,pdb_00008dcc_H_L
13401,5,train,0.02188669890165329,pdb_00008yuu_S1_S2
13402,5,train,0.01632017083466053,pdb_00007s8m_E1_E2
13403,5,train,0.6170823574066162,pdb_00005xmh_H_L
13404,5,train,1.1520048379898071,pdb_00007x3e_H_L
13405,5,train,0.688191831111908,pdb_00006woz_B_C
13406,5,train,0.9192694425582886,pdb_00005ggs_A_B
13407,5,train,0.11777514964342117,pdb_00009nz5_B_C
13408,5,train,0.6858008503913879,pdb_00006iap_H_L
13409,5,train,0.5768443942070007,pdb_00007rk1_C1_C2
13410,5,train,0.44641682505607605,pdb_00007wsi_H_L
13411,5,train,0.2001596987247467,pdb_00001ic7_H_L
13412,5,train,0.01947219856083393,pdb_00007vfx_S1_S2
13413,5,train,0.32881027460098267,pdb_00005aaw_A1_A2
13414,5,train,0.6084516644477844,pdb_00009b2m_E_F
13415,5,train,0.2896876037120819,pdb_00008vgj_F_E
13416,5,train,0.26584431529045105,pdb_00002qr0_L_K
13417,5,train,0.5620247721672058,pdb_00007ley_D_E
13418,5,train,0.17148518562316895,pdb_00008vgk_J_I
13419,5,train,0.01745200902223587,pdb_00008xxh_S1_S2
13420,5,train,0.03163452073931694,pdb_00002htk_E_F
13421,5,train,0.44126754999160767,pdb_00001fj1_D_C
13422,5,train,0.9179316759109497,pdb_00009mtg_H_L
13423,5,train,0.017904384061694145,pdb_00007v68_S1_S2
13424,5,train,0.5349135398864746,pdb_00003eo1_B_A
13425,5,train,0.010624801740050316,pdb_00007ys6_E1_E2
13426,5,train,0.7266241908073425,pdb_00008yub_D_E
13427,5,train,0.8900164365768433,pdb_00006wmw_H_L
13428,5,train,0.13854126632213593,pdb_00006b9z_B_A
13429,5,train,0.5788707733154297,pdb_00007eam_C_D
13430,5,train,0.4288145899772644,pdb_00007lop_H_L
13431,5,train,0.04853077232837677,pdb_00009xhi_D1_D2
13432,5,train,1.2241796255111694,pdb_00004kuc_F_E
13433,5,train,0.1909024864435196,pdb_00009zq9_J2_J1
13434,5,train,0.01540705468505621,pdb_00009k3k_S1_S2
13435,5,train,0.7618016004562378,pdb_00009mtm_M_N
13436,5,train,0.5501558780670166,pdb_00008xse_H_L
13437,5,train,0.39006367325782776,pdb_00005yoy_R_O
13438,5,train,1.1757981777191162,pdb_00008hgm_C_D
13439,5,train,0.9954822659492493,pdb_00008fdo_A_B
13440,5,train,0.016190461814403534,pdb_00008h0q_E1_E2
13441,5,train,0.3867970407009125,pdb_00008j7e_C_D
13442,5,train,0.18684090673923492,pdb_00003iga_A_B
13443,5,train,0.17065200209617615,pdb_00002hjf_A_B
13444,5,train,0.6427962183952332,pdb_00005ugy_I_M
13445,5,train,0.8701053857803345,pdb_00002r56_I_M
13446,5,train,0.2831747233867645,pdb_00007xeg_C_D
13447,5,train,0.46226075291633606,pdb_00006ii8_H_L
13448,5,train,0.02570580504834652,pdb_00009j8z_S1_S2
13449,5,train,0.5443817973136902,pdb_00002bdn_H_L
13450,5,train,0.6481987833976746,pdb_00008dwx_V_U
13451,5,train,0.7821906208992004,pdb_00009lf8_H_L
13452,5,train,0.4577568471431732,pdb_00007kmg_A_B
13453,5,train,0.5658010244369507,pdb_00006k7o_B_C
13454,5,train,0.8164904117584229,pdb_00008tpa_D_E
13455,5,train,0.481313556432724,pdb_00007kf0_H_L
13456,5,train,0.5722321271896362,pdb_00009ebc_G_H
13457,5,train,0.01496219914406538,pdb_00007jvr_E1_E2
13458,5,train,0.5013218522071838,pdb_00007rk2_C1_C2
13459,5,train,0.17349588871002197,pdb_00006w0j_A_B
13460,5,train,0.779572069644928,pdb_00009kve_E_G
13461,5,train,0.5516497492790222,pdb_00007det_B1_B2
13462,5,train,0.4411655366420746,pdb_00003v4p_M_N
13463,5,train,0.4025041460990906,pdb_00008w2e_D_C
13464,5,train,0.4690214991569519,pdb_00009b82_H_L
13465,5,train,0.0121818408370018,pdb_00008k6o_S1_S2
13466,5,train,0.04106577858328819,pdb_00007mhx_A_B
13467,5,train,0.16112445294857025,pdb_00003rif_H_L
13468,5,train,0.03708835691213608,pdb_00008ejc_E1_E2
13469,5,train,0.3536965250968933,pdb_00007chc_H_L
13470,5,train,0.01154143176972866,pdb_00008k3z_S1_S2
13471,5,train,0.02141667529940605,pdb_00009lr2_S1_S2
13472,5,train,0.7645396590232849,pdb_00007uzc_E_F
13473,5,train,0.8606725931167603,pdb_00009ml8_H_L
13474,5,train,0.012004218995571136,pdb_00009jh3_S1_S2
13475,5,train,0.5945408940315247,pdb_00006woz_H_I
13476,5,train,0.19204024970531464,pdb_00009zqa_J2_J1
13477,5,train,0.45776209235191345,pdb_00009ebc_K_L
13478,5,train,0.8220392465591431,pdb_00007whz_C_E
13479,5,train,0.7189055681228638,pdb_00004ffv_H_L
13480,5,train,0.2307252585887909,pdb_00008jkf_M_N
13481,5,train,0.4266505837440491,pdb_00008dwx_X_W
13482,5,train,0.9081587791442871,pdb_00009mtj_I_J
13483,5,train,0.01560206525027752,pdb_00009k3l_S1_S2
13484,5,train,0.5898889303207397,pdb_00005wko_C_D
13485,5,train,0.01235135830938816,pdb_00007w55_E1_E2
13486,5,train,0.51088547706604,pdb_00007qf1_C_B
13487,5,train,0.4100717604160309,pdb_00001xiw_H_G
13488,5,train,0.1658264547586441,pdb_00006k5f_C_D
13489,5,train,0.452347069978714,pdb_00007y7m_F_G
13490,5,train,0.019134018570184708,pdb_00007xau_E1_E2
13491,5,train,0.7411260604858398,pdb_00009cq7_H_I
13492,5,train,0.6023951172828674,pdb_00008bg5_A1_A2
13493,5,train,0.4195319414138794,pdb_00005ugy_H_L
13494,5,train,0.7558885216712952,pdb_00008khr_H_L
13495,5,train,0.011432228609919548,pdb_00007cmu_E1_E2
13496,5,train,0.39842262864112854,pdb_00008smt_D_F
13497,5,train,1.087062120437622,pdb_00008w5h_H_L
13498,5,train,0.7662391066551208,pdb_00007ebz_E_F
13499,5,train,1.0586057901382446,pdb_00004u6h_A_B
13500,5,train,1.0023736953735352,pdb_00009e3k_H_L
13501,5,train,0.6270875334739685,pdb_00008dnn_E_F
13502,5,train,0.42175009846687317,pdb_00009oj4_B_A
13503,5,train,1.073193073272705,pdb_00007s11_I_M
13504,5,train,0.021547531709074974,pdb_00006xox_E1_E2
13505,5,train,0.558495283126831,pdb_00007lq7_H_L
13506,5,train,0.6089560985565186,pdb_00009cpv_H_L
13507,5,train,0.012976381927728653,pdb_00008xzh_S1_S2
13508,5,train,0.41198769211769104,pdb_00009hh9_E_D
13509,5,train,0.7752234935760498,pdb_00007y6k_J_E3
13510,5,train,0.45292386412620544,pdb_00008jel_F_G
13511,5,train,0.6038044095039368,pdb_00007t87_H_L
13512,5,train,0.034302014857530594,pdb_00008ijb_S1_S2
13513,5,train,0.6030413508415222,pdb_00004f2m_A_B
13514,5,train,0.5571853518486023,pdb_00007cmk_H_L
13515,5,train,0.5080375075340271,pdb_00005w0k_E_F
13516,5,train,0.7988483309745789,pdb_00007dm2_H_L
13517,5,train,0.4890069365501404,pdb_00008tx3_E_J
13518,5,train,0.016531608998775482,pdb_00008jim_S1_S2
13519,5,train,0.011729306541383266,pdb_00007w2z_S1_S2
13520,5,train,0.029844321310520172,pdb_00008hvi_H1_H2
13521,5,train,0.6626949906349182,pdb_00009mla_I_L
13522,5,train,0.1484617441892624,pdb_00006w0a_A_B
13523,5,train,0.22265511751174927,pdb_00008jkf_m_n
13524,5,train,0.3782757520675659,pdb_00009lrf_H_L
13525,5,train,0.9423703551292419,pdb_00007ycl_A_B
13526,5,train,0.07676638662815094,pdb_00008vfx_M2_M1
13527,5,train,0.829476535320282,pdb_00002hmi_D_C
13528,5,train,0.3482222557067871,pdb_00004tsc_H_L
13529,5,train,0.05950981378555298,pdb_00003fb5_A_B
13530,5,train,0.44719481468200684,pdb_00007keo_E_F
13531,5,train,0.6114422082901001,pdb_00006wtu_H_I
13532,5,train,0.7656526565551758,pdb_00008vtd_B_A
13533,5,train,0.22769998013973236,pdb_00009cia_D_C
13534,5,train,0.010808020830154419,pdb_00009vj5_E1_E2
13535,5,train,0.9109243154525757,pdb_00005e94_D_C
13536,5,train,0.690132737159729,pdb_00006h3u_H_L
13537,5,train,0.4561888575553894,pdb_00009lbs_D_C
13538,5,train,1.0848979949951172,pdb_00004xhj_H_G
13539,5,train,0.8272834420204163,pdb_00004am0_H_L
13540,5,train,0.6619603037834167,pdb_00008a96_K_J
13541,5,train,0.33305659890174866,pdb_00007ek0_H_L
13542,5,train,0.6206846237182617,pdb_00007lq7_T_U
13543,5,train,0.7651540637016296,pdb_00009mif_H_L
13544,5,train,0.045653682202100754,pdb_00001k4d_A_B
13545,5,train,0.6868196129798889,pdb_00004v1d_D_E
13546,5,train,0.5245811939239502,pdb_00008zd5_K_L
13547,5,train,0.2558555006980896,pdb_00004tnw_Y_g
13548,5,train,0.04125119373202324,pdb_00008ubl_N2_N1
13549,5,train,0.01437601912766695,pdb_00008h0p_E1_E2
13550,5,train,0.47638553380966187,pdb_00009cpw_H_L
13551,5,train,0.02646835893392563,pdb_00008xqe_S1_S2
13552,5,train,0.45434558391571045,pdb_00009bao_E_F
13553,5,train,0.516373872756958,pdb_00005xku_C_B
13554,5,train,0.1488383710384369,pdb_00004tnw_G_K
13555,5,train,0.551959216594696,pdb_00008wpw_C_D
13556,5,train,0.6144406199455261,pdb_00007fci_H_L
13557,5,train,0.5193331837654114,pdb_00007zmk_M_N
13558,5,train,0.5189840793609619,pdb_00008j1q_B_A
13559,5,train,0.08364513516426086,pdb_00003nig_H_L
13560,5,train,0.8990879654884338,pdb_00008tnn_H_G
13561,5,train,0.07020681351423264,pdb_00007udg_E_F
13562,5,train,0.07668019086122513,pdb_00008dd3_K_L
13563,5,train,0.45399966835975647,pdb_00006vvu_J_K
13564,5,train,0.7194762229919434,pdb_00001p2c_E_D
13565,5,train,0.9247555732727051,pdb_00005umi_A_B
13566,5,train,0.1348341405391693,pdb_00005u6a_B_A
13567,5,train,0.49947407841682434,pdb_00002r0l_H_L
13568,5,train,0.04407466575503349,pdb_00008sg1_E1_E2
13569,5,train,0.7554904818534851,pdb_00007f3q_H_L
13570,5,train,0.29447028040885925,pdb_00005yoy_P_M
13571,5,train,0.6475397944450378,pdb_00003g6j_F_E
13572,5,train,0.45445308089256287,pdb_00003dvn_B_A
13573,5,train,0.9535287618637085,pdb_00008tbq_A_B
13574,5,train,0.018141647800803185,pdb_00008z3m_S1_S2
13575,5,train,0.7690169215202332,pdb_00007pa7_eee2_eee1
13576,5,train,0.029998552054166794,pdb_00009wxm_D1_D2
13577,5,train,0.060753725469112396,pdb_00009kt8_E1_E2
13578,5,train,0.15639811754226685,pdb_00003a6b_H_L
13579,5,train,0.8850192427635193,pdb_00006suz_H_L
13580,5,train,0.19957293570041656,pdb_00005aaw_F1_F2
13581,5,train,0.4564269185066223,pdb_00008bg4_C1_C2
13582,5,train,0.8377185463905334,pdb_00007zfb_A_B
13583,5,train,0.015579357743263245,pdb_00007w57_E1_E2
13584,5,train,0.5043416619300842,pdb_00009ci8_D_C
13585,5,train,0.40702295303344727,pdb_00009jy3_R_Q
13586,5,train,0.6224300265312195,pdb_00007dpm_D_E
13587,5,train,0.622114360332489,pdb_00004kxz_J_I
13588,5,train,0.11580602079629898,pdb_00003rif_J_M
13589,5,train,0.23954202234745026,pdb_00008vgj_K_L
13590,5,train,0.024295624345541,pdb_00008h8j_H1_H2
13591,5,train,0.5506951808929443,pdb_00001j5o_H_L
13592,5,train,1.1569628715515137,pdb_00009y3x_H_L
13593,5,train,0.5358210802078247,pdb_00009q71_K_L
13594,5,train,1.117530107498169,pdb_00005hbt_D_C
13595,5,train,0.8027675747871399,pdb_00009qt3_N_O
13596,5,train,0.24052126705646515,pdb_00006zh9_HHH_LLL
13597,5,train,0.6266357898712158,pdb_00008oxx_B_C
13598,5,train,0.03710736334323883,pdb_00007uko_E_F
13599,5,train,0.41092297434806824,pdb_00003fku_Z1_Z2
13600,5,train,0.012808199971914291,pdb_00008hcq_E1_E2
13601,5,train,0.6141883134841919,pdb_00007wh8_B_A
13602,5,train,0.020109539851546288,pdb_00008i7w_E1_E2
13603,5,train,0.03995232656598091,pdb_00002vdq_H_L
13604,5,train,0.4931972622871399,pdb_00009n7q_H_L
13605,5,train,0.03163320943713188,pdb_00002vdl_H_L
13606,5,train,0.019665151834487915,pdb_00008tb0_F1_F2
13607,5,train,0.3304251432418823,pdb_00009hhr_D_G
13608,5,train,0.7539957761764526,pdb_00003v6z_A_B
13609,5,train,0.1747366487979889,pdb_00005u5f_B_A
13610,5,train,0.7243755459785461,pdb_00009dm0_C_D
13611,5,train,0.015966881066560745,pdb_00008uuj_D1_D2
13612,5,train,0.19370965659618378,pdb_00001uac_H_L
13613,5,train,0.016659732908010483,pdb_00007yae_S1_S2
13614,5,train,0.7815835475921631,pdb_00004wv1_E_D
13615,5,train,0.47827258706092834,pdb_00007zfb_H_L
13616,5,train,0.6622360348701477,pdb_00006cyf_D_C
13617,5,train,0.6642019748687744,pdb_00005h35_H_I
13618,5,train,0.308808833360672,pdb_00008as0_T_S
13619,5,train,0.020390300080180168,pdb_00009vo2_S1_S2
13620,5,train,0.04184115305542946,pdb_00008evg_M1_M2
13621,5,train,0.9254407286643982,pdb_00008w5m_H_L
13622,5,train,0.6644912958145142,pdb_00006wzm_C_D
13623,5,train,0.3524984121322632,pdb_00007dfa_H_L
13624,5,train,0.017581628635525703,pdb_00009k26_S1_S2
13625,5,train,0.5358009338378906,pdb_00007zfb_C_D
13626,5,train,0.28085994720458984,pdb_00006vmk_i_h
13627,5,train,0.7497034072875977,pdb_00008gy5_H_L
13628,5,train,0.012545676901936531,pdb_00008xqt_S1_S2
13629,5,train,0.5119374394416809,pdb_00006cyf_F_E
13630,5,train,0.8576197624206543,pdb_00001qfu_H_L
13631,5,train,1.0749799013137817,pdb_00008xa4_C_D
13632,5,train,0.3537137806415558,pdb_00001g7h_B_A
13633,5,train,0.5536880493164062,pdb_00004lf3_B_A
13634,5,train,0.5374084115028381,pdb_00008hpu_M_N
13635,5,train,0.5539352893829346,pdb_00001t03_H_L
13636,5,train,0.04888087511062622,pdb_00007ujk_E_F
13637,5,train,0.7209509015083313,pdb_00007upb_B_E
13638,5,train,0.6878159642219543,pdb_00009bdi_H_L
13639,5,train,0.6302301287651062,pdb_00004wv1_B_A
13640,5,train,0.16650259494781494,pdb_00006w0h_A_B
13641,5,train,0.03339080885052681,pdb_00008y71_E1_E2
13642,5,train,0.0184683408588171,pdb_00007ej8_H1_H2
13643,5,train,0.43505653738975525,pdb_00007upb_C_F
13644,5,train,0.4637717604637146,pdb_00007xcz_D_E
13645,5,train,0.8304714560508728,pdb_00006oc3_A_B
13646,5,train,0.331044465303421,pdb_00007sts_A_B
13647,5,train,0.5468398928642273,pdb_00006cw3_C_D
13648,5,train,0.009018102660775185,pdb_00007s8o_E1_E2
13649,5,train,0.7399946451187134,pdb_00007qny_A_B
13650,5,train,0.4812966585159302,pdb_00008dn6_E_F
13651,5,train,0.23114947974681854,pdb_00002qr0_R_Q
13652,5,train,0.6615806221961975,pdb_00007m7w_E_F
13653,5,train,0.5275244116783142,pdb_00008vgm_H_L
13654,5,train,0.4268243908882141,pdb_00008zh7_E_F
13655,5,train,0.7549406290054321,pdb_00008ezk_I1_I2
13656,5,train,0.60626220703125,pdb_00007ttm_H_L
13657,5,train,0.11360666900873184,pdb_00008vgk_F_E
13658,5,train,0.4592665731906891,pdb_00005wk3_S_R
13659,5,train,0.9374617338180542,pdb_00009e21_H_L
13660,5,train,0.5484515428543091,pdb_00009mqa_H_L
13661,5,train,0.08343474566936493,pdb_00009ctu_D_C
13662,5,train,0.6145578622817993,pdb_00007ycn_K_L
13663,5,train,0.5887594819068909,pdb_00008cn9_L_K
13664,5,train,0.03762766346335411,pdb_00007ue0_E_F
13665,5,train,0.9070523381233215,pdb_00007bsc_H_L
13666,5,train,0.028298208490014076,pdb_00008e9y_E1_E2
13667,5,train,0.03594999387860298,pdb_00009kft_S1_S2
13668,5,train,0.6339980959892273,pdb_00003vrl_E_F
13669,5,train,0.02855628728866577,pdb_00007tmz_E_F
13670,5,train,0.7572723627090454,pdb_00009cff_H_L
13671,5,train,0.06041870266199112,pdb_00008hoc_S1_S2
13672,5,train,0.8533703684806824,pdb_00007quh_H_L
13673,5,train,0.7848539352416992,pdb_00006hjp_I_J
13674,5,train,0.4466516673564911,pdb_00009b82_I_G
13675,5,train,0.3210565447807312,pdb_00005yoy_I_F
13676,5,train,0.012848468497395515,pdb_00007scg_E1_E2
13677,5,train,0.634013831615448,pdb_00009k6y_H_L
13678,5,train,0.01593322865664959,pdb_00009vjf_E1_E2
13679,5,train,0.012663101777434349,pdb_00007evy_E1_E2
13680,5,train,0.8770078420639038,pdb_00008w5n_H_L
13681,5,train,0.01795966364443302,pdb_00007xwo_E1_E2
13682,5,train,0.026081139221787453,pdb_00007trs_H1_H2
13683,5,train,0.9571335911750793,pdb_00005vig_H_L
13684,5,train,0.3784259557723999,pdb_00007ul1_H_L
13685,5,train,0.6932408213615417,pdb_00008sit_H_L
13686,5,train,1.3250395059585571,pdb_00008kep_H_L
13687,5,train,0.6172600388526917,pdb_00008dis_H_L
13688,5,train,1.1107492446899414,pdb_00008kdr_H_L
13689,5,train,0.49526700377464294,pdb_00009l6c_A_B
13690,5,train,0.33885061740875244,pdb_00009l6c_D_F
13691,5,train,0.6364333629608154,pdb_00004gxu_U_V
13692,5,train,0.47374242544174194,pdb_00006j6y_E_F
13693,5,train,0.7878063917160034,pdb_00006ogx_C_D
13694,5,train,0.2117345631122589,pdb_00007xk2_S1_S2
13695,5,train,0.10088460147380829,pdb_00009nz5_F_E
13696,5,train,0.5308390855789185,pdb_00007bpk_H_L
13697,5,train,0.5828651189804077,pdb_00006ba5_D_C
13698,5,train,0.7179051041603088,pdb_00007pa7_ooo2_ooo1
13699,5,train,0.8304270505905151,pdb_00007mkm_H_L
13700,5,train,0.5218838453292847,pdb_00004zff_H_L
13701,5,train,0.8490045666694641,pdb_00008cbf_H_L
13702,5,train,0.0886673852801323,pdb_00009our_J_K
13703,5,train,0.024591445922851562,pdb_00009jkx_S1_S2
13704,5,train,0.48026230931282043,pdb_00009cfg_H_L
13705,5,train,0.20809093117713928,pdb_00009hhr_F_E
13706,5,train,0.6927032470703125,pdb_00001e6j_H_L
13707,5,train,0.6045753359794617,pdb_00007tbf_D_E
13708,5,train,0.511326789855957,pdb_00002jix_D_G
13709,5,train,0.7779305577278137,pdb_00005vqm_H_L
13710,5,train,0.48091304302215576,pdb_00001tzh_H_L
13711,5,train,0.6939067244529724,pdb_00005y11_A_B
13712,5,train,1.244655966758728,pdb_00003bgf_H_L
13713,5,train,0.08856865763664246,pdb_00008vqy_K_L
13714,5,train,0.14190931618213654,pdb_00008vrn_J_I
13715,5,train,1.3098324537277222,pdb_00003mj9_H_L
13716,5,train,1.886263132095337,pdb_00004i3r_H_L
13717,5,train,0.02064145728945732,pdb_00007wz7_C1_C2
13718,5,train,0.02798786200582981,pdb_00009ldv_S1_S2
13719,5,train,0.5314732789993286,pdb_00005oca_H_L
13720,5,train,0.9947106838226318,pdb_00008uf7_B_A
13721,5,train,0.022659029811620712,pdb_00008vve_E1_E2
13722,5,train,0.7621144652366638,pdb_00007k9i_H_L
13723,5,train,0.02166181616485119,pdb_00007db6_E1_E2
13724,5,train,0.019537633284926414,pdb_00009ik9_E1_E2
13725,5,train,0.6477819681167603,pdb_00007tpj_H_L
13726,5,train,0.1306178867816925,pdb_00008j22_F1_F2
13727,5,train,0.020628126338124275,pdb_00009l79_S1_S2
13728,5,train,0.3721214234828949,pdb_00008f2j_H_L
13729,5,train,0.01111392118036747,pdb_00007vl8_S1_S2
13730,5,train,1.0166780948638916,pdb_00006flc_H_L
13731,5,train,0.03084421344101429,pdb_00006crk_H1_H2
13732,5,train,0.010707593522965908,pdb_00008gut_S1_S2
13733,5,train,0.8564847707748413,pdb_00009npg_A_B
13734,5,train,0.2700844407081604,pdb_00008j8r_D_E
13735,5,train,0.9288861155509949,pdb_00007shy_I_J
13736,5,train,0.857444703578949,pdb_00007x3d_H_L
13737,5,train,0.32005739212036133,pdb_00004tnw_V_Z
13738,5,train,0.8141288161277771,pdb_00007t82_D_C
13739,5,train,0.630961537361145,pdb_00008gv6_I_J
13740,5,train,0.005029335152357817,pdb_00006dde_E1_E2
13741,5,train,1.061374306678772,pdb_00006s3d_A_B
13742,5,train,1.4084751605987549,pdb_00006ivz_H_L
13743,5,train,0.03927403688430786,pdb_00007l1v_H1_H2
13744,5,train,0.397312730550766,pdb_00008caf_B_A
13745,5,train,0.8374269008636475,pdb_00009eti_H_L
13746,5,train,0.7809937000274658,pdb_00007qnx_A_B
13747,5,train,0.020564032718539238,pdb_00008u1u_E1_E2
13748,5,train,0.8305625319480896,pdb_00007uvs_A_B
13749,5,train,0.6428123712539673,pdb_00009vft_F_E
13750,5,train,0.04712420701980591,pdb_00007u9v_E_F
13751,5,train,1.2392334938049316,pdb_00008ulj_H_L
13752,5,train,0.5526238679885864,pdb_00008bec_C1_C2
13753,5,train,0.49942508339881897,pdb_00006pe9_C_D
13754,5,train,0.5321305394172668,pdb_00003nh7_I_M
13755,5,train,0.5306922793388367,pdb_00003g6j_H_G
13756,5,train,0.06656099110841751,pdb_00001ott_C_D
13757,5,train,0.6121315956115723,pdb_00008y0y_D1_D4
13758,5,train,0.06228610500693321,pdb_00007u9f_E_F
13759,5,train,0.8194345831871033,pdb_00007dm1_D_C
13760,5,train,0.5924594402313232,pdb_00002vwe_E_C
13761,5,train,1.1399980783462524,pdb_00009ivj_H_L
13762,5,train,0.5496322512626648,pdb_00007dk0_A_B
13763,5,train,0.2110297977924347,pdb_00006ada_C_D
13764,5,train,0.023353280499577522,pdb_00007w53_E1_E2
13765,5,train,0.5999518632888794,pdb_00001fsk_F_E
13766,5,train,0.6434100270271301,pdb_00009ue8_U_V
13767,5,train,0.7222847938537598,pdb_00007x2w_H_L
13768,5,train,0.5726874470710754,pdb_00008cn9_G_F
13769,5,train,0.9724335074424744,pdb_00008hrd_L_M
13770,5,train,0.4521780014038086,pdb_00003eo1_H_G
13771,5,train,0.3286849558353424,pdb_00003b2u_N_O
13772,5,train,0.6551610231399536,pdb_00007t0z_H_L
13773,5,train,0.21868401765823364,pdb_00006vmk_u_t
13774,5,train,0.07281991839408875,pdb_00007rkm_D1_D2
13775,5,train,0.1681651622056961,pdb_00006yz7_HHH_LLL
13776,5,train,0.3302900791168213,pdb_00005yoy_H_E
13777,5,train,0.018713418394327164,pdb_00009ite_E1_E2
13778,5,train,0.7890835404396057,pdb_00006mlm_F_G
13779,5,train,0.3286581337451935,pdb_00008ulf_I_M
13780,5,train,0.5975449085235596,pdb_00008v5v_f_g
13781,5,train,0.29694193601608276,pdb_00001kiq_B_A
13782,5,train,0.2372245490550995,pdb_00009jy4_P_O
13783,5,train,0.6344914436340332,pdb_00006h3u_I_M
13784,5,train,0.5155339241027832,pdb_00007rku_G_I
13785,5,train,0.3096022605895996,pdb_00007vaf_H_L
13786,5,train,0.09931056946516037,pdb_00007cvs_C_D
13787,5,train,0.5063323378562927,pdb_00007jum_I1_I2
13788,5,train,1.1043421030044556,pdb_00008eeu_H_L
13789,5,train,0.041089870035648346,pdb_00002exy_C_D
13790,5,train,0.6962054967880249,pdb_00007wvl_H_L
13791,5,train,0.5036683082580566,pdb_00006iap_E_D
13792,5,train,0.9707978963851929,pdb_00005lsp_S_T
13793,5,train,0.017457975074648857,pdb_00009f34_E1_E2
13794,5,train,0.05550495907664299,pdb_00009wp9_C1_C2
13795,5,train,0.03125329315662384,pdb_00009ko4_H1_H2
13796,5,train,0.10488725453615189,pdb_00008jt6_E1_E2
13797,5,train,0.49197542667388916,pdb_00008xse_M_N
13798,5,train,0.5239356160163879,pdb_00009ue8_Q_R
13799,5,train,0.8196908235549927,pdb_00007t0w_O_P
13800,5,train,0.6684704422950745,pdb_00007x6o_C_D
13801,5,train,0.05261416733264923,pdb_00006k5i_E_F
13802,5,train,1.0583761930465698,pdb_00006xq0_E_F
13803,5,train,0.9500281810760498,pdb_00008e8s_H_L
13804,5,train,0.9484067559242249,pdb_00009yyu_J_N
13805,5,train,0.08322427421808243,pdb_00007vgs_D_C
13806,5,train,0.48133406043052673,pdb_00002eiz_B_A
13807,5,train,0.044861339032649994,pdb_00007tct_H_L
13808,5,train,0.7913941144943237,pdb_00003bn9_F_E
13809,5,train,0.012779304757714272,pdb_00008irt_E1_E2
13810,5,train,0.10998927801847458,pdb_00009zqc_I2_I1
13811,5,train,0.593166172504425,pdb_00004dkf_H_L
13812,5,train,0.3415749669075012,pdb_00008as0_W_V
13813,5,train,0.039043281227350235,pdb_00002r9h_C_D
13814,5,train,0.01465136744081974,pdb_00009f33_E1_E2
13815,5,train,0.45089811086654663,pdb_00009mla_G_J
13816,5,train,0.6151200532913208,pdb_00004hg4_J_K
13817,5,train,0.01481576170772314,pdb_00007eo4_E1_E2
13818,5,train,0.023734578862786293,pdb_00008t3o_N1_N2
13819,5,train,0.021404676139354706,pdb_00006ad7_E_F
13820,5,train,0.49128293991088867,pdb_00005w3e_E_G
13821,5,train,0.3333713710308075,pdb_00007f6z_H_L
13822,5,train,0.7865018248558044,pdb_00008gpu_F_G
13823,5,train,0.11435052752494812,pdb_00003rhw_J_M
13824,5,train,0.047658443450927734,pdb_000021ag_S1_S2
13825,5,train,0.010918723419308662,pdb_00009upv_S1_S2
13826,5,train,0.06311095505952835,pdb_00007vdm_S1_S2
13827,5,train,0.5838214755058289,pdb_00007t3d_J_M
13828,5,train,0.6387858986854553,pdb_00009og1_B_C
13829,5,train,0.013359887525439262,pdb_00008ghv_S1_S2
13830,5,train,0.03330553323030472,pdb_00009iv6_S1_S2
13831,5,train,0.017127158120274544,pdb_00009cgk_E1_E2
13832,5,train,0.6205703020095825,pdb_00007whz_B_D
13833,5,train,0.01652137003839016,pdb_00009m0r_S1_S2
13834,5,train,0.8988253474235535,pdb_00004xzu_A_B
13835,5,train,0.6657363772392273,pdb_00009dru_H_L
13836,5,train,0.5424420833587646,pdb_00006wtu_B_C
13837,5,train,0.6653539538383484,pdb_00001bql_H_L
13838,5,train,0.883581817150116,pdb_00007yrh_F_E
13839,5,train,1.2513734102249146,pdb_00006bpc_B_C
13840,5,train,0.04428348317742348,pdb_00009j0i_S1_S2
13841,5,train,0.3869849145412445,pdb_00003s36_H_L
13842,5,train,0.08572665601968765,pdb_00007e33_E1_E2
13843,5,train,0.7008235454559326,pdb_00009mtm_H_L
13844,5,train,0.5144451856613159,pdb_00005dhx_B2_B1
13845,5,train,0.014849817380309105,pdb_00008ic0_E1_E2
13846,5,train,0.9858790040016174,pdb_00001osp_H_L
13847,5,train,0.985499918460846,pdb_00006xpz_E_F
13848,5,train,0.36715006828308105,pdb_00009bao_G_H
13849,5,train,0.746667206287384,pdb_00007c88_H_L
13850,5,train,0.2635008692741394,pdb_00008cwv_H_L
13851,5,train,0.23926571011543274,pdb_00006b3s_F_G
13852,5,train,0.21449622511863708,pdb_00009cpu_H_L
13853,5,train,1.1130547523498535,pdb_00009mtk_I_J
13854,5,train,0.881564199924469,pdb_00002zcl_H_L
13855,5,train,1.1076645851135254,pdb_00008g5b_J_N
13856,5,train,0.028319071978330612,pdb_00008j6r_S1_S2
13857,5,train,0.1746242195367813,pdb_00001j1o_H_L
13858,5,train,0.4823071360588074,pdb_00007zmk_V_W
13859,5,train,0.494248628616333,pdb_00009u5p_P_Q
13860,5,train,0.5231575965881348,pdb_00005nhr_H_L
13861,5,train,0.46696406602859497,pdb_00007klg_I_M
13862,5,train,0.8741584420204163,pdb_00008erq_H_L
13863,5,train,0.7082866430282593,pdb_00008eoo_F_K
13864,5,train,0.2517739534378052,pdb_00002qr0_B_A
13865,5,train,0.6862629652023315,pdb_00008hrd_W_X
13866,5,train,0.8824886679649353,pdb_00004l5f_H_L
13867,5,train,0.7215902209281921,pdb_00008q6j_D_C
13868,5,train,0.3514590263366699,pdb_00009wb4_B_C
13869,5,train,0.6341537833213806,pdb_00008f6x_D1_D2
13870,5,train,1.1887037754058838,pdb_00009mth_M_N
13871,5,train,0.3913281559944153,pdb_00008txu_H_L
13872,5,train,0.46492141485214233,pdb_00004ma7_H_L
13873,5,train,0.5885294675827026,pdb_00008tnt_E_D
13874,5,train,0.015776274725794792,pdb_00008f7q_E1_E2
13875,5,train,0.4631894826889038,pdb_00009iz9_M_N
13876,5,train,1.1546332836151123,pdb_00003mxw_H_L
13877,5,train,0.5027958154678345,pdb_00004gxu_O_P
13878,5,train,0.09313912689685822,pdb_00003fb7_A_B
13879,5,train,0.6324323415756226,pdb_00009fys_I_M
13880,5,train,0.02000891976058483,pdb_00008jgb_S1_S2
13881,5,train,0.657183825969696,pdb_00008hrd_O_P
13882,5,train,0.021465331315994263,pdb_00008jgf_E1_E2
13883,5,train,0.020205676555633545,pdb_00008wwi_E1_E2
13884,5,train,0.7809368371963501,pdb_00009ma7_F_G
13885,5,train,0.022192800417542458,pdb_00007ew3_S1_S2
13886,5,train,0.31820303201675415,pdb_00007x1m_C_D
13887,5,train,0.016401849687099457,pdb_00007s8p_E1_E2
13888,5,train,0.8099535703659058,pdb_00005d1z_G_H
13889,5,train,0.5208914279937744,pdb_00008y3h_G_H
13890,5,train,0.5815731883049011,pdb_00001n6q_H_L
13891,5,train,1.017716884613037,pdb_00006xxv_A_B
13892,5,train,0.7442569136619568,pdb_00009vhz_A_B
13893,5,train,0.5251272320747375,pdb_00008dis_B_G
13894,5,train,1.068963646888733,pdb_00008bbo_H_L
13895,5,train,0.026842394843697548,pdb_00007ej0_H1_H2
13896,5,train,0.4903680384159088,pdb_00004hg4_R_S
13897,5,train,0.7650910019874573,pdb_00008tpa_H_L
13898,5,train,0.014675918035209179,pdb_00009le0_S1_S2
13899,5,train,0.9777703881263733,pdb_00007uxl_A_B
13900,5,train,0.8296067118644714,pdb_00009oar_B_D
13901,5,train,0.02632286585867405,pdb_00008iw1_S1_S2
13902,5,train,0.9242731332778931,pdb_00009cu7_H_L
13903,5,train,0.025094637647271156,pdb_00008hqe_H1_H2
13904,5,train,0.07042167335748672,pdb_00009kt7_E1_E2
13905,5,train,0.6751030087471008,pdb_00008suo_I_M
13906,5,train,0.6732594966888428,pdb_00002vit_B_A
13907,5,train,0.5672534704208374,pdb_00006n5d_C_D
13908,5,train,0.7487087845802307,pdb_00008ol9_B_A
13909,5,train,0.045957908034324646,pdb_00006k5a_E_F
13910,5,train,1.182483196258545,pdb_00003h3b_C2_C1
13911,5,train,0.2982119619846344,pdb_00007klh_H_L
13912,5,train,0.727363109588623,pdb_00007zwi_E_F
13913,5,train,0.5138137936592102,pdb_00008dww_Z_Y
13914,5,train,0.39188581705093384,pdb_00007zfe_M_N
13915,5,train,0.02179987169802189,pdb_00008y73_E1_E2
13916,5,train,0.8456838130950928,pdb_00007uvi_D_E
13917,5,train,0.41740137338638306,pdb_00001dzb_A1_A2
13918,5,train,0.5756386518478394,pdb_00009quw_F_E
13919,5,train,1.9537696838378906,pdb_00008edf_H_L
13920,5,train,0.3367353677749634,pdb_00007kfw_H_L
13921,5,train,0.6000851988792419,pdb_00008jqn_h_l
13922,5,train,0.7155335545539856,pdb_00007x93_E_F
13923,5,train,0.013674641028046608,pdb_00007w56_E1_E2
13924,5,train,0.01422522310167551,pdb_00008jbh_E1_E2
13925,5,train,0.45090818405151367,pdb_00008qh0_H_L
13926,5,train,0.6615763306617737,pdb_00009og2_D_E
13927,5,train,0.19140969216823578,pdb_00002qr0_H_G
13928,5,train,0.5521584153175354,pdb_00005nh3_H_L
13929,5,train,0.8190587759017944,pdb_00009shd_H_L
13930,5,train,0.6567309498786926,pdb_00008e2u_H_L
13931,5,train,0.5653159618377686,pdb_00008gv6_G_H
13932,5,train,0.7950567007064819,pdb_00006uig_B_C
13933,5,train,0.6043850183486938,pdb_00007wk0_D_E
13934,5,train,0.014427440240979195,pdb_00007evz_E1_E2
13935,5,train,0.41703686118125916,pdb_00009k6j_A_B
13936,5,train,0.8433140516281128,pdb_00007t3d_P_R
13937,5,train,0.8290050029754639,pdb_00006hjp_K_L
13938,5,train,0.670173168182373,pdb_00006ii9_P_Q
13939,5,train,0.07864232361316681,pdb_00008z3q_S1_S2
13940,5,train,0.01463477686047554,pdb_00007y1f_E1_E2
13941,5,train,0.5975961685180664,pdb_00006woz_E_F
13942,5,train,0.9442642331123352,pdb_00006jhs_E_D
13943,5,train,0.3206302225589752,pdb_00008as0_E_D
13944,5,train,0.033816784620285034,pdb_00008z8a_S1_S2
13945,5,train,0.8728379011154175,pdb_00008cxg_h_l
13946,5,train,0.984585165977478,pdb_00007y0w_A_B
13947,5,train,0.665527880191803,pdb_00007ua8_H1_H2
13948,5,train,0.34678035974502563,pdb_00006txz_I_M
13949,5,train,0.6273173689842224,pdb_00008w84_A_B
13950,5,train,0.45606014132499695,pdb_00008bcz_E_F
13951,5,train,0.14910438656806946,pdb_00008ubk_N2_N1
13952,5,train,1.336029291152954,pdb_00001jrh_H_L
13953,5,train,0.27013710141181946,pdb_00005aam_B1_B2
13954,5,train,0.027451291680336,pdb_00002fee_I_L
13955,5,train,0.22910353541374207,pdb_00006vmk_P_O
13956,5,train,0.46385806798934937,pdb_00007jx3_H_L
13957,5,train,0.8242001533508301,pdb_00002w9e_H_L
13958,5,train,0.1618882715702057,pdb_00001ic5_H_L
13959,5,train,0.34320369362831116,pdb_00009u5p_B_C
13960,5,train,1.02946138381958,pdb_00007wro_H_L
13961,5,train,0.3239366412162781,pdb_00007x1m_H_L
13962,5,train,0.4849343001842499,pdb_00009ue8_M_N
13963,5,train,0.6457026600837708,pdb_00007zfc_H_L
13964,5,train,0.6622185111045837,pdb_00009kze_H_L
13965,5,train,0.6742326021194458,pdb_00001bvk_E_D
13966,5,train,0.4771730601787567,pdb_00008zd5_B_C
13967,5,train,0.8093708157539368,pdb_00004hjj_H2_L2
13968,5,train,0.7016440033912659,pdb_00005jz7_J_K
13969,5,train,0.08023028075695038,pdb_00007k60_N2_N1
13970,5,train,0.030226875096559525,pdb_00009kz2_H1_H2
13971,5,train,1.2621736526489258,pdb_00001iqd_B_A
13972,5,train,0.516052782535553,pdb_00005dhy_A_B
13973,5,train,0.2817434072494507,pdb_00008i0n_I_M
13974,5,train,0.01973087340593338,pdb_00008yh0_S1_S2
13975,5,train,0.1042337566614151,pdb_00003fb8_A_B
13976,5,train,0.014390658587217331,pdb_00008yh2_S1_S2
13977,5,train,0.038321107625961304,pdb_00006k5d_E_F
13978,5,train,0.8668346405029297,pdb_00002oz4_H_L
13979,5,train,0.5828431248664856,pdb_00008v5v_c_e
13980,5,train,0.4559112787246704,pdb_00009pw4_C_D
13981,5,train,0.15313082933425903,pdb_00006yz7_BBB_CCC
13982,5,train,0.5650980472564697,pdb_00004gxu_Q_R
13983,5,train,0.40254589915275574,pdb_00008i5l_D1_D2
13984,5,train,0.957897424697876,pdb_00009hvw_H_L
13985,5,train,0.44091302156448364,pdb_00009mqa_I_M
13986,5,train,0.015765445306897163,pdb_00007ew1_E1_E2
13987,5,train,0.2965887784957886,pdb_00007f7h_A_B
13988,5,train,0.7220425605773926,pdb_00008bg1_G_H
13989,5,train,0.3572639226913452,pdb_00006txz_H_L
13990,5,train,0.48298680782318115,pdb_00003eo1_E_D
13991,5,train,0.3973124921321869,pdb_00004tsb_H_L
13992,5,train,0.3391852080821991,pdb_00007wbz_H_L
13993,5,train,0.3542894124984741,pdb_00008jen_G_H
13994,5,train,0.7648695111274719,pdb_00007tbf_H_L
13995,5,train,0.02533653937280178,pdb_00008iru_E1_E2
13996,5,train,0.014146041125059128,pdb_00007rgp_E1_E2
13997,5,train,1.3803160190582275,pdb_00005tfw_H_L
13998,5,train,1.027882695198059,pdb_00003bsz_N_M
13999,5,train,0.026421627029776573,pdb_00009d0a_E1_E2
14000,5,train,0.5195410847663879,pdb_00009me7_I_M
14001,5,train,0.6510389447212219,pdb_00007sd5_H_L
14002,5,train,0.5390821099281311,pdb_00007xsc_D_H
14003,5,train,0.9081289172172546,pdb_00009riq_H_L
14004,5,train,0.7845670580863953,pdb_00007mzj_H_L
14005,5,train,1.179951548576355,pdb_00007t7b_H_L
14006,5,train,0.7388899326324463,pdb_00004kht_H_L
14007,5,train,0.9113597869873047,pdb_00007l5j_W_L
14008,5,train,0.5755922198295593,pdb_00004yk4_C_B
14009,5,train,0.5239999294281006,pdb_00005w3l_E_G
14010,5,train,0.8019904494285583,pdb_00007ahu_B_A
14011,5,train,0.02012859657406807,pdb_00009lr1_S1_S2
14012,5,train,0.26593729853630066,pdb_00009me6_I_M
14013,5,train,0.028049539774656296,pdb_00009vmn_S1_S2
14014,5,train,0.7931868433952332,pdb_00008dce_H1_H2
14015,5,train,0.5063345432281494,pdb_00001tzh_B_A
14016,5,train,0.8762878179550171,pdb_00006d0u_E_F
14017,5,train,0.3136855959892273,pdb_00007m6d_A_B
14018,5,train,0.724132776260376,pdb_00008hrd_D_F
14019,5,train,0.03815959393978119,pdb_00009jkv_S1_S2
14020,5,train,0.7935141921043396,pdb_00006t9d_HHH_LLL
14021,5,train,0.7787540555000305,pdb_00007fcp_B_D
14022,5,train,0.05736120790243149,pdb_00008jxx_E1_E2
14023,5,train,0.6836258172988892,pdb_00008uzp_H_L
14024,5,train,0.4413442015647888,pdb_00006pe9_E_F
14025,5,train,0.18446241319179535,pdb_00008vgi_H_G
14026,5,train,0.7664312124252319,pdb_00007bsd_H_L
14027,5,train,0.015083497390151024,pdb_00009buy_E1_E2
14028,5,train,0.31180086731910706,pdb_00005yoy_G_D
14029,5,train,0.02522578276693821,pdb_000022es_E1_E2
14030,5,train,0.611454963684082,pdb_00001z3g_I_M
14031,5,train,0.733428955078125,pdb_00007bbj_M_N
14032,5,train,0.7588269114494324,pdb_00007kzb_H_L
14033,5,train,0.8097484111785889,pdb_00006ek2_H1_H2
14034,5,train,0.8076707720756531,pdb_00004f37_F_K
14035,5,train,0.022661739960312843,pdb_00008hs3_S1_S2
14036,5,train,0.04118426889181137,pdb_00007k5x_M2_M1
14037,5,train,0.5211030840873718,pdb_00007mem_G_J
14038,5,train,1.1146124601364136,pdb_00008gsd_H_L
14039,5,train,0.5463691353797913,pdb_00006wzm_A_B
14040,5,train,0.6074071526527405,pdb_00003eoa_B_A
14041,5,train,1.3015705347061157,pdb_00008s72_H_L
14042,5,train,0.09340983629226685,pdb_00007vgs_F_E
14043,5,train,1.0335628986358643,pdb_00007wed_H_L
14044,5,train,0.6679957509040833,pdb_00009lsi_C1_D2
14045,5,train,0.014360243454575539,pdb_00008sai_S1_S2
14046,5,train,0.00900186412036419,pdb_00009lrd_E1_E2
14047,5,train,0.02902274578809738,pdb_00008ijd_S1_S2
14048,5,train,0.664356529712677,pdb_00007mzn_H_L
14049,5,train,0.17788580060005188,pdb_00006zlr_FFF_GGG
14050,5,train,0.0381646566092968,pdb_00008vfx_N2_N1
14051,5,train,0.02973376400768757,pdb_00007yoo_S1_S2
14052,5,train,0.5136327743530273,pdb_00004ffw_D_C
14053,5,train,0.457332044839859,pdb_00008zd6_E_F
14054,5,train,0.01678439974784851,pdb_00007y64_S1_S2
14055,5,train,0.13595864176750183,pdb_00006yor_H_L
14056,5,train,0.5946229100227356,pdb_00005wko_G_H
14057,5,train,0.4398561716079712,pdb_00003klh_D_C
14058,5,train,0.00894410815089941,pdb_00009jlc_S1_S2
14059,5,train,0.007205965928733349,pdb_00008yky_S1_S2
14060,5,train,0.04122551903128624,pdb_00006e0c_N1_N2
14061,5,train,0.019073717296123505,pdb_00009l80_S1_S2
14062,5,train,0.03718705102801323,pdb_00009ast_E1_E2
14063,5,train,0.7946728467941284,pdb_00008w85_A_B
14064,5,train,0.7039822936058044,pdb_00006gku_H_L
14065,5,train,0.007573907729238272,pdb_00007t2h_E1_E2
14066,5,train,0.7503208518028259,pdb_00006d0u_H_I
14067,5,train,0.01481675822287798,pdb_00007y24_S1_S2
14068,5,train,0.4856509566307068,pdb_00004hg4_L_M
14069,5,train,0.031263869255781174,pdb_00008hqn_H1_H2
14070,5,train,0.7507194876670837,pdb_00001fns_H_L
14071,5,train,0.7978370189666748,pdb_00004ag4_H_L
14072,5,train,0.03499424830079079,pdb_00009d4z_E1_E2
14073,5,train,0.3841894865036011,pdb_00009cia_B_A
14074,5,train,0.010934132151305676,pdb_00009kfk_S1_S2
14075,5,train,0.3720558285713196,pdb_00006ban_H_G
14076,5,train,0.46978890895843506,pdb_00002x7l_C_D
14077,5,train,0.45908093452453613,pdb_00007wqv_P1_P2
14078,5,train,0.04990562051534653,pdb_00008ubj_N2_N1
14079,5,train,0.02618190087378025,pdb_00007trp_H1_H2
14080,5,train,0.08963460475206375,pdb_00007cvs_E_F
14081,5,train,0.027337221428751945,pdb_00008jpn_S1_S2
14082,5,train,0.2776220440864563,pdb_00009jy3_P_O
14083,5,train,0.7239956855773926,pdb_00007dm1_F_E
14084,5,train,0.5387382507324219,pdb_00009cq4_C_D
14085,5,train,0.8232994675636292,pdb_00007y3n_C_D
14086,5,train,0.014851459302008152,pdb_00008hj5_C1_C2
14087,5,train,0.5289313793182373,pdb_00007xcz_B_C
14088,5,train,0.016782401129603386,pdb_00006omm_E1_E2
14089,5,train,0.42190951108932495,pdb_00008hrd_G_H
14090,5,train,0.2194761037826538,pdb_00004hjg_B_A
14091,5,train,0.8029414415359497,pdb_00006ss4_HHH_LLL
14092,5,train,0.840153157711029,pdb_00007xj9_K_J
14093,5,train,0.549993634223938,pdb_00004fp8_I_M
14094,5,train,0.5403269529342651,pdb_00007d6i_B_C
14095,5,train,0.5536273717880249,pdb_00006z3q_H_L
14096,5,train,0.37025272846221924,pdb_00001ndm_B_A
14097,5,train,0.48159947991371155,pdb_00006wzj_A_B
14098,5,train,0.820877194404602,pdb_00009h4r_H_L
14099,5,train,0.7212728261947632,pdb_00009n4e_Q_P
14100,5,train,0.012791610322892666,pdb_00008jgg_S1_S2
14101,5,train,0.41981735825538635,pdb_00002eks_B_A
14102,5,train,1.1969695091247559,pdb_00009jub_B_C
14103,5,train,0.50543212890625,pdb_00005w0k_H_L
14104,5,train,0.012077534571290016,pdb_00008kfz_S1_S2
14105,5,train,0.8583272099494934,pdb_00007rxj_A_B
14106,5,train,1.0537323951721191,pdb_00009me6_J_N
14107,5,train,0.7029708027839661,pdb_00004oii_H_L
14108,5,train,0.6837283372879028,pdb_00007x6o_I_K
14109,5,train,0.01742888242006302,pdb_00007vif_E1_E2
14110,5,train,0.7058793902397156,pdb_00008ezk_H1_H2
14111,5,train,0.009250267408788204,pdb_00007yac_S1_S2
14112,5,train,0.685969889163971,pdb_00006hjp_G_H
14113,5,train,0.5212374329566956,pdb_00008w83_E_F
14114,5,train,0.43973875045776367,pdb_00008wpw_H_L
14115,5,train,0.04351235553622246,pdb_00008i9s_H1_H2
14116,5,train,1.1408483982086182,pdb_00008ezl_H1_H2
14117,5,train,0.7030579447746277,pdb_00008smi_H_L
14118,5,train,0.8379650115966797,pdb_00007f0x_B1_B2
14119,5,train,0.780681312084198,pdb_00009dn2_I_M
14120,5,train,0.02855919487774372,pdb_00007l1u_H1_H2
14121,5,train,0.5392721891403198,pdb_00007eam_H_L
14122,5,train,0.618986189365387,pdb_00005xhv_H_L
14123,5,train,1.146870732307434,pdb_00008tp5_E_F
14124,5,train,0.012326067313551903,pdb_00009ego_S1_S2
14125,5,train,0.6519253849983215,pdb_00007x3c_H_L
14126,5,train,0.3927411139011383,pdb_00009quw_D_C
14127,5,train,0.022985676303505898,pdb_00007xw9_S1_S2
14128,5,train,0.302644819021225,pdb_00008elp_H_L
14129,5,train,0.9898061156272888,pdb_00009lae_H_L
14130,5,train,0.6064563393592834,pdb_00009cn2_B1_B2
14131,5,train,0.6199828386306763,pdb_00006vja_H_L
14132,5,train,0.37560397386550903,pdb_00007c01_H_L
14133,5,train,0.7005968689918518,pdb_00007ua2_H1_H2
14134,5,train,0.024247433990240097,pdb_00008thl_F1_F2
14135,5,train,0.05535925179719925,pdb_00008j21_B1_B2
14136,5,train,0.5842584371566772,pdb_00004gxu_M_N
14137,5,train,0.01602284610271454,pdb_00008j19_S1_S2
14138,5,train,0.941898763179779,pdb_00009oi3_I_J
14139,5,train,0.5735612511634827,pdb_00008oz3_A_B
14140,5,train,0.01017307210713625,pdb_00009jmc_E1_E2
14141,5,train,0.8055128455162048,pdb_00006xy2_H_L
14142,5,train,0.03306114673614502,pdb_00009b5y_N1_N2
14143,5,train,0.3443528115749359,pdb_00007klg_H_L
14144,5,train,0.29385554790496826,pdb_00001g7m_B_A
14145,5,train,0.5490959286689758,pdb_00004np4_I_M
14146,5,train,0.10793197900056839,pdb_00002itc_A_B
14147,5,train,0.6325927972793579,pdb_00008ut2_J_I
14148,5,train,0.17178207635879517,pdb_00009ouo_J_K
14149,5,train,0.014051040634512901,pdb_00009m8k_N1_N2
14150,5,train,0.008418655022978783,pdb_00008jsr_C1_C2
14151,5,train,0.7438915967941284,pdb_00009bbn_S_T
14152,5,train,0.47959086298942566,pdb_00008h7z_F_I
14153,5,train,0.11511987447738647,pdb_00009oum_H_L
14154,5,train,0.3397543430328369,pdb_00006xc4_X_Y
14155,5,train,0.7318233251571655,pdb_00007ec5_E_F
14156,5,train,0.06592659652233124,pdb_00007k61_M2_M1
14157,5,train,0.02397329919040203,pdb_00008z7j_S1_S2
14158,5,train,0.5425784587860107,pdb_00008tx3_H_L
14159,5,train,0.5827399492263794,pdb_00008vsj_H_L
14160,5,train,0.5134826898574829,pdb_00007vgr_F_E
14161,5,train,0.5121631622314453,pdb_00007xik_H_L
14162,5,train,0.42626145482063293,pdb_00006ktr_A_B
14163,5,train,0.8861382603645325,pdb_00005a3i_C_D
14164,5,train,0.16086626052856445,pdb_00003rif_G_K
14165,5,train,0.011581061407923698,pdb_00008jbg_E1_E2
14166,5,train,0.011987651698291302,pdb_00007v69_S1_S2
14167,5,train,0.22322535514831543,pdb_00009ptm_I_M
14168,5,train,0.24017952382564545,pdb_00002qr0_T_S
14169,5,train,1.030173659324646,pdb_00009mtl_I_J
14170,5,train,1.3786386251449585,pdb_00004g3y_H_L
14171,5,train,0.159706249833107,pdb_00004tnw_H_L
14172,5,train,0.020202133804559708,pdb_00008xxx_S1_S2
14173,5,train,1.0555989742279053,pdb_00007rco_D_C
14174,5,train,0.027774706482887268,pdb_00009vo1_E1_E2
14175,5,train,0.0909586250782013,pdb_00005j9p_A_B
14176,5,train,0.4904860556125641,pdb_00007zfc_A_B
14177,5,train,0.36759984493255615,pdb_00007zfb_J_K
14178,5,train,0.0625237450003624,pdb_00008evi_M1_M2
14179,5,train,0.9578520655632019,pdb_00008r8k_H_L
14180,5,train,0.03317062929272652,pdb_00008j6j_H1_H2
14181,5,train,0.9550487995147705,pdb_00007m7w_A_B
14182,5,train,0.6352816820144653,pdb_00008sxp_H_L
14183,5,train,0.6409681439399719,pdb_00009oi3_M_N
14184,5,train,0.2745099663734436,pdb_00006b3s_J_K
14185,5,train,0.032342907041311264,pdb_00008kfy_S1_S2
14186,5,train,0.8056702017784119,pdb_00008xe9_A_B
14187,5,train,0.8283213376998901,pdb_00009bdh_H_L
14188,5,train,0.1310839205980301,pdb_00004tnw_F_N
14189,5,train,0.7956833839416504,pdb_00009mtg_M_N
14190,5,train,0.049298472702503204,pdb_00007k63_M2_M1
14191,5,train,0.8474618792533875,pdb_00007uvs_D_E
14192,5,train,0.007679929956793785,pdb_00009j5v_S1_S2
14193,5,train,1.494271993637085,pdb_00008r4n_H_L
14194,5,train,0.09707484394311905,pdb_00007udh_E_F
14195,5,train,0.3706352114677429,pdb_00005ggv_H_L
14196,5,train,0.7218039035797119,pdb_00008rrn_C_D
14197,5,train,0.08020863682031631,pdb_00009v1h_E1_E2
14198,5,train,0.5633888840675354,pdb_00008jkh_M_N
14199,5,train,0.26909422874450684,pdb_00001xiw_D_C
14200,5,train,0.6123934388160706,pdb_00002iff_H_L
14201,5,train,0.00648988364264369,pdb_00009k6l_S1_S2
14202,5,train,0.5529447197914124,pdb_00009cq4_H_L
14203,5,train,0.007165833376348019,pdb_00009lre_E1_E2
14204,5,train,0.02742764912545681,pdb_00008xgo_D1_D2
14205,5,train,0.9944866895675659,pdb_00007kq7_H_L
14206,5,train,0.4193406105041504,pdb_00004hg4_X_Y
14207,5,train,0.5320725440979004,pdb_00009fyt_I_M
14208,5,train,0.013965361751616001,pdb_00007vv3_S1_S2
14209,5,train,0.6287353038787842,pdb_00008w83_A_B
14210,5,train,0.007523342967033386,pdb_00008j1a_S1_S2
14211,5,train,0.008223718032240868,pdb_00009kpf_S1_S2
14212,5,train,0.029693199321627617,pdb_00008ij3_S1_S2
14213,5,train,0.009408768266439438,pdb_00008xqp_S1_S2
14214,5,train,0.7051910758018494,pdb_00009mq9_J_N
14215,5,train,0.03547735884785652,pdb_00008u9s_M2_M1
14216,5,train,0.026808584108948708,pdb_00009yda_H1_H2
14217,5,train,0.0325414314866066,pdb_00008u9s_N2_N1
14218,5,train,0.09186147898435593,pdb_00009oun_H_L
14219,5,train,0.013764441944658756,pdb_00007vkt_E1_E2
14220,5,train,0.4094080328941345,pdb_00009ci8_B_A
14221,5,train,0.4721028208732605,pdb_00007zmk_P_Q
14222,5,train,0.9107967615127563,pdb_00008bcz_H_L
14223,5,train,0.9264351725578308,pdb_00003lh2_K_O
14224,5,train,0.059201084077358246,pdb_00008tzq_E1_E2
14225,5,train,0.43492045998573303,pdb_00007x66_H_L
14226,5,train,0.42551785707473755,pdb_00007x63_H_L
14227,5,train,0.7687429785728455,pdb_00008gpy_E1_E2
14228,5,train,0.9838569164276123,pdb_00008v52_D_C
14229,5,train,0.0489523783326149,pdb_00007ukp_E_F
14230,5,train,0.6036401987075806,pdb_00006xq2_C_B
14231,5,train,0.015063081867992878,pdb_00007yfc_C1_C2
14232,5,train,0.41581109166145325,pdb_00005nh3_I_M
14233,5,train,0.024559207260608673,pdb_00006wwz_S1_S2
14234,5,train,0.04422835260629654,pdb_00003zdz_E_F
14235,5,train,0.225515678524971,pdb_00006bae_B_A
14236,5,train,0.6567997336387634,pdb_00008ywx_E_D
14237,5,train,0.029586490243673325,pdb_00006dzt_N1_N2
14238,5,train,1.024025797843933,pdb_00005c0n_C_D
14239,5,train,0.012742479331791401,pdb_00006n4b_S1_S2
14240,5,train,0.2287077158689499,pdb_00006z2m_B_C
14241,5,train,0.03700494021177292,pdb_00008syp_M1_M2
14242,5,train,0.2141442894935608,pdb_00006vmk_f_e
14243,5,train,0.7699748277664185,pdb_00007mmo_A_B
14244,5,train,0.03353334590792656,pdb_00003nif_E_F
14245,5,train,0.5185799598693848,pdb_00008bg5_C1_C2
14246,5,train,0.020415686070919037,pdb_00008xqs_S1_S2
14247,5,train,0.47054365277290344,pdb_00004jpk_H_L
14248,5,train,0.5414408445358276,pdb_00005jz7_H_L
14249,5,train,0.22519727051258087,pdb_00002dqf_E_D
14250,5,train,0.03874283656477928,pdb_00009ldw_S1_S2
14251,5,train,0.7873185873031616,pdb_00007wur_E_F
14252,5,train,0.021962231025099754,pdb_00007yk6_S1_S2
14253,5,train,1.011209487915039,pdb_00005hbv_D_C
14254,5,train,0.020522449165582657,pdb_00008j6q_S1_S2
14255,5,train,0.03139755129814148,pdb_00002ht4_E_F
14256,5,train,0.79770427942276,pdb_00008k5g_H_L
14257,5,train,0.017957065254449844,pdb_00008xjk_E1_E2
14258,5,train,0.6909191012382507,pdb_00008g5a_I_M
14259,5,train,1.00972318649292,pdb_00006s3d_C_D
14260,5,train,0.010495905764400959,pdb_00007ew4_S1_S2
14261,5,train,0.10346873104572296,pdb_00008si9_K_L
14262,5,train,0.014607944525778294,pdb_00008jlk_S1_S2
14263,5,train,0.7036879062652588,pdb_00004f2m_C_D
14264,5,train,0.046057067811489105,pdb_00007tpd_E_F
14265,5,train,0.01474186684936285,pdb_00007vdh_S1_S2
14266,5,train,0.008613266982138157,pdb_00009jh6_S1_S2
14267,5,train,0.7124673128128052,pdb_00009os5_G_J
14268,5,train,0.009028716944158077,pdb_00009oxb_D1_D2
14269,5,train,0.8384101390838623,pdb_00008cxg_G_I
14270,5,train,0.03039633482694626,pdb_00007t6s_E1_E2
14271,5,train,0.40246444940567017,pdb_00007mzh_B_C
14272,5,train,0.3882282078266144,pdb_00008f2j_D_F
14273,5,train,0.3684453070163727,pdb_00008jel_A_B
14274,5,train,0.006721623241901398,pdb_00009cgj_E1_E2
14275,5,train,0.19172650575637817,pdb_00008elq_H_L
14276,5,train,0.06165068596601486,pdb_00006x3s_K_L
14277,5,train,0.9081299901008606,pdb_00008tnt_G_F
14278,5,train,0.6577360033988953,pdb_00008eed_I_J
14279,5,train,1.0009335279464722,pdb_00009oco_H_L
14280,5,train,0.6147807240486145,pdb_00001p2c_B_A
14281,5,train,0.00875054206699133,pdb_00009ldx_S1_S2
14282,5,train,0.5276926159858704,pdb_00007sk8_D_C
14283,5,train,0.4968990087509155,pdb_00003rhw_F_N
14284,5,train,0.5677290558815002,pdb_00003fku_T1_T2
14285,5,train,1.0804991722106934,pdb_00007yh6_H_L
14286,5,train,0.15897716581821442,pdb_00006vmk_r_q
14287,5,train,0.02729683183133602,pdb_00008xxr_S1_S2
14288,5,train,0.5923259258270264,pdb_00003vrl_H_L
14289,5,train,0.04399806261062622,pdb_00006x3t_K_L
14290,5,train,0.018632475286722183,pdb_00007s8l_E1_E2
14291,5,train,0.8589751124382019,pdb_00009oap_H_L
14292,5,train,0.24631577730178833,pdb_00008i5h_E_F
14293,5,train,0.7523192167282104,pdb_00007v3g_I_M
14294,5,train,0.06928053498268127,pdb_00006x3v_J_I
14295,5,train,0.017009742558002472,pdb_00009jr2_S1_S2
14296,5,train,0.04890129715204239,pdb_00009cm7_N1_N2
14297,5,train,1.6183024644851685,pdb_00006cvk_A2_A1
14298,5,train,0.0738518014550209,pdb_00008iys_E1_E2
14299,5,train,0.03077547438442707,pdb_00002r9h_E_F
14300,5,train,0.032286956906318665,pdb_00009kug_H1_H2
14301,5,train,0.36596331000328064,pdb_00008txu_F_K
14302,5,train,0.593933641910553,pdb_00009og2_B_C
14303,5,train,0.5055574178695679,pdb_00008too_H_E
14304,5,train,0.3741798996925354,pdb_00007kmh_A_B
14305,5,train,0.015860537067055702,pdb_00008dzp_E1_E2
14306,5,train,0.034589070826768875,pdb_00008f7r_E1_E2
14307,5,train,0.9042989611625671,pdb_00001rjl_B_A
14308,5,train,0.8364614844322205,pdb_00009sat_H_L
14309,5,train,0.05737733840942383,pdb_00007k63_N2_N1
14310,5,train,0.03368775546550751,pdb_00008thk_F1_F2
14311,5,train,0.8122174739837646,pdb_00006t9e_AAA_BBB
14312,5,train,0.09327198565006256,pdb_00005u5m_B_A
14313,5,train,0.9582534432411194,pdb_00006plk_I_M
14314,5,train,0.4284587800502777,pdb_00007tn0_H_G
14315,5,train,0.023114759474992752,pdb_00007f2o_S1_S2
14316,5,train,0.5788061618804932,pdb_00009lho_T_S
14317,5,train,0.6322997808456421,pdb_00009ima_C_D
14318,5,train,0.01251316349953413,pdb_00007s8n_E1_E2
14319,5,train,0.01953772082924843,pdb_00007yu3_S1_S2
14320,5,train,0.5173308253288269,pdb_00002i9l_H_G
14321,5,train,0.015708696097135544,pdb_00008xzf_S1_S2
14322,5,train,0.12183428555727005,pdb_00008j24_G1_G2
14323,5,train,0.05839842930436134,pdb_00003det_E_F
14324,5,train,0.6164481043815613,pdb_00009bt5_C_D
14325,5,train,0.030789189040660858,pdb_00008xyd_E1_E2
14326,5,train,0.5190292596817017,pdb_00001tqb_B_C
14327,5,train,0.014337768778204918,pdb_00009ll7_S1_S2
14328,5,train,0.7344775199890137,pdb_00008w86_A_B
14329,5,train,0.9808409214019775,pdb_00007t01_H_L
14330,5,train,0.9927874207496643,pdb_00006gff_N_M
14331,5,train,0.046308256685733795,pdb_00007w7e_H1_H2
14332,5,train,0.02478097565472126,pdb_00007eq1_S1_S2
14333,5,train,0.4974333643913269,pdb_00005ugy_J_N
14334,5,train,0.44151172041893005,pdb_00006j6y_B_C
14335,5,train,0.5776836276054382,pdb_00008hrd_Y_Z
14336,5,train,0.5713995099067688,pdb_00006cyf_M_L
14337,5,train,0.06215334311127663,pdb_00008evh_N1_N2
14338,5,train,0.011432960629463196,pdb_00009jeq_S1_S2
14339,5,train,0.5135539174079895,pdb_00007rk2_D1_D2
14340,5,train,0.26479271054267883,pdb_00005aaw_D1_D2
14341,5,train,0.0534505732357502,pdb_00006e0p_M1_M2
14342,5,train,0.9255602359771729,pdb_00004khx_H_L
14343,5,train,1.0293943881988525,pdb_00007mxl_J_K
14344,5,train,0.08139833807945251,pdb_00006x3z_J_I
14345,5,train,0.1656225323677063,pdb_00009nz4_D_C
14346,5,train,0.3450888693332672,pdb_00003fku_X1_X2
14347,5,train,0.038488976657390594,pdb_00009vmp_S1_S2
14348,5,train,0.015606625936925411,pdb_00009u4w_S1_S2
14349,5,train,0.6256518363952637,pdb_00007wur_G_H
14350,5,train,0.09656473994255066,pdb_00009zqa_I2_I1
14351,5,train,0.35588133335113525,pdb_00002x7l_J_K
14352,5,train,0.23639622330665588,pdb_00006b3s_C_D
14353,5,train,0.026678627356886864,pdb_00002hlf_E_F
14354,5,train,0.5288324952125549,pdb_00008g5a_H_L
14355,5,train,1.594793677330017,pdb_00009o7i_D_C
14356,5,train,0.014402467757463455,pdb_00008k4s_D1_D2
14357,5,train,0.40277472138404846,pdb_00008g5a_J_N
14358,5,train,0.385154664516449,pdb_00007jmo_H_L
14359,5,train,0.12597474455833435,pdb_00005aaw_K1_K2
14360,5,train,0.15494048595428467,pdb_00004tnw_U_h
14361,5,train,0.7071263790130615,pdb_00002wuc_H_L
14362,5,train,0.6129276752471924,pdb_00006woz_K_L
14363,5,train,0.5335881114006042,pdb_00008eoo_H_L
14364,5,train,0.01913025975227356,pdb_00009iqt_E1_E2
14365,5,train,0.080417700111866,pdb_00006x3t_J_I
14366,5,train,0.6277541518211365,pdb_00007wqv_L1_L2
14367,5,train,0.6045059561729431,pdb_00003nh7_H_L
14368,5,train,0.6570525765419006,pdb_00004hj0_P_Q
14369,5,train,0.036860737949609756,pdb_00008dd2_J_I
14370,5,train,0.4097447693347931,pdb_00006ii8_G_I
14371,5,train,0.015458839945495129,pdb_00008jlr_S1_S2
14372,5,train,0.03261846676468849,pdb_00007ejk_H1_H2
14373,5,train,0.19723491370677948,pdb_000011oq_H_L
14374,5,train,0.6172201037406921,pdb_00007ttx_H_L
14375,5,train,0.5627079606056213,pdb_00007s7i_J_N
14376,5,train,0.42947283387184143,pdb_00007sk7_D_C
14377,5,train,0.6896201372146606,pdb_00006vja_I_M
14378,5,train,0.7667250037193298,pdb_00008e8l_H_L
14379,5,train,0.03351106867194176,pdb_00008spu_N1_N2
14380,5,train,0.5055012702941895,pdb_00005wko_E_F
14381,5,train,0.010111445561051369,pdb_00008hnk_S1_S2
14382,5,train,0.7564516067504883,pdb_00009mqd_H_L
14383,5,train,0.9648191332817078,pdb_00008zpq_A_B
14384,5,train,0.7855804562568665,pdb_00008z6x_B_C
14385,5,train,0.9237511157989502,pdb_00008d7e_D_E
14386,5,train,0.5499283671379089,pdb_00006xq2_F_E
14387,5,train,2.2117743492126465,pdb_00006vlw_H_L
14388,5,train,0.08391464501619339,pdb_00008ihj_S1_S2
14389,5,train,0.35807308554649353,pdb_00007s0b_A_B
14390,5,train,0.010869775898754597,pdb_00008dwg_E1_E2
14391,5,train,0.03748968616127968,pdb_00008gcp_E1_E2
14392,5,train,1.0236313343048096,pdb_00006k65_H_L
14393,5,train,0.5727234482765198,pdb_00006dkj_H_L
14394,5,train,0.2264155149459839,pdb_00002qr0_X_W
14395,5,train,0.7231923341751099,pdb_00008xcd_H_L
14396,5,train,0.5253958106040955,pdb_00007sco_H_L
14397,5,train,0.5527243614196777,pdb_00004ffv_D_C
14398,5,train,0.31879985332489014,pdb_00005yoy_Q_N
14399,5,train,0.02810817025601864,pdb_00009izd_S1_S2
14400,5,train,0.3092966377735138,pdb_00008hws_H_L
14401,5,train,0.41168013215065,pdb_00002yss_B_A
14402,5,train,0.011683646589517593,pdb_00008g94_E1_E2
14403,5,train,0.03020503930747509,pdb_00008irs_E1_E2
14404,5,train,0.7776331901550293,pdb_00009me7_J_N
14405,5,train,0.030521709471940994,pdb_00009kfi_S1_S2
14406,5,train,0.7206214070320129,pdb_00006wtu_K_L
14407,5,train,0.9551344513893127,pdb_00009oea_H_L
14408,5,train,0.5970703959465027,pdb_00009mtm_I_J
14409,5,train,0.635048508644104,pdb_00009ib3_H_L
14410,5,train,0.021822797134518623,pdb_00006oij_H1_H2
14411,5,train,0.8681591153144836,pdb_00009l07_H_L
14412,5,train,0.7572816610336304,pdb_00007l0l_H_L
14413,5,train,0.3516179621219635,pdb_00008jkf_h_l
14414,5,train,0.045224204659461975,pdb_00002vc2_H_L
14415,5,train,0.9485106468200684,pdb_00005gs0_D_C
14416,5,train,0.20761162042617798,pdb_00001ua6_H_L
14417,5,train,0.071376271545887,pdb_00009clw_N1_N2
14418,5,train,0.04705392196774483,pdb_00009w49_S1_S2
14419,5,train,0.8832763433456421,pdb_00006a4k_K_O
14420,5,train,0.8644981384277344,pdb_00008tp5_H_L
14421,5,train,0.49226322770118713,pdb_00009ctw_F_E
14422,5,train,0.5585366487503052,pdb_00001fbi_Q_P
14423,5,train,0.5760453343391418,pdb_00008dwx_H_L
14424,5,train,0.8517360687255859,pdb_00009t5z_H_L
14425,5,train,1.0492175817489624,pdb_00007yd1_A_B
14426,5,train,0.6364889740943909,pdb_00007pry_C_D
14427,5,train,0.011770617216825485,pdb_00009vje_E1_E2
14428,5,train,1.5405833721160889,pdb_00009lbw_H_L
14429,5,train,0.7205566763877869,pdb_00007w71_H_L
14430,5,train,0.012414650060236454,pdb_00007wy0_C1_C2
14431,5,train,0.21898186206817627,pdb_00007o7f_H_F
14432,5,train,0.5306649804115295,pdb_00007t3d_K_N
14433,5,train,0.9039541482925415,pdb_00006wds_H_L
14434,5,train,0.03779642656445503,pdb_00007srr_E1_E2
14435,5,train,0.36769363284111023,pdb_00006kyz_E_F
14436,5,train,0.5164145231246948,pdb_00009ue8_I_J
14437,5,train,0.6961108446121216,pdb_00001bvk_B_A
14438,5,train,1.0799672603607178,pdb_00009rii_H_L
14439,5,train,0.028841501101851463,pdb_00007kh0_S1_S2
14440,5,train,0.846642017364502,pdb_00006bpa_E_F
14441,5,train,0.015831440687179565,pdb_00007wv9_S1_S2
14442,5,train,0.5216631889343262,pdb_00001fsk_C_B
14443,5,train,0.08806420862674713,pdb_00009exa_D_C
14444,5,train,0.37696394324302673,pdb_00006ban_F_E
14445,5,train,0.4855599105358124,pdb_00005x8m_B_C
14446,5,train,0.17416122555732727,pdb_00007cvt_C_D
14447,5,train,0.9907979369163513,pdb_00008sis_H_L
14448,5,train,0.06896711885929108,pdb_00008iec_N1_N2
14449,5,train,0.015524566173553467,pdb_00007vuy_S1_S2
14450,5,train,0.45358791947364807,pdb_00003dvn_H_L
14451,5,train,0.014695296995341778,pdb_00006lfm_S1_S2
14452,5,train,0.010909964330494404,pdb_00008yn5_E1_E2
14453,5,train,1.4040181636810303,pdb_00004hf5_H_L
14454,5,train,0.8693838119506836,pdb_00009npg_K_J
14455,5,train,0.5300254225730896,pdb_00003eo1_K_J
14456,5,train,0.06670886278152466,pdb_00009vif_S1_S2
14457,5,train,0.3336586356163025,pdb_00008tft_I_M
14458,5,train,0.20202350616455078,pdb_00006w0i_A_B
14459,5,train,0.5439220070838928,pdb_00004qci_H_L
14460,5,train,0.12962706387043,pdb_00005aaw_B1_B2
14461,5,train,0.03880281001329422,pdb_00002vdn_H_L
14462,5,train,0.45387545228004456,pdb_00007nx7_H_L
14463,5,train,0.051328204572200775,pdb_00007w6p_H1_H2
14464,5,train,0.6552713513374329,pdb_00009mkn_H_L
14465,5,train,0.0325244776904583,pdb_00008yn6_E1_E2
14466,5,train,0.0331045538187027,pdb_00008evh_M1_M2
14467,5,train,1.2109220027923584,pdb_00007ey5_H_L
14468,5,train,0.05928640812635422,pdb_00009ouq_H_L
14469,5,train,0.47071826457977295,pdb_00009iw2_H_L
14470,5,train,0.7729111313819885,pdb_00007bsd_A_B
14471,5,train,0.715337872505188,pdb_00007y3o_H_L
14472,5,train,0.06715551018714905,pdb_00006k5i_C_D
14473,5,train,0.0867866650223732,pdb_00001j1x_H_L
14474,5,train,0.018861452117562294,pdb_00009ejz_H1_H2
14475,5,train,0.20481544733047485,pdb_00008vgk_H_G
14476,5,train,0.016045141965150833,pdb_00009ik8_E1_E2
14477,5,train,0.7075456380844116,pdb_00008hn7_D_C
14478,5,train,0.36458587646484375,pdb_00008bg4_A1_A2
14479,5,train,0.5693332552909851,pdb_00009ue0_A_B
14480,5,train,0.9822277426719666,pdb_00007zwi_B_C
14481,5,train,0.018730835989117622,pdb_00008zme_E1_E2
14482,5,train,0.6680092811584473,pdb_00005w3m_E_G
14483,5,train,0.025084976106882095,pdb_00007d77_S1_S2
14484,5,train,0.3521501123905182,pdb_00007kfv_C_D
14485,5,train,0.3955020308494568,pdb_00009mkn_J_N
14486,5,train,0.014967693947255611,pdb_00008yh3_S1_S2
14487,5,train,0.6996526122093201,pdb_00009axl_H_L
14488,5,train,0.6998800039291382,pdb_00009f91_E_F
14489,5,train,0.620827317237854,pdb_00007l7e_E_F
14490,5,train,0.8117383718490601,pdb_00008gpu_C_D
14491,5,train,0.6168033480644226,pdb_00007ley_G_F
14492,5,train,0.5268840789794922,pdb_00007wvd_G_H
14493,5,train,0.5630123019218445,pdb_00007rxl_C_D
14494,5,train,0.43553245067596436,pdb_00004h88_H_L
14495,5,train,0.9859175086021423,pdb_00009ml8_M_N
14496,5,train,0.01184906531125307,pdb_00009vj6_E1_E2
14497,5,train,0.8835405707359314,pdb_00009mtj_M_N
14498,5,train,1.2455726861953735,pdb_00006mtq_H_L
14499,5,train,0.19722382724285126,pdb_00006vmk_l_k
14500,5,train,0.3166556656360626,pdb_00008jen_E_F
14501,5,train,0.027918368577957153,pdb_00008yuv_S1_S2
14502,5,train,0.672444760799408,pdb_00007ucq_J1_J2
14503,5,train,0.008867097087204456,pdb_00007t6v_E1_E2
14504,5,train,0.7835536003112793,pdb_00006oc3_C_D
14505,5,train,0.5029605031013489,pdb_00008caf_D_C
14506,5,train,0.008136961609125137,pdb_00008vvg_E1_E2
14507,5,train,0.6352201104164124,pdb_00006wzl_C_D
14508,5,train,0.8128098249435425,pdb_00008vk1_F_E
14509,5,train,0.7793002724647522,pdb_00007f15_B1_B2
14510,5,train,0.3088468909263611,pdb_00007cjf_A_B
14511,5,train,0.6310381293296814,pdb_00007lq7_C_D
14512,5,train,0.008488230407238007,pdb_00008k6m_S1_S2
14513,5,train,0.7941855192184448,pdb_00009mtf_H_L
14514,5,train,0.057711921632289886,pdb_00006x40_J_I
14515,5,train,0.017699701711535454,pdb_00007x2v_E1_E2
14516,5,train,0.05292556434869766,pdb_00008spu_K1_K2
14517,5,train,0.5144640207290649,pdb_00008hq7_M_N
14518,5,train,0.8352219462394714,pdb_00009cds_E_D
14519,5,train,0.024745233356952667,pdb_00007xav_E1_E2
14520,5,train,0.022688372060656548,pdb_00008k9k_H1_H2
14521,5,train,0.1346489042043686,pdb_00006z2m_H_L
14522,5,train,0.4964819848537445,pdb_00007tzh_A1_A2
14523,5,train,1.2266587018966675,pdb_00004xzu_E_F
14524,5,train,0.9158650636672974,pdb_00007scn_E_F
14525,5,train,0.040527623146772385,pdb_00009ggg_S1_S2
14526,5,train,0.7569586038589478,pdb_00007l5j_Y_X
14527,5,train,0.6104184985160828,pdb_00006pi7_F_E
14528,5,train,0.3012436032295227,pdb_00004dgi_H_L
14529,5,train,0.2554924786090851,pdb_00006p4a_H_L
14530,5,train,0.1344963163137436,pdb_00001ic4_H_L
14531,5,train,0.024615833535790443,pdb_00006ad8_E_F
14532,5,train,0.3640361428260803,pdb_00007zmk_B_C
14533,5,train,0.46243807673454285,pdb_00004okv_A_B
14534,5,train,1.106433629989624,pdb_00008ag1_H_L
14535,5,train,0.0159770380705595,pdb_00008h2g_E1_E2
14536,5,train,0.36872029304504395,pdb_00008too_G_F
14537,5,train,0.08217353373765945,pdb_00006x3x_K_L
14538,5,train,0.7921851277351379,pdb_00008g5b_H_L
14539,5,train,0.6218046545982361,pdb_00004xrc_B_A
14540,5,train,0.5698568820953369,pdb_00003c09_H_L
14541,5,train,0.5827213525772095,pdb_00006d0u_K_L
14542,5,train,0.9630289077758789,pdb_00004lvh_H_I
14543,5,train,0.01630508340895176,pdb_00007sbf_E1_E2
14544,5,train,1.383475661277771,pdb_00006osh_H_L
14545,5,train,0.4205619990825653,pdb_00008jkh_H_L
14546,5,train,0.9359067678451538,pdb_00008fhy_H_L
14547,5,train,0.15138524770736694,pdb_00009nz3_D_C
14548,5,train,0.02807541750371456,pdb_00008f7x_E1_E2
14549,5,train,0.022485334426164627,pdb_00009uk2_E1_E2
14550,5,train,0.01671023853123188,pdb_00009vo0_E1_E2
14551,5,train,0.02620781399309635,pdb_00008w8r_S1_S2
14552,5,train,0.1408030390739441,pdb_00002dqe_H_L
14553,5,train,0.4345077574253082,pdb_00005dhy_H_L
14554,5,train,0.7483469843864441,pdb_00005h35_F_G
14555,5,train,0.4591699540615082,pdb_00007vgr_D_C
14556,5,train,1.2755887508392334,pdb_00007uij_H_L
14557,5,train,0.020171137526631355,pdb_00009jhp_S1_S2
14558,5,train,0.5879563093185425,pdb_00007l0l_I_K
14559,5,train,0.3740357458591461,pdb_00007mem_H_L
14560,5,train,0.7351610064506531,pdb_00007vyr_A_B
14561,5,train,0.051086511462926865,pdb_00007k78_L1_L2
14562,5,train,0.5748091340065002,pdb_00008sdh_C_D
14563,5,train,0.9912213087081909,pdb_00008dwo_S_T
14564,5,train,0.646479606628418,pdb_00008u4s_F_E
14565,5,train,1.397486686706543,pdb_00009l8z_C_B
14566,5,train,0.05804509297013283,pdb_00002htk_C_D
14567,5,train,0.6907802224159241,pdb_00008gsc_H_L
14568,5,train,0.0183342844247818,pdb_00008t3q_N1_N2
14569,5,train,1.185249924659729,pdb_00009e3l_G_H
14570,5,train,0.1056099608540535,pdb_00003stl_A_B
14571,5,train,0.021760329604148865,pdb_00007y89_S1_S2
14572,5,train,0.030834244564175606,pdb_00009izg_S1_S2
14573,5,train,0.543971061706543,pdb_00001xgq_B_A
14574,5,train,0.3859679698944092,pdb_00009iz9_O_P
14575,5,train,1.0320953130722046,pdb_00007n0a_B_A
14576,5,train,0.05726303532719612,pdb_00003ze1_E_F
14577,5,train,1.016383409500122,pdb_00001kb5_H_L
14578,5,train,0.762549102306366,pdb_00006mlm_K_L
14579,5,train,0.6836037635803223,pdb_00006jod_H_L
14580,5,train,0.01114791352301836,pdb_00008xqn_S1_S2
14581,5,train,0.8282671570777893,pdb_00009npg_G_H
14582,5,train,0.015972109511494637,pdb_00008y62_E1_E2
14583,5,train,0.3791095018386841,pdb_00003ri5_G_K
14584,5,train,0.20400431752204895,pdb_00002qr0_N_M
14585,5,train,0.8376036882400513,pdb_00009qub_D_C
14586,5,train,0.19530686736106873,pdb_00006vmk_c_b
14587,5,train,1.0618574619293213,pdb_00006xm2_D_C
14588,5,train,0.018357176333665848,pdb_00009cm3_N1_N2
14589,5,train,0.9346096515655518,pdb_00006wtv_H_I
14590,5,train,0.025098057463765144,pdb_00007rbt_E1_E2
14591,5,train,0.2787635922431946,pdb_00008i5h_H_L
14592,5,train,0.08257516473531723,pdb_00002vdp_H_L
14593,5,train,0.535697340965271,pdb_00009mqa_J_N
14594,5,train,1.2345412969589233,pdb_00008w0y_A_B
14595,5,train,0.3342282176017761,pdb_00001kir_B_A
14596,5,train,0.36726605892181396,pdb_00007mzh_H_L
14597,5,train,1.0851311683654785,pdb_00009cq8_G_H
14598,5,train,0.9173195362091064,pdb_00007u9e_H1_H2
14599,5,train,0.03717411682009697,pdb_00003t3p_E_F
14600,5,train,0.4541172385215759,pdb_00005cbe_C_D
14601,5,train,0.5917396545410156,pdb_00007bbj_H_L
14602,5,train,0.03778647631406784,pdb_00008xos_E1_E2
14603,5,train,0.7325647473335266,pdb_00009cq8_C_E
14604,5,train,0.01348650362342596,pdb_00008x9t_S1_S2
14605,5,train,0.5240910053253174,pdb_00009vfu_E_F
14606,5,train,0.9337221384048462,pdb_00007lf7_A_B
14607,5,train,0.014664576388895512,pdb_00008gag_S1_S2
14608,5,train,0.299283891916275,pdb_00004tnw_W_f
14609,5,train,0.7420111298561096,pdb_00006a4k_H_L
14610,5,train,0.983054518699646,pdb_00002r56_H_L
14611,5,train,0.821988046169281,pdb_00009ds1_H_L
14612,5,train,0.9280193448066711,pdb_00003o2d_H_L
14613,5,train,1.3458219766616821,pdb_00001g9n_H_L
14614,5,train,0.014938842505216599,pdb_00009lrs_E1_E2
14615,5,train,0.4862763583660126,pdb_00009n4f_M_N
14616,5,train,0.610465943813324,pdb_00009mqd_J_N
14617,5,train,0.5822483897209167,pdb_00007m71_H_L
14618,5,train,0.09321624785661697,pdb_00003f7y_A_B
14619,5,train,0.05021486431360245,pdb_00008ef5_E1_E2
14620,5,train,0.06064387410879135,pdb_00003f7v_A_B
14621,5,train,0.5784444212913513,pdb_00006ii9_H_L
14622,5,train,0.008404969237744808,pdb_00008g59_S1_S2
14623,5,train,0.8572961688041687,pdb_00009mtf_M_N
14624,5,train,0.7012690901756287,pdb_00007mxl_H_L
14625,5,train,0.17287160456180573,pdb_00006yor_B_C
14626,5,train,1.066782832145691,pdb_00007unb_H_L
14627,5,train,0.03601415827870369,pdb_00009jfy_S1_S2
14628,5,train,0.8422445058822632,pdb_00009me5_H_L
14629,5,train,0.009483078494668007,pdb_00009iyb_E1_E2
14630,5,train,0.7954549789428711,pdb_00003lh2_J_N
14631,5,train,0.6655989289283752,pdb_00008znz_I_J
14632,5,train,0.0397699773311615,pdb_00002itd_A_B
14633,5,train,0.44269055128097534,pdb_00008u4s_H_L
14634,5,train,0.5502064824104309,pdb_00008tui_H_L
14635,5,train,0.5932061076164246,pdb_00007dk2_A_B
14636,5,train,1.0970280170440674,pdb_00008p5m_G_L
14637,5,train,0.7724464535713196,pdb_00005a3i_G_H
14638,5,train,0.031515128910541534,pdb_00002h2s_C_D
14639,5,train,0.009565601125359535,pdb_00008xxv_E1_E2
14640,5,train,0.03749678656458855,pdb_00007w3z_H1_H2
14641,5,train,0.5946770906448364,pdb_00001dee_F_E
14642,5,train,0.017064834013581276,pdb_00008hnm_S1_S2
14643,5,train,0.8129397630691528,pdb_00009azv_H_L
14644,5,train,0.5134578943252563,pdb_00004gxu_S_T
14645,5,train,0.03154963254928589,pdb_00002fed_C_D
14646,5,train,0.6262018084526062,pdb_00001oak_H_L
14647,5,train,0.39663344621658325,pdb_00008dn6_C_D
14648,5,train,0.5189618468284607,pdb_00007l7e_M_N
14649,5,train,0.02330707386136055,pdb_00007vih_E1_E2
14650,5,train,0.024751465767621994,pdb_00008efl_E1_E2
14651,5,train,0.501392662525177,pdb_00004qci_B_A
14652,5,train,0.039363037794828415,pdb_00007m2j_A_B
14653,5,train,0.06881058216094971,pdb_00001c08_B_A
14654,5,train,0.02065269835293293,pdb_00008t3v_N1_N2
14655,5,train,0.8669297099113464,pdb_00003c09_C_B
14656,5,train,0.209664449095726,pdb_00008q6j_B_A
14657,5,train,0.5089192986488342,pdb_00007wvd_I_J
14658,5,train,0.07101356983184814,pdb_00002vdk_H_L
14659,5,train,0.36543065309524536,pdb_00009mqd_I_M
14660,5,train,1.3255019187927246,pdb_00009rir_H_L
14661,5,train,0.35147178173065186,pdb_00008zd5_E_F
14662,5,train,0.05616876110434532,pdb_00009kt9_E1_E2
14663,5,train,0.4426990747451782,pdb_00008ulf_J_N
14664,5,train,0.3551178574562073,pdb_00007zmk_E_F
14665,5,train,0.4355155825614929,pdb_00003fku_S1_S2
14666,5,train,0.7922931909561157,pdb_00009od3_H_L
14667,5,train,0.11644395440816879,pdb_00008ihf_S1_S2
14668,5,train,1.2715924978256226,pdb_00009vca_H_L
14669,5,train,0.036234304308891296,pdb_00003ejy_C_D
14670,5,train,0.020762156695127487,pdb_00009kvh_E1_E2
14671,5,train,0.6632390022277832,pdb_00002r29_H_L
14672,5,train,0.4828372895717621,pdb_00008hn6_C_D
14673,5,train,0.009899547323584557,pdb_00008kgg_E1_E2
14674,5,train,0.8946360945701599,pdb_00009js7_J_M
14675,5,train,0.4867135286331177,pdb_00004zff_A_B
14676,5,train,0.5702419281005859,pdb_00009p1m_F_E
14677,5,train,0.39709901809692383,pdb_00007yck_C_D
14678,5,train,0.6303220987319946,pdb_00008u4q_H_L
14679,5,train,0.7801805138587952,pdb_00007z0y_H_L
14680,5,train,0.022937152534723282,pdb_00008feg_F1_F2
14681,5,train,0.5527255535125732,pdb_00007rk1_D1_D2
14682,5,train,0.029483448714017868,pdb_00004fg6_E_F
14683,5,train,0.08052538335323334,pdb_00008evi_N1_N2
14684,5,train,0.031130753457546234,pdb_00008wpu_E1_E2
14685,5,train,0.958167552947998,pdb_00008ygs_H_L
14686,5,train,0.35503432154655457,pdb_00002x7l_E_F
14687,5,train,0.6792840361595154,pdb_00006o1f_H_L
14688,5,train,0.026039969176054,pdb_00003ejz_C_D
14689,5,train,0.15796054899692535,pdb_00008vgi_F_E
14690,5,train,0.007522900588810444,pdb_00009k3h_S1_S2
14691,5,train,0.4775172770023346,pdb_00009ue8_E_F
14692,5,train,0.8603436946868896,pdb_00005lsp_H_L
14693,5,train,0.8399972319602966,pdb_00007shy_K_L
14694,5,train,0.0356697216629982,pdb_00007sr8_E1_E2
14695,5,train,1.1608688831329346,pdb_00009rik_H_L
14696,5,train,0.5459864139556885,pdb_00007dpm_G_H
14697,5,train,0.6630304455757141,pdb_00008jin_P2_P1
14698,5,train,0.03248684108257294,pdb_00008f7w_E1_E2
14699,5,train,0.020545974373817444,pdb_00008jd6_D1_D2
14700,5,train,0.043607596307992935,pdb_00007uje_E_F
14701,5,train,0.3758721947669983,pdb_00003d9a_H_L
14702,5,train,1.302675724029541,pdb_00005ldn_H_L
14703,5,train,0.008193024434149265,pdb_00009jmd_E1_E2
14704,5,train,0.010546643286943436,pdb_00008jxt_E1_E2
14705,5,train,0.011349396780133247,pdb_00007y66_S1_S2
14706,5,train,0.6965728402137756,pdb_00008kdt_H_L
14707,5,train,1.1560659408569336,pdb_00008jn1_H_L
14708,5,train,0.0334482416510582,pdb_00008ubj_M2_M1
14709,5,train,0.11078324168920517,pdb_00007xta_E1_E2
14710,5,train,0.015513703227043152,pdb_00007t96_E1_E2
14711,5,train,1.009432077407837,pdb_00009zdu_H_L
14712,5,train,0.6996569037437439,pdb_00006wno_E_F
14713,5,train,0.3760406970977783,pdb_00009hh9_I_H
14714,5,train,0.70684415102005,pdb_00006vgr_H_L
14715,5,train,0.4199067950248718,pdb_00006p4b_H_L
14716,5,train,0.5740759968757629,pdb_00009ib1_H_L
14717,5,train,0.3566135764122009,pdb_00008too_B_A
14718,5,train,0.008383388631045818,pdb_00008hnl_S1_S2
14719,5,train,0.016194939613342285,pdb_00008xxz_S1_S2
14720,5,train,0.09546566009521484,pdb_00008sgo_K_L
14721,5,train,0.012102884240448475,pdb_00006kpf_S1_S2
14722,5,train,0.4333787262439728,pdb_00008zyt_D_Q
14723,5,train,0.7494587898254395,pdb_00009atm_H_L
14724,5,train,1.0112981796264648,pdb_00007ezv_M_N
14725,5,train,1.1051177978515625,pdb_00007lg6_C_D
14726,5,train,0.007829898037016392,pdb_00008vy7_D1_D2
14727,5,train,0.5178777575492859,pdb_00008dis_A_C
14728,5,train,0.007012258283793926,pdb_00007eb2_N1_N2
14729,5,train,0.35323646664619446,pdb_00007mzk_F_E
14730,5,train,0.6616926193237305,pdb_00004dkf_I_M
14731,5,train,0.1996285617351532,pdb_00004tnw_I_O
14732,5,train,0.024152562022209167,pdb_00007cvt_E_F
14733,5,train,0.16744902729988098,pdb_00002dqh_H_L
14734,5,train,0.009417662397027016,pdb_00008k2x_S1_S2
14735,5,train,0.42098483443260193,pdb_00002i9l_B_A
14736,5,train,0.5732403993606567,pdb_00008bg3_A1_A2
14737,5,train,0.6526658535003662,pdb_00007scn_H_L
14738,5,train,0.034084923565387726,pdb_00009drx_K_L
14739,5,train,0.4260844588279724,pdb_00009lrh_H_L
14740,5,train,0.6804953813552856,pdb_00008vgm_E_F
14741,5,train,0.4303717017173767,pdb_00008hpf_M_N
14742,5,train,0.39915284514427185,pdb_00007ch5_H_L
14743,5,train,0.4504247009754181,pdb_00008g5b_I_M
14744,5,train,0.4643596410751343,pdb_00007dpm_A_B
14745,5,train,0.8294272422790527,pdb_00007uvq_D_E
14746,5,train,0.1391012817621231,pdb_00002dqf_B_A
14747,5,train,1.0213415622711182,pdb_00009mth_I_J
14748,5,train,0.03575167804956436,pdb_00007ykd_S1_S2
14749,5,train,0.007124451454728842,pdb_00007wu9_S1_S2
14750,5,train,0.20038852095603943,pdb_00002qr0_F_E
14751,5,train,0.03971109166741371,pdb_00007u0g_N1_N2
14752,5,train,0.023426299914717674,pdb_00002ht4_C_D
14753,5,train,0.33608564734458923,pdb_00008jel_C_D
14754,5,train,0.09636764973402023,pdb_00009exa_F_E
14755,5,train,0.6995522975921631,pdb_00008y3l_G_H
14756,5,train,0.10411833226680756,pdb_00004tnw_J_M
14757,5,train,0.49549391865730286,pdb_00007wwk_I_H
14758,5,train,0.09342208504676819,pdb_00002dqc_H_L
14759,5,train,0.011586115695536137,pdb_00008jlj_S1_S2
14760,5,train,0.014326897449791431,pdb_00009jkt_S1_S2
14761,5,train,0.9185146689414978,pdb_00008d9y_H_G
14762,5,train,0.8058687448501587,pdb_00004hg4_Z_z
14763,5,train,0.034414783120155334,pdb_00006xbk_S1_S2
14764,5,train,0.0326063372194767,pdb_00007vdl_S1_S2
14765,5,train,0.010098389349877834,pdb_00008xx3_S1_S2
14766,5,train,0.22403806447982788,pdb_00004tnw_X_i
14767,5,train,0.016606377437710762,pdb_00008dk5_K1_K2
14768,5,train,0.5192506313323975,pdb_00008wpy_C_D
14769,5,train,0.021495316177606583,pdb_00007t6b_E1_E2
14770,5,train,0.03371879830956459,pdb_00003ze2_H_L
14771,5,train,0.01888156123459339,pdb_00007euo_S1_S2
14772,5,train,0.8377904295921326,pdb_00007jwg_A_B
14773,5,train,0.5390593409538269,pdb_00001yqv_H_L
14774,5,train,0.8144780993461609,pdb_00009cu7_I_M
14775,5,train,0.7309677600860596,pdb_00007x2o_H_L
14776,5,train,0.9662025570869446,pdb_00007xrz_H_L
14777,5,train,0.021771589294075966,pdb_00007f4f_S1_S2
14778,5,train,0.5313386917114258,pdb_00002fjh_H_L
14779,5,train,0.012296301312744617,pdb_00007na7_N1_N2
14780,5,train,0.02263878844678402,pdb_00007k60_M2_M1
14781,5,train,0.20343555510044098,pdb_00003ri5_I_O
14782,5,train,0.04166092723608017,pdb_00009vmg_S1_S2
14783,5,train,0.8369024395942688,pdb_00004al8_H_L
14784,5,train,0.5300375819206238,pdb_00005xhv_P_Q
14785,5,train,0.9051101803779602,pdb_00006plk_H_L
14786,5,train,0.8385910987854004,pdb_00008jeo_E_F
14787,5,train,0.4086734354496002,pdb_00006ban_D_C
14788,5,train,1.1270263195037842,pdb_00005ug0_D_C
14789,5,train,0.03650907799601555,pdb_00008yna_E1_E2
14790,5,train,0.06399429589509964,pdb_00003a67_H_L
14791,5,train,0.05963178351521492,pdb_00004lcu_A_B
14792,5,train,0.008828534744679928,pdb_00008hsc_S1_S2
14793,5,train,0.05476166307926178,pdb_00003ri5_H_L
14794,5,train,0.6345477104187012,pdb_00008jqs_H_L
14795,5,train,0.5761672854423523,pdb_00008hrd_N_Q
14796,5,train,0.6734594702720642,pdb_00008d9y_F_E
14797,5,train,0.7528171539306641,pdb_00005ggt_H_L
14798,5,train,0.047046612948179245,pdb_00008k9l_H1_H2
14799,5,train,0.6443807482719421,pdb_00006a4k_I_M
14800,5,train,0.3630618453025818,pdb_00008go8_H_L
14801,5,train,0.8572530746459961,pdb_00007zoz_H_L
14802,5,train,0.6495553851127625,pdb_00007ua2_B1_B2
14803,5,train,0.833507239818573,pdb_00007rr0_B_C
14804,5,train,0.006224280688911676,pdb_00009vnf_E1_E2
14805,5,train,0.6019534468650818,pdb_00004hg4_P_Q
14806,5,train,1.003373622894287,pdb_00008bcz_A_B
14807,5,train,0.019085494801402092,pdb_00007vig_E1_E2
14808,5,train,0.6942026019096375,pdb_00009jeb_A1_A2
14809,5,train,0.055484600365161896,pdb_00006x3w_J_I
14810,5,train,0.016760701313614845,pdb_00008id6_S1_S2
14811,5,train,0.6747631430625916,pdb_00006ww5_C_D
14812,5,train,0.7205857634544373,pdb_00009n4e_O_R
14813,5,train,0.5351029634475708,pdb_00006cyf_U_T
14814,5,train,0.10866868495941162,pdb_00006k5d_C_D
14815,5,train,1.053473711013794,pdb_00006wn1_B_C
14816,5,train,0.5304651856422424,pdb_00004odx_H_B
14817,5,train,0.2837862968444824,pdb_00003rhw_I_O
14818,5,train,1.0868940353393555,pdb_00008s72_X_Y
14819,5,train,0.04627019539475441,pdb_00008j23_F1_F2
14820,5,train,0.14727774262428284,pdb_00006zlr_BBB_CCC
14821,5,train,0.5647966265678406,pdb_00001za3_B_A
14822,5,train,0.5030510425567627,pdb_00003nh7_K_O
14823,5,train,0.5077357292175293,pdb_00007xcp_H_L
14824,5,train,0.01926141232252121,pdb_00008jjp_S1_S2
14825,5,train,0.4014710783958435,pdb_00007kfw_F_G
14826,5,train,0.9432746767997742,pdb_00007wcr_a_b
14827,5,train,0.7127360701560974,pdb_00007kn3_M_N
14828,5,train,0.5294776558876038,pdb_00008zbb_H_L
14829,5,train,0.4993737041950226,pdb_00005nhr_A_B
14830,5,train,0.4570673406124115,pdb_00009azr_H_L
14831,5,train,0.5967735052108765,pdb_00002dd8_H_L
14832,5,train,1.113808035850525,pdb_00008f6l_A_B
14833,5,train,0.8695990443229675,pdb_00007yds_B_C
14834,5,train,0.9459443688392639,pdb_00009n5z_A_B
14835,5,train,0.5493039488792419,pdb_00007dk2_J_K
14836,5,train,0.052558429539203644,pdb_00006x3u_K_L
14837,5,train,0.636776864528656,pdb_00008ut2_L_K
14838,5,train,0.28253549337387085,pdb_00002x7l_A_B
14839,5,train,0.26934531331062317,pdb_00007kfw_C_D
14840,5,train,0.02147718332707882,pdb_00009iy8_S1_S2
14841,5,train,0.0575835220515728,pdb_00008ubi_M2_M1
14842,5,train,0.011124268174171448,pdb_00008zjg_S1_S2
14843,5,train,0.38173308968544006,pdb_00009cpu_F_G
14844,5,train,0.6157134175300598,pdb_00003u30_C_B
14845,5,train,0.015147551894187927,pdb_00007y15_S1_S2
14846,5,train,0.3188113868236542,pdb_00007c01_C_D
14847,5,train,0.6673786640167236,pdb_00007x3c_F_E
14848,5,train,0.6253246068954468,pdb_00003p0y_H_L
14849,5,train,0.009225903078913689,pdb_00007vla_S1_S2
14850,5,train,0.26345181465148926,pdb_00008ihb_S1_S2
14851,5,train,0.8195899128913879,pdb_00006wmw_M_N
14852,5,train,0.4822762608528137,pdb_00001mlc_D_C
14853,5,train,0.013900863006711006,pdb_00008dzr_E1_E2
14854,5,train,0.017792483791708946,pdb_00007qvm_S1_S2
14855,5,train,0.0687064453959465,pdb_00006x3v_K_L
14856,5,train,0.5735516548156738,pdb_00007lq7_P_Q
14857,5,train,0.04117197170853615,pdb_00008sps_K1_K2
14858,5,train,1.05340576171875,pdb_00004ubd_Y_X
14859,5,train,0.03366117179393768,pdb_00003nig_E_F
14860,5,train,0.5493183732032776,pdb_00008cma_H_L
14861,5,train,0.014209035784006119,pdb_00007rkx_D1_D2
14862,5,train,0.02618313394486904,pdb_00008wwj_E1_E2
14863,5,train,0.7252565622329712,pdb_00003sob_H_L
14864,5,train,0.9572575688362122,pdb_00008w5f_H_L
14865,5,train,0.6546881794929504,pdb_00006k7o_H_L
14866,5,train,0.5094617605209351,pdb_00009ccs_C_B
14867,5,train,0.4847225844860077,pdb_00007pry_F_G
14868,5,train,0.41113388538360596,pdb_00007kmg_D_E
14869,5,train,0.5833544731140137,pdb_00008eqf_H_L
14870,5,train,0.3729954957962036,pdb_00007zmk_S_T
14871,5,train,0.8399141430854797,pdb_00005umi_H_L
14872,5,train,0.9586072564125061,pdb_00007tp3_H_L
14873,5,train,0.036825984716415405,pdb_00002ht2_E_F
14874,5,train,0.20332713425159454,pdb_00008vgh_F_E
14875,5,train,0.9912196397781372,pdb_00007uzd_H_L
14876,5,train,0.8977003693580627,pdb_00008gpu_H_L
14877,5,train,1.085135579109192,pdb_00006s3d_H_L
14878,5,train,0.032674629241228104,pdb_00008j6l_H1_H2
14879,5,train,0.5700954794883728,pdb_00004yk4_Z_Y
14880,5,train,0.27939531207084656,pdb_00001vfb_B_A
14881,5,train,0.6589718461036682,pdb_00009dzf_H_L
14882,5,train,0.016767507418990135,pdb_00008xwp_D1_D2
14883,5,train,0.019892478361725807,pdb_00007wf7_E1_E2
14884,5,train,0.7429521679878235,pdb_00008dwo_H_L
14885,5,train,0.383914977312088,pdb_00008wo4_B_A
14886,5,train,0.481190949678421,pdb_00006k7o_F_G
14887,5,train,0.07186782360076904,pdb_00008zd1_S1_S2
14888,5,train,0.841373085975647,pdb_00007t0w_H_L
14889,5,train,0.6495935320854187,pdb_00008rrn_H_L
14890,5,train,0.9717355370521545,pdb_00007u9w_H1_H2
14891,5,train,0.5651652812957764,pdb_00001tzi_B_A
14892,5,train,0.8629903197288513,pdb_00009gwt_H_L
14893,5,train,0.5483731627464294,pdb_00009jeb_C1_C2
14894,5,train,0.47400566935539246,pdb_00003u30_F_E
14895,5,train,0.36955755949020386,pdb_00007zfe_J_K
14896,5,train,1.7764997482299805,pdb_00009osx_B_C
14897,5,train,0.8718076944351196,pdb_00007lg6_J_M
14898,5,train,0.8475867509841919,pdb_00001adq_H_L
14899,5,train,0.5423033237457275,pdb_00008y3i_G_H
14900,5,train,0.32500702142715454,pdb_00009jy2_B_A
14901,5,train,0.5600293874740601,pdb_00009q7b_G_I
14902,5,train,0.6559544205665588,pdb_00008da1_B_A
14903,5,train,0.8909271955490112,pdb_00002zck_H_L
14904,5,train,0.20658504962921143,pdb_00009ge2_F1_F2
14905,5,train,0.7681297659873962,pdb_00008el2_H_L
14906,5,train,0.687110185623169,pdb_00007djz_A_B
14907,5,train,0.437218576669693,pdb_00007wrv_U_V
14908,5,train,0.9425569176673889,pdb_00006wqo_E_F
14909,5,train,0.677251398563385,pdb_00006n5d_L_N
14910,5,train,0.5944663882255554,pdb_00007ucq_I1_I2
14911,5,train,0.7791716456413269,pdb_00007m7w_H_L
14912,5,train,0.017566651105880737,pdb_00009b54_S1_S2
14913,5,train,0.05234532803297043,pdb_00009ejc_D1_D2
14914,5,train,0.42166584730148315,pdb_00007bnv_H_L
14915,5,train,0.23773641884326935,pdb_00007zfe_F_G
14916,5,train,0.06110282987356186,pdb_00006x3z_K_L
14917,5,train,0.015184726566076279,pdb_00009upu_S1_S2
14918,5,train,0.6768947839736938,pdb_00009jbq_A_B
14919,5,train,0.3078467845916748,pdb_00008wnp_D_C
14920,5,train,0.01371947955340147,pdb_00008jso_S1_S2
14921,5,train,0.5653866529464722,pdb_00005x8l_S_N
14922,5,train,0.4289376437664032,pdb_00006k7o_D_E
14923,5,train,0.06335411220788956,pdb_00003or7_A_B
14924,5,train,0.3130468726158142,pdb_00009cpv_C_D
14925,5,train,0.15121474862098694,pdb_00009ov4_J_K
14926,5,train,0.19358359277248383,pdb_00006w0g_A_B
14927,5,train,0.024939458817243576,pdb_00007vl9_S1_S2
14928,5,train,0.461182177066803,pdb_00007jum_H1_H2
14929,5,train,0.09124639630317688,pdb_00003ri5_J_M
14930,5,train,0.009808455593883991,pdb_00008yyx_A1_A2
14931,5,train,0.8183795809745789,pdb_00006jep_H_L
14932,5,train,0.930244505405426,pdb_00009mkn_Q_R
14933,5,train,0.014133045449852943,pdb_00008eit_E1_E2
14934,5,train,0.3608381152153015,pdb_00007wwk_G_F
14935,5,train,0.4680399000644684,pdb_00001fsk_L_K
14936,5,train,1.1221436262130737,pdb_00009rip_H_L
14937,5,train,0.07300282269716263,pdb_00009erx_F1_F2
14938,5,train,0.5246852040290833,pdb_00003v4v_M_N
14939,5,train,0.3696300685405731,pdb_00007mem_I_K
14940,5,train,0.0421917550265789,pdb_00002ht3_C_D
14941,5,train,0.022044587880373,pdb_00009jky_S1_S2
14942,5,train,0.025402268394827843,pdb_00008z9p_S1_S2
14943,5,train,0.6057206392288208,pdb_00008v5v_b_d
14944,5,train,0.6823228001594543,pdb_00008f6x_F1_F2
14945,5,train,1.1089173555374146,pdb_00008ywe_C2_C1
14946,5,train,0.03470158204436302,pdb_00006e0p_N1_N2
14947,5,train,0.16280102729797363,pdb_00008vgh_K_L
14948,5,train,0.9432034492492676,pdb_00008w5l_H_L
14949,5,train,0.5286765694618225,pdb_00007m3i_H_L
14950,5,train,0.17054402828216553,pdb_00008wnp_B_A
14951,5,train,0.6848279237747192,pdb_00009lp1_A_B
14952,5,train,0.02981109917163849,pdb_00007ezm_H1_H2
14953,5,train,0.09477776288986206,pdb_00008vgh_H_G
14954,5,train,0.5269759893417358,pdb_00002jix_F_A
14955,5,train,0.35747289657592773,pdb_00008smt_A_B
14956,5,train,0.7835415005683899,pdb_00003qwo_A_B
14957,5,train,0.03303338587284088,pdb_00002h2p_E_F
14958,5,train,0.23584850132465363,pdb_000011ol_H_L
14959,5,train,0.01104770042002201,pdb_00007rg9_E1_E2
14960,5,train,0.01456846110522747,pdb_00008vvf_E1_E2
14961,5,train,0.8891707062721252,pdb_00004ubd_O_P
14962,5,train,0.9160794615745544,pdb_00009yyu_H_L
14963,5,train,0.810253381729126,pdb_00007woc_A_B
14964,5,train,0.7850354313850403,pdb_00002ybr_A_B
14965,5,train,0.2964154779911041,pdb_00005w3o_D_E
14966,5,train,0.013709310442209244,pdb_00009k07_E1_E2
14967,5,train,0.03372888267040253,pdb_00009p0l_F1_F2
14968,5,train,0.0071389926597476006,pdb_00008yyw_B1_B2
14969,5,train,0.1178191602230072,pdb_00006adc_C_D
14970,5,train,0.46249234676361084,pdb_00007k9z_H_L
14971,5,train,1.0064136981964111,pdb_00007rxp_H_L
14972,5,train,0.7380858659744263,pdb_00007b0b_H_L
14973,5,train,0.031260132789611816,pdb_00008wwn_E1_E2
14974,5,train,0.6472806930541992,pdb_00004n90_H_I
14975,5,train,0.7493935823440552,pdb_00007t82_H_L
14976,5,train,0.9522287249565125,pdb_00006dfj_H_L
14977,5,train,0.028950251638889313,pdb_00008i9l_H1_H2
14978,5,train,0.8093836307525635,pdb_00004lvh_E_F
14979,5,train,0.513305127620697,pdb_00007lq7_y_z
14980,5,train,0.5810253620147705,pdb_00007dq7_H_L
14981,5,train,0.42927664518356323,pdb_00007zf9_A_B
14982,5,train,0.7050219178199768,pdb_00007y3n_H_L
14983,5,train,0.022706296294927597,pdb_00007exd_E1_E2
14984,5,train,0.3562096953392029,pdb_00006ban_B_A
14985,5,train,0.5387899279594421,pdb_00006a4k_J_N
14986,5,train,0.4947604537010193,pdb_00004dn4_H_L
14987,5,train,0.47606441378593445,pdb_00007m7b_H_L
14988,5,train,1.1987495422363281,pdb_00004ut6_H_L
14989,5,train,0.02019198052585125,pdb_00008xjn_E1_E2
14990,5,train,0.8272778987884521,pdb_00008zdw_U_R
14991,5,train,0.013893009163439274,pdb_00009vmy_E1_E2
14992,5,train,0.9300335049629211,pdb_00008hrd_C_E
14993,5,train,0.763036847114563,pdb_00005vqm_D_C
14994,5,train,0.038142722100019455,pdb_00008efb_E1_E2
14995,5,train,0.22066141664981842,pdb_00006vmk_K_J
14996,5,train,0.0406348891556263,pdb_00007w0p_S1_S2
14997,5,train,0.40781477093696594,pdb_00008bg2_A1_A2
14998,5,train,0.4343339204788208,pdb_00009l6c_H_L
14999,5,train,0.07950340956449509,pdb_00003gb7_A_B
15000,5,train,0.5917046070098877,pdb_00008zd6_K_L
15001,5,train,0.9523123502731323,pdb_00004ffw_H_L
15002,5,train,0.09431328624486923,pdb_00001otu_C_D
15003,5,train,1.261621356010437,pdb_00006wex_H_L
15004,5,train,0.02227712608873844,pdb_00008zh8_S1_S2
15005,5,train,0.75782710313797,pdb_00007k9z_B_A
15006,5,train,0.41220659017562866,pdb_00007u9e_B1_B2
15007,5,train,0.052051007747650146,pdb_00009ns9_N1_N2
15008,5,train,0.5515151619911194,pdb_00009lho_I_H
15009,5,train,0.483714759349823,pdb_00009b82_P_O
15010,5,train,0.017690321430563927,pdb_00006kpg_S1_S2
15011,5,train,0.41732117533683777,pdb_00008jkh_h_l
15012,5,train,0.02544521912932396,pdb_00008hqm_H1_H2
15013,5,train,0.00898707564920187,pdb_00008e9x_E1_E2
15014,5,train,0.5679399371147156,pdb_00003h42_H_L
15015,5,train,0.551092267036438,pdb_00009hub_I_M
15016,5,train,0.8579745888710022,pdb_00007s0x_H_L
15017,5,train,0.07717446982860565,pdb_00006ad7_C_D
15018,5,train,0.028344277292490005,pdb_00008iyw_H1_H2
15019,5,train,0.5618155598640442,pdb_00003dvg_B_A
15020,5,train,0.1409170776605606,pdb_00009oun_J_K
15021,5,train,0.38828468322753906,pdb_00006p4b_B_A
15022,5,train,0.2374315708875656,pdb_00008w2e_F_E
15023,5,train,0.5432527661323547,pdb_00004hg4_V_W
15024,5,train,0.105736643075943,pdb_00009ouq_J_K
15025,5,train,0.9943268299102783,pdb_00006gv1_H_L
15026,5,train,0.03744389861822128,pdb_00007u0i_K1_K2
15027,5,train,0.051120661199092865,pdb_00003t3m_H_L
15028,5,train,0.016274867579340935,pdb_00007vgx_S1_S2
15029,5,train,0.37895604968070984,pdb_00007pqy_B_C
15030,5,train,0.03144978731870651,pdb_00008zqe_S1_S2
15031,5,train,0.28238245844841003,pdb_00007zf9_H_L
15032,5,train,0.7855687737464905,pdb_00008dxt_H_L
15033,5,train,0.4576575458049774,pdb_00009qub_F_E
15034,5,train,0.010695239529013634,pdb_00007wyb_E1_E2
15035,5,train,0.3509058654308319,pdb_00007lop_W_V
15036,5,train,1.308588981628418,pdb_00003lqa_H_L
15037,5,train,0.31783533096313477,pdb_00006txz_K_O
15038,5,train,0.03982061520218849,pdb_00009j31_D1_D2
15039,5,train,0.5477463006973267,pdb_00005kov_U1_U2
15040,5,train,0.07854299247264862,pdb_00002h2p_C_D
15041,5,train,0.9708624482154846,pdb_00009cci_B_C
15042,5,train,0.6289352178573608,pdb_00008ebp_H_L
15043,5,train,0.40236711502075195,pdb_00008hws_D_E
15044,5,train,0.038254350423812866,pdb_00009jid_S1_S2
15045,5,train,0.6920604109764099,pdb_00006ocb_H_L
15046,5,train,0.5304831862449646,pdb_00003eoa_H_L
15047,5,train,0.5882777571678162,pdb_00008gs9_H_K
15048,5,train,0.012628735974431038,pdb_00009bqj_E1_E2
15049,5,train,0.1438949704170227,pdb_00009zqb_J2_J1
15050,5,train,0.5854865312576294,pdb_00003v6z_C_D
15051,5,train,0.012325262650847435,pdb_00008zbi_F1_F2
15052,5,train,0.03408278897404671,pdb_00002vdm_H_L
15053,5,train,0.020393921062350273,pdb_00008xqf_S1_S2
15054,5,train,1.0518516302108765,pdb_00008tfn_H_L
15055,5,train,0.4023857116699219,pdb_00004hg4_N_O
15056,5,train,0.12405990809202194,pdb_00003hfm_H_L
15057,5,train,0.8621325492858887,pdb_00009oi3_H_L
15058,5,train,1.6568448543548584,pdb_00005dfw_H1_H2
15059,5,train,0.6496917605400085,pdb_00007m7w_C_D
15060,5,train,0.07376953959465027,pdb_00009izf_S1_S2
15061,5,train,0.8067681193351746,pdb_00009mtj_H_L
15062,5,train,0.026743372902274132,pdb_00008wwl_E1_E2
15063,5,train,0.5747360587120056,pdb_00007ws2_E_D
15064,5,train,0.9326721429824829,pdb_00008e8y_H_L
15065,5,train,0.9285341501235962,pdb_00007uvi_A_B
15066,5,train,0.0445941798388958,pdb_00003f5w_A_B
15067,5,train,0.4467970132827759,pdb_00009udq_I_C
15068,5,train,0.08013108372688293,pdb_00006x3u_J_I
15069,5,train,0.40864917635917664,pdb_00009iz9_Q_R
15070,5,train,0.4811098873615265,pdb_00009jqv_H_L
15071,5,train,1.3075981140136719,pdb_00006cvk_B2_B1
15072,5,train,0.8450250029563904,pdb_00009j4c_H_L
15073,5,train,0.067897729575634,pdb_00002boc_A_B
15074,5,train,0.5611922740936279,pdb_00008jqs_h_l
15075,5,train,0.5181432962417603,pdb_00009q7b_J_K
15076,5,train,0.9259359836578369,pdb_00004f37_H_L
15077,5,train,0.049142684787511826,pdb_00008j20_B1_B2
15078,5,train,0.8757825493812561,pdb_00009kvk_H_L
15079,5,train,0.36376953125,pdb_00008ulf_K_O
15080,5,train,1.255363941192627,pdb_00003lzf_H_L
15081,5,train,0.5717273354530334,pdb_00009l9o_B_C
15082,5,train,1.062327265739441,pdb_00007yru_H_L
15083,5,train,0.08163731545209885,pdb_00009zq9_I2_I1
15084,5,train,0.6057736277580261,pdb_00007y6k_E1_E2
15085,5,train,0.7784042954444885,pdb_00009cfh_H_L
15086,5,train,0.682085394859314,pdb_00009mkn_O_P
15087,5,train,0.6184925436973572,pdb_00007l0l_G_J
15088,5,train,0.3238169848918915,pdb_00007jum_J1_J2
15089,5,train,0.11681220680475235,pdb_00002dqi_H_L
15090,5,train,0.41384994983673096,pdb_00005kov_K1_K2
15091,5,train,0.008882256224751472,pdb_00008y01_S1_S2
15092,5,train,0.20282039046287537,pdb_00006vmk_o_n
15093,5,train,0.03210490942001343,pdb_00001ots_E_F
15094,5,train,0.017166081815958023,pdb_00007ydj_E1_E2
15095,5,train,0.5487133264541626,pdb_00002vis_B_A
15096,5,train,0.3953534662723541,pdb_00008smt_I_J
15097,5,train,0.6829548478126526,pdb_00006xkr_H_L
15098,5,train,1.0795496702194214,pdb_00009kyz_A_B
15099,5,train,0.5275369882583618,pdb_00007ucq_H1_H2
15100,5,train,0.9067777991294861,pdb_00002ybr_D_E
15101,5,train,0.011433880776166916,pdb_00008gus_S1_S2
15102,5,train,0.059134360402822495,pdb_00003or6_A_B
15103,5,train,1.2853327989578247,pdb_00005w08_Q_R
15104,5,train,0.06069916486740112,pdb_00007ukt_E_F
15105,5,train,0.3046567142009735,pdb_00009me4_I_M
15106,5,train,1.2040855884552002,pdb_00008tea_H_G
15107,5,train,0.6498882174491882,pdb_00007c81_H_L
15108,5,train,0.31360042095184326,pdb_00008jkh_m_n
15109,5,train,0.026983361691236496,pdb_00007xmt_S1_S2
15110,5,train,0.06349433958530426,pdb_00001j1p_H_L
15111,5,train,0.05570480227470398,pdb_00008sgo_J_I
15112,5,train,0.526816725730896,pdb_00008oz3_H_L
15113,5,train,0.5653398633003235,pdb_00006vvu_H_L
15114,5,train,0.02339492365717888,pdb_00007x5h_E1_E2
15115,5,train,0.41099172830581665,pdb_00007yxu_H_L
15116,5,train,0.025957895442843437,pdb_00009uan_E1_E2
15117,5,train,0.021803636103868484,pdb_00009jr3_S1_S2
15118,5,train,0.04104958474636078,pdb_00008ejk_E1_E2
15119,5,train,0.7181383371353149,pdb_00002h9g_H_L
15120,5,train,0.02338712476193905,pdb_00007yk7_S1_S2
15121,5,train,0.03268740698695183,pdb_00008utd_D1_D2
15122,5,train,0.0173475481569767,pdb_00008xxu_E1_E2
15123,5,train,1.1862714290618896,pdb_00005d1z_D_C
15124,5,train,0.4654862880706787,pdb_00007m3i_A_B
15125,5,train,0.40707945823669434,pdb_00003v4v_H_L
15126,5,train,0.7241818904876709,pdb_00009ma0_B_C
15127,5,train,0.2892237901687622,pdb_00008smt_H_L
15128,5,train,1.1414601802825928,pdb_00004kuc_H_D
15129,5,train,0.18375816941261292,pdb_00006vmk_E_D
15130,5,train,0.013781643472611904,pdb_00008xqo_S1_S2
15131,5,train,0.04976517707109451,pdb_00001ott_E_F
15132,5,train,0.6952144503593445,pdb_00008cxh_h_l
15133,5,train,0.4167671799659729,pdb_00009wsv_H_L
15134,5,train,0.7758981585502625,pdb_00008rmy_E_F
15135,5,train,0.8132794499397278,pdb_00006t9e_HHH_LLL
15136,5,train,0.009607043117284775,pdb_00007vgz_F1_F2
15137,5,train,0.4083997309207916,pdb_00007t3d_C_D
15138,5,train,0.5794155597686768,pdb_00007ycn_C_D
15139,5,train,0.7432504892349243,pdb_00008y31_D_C
15140,5,train,0.7649036645889282,pdb_00008u44_S_T
15141,5,train,0.6338872909545898,pdb_00008f6x_E1_E2
15142,5,train,0.3367792069911957,pdb_00009jy1_P_O
15143,5,train,0.007758102845400572,pdb_00008xzj_S1_S2
15144,5,train,0.04299088940024376,pdb_00003zdx_E_F
15145,5,train,0.4485208988189697,pdb_00008bg3_C1_C2
15146,5,train,1.2949750423431396,pdb_00006glx_C_D
15147,5,train,0.5092945694923401,pdb_00008bec_A1_A2
15148,5,train,0.4171835780143738,pdb_00007m6d_H_L
15149,5,train,0.5872519612312317,pdb_00004xnm_B_A
15150,5,train,0.9126294851303101,pdb_00007mxl_A_B
15151,5,train,0.6525872945785522,pdb_00007jx3_C_D
15152,5,train,0.3538112938404083,pdb_00007zmk_G_H
15153,5,train,0.037008851766586304,pdb_00007t94_E1_E2
15154,5,train,0.3976888060569763,pdb_00008bg2_C1_C2
15155,5,train,0.030509477481245995,pdb_00003ze0_E_F
15156,5,train,0.33109918236732483,pdb_00003b2v_H_L
15157,5,train,0.07243545353412628,pdb_00006x3s_J_I
15158,5,train,0.41228118538856506,pdb_00004m62_H_L
15159,5,train,0.3771630823612213,pdb_00008we4_H_L
15160,5,train,0.49841418862342834,pdb_00007wqv_N1_N2
15161,5,train,0.02632290869951248,pdb_00008xgs_D1_D2
15162,5,train,1.1542836427688599,pdb_00008cz5_H_L
15163,5,train,1.0060577392578125,pdb_00006aru_C_B
15164,5,train,0.11945715546607971,pdb_00008vgi_J_I
15165,5,train,0.577583909034729,pdb_00007x2i_H_L
15166,5,train,0.6785703897476196,pdb_00009dn2_H_L
15167,5,train,0.009853758849203587,pdb_00009m54_S1_S2
15168,5,train,0.03238482400774956,pdb_00002vdr_H_L
15169,5,train,0.024424659088253975,pdb_00008jef_S1_S2
15170,5,train,0.023583151400089264,pdb_00008y0n_S1_S2
15171,5,train,0.02202489785850048,pdb_00007p02_H1_H2
15172,5,train,0.766667902469635,pdb_00007rxi_H_L
15173,5,train,0.6833472847938538,pdb_00008sdf_B_C
15174,5,train,0.07127802819013596,pdb_00008ied_N1_N2
15175,5,train,0.014536182396113873,pdb_00009ppy_E1_E2
15176,5,train,0.01770417019724846,pdb_00008hpt_H1_H2
15177,5,train,0.017344944179058075,pdb_00009w6w_E1_E2
15178,5,train,0.33709102869033813,pdb_00008wo4_D_C
15179,5,train,0.09809479117393494,pdb_00002dqj_H_L
15180,5,train,1.049527883529663,pdb_00009mtg_I_J
15181,5,train,0.2448340654373169,pdb_00004ioi_B_A
15182,5,train,0.014762942679226398,pdb_00007ts0_H1_H2
15183,5,train,1.7731558084487915,pdb_00008cdd_E_D
15184,5,train,0.4653770923614502,pdb_00001xgp_B_A
15185,5,train,0.7405956983566284,pdb_00006mlm_E_I
15186,5,train,0.7212177515029907,pdb_00009h4s_X_Y
15187,5,train,1.027072548866272,pdb_00008gb5_I_H
15188,5,train,0.772305428981781,pdb_00006hxw_C_D
15189,5,train,0.040421973913908005,pdb_00002htl_C_D
15190,5,train,1.273383378982544,pdb_00009xsx_B_C
15191,5,train,0.559603214263916,pdb_00007ubs_I1_I2
15192,5,train,0.4425194561481476,pdb_00009ue8_A_B
15193,5,train,0.2857673168182373,pdb_00008i5h_B_C
15194,5,train,0.22326305508613586,pdb_00009jy1_R_Q
15195,5,train,0.7836660742759705,pdb_00006s3d_E_F
15196,5,train,0.013340508565306664,pdb_00007xbd_E1_E2
15197,5,train,0.3378452658653259,pdb_00003ri5_F_N
15198,5,train,0.016453532502055168,pdb_00009b65_S1_S2
15199,5,train,0.6960631608963013,pdb_00008eed_E_F
15200,5,train,0.15271344780921936,pdb_00008vgj_H_G
15201,5,train,1.016151785850525,pdb_00008zre_H_L
15202,5,train,0.3573278486728668,pdb_00003fku_U1_U2
15203,5,train,0.19810879230499268,pdb_00003rif_I_O
15204,5,train,1.3078556060791016,pdb_00009ma7_B_C
15205,5,train,0.8582826852798462,pdb_00007wph_H_L
15206,5,train,0.5925078392028809,pdb_00009cds_B_A
15207,5,train,0.3912867605686188,pdb_00007vad_H_L
15208,5,train,0.027714233845472336,pdb_00002exy_E_F
15209,5,train,0.014715571887791157,pdb_00007vuz_S1_S2
15210,5,train,0.396357923746109,pdb_00009j9z_H_L
15211,5,train,1.033013105392456,pdb_00008tnn_J_I
15212,5,train,0.024480219930410385,pdb_00007yfd_C1_C2
15213,5,train,1.2545030117034912,pdb_00009rih_H_L
15214,5,train,0.5664998888969421,pdb_00008y3k_I_J
15215,5,train,0.05672910809516907,pdb_00006adc_E_F
15216,5,train,0.028026849031448364,pdb_00004fg6_C_D
15217,5,train,0.51673823595047,pdb_00007sk4_D_C
15218,5,train,0.9800784587860107,pdb_00009e60_H_L
15219,5,train,0.010395284742116928,pdb_00009ydv_E1_E2
15220,5,train,0.03253483399748802,pdb_00001ots_C_D
15221,5,train,0.020478641614317894,pdb_00007f4h_S1_S2
15222,5,train,0.2798529863357544,pdb_00009wsx_H_L
15223,5,train,0.3560120463371277,pdb_00006xe1_H_L
15224,5,train,0.022858209908008575,pdb_00006k5f_E_F
15225,5,train,0.5055038332939148,pdb_00008y3i_I_J
15226,5,train,0.013019150123000145,pdb_00008jbf_E1_E2
15227,5,train,0.013530581258237362,pdb_00003det_C_D
15228,5,train,0.5832012891769409,pdb_00008f0h_H_L
15229,5,train,0.02950615994632244,pdb_00009vnz_E1_E2
15230,5,train,0.6273300647735596,pdb_00008w83_I_J
15231,5,train,0.08293972909450531,pdb_00003rhw_H_L
15232,5,train,0.4244726598262787,pdb_00009ban_E_F
15233,5,train,1.0929139852523804,pdb_00001rzk_H_L
15234,5,train,0.01010212954133749,pdb_00003ejz_E_F
15235,5,train,0.04131512716412544,pdb_00008syp_N1_N2
15236,5,train,0.7779662609100342,pdb_00007m42_D_C
15237,5,train,0.4622044563293457,pdb_00008dww_V_U
15238,5,train,0.03533865511417389,pdb_00007tct_E_F
15239,5,train,0.008644183166325092,pdb_00009ije_D1_D2
15240,5,train,0.6356814503669739,pdb_00001dee_D_C
15241,5,train,0.43111860752105713,pdb_00008zh7_H_I
15242,5,train,1.0322569608688354,pdb_00007s11_H_L
15243,5,train,0.01586657203733921,pdb_00002hlf_C_D
15244,5,train,0.008040697313845158,pdb_00007y67_S1_S2
15245,5,train,0.8949732184410095,pdb_00006dfi_H_L
15246,5,train,0.007580101490020752,pdb_00008hn8_S1_S2
15247,5,train,0.0278413575142622,pdb_00007u0j_K1_K2
15248,5,train,0.32336992025375366,pdb_00008jen_C_D
15249,5,train,0.024341709911823273,pdb_00003ze2_E_F
15250,5,train,0.9171803593635559,pdb_00006fax_H_L
15251,5,train,0.05129963904619217,pdb_00008zps_E1_E2
15252,5,train,0.04407130181789398,pdb_00009v2n_S1_S2
15253,5,train,0.028083842247724533,pdb_00008y6w_D1_D2
15254,5,train,0.027092456817626953,pdb_00009izc_S1_S2
15255,5,train,0.031301140785217285,pdb_00008j6i_H1_H2
15256,5,train,0.37234097719192505,pdb_00007srs_H_L
15257,5,train,0.7880581021308899,pdb_00009mtf_I_J
15258,5,train,0.08314069360494614,pdb_00008ihh_S1_S2
15259,5,train,0.067283496260643,pdb_00006ad8_C_D
15260,5,train,0.05313889682292938,pdb_00008zfz_D1_D2
15261,5,train,0.35485005378723145,pdb_00001xgt_B_A
15262,5,train,0.03710665926337242,pdb_00007k5y_M2_M1
15263,5,train,0.009549897164106369,pdb_00008gcm_E1_E2
15264,5,train,1.0565814971923828,pdb_00007yvf_C_A
15265,5,train,0.8172118067741394,pdb_00009m7v_H_L
15266,5,train,0.008172211237251759,pdb_00009u4y_S1_S2
15267,5,train,0.7868711948394775,pdb_00004nik_B1_B2
15268,5,train,0.4290289282798767,pdb_00005x8l_H_M
15269,5,train,0.45550185441970825,pdb_00007yvm_C_A
15270,5,train,0.6360912322998047,pdb_00007vyt_B_C
15271,5,train,0.3556826114654541,pdb_00001dzb_B1_B2
15272,5,train,0.050642140209674835,pdb_00007l8p_E_F
15273,5,train,0.1517658233642578,pdb_00006zlr_HHH_LLL
15274,5,train,0.6536998152732849,pdb_00008ywe_B2_B1
15275,5,train,0.7206929922103882,pdb_00009os5_I_L
15276,5,train,0.017538657411932945,pdb_00002exw_E_F
15277,5,train,0.0492919385433197,pdb_00008wwk_E1_E2
15278,5,train,0.639530599117279,pdb_00008sdh_H_L
15279,5,train,0.01780841499567032,pdb_00009pxv_E1_E2
15280,5,train,0.7238481640815735,pdb_00005xmh_D_C
15281,5,train,1.1297950744628906,pdb_00009rim_H_L
15282,5,train,0.043738510459661484,pdb_00008vrn_K_L
15283,5,train,0.5350821614265442,pdb_00004gxu_W_X
15284,5,train,0.07798135280609131,pdb_00008x8n_E1_E2
15285,5,train,0.3548799753189087,pdb_00005wk3_W_V
15286,5,train,0.78351229429245,pdb_00007uvq_C_B
15287,5,train,0.3175015151500702,pdb_00007mjl_H_L
15288,5,train,0.932613730430603,pdb_00006vc9_H_L
15289,5,train,0.04750555008649826,pdb_00003a6c_H_L
15290,5,train,0.21706639230251312,pdb_00009me5_I_M
15291,5,train,0.6681221127510071,pdb_00008yub_A_B
15292,5,train,0.022748315706849098,pdb_00007w40_H1_H2
15293,5,train,0.3759751319885254,pdb_00003v4p_H_L
15294,5,train,0.018164390698075294,pdb_00008ykx_E1_E2
15295,5,train,1.0207688808441162,pdb_00008dv6_C_L
15296,5,train,0.7151344418525696,pdb_00008hpu_H_L
15297,5,train,0.5047067999839783,pdb_00007rks_H_L
15298,5,train,0.6362585425376892,pdb_00008hn7_B_A
15299,5,train,1.166581630706787,pdb_00009xth_B_C
15300,5,train,0.2939690351486206,pdb_00007kfy_H_L
15301,5,train,0.302857905626297,pdb_00001nbz_B_A
15302,5,train,0.7044282555580139,pdb_00006wtv_B_C
15303,5,train,0.04013324901461601,pdb_00008yn8_E1_E2
15304,5,train,0.5104828476905823,pdb_00008sdf_H_L
15305,5,train,0.8384629487991333,pdb_00001yy9_D_C
15306,5,train,0.878415584564209,pdb_00009ml8_P_Q
15307,5,train,0.022461947053670883,pdb_00007ra3_E1_E2
15308,5,train,0.013965355232357979,pdb_00009v81_E1_E2
15309,5,train,0.8333039283752441,pdb_00001nsn_H_L
15310,5,train,0.1564287394285202,pdb_00001xgu_B_A
15311,5,train,0.33785632252693176,pdb_00003rif_F_N
15312,5,train,0.035832636058330536,pdb_00007ufh_E_F
15313,5,train,0.3935675323009491,pdb_00007ubs_K1_K2
15314,5,train,1.1064373254776,pdb_00009lsj_E1_D2
15315,5,train,0.021104667335748672,pdb_00007wz4_S1_S2
15316,5,train,0.7212720513343811,pdb_00001orq_B_A
15317,5,train,1.0680556297302246,pdb_00008tea_F_I
15318,5,train,0.0368853323161602,pdb_00008t3s_N1_N2
15319,5,train,0.5000624060630798,pdb_00007xda_B_C
15320,5,train,0.5615983009338379,pdb_00006n5e_E_D
15321,5,train,0.032451242208480835,pdb_00007sqo_E1_E2
15322,5,train,0.7349375486373901,pdb_00008w5r_H_L
15323,5,train,0.5592806935310364,pdb_00006vgr_C_D
15324,5,train,0.6650315523147583,pdb_00007n0u_H_L
15325,5,train,1.0085949897766113,pdb_00006xpz_B_C
15326,5,train,0.31598347425460815,pdb_00007f6y_H_L
15327,5,train,0.3923600912094116,pdb_00006n5d_E_F
15328,5,train,0.017055165022611618,pdb_00007cmv_E1_E2
15329,5,train,0.07202561944723129,pdb_00009x3z_S1_S2
15330,5,train,1.1818376779556274,pdb_00009e3k_J_K
15331,5,train,1.057528018951416,pdb_00005dur_B_D
15332,5,train,0.017475908622145653,pdb_00008xbh_S1_S2
15333,5,train,0.5517870783805847,pdb_00007ycn_E_F
15334,5,train,0.43914055824279785,pdb_00003nh7_J_N
15335,5,train,0.5149775743484497,pdb_00004np4_H_L
15336,5,train,0.015198693610727787,pdb_00007xjj_S1_S2
15337,5,train,0.5764424204826355,pdb_00008rmy_B_C
15338,5,train,0.450772225856781,pdb_00006rp8_H_L
15339,5,train,0.19285888969898224,pdb_00002dqd_H_L
15340,5,train,0.3542815148830414,pdb_00007s0b_C_D
15341,5,train,0.016940806061029434,pdb_00001otu_E_F
15342,5,train,0.6710388660430908,pdb_00008xsf_H_L
15343,5,train,0.006232471205294132,pdb_00007vv5_S1_S2
15344,5,train,0.7632380127906799,pdb_00008jqm_H_L
15345,5,train,0.016794627532362938,pdb_00009x20_E1_E2
15346,5,train,0.8189488053321838,pdb_00007mdj_A_B
15347,5,train,0.031017201021313667,pdb_00008i97_H1_H2
15348,5,train,1.1632862091064453,pdb_00008z39_H_L
15349,5,train,0.11961384117603302,pdb_00009nz3_F_E
15350,5,train,0.5041776895523071,pdb_00004lf3_E_D
15351,5,train,0.5273484587669373,pdb_00009n7q_D_F
15352,5,train,0.969029426574707,pdb_00008z6t_B_C
15353,5,train,0.763145923614502,pdb_00003qwo_H_L
15354,5,train,0.6621946692466736,pdb_00007cgw_H_L
15355,5,train,0.39471685886383057,pdb_00001fj1_B_A
15356,5,train,1.7829574346542358,pdb_00005i9q_B_C
15357,5,train,0.5489411950111389,pdb_00009cfe_A_B
15358,5,train,0.7362402677536011,pdb_00007pa7_nnn2_nnn1
15359,5,train,0.8276349306106567,pdb_00009cct_C_B
15360,5,train,0.7298600673675537,pdb_00007deu_B1_B2
15361,5,train,0.018794633448123932,pdb_00009l42_E1_E2
15362,5,train,0.6539932489395142,pdb_00005kov_E1_E2
15363,5,train,0.5510384440422058,pdb_00008ut2_H_G
15364,5,train,0.5671731233596802,pdb_00006gv4_H_L
15365,5,train,0.017102623358368874,pdb_00007y12_S1_S2
15366,5,train,0.01718522608280182,pdb_00007tuz_E1_E2
15367,5,train,0.7388265132904053,pdb_00009lsi_D1_C2
15368,5,train,0.09532025456428528,pdb_00008ihi_S1_S2
15369,5,train,0.012247615493834019,pdb_00009le2_S1_S2
15370,5,train,1.1589977741241455,pdb_00006q18_H_L
15371,5,train,0.8501883745193481,pdb_00008i5i_H_L
15372,5,train,1.220497488975525,pdb_00005t5f_H_L
15373,5,train,0.3748422861099243,pdb_00009m0d_D_Q
15374,5,train,0.478947252035141,pdb_00005bo1_H_L
15375,5,train,0.9482791423797607,pdb_00009mtl_M_N
15376,5,train,1.3992897272109985,pdb_00007ey5_B_C
15377,5,train,0.5103209018707275,pdb_00008j26_B_A
15378,5,train,1.0625468492507935,pdb_00007y6l_H_L
15379,5,train,0.5916088819503784,pdb_00007xsc_A_B
15380,5,train,0.3853684365749359,pdb_00007qnx_H_L
15381,5,train,0.716460108757019,pdb_00003wd5_H_L
15382,5,train,0.40716975927352905,pdb_00009hh9_G_F
15383,5,train,1.1145355701446533,pdb_00001eo8_H_L
15384,5,train,0.39549657702445984,pdb_00005kov_I1_I2
15385,5,train,1.0492023229599,pdb_00007sbd_H_L
15386,5,train,0.5834843516349792,pdb_00008xsj_H_L
15387,5,train,0.3051237165927887,pdb_00003b2u_T_U
15388,5,train,0.45382535457611084,pdb_00006ba5_H_G
15389,5,train,0.6516910791397095,pdb_00009cps_H_L
15390,5,train,0.5697417855262756,pdb_00007dpm_J_K
15391,5,train,0.49797776341438293,pdb_00004ttd_H_L
15392,5,train,0.025452127680182457,pdb_00002h2s_E_F
15393,5,train,0.013384222984313965,pdb_00008vy9_D1_D2
15394,5,train,0.03857213258743286,pdb_00004z7n_E_F
15395,5,train,0.08636964857578278,pdb_00006dzt_M1_M2
15396,5,train,1.1329225301742554,pdb_00009kvk_A_B
15397,5,train,0.009102457202970982,pdb_00006pt0_E1_E2
15398,5,train,0.028701279312372208,pdb_00009plo_S1_S2
15399,5,train,0.5270450115203857,pdb_00005kvf_H_L
15400,5,train,0.30523669719696045,pdb_00007vag_H_L
15401,5,train,0.7723643183708191,pdb_00006ogx_H_L
15402,5,train,0.28350329399108887,pdb_00005kov_C1_C2
15403,5,train,0.6524848937988281,pdb_00004oii_I_M
15404,5,train,0.7797392010688782,pdb_00009lsj_D1_E2
15405,5,train,0.3813479244709015,pdb_00008wu1_H_L
15406,5,train,0.26474782824516296,pdb_00008go8_I_M
15407,5,train,0.5968866944313049,pdb_00002h9g_B_A
15408,5,train,0.27425137162208557,pdb_00008as2_H_L
15409,5,train,0.37433117628097534,pdb_00007mzk_C_D
15410,5,train,0.06639448553323746,pdb_00007ucy_E_F
15411,5,train,0.2630396783351898,pdb_00009hhr_L_H
15412,5,train,0.26840928196907043,pdb_00007ejy_H_L
15413,5,train,0.018124571070075035,pdb_00002exw_C_D
15414,5,train,0.035786934196949005,pdb_00007ubr_E_F
15415,5,train,0.6626582145690918,pdb_00009f90_A_B
15416,5,train,0.05273455008864403,pdb_00008uh3_E1_E2
15417,5,train,0.011026384308934212,pdb_00008ykd_S1_S2
15418,5,train,0.02738148905336857,pdb_00004z7o_E_F
15419,5,train,0.34860959649086,pdb_00009cpp_H_L
15420,5,train,0.7561011910438538,pdb_00008vk1_C_B
15421,5,train,1.1870849132537842,pdb_00007t4q_F_G
15422,5,train,0.47568774223327637,pdb_00009tmp_H_L
15423,5,train,0.6710634827613831,pdb_00008sit_M_N
15424,5,train,0.17340709269046783,pdb_00008elo_H_L
15425,5,train,0.3469896912574768,pdb_00008f2j_I_J
15426,5,train,0.41541585326194763,pdb_00007xeg_E_F
15427,5,train,0.036834679543972015,pdb_00008sps_N1_N2
15428,5,train,0.7942359447479248,pdb_00005d1z_B_A
15429,5,train,0.02539079077541828,pdb_00007xxh_H1_H2
15430,5,train,0.38322919607162476,pdb_00009wb3_B_C
15431,5,train,0.6339980959892273,pdb_00005wko_K_L
15432,5,train,0.6392755508422852,pdb_00007wk0_A_B
15433,5,train,0.9142673015594482,pdb_00003bsz_H_L
15434,5,train,0.49200984835624695,pdb_00006ii4_H_L
15435,5,train,0.6786686182022095,pdb_00009iru_B_A
15436,5,train,0.5876720547676086,pdb_00008cz8_C2_C1
15437,5,train,0.018252583220601082,pdb_00007na8_N1_N2
15438,5,train,1.2463654279708862,pdb_00009wai_E_F
15439,5,train,0.7579680681228638,pdb_00007si0_C_D
15440,5,train,0.7227744460105896,pdb_00008dnn_B_C
15441,5,train,0.7535755634307861,pdb_00007rxj_H_L
15442,5,train,0.023375824093818665,pdb_00008iz4_E1_E2
15443,5,train,1.1998388767242432,pdb_00007rco_F_E
15444,5,train,0.721980094909668,pdb_00007lfa_B_D
15445,5,train,0.06318869441747665,pdb_00002atk_A_B
15446,5,train,0.018118659034371376,pdb_00008y45_S1_S2
15447,5,train,0.9209762215614319,pdb_00008tp5_J_K
15448,5,train,0.6422731280326843,pdb_00008zdw_F_E
15449,5,train,1.5048807859420776,pdb_00009e89_H_L
15450,5,train,0.5172240734100342,pdb_00008xsi_H_L
15451,5,train,0.05110238865017891,pdb_00008jln_S1_S2
15452,5,train,0.16175130009651184,pdb_00008pwh_B_A
15453,5,train,1.0056028366088867,pdb_00001ztx_H_L
15454,5,train,1.245418906211853,pdb_00005anm_B_A
15455,5,train,0.030514361336827278,pdb_00007ezh_H1_H2
15456,5,train,0.23330029845237732,pdb_00006vmk_S_R
15457,5,train,0.24418117105960846,pdb_00007wnb_H_L
15458,5,train,0.11198755353689194,pdb_00006k5a_C_D
15459,5,train,0.03552676737308502,pdb_00008xjm_E1_E2
15460,5,train,0.010925154201686382,pdb_00007t6u_E1_E2
15461,5,train,0.6104415059089661,pdb_00007d85_E_F
15462,5,train,0.5832610130310059,pdb_00009h4s_H_L
15463,5,train,0.8527766466140747,pdb_00006ek2_I1_I2
15464,5,train,0.7318618893623352,pdb_00006uig_H_L
15465,5,train,0.894575834274292,pdb_00005b8c_B_A
15466,5,train,0.12049844115972519,pdb_00003hpl_A_B
15467,5,train,0.8397341370582581,pdb_00004ki5_C_D
15468,5,train,0.8057625889778137,pdb_00009cu7_J_N
15469,5,train,0.7797307372093201,pdb_00007wph_E_D
15470,5,train,0.5588730573654175,pdb_00008dn7_A_B
15471,5,train,0.5349642634391785,pdb_00008jqn_H_L
15472,5,train,0.4438837170600891,pdb_00005wko_I_J
15473,5,train,0.9520934224128723,pdb_00006hga_H_L
15474,5,train,0.014912634156644344,pdb_00008j18_S1_S2
15475,5,train,0.32135841250419617,pdb_00008as0_N_M
15476,5,train,0.04475424811244011,pdb_00009vi9_S1_S2
15477,5,train,1.6402109861373901,pdb_00009n5i_H_L
15478,5,train,0.4736413359642029,pdb_00009clp_H_L
15479,5,train,0.024170052260160446,pdb_00007wic_S1_S2
15480,5,train,0.7125263810157776,pdb_00008zre_h_l
15481,5,train,0.4591352939605713,pdb_00008hn6_A_B
15482,5,train,0.12650953233242035,pdb_00008vgj_J_I
15483,5,train,0.031660523265600204,pdb_00008yn4_E1_E2
15484,5,train,0.14894947409629822,pdb_00007mhr_A_B
15485,5,train,0.5944998860359192,pdb_00007jmw_H_L
15486,5,train,0.8485096096992493,pdb_00005gs0_F_E
15487,5,train,0.4521879553794861,pdb_00001z3g_H_L
15488,5,train,0.30693167448043823,pdb_00009cpr_H_L
15489,5,train,0.009317813441157341,pdb_00009oxa_D1_D2
15490,5,train,0.6843608021736145,pdb_00007w71_I_M
15491,5,train,0.24384132027626038,pdb_00008zyu_D_Q
15492,5,train,0.017946237698197365,pdb_00002fee_J_O
15493,5,train,0.6692867279052734,pdb_00009lae_A_B
15494,5,train,1.0078530311584473,pdb_00005d1z_F_E
15495,5,train,0.2995900809764862,pdb_00005wko_A_B
15496,5,train,0.5476413369178772,pdb_00009mla_H_K
15497,5,train,0.017882831394672394,pdb_00009iza_S1_S2
15498,5,train,0.016653859987854958,pdb_00009k3f_S1_S2
15499,5,train,0.38521894812583923,pdb_00001kip_B_A
15500,5,train,0.7959253787994385,pdb_00009mic_H_L
15501,5,train,0.012774823233485222,pdb_00008jz7_S1_S2
15502,5,train,0.26685917377471924,pdb_00008f2j_A_B
15503,5,train,0.7290360331535339,pdb_00006u6u_H_L
15504,5,train,0.011043061502277851,pdb_00009jh5_S1_S2
15505,5,train,0.09871730953454971,pdb_00009zqb_I2_I1
15506,5,train,0.8361993432044983,pdb_00007s0x_C_D
15507,5,train,0.5184844732284546,pdb_00007bpk_C_D
15508,5,train,0.7098017334938049,pdb_00008ee8_H_L
15509,5,train,0.7239876985549927,pdb_00006t3j_A_B
15510,5,train,0.5081787109375,pdb_00009fys_B_C
15511,5,train,0.028817422688007355,pdb_00007t90_E1_E2
15512,5,train,1.1914856433868408,pdb_00007r8u_HHH_LLL
15513,5,train,0.5167405605316162,pdb_00007lfa_H_L
15514,5,train,0.3634827435016632,pdb_00006vvu_E_F
15515,5,train,0.76018226146698,pdb_00009js7_I_L
15516,5,train,0.02970076911151409,pdb_00008hbd_H1_H2
15517,5,train,0.7261836528778076,pdb_00004v1d_A_B
15518,5,train,0.021734463050961494,pdb_00009iv1_S1_S2
15519,5,train,0.5998590588569641,pdb_00009bt5_E_F
15520,5,train,0.02111363410949707,pdb_00008id4_S1_S2
15521,5,train,0.6279540657997131,pdb_00009n4e_K_M
15522,5,train,0.2863002419471741,pdb_00007zf8_H_L
15523,5,train,0.25457659363746643,pdb_00001nby_B_A
15524,5,train,1.0157573223114014,pdb_00009mth_H_L
15525,5,train,0.7657750248908997,pdb_00008uzp_A_B
15526,5,train,0.48252856731414795,pdb_00008dwy_V_U
15527,5,train,0.03913119435310364,pdb_00009m55_S1_S2
15528,5,train,1.1471108198165894,pdb_00007xh8_B_C
15529,5,train,0.4013470709323883,pdb_00009iz9_S_T
15530,5,train,0.8187215924263,pdb_00006wm9_B_C
15531,5,train,0.4598351716995239,pdb_00009lho_O_N
15532,5,train,1.001931071281433,pdb_00006ejg_D2_D1
15533,5,train,0.011825140565633774,pdb_00008xor_E1_E2
15534,5,train,0.34780073165893555,pdb_00007pry_A_B
15535,5,train,0.9865929484367371,pdb_00008p12_H_L
15536,5,train,0.8924508690834045,pdb_00009c6y_A_B
15537,5,train,0.34721919894218445,pdb_00007kfx_H_L
15538,5,train,0.5926865935325623,pdb_00007ua8_I1_I2
15539,5,train,0.2872864902019501,pdb_00005aaw_H1_H2
15540,5,train,0.1866818368434906,pdb_00006vmk_Z_Y
15541,5,train,0.7745038866996765,pdb_00006jep_K_I
15542,5,train,0.29440930485725403,pdb_00006xc4_H_L
15543,5,train,0.5939466953277588,pdb_00009os5_H_K
15544,5,train,0.5224388241767883,pdb_00008uwz_A_B
15545,5,train,0.5293126106262207,pdb_00006lhq_H_L
15546,5,train,0.2718423902988434,pdb_00003rhw_G_K
15547,5,train,1.12412691116333,pdb_00009leo_A_B
15548,5,train,0.8236356377601624,pdb_00008tpa_I_J
15549,5,train,0.611045241355896,pdb_00009irs_S_T
15550,5,train,0.743918776512146,pdb_00009hi4_A_B
15551,5,train,0.4043217897415161,pdb_00008j7e_A_B
15552,5,train,0.5021506547927856,pdb_00004hg4_T_U
15553,5,train,0.6688631176948547,pdb_00007m42_B_A
15554,5,train,0.07063420116901398,pdb_00006x3w_K_L
15555,5,train,0.3816225826740265,pdb_00007mzj_F_E
15556,5,train,0.15590788424015045,pdb_00006vmk_M_L
15557,5,train,0.17468242347240448,pdb_00001dqj_B_A
15558,5,train,0.7229186296463013,pdb_00007ahu_H_L
15559,5,train,0.0127003975212574,pdb_00006lfo_S1_S2
15560,5,train,0.0642184391617775,pdb_00008e9z_E1_E2
15561,5,train,0.48188379406929016,pdb_00009q7b_L_M
15562,5,train,0.6448061466217041,pdb_00006ywc_A_B
15563,5,train,0.11706274747848511,pdb_00006vmk_V_U
15564,5,train,0.4932797849178314,pdb_00008cz8_A2_A1
15565,5,train,0.728767991065979,pdb_00009yyu_I_M
15566,5,train,0.3995642364025116,pdb_00009irs_H_L
15567,5,train,0.688260555267334,pdb_00009dn2_J_N
15568,5,train,0.01173598226159811,pdb_00008jii_S1_S2
15569,5,train,0.07810890674591064,pdb_00008xjo_E1_E2
15570,5,train,0.04609603434801102,pdb_00007t8x_E1_E2
15571,5,train,0.36526888608932495,pdb_00006z3p_H_L
15572,5,train,1.3319973945617676,pdb_00008v2e_A_B
15573,5,train,0.35988667607307434,pdb_00008dwy_Z_Y
15574,5,train,0.39146462082862854,pdb_00002x7l_G_I
15575,5,train,0.050097621977329254,pdb_00007k78_K1_K2
15576,5,train,0.016144786030054092,pdb_00007trq_H1_H2
15577,5,train,0.5844461917877197,pdb_00008dwx_Z_Y
15578,5,train,0.21085411310195923,pdb_00009jy4_R_Q
15579,5,train,0.019121551886200905,pdb_00006xbm_S1_S2
15580,5,train,0.013335565105080605,pdb_00009izh_S1_S2
15581,5,train,0.024623161181807518,pdb_00008yrg_E1_E2
15582,5,train,0.03308647871017456,pdb_00008ef6_E1_E2
15583,5,train,0.747814953327179,pdb_00009ml8_E_F
15584,5,train,0.09579867869615555,pdb_00008ubk_M2_M1
15585,5,train,0.01599167473614216,pdb_00007e9g_D1_D2
15586,5,train,0.10035547614097595,pdb_00006adb_C_D
15587,5,train,0.5632926821708679,pdb_00006hxw_H_L
15588,5,train,1.371691346168518,pdb_00008tzn_G_H
15589,5,train,0.3018701374530792,pdb_00006txz_J_N
15590,5,train,0.8049851059913635,pdb_00007t3d_O_Q
15591,5,train,0.38814932107925415,pdb_00009q5v_K_J
15592,5,train,0.9069278240203857,pdb_00009e3h_H_L
15593,5,train,0.027862347662448883,pdb_00007u0i_N1_N2
15594,5,train,0.7061365246772766,pdb_00007scn_J_K
15595,5,train,1.0623341798782349,pdb_00002vxq_H_L
15596,5,train,0.7906658053398132,pdb_00006gff_L_K
15597,5,train,0.5420148968696594,pdb_00007yrf_F_E
15598,5,train,0.04438898339867592,pdb_00007x9y_S1_S2
15599,5,train,0.018968841060996056,pdb_00007u2l_E1_E2
15600,5,train,0.025678034871816635,pdb_00007u0j_N1_N2
15601,5,train,0.01138906180858612,pdb_00008xjl_E1_E2
15602,5,train,0.5463719367980957,pdb_00006ejg_C2_C1
15603,5,train,0.5871628522872925,pdb_00008y31_B_A
15604,5,train,0.7220532298088074,pdb_00007chc_A_B
15605,5,train,0.012750103138387203,pdb_00009v0x_E1_E2
15606,5,train,0.09722448885440826,pdb_00009oup_H_L
15607,5,train,0.0393744558095932,pdb_00008evg_N1_N2
15608,5,train,0.12856018543243408,pdb_00006vmk_B_A
15609,5,train,0.9900267124176025,pdb_00007q6c_H_L
15610,5,train,0.5533211827278137,pdb_00007e3o_H_L
15611,5,train,0.5619080662727356,pdb_00009rio_H_L
15612,5,train,1.0645548105239868,pdb_00006wtv_K_L
15613,5,train,0.009775041602551937,pdb_00007eo2_E1_E2
15614,5,train,0.751434326171875,pdb_00008dcm_A_B
15615,5,train,0.5002238154411316,pdb_00008vgl_H_L
15616,5,train,0.012913250364363194,pdb_00008k4n_E1_E2
15617,5,train,0.047313302755355835,pdb_00008sid_K_L
15618,5,train,0.028839701786637306,pdb_00008id3_S1_S2
15619,5,train,0.027453476563096046,pdb_00008e9w_E1_E2
15620,5,train,0.547889769077301,pdb_00008y0y_E3_E2
15621,5,train,0.47827795147895813,pdb_00007zlg_H_L
15622,5,train,0.10977021604776382,pdb_00001r3k_B_A
15623,5,train,0.6796959638595581,pdb_00009e3h_J_K
15624,5,train,0.01100761815905571,pdb_00008dwc_E1_E2
15625,5,train,0.46686485409736633,pdb_00009n4f_H_L
15626,5,train,0.5983850359916687,pdb_00006ii9_M_N
15627,5,train,0.011317639611661434,pdb_00008iu2_S1_S2
15628,5,train,1.076338768005371,pdb_00008cii_A_B
15629,5,train,0.24804097414016724,pdb_00006ba5_F_E
15630,5,train,0.9645266532897949,pdb_00008tfl_H_L
15631,5,train,0.012169046327471733,pdb_00008jxv_E1_E2
15632,5,train,1.205424427986145,pdb_00006mto_H_L
15633,5,train,0.4826192557811737,pdb_00001tpx_B_C
15634,5,train,0.7110186219215393,pdb_00009mkn_S_T
15635,5,train,0.03531304746866226,pdb_00007wq3_S1_S2
15636,5,train,0.05067749321460724,pdb_00004z7q_E_F
15637,5,train,0.7263851761817932,pdb_00006bpa_B_C
15638,5,train,0.387567937374115,pdb_00007zmk_J_K
15639,5,train,0.962492048740387,pdb_00008tbb_H_L
15640,5,train,0.49321088194847107,pdb_00008w83_M_N
15641,5,train,0.06173026189208031,pdb_00008vqy_J_I
15642,5,train,0.609857976436615,pdb_00007ycn_H_I
15643,5,train,0.3844716548919678,pdb_00003fku_Y1_Y2
15644,5,train,0.010030488483607769,pdb_00008xml_S1_S2
15645,5,train,0.25965574383735657,pdb_00009cpw_C_D
15646,5,train,0.882423460483551,pdb_00008e8z_H_L
15647,5,train,0.03286237269639969,pdb_00007jhj_D1_D2
15648,5,train,0.6540939211845398,pdb_00008vgp_H_L
15649,5,train,0.4853435754776001,pdb_00006vvu_G_I
15650,5,train,0.9345735311508179,pdb_00004lmq_E_I
15651,5,train,1.0077793598175049,pdb_00005mo9_H_L
15652,5,train,0.6119107007980347,pdb_00007sco_E_F
15653,5,train,0.7022583484649658,pdb_00008dwo_U_V
15654,5,train,0.6364989280700684,pdb_00006t3j_F_G
15655,5,train,0.04515870288014412,pdb_00008sid_J_I
15656,5,train,0.35920336842536926,pdb_00007xei_C_D
15657,5,train,0.36157089471817017,pdb_00007b3o_H_L
15658,5,train,0.6796033978462219,pdb_00007vyr_H_L
15659,5,train,0.7746810913085938,pdb_00008bg1_J_K
15660,5,train,0.013626044616103172,pdb_00008yn7_E1_E2
15661,5,train,0.10345817357301712,pdb_00009zqc_J2_J1
15662,5,train,0.4524008631706238,pdb_00008dww_X_W
15663,5,train,1.0672420263290405,pdb_00005c0n_H_L
15664,5,train,0.44770827889442444,pdb_00006kyz_B_C
15665,5,train,0.6075053215026855,pdb_00007t3d_H_L
15666,5,train,0.04857306554913521,pdb_00007u60_E_F
15667,5,train,0.6124563217163086,pdb_00009f91_A_B
15668,5,train,0.9879979491233826,pdb_00006xm2_F_E
15669,5,train,0.06785278022289276,pdb_00007xat_E1_E2
15670,5,train,0.04270419850945473,pdb_00008ubl_M2_M1
15671,5,train,0.8469065427780151,pdb_00004ogx_H_L
15672,5,train,0.4945293068885803,pdb_00007lop_X_Y
15673,5,train,0.3985256850719452,pdb_00008dwy_X_W
15674,5,train,0.7126926779747009,pdb_00009c6y_C_D
15675,5,train,0.22826112806797028,pdb_00005aam_A1_A2
15676,5,train,0.02271978184580803,pdb_00008i7v_E1_E2
15677,5,train,1.186901569366455,pdb_00007ean_H_L
15678,5,train,0.5515353679656982,pdb_00007whz_H_L
15679,5,train,0.3179439306259155,pdb_00001xgr_B_A
15680,5,train,0.23542706668376923,pdb_00002x7l_H_L
15681,5,train,1.159049153327942,pdb_00009e3l_K_L
15682,5,train,1.3937530517578125,pdb_00007uij_A_B
15683,5,train,0.6429111361503601,pdb_00008ebp_I_M
15684,5,train,0.014677714556455612,pdb_00007ew2_S1_S2
15685,5,train,0.5604509711265564,pdb_00007dk2_G_H
15686,5,train,0.98179692029953,pdb_00009mtk_H_L
15687,5,train,0.02541140280663967,pdb_00006k41_H1_H2
15688,5,train,0.044614277780056,pdb_00006ada_E_F
15689,5,train,0.8362515568733215,pdb_00007mzj_N_M
15690,5,train,0.15077854692935944,pdb_00008vgk_K_L
15691,5,train,0.832577109336853,pdb_00008yx9_G_I
15692,5,train,0.7838650941848755,pdb_00003g6d_H_L
15693,5,train,0.15298159420490265,pdb_00002dqg_H_L
15694,5,train,0.06264812499284744,pdb_00008ubi_N2_N1
15695,5,train,0.044307641685009,pdb_00008wwh_E1_E2
15696,5,train,0.026205014437437057,pdb_00008xgm_S1_S2
15697,5,train,0.6073721647262573,pdb_00005jz7_G_I
15698,5,train,0.5970611572265625,pdb_00002vwe_L_J
15699,5,train,1.3447253704071045,pdb_00006ddv_B_A
15700,5,train,0.020420532673597336,pdb_00008jei_S1_S2
15701,5,train,0.29888659715652466,pdb_00007qez_E_F
15702,5,train,0.014472821727395058,pdb_00009jks_S1_S2
15703,5,train,0.8297711610794067,pdb_00004am0_C_D
15704,5,train,0.6533482074737549,pdb_00008rmx_B_C
15705,5,train,0.08374615758657455,pdb_00008dd2_K_L
15706,5,train,0.9221751093864441,pdb_00007lg6_K_N
15707,5,train,0.46478793025016785,pdb_00005jz7_C_D
15708,5,train,0.029265735298395157,pdb_00008x17_H1_H2
15709,5,train,0.776310384273529,pdb_00009mtl_H_L
15710,5,train,1.0557265281677246,pdb_00008jeo_B_C
15711,5,train,0.37096861004829407,pdb_00008z2e_H_L
15712,5,train,0.013113812543451786,pdb_00007dfl_C1_C2
15713,5,train,0.8514075875282288,pdb_00004f3f_B_A
15714,5,train,0.688029944896698,pdb_00007yvl_A_C
15715,5,train,0.5871330499649048,pdb_00001ors_B_A
15716,5,train,0.5291091203689575,pdb_00006n5e_H_I
15717,5,train,0.03249794617295265,pdb_00008zpt_E1_E2
15718,5,train,0.47032853960990906,pdb_00009lbs_H_L
15719,5,train,0.6447386145591736,pdb_00008zdw_L_J
15720,5,train,0.02195490151643753,pdb_00009ijd_D1_D2
15721,5,train,0.01612849533557892,pdb_00009pq0_E1_E2
15722,5,train,0.44391798973083496,pdb_00008i5l_E1_E2
15723,5,train,0.024182088673114777,pdb_00009vmo_S1_S2
15724,5,train,0.7839910387992859,pdb_00008vte_D_C
15725,5,train,0.021767182275652885,pdb_00007f9z_E1_E2
15726,5,train,0.013793433085083961,pdb_00008ykw_E1_E2
15727,5,train,0.01306078489869833,pdb_00008xbe_S1_S2
15728,5,train,0.47071123123168945,pdb_00004okv_C_D
15729,5,train,0.012696715071797371,pdb_00008y02_S1_S2
15730,5,train,0.011995725333690643,pdb_00008kfx_S1_S2
15731,5,train,0.040436625480651855,pdb_00002htl_E_F
15732,5,train,0.3568790853023529,pdb_00008dww_H_L
15733,5,train,0.58756023645401,pdb_00002vir_B_A
15734,5,train,0.6699075102806091,pdb_00009dzg_H_L
15735,5,train,0.15746675431728363,pdb_00008vgh_J_I
15736,5,train,0.0890122503042221,pdb_00008jxw_E1_E2
15737,5,train,0.29522326588630676,pdb_00007k8m_A_B
15738,5,train,0.7799742817878723,pdb_00008suo_H_L
15739,5,train,0.0528370663523674,pdb_00003stz_A_B
15740,5,train,0.5125175714492798,pdb_00007sco_J_K
15741,5,train,0.008842991665005684,pdb_00009kvi_E1_E2
15742,5,train,0.6659918427467346,pdb_00001n5y_H_L
15743,5,train,0.025051765143871307,pdb_00007vie_E1_E2
15744,5,train,0.2959250211715698,pdb_00003b2u_Q_R
15745,5,train,0.5069517493247986,pdb_00006dkj_A_B
15746,5,train,0.3990243375301361,pdb_00007yck_E_F
15747,5,train,0.028367578983306885,pdb_00008g05_E1_E2
15748,5,train,0.010552519001066685,pdb_00008jlq_S1_S2
15749,5,train,0.2225308120250702,pdb_00007lop_B_C
15750,5,train,0.021205049008131027,pdb_00008wrb_E1_E2
15751,5,train,0.8987802267074585,pdb_00006u9s_D_E
15752,5,train,0.010476335883140564,pdb_00009kvg_E1_E2
15753,5,train,0.027260497212409973,pdb_00008ia8_S1_S2
15754,5,train,0.039564430713653564,pdb_00003nid_E_F
15755,5,train,0.6687740683555603,pdb_00007bwj_H_L
15756,5,train,0.06455642729997635,pdb_00008zcj_E1_E2
15757,5,train,0.6096264719963074,pdb_00001jhl_H_L
15758,5,train,0.9532350897789001,pdb_00009h6u_H_L
15759,5,train,0.5918709635734558,pdb_00008znz_G_H
15760,5,train,0.7948188185691833,pdb_00006osv_H_L
15761,5,train,0.582119882106781,pdb_00006wzl_A_B
15762,5,train,0.02261543646454811,pdb_00007td8_E_F
15763,5,train,0.022655244916677475,pdb_00009j0b_S1_S2
15764,5,train,0.7103682160377502,pdb_00008tzw_H_L
15765,5,train,0.7332296371459961,pdb_00008zyf_H_D
15766,5,train,1.2441558837890625,pdb_00007m3l_B_C
15767,5,train,0.04800819605588913,pdb_00008hk3_H1_H2
15768,5,train,0.5141850709915161,pdb_00001fbi_H_L
15769,5,train,0.7647168040275574,pdb_00006ml8_H_L
15770,5,train,1.0994186401367188,pdb_00006wty_H_I
15771,5,train,0.021458104252815247,pdb_00009vjg_E1_E2
15772,5,train,0.016828173771500587,pdb_00009bsb_E1_E2
15773,5,train,0.013002715073525906,pdb_00007ew7_E1_E2
15774,5,train,0.7913720607757568,pdb_00009oar_H_L
15775,5,train,0.36356446146965027,pdb_00008txu_E_J
15776,5,train,0.03321969509124756,pdb_00007yon_S1_S2
15777,5,train,0.7658131718635559,pdb_00006ww5_E_F
15778,5,train,0.45265743136405945,pdb_00008vgl_E_F
15779,5,train,0.043502483516931534,pdb_00007k5x_N2_N1
15780,5,train,0.03735999017953873,pdb_00007k61_N2_N1
15781,5,train,0.014046922326087952,pdb_00009kxs_H1_H2
15782,5,train,0.011941946111619473,pdb_00008jil_S1_S2
15783,5,train,0.6457253694534302,pdb_00001hys_D_C
15784,5,train,0.5419094562530518,pdb_00001mlc_B_A
15785,5,train,0.42771613597869873,pdb_00005dhx_L2_L1
15786,5,train,0.8791187405586243,pdb_00005ggs_C_D
15787,5,train,0.4569070339202881,pdb_00007wqv_F1_F2
15788,5,train,0.7635766267776489,pdb_00009oao_H_L
15789,5,train,0.4480842053890228,pdb_00009n7q_E_G
15790,5,train,0.8169858455657959,pdb_00004xhj_D_C
15791,5,train,0.6923210024833679,pdb_00002yc1_A_B
15792,5,train,0.018529001623392105,pdb_00007k5y_N2_N1
15793,5,train,0.8167298436164856,pdb_00007pa7_ddd2_ddd1
15794,5,train,0.013465610332787037,pdb_00009v6o_S1_S2
15795,5,train,0.569646954536438,pdb_00006a3w_A_B
15796,5,train,0.5904368162155151,pdb_00007ucq_K1_K2
15797,5,train,0.011719658970832825,pdb_00008jhy_S1_S2
15798,5,train,0.06579601019620895,pdb_00002bob_A_B
15799,5,train,0.016572274267673492,pdb_00007ejx_S1_S2
15800,5,train,0.7207608222961426,pdb_00009b2m_J_K
15801,5,train,0.6659683585166931,pdb_00003wkm_H_L
15802,5,train,0.35607385635375977,pdb_00008ulf_H_L
15803,5,train,0.6019972562789917,pdb_00006wtu_E_F
15804,5,train,0.017717313021421432,pdb_00007wig_S1_S2
15805,5,train,0.7698877453804016,pdb_00009n8j_B_C
15806,5,train,1.1299580335617065,pdb_00007ezv_H_L
15807,5,train,0.9985949993133545,pdb_00004u6h_C_D
15808,5,train,0.5927542448043823,pdb_00009n8j_F_G
15809,5,train,0.4065247178077698,pdb_00002i9l_D_C
15810,5,train,0.011422790586948395,pdb_00009kpe_S1_S2
15811,5,train,1.0111924409866333,pdb_00008dv6_H_D
15812,5,train,0.03653280436992645,pdb_00006adb_E_F
15813,5,train,0.8488268852233887,pdb_00008siq_H_L
15814,5,train,0.0349789597094059,pdb_00008x16_H1_H2
15815,5,train,0.010268070735037327,pdb_00009ydu_E1_E2
15816,5,train,0.7570537328720093,pdb_00009npg_D_E
15816,5,train_epoch,0.44079293332724057,
15816,5,validation,0.9628062367890821,
