split,target_id,donor_id,target_equals_donor,donor_length,embedding_width
train,pdb_00001j1p_H_L,pdb_00008vgj_F_E,False,243,1280
train,pdb_00001nbz_B_A,pdb_00009iru_B_A,False,123,1280
train,pdb_00001dqj_B_A,pdb_00008dn6_E_F,False,198,1280
train,pdb_00001nby_B_A,pdb_00009ijd_D1_D2,False,340,1280
train,pdb_00001kir_B_A,pdb_00008ijd_S1_S2,False,337,1280
train,pdb_00001e6j_H_L,pdb_00004hg4_N_O,False,324,1280
train,pdb_00001mlc_D_C,pdb_00007det_B1_B2,False,193,1280
train,pdb_00001mlc_B_A,pdb_00009oum_H_L,False,213,1280
train,pdb_00008pwh_D_C,pdb_00009xhh_D1_D2,False,338,1280
train,pdb_00008q6j_D_C,pdb_00009mqa_H_L,False,316,1280
train,pdb_00008q6j_B_A,pdb_00009k26_S1_S2,False,337,1280
train,pdb_00008pwh_B_A,pdb_00004f2m_A_B,False,148,1280
train,pdb_00001kiq_B_A,pdb_00003ri5_G_K,False,680,1280
train,pdb_00001jhl_H_L,pdb_00009jy2_B_A,False,121,1280
train,pdb_00001g7m_B_A,pdb_00007shy_K_L,False,208,1280
train,pdb_00001g7h_B_A,pdb_00004kht_H_L,False,66,1280
train,pdb_00001ic4_H_L,pdb_00007y64_S1_S2,False,340,1280
train,pdb_00001fsk_F_E,pdb_00009vmy_E1_E2,False,334,1280
train,pdb_00001fsk_I_H,pdb_00004oii_I_M,False,177,1280
train,pdb_00001fsk_C_B,pdb_00009cff_H_L,False,194,1280
train,pdb_00001fsk_L_K,pdb_00007vuz_S1_S2,False,339,1280
train,pdb_00001hys_D_C,pdb_00008e8l_H_L,False,783,1280
train,pdb_00001j5o_H_L,pdb_00007t3d_O_Q,False,488,1280
train,pdb_00002hmi_D_C,pdb_00007wur_E_F,False,341,1280
train,pdb_00001dee_F_E,pdb_00002vir_B_A,False,267,1280
train,pdb_00001dee_D_C,pdb_00006wtv_B_C,False,299,1280
train,pdb_00001fns_H_L,pdb_00006e0p_M1_M2,False,203,1280
train,pdb_00001fdl_H_L,pdb_00009f91_A_B,False,69,1280
train,pdb_00001ic7_H_L,pdb_00007ufh_E_F,False,453,1280
train,pdb_00001vfb_B_A,pdb_00002yss_B_A,False,129,1280
train,pdb_00001g9n_H_L,pdb_00008u4s_B_A,False,569,1280
train,pdb_00006p4a_H_L,pdb_00006woz_E_F,False,296,1280
train,pdb_00003d9a_H_L,pdb_00007vl9_S1_S2,False,339,1280
train,pdb_00001c08_B_A,pdb_00007f3q_H_L,False,194,1280
train,pdb_00003hfm_H_L,pdb_00006ek2_H1_H2,False,90,1280
train,pdb_00002dqj_H_L,pdb_00006n5d_C_D,False,282,1280
train,pdb_00002vit_B_A,pdb_00008y73_E1_E2,False,336,1280
train,pdb_00002vir_B_A,pdb_00007xwo_E1_E2,False,336,1280
train,pdb_00002vis_B_A,pdb_00003rif_J_M,False,681,1280
train,pdb_00001bql_H_L,pdb_00007woc_A_B,False,194,1280
train,pdb_00001eo8_H_L,pdb_00008jqm_H_L,False,705,1280
train,pdb_00001adq_H_L,pdb_00007s8o_E1_E2,False,339,1280
train,pdb_00001ic5_H_L,pdb_00009izg_S1_S2,False,339,1280
train,pdb_00007m2j_A_B,pdb_00007s7i_J_N,False,93,1280
train,pdb_00002hjf_A_B,pdb_00008y31_B_A,False,102,1280
train,pdb_00006w0g_A_B,pdb_00004qci_H_L,False,92,1280
train,pdb_00002itd_A_B,pdb_00003c09_C_B,False,191,1280
train,pdb_00001r3k_B_A,pdb_00008f7x_E1_E2,False,335,1280
train,pdb_00003f7y_A_B,pdb_00005cbe_C_D,False,66,1280
train,pdb_00003iga_A_B,pdb_00008wpw_C_D,False,195,1280
train,pdb_00006w0i_A_B,pdb_00004lvh_H_I,False,222,1280
train,pdb_00006w0j_A_B,pdb_00008ol9_B_A,False,234,1280
train,pdb_00006w0h_A_B,pdb_00009e3l_I_J,False,196,1280
train,pdb_00002bob_A_B,pdb_00004nik_B1_B2,False,224,1280
train,pdb_00007mhr_A_B,pdb_00007vfx_S1_S2,False,336,1280
train,pdb_00003or7_A_B,pdb_00008irs_E1_E2,False,339,1280
train,pdb_00003f5w_A_B,pdb_00008jjp_S1_S2,False,338,1280
train,pdb_00003or6_A_B,pdb_00008f6x_F1_F2,False,859,1280
train,pdb_00002itc_A_B,pdb_00008zqe_S1_S2,False,338,1280
train,pdb_00002atk_A_B,pdb_00009ko4_H1_H2,False,304,1280
train,pdb_00007mhx_A_B,pdb_00007tp3_H_L,False,194,1280
train,pdb_00006w0a_A_B,pdb_00007pqy_B_C,False,183,1280
train,pdb_00004lcu_A_B,pdb_00007aue_S1_S2,False,338,1280
train,pdb_00003stl_A_B,pdb_00007k9z_H_L,False,195,1280
train,pdb_00003fb7_A_B,pdb_00008wnp_D_C,False,705,1280
train,pdb_00006w0f_A_B,pdb_00008jqn_H_L,False,354,1280
train,pdb_00003hpl_A_B,pdb_00008bec_C1_C2,False,194,1280
train,pdb_00003gb7_A_B,pdb_00007zfe_F_G,False,183,1280
train,pdb_00005j9p_A_B,pdb_00008tnn_H_G,False,180,1280
train,pdb_00002boc_A_B,pdb_00004odx_A_L,False,153,1280
train,pdb_00003fb6_A_B,pdb_00008xbh_S1_S2,False,336,1280
train,pdb_00003fb5_A_B,pdb_00004i3r_H_L,False,190,1280
train,pdb_00003fb8_A_B,pdb_00005nhr_A_B,False,91,1280
train,pdb_00003f7v_A_B,pdb_00008gcm_E1_E2,False,339,1280
train,pdb_00003stz_A_B,pdb_00003rif_G_K,False,680,1280
train,pdb_00001k4d_A_B,pdb_00008xe9_A_B,False,196,1280
train,pdb_00001fj1_B_A,pdb_00008feg_F1_F2,False,339,1280
train,pdb_00009cds_B_A,pdb_00008xgs_D1_D2,False,333,1280
train,pdb_00009cds_E_D,pdb_00008zbe_E1_E2,False,400,1280
train,pdb_00001fj1_D_C,pdb_00007s0b_A_B,False,198,1280
train,pdb_00001kip_B_A,pdb_00007rgp_E1_E2,False,339,1280
train,pdb_00001bvk_B_A,pdb_00009cq7_H_I,False,438,1280
train,pdb_00001bvk_E_D,pdb_00006gv4_H_L,False,452,1280
train,pdb_00001j1o_H_L,pdb_00009mla_I_L,False,360,1280
train,pdb_00001jrh_H_L,pdb_00009kvh_E1_E2,False,332,1280
train,pdb_00001iqd_B_A,pdb_00006gff_L_K,False,111,1280
train,pdb_00001j1x_H_L,pdb_00009ejz_H1_H2,False,339,1280
train,pdb_00001fbi_Q_P,pdb_00008vvf_E1_E2,False,339,1280
train,pdb_00001fbi_H_L,pdb_00004u6h_A_B,False,166,1280
train,pdb_00001dzb_B1_B2,pdb_00006h3u_I_M,False,246,1280
train,pdb_00001dzb_A1_A2,pdb_00009axl_H_L,False,524,1280
train,pdb_00001ndm_B_A,pdb_00009x20_E1_E2,False,336,1280
train,pdb_00001t03_H_L,pdb_00008hk3_H1_H2,False,339,1280
train,pdb_00001n5y_H_L,pdb_00002zck_H_L,False,237,1280
train,pdb_00003klh_D_C,pdb_00008eed_I_J,False,403,1280
train,pdb_00001n6q_H_L,pdb_00008vgi_K_L,False,243,1280
train,pdb_00001ots_E_F,pdb_00009l8z_C_B,False,233,1280
train,pdb_00002fee_J_O,pdb_00009p0m_F1_F2,False,337,1280
train,pdb_00006adc_E_F,pdb_000011oq_H_L,False,182,1280
train,pdb_00006ad7_C_D,pdb_00009p0l_F1_F2,False,337,1280
train,pdb_00006k5a_E_F,pdb_00002hlf_C_D,False,886,1280
train,pdb_00007cvs_C_D,pdb_00009lho_O_N,False,314,1280
train,pdb_00006ad8_C_D,pdb_00006wzl_A_B,False,64,1280
train,pdb_00001ots_C_D,pdb_00008hrd_W_X,False,195,1280
train,pdb_00002exw_C_D,pdb_00006ejg_D2_D1,False,179,1280
train,pdb_00002exy_E_F,pdb_00009js7_I_L,False,504,1280
train,pdb_00007cvt_C_D,pdb_00008t3q_N1_N2,False,573,1280
train,pdb_00001otu_C_D,pdb_00006xbk_S1_S2,False,336,1280
train,pdb_00002fed_C_D,pdb_00009cci_B_C,False,197,1280
train,pdb_00006k5a_C_D,pdb_00006b3s_J_K,False,194,1280
train,pdb_00006k5f_E_F,pdb_00009og2_B_C,False,347,1280
train,pdb_00006k5d_E_F,pdb_00007sd5_H_L,False,193,1280
train,pdb_00001ott_C_D,pdb_00009kug_H1_H2,False,338,1280
train,pdb_00006adb_C_D,pdb_00008we4_H_L,False,195,1280
train,pdb_00006ad8_E_F,pdb_00006omm_E1_E2,False,336,1280
train,pdb_00002fed_E_F,pdb_00009vnz_E1_E2,False,338,1280
train,pdb_00002exy_C_D,pdb_00008cii_A_B,False,185,1280
train,pdb_00007cvs_E_F,pdb_00008e2u_H_L,False,439,1280
train,pdb_00006adb_E_F,pdb_00006t9e_HHH_LLL,False,192,1280
train,pdb_00006k5f_C_D,pdb_00009ydv_E1_E2,False,339,1280
train,pdb_00001otu_E_F,pdb_00001osp_H_L,False,251,1280
train,pdb_00006k5i_E_F,pdb_00006txz_J_N,False,109,1280
train,pdb_00006k5i_C_D,pdb_00007rku_J_K,False,196,1280
train,pdb_00004fg6_C_D,pdb_00007m42_B_A,False,195,1280
train,pdb_00006ada_C_D,pdb_00007dfl_C1_C2,False,339,1280
train,pdb_00001ott_E_F,pdb_00007mhr_A_B,False,103,1280
train,pdb_00002fee_I_L,pdb_00009h4s_H_L,False,102,1280
train,pdb_00006adc_C_D,pdb_00007td8_E_F,False,453,1280
train,pdb_00006k5d_C_D,pdb_00009ije_D1_D2,False,340,1280
train,pdb_00004fg6_E_F,pdb_00007mzh_H_L,False,197,1280
train,pdb_00006ada_E_F,pdb_00006u9s_D_E,False,92,1280
train,pdb_00002exw_E_F,pdb_00008i5l_E1_E2,False,303,1280
train,pdb_00007cvt_E_F,pdb_00004dn4_H_L,False,61,1280
train,pdb_00006ad7_E_F,pdb_00008f0h_H_L,False,193,1280
train,pdb_00001xgr_B_A,pdb_00002ybr_G_H,False,66,1280
train,pdb_00001nsn_H_L,pdb_00009ejc_D1_D2,False,336,1280
train,pdb_00001rzk_H_L,pdb_00007nx7_H_L,False,193,1280
train,pdb_00001xgt_B_A,pdb_00009ue8_Q_R,False,169,1280
train,pdb_00001qfu_H_L,pdb_00006z2m_B_C,False,197,1280
train,pdb_00001tqc_B_C,pdb_00004tnw_W_f,False,681,1280
train,pdb_00001tpx_B_C,pdb_00007rks_H_L,False,182,1280
train,pdb_00001tqb_B_C,pdb_00003ri5_F_N,False,680,1280
train,pdb_00001ua6_H_L,pdb_00009u5p_P_Q,False,361,1280
train,pdb_00001uac_H_L,pdb_00006ss4_HHH_LLL,False,316,1280
train,pdb_00001p2c_E_D,pdb_00009l42_E1_E2,False,338,1280
train,pdb_00001p2c_B_A,pdb_00008ezl_H1_H2,False,176,1280
train,pdb_00009irs_H_L,pdb_00008k6m_S1_S2,False,340,1280
train,pdb_00009irs_S_T,pdb_00007mzh_B_C,False,198,1280
train,pdb_00001orq_B_A,pdb_00003fmg_H_L,False,235,1280
train,pdb_00001ztx_H_L,pdb_00009mkn_S_T,False,441,1280
train,pdb_00001ors_B_A,pdb_00007zoz_H_L,False,125,1280
train,pdb_00001xgu_B_A,pdb_00009l9o_B_C,False,396,1280
train,pdb_00001tzh_B_A,pdb_00009q71_I_J,False,685,1280
train,pdb_00001tzh_H_L,pdb_00008tnt_G_F,False,178,1280
train,pdb_00001xgp_B_A,pdb_00008vgj_J_I,False,243,1280
train,pdb_00001rjl_B_A,pdb_00007rkx_D1_D2,False,338,1280
train,pdb_00001yqv_H_L,pdb_00008ubk_M2_M1,False,205,1280
train,pdb_00001za3_B_A,pdb_00008fx5_H1_H2,False,339,1280
train,pdb_00001xgq_B_A,pdb_00007ley_G_F,False,317,1280
train,pdb_00001tzi_B_A,pdb_00007wz7_C1_C2,False,338,1280
train,pdb_00001oak_H_L,pdb_00009vfu_E_F,False,533,1280
train,pdb_00001yy9_D_C,pdb_00007vgr_F_E,False,397,1280
train,pdb_00006k65_H_L,pdb_00002hlf_E_F,False,886,1280
train,pdb_00001z3g_H_L,pdb_00008sdf_B_C,False,194,1280
train,pdb_00001z3g_I_M,pdb_00008tnt_E_D,False,656,1280
train,pdb_00001osp_H_L,pdb_00007m2j_A_B,False,96,1280
train,pdb_00009jy4_P_O,pdb_00009m54_S1_S2,False,343,1280
train,pdb_00009jy1_P_O,pdb_00007vl8_S1_S2,False,339,1280
train,pdb_00001xiw_H_G,pdb_00009ma7_B_C,False,414,1280
train,pdb_00009jy3_R_Q,pdb_00001fns_H_L,False,196,1280
train,pdb_00009jy3_P_O,pdb_00007tzh_A1_A2,False,173,1280
train,pdb_00009jy4_R_Q,pdb_00008cdd_E_D,False,326,1280
train,pdb_00009jy1_R_Q,pdb_00008ied_N1_N2,False,338,1280
train,pdb_00001xiw_D_C,pdb_00001fj1_B_A,False,251,1280
train,pdb_00002h2s_C_D,pdb_00009mqa_J_N,False,316,1280
train,pdb_00002htk_C_D,pdb_00002dqe_H_L,False,129,1280
train,pdb_00002hlf_E_F,pdb_00004v1d_D_E,False,65,1280
train,pdb_00002htl_C_D,pdb_00009cps_H_L,False,193,1280
train,pdb_00002h2s_E_F,pdb_00003nh7_J_N,False,85,1280
train,pdb_00002hlf_C_D,pdb_00009k3l_S1_S2,False,341,1280
train,pdb_00002ht2_E_F,pdb_00007bsd_A_B,False,68,1280
train,pdb_00003ejz_C_D,pdb_00002exw_C_D,False,886,1280
train,pdb_00002ht3_E_F,pdb_00009dm0_C_D,False,652,1280
train,pdb_00002ht4_E_F,pdb_00003s37_H_L,False,110,1280
train,pdb_00003ejz_E_F,pdb_00008dcm_A_B,False,695,1280
train,pdb_00002r9h_C_D,pdb_00009k6l_S1_S2,False,341,1280
train,pdb_00002ht3_C_D,pdb_00003dvn_B_A,False,152,1280
train,pdb_00002ht2_C_D,pdb_00007lop_W_V,False,194,1280
train,pdb_00003det_C_D,pdb_00004yk4_C_B,False,206,1280
train,pdb_00002htk_E_F,pdb_00007ew1_E1_E2,False,340,1280
train,pdb_00002ht4_C_D,pdb_00009ite_E1_E2,False,338,1280
train,pdb_00002htl_E_F,pdb_00008wrb_E1_E2,False,342,1280
train,pdb_00002h2p_E_F,pdb_00008h0q_E1_E2,False,338,1280
train,pdb_00003det_E_F,pdb_00009ldw_S1_S2,False,338,1280
train,pdb_00002r9h_E_F,pdb_00008uh3_E1_E2,False,333,1280
train,pdb_00002h2p_C_D,pdb_00008cxg_h_l,False,501,1280
train,pdb_00003ejy_C_D,pdb_00007rxi_H_L,False,64,1280
train,pdb_00003ejy_E_F,pdb_00006yz7_BBB_CCC,False,195,1280
train,pdb_00002dqg_H_L,pdb_00008zd6_E_F,False,153,1280
train,pdb_00002eiz_B_A,pdb_00008dww_X_W,False,414,1280
train,pdb_00002h9g_B_A,pdb_00009b5y_N1_N2,False,339,1280
train,pdb_00002h9g_H_L,pdb_00006wqo_E_F,False,293,1280
train,pdb_00002jix_F_A,pdb_00006ban_F_E,False,81,1280
train,pdb_00002jix_D_G,pdb_00002itd_A_B,False,103,1280
train,pdb_00002dd8_H_L,pdb_00006txz_I_M,False,109,1280
train,pdb_00002eks_B_A,pdb_00007mzj_H_L,False,196,1280
train,pdb_00002dqc_H_L,pdb_00009jkx_S1_S2,False,337,1280
train,pdb_00002iff_H_L,pdb_00006ii8_G_I,False,316,1280
train,pdb_00002fjh_B_A,pdb_00007ykd_S1_S2,False,337,1280
train,pdb_00002fjh_H_L,pdb_00007wvd_G_H,False,491,1280
train,pdb_00002dqh_H_L,pdb_00009jub_B_C,False,406,1280
train,pdb_00002i9l_B_A,pdb_00009me4_I_M,False,279,1280
train,pdb_00002i9l_D_C,pdb_00007zfe_J_K,False,183,1280
train,pdb_00002i9l_H_G,pdb_00006ogx_H_L,False,140,1280
train,pdb_00002dqf_B_A,pdb_00008hpf_H_L,False,193,1280
train,pdb_00002dqf_E_D,pdb_00001jhl_H_L,False,129,1280
train,pdb_00002dqe_H_L,pdb_00008zyf_H_D,False,195,1280
train,pdb_00002bdn_H_L,pdb_00008sxp_H_L,False,68,1280
train,pdb_00002dqi_H_L,pdb_00008ihh_S1_S2,False,339,1280
train,pdb_00002dqd_H_L,pdb_00003v4v_H_L,False,375,1280
train,pdb_00002wuc_H_L,pdb_00007eq1_S1_S2,False,338,1280
train,pdb_00002x7l_G_I,pdb_00008evh_N1_N2,False,202,1280
train,pdb_00002x7l_C_D,pdb_00004tnw_Y_g,False,681,1280
train,pdb_00002x7l_A_B,pdb_00007uij_H_L,False,314,1280
train,pdb_00005dhy_A_B,pdb_00007x6o_C_D,False,165,1280
train,pdb_00002x7l_E_F,pdb_00005dhy_H_L,False,61,1280
train,pdb_00002x7l_J_K,pdb_00004khx_H_L,False,66,1280
train,pdb_00005dhy_H_L,pdb_00007t0w_H_L,False,673,1280
train,pdb_00002x7l_H_L,pdb_00007cmk_H_L,False,472,1280
train,pdb_00003b2u_N_O,pdb_00007ycn_K_L,False,194,1280
train,pdb_00006b3s_H_L,pdb_00007t3d_J_M,False,324,1280
train,pdb_00003b2u_C_D,pdb_00009oi3_M_N,False,169,1280
train,pdb_00003b2u_J_K,pdb_00007xsc_D_H,False,193,1280
train,pdb_00003b2u_Q_R,pdb_00007ttm_H_L,False,195,1280
train,pdb_00006b3s_J_K,pdb_00009uam_E1_E2,False,336,1280
train,pdb_00003b2u_T_U,pdb_00007chc_A_B,False,183,1280
train,pdb_00003b2v_H_L,pdb_00008f2j_D_F,False,196,1280
train,pdb_00006b3s_F_G,pdb_00004lvh_E_F,False,222,1280
train,pdb_00006b3s_C_D,pdb_00003rif_H_L,False,681,1280
train,pdb_00007uje_E_F,pdb_00008yn5_E1_E2,False,342,1280
train,pdb_00007u60_E_F,pdb_00005vig_H_L,False,100,1280
train,pdb_00007l8p_E_F,pdb_00007zmk_V_W,False,220,1280
train,pdb_00003t3m_H_L,pdb_00008ulf_K_O,False,245,1280
train,pdb_00007udh_E_F,pdb_00006ban_D_C,False,81,1280
train,pdb_00007uko_E_F,pdb_00009j5v_S1_S2,False,338,1280
train,pdb_00002vdl_H_L,pdb_00007zf9_A_B,False,195,1280
train,pdb_00002vc2_H_L,pdb_00009d0a_E1_E2,False,303,1280
train,pdb_00003nig_E_F,pdb_00006adb_C_D,False,444,1280
train,pdb_00002vdq_H_L,pdb_00007c88_A_B,False,116,1280
train,pdb_00007tct_E_F,pdb_00008bg5_C1_C2,False,194,1280
train,pdb_00003nif_E_F,pdb_00001j5o_H_L,False,430,1280
train,pdb_00007udg_E_F,pdb_00003lh2_K_O,False,68,1280
train,pdb_00002vdp_H_L,pdb_00006h3u_H_L,False,245,1280
train,pdb_00007u9f_E_F,pdb_00007f3q_C_B,False,194,1280
train,pdb_00002vdn_H_L,pdb_00009wxm_D1_D2,False,338,1280
train,pdb_00007ujk_E_F,pdb_00008xyd_E1_E2,False,336,1280
train,pdb_00002vdm_H_L,pdb_00009mkn_O_P,False,441,1280
train,pdb_00007ubr_E_F,pdb_00008sdf_H_L,False,195,1280
train,pdb_00004z7q_E_F,pdb_00006iap_E_D,False,182,1280
train,pdb_00007ufh_E_F,pdb_00007zf8_H_L,False,195,1280
train,pdb_00007uk9_E_F,pdb_00007uzd_H_L,False,199,1280
train,pdb_00007tct_H_L,pdb_00009mla_G_J,False,360,1280
train,pdb_00007ukp_E_F,pdb_00009jh5_S1_S2,False,338,1280
train,pdb_00002vdo_H_L,pdb_00005w0k_E_F,False,655,1280
train,pdb_00002vdk_H_L,pdb_00007l0l_I_K,False,495,1280
train,pdb_00003zdx_E_F,pdb_00007xjj_S1_S2,False,338,1280
train,pdb_00007td8_E_F,pdb_00007mxl_A_B,False,159,1280
train,pdb_00007tmz_E_F,pdb_00008j6p_S1_S2,False,339,1280
train,pdb_00003nig_H_L,pdb_00001fj1_D_C,False,251,1280
train,pdb_00007ukt_E_F,pdb_00006rp8_H_L,False,116,1280
train,pdb_00003nid_E_F,pdb_00007tpd_E_F,False,453,1280
train,pdb_00002vdr_H_L,pdb_00008dis_B_G,False,489,1280
train,pdb_00003zdz_E_F,pdb_00009w49_S1_S2,False,336,1280
train,pdb_00003ze2_E_F,pdb_00006s3d_A_B,False,58,1280
train,pdb_00007tpd_E_F,pdb_00004hg4_J_K,False,323,1280
train,pdb_00004z7n_E_F,pdb_00006ml8_H_L,False,321,1280
train,pdb_00007u9v_E_F,pdb_00008tpa_I_J,False,486,1280
train,pdb_00007uh8_E_F,pdb_00009l79_S1_S2,False,336,1280
train,pdb_00007tho_E_F,pdb_00008jen_A_B,False,106,1280
train,pdb_00003ze1_E_F,pdb_00008evh_M1_M2,False,203,1280
train,pdb_00004z7o_E_F,pdb_00004gxu_M_N,False,651,1280
train,pdb_00007ucy_E_F,pdb_00004hg4_P_Q,False,324,1280
train,pdb_00003ze2_H_L,pdb_00006ii9_P_Q,False,316,1280
train,pdb_00003t3m_E_F,pdb_00007lq7_y_z,False,195,1280
train,pdb_00003ze0_E_F,pdb_00003eo1_B_A,False,225,1280
train,pdb_00003t3p_E_F,pdb_00008d9y_F_E,False,68,1280
train,pdb_00007ue0_E_F,pdb_00009mtf_M_N,False,493,1280
train,pdb_00003c09_H_L,pdb_00007dk2_D_E,False,190,1280
train,pdb_00003c09_C_B,pdb_00006vmk_c_b,False,228,1280
train,pdb_00007shy_I_J,pdb_00004tnw_V_Z,False,681,1280
train,pdb_00007shy_K_L,pdb_00006x3t_K_L,False,338,1280
train,pdb_00003a6c_H_L,pdb_00005yoy_Q_N,False,153,1280
train,pdb_00002ybr_A_B,pdb_00009ccs_C_B,False,159,1280
train,pdb_00002ybr_D_E,pdb_00008hpu_H_L,False,194,1280
train,pdb_00002yc1_A_B,pdb_00002qr0_N_M,False,193,1280
train,pdb_00002ybr_G_H,pdb_00007tbf_H_L,False,196,1280
train,pdb_00006vja_H_L,pdb_00009q7b_J_K,False,823,1280
train,pdb_00006vja_I_M,pdb_00007y1f_E1_E2,False,336,1280
train,pdb_00002r29_H_L,pdb_00009kve_E_G,False,194,1280
train,pdb_00002zcl_H_L,pdb_00009q5v_K_J,False,827,1280
train,pdb_00002zck_H_L,pdb_00008i5h_H_L,False,194,1280
train,pdb_00002oz4_H_L,pdb_00008j7e_C_D,False,105,1280
train,pdb_00003bgf_H_L,pdb_00007vdh_S1_S2,False,339,1280
train,pdb_00002r56_H_L,pdb_00007d85_E_F,False,193,1280
train,pdb_00002r56_I_M,pdb_00008zyu_D_Q,False,362,1280
train,pdb_00003a67_H_L,pdb_00008txu_H_L,False,494,1280
train,pdb_00002qr0_N_M,pdb_00008tpa_H_L,False,486,1280
train,pdb_00002qr0_X_W,pdb_00007xj9_G_F,False,193,1280
train,pdb_00002qr0_L_K,pdb_00008smt_D_F,False,196,1280
train,pdb_00002qr0_H_G,pdb_00008j6r_S1_S2,False,339,1280
train,pdb_00002qr0_R_Q,pdb_00007uje_E_F,False,453,1280
train,pdb_00002qr0_F_E,pdb_00008bcz_H_L,False,194,1280
train,pdb_00002qr0_B_A,pdb_00008ulf_I_M,False,245,1280
train,pdb_00002qr0_T_S,pdb_00009hh9_E_D,False,426,1280
train,pdb_00003a6b_H_L,pdb_00007eo2_E1_E2,False,337,1280
train,pdb_00006suz_H_L,pdb_00006k7o_F_G,False,94,1280
train,pdb_00002w9e_H_L,pdb_00008i9s_H1_H2,False,338,1280
train,pdb_00002r0l_H_L,pdb_00009vje_E1_E2,False,334,1280
train,pdb_00002yss_B_A,pdb_00009kt7_E1_E2,False,340,1280
train,pdb_00002vwe_E_C,pdb_00007y24_S1_S2,False,338,1280
train,pdb_00002vwe_L_J,pdb_00008evi_N1_N2,False,202,1280
train,pdb_00004hjj_H2_L2,pdb_00008zd1_S1_S2,False,338,1280
train,pdb_00002vxq_H_L,pdb_00008xxh_S1_S2,False,336,1280
train,pdb_00003bn9_F_E,pdb_00008too_G_F,False,136,1280
train,pdb_00003mj9_H_L,pdb_00008y72_E1_E2,False,336,1280
train,pdb_00003fmg_H_L,pdb_00008z7j_S1_S2,False,339,1280
train,pdb_00003lh2_K_O,pdb_00008xqn_S1_S2,False,338,1280
train,pdb_00003lh2_J_N,pdb_00005yoy_H_E,False,154,1280
train,pdb_00003h42_H_L,pdb_00008vk1_F_E,False,129,1280
train,pdb_00005oca_H_L,pdb_00003nif_E_F,False,453,1280
train,pdb_00003mxw_H_L,pdb_00006dzt_M1_M2,False,201,1280
train,pdb_00003g6d_H_L,pdb_00008zd5_H_I,False,153,1280
train,pdb_00003h3b_C2_C1,pdb_00007vdl_S1_S2,False,339,1280
train,pdb_00004kht_H_L,pdb_00007m6d_A_B,False,196,1280
train,pdb_00003eoa_H_L,pdb_00006dfi_H_L,False,102,1280
train,pdb_00003eoa_B_A,pdb_00007yfc_C1_C2,False,342,1280
train,pdb_00003eo1_B_A,pdb_00008w5h_H_L,False,265,1280
train,pdb_00003eo1_E_D,pdb_00004g3y_H_L,False,148,1280
train,pdb_00003eo1_H_G,pdb_00007yvm_C_A,False,193,1280
train,pdb_00004kxz_J_I,pdb_00008z6t_B_C,False,196,1280
train,pdb_00003eo1_K_J,pdb_00003ejz_C_D,False,886,1280
train,pdb_00003o2d_H_L,pdb_00008xsf_H_L,False,195,1280
train,pdb_00003nh7_K_O,pdb_00008eit_E1_E2,False,336,1280
train,pdb_00003nh7_J_N,pdb_00003f5w_A_B,False,88,1280
train,pdb_00003nh7_H_L,pdb_00006p4b_B_A,False,129,1280
train,pdb_00003nh7_I_M,pdb_00008id9_S1_S2,False,334,1280
train,pdb_00003lzf_H_L,pdb_00007keo_E_F,False,149,1280
train,pdb_00003qwo_A_B,pdb_00009og2_D_E,False,347,1280
train,pdb_00009f90_A_B,pdb_00003lzf_H_L,False,323,1280
train,pdb_00003qwo_H_L,pdb_00004ut6_H_L,False,394,1280
train,pdb_00003lqa_H_L,pdb_00006k65_H_L,False,58,1280
train,pdb_00003dvg_B_A,pdb_00005dhy_A_B,False,61,1280
train,pdb_00004khx_H_L,pdb_00008hn7_D_C,False,195,1280
train,pdb_00008dis_H_L,pdb_00009izd_S1_S2,False,337,1280
train,pdb_00008dis_A_C,pdb_00007rg9_E1_E2,False,339,1280
train,pdb_00008dis_B_G,pdb_00008smt_I_J,False,197,1280
train,pdb_00006uyn_H_L,pdb_00009ib3_H_L,False,198,1280
train,pdb_00003qum_K_M,pdb_00001nby_B_A,False,129,1280
train,pdb_00006vlw_H_L,pdb_00003vrl_H_L,False,73,1280
train,pdb_00003g6j_H_G,pdb_00009ll7_S1_S2,False,339,1280
train,pdb_00003g6j_F_E,pdb_00007wwk_G_F,False,193,1280
train,pdb_00004i3r_H_L,pdb_00008i97_H1_H2,False,338,1280
train,pdb_00003dvn_H_L,pdb_00003ze0_E_F,False,453,1280
train,pdb_00003dvn_B_A,pdb_00007ucq_K1_K2,False,176,1280
train,pdb_00003p0y_H_L,pdb_00008hrd_O_P,False,195,1280
train,pdb_00003fku_Y1_Y2,pdb_00006cw3_C_D,False,120,1280
train,pdb_00003fku_X1_X2,pdb_00007fcp_B_D,False,185,1280
train,pdb_00003fku_U1_U2,pdb_00009eti_H_L,False,198,1280
train,pdb_00003fku_S1_S2,pdb_00008cbf_H_L,False,198,1280
train,pdb_00003fku_Z1_Z2,pdb_00004hjj_H2_L2,False,157,1280
train,pdb_00003fku_T1_T2,pdb_00009ml8_M_N,False,196,1280
train,pdb_00008uzp_H_L,pdb_00005w3m_E_G,False,766,1280
train,pdb_00008uzp_A_B,pdb_00008vy7_D1_D2,False,339,1280
train,pdb_00004f3f_B_A,pdb_00001rjl_B_A,False,95,1280
train,pdb_00003wd5_H_L,pdb_00008elo_H_L,False,192,1280
train,pdb_00004am0_H_L,pdb_00007lop_B_C,False,195,1280
train,pdb_00004al8_H_L,pdb_00009v2n_S1_S2,False,338,1280
train,pdb_00004am0_C_D,pdb_00008q6j_D_C,False,624,1280
train,pdb_00003ri5_J_M,pdb_00007ue0_E_F,False,453,1280
train,pdb_00003rhw_I_O,pdb_00009ptm_I_M,False,279,1280
train,pdb_00004tnw_G_K,pdb_00009vo2_S1_S2,False,338,1280
train,pdb_00003rif_G_K,pdb_00008zdw_U_R,False,321,1280
train,pdb_00004tnw_H_L,pdb_00008bg1_G_H,False,195,1280
train,pdb_00003ri5_H_L,pdb_00008dwo_U_V,False,346,1280
train,pdb_00003rhw_H_L,pdb_00008zd5_B_C,False,153,1280
train,pdb_00003ri5_F_N,pdb_00009cpu_F_G,False,196,1280
train,pdb_00003rif_H_L,pdb_00005nh3_I_M,False,95,1280
train,pdb_00004tnw_X_i,pdb_00009mtf_I_J,False,494,1280
train,pdb_00003rhw_G_K,pdb_00007vyr_H_L,False,186,1280
train,pdb_00003ri5_I_O,pdb_00006ad8_E_F,False,442,1280
train,pdb_00004tnw_W_f,pdb_00007k61_N2_N1,False,205,1280
train,pdb_00004tnw_Y_g,pdb_00008xqo_S1_S2,False,338,1280
train,pdb_00004tnw_V_Z,pdb_00007ley_D_E,False,317,1280
train,pdb_00003rhw_F_N,pdb_00005vqm_H_L,False,528,1280
train,pdb_00004tnw_F_N,pdb_00007kfx_H_L,False,195,1280
train,pdb_00003rif_J_M,pdb_00008w5m_H_L,False,397,1280
train,pdb_00004tnw_J_M,pdb_00002x7l_J_K,False,57,1280
train,pdb_00003rif_F_N,pdb_00007vdm_S1_S2,False,339,1280
train,pdb_00003rif_I_O,pdb_00007dpm_G_H,False,195,1280
train,pdb_00003rhw_J_M,pdb_00009e89_H_L,False,548,1280
train,pdb_00004tnw_I_O,pdb_00006k7o_H_L,False,94,1280
train,pdb_00004tnw_U_h,pdb_00007cvt_E_F,False,889,1280
train,pdb_00003ri5_G_K,pdb_00008cxh_h_l,False,501,1280
train,pdb_00003s37_H_L,pdb_00003eoa_H_L,False,179,1280
train,pdb_00003s36_H_L,pdb_00009cfe_A_B,False,193,1280
train,pdb_00004fp8_I_M,pdb_00006t9d_AAA_BBB,False,96,1280
train,pdb_00004d9r_H_L,pdb_00005a3i_G_H,False,323,1280
train,pdb_00003v4v_M_N,pdb_00008gy5_H_L,False,118,1280
train,pdb_00003v4p_H_L,pdb_00007sk4_D_C,False,375,1280
train,pdb_00003v4v_H_L,pdb_00008z2e_H_L,False,195,1280
train,pdb_00003v4p_M_N,pdb_00003fku_T1_T2,False,498,1280
train,pdb_00004dn4_H_L,pdb_00005kvf_H_L,False,105,1280
train,pdb_00003v6z_C_D,pdb_00007t3d_C_D,False,324,1280
train,pdb_00003v6z_A_B,pdb_00008as0_E_D,False,117,1280
train,pdb_00004f2m_A_B,pdb_00002w9e_H_L,False,99,1280
train,pdb_00004f2m_C_D,pdb_00006ii9_M_N,False,316,1280
train,pdb_00003wkm_I_M,pdb_00001fsk_L_K,False,159,1280
train,pdb_00003wkm_H_L,pdb_00008z8b_S1_S2,False,339,1280
train,pdb_00004ag4_H_L,pdb_00006ywc_A_B,False,58,1280
train,pdb_00004ffv_H_L,pdb_00009irs_S_T,False,123,1280
train,pdb_00004ffv_D_C,pdb_00009n8j_F_G,False,308,1280
train,pdb_00004dkf_H_L,pdb_00009pw4_C_D,False,202,1280
train,pdb_00004dkf_I_M,pdb_00008si9_J_I,False,337,1280
train,pdb_00003u30_F_E,pdb_00007sk7_D_C,False,62,1280
train,pdb_00003u30_C_B,pdb_00005aaw_B1_B2,False,96,1280
train,pdb_00004ffw_H_L,pdb_00007n0a_B_A,False,172,1280
train,pdb_00004ffw_D_C,pdb_00006wty_H_I,False,290,1280
train,pdb_00003sob_H_L,pdb_00009b54_S1_S2,False,338,1280
train,pdb_00003vrl_H_L,pdb_00008hqm_H1_H2,False,296,1280
train,pdb_00003vrl_E_F,pdb_00008vgl_H_L,False,543,1280
train,pdb_00004fqj_H_L,pdb_00009kt8_E1_E2,False,340,1280
train,pdb_00004ma7_H_L,pdb_00008yn6_E1_E2,False,342,1280
train,pdb_00004dgi_H_L,pdb_00007ra3_E1_E2,False,339,1280
train,pdb_00004ma8_H_L,pdb_00009lae_A_B,False,194,1280
train,pdb_00004h88_H_L,pdb_00008y3k_I_J,False,991,1280
train,pdb_00009azr_H_L,pdb_00005wko_C_D,False,498,1280
train,pdb_00004ogx_H_L,pdb_00004f37_H_L,False,102,1280
train,pdb_00004tsc_H_L,pdb_00006wtv_E_F,False,303,1280
train,pdb_00004hjg_B_A,pdb_00008i9l_H1_H2,False,336,1280
train,pdb_00004ioi_B_A,pdb_00006vlw_H_L,False,170,1280
train,pdb_00008zdw_F_E,pdb_00007rxl_H_L,False,66,1280
train,pdb_00008zdw_U_R,pdb_00008pwh_B_A,False,624,1280
train,pdb_00008zdw_L_J,pdb_00007vgr_D_C,False,397,1280
train,pdb_00004ttd_H_L,pdb_00007mjl_H_L,False,197,1280
train,pdb_00004ttd_C_D,pdb_00008thk_F1_F2,False,338,1280
train,pdb_00004g3y_H_L,pdb_00006w0g_A_B,False,103,1280
train,pdb_00004gxu_U_V,pdb_00004hg4_T_U,False,324,1280
train,pdb_00004gxu_S_T,pdb_00005d1z_G_H,False,149,1280
train,pdb_00004gxu_M_N,pdb_00008g5b_J_N,False,270,1280
train,pdb_00004gxu_O_P,pdb_00007cjf_A_B,False,194,1280
train,pdb_00004gxu_Q_R,pdb_00008xjl_E1_E2,False,342,1280
train,pdb_00004gxu_W_X,pdb_00006a3w_A_B,False,135,1280
train,pdb_00008v2e_D_E,pdb_00009j0i_S1_S2,False,337,1280
train,pdb_00008v2e_A_B,pdb_00008gb5_I_H,False,195,1280
train,pdb_00004oii_H_L,pdb_00007l0l_H_L,False,495,1280
train,pdb_00004oii_I_M,pdb_00008zps_E1_E2,False,335,1280
train,pdb_00004l5f_H_L,pdb_00008y3i_G_H,False,495,1280
train,pdb_00004m62_I_M,pdb_00008efl_E1_E2,False,335,1280
train,pdb_00004m62_H_L,pdb_00007uvs_D_E,False,172,1280
train,pdb_00004odx_A_L,pdb_00007ua8_I1_I2,False,176,1280
train,pdb_00004odx_H_B,pdb_00001kb5_H_L,False,233,1280
train,pdb_00004lmq_E_I,pdb_00007xau_E1_E2,False,342,1280
train,pdb_00004tsb_H_L,pdb_00003det_C_D,False,886,1280
train,pdb_00004u6h_C_D,pdb_00003qwo_H_L,False,53,1280
train,pdb_00004u6h_A_B,pdb_00003v4p_H_L,False,375,1280
train,pdb_00004hg4_X_Y,pdb_00007y66_S1_S2,False,340,1280
train,pdb_00004hg4_L_M,pdb_00001dee_F_E,False,54,1280
train,pdb_00004hg4_V_W,pdb_00006vvu_G_I,False,242,1280
train,pdb_00004hg4_J_K,pdb_00007srr_E1_E2,False,338,1280
train,pdb_00004hg4_Z_z,pdb_00007zmk_E_F,False,221,1280
train,pdb_00004hg4_R_S,pdb_00007lfa_H_L,False,100,1280
train,pdb_00004hg4_T_U,pdb_00008w2e_F_E,False,373,1280
train,pdb_00004hg4_P_Q,pdb_00008smt_H_L,False,198,1280
train,pdb_00004hg4_N_O,pdb_00007dm2_H_L,False,334,1280
train,pdb_00004np4_I_M,pdb_00006x3v_K_L,False,338,1280
train,pdb_00004np4_H_L,pdb_00008hj5_C1_C2,False,337,1280
train,pdb_00007l5j_Y_X,pdb_00008jim_S1_S2,False,340,1280
train,pdb_00007l5j_W_L,pdb_00007wqv_N1_N2,False,198,1280
train,pdb_00006s3d_E_F,pdb_00008wo4_B_A,False,705,1280
train,pdb_00006s3d_C_D,pdb_00002ht2_E_F,False,886,1280
train,pdb_00006s3d_H_L,pdb_00007vyr_A_B,False,186,1280
train,pdb_00006s3d_A_B,pdb_00003fku_Y1_Y2,False,504,1280
train,pdb_00004nik_B1_B2,pdb_00009bdh_H_L,False,153,1280
train,pdb_00004xzu_E_F,pdb_00009q7b_G_I,False,823,1280
train,pdb_00004ki5_C_D,pdb_00007mxl_H_L,False,159,1280
train,pdb_00004xzu_A_B,pdb_00007k60_M2_M1,False,205,1280
train,pdb_00004okv_A_B,pdb_00007f6z_H_L,False,194,1280
train,pdb_00004okv_C_D,pdb_00006wm9_E_F,False,295,1280
train,pdb_00004ubd_O_P,pdb_00008dww_Z_Y,False,414,1280
train,pdb_00004ubd_Y_X,pdb_00009yyu_J_N,False,355,1280
train,pdb_00004ubd_G_H,pdb_00008jkh_m_n,False,352,1280
train,pdb_00004hj0_P_Q,pdb_00007vih_E1_E2,False,338,1280
train,pdb_00004hj0_C_D,pdb_00008vgi_J_I,False,243,1280
train,pdb_00004lvh_H_I,pdb_00008x17_H1_H2,False,339,1280
train,pdb_00004lvh_E_F,pdb_00007xda_B_C,False,195,1280
train,pdb_00008i0n_I_M,pdb_00009vo1_E1_E2,False,338,1280
train,pdb_00008j8r_D_E,pdb_00008vgj_K_L,False,243,1280
train,pdb_00008i0n_H_L,pdb_00004xhj_D_C,False,132,1280
train,pdb_00009wsx_H_L,pdb_00008xgu_S1_S2,False,337,1280
train,pdb_00008zyu_D_Q,pdb_00005w3l_E_G,False,767,1280
train,pdb_00008go8_H_L,pdb_00008txu_F_K,False,494,1280
train,pdb_00008wu1_H_L,pdb_00002dd8_H_L,False,192,1280
train,pdb_00009wsv_H_L,pdb_00008jgb_S1_S2,False,394,1280
train,pdb_00008zyt_D_Q,pdb_00002qr0_H_G,False,193,1280
train,pdb_00007dfa_H_L,pdb_00007t8x_E1_E2,False,338,1280
train,pdb_00008go8_I_M,pdb_00008vgj_H_G,False,243,1280
train,pdb_00004n90_F_G,pdb_00008e9x_E1_E2,False,338,1280
train,pdb_00004n90_D_E,pdb_00009v6o_S1_S2,False,338,1280
train,pdb_00004n90_H_I,pdb_00007k78_K1_K2,False,196,1280
train,pdb_00004kuc_H_D,pdb_00009vjg_E1_E2,False,334,1280
train,pdb_00004kuc_F_E,pdb_00006k5d_E_F,False,887,1280
train,pdb_00004lf3_E_D,pdb_00008d9y_H_G,False,63,1280
train,pdb_00004lf3_B_A,pdb_00008xjn_E1_E2,False,342,1280
train,pdb_00004qci_B_A,pdb_00008e9w_E1_E2,False,339,1280
train,pdb_00004qci_H_L,pdb_00007ucq_H1_H2,False,176,1280
train,pdb_00004jpk_H_L,pdb_00009ggg_S1_S2,False,338,1280
train,pdb_00005b8c_B_A,pdb_00007zmk_S_T,False,221,1280
train,pdb_00005ggs_A_B,pdb_00008p5m_G_L,False,195,1280
train,pdb_00005ggs_C_D,pdb_00007rxp_H_L,False,65,1280
train,pdb_00005ggv_H_L,pdb_00003a6b_H_L,False,129,1280
train,pdb_00008y3h_I_J,pdb_00008kgg_E1_E2,False,338,1280
train,pdb_00008y3k_G_H,pdb_00002jix_D_G,False,216,1280
train,pdb_00008y3h_G_H,pdb_00007m42_D_C,False,195,1280
train,pdb_00008y3k_I_J,pdb_00007r8u_HHH_LLL,False,264,1280
train,pdb_00008cxg_G_I,pdb_00008ubi_M2_M1,False,205,1280
train,pdb_00008cxg_h_l,pdb_00007rku_G_I,False,196,1280
train,pdb_00005hbv_D_C,pdb_00008yrg_E1_E2,False,338,1280
train,pdb_00005hbt_D_C,pdb_00009me7_I_M,False,158,1280
train,pdb_00005dfw_H1_H2,pdb_00008bg4_A1_A2,False,195,1280
train,pdb_00005aaw_H1_H2,pdb_00007u0j_N1_N2,False,203,1280
train,pdb_00005aaw_K1_K2,pdb_00009clp_H_L,False,420,1280
train,pdb_00005aam_B1_B2,pdb_00004gxu_U_V,False,651,1280
train,pdb_00005aaw_F1_F2,pdb_00007pa7_ooo2_ooo1,False,269,1280
train,pdb_00005aaw_D1_D2,pdb_00008bg3_A1_A2,False,191,1280
train,pdb_00005aam_A1_A2,pdb_00003zdz_E_F,False,453,1280
train,pdb_00005aaw_A1_A2,pdb_00008jhy_S1_S2,False,340,1280
train,pdb_00005aaw_B1_B2,pdb_00004xzu_A_B,False,154,1280
train,pdb_00005i9q_B_C,pdb_00008wwj_E1_E2,False,342,1280
train,pdb_00004xrc_B_A,pdb_00007wy0_C1_C2,False,338,1280
train,pdb_00004xnm_B_A,pdb_00004dkf_I_M,False,161,1280
train,pdb_00005dhx_B2_B1,pdb_00005e94_D_C,False,100,1280
train,pdb_00005dhx_L2_L1,pdb_00008ubl_N2_N1,False,202,1280
train,pdb_00005anm_B_A,pdb_00007xat_E1_E2,False,342,1280
train,pdb_00008dwy_X_W,pdb_00005mo9_H_L,False,102,1280
train,pdb_00008dwy_V_U,pdb_00008bec_A1_A2,False,194,1280
train,pdb_00008dwy_H_L,pdb_00007exd_E1_E2,False,337,1280
train,pdb_00008dwy_Z_Y,pdb_00009axf_H1_H2,False,338,1280
train,pdb_00005kov_E1_E2,pdb_00007dpm_J_K,False,195,1280
train,pdb_00005kov_K1_K2,pdb_00009wsv_H_L,False,353,1280
train,pdb_00005kov_U1_U2,pdb_00008vgm_E_F,False,543,1280
train,pdb_00005kov_I1_I2,pdb_00008elp_H_L,False,194,1280
train,pdb_00005kov_C1_C2,pdb_00002hmi_D_C,False,430,1280
train,pdb_00007cqd_H_L,pdb_00006n5b_H_L,False,221,1280
train,pdb_00007cqd_I_M,pdb_00009o7i_D_C,False,133,1280
train,pdb_00005cbe_C_D,pdb_00007t3d_K_N,False,324,1280
train,pdb_00004zff_A_B,pdb_00002qr0_X_W,False,193,1280
train,pdb_00004zff_H_L,pdb_00004am0_H_L,False,96,1280
train,pdb_00007v3g_I_M,pdb_00006uig_B_C,False,269,1280
train,pdb_00005gs0_F_E,pdb_00008hws_H_L,False,196,1280
train,pdb_00005gs0_D_C,pdb_00009x3z_S1_S2,False,335,1280
train,pdb_00004wv1_E_D,pdb_00008z9p_S1_S2,False,339,1280
train,pdb_00004wv1_B_A,pdb_00007k5x_N2_N1,False,205,1280
train,pdb_00004yk4_Z_Y,pdb_00006iap_H_L,False,182,1280
train,pdb_00004yk4_C_B,pdb_00008k3z_S1_S2,False,338,1280
train,pdb_00008cxh_h_l,pdb_00007pa7_nnn2_nnn1,False,269,1280
train,pdb_00005bo1_I_M,pdb_00008ic0_E1_E2,False,338,1280
train,pdb_00005bo1_H_L,pdb_00006woz_B_C,False,296,1280
train,pdb_00004ut6_H_L,pdb_00003b2u_T_U,False,194,1280
train,pdb_00004xhj_D_C,pdb_00007yk7_S1_S2,False,338,1280
train,pdb_00004xhj_H_G,pdb_00009rim_H_L,False,245,1280
train,pdb_00005a3i_C_D,pdb_00009plo_S1_S2,False,335,1280
train,pdb_00005a3i_G_H,pdb_00008hpf_M_N,False,193,1280
train,pdb_00005dur_B_D,pdb_00008uf7_B_A,False,84,1280
train,pdb_00005e94_D_C,pdb_00008da1_B_A,False,74,1280
train,pdb_00005ggt_H_L,pdb_00009uan_E1_E2,False,336,1280
train,pdb_00004v1d_D_E,pdb_00008eed_H_L,False,403,1280
train,pdb_00004v1d_A_B,pdb_00009u4w_S1_S2,False,338,1280
train,pdb_00005c0n_C_D,pdb_00003c09_H_L,False,191,1280
train,pdb_00005c0n_H_L,pdb_00004ubd_G_H,False,805,1280
train,pdb_00005h35_H_I,pdb_00009wb3_B_C,False,179,1280
train,pdb_00005h35_F_G,pdb_00002i9l_D_C,False,173,1280
train,pdb_00006ejg_C2_C1,pdb_00005c0n_C_D,False,131,1280
train,pdb_00006ejg_D2_D1,pdb_00008ia7_E1_E2,False,338,1280
train,pdb_00005d1z_G_H,pdb_00007rbt_E1_E2,False,339,1280
train,pdb_00005d1z_B_A,pdb_00006os9_D1_D2,False,338,1280
train,pdb_00005d1z_D_C,pdb_00007eam_C_D,False,204,1280
train,pdb_00005d1z_F_E,pdb_00006e0c_N1_N2,False,203,1280
train,pdb_00005u5f_B_A,pdb_00009cia_B_A,False,123,1280
train,pdb_00006b9z_B_A,pdb_00006k7o_B_C,False,94,1280
train,pdb_00005u6a_B_A,pdb_00001g7m_B_A,False,129,1280
train,pdb_00006bah_B_A,pdb_00006hga_H_L,False,263,1280
train,pdb_00006bae_B_A,pdb_00006d0u_H_I,False,267,1280
train,pdb_00006b9y_B_A,pdb_00009mtl_H_L,False,169,1280
train,pdb_00005u5m_B_A,pdb_00007tuz_E1_E2,False,339,1280
train,pdb_00005lsp_S_T,pdb_00005x8l_H_M,False,116,1280
train,pdb_00005lsp_H_L,pdb_00002qr0_T_S,False,193,1280
train,pdb_00008tzw_H_L,pdb_00007vie_E1_E2,False,338,1280
train,pdb_00005ugy_H_L,pdb_00009zqa_I2_I1,False,208,1280
train,pdb_00005ugy_I_M,pdb_00009k6j_A_B,False,181,1280
train,pdb_00005ugy_J_N,pdb_00007rkm_D1_D2,False,336,1280
train,pdb_00005mo9_H_L,pdb_00008g5b_I_M,False,270,1280
train,pdb_00005nhr_A_B,pdb_00007upb_C_F,False,449,1280
train,pdb_00005nh3_I_M,pdb_00009kxs_H1_H2,False,338,1280
train,pdb_00005nhr_H_L,pdb_00009mkn_I_M,False,370,1280
train,pdb_00005nh3_H_L,pdb_00006bpa_E_F,False,296,1280
train,pdb_00005ug0_D_C,pdb_00006xc4_X_Y,False,194,1280
train,pdb_00005ldn_H_L,pdb_00007wic_S1_S2,False,339,1280
train,pdb_00005jz7_C_D,pdb_00007ubs_H1_H2,False,172,1280
train,pdb_00005jz7_J_K,pdb_00008gpy_E1_E2,False,191,1280
train,pdb_00005jz7_G_I,pdb_00008w85_A_B,False,180,1280
train,pdb_00005jz7_H_L,pdb_00007ukp_E_F,False,453,1280
train,pdb_00009f91_A_B,pdb_00008xqf_S1_S2,False,339,1280
train,pdb_00009f91_E_F,pdb_00006x3w_K_L,False,338,1280
train,pdb_00005kvf_H_L,pdb_00002eks_B_A,False,129,1280
train,pdb_00005umi_A_B,pdb_00009rio_H_L,False,784,1280
train,pdb_00005umi_H_L,pdb_00003mxw_H_L,False,153,1280
train,pdb_00005tfw_H_L,pdb_00009vj5_E1_E2,False,334,1280
train,pdb_00006rp8_H_L,pdb_00008vte_D_C,False,107,1280
train,pdb_00005t5f_H_L,pdb_00001mlc_D_C,False,129,1280
train,pdb_00006a4k_I_M,pdb_00007kf0_H_L,False,191,1280
train,pdb_00006a4k_H_L,pdb_00009lrh_H_L,False,199,1280
train,pdb_00006a4k_J_N,pdb_00009ue8_M_N,False,169,1280
train,pdb_00006a4k_K_O,pdb_00007yj4_S1_S2,False,338,1280
train,pdb_00005wk3_W_V,pdb_00002exy_E_F,False,886,1280
train,pdb_00005wk3_S_R,pdb_00006ada_C_D,False,444,1280
train,pdb_00008zbb_H_L,pdb_00007whz_C_E,False,194,1280
train,pdb_00009j9z_H_L,pdb_00007yae_S1_S2,False,340,1280
train,pdb_00009l9o_B_C,pdb_00004tsc_H_L,False,129,1280
train,pdb_00009tmp_H_L,pdb_00009bdi_C_D,False,153,1280
train,pdb_00006aru_C_B,pdb_00007b0b_H_L,False,195,1280
train,pdb_00006hjp_K_L,pdb_00006vvu_E_F,False,242,1280
train,pdb_00006hjp_I_J,pdb_00009azr_H_L,False,213,1280
train,pdb_00006hjp_G_H,pdb_00006b9z_B_A,False,54,1280
train,pdb_00006hga_H_L,pdb_00007u2l_E1_E2,False,336,1280
train,pdb_00006bpc_B_C,pdb_00008hsc_S1_S2,False,338,1280
train,pdb_00006flc_H_L,pdb_00008jlr_S1_S2,False,338,1280
train,pdb_00006cw3_C_D,pdb_00009bqj_E1_E2,False,336,1280
train,pdb_00005x8l_G_L,pdb_00007m7w_E_F,False,198,1280
train,pdb_00005x8l_H_M,pdb_00007ahu_B_A,False,286,1280
train,pdb_00005x8l_S_N,pdb_00005xmh_H_L,False,208,1280
train,pdb_00006glx_C_D,pdb_00009kft_S1_S2,False,336,1280
train,pdb_00008g5b_J_N,pdb_00003h42_H_L,False,92,1280
train,pdb_00009n8j_F_G,pdb_00008vsj_H_L,False,179,1280
train,pdb_00005yoy_P_M,pdb_00007wk0_D_E,False,196,1280
train,pdb_00005yoy_Q_N,pdb_00008zd6_K_L,False,152,1280
train,pdb_00005yoy_R_O,pdb_00009leo_A_B,False,430,1280
train,pdb_00005yoy_I_F,pdb_00009xth_B_C,False,233,1280
train,pdb_00005yoy_H_E,pdb_00008go8_I_M,False,362,1280
train,pdb_00005yoy_G_D,pdb_00003nh7_I_M,False,85,1280
train,pdb_00006gv1_H_L,pdb_00009b82_P_O,False,193,1280
train,pdb_00006jod_H_L,pdb_00008j18_S1_S2,False,337,1280
train,pdb_00009zqb_I2_I1,pdb_00007wph_H_L,False,195,1280
train,pdb_00008dk5_K1_K2,pdb_00005c0n_H_L,False,131,1280
train,pdb_00007k5y_N2_N1,pdb_00009mq9_J_N,False,311,1280
train,pdb_00009zq9_J2_J1,pdb_00008f6x_E1_E2,False,859,1280
train,pdb_00008ubk_M2_M1,pdb_00008dcc_H_L,False,194,1280
train,pdb_00008ubk_N2_N1,pdb_00009mtj_H_L,False,492,1280
train,pdb_00009zq9_I2_I1,pdb_00006a4k_J_N,False,223,1280
train,pdb_00008ubi_M2_M1,pdb_00008siq_H_L,False,196,1280
train,pdb_00008evg_M1_M2,pdb_00006xm2_F_E,False,112,1280
train,pdb_00006dzt_M1_M2,pdb_00007wsi_H_L,False,306,1280
train,pdb_00008ubi_N2_N1,pdb_00008rql_S1_S2,False,338,1280
train,pdb_00007k63_N2_N1,pdb_00002htl_E_F,False,886,1280
train,pdb_00006e0p_N1_N2,pdb_00004oii_H_L,False,177,1280
train,pdb_00006e0c_M1_M2,pdb_00008i5i_H_L,False,191,1280
train,pdb_00008ubl_N2_N1,pdb_00007uko_E_F,False,453,1280
train,pdb_00007k63_M2_M1,pdb_00009jky_S1_S2,False,337,1280
train,pdb_00007k60_M2_M1,pdb_00006lfm_S1_S2,False,338,1280
train,pdb_00007k5y_M2_M1,pdb_00008jel_A_B,False,108,1280
train,pdb_00007u0j_K1_K2,pdb_00009zqb_J2_J1,False,307,1280
train,pdb_00007k60_N2_N1,pdb_00005ggv_H_L,False,119,1280
train,pdb_00008u9s_M2_M1,pdb_00009b2m_J_K,False,490,1280
train,pdb_00008evi_M1_M2,pdb_00008jxv_E1_E2,False,306,1280
train,pdb_00009zqa_J2_J1,pdb_00009yyu_H_L,False,355,1280
train,pdb_00008evh_N1_N2,pdb_00002vwe_L_J,False,195,1280
train,pdb_00008vfx_N2_N1,pdb_00008tea_F_I,False,209,1280
train,pdb_00009zqb_J2_J1,pdb_00007zfb_C_D,False,195,1280
train,pdb_00008sps_N1_N2,pdb_00005yoy_R_O,False,153,1280
train,pdb_00007k78_K1_K2,pdb_00006gv1_H_L,False,387,1280
train,pdb_00007k61_N2_N1,pdb_00007sbd_H_L,False,135,1280
train,pdb_00007u0j_N1_N2,pdb_00005xhv_H_L,False,283,1280
train,pdb_00007k5x_N2_N1,pdb_00009lf8_H_L,False,169,1280
train,pdb_00007u0i_K1_K2,pdb_00007t3d_P_R,False,488,1280
train,pdb_00006dzt_N1_N2,pdb_00006b3s_C_D,False,194,1280
train,pdb_00007k78_L1_L2,pdb_00009cds_B_A,False,248,1280
train,pdb_00006e0p_M1_M2,pdb_00008q6j_B_A,False,624,1280
train,pdb_00009zqc_I2_I1,pdb_00009vnf_E1_E2,False,334,1280
train,pdb_00007u0g_N1_N2,pdb_00008zbb_H_L,False,582,1280
train,pdb_00009zqa_I2_I1,pdb_00008w2e_D_C,False,373,1280
train,pdb_00008syp_M1_M2,pdb_00004z7o_E_F,False,453,1280
train,pdb_00008evi_N1_N2,pdb_00008hcq_E1_E2,False,338,1280
train,pdb_00008ubl_M2_M1,pdb_00006oel_H_L,False,199,1280
train,pdb_00008dk5_N1_N2,pdb_00008dd2_K_L,False,338,1280
train,pdb_00009zqc_J2_J1,pdb_00001tqb_B_C,False,102,1280
train,pdb_00007u0g_O1_O2,pdb_00009cq8_G_H,False,202,1280
train,pdb_00008syp_N1_N2,pdb_00007v69_S1_S2,False,338,1280
train,pdb_00008u9s_N2_N1,pdb_00009ctw_D_C,False,381,1280
train,pdb_00008evh_M1_M2,pdb_00008xsj_H_L,False,195,1280
train,pdb_00007k5x_M2_M1,pdb_00008ihj_S1_S2,False,339,1280
train,pdb_00006e0c_N1_N2,pdb_00008vgh_H_G,False,243,1280
train,pdb_00008sps_K1_K2,pdb_00008jlq_S1_S2,False,338,1280
train,pdb_00008ubj_M2_M1,pdb_00005hbv_D_C,False,212,1280
train,pdb_00007k61_M2_M1,pdb_00004lf3_E_D,False,94,1280
train,pdb_00007u0i_N1_N2,pdb_00007yrf_F_E,False,242,1280
train,pdb_00008spu_N1_N2,pdb_00002r56_I_M,False,159,1280
train,pdb_00008ubj_N2_N1,pdb_00004tsb_H_L,False,129,1280
train,pdb_00008evg_N1_N2,pdb_00006bah_B_A,False,54,1280
train,pdb_00008vfx_M2_M1,pdb_00009cfg_H_L,False,194,1280
train,pdb_00008spu_K1_K2,pdb_00009cct_C_B,False,159,1280
train,pdb_00005vig_H_L,pdb_00008efo_E1_E2,False,336,1280
train,pdb_00006gku_H_L,pdb_00007vla_S1_S2,False,339,1280
train,pdb_00006h3u_H_L,pdb_00007c88_H_L,False,116,1280
train,pdb_00006h3u_I_M,pdb_00009cpv_C_D,False,194,1280
train,pdb_00005w0k_H_L,pdb_00007kfw_C_D,False,195,1280
train,pdb_00005w0k_E_F,pdb_00007yvf_C_A,False,193,1280
train,pdb_00005w3o_D_E,pdb_00007t87_H_L,False,290,1280
train,pdb_00005w3e_E_G,pdb_00009ctu_D_C,False,379,1280
train,pdb_00005w3l_E_G,pdb_00007srs_H_L,False,355,1280
train,pdb_00005w3m_E_G,pdb_00008iw9_S1_S2,False,338,1280
train,pdb_00006dfi_H_L,pdb_00008dnn_B_C,False,195,1280
train,pdb_00006dfj_H_L,pdb_00008eoo_F_K,False,197,1280
train,pdb_00006dkj_A_B,pdb_00007v68_S1_S2,False,338,1280
train,pdb_00006dkj_H_L,pdb_00008utd_D1_D2,False,338,1280
train,pdb_00005y11_A_B,pdb_00007bpk_C_D,False,404,1280
train,pdb_00005vqm_H_L,pdb_00007t4q_F_G,False,236,1280
train,pdb_00005vqm_D_C,pdb_00008j22_F1_F2,False,340,1280
train,pdb_00006ddv_B_A,pdb_00008w5f_H_L,False,263,1280
train,pdb_00005x8m_B_C,pdb_00009me6_J_N,False,158,1280
train,pdb_00008zd1_S1_S2,pdb_00008g94_E1_E2,False,337,1280
train,pdb_00008xqs_S1_S2,pdb_00006t3j_F_G,False,110,1280
train,pdb_00009lrd_E1_E2,pdb_00006crk_H1_H2,False,746,1280
train,pdb_00008dwc_E1_E2,pdb_00009k27_D1_D2,False,333,1280
train,pdb_00008hpt_H1_H2,pdb_00007zmk_M_N,False,221,1280
train,pdb_00009bqj_E1_E2,pdb_00008xjk_E1_E2,False,342,1280
train,pdb_00007jhj_D1_D2,pdb_00006p4b_H_L,False,129,1280
train,pdb_00007w57_E1_E2,pdb_00009cn2_B1_B2,False,219,1280
train,pdb_00009cgk_E1_E2,pdb_00009ma7_F_G,False,414,1280
train,pdb_00008xml_S1_S2,pdb_00007xw9_S1_S2,False,338,1280
train,pdb_00008ejc_E1_E2,pdb_00005wko_A_B,False,495,1280
train,pdb_00006xbm_S1_S2,pdb_00007x2i_H_L,False,252,1280
train,pdb_00008yrg_E1_E2,pdb_00008i7w_E1_E2,False,339,1280
train,pdb_00008kfx_S1_S2,pdb_00008tui_H_L,False,98,1280
train,pdb_00008zbi_F1_F2,pdb_00007yk6_S1_S2,False,338,1280
train,pdb_00007t8x_E1_E2,pdb_00008yuv_S1_S2,False,339,1280
train,pdb_00009bsb_E1_E2,pdb_00008x8n_E1_E2,False,338,1280
train,pdb_00009v6o_S1_S2,pdb_00008dv6_H_D,False,811,1280
train,pdb_00008hj5_C1_C2,pdb_00007yh6_H_L,False,194,1280
train,pdb_00009izg_S1_S2,pdb_00001ots_E_F,False,886,1280
train,pdb_00008k2x_S1_S2,pdb_00005xku_C_B,False,208,1280
train,pdb_00009plo_S1_S2,pdb_00007bpk_H_L,False,404,1280
train,pdb_00008i9l_H1_H2,pdb_00009jy1_R_Q,False,121,1280
train,pdb_00007jvr_E1_E2,pdb_00007jhj_D1_D2,False,336,1280
train,pdb_00007v69_S1_S2,pdb_00009ns9_N1_N2,False,341,1280
train,pdb_00007wu9_S1_S2,pdb_00009rik_H_L,False,784,1280
train,pdb_00009k6l_S1_S2,pdb_00006kpf_S1_S2,False,338,1280
train,pdb_00008y6w_D1_D2,pdb_00006vvu_H_L,False,243,1280
train,pdb_00008jlq_S1_S2,pdb_00002vis_B_A,False,267,1280
train,pdb_00009f33_E1_E2,pdb_00008xzf_S1_S2,False,339,1280
train,pdb_00006pt0_E1_E2,pdb_00008ywx_E_D,False,193,1280
train,pdb_00008e9y_E1_E2,pdb_00007cqd_H_L,False,97,1280
train,pdb_00009lr1_S1_S2,pdb_00004ogx_H_L,False,236,1280
train,pdb_00009vo1_E1_E2,pdb_00006a4k_H_L,False,223,1280
train,pdb_00009xhi_D1_D2,pdb_00008zyt_D_Q,False,361,1280
train,pdb_00009v81_E1_E2,pdb_00008j24_G1_G2,False,340,1280
train,pdb_00008yh3_S1_S2,pdb_00009hhr_D_G,False,426,1280
train,pdb_00008utd_D1_D2,pdb_00005vqm_D_C,False,528,1280
train,pdb_00007eb2_N1_N2,pdb_00009lae_H_L,False,194,1280
train,pdb_00009uk2_E1_E2,pdb_00005lsp_S_T,False,222,1280
train,pdb_00008hnl_S1_S2,pdb_00007jx3_C_D,False,198,1280
train,pdb_00008j6d_H1_H2,pdb_00007rr0_B_C,False,194,1280
train,pdb_00009erx_F1_F2,pdb_00006x40_J_I,False,338,1280
train,pdb_00007p02_H1_H2,pdb_00007t7b_H_L,False,194,1280
train,pdb_00008ia7_E1_E2,pdb_00007kh0_S1_S2,False,339,1280
train,pdb_00008yuv_S1_S2,pdb_00009rir_H_L,False,784,1280
train,pdb_00007vla_S1_S2,pdb_00009ml8_E_F,False,196,1280
train,pdb_00009lrs_E1_E2,pdb_00009m0d_D_Q,False,361,1280
train,pdb_00009le0_S1_S2,pdb_00009yda_H1_H2,False,333,1280
train,pdb_00007x5h_E1_E2,pdb_00008e8s_H_L,False,262,1280
train,pdb_00008dzp_E1_E2,pdb_00001ic4_H_L,False,129,1280
train,pdb_00008g94_E1_E2,pdb_00007wqv_P1_P2,False,196,1280
train,pdb_00007xta_E1_E2,pdb_00006woz_H_I,False,298,1280
train,pdb_00007rg9_E1_E2,pdb_00001dzb_B1_B2,False,129,1280
train,pdb_00007sr8_E1_E2,pdb_00007lq7_P_Q,False,195,1280
train,pdb_00008y45_S1_S2,pdb_00004wv1_B_A,False,98,1280
train,pdb_00007w40_H1_H2,pdb_00008w5n_H_L,False,398,1280
train,pdb_00009ego_S1_S2,pdb_00008tfl_H_L,False,261,1280
train,pdb_00006xbk_S1_S2,pdb_00008ezk_I1_I2,False,173,1280
train,pdb_00007xw9_S1_S2,pdb_00009ebc_G_H,False,317,1280
train,pdb_00006dde_E1_E2,pdb_00007udh_E_F,False,453,1280
train,pdb_00008h2g_E1_E2,pdb_00007ucq_I1_I2,False,176,1280
train,pdb_00008jpn_S1_S2,pdb_00008x9t_S1_S2,False,338,1280
train,pdb_00009iy8_S1_S2,pdb_00007deu_B1_B2,False,194,1280
train,pdb_00008jii_S1_S2,pdb_00003wd5_H_L,False,152,1280
train,pdb_00008yuu_S1_S2,pdb_00009mqa_I_M,False,315,1280
train,pdb_00007evz_E1_E2,pdb_00008ag1_H_L,False,138,1280
train,pdb_00009vif_S1_S2,pdb_00003hpl_A_B,False,94,1280
train,pdb_00007vl9_S1_S2,pdb_00007lg6_J_M,False,293,1280
train,pdb_00008j6r_S1_S2,pdb_00007yvl_A_C,False,193,1280
train,pdb_00008xqe_S1_S2,pdb_00005wko_E_F,False,500,1280
train,pdb_00008ihb_S1_S2,pdb_00007ua8_H1_H2,False,176,1280
train,pdb_00007ew0_E1_E2,pdb_00006vmk_H_G,False,228,1280
train,pdb_00007e9g_D1_D2,pdb_00005x8m_B_C,False,116,1280
train,pdb_00007s8m_E1_E2,pdb_00006ii8_H_L,False,316,1280
train,pdb_00008z7j_S1_S2,pdb_00009iz9_S_T,False,857,1280
train,pdb_00008y02_S1_S2,pdb_00008v2e_A_B,False,156,1280
train,pdb_00008dzr_E1_E2,pdb_00006hjp_G_H,False,674,1280
train,pdb_00009vjg_E1_E2,pdb_00004jpk_H_L,False,169,1280
train,pdb_00008yh0_S1_S2,pdb_00007kfw_H_L,False,195,1280
train,pdb_00008ihj_S1_S2,pdb_00009jqv_H_L,False,321,1280
train,pdb_00008k6o_S1_S2,pdb_000011oo_H_L,False,197,1280
train,pdb_00007s8p_E1_E2,pdb_00002eiz_B_A,False,129,1280
train,pdb_00007ej8_H1_H2,pdb_00008yuu_S1_S2,False,339,1280
train,pdb_00007y64_S1_S2,pdb_00009me5_H_L,False,279,1280
train,pdb_00007u2l_E1_E2,pdb_00005jz7_C_D,False,221,1280
train,pdb_00007yon_S1_S2,pdb_00009kpf_S1_S2,False,341,1280
train,pdb_00009m55_S1_S2,pdb_00006ba5_D_C,False,81,1280
train,pdb_00008jt6_E1_E2,pdb_00007mxl_J_K,False,159,1280
train,pdb_00009ejc_D1_D2,pdb_00008sit_H_L,False,195,1280
train,pdb_00009vo0_E1_E2,pdb_00008ut2_H_G,False,827,1280
train,pdb_00008vve_E1_E2,pdb_00007dk2_G_H,False,189,1280
train,pdb_00009k07_E1_E2,pdb_00006adc_C_D,False,442,1280
train,pdb_00007y1f_E1_E2,pdb_00004okv_C_D,False,65,1280
train,pdb_00008thl_F1_F2,pdb_00007ycl_A_B,False,194,1280
train,pdb_00008zfz_D1_D2,pdb_00009vmp_S1_S2,False,337,1280
train,pdb_00009b65_S1_S2,pdb_00008wwh_E1_E2,False,342,1280
train,pdb_00006kpf_S1_S2,pdb_00003ri5_J_M,False,681,1280
train,pdb_00009j0i_S1_S2,pdb_00008y3l_G_H,False,495,1280
train,pdb_00009jh6_S1_S2,pdb_00001bql_H_L,False,129,1280
train,pdb_00008hqe_H1_H2,pdb_00009m8l_N1_N2,False,578,1280
train,pdb_00007ra3_E1_E2,pdb_00004zff_H_L,False,196,1280
train,pdb_00008fn0_E1_E2,pdb_00006wm9_B_C,False,296,1280
train,pdb_00008iy5_E1_E2,pdb_00007s8l_E1_E2,False,337,1280
train,pdb_00008xzf_S1_S2,pdb_00004ma8_H_L,False,108,1280
train,pdb_00007vig_E1_E2,pdb_00009izc_S1_S2,False,337,1280
train,pdb_00007yfd_C1_C2,pdb_00008y3h_G_H,False,495,1280
train,pdb_00008wpu_E1_E2,pdb_00005b8c_B_A,False,116,1280
train,pdb_00009jeq_S1_S2,pdb_00007y6k_J_E3,False,195,1280
train,pdb_00008e9z_E1_E2,pdb_00007ahu_H_L,False,287,1280
train,pdb_00007ew7_E1_E2,pdb_00009vnp_C_A,False,96,1280
train,pdb_00009upv_S1_S2,pdb_00007kyo_H_L,False,234,1280
train,pdb_00007w7e_H1_H2,pdb_00001tpx_B_C,False,102,1280
train,pdb_00007w2z_S1_S2,pdb_00007x93_E_F,False,402,1280
train,pdb_00007srr_E1_E2,pdb_00002vit_B_A,False,267,1280
train,pdb_00007yoo_S1_S2,pdb_00007ujk_E_F,False,453,1280
train,pdb_00007xk2_S1_S2,pdb_00008dxt_H_L,False,196,1280
train,pdb_00008j23_F1_F2,pdb_00007rxl_C_D,False,66,1280
train,pdb_00008xwp_D1_D2,pdb_00009mtg_H_L,False,322,1280
train,pdb_00009vj5_E1_E2,pdb_00007x3d_H_L,False,490,1280
train,pdb_00008i7v_E1_E2,pdb_00008h0p_E1_E2,False,338,1280
train,pdb_00007yfc_C1_C2,pdb_00008v5v_b_d,False,444,1280
train,pdb_00008xqt_S1_S2,pdb_00008sgo_K_L,False,338,1280
train,pdb_00007e32_E1_E2,pdb_00008thl_F1_F2,False,338,1280
train,pdb_00007s8n_E1_E2,pdb_00009ldv_S1_S2,False,338,1280
train,pdb_00007dfl_C1_C2,pdb_00008zre_h_l,False,282,1280
train,pdb_00007l1u_H1_H2,pdb_00005umi_A_B,False,245,1280
train,pdb_00007y67_S1_S2,pdb_00003bn9_F_E,False,241,1280
train,pdb_00008k9l_H1_H2,pdb_00009ast_E1_E2,False,336,1280
train,pdb_00008jil_S1_S2,pdb_00006bpc_B_C,False,296,1280
train,pdb_00009l80_S1_S2,pdb_00006jep_H_L,False,101,1280
train,pdb_00008zh8_S1_S2,pdb_00008zcj_E1_E2,False,341,1280
train,pdb_00006wwz_S1_S2,pdb_00009cds_E_D,False,248,1280
train,pdb_00009jr3_S1_S2,pdb_00008tea_H_G,False,104,1280
train,pdb_00009wp9_C1_C2,pdb_00007dw9_S1_S2,False,341,1280
train,pdb_00008hsc_S1_S2,pdb_00006pe9_C_D,False,121,1280
train,pdb_00008gag_S1_S2,pdb_00008v2e_D_E,False,155,1280
train,pdb_00008xx6_S1_S2,pdb_00008xgo_D1_D2,False,333,1280
train,pdb_00008xbh_S1_S2,pdb_00008tbb_H_L,False,108,1280
train,pdb_00007qvm_S1_S2,pdb_00006zh9_HHH_LLL,False,195,1280
train,pdb_00008irt_E1_E2,pdb_00005kov_I1_I2,False,219,1280
train,pdb_00007trs_H1_H2,pdb_00009le2_S1_S2,False,338,1280
train,pdb_00008gcp_E1_E2,pdb_00009os5_H_K,False,775,1280
train,pdb_00009vnf_E1_E2,pdb_00008dwc_E1_E2,False,338,1280
train,pdb_00008j6p_S1_S2,pdb_00003ze2_H_L,False,453,1280
train,pdb_00008vy9_D1_D2,pdb_00007u9v_E_F,False,453,1280
train,pdb_00007cmu_E1_E2,pdb_00002vdk_H_L,False,452,1280
train,pdb_00008y01_S1_S2,pdb_00002r9h_C_D,False,886,1280
train,pdb_00007s8l_E1_E2,pdb_00006hxw_C_D,False,523,1280
train,pdb_00007vgz_F1_F2,pdb_00006ww5_E_F,False,445,1280
train,pdb_00008xqf_S1_S2,pdb_00006d0u_K_L,False,267,1280
train,pdb_00007vgx_S1_S2,pdb_00006vmk_S_R,False,228,1280
train,pdb_00007wz4_S1_S2,pdb_00009ldx_S1_S2,False,338,1280
train,pdb_00007w53_E1_E2,pdb_00003zdx_E_F,False,453,1280
train,pdb_00009kxs_H1_H2,pdb_00007ej0_H1_H2,False,335,1280
train,pdb_00009le1_S1_S2,pdb_00009cq8_C_E,False,202,1280
train,pdb_00008kfy_S1_S2,pdb_00008jeo_B_C,False,106,1280
train,pdb_00008feg_F1_F2,pdb_00004z7n_E_F,False,453,1280
train,pdb_00009ipv_S1_S2,pdb_00001vfb_B_A,False,129,1280
train,pdb_00008jhy_S1_S2,pdb_00009atm_H_L,False,197,1280
train,pdb_00009vmg_S1_S2,pdb_00008sps_K1_K2,False,279,1280
train,pdb_00008zqe_S1_S2,pdb_00008dwo_H_L,False,346,1280
train,pdb_00009jfy_S1_S2,pdb_00008elq_H_L,False,194,1280
train,pdb_00007vl8_S1_S2,pdb_00008sid_J_I,False,338,1280
train,pdb_00009izf_S1_S2,pdb_00007x2o_H_L,False,253,1280
train,pdb_00008uuj_D1_D2,pdb_00008zh7_K_L,False,371,1280
train,pdb_00008xyk_S1_S2,pdb_00009b2m_H_L,False,490,1280
train,pdb_00009jr2_S1_S2,pdb_00003ri5_I_O,False,681,1280
train,pdb_00008dwg_E1_E2,pdb_00007wf7_E1_E2,False,337,1280
train,pdb_00009izh_S1_S2,pdb_00008kdt_H_L,False,194,1280
train,pdb_00006lfm_S1_S2,pdb_00008xjm_E1_E2,False,342,1280
train,pdb_00007yae_S1_S2,pdb_00007u9e_B1_B2,False,180,1280
train,pdb_00008k6m_S1_S2,pdb_00005d1z_D_C,False,149,1280
train,pdb_00008hvi_H1_H2,pdb_00007bbj_H_L,False,524,1280
train,pdb_00008u1u_E1_E2,pdb_00008jt6_E1_E2,False,328,1280
train,pdb_00009le2_S1_S2,pdb_00004kuc_H_D,False,259,1280
train,pdb_00008iyw_H1_H2,pdb_00007ubr_E_F,False,453,1280
train,pdb_00008gus_S1_S2,pdb_00007x9y_S1_S2,False,339,1280
train,pdb_00008hnm_S1_S2,pdb_00002zcl_H_L,False,237,1280
train,pdb_00009cgj_E1_E2,pdb_00006o1f_H_L,False,243,1280
train,pdb_00007sbf_E1_E2,pdb_00008too_H_E,False,136,1280
train,pdb_00008guq_S1_S2,pdb_00003rhw_G_K,False,680,1280
train,pdb_00008j19_S1_S2,pdb_00009udq_F_A,False,82,1280
train,pdb_00007ew4_S1_S2,pdb_00008zdw_F_E,False,321,1280
train,pdb_00007w55_E1_E2,pdb_00007x66_H_L,False,194,1280
train,pdb_00007xjj_S1_S2,pdb_00002atk_A_B,False,103,1280
train,pdb_00008j6q_S1_S2,pdb_00009ppy_E1_E2,False,336,1280
train,pdb_00008hnk_S1_S2,pdb_00008yn8_E1_E2,False,342,1280
train,pdb_00009d0a_E1_E2,pdb_00008u44_V_X,False,819,1280
train,pdb_00007rgp_E1_E2,pdb_00008h7z_F_I,False,197,1280
train,pdb_00009vj6_E1_E2,pdb_00007wqv_L1_L2,False,194,1280
train,pdb_00008xgs_D1_D2,pdb_00009lho_T_S,False,314,1280
train,pdb_00008j21_B1_B2,pdb_00005tfw_H_L,False,154,1280
train,pdb_00009b54_S1_S2,pdb_00006xxv_A_B,False,111,1280
train,pdb_00007rkm_D1_D2,pdb_00008jen_E_F,False,106,1280
train,pdb_00008xgu_S1_S2,pdb_00009udq_I_C,False,82,1280
train,pdb_00007t2h_E1_E2,pdb_00008t3o_N1_N2,False,573,1280
train,pdb_00007ej0_H1_H2,pdb_00008jgf_E1_E2,False,336,1280
train,pdb_00007trq_H1_H2,pdb_00008suo_I_M,False,194,1280
train,pdb_00007t90_E1_E2,pdb_00002vdr_H_L,False,452,1280
train,pdb_00006oij_H1_H2,pdb_00005lsp_H_L,False,222,1280
train,pdb_00009ejz_H1_H2,pdb_00003rhw_J_M,False,681,1280
train,pdb_00008i9s_H1_H2,pdb_00007u60_E_F,False,453,1280
train,pdb_00008w8b_E1_E2,pdb_00002x7l_G_I,False,57,1280
train,pdb_00009k27_D1_D2,pdb_00008vrn_J_I,False,338,1280
train,pdb_00007wv9_S1_S2,pdb_00003h3b_C2_C1,False,193,1280
train,pdb_00007d77_S1_S2,pdb_00007w57_E1_E2,False,336,1280
train,pdb_00009oxb_D1_D2,pdb_00007jmo_H_L,False,193,1280
train,pdb_00008jlk_S1_S2,pdb_00008xqt_S1_S2,False,338,1280
train,pdb_00007rbt_E1_E2,pdb_00007s8m_E1_E2,False,339,1280
train,pdb_00007vih_E1_E2,pdb_00001t03_H_L,False,429,1280
train,pdb_00008vy7_D1_D2,pdb_00007uvq_C_B,False,174,1280
train,pdb_00006os9_D1_D2,pdb_00007klg_H_L,False,200,1280
train,pdb_00007ys6_E1_E2,pdb_00006mlm_K_L,False,623,1280
train,pdb_00008ykd_S1_S2,pdb_00007u9e_H1_H2,False,180,1280
train,pdb_00008fx5_H1_H2,pdb_00006x3z_K_L,False,338,1280
train,pdb_00008ihh_S1_S2,pdb_00008too_B_A,False,136,1280
train,pdb_00007yu3_S1_S2,pdb_00009v1h_E1_E2,False,335,1280
train,pdb_00008hs3_S1_S2,pdb_00008j8r_D_E,False,344,1280
train,pdb_00008xzh_S1_S2,pdb_00007x5h_E1_E2,False,342,1280
train,pdb_00008i7w_E1_E2,pdb_00006u6u_H_L,False,197,1280
train,pdb_00009ldv_S1_S2,pdb_00009mqd_I_M,False,316,1280
train,pdb_00009vmy_E1_E2,pdb_00001bvk_E_D,False,129,1280
train,pdb_00009p0k_F1_F2,pdb_00006b3s_H_L,False,191,1280
train,pdb_00008z8a_S1_S2,pdb_00009b82_R_Q,False,193,1280
train,pdb_00008irs_E1_E2,pdb_00004ffv_H_L,False,727,1280
train,pdb_00008xxz_S1_S2,pdb_00005x8l_G_L,False,116,1280
train,pdb_00008ghv_S1_S2,pdb_00007djz_A_B,False,197,1280
train,pdb_00008tb0_F1_F2,pdb_00008caf_B_A,False,76,1280
train,pdb_00007trk_H1_H2,pdb_00006ad8_C_D,False,444,1280
train,pdb_00008xx3_S1_S2,pdb_00009jeb_A1_A2,False,196,1280
train,pdb_00007vfx_S1_S2,pdb_00007ezh_H1_H2,False,339,1280
train,pdb_00009l42_E1_E2,pdb_00009exa_D_C,False,377,1280
train,pdb_00009l79_S1_S2,pdb_00009lsj_D1_E2,False,863,1280
train,pdb_00007cmv_E1_E2,pdb_00009fyt_I_M,False,143,1280
train,pdb_00009pxv_E1_E2,pdb_00003dvn_H_L,False,152,1280
train,pdb_00008uwl_E1_E2,pdb_00002iff_H_L,False,129,1280
train,pdb_00007tuz_E1_E2,pdb_00004yk4_Z_Y,False,206,1280
train,pdb_00007w3z_H1_H2,pdb_00008u44_S_T,False,819,1280
train,pdb_00009d4z_E1_E2,pdb_00007dq7_H_L,False,252,1280
train,pdb_00007t10_S1_S2,pdb_00006jod_H_L,False,306,1280
train,pdb_00008hqm_H1_H2,pdb_00007xcz_D_E,False,196,1280
train,pdb_00009vnz_E1_E2,pdb_00008evg_N1_N2,False,202,1280
train,pdb_00008gut_S1_S2,pdb_00005ug0_D_C,False,326,1280
train,pdb_00006k41_H1_H2,pdb_00005h35_H_I,False,195,1280
train,pdb_00008gur_S1_S2,pdb_00009m55_S1_S2,False,329,1280
train,pdb_00006lfo_S1_S2,pdb_00007e32_E1_E2,False,333,1280
train,pdb_00009upu_S1_S2,pdb_00009upv_S1_S2,False,335,1280
train,pdb_00008jlj_S1_S2,pdb_00008jef_S1_S2,False,337,1280
train,pdb_00008i97_H1_H2,pdb_00001ots_C_D,False,886,1280
train,pdb_00008ihf_S1_S2,pdb_00001xgt_B_A,False,129,1280
train,pdb_00008iru_E1_E2,pdb_00003klh_D_C,False,428,1280
train,pdb_00008xgo_D1_D2,pdb_00007s0b_C_D,False,199,1280
train,pdb_00008jd6_D1_D2,pdb_00008yn2_E1_E2,False,342,1280
train,pdb_00008gcm_E1_E2,pdb_00007y6k_E1_E2,False,195,1280
train,pdb_00007aue_S1_S2,pdb_00008jeo_E_F,False,107,1280
train,pdb_00009buy_E1_E2,pdb_00008jel_I_K,False,106,1280
train,pdb_00008hn8_S1_S2,pdb_00007u0j_K1_K2,False,203,1280
train,pdb_00009ldw_S1_S2,pdb_00007evy_E1_E2,False,340,1280
train,pdb_00007w0p_S1_S2,pdb_00007xrz_H_L,False,104,1280
train,pdb_00008j1a_S1_S2,pdb_00003fb8_A_B,False,87,1280
train,pdb_00007t94_E1_E2,pdb_00001ott_C_D,False,886,1280
train,pdb_00007v68_S1_S2,pdb_00007w7e_H1_H2,False,335,1280
train,pdb_00007w6p_H1_H2,pdb_00002r56_H_L,False,159,1280
train,pdb_00007euo_S1_S2,pdb_00009ml8_P_Q,False,196,1280
train,pdb_00009lr2_S1_S2,pdb_00006x3s_J_I,False,338,1280
train,pdb_00009lre_E1_E2,pdb_00008z6x_B_C,False,196,1280
train,pdb_00007evy_E1_E2,pdb_00008wpy_H_L,False,195,1280
train,pdb_00009ppy_E1_E2,pdb_00007m7b_H_L,False,209,1280
train,pdb_00007wic_S1_S2,pdb_00009upu_S1_S2,False,335,1280
train,pdb_00008tzq_E1_E2,pdb_00009oco_H_L,False,278,1280
train,pdb_00007l1v_H1_H2,pdb_00009qub_F_E,False,443,1280
train,pdb_00006n4b_S1_S2,pdb_00007kmg_A_B,False,193,1280
train,pdb_00008hqn_H1_H2,pdb_00005x8l_S_N,False,116,1280
train,pdb_00008j22_F1_F2,pdb_00006pt0_E1_E2,False,694,1280
train,pdb_00008vvf_E1_E2,pdb_00006mlm_F_G,False,623,1280
train,pdb_00007y66_S1_S2,pdb_00004m62_H_L,False,155,1280
train,pdb_00009oxa_D1_D2,pdb_00007t0z_H_L,False,673,1280
train,pdb_00009vi9_S1_S2,pdb_00007m7w_A_B,False,197,1280
train,pdb_00008xbe_S1_S2,pdb_00008hqn_H1_H2,False,296,1280
train,pdb_00008xqo_S1_S2,pdb_00009mtl_I_J,False,169,1280
train,pdb_00007wig_S1_S2,pdb_00007db6_E1_E2,False,336,1280
train,pdb_00007vgy_E1_E2,pdb_00007xj9_K_J,False,193,1280
train,pdb_00008xqn_S1_S2,pdb_00006vmk_i_h,False,228,1280
train,pdb_00009p0l_F1_F2,pdb_00005nhr_H_L,False,90,1280
train,pdb_00008hoc_S1_S2,pdb_00006jhs_E_D,False,246,1280
train,pdb_00007t96_E1_E2,pdb_00004wv1_E_D,False,98,1280
train,pdb_00009m8l_N1_N2,pdb_00003hfm_H_L,False,129,1280
train,pdb_00007ew1_E1_E2,pdb_00008erq_H_L,False,197,1280
train,pdb_00007ew3_S1_S2,pdb_00007ucy_E_F,False,453,1280
train,pdb_00009ydv_E1_E2,pdb_00003ri5_H_L,False,681,1280
train,pdb_00008j20_B1_B2,pdb_00009k3h_S1_S2,False,341,1280
train,pdb_00009kpe_S1_S2,pdb_00008jd6_D1_D2,False,301,1280
train,pdb_00007ejx_S1_S2,pdb_00007mzk_C_D,False,195,1280
train,pdb_00007s8o_E1_E2,pdb_00006x3v_J_I,False,338,1280
train,pdb_00007db6_E1_E2,pdb_00007pa7_ddd2_ddd1,False,268,1280
train,pdb_00007ew2_S1_S2,pdb_00003fku_Z1_Z2,False,504,1280
train,pdb_00008k9k_H1_H2,pdb_00007l0l_G_J,False,495,1280
train,pdb_00008e9w_E1_E2,pdb_00007uxl_A_B,False,138,1280
train,pdb_00009pq0_E1_E2,pdb_00006t9d_HHH_LLL,False,96,1280
train,pdb_00008jz7_S1_S2,pdb_00009dn2_J_N,False,501,1280
train,pdb_00007ejk_H1_H2,pdb_00009q71_K_L,False,685,1280
train,pdb_00009m8k_N1_N2,pdb_00005kov_C1_C2,False,216,1280
train,pdb_00009kz2_H1_H2,pdb_00007ws2_E_D,False,200,1280
train,pdb_00009ggg_S1_S2,pdb_00009kt9_E1_E2,False,340,1280
train,pdb_00008jln_S1_S2,pdb_00009o7g_C_D,False,72,1280
train,pdb_00009yda_H1_H2,pdb_00008jsr_C1_C2,False,340,1280
train,pdb_00009xhh_D1_D2,pdb_00002vdo_H_L,False,452,1280
train,pdb_00009k26_S1_S2,pdb_00007n0u_H_L,False,159,1280
train,pdb_00008j24_G1_G2,pdb_00008j21_B1_B2,False,340,1280
train,pdb_00009o36_E1_E2,pdb_00007f2o_S1_S2,False,341,1280
train,pdb_00007e33_E1_E2,pdb_00007ycn_E_F,False,194,1280
train,pdb_00008x8n_E1_E2,pdb_00009b2m_E_F,False,490,1280
train,pdb_00007y12_S1_S2,pdb_00006j6y_B_C,False,101,1280
train,pdb_00008xqp_S1_S2,pdb_00009sat_H_L,False,195,1280
train,pdb_00007yac_S1_S2,pdb_00003eo1_H_G,False,225,1280
train,pdb_00009kpf_S1_S2,pdb_00006e0c_M1_M2,False,203,1280
train,pdb_00008kfz_S1_S2,pdb_00006t3j_A_B,False,112,1280
train,pdb_00009ydu_E1_E2,pdb_00007vad_H_L,False,306,1280
train,pdb_00008thk_F1_F2,pdb_00008jxw_E1_E2,False,336,1280
train,pdb_00008eit_E1_E2,pdb_00007l7e_O_P,False,194,1280
train,pdb_00007vie_E1_E2,pdb_00004okv_A_B,False,66,1280
train,pdb_00009j5v_S1_S2,pdb_00009jy3_P_O,False,121,1280
train,pdb_00008jso_S1_S2,pdb_00006ad7_C_D,False,444,1280
train,pdb_00008jsr_C1_C2,pdb_00009ds1_H_L,False,503,1280
train,pdb_00008jim_S1_S2,pdb_00008f2j_I_J,False,197,1280
train,pdb_00008xxr_S1_S2,pdb_00007xeg_E_F,False,195,1280
train,pdb_000021ag_S1_S2,pdb_00007k9i_H_L,False,195,1280
train,pdb_00007exd_E1_E2,pdb_00004am0_C_D,False,95,1280
train,pdb_00008k4s_D1_D2,pdb_00002itc_A_B,False,103,1280
train,pdb_00007rkx_D1_D2,pdb_00007y3n_H_L,False,196,1280
train,pdb_00008sai_S1_S2,pdb_00007ejx_S1_S2,False,337,1280
train,pdb_00007scg_E1_E2,pdb_00008sdh_H_L,False,195,1280
train,pdb_00009jhp_S1_S2,pdb_00006xbm_S1_S2,False,339,1280
train,pdb_00007w56_E1_E2,pdb_00008jqm_M_N,False,705,1280
train,pdb_00007t6b_E1_E2,pdb_00009npg_G_H,False,142,1280
train,pdb_00009jh5_S1_S2,pdb_00008guq_S1_S2,False,338,1280
train,pdb_00009vjf_E1_E2,pdb_00003ze2_E_F,False,454,1280
train,pdb_00008xxx_S1_S2,pdb_00004lf3_B_A,False,95,1280
train,pdb_00008rql_S1_S2,pdb_00009l07_H_L,False,196,1280
train,pdb_00008k6n_S1_S2,pdb_00007vyt_B_C,False,105,1280
train,pdb_00008y0n_S1_S2,pdb_00006ocb_H_L,False,267,1280
train,pdb_00009p0m_F1_F2,pdb_00009oi3_I_J,False,169,1280
train,pdb_00008xxh_S1_S2,pdb_00008jkh_H_L,False,352,1280
train,pdb_00008yh2_S1_S2,pdb_00003stl_A_B,False,103,1280
train,pdb_00007p00_H1_H2,pdb_00007kqh_C_D,False,237,1280
train,pdb_00009w49_S1_S2,pdb_00004ffw_H_L,False,727,1280
train,pdb_00009wxm_D1_D2,pdb_00009iv1_S1_S2,False,338,1280
train,pdb_00009f34_E1_E2,pdb_00009kze_H_L,False,196,1280
train,pdb_00008yky_S1_S2,pdb_00006ada_E_F,False,442,1280
train,pdb_00008ihi_S1_S2,pdb_00007ec5_E_F,False,486,1280
train,pdb_00006crk_H1_H2,pdb_00008k4n_E1_E2,False,336,1280
train,pdb_00009j0b_S1_S2,pdb_00005aaw_H1_H2,False,96,1280
train,pdb_00007vug_S1_S2,pdb_00007u0g_O1_O2,False,212,1280
train,pdb_00007y15_S1_S2,pdb_00006yz7_HHH_LLL,False,195,1280
train,pdb_00009ldx_S1_S2,pdb_00008vgi_F_E,False,243,1280
train,pdb_00008iu2_S1_S2,pdb_00006ad7_E_F,False,442,1280
train,pdb_00008vvg_E1_E2,pdb_00002fed_E_F,False,886,1280
train,pdb_00009j31_D1_D2,pdb_00007k78_L1_L2,False,194,1280
train,pdb_00007o7f_H_F,pdb_00008h2g_E1_E2,False,339,1280
train,pdb_00007xbd_E1_E2,pdb_00007mzj_N_M,False,198,1280
train,pdb_00008ic0_E1_E2,pdb_00008vgk_J_I,False,243,1280
train,pdb_00008e9x_E1_E2,pdb_00005wko_G_H,False,500,1280
train,pdb_00008x8l_E1_E2,pdb_00008zh8_S1_S2,False,337,1280
train,pdb_00006xox_E1_E2,pdb_00009jy3_R_Q,False,122,1280
train,pdb_00008z9p_S1_S2,pdb_00009vhz_A_B,False,169,1280
train,pdb_00008uh3_E1_E2,pdb_00003sob_H_L,False,305,1280
train,pdb_00009axf_H1_H2,pdb_00008dd3_J_I,False,338,1280
train,pdb_00008j18_S1_S2,pdb_00006dde_E1_E2,False,336,1280
train,pdb_00008jlr_S1_S2,pdb_00007ej8_H1_H2,False,335,1280
train,pdb_00009vje_E1_E2,pdb_00006suz_H_L,False,99,1280
train,pdb_00008xzj_S1_S2,pdb_00007dk0_A_B,False,195,1280
train,pdb_00009kug_H1_H2,pdb_00008gag_S1_S2,False,338,1280
train,pdb_00007vif_E1_E2,pdb_00003gb7_A_B,False,103,1280
train,pdb_00007trp_H1_H2,pdb_00008syp_N1_N2,False,196,1280
train,pdb_00008z8b_S1_S2,pdb_00005wko_K_L,False,495,1280
train,pdb_00009jlc_S1_S2,pdb_00009mtg_I_J,False,322,1280
train,pdb_00009w6w_E1_E2,pdb_00005j9p_A_B,False,96,1280
train,pdb_00007xa3_E1_E2,pdb_00008dd3_K_L,False,338,1280
train,pdb_00005xku_C_B,pdb_00008d7e_D_E,False,282,1280
train,pdb_00006hxw_H_L,pdb_00007ubs_I1_I2,False,173,1280
train,pdb_00006hxw_C_D,pdb_00008sps_N1_N2,False,203,1280
train,pdb_00006cvk_B2_B1,pdb_00007tbf_D_E,False,196,1280
train,pdb_00006cvk_A2_A1,pdb_00009l6c_D_F,False,194,1280
train,pdb_00006x3z_J_I,pdb_00003bgf_H_L,False,179,1280
train,pdb_00008sgo_K_L,pdb_00005a3i_C_D,False,323,1280
train,pdb_00006x3v_K_L,pdb_00006b3s_F_G,False,194,1280
train,pdb_00008vqy_J_I,pdb_00009quw_D_C,False,443,1280
train,pdb_00006x3x_K_L,pdb_00006wzj_A_B,False,63,1280
train,pdb_00006x3z_K_L,pdb_00009c6y_A_B,False,214,1280
train,pdb_00006x3w_J_I,pdb_00009e60_H_L,False,548,1280
train,pdb_00008vrn_J_I,pdb_00008dk5_K1_K2,False,203,1280
train,pdb_00006x3v_J_I,pdb_00002i9l_H_G,False,173,1280
train,pdb_00008sid_K_L,pdb_00002r0l_H_L,False,239,1280
train,pdb_00008sid_J_I,pdb_00007xcz_B_C,False,196,1280
train,pdb_00008si9_K_L,pdb_00008dwx_V_U,False,414,1280
train,pdb_00009drx_K_L,pdb_00007lop_H_L,False,195,1280
train,pdb_00006x3s_K_L,pdb_00007pry_C_D,False,193,1280
train,pdb_00006x3x_J_I,pdb_00006ii4_H_L,False,316,1280
train,pdb_00008dd3_J_I,pdb_00005jz7_G_I,False,221,1280
train,pdb_00008si9_J_I,pdb_00008e8y_H_L,False,540,1280
train,pdb_00008dd2_K_L,pdb_00009y41_H_L,False,216,1280
train,pdb_00008vqy_K_L,pdb_00009mtm_M_N,False,169,1280
train,pdb_00006x3t_J_I,pdb_00007eb2_N1_N2,False,692,1280
train,pdb_00006x40_K_L,pdb_00006bae_B_A,False,54,1280
train,pdb_00006x3u_K_L,pdb_00001yqv_H_L,False,129,1280
train,pdb_00009drx_J_I,pdb_00007mzn_H_L,False,197,1280
train,pdb_00006x3s_J_I,pdb_00005jz7_H_L,False,221,1280
train,pdb_00008vrn_K_L,pdb_00006xq0_E_F,False,216,1280
train,pdb_00008dd2_J_I,pdb_00009ib1_H_L,False,198,1280
train,pdb_00008sgo_J_I,pdb_00007t0w_O_P,False,673,1280
train,pdb_00008dd3_K_L,pdb_00003v4v_M_N,False,375,1280
train,pdb_00006x3w_K_L,pdb_00009f33_E1_E2,False,337,1280
train,pdb_00006x3u_J_I,pdb_00008j20_B1_B2,False,340,1280
train,pdb_00006x40_J_I,pdb_00002qr0_B_A,False,193,1280
train,pdb_00006x3t_K_L,pdb_00007w3z_H1_H2,False,691,1280
train,pdb_00006a3w_A_B,pdb_00009cpw_C_D,False,195,1280
train,pdb_00006ba5_D_C,pdb_00007zmk_J_K,False,221,1280
train,pdb_00006ba5_H_G,pdb_00008j6i_H1_H2,False,339,1280
train,pdb_00006ban_H_G,pdb_00007k61_M2_M1,False,205,1280
train,pdb_00006ba5_B_A,pdb_00007s8p_E1_E2,False,338,1280
train,pdb_00006ban_F_E,pdb_00009n7q_H_L,False,498,1280
train,pdb_00006ba5_F_E,pdb_00001g7h_B_A,False,129,1280
train,pdb_00006ban_B_A,pdb_00008yub_A_B,False,197,1280
train,pdb_00006ban_D_C,pdb_00009mkn_Q_R,False,441,1280
train,pdb_00005xhv_P_Q,pdb_00007tct_H_L,False,453,1280
train,pdb_00005xhv_H_L,pdb_00007pry_H_L,False,193,1280
train,pdb_00006ek2_H1_H2,pdb_00007ebz_E_F,False,487,1280
train,pdb_00006ek2_I1_I2,pdb_00008dis_H_L,False,489,1280
train,pdb_00006gff_N_M,pdb_00009lrf_H_L,False,197,1280
train,pdb_00006gff_L_K,pdb_00009oup_H_L,False,213,1280
train,pdb_00006fax_H_L,pdb_00006s3d_H_L,False,58,1280
train,pdb_00006gv4_H_L,pdb_00009nz5_B_C,False,387,1280
train,pdb_00006d0u_C_D,pdb_00001fsk_C_B,False,159,1280
train,pdb_00006d0u_H_I,pdb_00004tnw_X_i,False,681,1280
train,pdb_00006d0u_E_F,pdb_00009vmn_S1_S2,False,338,1280
train,pdb_00006d0u_K_L,pdb_00001xiw_H_G,False,87,1280
train,pdb_00006cyf_F_E,pdb_00007qnx_H_L,False,185,1280
train,pdb_00006cyf_D_C,pdb_00009riq_H_L,False,784,1280
train,pdb_00006cyf_U_T,pdb_00001ndm_B_A,False,129,1280
train,pdb_00006cyf_M_L,pdb_00007w71_H_L,False,88,1280
train,pdb_00005wko_C_D,pdb_00003ejz_E_F,False,886,1280
train,pdb_00005wko_I_J,pdb_00009mif_H_L,False,169,1280
train,pdb_00005wko_G_H,pdb_00008ebp_H_L,False,435,1280
train,pdb_00005wko_K_L,pdb_00003t3p_E_F,False,453,1280
train,pdb_00005wko_A_B,pdb_00006a4k_K_O,False,221,1280
train,pdb_00005wko_E_F,pdb_00007m6d_H_L,False,196,1280
train,pdb_00005xmh_D_C,pdb_00007y12_S1_S2,False,338,1280
train,pdb_00005xmh_H_L,pdb_00003b2u_J_K,False,193,1280
train,pdb_00005w08_Q_R,pdb_00002ht4_E_F,False,886,1280
train,pdb_00006o1f_H_L,pdb_00004gxu_S_T,False,651,1280
train,pdb_00006t9d_AAA_BBB,pdb_00009y0e_A_B,False,159,1280
train,pdb_00006t9e_AAA_BBB,pdb_00007c81_H_L,False,515,1280
train,pdb_00006t9e_HHH_LLL,pdb_00009n4f_H_L,False,164,1280
train,pdb_00006t9d_HHH_LLL,pdb_00004n90_D_E,False,108,1280
train,pdb_00008vgl_H_L,pdb_00006xq0_B_C,False,219,1280
train,pdb_00008vgl_E_F,pdb_00007ezm_H1_H2,False,339,1280
train,pdb_00006n5d_C_D,pdb_00008hws_D_E,False,196,1280
train,pdb_00006n5d_L_N,pdb_00007tho_E_F,False,453,1280
train,pdb_00006n5d_E_F,pdb_00003nig_H_L,False,457,1280
train,pdb_00006q18_H_L,pdb_00006adc_E_F,False,442,1280
train,pdb_00006pe9_E_F,pdb_00009le1_S1_S2,False,338,1280
train,pdb_00006pe9_C_D,pdb_00008ut2_J_I,False,827,1280
train,pdb_00006osh_H_L,pdb_00008xor_E1_E2,False,338,1280
train,pdb_00006t3j_F_G,pdb_00006wex_H_L,False,498,1280
train,pdb_00006t3j_A_B,pdb_00004tnw_U_h,False,681,1280
train,pdb_00006oc3_C_D,pdb_00008u4s_F_E,False,569,1280
train,pdb_00006oc3_A_B,pdb_00007wu9_S1_S2,False,336,1280
train,pdb_00006ocb_H_L,pdb_00009jh3_S1_S2,False,340,1280
train,pdb_00006ss4_HHH_LLL,pdb_00008xyk_S1_S2,False,336,1280
train,pdb_00006ogx_H_L,pdb_00007w71_I_M,False,88,1280
train,pdb_00006ogx_C_D,pdb_00003v6z_C_D,False,148,1280
train,pdb_00006jep_K_I,pdb_00007e3o_H_L,False,189,1280
train,pdb_00006jep_H_L,pdb_00006oij_H1_H2,False,339,1280
train,pdb_00006ii9_H_L,pdb_00007jum_H1_H2,False,176,1280
train,pdb_00006ii9_M_N,pdb_00008ejk_E1_E2,False,570,1280
train,pdb_00006ii9_P_Q,pdb_00009j0b_S1_S2,False,337,1280
train,pdb_00006kyz_E_F,pdb_00007u0i_K1_K2,False,204,1280
train,pdb_00009u5p_B_C,pdb_00009w6w_E1_E2,False,340,1280
train,pdb_00006kyz_B_C,pdb_00007l5j_W_L,False,304,1280
train,pdb_00009u5p_P_Q,pdb_00007sco_E_F,False,494,1280
train,pdb_00006lhq_H_L,pdb_00008f6o_A_B,False,101,1280
train,pdb_00006mtq_H_L,pdb_00006vmk_P_O,False,228,1280
train,pdb_00006n5e_H_I,pdb_00008xwp_D1_D2,False,338,1280
train,pdb_00006n5e_E_D,pdb_00008vqy_J_I,False,338,1280
train,pdb_00006omm_E1_E2,pdb_00001hys_D_C,False,425,1280
train,pdb_00007na8_N1_N2,pdb_00009npg_K_J,False,143,1280
train,pdb_00007t6u_E1_E2,pdb_00006ddv_B_A,False,94,1280
train,pdb_00007t6v_E1_E2,pdb_00007wvl_H_L,False,177,1280
train,pdb_00007na7_N1_N2,pdb_00008xzh_S1_S2,False,339,1280
train,pdb_00006ii8_H_L,pdb_00008hn6_C_D,False,391,1280
train,pdb_00006ii8_G_I,pdb_00009bsb_E1_E2,False,331,1280
train,pdb_00006kpg_S1_S2,pdb_00008jil_S1_S2,False,340,1280
train,pdb_00006p4b_B_A,pdb_00007wz4_S1_S2,False,337,1280
train,pdb_00006p4b_H_L,pdb_00009ma7_D_E,False,414,1280
train,pdb_00006ml8_H_L,pdb_00007jmw_H_L,False,195,1280
train,pdb_00006ivz_H_L,pdb_00009kpe_S1_S2,False,341,1280
train,pdb_00006mlm_E_I,pdb_00008sai_S1_S2,False,340,1280
train,pdb_00006mlm_K_L,pdb_00009zqb_I2_I1,False,309,1280
train,pdb_00006mlm_F_G,pdb_00007t01_H_L,False,201,1280
train,pdb_00006ktr_A_B,pdb_00008z65_S1_S2,False,334,1280
train,pdb_00006n5b_H_L,pdb_00006dkj_H_L,False,102,1280
train,pdb_00006uig_B_C,pdb_00008tp5_H_L,False,322,1280
train,pdb_00006uig_H_L,pdb_00007wwk_I_H,False,388,1280
train,pdb_00006u6u_H_L,pdb_00004tnw_F_N,False,682,1280
train,pdb_00009eti_H_L,pdb_00008y0y_D1_D4,False,195,1280
train,pdb_00006osv_H_L,pdb_00006ejg_C2_C1,False,179,1280
train,pdb_00006plk_H_L,pdb_00001nbz_B_A,False,129,1280
train,pdb_00006plk_I_M,pdb_00008fn0_E1_E2,False,338,1280
train,pdb_00006oel_H_L,pdb_00007yd1_A_B,False,198,1280
train,pdb_00006txz_H_L,pdb_00007l1v_H1_H2,False,339,1280
train,pdb_00006txz_J_N,pdb_00007xda_D_E,False,195,1280
train,pdb_00006txz_K_O,pdb_00008zh7_E_F,False,371,1280
train,pdb_00006txz_I_M,pdb_00008iys_E1_E2,False,688,1280
train,pdb_00006ii4_E_F,pdb_00004tnw_J_M,False,683,1280
train,pdb_00006ii4_H_L,pdb_00001jrh_H_L,False,95,1280
train,pdb_00006j6y_B_C,pdb_00007u0g_N1_N2,False,205,1280
train,pdb_00006j6y_E_F,pdb_00003fku_U1_U2,False,498,1280
train,pdb_00006iap_H_L,pdb_00008f7q_E1_E2,False,335,1280
train,pdb_00006jhs_E_D,pdb_00001xiw_D_C,False,91,1280
train,pdb_00006k7o_B_C,pdb_00008y45_S1_S2,False,340,1280
train,pdb_00006k7o_D_E,pdb_00009n5i_H_L,False,397,1280
train,pdb_00006k7o_F_G,pdb_00001qfu_H_L,False,317,1280
train,pdb_00006k7o_H_L,pdb_00002vc2_H_L,False,452,1280
train,pdb_00006mto_H_L,pdb_00005ugy_H_L,False,323,1280
train,pdb_00006u9s_D_E,pdb_00008jqn_h_l,False,352,1280
train,pdb_00008jei_S1_S2,pdb_00006wno_E_F,False,296,1280
train,pdb_00008k3z_S1_S2,pdb_00008j1q_B_A,False,196,1280
train,pdb_00008zjg_S1_S2,pdb_00008khr_H_L,False,173,1280
train,pdb_00008ij3_S1_S2,pdb_00007xcp_H_L,False,195,1280
train,pdb_00008ijd_S1_S2,pdb_00008eqf_H_L,False,194,1280
train,pdb_00009iza_S1_S2,pdb_00007t10_S1_S2,False,338,1280
train,pdb_00009jkt_S1_S2,pdb_00007t2h_E1_E2,False,336,1280
train,pdb_00007ykd_S1_S2,pdb_00007vv3_S1_S2,False,339,1280
train,pdb_00008ijb_S1_S2,pdb_00005gs0_D_C,False,663,1280
train,pdb_00009kft_S1_S2,pdb_00009jmc_E1_E2,False,338,1280
train,pdb_00008ija_S1_S2,pdb_00009cu7_J_N,False,813,1280
train,pdb_00008yyw_B1_B2,pdb_00001tzh_H_L,False,189,1280
train,pdb_00008xgm_S1_S2,pdb_00008hgm_C_D,False,194,1280
train,pdb_00007y89_S1_S2,pdb_00003nig_E_F,False,453,1280
train,pdb_00009jid_S1_S2,pdb_00009oun_H_L,False,213,1280
train,pdb_00008ia8_S1_S2,pdb_00008dn7_A_B,False,118,1280
train,pdb_00009j8z_S1_S2,pdb_00008c7h_L_K,False,111,1280
train,pdb_00008yyx_A1_A2,pdb_00007vkt_E1_E2,False,339,1280
train,pdb_00009izd_S1_S2,pdb_00001rzk_H_L,False,306,1280
train,pdb_00007xxh_H1_H2,pdb_00009zq9_J2_J1,False,214,1280
train,pdb_00008jjp_S1_S2,pdb_00008t3v_N1_N2,False,572,1280
train,pdb_00009jkx_S1_S2,pdb_00007lg6_K_N,False,293,1280
train,pdb_00009jky_S1_S2,pdb_00009qub_D_C,False,443,1280
train,pdb_00009izc_S1_S2,pdb_00007cdj_H_L,False,194,1280
train,pdb_00009iqt_E1_E2,pdb_00002fed_C_D,False,886,1280
train,pdb_00009jks_S1_S2,pdb_00007qez_E_F,False,196,1280
train,pdb_00008jef_S1_S2,pdb_00008jz7_S1_S2,False,340,1280
train,pdb_00009jkv_S1_S2,pdb_00004h88_H_L,False,102,1280
train,pdb_00006iap_E_D,pdb_00006x3s_K_L,False,338,1280
train,pdb_00006ww5_C_D,pdb_00001mlc_B_A,False,129,1280
train,pdb_00006ww5_E_F,pdb_000021ag_S1_S2,False,338,1280
train,pdb_00008bcz_E_F,pdb_00009kfj_S1_S2,False,338,1280
train,pdb_00007nx8_H_L,pdb_00006vja_H_L,False,331,1280
train,pdb_00007nx7_H_L,pdb_00009le0_S1_S2,False,338,1280
train,pdb_00007qnx_H_L,pdb_00002dqc_H_L,False,129,1280
train,pdb_00007fci_H_L,pdb_00007vv5_S1_S2,False,339,1280
train,pdb_00008xcd_H_L,pdb_00004qci_B_A,False,96,1280
train,pdb_00007lop_W_V,pdb_00007x10_E1_E2,False,338,1280
train,pdb_00006w41_H_L,pdb_00008vk1_C_B,False,129,1280
train,pdb_00007lop_B_C,pdb_00008j26_B_A,False,196,1280
train,pdb_00006zlr_HHH_LLL,pdb_00007y3n_C_D,False,195,1280
train,pdb_00006zlr_BBB_CCC,pdb_00008zre_H_L,False,142,1280
train,pdb_00006zlr_FFF_GGG,pdb_00008hrd_L_M,False,195,1280
train,pdb_00007qez_E_F,pdb_00008ee8_H_L,False,806,1280
train,pdb_00007m6d_A_B,pdb_00009kfk_S1_S2,False,338,1280
train,pdb_00006z3p_H_L,pdb_00009ixa_H_L,False,724,1280
train,pdb_00007ebz_E_F,pdb_00009our_H_L,False,213,1280
train,pdb_00007b3o_H_L,pdb_00009wb4_B_C,False,179,1280
train,pdb_00008g59_S1_S2,pdb_00009lbs_D_C,False,181,1280
train,pdb_00008id9_S1_S2,pdb_00008tft_I_M,False,109,1280
train,pdb_00009k3l_S1_S2,pdb_00007x2w_H_L,False,759,1280
train,pdb_00007vv3_S1_S2,pdb_00008iu2_S1_S2,False,339,1280
train,pdb_00009k3k_S1_S2,pdb_00008dv6_C_L,False,811,1280
train,pdb_00009k3f_S1_S2,pdb_00007rk2_D1_D2,False,436,1280
train,pdb_00009vo2_S1_S2,pdb_00007l7e_M_N,False,194,1280
train,pdb_00007vdh_S1_S2,pdb_00009m1o_S1_S2,False,343,1280
train,pdb_00008id6_S1_S2,pdb_00003wkm_I_M,False,179,1280
train,pdb_00007vuz_S1_S2,pdb_00003u30_C_B,False,149,1280
train,pdb_00008jgf_E1_E2,pdb_00008g05_E1_E2,False,342,1280
train,pdb_00008z3q_S1_S2,pdb_00003lqa_H_L,False,175,1280
train,pdb_00009iv6_S1_S2,pdb_00009mtg_M_N,False,322,1280
train,pdb_00009k3h_S1_S2,pdb_00009oap_H_L,False,169,1280
train,pdb_00008iw9_S1_S2,pdb_00009n4f_M_N,False,164,1280
train,pdb_00008w8r_S1_S2,pdb_00004np4_H_L,False,271,1280
train,pdb_00008hcq_E1_E2,pdb_00009u5q_B_C,False,179,1280
train,pdb_00007f4h_S1_S2,pdb_00009iy8_S1_S2,False,338,1280
train,pdb_00008jgb_S1_S2,pdb_00002ht3_E_F,False,886,1280
train,pdb_00007vdl_S1_S2,pdb_00009ego_S1_S2,False,338,1280
train,pdb_00007vuy_S1_S2,pdb_00007wqv_F1_F2,False,196,1280
train,pdb_00007f4f_S1_S2,pdb_00001z3g_H_L,False,173,1280
train,pdb_00007vv5_S1_S2,pdb_00004n90_H_I,False,107,1280
train,pdb_00008hcx_E1_E2,pdb_00006k5i_E_F,False,887,1280
train,pdb_00008jgg_S1_S2,pdb_00006vmk_K_J,False,228,1280
train,pdb_00008y62_E1_E2,pdb_00009bbn_S_T,False,480,1280
train,pdb_00009u4y_S1_S2,pdb_00009oar_H_L,False,169,1280
train,pdb_00009u4w_S1_S2,pdb_00006vmk_B_A,False,228,1280
train,pdb_00007vdm_S1_S2,pdb_00001n6q_H_L,False,429,1280
train,pdb_00008z65_S1_S2,pdb_00003b2u_Q_R,False,193,1280
train,pdb_00008iw1_S1_S2,pdb_00009yyu_I_M,False,355,1280
train,pdb_00008hbd_H1_H2,pdb_00009lbs_H_L,False,181,1280
train,pdb_00008id3_S1_S2,pdb_00007dpm_A_B,False,196,1280
train,pdb_00008id4_S1_S2,pdb_00008cz8_A2_A1,False,148,1280
train,pdb_00008z3m_S1_S2,pdb_00002h9g_H_L,False,64,1280
train,pdb_00007c01_C_D,pdb_00008y62_E1_E2,False,336,1280
train,pdb_00007c01_H_L,pdb_00009l6c_A_B,False,194,1280
train,pdb_00007c81_H_L,pdb_00004l5f_H_L,False,98,1280
train,pdb_00007cmk_H_L,pdb_00004hj0_C_D,False,91,1280
train,pdb_00007f0x_B1_B2,pdb_00009ebc_I_J,False,317,1280
train,pdb_00006xkr_H_L,pdb_00008syp_M1_M2,False,196,1280
train,pdb_00006wn1_B_C,pdb_00009y3x_H_L,False,326,1280
train,pdb_00007dm2_H_L,pdb_00002fee_J_O,False,886,1280
train,pdb_00007eam_H_L,pdb_00007lg6_C_D,False,293,1280
train,pdb_00007eam_C_D,pdb_00001xgp_B_A,False,129,1280
train,pdb_00006yor_H_L,pdb_00007x2k_H_L,False,193,1280
train,pdb_00006zh9_HHH_LLL,pdb_00006xe1_H_L,False,207,1280
train,pdb_00006yz7_BBB_CCC,pdb_00009ouo_J_K,False,212,1280
train,pdb_00006z2m_H_L,pdb_00008hrd_D_F,False,195,1280
train,pdb_00006z2m_B_C,pdb_00009oao_H_L,False,169,1280
train,pdb_00006yz7_HHH_LLL,pdb_00004m62_I_M,False,155,1280
train,pdb_00006yor_B_C,pdb_00009v81_E1_E2,False,338,1280
train,pdb_00008elo_H_L,pdb_00008tnn_J_I,False,178,1280
train,pdb_00008elp_H_L,pdb_00009iyb_E1_E2,False,337,1280
train,pdb_00008elq_H_L,pdb_00007mem_I_K,False,321,1280
train,pdb_00008cwv_H_L,pdb_00006lhq_H_L,False,245,1280
train,pdb_00007b0b_H_L,pdb_00008dwx_X_W,False,414,1280
train,pdb_00006wzl_A_B,pdb_00007jum_I1_I2,False,174,1280
train,pdb_00006wzl_C_D,pdb_00008tpa_D_E,False,486,1280
train,pdb_00006wzm_C_D,pdb_00008zdw_L_J,False,321,1280
train,pdb_00006wzj_A_B,pdb_00005ggs_A_B,False,113,1280
train,pdb_00006wzm_A_B,pdb_00006p4a_H_L,False,129,1280
train,pdb_00007ejy_H_L,pdb_00008jxx_E1_E2,False,337,1280
train,pdb_00007f6y_H_L,pdb_00008r8k_H_L,False,280,1280
train,pdb_00007f6z_H_L,pdb_00009n8j_B_C,False,308,1280
train,pdb_00007ek0_H_L,pdb_00008j6l_H1_H2,False,339,1280
train,pdb_00007ean_H_L,pdb_00008yh2_S1_S2,False,336,1280
train,pdb_00007chc_A_B,pdb_00006yor_B_C,False,195,1280
train,pdb_00007c88_H_L,pdb_00009zqc_I2_I1,False,208,1280
train,pdb_00007c88_A_B,pdb_00006hxw_H_L,False,523,1280
train,pdb_00007djz_A_B,pdb_00001adq_H_L,False,206,1280
train,pdb_00006wmw_H_L,pdb_00008h8j_H1_H2,False,339,1280
train,pdb_00006wmw_M_N,pdb_00007mmo_A_B,False,194,1280
train,pdb_00007d85_B_C,pdb_00007rco_D_C,False,112,1280
train,pdb_00007d85_E_F,pdb_00006zlr_HHH_LLL,False,196,1280
train,pdb_00006woz_K_L,pdb_00001k4d_A_B,False,103,1280
train,pdb_00006woz_E_F,pdb_00005kov_E1_E2,False,218,1280
train,pdb_00006woz_B_C,pdb_00006glx_C_D,False,137,1280
train,pdb_00006woz_H_I,pdb_00008hnl_S1_S2,False,336,1280
train,pdb_00006xq0_B_C,pdb_00008suo_H_L,False,194,1280
train,pdb_00006xq0_E_F,pdb_00008xml_S1_S2,False,339,1280
train,pdb_00008dcc_H_L,pdb_00007wh8_B_A,False,277,1280
train,pdb_00007bwj_H_L,pdb_00001tzh_B_A,False,189,1280
train,pdb_00007e9b_H_L,pdb_00008ykx_E1_E2,False,337,1280
train,pdb_00009cpw_C_D,pdb_00008vvg_E1_E2,False,339,1280
train,pdb_00009cpu_F_G,pdb_00002r29_H_L,False,97,1280
train,pdb_00009cpv_C_D,pdb_00005i9q_B_C,False,340,1280
train,pdb_00006xc4_X_Y,pdb_00004hg4_V_W,False,324,1280
train,pdb_00006xc4_H_L,pdb_00009lho_I_H,False,314,1280
train,pdb_00007lg6_J_M,pdb_00007ezv_M_N,False,183,1280
train,pdb_00007lg6_K_N,pdb_00008zd5_E_F,False,153,1280
train,pdb_00007lg6_C_D,pdb_00008eeu_H_L,False,402,1280
train,pdb_00006z3q_H_L,pdb_00008kdr_H_L,False,276,1280
train,pdb_00008z2e_H_L,pdb_00008evg_M1_M2,False,203,1280
train,pdb_00007x2k_H_L,pdb_00001za3_B_A,False,106,1280
train,pdb_00007xj9_K_J,pdb_00008caf_D_C,False,156,1280
train,pdb_00006xe1_H_L,pdb_00006ban_H_G,False,81,1280
train,pdb_00007cgw_H_L,pdb_00003rhw_H_L,False,681,1280
train,pdb_00006wno_E_F,pdb_00007zfc_H_L,False,193,1280
train,pdb_00006xq2_C_B,pdb_00009kyz_A_B,False,82,1280
train,pdb_00006xq2_F_E,pdb_00006osv_H_L,False,81,1280
train,pdb_00006wex_H_L,pdb_00005d1z_B_A,False,149,1280
train,pdb_00007det_D1_D2,pdb_00007kn3_M_N,False,196,1280
train,pdb_00007det_B1_B2,pdb_00008el2_H_L,False,194,1280
train,pdb_00007dk2_D_E,pdb_00007y0w_A_B,False,193,1280
train,pdb_00007dk2_A_B,pdb_00009k07_E1_E2,False,338,1280
train,pdb_00007dk2_G_H,pdb_00009k3k_S1_S2,False,340,1280
train,pdb_00007dk2_J_K,pdb_00008f2j_A_B,False,199,1280
train,pdb_00007f9z_E1_E2,pdb_00001ott_E_F,False,886,1280
train,pdb_00007f15_B1_B2,pdb_00007kfw_F_G,False,195,1280
train,pdb_00007xrz_B_A,pdb_00007qnx_A_B,False,185,1280
train,pdb_00007xrz_H_L,pdb_00008vgh_J_I,False,243,1280
train,pdb_00007bnv_H_L,pdb_00007f7h_A_B,False,182,1280
train,pdb_00007e3o_H_L,pdb_00007ew7_E1_E2,False,340,1280
train,pdb_00007ec5_E_F,pdb_00001tqc_B_C,False,102,1280
train,pdb_00006xy2_H_L,pdb_00004xrc_B_A,False,211,1280
train,pdb_00006wqo_E_F,pdb_00007ydh_E1_E2,False,338,1280
train,pdb_00007f3q_H_L,pdb_00007tn0_H_G,False,198,1280
train,pdb_00007f3q_C_B,pdb_00007wyb_E1_E2,False,339,1280
train,pdb_00007f2o_S1_S2,pdb_00005dfw_H1_H2,False,90,1280
train,pdb_00007x1m_C_D,pdb_00006oc3_A_B,False,212,1280
train,pdb_00008hws_H_L,pdb_00006n5e_E_D,False,282,1280
train,pdb_00006wtv_K_L,pdb_00008znz_G_H,False,524,1280
train,pdb_00006wtv_H_I,pdb_00004dgi_H_L,False,97,1280
train,pdb_00006wtv_E_F,pdb_00009ik8_E1_E2,False,336,1280
train,pdb_00006wtv_B_C,pdb_00006k7o_D_E,False,94,1280
train,pdb_00006xpz_B_C,pdb_00006n5d_L_N,False,282,1280
train,pdb_00006xpz_E_F,pdb_00002hjf_A_B,False,103,1280
train,pdb_00006vmk_P_O,pdb_00008ija_S1_S2,False,337,1280
train,pdb_00006vmk_l_k,pdb_00003or6_A_B,False,103,1280
train,pdb_00006vmk_S_R,pdb_00002vxq_H_L,False,92,1280
train,pdb_00006vmk_B_A,pdb_00008f6x_D1_D2,False,859,1280
train,pdb_00006vmk_E_D,pdb_00007c01_H_L,False,195,1280
train,pdb_00006vmk_M_L,pdb_00008yyx_A1_A2,False,339,1280
train,pdb_00006vmk_o_n,pdb_00004ubd_O_P,False,805,1280
train,pdb_00006vmk_f_e,pdb_00009nz3_D_C,False,373,1280
train,pdb_00006vmk_V_U,pdb_00009ue8_E_F,False,169,1280
train,pdb_00006vmk_c_b,pdb_00008x8l_E1_E2,False,335,1280
train,pdb_00006vmk_Z_Y,pdb_00004fqj_H_L,False,294,1280
train,pdb_00006vmk_u_t,pdb_00007vgy_E1_E2,False,338,1280
train,pdb_00006vmk_i_h,pdb_00008w83_I_J,False,179,1280
train,pdb_00006vmk_K_J,pdb_00006cvk_A2_A1,False,154,1280
train,pdb_00006vmk_r_q,pdb_00001ztx_H_L,False,101,1280
train,pdb_00006vmk_H_G,pdb_00006e0p_N1_N2,False,203,1280
train,pdb_00008j1q_B_A,pdb_00007y7m_F_G,False,242,1280
train,pdb_00008j26_B_A,pdb_00001kiq_B_A,False,129,1280
train,pdb_00007wz7_C1_C2,pdb_00007bsc_H_L,False,177,1280
train,pdb_00009m0r_S1_S2,pdb_00009lr2_S1_S2,False,339,1280
train,pdb_00009jmc_E1_E2,pdb_00008iru_E1_E2,False,337,1280
train,pdb_00009x3z_S1_S2,pdb_00007ejy_H_L,False,194,1280
train,pdb_00007wyb_E1_E2,pdb_00006w0h_A_B,False,103,1280
train,pdb_00009vmo_S1_S2,pdb_00007mzj_F_E,False,196,1280
train,pdb_00009kfj_S1_S2,pdb_00003rif_I_O,False,681,1280
train,pdb_00009kvg_E1_E2,pdb_00008y3h_I_J,False,991,1280
train,pdb_00007wq3_S1_S2,pdb_00008u4s_H_L,False,569,1280
train,pdb_00009v1h_E1_E2,pdb_00007zfc_A_B,False,193,1280
train,pdb_00009jmd_E1_E2,pdb_00004fg6_E_F,False,441,1280
train,pdb_00009vmn_S1_S2,pdb_00002qr0_L_K,False,193,1280
train,pdb_00007eo2_E1_E2,pdb_00009our_J_K,False,212,1280
train,pdb_00007wy0_C1_C2,pdb_00008vgp_H_L,False,218,1280
train,pdb_00009jed_S1_S2,pdb_00003stz_A_B,False,102,1280
train,pdb_00007wf7_E1_E2,pdb_00005oca_H_L,False,92,1280
train,pdb_00009kvi_E1_E2,pdb_00006xq2_F_E,False,265,1280
train,pdb_00008h0q_E1_E2,pdb_00009jh6_S1_S2,False,338,1280
train,pdb_00008j6l_H1_H2,pdb_00007jvr_E1_E2,False,342,1280
train,pdb_00007sqo_E1_E2,pdb_00007wur_G_H,False,341,1280
train,pdb_00008x16_H1_H2,pdb_00008dww_V_U,False,414,1280
train,pdb_00007ezm_H1_H2,pdb_00006k41_H1_H2,False,333,1280
train,pdb_00008h0p_E1_E2,pdb_00008bcz_E_F,False,194,1280
train,pdb_00007x2v_E1_E2,pdb_00008dwy_V_U,False,414,1280
train,pdb_00009ite_E1_E2,pdb_00004kxz_J_I,False,225,1280
train,pdb_00007ydh_E1_E2,pdb_00007vug_S1_S2,False,338,1280
train,pdb_00008kgg_E1_E2,pdb_00009cu7_I_M,False,813,1280
train,pdb_00008j6j_H1_H2,pdb_00007rk2_C1_C2,False,436,1280
train,pdb_00008iys_E1_E2,pdb_00006dkj_A_B,False,106,1280
train,pdb_00008jxt_E1_E2,pdb_00009osx_B_C,False,109,1280
train,pdb_00007ezh_H1_H2,pdb_00002h2p_E_F,False,886,1280
train,pdb_00008hk3_H1_H2,pdb_00008u9s_M2_M1,False,205,1280
train,pdb_00008zps_E1_E2,pdb_00008rmy_E_F,False,460,1280
train,pdb_00007x10_E1_E2,pdb_00009mtj_I_J,False,492,1280
train,pdb_00007x9y_S1_S2,pdb_00007k5y_N2_N1,False,205,1280
train,pdb_00008t3s_N1_N2,pdb_00009ov4_J_K,False,212,1280
train,pdb_00008xyd_E1_E2,pdb_00007x1m_C_D,False,195,1280
train,pdb_00008x17_H1_H2,pdb_00009u4y_S1_S2,False,338,1280
train,pdb_00009m54_S1_S2,pdb_00005aaw_F1_F2,False,93,1280
train,pdb_00009m2f_S1_S2,pdb_00009izh_S1_S2,False,339,1280
train,pdb_00008jxv_E1_E2,pdb_00006vvu_J_K,False,488,1280
train,pdb_00007eo4_E1_E2,pdb_00007w56_E1_E2,False,341,1280
train,pdb_00007ydj_E1_E2,pdb_00009jhp_S1_S2,False,338,1280
train,pdb_00008j6i_H1_H2,pdb_00008i5h_B_C,False,194,1280
train,pdb_00009v0x_E1_E2,pdb_00007lq7_C_D,False,195,1280
train,pdb_00009m1o_S1_S2,pdb_00009me7_J_N,False,158,1280
train,pdb_00009kvh_E1_E2,pdb_00009gwt_H_L,False,196,1280
train,pdb_00007ts0_H1_H2,pdb_00003a67_H_L,False,129,1280
train,pdb_00007vkt_E1_E2,pdb_00007det_D1_D2,False,194,1280
train,pdb_00007dw9_S1_S2,pdb_00007unb_H_L,False,138,1280
train,pdb_00008h8j_H1_H2,pdb_00007vuy_S1_S2,False,339,1280
train,pdb_00008jxw_E1_E2,pdb_00009kvg_E1_E2,False,332,1280
train,pdb_00008xxv_E1_E2,pdb_00009jr3_S1_S2,False,337,1280
train,pdb_00008zme_E1_E2,pdb_00008sgo_J_I,False,338,1280
train,pdb_00007eq1_S1_S2,pdb_00009os5_I_L,False,774,1280
train,pdb_00008jxx_E1_E2,pdb_00002ht2_C_D,False,886,1280
train,pdb_00008zpt_E1_E2,pdb_00008k6n_S1_S2,False,340,1280
train,pdb_00007d6i_B_C,pdb_00006mtq_H_L,False,156,1280
train,pdb_00007chc_H_L,pdb_00008u1u_E1_E2,False,338,1280
train,pdb_00007ch5_H_L,pdb_00009ik9_E1_E2,False,336,1280
train,pdb_00007bbj_H_L,pdb_00009zqa_J2_J1,False,310,1280
train,pdb_00007bbj_M_N,pdb_00006pe9_E_F,False,119,1280
train,pdb_00008jin_P2_P1,pdb_00007uzc_E_F,False,196,1280
train,pdb_00008ywe_B2_B1,pdb_00009dzg_H_L,False,851,1280
train,pdb_00007pry_F_G,pdb_00005u5m_B_A,False,54,1280
train,pdb_00007pry_A_B,pdb_00008jkh_M_N,False,352,1280
train,pdb_00008bcz_C_D,pdb_00003eoa_B_A,False,179,1280
train,pdb_00007dm1_F_E,pdb_00008jqs_H_L,False,352,1280
train,pdb_00007dm1_D_C,pdb_00001fsk_I_H,False,159,1280
train,pdb_00007bsd_H_L,pdb_00009lrd_E1_E2,False,336,1280
train,pdb_00007bsc_H_L,pdb_00006wn1_B_C,False,295,1280
train,pdb_00007bsd_A_B,pdb_00004tnw_I_O,False,681,1280
train,pdb_00007deu_B1_B2,pdb_00008hrd_Y_Z,False,195,1280
train,pdb_00007ezv_M_N,pdb_00001nsn_H_L,False,138,1280
train,pdb_00007ezv_H_L,pdb_00004ubd_Y_X,False,806,1280
train,pdb_00006xq4_E_F,pdb_00008zme_E1_E2,False,338,1280
train,pdb_00007cdj_H_L,pdb_00007k60_N2_N1,False,205,1280
train,pdb_00007fcp_B_D,pdb_00009vjf_E1_E2,False,339,1280
train,pdb_00007fcp_H_L,pdb_00004v1d_A_B,False,65,1280
train,pdb_00006xm2_F_E,pdb_00008hnm_S1_S2,False,336,1280
train,pdb_00006xm2_D_C,pdb_00006k5f_E_F,False,887,1280
train,pdb_00006xxv_A_B,pdb_00008ubj_N2_N1,False,205,1280
train,pdb_00007ahu_B_A,pdb_00007m3i_A_B,False,217,1280
train,pdb_00007ahu_H_L,pdb_00009fys_I_M,False,147,1280
train,pdb_00007ey5_B_C,pdb_00008gcp_E1_E2,False,337,1280
train,pdb_00007ey5_H_L,pdb_00008zd5_K_L,False,153,1280
train,pdb_00006vc9_H_L,pdb_00007ek0_H_L,False,193,1280
train,pdb_00006wds_H_L,pdb_00006w0j_A_B,False,103,1280
train,pdb_00007cho_H_L,pdb_00004odx_H_B,False,152,1280
train,pdb_00007x3c_F_E,pdb_00008ezk_H1_H2,False,172,1280
train,pdb_00007dq7_H_L,pdb_00007ua2_H1_H2,False,174,1280
train,pdb_00006vvu_E_F,pdb_00007f6y_H_L,False,194,1280
train,pdb_00006vvu_H_L,pdb_00003fb7_A_B,False,89,1280
train,pdb_00008vgh_J_I,pdb_00008ywe_B2_B1,False,199,1280
train,pdb_00008vgh_F_E,pdb_00006vmk_l_k,False,228,1280
train,pdb_00008vgh_H_G,pdb_00006w0f_A_B,False,103,1280
train,pdb_00006vvu_G_I,pdb_00009m2f_S1_S2,False,341,1280
train,pdb_00006vvu_J_K,pdb_00009n4f_O_P,False,164,1280
train,pdb_00008vgh_K_L,pdb_00008jkf_H_L,False,355,1280
train,pdb_00006vgr_H_L,pdb_00006ii4_E_F,False,316,1280
train,pdb_00006vgr_C_D,pdb_00006k5a_C_D,False,881,1280
train,pdb_00007f7h_A_B,pdb_00008x2k_E1_E2,False,339,1280
train,pdb_00007dpm_G_H,pdb_00007vig_E1_E2,False,338,1280
train,pdb_00007dpm_D_E,pdb_00009bt5_C_D,False,217,1280
train,pdb_00007dpm_A_B,pdb_00004fg6_C_D,False,444,1280
train,pdb_00007dpm_J_K,pdb_00002htl_C_D,False,886,1280
train,pdb_00007bpk_H_L,pdb_00001xgq_B_A,False,129,1280
train,pdb_00007bpk_C_D,pdb_00007f15_B1_B2,False,183,1280
train,pdb_00007dk0_A_B,pdb_00007lf7_A_B,False,78,1280
train,pdb_00006ywc_A_B,pdb_00007sqo_E1_E2,False,338,1280
train,pdb_00006ywc_D_E,pdb_00008w0y_A_B,False,242,1280
train,pdb_00006wtu_E_F,pdb_00008ijb_S1_S2,False,337,1280
train,pdb_00006wtu_K_L,pdb_00009ue0_A_B,False,169,1280
train,pdb_00006wtu_B_C,pdb_00008j6d_H1_H2,False,337,1280
train,pdb_00006wtu_H_I,pdb_00008iz4_E1_E2,False,342,1280
train,pdb_00007cjf_A_B,pdb_00009mkn_H_L,False,370,1280
train,pdb_00007zf8_H_L,pdb_00009jid_S1_S2,False,337,1280
train,pdb_00007zf9_A_B,pdb_00007lop_X_Y,False,194,1280
train,pdb_00007zf9_H_L,pdb_00009j4c_H_L,False,655,1280
train,pdb_00006wm9_B_C,pdb_00003rif_F_N,False,680,1280
train,pdb_00006wm9_E_F,pdb_00002jix_F_A,False,214,1280
train,pdb_00006wty_H_I,pdb_00008bg4_C1_C2,False,194,1280
train,pdb_00007qnx_A_B,pdb_00007s0x_H_L,False,61,1280
train,pdb_00007s0x_H_L,pdb_00008i0n_H_L,False,362,1280
train,pdb_00007s0x_C_D,pdb_00009mtl_M_N,False,169,1280
train,pdb_00007rxi_H_L,pdb_00007xmt_S1_S2,False,311,1280
train,pdb_00007s0b_A_B,pdb_00009iz9_Q_R,False,419,1280
train,pdb_00007s0b_C_D,pdb_00001otu_E_F,False,886,1280
train,pdb_00009osx_B_C,pdb_00008jkf_h_l,False,355,1280
train,pdb_00007rxj_A_B,pdb_00007k5x_M2_M1,False,205,1280
train,pdb_00007rxj_H_L,pdb_00009kve_A_B,False,194,1280
train,pdb_00007mjl_H_L,pdb_00009h4s_X_Y,False,102,1280
train,pdb_00007n0u_H_L,pdb_00007uk9_E_F,False,453,1280
train,pdb_00007mxl_A_B,pdb_00009mqd_H_L,False,315,1280
train,pdb_00007mxl_J_K,pdb_00008jln_S1_S2,False,338,1280
train,pdb_00007mxl_H_L,pdb_00007l5j_Y_X,False,305,1280
train,pdb_00007t0w_H_L,pdb_00006t9e_AAA_BBB,False,192,1280
train,pdb_00007t0w_O_P,pdb_00008dwg_E1_E2,False,338,1280
train,pdb_00007tpj_H_L,pdb_00006n5e_H_I,False,277,1280
train,pdb_00007rk1_C1_C2,pdb_00009ban_E_F,False,102,1280
train,pdb_00007rk1_D1_D2,pdb_00008as2_H_L,False,352,1280
train,pdb_00007kfv_C_D,pdb_00007yfd_C1_C2,False,342,1280
train,pdb_00007kfv_F_G,pdb_00002ybr_D_E,False,65,1280
train,pdb_00007kfv_H_L,pdb_00009nz5_F_E,False,192,1280
train,pdb_00007pa7_nnn2_nnn1,pdb_00007t3d_H_L,False,488,1280
train,pdb_00007pa7_ooo2_ooo1,pdb_00002vwe_E_C,False,195,1280
train,pdb_00007pa7_eee2_eee1,pdb_00006xox_E1_E2,False,339,1280
train,pdb_00007pa7_ddd2_ddd1,pdb_00008tp5_J_K,False,322,1280
train,pdb_00007mdj_A_B,pdb_00008v5v_c_e,False,444,1280
train,pdb_00007jx3_C_D,pdb_00007zfb_J_K,False,195,1280
train,pdb_00007jx3_H_L,pdb_00008jkh_h_l,False,352,1280
train,pdb_00007sk8_D_C,pdb_00008bcz_C_D,False,194,1280
train,pdb_00007sk4_D_C,pdb_00008vgm_H_L,False,543,1280
train,pdb_00007sk7_D_C,pdb_00005yoy_I_F,False,154,1280
train,pdb_00007sd5_H_L,pdb_00006ba5_F_E,False,80,1280
train,pdb_00007ttx_H_L,pdb_00007u0i_N1_N2,False,204,1280
train,pdb_00007ttm_H_L,pdb_00008jkf_m_n,False,354,1280
train,pdb_00007si0_C_D,pdb_00008g59_S1_S2,False,335,1280
train,pdb_00007t0z_H_L,pdb_00006wtv_H_I,False,295,1280
train,pdb_00007jmw_H_L,pdb_00007yru_H_L,False,78,1280
train,pdb_00007lq7_y_z,pdb_00009ima_C_D,False,249,1280
train,pdb_00007lq7_P_Q,pdb_00008uzp_H_L,False,143,1280
train,pdb_00007lq7_T_U,pdb_00007ch5_H_L,False,183,1280
train,pdb_00007m71_H_L,pdb_00008tx3_E_J,False,499,1280
train,pdb_00007n4j_H_L,pdb_00003o2d_H_L,False,178,1280
train,pdb_00007m7w_H_L,pdb_00008ubk_N2_N1,False,202,1280
train,pdb_00007m7w_A_B,pdb_00007cvt_C_D,False,889,1280
train,pdb_00007qny_A_B,pdb_00001p2c_B_A,False,129,1280
train,pdb_00007mzn_H_L,pdb_00007ykj_A_D,False,198,1280
train,pdb_00007ubs_H1_H2,pdb_00005umi_H_L,False,245,1280
train,pdb_00007ubs_J1_J2,pdb_00009ouq_J_K,False,212,1280
train,pdb_00007ubs_I1_I2,pdb_00004dkf_H_L,False,161,1280
train,pdb_00007ubs_K1_K2,pdb_00009dn2_I_M,False,501,1280
train,pdb_00007rxl_C_D,pdb_00004ffw_D_C,False,729,1280
train,pdb_00007rxl_H_L,pdb_00008vgk_H_G,False,243,1280
train,pdb_00007jmo_H_L,pdb_00003t3m_H_L,False,454,1280
train,pdb_00007klh_H_L,pdb_00004xnm_B_A,False,210,1280
train,pdb_00007klh_I_M,pdb_00009og1_B_C,False,346,1280
train,pdb_00007kyo_H_L,pdb_00008xxz_S1_S2,False,336,1280
train,pdb_00007pqy_B_C,pdb_00009iv6_S1_S2,False,334,1280
train,pdb_00007klg_H_L,pdb_00003b2u_N_O,False,195,1280
train,pdb_00007klg_I_M,pdb_00006n5d_E_F,False,282,1280
train,pdb_00007m3i_A_B,pdb_00006aru_C_B,False,609,1280
train,pdb_00007m3i_H_L,pdb_00005bo1_H_L,False,150,1280
train,pdb_00007sbd_H_L,pdb_00007klg_I_M,False,195,1280
train,pdb_00007kn3_M_N,pdb_00009pq0_E1_E2,False,335,1280
train,pdb_00007mem_G_J,pdb_00007y6l_H_L,False,194,1280
train,pdb_00007t3d_C_D,pdb_00009exa_F_E,False,377,1280
train,pdb_00007t3d_J_M,pdb_00008as0_N_M,False,117,1280
train,pdb_00007mem_H_L,pdb_00006zlr_FFF_GGG,False,196,1280
train,pdb_00007t3d_K_N,pdb_00008k9k_H1_H2,False,339,1280
train,pdb_00007mem_I_K,pdb_00008zh7_B_C,False,371,1280
train,pdb_00007kmg_D_E,pdb_00008ubj_M2_M1,False,205,1280
train,pdb_00007kmg_A_B,pdb_00007f9z_E1_E2,False,338,1280
train,pdb_00007srs_H_L,pdb_00007ew3_S1_S2,False,340,1280
train,pdb_00007t6s_E1_E2,pdb_00009fys_B_C,False,147,1280
train,pdb_00007kmh_A_B,pdb_00006x3t_J_I,False,338,1280
train,pdb_00007s7i_J_N,pdb_00007ws7_G_F,False,205,1280
train,pdb_00007t01_H_L,pdb_00003det_E_F,False,886,1280
train,pdb_00007l0l_H_L,pdb_00007vgz_F1_F2,False,338,1280
train,pdb_00007l0l_I_K,pdb_00009mqd_J_N,False,316,1280
train,pdb_00007l0l_G_J,pdb_00009cpp_H_L,False,194,1280
train,pdb_00007rk2_D1_D2,pdb_00004xhj_H_G,False,130,1280
train,pdb_00007rk2_C1_C2,pdb_00002boc_A_B,False,103,1280
train,pdb_00007k9i_H_L,pdb_00007yac_S1_S2,False,340,1280
train,pdb_00007sco_E_F,pdb_00006xkr_H_L,False,113,1280
train,pdb_00007sco_H_L,pdb_00008gur_S1_S2,False,339,1280
train,pdb_00007sco_J_K,pdb_00008id4_S1_S2,False,339,1280
train,pdb_00007t82_H_L,pdb_00007d77_S1_S2,False,338,1280
train,pdb_00007t82_D_C,pdb_00008k9l_H1_H2,False,339,1280
train,pdb_00007mzk_F_E,pdb_00008k2x_S1_S2,False,336,1280
train,pdb_00007mzk_C_D,pdb_00003bsz_N_M,False,174,1280
train,pdb_00007mzj_F_E,pdb_00007w2z_S1_S2,False,338,1280
train,pdb_00007mzj_H_L,pdb_00008dwx_Z_Y,False,414,1280
train,pdb_00007mzj_N_M,pdb_00009kve_D_F,False,194,1280
train,pdb_00007jum_J1_J2,pdb_00009p1m_F_E,False,523,1280
train,pdb_00007ua2_B1_B2,pdb_00009rip_H_L,False,541,1280
train,pdb_00007jum_H1_H2,pdb_00007scn_H_L,False,490,1280
train,pdb_00009n8j_H_I,pdb_00009pxv_E1_E2,False,335,1280
train,pdb_00007u9e_B1_B2,pdb_00003eo1_E_D,False,225,1280
train,pdb_00007jum_I1_I2,pdb_00007lq7_H_L,False,195,1280
train,pdb_00007ucq_J1_J2,pdb_00007x6o_I_K,False,165,1280
train,pdb_00007ucq_I1_I2,pdb_00009iz9_O_P,False,419,1280
train,pdb_00007ucq_K1_K2,pdb_00003mj9_H_L,False,229,1280
train,pdb_00007ucq_H1_H2,pdb_00008s72_H_L,False,129,1280
train,pdb_00007q6c_H_L,pdb_00002ht4_C_D,False,886,1280
train,pdb_00007mkm_H_L,pdb_00003g6d_H_L,False,106,1280
train,pdb_00007ul1_H_L,pdb_00008t3s_N1_N2,False,573,1280
train,pdb_00007kfx_H_L,pdb_00008xa4_C_D,False,165,1280
train,pdb_00007tbf_H_L,pdb_00009cpu_H_L,False,196,1280
train,pdb_00007m6d_H_L,pdb_00008as0_W_V,False,117,1280
train,pdb_00007m42_B_A,pdb_00005gs0_F_E,False,663,1280
train,pdb_00007m42_D_C,pdb_00009e21_H_L,False,201,1280
train,pdb_00007rr0_B_C,pdb_00008y71_E1_E2,False,338,1280
train,pdb_00007m7b_H_L,pdb_00007qvm_S1_S2,False,338,1280
train,pdb_00007kzb_H_L,pdb_00008ut2_L_K,False,827,1280
train,pdb_00007kh0_S1_S2,pdb_00009oea_H_L,False,281,1280
train,pdb_00008x2k_E1_E2,pdb_00009jks_S1_S2,False,337,1280
train,pdb_00007quh_H_L,pdb_00008dwy_Z_Y,False,414,1280
train,pdb_00007lf7_A_B,pdb_00002vdp_H_L,False,452,1280
train,pdb_00008fdo_A_B,pdb_00008ejc_E1_E2,False,572,1280
train,pdb_00007tbf_D_E,pdb_00004f3f_B_A,False,59,1280
train,pdb_00007pry_H_L,pdb_00008fdo_A_B,False,109,1280
train,pdb_00007pry_C_D,pdb_00006ww5_C_D,False,445,1280
train,pdb_00008we4_H_L,pdb_00008jso_S1_S2,False,338,1280
train,pdb_00008hws_D_E,pdb_00008k5g_H_L,False,201,1280
train,pdb_00007lop_H_L,pdb_00008cz5_H_L,False,333,1280
train,pdb_00007lop_X_Y,pdb_00008tx3_H_L,False,499,1280
train,pdb_00007ua2_H1_H2,pdb_00007wv9_S1_S2,False,338,1280
train,pdb_00007upb_C_F,pdb_00008zfz_D1_D2,False,337,1280
train,pdb_00007upb_B_E,pdb_00007xh8_B_C,False,177,1280
train,pdb_00007m3l_B_C,pdb_00005kov_U1_U2,False,216,1280
train,pdb_00007tzh_A1_A2,pdb_00002wuc_H_L,False,239,1280
train,pdb_00009yyu_I_M,pdb_00005wko_I_J,False,498,1280
train,pdb_00009yyu_J_N,pdb_00003rhw_I_O,False,681,1280
train,pdb_00009yyu_H_L,pdb_00008y01_S1_S2,False,339,1280
train,pdb_00007scn_H_L,pdb_00008w5r_H_L,False,132,1280
train,pdb_00007scn_E_F,pdb_00008vve_E1_E2,False,395,1280
train,pdb_00007scn_J_K,pdb_00007ley_H_I,False,317,1280
train,pdb_00007n0a_B_A,pdb_00009f34_E1_E2,False,337,1280
train,pdb_00007x1m_H_L,pdb_00007pry_A_B,False,193,1280
train,pdb_00007tn0_H_G,pdb_00007xeg_C_D,False,196,1280
train,pdb_00007xcp_H_L,pdb_00008bg5_A1_A2,False,194,1280
train,pdb_00007mzh_H_L,pdb_00007x63_H_L,False,194,1280
train,pdb_00007mzh_B_C,pdb_00009hhr_F_E,False,426,1280
train,pdb_00007mmo_A_B,pdb_00002r9h_E_F,False,886,1280
train,pdb_00007sts_A_B,pdb_00007cgw_H_L,False,114,1280
train,pdb_00007k8m_A_B,pdb_00008gv6_I_J,False,810,1280
train,pdb_00007ua8_I1_I2,pdb_00009e3l_G_H,False,206,1280
train,pdb_00007ua8_H1_H2,pdb_00004n90_F_G,False,106,1280
train,pdb_00007unb_H_L,pdb_00006kyz_B_C,False,180,1280
train,pdb_00007t7b_H_L,pdb_00009oxa_D1_D2,False,335,1280
train,pdb_00007rxp_H_L,pdb_00009e3h_J_K,False,222,1280
train,pdb_00007t3d_P_R,pdb_00009e3h_H_L,False,295,1280
train,pdb_00007t3d_H_L,pdb_00008dwx_H_L,False,414,1280
train,pdb_00007t3d_O_Q,pdb_00007y3o_H_L,False,194,1280
train,pdb_00007jwg_A_B,pdb_00007m7w_H_L,False,198,1280
train,pdb_00007tp3_H_L,pdb_00005dhx_B2_B1,False,61,1280
train,pdb_00007uij_H_L,pdb_00008jkf_M_N,False,354,1280
train,pdb_00007uij_A_B,pdb_00009npg_A_B,False,143,1280
train,pdb_00007rku_G_I,pdb_00008yub_D_E,False,197,1280
train,pdb_00007rku_J_K,pdb_00005xhv_P_Q,False,283,1280
train,pdb_00007lq7_F_G,pdb_00006oc3_C_D,False,212,1280
train,pdb_00007lq7_C_D,pdb_00007m3l_B_C,False,548,1280
train,pdb_00007lq7_H_L,pdb_00008ulj_H_L,False,408,1280
train,pdb_00007kq7_H_L,pdb_00009m8k_N1_N2,False,578,1280
train,pdb_00007keo_E_F,pdb_00009lsi_D1_C2,False,665,1280
train,pdb_00007l7e_O_P,pdb_00007ua2_B1_B2,False,174,1280
train,pdb_00008suo_I_M,pdb_00007na7_N1_N2,False,336,1280
train,pdb_00007l7e_C_D,pdb_00009lre_E1_E2,False,338,1280
train,pdb_00007l7e_M_N,pdb_00009vft_F_E,False,533,1280
train,pdb_00007l7e_E_F,pdb_00007x3c_F_E,False,252,1280
train,pdb_00007k9z_H_L,pdb_00008ihi_S1_S2,False,339,1280
train,pdb_00007k9z_B_A,pdb_00009n4e_O_R,False,316,1280
train,pdb_00007u9w_H1_H2,pdb_00007vgx_S1_S2,False,338,1280
train,pdb_00007t4q_F_G,pdb_00002h2s_C_D,False,886,1280
train,pdb_00007kf0_H_L,pdb_00006w41_H_L,False,195,1280
train,pdb_00007ley_H_I,pdb_00007trk_H1_H2,False,338,1280
train,pdb_00007ley_G_F,pdb_00008e8r_H_L,False,498,1280
train,pdb_00007ley_D_E,pdb_00007trp_H1_H2,False,339,1280
train,pdb_00007kfy_H_L,pdb_00006z3p_H_L,False,242,1280
train,pdb_00008dce_H1_H2,pdb_00005u6a_B_A,False,54,1280
train,pdb_00007rco_D_C,pdb_00008tbq_A_B,False,152,1280
train,pdb_00007rco_F_E,pdb_00008kfy_S1_S2,False,338,1280
train,pdb_00007t87_H_L,pdb_00009azv_H_L,False,213,1280
train,pdb_00007qf1_C_B,pdb_00007klh_I_M,False,195,1280
train,pdb_00008cdd_E_D,pdb_00007scn_J_K,False,490,1280
train,pdb_00007rks_H_L,pdb_00009mtm_H_L,False,169,1280
train,pdb_00007rks_I_M,pdb_00007rco_F_E,False,112,1280
train,pdb_00007kqh_C_D,pdb_00007t94_E1_E2,False,338,1280
train,pdb_00007lfa_H_L,pdb_00005anm_B_A,False,211,1280
train,pdb_00007lfa_B_D,pdb_00007ean_H_L,False,195,1280
train,pdb_00007m7w_C_D,pdb_00009mic_H_L,False,169,1280
train,pdb_00007m7w_E_F,pdb_00009n5z_A_B,False,324,1280
train,pdb_00007u9e_H1_H2,pdb_00001orq_B_A,False,223,1280
train,pdb_00007s11_H_L,pdb_00007fcp_H_L,False,185,1280
train,pdb_00007s11_I_M,pdb_00002exy_C_D,False,886,1280
train,pdb_00007kfw_C_D,pdb_00009wai_E_F,False,539,1280
train,pdb_00007kfw_H_L,pdb_00007ycn_H_I,False,194,1280
train,pdb_00007kfw_F_G,pdb_00009ebc_K_L,False,317,1280
train,pdb_00007r8u_HHH_LLL,pdb_00008hrd_N_Q,False,195,1280
train,pdb_00007uvs_D_E,pdb_00008jel_F_G,False,107,1280
train,pdb_00007uvs_A_B,pdb_00006vja_I_M,False,331,1280
train,pdb_00007wk0_D_E,pdb_00008ef5_E1_E2,False,336,1280
train,pdb_00007wk0_A_B,pdb_00008ykd_S1_S2,False,337,1280
train,pdb_00007yvl_A_C,pdb_00002x7l_H_L,False,57,1280
train,pdb_00007xcz_D_E,pdb_00007ubs_J1_J2,False,145,1280
train,pdb_00007xda_B_C,pdb_00007y15_S1_S2,False,338,1280
train,pdb_00007xcz_B_C,pdb_00009hh9_G_F,False,426,1280
train,pdb_00007uzd_H_L,pdb_00006vgr_H_L,False,701,1280
train,pdb_00007yh6_H_L,pdb_00006ivz_H_L,False,391,1280
train,pdb_00007xat_E1_E2,pdb_00008jgg_S1_S2,False,394,1280
train,pdb_00007xav_E1_E2,pdb_00008vfx_N2_N1,False,205,1280
train,pdb_00007xau_E1_E2,pdb_00008smi_H_L,False,197,1280
train,pdb_00007uxl_A_B,pdb_00006cyf_M_L,False,127,1280
train,pdb_00007woc_A_B,pdb_00009ma0_B_C,False,414,1280
train,pdb_00007x3c_H_L,pdb_00007zmk_P_Q,False,219,1280
train,pdb_00007x2w_H_L,pdb_00008w83_A_B,False,179,1280
train,pdb_00007zwi_B_C,pdb_00008ij3_S1_S2,False,337,1280
train,pdb_00007zwi_E_F,pdb_00007xik_H_L,False,195,1280
train,pdb_00007uzc_E_F,pdb_00003vrl_E_F,False,73,1280
train,pdb_00008bcz_H_L,pdb_00002qr0_R_Q,False,193,1280
train,pdb_00008bcz_A_B,pdb_00006zlr_BBB_CCC,False,196,1280
train,pdb_00008bbo_H_L,pdb_00006jep_K_I,False,101,1280
train,pdb_00007vad_H_L,pdb_00009lbw_H_L,False,286,1280
train,pdb_00007vag_H_L,pdb_00005w3e_E_G,False,767,1280
train,pdb_00007vaf_H_L,pdb_00009irs_H_L,False,287,1280
train,pdb_00007wsi_H_L,pdb_00009mth_M_N,False,171,1280
train,pdb_00007wed_H_L,pdb_00007ew4_S1_S2,False,340,1280
train,pdb_00008y71_E1_E2,pdb_00007s11_H_L,False,113,1280
train,pdb_00008y72_E1_E2,pdb_00007xj9_I_H,False,388,1280
train,pdb_00008f7r_E1_E2,pdb_00007tmz_E_F,False,453,1280
train,pdb_00008y73_E1_E2,pdb_00002h9g_B_A,False,108,1280
train,pdb_00007yj4_S1_S2,pdb_00005hbt_D_C,False,212,1280
train,pdb_00009kfi_S1_S2,pdb_00007ttx_H_L,False,195,1280
train,pdb_00008efl_E1_E2,pdb_00008wu1_H_L,False,358,1280
train,pdb_00008f7x_E1_E2,pdb_00008hn7_B_A,False,195,1280
train,pdb_00008efb_E1_E2,pdb_00008wpu_E1_E2,False,341,1280
train,pdb_00008ef6_E1_E2,pdb_00009rii_H_L,False,488,1280
train,pdb_00008xxu_E1_E2,pdb_00008xqp_S1_S2,False,338,1280
train,pdb_00009kfk_S1_S2,pdb_00008iw1_S1_S2,False,333,1280
train,pdb_00008ef5_E1_E2,pdb_00007zf9_H_L,False,195,1280
train,pdb_00007yk6_S1_S2,pdb_00008gpu_C_D,False,392,1280
train,pdb_00009iyb_E1_E2,pdb_00006xq4_E_F,False,212,1280
train,pdb_00008f7w_E1_E2,pdb_00003p0y_H_L,False,194,1280
train,pdb_00007yk7_S1_S2,pdb_00001ua6_H_L,False,129,1280
train,pdb_00008efo_E1_E2,pdb_00003qum_K_M,False,237,1280
train,pdb_00008f7q_E1_E2,pdb_00006a4k_I_M,False,221,1280
train,pdb_00007w71_I_M,pdb_00008evi_M1_M2,False,203,1280
train,pdb_00007w71_H_L,pdb_00006ywc_D_E,False,58,1280
train,pdb_00007x63_H_L,pdb_00009od3_H_L,False,541,1280
train,pdb_00007x66_H_L,pdb_00008xos_E1_E2,False,336,1280
train,pdb_00008bg5_A1_A2,pdb_00006wds_H_L,False,484,1280
train,pdb_00008bg5_C1_C2,pdb_00007klh_H_L,False,200,1280
train,pdb_00007wqv_F1_F2,pdb_00007ul1_H_L,False,196,1280
train,pdb_00007wqv_L1_L2,pdb_00007xk2_S1_S2,False,338,1280
train,pdb_00007wqv_P1_P2,pdb_00002vdq_H_L,False,452,1280
train,pdb_00007wqv_N1_N2,pdb_00007m71_H_L,False,419,1280
train,pdb_00007xj9_I_H,pdb_00009lsj_E1_D2,False,665,1280
train,pdb_00007wwk_G_F,pdb_00008f2j_H_L,False,198,1280
train,pdb_00007wwk_I_H,pdb_00008uzp_A_B,False,144,1280
train,pdb_00007xj9_G_F,pdb_00007ycn_C_D,False,194,1280
train,pdb_00008f6o_A_B,pdb_00009h4r_H_L,False,96,1280
train,pdb_00007wh8_B_A,pdb_00009drx_K_L,False,338,1280
train,pdb_00008erq_H_L,pdb_00009oxb_D1_D2,False,389,1280
train,pdb_00007wro_H_L,pdb_00008v5v_f_g,False,444,1280
train,pdb_00007xms_S1_S2,pdb_00006wtv_K_L,False,296,1280
train,pdb_00007xmt_S1_S2,pdb_00008ykw_E1_E2,False,337,1280
train,pdb_00007x3d_H_L,pdb_00005w3o_D_E,False,229,1280
train,pdb_00007x3e_H_L,pdb_00009cfh_H_L,False,194,1280
train,pdb_00007xda_D_E,pdb_00009nz4_D_C,False,385,1280
train,pdb_00007wvl_H_L,pdb_00007e9g_D1_D2,False,311,1280
train,pdb_00007zoz_H_L,pdb_00006dfj_H_L,False,99,1280
train,pdb_00009oun_H_L,pdb_00005ugy_J_N,False,323,1280
train,pdb_00009oup_H_L,pdb_00007wq3_S1_S2,False,339,1280
train,pdb_00009oum_H_L,pdb_00005dhx_L2_L1,False,61,1280
train,pdb_00009ov4_J_K,pdb_00009e3l_K_L,False,112,1280
train,pdb_00009ouo_H_L,pdb_00008smt_A_B,False,199,1280
train,pdb_00009our_J_K,pdb_00007l1u_H1_H2,False,339,1280
train,pdb_00009ov4_H_L,pdb_00007wrv_U_V,False,199,1280
train,pdb_00009ouo_J_K,pdb_00004ttd_C_D,False,127,1280
train,pdb_00009oun_J_K,pdb_00005dur_B_D,False,218,1280
train,pdb_00009our_H_L,pdb_00007k63_M2_M1,False,205,1280
train,pdb_00009ouq_J_K,pdb_00006bpa_B_C,False,297,1280
train,pdb_00009ouq_H_L,pdb_00008ee8_D_C,False,402,1280
train,pdb_00008dww_Z_Y,pdb_00007t6b_E1_E2,False,339,1280
train,pdb_00008dww_H_L,pdb_00006plk_H_L,False,103,1280
train,pdb_00008dww_V_U,pdb_00009mtk_I_J,False,169,1280
train,pdb_00008dww_X_W,pdb_00008a96_K_J,False,205,1280
train,pdb_00008bg1_J_K,pdb_00007t96_E1_E2,False,338,1280
train,pdb_00008bg1_G_H,pdb_00006adb_E_F,False,442,1280
train,pdb_00007yvf_C_A,pdb_00005yoy_G_D,False,154,1280
train,pdb_00007wur_G_H,pdb_00009cpw_H_L,False,195,1280
train,pdb_00007wur_E_F,pdb_00009nz3_F_E,False,373,1280
train,pdb_00007wvd_I_J,pdb_00001bvk_B_A,False,129,1280
train,pdb_00007wvd_G_H,pdb_00008ef6_E1_E2,False,335,1280
train,pdb_00008e2u_H_L,pdb_00009jmd_E1_E2,False,338,1280
train,pdb_00008ebp_H_L,pdb_00008vtd_B_A,False,104,1280
train,pdb_00008ebp_I_M,pdb_00008yky_S1_S2,False,395,1280
train,pdb_00008ezl_H1_H2,pdb_00009v0x_E1_E2,False,336,1280
train,pdb_00007x2o_H_L,pdb_00009wp9_C1_C2,False,337,1280
train,pdb_00007x2i_H_L,pdb_00007yon_S1_S2,False,336,1280
train,pdb_00007vyt_B_C,pdb_00007zfb_H_L,False,195,1280
train,pdb_00008gsd_H_L,pdb_00005kov_K1_K2,False,216,1280
train,pdb_00008gsc_H_L,pdb_00009npg_D_E,False,142,1280
train,pdb_00008cbf_H_L,pdb_00007zwi_B_C,False,137,1280
train,pdb_00007yrh_F_E,pdb_00003nid_E_F,False,453,1280
train,pdb_00008e8l_H_L,pdb_00008dzp_E1_E2,False,339,1280
train,pdb_00008e8r_H_L,pdb_00009iw2_H_L,False,338,1280
train,pdb_00008e8s_H_L,pdb_00009erx_F1_F2,False,339,1280
train,pdb_00008gy5_H_L,pdb_00007bwj_H_L,False,194,1280
train,pdb_00007y3n_C_D,pdb_00006uyn_H_L,False,494,1280
train,pdb_00007y3n_H_L,pdb_00008dzr_E1_E2,False,338,1280
train,pdb_00007y3o_H_L,pdb_00009d4z_E1_E2,False,303,1280
train,pdb_00008h7z_F_I,pdb_00007trq_H1_H2,False,339,1280
train,pdb_00007z0y_H_L,pdb_00002bob_A_B,False,103,1280
train,pdb_00008gv6_G_H,pdb_00007l8p_E_F,False,453,1280
train,pdb_00008gv6_I_J,pdb_00007u9w_H1_H2,False,171,1280
train,pdb_00008gb5_I_H,pdb_00002dqd_H_L,False,129,1280
train,pdb_00007wrv_U_V,pdb_00006mlm_E_I,False,623,1280
train,pdb_00008a96_K_J,pdb_00008w83_M_N,False,178,1280
train,pdb_00008wpw_H_L,pdb_00001eo8_H_L,False,319,1280
train,pdb_00008wpy_H_L,pdb_00008s72_X_Y,False,129,1280
train,pdb_00008ykx_E1_E2,pdb_00005wk3_S_R,False,63,1280
train,pdb_00009ije_D1_D2,pdb_00009js7_J_M,False,504,1280
train,pdb_00008ykw_E1_E2,pdb_00007l7e_C_D,False,194,1280
train,pdb_00009x20_E1_E2,pdb_00006vmk_o_n,False,228,1280
train,pdb_00009ijd_D1_D2,pdb_00008kep_H_L,False,196,1280
train,pdb_00008k4n_E1_E2,pdb_00008hs3_S1_S2,False,338,1280
train,pdb_00007y24_S1_S2,pdb_00009f91_E_F,False,70,1280
train,pdb_00008i5h_B_C,pdb_00009nz4_F_E,False,385,1280
train,pdb_00008i5h_H_L,pdb_00007z0y_H_L,False,202,1280
train,pdb_00008i5h_E_F,pdb_00008cwv_H_L,False,197,1280
train,pdb_00007wnb_H_L,pdb_00009bao_G_H,False,205,1280
train,pdb_00007ws7_G_F,pdb_00004lmq_E_I,False,58,1280
train,pdb_00007ws2_E_D,pdb_00009ci8_D_C,False,124,1280
train,pdb_00008cz8_C2_C1,pdb_00003d9a_H_L,False,129,1280
train,pdb_00008cz8_A2_A1,pdb_00006xpz_E_F,False,269,1280
train,pdb_00008dv6_C_L,pdb_00002bdn_H_L,False,68,1280
train,pdb_00008dv6_H_D,pdb_00008i0n_I_M,False,362,1280
train,pdb_00007ycl_A_B,pdb_00009kz2_H1_H2,False,336,1280
train,pdb_00007wcr_a_b,pdb_00008jii_S1_S2,False,340,1280
train,pdb_00007xwo_E1_E2,pdb_00001uac_H_L,False,129,1280
train,pdb_00008xos_E1_E2,pdb_00009ml8_H_L,False,196,1280
train,pdb_00008jbg_E1_E2,pdb_00001p2c_E_D,False,129,1280
train,pdb_00008jbh_E1_E2,pdb_00008y3k_G_H,False,495,1280
train,pdb_00008xor_E1_E2,pdb_00009mtm_I_J,False,169,1280
train,pdb_00008zbe_E1_E2,pdb_00006wtu_B_C,False,301,1280
train,pdb_00008jbf_E1_E2,pdb_00008kfz_S1_S2,False,338,1280
train,pdb_00009v2n_S1_S2,pdb_00001n5y_H_L,False,429,1280
train,pdb_00007x6o_J_L,pdb_00008ubl_M2_M1,False,205,1280
train,pdb_00007x6o_C_D,pdb_00001iqd_B_A,False,156,1280
train,pdb_00007x6o_I_K,pdb_00007cmv_E1_E2,False,337,1280
train,pdb_00009n8j_B_C,pdb_00007xav_E1_E2,False,342,1280
train,pdb_00007uvq_D_E,pdb_00008y3i_I_J,False,991,1280
train,pdb_00007uvq_C_B,pdb_00006wzm_A_B,False,64,1280
train,pdb_00008dwo_H_L,pdb_00007bbj_M_N,False,524,1280
train,pdb_00008dwo_U_V,pdb_00008hn8_S1_S2,False,338,1280
train,pdb_00008dwo_S_T,pdb_00002x7l_E_F,False,57,1280
train,pdb_00007wbz_H_L,pdb_00007kmh_A_B,False,195,1280
train,pdb_00008dwx_H_L,pdb_00006mto_H_L,False,157,1280
train,pdb_00008dwx_X_W,pdb_00006vmk_f_e,False,228,1280
train,pdb_00008dwx_V_U,pdb_00006cyf_U_T,False,127,1280
train,pdb_00008dwx_Z_Y,pdb_00005aaw_D1_D2,False,96,1280
train,pdb_00007yvm_C_A,pdb_00006wzm_C_D,False,65,1280
train,pdb_00008eoo_F_K,pdb_00007rxj_H_L,False,61,1280
train,pdb_00008eoo_H_L,pdb_00009hub_I_M,False,74,1280
train,pdb_00007yck_E_F,pdb_00009mth_I_J,False,493,1280
train,pdb_00007yck_C_D,pdb_00004zff_A_B,False,196,1280
train,pdb_00008gpu_H_L,pdb_00006xm2_D_C,False,112,1280
train,pdb_00008gpu_C_D,pdb_00009n4e_Q_P,False,316,1280
train,pdb_00008gpu_F_G,pdb_00007wvd_I_J,False,810,1280
train,pdb_00007yds_B_C,pdb_00008yna_E1_E2,False,342,1280
train,pdb_00008eeu_H_L,pdb_00009buy_E1_E2,False,336,1280
train,pdb_00007zlg_H_L,pdb_00007kq7_H_L,False,208,1280
train,pdb_00007xik_H_L,pdb_00007uvs_A_B,False,180,1280
train,pdb_00007wph_E_D,pdb_00007yck_C_D,False,198,1280
train,pdb_00007wph_H_L,pdb_00008rmy_B_C,False,462,1280
train,pdb_00007x93_E_F,pdb_00009oun_J_K,False,212,1280
train,pdb_00008f6l_A_B,pdb_00009j31_D1_D2,False,341,1280
train,pdb_00008dnn_B_C,pdb_00007f0x_B1_B2,False,183,1280
train,pdb_00008dnn_E_F,pdb_00008u44_U_W,False,819,1280
train,pdb_00008el2_H_L,pdb_00007rks_I_M,False,187,1280
train,pdb_00008caf_D_C,pdb_00006txz_K_O,False,109,1280
train,pdb_00008caf_B_A,pdb_00009wsx_H_L,False,353,1280
train,pdb_00007xh8_B_C,pdb_00007sts_A_B,False,125,1280
train,pdb_00007yrf_F_E,pdb_00009jr2_S1_S2,False,337,1280
train,pdb_00007y7m_F_G,pdb_00007c01_C_D,False,195,1280
train,pdb_00008da1_B_A,pdb_00007vgs_F_E,False,393,1280
train,pdb_00008d9y_F_E,pdb_00002vdm_H_L,False,452,1280
train,pdb_00008d9y_H_G,pdb_00008cma_H_L,False,184,1280
train,pdb_00007xeg_E_F,pdb_00008gpu_H_L,False,392,1280
train,pdb_00007xeg_C_D,pdb_00006uig_H_L,False,269,1280
train,pdb_00007xei_E_F,pdb_00006vmk_V_U,False,228,1280
train,pdb_00007xei_C_D,pdb_00006ek2_I1_I2,False,89,1280
train,pdb_00008ee8_D_C,pdb_00008jen_C_D,False,106,1280
train,pdb_00008ee8_H_L,pdb_00007f4f_S1_S2,False,341,1280
train,pdb_00008edf_H_L,pdb_00008hq7_M_N,False,195,1280
train,pdb_00008vsj_H_L,pdb_00007kfv_H_L,False,195,1280
train,pdb_00008yn4_E1_E2,pdb_00006x3x_J_I,False,338,1280
train,pdb_00008yn6_E1_E2,pdb_00003u30_F_E,False,145,1280
train,pdb_00008wrb_E1_E2,pdb_00009lsi_C1_D2,False,431,1280
train,pdb_00008yn8_E1_E2,pdb_00008too_D_C,False,136,1280
train,pdb_00008g05_E1_E2,pdb_00004z7q_E_F,False,453,1280
train,pdb_00008wwj_E1_E2,pdb_00001ic7_H_L,False,129,1280
train,pdb_00008iz4_E1_E2,pdb_00009me6_I_M,False,158,1280
train,pdb_00008wwk_E1_E2,pdb_00005d1z_F_E,False,149,1280
train,pdb_00008yna_E1_E2,pdb_00007xxh_H1_H2,False,339,1280
train,pdb_00008xjo_E1_E2,pdb_00008wnp_B_A,False,705,1280
train,pdb_00008yn2_E1_E2,pdb_00007kfv_F_G,False,195,1280
train,pdb_00008wwl_E1_E2,pdb_00006wzl_C_D,False,63,1280
train,pdb_00008wwn_E1_E2,pdb_00008xqe_S1_S2,False,339,1280
train,pdb_00008yn9_E1_E2,pdb_00008p12_H_L,False,316,1280
train,pdb_00008wwh_E1_E2,pdb_00007chc_H_L,False,183,1280
train,pdb_00008wwi_E1_E2,pdb_00007evz_E1_E2,False,340,1280
train,pdb_00008wwm_E1_E2,pdb_00009ue8_A_B,False,169,1280
train,pdb_00008xjn_E1_E2,pdb_00009bao_E_F,False,205,1280
train,pdb_00008gs9_H_K,pdb_00002fjh_H_L,False,98,1280
train,pdb_00008fhy_H_L,pdb_00005h35_F_G,False,195,1280
train,pdb_00008bg3_C1_C2,pdb_00007xa3_E1_E2,False,339,1280
train,pdb_00008bg3_A1_A2,pdb_00009b82_N_M,False,193,1280
train,pdb_00008cii_A_B,pdb_00009b65_S1_S2,False,338,1280
train,pdb_00008cn9_L_K,pdb_00008sg1_E1_E2,False,336,1280
train,pdb_00008cn9_B_A,pdb_00006k5a_E_F,False,881,1280
train,pdb_00008cn9_G_F,pdb_00005t5f_H_L,False,226,1280
train,pdb_00008as2_H_L,pdb_00008oz3_H_L,False,136,1280
train,pdb_00008g5a_H_L,pdb_00005w08_Q_R,False,273,1280
train,pdb_00008g5a_J_N,pdb_00007lq7_F_G,False,195,1280
train,pdb_00008g5a_I_M,pdb_00008dwy_X_W,False,414,1280
train,pdb_00008g5b_I_M,pdb_00008jio_C_B,False,677,1280
train,pdb_00008g5b_H_L,pdb_00002ht3_C_D,False,886,1280
train,pdb_00007vyr_H_L,pdb_00009o36_E1_E2,False,336,1280
train,pdb_00007vyr_A_B,pdb_00008k6o_S1_S2,False,340,1280
train,pdb_00008ezk_I1_I2,pdb_00004kuc_F_E,False,259,1280
train,pdb_00008ezk_H1_H2,pdb_00008hrd_G_H,False,195,1280
train,pdb_00007xsc_D_H,pdb_00004f2m_C_D,False,148,1280
train,pdb_00007xsc_A_B,pdb_00009n7q_E_G,False,498,1280
train,pdb_00007y6l_H_L,pdb_00007vaf_H_L,False,297,1280
train,pdb_00008as0_T_S,pdb_00009n7q_D_F,False,498,1280
train,pdb_00008as0_N_M,pdb_00009hhr_L_H,False,426,1280
train,pdb_00008as0_W_V,pdb_00008vqy_K_L,False,338,1280
train,pdb_00008as0_E_D,pdb_00009l6c_H_L,False,194,1280
train,pdb_00008hgm_C_D,pdb_00003nh7_K_O,False,85,1280
train,pdb_00008f0h_H_L,pdb_00008j7e_A_B,False,105,1280
train,pdb_00007ycn_E_F,pdb_00007pa7_eee2_eee1,False,268,1280
train,pdb_00007ycn_C_D,pdb_00009h6u_H_L,False,195,1280
train,pdb_00007ycn_H_I,pdb_00008w86_A_B,False,181,1280
train,pdb_00007ycn_K_L,pdb_00007u9f_E_F,False,453,1280
train,pdb_00008dn7_A_B,pdb_00009cia_D_C,False,123,1280
train,pdb_00008bec_A1_A2,pdb_00006kpg_S1_S2,False,338,1280
train,pdb_00008bec_C1_C2,pdb_00005aam_A1_A2,False,95,1280
train,pdb_00007whz_B_D,pdb_00007eo4_E1_E2,False,339,1280
train,pdb_00007whz_C_E,pdb_00005aam_B1_B2,False,96,1280
train,pdb_00007whz_H_L,pdb_00009ctu_F_E,False,379,1280
train,pdb_00008gpy_E1_E2,pdb_00008wwk_E1_E2,False,342,1280
train,pdb_00007zfe_J_K,pdb_00009huo_C_D,False,71,1280
train,pdb_00007zfe_F_G,pdb_00007bsd_H_L,False,68,1280
train,pdb_000011ol_H_L,pdb_00007ucq_J1_J2,False,176,1280
train,pdb_00007zfe_M_N,pdb_00006ba5_B_A,False,81,1280
train,pdb_00008eed_H_L,pdb_00001fbi_Q_P,False,129,1280
train,pdb_00008eed_E_F,pdb_00009q7b_L_M,False,823,1280
train,pdb_00008eed_I_J,pdb_00007wig_S1_S2,False,339,1280
train,pdb_00008dxt_H_L,pdb_00002fee_I_L,False,886,1280
train,pdb_00008smt_D_F,pdb_00004f37_F_K,False,102,1280
train,pdb_00008f2j_A_B,pdb_00009xsx_B_C,False,234,1280
train,pdb_00008f2j_D_F,pdb_00005ugy_I_M,False,323,1280
train,pdb_00008smt_H_L,pdb_00009cpv_H_L,False,194,1280
train,pdb_00008f2j_H_L,pdb_00009uk2_E1_E2,False,335,1280
train,pdb_00008smt_I_J,pdb_00007tpj_H_L,False,403,1280
train,pdb_00008smt_A_B,pdb_00007k63_N2_N1,False,205,1280
train,pdb_00008f2j_I_J,pdb_00008y0n_S1_S2,False,336,1280
train,pdb_00008e8y_H_L,pdb_00009dru_H_L,False,506,1280
train,pdb_00008smi_H_L,pdb_00007x6o_J_L,False,165,1280
train,pdb_00007y0w_A_B,pdb_00009ivj_H_L,False,834,1280
train,pdb_00008f6x_F1_F2,pdb_00002yc1_A_B,False,65,1280
train,pdb_00008f6x_D1_D2,pdb_00008yh0_S1_S2,False,336,1280
train,pdb_00008f6x_E1_E2,pdb_00008i5h_E_F,False,194,1280
train,pdb_00008e8z_H_L,pdb_00009iqt_E1_E2,False,340,1280
train,pdb_00008cma_H_L,pdb_00004ffv_D_C,False,729,1280
train,pdb_00007yxu_H_L,pdb_00007sco_H_L,False,494,1280
train,pdb_00007ykj_A_D,pdb_00008efb_E1_E2,False,335,1280
train,pdb_00008dcm_A_B,pdb_00007dfa_H_L,False,363,1280
train,pdb_00009ctw_D_C,pdb_00008z39_H_L,False,151,1280
train,pdb_00007vgr_F_E,pdb_00009cq4_H_L,False,123,1280
train,pdb_00009ctw_F_E,pdb_00007wph_E_D,False,196,1280
train,pdb_00007vgr_D_C,pdb_00004xzu_E_F,False,154,1280
train,pdb_00008dn6_E_F,pdb_00007x3c_H_L,False,759,1280
train,pdb_00008dn6_C_D,pdb_00008dwy_H_L,False,414,1280
train,pdb_00007uvi_D_E,pdb_00008xxr_S1_S2,False,336,1280
train,pdb_00007uvi_A_B,pdb_00008vgk_F_E,False,243,1280
train,pdb_00007zmk_V_W,pdb_00008cxg_G_I,False,501,1280
train,pdb_00007zmk_J_K,pdb_00002x7l_C_D,False,57,1280
train,pdb_00007zmk_E_F,pdb_00008hn6_A_B,False,391,1280
train,pdb_00007zmk_M_N,pdb_00008y6w_D1_D2,False,337,1280
train,pdb_00007zmk_G_H,pdb_00004ttd_H_L,False,127,1280
train,pdb_00007zmk_P_Q,pdb_00008khd_H_J,False,201,1280
train,pdb_00007zmk_S_T,pdb_00006k5f_C_D,False,887,1280
train,pdb_00007zmk_B_C,pdb_00007ey5_H_L,False,183,1280
train,pdb_00008c7h_L_K,pdb_00007wnb_H_L,False,197,1280
train,pdb_00008eqf_H_L,pdb_00009c0v_H_L,False,323,1280
train,pdb_00008ag1_H_L,pdb_00007cvs_C_D,False,887,1280
train,pdb_00008bg4_A1_A2,pdb_00004gxu_O_P,False,651,1280
train,pdb_00008bg4_C1_C2,pdb_00007wbz_H_L,False,194,1280
train,pdb_00008i5i_H_L,pdb_00007kfv_C_D,False,195,1280
train,pdb_00009nz3_D_C,pdb_00007rxj_A_B,False,62,1280
train,pdb_00009nz4_F_E,pdb_00009rih_H_L,False,488,1280
train,pdb_00009nz3_F_E,pdb_00007na8_N1_N2,False,336,1280
train,pdb_00007vgs_D_C,pdb_00008yyw_B1_B2,False,339,1280
train,pdb_00009exa_F_E,pdb_00007sco_J_K,False,494,1280
train,pdb_00008w2e_F_E,pdb_00003qwo_A_B,False,53,1280
train,pdb_00009nz4_D_C,pdb_00009ipv_S1_S2,False,338,1280
train,pdb_00009ctu_D_C,pdb_00008bg2_A1_A2,False,193,1280
train,pdb_00008w2e_D_C,pdb_00006vc9_H_L,False,523,1280
train,pdb_00009ctu_F_E,pdb_00003t3m_E_F,False,453,1280
train,pdb_00009nz5_F_E,pdb_00007cho_H_L,False,194,1280
train,pdb_00007vgs_F_E,pdb_00006gff_N_M,False,109,1280
train,pdb_00009nz5_B_C,pdb_00009h4r_X_Y,False,96,1280
train,pdb_00009exa_D_C,pdb_00009ov4_H_L,False,213,1280
train,pdb_00008bg2_A1_A2,pdb_00008g5a_J_N,False,493,1280
train,pdb_00008bg2_C1_C2,pdb_00004lcu_A_B,False,102,1280
train,pdb_00007zfc_H_L,pdb_00009xhi_D1_D2,False,337,1280
train,pdb_00007zfb_C_D,pdb_00008gus_S1_S2,False,338,1280
train,pdb_00007zfb_A_B,pdb_00001fbi_H_L,False,129,1280
train,pdb_00007zfb_J_K,pdb_00009zdu_H_L,False,197,1280
train,pdb_00007zfb_H_L,pdb_00008zbi_F1_F2,False,312,1280
train,pdb_00007zfc_A_B,pdb_00008sis_H_L,False,195,1280
train,pdb_00008cz5_H_L,pdb_00008sdh_C_D,False,195,1280
train,pdb_00007yd1_A_B,pdb_00006plk_I_M,False,103,1280
train,pdb_00008d7e_D_E,pdb_00009b82_I_G,False,193,1280
train,pdb_00007yru_H_L,pdb_00009tmp_H_L,False,103,1280
train,pdb_00008tui_H_L,pdb_00008e9y_E1_E2,False,338,1280
train,pdb_00008vte_D_C,pdb_00007ys6_E1_E2,False,338,1280
train,pdb_00008jeo_B_C,pdb_00008w83_E_F,False,179,1280
train,pdb_00008jeo_E_F,pdb_00007pry_F_G,False,193,1280
train,pdb_00008u4q_H_L,pdb_00008dk5_N1_N2,False,203,1280
train,pdb_00008u4s_H_L,pdb_00008hnk_S1_S2,False,336,1280
train,pdb_00008u4s_B_A,pdb_000022es_E1_E2,False,335,1280
train,pdb_00008u4s_F_E,pdb_00007zmk_B_C,False,220,1280
train,pdb_00008w83_E_F,pdb_00003a6c_H_L,False,129,1280
train,pdb_00008w83_A_B,pdb_00009kvi_E1_E2,False,332,1280
train,pdb_00008w83_I_J,pdb_00008ulf_H_L,False,245,1280
train,pdb_00008w84_A_B,pdb_00008w5l_H_L,False,398,1280
train,pdb_00008w83_M_N,pdb_00006wmw_M_N,False,192,1280
train,pdb_00008wnp_D_C,pdb_00009jbq_A_B,False,134,1280
train,pdb_00008wnp_B_A,pdb_00008rrn_C_D,False,195,1280
train,pdb_00008kep_H_L,pdb_00007jx3_H_L,False,198,1280
train,pdb_00008ut2_J_I,pdb_00008sit_M_N,False,195,1280
train,pdb_00009q5v_K_J,pdb_00008tzq_E1_E2,False,339,1280
train,pdb_00008ut2_L_K,pdb_00004ag4_H_L,False,340,1280
train,pdb_00008ut2_H_G,pdb_00006vmk_Z_Y,False,228,1280
train,pdb_00008tea_H_G,pdb_00007ey5_B_C,False,183,1280
train,pdb_00008tea_F_I,pdb_00001xgu_B_A,False,129,1280
train,pdb_00008uf7_B_A,pdb_00006xpz_B_C,False,268,1280
train,pdb_00008y31_D_C,pdb_00004hf5_H_L,False,324,1280
train,pdb_00008y31_B_A,pdb_00008gut_S1_S2,False,338,1280
train,pdb_00008jkf_m_n,pdb_00009lp1_A_B,False,194,1280
train,pdb_00008jkf_M_N,pdb_00007m3i_H_L,False,217,1280
train,pdb_00008jkf_H_L,pdb_00008ia8_S1_S2,False,337,1280
train,pdb_00008jkf_h_l,pdb_00004d9r_H_L,False,228,1280
train,pdb_00008sdh_C_D,pdb_00008ygs_H_L,False,210,1280
train,pdb_00008sdh_H_L,pdb_00009clw_N1_N2,False,341,1280
train,pdb_00009cm3_N1_N2,pdb_00007xta_E1_E2,False,333,1280
train,pdb_00008sg1_E1_E2,pdb_00008gpu_F_G,False,392,1280
train,pdb_00009ns9_N1_N2,pdb_00009jed_S1_S2,False,339,1280
train,pdb_00009cm7_N1_N2,pdb_00006x3z_J_I,False,338,1280
train,pdb_00008t3v_N1_N2,pdb_00002dqj_H_L,False,129,1280
train,pdb_00009ast_E1_E2,pdb_00008wwn_E1_E2,False,342,1280
train,pdb_00008t3o_N1_N2,pdb_00008iec_N1_N2,False,338,1280
train,pdb_00008t3q_N1_N2,pdb_00007xsc_A_B,False,193,1280
train,pdb_00009clw_N1_N2,pdb_00008xse_H_L,False,195,1280
train,pdb_00008yn7_E1_E2,pdb_00008xxx_S1_S2,False,336,1280
train,pdb_00008yn5_E1_E2,pdb_00007uij_A_B,False,314,1280
train,pdb_00009b5y_N1_N2,pdb_00008hoc_S1_S2,False,338,1280
train,pdb_00008vgi_K_L,pdb_00009vmo_S1_S2,False,338,1280
train,pdb_00008vgi_J_I,pdb_00007t82_D_C,False,293,1280
train,pdb_00008vgi_F_E,pdb_00008vy9_D1_D2,False,389,1280
train,pdb_00008vgi_H_G,pdb_00003v4p_M_N,False,375,1280
train,pdb_00008w0y_A_B,pdb_00006osh_H_L,False,81,1280
train,pdb_00008v5v_c_e,pdb_00004al8_H_L,False,98,1280
train,pdb_00008v5v_b_d,pdb_00007dpm_D_E,False,195,1280
train,pdb_00008v5v_f_g,pdb_00008pwh_D_C,False,624,1280
train,pdb_00008i5l_E1_E2,pdb_00007kzb_H_L,False,192,1280
train,pdb_00008i5l_D1_D2,pdb_00008jel_C_D,False,108,1280
train,pdb_00008ied_N1_N2,pdb_00008j6j_H1_H2,False,339,1280
train,pdb_00008iec_N1_N2,pdb_00008wo4_D_C,False,705,1280
train,pdb_00008k5g_H_L,pdb_00006vmk_M_L,False,228,1280
train,pdb_00008w5h_H_L,pdb_00007ydj_E1_E2,False,338,1280
train,pdb_00008tnn_J_I,pdb_00006cyf_F_E,False,126,1280
train,pdb_00008tnn_H_G,pdb_00007sr8_E1_E2,False,339,1280
train,pdb_00009ll7_S1_S2,pdb_00008rrn_H_L,False,193,1280
train,pdb_00009uam_E1_E2,pdb_00008z3q_S1_S2,False,338,1280
train,pdb_00009uan_E1_E2,pdb_00009vif_S1_S2,False,338,1280
train,pdb_00009jh3_S1_S2,pdb_00007sk8_D_C,False,369,1280
train,pdb_00008hpf_H_L,pdb_00001oak_H_L,False,196,1280
train,pdb_00008hpu_H_L,pdb_00007t6v_E1_E2,False,336,1280
train,pdb_00008hq7_H_L,pdb_00006xc4_H_L,False,199,1280
train,pdb_00008hpf_M_N,pdb_00009mkn_J_N,False,370,1280
train,pdb_00008hpu_M_N,pdb_00009ue8_U_V,False,169,1280
train,pdb_00008ywe_C2_C1,pdb_00008gsd_H_L,False,522,1280
train,pdb_00008jin_B2_B1,pdb_00008dn6_C_D,False,198,1280
train,pdb_00008xjl_E1_E2,pdb_00008eed_E_F,False,403,1280
train,pdb_00008xjk_E1_E2,pdb_00007tct_E_F,False,453,1280
train,pdb_00008xjm_E1_E2,pdb_00008bg3_C1_C2,False,190,1280
train,pdb_00008siq_H_L,pdb_00007dm1_F_E,False,334,1280
train,pdb_000011oo_H_L,pdb_00008f6l_A_B,False,104,1280
train,pdb_000011oq_H_L,pdb_00008vgh_F_E,False,243,1280
train,pdb_00009lae_H_L,pdb_00006cvk_B2_B1,False,155,1280
train,pdb_00009kvk_H_L,pdb_00008tzn_G_H,False,155,1280
train,pdb_00008jio_C_B,pdb_00001e6j_H_L,False,210,1280
train,pdb_00008kdr_H_L,pdb_00005u5f_B_A,False,54,1280
train,pdb_00008vgp_H_L,pdb_00009cq4_C_D,False,124,1280
train,pdb_00008jn1_H_L,pdb_00008ihb_S1_S2,False,339,1280
train,pdb_00008vgk_F_E,pdb_00009hi4_A_B,False,207,1280
train,pdb_00008vgj_J_I,pdb_00008fhy_H_L,False,196,1280
train,pdb_00008vgj_F_E,pdb_00008jpn_S1_S2,False,342,1280
train,pdb_00008vgk_H_G,pdb_00008g5a_I_M,False,493,1280
train,pdb_00008vgj_H_G,pdb_00007dk2_J_K,False,191,1280
train,pdb_00008vgk_K_L,pdb_00002fjh_B_A,False,97,1280
train,pdb_00008vgj_K_L,pdb_00007vgs_D_C,False,393,1280
train,pdb_00008vgk_J_I,pdb_00009os5_G_J,False,775,1280
train,pdb_00008wo4_D_C,pdb_00009j9z_H_L,False,589,1280
train,pdb_00008wo4_B_A,pdb_00007vif_E1_E2,False,338,1280
train,pdb_00008jen_C_D,pdb_00008gsc_H_L,False,472,1280
train,pdb_00008jen_E_F,pdb_00003ze1_E_F,False,453,1280
train,pdb_00008jen_A_B,pdb_00008yx9_G_I,False,144,1280
train,pdb_00008jel_I_K,pdb_00009vi9_S1_S2,False,338,1280
train,pdb_00008jel_C_D,pdb_00008ulf_J_N,False,245,1280
train,pdb_00008jen_G_H,pdb_00009cgj_E1_E2,False,339,1280
train,pdb_00008jel_A_B,pdb_00001xgr_B_A,False,129,1280
train,pdb_00008jel_F_G,pdb_00006vmk_E_D,False,228,1280
train,pdb_00008p5m_G_L,pdb_00009c6y_C_D,False,214,1280
train,pdb_00008vgm_H_L,pdb_00007v3g_I_M,False,991,1280
train,pdb_00008vgm_E_F,pdb_00006cyf_D_C,False,127,1280
train,pdb_00008sis_H_L,pdb_00008cn9_G_F,False,350,1280
train,pdb_00008sit_H_L,pdb_00008zpt_E1_E2,False,336,1280
train,pdb_00008sit_M_N,pdb_00007mem_G_J,False,321,1280
train,pdb_00008w5l_H_L,pdb_00008z8a_S1_S2,False,339,1280
train,pdb_00008p12_H_L,pdb_00006lfo_S1_S2,False,338,1280
train,pdb_00008txu_F_K,pdb_00007ts0_H1_H2,False,341,1280
train,pdb_00008txu_H_L,pdb_00008w8r_S1_S2,False,335,1280
train,pdb_00008txu_E_J,pdb_00006b9y_B_A,False,54,1280
train,pdb_00009iv1_S1_S2,pdb_00007vag_H_L,False,306,1280
train,pdb_00008x9t_S1_S2,pdb_00003fb6_A_B,False,90,1280
train,pdb_00008rrn_H_L,pdb_00007zfe_M_N,False,182,1280
train,pdb_00008rrn_C_D,pdb_00008tfn_H_L,False,240,1280
train,pdb_00008oxx_B_C,pdb_00001otu_C_D,False,886,1280
train,pdb_00008xe9_A_B,pdb_00009jeq_S1_S2,False,339,1280
train,pdb_00008kdt_H_L,pdb_00009ctw_F_E,False,381,1280
train,pdb_00008vk1_F_E,pdb_00008oz3_A_B,False,136,1280
train,pdb_00008vk1_C_B,pdb_00009shd_H_L,False,349,1280
train,pdb_00008vtd_B_A,pdb_00002dqf_E_D,False,129,1280
train,pdb_00008ol9_B_A,pdb_00009vca_H_L,False,206,1280
train,pdb_00008w85_A_B,pdb_00002ybr_A_B,False,65,1280
train,pdb_00008tx3_E_J,pdb_00007ejk_H1_H2,False,334,1280
train,pdb_00008tx3_H_L,pdb_00007xrz_B_A,False,104,1280
train,pdb_00008u44_U_W,pdb_00006vmk_r_q,False,228,1280
train,pdb_00008u44_S_T,pdb_00009jy4_R_Q,False,122,1280
train,pdb_00008u44_V_X,pdb_00007bnv_H_L,False,194,1280
train,pdb_00008ulf_I_M,pdb_00004tnw_G_K,False,681,1280
train,pdb_00008ulf_H_L,pdb_00007yxu_H_L,False,135,1280
train,pdb_00008ulf_J_N,pdb_00008hrd_C_E,False,195,1280
train,pdb_00008ulf_K_O,pdb_00003bsz_H_L,False,174,1280
train,pdb_00008rmy_B_C,pdb_00006yor_H_L,False,195,1280
train,pdb_00008rmy_E_F,pdb_00003g6j_H_G,False,642,1280
train,pdb_00008rmx_B_C,pdb_00009ouo_H_L,False,213,1280
train,pdb_00008uwz_A_B,pdb_00009quw_F_E,False,443,1280
train,pdb_00008tp5_J_K,pdb_00009jlc_S1_S2,False,338,1280
train,pdb_00008tp5_E_F,pdb_00008g5a_H_L,False,493,1280
train,pdb_00008tp5_H_L,pdb_00003iga_A_B,False,103,1280
train,pdb_00008sxp_H_L,pdb_00009cpr_H_L,False,194,1280
train,pdb_00008xse_M_N,pdb_00008xxu_E1_E2,False,337,1280
train,pdb_00008xse_H_L,pdb_00009p0k_F1_F2,False,337,1280
train,pdb_00008y0y_E3_E2,pdb_00007s8n_E1_E2,False,337,1280
train,pdb_00008j7e_A_B,pdb_00009m0r_S1_S2,False,343,1280
train,pdb_00008j7e_C_D,pdb_00009mtf_H_L,False,171,1280
train,pdb_00008hq7_M_N,pdb_00006kyz_E_F,False,176,1280
train,pdb_00008ulj_H_L,pdb_00008zh7_H_I,False,371,1280
train,pdb_00008tbb_H_L,pdb_00002qr0_F_E,False,193,1280
train,pdb_00008jqs_H_L,pdb_00009k6y_H_L,False,194,1280
train,pdb_00008jqs_h_l,pdb_00007p02_H1_H2,False,333,1280
train,pdb_00008suo_H_L,pdb_00006ktr_A_B,False,136,1280
train,pdb_00008oz3_H_L,pdb_00007x2v_E1_E2,False,337,1280
train,pdb_00008oz3_A_B,pdb_00008hpu_M_N,False,194,1280
train,pdb_00008ygs_H_L,pdb_00008xx6_S1_S2,False,336,1280
train,pdb_00008tpa_I_J,pdb_00008xsi_H_L,False,195,1280
train,pdb_00008tpa_D_E,pdb_00007d85_B_C,False,193,1280
train,pdb_00008tpa_H_L,pdb_00006d0u_C_D,False,267,1280
train,pdb_00008w5f_H_L,pdb_00004hg4_Z_z,False,324,1280
train,pdb_00008w5m_H_L,pdb_00004hg4_X_Y,False,325,1280
train,pdb_00008hrd_C_E,pdb_00009dn2_H_L,False,501,1280
train,pdb_00008hrd_W_X,pdb_00007quh_H_L,False,135,1280
train,pdb_00008hrd_L_M,pdb_00003fku_X1_X2,False,504,1280
train,pdb_00008hrd_O_P,pdb_00002x7l_A_B,False,57,1280
train,pdb_00008hrd_Y_Z,pdb_00007t90_E1_E2,False,338,1280
train,pdb_00008hrd_N_Q,pdb_00004np4_I_M,False,271,1280
train,pdb_00008hrd_D_F,pdb_00004hg4_L_M,False,319,1280
train,pdb_00008hrd_G_H,pdb_00007xei_E_F,False,195,1280
train,pdb_00008tzn_G_H,pdb_00005aaw_K1_K2,False,96,1280
train,pdb_00008xsi_H_L,pdb_00008hqe_H1_H2,False,339,1280
train,pdb_00008xsf_H_L,pdb_00003fku_S1_S2,False,498,1280
train,pdb_00008too_G_F,pdb_00008i7v_E1_E2,False,339,1280
train,pdb_00008too_H_E,pdb_00009k3f_S1_S2,False,341,1280
train,pdb_00008too_D_C,pdb_00001ors_B_A,False,132,1280
train,pdb_00008too_B_A,pdb_00007wcr_a_b,False,197,1280
train,pdb_00008wpy_C_D,pdb_00008i5l_D1_D2,False,309,1280
train,pdb_00008wpw_C_D,pdb_00001fsk_F_E,False,159,1280
train,pdb_00008khd_H_J,pdb_00002vdl_H_L,False,452,1280
train,pdb_00008w86_E_F,pdb_00008xx3_S1_S2,False,336,1280
train,pdb_00008w86_A_B,pdb_00001tzi_B_A,False,97,1280
train,pdb_00008tnt_G_F,pdb_00009mtk_H_L,False,169,1280
train,pdb_00008tnt_E_D,pdb_00008vgi_H_G,False,243,1280
train,pdb_00008y3i_G_H,pdb_00005yoy_P_M,False,153,1280
train,pdb_00008y3l_G_H,pdb_00007e33_E1_E2,False,333,1280
train,pdb_00008y3i_I_J,pdb_00007scg_E1_E2,False,336,1280
train,pdb_00008hn7_D_C,pdb_00005w0k_H_L,False,655,1280
train,pdb_00008hn7_B_A,pdb_00001j1p_H_L,False,129,1280
train,pdb_00008tft_I_M,pdb_00006q18_H_L,False,212,1280
train,pdb_00008y0y_D1_D4,pdb_00007qf1_C_B,False,194,1280
train,pdb_00008xsj_H_L,pdb_00008jei_S1_S2,False,337,1280
train,pdb_00008r8k_H_L,pdb_00007m7w_C_D,False,197,1280
train,pdb_00008w5n_H_L,pdb_00008oxx_B_C,False,460,1280
train,pdb_00008qh0_H_L,pdb_00008jen_G_H,False,104,1280
train,pdb_00008tfl_H_L,pdb_00008g5b_H_L,False,270,1280
train,pdb_00008sdf_B_C,pdb_00008hq7_H_L,False,195,1280
train,pdb_00008yub_A_B,pdb_00007mdj_A_B,False,102,1280
train,pdb_00008yub_D_E,pdb_00007lq7_T_U,False,195,1280
train,pdb_00008sdf_H_L,pdb_00002oz4_H_L,False,265,1280
train,pdb_00008hn6_A_B,pdb_00008id3_S1_S2,False,339,1280
train,pdb_00008hn6_C_D,pdb_00006wmw_H_L,False,192,1280
train,pdb_00008jkh_m_n,pdb_00008cn9_L_K,False,95,1280
train,pdb_00008jkh_M_N,pdb_00008k4s_D1_D2,False,338,1280
train,pdb_00008jkh_H_L,pdb_00002dqf_B_A,False,129,1280
train,pdb_00008jkh_h_l,pdb_00009ci8_B_A,False,122,1280
train,pdb_00008khr_H_L,pdb_00007q6c_H_L,False,163,1280
train,pdb_00008jqm_H_L,pdb_00009j8z_S1_S2,False,337,1280
train,pdb_00008jqm_M_N,pdb_00006x3u_J_I,False,338,1280
train,pdb_00008xa4_C_D,pdb_00007t6s_E1_E2,False,336,1280
train,pdb_00008w5r_H_L,pdb_00009me5_I_M,False,279,1280
train,pdb_00008jqn_h_l,pdb_00007kmg_D_E,False,191,1280
train,pdb_00008jqn_H_L,pdb_00007x3e_H_L,False,490,1280
train,pdb_00008z6x_B_C,pdb_00004ki5_C_D,False,154,1280
train,pdb_00009c6y_A_B,pdb_00009e3k_J_K,False,109,1280
train,pdb_00009c6y_C_D,pdb_00007jum_J1_J2,False,172,1280
train,pdb_00009js7_I_L,pdb_00009vmg_S1_S2,False,338,1280
train,pdb_00009js7_J_M,pdb_00007cmu_E1_E2,False,337,1280
train,pdb_00009gwt_H_L,pdb_00009ue8_I_J,False,169,1280
train,pdb_00009c0v_H_L,pdb_00008kfx_S1_S2,False,338,1280
train,pdb_00009huo_C_D,pdb_00007mzk_F_E,False,195,1280
train,pdb_00009fyt_I_M,pdb_00008xse_M_N,False,195,1280
train,pdb_00009bt5_E_F,pdb_00008j23_F1_F2,False,340,1280
train,pdb_00009bt5_C_D,pdb_00008si9_K_L,False,337,1280
train,pdb_00009mqd_J_N,pdb_00005ggt_H_L,False,116,1280
train,pdb_00009mqd_H_L,pdb_00007w40_H1_H2,False,315,1280
train,pdb_00009mqd_I_M,pdb_00006ban_B_A,False,81,1280
train,pdb_00009me7_I_M,pdb_00001ic5_H_L,False,129,1280
train,pdb_00009me6_I_M,pdb_00008jin_B2_B1,False,199,1280
train,pdb_00009me5_I_M,pdb_00002i9l_B_A,False,173,1280
train,pdb_00009ptm_I_M,pdb_00008yh3_S1_S2,False,336,1280
train,pdb_00009me4_I_M,pdb_00009f90_A_B,False,117,1280
train,pdb_00009hh9_I_H,pdb_00001fdl_H_L,False,129,1280
train,pdb_00009hhr_D_G,pdb_00006hjp_K_L,False,674,1280
train,pdb_00009hh9_E_D,pdb_00009ge3_F1_F2,False,315,1280
train,pdb_00009hhr_F_E,pdb_00008f7w_E1_E2,False,335,1280
train,pdb_00009hh9_G_F,pdb_00009hh9_I_H,False,426,1280
train,pdb_00009hhr_L_H,pdb_00008vgk_K_L,False,243,1280
train,pdb_00009e3k_J_K,pdb_00008dww_H_L,False,414,1280
train,pdb_00009e3k_H_L,pdb_00007nx8_H_L,False,194,1280
train,pdb_00009dm0_C_D,pdb_00007ew0_E1_E2,False,340,1280
train,pdb_00009lp1_A_B,pdb_00007rk1_D1_D2,False,218,1280
train,pdb_00009mtm_M_N,pdb_00007b3o_H_L,False,183,1280
train,pdb_00009mtm_I_J,pdb_00009jeb_C1_C2,False,197,1280
train,pdb_00009mtm_H_L,pdb_00008wpy_C_D,False,195,1280
train,pdb_00009cpu_H_L,pdb_00009vj6_E1_E2,False,339,1280
train,pdb_00009jqv_H_L,pdb_00002dqg_H_L,False,129,1280
train,pdb_00009b82_P_O,pdb_00006wtu_H_I,False,297,1280
train,pdb_00009b82_N_M,pdb_00008u4q_H_L,False,295,1280
train,pdb_00009b82_R_Q,pdb_00009n4e_K_M,False,316,1280
train,pdb_00009b82_I_G,pdb_00008bbo_H_L,False,181,1280
train,pdb_00009b82_H_L,pdb_00009t5z_H_L,False,364,1280
train,pdb_00009lae_A_B,pdb_00008irt_E1_E2,False,338,1280
train,pdb_00009b2m_H_L,pdb_00008j6q_S1_S2,False,339,1280
train,pdb_00009b2m_E_F,pdb_00009bdi_H_L,False,153,1280
train,pdb_00009b2m_J_K,pdb_00009leo_C_D,False,430,1280
train,pdb_00009vmp_S1_S2,pdb_00007sbf_E1_E2,False,336,1280
train,pdb_00009iz9_M_N,pdb_00007whz_B_D,False,194,1280
train,pdb_00009iz9_Q_R,pdb_00008y0y_E3_E2,False,195,1280
train,pdb_00009iz9_O_P,pdb_00009ydu_E1_E2,False,339,1280
train,pdb_00009iz9_S_T,pdb_000011ol_H_L,False,197,1280
train,pdb_00009iw2_H_L,pdb_00009jkv_S1_S2,False,337,1280
train,pdb_00009kze_H_L,pdb_00008jlk_S1_S2,False,338,1280
train,pdb_00009l07_H_L,pdb_00001yy9_D_C,False,613,1280
train,pdb_00009ma0_B_C,pdb_00001j1o_H_L,False,129,1280
train,pdb_00009cpr_H_L,pdb_00007trs_H1_H2,False,338,1280
train,pdb_00009lf8_H_L,pdb_00008jlj_S1_S2,False,338,1280
train,pdb_00009ci8_B_A,pdb_00007xbd_E1_E2,False,339,1280
train,pdb_00009ci8_D_C,pdb_00003v6z_A_B,False,148,1280
train,pdb_00009kve_D_F,pdb_00008ubi_N2_N1,False,205,1280
train,pdb_00009kve_E_G,pdb_00007xms_S1_S2,False,325,1280
train,pdb_00009kve_A_B,pdb_00005ggs_C_D,False,114,1280
train,pdb_00009bhh_T_S,pdb_00009u5p_B_C,False,361,1280
train,pdb_00008z6t_B_C,pdb_00009jy4_P_O,False,122,1280
train,pdb_00009dzg_H_L,pdb_00008uwl_E1_E2,False,338,1280
train,pdb_00009dzf_H_L,pdb_00007ezv_H_L,False,183,1280
train,pdb_00008zd5_H_I,pdb_00008iyw_H1_H2,False,338,1280
train,pdb_00008zd5_E_F,pdb_00008jn1_H_L,False,987,1280
train,pdb_00008zd6_E_F,pdb_00007s11_I_M,False,113,1280
train,pdb_00008zd5_K_L,pdb_00008ywe_C2_C1,False,199,1280
train,pdb_00008zd5_B_C,pdb_00008jbg_E1_E2,False,338,1280
train,pdb_00008zd6_K_L,pdb_00006gku_H_L,False,140,1280
train,pdb_00009hi4_A_B,pdb_00008w84_A_B,False,188,1280
train,pdb_00009e3h_J_K,pdb_00007wed_H_L,False,201,1280
train,pdb_00009e3h_H_L,pdb_00006woz_K_L,False,297,1280
train,pdb_00009cps_H_L,pdb_00009bt5_E_F,False,217,1280
train,pdb_00009mth_I_J,pdb_00004ioi_B_A,False,53,1280
train,pdb_00009mth_H_L,pdb_00009drx_J_I,False,338,1280
train,pdb_00009mth_M_N,pdb_00008bg2_C1_C2,False,193,1280
train,pdb_00009mic_H_L,pdb_00005wk3_W_V,False,61,1280
train,pdb_00009ima_C_D,pdb_00007cqd_I_M,False,97,1280
train,pdb_00009kt9_E1_E2,pdb_00004gxu_Q_R,False,651,1280
train,pdb_00009kt8_E1_E2,pdb_00008dd2_J_I,False,338,1280
train,pdb_00009kt7_E1_E2,pdb_00008bg1_J_K,False,194,1280
train,pdb_00009jy2_B_A,pdb_00009mla_H_K,False,360,1280
train,pdb_00009rii_H_L,pdb_00006w0i_A_B,False,103,1280
train,pdb_00009lbw_H_L,pdb_00005bo1_I_M,False,150,1280
train,pdb_00009l8z_C_B,pdb_00003b2v_H_L,False,375,1280
train,pdb_00009xsx_B_C,pdb_00007si0_C_D,False,209,1280
train,pdb_00009k6y_H_L,pdb_00008vgh_K_L,False,243,1280
train,pdb_00009rir_H_L,pdb_00007qny_A_B,False,183,1280
train,pdb_00009azv_H_L,pdb_00009e3k_H_L,False,109,1280
train,pdb_00009atm_H_L,pdb_00006z3q_H_L,False,784,1280
train,pdb_00009lsj_E1_D2,pdb_00008eoo_H_L,False,196,1280
train,pdb_00009lsj_D1_E2,pdb_00008e9z_E1_E2,False,339,1280
train,pdb_00009h6u_H_L,pdb_00008yn4_E1_E2,False,342,1280
train,pdb_00009bdh_H_L,pdb_00008dwo_S_T,False,346,1280
train,pdb_00009ml8_E_F,pdb_00007zlg_H_L,False,662,1280
train,pdb_00009ml8_H_L,pdb_00007mem_H_L,False,321,1280
train,pdb_00009ml8_P_Q,pdb_00007w55_E1_E2,False,338,1280
train,pdb_00009ml8_M_N,pdb_00008f7r_E1_E2,False,334,1280
train,pdb_00009mkn_S_T,pdb_00003or7_A_B,False,103,1280
train,pdb_00009mkn_O_P,pdb_00006j6y_E_F,False,101,1280
train,pdb_00009mkn_Q_R,pdb_00006w0a_A_B,False,93,1280
train,pdb_00009mkn_I_M,pdb_00007mhx_A_B,False,103,1280
train,pdb_00009mkn_H_L,pdb_00008j19_S1_S2,False,337,1280
train,pdb_00009mkn_J_N,pdb_00003eo1_K_J,False,225,1280
train,pdb_00009rik_H_L,pdb_00009b82_H_L,False,193,1280
train,pdb_00009rih_H_L,pdb_00007k9z_B_A,False,195,1280
train,pdb_00009l6c_A_B,pdb_00007uvq_D_E,False,174,1280
train,pdb_00009lbs_H_L,pdb_00009cu7_H_L,False,813,1280
train,pdb_00009l6c_H_L,pdb_00009kfi_S1_S2,False,338,1280
train,pdb_00009l6c_D_F,pdb_00007e9b_H_L,False,115,1280
train,pdb_00009e60_H_L,pdb_00008jqs_h_l,False,352,1280
train,pdb_00009ivj_H_L,pdb_00007x1m_H_L,False,195,1280
train,pdb_00009jeb_A1_A2,pdb_00009l80_S1_S2,False,336,1280
train,pdb_00009jeb_C1_C2,pdb_00005ldn_H_L,False,927,1280
train,pdb_00009cu7_J_N,pdb_00007euo_S1_S2,False,336,1280
train,pdb_00009cu7_H_L,pdb_00008jbh_E1_E2,False,338,1280
train,pdb_00009cu7_I_M,pdb_00008wwm_E1_E2,False,342,1280
train,pdb_00009bao_G_H,pdb_00006fax_H_L,False,100,1280
train,pdb_00009bao_E_F,pdb_00008spu_N1_N2,False,203,1280
train,pdb_00009ban_E_F,pdb_00008xqs_S1_S2,False,338,1280
train,pdb_00009lbs_D_C,pdb_00008uuj_D1_D2,False,338,1280
train,pdb_00009k6j_A_B,pdb_00008gs9_H_K,False,181,1280
train,pdb_00008zre_h_l,pdb_00006wtu_E_F,False,299,1280
train,pdb_00008zre_H_L,pdb_00006z2m_H_L,False,195,1280
train,pdb_00009mtk_H_L,pdb_00007whz_H_L,False,194,1280
train,pdb_00009mtk_I_J,pdb_00008iy5_E1_E2,False,336,1280
train,pdb_00009me6_J_N,pdb_00008tp5_E_F,False,322,1280
train,pdb_00009me7_J_N,pdb_00007zwi_E_F,False,136,1280
train,pdb_00009rio_H_L,pdb_00001g9n_H_L,False,306,1280
train,pdb_00009mif_H_L,pdb_00009oar_B_D,False,169,1280
train,pdb_00009jbq_A_B,pdb_00002vdn_H_L,False,452,1280
train,pdb_00009mq9_J_N,pdb_00003f7y_A_B,False,88,1280
train,pdb_00009clp_H_L,pdb_00002dqh_H_L,False,129,1280
train,pdb_00008zcj_E1_E2,pdb_00006vmk_u_t,False,228,1280
train,pdb_00009mtj_I_J,pdb_00006x3u_K_L,False,338,1280
train,pdb_00009mtj_H_L,pdb_00007yoo_S1_S2,False,335,1280
train,pdb_00009mtj_M_N,pdb_00003rhw_F_N,False,680,1280
train,pdb_00009ma7_D_E,pdb_00002dqi_H_L,False,129,1280
train,pdb_00009ma7_F_G,pdb_00008hpt_H1_H2,False,338,1280
train,pdb_00009ma7_B_C,pdb_00007lfa_B_D,False,94,1280
train,pdb_00009cfh_H_L,pdb_00008x16_H1_H2,False,339,1280
train,pdb_00009cfg_H_L,pdb_00009lrs_E1_E2,False,338,1280
train,pdb_00009cci_B_C,pdb_00007dk2_A_B,False,191,1280
train,pdb_00008zh7_E_F,pdb_00009jy1_P_O,False,121,1280
train,pdb_00008zh7_B_C,pdb_00008w8b_E1_E2,False,328,1280
train,pdb_00008zh7_H_I,pdb_00009zqc_J2_J1,False,309,1280
train,pdb_00008zh7_K_L,pdb_00001dee_D_C,False,51,1280
train,pdb_00009lsi_D1_C2,pdb_00007w0p_S1_S2,False,338,1280
train,pdb_00009lsi_C1_D2,pdb_00005y11_A_B,False,319,1280
train,pdb_00009dn2_H_L,pdb_00007zmk_G_H,False,219,1280
train,pdb_00009dn2_J_N,pdb_00002htk_E_F,False,886,1280
train,pdb_00009dn2_I_M,pdb_00007t6u_E1_E2,False,337,1280
train,pdb_00008yx9_G_I,pdb_00007udg_E_F,False,453,1280
train,pdb_00009mla_H_K,pdb_00008xxv_E1_E2,False,337,1280
train,pdb_00009mla_G_J,pdb_00009zq9_I2_I1,False,310,1280
train,pdb_00009mla_I_L,pdb_00003wkm_H_L,False,176,1280
train,pdb_00009ixa_H_L,pdb_00007dm1_D_C,False,334,1280
train,pdb_00009cff_H_L,pdb_00009izf_S1_S2,False,338,1280
train,pdb_00009cfe_A_B,pdb_00009cm3_N1_N2,False,341,1280
train,pdb_00009ccs_C_B,pdb_00007d6i_B_C,False,200,1280
train,pdb_00009cia_D_C,pdb_00004ma7_H_L,False,110,1280
train,pdb_00009cia_B_A,pdb_00008zpq_A_B,False,197,1280
train,pdb_00008znz_G_H,pdb_00005nh3_H_L,False,94,1280
train,pdb_00008znz_I_J,pdb_00007shy_I_J,False,209,1280
train,pdb_00009xth_B_C,pdb_00003s36_H_L,False,112,1280
train,pdb_00009m7v_H_L,pdb_00003dvg_B_A,False,152,1280
train,pdb_00009jub_B_C,pdb_00006n4b_S1_S2,False,338,1280
train,pdb_00009ge2_F1_F2,pdb_00008j1a_S1_S2,False,337,1280
train,pdb_00009ge3_F1_F2,pdb_00006flc_H_L,False,98,1280
train,pdb_00009e21_H_L,pdb_00008yn9_E1_E2,False,342,1280
train,pdb_00008z39_H_L,pdb_00007fci_H_L,False,297,1280
train,pdb_00008zpq_A_B,pdb_00008ihf_S1_S2,False,339,1280
train,pdb_00009ds1_H_L,pdb_00002htk_C_D,False,886,1280
train,pdb_00009cct_C_B,pdb_00007scn_E_F,False,490,1280
train,pdb_00009cpw_H_L,pdb_00004fp8_I_M,False,267,1280
train,pdb_00009m0d_D_Q,pdb_00007t82_H_L,False,292,1280
train,pdb_00009cpv_H_L,pdb_00007s0x_C_D,False,61,1280
train,pdb_00009ib1_H_L,pdb_00005aaw_A1_A2,False,96,1280
train,pdb_00009ib3_H_L,pdb_00007yrh_F_E,False,225,1280
train,pdb_00009ko4_H1_H2,pdb_00008vrn_K_L,False,338,1280
train,pdb_00009bdi_C_D,pdb_00009kvk_H_L,False,194,1280
train,pdb_00009bdi_H_L,pdb_00008zjg_S1_S2,False,337,1280
train,pdb_00009hvw_H_L,pdb_00009mth_H_L,False,493,1280
train,pdb_00009kvk_A_B,pdb_00008as0_T_S,False,117,1280
train,pdb_00009bbn_S_T,pdb_00001dqj_B_A,False,129,1280
train,pdb_00009riq_H_L,pdb_00009bhh_T_S,False,418,1280
train,pdb_00009cn2_B1_B2,pdb_00002h2s_E_F,False,886,1280
train,pdb_00009dru_H_L,pdb_00007yu3_S1_S2,False,338,1280
train,pdb_00009hub_I_M,pdb_00001r3k_B_A,False,103,1280
train,pdb_00009fys_B_C,pdb_00001j1x_H_L,False,129,1280
train,pdb_00009fys_I_M,pdb_00009ouq_H_L,False,213,1280
train,pdb_00009mtl_M_N,pdb_00009kvk_A_B,False,194,1280
train,pdb_00009mtl_I_J,pdb_00006ii9_H_L,False,317,1280
train,pdb_00009mtl_H_L,pdb_00008tzw_H_L,False,156,1280
train,pdb_00009e89_H_L,pdb_00007uh8_E_F,False,453,1280
train,pdb_00009me5_H_L,pdb_00008sid_K_L,False,338,1280
train,pdb_00009kyz_A_B,pdb_00003f7v_A_B,False,90,1280
train,pdb_00009lrh_H_L,pdb_00008w86_E_F,False,181,1280
train,pdb_00009lrf_H_L,pdb_00007f4h_S1_S2,False,341,1280
train,pdb_00009j4c_H_L,pdb_00007yck_E_F,False,199,1280
train,pdb_00009h4r_H_L,pdb_00008vfx_M2_M1,False,205,1280
train,pdb_00009h4s_H_L,pdb_00008spu_K1_K2,False,203,1280
train,pdb_00009h4r_X_Y,pdb_00009vo0_E1_E2,False,338,1280
train,pdb_00009h4s_X_Y,pdb_00009mtj_M_N,False,492,1280
train,pdb_00009cpp_H_L,pdb_00007ubs_K1_K2,False,147,1280
train,pdb_00009rim_H_L,pdb_00009lr1_S1_S2,False,339,1280
train,pdb_00009rip_H_L,pdb_00008wwi_E1_E2,False,342,1280
train,pdb_00009mtf_M_N,pdb_00009hvw_H_L,False,252,1280
train,pdb_00009mtf_H_L,pdb_00009cm7_N1_N2,False,340,1280
train,pdb_00009mtf_I_J,pdb_00008gv6_G_H,False,491,1280
train,pdb_00009mqa_H_L,pdb_00006x40_K_L,False,338,1280
train,pdb_00009mqa_I_M,pdb_00008z3m_S1_S2,False,338,1280
train,pdb_00009mqa_J_N,pdb_00001kir_B_A,False,129,1280
train,pdb_00009mtg_I_J,pdb_00008yn7_E1_E2,False,342,1280
train,pdb_00009mtg_H_L,pdb_00001z3g_I_M,False,173,1280
train,pdb_00009mtg_M_N,pdb_00006x3w_J_I,False,338,1280
train,pdb_00009axl_H_L,pdb_00004hjg_B_A,False,54,1280
train,pdb_00009n4f_H_L,pdb_00009cgk_E1_E2,False,338,1280
train,pdb_00009n4f_O_P,pdb_00007yds_B_C,False,117,1280
train,pdb_00009n4f_M_N,pdb_00008hvi_H1_H2,False,339,1280
train,pdb_00009oco_H_L,pdb_00007uvi_D_E,False,170,1280
train,pdb_00009oao_H_L,pdb_00007eam_H_L,False,204,1280
train,pdb_00009og1_B_C,pdb_00007k5y_M2_M1,False,205,1280
train,pdb_00009n7q_E_G,pdb_00007ukt_E_F,False,453,1280
train,pdb_00009n7q_D_F,pdb_00007rk1_C1_C2,False,218,1280
train,pdb_00009n7q_H_L,pdb_00006vgr_C_D,False,701,1280
train,pdb_00009n5i_H_L,pdb_00007kfy_H_L,False,195,1280
train,pdb_00009t5z_H_L,pdb_00004u6h_C_D,False,168,1280
train,pdb_00009vft_F_E,pdb_00008r4n_H_L,False,61,1280
train,pdb_00009n4e_O_R,pdb_00007n4j_H_L,False,202,1280
train,pdb_00009n4e_K_M,pdb_00008dnn_E_F,False,194,1280
train,pdb_00009n4e_Q_P,pdb_00004tnw_H_L,False,684,1280
train,pdb_00009vhz_A_B,pdb_00008jbf_E1_E2,False,338,1280
train,pdb_00009pw4_C_D,pdb_00007wro_H_L,False,183,1280
train,pdb_00009os5_G_J,pdb_00009oj4_B_A,False,453,1280
train,pdb_00009os5_H_K,pdb_00008xgm_S1_S2,False,338,1280
train,pdb_00009os5_I_L,pdb_00009iz9_M_N,False,412,1280
train,pdb_00009vnp_C_A,pdb_00006k5d_C_D,False,887,1280
train,pdb_00009qt3_N_O,pdb_00008go8_H_L,False,362,1280
train,pdb_00009p1m_F_E,pdb_00006k5i_C_D,False,887,1280
train,pdb_00009wai_E_F,pdb_00008rmx_B_C,False,461,1280
train,pdb_00009sat_H_L,pdb_00004hj0_P_Q,False,92,1280
train,pdb_00009y0e_A_B,pdb_00003g6j_F_E,False,642,1280
train,pdb_00009npg_D_E,pdb_00006ba5_H_G,False,80,1280
train,pdb_00009npg_G_H,pdb_00006xy2_H_L,False,117,1280
train,pdb_00009npg_A_B,pdb_00006d0u_E_F,False,267,1280
train,pdb_00009npg_K_J,pdb_00008e8z_H_L,False,281,1280
train,pdb_00009od3_H_L,pdb_00006s3d_E_F,False,59,1280
train,pdb_00009oea_H_L,pdb_00003ejy_E_F,False,885,1280
train,pdb_00009og2_B_C,pdb_00007k8m_A_B,False,184,1280
train,pdb_00009og2_D_E,pdb_00001dzb_A1_A2,False,129,1280
train,pdb_00009vca_H_L,pdb_00008xcd_H_L,False,290,1280
train,pdb_00009n5z_A_B,pdb_00009n8j_H_I,False,308,1280
train,pdb_00009shd_H_L,pdb_00006wtu_K_L,False,295,1280
train,pdb_00009oar_H_L,pdb_00008dis_A_C,False,489,1280
train,pdb_00009oar_B_D,pdb_00003nh7_H_L,False,85,1280
train,pdb_00009u5q_B_C,pdb_00008vgl_E_F,False,543,1280
train,pdb_00009wb3_B_C,pdb_00003fb5_A_B,False,90,1280
train,pdb_00009wb4_B_C,pdb_00007w6p_H1_H2,False,335,1280
train,pdb_00009vfu_E_F,pdb_00007upb_B_E,False,449,1280
train,pdb_00009oap_H_L,pdb_00009m7v_H_L,False,785,1280
train,pdb_00009oi3_I_J,pdb_00006x3x_K_L,False,338,1280
train,pdb_00009oi3_H_L,pdb_00007jwg_A_B,False,250,1280
train,pdb_00009oi3_M_N,pdb_00008y31_D_C,False,102,1280
train,pdb_00008tbq_A_B,pdb_00006xq2_C_B,False,265,1280
train,pdb_00009iru_B_A,pdb_00007l7e_E_F,False,195,1280
train,pdb_00004f37_H_L,pdb_00008xbe_S1_S2,False,336,1280
train,pdb_00004f37_F_K,pdb_00006wwz_S1_S2,False,338,1280
train,pdb_00003bsz_H_L,pdb_00008xzj_S1_S2,False,339,1280
train,pdb_00003bsz_N_M,pdb_00007ew2_S1_S2,False,340,1280
train,pdb_00009leo_C_D,pdb_00005jz7_J_K,False,221,1280
train,pdb_00009leo_A_B,pdb_00008id6_S1_S2,False,338,1280
train,pdb_00007y6k_J_E3,pdb_00008u9s_N2_N1,False,205,1280
train,pdb_00007y6k_E1_E2,pdb_00008v52_D_C,False,112,1280
train,pdb_00008tfn_H_L,pdb_00009ge2_F1_F2,False,338,1280
train,pdb_00009e3l_K_L,pdb_00008jin_P2_P1,False,199,1280
train,pdb_00009e3l_I_J,pdb_00008wwl_E1_E2,False,342,1280
train,pdb_00009e3l_G_H,pdb_00008edf_H_L,False,196,1280
train,pdb_00006bpa_B_C,pdb_00008jxt_E1_E2,False,337,1280
train,pdb_00006bpa_E_F,pdb_00008cz8_C2_C1,False,148,1280
train,pdb_00008s72_H_L,pdb_00006hjp_I_J,False,674,1280
train,pdb_00008s72_X_Y,pdb_00008ebp_I_M,False,435,1280
train,pdb_00009cq8_C_E,pdb_00008dce_H1_H2,False,194,1280
train,pdb_00009cq8_G_H,pdb_00008uwz_A_B,False,98,1280
train,pdb_00009qub_D_C,pdb_00008hcx_E1_E2,False,338,1280
train,pdb_00009quw_F_E,pdb_00007w53_E1_E2,False,338,1280
train,pdb_00009qub_F_E,pdb_00009qt3_N_O,False,350,1280
train,pdb_00009quw_D_C,pdb_00008hbd_H1_H2,False,339,1280
train,pdb_00004hf5_H_L,pdb_00002h2p_C_D,False,886,1280
train,pdb_00008v52_D_C,pdb_00005xmh_D_C,False,207,1280
train,pdb_00008r4n_H_L,pdb_00008bcz_A_B,False,194,1280
train,pdb_00008zyf_H_D,pdb_00003ejy_C_D,False,885,1280
train,pdb_00009cq7_H_I,pdb_00008xjo_E1_E2,False,342,1280
train,pdb_00006pi7_F_E,pdb_00009jfy_S1_S2,False,335,1280
train,pdb_00009oj4_B_A,pdb_00001kip_B_A,False,129,1280
train,pdb_00009ue0_A_B,pdb_00008znz_I_J,False,524,1280
train,pdb_00009o7i_D_C,pdb_00008ghv_S1_S2,False,338,1280
train,pdb_00009y41_H_L,pdb_00007p00_H1_H2,False,333,1280
train,pdb_00009y3x_H_L,pdb_00008tb0_F1_F2,False,333,1280
train,pdb_00009q7b_J_K,pdb_00006dzt_N1_N2,False,201,1280
train,pdb_00009q7b_G_I,pdb_00008qh0_H_L,False,194,1280
train,pdb_00009q71_K_L,pdb_00009dzf_H_L,False,851,1280
train,pdb_00009q7b_L_M,pdb_00003b2u_C_D,False,194,1280
train,pdb_00009q71_I_J,pdb_00006pi7_F_E,False,192,1280
train,pdb_00009ebc_I_J,pdb_00008wpw_H_L,False,195,1280
train,pdb_00009ebc_G_H,pdb_00007wk0_A_B,False,196,1280
train,pdb_00009ebc_K_L,pdb_00007uvi_A_B,False,185,1280
train,pdb_00009zdu_H_L,pdb_00004hg4_R_S,False,323,1280
train,pdb_00009ue8_U_V,pdb_00007o7f_H_F,False,338,1280
train,pdb_00009ue8_I_J,pdb_00001c08_B_A,False,129,1280
train,pdb_00009ue8_E_F,pdb_00008cn9_B_A,False,349,1280
train,pdb_00009ue8_A_B,pdb_00009iza_S1_S2,False,337,1280
train,pdb_00009ue8_M_N,pdb_00006ogx_C_D,False,140,1280
train,pdb_00009ue8_Q_R,pdb_00008y02_S1_S2,False,333,1280
train,pdb_000022es_E1_E2,pdb_00008txu_E_J,False,494,1280
train,pdb_00009o7g_C_D,pdb_00007zfb_A_B,False,195,1280
train,pdb_00009udq_I_C,pdb_00006s3d_C_D,False,59,1280
train,pdb_00009udq_F_A,pdb_00009oi3_H_L,False,169,1280
train,pdb_00009lho_T_S,pdb_00007xei_C_D,False,196,1280
train,pdb_00009lho_O_N,pdb_00007y89_S1_S2,False,331,1280
train,pdb_00009lho_I_H,pdb_00009jkt_S1_S2,False,337,1280
train,pdb_00009ik9_E1_E2,pdb_00002exw_E_F,False,886,1280
train,pdb_00009ik8_E1_E2,pdb_00006txz_H_L,False,109,1280
train,pdb_00008ywx_E_D,pdb_00007y67_S1_S2,False,340,1280
train,pdb_00008ejk_E1_E2,pdb_00004gxu_W_X,False,325,1280
train,pdb_00001kb5_H_L,pdb_00007mkm_H_L,False,188,1280
train,pdb_00009cq4_C_D,pdb_00007cvs_E_F,False,887,1280
train,pdb_00009cq4_H_L,pdb_00003lh2_J_N,False,136,1280
val,pdb_00001qle_H_L,pdb_00006cmg_C_B,False,428,1280
val,pdb_00001ar1_C_D,pdb_00006ymq_C1_C2,False,112,1280
val,pdb_00001uj3_B_A,pdb_00006ymq_E1_E2,False,112,1280
val,pdb_00001wej_H_L,pdb_00003cxh_U_V,False,185,1280
val,pdb_00003gi8_H_L,pdb_00007x8q_C_B,False,119,1280
val,pdb_00003skj_H_L,pdb_00008t07_E_F,False,199,1280
val,pdb_00007wgt_H_L,pdb_00004rrp_K_E,False,153,1280
val,pdb_00004xp6_H_L,pdb_00004xp9_H_L,False,537,1280
val,pdb_00004xp9_H_L,pdb_00008t06_E_F,False,199,1280
val,pdb_00004xnu_H_L,pdb_00009euo_H_L,False,532,1280
val,pdb_00006m0f_H_L,pdb_00006ikm_h1_h2,False,335,1280
val,pdb_00007wgd_H_L,pdb_00006ikm_d1_d2,False,335,1280
val,pdb_00004m48_H_L,pdb_00006a77_H_L,False,91,1280
val,pdb_00004xpg_H_L,pdb_00007x8q_F_E,False,119,1280
val,pdb_00004xpf_H_L,pdb_00001qle_H_L,False,252,1280
val,pdb_00006m2r_H_L,pdb_00007x8p_C_B,False,117,1280
val,pdb_00004xpa_H_L,pdb_00006ymq_D1_D2,False,227,1280
val,pdb_00006m0z_H_L,pdb_00007kyl_X_Y,False,93,1280
val,pdb_00009eup_H_L,pdb_00007ox2_J_K,False,119,1280
val,pdb_00007wlw_H_L,pdb_00005ucb_H_L,False,153,1280
val,pdb_00006m47_H_L,pdb_00007li6_B_C,False,539,1280
val,pdb_00009euo_H_L,pdb_00004xpg_H_L,False,533,1280
val,pdb_00004xp1_H_L,pdb_00006vx4_H_K,False,472,1280
val,pdb_00008gnk_H_L,pdb_00007kyl_H_L,False,93,1280
val,pdb_00004xph_H_L,pdb_00004xp4_H_L,False,534,1280
val,pdb_00004xnx_H_L,pdb_00003gi8_H_L,False,435,1280
val,pdb_00009cp4_H_L,pdb_00007wlw_H_L,False,536,1280
val,pdb_00004xp5_H_L,pdb_00006ikm_i1_i2,False,335,1280
val,pdb_00004xp4_H_L,pdb_00006a79_H_L,False,90,1280
val,pdb_00006m38_H_L,pdb_00009pns_B_C,False,537,1280
val,pdb_00004rrp_J_D,pdb_00006cmi_D_C,False,428,1280
val,pdb_00004rrp_K_E,pdb_00006ikm_m1_m2,False,335,1280
val,pdb_00006vrh_B_C,pdb_00006ikm_p1_p2,False,335,1280
val,pdb_00005uek_H_L,pdb_00008xc4_C_D,False,428,1280
val,pdb_00005uea_A_B,pdb_00006m2r_H_L,False,536,1280
val,pdb_00005ucb_H_L,pdb_00007txt_C_D,False,541,1280
val,pdb_00007li6_B_C,pdb_00006ikm_l1_l2,False,335,1280
val,pdb_00006ayz_R_C,pdb_00006ikm_e1_e2,False,335,1280
val,pdb_00009awe_B_D,pdb_00001ezv_X_Y,False,185,1280
val,pdb_00006cmi_D_C,pdb_00004m48_H_L,False,532,1280
val,pdb_00006cmg_C_B,pdb_00005uea_A_B,False,153,1280
val,pdb_00006a77_H_L,pdb_00006ikm_n1_n2,False,335,1280
val,pdb_00006a78_I_M,pdb_00004xnu_H_L,False,532,1280
val,pdb_00006a78_H_L,pdb_00001uj3_B_A,False,205,1280
val,pdb_00006a79_H_L,pdb_00009hco_H_L,False,541,1280
val,pdb_00006a79_I_M,pdb_00006ymq_A1_A2,False,114,1280
val,pdb_00009hco_H_L,pdb_00006ikm_f1_f2,False,335,1280
val,pdb_00006j5d_H_L,pdb_00001kyo_U_V,False,185,1280
val,pdb_00006j5f_H_L,pdb_00008k3c_C_D,False,471,1280
val,pdb_00006ikm_o1_o2,pdb_00004xph_H_L,False,534,1280
val,pdb_00006ikm_k1_k2,pdb_00006ymq_B1_B2,False,226,1280
val,pdb_00006ikm_c1_c2,pdb_00001kyo_J_K,False,185,1280
val,pdb_00006ikm_g1_g2,pdb_00006ikm_a1_a2,False,335,1280
val,pdb_00006ikm_r1_r2,pdb_00006a78_I_M,False,90,1280
val,pdb_00006ikm_e1_e2,pdb_00001ar1_C_D,False,252,1280
val,pdb_00006ikm_n1_n2,pdb_00001kb9_J_K,False,185,1280
val,pdb_00006ikm_l1_l2,pdb_00001wej_H_L,False,104,1280
val,pdb_00006ikm_i1_i2,pdb_00006a78_H_L,False,90,1280
val,pdb_00006ikm_f1_f2,pdb_00008ath_H_L,False,168,1280
val,pdb_00006ikm_b1_b2,pdb_00006j5d_H_L,False,94,1280
val,pdb_00006ikm_a1_a2,pdb_00006ikm_o1_o2,False,335,1280
val,pdb_00006ikm_m1_m2,pdb_00008xc4_E_F,False,428,1280
val,pdb_00006ikm_d1_d2,pdb_00006y6c_C1_C2,False,118,1280
val,pdb_00006ikm_h1_h2,pdb_00009eup_H_L,False,532,1280
val,pdb_00006ikm_p1_p2,pdb_00008k0d_C_D,False,402,1280
val,pdb_00006ikm_q1_q2,pdb_00009lue_H_L,False,426,1280
val,pdb_00006ikm_j1_j2,pdb_00008t06_C_D,False,199,1280
val,pdb_00006y6c_D1_D2,pdb_00009mq0_H_L,False,206,1280
val,pdb_00006ymq_E1_E2,pdb_00008y0r_H_L,False,208,1280
val,pdb_00006y6c_C1_C2,pdb_00006y6c_D1_D2,False,118,1280
val,pdb_00006ymq_C1_C2,pdb_00003cxh_J_K,False,185,1280
val,pdb_00006ymq_F1_F2,pdb_00007x8t_L_K,False,119,1280
val,pdb_00006ymq_D1_D2,pdb_00007v61_I_M,False,751,1280
val,pdb_00006ymq_B1_B2,pdb_00006ikm_b1_b2,False,335,1280
val,pdb_00006ymq_A1_A2,pdb_00006ikm_r1_r2,False,335,1280
val,pdb_00007d3r_H_L,pdb_00007x8t_I_H,False,119,1280
val,pdb_00006yye_C1_C2,pdb_00006ikm_c1_c2,False,335,1280
val,pdb_00006vx4_H_K,pdb_00008t03_C_D,False,199,1280
val,pdb_00007ox2_J_K,pdb_00009awe_B_D,False,153,1280
val,pdb_00009pns_B_C,pdb_00009lue_C_D,False,426,1280
val,pdb_00007txt_C_D,pdb_00004xp5_H_L,False,534,1280
val,pdb_00007lse_H_L,pdb_00008gnk_H_L,False,525,1280
val,pdb_00007lsg_H_L,pdb_00006ikm_k1_k2,False,335,1280
val,pdb_00007kyl_H_L,pdb_00007lsg_H_L,False,94,1280
val,pdb_00007kyl_X_Y,pdb_00007yix_D1_D2,False,482,1280
val,pdb_00008ath_H_L,pdb_00009lue_A_B,False,426,1280
val,pdb_00007v61_H_K,pdb_00004xpa_H_L,False,534,1280
val,pdb_00007v61_I_M,pdb_00004pd4_J_K,False,185,1280
val,pdb_00007x8t_L_K,pdb_00006ikm_q1_q2,False,335,1280
val,pdb_00007x8t_C_B,pdb_00008t07_C_D,False,199,1280
val,pdb_00007x8t_F_E,pdb_00008x0t_H_L,False,119,1280
val,pdb_00007x8t_I_H,pdb_00007wgd_H_L,False,536,1280
val,pdb_00007yix_C1_C2,pdb_00004xp1_H_L,False,535,1280
val,pdb_00007yix_D1_D2,pdb_00006m47_H_L,False,534,1280
val,pdb_00007x8q_F_E,pdb_00007v61_H_K,False,751,1280
val,pdb_00007x8q_C_B,pdb_00009cp4_H_L,False,538,1280
val,pdb_00008e7m_H_L,pdb_00008t03_E_F,False,199,1280
val,pdb_00007x8p_F_E,pdb_00004xp6_H_L,False,534,1280
val,pdb_00007x8p_C_B,pdb_00008tv1_D_E,False,303,1280
val,pdb_00008t03_E_F,pdb_00003cx5_U_V,False,185,1280
val,pdb_00008t06_C_D,pdb_00003skj_H_L,False,176,1280
val,pdb_00008t07_E_F,pdb_00007d3r_H_L,False,220,1280
val,pdb_00008t04_C_D,pdb_00006ayz_R_C,False,152,1280
val,pdb_00008t06_E_F,pdb_00006a79_I_M,False,90,1280
val,pdb_00008t03_C_D,pdb_00007x8p_F_E,False,117,1280
val,pdb_00008t07_C_D,pdb_00008k0d_E_F,False,402,1280
val,pdb_00008t04_E_F,pdb_00006ikm_g1_g2,False,335,1280
val,pdb_00008xc4_E_F,pdb_00007x8t_C_B,False,119,1280
val,pdb_00008k0d_E_F,pdb_00004rrp_J_D,False,156,1280
val,pdb_00008xc4_C_D,pdb_00008y0q_H_L,False,205,1280
val,pdb_00008k0d_C_D,pdb_00007wgt_H_L,False,536,1280
val,pdb_00008tv1_D_E,pdb_00004xnx_H_L,False,536,1280
val,pdb_00008y0r_H_L,pdb_00009mpz_H_L,False,425,1280
val,pdb_00008y0q_H_L,pdb_00006vrh_B_C,False,541,1280
val,pdb_00008x0t_H_L,pdb_00007yix_C1_C2,False,482,1280
val,pdb_00008k3c_C_D,pdb_00009wph_H_L,False,219,1280
val,pdb_00009lue_A_B,pdb_00008t04_C_D,False,199,1280
val,pdb_00009lue_H_L,pdb_00006m0f_H_L,False,534,1280
val,pdb_00009lue_C_D,pdb_00007lse_H_L,False,93,1280
val,pdb_00009mq0_H_L,pdb_00002ibz_X_Y,False,185,1280
val,pdb_00009mpz_H_L,pdb_00006m0z_H_L,False,536,1280
val,pdb_00003cx5_U_V,pdb_00004xpf_H_L,False,532,1280
val,pdb_00001kyo_J_K,pdb_00006j5f_H_L,False,94,1280
val,pdb_00002ibz_X_Y,pdb_00006yye_C1_C2,False,112,1280
val,pdb_00001kb9_J_K,pdb_00006ymq_F1_F2,False,112,1280
val,pdb_00001kyo_U_V,pdb_00006ikm_j1_j2,False,335,1280
val,pdb_00003cxh_J_K,pdb_00005uek_H_L,False,153,1280
val,pdb_00003cx5_J_K,pdb_00006m38_H_L,False,534,1280
val,pdb_00001ezv_X_Y,pdb_00003cx5_J_K,False,185,1280
val,pdb_00003cxh_U_V,pdb_00008t04_E_F,False,199,1280
val,pdb_00004pd4_J_K,pdb_00008e7m_H_L,False,598,1280
val,pdb_00009wph_H_L,pdb_00007x8t_F_E,False,119,1280
test,pdb_00001a14_H_L,pdb_00006s3t_R_Q,False,374,1280
test,pdb_000010or_U_V,pdb_00008dz4_O_P,False,88,1280
test,pdb_000010op_W_X,pdb_00003csy_A_B,False,98,1280
test,pdb_000010op_U_V,pdb_00009jil_H_L,False,305,1280
test,pdb_000010or_S_T,pdb_00006wir_A_B,False,89,1280
test,pdb_000010op_S_T,pdb_00008vkx_H_L,False,306,1280
test,pdb_000010or_W_X,pdb_00001nmc_B_C,False,388,1280
test,pdb_00001ynt_D_C,pdb_00009ck4_C_D,False,80,1280
test,pdb_00001ynt_B_A,pdb_00008dz3_C_D,False,56,1280
test,pdb_00001ob1_B_A,pdb_00006pzf_H_L,False,388,1280
test,pdb_00001ncd_H_L,pdb_00004zpt_A_B,False,208,1280
test,pdb_00001ncb_H_L,pdb_00006pcu_E2_E1,False,161,1280
test,pdb_00001nca_H_L,pdb_00008dz4_Q_R,False,88,1280
test,pdb_00001ncc_H_L,pdb_00006nms_H_L,False,116,1280
test,pdb_00001v7n_I_M,pdb_00007cn2_M_m,False,474,1280
test,pdb_00001v7n_J_N,pdb_00009dl0_H_Z,False,98,1280
test,pdb_00001v7m_H_L,pdb_00008iow_H_L,False,104,1280
test,pdb_00001v7n_K_O,pdb_00007v05_D_d,False,111,1280
test,pdb_00001v7m_I_M,pdb_00008r9y_H_L,False,114,1280
test,pdb_00001v7n_H_L,pdb_00005f72_T1_T2,False,285,1280
test,pdb_00001nmc_B_C,pdb_00006s3t_D_C,False,373,1280
test,pdb_00001nmc_H_L,pdb_00008tmg_H_L,False,687,1280
test,pdb_00001pkq_G_F,pdb_00008tmg_F_G,False,686,1280
test,pdb_00001pkq_B_A,pdb_00001ob1_B_A,False,95,1280
test,pdb_00003csy_A_B,pdb_00007v05_A_a,False,111,1280
test,pdb_00003b9k_D_C,pdb_00008dfh_H_L,False,92,1280
test,pdb_00003b9k_H_L,pdb_00006pcu_H2_H1,False,161,1280
test,pdb_00005hhv_H_L,pdb_00004plj_D_C,False,296,1280
test,pdb_00002xwt_A_B,pdb_00009goy_H_L,False,245,1280
test,pdb_00003ab0_E_F,pdb_00007yv1_H_L,False,169,1280
test,pdb_00003ab0_B_C,pdb_00006fxn_H_I,False,289,1280
test,pdb_00003raj_H_L,pdb_00009fnt_E_F,False,144,1280
test,pdb_00004cmh_B_C,pdb_00008tmn_H_L,False,687,1280
test,pdb_00003w9e_A_B,pdb_00008tmm_F_G,False,687,1280
test,pdb_00003rkd_H_L,pdb_00007v05_N_n,False,111,1280
test,pdb_00003rkd_D_C,pdb_00006c6y_A_B,False,208,1280
test,pdb_00009iy2_D_C,pdb_00004qnp_E_F,False,773,1280
test,pdb_00009iy2_H_L,pdb_00006qd7_U_P,False,130,1280
test,pdb_00005vph_D_C,pdb_00007k7i_M_N,False,229,1280
test,pdb_00003ve0_A_B,pdb_00008tmc_H_L,False,693,1280
test,pdb_00003v7a_E_H,pdb_00008yvl_I_E,False,775,1280
test,pdb_00004nzr_H_L,pdb_00008v9d_K_L,False,447,1280
test,pdb_00004g6j_H_L,pdb_00008e6k_E_I,False,385,1280
test,pdb_00004ij3_C_B,pdb_00008tmh_F_G,False,683,1280
test,pdb_00004lvo_C_B,pdb_00007v05_M_m,False,111,1280
test,pdb_00004lvn_C_B,pdb_00006q23_G_I,False,384,1280
test,pdb_00004g6m_H_L,pdb_00001v7n_I_M,False,138,1280
test,pdb_00004plj_H_L,pdb_00006ztr_H_L,False,214,1280
test,pdb_00004plj_D_C,pdb_00007v05_F_f,False,111,1280
test,pdb_00004qnp_E_F,pdb_00004zpv_H_L,False,208,1280
test,pdb_00004qnp_H_L,pdb_00009b6s_H_L,False,51,1280
test,pdb_00005d96_C_B,pdb_00004lvn_C_B,False,336,1280
test,pdb_00005bjz_C_L,pdb_00003ab0_E_F,False,136,1280
test,pdb_00004zpv_A_B,pdb_00004zs6_H_L,False,207,1280
test,pdb_00004zpt_A_B,pdb_00008eb2_J_L,False,274,1280
test,pdb_00004zpv_H_L,pdb_00009kod_I_J,False,775,1280
test,pdb_00004zpt_H_L,pdb_00008pmz_D1_D2,False,151,1280
test,pdb_00004zs6_H_L,pdb_00008r9z_B_C,False,114,1280
test,pdb_00004zs6_C_D,pdb_00008g3z_J_K,False,390,1280
test,pdb_00004xak_H_L,pdb_00004qnp_H_L,False,386,1280
test,pdb_00004xak_D_E,pdb_00006bit_I_K,False,115,1280
test,pdb_00005d72_H_L,pdb_00008tmq_H_L,False,688,1280
test,pdb_00005f72_T1_T2,pdb_00006nmr_J_K,False,112,1280
test,pdb_00005f72_S1_S2,pdb_00001ynt_D_C,False,252,1280
test,pdb_00006hf1_C_B,pdb_00009jil_E_F,False,305,1280
test,pdb_00005d93_C_B,pdb_00006mb3_B_M,False,90,1280
test,pdb_00006hf1_F_E,pdb_00008tq5_H_L,False,368,1280
test,pdb_00005d1q_B_A,pdb_00006x87_E_F,False,61,1280
test,pdb_00005d1q_C_D,pdb_00008pmz_B1_B2,False,147,1280
test,pdb_00005bk1_H_L,pdb_00008w9j_H_L,False,155,1280
test,pdb_00005gru_H1_L2,pdb_00005d1q_B_A,False,118,1280
test,pdb_00005lqb_H_L,pdb_00008pmy_A_L,False,146,1280
test,pdb_00005mhr_P_O,pdb_00008tmc_F_G,False,687,1280
test,pdb_00005mhr_N_G,pdb_00006fxn_O_P,False,289,1280
test,pdb_00005mhr_M_L,pdb_00005mev_H_L,False,151,1280
test,pdb_00005mhr_R_Q,pdb_00008tmi_H_L,False,684,1280
test,pdb_00005mhr_I_H,pdb_00006nmr_A_B,False,112,1280
test,pdb_00005mes_H_L,pdb_00009kod_K_L,False,775,1280
test,pdb_00006qb6_H_L,pdb_00009jio_E_F,False,293,1280
test,pdb_00005mev_H_L,pdb_00008dz3_M_N,False,56,1280
test,pdb_00008av9_H_L,pdb_00007t0l_G_K,False,376,1280
test,pdb_00005otj_B_A,pdb_00008tmo_H_L,False,686,1280
test,pdb_00005otj_H_L,pdb_00005bjz_C_L,False,367,1280
test,pdb_00006fxn_M_N,pdb_00005vph_D_C,False,222,1280
test,pdb_00006fxn_H_I,pdb_00006r2s_B_A,False,299,1280
test,pdb_00006fxn_Q_R,pdb_00009eze_B_C,False,123,1280
test,pdb_00005y9j_H_L,pdb_00007k7i_X_Y,False,229,1280
test,pdb_00006fxn_D_E,pdb_00008yj7_G1_G2,False,279,1280
test,pdb_00006fxn_F_G,pdb_00006umg_h_l,False,193,1280
test,pdb_00006fxn_O_P,pdb_00006x87_M_N,False,61,1280
test,pdb_00006bfs_H_L,pdb_00008dz4_U_V,False,88,1280
test,pdb_00005vcn_D_C,pdb_00008dyx_C_D,False,90,1280
test,pdb_00005vcn_F_E,pdb_00005d93_C_B,False,240,1280
test,pdb_00005w2b_H_L,pdb_00006bfs_H_L,False,112,1280
test,pdb_00005vkd_H_L,pdb_00005mhr_M_L,False,326,1280
test,pdb_00006bp2_H_L,pdb_00008dz3_A_B,False,56,1280
test,pdb_00008dyx_U_V,pdb_00008dki_A_B,False,334,1280
test,pdb_00008dyx_E_F,pdb_00008f5i_H_L,False,91,1280
test,pdb_00008dyx_W_X,pdb_00006mb3_I_R,False,90,1280
test,pdb_00008dyx_S_T,pdb_00009iy2_G_I,False,146,1280
test,pdb_00008dyx_H_L,pdb_00008dz4_E_F,False,88,1280
test,pdb_00008dyx_Q_R,pdb_00008yvk_I_J,False,779,1280
test,pdb_00008dyx_Y_Z,pdb_00009osr_I_M,False,386,1280
test,pdb_00008dyx_A_B,pdb_00008g3z_G_I,False,390,1280
test,pdb_00008dyx_O_P,pdb_00001pkq_B_A,False,121,1280
test,pdb_00008dyx_M_N,pdb_00008w9j_B_A,False,155,1280
test,pdb_00008dyx_C_D,pdb_00005d1q_C_D,False,118,1280
test,pdb_00005x0t_A_B,pdb_00008tmk_H_L,False,688,1280
test,pdb_00005x0t_C_D,pdb_00008u1q_H_L,False,387,1280
test,pdb_00006c6y_A_B,pdb_00008yvl_L_F,False,775,1280
test,pdb_00006c6y_H_L,pdb_00008tmd_H_L,False,683,1280
test,pdb_00005yy5_H_L,pdb_00007v05_H_h,False,111,1280
test,pdb_00005yy5_C_D,pdb_00008dz4_H_L,False,88,1280
test,pdb_00006bit_J_L,pdb_00008ez7_H_L,False,388,1280
test,pdb_00006bit_I_K,pdb_00008dcn_A_B,False,121,1280
test,pdb_00006fs0_H_L,pdb_00006wio_A_B,False,102,1280
test,pdb_00006ewb_G_I,pdb_00009g4e_C_D,False,783,1280
test,pdb_00006ewb_H_L,pdb_00006n81_H_L,False,613,1280
test,pdb_00006ewb_E_F,pdb_00009jif_H_L,False,295,1280
test,pdb_00006ewb_J_K,pdb_00009iy2_H_L,False,146,1280
test,pdb_00006oz9_H_L,pdb_00005mes_H_L,False,151,1280
test,pdb_00006umg_H_L,pdb_00007chy_H_L,False,150,1280
test,pdb_00006umg_h_l,pdb_00009s6u_H_L,False,545,1280
test,pdb_00006n81_H_L,pdb_00002xwt_A_B,False,234,1280
test,pdb_00006n81_C_D,pdb_00008gav_H_L,False,387,1280
test,pdb_00006r2s_B_A,pdb_00003ve0_A_B,False,105,1280
test,pdb_00009eze_B_C,pdb_00008av9_H_L,False,157,1280
test,pdb_00006qd7_X_Z,pdb_00008dyx_S_T,False,90,1280
test,pdb_00006qd7_H_L,pdb_00005vkd_H_L,False,102,1280
test,pdb_00006qd7_U_P,pdb_000011zw_H_L,False,113,1280
test,pdb_00006mb3_J_S,pdb_00007xy8_H_L,False,181,1280
test,pdb_00006mb3_H_L,pdb_00007k7i_J_K,False,229,1280
test,pdb_00006mb3_F_P,pdb_00007kzz_F_E,False,281,1280
test,pdb_00006mb3_C_N,pdb_000010or_W_X,False,245,1280
test,pdb_00006mb3_A_K,pdb_00008dkm_A_B,False,334,1280
test,pdb_00006mb3_I_R,pdb_00007v05_B_b,False,111,1280
test,pdb_00006mb3_G_Q,pdb_00008yvk_K_L,False,779,1280
test,pdb_00006mb3_D_O,pdb_00007ums_Z_AA,False,455,1280
test,pdb_00006mb3_B_M,pdb_00003raj_H_L,False,230,1280
test,pdb_00006nha_H_L,pdb_00001pkq_G_F,False,118,1280
test,pdb_00009nr6_F1_F2,pdb_00008g3z_H_L,False,390,1280
test,pdb_00009nr6_E1_E2,pdb_00006nmt_B_A,False,115,1280
test,pdb_00006pzf_H_L,pdb_00007k7i_P_Q,False,229,1280
test,pdb_00006pzf_F_E,pdb_00009d3j_E_F,False,50,1280
test,pdb_00006n8d_F_E,pdb_00008yvk_G_H,False,779,1280
test,pdb_00006n8d_D_B,pdb_00009dl0_A_Y,False,92,1280
test,pdb_00006pcu_H2_H1,pdb_00006p9h_C_D,False,114,1280
test,pdb_00006pcu_B2_B1,pdb_00006mb3_J_S,False,90,1280
test,pdb_00006pcu_E2_E1,pdb_00008tq8_H_L,False,273,1280
test,pdb_00006s3t_E_I,pdb_00008e6k_F_J,False,385,1280
test,pdb_00006s3t_D_C,pdb_00009jie_H_L,False,152,1280
test,pdb_00006s3t_R_Q,pdb_00009osr_H_L,False,386,1280
test,pdb_00006s3t_N_M,pdb_00008dyx_M_N,False,90,1280
test,pdb_00006q23_E_F,pdb_00008g3v_B_M,False,388,1280
test,pdb_00006q23_J_K,pdb_00009dh2_G_H,False,248,1280
test,pdb_00006q23_G_I,pdb_00008v9d_M_N,False,447,1280
test,pdb_00006q23_H_L,pdb_00007v05_K_k,False,111,1280
test,pdb_00006p9h_C_D,pdb_00004g6j_H_L,False,149,1280
test,pdb_00006p9h_H_L,pdb_00009md2_F_J,False,777,1280
test,pdb_00006x87_G_H,pdb_00006q23_J_K,False,384,1280
test,pdb_00006x87_K_L,pdb_00003b9k_H_L,False,117,1280
test,pdb_00006x87_I_J,pdb_00008tq7_H_L,False,273,1280
test,pdb_00006x87_E_F,pdb_00007k7i_H_L,False,229,1280
test,pdb_00006x87_A_B,pdb_00006hf1_C_B,False,238,1280
test,pdb_00006x87_M_N,pdb_00001v7n_H_L,False,145,1280
test,pdb_00006x87_C_D,pdb_00008yvl_J_H,False,775,1280
test,pdb_00006wir_A_B,pdb_00008ds5_C_B,False,96,1280
test,pdb_00006wio_A_B,pdb_00001v7n_K_O,False,138,1280
test,pdb_00007duo_H_L,pdb_00003rkd_H_L,False,146,1280
test,pdb_00007cn2_M_m,pdb_00006bp2_H_L,False,148,1280
test,pdb_00006ye3_G_H,pdb_00008ez8_H_L,False,388,1280
test,pdb_00006ye3_D_E,pdb_00008tmk_F_G,False,683,1280
test,pdb_00006ye3_A_B,pdb_00005d96_C_B,False,237,1280
test,pdb_00007chy_H_L,pdb_00009jii_F_E,False,152,1280
test,pdb_00006ztr_H_L,pdb_00009hud_H_L,False,332,1280
test,pdb_00006ztr_A_B,pdb_00008dyx_W_X,False,90,1280
test,pdb_00007chz_H_L,pdb_00009jik_C_D,False,151,1280
test,pdb_00007ums_Z_AA,pdb_00008g3v_D_O,False,388,1280
test,pdb_00007ums_AB_AC,pdb_00009jio_H_L,False,293,1280
test,pdb_00008qot_H_L,pdb_00005d1x_C_D,False,115,1280
test,pdb_00009d3j_A_B,pdb_00008df1_U_V,False,362,1280
test,pdb_00009d3j_E_F,pdb_00009jin_H_L,False,303,1280
test,pdb_00007k7i_P_Q,pdb_00009dpc_H_L,False,387,1280
test,pdb_00007k7i_X_Y,pdb_00009dh2_K_L,False,123,1280
test,pdb_00007k7i_M_N,pdb_00003rkd_D_C,False,145,1280
test,pdb_00007k7i_J_K,pdb_00006mb3_F_P,False,90,1280
test,pdb_00007k7i_H_L,pdb_00009osr_K_R,False,387,1280
test,pdb_00009ihc_H_L,pdb_00004plj_H_L,False,296,1280
test,pdb_00009pzi_F_E,pdb_000010or_U_V,False,245,1280
test,pdb_00007kzz_F_E,pdb_00008dyx_U_V,False,90,1280
test,pdb_00007kzz_D_C,pdb_00003ab0_B_C,False,136,1280
test,pdb_00007t0l_G_K,pdb_00009md2_G_K,False,777,1280
test,pdb_00007t0l_H_L,pdb_00007y1b_H_L,False,114,1280
test,pdb_00008dz3_C_D,pdb_00003b9k_D_C,False,117,1280
test,pdb_00008dz3_H_L,pdb_00001v7n_J_N,False,139,1280
test,pdb_00008dz3_M_N,pdb_00009jqy_H_L,False,281,1280
test,pdb_00008dz3_O_P,pdb_000010or_S_T,False,245,1280
test,pdb_00008dz3_Q_R,pdb_00009l1p_H_L,False,116,1280
test,pdb_00008dz3_A_B,pdb_00009nr6_F1_F2,False,371,1280
test,pdb_00008dz3_E_F,pdb_00006ewb_H_L,False,614,1280
test,pdb_00008g3z_H_L,pdb_00009o4n_E_I,False,775,1280
test,pdb_00008g3z_E_F,pdb_00006n8d_D_B,False,306,1280
test,pdb_00008g3z_J_K,pdb_00009ihc_H_L,False,119,1280
test,pdb_00008g3z_G_I,pdb_00008pn0_H_L,False,458,1280
test,pdb_00007v05_C_c,pdb_00006p9h_H_L,False,115,1280
test,pdb_00007v05_J_j,pdb_00008dyx_O_P,False,90,1280
test,pdb_00007v05_G_g,pdb_00008f5i_X_Y,False,91,1280
test,pdb_00007v05_E_e,pdb_00009jq6_J_K,False,215,1280
test,pdb_00007v05_D_d,pdb_00008vgq_H_L,False,167,1280
test,pdb_00007v05_B_b,pdb_00009mjb_H_L,False,383,1280
test,pdb_00007v05_M_m,pdb_00008tmf_H_L,False,687,1280
test,pdb_00007v05_I_i,pdb_00006n8d_F_E,False,306,1280
test,pdb_00007v05_A_a,pdb_00006q23_H_L,False,384,1280
test,pdb_00007v05_H_h,pdb_00008dcn_D_E,False,121,1280
test,pdb_00007v05_L_l,pdb_00009kod_E_F,False,775,1280
test,pdb_00007v05_K_k,pdb_00005x0t_C_D,False,78,1280
test,pdb_00007v05_N_n,pdb_00008v91_J_I,False,447,1280
test,pdb_00007v05_F_f,pdb_00008df1_S_T,False,362,1280
test,pdb_00008a44_C_D,pdb_00009jik_H_L,False,151,1280
test,pdb_00007y1b_H_L,pdb_00001v7m_I_M,False,145,1280
test,pdb_00008dcn_A_B,pdb_00007v05_L_l,False,111,1280
test,pdb_00008dcn_D_E,pdb_00007kzz_D_C,False,281,1280
test,pdb_00008e6j_G_K,pdb_00006ewb_J_K,False,620,1280
test,pdb_00008e6j_E_I,pdb_00008pn0_A_B,False,302,1280
test,pdb_00008e6j_H_L,pdb_00008vc7_B_A,False,215,1280
test,pdb_00008e6j_F_J,pdb_00009o4n_G_K,False,775,1280
test,pdb_00008g3v_A_L,pdb_00006qb6_H_L,False,159,1280
test,pdb_00008g3v_C_N,pdb_00008vc7_J_D,False,215,1280
test,pdb_00008g3v_B_M,pdb_00009jie_C_D,False,152,1280
test,pdb_00008g3v_D_O,pdb_00009uvi_B_A,False,99,1280
test,pdb_00008gav_H_L,pdb_00008dyx_A_B,False,90,1280
test,pdb_00008dfg_I_M,pdb_00009jim_C_D,False,151,1280
test,pdb_00008dfg_H_L,pdb_00001nmc_H_L,False,388,1280
test,pdb_00008dki_A_B,pdb_00005d1x_B_A,False,115,1280
test,pdb_00008dkw_A_B,pdb_00008tmh_H_L,False,688,1280
test,pdb_00008dke_A_B,pdb_00008dz4_M_N,False,88,1280
test,pdb_00008dkx_A_B,pdb_000010op_W_X,False,245,1280
test,pdb_00008dkm_A_B,pdb_00008dfg_I_M,False,90,1280
test,pdb_00008dfh_H_L,pdb_00008e6j_G_K,False,771,1280
test,pdb_00008e6k_E_I,pdb_00005otj_B_A,False,68,1280
test,pdb_00008e6k_G_K,pdb_00008dkw_A_B,False,334,1280
test,pdb_00008e6k_F_J,pdb_00009n8f_H_L,False,155,1280
test,pdb_00008e6k_H_L,pdb_00004lvo_C_B,False,336,1280
test,pdb_00007xy8_I_M,pdb_00009jig_E_F,False,297,1280
test,pdb_00007xy8_H_L,pdb_00005lqb_H_L,False,128,1280
test,pdb_00008ds5_C_B,pdb_00005vcn_D_C,False,222,1280
test,pdb_00008ez7_H_L,pdb_00006nmu_B_A,False,114,1280
test,pdb_00007z4t_H_L,pdb_00006umg_H_L,False,81,1280
test,pdb_00007yv1_H_L,pdb_00004xak_H_L,False,211,1280
test,pdb_00008f5i_H_L,pdb_00007t0l_H_L,False,376,1280
test,pdb_00008f5i_X_Y,pdb_000010op_U_V,False,245,1280
test,pdb_00008dz4_C_D,pdb_00008a44_C_D,False,293,1280
test,pdb_00008dz4_E_F,pdb_00005d72_H_L,False,115,1280
test,pdb_00008dz4_A_B,pdb_00008tml_F_G,False,685,1280
test,pdb_00008dz4_O_P,pdb_00008yvl_K_G,False,775,1280
test,pdb_00008dz4_M_N,pdb_00009b6s_h_l,False,51,1280
test,pdb_00008dz4_S_T,pdb_00006mb3_D_O,False,90,1280
test,pdb_00008dz4_Q_R,pdb_00003w9e_A_B,False,229,1280
test,pdb_00008dz4_U_V,pdb_00005bk1_H_L,False,366,1280
test,pdb_00008dz4_W_X,pdb_00008dke_A_B,False,334,1280
test,pdb_00008dz4_Y_Z,pdb_00009mi6_H_L,False,366,1280
test,pdb_00008dz4_H_L,pdb_00008eb2_N_O,False,275,1280
test,pdb_00008ez8_H_L,pdb_00008dz3_Q_R,False,56,1280
test,pdb_00008eb2_J_L,pdb_00001ncc_H_L,False,389,1280
test,pdb_00008eb2_N_O,pdb_00001ncd_H_L,False,389,1280
test,pdb_00008eb2_K_M,pdb_00006fxn_F_G,False,289,1280
test,pdb_00008df1_M_N,pdb_00004ij3_C_B,False,237,1280
test,pdb_00008df1_U_V,pdb_00008dz4_Y_Z,False,88,1280
test,pdb_00008df1_S_T,pdb_00007v05_C_c,False,111,1280
test,pdb_00008df1_H_L,pdb_00009jif_C_D,False,295,1280
test,pdb_00008df1_O_P,pdb_00008tmm_H_L,False,687,1280
test,pdb_00008df1_Q_R,pdb_00006qd7_H_L,False,130,1280
test,pdb_00008iow_H_L,pdb_00009df0_H_L,False,112,1280
test,pdb_00008w9j_H_L,pdb_00008qot_H_L,False,287,1280
test,pdb_00008w9j_B_A,pdb_00009hkq_D_E,False,98,1280
test,pdb_00008vc7_B_A,pdb_00008df1_O_P,False,362,1280
test,pdb_00008vc7_J_D,pdb_00006pzf_F_E,False,388,1280
test,pdb_00008vrs_C2_C1,pdb_00006x87_G_H,False,61,1280
test,pdb_00008vrs_D2_D1,pdb_00008tme_H_L,False,687,1280
test,pdb_00008tmi_H_L,pdb_00004zs6_C_D,False,207,1280
test,pdb_00008tmg_H_L,pdb_00009dh2_P_Q,False,123,1280
test,pdb_00008tmo_H_L,pdb_00009jim_H_L,False,151,1280
test,pdb_00008tmh_F_G,pdb_00009np0_B_C,False,304,1280
test,pdb_00008tml_H_L,pdb_00003v7a_E_H,False,315,1280
test,pdb_00008tmp_H_L,pdb_00008dz3_O_P,False,56,1280
test,pdb_00008tmm_H_L,pdb_00006mb3_G_Q,False,90,1280
test,pdb_00008tmq_H_L,pdb_00004nzr_H_L,False,391,1280
test,pdb_00008tmn_H_L,pdb_00006ye3_D_E,False,130,1280
test,pdb_00008tml_F_G,pdb_00007ums_AB_AC,False,455,1280
test,pdb_00008tmf_H_L,pdb_00006nms_B_A,False,117,1280
test,pdb_00008tmd_H_L,pdb_00009o4n_H_L,False,775,1280
test,pdb_00008tmg_F_G,pdb_00009jqz_H_L,False,281,1280
test,pdb_00008tmm_F_G,pdb_00008g3v_C_N,False,388,1280
test,pdb_00008tmj_F_G,pdb_00009pzi_F_E,False,122,1280
test,pdb_00008tmi_F_G,pdb_00005y9j_H_L,False,144,1280
test,pdb_00008tmh_H_L,pdb_00001nca_H_L,False,389,1280
test,pdb_00008tmj_H_L,pdb_00006nmr_F_G,False,112,1280
test,pdb_00008tmk_F_G,pdb_00008yvk_E_F,False,779,1280
test,pdb_00008tme_H_L,pdb_00006ye3_A_B,False,131,1280
test,pdb_00008tmk_H_L,pdb_00006mb3_A_K,False,90,1280
test,pdb_00008vkx_H_L,pdb_00006x87_I_J,False,61,1280
test,pdb_00008vgq_H_L,pdb_00006fxn_M_N,False,289,1280
test,pdb_00008t05_C_D,pdb_00008r9y_B_C,False,114,1280
test,pdb_00008r9y_B_C,pdb_00008yj7_H1_H2,False,279,1280
test,pdb_00008r9z_B_C,pdb_00007v05_I_i,False,111,1280
test,pdb_00008r9y_H_L,pdb_000010op_S_T,False,245,1280
test,pdb_00008pmz_D1_D2,pdb_00008tmj_F_G,False,685,1280
test,pdb_00008pmz_B1_B2,pdb_00009pd2_H_L,False,130,1280
test,pdb_00008u1q_H_L,pdb_00005mhr_P_O,False,326,1280
test,pdb_00008tq8_H_L,pdb_00008tmp_H_L,False,687,1280
test,pdb_00008tq7_H_L,pdb_00005hhv_H_L,False,90,1280
test,pdb_00008tq7_F_G,pdb_00008dz3_H_L,False,56,1280
test,pdb_00008t6m_B_A,pdb_00006s3t_N_M,False,374,1280
test,pdb_00009d72_H_L,pdb_00006s3t_E_I,False,374,1280
test,pdb_00008pn0_A_B,pdb_00006ewb_E_F,False,614,1280
test,pdb_00008pn0_H_L,pdb_00005gru_H1_L2,False,360,1280
test,pdb_00008r9z_H_L,pdb_00009iy2_E_F,False,145,1280
test,pdb_00008tmc_H_L,pdb_00004xak_D_E,False,211,1280
test,pdb_00008tmc_F_G,pdb_00009osr_J_N,False,387,1280
test,pdb_00008v9d_M_N,pdb_00009dh2_A_D,False,248,1280
test,pdb_00008v9d_K_L,pdb_00008dfg_H_L,False,90,1280
test,pdb_00008v9d_I_J,pdb_00001v7m_H_L,False,145,1280
test,pdb_00008tq5_H_L,pdb_00009jij_E_F,False,147,1280
test,pdb_00008v91_J_I,pdb_00005w2b_H_L,False,97,1280
test,pdb_00009dbo_H_L,pdb_00004zpt_H_L,False,208,1280
test,pdb_00009mi6_H_L,pdb_00007v05_E_e,False,111,1280
test,pdb_00009hud_H_L,pdb_00007chz_H_L,False,151,1280
test,pdb_00009jie_C_D,pdb_00006nmr_H_L,False,113,1280
test,pdb_00009jig_E_F,pdb_00008v9d_I_J,False,447,1280
test,pdb_00009jig_H_L,pdb_00009nr6_E1_E2,False,373,1280
test,pdb_00009jif_H_L,pdb_00008vrs_C2_C1,False,390,1280
test,pdb_00009jie_H_L,pdb_00005mhr_R_Q,False,326,1280
test,pdb_00009jif_C_D,pdb_00009jin_C_D,False,303,1280
test,pdb_00009jii_F_E,pdb_00005mhr_I_H,False,326,1280
test,pdb_00009jii_H_L,pdb_00006ewb_G_I,False,620,1280
test,pdb_00009jij_H_L,pdb_00008dz4_W_X,False,88,1280
test,pdb_00009jij_E_F,pdb_00008hs2_B_C,False,287,1280
test,pdb_00008yvk_E_F,pdb_00008df1_Q_R,False,362,1280
test,pdb_00009kod_G_H,pdb_00008dz4_S_T,False,88,1280
test,pdb_00009kod_K_L,pdb_00009iy2_D_C,False,145,1280
test,pdb_00008yvk_G_H,pdb_00006pcu_B2_B1,False,162,1280
test,pdb_00008yvk_I_J,pdb_00007z4t_H_L,False,151,1280
test,pdb_00008yvk_K_L,pdb_00009e6k_H_L,False,115,1280
test,pdb_00009kod_E_F,pdb_00007v05_J_j,False,111,1280
test,pdb_00009kod_I_J,pdb_00009qqf_H_L,False,275,1280
test,pdb_00009l1p_H_L,pdb_00008e6j_F_J,False,771,1280
test,pdb_00009e6k_H_L,pdb_00006mb3_C_N,False,90,1280
test,pdb_00008yvl_I_E,pdb_00006fxn_Q_R,False,289,1280
test,pdb_00008yvl_K_G,pdb_00008e6k_H_L,False,385,1280
test,pdb_00008yvl_L_F,pdb_00006oz9_H_L,False,272,1280
test,pdb_00008yvl_J_H,pdb_00006ye3_G_H,False,131,1280
test,pdb_00009jin_C_D,pdb_00008e6j_H_L,False,771,1280
test,pdb_00009jin_H_L,pdb_00008dyx_Q_R,False,90,1280
test,pdb_00009mjb_H_L,pdb_00006q23_E_F,False,384,1280
test,pdb_00009jq6_J_K,pdb_00009kod_G_H,False,775,1280
test,pdb_00009jq6_H_I,pdb_00009jig_H_L,False,297,1280
test,pdb_00009dpc_H_L,pdb_00006mb3_H_L,False,90,1280
test,pdb_00009jio_E_F,pdb_00009ck4_A_B,False,80,1280
test,pdb_00009jio_H_L,pdb_00008dyx_Y_Z,False,90,1280
test,pdb_00009b2c_H_L,pdb_00009gsl_B3_B1,False,305,1280
test,pdb_00009md2_F_J,pdb_00008e6k_G_K,False,385,1280
test,pdb_00009md2_G_K,pdb_00005vcn_F_E,False,222,1280
test,pdb_00009iy2_G_I,pdb_00006x87_A_B,False,61,1280
test,pdb_00009iy2_E_F,pdb_00009jq6_H_I,False,215,1280
test,pdb_00009fns_E_F,pdb_00005yy5_C_D,False,209,1280
test,pdb_00009fns_C_D,pdb_00009b2c_H_L,False,110,1280
test,pdb_00008yj7_G1_G2,pdb_00006fs0_H_L,False,156,1280
test,pdb_00008yj7_H1_H2,pdb_00007v05_G_g,False,111,1280
test,pdb_00009gfr_H_L,pdb_00004cmh_B_C,False,240,1280
test,pdb_00009jil_E_F,pdb_00008t05_C_D,False,201,1280
test,pdb_00009jil_H_L,pdb_00008dyx_H_L,False,90,1280
test,pdb_00009jim_H_L,pdb_00008tmj_H_L,False,688,1280
test,pdb_00009jim_C_D,pdb_00009l9y_A_B,False,147,1280
test,pdb_00009dl0_H_Z,pdb_00009ck4_E_F,False,80,1280
test,pdb_00009dl0_A_Y,pdb_00006nha_H_L,False,99,1280
test,pdb_00009g4e_C_D,pdb_00006nmv_H_L,False,116,1280
test,pdb_00009hkq_D_E,pdb_00005yy5_H_L,False,209,1280
test,pdb_00009jik_C_D,pdb_00006fxn_D_E,False,289,1280
test,pdb_00009jik_H_L,pdb_00004g6m_H_L,False,150,1280
test,pdb_00009fnt_C_D,pdb_00006hf1_F_E,False,238,1280
test,pdb_00009fnt_E_F,pdb_00001ncb_H_L,False,389,1280
test,pdb_00009df0_H_L,pdb_00008g3v_A_L,False,388,1280
test,pdb_00009goy_H_L,pdb_00009jij_H_L,False,147,1280
test,pdb_00009l9y_H_L,pdb_00008dz4_A_B,False,88,1280
test,pdb_00009l9y_A_B,pdb_00009d3j_A_B,False,56,1280
test,pdb_00009ck4_C_D,pdb_00008tmi_F_G,False,687,1280
test,pdb_00009ck4_A_B,pdb_00006n81_C_D,False,613,1280
test,pdb_00009ck4_E_F,pdb_00006x87_C_D,False,61,1280
test,pdb_00009b6s_H_L,pdb_00006ztr_A_B,False,213,1280
test,pdb_00009b6s_h_l,pdb_00009gfr_H_L,False,256,1280
test,pdb_00009dh2_P_Q,pdb_00008e6j_E_I,False,771,1280
test,pdb_00009dh2_K_L,pdb_00008t6m_B_A,False,181,1280
test,pdb_00009dh2_A_D,pdb_00009o4n_F_J,False,775,1280
test,pdb_00009dh2_G_H,pdb_00001ynt_B_A,False,252,1280
test,pdb_00009uvi_B_A,pdb_00008df1_H_L,False,362,1280
test,pdb_00009np0_B_C,pdb_00007duo_H_L,False,229,1280
test,pdb_00009osr_H_L,pdb_00008dyx_E_F,False,90,1280
test,pdb_00009osr_I_M,pdb_00009d72_H_L,False,98,1280
test,pdb_00009osr_J_N,pdb_00008g3z_E_F,False,390,1280
test,pdb_00009osr_K_R,pdb_00009l9y_H_L,False,146,1280
test,pdb_00009o4n_F_J,pdb_00005mhr_N_G,False,327,1280
test,pdb_00009o4n_G_K,pdb_00008df1_M_N,False,362,1280
test,pdb_00009o4n_H_L,pdb_00006qd7_X_Z,False,130,1280
test,pdb_00009o4n_E_I,pdb_00009fnt_C_D,False,144,1280
test,pdb_00009s6u_H_L,pdb_00009fns_E_F,False,143,1280
test,pdb_00009pd2_H_L,pdb_00009dbo_H_L,False,93,1280
test,pdb_00009n8f_H_L,pdb_00005otj_H_L,False,69,1280
test,pdb_00006nmu_H_L,pdb_00007xy8_I_M,False,100,1280
test,pdb_00006nmu_B_A,pdb_00004zpv_A_B,False,207,1280
test,pdb_00006nmv_H_L,pdb_00009fns_C_D,False,143,1280
test,pdb_00006nms_H_L,pdb_00008vrs_D2_D1,False,390,1280
test,pdb_00006nms_B_A,pdb_00008dkx_A_B,False,334,1280
test,pdb_00006nmr_H_L,pdb_00006bit_J_L,False,115,1280
test,pdb_00006nmr_J_K,pdb_00006c6y_H_L,False,208,1280
test,pdb_00006nmr_F_G,pdb_00005x0t_A_B,False,78,1280
test,pdb_00006nmr_A_B,pdb_00008r9z_H_L,False,114,1280
test,pdb_00006nmt_B_A,pdb_00008dz4_C_D,False,88,1280
test,pdb_00009jqz_H_L,pdb_00008eb2_K_M,False,275,1280
test,pdb_00009jqy_H_L,pdb_00006nmu_H_L,False,114,1280
test,pdb_00008hs2_B_C,pdb_00008tq7_F_G,False,273,1280
test,pdb_00005d1x_C_D,pdb_00005f72_S1_S2,False,285,1280
test,pdb_00005d1x_B_A,pdb_00008tml_H_L,False,688,1280
test,pdb_000011zw_H_L,pdb_00008dz3_E_F,False,56,1280
test,pdb_00009qqf_H_L,pdb_00009jii_H_L,False,152,1280
test,pdb_00008pmy_A_L,pdb_00006x87_K_L,False,61,1280
test,pdb_00009gsl_B3_B1,pdb_00001a14_H_L,False,388,1280
