iteration,epoch,phase,loss,record_id
1,0,train,3.295665979385376,pdb_00005hbv_D_C
2,0,train,3.0428237915039062,pdb_00009ldw_S1_S2
3,0,train,2.969310998916626,pdb_00003eoa_B_A
4,0,train,3.0558457374572754,pdb_00009mq9_J_N
5,0,train,2.810335636138916,pdb_00008smt_A_B
6,0,train,2.9177231788635254,pdb_00002ybr_G_H
7,0,train,2.831007480621338,pdb_00007yk6_S1_S2
8,0,train,2.846238374710083,pdb_00004dn4_H_L
9,0,train,2.830404758453369,pdb_00008z2e_H_L
10,0,train,2.985431671142578,pdb_00007vgs_D_C
11,0,train,2.9615581035614014,pdb_00007t82_H_L
12,0,train,2.8793578147888184,pdb_00009ctw_F_E
13,0,train,2.7990591526031494,pdb_00006gku_H_L
14,0,train,2.825129985809326,pdb_00006ywc_D_E
15,0,train,2.8791160583496094,pdb_00009e3l_K_L
16,0,train,2.8099617958068848,pdb_00009c6y_A_B
17,0,train,2.796104669570923,pdb_00008ijb_S1_S2
18,0,train,2.839459180831909,pdb_00006xpz_E_F
19,0,train,2.8175241947174072,pdb_00006cyf_F_E
20,0,train,2.8197901248931885,pdb_00006dkj_H_L
21,0,train,2.7654869556427,pdb_00008zh7_H_I
22,0,train,2.7607004642486572,pdb_00009ue8_Q_R
23,0,train,2.788288116455078,pdb_00007jum_H1_H2
24,0,train,2.811263084411621,pdb_00008hn7_D_C
25,0,train,2.779165267944336,pdb_00008dwx_X_W
26,0,train,2.7209606170654297,pdb_00008vgh_F_E
27,0,train,2.7625670433044434,pdb_000011oq_H_L
28,0,train,2.7981104850769043,pdb_00007lop_H_L
29,0,train,2.5750722885131836,pdb_00007vfx_S1_S2
30,0,train,2.5035319328308105,pdb_00008iy5_E1_E2
31,0,train,3.164808988571167,pdb_00004ma8_H_L
32,0,train,2.707954168319702,pdb_00007ubs_I1_I2
33,0,train,2.763989210128784,pdb_00006w41_H_L
34,0,train,2.6195907592773438,pdb_00009u5p_B_C
35,0,train,2.8102920055389404,pdb_00006ban_B_A
36,0,train,2.844341516494751,pdb_00008uh3_E1_E2
37,0,train,2.386871814727783,pdb_00008x9t_S1_S2
38,0,train,2.715895652770996,pdb_00007bwj_H_L
39,0,train,2.662252426147461,pdb_00004hg4_Z_z
40,0,train,2.6821868419647217,pdb_00008wu1_H_L
41,0,train,2.600125312805176,pdb_00008wwl_E1_E2
42,0,train,2.7822091579437256,pdb_00002vir_B_A
43,0,train,2.5070743560791016,pdb_00008j6p_S1_S2
44,0,train,2.624659299850464,pdb_00009u5p_P_Q
45,0,train,2.734304904937744,pdb_00007vgr_D_C
46,0,train,2.801989793777466,pdb_00006ban_D_C
47,0,train,2.68849778175354,pdb_00006k7o_B_C
48,0,train,2.7054574489593506,pdb_00006wzm_C_D
49,0,train,2.7865214347839355,pdb_00004fp8_I_M
50,0,train,2.436128854751587,pdb_00007s0b_C_D
51,0,train,2.5545835494995117,pdb_00009vo0_E1_E2
52,0,train,2.27827525138855,pdb_00008k3z_S1_S2
53,0,train,2.60296630859375,pdb_00004m62_H_L
54,0,train,2.084881544113159,pdb_00007ys6_E1_E2
55,0,train,2.5935380458831787,pdb_00004gxu_O_P
56,0,train,2.7772440910339355,pdb_00001r3k_B_A
57,0,train,2.6574807167053223,pdb_00009ban_E_F
58,0,train,2.4682207107543945,pdb_00008j22_F1_F2
59,0,train,2.6048123836517334,pdb_00008eed_H_L
60,0,train,2.9030580520629883,pdb_00005kov_K1_K2
61,0,train,2.6626720428466797,pdb_00006e0p_M1_M2
62,0,train,2.2080657482147217,pdb_00008x2k_E1_E2
63,0,train,1.9876397848129272,pdb_00009vmo_S1_S2
64,0,train,2.757889986038208,pdb_00008ygs_H_L
65,0,train,2.0724306106567383,pdb_00007xat_E1_E2
66,0,train,2.518927574157715,pdb_00008h7z_F_I
67,0,train,2.03532075881958,pdb_00007ejk_H1_H2
68,0,train,1.927135944366455,pdb_00009izg_S1_S2
69,0,train,1.7911889553070068,pdb_00008jef_S1_S2
70,0,train,2.408811569213867,pdb_00006vmk_B_A
71,0,train,2.3520634174346924,pdb_00008i5h_E_F
72,0,train,1.4619250297546387,pdb_00007y66_S1_S2
73,0,train,1.4087010622024536,pdb_00008hn8_S1_S2
74,0,train,2.6330811977386475,pdb_00008dv6_C_L
75,0,train,2.78995418548584,pdb_00006x3v_K_L
76,0,train,2.5388152599334717,pdb_00007ucq_I1_I2
77,0,train,2.3734397888183594,pdb_00007dpm_D_E
78,0,train,1.2671164274215698,pdb_00009ll7_S1_S2
79,0,train,2.7231006622314453,pdb_00006oc3_C_D
80,0,train,1.5129985809326172,pdb_00008gur_S1_S2
81,0,train,2.715810537338257,pdb_00001ots_C_D
82,0,train,2.376767158508301,pdb_00007kzb_H_L
83,0,train,2.462174415588379,pdb_00008cxg_G_I
84,0,train,2.7564077377319336,pdb_00007t0w_H_L
85,0,train,2.38889217376709,pdb_00007z0y_H_L
86,0,train,1.2962253093719482,pdb_00009lr1_S1_S2
87,0,train,2.4569172859191895,pdb_00007jum_J1_J2
88,0,train,2.2780401706695557,pdb_00008zyu_D_Q
89,0,train,2.2798001766204834,pdb_00009jqv_H_L
90,0,train,2.5030887126922607,pdb_00008vgi_F_E
91,0,train,2.5171616077423096,pdb_00006ml8_H_L
92,0,train,1.1732678413391113,pdb_00009ite_E1_E2
93,0,train,2.540541648864746,pdb_00009mtg_M_N
94,0,train,2.191969156265259,pdb_00007srs_H_L
95,0,train,2.468813419342041,pdb_00007ycl_A_B
96,0,train,1.0345500707626343,pdb_00008f7w_E1_E2
97,0,train,2.036958694458008,pdb_00004ttd_C_D
98,0,train,2.6672427654266357,pdb_00002vis_B_A
99,0,train,2.395918130874634,pdb_00007t3d_K_N
100,0,train,2.900567054748535,pdb_00009me6_I_M
101,0,train,1.9824206829071045,pdb_00008id3_S1_S2
102,0,train,2.565458059310913,pdb_00007k5x_N2_N1
103,0,train,1.3589545488357544,pdb_00008z7j_S1_S2
104,0,train,2.1992485523223877,pdb_00008v52_D_C
105,0,train,2.450446605682373,pdb_00006z3q_H_L
106,0,train,0.8047740459442139,pdb_00009v81_E1_E2
107,0,train,1.4807018041610718,pdb_00008wwi_E1_E2
108,0,train,2.772526741027832,pdb_00002dqe_H_L
109,0,train,0.7063002586364746,pdb_00009kft_S1_S2
110,0,train,2.8388705253601074,pdb_00008hq7_H_L
111,0,train,2.5933220386505127,pdb_00003rif_H_L
112,0,train,2.299697160720825,pdb_00008siq_H_L
113,0,train,1.249168872833252,pdb_00008wwm_E1_E2
114,0,train,2.5908379554748535,pdb_00008y3l_G_H
115,0,train,2.1700239181518555,pdb_00008ee8_H_L
116,0,train,2.54823899269104,pdb_00008yub_D_E
117,0,train,2.0149476528167725,pdb_00008zyt_D_Q
118,0,train,2.4616026878356934,pdb_00007wed_H_L
119,0,train,0.5640655159950256,pdb_00007t6v_E1_E2
120,0,train,2.3869740962982178,pdb_00008sid_K_L
121,0,train,2.209317684173584,pdb_00004dkf_H_L
122,0,train,2.368133306503296,pdb_00009npg_K_J
123,0,train,2.65270733833313,pdb_00005kov_U1_U2
124,0,train,2.3291234970092773,pdb_00008hgm_C_D
125,0,train,2.590561866760254,pdb_00001xgr_B_A
126,0,train,3.098513603210449,pdb_00009e3h_J_K
127,0,train,2.0706095695495605,pdb_00005bo1_I_M
128,0,train,2.179408550262451,pdb_00007bpk_H_L
129,0,train,2.285755157470703,pdb_00009npg_G_H
130,0,train,2.039397954940796,pdb_00002qr0_R_Q
131,0,train,2.50335693359375,pdb_00009os5_I_L
132,0,train,2.1752395629882812,pdb_00008gv6_G_H
133,0,train,2.342672348022461,pdb_00003rif_G_K
134,0,train,2.434028148651123,pdb_00006d0u_H_I
135,0,train,2.108943223953247,pdb_00007zoz_H_L
136,0,train,2.2412569522857666,pdb_00003zdz_E_F
137,0,train,1.987566351890564,pdb_00007pa7_ooo2_ooo1
138,0,train,2.237015724182129,pdb_00004n90_F_G
139,0,train,2.3755764961242676,pdb_00007ahu_H_L
140,0,train,2.2960660457611084,pdb_00008vgj_F_E
141,0,train,2.3698666095733643,pdb_00008xa4_C_D
142,0,train,2.373316764831543,pdb_00002x7l_A_B
143,0,train,1.8798054456710815,pdb_00008suo_H_L
144,0,train,2.5800514221191406,pdb_00007yvl_A_C
145,0,train,1.9264568090438843,pdb_00007cjf_A_B
146,0,train,1.4561500549316406,pdb_00008j23_F1_F2
147,0,train,1.7339136600494385,pdb_00004lmq_E_I
148,0,train,1.9886647462844849,pdb_00008vk1_C_B
149,0,train,2.525008201599121,pdb_00007f0x_B1_B2
150,0,train,1.5188859701156616,pdb_00007w3z_H1_H2
151,0,train,0.7774314284324646,pdb_00007s8o_E1_E2
152,0,train,2.39790940284729,pdb_00006wtu_E_F
153,0,train,0.6244207620620728,pdb_00009lr2_S1_S2
154,0,train,1.8990380764007568,pdb_00009rip_H_L
155,0,train,1.156645655632019,pdb_00008k9l_H1_H2
156,0,train,2.021624803543091,pdb_00007whz_B_D
157,0,train,2.636103391647339,pdb_00006mlm_F_G
158,0,train,2.6480228900909424,pdb_00006ba5_D_C
159,0,train,0.5795730352401733,pdb_00008h0q_E1_E2
160,0,train,2.1037774085998535,pdb_00009bt5_C_D
161,0,train,2.3323919773101807,pdb_00001bvk_B_A
162,0,train,1.9391776323318481,pdb_00007jx3_C_D
163,0,train,0.3806228041648865,pdb_00008dzp_E1_E2
164,0,train,2.4257946014404297,pdb_00002dqi_H_L
165,0,train,2.5726099014282227,pdb_00007mkm_H_L
166,0,train,2.572391986846924,pdb_00008u4q_H_L
167,0,train,0.33316493034362793,pdb_00009le0_S1_S2
168,0,train,0.3360494375228882,pdb_00007evz_E1_E2
169,0,train,2.4918789863586426,pdb_00003f7v_A_B
170,0,train,2.223093032836914,pdb_00006k5d_E_F
171,0,train,2.0014774799346924,pdb_00006woz_B_C
172,0,train,2.1821107864379883,pdb_00007rku_J_K
173,0,train,1.219323992729187,pdb_00009p0k_F1_F2
174,0,train,2.8012609481811523,pdb_00008c7h_L_K
175,0,train,2.149168014526367,pdb_00005b8c_B_A
176,0,train,0.3275522291660309,pdb_00009k6l_S1_S2
177,0,train,0.3126494288444519,pdb_00009le1_S1_S2
178,0,train,2.3106353282928467,pdb_00007vad_H_L
179,0,train,1.8656784296035767,pdb_00006b9y_B_A
180,0,train,1.942091703414917,pdb_00009udq_I_C
181,0,train,0.24564170837402344,pdb_00008zme_E1_E2
182,0,train,2.2515556812286377,pdb_00006k5d_C_D
183,0,train,1.9207191467285156,pdb_00004ogx_H_L
184,0,train,2.0860562324523926,pdb_00006vja_H_L
185,0,train,2.4674978256225586,pdb_00009lbw_H_L
186,0,train,1.9317288398742676,pdb_00003b2v_H_L
187,0,train,2.345468282699585,pdb_00007k60_M2_M1
188,0,train,1.1555119752883911,pdb_00008rql_S1_S2
189,0,train,2.19183087348938,pdb_00007wqv_N1_N2
190,0,train,0.956471860408783,pdb_00008j6d_H1_H2
191,0,train,2.598667860031128,pdb_00006wtv_H_I
192,0,train,1.623550534248352,pdb_00007b3o_H_L
193,0,train,2.4850988388061523,pdb_00009ctw_D_C
194,0,train,1.6935325860977173,pdb_00008vgp_H_L
195,0,train,2.4659276008605957,pdb_00007rk1_D1_D2
196,0,train,0.2783690392971039,pdb_00009b65_S1_S2
197,0,train,0.26280006766319275,pdb_00009vnf_E1_E2
198,0,train,2.5957984924316406,pdb_00007n4j_H_L
199,0,train,0.707924485206604,pdb_00008xxz_S1_S2
200,0,train,2.0149080753326416,pdb_00002ht2_E_F
201,0,train,1.3784695863723755,pdb_00002qr0_F_E
202,0,train,2.055461883544922,pdb_00008vgk_J_I
203,0,train,1.9967427253723145,pdb_00004v1d_A_B
204,0,train,2.098512649536133,pdb_00009sat_H_L
205,0,train,2.2375593185424805,pdb_00005lsp_S_T
206,0,train,2.489520788192749,pdb_00009m7v_H_L
207,0,train,2.169232130050659,pdb_00002dqg_H_L
208,0,train,0.3802837133407593,pdb_00008dwc_E1_E2
209,0,train,0.5762296915054321,pdb_00009izc_S1_S2
210,0,train,2.007841110229492,pdb_00008hn6_A_B
211,0,train,2.2167716026306152,pdb_00007k78_L1_L2
212,0,train,2.4919238090515137,pdb_00007mdj_A_B
213,0,train,2.036242723464966,pdb_00009bbn_S_T
214,0,train,2.544060230255127,pdb_00008tp5_J_K
215,0,train,0.3015754818916321,pdb_00008gut_S1_S2
216,0,train,2.4495110511779785,pdb_00007l7e_M_N
217,0,train,0.30954328179359436,pdb_00009m8k_N1_N2
218,0,train,0.5726276636123657,pdb_00009xhh_D1_D2
219,0,train,2.3895061016082764,pdb_00005kov_C1_C2
220,0,train,2.1192359924316406,pdb_00009rii_H_L
221,0,train,2.3119091987609863,pdb_00006ba5_B_A
222,0,train,2.460435628890991,pdb_00007xj9_K_J
223,0,train,0.19452103972434998,pdb_00009vj6_E1_E2
224,0,train,1.8236461877822876,pdb_00002h2s_E_F
225,0,train,2.1224277019500732,pdb_00001rjl_B_A
226,0,train,2.598097801208496,pdb_00009mtm_I_J
227,0,train,1.8732348680496216,pdb_00006ad8_C_D
228,0,train,0.39339137077331543,pdb_00008xgm_S1_S2
229,0,train,0.3436241149902344,pdb_00009d4z_E1_E2
230,0,train,2.2626824378967285,pdb_00009oco_H_L
231,0,train,1.8278619050979614,pdb_00006vja_I_M
232,0,train,0.264804482460022,pdb_00008efl_E1_E2
233,0,train,1.9536207914352417,pdb_00007vag_H_L
234,0,train,0.22730061411857605,pdb_00008hk3_H1_H2
235,0,train,2.063159465789795,pdb_00003a67_H_L
236,0,train,1.837945580482483,pdb_00007kmh_A_B
237,0,train,2.1540491580963135,pdb_00006h3u_I_M
238,0,train,2.579348564147949,pdb_00009qub_F_E
239,0,train,2.566953659057617,pdb_00008dnn_E_F
240,0,train,0.16916592419147491,pdb_00008vve_E1_E2
241,0,train,2.0950677394866943,pdb_00007sco_H_L
242,0,train,1.7928632497787476,pdb_00007rks_H_L
243,0,train,0.1145390048623085,pdb_00007vuy_S1_S2
244,0,train,1.885695219039917,pdb_00008gv6_I_J
245,0,train,2.1697487831115723,pdb_00001ors_B_A
246,0,train,0.14142554998397827,pdb_00009ydv_E1_E2
247,0,train,0.12366755306720734,pdb_00007euo_S1_S2
248,0,train,2.0476443767547607,pdb_00006n5e_H_I
249,0,train,2.018735408782959,pdb_00007u9e_B1_B2
250,0,train,2.0657410621643066,pdb_00009lf8_H_L
251,0,train,1.8313510417938232,pdb_00003fb7_A_B
252,0,train,0.49699124693870544,pdb_00008xjo_E1_E2
253,0,train,1.872236967086792,pdb_00008w84_A_B
254,0,train,2.1613547801971436,pdb_00005kov_I1_I2
255,0,train,2.040259599685669,pdb_00004hg4_J_K
256,0,train,2.38702654838562,pdb_00008go8_H_L
257,0,train,0.16207656264305115,pdb_00009iv1_S1_S2
258,0,train,0.16394956409931183,pdb_00007ydj_E1_E2
259,0,train,0.13674281537532806,pdb_00008zbi_F1_F2
260,0,train,0.10293959081172943,pdb_00007v68_S1_S2
261,0,train,1.7510414123535156,pdb_00006kyz_B_C
262,0,train,1.779937505722046,pdb_00007x66_H_L
263,0,train,2.07745361328125,pdb_00005wko_C_D
264,0,train,2.4799368381500244,pdb_00009ov4_J_K
265,0,train,1.3961124420166016,pdb_00008i9l_H1_H2
266,0,train,2.3941986560821533,pdb_00009mif_H_L
267,0,train,2.389369249343872,pdb_00009ctu_F_E
268,0,train,1.9072096347808838,pdb_00009n8j_B_C
269,0,train,2.0291216373443604,pdb_00009c6y_C_D
270,0,train,2.516077995300293,pdb_00009b2m_E_F
271,0,train,1.7675522565841675,pdb_00006pi7_F_E
272,0,train,0.23327739536762238,pdb_00009lre_E1_E2
273,0,train,2.1591320037841797,pdb_00007uzc_E_F
274,0,train,2.0935468673706055,pdb_00005w08_Q_R
275,0,train,2.3096423149108887,pdb_00009mla_H_K
276,0,train,0.20427292585372925,pdb_00009ppy_E1_E2
277,0,train,2.0305228233337402,pdb_00009n5z_A_B
278,0,train,1.8564244508743286,pdb_00002fee_I_L
279,0,train,1.4881948232650757,pdb_00002wuc_H_L
280,0,train,2.684197425842285,pdb_00008zd6_K_L
281,0,train,1.6200402975082397,pdb_00007uvq_D_E
282,0,train,2.102358341217041,pdb_00007ycn_E_F
283,0,train,2.1007513999938965,pdb_00005aaw_B1_B2
284,0,train,1.630977749824524,pdb_00002ybr_D_E
285,0,train,2.047511339187622,pdb_00007rk2_D1_D2
286,0,train,0.12541179358959198,pdb_00007vug_S1_S2
287,0,train,2.185183048248291,pdb_00009dn2_J_N
288,0,train,2.1659817695617676,pdb_00009zqa_I2_I1
289,0,train,2.1319618225097656,pdb_00008u44_U_W
290,0,train,2.081758737564087,pdb_00008u4s_F_E
291,0,train,2.1356637477874756,pdb_00009oao_H_L
292,0,train,1.743760585784912,pdb_00006plk_H_L
293,0,train,1.644423484802246,pdb_00008dn6_E_F
294,0,train,0.5488504767417908,pdb_00007ejx_S1_S2
295,0,train,0.1690749228000641,pdb_00007ezm_H1_H2
296,0,train,2.320737838745117,pdb_00007lg6_K_N
297,0,train,1.4486825466156006,pdb_00004ioi_B_A
298,0,train,2.2377030849456787,pdb_00008sdh_C_D
299,0,train,1.4066228866577148,pdb_00007kfx_H_L
300,0,train,1.7816462516784668,pdb_00004hg4_X_Y
301,0,train,1.7820236682891846,pdb_00009og2_B_C
302,0,train,2.052581548690796,pdb_00007x3c_F_E
303,0,train,2.132927894592285,pdb_00009exa_D_C
304,0,train,1.641815423965454,pdb_00002h2p_C_D
305,0,train,3.1098921298980713,pdb_00006vlw_H_L
306,0,train,0.3147912919521332,pdb_00008x17_H1_H2
307,0,train,0.1884414404630661,pdb_00008uuj_D1_D2
308,0,train,1.8423967361450195,pdb_00009js7_I_L
309,0,train,1.8080922365188599,pdb_00008yx9_G_I
310,0,train,1.6161913871765137,pdb_00007zlg_H_L
311,0,train,2.2220914363861084,pdb_00007c88_A_B
312,0,train,2.2734181880950928,pdb_00007ezv_H_L
313,0,train,2.1771223545074463,pdb_00006k7o_H_L
314,0,train,2.1864564418792725,pdb_00008jn1_H_L
315,0,train,2.0239686965942383,pdb_00002oz4_H_L
316,0,train,1.3897053003311157,pdb_00007ul1_H_L
317,0,train,1.8224270343780518,pdb_00007t0z_H_L
318,0,train,0.266456663608551,pdb_00009b5y_N1_N2
319,0,train,1.2382919788360596,pdb_00008pwh_B_A
320,0,train,1.9260225296020508,pdb_00005aaw_A1_A2
321,0,train,2.5325684547424316,pdb_00006p4b_B_A
322,0,train,2.2819201946258545,pdb_00007m3l_B_C
323,0,train,1.619329571723938,pdb_00008bec_C1_C2
324,0,train,1.8083646297454834,pdb_00002dqf_B_A
325,0,train,2.018221139907837,pdb_00008ubj_M2_M1
326,0,train,1.8837312459945679,pdb_00008u44_V_X
327,0,train,2.5447134971618652,pdb_00004ffw_D_C
328,0,train,0.14874659478664398,pdb_00007f4f_S1_S2
329,0,train,1.4400413036346436,pdb_00009n4f_H_L
330,0,train,0.12252899259328842,pdb_00007f4h_S1_S2
331,0,train,2.2446656227111816,pdb_00008sgo_J_I
332,0,train,1.5841200351715088,pdb_00007x6o_J_L
333,0,train,1.476304054260254,pdb_00002r9h_E_F
334,0,train,0.09817536175251007,pdb_00007y15_S1_S2
335,0,train,1.8802865743637085,pdb_00008too_B_A
336,0,train,0.5477738976478577,pdb_00008i7w_E1_E2
337,0,train,1.6258624792099,pdb_00007ua8_I1_I2
338,0,train,1.9631482362747192,pdb_00006x3x_J_I
339,0,train,2.765841007232666,pdb_00009mtm_H_L
340,0,train,1.74582040309906,pdb_00003ri5_J_M
341,0,train,1.0974371433258057,pdb_00007trk_H1_H2
342,0,train,0.1336740106344223,pdb_00007vgx_S1_S2
343,0,train,1.9209716320037842,pdb_00004h88_H_L
344,0,train,1.3477137088775635,pdb_00006gv4_H_L
345,0,train,2.3046164512634277,pdb_00002zcl_H_L
346,0,train,2.1999869346618652,pdb_00002i9l_B_A
347,0,train,2.5624990463256836,pdb_00007jwg_A_B
348,0,train,1.5324212312698364,pdb_00007wvd_G_H
349,0,train,2.125363826751709,pdb_00007l5j_Y_X
350,0,train,2.5126678943634033,pdb_00007t01_H_L
351,0,train,2.562685012817383,pdb_00002hmi_D_C
352,0,train,1.3784109354019165,pdb_00003det_C_D
353,0,train,2.0376381874084473,pdb_00007scn_E_F
354,0,train,0.9469894170761108,pdb_00008zbe_E1_E2
355,0,train,2.0137152671813965,pdb_00006ii9_H_L
356,0,train,0.34255144000053406,pdb_00009kpf_S1_S2
357,0,train,2.0656087398529053,pdb_00004xrc_B_A
358,0,train,1.8421059846878052,pdb_00007k63_M2_M1
359,0,train,2.232161045074463,pdb_00009mtf_I_J
360,0,train,2.0238261222839355,pdb_00007lg6_J_M
361,0,train,1.4789010286331177,pdb_00007tn0_H_G
362,0,train,1.257604956626892,pdb_00004hjg_B_A
363,0,train,0.24926544725894928,pdb_00007w56_E1_E2
364,0,train,0.18180005252361298,pdb_00007rbt_E1_E2
365,0,train,2.1678476333618164,pdb_00008ywe_C2_C1
366,0,train,0.7155023813247681,pdb_00009p0l_F1_F2
367,0,train,1.997201919555664,pdb_00005dhy_A_B
368,0,train,0.13783998787403107,pdb_00008hnl_S1_S2
369,0,train,1.2074079513549805,pdb_00005bo1_H_L
370,0,train,1.3450157642364502,pdb_00009og2_D_E
371,0,train,1.162537932395935,pdb_00002ht4_C_D
372,0,train,2.5585994720458984,pdb_00006ywc_A_B
373,0,train,2.566068649291992,pdb_00006hga_H_L
374,0,train,2.1329939365386963,pdb_00009mqd_J_N
375,0,train,0.21824602782726288,pdb_00009upv_S1_S2
376,0,train,1.729591965675354,pdb_00008fhy_H_L
377,0,train,1.6179150342941284,pdb_00003u30_F_E
378,0,train,0.6938486695289612,pdb_00008xqf_S1_S2
379,0,train,1.4473811388015747,pdb_00008iw9_S1_S2
380,0,train,2.327430009841919,pdb_00009rih_H_L
381,0,train,1.9658353328704834,pdb_00002bdn_H_L
382,0,train,1.8911077976226807,pdb_00008vgj_H_G
383,0,train,1.426750898361206,pdb_00008gcp_E1_E2
384,0,train,1.8460246324539185,pdb_00004oii_I_M
385,0,train,2.0315678119659424,pdb_00003eo1_H_G
386,0,train,0.7149112820625305,pdb_00007w7e_H1_H2
387,0,train,1.9581401348114014,pdb_00006flc_H_L
388,0,train,2.0998473167419434,pdb_00008e8z_H_L
389,0,train,1.955678105354309,pdb_00005wko_G_H
390,0,train,0.5329004526138306,pdb_00008j6q_S1_S2
391,0,train,1.8945598602294922,pdb_00008a96_K_J
392,0,train,1.9922807216644287,pdb_00009yyu_H_L
393,0,train,0.5021774172782898,pdb_00007t90_E1_E2
394,0,train,0.43449312448501587,pdb_00008i9s_H1_H2
395,0,train,1.3546172380447388,pdb_00007dk2_G_H
396,0,train,2.100454092025757,pdb_00009hvw_H_L
397,0,train,1.3969823122024536,pdb_00007x6o_I_K
398,0,train,0.2066856324672699,pdb_00007v69_S1_S2
399,0,train,0.3871764838695526,pdb_00008z8b_S1_S2
400,0,train,1.7596306800842285,pdb_00006e0c_M1_M2
401,0,train,1.670027256011963,pdb_00006ada_C_D
402,0,train,1.8531783819198608,pdb_00001ic4_H_L
403,0,train,1.8576618432998657,pdb_00008tx3_E_J
404,0,train,1.9636898040771484,pdb_00004odx_A_L
405,0,train,1.9560455083847046,pdb_00009mkn_I_M
406,0,train,0.22367845475673676,pdb_00009kfi_S1_S2
407,0,train,0.2471226304769516,pdb_00007e9g_D1_D2
408,0,train,1.8355997800827026,pdb_00006xxv_A_B
409,0,train,2.0160510540008545,pdb_00002w9e_H_L
410,0,train,2.017843723297119,pdb_00006dfj_H_L
411,0,train,1.5388827323913574,pdb_00007cho_H_L
412,0,train,1.4259905815124512,pdb_00006xe1_H_L
413,0,train,1.2540278434753418,pdb_00007xeg_C_D
414,0,train,1.8255268335342407,pdb_00005ug0_D_C
415,0,train,1.8108832836151123,pdb_00002r56_I_M
416,0,train,1.3305853605270386,pdb_00003p0y_H_L
417,0,train,2.360733985900879,pdb_00006t9e_AAA_BBB
418,0,train,1.7922335863113403,pdb_00007m42_B_A
419,0,train,1.3537548780441284,pdb_00007o7f_H_F
420,0,train,2.0520427227020264,pdb_00007ubs_K1_K2
421,0,train,1.965126395225525,pdb_00009ma7_F_G
422,0,train,2.074632406234741,pdb_00008vsj_H_L
423,0,train,1.7359775304794312,pdb_00007td8_E_F
424,0,train,2.063880681991577,pdb_00009ma7_B_C
425,0,train,1.8311463594436646,pdb_00009ib3_H_L
426,0,train,2.5214176177978516,pdb_00008tnn_J_I
427,0,train,0.5793647170066833,pdb_00009vi9_S1_S2
428,0,train,0.3683355450630188,pdb_00007x5h_E1_E2
429,0,train,1.6878688335418701,pdb_00007u0j_N1_N2
430,0,train,2.220458507537842,pdb_00006xkr_H_L
431,0,train,0.3869844377040863,pdb_00007trs_H1_H2
432,0,train,1.632215976715088,pdb_00009jeb_A1_A2
433,0,train,1.9505298137664795,pdb_00008da1_B_A
434,0,train,2.152642011642456,pdb_00008s72_X_Y
435,0,train,1.6115400791168213,pdb_00007u9w_H1_H2
436,0,train,1.8997178077697754,pdb_00006wds_H_L
437,0,train,1.8077720403671265,pdb_00007uzd_H_L
438,0,train,1.675504207611084,pdb_00002eiz_B_A
439,0,train,0.34485748410224915,pdb_00008jxv_E1_E2
440,0,train,1.9303745031356812,pdb_00004tnw_V_Z
441,0,train,0.23904243111610413,pdb_00009x20_E1_E2
442,0,train,1.907923698425293,pdb_00008dd3_K_L
443,0,train,2.268754720687866,pdb_00005d1z_D_C
444,0,train,1.4501889944076538,pdb_00006vmk_P_O
445,0,train,2.1089863777160645,pdb_00008eoo_H_L
446,0,train,2.382380723953247,pdb_00005w3l_E_G
447,0,train,1.574641227722168,pdb_00007eam_C_D
448,0,train,2.008549690246582,pdb_00009mtf_M_N
449,0,train,0.20067396759986877,pdb_00008yh2_S1_S2
450,0,train,1.6563034057617188,pdb_00008smi_H_L
451,0,train,1.3877869844436646,pdb_00009k6j_A_B
452,0,train,1.7514570951461792,pdb_00007zmk_E_F
453,0,train,1.3722738027572632,pdb_00001tzh_H_L
454,0,train,1.5664856433868408,pdb_00007k5y_M2_M1
455,0,train,1.2822335958480835,pdb_00004wv1_E_D
456,0,train,1.2706280946731567,pdb_00008we4_H_L
457,0,train,1.250308871269226,pdb_00007tmz_E_F
458,0,train,1.5445111989974976,pdb_00009e60_H_L
459,0,train,2.2278802394866943,pdb_00009b82_I_G
460,0,train,0.8935850262641907,pdb_00002qr0_N_M
461,0,train,1.1409518718719482,pdb_00002vdq_H_L
462,0,train,2.054934024810791,pdb_00006gff_L_K
463,0,train,1.403845191001892,pdb_00003ejz_E_F
464,0,train,1.4808379411697388,pdb_00007mem_G_J
465,0,train,0.9472581744194031,pdb_00006b9z_B_A
466,0,train,1.840986967086792,pdb_00007t7b_H_L
467,0,train,2.421316623687744,pdb_00008gsd_H_L
468,0,train,1.690032958984375,pdb_00006n5b_H_L
469,0,train,0.9847745299339294,pdb_00007uko_E_F
470,0,train,0.19122673571109772,pdb_00008xos_E1_E2
471,0,train,0.14707404375076294,pdb_00007s8m_E1_E2
472,0,train,1.8751574754714966,pdb_00007tpj_H_L
473,0,train,0.13535653054714203,pdb_00008gcm_E1_E2
474,0,train,0.9205687642097473,pdb_00008jxw_E1_E2
475,0,train,2.200255870819092,pdb_00008hrd_N_Q
476,0,train,1.9555013179779053,pdb_00005dhx_L2_L1
477,0,train,1.9875869750976562,pdb_00002iff_H_L
478,0,train,0.12275680154561996,pdb_00007na7_N1_N2
479,0,train,2.272167682647705,pdb_00008ulj_H_L
480,0,train,1.5582859516143799,pdb_00007ucq_J1_J2
481,0,train,1.9326239824295044,pdb_00006ocb_H_L
482,0,train,2.061491012573242,pdb_00002x7l_H_L
483,0,train,2.16648530960083,pdb_00007l7e_O_P
484,0,train,1.4658845663070679,pdb_00008smt_D_F
485,0,train,0.1729678213596344,pdb_00007dw9_S1_S2
486,0,train,1.7341874837875366,pdb_00004tnw_J_M
487,0,train,1.611588954925537,pdb_00007wwk_G_F
488,0,train,1.1207208633422852,pdb_00002hlf_C_D
489,0,train,1.7859145402908325,pdb_00006wex_H_L
490,0,train,0.08997666090726852,pdb_00008hnk_S1_S2
491,0,train,1.6699250936508179,pdb_00005cbe_C_D
492,0,train,0.4185916483402252,pdb_00008zjg_S1_S2
493,0,train,1.8517776727676392,pdb_00008vgk_F_E
494,0,train,1.5404890775680542,pdb_00009atm_H_L
495,0,train,2.0060884952545166,pdb_00009jy4_R_Q
496,0,train,0.11850987374782562,pdb_00008ef6_E1_E2
497,0,train,1.618073582649231,pdb_00005jz7_J_K
498,0,train,1.4384347200393677,pdb_00008j26_B_A
499,0,train,0.8718634247779846,pdb_00003det_E_F
500,0,train,1.8957674503326416,pdb_00007q6c_H_L
501,0,train,0.10366026312112808,pdb_00009m54_S1_S2
502,0,train,1.834107756614685,pdb_00006w0f_A_B
503,0,train,0.07683548331260681,pdb_00006kpf_S1_S2
504,0,train,1.052863359451294,pdb_00004z7o_E_F
505,0,train,1.8711490631103516,pdb_00007t0w_O_P
506,0,train,1.8319413661956787,pdb_00007kyo_H_L
507,0,train,0.060416389256715775,pdb_00008jii_S1_S2
508,0,train,2.101574420928955,pdb_00008w5r_H_L
509,0,train,1.8582203388214111,pdb_00004m62_I_M
510,0,train,0.8274790644645691,pdb_00007uk9_E_F
511,0,train,1.6158398389816284,pdb_00003stl_A_B
512,0,train,0.572477400302887,pdb_00009p0m_F1_F2
513,0,train,0.7503688931465149,pdb_00002fed_C_D
514,0,train,0.10699547827243805,pdb_00009ipv_S1_S2
515,0,train,0.06998130679130554,pdb_00007eb2_N1_N2
516,0,train,0.333573579788208,pdb_00009jks_S1_S2
517,0,train,1.8885219097137451,pdb_00002dqc_H_L
518,0,train,1.9090296030044556,pdb_00003lh2_J_N
519,0,train,0.09644942730665207,pdb_00008jso_S1_S2
520,0,train,1.679385781288147,pdb_00007lf7_A_B
521,0,train,1.5817866325378418,pdb_00008bg1_J_K
522,0,train,1.5295922756195068,pdb_00008vk1_F_E
523,0,train,1.3191596269607544,pdb_00001dee_F_E
524,0,train,0.684930145740509,pdb_00003ze1_E_F
525,0,train,0.9520658850669861,pdb_00006bae_B_A
526,0,train,1.3242658376693726,pdb_00006xc4_H_L
527,0,train,2.048776388168335,pdb_00009ouo_J_K
528,0,train,1.9286779165267944,pdb_00008w5f_H_L
529,0,train,1.8916678428649902,pdb_00006dfi_H_L
530,0,train,2.196763277053833,pdb_00007uvs_A_B
531,0,train,1.7150458097457886,pdb_00008vgh_J_I
532,0,train,1.484991431236267,pdb_00006hjp_I_J
533,0,train,1.4904121160507202,pdb_00008dk5_K1_K2
534,0,train,1.6299629211425781,pdb_00009zdu_H_L
535,0,train,0.44845813512802124,pdb_00007yfd_C1_C2
536,0,train,2.264639377593994,pdb_00006p4b_H_L
537,0,train,2.5077269077301025,pdb_00008eed_E_F
538,0,train,2.2352423667907715,pdb_00007s11_I_M
539,0,train,2.297691822052002,pdb_00007qez_E_F
540,0,train,0.0986945629119873,pdb_00009ije_D1_D2
541,0,train,1.3086000680923462,pdb_00009cpw_C_D
542,0,train,1.699786901473999,pdb_00006vgr_H_L
543,0,train,0.09330455213785172,pdb_00007ra3_E1_E2
544,0,train,1.5192220211029053,pdb_00009ccs_C_B
545,0,train,1.301175832748413,pdb_00004wv1_B_A
546,0,train,0.08042193204164505,pdb_00007qvm_S1_S2
547,0,train,1.6355944871902466,pdb_00007tp3_H_L
548,0,train,2.899736166000366,pdb_00004ffw_H_L
549,0,train,0.06631588190793991,pdb_00007wz7_C1_C2
550,0,train,1.4735045433044434,pdb_00008vgi_H_G
551,0,train,1.0464707612991333,pdb_00008jen_E_F
552,0,train,1.4974000453948975,pdb_00007sts_A_B
553,0,train,0.05226387456059456,pdb_00008ykw_E1_E2
554,0,train,0.43542516231536865,pdb_00007ej0_H1_H2
555,0,train,1.3399425745010376,pdb_00006vmk_c_b
556,0,train,1.9865586757659912,pdb_00006a4k_J_N
557,0,train,1.8357267379760742,pdb_00009cq8_C_E
558,0,train,0.06295198947191238,pdb_00007ew4_S1_S2
559,0,train,1.5921319723129272,pdb_00009axl_H_L
560,0,train,1.076390027999878,pdb_00008pwh_D_C
561,0,train,1.0273680686950684,pdb_00008i5h_B_C
562,0,train,0.8443220257759094,pdb_00007uje_E_F
563,0,train,1.5488150119781494,pdb_00001ic7_H_L
564,0,train,0.08941149711608887,pdb_00009l79_S1_S2
565,0,train,1.6019444465637207,pdb_00008xsf_H_L
566,0,train,1.3237091302871704,pdb_00008hws_D_E
567,0,train,0.9606263637542725,pdb_00008wnp_D_C
568,0,train,1.4901494979858398,pdb_00008bg1_G_H
569,0,train,0.053633902221918106,pdb_00007t6u_E1_E2
570,0,train,1.4120737314224243,pdb_00008w86_E_F
571,0,train,1.5893423557281494,pdb_00008too_D_C
572,0,train,0.07005371898412704,pdb_00007xa3_E1_E2
573,0,train,1.682873010635376,pdb_00006x3t_J_I
574,0,train,0.9989095330238342,pdb_00007y6k_E1_E2
575,0,train,0.047103401273489,pdb_00008jil_S1_S2
576,0,train,1.6896177530288696,pdb_00009iz9_S_T
577,0,train,1.4859488010406494,pdb_00009bao_E_F
578,0,train,1.6540051698684692,pdb_00009lsi_D1_C2
579,0,train,0.9684766530990601,pdb_00008elq_H_L
580,0,train,0.086020328104496,pdb_00008wpu_E1_E2
581,0,train,0.054835233837366104,pdb_00009o36_E1_E2
582,0,train,2.014606237411499,pdb_00006mto_H_L
583,0,train,0.3748100996017456,pdb_00008ia8_S1_S2
584,0,train,1.5798498392105103,pdb_00008vfx_M2_M1
585,0,train,0.3129599690437317,pdb_00009kug_H1_H2
586,0,train,0.3339318335056305,pdb_00009ge3_F1_F2
587,0,train,1.309674859046936,pdb_00007mem_I_K
588,0,train,2.020423650741577,pdb_00003v4p_H_L
589,0,train,2.4030449390411377,pdb_00008dwo_H_L
590,0,train,1.2788325548171997,pdb_00007k61_N2_N1
591,0,train,1.741058111190796,pdb_00009mqa_J_N
592,0,train,1.2482703924179077,pdb_00007uvi_D_E
593,0,train,1.749557375907898,pdb_00008cz8_C2_C1
594,0,train,1.0409026145935059,pdb_00008as0_T_S
595,0,train,0.25797170400619507,pdb_00007yac_S1_S2
596,0,train,0.22932323813438416,pdb_00008xwp_D1_D2
597,0,train,2.0315494537353516,pdb_00005umi_H_L
598,0,train,0.13430815935134888,pdb_00009kvg_E1_E2
599,0,train,1.4267282485961914,pdb_00008txu_H_L
600,0,train,1.7172415256500244,pdb_00009lsj_E1_D2
601,0,train,2.4963314533233643,pdb_00009ml8_M_N
602,0,train,2.5498735904693604,pdb_00004khx_H_L
603,0,train,1.4346661567687988,pdb_00007xj9_I_H
604,0,train,1.4926267862319946,pdb_00007whz_C_E
605,0,train,0.22813574969768524,pdb_00008efb_E1_E2
606,0,train,2.034792184829712,pdb_00008f0h_H_L
607,0,train,0.14567919075489044,pdb_00008tzq_E1_E2
608,0,train,0.3435605466365814,pdb_00007rkm_D1_D2
609,0,train,1.3254560232162476,pdb_00008cma_H_L
610,0,train,1.7823460102081299,pdb_00008uwz_A_B
611,0,train,2.789961099624634,pdb_00008rmy_E_F
612,0,train,0.9412857890129089,pdb_00003ze0_E_F
613,0,train,2.2132015228271484,pdb_00008zdw_L_J
614,0,train,1.3303325176239014,pdb_00008i5l_E1_E2
615,0,train,1.5815458297729492,pdb_00007t3d_P_R
616,0,train,0.17644353210926056,pdb_00008xbh_S1_S2
617,0,train,0.11871817708015442,pdb_00006dde_E1_E2
618,0,train,1.4718778133392334,pdb_00004lf3_B_A
619,0,train,2.045610189437866,pdb_00006glx_C_D
620,0,train,2.1859800815582275,pdb_00009cpr_H_L
621,0,train,0.22360695898532867,pdb_00009jid_S1_S2
622,0,train,0.06326498091220856,pdb_00008ghv_S1_S2
623,0,train,2.5309345722198486,pdb_00003rhw_F_N
624,0,train,2.0544891357421875,pdb_00007shy_I_J
625,0,train,2.1442368030548096,pdb_00009os5_G_J
626,0,train,1.7371114492416382,pdb_00006vc9_H_L
627,0,train,2.2191081047058105,pdb_00009mth_H_L
628,0,train,2.2148492336273193,pdb_00009kve_D_F
629,0,train,0.10008704662322998,pdb_00009k3h_S1_S2
630,0,train,0.11195492744445801,pdb_00009kvi_E1_E2
631,0,train,0.07448766380548477,pdb_00009pxv_E1_E2
632,0,train,0.12691891193389893,pdb_00008iec_N1_N2
633,0,train,1.4215664863586426,pdb_00007dpm_J_K
634,0,train,1.6631865501403809,pdb_00004dgi_H_L
635,0,train,1.170780062675476,pdb_00008x8n_E1_E2
636,0,train,2.0206820964813232,pdb_00006t9e_HHH_LLL
637,0,train,0.07708299160003662,pdb_00009cgk_E1_E2
638,0,train,2.0322349071502686,pdb_00008z39_H_L
639,0,train,2.320808172225952,pdb_00003qwo_H_L
640,0,train,1.0543529987335205,pdb_00007xei_E_F
641,0,train,1.2743480205535889,pdb_00003dvn_B_A
642,0,train,0.36629047989845276,pdb_00008wwh_E1_E2
643,0,train,1.2786836624145508,pdb_00006vmk_u_t
644,0,train,1.40940523147583,pdb_00009dm0_C_D
645,0,train,1.689508080482483,pdb_00006vvu_H_L
646,0,train,1.0884218215942383,pdb_00006j6y_B_C
647,0,train,1.9839905500411987,pdb_00006wtu_B_C
648,0,train,1.4927040338516235,pdb_00003b2u_J_K
649,0,train,1.6416414976119995,pdb_00008g5a_H_L
650,0,train,1.7464936971664429,pdb_00009mtf_H_L
651,0,train,1.648346185684204,pdb_00006ad7_C_D
652,0,train,1.2434730529785156,pdb_00003dvg_B_A
653,0,train,1.6965755224227905,pdb_00006wtu_H_I
654,0,train,2.1654062271118164,pdb_00009cci_B_C
655,0,train,1.417985200881958,pdb_00007u0g_O1_O2
656,0,train,0.3498711585998535,pdb_00008yuv_S1_S2
657,0,train,0.11291562765836716,pdb_00007exd_E1_E2
658,0,train,0.09500757604837418,pdb_00008jbf_E1_E2
659,0,train,0.945354163646698,pdb_00007kfv_F_G
660,0,train,0.817743182182312,pdb_00008z65_S1_S2
661,0,train,1.8506706953048706,pdb_00006wty_H_I
662,0,train,1.6324481964111328,pdb_00009clp_H_L
663,0,train,1.3475759029388428,pdb_00002jix_D_G
664,0,train,1.570174217224121,pdb_00009ue8_M_N
665,0,train,1.303085446357727,pdb_00007t3d_O_Q
666,0,train,2.488553285598755,pdb_00001tpx_B_C
667,0,train,1.0526256561279297,pdb_00009dzf_H_L
668,0,train,1.6409001350402832,pdb_00009drx_J_I
669,0,train,1.0568249225616455,pdb_00001ots_E_F
670,0,train,1.6931425333023071,pdb_00003fku_S1_S2
671,0,train,1.7058109045028687,pdb_00007vyt_B_C
672,0,train,1.1203486919403076,pdb_00007rks_I_M
673,0,train,0.09965077042579651,pdb_00007yj4_S1_S2
674,0,train,0.24271124601364136,pdb_00009k26_S1_S2
675,0,train,1.3475080728530884,pdb_00007lq7_P_Q
676,0,train,1.5913076400756836,pdb_00008zh7_K_L
677,0,train,0.8546264171600342,pdb_00008as0_E_D
678,0,train,2.83359432220459,pdb_00004xhj_H_G
679,0,train,0.08460398763418198,pdb_00009ego_S1_S2
680,0,train,1.5193814039230347,pdb_00007zmk_V_W
681,0,train,0.8579897880554199,pdb_00007wbz_H_L
682,0,train,1.825133204460144,pdb_00004ubd_Y_X
683,0,train,1.509497046470642,pdb_00008w83_I_J
684,0,train,1.6690442562103271,pdb_00007w71_I_M
685,0,train,1.7141307592391968,pdb_00008y3i_I_J
686,0,train,0.08886352926492691,pdb_00009cgj_E1_E2
687,0,train,1.9791040420532227,pdb_00005wk3_W_V
688,0,train,0.9471962451934814,pdb_00006vmk_f_e
689,0,train,1.681969404220581,pdb_00007mxl_J_K
690,0,train,0.16804388165473938,pdb_00009axf_H1_H2
691,0,train,1.9988516569137573,pdb_00007zwi_E_F
692,0,train,1.278713345527649,pdb_00003b2u_T_U
693,0,train,1.0330711603164673,pdb_00008y31_B_A
694,0,train,0.0805363729596138,pdb_00009v0x_E1_E2
695,0,train,1.445805549621582,pdb_00006woz_E_F
696,0,train,1.174333930015564,pdb_00003s37_H_L
697,0,train,1.7559152841567993,pdb_00007lop_X_Y
698,0,train,0.0825423151254654,pdb_00008xml_S1_S2
699,0,train,2.3370766639709473,pdb_00009wsv_H_L
700,0,train,2.2964892387390137,pdb_00006ban_H_G
701,0,train,1.5944035053253174,pdb_00008g5a_I_M
702,0,train,1.3257756233215332,pdb_00008vtd_B_A
703,0,train,0.0658942386507988,pdb_00009f34_E1_E2
704,0,train,1.913136601448059,pdb_00007ey5_H_L
705,0,train,1.3271604776382446,pdb_00008i5i_H_L
706,0,train,1.3766497373580933,pdb_00004hg4_L_M
707,0,train,1.7223560810089111,pdb_00005ggs_C_D
708,0,train,1.3120554685592651,pdb_00006b3s_C_D
709,0,train,2.1760096549987793,pdb_00008hrd_O_P
710,0,train,0.04929792135953903,pdb_00007vdh_S1_S2
711,0,train,1.1564967632293701,pdb_00005nh3_I_M
712,0,train,0.05206570774316788,pdb_00009uk2_E1_E2
713,0,train,2.3544116020202637,pdb_00006wtv_E_F
714,0,train,0.06011949107050896,pdb_00006pt0_E1_E2
715,0,train,1.5469197034835815,pdb_00009oea_H_L
716,0,train,1.8703927993774414,pdb_00009cia_B_A
717,0,train,1.470637321472168,pdb_00004gxu_W_X
718,0,train,1.2730488777160645,pdb_00007ucq_H1_H2
719,0,train,2.535235643386841,pdb_00003rif_F_N
720,0,train,1.4244111776351929,pdb_00009wb4_B_C
721,0,train,1.5524386167526245,pdb_00009ebc_K_L
722,0,train,2.5072402954101562,pdb_00001hys_D_C
723,0,train,1.5686074495315552,pdb_00008bg4_A1_A2
724,0,train,1.4269399642944336,pdb_00004f2m_A_B
725,0,train,1.393017292022705,pdb_00008jin_P2_P1
726,0,train,1.2062959671020508,pdb_00004gxu_M_N
727,0,train,0.10819516330957413,pdb_00008efo_E1_E2
728,0,train,1.2333312034606934,pdb_00007wvd_I_J
729,0,train,1.8273048400878906,pdb_00006a4k_K_O
730,0,train,1.5827136039733887,pdb_00006lhq_H_L
731,0,train,0.712830662727356,pdb_00007trp_H1_H2
732,0,train,1.8089852333068848,pdb_00009jy3_P_O
733,0,train,0.9200865626335144,pdb_00008jel_A_B
734,0,train,2.052506446838379,pdb_00001fns_H_L
735,0,train,0.446052610874176,pdb_00008e9y_E1_E2
736,0,train,0.09857289493083954,pdb_00008hcx_E1_E2
737,0,train,2.354689121246338,pdb_00006d0u_C_D
738,0,train,0.08291341364383698,pdb_00009l80_S1_S2
739,0,train,1.578424096107483,pdb_00004v1d_D_E
740,0,train,0.2248852699995041,pdb_00008xxr_S1_S2
741,0,train,1.2516666650772095,pdb_00007yds_B_C
742,0,train,2.0176095962524414,pdb_00009wsx_H_L
743,0,train,1.674351453781128,pdb_00008w5m_H_L
744,0,train,2.097531318664551,pdb_00006q18_H_L
745,0,train,1.4451767206192017,pdb_00009dru_H_L
746,0,train,1.707645058631897,pdb_00007x3d_H_L
747,0,train,0.2509250044822693,pdb_00007wz4_S1_S2
748,0,train,0.10762035846710205,pdb_00007ew2_S1_S2
749,0,train,1.3638643026351929,pdb_00008dk5_N1_N2
750,0,train,0.1897241175174713,pdb_00009j0b_S1_S2
751,0,train,0.3182034194469452,pdb_00009kz2_H1_H2
752,0,train,0.05891572684049606,pdb_00008ykd_S1_S2
753,0,train,1.7790437936782837,pdb_00009our_H_L
754,0,train,0.8782065510749817,pdb_00007kfy_H_L
755,0,train,0.14032457768917084,pdb_00008wwn_E1_E2
756,0,train,0.9656495451927185,pdb_00008q6j_B_A
757,0,train,2.5000498294830322,pdb_00009me4_I_M
758,0,train,1.3147101402282715,pdb_00001fbi_Q_P
759,0,train,1.6263970136642456,pdb_00007ykj_A_D
760,0,train,1.7927992343902588,pdb_00009cq8_G_H
761,0,train,1.998153567314148,pdb_00007ahu_B_A
762,0,train,0.27797505259513855,pdb_00009plo_S1_S2
763,0,train,1.1066133975982666,pdb_00007sk8_D_C
764,0,train,1.042040228843689,pdb_00003ze2_E_F
765,0,train,1.0362260341644287,pdb_00008oz3_A_B
766,0,train,0.12724387645721436,pdb_00008ykx_E1_E2
767,0,train,1.2765895128250122,pdb_00007t3d_C_D
768,0,train,1.152646541595459,pdb_00008evg_M1_M2
769,0,train,0.09579294919967651,pdb_00009ik8_E1_E2
770,0,train,1.0844745635986328,pdb_00007mzj_F_E
771,0,train,1.338906168937683,pdb_00005w0k_E_F
772,0,train,1.0369716882705688,pdb_00007k63_N2_N1
773,0,train,1.4229621887207031,pdb_00005w0k_H_L
774,0,train,0.06357913464307785,pdb_00007w55_E1_E2
775,0,train,1.904046893119812,pdb_00005aaw_H1_H2
776,0,train,0.19453547894954681,pdb_00009w6w_E1_E2
777,0,train,0.049944620579481125,pdb_00009jr3_S1_S2
778,0,train,1.4369744062423706,pdb_00007mzh_B_C
779,0,train,1.828080654144287,pdb_00007f3q_C_B
780,0,train,1.6528671979904175,pdb_00006bpa_B_C
781,0,train,0.06177890673279762,pdb_00008iru_E1_E2
782,0,train,1.1141349077224731,pdb_00007sk7_D_C
783,0,train,1.3477442264556885,pdb_00006ww5_C_D
784,0,train,1.4627783298492432,pdb_00007zmk_J_K
785,0,train,1.2766214609146118,pdb_00003wkm_I_M
786,0,train,2.1693973541259766,pdb_00004ffv_H_L
787,0,train,0.06223440542817116,pdb_00009k3f_S1_S2
788,0,train,1.259719729423523,pdb_00008wpw_H_L
789,0,train,0.07209821045398712,pdb_00007yu3_S1_S2
790,0,train,0.1631661355495453,pdb_00007wic_S1_S2
791,0,train,1.9186522960662842,pdb_00008dis_A_C
792,0,train,1.3743637800216675,pdb_00004tnw_X_i
793,0,train,0.7334991097450256,pdb_00007u60_E_F
794,0,train,0.9124085307121277,pdb_00007c01_H_L
795,0,train,2.044982671737671,pdb_00004xhj_D_C
796,0,train,1.7960057258605957,pdb_00003bsz_N_M
797,0,train,2.110173225402832,pdb_00009cn2_B1_B2
798,0,train,1.373221516609192,pdb_00009jbq_A_B
799,0,train,1.12372624874115,pdb_00007jmo_H_L
800,0,train,1.421201229095459,pdb_00005xmh_H_L
801,0,train,2.4606945514678955,pdb_00008dwy_H_L
802,0,train,1.3888435363769531,pdb_00004kxz_J_I
803,0,train,0.950232744216919,pdb_00008bcz_C_D
804,0,train,0.26189538836479187,pdb_00008ij3_S1_S2
805,0,train,0.9747296571731567,pdb_00007x2k_H_L
806,0,train,0.08431033790111542,pdb_00008jhy_S1_S2
807,0,train,0.7997262477874756,pdb_00008jen_C_D
808,0,train,1.99158775806427,pdb_00006oc3_A_B
809,0,train,1.4374659061431885,pdb_00007lq7_F_G
810,0,train,0.9448038339614868,pdb_00007klg_H_L
811,0,train,1.086226224899292,pdb_00009lsj_D1_E2
812,0,train,1.0702818632125854,pdb_00003nh7_J_N
813,0,train,1.452773094177246,pdb_00006wzl_C_D
814,0,train,1.6960387229919434,pdb_00008znz_I_J
815,0,train,2.0154385566711426,pdb_00009y0e_A_B
816,0,train,1.5420818328857422,pdb_00007xrz_H_L
817,0,train,0.09388493746519089,pdb_00007t6s_E1_E2
818,0,train,1.245220422744751,pdb_00007zmk_P_Q
819,0,train,2.0695815086364746,pdb_00001qfu_H_L
820,0,train,1.663762092590332,pdb_00008hq7_M_N
821,0,train,0.06295906752347946,pdb_00009jmc_E1_E2
822,0,train,1.1821640729904175,pdb_00003b2u_Q_R
823,0,train,1.686164379119873,pdb_00009oup_H_L
824,0,train,1.7491190433502197,pdb_00006mlm_K_L
825,0,train,1.0933253765106201,pdb_00007y6k_J_E3
826,0,train,0.07140694558620453,pdb_00008k6m_S1_S2
827,0,train,0.039486441761255264,pdb_00007cmv_E1_E2
828,0,train,0.9187923669815063,pdb_00007xeg_E_F
829,0,train,1.0487581491470337,pdb_00008hpu_M_N
830,0,train,1.4947036504745483,pdb_00007v3g_I_M
831,0,train,1.3564486503601074,pdb_00009azr_H_L
832,0,train,1.165404200553894,pdb_00007k9z_H_L
833,0,train,1.523311734199524,pdb_00008dd2_K_L
834,0,train,2.2918293476104736,pdb_00008tfl_H_L
835,0,train,1.5466761589050293,pdb_00007y3n_H_L
836,0,train,1.4868797063827515,pdb_00007wsi_H_L
837,0,train,1.6189770698547363,pdb_00009zq9_I2_I1
838,0,train,2.0882036685943604,pdb_00009cds_B_A
839,0,train,0.052314311265945435,pdb_00008xqn_S1_S2
840,0,train,1.5668545961380005,pdb_00009q7b_G_I
841,0,train,1.2020353078842163,pdb_00007dm2_H_L
842,0,train,1.854954719543457,pdb_00008zdw_F_E
843,0,train,1.182297945022583,pdb_00007bpk_C_D
844,0,train,1.6087881326675415,pdb_00008d9y_F_E
845,0,train,1.6568673849105835,pdb_00003fku_Y1_Y2
846,0,train,1.173313856124878,pdb_00009l9o_B_C
847,0,train,1.3244484663009644,pdb_00001ott_C_D
848,0,train,2.2238781452178955,pdb_00009p1m_F_E
849,0,train,2.1587460041046143,pdb_00009mtl_I_J
850,0,train,0.7616673111915588,pdb_00007k8m_A_B
851,0,train,1.8489288091659546,pdb_00002i9l_H_G
852,0,train,1.9069310426712036,pdb_00009kvk_H_L
853,0,train,1.8944461345672607,pdb_00009mic_H_L
854,0,train,1.4901742935180664,pdb_00009ouq_J_K
855,0,train,2.295538902282715,pdb_00007rco_F_E
856,0,train,2.0575456619262695,pdb_00009mtg_I_J
857,0,train,1.7679553031921387,pdb_00002dqj_H_L
858,0,train,0.07676908373832703,pdb_00009ldv_S1_S2
859,0,train,1.3874444961547852,pdb_00008cxh_h_l
860,0,train,2.094866991043091,pdb_00002r29_H_L
861,0,train,1.3422906398773193,pdb_00007ua2_H1_H2
862,0,train,2.3850741386413574,pdb_00006gv1_H_L
863,0,train,2.242753028869629,pdb_00008w0y_A_B
864,0,train,0.9289173483848572,pdb_00006xc4_X_Y
865,0,train,0.06344711035490036,pdb_00009vo2_S1_S2
866,0,train,0.08268874138593674,pdb_00006n4b_S1_S2
867,0,train,0.05344441905617714,pdb_00008yrg_E1_E2
868,0,train,1.2542524337768555,pdb_00003ejz_C_D
869,0,train,0.8764477372169495,pdb_00002vdo_H_L
870,0,train,1.2501784563064575,pdb_00002h9g_B_A
871,0,train,2.1660680770874023,pdb_00009me7_I_M
872,0,train,1.3636873960494995,pdb_00008j24_G1_G2
873,0,train,2.189329147338867,pdb_00008z6x_B_C
874,0,train,1.5408828258514404,pdb_00007n0u_H_L
875,0,train,0.9384580254554749,pdb_00006ii8_H_L
876,0,train,0.07031664252281189,pdb_00007w40_H1_H2
877,0,train,1.4946116209030151,pdb_00003fku_X1_X2
878,0,train,1.292744517326355,pdb_00005yoy_P_M
879,0,train,0.17122907936573029,pdb_00009jky_S1_S2
880,0,train,0.904894232749939,pdb_00007zf8_H_L
881,0,train,1.586341381072998,pdb_00004am0_C_D
882,0,train,0.9639981389045715,pdb_00002fed_E_F
883,0,train,1.5700366497039795,pdb_00004jpk_H_L
884,0,train,1.2450875043869019,pdb_00008txu_F_K
885,0,train,0.10731939971446991,pdb_00008xor_E1_E2
886,0,train,0.07460224628448486,pdb_00008feg_F1_F2
887,0,train,1.1610180139541626,pdb_00005nh3_H_L
888,0,train,2.6253721714019775,pdb_00006k65_H_L
889,0,train,1.805611491203308,pdb_00004ffv_D_C
890,0,train,0.16438819468021393,pdb_00008xgu_S1_S2
891,0,train,1.3715840578079224,pdb_00008xcd_H_L
892,0,train,1.2413609027862549,pdb_00009cq4_C_D
893,0,train,1.3828761577606201,pdb_00009n8j_H_I
894,0,train,1.2516472339630127,pdb_00004hg4_N_O
895,0,train,0.40969666838645935,pdb_00007trq_H1_H2
896,0,train,1.9023301601409912,pdb_00008tpa_I_J
897,0,train,1.8209880590438843,pdb_00007pry_C_D
898,0,train,1.9266616106033325,pdb_00007rr0_B_C
899,0,train,2.013129234313965,pdb_00006wqo_E_F
900,0,train,2.0850741863250732,pdb_00003ri5_G_K
901,0,train,1.7193959951400757,pdb_00007ec5_E_F
902,0,train,0.10705991834402084,pdb_00008k2x_S1_S2
903,0,train,1.9289132356643677,pdb_00008r4n_H_L
904,0,train,1.4519319534301758,pdb_00009lho_I_H
905,0,train,0.3431782126426697,pdb_00006k41_H1_H2
906,0,train,1.682685136795044,pdb_00008hrd_Y_Z
907,0,train,1.9530614614486694,pdb_00009hhr_F_E
908,0,train,2.2558913230895996,pdb_00008tnn_H_G
909,0,train,1.6413601636886597,pdb_00008vgl_E_F
910,0,train,1.2457594871520996,pdb_00007mem_H_L
911,0,train,0.09770581871271133,pdb_00006lfm_S1_S2
912,0,train,1.8037854433059692,pdb_00005kov_E1_E2
913,0,train,1.551924228668213,pdb_00008w83_A_B
914,0,train,2.103118658065796,pdb_00008g5b_J_N
915,0,train,2.25770902633667,pdb_00009bhh_T_S
916,0,train,0.22926446795463562,pdb_00009ejc_D1_D2
917,0,train,1.4625334739685059,pdb_00009iz9_O_P
918,0,train,2.3195905685424805,pdb_00004f37_F_K
919,0,train,2.685063600540161,pdb_00008ezl_H1_H2
920,0,train,1.5195156335830688,pdb_00001adq_H_L
921,0,train,0.18065224587917328,pdb_00009k27_D1_D2
922,0,train,2.091639518737793,pdb_00008tp5_H_L
923,0,train,0.096067875623703,pdb_00008xxu_E1_E2
924,0,train,2.223421573638916,pdb_00004xzu_A_B
925,0,train,1.843354344367981,pdb_00009mtl_H_L
926,0,train,1.9589564800262451,pdb_00009mkn_Q_R
927,0,train,1.99770987033844,pdb_00009mtm_M_N
928,0,train,1.4839104413986206,pdb_00006ogx_C_D
929,0,train,1.2323534488677979,pdb_00004zff_A_B
930,0,train,1.5647025108337402,pdb_00004tnw_G_K
931,0,train,1.8363754749298096,pdb_00004xnm_B_A
932,0,train,0.06554168462753296,pdb_00008hnm_S1_S2
933,0,train,1.2973053455352783,pdb_00007wh8_B_A
934,0,train,0.8537293076515198,pdb_00004z7q_E_F
935,0,train,0.05772897228598595,pdb_00007y67_S1_S2
936,0,train,0.11049088090658188,pdb_00008t3q_N1_N2
937,0,train,1.4281123876571655,pdb_00005lsp_H_L
938,0,train,1.8654561042785645,pdb_00007zfb_J_K
939,0,train,0.04904189333319664,pdb_00007db6_E1_E2
940,0,train,1.0897725820541382,pdb_00006dzt_M1_M2
941,0,train,0.0916086807847023,pdb_00008hbd_H1_H2
942,0,train,1.613942265510559,pdb_00009ebc_I_J
943,0,train,0.851716160774231,pdb_00008cwv_H_L
944,0,train,1.2177114486694336,pdb_00006b3s_H_L
945,0,train,0.04744177311658859,pdb_00007xwo_E1_E2
946,0,train,1.2547688484191895,pdb_00004nik_B1_B2
947,0,train,1.2906228303909302,pdb_00007cgw_H_L
948,0,train,1.7136093378067017,pdb_00006t9d_HHH_LLL
949,0,train,1.5674145221710205,pdb_00008cbf_H_L
950,0,train,1.336154580116272,pdb_00007quh_H_L
951,0,train,0.7505415081977844,pdb_00006adc_E_F
952,0,train,0.9443091750144958,pdb_00003g6j_H_G
953,0,train,0.9166187644004822,pdb_00008z3q_S1_S2
954,0,train,1.0475621223449707,pdb_00008dww_Z_Y
955,0,train,1.660643458366394,pdb_00008dwx_V_U
956,0,train,2.0060441493988037,pdb_00007ey5_B_C
957,0,train,0.2707119882106781,pdb_00008ija_S1_S2
958,0,train,1.6863644123077393,pdb_00003v4v_H_L
959,0,train,0.5914019346237183,pdb_00009vmp_S1_S2
960,0,train,1.2406282424926758,pdb_00007wk0_D_E
961,0,train,0.07423624396324158,pdb_00008j1a_S1_S2
962,0,train,1.2577259540557861,pdb_00007qny_A_B
963,0,train,2.0883326530456543,pdb_00007l7e_C_D
964,0,train,1.388824462890625,pdb_00008bg4_C1_C2
965,0,train,0.6837555766105652,pdb_00007u9f_E_F
966,0,train,1.3569360971450806,pdb_00008jel_F_G
967,0,train,1.562760353088379,pdb_00003eo1_K_J
968,0,train,1.5150748491287231,pdb_00008d7e_D_E
969,0,train,1.372132658958435,pdb_00008sid_J_I
970,0,train,1.4042147397994995,pdb_00008u4s_H_L
971,0,train,0.9334988594055176,pdb_00008dn6_C_D
972,0,train,0.9675728678703308,pdb_00008xse_M_N
973,0,train,2.3460938930511475,pdb_00009qub_D_C
974,0,train,2.1490378379821777,pdb_00008tbq_A_B
975,0,train,1.5059384107589722,pdb_00009ue8_A_B
976,0,train,0.11740165948867798,pdb_00008dzr_E1_E2
977,0,train,0.9504480957984924,pdb_00008syp_M1_M2
978,0,train,1.0669833421707153,pdb_00007t3d_J_M
979,0,train,1.7755850553512573,pdb_00009mtk_H_L
980,0,train,1.9664472341537476,pdb_00001xgu_B_A
981,0,train,2.2729315757751465,pdb_00006gff_N_M
982,0,train,1.6927992105484009,pdb_00009o7g_C_D
983,0,train,2.0239298343658447,pdb_00008dcm_A_B
984,0,train,1.6616673469543457,pdb_00009cfg_H_L
985,0,train,2.0867605209350586,pdb_00007uij_H_L
986,0,train,0.12610116600990295,pdb_00008jz7_S1_S2
987,0,train,1.6601303815841675,pdb_00007det_D1_D2
988,0,train,1.6135505437850952,pdb_00008vgi_K_L
989,0,train,1.580957293510437,pdb_00008y3h_G_H
990,0,train,1.1538585424423218,pdb_00003g6d_H_L
991,0,train,1.249292254447937,pdb_00009lho_T_S
992,0,train,1.7250819206237793,pdb_00006xpz_B_C
993,0,train,1.2768995761871338,pdb_00006iap_E_D
994,0,train,1.1763538122177124,pdb_00001tzh_B_A
995,0,train,0.8748568296432495,pdb_00002hlf_E_F
996,0,train,0.08904458582401276,pdb_00009k07_E1_E2
997,0,train,1.259874939918518,pdb_00008vgh_H_G
998,0,train,1.337698221206665,pdb_00003rhw_J_M
999,0,train,1.9638978242874146,pdb_00009rim_H_L
1000,0,train,1.4370208978652954,pdb_00006hxw_C_D
1001,0,train,0.08872173726558685,pdb_00007wy0_C1_C2
1002,0,train,0.06324398517608643,pdb_00007vv5_S1_S2
1003,0,train,1.8478015661239624,pdb_00009vca_H_L
1004,0,train,1.684975504875183,pdb_00008cz8_A2_A1
1005,0,train,0.23210017383098602,pdb_00008h2g_E1_E2
1006,0,train,1.081213116645813,pdb_00007xcz_D_E
1007,0,train,2.36771559715271,pdb_00004f37_H_L
1008,0,train,2.2430951595306396,pdb_00001tqb_B_C
1009,0,train,2.037581205368042,pdb_00005c0n_H_L
1010,0,train,1.4527287483215332,pdb_00007ubs_J1_J2
1011,0,train,1.5212515592575073,pdb_00008uzp_A_B
1012,0,train,0.13518375158309937,pdb_00009cm7_N1_N2
1013,0,train,1.5153580904006958,pdb_00009ov4_H_L
1014,0,train,1.4393360614776611,pdb_00007lq7_C_D
1015,0,train,1.5418998003005981,pdb_00009jy1_P_O
1016,0,train,1.1156978607177734,pdb_00003b2u_C_D
1017,0,train,0.9195383191108704,pdb_00003g6j_F_E
1018,0,train,0.06287984549999237,pdb_00008xzj_S1_S2
1019,0,train,0.06488432735204697,pdb_00009ijd_D1_D2
1020,0,train,2.0048162937164307,pdb_00008gsc_H_L
1021,0,train,1.171606421470642,pdb_00008xsi_H_L
1022,0,train,1.6169925928115845,pdb_00009cu7_J_N
1023,0,train,1.4265575408935547,pdb_00006jod_H_L
1024,0,train,1.4607118368148804,pdb_00004hj0_C_D
1025,0,train,1.8941205739974976,pdb_00004u6h_C_D
1026,0,train,0.04927661269903183,pdb_00008e9x_E1_E2
1027,0,train,1.309134602546692,pdb_00008vgl_H_L
1028,0,train,1.1234779357910156,pdb_00007yvm_C_A
1029,0,train,1.3063665628433228,pdb_00003f7y_A_B
1030,0,train,0.9002520442008972,pdb_00008evi_M1_M2
1031,0,train,0.04605414718389511,pdb_00008jgf_E1_E2
1032,0,train,1.5952891111373901,pdb_00003fmg_H_L
1033,0,train,1.2732608318328857,pdb_00006x3u_J_I
1034,0,train,1.7831192016601562,pdb_00009n4e_K_M
1035,0,train,1.268688440322876,pdb_00007zfe_F_G
1036,0,train,1.6175367832183838,pdb_00008f6o_A_B
1037,0,train,1.4040478467941284,pdb_00008ebp_I_M
1038,0,train,0.8952706456184387,pdb_00007f6z_H_L
1039,0,train,1.6798043251037598,pdb_00001nbz_B_A
1040,0,train,1.1398156881332397,pdb_00001k4d_A_B
1041,0,train,2.2116193771362305,pdb_00009h4r_X_Y
1042,0,train,1.2506346702575684,pdb_00007yrf_F_E
1043,0,train,1.0484575033187866,pdb_00003gb7_A_B
1044,0,train,1.2819818258285522,pdb_00007vaf_H_L
1045,0,train,1.1664953231811523,pdb_00002h9g_H_L
1046,0,train,0.08347897231578827,pdb_00008xyd_E1_E2
1047,0,train,1.4754993915557861,pdb_00006x3z_K_L
1048,0,train,0.04683477059006691,pdb_00008jim_S1_S2
1049,0,train,0.7448577880859375,pdb_00003ejy_C_D
1050,0,train,0.8540999293327332,pdb_00003f5w_A_B
1051,0,train,0.6963892579078674,pdb_00007c01_C_D
1052,0,train,0.8514813780784607,pdb_00008zfz_D1_D2
1053,0,train,0.5618842840194702,pdb_00002exy_E_F
1054,0,train,2.6241047382354736,pdb_00008zd5_B_C
1055,0,train,0.9783577919006348,pdb_00008vqy_J_I
1056,0,train,0.41863662004470825,pdb_00007vdm_S1_S2
1057,0,train,0.9478533864021301,pdb_00006x3u_K_L
1058,0,train,0.2877894639968872,pdb_00008xjn_E1_E2
1059,0,train,0.25290408730506897,pdb_00008ijd_S1_S2
1060,0,train,0.8801804184913635,pdb_00007yck_E_F
1061,0,train,2.374669313430786,pdb_00009n5i_H_L
1062,0,train,0.8204678893089294,pdb_00007m2j_A_B
1063,0,train,2.643404722213745,pdb_00005w3m_E_G
1064,0,train,0.09130379557609558,pdb_00009m2f_S1_S2
1065,0,train,1.0958348512649536,pdb_00008bg2_C1_C2
1066,0,train,1.5526686906814575,pdb_00008jqm_M_N
1067,0,train,2.060434103012085,pdb_00009oar_H_L
1068,0,train,0.42777884006500244,pdb_00002exw_E_F
1069,0,train,1.4249050617218018,pdb_00008bg5_C1_C2
1070,0,train,1.6844807863235474,pdb_00005wko_K_L
1071,0,train,1.5512372255325317,pdb_00007x2w_H_L
1072,0,train,0.5774868130683899,pdb_00009wxm_D1_D2
1073,0,train,1.4020850658416748,pdb_00008vgm_H_L
1074,0,train,1.3993569612503052,pdb_00003fku_T1_T2
1075,0,train,1.6487178802490234,pdb_00007k9z_B_A
1076,0,train,1.4589205980300903,pdb_00007ua2_B1_B2
1077,0,train,1.841094732284546,pdb_00006bpc_B_C
1078,0,train,1.264655590057373,pdb_00008jkh_m_n
1079,0,train,1.5148546695709229,pdb_00006pe9_C_D
1080,0,train,1.570820689201355,pdb_00006n5e_E_D
1081,0,train,1.4741277694702148,pdb_00009yyu_I_M
1082,0,train,1.1696231365203857,pdb_00007y7m_F_G
1083,0,train,1.5837734937667847,pdb_00009n4e_Q_P
1084,0,train,0.3032836318016052,pdb_00008hpt_H1_H2
1085,0,train,1.211226463317871,pdb_00008qh0_H_L
1086,0,train,1.3389307260513306,pdb_00007cvt_C_D
1087,0,train,1.3825401067733765,pdb_00006t3j_A_B
1088,0,train,0.176360622048378,pdb_00009jkt_S1_S2
1089,0,train,0.8816761374473572,pdb_00008hws_H_L
1090,0,train,1.648916482925415,pdb_00008tea_H_G
1091,0,train,1.5287251472473145,pdb_00007l0l_I_K
1092,0,train,1.0259151458740234,pdb_00008si9_K_L
1093,0,train,1.8004223108291626,pdb_00007rco_D_C
1094,0,train,0.9812549352645874,pdb_00006ktr_A_B
1095,0,train,1.1267309188842773,pdb_00006ii4_H_L
1096,0,train,1.7251887321472168,pdb_00003bsz_H_L
1097,0,train,0.8158432841300964,pdb_00002itd_A_B
1098,0,train,1.3935166597366333,pdb_00009rio_H_L
1099,0,train,1.5785248279571533,pdb_00008ulf_H_L
1100,0,train,1.5152844190597534,pdb_00006wm9_E_F
1101,0,train,1.9982514381408691,pdb_00009oi3_H_L
1102,0,train,1.4969958066940308,pdb_00006wn1_B_C
1103,0,train,1.646263599395752,pdb_00008uf7_B_A
1104,0,train,0.8591822981834412,pdb_00007u0g_N1_N2
1105,0,train,0.14884385466575623,pdb_00007t2h_E1_E2
1106,0,train,1.4154384136199951,pdb_00009og1_B_C
1107,0,train,1.8827763795852661,pdb_00007l7e_E_F
1108,0,train,1.0532519817352295,pdb_00007d85_E_F
1109,0,train,1.457068681716919,pdb_00008dv6_H_D
1110,0,train,1.2221927642822266,pdb_00001e6j_H_L
1111,0,train,0.6416097283363342,pdb_00007u0i_N1_N2
1112,0,train,0.3629278540611267,pdb_00008ejk_E1_E2
1113,0,train,1.8609459400177002,pdb_00009fyt_I_M
1114,0,train,0.07658457010984421,pdb_00008yyw_B1_B2
1115,0,train,0.5894794464111328,pdb_00007cvs_E_F
1116,0,train,0.07763122022151947,pdb_00009upu_S1_S2
1117,0,train,0.7372274994850159,pdb_00007u9v_E_F
1118,0,train,0.5008338093757629,pdb_00006dzt_N1_N2
1119,0,train,1.7708467245101929,pdb_00003lh2_K_O
1120,0,train,1.2919751405715942,pdb_00007l0l_G_J
1121,0,train,0.08372624218463898,pdb_00008vy7_D1_D2
1122,0,train,1.788939356803894,pdb_00004ubd_O_P
1123,0,train,0.081778883934021,pdb_00009oxb_D1_D2
1124,0,train,1.235676646232605,pdb_00003rif_J_M
1125,0,train,1.4356285333633423,pdb_00009bt5_E_F
1126,0,train,1.0974736213684082,pdb_00008hn7_B_A
1127,0,train,0.82566237449646,pdb_00002boc_A_B
1128,0,train,0.2734503746032715,pdb_00007vie_E1_E2
1129,0,train,1.4286105632781982,pdb_00007xrz_B_A
1130,0,train,1.8992196321487427,pdb_00001fj1_D_C
1131,0,train,1.4583845138549805,pdb_00008vgk_K_L
1132,0,train,1.5302506685256958,pdb_00006xy2_H_L
1133,0,train,1.1238415241241455,pdb_00007jx3_H_L
1134,0,train,0.10202299058437347,pdb_00007d77_S1_S2
1135,0,train,0.06731309741735458,pdb_00008sai_S1_S2
1136,0,train,1.629364013671875,pdb_00008tpa_D_E
1137,0,train,0.9462355375289917,pdb_00005ggv_H_L
1138,0,train,1.3988741636276245,pdb_00009js7_J_M
1139,0,train,1.733847737312317,pdb_00008f6l_A_B
1140,0,train,2.324720621109009,pdb_00007mxl_A_B
1141,0,train,0.9655671119689941,pdb_00009n7q_H_L
1142,0,train,1.642411470413208,pdb_00007wph_E_D
1143,0,train,0.9974809885025024,pdb_00008f2j_A_B
1144,0,train,1.6105966567993164,pdb_00009jy3_R_Q
1145,0,train,0.8675578236579895,pdb_00007pry_A_B
1146,0,train,1.4038974046707153,pdb_00007pa7_ddd2_ddd1
1147,0,train,0.23152320086956024,pdb_00008yuu_S1_S2
1148,0,train,1.0267002582550049,pdb_00008vrn_K_L
1149,0,train,0.7901804447174072,pdb_00007nx8_H_L
1150,0,train,1.2596021890640259,pdb_00009ouq_H_L
1151,0,train,2.280590534210205,pdb_00001n6q_H_L
1152,0,train,0.07050370424985886,pdb_00007ydh_E1_E2
1153,0,train,0.5098116993904114,pdb_00007tpd_E_F
1154,0,train,1.3794893026351929,pdb_00007wro_H_L
1155,0,train,0.48192650079727173,pdb_00008iys_E1_E2
1156,0,train,1.011625051498413,pdb_00006k5i_C_D
1157,0,train,1.716416835784912,pdb_00007mzj_H_L
1158,0,train,1.011582612991333,pdb_00007klh_I_M
1159,0,train,1.3089185953140259,pdb_00008tx3_H_L
1160,0,train,1.3133819103240967,pdb_00008dce_H1_H2
1161,0,train,1.3659780025482178,pdb_00008gpu_C_D
1162,0,train,1.8530024290084839,pdb_00009oar_B_D
1163,0,train,1.5845457315444946,pdb_00004yk4_C_B
1164,0,train,1.2585080862045288,pdb_00008gpy_E1_E2
1165,0,train,2.051706552505493,pdb_00006zh9_HHH_LLL
1166,0,train,1.0703471899032593,pdb_00006cyf_U_T
1167,0,train,0.8411964774131775,pdb_00007pry_F_G
1168,0,train,1.1193395853042603,pdb_00005yoy_Q_N
1169,0,train,1.34915030002594,pdb_00009ib1_H_L
1170,0,train,2.6337149143218994,pdb_00008edf_H_L
1171,0,train,1.2454231977462769,pdb_00005xku_C_B
1172,0,train,2.0253477096557617,pdb_00002x7l_J_K
1173,0,train,1.4885362386703491,pdb_00004tnw_W_f
1174,0,train,1.6047431230545044,pdb_00001ua6_H_L
1175,0,train,0.9764023423194885,pdb_00009dzg_H_L
1176,0,train,0.9817484617233276,pdb_00007mzk_C_D
1177,0,train,2.218724012374878,pdb_00006h3u_H_L
1178,0,train,0.5034931898117065,pdb_00009iv6_S1_S2
1179,0,train,1.344887375831604,pdb_00007lq7_T_U
1180,0,train,1.139604091644287,pdb_00006xq2_C_B
1181,0,train,1.0937601327896118,pdb_00007d6i_B_C
1182,0,train,1.8147627115249634,pdb_00009oi3_I_J
1183,0,train,0.37243926525115967,pdb_00009vnz_E1_E2
1184,0,train,1.0908406972885132,pdb_00008wpy_H_L
1185,0,train,0.7763620018959045,pdb_00003iga_A_B
1186,0,train,1.7168208360671997,pdb_00006ii9_P_Q
1187,0,train,0.2191304862499237,pdb_00008jjp_S1_S2
1188,0,train,1.6841936111450195,pdb_00006ek2_H1_H2
1189,0,train,0.5126978158950806,pdb_00007ufh_E_F
1190,0,train,1.5259901285171509,pdb_00006wmw_M_N
1191,0,train,1.063948631286621,pdb_00008bg3_A1_A2
1192,0,train,0.1703062802553177,pdb_00008z8a_S1_S2
1193,0,train,0.09364274144172668,pdb_00008jxt_E1_E2
1194,0,train,1.7304906845092773,pdb_00008suo_I_M
1195,0,train,0.09904108941555023,pdb_00009izf_S1_S2
1196,0,train,0.1702066957950592,pdb_00009iy8_S1_S2
1197,0,train,0.06517571210861206,pdb_00007yon_S1_S2
1198,0,train,1.0719027519226074,pdb_00008jkh_h_l
1199,0,train,0.09540077298879623,pdb_00008w8r_S1_S2
1200,0,train,2.264106512069702,pdb_00001j5o_H_L
1201,0,train,1.855717420578003,pdb_00006yz7_BBB_CCC
1202,0,train,1.0970567464828491,pdb_00006w0a_A_B
1203,0,train,1.8222615718841553,pdb_00009mtk_I_J
1204,0,train,1.1989061832427979,pdb_00009ue0_A_B
1205,0,train,1.5405391454696655,pdb_00009bdi_H_L
1206,0,train,0.05145595967769623,pdb_00008h0p_E1_E2
1207,0,train,0.05551169440150261,pdb_00009jr2_S1_S2
1208,0,train,0.05060426518321037,pdb_00007wyb_E1_E2
1209,0,train,0.9309403896331787,pdb_00004zff_H_L
1210,0,train,1.4325157403945923,pdb_00008ihj_S1_S2
1211,0,train,0.06607427448034286,pdb_00008vy9_D1_D2
1212,0,train,0.6471222043037415,pdb_00006ad7_E_F
1213,0,train,1.5502243041992188,pdb_00007ttx_H_L
1214,0,train,1.4942492246627808,pdb_00003eo1_B_A
1215,0,train,2.408541202545166,pdb_00003ri5_F_N
1216,0,train,1.2765676975250244,pdb_00002eks_B_A
1217,0,train,0.890924870967865,pdb_000011oo_H_L
1218,0,train,0.5030213594436646,pdb_00008j21_B1_B2
1219,0,train,1.0435357093811035,pdb_00008dn7_A_B
1220,0,train,0.14657312631607056,pdb_00007rgp_E1_E2
1221,0,train,0.8592212796211243,pdb_00007kfw_F_G
1222,0,train,1.100401759147644,pdb_00007xsc_D_H
1223,0,train,1.2929487228393555,pdb_00007vyr_H_L
1224,0,train,1.4224249124526978,pdb_00009riq_H_L
1225,0,train,1.2660056352615356,pdb_00004yk4_Z_Y
1226,0,train,1.0544313192367554,pdb_00008i0n_I_M
1227,0,train,1.3488714694976807,pdb_00005wko_I_J
1228,0,train,2.1172049045562744,pdb_00008zre_h_l
1229,0,train,1.2273677587509155,pdb_00008w85_A_B
1230,0,train,0.4832317531108856,pdb_00008jxx_E1_E2
1231,0,train,0.9979903101921082,pdb_00007x63_H_L
1232,0,train,2.246917724609375,pdb_00003rif_I_O
1233,0,train,2.136197328567505,pdb_00003mj9_H_L
1234,0,train,1.9581384658813477,pdb_00008tp5_E_F
1235,0,train,0.13613490760326385,pdb_00008kfx_S1_S2
1236,0,train,1.5191645622253418,pdb_00008too_H_E
1237,0,train,1.701928734779358,pdb_00004hg4_V_W
1238,0,train,0.46571028232574463,pdb_00007yoo_S1_S2
1239,0,train,1.4178615808486938,pdb_00009bao_G_H
1240,0,train,2.2830772399902344,pdb_00009ml8_H_L
1241,0,train,0.09062376618385315,pdb_00009vmy_E1_E2
1242,0,train,0.20410104095935822,pdb_00007xav_E1_E2
1243,0,train,2.1092453002929688,pdb_00008kep_H_L
1244,0,train,0.9435272812843323,pdb_00005xhv_P_Q
1245,0,train,1.3428245782852173,pdb_00002yss_B_A
1246,0,train,0.22039355337619781,pdb_00008thk_F1_F2
1247,0,train,1.7417634725570679,pdb_00001kiq_B_A
1248,0,train,1.2120052576065063,pdb_00007e3o_H_L
1249,0,train,1.572556734085083,pdb_00007wph_H_L
1250,0,train,0.055384449660778046,pdb_00008xjk_E1_E2
1251,0,train,0.8083775639533997,pdb_00008sps_K1_K2
1252,0,train,0.05496291443705559,pdb_00009kfk_S1_S2
1253,0,train,1.0159671306610107,pdb_00006x3s_J_I
1254,0,train,0.26681309938430786,pdb_00006crk_H1_H2
1255,0,train,0.20197169482707977,pdb_00007vif_E1_E2
1256,0,train,2.247985363006592,pdb_00005dfw_H1_H2
1257,0,train,1.3912245035171509,pdb_00005ggt_H_L
1258,0,train,1.4226725101470947,pdb_00008rrn_H_L
1259,0,train,1.822013020515442,pdb_00001fdl_H_L
1260,0,train,2.549515962600708,pdb_00009leo_A_B
1261,0,train,1.54179048538208,pdb_00008y3i_G_H
1262,0,train,1.6858243942260742,pdb_00009t5z_H_L
1263,0,train,1.2954500913619995,pdb_00008jkf_m_n
1264,0,train,0.14425800740718842,pdb_00007vkt_E1_E2
1265,0,train,1.0682793855667114,pdb_00008jkh_M_N
1266,0,train,0.9464284181594849,pdb_00006x3z_J_I
1267,0,train,0.4605785012245178,pdb_00009ggg_S1_S2
1268,0,train,1.8889105319976807,pdb_00002x7l_E_F
1269,0,train,2.385119915008545,pdb_00008tzn_G_H
1270,0,train,1.494187355041504,pdb_00002vxq_H_L
1271,0,train,1.9763730764389038,pdb_00009ml8_E_F
1272,0,train,1.939271330833435,pdb_00003qwo_A_B
1273,0,train,0.10442504286766052,pdb_00008iu2_S1_S2
1274,0,train,1.108836054801941,pdb_00008w86_A_B
1275,0,train,1.547399640083313,pdb_00008p5m_G_L
1276,0,train,1.8497084379196167,pdb_00009mth_M_N
1277,0,train,0.8644567728042603,pdb_00009drx_K_L
1278,0,train,1.3089908361434937,pdb_00001uac_H_L
1279,0,train,1.145277738571167,pdb_00007kmg_A_B
1280,0,train,1.9993423223495483,pdb_00006u9s_D_E
1281,0,train,1.7662534713745117,pdb_00005hbt_D_C
1282,0,train,0.9611607789993286,pdb_00007cdj_H_L
1283,0,train,2.671501636505127,pdb_00008cdd_E_D
1284,0,train,0.7261016368865967,pdb_00006e0c_N1_N2
1285,0,train,1.5768152475357056,pdb_00007zfb_H_L
1286,0,train,1.1729904413223267,pdb_00007rxj_H_L
1287,0,train,1.565554141998291,pdb_00007m7b_H_L
1288,0,train,2.1008408069610596,pdb_00006d0u_K_L
1289,0,train,1.5181490182876587,pdb_00007uvs_D_E
1290,0,train,1.4422084093093872,pdb_00001dqj_B_A
1291,0,train,1.9056544303894043,pdb_00009f90_A_B
1292,0,train,0.2671354115009308,pdb_00009kxs_H1_H2
1293,0,train,1.3099905252456665,pdb_00008vgm_E_F
1294,0,train,2.014836549758911,pdb_00009e3l_G_H
1295,0,train,0.0808895081281662,pdb_00008kgg_E1_E2
1296,0,train,1.0952610969543457,pdb_00007sco_J_K
1297,0,train,1.154489278793335,pdb_00008f6x_E1_E2
1298,0,train,1.454644799232483,pdb_00006bpa_E_F
1299,0,train,1.3562036752700806,pdb_00007ycn_C_D
1300,0,train,0.14545759558677673,pdb_00007t8x_E1_E2
1301,0,train,1.0549652576446533,pdb_00008ubj_N2_N1
1302,0,train,1.8187611103057861,pdb_00008sdh_H_L
1303,0,train,1.2758201360702515,pdb_00006wno_E_F
1304,0,train,1.3011360168457031,pdb_00007f15_B1_B2
1305,0,train,1.2176733016967773,pdb_00006ss4_HHH_LLL
1306,0,train,1.7760053873062134,pdb_00007x2i_H_L
1307,0,train,1.760975956916809,pdb_00007kqh_C_D
1308,0,train,0.8316506743431091,pdb_00002qr0_T_S
1309,0,train,0.11222297698259354,pdb_00008j6j_H1_H2
1310,0,train,1.0109822750091553,pdb_00006vmk_o_n
1311,0,train,0.6926857829093933,pdb_00008x8l_E1_E2
1312,0,train,1.7935256958007812,pdb_00006jep_K_I
1313,0,train,0.9277368783950806,pdb_00008j8r_D_E
1314,0,train,0.5825697779655457,pdb_00008evh_N1_N2
1315,0,train,1.5184721946716309,pdb_00006fax_H_L
1316,0,train,2.1578752994537354,pdb_00009y41_H_L
1317,0,train,0.06966861337423325,pdb_00009jmd_E1_E2
1318,0,train,1.3423575162887573,pdb_00004qci_B_A
1319,0,train,0.24372093379497528,pdb_00008jpn_S1_S2
1320,0,train,0.9148253202438354,pdb_00007ek0_H_L
1321,0,train,1.3776841163635254,pdb_00008sdf_H_L
1322,0,train,0.16547901928424835,pdb_00008yn9_E1_E2
1323,0,train,1.0524227619171143,pdb_00003u30_C_B
1324,0,train,1.5100256204605103,pdb_00007tbf_H_L
1325,0,train,0.7717096209526062,pdb_00008jel_C_D
1326,0,train,1.0434796810150146,pdb_00008jkf_M_N
1327,0,train,0.8133083581924438,pdb_00003fb6_A_B
1328,0,train,1.9545543193817139,pdb_00005gs0_D_C
1329,0,train,2.061972141265869,pdb_00007y6l_H_L
1330,0,train,0.5867454409599304,pdb_00002exw_C_D
1331,0,train,0.08522424846887589,pdb_00009m8l_N1_N2
1332,0,train,1.2917402982711792,pdb_00005vig_H_L
1333,0,train,1.164760947227478,pdb_00009oun_H_L
1334,0,train,0.5622090101242065,pdb_00002vdl_H_L
1335,0,train,1.3289483785629272,pdb_00007uxl_A_B
1336,0,train,0.34883221983909607,pdb_00007x9y_S1_S2
1337,0,train,0.9827370643615723,pdb_00007zf9_H_L
1338,0,train,1.4816714525222778,pdb_00007x2o_H_L
1339,0,train,1.6996302604675293,pdb_00009l07_H_L
1340,0,train,1.0185905694961548,pdb_00006cyf_M_L
1341,0,train,0.051459118723869324,pdb_00008ic0_E1_E2
1342,0,train,0.6534613370895386,pdb_00003fb5_A_B
1343,0,train,0.053890716284513474,pdb_00009l42_E1_E2
1344,0,train,1.3527545928955078,pdb_00008g5b_I_M
1345,0,train,0.894747793674469,pdb_00006bah_B_A
1346,0,train,0.2500709891319275,pdb_00009j31_D1_D2
1347,0,train,0.9010235667228699,pdb_00006cw3_C_D
1348,0,train,1.8234648704528809,pdb_00001g9n_H_L
1349,0,train,0.060070112347602844,pdb_00008y02_S1_S2
1350,0,train,0.05643313378095627,pdb_00008xqo_S1_S2
1351,0,train,1.3752802610397339,pdb_00009cu7_I_M
1352,0,train,0.8241606950759888,pdb_00008ubl_M2_M1
1353,0,train,0.18136858940124512,pdb_00008hqe_H1_H2
1354,0,train,0.966915488243103,pdb_00006vmk_H_G
1355,0,train,1.8051021099090576,pdb_00009nz3_D_C
1356,0,train,0.5027889013290405,pdb_00007e33_E1_E2
1357,0,train,3.077307939529419,pdb_00004xzu_E_F
1358,0,train,1.6795495748519897,pdb_00007zfc_A_B
1359,0,train,0.6978865265846252,pdb_00008wnp_B_A
1360,0,train,1.1087937355041504,pdb_00007wk0_A_B
1361,0,train,1.4688386917114258,pdb_00009nz3_F_E
1362,0,train,0.5785378217697144,pdb_00002ht4_E_F
1363,0,train,0.12877272069454193,pdb_00007ew1_E1_E2
1364,0,train,0.7335882186889648,pdb_00003stz_A_B
1365,0,train,0.15776383876800537,pdb_00009jkv_S1_S2
1366,0,train,0.625708818435669,pdb_00003or7_A_B
1367,0,train,0.9990811944007874,pdb_00007zfe_M_N
1368,0,train,1.7906755208969116,pdb_00008ut2_J_I
1369,0,train,1.3066182136535645,pdb_00007y3o_H_L
1370,0,train,0.06721905618906021,pdb_00008yn5_E1_E2
1371,0,train,1.4521020650863647,pdb_00006u6u_H_L
1372,0,train,1.2218706607818604,pdb_00007jmw_H_L
1373,0,train,0.6915833353996277,pdb_00002qr0_X_W
1374,0,train,0.07794083654880524,pdb_00008jlk_S1_S2
1375,0,train,1.5468053817749023,pdb_00009hhr_L_H
1376,0,train,1.072759747505188,pdb_00009l6c_H_L
1377,0,train,1.5012733936309814,pdb_00002i9l_D_C
1378,0,train,1.7789647579193115,pdb_00006ivz_H_L
1379,0,train,0.8758952021598816,pdb_00007sk4_D_C
1380,0,train,1.9487673044204712,pdb_00001oak_H_L
1381,0,train,1.251860499382019,pdb_00007lfa_H_L
1382,0,train,2.0748238563537598,pdb_00006ban_F_E
1383,0,train,0.9249476790428162,pdb_00003nh7_I_M
1384,0,train,0.8012681007385254,pdb_00006vmk_M_L
1385,0,train,2.1995081901550293,pdb_00008go8_I_M
1386,0,train,2.478757381439209,pdb_00004i3r_H_L
1387,0,train,1.4454952478408813,pdb_00004okv_A_B
1388,0,train,0.9709495306015015,pdb_00008vfx_N2_N1
1389,0,train,1.2143142223358154,pdb_00008w83_M_N
1390,0,train,1.057483196258545,pdb_00007t87_H_L
1391,0,train,1.2948799133300781,pdb_00009cq4_H_L
1392,0,train,0.71561598777771,pdb_00008elp_H_L
1393,0,train,0.16652005910873413,pdb_00007xxh_H1_H2
1394,0,train,0.6310991644859314,pdb_00003t3m_E_F
1395,0,train,0.19140341877937317,pdb_00008k9k_H1_H2
1396,0,train,1.7246099710464478,pdb_00009rik_H_L
1397,0,train,1.4284001588821411,pdb_00007unb_H_L
1398,0,train,0.9032143950462341,pdb_00008ihb_S1_S2
1399,0,train,0.8233416080474854,pdb_00009oj4_B_A
1400,0,train,0.4009782671928406,pdb_00007udg_E_F
1401,0,train,1.7383149862289429,pdb_00006vvu_G_I
1402,0,train,2.1721508502960205,pdb_00001iqd_B_A
1403,0,train,0.771876335144043,pdb_00007zfe_J_K
1404,0,train,1.0690817832946777,pdb_00009our_J_K
1405,0,train,0.24716097116470337,pdb_00008z9p_S1_S2
1406,0,train,1.8229261636734009,pdb_00005dhx_B2_B1
1407,0,train,1.3019585609436035,pdb_00007zmk_S_T
1408,0,train,1.4614521265029907,pdb_00001fsk_C_B
1409,0,train,0.15703505277633667,pdb_00008y45_S1_S2
1410,0,train,0.1750350147485733,pdb_00008yn2_E1_E2
1411,0,train,1.4636671543121338,pdb_00009zqa_J2_J1
1412,0,train,1.2678470611572266,pdb_00009nz5_F_E
1413,0,train,2.2175748348236084,pdb_00008hrd_L_M
1414,0,train,1.517907738685608,pdb_00008rrn_C_D
1415,0,train,0.09942582249641418,pdb_00009bqj_E1_E2
1416,0,train,1.0581010580062866,pdb_00009udq_F_A
1417,0,train,1.2165650129318237,pdb_00007qf1_C_B
1418,0,train,2.013206958770752,pdb_00008dwo_U_V
1419,0,train,0.776642382144928,pdb_00004ttd_H_L
1420,0,train,0.3358932137489319,pdb_00007tho_E_F
1421,0,train,0.14227549731731415,pdb_00008xx6_S1_S2
1422,0,train,1.1491687297821045,pdb_00006wzl_A_B
1423,0,train,0.5007556676864624,pdb_00008evg_N1_N2
1424,0,train,0.8226536512374878,pdb_00006adc_C_D
1425,0,train,1.3929731845855713,pdb_00008bcz_H_L
1426,0,train,1.1129249334335327,pdb_00008tbb_H_L
1427,0,train,1.3111956119537354,pdb_00007c81_H_L
1428,0,train,2.515345811843872,pdb_00009y3x_H_L
1429,0,train,0.47149747610092163,pdb_00008zps_E1_E2
1430,0,train,2.170614719390869,pdb_00001t03_H_L
1431,0,train,1.6489207744598389,pdb_00004lvh_E_F
1432,0,train,1.8577110767364502,pdb_00008zre_H_L
1433,0,train,1.2805681228637695,pdb_00007zfc_H_L
1434,0,train,0.9540231823921204,pdb_00008bcz_E_F
1435,0,train,0.0991491749882698,pdb_00009oxa_D1_D2
1436,0,train,1.159035325050354,pdb_00006w0g_A_B
1437,0,train,0.07124201953411102,pdb_00007ts0_H1_H2
1438,0,train,0.5834386348724365,pdb_00002qr0_H_G
1439,0,train,2.0233352184295654,pdb_00007lop_W_V
1440,0,train,0.6694052815437317,pdb_00006k5f_C_D
1441,0,train,1.6630183458328247,pdb_00009huo_C_D
1442,0,train,1.3203226327896118,pdb_00005wko_E_F
1443,0,train,0.07573267817497253,pdb_00008xqs_S1_S2
1444,0,train,1.6811221837997437,pdb_00003hfm_H_L
1445,0,train,1.6099588871002197,pdb_00005wk3_S_R
1446,0,train,2.1676523685455322,pdb_00003h3b_C2_C1
1447,0,train,0.9215348362922668,pdb_00009lbs_D_C
1448,0,train,1.7920430898666382,pdb_00008bbo_H_L
1449,0,train,1.580998182296753,pdb_00005aaw_F1_F2
1450,0,train,0.6688639521598816,pdb_00004tsb_H_L
1451,0,train,1.616445779800415,pdb_00006yor_H_L
1452,0,train,1.5543113946914673,pdb_00006z2m_B_C
1453,0,train,1.4879623651504517,pdb_00008ut2_H_G
1454,0,train,0.1297132819890976,pdb_00008wwk_E1_E2
1455,0,train,0.58974689245224,pdb_00007k61_M2_M1
1456,0,train,1.4826921224594116,pdb_00007wvl_H_L
1457,0,train,2.3838136196136475,pdb_00009xsx_B_C
1458,0,train,1.9963862895965576,pdb_00009cds_E_D
1459,0,train,1.433445930480957,pdb_00009j4c_H_L
1460,0,train,0.3960820734500885,pdb_00006k5i_E_F
1461,0,train,1.0807512998580933,pdb_00007lfa_B_D
1462,0,train,1.4606409072875977,pdb_00005ugy_H_L
1463,0,train,1.266136646270752,pdb_00008zh7_E_F
1464,0,train,0.9048647284507751,pdb_00008bg2_A1_A2
1465,0,train,1.6869993209838867,pdb_00007n0a_B_A
1466,0,train,0.127877876162529,pdb_00008thl_F1_F2
1467,0,train,1.9004743099212646,pdb_00006oel_H_L
1468,0,train,0.09389480203390121,pdb_00008f7q_E1_E2
1469,0,train,1.2762532234191895,pdb_00005aaw_K1_K2
1470,0,train,2.5045952796936035,pdb_00008p12_H_L
1471,0,train,1.6064633131027222,pdb_00008fdo_A_B
1472,0,train,0.9583527445793152,pdb_00009n8j_F_G
1473,0,train,0.9800902605056763,pdb_00006x3w_J_I
1474,0,train,0.09637276083230972,pdb_00009buy_E1_E2
1475,0,train,0.1257103830575943,pdb_00008hoc_S1_S2
1476,0,train,1.4273009300231934,pdb_00006yor_B_C
1477,0,train,1.235366940498352,pdb_00007m42_D_C
1478,0,train,0.06570862233638763,pdb_00008z3m_S1_S2
1479,0,train,0.7168964743614197,pdb_00008dd2_J_I
1480,0,train,1.1212027072906494,pdb_00007pa7_nnn2_nnn1
1481,0,train,0.9320808053016663,pdb_00001dee_D_C
1482,0,train,0.9397695660591125,pdb_00009lae_A_B
1483,0,train,1.0849658250808716,pdb_00007sco_E_F
1484,0,train,1.5605127811431885,pdb_00009ma7_D_E
1485,0,train,0.15318873524665833,pdb_00007jhj_D1_D2
1486,0,train,0.06700009107589722,pdb_00006kpg_S1_S2
1487,0,train,1.7516767978668213,pdb_00008bcz_A_B
1488,0,train,0.6825215220451355,pdb_00002bob_A_B
1489,0,train,1.4390850067138672,pdb_00008jqm_H_L
1490,0,train,1.6951372623443604,pdb_00002x7l_G_I
1491,0,train,0.04889170080423355,pdb_00009kpe_S1_S2
1492,0,train,0.07473550736904144,pdb_00009v2n_S1_S2
1493,0,train,1.9691460132598877,pdb_00008w5l_H_L
1494,0,train,1.0665632486343384,pdb_00007wur_G_H
1495,0,train,1.0882019996643066,pdb_00007jum_I1_I2
1496,0,train,1.4358363151550293,pdb_00007scn_H_L
1497,0,train,1.0657579898834229,pdb_00007f7h_A_B
1498,0,train,1.9049228429794312,pdb_00006xm2_F_E
1499,0,train,1.0470054149627686,pdb_00007vyr_A_B
1500,0,train,2.1185250282287598,pdb_00006s3d_A_B
1501,0,train,1.440273642539978,pdb_00007ttm_H_L
1502,0,train,1.3279578685760498,pdb_00009nz4_F_E
1503,0,train,0.9244599342346191,pdb_00006cyf_D_C
1504,0,train,0.04993538558483124,pdb_00007ew3_S1_S2
1505,0,train,1.465635061264038,pdb_00004dkf_I_M
1506,0,train,0.4068737328052521,pdb_00007uh8_E_F
1507,0,train,1.5907174348831177,pdb_00008tea_F_I
1508,0,train,0.0377497598528862,pdb_00008kfz_S1_S2
1509,0,train,0.9151222109794617,pdb_00003dvn_H_L
1510,0,train,0.8060898184776306,pdb_00002r0l_H_L
1511,0,train,1.1623605489730835,pdb_00008sxp_H_L
1512,0,train,0.25360429286956787,pdb_00003zdx_E_F
1513,0,train,0.8355880379676819,pdb_00006w0j_A_B
1514,0,train,1.1882699728012085,pdb_00007ebz_E_F
1515,0,train,1.485866665840149,pdb_00006ogx_H_L
1516,0,train,0.14404265582561493,pdb_00007jvr_E1_E2
1517,0,train,1.4707612991333008,pdb_00009c0v_H_L
1518,0,train,0.06384172290563583,pdb_00008jln_S1_S2
1519,0,train,0.8458210825920105,pdb_00008tft_I_M
1520,0,train,1.3941289186477661,pdb_00006p4a_H_L
1521,0,train,0.33834388852119446,pdb_00007ucy_E_F
1522,0,train,1.5696041584014893,pdb_00003lqa_H_L
1523,0,train,1.4785418510437012,pdb_00009mqa_H_L
1524,0,train,0.7950198650360107,pdb_00005u5f_B_A
1525,0,train,1.402691125869751,pdb_00009cu7_H_L
1526,0,train,2.051262140274048,pdb_00008erq_H_L
1527,0,train,1.7859160900115967,pdb_00009wai_E_F
1528,0,train,2.1795289516448975,pdb_00006s3d_E_F
1529,0,train,2.0513057708740234,pdb_00008hpu_H_L
1530,0,train,1.8277063369750977,pdb_00006xq0_B_C
1531,0,train,1.8711518049240112,pdb_00006aru_C_B
1532,0,train,1.5418897867202759,pdb_00009k6y_H_L
1533,0,train,0.046189311891794205,pdb_00008yn7_E1_E2
1534,0,train,1.851346492767334,pdb_00007t82_D_C
1535,0,train,1.4319744110107422,pdb_00007dm1_F_E
1536,0,train,2.0296471118927,pdb_00008v2e_A_B
1537,0,train,1.0021127462387085,pdb_00008oz3_H_L
1538,0,train,1.3950181007385254,pdb_00009q7b_L_M
1539,0,train,0.6687872409820557,pdb_00008vrn_J_I
1540,0,train,0.7565246224403381,pdb_00006vmk_Z_Y
1541,0,train,1.7127110958099365,pdb_00007m7w_E_F
1542,0,train,1.540374755859375,pdb_00009mqd_I_M
1543,0,train,1.2630075216293335,pdb_00008jqn_h_l
1544,0,train,1.4358551502227783,pdb_00008khr_H_L
1545,0,train,1.4220035076141357,pdb_00006ek2_I1_I2
1546,0,train,1.2143791913986206,pdb_00007bbj_M_N
1547,0,train,1.1254558563232422,pdb_00008e2u_H_L
1548,0,train,2.5181596279144287,pdb_00008z6t_B_C
1549,0,train,0.06658115237951279,pdb_00007vdl_S1_S2
1550,0,train,1.6605641841888428,pdb_00007sbd_H_L
1551,0,train,0.271977037191391,pdb_00007tct_E_F
1552,0,train,2.38244366645813,pdb_00007uij_A_B
1553,0,train,0.050492528825998306,pdb_00007vgz_F1_F2
1554,0,train,0.04602474346756935,pdb_000021ag_S1_S2
1555,0,train,0.06053642928600311,pdb_00008j18_S1_S2
1556,0,train,1.7245769500732422,pdb_00009e3k_H_L
1557,0,train,0.11199742555618286,pdb_00007xau_E1_E2
1558,0,train,1.5790022611618042,pdb_00006z2m_H_L
1559,0,train,0.9181069135665894,pdb_00007ch5_H_L
1560,0,train,1.4380097389221191,pdb_00007scn_J_K
1561,0,train,1.855985403060913,pdb_00008zyf_H_D
1562,0,train,1.1637517213821411,pdb_00008jkf_h_l
1563,0,train,0.8639958500862122,pdb_00008dww_X_W
1564,0,train,0.026703473180532455,pdb_00008xxv_E1_E2
1565,0,train,1.447275996208191,pdb_00008dis_H_L
1566,0,train,1.045067548751831,pdb_00007lq7_y_z
1567,0,train,0.44075316190719604,pdb_00009v1h_E1_E2
1568,0,train,0.09422273188829422,pdb_00009iza_S1_S2
1569,0,train,0.20095641911029816,pdb_00007udh_E_F
1570,0,train,1.2551729679107666,pdb_00001c08_B_A
1571,0,train,1.2905420064926147,pdb_00009iz9_Q_R
1572,0,train,1.7819973230361938,pdb_00005gs0_F_E
1573,0,train,1.1318401098251343,pdb_00008sit_H_L
1574,0,train,1.2543249130249023,pdb_00009oum_H_L
1575,0,train,0.06060647964477539,pdb_00009vje_E1_E2
1576,0,train,1.5999948978424072,pdb_00007uvq_C_B
1577,0,train,1.556671142578125,pdb_00009lae_H_L
1578,0,train,1.1383256912231445,pdb_00009u5q_B_C
1579,0,train,1.4878140687942505,pdb_00009xth_B_C
1580,0,train,1.5040993690490723,pdb_00009n4e_O_R
1581,0,train,0.1172570064663887,pdb_00007wq3_S1_S2
1582,0,train,0.9464343786239624,pdb_00007kmg_D_E
1583,0,train,1.2611385583877563,pdb_00006hxw_H_L
1584,0,train,1.6675944328308105,pdb_00006k7o_D_E
1585,0,train,1.0984667539596558,pdb_00005d1z_B_A
1586,0,train,1.386210560798645,pdb_00009b82_H_L
1587,0,train,1.0548893213272095,pdb_00002dqd_H_L
1588,0,train,0.0653366819024086,pdb_00009jfy_S1_S2
1589,0,train,1.4042118787765503,pdb_00009zq9_J2_J1
1590,0,train,1.0602877140045166,pdb_00006dkj_A_B
1591,0,train,1.7987467050552368,pdb_00005a3i_G_H
1592,0,train,0.1586110144853592,pdb_00007ukp_E_F
1593,0,train,0.8729526400566101,pdb_00007keo_E_F
1594,0,train,1.3344721794128418,pdb_00007pry_H_L
1595,0,train,1.3873491287231445,pdb_00009vfu_E_F
1596,0,train,1.2688860893249512,pdb_00003fku_Z1_Z2
1597,0,train,1.5120484828948975,pdb_00001kip_B_A
1598,0,train,0.05162782594561577,pdb_00008yh0_S1_S2
1599,0,train,1.3820587396621704,pdb_00007ycn_K_L
1600,0,train,1.4339157342910767,pdb_00006a3w_A_B
1601,0,train,2.7776925563812256,pdb_00008zd5_H_I
1602,0,train,1.063637614250183,pdb_00001za3_B_A
1603,0,train,1.6315573453903198,pdb_00008w5h_H_L
1604,0,train,0.13565987348556519,pdb_00008u1u_E1_E2
1605,0,train,0.7852539420127869,pdb_00004tsc_H_L
1606,0,train,0.04799141734838486,pdb_00009vj5_E1_E2
1607,0,train,0.9535436630249023,pdb_00003a6b_H_L
1608,0,train,1.4337443113327026,pdb_00006wm9_B_C
1609,0,train,1.0949198007583618,pdb_00002jix_F_A
1610,0,train,1.4526842832565308,pdb_00004lvh_H_I
1611,0,train,1.3748600482940674,pdb_00009cia_D_C
1612,0,train,0.03736318275332451,pdb_00009ik9_E1_E2
1613,0,train,0.1974005401134491,pdb_00007l8p_E_F
1614,0,train,2.03825306892395,pdb_00008hrd_W_X
1615,0,train,1.2124292850494385,pdb_00007rxl_C_D
1616,0,train,0.037121083587408066,pdb_00007vgy_E1_E2
1617,0,train,1.4063410758972168,pdb_00008vgk_H_G
1618,0,train,0.47485819458961487,pdb_00002fee_J_O
1619,0,train,0.03344153240323067,pdb_00009izh_S1_S2
1620,0,train,0.6511291861534119,pdb_00007yxu_H_L
1621,0,train,0.05051117017865181,pdb_00008y73_E1_E2
1622,0,train,1.3513513803482056,pdb_00007u9e_H1_H2
1623,0,train,1.5171406269073486,pdb_00001fsk_I_H
1624,0,train,1.792989730834961,pdb_00001orq_B_A
1625,0,train,0.9013761281967163,pdb_00008vqy_K_L
1626,0,train,1.0527511835098267,pdb_00009j9z_H_L
1627,0,train,1.045852541923523,pdb_00001ndm_B_A
1628,0,train,1.3869800567626953,pdb_00004hj0_P_Q
1629,0,train,0.031217822805047035,pdb_00009vmn_S1_S2
1630,0,train,0.5156709551811218,pdb_00008spu_N1_N2
1631,0,train,0.33286556601524353,pdb_00007w0p_S1_S2
1632,0,train,1.121823787689209,pdb_00007tbf_D_E
1633,0,train,1.3857446908950806,pdb_00009mkn_J_N
1634,0,train,0.11839514225721359,pdb_00007rkx_D1_D2
1635,0,train,1.1994593143463135,pdb_00007zfb_C_D
1636,0,train,0.8303897976875305,pdb_00006rp8_H_L
1637,0,train,0.8640378713607788,pdb_00007chc_H_L
1638,0,train,0.08948840200901031,pdb_00009m1o_S1_S2
1639,0,train,1.6556733846664429,pdb_00008e8r_H_L
1640,0,train,1.4743996858596802,pdb_00004qci_H_L
1641,0,train,1.6509901285171509,pdb_00009lrh_H_L
1642,0,train,1.1483592987060547,pdb_00003rhw_H_L
1643,0,train,0.3396621346473694,pdb_00008spu_K1_K2
1644,0,train,0.04603235051035881,pdb_00009w49_S1_S2
1645,0,train,0.940727174282074,pdb_00008ywx_E_D
1646,0,train,1.1777760982513428,pdb_00001z3g_I_M
1647,0,train,0.11830773949623108,pdb_00008y6w_D1_D2
1648,0,train,1.8557558059692383,pdb_00003ri5_I_O
1649,0,train,1.1246463060379028,pdb_00001dzb_A1_A2
1650,0,train,0.06815280765295029,pdb_00008y0n_S1_S2
1651,0,train,0.6876854300498962,pdb_00002atk_A_B
1652,0,train,1.3807429075241089,pdb_00008y3k_I_J
1653,0,train,0.4614258408546448,pdb_00008ubl_N2_N1
1654,0,train,0.03885580599308014,pdb_00007wv9_S1_S2
1655,0,train,0.04118695855140686,pdb_00008jlr_S1_S2
1656,0,train,0.31492000818252563,pdb_00008ubi_N2_N1
1657,0,train,0.2960296869277954,pdb_00007k5y_N2_N1
1658,0,train,0.6753515005111694,pdb_00007pqy_B_C
1659,0,train,0.5355952382087708,pdb_00002htk_C_D
1660,0,train,0.7034881114959717,pdb_00006txz_I_M
1661,0,train,0.9591049551963806,pdb_00002fjh_H_L
1662,0,train,0.5787544846534729,pdb_00006j6y_E_F
1663,0,train,0.38972845673561096,pdb_00008syp_N1_N2
1664,0,train,0.9702206254005432,pdb_00004tnw_F_N
1665,0,train,0.22902891039848328,pdb_00009ejz_H1_H2
1666,0,train,2.4156477451324463,pdb_00008v2e_D_E
1667,0,train,0.5556820034980774,pdb_00006x40_J_I
1668,0,train,0.048945121467113495,pdb_00007y64_S1_S2
1669,0,train,0.9988811612129211,pdb_00006iap_H_L
1670,0,train,0.07385207712650299,pdb_00008sg1_E1_E2
1671,0,train,1.2687424421310425,pdb_00008ol9_B_A
1672,0,train,0.03180156275629997,pdb_00007s8l_E1_E2
1673,0,train,0.7913118600845337,pdb_00007m71_H_L
1674,0,train,0.47285929322242737,pdb_00006ada_E_F
1675,0,train,0.9920125007629395,pdb_00003c09_H_L
1676,0,train,1.454445242881775,pdb_00001g7m_B_A
1677,0,train,1.3387397527694702,pdb_00007cmk_H_L
1678,0,train,0.77753746509552,pdb_00008dww_H_L
1679,0,train,1.428856611251831,pdb_00007xcz_B_C
1680,0,train,2.2208220958709717,pdb_00009mla_G_J
1681,0,train,1.184140682220459,pdb_00009npg_A_B
1682,0,train,0.04793344810605049,pdb_00008f7r_E1_E2
1683,0,train,1.2045378684997559,pdb_00009iw2_H_L
1684,0,train,0.8444198369979858,pdb_00001j1x_H_L
1685,0,train,2.131734848022461,pdb_00008dwy_V_U
1686,0,train,0.4687335193157196,pdb_00008evi_N1_N2
1687,0,train,0.04633872210979462,pdb_00008y71_E1_E2
1688,0,train,0.0356617234647274,pdb_00006lfo_S1_S2
1689,0,train,0.9783079624176025,pdb_00009jeb_C1_C2
1690,0,train,2.2370400428771973,pdb_00008hpf_H_L
1691,0,train,0.032790690660476685,pdb_00008vvf_E1_E2
1692,0,train,0.5201980471611023,pdb_00008w8b_E1_E2
1693,0,train,1.381406307220459,pdb_00008ulf_I_M
1694,0,train,0.8063060641288757,pdb_00009n7q_E_G
1695,0,train,1.4004279375076294,pdb_00009mqd_H_L
1696,0,train,0.6490980386734009,pdb_00006x3v_J_I
1697,0,train,1.7686493396759033,pdb_00009mtg_H_L
1698,0,train,1.1437100172042847,pdb_00006wzm_A_B
1699,0,train,1.7264420986175537,pdb_00007vgr_F_E
1700,0,train,1.839544415473938,pdb_00009l8z_C_B
1701,0,train,1.2145740985870361,pdb_00007w71_H_L
1702,0,train,0.3253849446773529,pdb_00006k5f_E_F
1703,0,train,0.3085925877094269,pdb_00007vih_E1_E2
1704,0,train,1.3201384544372559,pdb_00009b82_P_O
1705,0,train,1.5649067163467407,pdb_00005y11_A_B
1706,0,train,0.5687128305435181,pdb_00007mjl_H_L
1707,0,train,1.3246333599090576,pdb_00006ejg_D2_D1
1708,0,train,1.7440903186798096,pdb_00007r8u_HHH_LLL
1709,0,train,0.21192269027233124,pdb_00008eit_E1_E2
1710,0,train,1.2167531251907349,pdb_00009ctu_D_C
1711,0,train,1.2505773305892944,pdb_00009q71_K_L
1712,0,train,0.12574288249015808,pdb_00008jei_S1_S2
1713,0,train,0.7605246901512146,pdb_00008jen_G_H
1714,0,train,2.1915533542633057,pdb_00008jeo_B_C
1715,0,train,1.6093950271606445,pdb_00007l5j_W_L
1716,0,train,1.4085243940353394,pdb_00008dis_B_G
1717,0,train,0.9124215245246887,pdb_00009cpu_F_G
1718,0,train,0.06241106986999512,pdb_00009k3k_S1_S2
1719,0,train,1.3957692384719849,pdb_00008ut2_L_K
1720,0,train,0.2082822173833847,pdb_00002exy_C_D
1721,0,train,0.08556481450796127,pdb_00009bsb_E1_E2
1722,0,train,1.5078763961791992,pdb_00007yru_H_L
1723,0,train,0.8626064658164978,pdb_00008bg3_C1_C2
1724,0,train,1.4453182220458984,pdb_00006zlr_FFF_GGG
1725,0,train,1.5671074390411377,pdb_00009cpp_H_L
1726,0,train,0.6838096380233765,pdb_00005j9p_A_B
1727,0,train,0.12619732320308685,pdb_00009vif_S1_S2
1728,0,train,0.47524064779281616,pdb_00007cvs_C_D
1729,0,train,1.6452206373214722,pdb_00008gb5_I_H
1730,0,train,1.4359819889068604,pdb_00007zmk_M_N
1731,0,train,1.2333544492721558,pdb_00004ag4_H_L
1732,0,train,0.048840392380952835,pdb_00007yae_S1_S2
1733,0,train,1.2083871364593506,pdb_00007yrh_F_E
1734,0,train,1.352935552597046,pdb_00009cq7_H_I
1735,0,train,1.1200462579727173,pdb_00004gxu_Q_R
1736,0,train,0.03799048811197281,pdb_00009kvh_E1_E2
1737,0,train,1.4761594533920288,pdb_00009cpv_H_L
1738,0,train,0.04234374314546585,pdb_00008xbe_S1_S2
1739,0,train,1.7360466718673706,pdb_00007k9i_H_L
1740,0,train,0.030290773138403893,pdb_00008y01_S1_S2
1741,0,train,0.03500144183635712,pdb_00007vl9_S1_S2
1742,0,train,0.9558319449424744,pdb_00007mzn_H_L
1743,0,train,1.9303070306777954,pdb_00005w3o_D_E
1744,0,train,0.044505465775728226,pdb_00008f7x_E1_E2
1745,0,train,1.2627416849136353,pdb_00008u4s_B_A
1746,0,train,1.0855326652526855,pdb_00003sob_H_L
1747,0,train,0.2871655225753784,pdb_00002vdk_H_L
1748,0,train,0.8523366451263428,pdb_00005yoy_H_E
1749,0,train,1.3679295778274536,pdb_00009cfh_H_L
1750,0,train,1.2334539890289307,pdb_00009q71_I_J
1751,0,train,0.26957231760025024,pdb_00009x3z_S1_S2
1752,0,train,0.1457216590642929,pdb_00009d0a_E1_E2
1753,0,train,2.2530641555786133,pdb_00009fys_I_M
1754,0,train,0.026102779433131218,pdb_00007vl8_S1_S2
1755,0,train,1.4912015199661255,pdb_00008w5n_H_L
1756,0,train,0.04222099855542183,pdb_00008y62_E1_E2
1757,0,train,1.2556694746017456,pdb_00008ee8_D_C
1758,0,train,0.33548060059547424,pdb_00008sps_N1_N2
1759,0,train,2.1220266819000244,pdb_00007yd1_A_B
1760,0,train,1.5120527744293213,pdb_00008tpa_H_L
1761,0,train,0.8967947363853455,pdb_00009zqb_J2_J1
1762,0,train,0.05609225481748581,pdb_00007sqo_E1_E2
1763,0,train,0.11182140558958054,pdb_00008fx5_H1_H2
1764,0,train,0.09469864517450333,pdb_00009vmg_S1_S2
1765,0,train,0.11512385308742523,pdb_00008wwj_E1_E2
1766,0,train,0.9585133194923401,pdb_00004tnw_Y_g
1767,0,train,0.7098510265350342,pdb_00005u6a_B_A
1768,0,train,1.1822062730789185,pdb_00005wko_A_B
1769,0,train,1.2832303047180176,pdb_00006vvu_E_F
1770,0,train,0.6889354586601257,pdb_00008jen_A_B
1771,0,train,1.931297779083252,pdb_00008vte_D_C
1772,0,train,0.06960904598236084,pdb_00007eo4_E1_E2
1773,0,train,1.0247106552124023,pdb_00008f6x_D1_D2
1774,0,train,0.7462436556816101,pdb_00006vmk_S_R
1775,0,train,0.0307367742061615,pdb_00007vuz_S1_S2
1776,0,train,0.03928815945982933,pdb_00008k4n_E1_E2
1777,0,train,1.1090892553329468,pdb_00001mlc_B_A
1778,0,train,0.03612365946173668,pdb_00008yyx_A1_A2
1779,0,train,1.0791875123977661,pdb_00008zh7_B_C
1780,0,train,2.5951623916625977,pdb_00001jrh_H_L
1781,0,train,0.13150781393051147,pdb_00006xbm_S1_S2
1782,0,train,1.1006635427474976,pdb_00007zmk_B_C
1783,0,train,0.04005288705229759,pdb_00008k6o_S1_S2
1784,0,train,1.5201518535614014,pdb_00007c88_H_L
1785,0,train,1.8144186735153198,pdb_00007bsd_A_B
1786,0,train,1.4538021087646484,pdb_00007det_B1_B2
1787,0,train,1.525449275970459,pdb_00008sis_H_L
1788,0,train,1.300516963005066,pdb_00007xda_B_C
1789,0,train,0.9282560348510742,pdb_00007dk2_D_E
1790,0,train,1.595923662185669,pdb_00001rzk_H_L
1791,0,train,0.9508345723152161,pdb_00008ihi_S1_S2
1792,0,train,1.3461205959320068,pdb_00008ulf_J_N
1793,0,train,1.3850921392440796,pdb_00001fsk_L_K
1794,0,train,0.051016561686992645,pdb_00007ew0_E1_E2
1795,0,train,1.3880971670150757,pdb_00008v5v_c_e
1796,0,train,1.2240887880325317,pdb_00008gpu_H_L
1797,0,train,0.857358455657959,pdb_00006w0h_A_B
1798,0,train,1.6306124925613403,pdb_00008zdw_U_R
1799,0,train,0.2592694163322449,pdb_00009izd_S1_S2
1800,0,train,0.29592210054397583,pdb_00001otu_C_D
1801,0,train,0.2228994369506836,pdb_00007t96_E1_E2
1802,0,train,1.3976213932037354,pdb_00007fcp_H_L
1803,0,train,1.5478533506393433,pdb_00002ybr_A_B
1804,0,train,1.7562432289123535,pdb_00005umi_A_B
1805,0,train,0.041349876672029495,pdb_00008guq_S1_S2
1806,0,train,1.0535560846328735,pdb_00009nz5_B_C
1807,0,train,0.9814432263374329,pdb_00009ima_C_D
1808,0,train,0.14324091374874115,pdb_00007wig_S1_S2
1809,0,train,0.7128397822380066,pdb_00009zqb_I2_I1
1810,0,train,2.2909088134765625,pdb_00009me6_J_N
1811,0,train,0.7781961560249329,pdb_00007x1m_C_D
1812,0,train,0.11059273779392242,pdb_00008hqn_H1_H2
1813,0,train,0.06080429255962372,pdb_00008jlj_S1_S2
1814,0,train,1.647454857826233,pdb_00009oi3_M_N
1815,0,train,0.04855296388268471,pdb_00008xqt_S1_S2
1816,0,train,0.8021590709686279,pdb_00008jel_I_K
1817,0,train,0.052548617124557495,pdb_00007t10_S1_S2
1818,0,train,0.6435035467147827,pdb_00008i5h_H_L
1819,0,train,1.155352234840393,pdb_00005vqm_D_C
1820,0,train,1.5466926097869873,pdb_00009gwt_H_L
1821,0,train,0.05170438066124916,pdb_00009uam_E1_E2
1822,0,train,1.5726860761642456,pdb_00009ci8_B_A
1823,0,train,0.39622732996940613,pdb_00003t3p_E_F
1824,0,train,0.14436277747154236,pdb_00008xx3_S1_S2
1825,0,train,1.2290873527526855,pdb_00009mqa_I_M
1826,0,train,0.04300639033317566,pdb_00007y1f_E1_E2
1827,0,train,0.02680213935673237,pdb_00007rg9_E1_E2
1828,0,train,0.029163844883441925,pdb_00009cm3_N1_N2
1829,0,train,1.6580380201339722,pdb_00006wtv_B_C
1830,0,train,0.1481199860572815,pdb_00002vdp_H_L
1831,0,train,1.3692959547042847,pdb_00009iru_B_A
1832,0,train,1.6847444772720337,pdb_00009os5_H_K
1833,0,train,0.8445813059806824,pdb_00007nx7_H_L
1834,0,train,2.0424888134002686,pdb_00006d0u_E_F
1835,0,train,0.05758897215127945,pdb_00008yn6_E1_E2
1836,0,train,0.8267707228660583,pdb_00008wpy_C_D
1837,0,train,1.3530820608139038,pdb_00005ugy_I_M
1838,0,train,0.07265976816415787,pdb_000022es_E1_E2
1839,0,train,1.4099751710891724,pdb_00007m7w_A_B
1840,0,train,1.393024206161499,pdb_00007pa7_eee2_eee1
1841,0,train,1.7855753898620605,pdb_00007bsc_H_L
1842,0,train,2.0005881786346436,pdb_00009quw_D_C
1843,0,train,0.9615885019302368,pdb_00007ws2_E_D
1844,0,train,1.2788134813308716,pdb_00006z3p_H_L
1845,0,train,0.050815269351005554,pdb_00007w2z_S1_S2
1846,0,train,1.123310923576355,pdb_00002dqf_E_D
1847,0,train,0.07572205364704132,pdb_00007xbd_E1_E2
1848,0,train,1.499110221862793,pdb_00004fqj_H_L
1849,0,train,1.2009145021438599,pdb_00006ww5_E_F
1850,0,train,1.2766281366348267,pdb_00008gpu_F_G
1851,0,train,0.024539561942219734,pdb_00009uan_E1_E2
1852,0,train,0.14424262940883636,pdb_00004z7n_E_F
1853,0,train,1.876204252243042,pdb_00009jub_B_C
1854,0,train,1.5272490978240967,pdb_00005h35_H_I
1855,0,train,0.6882169842720032,pdb_00005u5m_B_A
1856,0,train,0.04619370773434639,pdb_00009ns9_N1_N2
1857,0,train,0.07176171243190765,pdb_00007yfc_C1_C2
1858,0,train,2.05374813079834,pdb_00001tqc_B_C
1859,0,train,0.10495840758085251,pdb_00008ied_N1_N2
1860,0,train,0.8136084675788879,pdb_00007ws7_G_F
1861,0,train,1.4021748304367065,pdb_00009azv_H_L
1862,0,train,1.7065149545669556,pdb_00004kuc_F_E
1863,0,train,1.5325649976730347,pdb_00007m7w_C_D
1864,0,train,0.024433420971035957,pdb_00008vvg_E1_E2
1865,0,train,0.12473762780427933,pdb_00003t3m_H_L
1866,0,train,0.4576081335544586,pdb_00008u9s_N2_N1
1867,0,train,1.0931378602981567,pdb_00008dxt_H_L
1868,0,train,0.9236608147621155,pdb_00008zbb_H_L
1869,0,train,2.327104091644287,pdb_00005i9q_B_C
1870,0,train,1.1256498098373413,pdb_00007rxl_H_L
1871,0,train,1.1408411264419556,pdb_00008v5v_b_d
1872,0,train,0.6992257833480835,pdb_00003fb8_A_B
1873,0,train,0.4647504687309265,pdb_00002h2s_C_D
1874,0,train,0.710202693939209,pdb_00006ii8_G_I
1875,0,train,1.1332606077194214,pdb_00008too_G_F
1876,0,train,0.9907594323158264,pdb_00007wur_E_F
1877,0,train,1.2559534311294556,pdb_00006woz_K_L
1878,0,train,0.10246195644140244,pdb_00008zcj_E1_E2
1879,0,train,1.2473081350326538,pdb_00007x3c_H_L
1880,0,train,1.2300376892089844,pdb_00005h35_F_G
1881,0,train,1.064011812210083,pdb_00005vqm_H_L
1882,0,train,1.4021391868591309,pdb_00005ggs_A_B
1883,0,train,1.674602746963501,pdb_00006xm2_D_C
1884,0,train,0.9174920916557312,pdb_00002fjh_B_A
1885,0,train,1.6626678705215454,pdb_00008gs9_H_K
1886,0,train,0.9109800457954407,pdb_00008wpw_C_D
1887,0,train,0.02796412631869316,pdb_00009kfj_S1_S2
1888,0,train,2.180412769317627,pdb_00006osh_H_L
1889,0,train,1.4188190698623657,pdb_00007wqv_L1_L2
1890,0,train,0.041446831077337265,pdb_00008yky_S1_S2
1891,0,train,0.05001780390739441,pdb_00009m55_S1_S2
1892,0,train,1.1824525594711304,pdb_00008cxg_h_l
1893,0,train,1.20462965965271,pdb_00008jio_C_B
1894,0,train,1.580281138420105,pdb_00008kdr_H_L
1895,0,train,1.297098994255066,pdb_00009mkn_H_L
1896,0,train,0.0564301498234272,pdb_00008ef5_E1_E2
1897,0,train,1.542299747467041,pdb_00007cqd_I_M
1898,0,train,0.2029719352722168,pdb_00003nig_E_F
1899,0,train,0.5903484225273132,pdb_00002hjf_A_B
1900,0,train,1.2930629253387451,pdb_00006zlr_HHH_LLL
1901,0,train,1.5078952312469482,pdb_00005e94_D_C
1902,0,train,0.03054271824657917,pdb_00008fn0_E1_E2
1903,0,train,1.5583202838897705,pdb_00006wtu_K_L
1904,0,train,0.8206748366355896,pdb_00008sgo_K_L
1905,0,train,0.8898099660873413,pdb_00008y0y_D1_D4
1906,0,train,1.0705782175064087,pdb_00007dk0_A_B
1907,0,train,0.6131788492202759,pdb_00008j20_B1_B2
1908,0,train,0.7715731263160706,pdb_00009cpv_C_D
1909,0,train,0.23521800339221954,pdb_00002htk_E_F
1910,0,train,0.028719326481223106,pdb_00007tuz_E1_E2
1911,0,train,1.4898974895477295,pdb_00008tnt_G_F
1912,0,train,0.8865558505058289,pdb_00008j1q_B_A
1913,0,train,0.026937391608953476,pdb_00008irt_E1_E2
1914,0,train,1.0874122381210327,pdb_00002vwe_E_C
1915,0,train,1.319987177848816,pdb_00006jhs_E_D
1916,0,train,0.4406554698944092,pdb_00006x3x_K_L
1917,0,train,2.0547170639038086,pdb_00005tfw_H_L
1918,0,train,0.7253262996673584,pdb_00007qnx_H_L
1919,0,train,0.5762393474578857,pdb_00007s0b_A_B
1920,0,train,1.0562703609466553,pdb_00006b3s_J_K
1921,0,train,1.3242095708847046,pdb_00009f91_A_B
1922,0,train,1.1209306716918945,pdb_00004gxu_S_T
1923,0,train,1.3036868572235107,pdb_00001g7h_B_A
1924,0,train,0.03353296220302582,pdb_00008hs3_S1_S2
1925,0,train,0.11660026758909225,pdb_00007y89_S1_S2
1926,0,train,0.08560728281736374,pdb_00008xgs_D1_D2
1927,0,train,0.7364616990089417,pdb_00006vmk_l_k
1928,0,train,1.3027279376983643,pdb_00007zfb_A_B
1929,0,train,1.2964121103286743,pdb_00001nby_B_A
1930,0,train,0.8670412302017212,pdb_00005nhr_H_L
1931,0,train,0.056655142456293106,pdb_00008wrb_E1_E2
1932,0,train,1.2318588495254517,pdb_00008vgh_K_L
1933,0,train,0.16183561086654663,pdb_00007t94_E1_E2
1934,0,train,0.2117205560207367,pdb_00002htl_C_D
1935,0,train,0.05519716814160347,pdb_00007vv3_S1_S2
1936,0,train,1.50951087474823,pdb_00007lop_B_C
1937,0,train,0.043488726019859314,pdb_00008xzh_S1_S2
1938,0,train,0.8772087097167969,pdb_00005x8m_B_C
1939,0,train,0.9308520555496216,pdb_00008as2_H_L
1940,0,train,0.06531491130590439,pdb_00008xxh_S1_S2
1941,0,train,2.0554616451263428,pdb_00009leo_C_D
1942,0,train,0.3893345594406128,pdb_00008evh_M1_M2
1943,0,train,0.1506708562374115,pdb_00006oij_H1_H2
1944,0,train,1.2764503955841064,pdb_00009cpw_H_L
1945,0,train,1.4722139835357666,pdb_00003qum_K_M
1946,0,train,1.1325763463974,pdb_00008w83_E_F
1947,0,train,0.020923420786857605,pdb_00008hsc_S1_S2
1948,0,train,1.4311811923980713,pdb_00007s0x_C_D
1949,0,train,1.8662617206573486,pdb_00008e8y_H_L
1950,0,train,1.6093560457229614,pdb_00009dn2_I_M
1951,0,train,0.6574651598930359,pdb_00007wnb_H_L
1952,0,train,1.9048702716827393,pdb_00009mkn_O_P
1953,0,train,1.5814567804336548,pdb_00008ezk_H1_H2
1954,0,train,0.7560145258903503,pdb_00007klg_I_M
1955,0,train,1.3574416637420654,pdb_00006suz_H_L
1956,0,train,0.9038264751434326,pdb_00007dk2_J_K
1957,0,train,1.6179327964782715,pdb_00008jin_B2_B1
1958,0,train,0.610944926738739,pdb_00006x3t_K_L
1959,0,train,0.9627293944358826,pdb_00003b2u_N_O
1960,0,train,1.9401946067810059,pdb_00009ptm_I_M
1961,0,train,1.637269377708435,pdb_00002x7l_C_D
1962,0,train,1.2460169792175293,pdb_00007m3i_H_L
1963,0,train,1.6212432384490967,pdb_00003rhw_I_O
1964,0,train,1.143700122833252,pdb_00007x93_E_F
1965,0,train,0.23414909839630127,pdb_00002ht3_C_D
1966,0,train,1.2181017398834229,pdb_00009ue8_E_F
1967,0,train,1.2310963869094849,pdb_00008el2_H_L
1968,0,train,1.580381155014038,pdb_00005mo9_H_L
1969,0,train,0.12689346075057983,pdb_00009vo1_E1_E2
1970,0,train,1.4411262273788452,pdb_00003wkm_H_L
1971,0,train,1.724707841873169,pdb_00009h4s_X_Y
1972,0,train,0.4649732708930969,pdb_00008ubk_N2_N1
1973,0,train,0.8990384936332703,pdb_00009n4f_O_P
1974,0,train,0.06829865276813507,pdb_00008j6i_H1_H2
1975,0,train,1.1276346445083618,pdb_00008sdf_B_C
1976,0,train,0.10396407544612885,pdb_00007l1u_H1_H2
1977,0,train,1.2931345701217651,pdb_00001fsk_F_E
1978,0,train,0.03232938423752785,pdb_00009jeq_S1_S2
1979,0,train,2.1626768112182617,pdb_00009cps_H_L
1980,0,train,0.235837921500206,pdb_00006adb_E_F
1981,0,train,0.03732404485344887,pdb_00009ldx_S1_S2
1982,0,train,0.8604075312614441,pdb_00007xik_H_L
1983,0,train,1.3791149854660034,pdb_00008cii_A_B
1984,0,train,0.03927949070930481,pdb_00008jlq_S1_S2
1985,0,train,2.284653663635254,pdb_00008zd6_E_F
1986,0,train,0.04234901815652847,pdb_00008j19_S1_S2
1987,0,train,1.2590141296386719,pdb_00004n90_H_I
1988,0,train,1.1865891218185425,pdb_00009b82_R_Q
1989,0,train,1.8150959014892578,pdb_00006ddv_B_A
1990,0,train,0.027697551995515823,pdb_00009k3l_S1_S2
1991,0,train,1.2425596714019775,pdb_00005jz7_H_L
1992,0,train,0.02483813837170601,pdb_00008gag_S1_S2
1993,0,train,1.6069506406784058,pdb_00006mtq_H_L
1994,0,train,0.9179114699363708,pdb_00003a6c_H_L
1995,0,train,0.026343025267124176,pdb_00007y24_S1_S2
1996,0,train,1.8045107126235962,pdb_00007bsd_H_L
1997,0,train,0.16206222772598267,pdb_00007dfl_C1_C2
1998,0,train,0.838530957698822,pdb_00009n4f_M_N
1999,0,train,1.1765966415405273,pdb_00005kvf_H_L
2000,0,train,0.019298676401376724,pdb_00006wwz_S1_S2
2001,0,train,0.60471510887146,pdb_00008as0_N_M
2002,0,train,0.04557029530405998,pdb_00009ko4_H1_H2
2003,0,train,0.7785279750823975,pdb_00006vmk_V_U
2004,0,train,0.10892720520496368,pdb_00009kt8_E1_E2
2005,0,train,0.020594190806150436,pdb_00009vjg_E1_E2
2006,0,train,0.7411497831344604,pdb_00001ic5_H_L
2007,0,train,1.0895752906799316,pdb_00006uig_H_L
2008,0,train,0.24879710376262665,pdb_00003nid_E_F
2009,0,train,2.0445168018341064,pdb_00007s11_H_L
2010,0,train,2.1864707469940186,pdb_00003klh_D_C
2011,0,train,1.39789617061615,pdb_00007b0b_H_L
2012,0,train,0.025404857471585274,pdb_00008zh8_S1_S2
2013,0,train,0.10541585087776184,pdb_00009xhi_D1_D2
2014,0,train,0.9711734056472778,pdb_00008tui_H_L
2015,0,train,0.8619639277458191,pdb_00008f2j_H_L
2016,0,train,1.1202576160430908,pdb_00006vvu_J_K
2017,0,train,2.1764936447143555,pdb_00004ki5_C_D
2018,0,train,1.8853249549865723,pdb_00008jeo_E_F
2019,0,train,0.03938061743974686,pdb_00007y12_S1_S2
2020,0,train,0.8366100788116455,pdb_00005yoy_I_F
2021,0,train,1.1207220554351807,pdb_00004l5f_H_L
2022,0,train,1.3510478734970093,pdb_00009bdh_H_L
2023,0,train,0.16070546209812164,pdb_00002vdm_H_L
2024,0,train,0.7686454057693481,pdb_00007yck_C_D
2025,0,train,1.7106560468673706,pdb_00002zck_H_L
2026,0,train,1.4285526275634766,pdb_00007xda_D_E
2027,0,train,0.04851900413632393,pdb_00007p02_H1_H2
2028,0,train,1.103286862373352,pdb_00002vwe_L_J
2029,0,train,1.131922721862793,pdb_00006hjp_K_L
2030,0,train,1.1911534070968628,pdb_00009npg_D_E
2031,0,train,0.024709682911634445,pdb_00006xox_E1_E2
2032,0,train,0.7177886962890625,pdb_00002dqh_H_L
2033,0,train,1.1927992105484009,pdb_00001kb5_H_L
2034,0,train,0.6703397035598755,pdb_00008f2j_D_F
2035,0,train,0.021884247660636902,pdb_00007na8_N1_N2
2036,0,train,1.1797810792922974,pdb_00004al8_H_L
2037,0,train,0.29407545924186707,pdb_00007u0j_K1_K2
2038,0,train,0.025541160255670547,pdb_00008g59_S1_S2
2039,0,train,0.4302615523338318,pdb_00006x40_K_L
2040,0,train,0.785122275352478,pdb_00008xsj_H_L
2041,0,train,0.0402480773627758,pdb_00008y72_E1_E2
2042,0,train,1.1186803579330444,pdb_00007x6o_C_D
2043,0,train,1.8983434438705444,pdb_00005ldn_H_L
2044,0,train,0.8500053882598877,pdb_00008xse_H_L
2045,0,train,0.039201509207487106,pdb_00008yn4_E1_E2
2046,0,train,0.057308733463287354,pdb_00008hqm_H1_H2
2047,0,train,0.5076974034309387,pdb_00009zqc_I2_I1
2048,0,train,0.0322377048432827,pdb_00008t3s_N1_N2
2049,0,train,0.020277496427297592,pdb_00007s8n_E1_E2
2050,0,train,0.17485016584396362,pdb_00006ad8_E_F
2051,0,train,1.012365698814392,pdb_00009pw4_C_D
2052,0,train,0.020413151010870934,pdb_00008k4s_D1_D2
2053,0,train,0.026623567566275597,pdb_00007f9z_E1_E2
2054,0,train,1.0143589973449707,pdb_00009lho_O_N
2055,0,train,1.1622815132141113,pdb_00004odx_H_B
2056,0,train,2.276423454284668,pdb_00007yvf_C_A
2057,0,train,0.032163478434085846,pdb_00008utd_D1_D2
2058,0,train,1.1842728853225708,pdb_00006ejg_C2_C1
2059,0,train,0.09231236577033997,pdb_00008irs_E1_E2
2060,0,train,0.10994399338960648,pdb_00006k5a_E_F
2061,0,train,1.0940742492675781,pdb_00008ywe_B2_B1
2062,0,train,1.0227024555206299,pdb_00008jqn_H_L
2063,0,train,1.1033999919891357,pdb_00001vfb_B_A
2064,0,train,0.9894638061523438,pdb_00007dfa_H_L
2065,0,train,0.0394645631313324,pdb_00007ew7_E1_E2
2066,0,train,1.9215091466903687,pdb_00008zd5_E_F
2067,0,train,1.3555586338043213,pdb_00009hh9_E_D
2068,0,train,1.6718780994415283,pdb_00005d1z_F_E
2069,0,train,0.9641355276107788,pdb_00009nz4_D_C
2070,0,train,0.04205307364463806,pdb_00008h8j_H1_H2
2071,0,train,0.631837010383606,pdb_00008ihh_S1_S2
2072,0,train,1.5795531272888184,pdb_00001eo8_H_L
2073,0,train,0.3980666995048523,pdb_00008zd1_S1_S2
2074,0,train,2.371246337890625,pdb_00006wtv_K_L
2075,0,train,1.3869633674621582,pdb_00007bnv_H_L
2076,0,train,0.1387547254562378,pdb_00001otu_E_F
2077,0,train,1.8060177564620972,pdb_00009ivj_H_L
2078,0,train,1.2514820098876953,pdb_00008vgj_K_L
2079,0,train,1.9136886596679688,pdb_00003c09_C_B
2080,0,train,0.6260815262794495,pdb_00006vmk_K_J
2081,0,train,1.3107497692108154,pdb_00004hjj_H2_L2
2082,0,train,0.21908745169639587,pdb_00009yda_H1_H2
2083,0,train,0.08322206884622574,pdb_00009u4w_S1_S2
2084,0,train,0.7204534411430359,pdb_00008smt_H_L
2085,0,train,0.09490453451871872,pdb_00004fg6_C_D
2086,0,train,1.1110665798187256,pdb_00007x1m_H_L
2087,0,train,0.7445662021636963,pdb_00007kfw_C_D
2088,0,train,0.9358012676239014,pdb_00007xj9_G_F
2089,0,train,0.1044139713048935,pdb_00001ott_E_F
2090,0,train,1.4759236574172974,pdb_00005x8l_S_N
2091,0,train,1.985170602798462,pdb_00009mth_I_J
2092,0,train,1.5421940088272095,pdb_00004d9r_H_L
2093,0,train,1.7384812831878662,pdb_00009e3l_I_J
2094,0,train,1.3868608474731445,pdb_00009yyu_J_N
2095,0,train,2.0854811668395996,pdb_00008rmx_B_C
2096,0,train,0.7957513332366943,pdb_00003nh7_H_L
2097,0,train,1.3322370052337646,pdb_00007rku_G_I
2098,0,train,0.9699832201004028,pdb_00007kf0_H_L
2099,0,train,1.3955121040344238,pdb_00008tzw_H_L
2100,0,train,1.6990408897399902,pdb_00004u6h_A_B
2101,0,train,1.3591285943984985,pdb_00006k7o_F_G
2102,0,train,0.8990642428398132,pdb_00008w2e_F_E
2103,0,train,1.8323668241500854,pdb_00007rxp_H_L
2104,0,train,0.7627547979354858,pdb_00008wo4_B_A
2105,0,train,1.5960447788238525,pdb_00009quw_F_E
2106,0,train,0.09094712883234024,pdb_00006os9_D1_D2
2107,0,train,0.7520984411239624,pdb_00008y0y_E3_E2
2108,0,train,1.7820252180099487,pdb_00009fys_B_C
2109,0,train,0.0459364615380764,pdb_00009ydu_E1_E2
2110,0,train,1.13137948513031,pdb_00008cn9_B_A
2111,0,train,1.0111496448516846,pdb_00001z3g_H_L
2112,0,train,0.21848401427268982,pdb_00002ht3_E_F
2113,0,train,0.6182694435119629,pdb_00002qr0_L_K
2114,0,train,0.04469939321279526,pdb_00007eo2_E1_E2
2115,0,train,1.0911489725112915,pdb_00008ebp_H_L
2116,0,train,1.26872980594635,pdb_00009kve_A_B
2117,0,train,1.7307307720184326,pdb_00007ezv_M_N
2118,0,train,1.2970638275146484,pdb_00008bg5_A1_A2
2119,0,train,1.6633492708206177,pdb_00007si0_C_D
2120,0,train,1.4085050821304321,pdb_00001yqv_H_L
2121,0,train,0.16229203343391418,pdb_00007vla_S1_S2
2122,0,train,0.8070701360702515,pdb_00008i0n_H_L
2123,0,train,1.462782382965088,pdb_00006ii9_M_N
2124,0,train,1.5023705959320068,pdb_00007rk1_C1_C2
2125,0,train,1.2630996704101562,pdb_00008y3h_I_J
2126,0,train,0.0531197227537632,pdb_00006omm_E1_E2
2127,0,train,1.1578307151794434,pdb_00009cpu_H_L
2128,0,train,1.2015464305877686,pdb_00008dcc_H_L
2129,0,train,0.9490712881088257,pdb_00009ixa_H_L
2130,0,train,0.2601257860660553,pdb_00002vc2_H_L
2131,0,train,1.1052793264389038,pdb_00004oii_H_L
2132,0,train,0.6413715481758118,pdb_00008as0_W_V
2133,0,train,1.1227390766143799,pdb_00007qnx_A_B
2134,0,train,0.21672514081001282,pdb_00008xqe_S1_S2
2135,0,train,1.1377791166305542,pdb_00007f3q_H_L
2136,0,train,1.0444868803024292,pdb_00004ma7_H_L
2137,0,train,0.03901183232665062,pdb_00008jgg_S1_S2
2138,0,train,2.0849416255950928,pdb_00008dwy_X_W
2139,0,train,0.11228665709495544,pdb_00007cvt_E_F
2140,0,train,1.5730299949645996,pdb_00001bvk_E_D
2141,0,train,0.9902854561805725,pdb_00008kdt_H_L
2142,0,train,1.2521779537200928,pdb_00008dwx_H_L
2143,0,train,0.1701914221048355,pdb_00009ge2_F1_F2
2144,0,train,0.09396390616893768,pdb_00002h2p_E_F
2145,0,train,1.1416230201721191,pdb_00007y3n_C_D
2146,0,train,0.9502971172332764,pdb_00007mxl_H_L
2147,0,train,1.4415189027786255,pdb_00007wcr_a_b
2148,0,train,1.3143939971923828,pdb_00001p2c_E_D
2149,0,train,0.11728578805923462,pdb_00007kh0_S1_S2
2150,0,train,0.6059902310371399,pdb_00006vmk_r_q
2151,0,train,1.3529260158538818,pdb_00006a4k_H_L
2152,0,train,1.088576316833496,pdb_00003eoa_H_L
2153,0,train,1.2510595321655273,pdb_00007ycn_H_I
2154,0,train,1.7679316997528076,pdb_00005c0n_C_D
2155,0,train,1.08931303024292,pdb_00009ue8_U_V
2156,0,train,0.05069644749164581,pdb_00008g05_E1_E2
2157,0,train,0.976372480392456,pdb_00009irs_S_T
2158,0,train,1.6430472135543823,pdb_00005dhy_H_L
2159,0,train,1.6972383260726929,pdb_00007ean_H_L
2160,0,train,1.1327123641967773,pdb_00005xmh_D_C
2161,0,train,0.4660949110984802,pdb_00008ihf_S1_S2
2162,0,train,1.079268217086792,pdb_00008y3k_G_H
2163,0,train,0.4213486611843109,pdb_00007k60_N2_N1
2164,0,train,2.4675793647766113,pdb_00004hf5_H_L
2165,0,train,1.312536358833313,pdb_00007s0x_H_L
2166,0,train,1.081916093826294,pdb_00007rxi_H_L
2167,0,train,1.1045945882797241,pdb_00007ucq_K1_K2
2168,0,train,0.5757485032081604,pdb_00006txz_K_O
2169,0,train,0.11146731674671173,pdb_00007p00_H1_H2
2170,0,train,1.8928626775741577,pdb_00008s72_H_L
2171,0,train,0.21158184111118317,pdb_00003nig_H_L
2172,0,train,1.6970158815383911,pdb_00009h4r_H_L
2173,0,train,0.1186719760298729,pdb_00008xqp_S1_S2
2174,0,train,1.0075509548187256,pdb_00009exa_F_E
2175,0,train,1.8094487190246582,pdb_00009ci8_D_C
2176,0,train,0.03098250739276409,pdb_00009v6o_S1_S2
2177,0,train,0.12073782086372375,pdb_00009kt7_E1_E2
2178,0,train,0.8261167407035828,pdb_00001j1o_H_L
2179,0,train,0.05458421632647514,pdb_00008tb0_F1_F2
2180,0,train,2.0878264904022217,pdb_00009me7_J_N
2181,0,train,0.0723869577050209,pdb_00008yna_E1_E2
2182,0,train,0.7973783016204834,pdb_00007mzh_H_L
2183,0,train,1.506624460220337,pdb_00006n5d_L_N
2184,0,train,0.2815987467765808,pdb_00007xk2_S1_S2
2185,0,train,1.0233936309814453,pdb_00007ley_G_F
2186,0,train,0.5862412452697754,pdb_00002qr0_B_A
2187,0,train,0.8815193176269531,pdb_00008y31_D_C
2188,0,train,1.2391985654830933,pdb_00008uzp_H_L
2189,0,train,1.263490915298462,pdb_00001xgt_B_A
2190,0,train,1.1239808797836304,pdb_00007uvi_A_B
2191,0,train,0.05555076152086258,pdb_00008xjm_E1_E2
2192,0,train,0.8093330264091492,pdb_00007zf9_A_B
2193,0,train,1.745403528213501,pdb_00008ag1_H_L
2194,0,train,1.212345004081726,pdb_00007deu_B1_B2
2195,0,train,0.942550539970398,pdb_00007wrv_U_V
2196,0,train,1.084207534790039,pdb_00005jz7_G_I
2197,0,train,0.3635052442550659,pdb_00008ubi_M2_M1
2198,0,train,0.6531603336334229,pdb_00008elo_H_L
2199,0,train,1.286129355430603,pdb_00008hrd_G_H
2200,0,train,0.5988487601280212,pdb_00004lcu_A_B
2201,0,train,1.1762380599975586,pdb_00006uig_B_C
2202,0,train,1.1007864475250244,pdb_00009b82_N_M
2203,0,train,1.3631058931350708,pdb_00009hi4_A_B
2204,0,train,0.06292082369327545,pdb_00009b54_S1_S2
2205,0,train,0.9877808690071106,pdb_00008txu_E_J
2206,0,train,2.06496262550354,pdb_00009mla_I_L
2207,0,train,1.2277069091796875,pdb_00009q5v_K_J
2208,0,train,1.548985242843628,pdb_00008khd_H_J
2209,0,train,0.13487622141838074,pdb_00002vdr_H_L
2210,0,train,0.9565340280532837,pdb_00009lsi_C1_D2
2211,0,train,0.8907277584075928,pdb_00006kyz_E_F
2212,0,train,0.8153771758079529,pdb_00007dpm_A_B
2213,0,train,0.675155520439148,pdb_00005x8l_H_M
2214,0,train,0.043869588524103165,pdb_00008jsr_C1_C2
2215,0,train,1.8800278902053833,pdb_00008rmy_B_C
2216,0,train,0.7971976399421692,pdb_00008i5l_D1_D2
2217,0,train,1.2114691734313965,pdb_00001p2c_B_A
2218,0,train,0.035160377621650696,pdb_00008hcq_E1_E2
2219,0,train,0.42133796215057373,pdb_00008id9_S1_S2
2220,0,train,1.7006889581680298,pdb_00007lg6_C_D
2221,0,train,1.221072793006897,pdb_00001bql_H_L
2222,0,train,1.3414479494094849,pdb_00009me5_H_L
2223,0,train,0.02439168281853199,pdb_00009jh6_S1_S2
2224,0,train,0.9523361325263977,pdb_00008f6x_F1_F2
2225,0,train,1.3136186599731445,pdb_00007y0w_A_B
2226,0,train,0.048203665763139725,pdb_00008jgb_S1_S2
2227,0,train,1.7551935911178589,pdb_00008eed_I_J
2228,0,train,0.053166430443525314,pdb_00009ast_E1_E2
2229,0,train,1.3604687452316284,pdb_00007kq7_H_L
2230,0,train,1.3436574935913086,pdb_00007mzj_N_M
2231,0,train,0.9298248291015625,pdb_00005jz7_C_D
2232,0,train,1.2075684070587158,pdb_00008g5b_H_L
2233,0,train,1.0959206819534302,pdb_00003vrl_E_F
2234,0,train,1.228608250617981,pdb_00006a4k_I_M
2235,0,train,0.062386441975831985,pdb_00007x10_E1_E2
2236,0,train,1.0275334119796753,pdb_00006vgr_C_D
2237,0,train,1.3989508152008057,pdb_00008e8s_H_L
2238,0,train,0.03281722217798233,pdb_00007s8p_E1_E2
2239,0,train,0.9874509572982788,pdb_00003vrl_H_L
2240,0,train,1.8260890245437622,pdb_00009kyz_A_B
2241,0,train,0.03398267179727554,pdb_00008kfy_S1_S2
2242,0,train,1.6800297498703003,pdb_00009lp1_A_B
2243,0,train,0.11241351813077927,pdb_00008i7v_E1_E2
2244,0,train,1.0432251691818237,pdb_00009iz9_M_N
2245,0,train,1.0910570621490479,pdb_00007m3i_A_B
2246,0,train,0.8569089770317078,pdb_00008smt_I_J
2247,0,train,1.1047210693359375,pdb_00009kve_E_G
2248,0,train,0.07366421073675156,pdb_00009j0i_S1_S2
2249,0,train,1.0613949298858643,pdb_00009oun_J_K
2250,0,train,1.5279587507247925,pdb_00008k5g_H_L
2251,0,train,0.5293257236480713,pdb_00006adb_C_D
2252,0,train,1.717576503753662,pdb_00009rir_H_L
2253,0,train,1.5246951580047607,pdb_00009b2m_H_L
2254,0,train,1.4989397525787354,pdb_00009dn2_H_L
2255,0,train,0.0521441288292408,pdb_00006xbk_S1_S2
2256,0,train,0.709891140460968,pdb_00007kfw_H_L
2257,0,train,0.8725408911705017,pdb_00008tnt_E_D
2258,0,train,0.05147425830364227,pdb_00008k6n_S1_S2
2259,0,train,0.057555265724658966,pdb_00008hvi_H1_H2
2260,0,train,1.0430076122283936,pdb_00007bbj_H_L
2261,0,train,0.855889618396759,pdb_00003nh7_K_O
2262,0,train,1.0368365049362183,pdb_00007lq7_H_L
2263,0,train,0.051253244280815125,pdb_00008zqe_S1_S2
2264,0,train,1.5523537397384644,pdb_00008ezk_I1_I2
2265,0,train,1.670649766921997,pdb_00007x3e_H_L
2266,0,train,1.1739577054977417,pdb_00006n5d_E_F
2267,0,train,0.994026243686676,pdb_00008jkf_H_L
2268,0,train,1.1785342693328857,pdb_00007m7w_H_L
2269,0,train,0.9504084587097168,pdb_00004tnw_U_h
2270,0,train,1.0917257070541382,pdb_00003d9a_H_L
2271,0,train,1.2151838541030884,pdb_00009od3_H_L
2272,0,train,1.8156723976135254,pdb_00009mtl_M_N
2273,0,train,0.04663194715976715,pdb_00008gus_S1_S2
2274,0,train,0.15347419679164886,pdb_00007ej8_H1_H2
2275,0,train,1.8646340370178223,pdb_00003lzf_H_L
2276,0,train,0.1939186453819275,pdb_00007ukt_E_F
2277,0,train,2.421327829360962,pdb_00006uyn_H_L
2278,0,train,1.2240933179855347,pdb_00009hhr_D_G
2279,0,train,0.31877103447914124,pdb_00007u0i_K1_K2
2280,0,train,1.4386392831802368,pdb_00005x8l_G_L
2281,0,train,1.0752816200256348,pdb_00007djz_A_B
2282,0,train,1.236700177192688,pdb_00006plk_I_M
2283,0,train,1.02389395236969,pdb_00001xgp_B_A
2284,0,train,0.8997275829315186,pdb_00007ley_D_E
2285,0,train,0.7588837742805481,pdb_00008f2j_I_J
2286,0,train,1.494828462600708,pdb_00009bdi_C_D
2287,0,train,1.1184393167495728,pdb_00009cct_C_B
2288,0,train,1.631788730621338,pdb_00009hub_I_M
2289,0,train,0.8919447064399719,pdb_00007dk2_A_B
2290,0,train,1.10768723487854,pdb_00006woz_H_I
2291,0,train,1.4709556102752686,pdb_00008eeu_H_L
2292,0,train,0.14477086067199707,pdb_00008yn8_E1_E2
2293,0,train,1.1487221717834473,pdb_00003v4v_M_N
2294,0,train,1.6774379014968872,pdb_00004g3y_H_L
2295,0,train,1.5320078134536743,pdb_00007upb_B_E
2296,0,train,1.4349334239959717,pdb_00006mlm_E_I
2297,0,train,1.0347850322723389,pdb_00007eam_H_L
2298,0,train,1.5170027017593384,pdb_00007rk2_C1_C2
2299,0,train,0.6953713893890381,pdb_00006txz_J_N
2300,0,train,1.4927040338516235,pdb_00007shy_K_L
2301,0,train,1.2491517066955566,pdb_00008vgi_J_I
2302,0,train,0.03436512127518654,pdb_00007w57_E1_E2
2303,0,train,0.084504634141922,pdb_00007ykd_S1_S2
2304,0,train,0.4281562268733978,pdb_00003ejy_E_F
2305,0,train,0.04831583797931671,pdb_00008jd6_D1_D2
2306,0,train,1.4676042795181274,pdb_00008d9y_H_G
2307,0,train,1.1262942552566528,pdb_00004hg4_R_S
2308,0,train,1.5368216037750244,pdb_00006jep_H_L
2309,0,train,1.4108586311340332,pdb_00005aam_B1_B2
2310,0,train,2.2448015213012695,pdb_00009e3h_H_L
2311,0,train,1.0510622262954712,pdb_00007ubs_H1_H2
2312,0,train,0.08276976644992828,pdb_00007ezh_H1_H2
2313,0,train,1.281836986541748,pdb_00006n5d_C_D
2314,0,train,1.1252632141113281,pdb_00009vhz_A_B
2315,0,train,0.2873819172382355,pdb_00008u9s_M2_M1
2316,0,train,0.04116569831967354,pdb_00009jlc_S1_S2
2317,0,train,1.1609783172607422,pdb_00001xiw_H_G
2318,0,train,0.9392721652984619,pdb_00009irs_H_L
2319,0,train,0.8134799003601074,pdb_00007e9b_H_L
2320,0,train,0.9995839595794678,pdb_00003ri5_H_L
2321,0,train,0.034581705927848816,pdb_00008zpt_E1_E2
2322,0,train,1.7400097846984863,pdb_00006xq0_E_F
2323,0,train,0.7211307883262634,pdb_00007f6y_H_L
2324,0,train,1.9304468631744385,pdb_00006cvk_A2_A1
2325,0,train,1.4288744926452637,pdb_00005t5f_H_L
2326,0,train,1.5218552350997925,pdb_00004ut6_H_L
2327,0,train,1.9923864603042603,pdb_00002vit_B_A
2328,0,train,1.914551019668579,pdb_00009oap_H_L
2329,0,train,1.2944557666778564,pdb_00007dq7_H_L
2330,0,train,0.3851901590824127,pdb_00007e32_E1_E2
2331,0,train,0.04598412662744522,pdb_00009lrd_E1_E2
2332,0,train,1.0714226961135864,pdb_00008sit_M_N
2333,0,train,1.0330909490585327,pdb_00007fcp_B_D
2334,0,train,1.255557656288147,pdb_00007woc_A_B
2335,0,train,1.096490502357483,pdb_00008gy5_H_L
2336,0,train,0.11844310164451599,pdb_00009kt9_E1_E2
2337,0,train,1.0644404888153076,pdb_00009jy1_R_Q
2338,0,train,1.2777581214904785,pdb_00009h6u_H_L
2339,0,train,0.054155025631189346,pdb_00007eq1_S1_S2
2340,0,train,1.2034416198730469,pdb_00007fci_H_L
2341,0,train,1.318544864654541,pdb_00008r8k_H_L
2342,0,train,0.02901819534599781,pdb_00007t6b_E1_E2
2343,0,train,0.07909706979990005,pdb_00007srr_E1_E2
2344,0,train,0.8262078166007996,pdb_00009jy4_P_O
2345,0,train,0.7555589079856873,pdb_00001xiw_D_C
2346,0,train,1.7243248224258423,pdb_00001fj1_B_A
2347,0,train,0.72884202003479,pdb_00006x3w_K_L
2348,0,train,1.0699297189712524,pdb_00006hjp_G_H
2349,0,train,1.0147805213928223,pdb_00004hg4_T_U
2350,0,train,0.06693387776613235,pdb_00007f2o_S1_S2
2351,0,train,0.05100617557764053,pdb_00008t3v_N1_N2
2352,0,train,1.6824603080749512,pdb_00008dwy_Z_Y
2353,0,train,0.02639869786798954,pdb_00009j5v_S1_S2
2354,0,train,1.4978476762771606,pdb_00004np4_I_M
2355,0,train,0.8401613235473633,pdb_00008dww_V_U
2356,0,train,0.4841206967830658,pdb_00006x3s_K_L
2357,0,train,0.8680731058120728,pdb_00001dzb_B1_B2
2358,0,train,1.2414201498031616,pdb_00004kht_H_L
2359,0,train,0.8051194548606873,pdb_00007klh_H_L
2360,0,train,1.2828677892684937,pdb_00008dnn_B_C
2361,0,train,1.2272326946258545,pdb_00003v4p_M_N
2362,0,train,0.05249743536114693,pdb_00008hj5_C1_C2
2363,0,train,2.0146679878234863,pdb_00006ba5_H_G
2364,0,train,0.6656491160392761,pdb_00006txz_H_L
2365,0,train,0.021336067467927933,pdb_00007u2l_E1_E2
2366,0,train,1.0442357063293457,pdb_00004okv_C_D
2367,0,train,0.3227282464504242,pdb_00007xta_E1_E2
2368,0,train,0.7154002785682678,pdb_00004tnw_I_O
2369,0,train,0.8958173394203186,pdb_00008hpf_M_N
2370,0,train,0.9423797726631165,pdb_00008q6j_D_C
2371,0,train,0.5144939422607422,pdb_00002itc_A_B
2372,0,train,0.03571642190217972,pdb_00007cmu_E1_E2
2373,0,train,1.0788569450378418,pdb_00001jhl_H_L
2374,0,train,2.1234374046325684,pdb_00009o7i_D_C
2375,0,train,0.981177806854248,pdb_00007xcp_H_L
2376,0,train,0.745516836643219,pdb_00007s7i_J_N
2377,0,train,0.3969569504261017,pdb_00007mhx_A_B
2378,0,train,1.1989389657974243,pdb_00005aam_A1_A2
2379,0,train,1.4073847532272339,pdb_00003o2d_H_L
2380,0,train,1.3566508293151855,pdb_00008jqs_H_L
2381,0,train,0.10799403488636017,pdb_00009erx_F1_F2
2382,0,train,0.7557641863822937,pdb_00007tzh_A1_A2
2383,0,train,0.9227796792984009,pdb_00002dd8_H_L
2384,0,train,0.03525253385305405,pdb_00008jbg_E1_E2
2385,0,train,0.0643610954284668,pdb_00009iqt_E1_E2
2386,0,train,0.033468108624219894,pdb_00008id4_S1_S2
2387,0,train,0.7725141644477844,pdb_000011ol_H_L
2388,0,train,0.8310939073562622,pdb_00001tzi_B_A
2389,0,train,0.7671374678611755,pdb_00001j1p_H_L
2390,0,train,0.9075178503990173,pdb_00008jkh_H_L
2391,0,train,1.3039504289627075,pdb_00008g5a_J_N
2392,0,train,0.017401961609721184,pdb_00009jh3_S1_S2
2393,0,train,0.8686463832855225,pdb_00007wwk_I_H
2394,0,train,0.8117331862449646,pdb_00005yoy_R_O
2395,0,train,0.017654426395893097,pdb_00009jhp_S1_S2
2396,0,train,0.15559765696525574,pdb_00007tct_H_L
2397,0,train,1.057548999786377,pdb_00007wqv_P1_P2
2398,0,train,0.30338573455810547,pdb_00007k78_K1_K2
2399,0,train,0.43877550959587097,pdb_00002htl_E_F
2400,0,train,1.8206353187561035,pdb_00007mmo_A_B
2401,0,train,1.914595365524292,pdb_00008tfn_H_L
2402,0,train,1.1613103151321411,pdb_00007l0l_H_L
2403,0,train,0.13606925308704376,pdb_00004fg6_E_F
2404,0,train,0.7261034250259399,pdb_00009l6c_A_B
2405,0,train,1.2522450685501099,pdb_00009hh9_I_H
2406,0,train,0.7899569272994995,pdb_00007dpm_G_H
2407,0,train,0.11009033024311066,pdb_00007xmt_S1_S2
2408,0,train,0.0181356742978096,pdb_00007xjj_S1_S2
2409,0,train,0.05576662719249725,pdb_00008xgo_D1_D2
2410,0,train,0.21400012075901031,pdb_00008ubk_M2_M1
2411,0,train,0.9097582101821899,pdb_00007chc_A_B
2412,0,train,0.019147127866744995,pdb_00007xw9_S1_S2
2413,0,train,0.9478302597999573,pdb_00001mlc_D_C
2414,0,train,1.654070496559143,pdb_00003mxw_H_L
2415,0,train,1.1497200727462769,pdb_00007upb_C_F
2416,0,train,0.5704501867294312,pdb_00007kfv_C_D
2417,0,train,1.23562490940094,pdb_00009ebc_G_H
2418,0,train,1.4016469717025757,pdb_00005anm_B_A
2419,0,train,0.7037919163703918,pdb_00009l6c_D_F
2420,0,train,0.035888511687517166,pdb_00007x2v_E1_E2
2421,0,train,1.37693190574646,pdb_00006t9d_AAA_BBB
2422,0,train,0.625653088092804,pdb_00006vmk_i_h
2423,0,train,0.06465085595846176,pdb_00008iz4_E1_E2
2424,0,train,0.04720409959554672,pdb_00007aue_S1_S2
2425,0,train,1.3967466354370117,pdb_00007cqd_H_L
2426,0,train,1.7207834720611572,pdb_00006ba5_F_E
2427,0,train,1.456803798675537,pdb_00009e21_H_L
2428,0,train,0.14343960583209991,pdb_00002ht2_C_D
2429,0,train,0.7876746654510498,pdb_00007d85_B_C
2430,0,train,1.000516653060913,pdb_00003bn9_F_E
2431,0,train,1.594366431236267,pdb_00008e8l_H_L
2432,0,train,0.9537432193756104,pdb_00006w0i_A_B
2433,0,train,0.7431098222732544,pdb_00008hn6_C_D
2434,0,train,0.8624932169914246,pdb_00009tmp_H_L
2435,0,train,0.031229699030518532,pdb_00009pq0_E1_E2
2436,0,train,0.5381379723548889,pdb_00007kfv_H_L
2437,0,train,0.04428334906697273,pdb_00009jed_S1_S2
2438,0,train,0.08825400471687317,pdb_00009jkx_S1_S2
2439,0,train,0.9527193307876587,pdb_00007vgs_F_E
2440,0,train,1.0741649866104126,pdb_00009hh9_G_F
2441,0,train,0.7726272940635681,pdb_00007m6d_H_L
2442,0,train,1.4136749505996704,pdb_00008dwx_Z_Y
2443,0,train,0.6798974871635437,pdb_00007mhr_A_B
2444,0,train,1.942456603050232,pdb_00005w3e_E_G
2445,0,train,0.026516489684581757,pdb_00009iyb_E1_E2
2446,0,train,1.490983247756958,pdb_00009mtj_M_N
2447,0,train,1.7680517435073853,pdb_00006s3d_H_L
2448,0,train,1.124233603477478,pdb_00009ue8_I_J
2449,0,train,0.024617251008749008,pdb_00008xjl_E1_E2
2450,0,train,0.9538412690162659,pdb_00006xq2_F_E
2451,0,train,0.289961040019989,pdb_00006e0p_N1_N2
2452,0,train,0.7904142737388611,pdb_00005yoy_G_D
2453,0,train,0.8225557208061218,pdb_00006b3s_F_G
2454,0,train,0.13354574143886566,pdb_00007vig_E1_E2
2455,0,train,1.0816928148269653,pdb_00009zqc_J2_J1
2456,0,train,1.52653968334198,pdb_00009e3k_J_K
2457,0,train,1.839856505393982,pdb_00008dwo_S_T
2458,0,train,0.049433667212724686,pdb_00008x16_H1_H2
2459,0,train,1.756349802017212,pdb_00009vnp_C_A
2460,0,train,0.3040064573287964,pdb_00008jt6_E1_E2
2461,0,train,1.600253939628601,pdb_00009kvk_A_B
2462,0,train,1.3861795663833618,pdb_00003v6z_A_B
2463,0,train,1.2072227001190186,pdb_00009mtj_H_L
2464,0,train,1.7458709478378296,pdb_00001yy9_D_C
2465,0,train,0.029707126319408417,pdb_00008jbh_E1_E2
2466,0,train,1.2434465885162354,pdb_00007zmk_G_H
2467,0,train,1.247509479522705,pdb_00008zpq_A_B
2468,0,train,0.1444939374923706,pdb_00008ejc_E1_E2
2469,0,train,1.4270058870315552,pdb_00007zwi_B_C
2470,0,train,0.6285045146942139,pdb_00006vmk_E_D
2471,0,train,1.2062209844589233,pdb_00009eti_H_L
2472,0,train,1.3003262281417847,pdb_00002yc1_A_B
2473,0,train,0.05715462937951088,pdb_00008iyw_H1_H2
2474,0,train,0.17828230559825897,pdb_00007ue0_E_F
2475,0,train,0.04268566891551018,pdb_00009jh5_S1_S2
2476,0,train,0.997597873210907,pdb_00004f2m_C_D
2477,0,train,2.1198108196258545,pdb_00007t4q_F_G
2478,0,train,1.1527284383773804,pdb_00008ulf_K_O
2479,0,train,1.868894100189209,pdb_00001n5y_H_L
2480,0,train,0.1186266615986824,pdb_00003nif_E_F
2481,0,train,0.09245254844427109,pdb_00009wp9_C1_C2
2482,0,train,0.8234614729881287,pdb_00007xei_C_D
2483,0,train,1.112123966217041,pdb_00004n90_D_E
2484,0,train,0.027236349880695343,pdb_00009f33_E1_E2
2485,0,train,0.037861086428165436,pdb_00008j6r_S1_S2
2486,0,train,0.8143027424812317,pdb_00001fbi_H_L
2487,0,train,1.0693814754486084,pdb_00009ds1_H_L
2488,0,train,1.4864481687545776,pdb_00001ztx_H_L
2489,0,train,1.3097131252288818,pdb_00004np4_H_L
2490,0,train,1.2811826467514038,pdb_00007dm1_D_C
2491,0,train,0.9905451536178589,pdb_00003wd5_H_L
2492,0,train,1.137999415397644,pdb_00009vft_F_E
2493,0,train,1.663318395614624,pdb_00004ubd_G_H
2494,0,train,1.1427643299102783,pdb_00009ma0_B_C
2495,0,train,1.0431021451950073,pdb_00009m0d_D_Q
2496,0,train,0.028739280998706818,pdb_00008ia7_E1_E2
2497,0,train,2.044419288635254,pdb_00004kuc_H_D
2498,0,train,0.6030210256576538,pdb_00006k5a_C_D
2499,0,train,1.4226633310317993,pdb_00002r56_H_L
2500,0,train,1.3273708820343018,pdb_00009cfe_A_B
2501,0,train,0.56448894739151,pdb_00008wo4_D_C
2502,0,train,1.2895758152008057,pdb_00009b2m_J_K
2503,0,train,0.10026495903730392,pdb_00002r9h_C_D
2504,0,train,0.0201096273958683,pdb_00008dwg_E1_E2
2505,0,train,1.1558541059494019,pdb_00005ugy_J_N
2506,0,train,1.126914381980896,pdb_00009q7b_J_K
2507,0,train,0.1743098795413971,pdb_00002vdn_H_L
2508,0,train,0.8572560548782349,pdb_00007ley_H_I
2509,0,train,0.9833880662918091,pdb_00009wb3_B_C
2510,0,train,0.4073791205883026,pdb_00007k5x_M2_M1
2511,0,train,0.9941818118095398,pdb_00006xq4_E_F
2512,0,train,0.03757062926888466,pdb_00009le2_S1_S2
2513,0,train,1.9376107454299927,pdb_00006s3d_C_D
2514,0,train,1.8772882223129272,pdb_00006cvk_B2_B1
2515,0,train,0.405838280916214,pdb_00003hpl_A_B
2516,0,train,0.01536240428686142,pdb_00007evy_E1_E2
2517,0,train,0.016063671559095383,pdb_00008g94_E1_E2
2518,0,train,1.8400495052337646,pdb_00006wmw_H_L
2519,0,train,1.9286679029464722,pdb_00009ml8_P_Q
2520,0,train,1.4122231006622314,pdb_00008cn9_G_F
2521,0,train,2.051029920578003,pdb_00004hg4_P_Q
2522,0,train,1.3781781196594238,pdb_00009qt3_N_O
2523,0,train,0.021319784224033356,pdb_00009u4y_S1_S2
2524,0,train,1.213398814201355,pdb_00003eo1_E_D
2525,0,train,0.02109425701200962,pdb_00007wf7_E1_E2
2526,0,train,0.9596961140632629,pdb_00008bec_A1_A2
2527,0,train,0.9946199059486389,pdb_00009ouo_H_L
2528,0,train,0.7165462374687195,pdb_00008dd3_J_I
2529,0,train,2.0941033363342285,pdb_00008zd5_K_L
2530,0,train,1.048143744468689,pdb_00007ua8_H1_H2
2531,0,train,0.9628179669380188,pdb_00009lbs_H_L
2532,0,train,0.019949831068515778,pdb_00007w53_E1_E2
2533,0,train,0.04489712044596672,pdb_00008uwl_E1_E2
2534,0,train,0.012508693151175976,pdb_00009clw_N1_N2
2535,0,train,0.4959130883216858,pdb_00008si9_J_I
2536,0,train,1.1872303485870361,pdb_00008v5v_f_g
2537,0,train,1.259552240371704,pdb_00007sd5_H_L
2538,0,train,1.1214193105697632,pdb_00008xe9_A_B
2539,0,train,0.773193359375,pdb_00003h42_H_L
2540,0,train,1.1591466665267944,pdb_00001xgq_B_A
2541,0,train,1.0117125511169434,pdb_00009f91_E_F
2542,0,train,1.0788507461547852,pdb_00005aaw_D1_D2
2543,0,train,1.1325474977493286,pdb_00003fku_U1_U2
2544,0,train,0.15891268849372864,pdb_00003ze2_H_L
2545,0,train,0.8980844616889954,pdb_00008caf_D_C
2546,0,train,0.03776788339018822,pdb_00009vjf_E1_E2
2547,0,train,1.4178439378738403,pdb_00009h4s_H_L
2548,0,train,1.5823417901992798,pdb_00001nsn_H_L
2549,0,train,0.025202486664056778,pdb_00008yh3_S1_S2
2550,0,train,0.016662850975990295,pdb_00009lrs_E1_E2
2551,0,train,0.015179372392594814,pdb_00007wu9_S1_S2
2552,0,train,0.9044238328933716,pdb_00006pe9_E_F
2553,0,train,0.13130953907966614,pdb_00007w6p_H1_H2
2554,0,train,1.0172606706619263,pdb_00009kze_H_L
2555,0,train,1.4765219688415527,pdb_00007m6d_A_B
2556,0,train,2.395325183868408,pdb_00009osx_B_C
2557,0,train,1.4117501974105835,pdb_00009mtj_I_J
2558,0,train,1.3040368556976318,pdb_00004am0_H_L
2559,0,train,0.9973886013031006,pdb_00007wqv_F1_F2
2560,0,train,0.7660542726516724,pdb_00006o1f_H_L
2561,0,train,1.8095166683197021,pdb_00009mkn_S_T
2562,0,train,0.838044285774231,pdb_00008j7e_A_B
2563,0,train,1.212471842765808,pdb_00008znz_G_H
2564,0,train,0.020109934732317924,pdb_00008xzf_S1_S2
2565,0,train,1.0422955751419067,pdb_00008oxx_B_C
2566,0,train,0.9601882696151733,pdb_00006wzj_A_B
2567,0,train,0.7353885769844055,pdb_00008j7e_C_D
2568,0,train,0.9704727530479431,pdb_00004lf3_E_D
2569,0,train,1.072845220565796,pdb_00006t3j_F_G
2570,0,train,1.8551721572875977,pdb_00008hrd_C_E
2571,0,train,1.1674206256866455,pdb_00006osv_H_L
2572,0,train,1.0309523344039917,pdb_00004gxu_U_V
2573,0,train,0.995456874370575,pdb_00007xsc_A_B
2574,0,train,1.1624023914337158,pdb_00008w2e_D_C
2575,0,train,0.01627720147371292,pdb_00008id6_S1_S2
2576,0,train,0.7321459054946899,pdb_00005oca_H_L
2577,0,train,1.2768523693084717,pdb_00004f3f_B_A
2578,0,train,0.03806336224079132,pdb_00007xms_S1_S2
2579,0,train,1.3689043521881104,pdb_00008u44_S_T
2580,0,train,1.1012187004089355,pdb_00005d1z_G_H
2581,0,train,0.07083296775817871,pdb_00008i97_H1_H2
2582,0,train,0.033413518220186234,pdb_00007sbf_E1_E2
2583,0,train,1.83738112449646,pdb_00009me5_I_M
2584,0,train,0.08616935461759567,pdb_00007sr8_E1_E2
2585,0,train,0.19733089208602905,pdb_00007ubr_E_F
2586,0,train,0.052495673298835754,pdb_00008iw1_S1_S2
2587,0,train,0.032172296196222305,pdb_00007l1v_H1_H2
2588,0,train,0.7255944609642029,pdb_00007ejy_H_L
2589,0,train,0.8597609400749207,pdb_00007whz_H_L
2590,0,train,0.8388039469718933,pdb_00009lrf_H_L
2591,0,train,1.2015362977981567,pdb_00001kir_B_A
2592,0,train,1.414435625076294,pdb_00009shd_H_L
2593,0,train,1.1271649599075317,pdb_00007kn3_M_N
2594,0,train,0.738280713558197,pdb_00004tnw_H_L
2595,0,train,0.41194266080856323,pdb_00003or6_A_B
2596,0,train,1.2557010650634766,pdb_00008jqs_h_l
2597,0,train,0.05801229923963547,pdb_00007ujk_E_F
2598,0,train,0.04847027733922005,pdb_00008xxx_S1_S2
2599,0,train,0.06088114529848099,pdb_00008t3o_N1_N2
2600,0,train,0.027441462501883507,pdb_00007yk7_S1_S2
2601,0,train,2.0479772090911865,pdb_00007xh8_B_C
2602,0,train,1.268385410308838,pdb_00008hrd_D_F
2603,0,train,0.07091668993234634,pdb_00008e9z_E1_E2
2604,0,train,1.8241018056869507,pdb_00009e89_H_L
2605,0,train,0.9653704166412354,pdb_00006zlr_BBB_CCC
2606,0,train,1.3625568151474,pdb_00007yh6_H_L
2607,0,train,0.025454355403780937,pdb_00009m0r_S1_S2
2608,0,train,1.1596065759658813,pdb_00003v6z_C_D
2609,0,train,1.2826950550079346,pdb_00008yub_A_B
2610,0,train,1.0621285438537598,pdb_00008eoo_F_K
2611,0,train,0.8912445306777954,pdb_00006yz7_HHH_LLL
2612,0,train,1.5576239824295044,pdb_00003bgf_H_L
2613,0,train,0.7714102268218994,pdb_00003s36_H_L
2614,0,train,0.06959641724824905,pdb_00009j8z_S1_S2
2615,0,train,1.0337262153625488,pdb_00005nhr_A_B
2616,0,train,1.1398299932479858,pdb_00009cff_H_L
2617,0,train,1.138777494430542,pdb_00008vgj_J_I
2618,0,train,0.07005442678928375,pdb_00008e9w_E1_E2
2619,0,train,0.7249456644058228,pdb_00009n7q_D_F
2620,0,train,1.700197458267212,pdb_00003rhw_G_K
2621,0,train,1.3943297863006592,pdb_00005dur_B_D
2622,0,train,0.9232235550880432,pdb_00005xhv_H_L
2623,0,train,1.355951189994812,pdb_00005a3i_C_D
2624,0,train,0.8354069590568542,pdb_00008eqf_H_L
2625,0,train,0.05100814998149872,pdb_00008xyk_S1_S2
2626,0,train,1.1802595853805542,pdb_00009jy2_B_A
2627,0,train,0.03853408992290497,pdb_00008j6l_H1_H2
2628,0,train,0.7707825899124146,pdb_00008caf_B_A
2629,0,train,0.8942520022392273,pdb_00006ii4_E_F
2630,0,train,0.6401851177215576,pdb_00007mzk_F_E
2631,0,train,0.96055668592453,pdb_00008cn9_L_K
2632,0,train,2.007632255554199,pdb_00008cz5_H_L
2633,0,train,0.02496868371963501,pdb_00007scg_E1_E2
2634,0,train,1.6715812683105469,pdb_00001osp_H_L
2635,0,train,1.246634840965271,pdb_00007t3d_H_L
2636,0,train,1.1797584295272827,pdb_00007rxj_A_B
2636,0,train_epoch,1.20221870479051,
2636,0,validation,1.224814619530331,
2637,1,train,0.901838481426239,pdb_00008vgj_K_L
2638,1,train,0.7124422788619995,pdb_00002wuc_H_L
2639,1,train,1.461079478263855,pdb_00009oar_B_D
2640,1,train,0.5899333357810974,pdb_00006w0j_A_B
2641,1,train,0.6738424897193909,pdb_00006vmk_V_U
2642,1,train,1.311159610748291,pdb_00008p5m_G_L
2643,1,train,1.3867895603179932,pdb_00003o2d_H_L
2644,1,train,0.8569613099098206,pdb_00008jel_F_G
2645,1,train,1.239143967628479,pdb_00008ezk_I1_I2
2646,1,train,1.0649322271347046,pdb_00008y3h_G_H
2647,1,train,0.9962835907936096,pdb_00009cff_H_L
2648,1,train,0.018553920090198517,pdb_00008hsc_S1_S2
2649,1,train,1.0655421018600464,pdb_00007xrz_B_A
2650,1,train,0.5501042008399963,pdb_00008jen_C_D
2651,1,train,0.01680697128176689,pdb_00008gut_S1_S2
2652,1,train,0.04201257973909378,pdb_00009jid_S1_S2
2653,1,train,0.021409207955002785,pdb_00009vo2_S1_S2
2654,1,train,1.5368878841400146,pdb_00008gb5_I_H
2655,1,train,0.017978819087147713,pdb_00007e9g_D1_D2
2656,1,train,0.9195016026496887,pdb_00007ua8_H1_H2
2657,1,train,0.9099764823913574,pdb_00007x63_H_L
2658,1,train,1.0640414953231812,pdb_00006hxw_C_D
2659,1,train,1.1037793159484863,pdb_00006wno_E_F
2660,1,train,0.8858944773674011,pdb_00009og2_B_C
2661,1,train,0.9909253120422363,pdb_00004gxu_U_V
2662,1,train,0.020911462604999542,pdb_00009lr1_S1_S2
2663,1,train,0.8203640580177307,pdb_00009exa_F_E
2664,1,train,1.570965051651001,pdb_00001fns_H_L
2665,1,train,1.593368649482727,pdb_00007lg6_J_M
2666,1,train,1.2158129215240479,pdb_00008bg1_G_H
2667,1,train,0.5919889807701111,pdb_00006x3t_K_L
2668,1,train,1.011557936668396,pdb_00009atm_H_L
2669,1,train,0.012378586456179619,pdb_00008xxu_E1_E2
2670,1,train,0.019329266622662544,pdb_00009buy_E1_E2
2671,1,train,0.8331758975982666,pdb_00006zlr_BBB_CCC
2672,1,train,1.9701730012893677,pdb_00004f37_F_K
2673,1,train,0.026382824406027794,pdb_00007cmu_E1_E2
2674,1,train,1.283970832824707,pdb_00001bvk_B_A
2675,1,train,1.8002095222473145,pdb_00008kep_H_L
2676,1,train,1.2172976732254028,pdb_00006wm9_B_C
2677,1,train,0.9522258043289185,pdb_00008ulf_I_M
2678,1,train,1.1256303787231445,pdb_00008rrn_H_L
2679,1,train,0.01747187413275242,pdb_00009iqt_E1_E2
2680,1,train,1.593543529510498,pdb_00002x7l_H_L
2681,1,train,0.054713308811187744,pdb_00007rkm_D1_D2
2682,1,train,0.1974657028913498,pdb_00003ejy_C_D
2683,1,train,1.3434656858444214,pdb_00003lqa_H_L
2684,1,train,1.5622398853302002,pdb_00007si0_C_D
2685,1,train,1.921644926071167,pdb_00008wu1_H_L
2686,1,train,0.34721362590789795,pdb_00007xk2_S1_S2
2687,1,train,0.8656522035598755,pdb_00007sk4_D_C
2688,1,train,1.3313318490982056,pdb_00006oc3_A_B
2689,1,train,0.07223103940486908,pdb_00008ied_N1_N2
2690,1,train,1.2411469221115112,pdb_00002yc1_A_B
2691,1,train,0.024683447554707527,pdb_00007vuy_S1_S2
2692,1,train,0.8585001826286316,pdb_00006kyz_E_F
2693,1,train,0.11873698979616165,pdb_00008xxr_S1_S2
2694,1,train,1.4638363122940063,pdb_00009lae_H_L
2695,1,train,0.13312619924545288,pdb_00006k41_H1_H2
2696,1,train,1.1013983488082886,pdb_00008u4s_H_L
2697,1,train,0.018612341955304146,pdb_00007yj4_S1_S2
2698,1,train,1.558827519416809,pdb_00009cps_H_L
2699,1,train,1.6918646097183228,pdb_00006s3d_C_D
2700,1,train,0.02912844903767109,pdb_00009lrd_E1_E2
2701,1,train,0.7734432816505432,pdb_00005yoy_H_E
2702,1,train,1.4572513103485107,pdb_00007c88_H_L
2703,1,train,0.04173671081662178,pdb_00007eo4_E1_E2
2704,1,train,0.7782917618751526,pdb_00007keo_E_F
2705,1,train,0.028490208089351654,pdb_00007yae_S1_S2
2706,1,train,0.08202562481164932,pdb_00007vla_S1_S2
2707,1,train,0.09748773276805878,pdb_00007trs_H1_H2
2708,1,train,1.3651909828186035,pdb_00009me7_I_M
2709,1,train,1.302932858467102,pdb_00007t0w_O_P
2710,1,train,0.49375292658805847,pdb_00006vmk_H_G
2711,1,train,0.07056795805692673,pdb_00008e9z_E1_E2
2712,1,train,0.9815373420715332,pdb_00006ogx_H_L
2713,1,train,0.712729275226593,pdb_00008i5l_D1_D2
2714,1,train,1.1295225620269775,pdb_00007l0l_I_K
2715,1,train,1.0767762660980225,pdb_00005d1z_B_A
2716,1,train,1.2616074085235596,pdb_00009cpv_H_L
2717,1,train,0.8995648622512817,pdb_00006vvu_E_F
2718,1,train,0.6575395464897156,pdb_00008vgh_H_G
2719,1,train,0.0876210406422615,pdb_00003ze1_E_F
2720,1,train,1.6580883264541626,pdb_00008rmy_B_C
2721,1,train,0.051102012395858765,pdb_00007dw9_S1_S2
2722,1,train,0.03446754068136215,pdb_00009ldw_S1_S2
2723,1,train,0.8327926993370056,pdb_00003g6j_H_G
2724,1,train,0.7894394993782043,pdb_00008jkf_h_l
2725,1,train,0.7736195921897888,pdb_00009ctu_F_E
2726,1,train,1.35346257686615,pdb_00009ctw_F_E
2727,1,train,1.0603550672531128,pdb_00009cct_C_B
2728,1,train,0.8445324301719666,pdb_00004dn4_H_L
2729,1,train,1.0717720985412598,pdb_00006n5b_H_L
2730,1,train,1.0049139261245728,pdb_00001dqj_B_A
2731,1,train,0.9801076650619507,pdb_00008smi_H_L
2732,1,train,0.2491009384393692,pdb_00008zps_E1_E2
2733,1,train,0.016506049782037735,pdb_00009jr2_S1_S2
2734,1,train,0.9879832863807678,pdb_00009cpp_H_L
2735,1,train,0.897718608379364,pdb_00009og2_D_E
2736,1,train,0.6370288133621216,pdb_00005yoy_P_M
2737,1,train,0.8075582981109619,pdb_00009l9o_B_C
2738,1,train,1.4865233898162842,pdb_00008bbo_H_L
2739,1,train,2.1314139366149902,pdb_00008tzn_G_H
2740,1,train,0.1813313513994217,pdb_00007xta_E1_E2
2741,1,train,1.0392735004425049,pdb_00008zh7_H_I
2742,1,train,1.2063252925872803,pdb_00006u6u_H_L
2743,1,train,0.029846321791410446,pdb_00007v69_S1_S2
2744,1,train,0.6791008710861206,pdb_00006j6y_B_C
2745,1,train,0.9843289256095886,pdb_00006wm9_E_F
2746,1,train,0.9365440011024475,pdb_00001xgr_B_A
2747,1,train,1.2187154293060303,pdb_00008dwx_X_W
2748,1,train,1.0814653635025024,pdb_00009b82_I_G
2749,1,train,0.05248337984085083,pdb_00008i7w_E1_E2
2750,1,train,1.2809172868728638,pdb_00009cu7_H_L
2751,1,train,1.3098114728927612,pdb_00003wkm_H_L
2752,1,train,1.2767798900604248,pdb_00007b0b_H_L
2753,1,train,1.360056757926941,pdb_00009oea_H_L
2754,1,train,1.5821099281311035,pdb_00005dhy_A_B
2755,1,train,0.6667143106460571,pdb_00006rp8_H_L
2756,1,train,0.8272088766098022,pdb_00007ws7_G_F
2757,1,train,0.5831835865974426,pdb_00004tsb_H_L
2758,1,train,1.5229804515838623,pdb_00009oi3_M_N
2759,1,train,0.021363787353038788,pdb_00009oxb_D1_D2
2760,1,train,1.172279953956604,pdb_00006wmw_M_N
2761,1,train,0.6712628602981567,pdb_00006xe1_H_L
2762,1,train,1.0168430805206299,pdb_00004lmq_E_I
2763,1,train,0.5136685371398926,pdb_00007s0b_C_D
2764,1,train,1.2064582109451294,pdb_00002x7l_G_I
2765,1,train,0.02858470194041729,pdb_00008i7v_E1_E2
2766,1,train,0.7499974370002747,pdb_00007zf9_A_B
2767,1,train,2.330115795135498,pdb_00004i3r_H_L
2768,1,train,0.661245584487915,pdb_00008bec_A1_A2
2769,1,train,1.1815439462661743,pdb_00007tp3_H_L
2770,1,train,0.023009710013866425,pdb_00008xqp_S1_S2
2771,1,train,1.027534008026123,pdb_00007ucq_I1_I2
2772,1,train,1.1646796464920044,pdb_00009ov4_H_L
2773,1,train,0.7643859386444092,pdb_00007y6k_E1_E2
2774,1,train,0.023224102333188057,pdb_00009jmd_E1_E2
2775,1,train,0.9612822532653809,pdb_00007bbj_M_N
2776,1,train,0.017383813858032227,pdb_00007x10_E1_E2
2777,1,train,0.049283217638731,pdb_00009ko4_H1_H2
2778,1,train,0.023104559630155563,pdb_00008yh0_S1_S2
2779,1,train,0.9866599440574646,pdb_00004hg4_X_Y
2780,1,train,1.3155111074447632,pdb_00007m7w_A_B
2781,1,train,1.0229088068008423,pdb_00009jy1_R_Q
2782,1,train,1.385788917541504,pdb_00007rk2_D1_D2
2783,1,train,1.426375150680542,pdb_00007x2o_H_L
2784,1,train,0.16337750852108002,pdb_00002ht4_E_F
2785,1,train,0.7443016171455383,pdb_00004ttd_C_D
2786,1,train,1.365997076034546,pdb_00006xm2_D_C
2787,1,train,0.8689582943916321,pdb_00004hg4_R_S
2788,1,train,1.472460150718689,pdb_00007uvq_C_B
2789,1,train,1.1991068124771118,pdb_00008yub_D_E
2790,1,train,0.9715129733085632,pdb_00004m62_H_L
2791,1,train,1.231713056564331,pdb_00009b2m_E_F
2792,1,train,0.8296781778335571,pdb_00008tnt_E_D
2793,1,train,1.2193938493728638,pdb_00009n4e_K_M
2794,1,train,0.01374504342675209,pdb_00009clw_N1_N2
2795,1,train,0.6948082447052002,pdb_00009ouo_H_L
2796,1,train,1.7203116416931152,pdb_00007t01_H_L
2797,1,train,0.0577295683324337,pdb_00008ef5_E1_E2
2798,1,train,1.3924100399017334,pdb_00003bgf_H_L
2799,1,train,1.3463834524154663,pdb_00007x3d_H_L
2800,1,train,0.15977321565151215,pdb_00007udh_E_F
2801,1,train,1.599498987197876,pdb_00006h3u_H_L
2802,1,train,0.03336995467543602,pdb_00009b5y_N1_N2
2803,1,train,0.9913698434829712,pdb_00008gv6_I_J
2804,1,train,1.0241153240203857,pdb_00008ol9_B_A
2805,1,train,0.7471923828125,pdb_00003a6b_H_L
2806,1,train,0.013807883486151695,pdb_00007qvm_S1_S2
2807,1,train,0.9358517527580261,pdb_00009mqa_I_M
2808,1,train,1.0592163801193237,pdb_00008w86_A_B
2809,1,train,1.2851446866989136,pdb_00009me6_I_M
2810,1,train,0.021217886358499527,pdb_00007na7_N1_N2
2811,1,train,1.34596586227417,pdb_00009hvw_H_L
2812,1,train,0.6345760822296143,pdb_00006ii8_H_L
2813,1,train,0.9417564868927002,pdb_00004f2m_A_B
2814,1,train,0.29705944657325745,pdb_00006dzt_M1_M2
2815,1,train,0.033381976187229156,pdb_00009le1_S1_S2
2816,1,train,0.8585541844367981,pdb_00006wzm_A_B
2817,1,train,1.4871538877487183,pdb_00003lh2_K_O
2818,1,train,1.1511526107788086,pdb_00004al8_H_L
2819,1,train,1.2121624946594238,pdb_00001p2c_B_A
2820,1,train,0.9037763476371765,pdb_00006z2m_B_C
2821,1,train,1.1105293035507202,pdb_00006ww5_E_F
2822,1,train,1.0293794870376587,pdb_00008suo_H_L
2823,1,train,0.01920207589864731,pdb_00009upu_S1_S2
2824,1,train,0.4596405029296875,pdb_00009our_H_L
2825,1,train,0.48140642046928406,pdb_00006vmk_r_q
2826,1,train,1.100354552268982,pdb_00007f15_B1_B2
2827,1,train,1.7165381908416748,pdb_00009cci_B_C
2828,1,train,0.7332662343978882,pdb_00003rif_J_M
2829,1,train,0.3543641269207001,pdb_00006vmk_f_e
2830,1,train,0.5331529378890991,pdb_00008wnp_D_C
2831,1,train,0.023191045969724655,pdb_00009vmn_S1_S2
2832,1,train,1.059880018234253,pdb_00008g5b_I_M
2833,1,train,0.5201445817947388,pdb_00003a6c_H_L
2834,1,train,0.9618539810180664,pdb_00003vrl_E_F
2835,1,train,0.36715400218963623,pdb_00002boc_A_B
2836,1,train,1.0966119766235352,pdb_00009k6y_H_L
2837,1,train,1.4875251054763794,pdb_00009m7v_H_L
2838,1,train,0.5900475382804871,pdb_00007chc_H_L
2839,1,train,1.8344510793685913,pdb_00008zd5_B_C
2840,1,train,0.011106457561254501,pdb_00006dde_E1_E2
2841,1,train,1.7471891641616821,pdb_00004ffw_D_C
2842,1,train,1.79862380027771,pdb_00001n6q_H_L
2843,1,train,0.04575863108038902,pdb_00009f33_E1_E2
2844,1,train,1.0895891189575195,pdb_00006z3q_H_L
2845,1,train,0.5395180583000183,pdb_00009ouo_J_K
2846,1,train,1.3314813375473022,pdb_00007ycn_H_I
2847,1,train,1.0293868780136108,pdb_00008ut2_J_I
2848,1,train,1.6632401943206787,pdb_00002zck_H_L
2849,1,train,0.2584177553653717,pdb_00008ubk_M2_M1
2850,1,train,1.1915907859802246,pdb_00007tbf_H_L
2851,1,train,0.11622928828001022,pdb_00008i97_H1_H2
2852,1,train,0.7998247742652893,pdb_00009dzf_H_L
2853,1,train,0.039911117404699326,pdb_00008h8j_H1_H2
2854,1,train,1.2920504808425903,pdb_00009h4s_H_L
2855,1,train,0.9417132139205933,pdb_00007wur_E_F
2856,1,train,0.057046107947826385,pdb_00007t90_E1_E2
2857,1,train,0.03886629641056061,pdb_00009jky_S1_S2
2858,1,train,1.7853870391845703,pdb_00008tp5_E_F
2859,1,train,1.1365255117416382,pdb_00007mxl_J_K
2860,1,train,1.4601240158081055,pdb_00004xnm_B_A
2861,1,train,1.0813055038452148,pdb_00003fku_U1_U2
2862,1,train,0.08189187198877335,pdb_00008ijb_S1_S2
2863,1,train,0.9788806438446045,pdb_00005w0k_H_L
2864,1,train,0.6047695875167847,pdb_00008jen_A_B
2865,1,train,0.9857637286186218,pdb_00008vgk_K_L
2866,1,train,1.606403112411499,pdb_00004hg4_P_Q
2867,1,train,0.062320008873939514,pdb_00009plo_S1_S2
2868,1,train,0.5438961982727051,pdb_00002qr0_B_A
2869,1,train,0.03938496485352516,pdb_00008k6n_S1_S2
2870,1,train,0.04576245695352554,pdb_00009kxs_H1_H2
2871,1,train,1.1157704591751099,pdb_00001bql_H_L
2872,1,train,1.2464556694030762,pdb_00005wko_K_L
2873,1,train,0.5915122032165527,pdb_00006x3t_J_I
2874,1,train,0.04358557611703873,pdb_00008uuj_D1_D2
2875,1,train,0.6825827360153198,pdb_00007xei_C_D
2876,1,train,0.050360459834337234,pdb_00008jbg_E1_E2
2877,1,train,0.5776352882385254,pdb_00007mzk_F_E
2878,1,train,0.262816846370697,pdb_00008sid_J_I
2879,1,train,1.1986733675003052,pdb_00001kip_B_A
2880,1,train,1.030203938484192,pdb_00008eoo_F_K
2881,1,train,1.1660757064819336,pdb_00008cbf_H_L
2882,1,train,0.3628216087818146,pdb_00007mhx_A_B
2883,1,train,0.7588095664978027,pdb_00009jqv_H_L
2884,1,train,0.9095766544342041,pdb_00008g5a_I_M
2885,1,train,0.8402606248855591,pdb_00008xsj_H_L
2886,1,train,0.9195786118507385,pdb_00007vyr_H_L
2887,1,train,0.9934566020965576,pdb_00005xmh_H_L
2888,1,train,1.4812970161437988,pdb_00007m3l_B_C
2889,1,train,0.09556177258491516,pdb_00007wz4_S1_S2
2890,1,train,1.0880908966064453,pdb_00009js7_J_M
2891,1,train,1.504784345626831,pdb_00008zd6_E_F
2892,1,train,0.8056210875511169,pdb_00006b3s_J_K
2893,1,train,0.02897738665342331,pdb_00007wv9_S1_S2
2894,1,train,0.8592029809951782,pdb_00002vwe_L_J
2895,1,train,1.3952828645706177,pdb_00006jod_H_L
2896,1,train,0.7067655324935913,pdb_00007dpm_A_B
2897,1,train,1.0749554634094238,pdb_00009eti_H_L
2898,1,train,0.06942906975746155,pdb_00008eit_E1_E2
2899,1,train,1.5222785472869873,pdb_00007bsd_A_B
2900,1,train,0.8683326244354248,pdb_00009clp_H_L
2901,1,train,0.9728558659553528,pdb_00003eo1_E_D
2902,1,train,0.3508813977241516,pdb_00006vmk_i_h
2903,1,train,0.01932690665125847,pdb_00008sai_S1_S2
2904,1,train,0.9114457964897156,pdb_00004m62_I_M
2905,1,train,0.035093799233436584,pdb_00008y72_E1_E2
2906,1,train,0.04400472715497017,pdb_00008ij3_S1_S2
2907,1,train,1.1726614236831665,pdb_00006t3j_A_B
2908,1,train,0.7313936948776245,pdb_00003b2u_Q_R
2909,1,train,1.260873556137085,pdb_00007t3d_H_L
2910,1,train,0.6367480158805847,pdb_00009cpw_C_D
2911,1,train,0.04063815623521805,pdb_00007kh0_S1_S2
2912,1,train,0.24932892620563507,pdb_00006vmk_K_J
2913,1,train,0.027742799371480942,pdb_00008yn5_E1_E2
2914,1,train,0.02371191419661045,pdb_00009lr2_S1_S2
2915,1,train,1.872999668121338,pdb_00007rco_F_E
2916,1,train,0.03495151177048683,pdb_00008xos_E1_E2
2917,1,train,0.9736743569374084,pdb_00008jqm_M_N
2918,1,train,1.9805068969726562,pdb_00004ki5_C_D
2919,1,train,0.8676093220710754,pdb_00007f3q_H_L
2920,1,train,1.5339901447296143,pdb_00004ffv_H_L
2921,1,train,0.9343318343162537,pdb_00008we4_H_L
2922,1,train,0.03809865936636925,pdb_00008e9y_E1_E2
2923,1,train,0.5852062106132507,pdb_00002dqi_H_L
2924,1,train,0.7905628681182861,pdb_00003dvn_H_L
2925,1,train,1.0217891931533813,pdb_00007lop_X_Y
2926,1,train,0.980116069316864,pdb_00009ue8_E_F
2927,1,train,0.7407377362251282,pdb_00008j7e_A_B
2928,1,train,0.08721126616001129,pdb_00009wp9_C1_C2
2929,1,train,0.027377165853977203,pdb_00008jlk_S1_S2
2930,1,train,1.2409570217132568,pdb_00009me5_H_L
2931,1,train,1.7633819580078125,pdb_00008rmx_B_C
2932,1,train,1.0192935466766357,pdb_00007pa7_ooo2_ooo1
2933,1,train,0.0706791803240776,pdb_00007p02_H1_H2
2934,1,train,0.46492233872413635,pdb_00006adc_C_D
2935,1,train,1.2017691135406494,pdb_00004f3f_B_A
2936,1,train,0.19180527329444885,pdb_00007k63_N2_N1
2937,1,train,1.3605306148529053,pdb_00006flc_H_L
2938,1,train,0.25420358777046204,pdb_00008ihf_S1_S2
2939,1,train,1.5072691440582275,pdb_00003rif_F_N
2940,1,train,0.7304008603096008,pdb_00008bg2_C1_C2
2941,1,train,0.9837641716003418,pdb_00008i5i_H_L
2942,1,train,0.7162899971008301,pdb_00007tzh_A1_A2
2943,1,train,0.08794218301773071,pdb_00008xqf_S1_S2
2944,1,train,1.47295081615448,pdb_00008xa4_C_D
2945,1,train,0.9228702783584595,pdb_00003eo1_H_G
2946,1,train,1.0328127145767212,pdb_00008ee8_D_C
2947,1,train,0.5300414562225342,pdb_00008iw9_S1_S2
2948,1,train,0.6193522810935974,pdb_000011oq_H_L
2949,1,train,0.05196307227015495,pdb_00009v2n_S1_S2
2950,1,train,0.04400123655796051,pdb_00008xml_S1_S2
2951,1,train,1.0494683980941772,pdb_00005d1z_G_H
2952,1,train,0.27320337295532227,pdb_00008evg_N1_N2
2953,1,train,0.3191054165363312,pdb_00002hlf_E_F
2954,1,train,0.17507439851760864,pdb_00006oij_H1_H2
2955,1,train,0.07781623303890228,pdb_00007cmv_E1_E2
2956,1,train,1.0846164226531982,pdb_00008dce_H1_H2
2957,1,train,1.2434728145599365,pdb_00009j4c_H_L
2958,1,train,1.2930185794830322,pdb_00002x7l_J_K
2959,1,train,0.9418535828590393,pdb_00003d9a_H_L
2960,1,train,0.8653083443641663,pdb_00003u30_C_B
2961,1,train,0.6848154067993164,pdb_00008bcz_C_D
2962,1,train,1.3736343383789062,pdb_00008zd5_E_F
2963,1,train,0.07925029844045639,pdb_00009ldv_S1_S2
2964,1,train,1.4121816158294678,pdb_00008kdr_H_L
2965,1,train,1.6440082788467407,pdb_00009rir_H_L
2966,1,train,0.7574074864387512,pdb_00007vgs_F_E
2967,1,train,0.7909489870071411,pdb_00009dzg_H_L
2968,1,train,1.4734445810317993,pdb_00008sdh_C_D
2969,1,train,0.034559622406959534,pdb_00009kvg_E1_E2
2970,1,train,0.8868235349655151,pdb_00004wv1_B_A
2971,1,train,0.042759303003549576,pdb_00007ew4_S1_S2
2972,1,train,1.7184596061706543,pdb_00009mtl_I_J
2973,1,train,1.0130990743637085,pdb_00009bbn_S_T
2974,1,train,0.20355428755283356,pdb_00008evi_M1_M2
2975,1,train,0.08922560513019562,pdb_00008xgo_D1_D2
2976,1,train,1.418563723564148,pdb_00004xhj_D_C
2977,1,train,1.2704368829727173,pdb_00007yru_H_L
2978,1,train,1.0547980070114136,pdb_00005ggt_H_L
2979,1,train,1.0767096281051636,pdb_00001fsk_I_H
2980,1,train,0.020582200959324837,pdb_00008hnk_S1_S2
2981,1,train,0.08534014225006104,pdb_00007u0i_N1_N2
2982,1,train,0.4370352029800415,pdb_00006k5i_C_D
2983,1,train,0.07317939400672913,pdb_00009vmg_S1_S2
2984,1,train,1.3582978248596191,pdb_00009quw_D_C
2985,1,train,1.0420223474502563,pdb_00009cpr_H_L
2986,1,train,1.037976622581482,pdb_00009huo_C_D
2987,1,train,0.3846420347690582,pdb_00008j21_B1_B2
2988,1,train,0.1626002937555313,pdb_00006k5d_C_D
2989,1,train,1.1891415119171143,pdb_00008zd5_K_L
2990,1,train,0.07273004204034805,pdb_00007ucy_E_F
2991,1,train,0.9459884762763977,pdb_00008cn9_B_A
2992,1,train,0.9030513167381287,pdb_00009fyt_I_M
2993,1,train,1.0473119020462036,pdb_00007zmk_G_H
2994,1,train,0.8517054319381714,pdb_00007wwk_G_F
2995,1,train,1.2378963232040405,pdb_00007wph_E_D
2996,1,train,0.9371928572654724,pdb_00007tbf_D_E
2997,1,train,0.05172254145145416,pdb_00007ezh_H1_H2
2998,1,train,0.8615960478782654,pdb_00009azr_H_L
2999,1,train,1.0540356636047363,pdb_00009b82_P_O
3000,1,train,1.6690232753753662,pdb_00005c0n_C_D
3001,1,train,0.09139330685138702,pdb_00009d4z_E1_E2
3002,1,train,0.06799685209989548,pdb_00008wwj_E1_E2
3003,1,train,1.095816969871521,pdb_00007qnx_A_B
3004,1,train,1.0607151985168457,pdb_00006h3u_I_M
3005,1,train,0.9944638013839722,pdb_00001kir_B_A
3006,1,train,0.5034528970718384,pdb_00001ic7_H_L
3007,1,train,0.8742832541465759,pdb_00004okv_A_B
3008,1,train,0.7332056164741516,pdb_00007kmg_A_B
3009,1,train,0.6352953910827637,pdb_000011oo_H_L
3010,1,train,0.10296104103326797,pdb_00007wz7_C1_C2
3011,1,train,1.2541468143463135,pdb_00007uzd_H_L
3012,1,train,0.031036492437124252,pdb_00007xw9_S1_S2
3013,1,train,1.250273585319519,pdb_00006fax_H_L
3014,1,train,0.8205774426460266,pdb_00008jkh_m_n
3015,1,train,1.6527719497680664,pdb_00009ivj_H_L
3016,1,train,0.2308100014925003,pdb_00008u9s_N2_N1
3017,1,train,1.0118423700332642,pdb_00009q7b_J_K
3018,1,train,0.02992037683725357,pdb_00009izh_S1_S2
3019,1,train,0.8597344756126404,pdb_00007x1m_H_L
3020,1,train,0.9025288224220276,pdb_00004lf3_E_D
3021,1,train,1.2937778234481812,pdb_00006dfi_H_L
3022,1,train,0.8704737424850464,pdb_00008txu_E_J
3023,1,train,0.9738465547561646,pdb_00007c81_H_L
3024,1,train,0.512226939201355,pdb_00006w0h_A_B
3025,1,train,1.9506502151489258,pdb_00004hf5_H_L
3026,1,train,0.03974379226565361,pdb_00008j6j_H1_H2
3027,1,train,0.026472846046090126,pdb_00008xjk_E1_E2
3028,1,train,1.1447283029556274,pdb_00007rku_J_K
3029,1,train,0.07126021385192871,pdb_00008hqe_H1_H2
3030,1,train,0.02055751159787178,pdb_00007vv5_S1_S2
3031,1,train,1.736913800239563,pdb_00006ba5_H_G
3032,1,train,0.6499428749084473,pdb_00009ouq_J_K
3033,1,train,0.5615831613540649,pdb_00002qr0_R_Q
3034,1,train,0.14598947763442993,pdb_00001ott_C_D
3035,1,train,0.030481189489364624,pdb_00008jso_S1_S2
3036,1,train,0.027561815455555916,pdb_00008zqe_S1_S2
3037,1,train,1.0237728357315063,pdb_00008d7e_D_E
3038,1,train,0.9947211742401123,pdb_00008ee8_H_L
3039,1,train,0.01827547885477543,pdb_00008dwc_E1_E2
3040,1,train,1.543689250946045,pdb_00003ri5_F_N
3041,1,train,0.7754939198493958,pdb_00001tzi_B_A
3042,1,train,0.8263458013534546,pdb_00001e6j_H_L
3043,1,train,1.2425825595855713,pdb_00007t0w_H_L
3044,1,train,0.8170253038406372,pdb_00006gv4_H_L
3045,1,train,1.1222470998764038,pdb_00008a96_K_J
3046,1,train,0.039657484740018845,pdb_00007sr8_E1_E2
3047,1,train,0.2790602743625641,pdb_00008ubl_N2_N1
3048,1,train,1.0040156841278076,pdb_00008y3k_I_J
3049,1,train,0.0384787991642952,pdb_00007l1u_H1_H2
3050,1,train,0.2608225345611572,pdb_00003or6_A_B
3051,1,train,0.7163693308830261,pdb_00007lop_H_L
3052,1,train,0.6451857089996338,pdb_00007kfw_F_G
3053,1,train,0.09706803411245346,pdb_00003nif_E_F
3054,1,train,1.072888731956482,pdb_00007k9z_B_A
3055,1,train,0.8654860854148865,pdb_00007u9e_B1_B2
3056,1,train,0.6075341701507568,pdb_00007mzj_F_E
3057,1,train,0.030796267092227936,pdb_00007evz_E1_E2
3058,1,train,0.021146424114704132,pdb_00009ydu_E1_E2
3059,1,train,0.07701223343610764,pdb_00002htk_E_F
3060,1,train,0.026557449251413345,pdb_00007s8p_E1_E2
3061,1,train,0.5947576761245728,pdb_00007jmo_H_L
3062,1,train,0.04474622383713722,pdb_00007xmt_S1_S2
3063,1,train,0.7448487281799316,pdb_00007rks_H_L
3064,1,train,0.07433643192052841,pdb_00002vdn_H_L
3065,1,train,1.6407390832901,pdb_00008gsd_H_L
3066,1,train,0.8800626397132874,pdb_00001za3_B_A
3067,1,train,0.016812527552247047,pdb_00007vfx_S1_S2
3068,1,train,0.029949629679322243,pdb_00008hqn_H1_H2
3069,1,train,0.027716059237718582,pdb_00009ydv_E1_E2
3070,1,train,0.5082509517669678,pdb_00001j1p_H_L
3071,1,train,1.264458417892456,pdb_00006wtv_B_C
3072,1,train,1.195656180381775,pdb_00008cz8_A2_A1
3073,1,train,1.2054740190505981,pdb_00006a4k_H_L
3074,1,train,1.0364893674850464,pdb_00007x93_E_F
3075,1,train,0.5030609965324402,pdb_00008elp_H_L
3076,1,train,0.7315953373908997,pdb_00009ib3_H_L
3077,1,train,1.3364816904067993,pdb_00008vsj_H_L
3078,1,train,0.5530255436897278,pdb_00007pry_F_G
3079,1,train,0.013911029323935509,pdb_00008zme_E1_E2
3080,1,train,0.8175352811813354,pdb_00008vgi_J_I
3081,1,train,0.9584301114082336,pdb_00009ue8_U_V
3082,1,train,1.353570818901062,pdb_00008khd_H_J
3083,1,train,1.0130770206451416,pdb_00007w71_H_L
3084,1,train,1.2436041831970215,pdb_00002vxq_H_L
3085,1,train,0.023316621780395508,pdb_00007s8m_E1_E2
3086,1,train,1.255804419517517,pdb_00002w9e_H_L
3087,1,train,0.018161343410611153,pdb_00008j19_S1_S2
3088,1,train,0.09632965177297592,pdb_00007vif_E1_E2
3089,1,train,2.027639865875244,pdb_00009o7i_D_C
3090,1,train,0.03152618929743767,pdb_00008jpn_S1_S2
3091,1,train,0.013721629977226257,pdb_00009upv_S1_S2
3092,1,train,0.3132319450378418,pdb_00008dk5_N1_N2
3093,1,train,0.03852638602256775,pdb_00008wrb_E1_E2
3094,1,train,0.5690950155258179,pdb_00009oum_H_L
3095,1,train,0.04637465626001358,pdb_00009ipv_S1_S2
3096,1,train,0.723121702671051,pdb_00008bcz_E_F
3097,1,train,0.9488824605941772,pdb_00006hjp_G_H
3098,1,train,0.9570952653884888,pdb_00006iap_H_L
3099,1,train,1.0930298566818237,pdb_00007zfb_A_B
3100,1,train,2.1431469917297363,pdb_00005i9q_B_C
3101,1,train,0.8738296627998352,pdb_00001xgp_B_A
3102,1,train,0.98653244972229,pdb_00008f6x_D1_D2
3103,1,train,0.7065527439117432,pdb_00003h42_H_L
3104,1,train,1.1897403001785278,pdb_00009ci8_B_A
3105,1,train,0.7440354228019714,pdb_00007d85_B_C
3106,1,train,0.8562090992927551,pdb_00006zh9_HHH_LLL
3107,1,train,1.0212368965148926,pdb_00009hi4_A_B
3108,1,train,0.7995069026947021,pdb_00004tnw_V_Z
3109,1,train,0.7798693776130676,pdb_00008wpw_H_L
3110,1,train,1.8609496355056763,pdb_00001n5y_H_L
3111,1,train,0.7297922372817993,pdb_00008w2e_D_C
3112,1,train,0.8891632556915283,pdb_00007jmw_H_L
3113,1,train,0.6087011694908142,pdb_00005oca_H_L
3114,1,train,0.08409656584262848,pdb_00008xgs_D1_D2
3115,1,train,0.05784757435321808,pdb_00009izd_S1_S2
3116,1,train,1.1514613628387451,pdb_00005x8l_S_N
3117,1,train,1.4449138641357422,pdb_00006p4b_B_A
3118,1,train,0.7304517030715942,pdb_00002fjh_H_L
3119,1,train,0.7809814214706421,pdb_00007xsc_D_H
3120,1,train,1.1767876148223877,pdb_00009cfh_H_L
3121,1,train,1.218575358390808,pdb_00007wvl_H_L
3122,1,train,0.4682810604572296,pdb_00006w0f_A_B
3123,1,train,1.0651568174362183,pdb_00006ejg_D2_D1
3124,1,train,1.3611724376678467,pdb_00003mxw_H_L
3125,1,train,0.07627078145742416,pdb_00008y45_S1_S2
3126,1,train,1.2304682731628418,pdb_00007det_D1_D2
3127,1,train,1.3335270881652832,pdb_00008vgm_E_F
3128,1,train,0.27210041880607605,pdb_00009ge3_F1_F2
3129,1,train,0.8625645637512207,pdb_00008hn7_B_A
3130,1,train,0.15817460417747498,pdb_00008k9k_H1_H2
3131,1,train,0.2827910780906677,pdb_00007cvt_C_D
3132,1,train,0.8451391458511353,pdb_00001dee_D_C
3133,1,train,0.8332257270812988,pdb_00007dk0_A_B
3134,1,train,1.2632676362991333,pdb_00009c6y_C_D
3135,1,train,1.3451812267303467,pdb_00003ri5_G_K
3136,1,train,0.06307059526443481,pdb_00008t3s_N1_N2
3137,1,train,1.1046521663665771,pdb_00002oz4_H_L
3138,1,train,1.2923803329467773,pdb_00009bao_G_H
3139,1,train,1.7230697870254517,pdb_00007s11_I_M
3140,1,train,0.06832349300384521,pdb_00009ast_E1_E2
3141,1,train,0.8179868459701538,pdb_00008f6x_E1_E2
3142,1,train,0.060135822743177414,pdb_00008y6w_D1_D2
3143,1,train,0.054072845727205276,pdb_00008iyw_H1_H2
3144,1,train,1.307312250137329,pdb_00001fdl_H_L
3145,1,train,0.28848329186439514,pdb_00007k5x_N2_N1
3146,1,train,0.24952618777751923,pdb_00007uh8_E_F
3147,1,train,0.03587114065885544,pdb_00007t96_E1_E2
3148,1,train,0.024112101644277573,pdb_00008jbf_E1_E2
3149,1,train,0.7566895484924316,pdb_00006ii4_H_L
3150,1,train,0.025277795270085335,pdb_00008yyw_B1_B2
3151,1,train,0.4559188187122345,pdb_00009oun_J_K
3152,1,train,0.24191531538963318,pdb_00003or7_A_B
3153,1,train,1.4170767068862915,pdb_00007ean_H_L
3154,1,train,0.9273511171340942,pdb_00009bao_E_F
3155,1,train,0.016922665759921074,pdb_00007vkt_E1_E2
3156,1,train,1.6662077903747559,pdb_00008z6x_B_C
3157,1,train,0.827190101146698,pdb_00006cyf_U_T
3158,1,train,0.14402158558368683,pdb_00008spu_N1_N2
3159,1,train,0.029586143791675568,pdb_00006omm_E1_E2
3160,1,train,0.656103789806366,pdb_00008dww_H_L
3161,1,train,1.3985604047775269,pdb_00006mto_H_L
3162,1,train,1.1059989929199219,pdb_00009od3_H_L
3163,1,train,1.190445065498352,pdb_00007ttx_H_L
3164,1,train,0.8659688830375671,pdb_00006xq4_E_F
3165,1,train,0.02759336493909359,pdb_00008iru_E1_E2
3166,1,train,0.6887351870536804,pdb_00008dn6_C_D
3167,1,train,0.6566375494003296,pdb_00002r0l_H_L
3168,1,train,1.125925898551941,pdb_00007f3q_C_B
3169,1,train,0.8440555930137634,pdb_00008gy5_H_L
3170,1,train,1.5814987421035767,pdb_00007mkm_H_L
3171,1,train,0.9541213512420654,pdb_00005wk3_S_R
3172,1,train,1.4973689317703247,pdb_00005w3m_E_G
3173,1,train,0.944269061088562,pdb_00009jy3_R_Q
3174,1,train,1.103075623512268,pdb_00008el2_H_L
3175,1,train,1.0668315887451172,pdb_00008w86_E_F
3176,1,train,0.8276130557060242,pdb_00008vgi_F_E
3177,1,train,0.015926053747534752,pdb_00007xa3_E1_E2
3178,1,train,1.0617001056671143,pdb_00004n90_F_G
3179,1,train,0.012586977332830429,pdb_00007s8n_E1_E2
3180,1,train,0.9816407561302185,pdb_00007pry_C_D
3181,1,train,0.6089782118797302,pdb_00009zq9_I2_I1
3182,1,train,0.7439213991165161,pdb_00008hn7_D_C
3183,1,train,1.0702708959579468,pdb_00008g5a_H_L
3184,1,train,0.8178251385688782,pdb_00003dvg_B_A
3185,1,train,1.4188176393508911,pdb_00007unb_H_L
3186,1,train,0.1423509269952774,pdb_00001otu_C_D
3187,1,train,0.03192213922739029,pdb_00006lfo_S1_S2
3188,1,train,0.7582229971885681,pdb_00008zyu_D_Q
3189,1,train,1.4376840591430664,pdb_00009oco_H_L
3190,1,train,1.5076912641525269,pdb_00008tpa_H_L
3191,1,train,0.7026416063308716,pdb_00008caf_D_C
3192,1,train,0.10656102746725082,pdb_00007y89_S1_S2
3193,1,train,0.014997566118836403,pdb_00006wwz_S1_S2
3194,1,train,2.1438395977020264,pdb_00007uij_H_L
3195,1,train,1.3437684774398804,pdb_00006xpz_B_C
3196,1,train,1.8333319425582886,pdb_00004f37_H_L
3197,1,train,0.2632993757724762,pdb_00007k61_N2_N1
3198,1,train,1.3257529735565186,pdb_00007zwi_B_C
3199,1,train,0.19990995526313782,pdb_00007k5y_M2_M1
3200,1,train,0.6157345175743103,pdb_00004tnw_G_K
3201,1,train,0.11013415455818176,pdb_00007u0j_N1_N2
3202,1,train,0.03203524649143219,pdb_00007t6b_E1_E2
3203,1,train,0.9072908759117126,pdb_00009ima_C_D
3204,1,train,0.02358405664563179,pdb_00009ldx_S1_S2
3205,1,train,1.9304509162902832,pdb_00008v2e_A_B
3206,1,train,1.1927746534347534,pdb_00007m3i_H_L
3207,1,train,0.025895284488797188,pdb_00009uam_E1_E2
3208,1,train,1.4166821241378784,pdb_00005dhx_B2_B1
3209,1,train,0.5910441279411316,pdb_00008as0_W_V
3210,1,train,0.4473183751106262,pdb_00006vmk_M_L
3211,1,train,0.8815882802009583,pdb_00008tui_H_L
3212,1,train,0.6365854144096375,pdb_00008sgo_K_L
3213,1,train,0.7142630815505981,pdb_00003b2u_T_U
3214,1,train,1.5990993976593018,pdb_00005d1z_D_C
3215,1,train,1.3278628587722778,pdb_00007ahu_H_L
3216,1,train,0.910826563835144,pdb_00005w0k_E_F
3217,1,train,0.7368429899215698,pdb_00007m6d_H_L
3218,1,train,1.1291753053665161,pdb_00008hrd_N_Q
3219,1,train,0.41331738233566284,pdb_00001c08_B_A
3220,1,train,0.01447529811412096,pdb_00008hnl_S1_S2
3221,1,train,0.7788442969322205,pdb_00007xj9_I_H
3222,1,train,1.4235482215881348,pdb_00006wtv_E_F
3223,1,train,1.4537917375564575,pdb_00009os5_I_L
3224,1,train,1.1208587884902954,pdb_00007ua2_H1_H2
3225,1,train,0.014662009663879871,pdb_00009jh5_S1_S2
3226,1,train,0.10285547375679016,pdb_00009kz2_H1_H2
3227,1,train,0.0550389401614666,pdb_00009j8z_S1_S2
3228,1,train,0.5090284943580627,pdb_00007kfy_H_L
3229,1,train,0.01014324463903904,pdb_00008hj5_C1_C2
3230,1,train,1.3296661376953125,pdb_00007ec5_E_F
3231,1,train,1.402873158454895,pdb_00006t9e_HHH_LLL
3232,1,train,0.9585784077644348,pdb_00009mq9_J_N
3233,1,train,1.614254117012024,pdb_00006xq0_B_C
3234,1,train,0.049969691783189774,pdb_00007rgp_E1_E2
3235,1,train,0.14240394532680511,pdb_00007cvs_E_F
3236,1,train,2.2625808715820312,pdb_00009osx_B_C
3237,1,train,1.1454246044158936,pdb_00006woz_E_F
3238,1,train,0.6841170787811279,pdb_00006ii8_G_I
3239,1,train,0.8497397303581238,pdb_00004h88_H_L
3240,1,train,1.350414514541626,pdb_00004xrc_B_A
3241,1,train,0.6227610111236572,pdb_00008i5h_E_F
3242,1,train,0.6886497735977173,pdb_00007nx7_H_L
3243,1,train,1.4517825841903687,pdb_00007l7e_M_N
3244,1,train,0.8621487021446228,pdb_00009jy1_P_O
3245,1,train,0.02573471888899803,pdb_00008k4s_D1_D2
3246,1,train,1.0286283493041992,pdb_00008vgl_H_L
3247,1,train,1.1603072881698608,pdb_00007u9e_H1_H2
3248,1,train,0.02536184713244438,pdb_00009oxa_D1_D2
3249,1,train,1.1244401931762695,pdb_00008uzp_A_B
3250,1,train,0.8162721991539001,pdb_00007tn0_H_G
3251,1,train,1.5525751113891602,pdb_00002vit_B_A
3252,1,train,0.019509879872202873,pdb_00007tuz_E1_E2
3253,1,train,0.01695474423468113,pdb_00007y66_S1_S2
3254,1,train,0.016210272908210754,pdb_00009k3k_S1_S2
3255,1,train,0.04315711930394173,pdb_00008wwm_E1_E2
3256,1,train,0.360109806060791,pdb_00008sgo_J_I
3257,1,train,1.6716649532318115,pdb_00007mmo_A_B
3258,1,train,0.0529354065656662,pdb_00008xyk_S1_S2
3259,1,train,1.276975393295288,pdb_00009kvk_H_L
3260,1,train,0.8359672427177429,pdb_00002fjh_B_A
3261,1,train,0.02844436839222908,pdb_00008hk3_H1_H2
3262,1,train,0.8128501176834106,pdb_00007sts_A_B
3263,1,train,0.29100891947746277,pdb_00003f7y_A_B
3264,1,train,0.030005766078829765,pdb_00008xjo_E1_E2
3265,1,train,1.1600279808044434,pdb_00009hhr_F_E
3266,1,train,0.919530987739563,pdb_00009lsj_D1_E2
3267,1,train,0.3840937614440918,pdb_00002dqf_E_D
3268,1,train,0.9028581380844116,pdb_00007t87_H_L
3269,1,train,0.13979549705982208,pdb_00007ukt_E_F
3270,1,train,0.10208569467067719,pdb_00007k78_L1_L2
3271,1,train,0.6695422530174255,pdb_00009lbs_D_C
3272,1,train,0.06463362276554108,pdb_00004fg6_E_F
3273,1,train,0.8819268941879272,pdb_00007sco_E_F
3274,1,train,0.8179066181182861,pdb_00003u30_F_E
3275,1,train,0.7301275730133057,pdb_00008vgh_F_E
3276,1,train,0.05098235607147217,pdb_00002h2s_C_D
3277,1,train,1.6266158819198608,pdb_00006gff_N_M
3278,1,train,0.05321187153458595,pdb_00007ej8_H1_H2
3279,1,train,1.040847897529602,pdb_00007f0x_B1_B2
3280,1,train,0.1378215104341507,pdb_00008ubl_M2_M1
3281,1,train,0.8604641556739807,pdb_00007lq7_F_G
3282,1,train,0.9866668581962585,pdb_00004yk4_C_B
3283,1,train,0.7050697207450867,pdb_00008j1q_B_A
3284,1,train,0.34377792477607727,pdb_00008vqy_K_L
3285,1,train,0.07996778935194016,pdb_00002vdp_H_L
3286,1,train,0.0395452082157135,pdb_00008xgm_S1_S2
3287,1,train,0.17241781949996948,pdb_00003fb7_A_B
3288,1,train,0.4640885591506958,pdb_00007c01_H_L
3289,1,train,0.02486361935734749,pdb_00009lrs_E1_E2
3290,1,train,0.6778549551963806,pdb_00007y7m_F_G
3291,1,train,1.9518004655838013,pdb_00009me7_J_N
3292,1,train,0.749805748462677,pdb_00006cyf_F_E
3293,1,train,0.032471686601638794,pdb_00009bsb_E1_E2
3294,1,train,1.3458590507507324,pdb_00004fqj_H_L
3295,1,train,1.1133496761322021,pdb_00007uvs_D_E
3296,1,train,0.7693357467651367,pdb_00009n4f_O_P
3297,1,train,0.03786887973546982,pdb_00009ns9_N1_N2
3298,1,train,1.151078462600708,pdb_00009mif_H_L
3299,1,train,0.7597005367279053,pdb_00008vgk_H_G
3300,1,train,1.0788735151290894,pdb_00009npg_A_B
3301,1,train,1.268163800239563,pdb_00005lsp_S_T
3302,1,train,1.5347338914871216,pdb_00007ezv_M_N
3303,1,train,1.342502236366272,pdb_00006t9d_HHH_LLL
3304,1,train,0.17280855774879456,pdb_00008sps_K1_K2
3305,1,train,1.5130670070648193,pdb_00009kyz_A_B
3306,1,train,0.018255842849612236,pdb_00009kfi_S1_S2
3307,1,train,0.013126259669661522,pdb_00008y02_S1_S2
3308,1,train,1.0878671407699585,pdb_00007v3g_I_M
3309,1,train,1.2121769189834595,pdb_00005wko_I_J
3310,1,train,0.5519576072692871,pdb_00007kfw_C_D
3311,1,train,0.8211891055107117,pdb_00008y0y_D1_D4
3312,1,train,0.9774900674819946,pdb_00009hh9_E_D
3313,1,train,0.06565671414136887,pdb_00009k27_D1_D2
3314,1,train,0.0242378581315279,pdb_00007t6v_E1_E2
3315,1,train,0.714828372001648,pdb_00008j8r_D_E
3316,1,train,1.0387563705444336,pdb_00007djz_A_B
3317,1,train,0.996200442314148,pdb_00007ubs_I1_I2
3318,1,train,1.3877202272415161,pdb_00003rhw_I_O
3319,1,train,0.7745527029037476,pdb_00007jx3_H_L
3320,1,train,0.31895384192466736,pdb_00002dqj_H_L
3321,1,train,1.3644086122512817,pdb_00008d9y_F_E
3322,1,train,1.3075357675552368,pdb_00008w5r_H_L
3323,1,train,1.5718268156051636,pdb_00009mkn_Q_R
3324,1,train,1.4101908206939697,pdb_00009kvk_A_B
3325,1,train,0.07071825861930847,pdb_00001ots_C_D
3326,1,train,0.8807680606842041,pdb_00001g7m_B_A
3327,1,train,1.4260265827178955,pdb_00005anm_B_A
3328,1,train,0.7034489512443542,pdb_00005u5f_B_A
3329,1,train,0.8873610496520996,pdb_00007dk2_J_K
3330,1,train,1.0587122440338135,pdb_00008xe9_A_B
3331,1,train,0.9096775054931641,pdb_00007whz_B_D
3332,1,train,0.6380295157432556,pdb_00005u6a_B_A
3333,1,train,0.048698678612709045,pdb_00007sqo_E1_E2
3334,1,train,1.1271138191223145,pdb_00008v5v_b_d
3335,1,train,0.7464135885238647,pdb_00008hpf_M_N
3336,1,train,0.014168830588459969,pdb_00007t10_S1_S2
3337,1,train,1.8794395923614502,pdb_00008hrd_O_P
3338,1,train,0.6782416701316833,pdb_00008smt_I_J
3339,1,train,0.5446519255638123,pdb_00007kfx_H_L
3340,1,train,0.025273839011788368,pdb_00009w6w_E1_E2
3341,1,train,1.1964445114135742,pdb_00008sdh_H_L
3342,1,train,0.8300635814666748,pdb_00009lae_A_B
3343,1,train,0.7768451571464539,pdb_00007qf1_C_B
3344,1,train,0.6259188055992126,pdb_00007klg_H_L
3345,1,train,0.633108377456665,pdb_00007xcz_D_E
3346,1,train,0.8279234170913696,pdb_00006yor_H_L
3347,1,train,0.04717083275318146,pdb_00007xav_E1_E2
3348,1,train,0.6558674573898315,pdb_00007zfe_M_N
3349,1,train,0.04009323939681053,pdb_00008efb_E1_E2
3350,1,train,1.2754237651824951,pdb_00009mtj_H_L
3351,1,train,0.2604239881038666,pdb_00008si9_K_L
3352,1,train,1.1220893859863281,pdb_00007x3e_H_L
3353,1,train,1.1759231090545654,pdb_00007k9i_H_L
3354,1,train,0.019735433161258698,pdb_00009jks_S1_S2
3355,1,train,0.01800905168056488,pdb_00008jii_S1_S2
3356,1,train,0.049340032041072845,pdb_00007eb2_N1_N2
3357,1,train,0.49350592494010925,pdb_00002qr0_L_K
3358,1,train,0.0798172801733017,pdb_00008ubi_N2_N1
3359,1,train,1.3855262994766235,pdb_00005d1z_F_E
3360,1,train,0.6062220335006714,pdb_00009l6c_A_B
3361,1,train,0.7716813087463379,pdb_00007mzn_H_L
3362,1,train,0.914401650428772,pdb_00008v5v_f_g
3363,1,train,1.3452472686767578,pdb_00009mkn_O_P
3364,1,train,0.66098952293396,pdb_00007x66_H_L
3365,1,train,0.011648362502455711,pdb_00008kfx_S1_S2
3366,1,train,0.030467165634036064,pdb_00008wwi_E1_E2
3367,1,train,0.9485666155815125,pdb_00005ugy_H_L
3368,1,train,0.9527795910835266,pdb_00009n8j_H_I
3369,1,train,1.6955496072769165,pdb_00006s3d_H_L
3370,1,train,0.012239053845405579,pdb_00008vy9_D1_D2
3371,1,train,0.9291968941688538,pdb_00001xgu_B_A
3372,1,train,0.11400751769542694,pdb_00003ejz_C_D
3373,1,train,0.936163067817688,pdb_00009jy2_B_A
3374,1,train,1.3742583990097046,pdb_00009mqd_J_N
3375,1,train,0.9561906456947327,pdb_00007bwj_H_L
3376,1,train,0.03140368312597275,pdb_00008xzf_S1_S2
3377,1,train,1.589590311050415,pdb_00003qwo_H_L
3378,1,train,0.16621145606040955,pdb_00003hpl_A_B
3379,1,train,0.011965258978307247,pdb_00008ghv_S1_S2
3380,1,train,0.8085643649101257,pdb_00008y31_D_C
3381,1,train,0.011126307770609856,pdb_00008ykd_S1_S2
3382,1,train,0.7501594424247742,pdb_00007zlg_H_L
3383,1,train,0.07539592683315277,pdb_00008zcj_E1_E2
3384,1,train,1.095255732536316,pdb_00007rxj_A_B
3385,1,train,0.873047411441803,pdb_00007sco_H_L
3386,1,train,1.668817162513733,pdb_00009mth_H_L
3387,1,train,0.07082177698612213,pdb_00009xhh_D1_D2
3388,1,train,0.8292149901390076,pdb_00008j22_F1_F2
3389,1,train,0.02521470934152603,pdb_00008kgg_E1_E2
3390,1,train,0.03765897452831268,pdb_00007w3z_H1_H2
3391,1,train,0.2536698281764984,pdb_00002htl_C_D
3392,1,train,0.09847404807806015,pdb_00003det_E_F
3393,1,train,1.1000622510910034,pdb_00006vvu_G_I
3394,1,train,0.8197450637817383,pdb_00004dgi_H_L
3395,1,train,1.1281731128692627,pdb_00009e60_H_L
3396,1,train,0.16868159174919128,pdb_00007u0g_O1_O2
3397,1,train,1.786985993385315,pdb_00009cds_E_D
3398,1,train,0.05252812057733536,pdb_00007ew3_S1_S2
3399,1,train,0.9986974000930786,pdb_00006uig_B_C
3400,1,train,1.2588939666748047,pdb_00009os5_H_K
3401,1,train,1.4615166187286377,pdb_00007kqh_C_D
3402,1,train,1.073179006576538,pdb_00007kyo_H_L
3403,1,train,0.6934725642204285,pdb_00003s37_H_L
3404,1,train,0.7345576286315918,pdb_00009nz3_F_E
3405,1,train,1.25985848903656,pdb_00008dv6_H_D
3406,1,train,0.4035087823867798,pdb_00006w0g_A_B
3407,1,train,1.5891225337982178,pdb_00004u6h_A_B
3408,1,train,0.2694525420665741,pdb_00006x3u_K_L
3409,1,train,0.531237781047821,pdb_00007mjl_H_L
3410,1,train,0.14045210182666779,pdb_00002htl_E_F
3411,1,train,0.5216537714004517,pdb_00008jen_E_F
3412,1,train,1.2318572998046875,pdb_00009cu7_J_N
3413,1,train,0.030297614634037018,pdb_00006k5a_E_F
3414,1,train,1.5146980285644531,pdb_00008go8_I_M
3415,1,train,0.08326853066682816,pdb_00007tho_E_F
3416,1,train,1.296319603919983,pdb_00007wcr_a_b
3417,1,train,0.6100234985351562,pdb_00004ma7_H_L
3418,1,train,0.9365692138671875,pdb_00007ucq_K1_K2
3419,1,train,0.09046577662229538,pdb_00004z7o_E_F
3420,1,train,1.2132281064987183,pdb_00007mzj_N_M
3421,1,train,0.37900957465171814,pdb_00008z65_S1_S2
3422,1,train,1.4756183624267578,pdb_00009mtk_H_L
3423,1,train,1.1131436824798584,pdb_00008dwx_H_L
3424,1,train,0.5285419821739197,pdb_00009zqc_I2_I1
3425,1,train,0.8930022120475769,pdb_00007pa7_nnn2_nnn1
3426,1,train,0.05159018561244011,pdb_00008z8a_S1_S2
3427,1,train,0.034512560814619064,pdb_00009uan_E1_E2
3428,1,train,0.03400923311710358,pdb_00009iv1_S1_S2
3429,1,train,0.04671631008386612,pdb_00007tpd_E_F
3430,1,train,0.6459562182426453,pdb_00003b2v_H_L
3431,1,train,0.788024365901947,pdb_00009tmp_H_L
3432,1,train,0.03726299852132797,pdb_000022es_E1_E2
3433,1,train,1.3102439641952515,pdb_00004lvh_H_I
3434,1,train,0.11415766179561615,pdb_00007k78_K1_K2
3435,1,train,0.6937183141708374,pdb_00004tnw_X_i
3436,1,train,0.7184292078018188,pdb_00008smt_D_F
3437,1,train,0.23121941089630127,pdb_00006x3w_K_L
3438,1,train,0.811954915523529,pdb_00009iz9_M_N
3439,1,train,1.9818084239959717,pdb_00007uij_A_B
3440,1,train,1.2635622024536133,pdb_00009qub_F_E
3441,1,train,1.8296514749526978,pdb_00008ag1_H_L
3442,1,train,1.2634289264678955,pdb_00008tpa_I_J
3443,1,train,1.0712921619415283,pdb_00007det_B1_B2
3444,1,train,0.4971176087856293,pdb_00006b9y_B_A
3445,1,train,1.0861337184906006,pdb_00007wro_H_L
3446,1,train,0.08440324664115906,pdb_00008g05_E1_E2
3447,1,train,0.020110467448830605,pdb_00007xwo_E1_E2
3448,1,train,1.2004997730255127,pdb_00007t3d_K_N
3449,1,train,0.04608463868498802,pdb_00009jkx_S1_S2
3450,1,train,1.167934775352478,pdb_00008bg1_J_K
3451,1,train,0.8366430401802063,pdb_00006iap_E_D
3452,1,train,1.411557912826538,pdb_00008gsc_H_L
3453,1,train,1.1867953538894653,pdb_00007zfc_A_B
3454,1,train,0.5993725657463074,pdb_00007ek0_H_L
3455,1,train,0.024176517501473427,pdb_00006n4b_S1_S2
3456,1,train,0.7443917393684387,pdb_00006zlr_FFF_GGG
3457,1,train,0.05960013344883919,pdb_00009xhi_D1_D2
3458,1,train,0.06892577558755875,pdb_00007udg_E_F
3459,1,train,1.3054049015045166,pdb_00005mo9_H_L
3460,1,train,0.42684873938560486,pdb_00008i5h_B_C
3461,1,train,0.9617894291877747,pdb_00007deu_B1_B2
3462,1,train,1.0632543563842773,pdb_00008znz_I_J
3463,1,train,0.07856520265340805,pdb_00007w7e_H1_H2
3464,1,train,0.6988797187805176,pdb_00005yoy_Q_N
3465,1,train,1.5745841264724731,pdb_00001nsn_H_L
3466,1,train,1.0693532228469849,pdb_00009mqd_H_L
3467,1,train,0.992914617061615,pdb_00003bn9_F_E
3468,1,train,1.7454783916473389,pdb_00008dwo_U_V
3469,1,train,0.02474937215447426,pdb_00008wwl_E1_E2
3470,1,train,1.0326473712921143,pdb_00009b82_N_M
3471,1,train,1.093213438987732,pdb_00007ycl_A_B
3472,1,train,0.2634735405445099,pdb_00009x3z_S1_S2
3473,1,train,0.9000851511955261,pdb_00007wqv_L1_L2
3474,1,train,1.0976001024246216,pdb_00006t9d_AAA_BBB
3475,1,train,0.5577698945999146,pdb_00003rif_G_K
3476,1,train,0.7901164293289185,pdb_00007bpk_C_D
3477,1,train,0.09024868905544281,pdb_00002exy_E_F
3478,1,train,1.8305590152740479,pdb_00005ldn_H_L
3479,1,train,1.0965588092803955,pdb_00005x8l_G_L
3480,1,train,1.1369119882583618,pdb_00006oc3_C_D
3481,1,train,1.1704962253570557,pdb_00007x2w_H_L
3482,1,train,0.2688921391963959,pdb_00008vrn_K_L
3483,1,train,1.2806577682495117,pdb_00007ykj_A_D
3484,1,train,0.08408084511756897,pdb_00008f7q_E1_E2
3485,1,train,1.1178473234176636,pdb_00009h6u_H_L
3486,1,train,0.6906236410140991,pdb_00008vgi_K_L
3487,1,train,0.11254067718982697,pdb_00006crk_H1_H2
3488,1,train,1.2621268033981323,pdb_00007lop_B_C
3489,1,train,1.6871718168258667,pdb_00005hbv_D_C
3490,1,train,0.7992462515830994,pdb_00001dzb_A1_A2
3491,1,train,1.3814581632614136,pdb_00002r29_H_L
3492,1,train,0.5025734305381775,pdb_00008as0_T_S
3493,1,train,0.8160920143127441,pdb_00008zyt_D_Q
3494,1,train,2.1776785850524902,pdb_00006uyn_H_L
3495,1,train,0.7857233285903931,pdb_00009irs_S_T
3496,1,train,1.008152723312378,pdb_00007xrz_H_L
3497,1,train,1.0684319734573364,pdb_00007fcp_H_L
3498,1,train,0.5423940420150757,pdb_00008vgh_J_I
3499,1,train,1.7338992357254028,pdb_00006wmw_H_L
3500,1,train,0.04617796838283539,pdb_00009l80_S1_S2
3501,1,train,0.055372435599565506,pdb_00009uk2_E1_E2
3502,1,train,0.4284617006778717,pdb_00008vgj_F_E
3503,1,train,1.3128825426101685,pdb_00004d9r_H_L
3504,1,train,0.8714026808738708,pdb_00008cma_H_L
3505,1,train,0.1621345728635788,pdb_00008sps_N1_N2
3506,1,train,0.3045453727245331,pdb_00008si9_J_I
3507,1,train,1.2426931858062744,pdb_00002ybr_A_B
3508,1,train,0.843317449092865,pdb_00009rio_H_L
3509,1,train,0.6826313138008118,pdb_00004tnw_W_f
3510,1,train,1.0365183353424072,pdb_00007zmk_M_N
3511,1,train,0.06596539169549942,pdb_00003nig_E_F
3512,1,train,0.23723646998405457,pdb_00001k4d_A_B
3513,1,train,0.6714233756065369,pdb_00008w2e_F_E
3514,1,train,0.5765164494514465,pdb_00009nz4_D_C
3515,1,train,0.6634738445281982,pdb_00008smt_A_B
3516,1,train,0.9488312005996704,pdb_00007t0z_H_L
3517,1,train,1.0460097789764404,pdb_00009f91_A_B
3518,1,train,1.24455988407135,pdb_00005ug0_D_C
3519,1,train,1.783133864402771,pdb_00007mxl_A_B
3520,1,train,0.01529643964022398,pdb_00007eo2_E1_E2
3521,1,train,1.912904143333435,pdb_00008r4n_H_L
3522,1,train,0.47718867659568787,pdb_00004tnw_Y_g
3523,1,train,0.9176440238952637,pdb_00004f2m_C_D
3524,1,train,1.725653886795044,pdb_00006d0u_C_D
3525,1,train,1.5347418785095215,pdb_00008jn1_H_L
3526,1,train,0.21379542350769043,pdb_00002itc_A_B
3527,1,train,1.1974200010299683,pdb_00008dnn_E_F
3528,1,train,0.9504871964454651,pdb_00007dm2_H_L
3529,1,train,0.03712017461657524,pdb_00009m2f_S1_S2
3530,1,train,0.07806835323572159,pdb_00007xau_E1_E2
3531,1,train,0.9266430139541626,pdb_00007m42_D_C
3532,1,train,1.520524024963379,pdb_00006p4b_H_L
3533,1,train,0.9424331784248352,pdb_00002h9g_B_A
3534,1,train,1.4838593006134033,pdb_00008dwo_S_T
3535,1,train,0.4512827694416046,pdb_00004tnw_I_O
3536,1,train,1.038162350654602,pdb_00009mqd_I_M
3537,1,train,0.029039006680250168,pdb_00008irs_E1_E2
3538,1,train,0.04064624384045601,pdb_00008iz4_E1_E2
3539,1,train,0.6967558264732361,pdb_00007d85_E_F
3540,1,train,0.03822404146194458,pdb_00007ezm_H1_H2
3541,1,train,0.0523054338991642,pdb_00009izf_S1_S2
3542,1,train,0.03930763155221939,pdb_00009bqj_E1_E2
3543,1,train,0.6222376823425293,pdb_00007nx8_H_L
3544,1,train,0.5626166462898254,pdb_00007x1m_C_D
3545,1,train,0.8261297345161438,pdb_00009u5q_B_C
3546,1,train,1.8987559080123901,pdb_00006hga_H_L
3547,1,train,1.8200546503067017,pdb_00006wtv_K_L
3548,1,train,0.5616675615310669,pdb_00005u5m_B_A
3549,1,train,0.9810307621955872,pdb_00008ebp_I_M
3550,1,train,0.870036244392395,pdb_00008txu_F_K
3551,1,train,0.036109019070863724,pdb_00008yn2_E1_E2
3552,1,train,0.650874674320221,pdb_00003b2u_C_D
3553,1,train,0.9261651039123535,pdb_00007n0u_H_L
3554,1,train,0.11767344176769257,pdb_00006ad7_E_F
3555,1,train,0.03218453750014305,pdb_00008xyd_E1_E2
3556,1,train,1.1572597026824951,pdb_00007ycn_K_L
3557,1,train,1.652986764907837,pdb_00006s3d_E_F
3558,1,train,0.9340888261795044,pdb_00008ulf_J_N
3559,1,train,0.0684092715382576,pdb_00008fx5_H1_H2
3560,1,train,1.3784948587417603,pdb_00007l7e_E_F
3561,1,train,0.054833319038152695,pdb_00009p0m_F1_F2
3562,1,train,1.5570926666259766,pdb_00006d0u_K_L
3563,1,train,0.03349459916353226,pdb_00008x17_H1_H2
3564,1,train,0.748863935470581,pdb_00006pi7_F_E
3565,1,train,0.7309456467628479,pdb_00009irs_H_L
3566,1,train,0.7885836362838745,pdb_00003nh7_H_L
3567,1,train,1.1789443492889404,pdb_00003fku_Z1_Z2
3568,1,train,0.01649508997797966,pdb_00008k2x_S1_S2
3569,1,train,1.3433781862258911,pdb_00009lsi_D1_C2
3570,1,train,0.712026834487915,pdb_00006cw3_C_D
3571,1,train,0.07811801880598068,pdb_00008ejc_E1_E2
3572,1,train,0.2037157118320465,pdb_00008ihb_S1_S2
3573,1,train,0.019481996074318886,pdb_00009m8l_N1_N2
3574,1,train,0.9921435117721558,pdb_00007rxl_C_D
3575,1,train,0.04515981674194336,pdb_00009jkt_S1_S2
3576,1,train,0.0251803919672966,pdb_00007t94_E1_E2
3577,1,train,0.8868738412857056,pdb_00008vgm_H_L
3578,1,train,0.7876474857330322,pdb_00009l6c_D_F
3579,1,train,0.9026912450790405,pdb_00003fku_S1_S2
3580,1,train,0.8314679861068726,pdb_00008jkf_m_n
3581,1,train,0.3573918640613556,pdb_00008sid_K_L
3582,1,train,0.5868802666664124,pdb_00007zfe_J_K
3583,1,train,0.7898841500282288,pdb_00002eks_B_A
3584,1,train,0.04396016150712967,pdb_00009jh6_S1_S2
3585,1,train,1.0725747346878052,pdb_00003rif_I_O
3586,1,train,1.324751615524292,pdb_00009zdu_H_L
3587,1,train,0.6244610548019409,pdb_00003s36_H_L
3588,1,train,1.0629085302352905,pdb_00008ut2_H_G
3589,1,train,0.7495773434638977,pdb_00009jy4_R_Q
3590,1,train,0.9767926931381226,pdb_00009hhr_L_H
3591,1,train,0.7459856867790222,pdb_00007yrf_F_E
3592,1,train,1.4937862157821655,pdb_00009rii_H_L
3593,1,train,0.7725816965103149,pdb_00008jio_C_B
3594,1,train,0.582585871219635,pdb_00006txz_H_L
3595,1,train,1.4577549695968628,pdb_00009e3k_J_K
3596,1,train,0.6895803213119507,pdb_00006yz7_HHH_LLL
3597,1,train,0.03977150470018387,pdb_00008h2g_E1_E2
3598,1,train,0.5086461305618286,pdb_00007kfv_H_L
3599,1,train,2.0507256984710693,pdb_00008jeo_B_C
3600,1,train,1.0945628881454468,pdb_00005vqm_H_L
3601,1,train,1.0242631435394287,pdb_00004v1d_D_E
3602,1,train,0.5053923726081848,pdb_00007zfe_F_G
3603,1,train,0.9515972137451172,pdb_00005jz7_G_I
3604,1,train,0.7805262207984924,pdb_00009jy3_P_O
3605,1,train,0.579420804977417,pdb_00008caf_B_A
3606,1,train,1.3537871837615967,pdb_00009me4_I_M
3607,1,train,0.6380138397216797,pdb_00009u5p_P_Q
3608,1,train,1.0053380727767944,pdb_00008bg5_C1_C2
3609,1,train,1.478196382522583,pdb_00009mtf_H_L
3610,1,train,0.02448822185397148,pdb_00007vgx_S1_S2
3611,1,train,1.8356727361679077,pdb_00001hys_D_C
3612,1,train,0.8871764540672302,pdb_00001kiq_B_A
3613,1,train,0.020802566781640053,pdb_00007vl9_S1_S2
3614,1,train,0.09421270340681076,pdb_00007uko_E_F
3615,1,train,1.0974650382995605,pdb_00005aaw_K1_K2
3616,1,train,0.1670505404472351,pdb_00002itd_A_B
3617,1,train,1.6079720258712769,pdb_00004ubd_G_H
3618,1,train,0.9208334684371948,pdb_00009lbs_H_L
3619,1,train,1.1695187091827393,pdb_00009cfg_H_L
3620,1,train,0.5954728722572327,pdb_00007ejy_H_L
3621,1,train,1.5443991422653198,pdb_00006oel_H_L
3622,1,train,1.0418263673782349,pdb_00007pry_H_L
3623,1,train,1.6651110649108887,pdb_00009mla_H_K
3624,1,train,0.12566229701042175,pdb_00003iga_A_B
3625,1,train,0.9284355640411377,pdb_00006ogx_C_D
3626,1,train,0.047338273376226425,pdb_00008f7w_E1_E2
3627,1,train,0.9607550501823425,pdb_00009npg_K_J
3628,1,train,1.600321888923645,pdb_00007l5j_Y_X
3629,1,train,0.6142413020133972,pdb_00006z2m_H_L
3630,1,train,1.1175391674041748,pdb_00003v4v_M_N
3631,1,train,1.1986160278320312,pdb_00007wph_H_L
3632,1,train,1.3299728631973267,pdb_00001fj1_D_C
3633,1,train,0.027397964149713516,pdb_00009kpe_S1_S2
3634,1,train,0.08837524801492691,pdb_00007u0j_K1_K2
3635,1,train,0.6891990900039673,pdb_00008bec_C1_C2
3636,1,train,0.840210497379303,pdb_00007lq7_P_Q
3637,1,train,1.2085752487182617,pdb_00005b8c_B_A
3638,1,train,1.5202854871749878,pdb_00005w3l_E_G
3639,1,train,1.377023696899414,pdb_00008zre_h_l
3640,1,train,0.008571449667215347,pdb_00008zbi_F1_F2
3641,1,train,0.8415232300758362,pdb_00006xq2_C_B
3642,1,train,1.1875876188278198,pdb_00008gpu_F_G
3643,1,train,1.8904855251312256,pdb_00009leo_A_B
3644,1,train,0.9101454615592957,pdb_00007ua8_I1_I2
3645,1,train,0.916267991065979,pdb_00007wk0_D_E
3646,1,train,1.4994640350341797,pdb_00009wai_E_F
3647,1,train,1.39889395236969,pdb_00002x7l_C_D
3648,1,train,0.05309578776359558,pdb_00009iza_S1_S2
3649,1,train,1.50962495803833,pdb_00001j5o_H_L
3650,1,train,0.8223899006843567,pdb_00008zh7_E_F
3651,1,train,0.7652279734611511,pdb_00009udq_F_A
3652,1,train,0.1017833948135376,pdb_00002hlf_C_D
3653,1,train,0.8026964664459229,pdb_00001z3g_I_M
3654,1,train,0.0402136892080307,pdb_00007p00_H1_H2
3655,1,train,1.8777438402175903,pdb_00007t4q_F_G
3656,1,train,0.05973661318421364,pdb_00007trk_H1_H2
3657,1,train,1.5636601448059082,pdb_00005kov_U1_U2
3658,1,train,1.138535499572754,pdb_00007xcz_B_C
3659,1,train,0.7426129579544067,pdb_00008jel_I_K
3660,1,train,1.4102824926376343,pdb_00004ubd_Y_X
3661,1,train,1.5810567140579224,pdb_00008erq_H_L
3662,1,train,0.6418576836585999,pdb_00008jel_C_D
3663,1,train,1.2069811820983887,pdb_00003fmg_H_L
3664,1,train,0.0344105064868927,pdb_00008xbh_S1_S2
3665,1,train,1.5458555221557617,pdb_00004kuc_F_E
3666,1,train,1.4017852544784546,pdb_00008tea_F_I
3667,1,train,0.8983317613601685,pdb_00008znz_G_H
3668,1,train,0.7888767719268799,pdb_00009cia_D_C
3669,1,train,0.0161419790238142,pdb_00007y64_S1_S2
3670,1,train,0.5480338931083679,pdb_00008hws_H_L
3671,1,train,1.3857054710388184,pdb_00002vis_B_A
3672,1,train,0.9784119725227356,pdb_00008y3k_G_H
3673,1,train,0.5697641372680664,pdb_00007mzh_H_L
3674,1,train,0.8037524819374084,pdb_00008uwz_A_B
3675,1,train,0.6683197617530823,pdb_00007kmg_D_E
3676,1,train,0.6395756006240845,pdb_00006bah_B_A
3677,1,train,0.022145375609397888,pdb_00008jz7_S1_S2
3678,1,train,0.021493690088391304,pdb_00008ia7_E1_E2
3679,1,train,0.013755479827523232,pdb_00008vy7_D1_D2
3680,1,train,0.8105650544166565,pdb_00003wd5_H_L
3681,1,train,1.0249722003936768,pdb_00009n8j_B_C
3682,1,train,0.5517342686653137,pdb_00008f2j_A_B
3683,1,train,1.3131378889083862,pdb_00002x7l_A_B
3684,1,train,0.6836569905281067,pdb_00008xse_H_L
3685,1,train,0.9384258985519409,pdb_00009ue8_I_J
3686,1,train,0.7709020376205444,pdb_00001dee_F_E
3687,1,train,0.497877299785614,pdb_00008f2j_H_L
3688,1,train,0.06142845004796982,pdb_00002vdm_H_L
3689,1,train,1.6796103715896606,pdb_00008dwy_H_L
3690,1,train,0.04696960374712944,pdb_00007l1v_H1_H2
3691,1,train,0.03239606320858002,pdb_00002vc2_H_L
3692,1,train,0.21441242098808289,pdb_00008jt6_E1_E2
3693,1,train,0.9673696160316467,pdb_00007z0y_H_L
3694,1,train,1.165499210357666,pdb_00008w5m_H_L
3695,1,train,0.4729333817958832,pdb_00004tnw_J_M
3696,1,train,0.01962241902947426,pdb_00009u4w_S1_S2
3697,1,train,0.7541247010231018,pdb_00009m0d_D_Q
3698,1,train,0.2211894690990448,pdb_00006x3x_K_L
3699,1,train,0.15360437333583832,pdb_00008ihh_S1_S2
3700,1,train,0.033312682062387466,pdb_00009jlc_S1_S2
3701,1,train,1.194851279258728,pdb_00006ii9_M_N
3702,1,train,2.0173332691192627,pdb_00006ba5_D_C
3703,1,train,0.03799616917967796,pdb_00009ijd_D1_D2
3704,1,train,0.7546366453170776,pdb_00009ouq_H_L
3705,1,train,0.9150124192237854,pdb_00008sit_H_L
3706,1,train,1.4534906148910522,pdb_00009bdi_H_L
3707,1,train,1.074146032333374,pdb_00003qum_K_M
3708,1,train,1.50971257686615,pdb_00009kve_D_F
3709,1,train,0.8775236010551453,pdb_00003vrl_H_L
3710,1,train,0.11396995931863785,pdb_00008ija_S1_S2
3711,1,train,1.2699209451675415,pdb_00008dwo_H_L
3712,1,train,0.07389003783464432,pdb_00002vdq_H_L
3713,1,train,0.46961236000061035,pdb_00007o7f_H_F
3714,1,train,0.7130153775215149,pdb_00008oz3_H_L
3715,1,train,0.6029772162437439,pdb_00006vmk_P_O
3716,1,train,0.04387352615594864,pdb_00008x2k_E1_E2
3717,1,train,1.0312024354934692,pdb_00008sdf_B_C
3718,1,train,0.18021784722805023,pdb_00006e0c_N1_N2
3719,1,train,0.044901229441165924,pdb_00008z9p_S1_S2
3720,1,train,1.3992626667022705,pdb_00002ybr_G_H
3721,1,train,0.058158356696367264,pdb_00007w56_E1_E2
3722,1,train,0.9591768383979797,pdb_00004okv_C_D
3723,1,train,1.1807743310928345,pdb_00009mtj_M_N
3724,1,train,1.0525181293487549,pdb_00006plk_I_M
3725,1,train,0.8928877711296082,pdb_00005nhr_A_B
3726,1,train,0.0279118400067091,pdb_00007jhj_D1_D2
3727,1,train,1.3111485242843628,pdb_00009mla_G_J
3728,1,train,0.037911511957645416,pdb_00007yfc_C1_C2
3729,1,train,1.0579369068145752,pdb_00005wko_E_F
3730,1,train,0.838320791721344,pdb_00007xsc_A_B
3731,1,train,0.5372370481491089,pdb_00005ggv_H_L
3732,1,train,1.3204110860824585,pdb_00009ma7_D_E
3733,1,train,0.039362628012895584,pdb_00008wwk_E1_E2
3734,1,train,0.7866359353065491,pdb_00007sk7_D_C
3735,1,train,0.6775853037834167,pdb_00008oz3_A_B
3736,1,train,0.035052765160799026,pdb_00007xat_E1_E2
3737,1,train,1.6585606336593628,pdb_00003mj9_H_L
3738,1,train,0.0665053278207779,pdb_00008hpt_H1_H2
3739,1,train,1.0793567895889282,pdb_00008hrd_Y_Z
3740,1,train,1.0227563381195068,pdb_00004hj0_P_Q
3741,1,train,0.6550920009613037,pdb_00007zf8_H_L
3742,1,train,0.02977832965552807,pdb_00009vnz_E1_E2
3743,1,train,1.0001636743545532,pdb_00006hxw_H_L
3744,1,train,0.7603855729103088,pdb_00006cyf_M_L
3745,1,train,1.1523467302322388,pdb_00008vk1_F_E
3746,1,train,0.5281645655632019,pdb_000011ol_H_L
3747,1,train,0.32090431451797485,pdb_00009j31_D1_D2
3748,1,train,1.4000704288482666,pdb_00008w5h_H_L
3749,1,train,0.08395456522703171,pdb_00008y73_E1_E2
3750,1,train,0.9569278359413147,pdb_00009vft_F_E
3751,1,train,0.7815127968788147,pdb_00001nbz_B_A
3752,1,train,1.0811083316802979,pdb_00001fj1_B_A
3753,1,train,0.06551231443881989,pdb_00008uwl_E1_E2
3754,1,train,1.1779721975326538,pdb_00006wds_H_L
3755,1,train,0.38278698921203613,pdb_00006k5a_C_D
3756,1,train,1.533042073249817,pdb_00008e8y_H_L
3757,1,train,0.02295248582959175,pdb_00008iy5_E1_E2
3758,1,train,0.03852842003107071,pdb_00007wq3_S1_S2
3759,1,train,2.00644850730896,pdb_00009ml8_M_N
3760,1,train,0.5981762409210205,pdb_00005bo1_I_M
3761,1,train,0.6122997999191284,pdb_00006j6y_E_F
3762,1,train,1.184048056602478,pdb_00007dm1_D_C
3763,1,train,0.7539413571357727,pdb_00005xhv_H_L
3764,1,train,0.016634928062558174,pdb_00007ys6_E1_E2
3765,1,train,1.0199075937271118,pdb_00002iff_H_L
3766,1,train,1.3442118167877197,pdb_00007uvs_A_B
3767,1,train,0.06356432288885117,pdb_00002vdr_H_L
3768,1,train,0.4507463574409485,pdb_00006vmk_Z_Y
3769,1,train,0.7073448896408081,pdb_00009ib1_H_L
3770,1,train,1.239260196685791,pdb_00006jep_H_L
3771,1,train,0.7444970011711121,pdb_00005nh3_H_L
3772,1,train,1.0713261365890503,pdb_00007quh_H_L
3773,1,train,0.12643063068389893,pdb_00008zbe_E1_E2
3774,1,train,1.1751832962036133,pdb_00007zfb_H_L
3775,1,train,0.012970233336091042,pdb_00008fn0_E1_E2
3776,1,train,0.019601887091994286,pdb_00008k6m_S1_S2
3777,1,train,0.01467918325215578,pdb_00007rg9_E1_E2
3778,1,train,1.468536138534546,pdb_00008ywe_C2_C1
3779,1,train,1.0980224609375,pdb_00007x3c_H_L
3780,1,train,0.9743643999099731,pdb_00005ugy_I_M
3781,1,train,0.06398608535528183,pdb_00009izg_S1_S2
3782,1,train,1.074931263923645,pdb_00007yrh_F_E
3783,1,train,0.06211154907941818,pdb_00007w6p_H1_H2
3784,1,train,1.4222787618637085,pdb_00009shd_H_L
3785,1,train,1.2161896228790283,pdb_00009n4e_Q_P
3786,1,train,0.805769145488739,pdb_00001tzh_B_A
3787,1,train,1.061086893081665,pdb_00007ycn_C_D
3788,1,train,0.06349240243434906,pdb_00003nid_E_F
3789,1,train,0.027850903570652008,pdb_00007w55_E1_E2
3790,1,train,0.82396399974823,pdb_00008sxp_H_L
3791,1,train,0.5473182797431946,pdb_00007wnb_H_L
3792,1,train,0.8063064217567444,pdb_00007dpm_G_H
3793,1,train,0.694706916809082,pdb_00008dn6_E_F
3794,1,train,0.018585065379738808,pdb_00008y62_E1_E2
3795,1,train,0.056648045778274536,pdb_00007t8x_E1_E2
3796,1,train,0.6072431206703186,pdb_00008vgk_F_E
3797,1,train,1.5196770429611206,pdb_00008tbq_A_B
3798,1,train,0.01712518371641636,pdb_00008yh3_S1_S2
3799,1,train,0.9237878918647766,pdb_00002i9l_D_C
3800,1,train,0.024555716663599014,pdb_00006kpf_S1_S2
3801,1,train,0.029654474928975105,pdb_00009x20_E1_E2
3802,1,train,0.03724588453769684,pdb_00008hqm_H1_H2
3803,1,train,1.149326205253601,pdb_00007y3n_C_D
3804,1,train,0.010746683925390244,pdb_00008vvg_E1_E2
3805,1,train,0.05879468098282814,pdb_00008wwn_E1_E2
3806,1,train,0.6714825630187988,pdb_00007yvm_C_A
3807,1,train,1.0436468124389648,pdb_00007zmk_V_W
3808,1,train,0.02498900704085827,pdb_00008yn6_E1_E2
3809,1,train,0.35045772790908813,pdb_00006x3w_J_I
3810,1,train,0.02178121730685234,pdb_00008id6_S1_S2
3811,1,train,0.018753690645098686,pdb_00009jfy_S1_S2
3812,1,train,1.2562248706817627,pdb_00008zdw_F_E
3813,1,train,0.9035748839378357,pdb_00008ebp_H_L
3814,1,train,1.1149709224700928,pdb_00007t3d_O_Q
3815,1,train,1.0406203269958496,pdb_00002x7l_E_F
3816,1,train,0.03298024460673332,pdb_00007y12_S1_S2
3817,1,train,0.1567821502685547,pdb_00006k5f_E_F
3818,1,train,0.07055088877677917,pdb_00003zdz_E_F
3819,1,train,0.22175946831703186,pdb_00009drx_K_L
3820,1,train,0.04647121578454971,pdb_00008x16_H1_H2
3821,1,train,0.9843590259552002,pdb_00004gxu_O_P
3822,1,train,1.9726146459579468,pdb_00005tfw_H_L
3823,1,train,0.026840200647711754,pdb_00009vjg_E1_E2
3824,1,train,1.1115797758102417,pdb_00008jqs_H_L
3825,1,train,0.011658268980681896,pdb_00008jil_S1_S2
3826,1,train,1.2509613037109375,pdb_00006ek2_H1_H2
3827,1,train,0.06981990486383438,pdb_00008gur_S1_S2
3828,1,train,0.0616026371717453,pdb_00009j0b_S1_S2
3829,1,train,1.4270813465118408,pdb_00006t9e_AAA_BBB
3830,1,train,1.1657969951629639,pdb_00007lf7_A_B
3831,1,train,0.6504058837890625,pdb_00008f2j_I_J
3832,1,train,0.7094461917877197,pdb_00004zff_A_B
3833,1,train,0.7145597338676453,pdb_00008qh0_H_L
3834,1,train,0.8303797841072083,pdb_00006dkj_A_B
3835,1,train,0.9493972063064575,pdb_00009mqa_J_N
3836,1,train,0.07482096552848816,pdb_00008evg_M1_M2
3837,1,train,0.03389149531722069,pdb_000021ag_S1_S2
3838,1,train,0.03314948081970215,pdb_00009v0x_E1_E2
3839,1,train,1.5231624841690063,pdb_00007xj9_K_J
3840,1,train,0.5672932863235474,pdb_00009zqa_J2_J1
3841,1,train,0.4869415760040283,pdb_00007kmh_A_B
3842,1,train,1.6463247537612915,pdb_00009e3l_G_H
3843,1,train,1.7295390367507935,pdb_00008s72_H_L
3844,1,train,1.136562705039978,pdb_00006woz_K_L
3845,1,train,1.0066251754760742,pdb_00009ds1_H_L
3846,1,train,0.9230698347091675,pdb_00007ubs_J1_J2
3847,1,train,0.15496163070201874,pdb_00003stl_A_B
3848,1,train,0.012741056270897388,pdb_00008k4n_E1_E2
3849,1,train,0.582029402256012,pdb_00007yck_E_F
3850,1,train,0.02417312189936638,pdb_00008iu2_S1_S2
3851,1,train,0.9889043569564819,pdb_00006plk_H_L
3852,1,train,1.6123647689819336,pdb_00004kuc_H_D
3853,1,train,0.8865918517112732,pdb_00007tpj_H_L
3854,1,train,0.017279811203479767,pdb_00009ite_E1_E2
3855,1,train,1.4554939270019531,pdb_00009e3l_I_J
3856,1,train,0.1378600001335144,pdb_00003det_C_D
3857,1,train,0.8520346283912659,pdb_00001xgq_B_A
3858,1,train,0.5837351679801941,pdb_00006ktr_A_B
3859,1,train,2.287018060684204,pdb_00001jrh_H_L
3860,1,train,1.252091407775879,pdb_00006wtu_H_I
3861,1,train,1.6056524515151978,pdb_00008hpu_H_L
3862,1,train,0.8477420806884766,pdb_00004qci_B_A
3863,1,train,0.6111481189727783,pdb_00003b2u_J_K
3864,1,train,0.05763956159353256,pdb_00003t3p_E_F
3865,1,train,0.009378074668347836,pdb_00008jgb_S1_S2
3866,1,train,1.1302112340927124,pdb_00009npg_D_E
3867,1,train,0.8868586421012878,pdb_00007rk1_D1_D2
3868,1,train,1.157729148864746,pdb_00009c0v_H_L
3869,1,train,0.019067933782935143,pdb_00009le0_S1_S2
3870,1,train,0.5618518590927124,pdb_00008vgk_J_I
3871,1,train,0.9570621252059937,pdb_00006uig_H_L
3872,1,train,0.010963666252791882,pdb_00008ykw_E1_E2
3873,1,train,0.20572568476200104,pdb_00007k5x_M2_M1
3874,1,train,0.9483823180198669,pdb_00007lop_W_V
3875,1,train,0.8773767352104187,pdb_00004odx_A_L
3876,1,train,0.8245978951454163,pdb_00001xiw_D_C
3877,1,train,0.7371348738670349,pdb_00004gxu_W_X
3878,1,train,1.7424345016479492,pdb_00007yvf_C_A
3879,1,train,1.1094591617584229,pdb_00001adq_H_L
3880,1,train,0.8170095086097717,pdb_00009ue8_A_B
3881,1,train,0.10750290751457214,pdb_00008u9s_M2_M1
3882,1,train,0.6014541387557983,pdb_00007f6z_H_L
3883,1,train,0.009801443666219711,pdb_00007wyb_E1_E2
3884,1,train,1.5573707818984985,pdb_00006d0u_H_I
3885,1,train,0.016156714409589767,pdb_00009m8k_N1_N2
3886,1,train,0.8898358345031738,pdb_00007xcp_H_L
3887,1,train,1.1562273502349854,pdb_00009sat_H_L
3888,1,train,0.8311418890953064,pdb_00007zmk_J_K
3889,1,train,1.6362082958221436,pdb_00008tp5_J_K
3890,1,train,1.8081778287887573,pdb_00009e3h_H_L
3891,1,train,0.789766252040863,pdb_00005xhv_P_Q
3892,1,train,0.743015706539154,pdb_00007cho_H_L
3893,1,train,0.04569656029343605,pdb_00008z8b_S1_S2
3894,1,train,0.04177791252732277,pdb_00002ht2_E_F
3895,1,train,0.8169422149658203,pdb_00004odx_H_B
3896,1,train,0.011752158403396606,pdb_00007ts0_H1_H2
3897,1,train,0.04418036714196205,pdb_00007ue0_E_F
3898,1,train,0.04433339461684227,pdb_00007tct_H_L
3899,1,train,0.8363413214683533,pdb_00006wzl_A_B
3900,1,train,1.231862187385559,pdb_00007l7e_O_P
3901,1,train,1.4859628677368164,pdb_00009mtg_M_N
3902,1,train,0.011898386292159557,pdb_00008xqn_S1_S2
3903,1,train,0.6585788130760193,pdb_00005yoy_R_O
3904,1,train,0.9644289612770081,pdb_00004ogx_H_L
3905,1,train,0.031925272196531296,pdb_00007u9v_E_F
3906,1,train,1.146511435508728,pdb_00009cq7_H_I
3907,1,train,0.06170777231454849,pdb_00007k60_M2_M1
3908,1,train,0.21732522547245026,pdb_00009ggg_S1_S2
3909,1,train,0.8785355091094971,pdb_00007m6d_A_B
3910,1,train,0.7160365581512451,pdb_00007e9b_H_L
3911,1,train,0.032598163932561874,pdb_00008sg1_E1_E2
3912,1,train,0.8086364269256592,pdb_00008zh7_K_L
3913,1,train,0.9436481595039368,pdb_00007uzc_E_F
3914,1,train,0.9718747735023499,pdb_00008uzp_H_L
3915,1,train,1.7426868677139282,pdb_00008hrd_W_X
3916,1,train,0.741788923740387,pdb_00003g6j_F_E
3917,1,train,1.2207773923873901,pdb_00006wtu_K_L
3918,1,train,1.1231670379638672,pdb_00004lvh_E_F
3919,1,train,0.9200194478034973,pdb_00009kze_H_L
3920,1,train,1.2728086709976196,pdb_00006mlm_K_L
3921,1,train,1.231101155281067,pdb_00007u9w_H1_H2
3922,1,train,0.07648566365242004,pdb_00007ejx_S1_S2
3923,1,train,0.015221071429550648,pdb_00008jgg_S1_S2
3924,1,train,1.4374194145202637,pdb_00007lg6_K_N
3925,1,train,1.4803590774536133,pdb_00008dwy_Z_Y
3926,1,train,0.7955517172813416,pdb_00009j9z_H_L
3927,1,train,0.9095309376716614,pdb_00007vad_H_L
3928,1,train,1.191323161125183,pdb_00005e94_D_C
3929,1,train,0.8077654838562012,pdb_00008ulf_H_L
3930,1,train,0.016405735164880753,pdb_00009vj5_E1_E2
3931,1,train,1.1178410053253174,pdb_00007rk1_C1_C2
3932,1,train,0.9992110729217529,pdb_00007t3d_J_M
3933,1,train,1.098135232925415,pdb_00006jhs_E_D
3934,1,train,1.4450479745864868,pdb_00009mth_M_N
3935,1,train,1.0146938562393188,pdb_00009n4e_O_R
3936,1,train,1.0063432455062866,pdb_00009c6y_A_B
3937,1,train,0.9499177932739258,pdb_00008ywe_B2_B1
3938,1,train,1.6594836711883545,pdb_00006ba5_B_A
3939,1,train,0.9442455768585205,pdb_00007uvi_D_E
3940,1,train,0.495608389377594,pdb_00003rhw_J_M
3941,1,train,1.0654194355010986,pdb_00008cxg_G_I
3942,1,train,1.1497820615768433,pdb_00007rk2_C1_C2
3943,1,train,1.2282321453094482,pdb_00008d9y_H_G
3944,1,train,0.05429627001285553,pdb_00007yoo_S1_S2
3945,1,train,0.6520014405250549,pdb_00008i5l_E1_E2
3946,1,train,0.46563243865966797,pdb_00008as0_N_M
3947,1,train,0.7812046408653259,pdb_00008txu_H_L
3948,1,train,0.775723934173584,pdb_00007eam_C_D
3949,1,train,0.7037954926490784,pdb_00009cq4_C_D
3950,1,train,0.5218369364738464,pdb_00002dqc_H_L
3951,1,train,1.2868881225585938,pdb_00005umi_A_B
3952,1,train,1.513029932975769,pdb_00008ygs_H_L
3953,1,train,0.04456024244427681,pdb_00008jef_S1_S2
3954,1,train,0.970569372177124,pdb_00007wvd_G_H
3955,1,train,0.10852459818124771,pdb_00002fed_E_F
3956,1,train,1.1464992761611938,pdb_00009yyu_H_L
3957,1,train,0.5041477680206299,pdb_00007f6y_H_L
3958,1,train,0.4798797070980072,pdb_00007kfv_F_G
3959,1,train,0.407744824886322,pdb_00002dqh_H_L
3960,1,train,0.058487989008426666,pdb_00007evy_E1_E2
3961,1,train,1.5170331001281738,pdb_00009vnp_C_A
3962,1,train,1.7587146759033203,pdb_00008tnn_H_G
3963,1,train,0.597584068775177,pdb_00004ioi_B_A
3964,1,train,1.5061923265457153,pdb_00009oi3_I_J
3965,1,train,1.0049893856048584,pdb_00007ycn_E_F
3966,1,train,0.6379455327987671,pdb_00008dww_Z_Y
3967,1,train,0.5019726157188416,pdb_00006bae_B_A
3968,1,train,1.2514448165893555,pdb_00007m7w_C_D
3969,1,train,0.10208529978990555,pdb_00007dfl_C1_C2
3970,1,train,1.4619535207748413,pdb_00005hbt_D_C
3971,1,train,1.611252784729004,pdb_00008jeo_E_F
3972,1,train,0.032001085579395294,pdb_00009cm3_N1_N2
3973,1,train,1.2233538627624512,pdb_00009y0e_A_B
3974,1,train,0.9946728944778442,pdb_00008hrd_D_F
3975,1,train,0.019234709441661835,pdb_00009iy8_S1_S2
3976,1,train,0.26399269700050354,pdb_00003a67_H_L
3977,1,train,0.2884049713611603,pdb_00002dqe_H_L
3978,1,train,1.487055778503418,pdb_00009mtm_I_J
3979,1,train,0.6324766278266907,pdb_00009n7q_D_F
3980,1,train,0.7404228448867798,pdb_00007xik_H_L
3981,1,train,0.01947256177663803,pdb_00008dzr_E1_E2
3982,1,train,0.17296375334262848,pdb_00008j20_B1_B2
3983,1,train,0.12774154543876648,pdb_00008x8n_E1_E2
3984,1,train,0.7160242199897766,pdb_00005nh3_I_M
3985,1,train,0.9988892078399658,pdb_00007l7e_C_D
3986,1,train,0.06563939154148102,pdb_00007u9f_E_F
3987,1,train,0.9005538821220398,pdb_00008cn9_G_F
3988,1,train,0.9393875002861023,pdb_00009npg_G_H
3989,1,train,0.03132366016507149,pdb_00007f4h_S1_S2
3990,1,train,0.48731157183647156,pdb_00004hjg_B_A
3991,1,train,0.058115165680646896,pdb_00002fee_J_O
3992,1,train,0.9898433685302734,pdb_00006woz_B_C
3993,1,train,1.0959359407424927,pdb_00008too_H_E
3994,1,train,1.289857268333435,pdb_00005a3i_C_D
3995,1,train,1.1796162128448486,pdb_00008dwy_X_W
3996,1,train,0.0850992277264595,pdb_00003t3m_H_L
3997,1,train,0.8863257765769958,pdb_00009lho_T_S
3998,1,train,0.2343486100435257,pdb_00006x40_K_L
3999,1,train,1.529025673866272,pdb_00006xq0_E_F
4000,1,train,0.2466285079717636,pdb_00008id3_S1_S2
4001,1,train,0.8431487679481506,pdb_00009ccs_C_B
4002,1,train,0.8759945034980774,pdb_00006gku_H_L
4003,1,train,0.027366669848561287,pdb_00008gag_S1_S2
4004,1,train,0.2184537798166275,pdb_00008uh3_E1_E2
4005,1,train,0.8015978932380676,pdb_00004gxu_S_T
4006,1,train,0.14117076992988586,pdb_00006x3s_K_L
4007,1,train,0.970276415348053,pdb_00009q7b_L_M
4008,1,train,1.384198784828186,pdb_00006u9s_D_E
4009,1,train,0.021004950627684593,pdb_00008y01_S1_S2
4010,1,train,0.09103687107563019,pdb_00002ht3_E_F
4011,1,train,1.2194634675979614,pdb_00009h4r_H_L
4012,1,train,0.4366108477115631,pdb_00003ri5_H_L
4013,1,train,0.13608048856258392,pdb_00007vdm_S1_S2
4014,1,train,0.7686430811882019,pdb_00009pw4_C_D
4015,1,train,0.7876818180084229,pdb_00002jix_F_A
4016,1,train,0.8716592788696289,pdb_00007rxj_H_L
4017,1,train,0.8108192682266235,pdb_00002yss_B_A
4018,1,train,1.4051254987716675,pdb_00005ggs_C_D
4019,1,train,0.8668491244316101,pdb_00002i9l_B_A
4020,1,train,0.18253667652606964,pdb_00002bob_A_B
4021,1,train,1.000773549079895,pdb_00009b82_R_Q
4022,1,train,0.49778857827186584,pdb_00002qr0_N_M
4023,1,train,1.3243941068649292,pdb_00009xth_B_C
4024,1,train,0.8365934491157532,pdb_00007m3i_A_B
4025,1,train,0.029062265530228615,pdb_00002exw_E_F
4026,1,train,1.003462553024292,pdb_00009hh9_I_H
4027,1,train,0.02221812680363655,pdb_00007t6s_E1_E2
4028,1,train,0.39237841963768005,pdb_00006vmk_B_A
4029,1,train,0.8285030126571655,pdb_00009iz9_O_P
4030,1,train,0.6938506364822388,pdb_00009hhr_D_G
4031,1,train,1.2951031923294067,pdb_00009oi3_H_L
4032,1,train,0.0938635766506195,pdb_00007u0g_N1_N2
4033,1,train,1.7133029699325562,pdb_00009y3x_H_L
4034,1,train,2.1475276947021484,pdb_00008cdd_E_D
4035,1,train,1.4693574905395508,pdb_00009lsj_E1_D2
4036,1,train,1.3753918409347534,pdb_00006wex_H_L
4037,1,train,0.03043478913605213,pdb_00008jsr_C1_C2
4038,1,train,0.05346038192510605,pdb_00008f7x_E1_E2
4039,1,train,0.6556635499000549,pdb_00007mzh_B_C
4040,1,train,1.2846662998199463,pdb_00007zwi_E_F
4041,1,train,0.7438373565673828,pdb_00006kyz_B_C
4042,1,train,0.06243386119604111,pdb_00007uk9_E_F
4043,1,train,0.5211854577064514,pdb_00007pry_A_B
4044,1,train,1.0006383657455444,pdb_00007lq7_H_L
4045,1,train,1.2399921417236328,pdb_00009dn2_J_N
4046,1,train,1.3774257898330688,pdb_00007t7b_H_L
4047,1,train,0.9424111247062683,pdb_00006vgr_H_L
4048,1,train,0.7872128486633301,pdb_00008jkh_h_l
4049,1,train,0.6057438850402832,pdb_00009wb3_B_C
4050,1,train,1.5379838943481445,pdb_00006ddv_B_A
4051,1,train,0.9058268666267395,pdb_00007x6o_J_L
4052,1,train,0.631327748298645,pdb_00006b3s_C_D
4053,1,train,0.02762540616095066,pdb_00007d77_S1_S2
4054,1,train,1.707452654838562,pdb_00009ml8_H_L
4055,1,train,0.09699336439371109,pdb_00008syp_M1_M2
4056,1,train,1.4927830696105957,pdb_00008tfl_H_L
4057,1,train,0.7242433428764343,pdb_00007xeg_E_F
4058,1,train,0.017811067402362823,pdb_00009v81_E1_E2
4059,1,train,0.6131687760353088,pdb_00004zff_H_L
4060,1,train,0.7942021489143372,pdb_00009lho_O_N
4061,1,train,0.8761730790138245,pdb_00009cq4_H_L
4062,1,train,0.04830218851566315,pdb_00009ego_S1_S2
4063,1,train,1.0057902336120605,pdb_00008q6j_D_C
4064,1,train,0.03261105343699455,pdb_00003ejz_E_F
4065,1,train,1.068995714187622,pdb_00007ua2_B1_B2
4066,1,train,0.7838777899742126,pdb_00009q7b_G_I
4067,1,train,1.1426743268966675,pdb_00007c88_A_B
4068,1,train,1.291959285736084,pdb_00008eeu_H_L
4069,1,train,1.064017653465271,pdb_00004v1d_A_B
4070,1,train,0.5835384726524353,pdb_00007xeg_C_D
4071,1,train,0.013680955395102501,pdb_00009jr3_S1_S2
4072,1,train,0.9653024077415466,pdb_00009cia_B_A
4073,1,train,1.5727041959762573,pdb_00009l8z_C_B
4074,1,train,1.410563349723816,pdb_00006gff_L_K
4075,1,train,0.4699362516403198,pdb_00008elo_H_L
4076,1,train,1.1190005540847778,pdb_00007n0a_B_A
4077,1,train,1.0996798276901245,pdb_00001fsk_C_B
4078,1,train,0.15866252779960632,pdb_00008id9_S1_S2
4079,1,train,1.392128586769104,pdb_00008tea_H_G
4080,1,train,0.854963481426239,pdb_00008too_B_A
4081,1,train,0.23200847208499908,pdb_00006x3x_J_I
4082,1,train,0.8359029293060303,pdb_00003c09_H_L
4083,1,train,1.3113412857055664,pdb_00006jep_K_I
4084,1,train,0.02433183044195175,pdb_00008guq_S1_S2
4085,1,train,0.06704697757959366,pdb_00009k26_S1_S2
4086,1,train,0.08078943938016891,pdb_00003nig_H_L
4087,1,train,0.6281103491783142,pdb_00007mzk_C_D
4088,1,train,0.6253697276115417,pdb_00009wb4_B_C
4089,1,train,0.9665553569793701,pdb_00006hjp_K_L
4090,1,train,0.6335615515708923,pdb_00007klh_H_L
4091,1,train,1.0955586433410645,pdb_00008xcd_H_L
4092,1,train,0.918429434299469,pdb_00006osv_H_L
4093,1,train,0.033621180802583694,pdb_00009jeq_S1_S2
4094,1,train,0.01277968194335699,pdb_00007scg_E1_E2
4095,1,train,1.7893588542938232,pdb_00006cvk_B2_B1
4096,1,train,0.6819245219230652,pdb_00008as2_H_L
4097,1,train,0.021792611107230186,pdb_00009f34_E1_E2
4098,1,train,1.514611840248108,pdb_00005c0n_H_L
4099,1,train,0.20771446824073792,pdb_00008dd2_K_L
4100,1,train,1.0715856552124023,pdb_00005wko_G_H
4101,1,train,0.012324572540819645,pdb_00007vdl_S1_S2
4102,1,train,0.1819324791431427,pdb_00006x3z_J_I
4103,1,train,0.6341206431388855,pdb_00009lrf_H_L
4104,1,train,0.09607246518135071,pdb_00007vie_E1_E2
4105,1,train,1.2482402324676514,pdb_00006a4k_I_M
4106,1,train,0.02138409949839115,pdb_00002vdl_H_L
4107,1,train,0.8097711205482483,pdb_00005xku_C_B
4108,1,train,0.49662405252456665,pdb_00008pwh_B_A
4109,1,train,0.5438328981399536,pdb_00007k9z_H_L
4110,1,train,1.1895785331726074,pdb_00008v52_D_C
4111,1,train,0.009542805142700672,pdb_00008yn7_E1_E2
4112,1,train,0.7898008227348328,pdb_00005kvf_H_L
4113,1,train,0.007584571838378906,pdb_00009ije_D1_D2
4114,1,train,0.8048006892204285,pdb_00001jhl_H_L
4115,1,train,0.05324484035372734,pdb_00007vih_E1_E2
4116,1,train,1.1951618194580078,pdb_00006dfj_H_L
4117,1,train,0.010961037129163742,pdb_00007yk7_S1_S2
4118,1,train,0.009092744439840317,pdb_00008zpt_E1_E2
4119,1,train,0.9329315423965454,pdb_00006ss4_HHH_LLL
4120,1,train,0.87451171875,pdb_00008vgl_E_F
4121,1,train,0.07111314684152603,pdb_00008ejk_E1_E2
4122,1,train,0.04474898427724838,pdb_00007ykd_S1_S2
4123,1,train,0.044312186539173126,pdb_00009j0i_S1_S2
4124,1,train,1.0551644563674927,pdb_00001yqv_H_L
4125,1,train,0.02746370993554592,pdb_00007wic_S1_S2
4126,1,train,0.01933733932673931,pdb_00008jim_S1_S2
4127,1,train,0.4541502594947815,pdb_00007s0b_A_B
4128,1,train,1.1160557270050049,pdb_00008w83_I_J
4129,1,train,0.9815420508384705,pdb_00008w83_A_B
4130,1,train,1.059650182723999,pdb_00003v6z_C_D
4131,1,train,0.04641314595937729,pdb_00009ll7_S1_S2
4132,1,train,1.0107851028442383,pdb_00008cxg_h_l
4133,1,train,1.2090367078781128,pdb_00007upb_B_E
4134,1,train,0.03260559216141701,pdb_00009m54_S1_S2
4135,1,train,0.7351396679878235,pdb_00008jkf_H_L
4136,1,train,0.4637514352798462,pdb_00003rif_H_L
4137,1,train,0.24026204645633698,pdb_00008vqy_J_I
4138,1,train,0.023783301934599876,pdb_00007jvr_E1_E2
4139,1,train,0.9550286531448364,pdb_00008dcc_H_L
4140,1,train,0.03301014006137848,pdb_00007trq_H1_H2
4141,1,train,0.026340633630752563,pdb_00009vnf_E1_E2
4142,1,train,1.4353188276290894,pdb_00006s3d_A_B
4143,1,train,0.022510765120387077,pdb_00007vgy_E1_E2
4144,1,train,0.8774776458740234,pdb_00008kdt_H_L
4145,1,train,0.9933624267578125,pdb_00008khr_H_L
4146,1,train,0.8267731070518494,pdb_00004gxu_Q_R
4147,1,train,1.1478948593139648,pdb_00006ejg_C2_C1
4148,1,train,2.316765308380127,pdb_00008edf_H_L
4149,1,train,0.008205137215554714,pdb_00009ppy_E1_E2
4150,1,train,0.009273864328861237,pdb_00007wu9_S1_S2
4151,1,train,1.022455096244812,pdb_00009bt5_E_F
4152,1,train,0.9328417181968689,pdb_00008oxx_B_C
4153,1,train,0.032150186598300934,pdb_00007y24_S1_S2
4154,1,train,1.0829949378967285,pdb_00008gpu_C_D
4155,1,train,1.1879771947860718,pdb_00008dis_B_G
4156,1,train,1.5597078800201416,pdb_00006ywc_D_E
4157,1,train,1.063477873802185,pdb_00008yx9_G_I
4158,1,train,1.3075224161148071,pdb_00001ztx_H_L
4159,1,train,0.9755071401596069,pdb_00007rxi_H_L
4160,1,train,0.013795377686619759,pdb_00008jgf_E1_E2
4161,1,train,1.2981423139572144,pdb_00008e8s_H_L
4162,1,train,0.9195681214332581,pdb_00005wko_C_D
4163,1,train,1.3026576042175293,pdb_00008tnt_G_F
4164,1,train,1.5761960744857788,pdb_00001rzk_H_L
4165,1,train,1.0910743474960327,pdb_00005aaw_A1_A2
4166,1,train,1.1864430904388428,pdb_00009ebc_K_L
4167,1,train,0.5036918520927429,pdb_00002dqd_H_L
4168,1,train,0.0140394801273942,pdb_00007wf7_E1_E2
4169,1,train,1.8061411380767822,pdb_00008zd5_H_I
4170,1,train,0.8234817385673523,pdb_00007wur_G_H
4171,1,train,1.3564540147781372,pdb_00009jub_B_C
4172,1,train,1.4586641788482666,pdb_00007rr0_B_C
4173,1,train,0.21302278339862823,pdb_00006ad8_C_D
4174,1,train,0.047536514699459076,pdb_00008ia8_S1_S2
4175,1,train,0.011635422706604004,pdb_00007ydj_E1_E2
4176,1,train,0.9266012907028198,pdb_00009q71_K_L
4177,1,train,0.41406548023223877,pdb_00003ri5_J_M
4178,1,train,0.5627313256263733,pdb_00006b3s_H_L
4179,1,train,0.03994004428386688,pdb_00003ze2_E_F
4180,1,train,1.2671444416046143,pdb_00009fys_I_M
4181,1,train,1.8280314207077026,pdb_00008v2e_D_E
4182,1,train,0.8024218082427979,pdb_00007dk2_A_B
4183,1,train,0.8660432696342468,pdb_00007jum_J1_J2
4184,1,train,0.9848604798316956,pdb_00007y3o_H_L
4185,1,train,1.1361680030822754,pdb_00009me5_I_M
4186,1,train,0.6701898574829102,pdb_00003nh7_J_N
4187,1,train,0.2442658543586731,pdb_00007e33_E1_E2
4188,1,train,0.026324894279241562,pdb_00008ic0_E1_E2
4189,1,train,0.6808802485466003,pdb_00007vgs_D_C
4190,1,train,1.157489538192749,pdb_00006mlm_E_I
4191,1,train,0.03100682608783245,pdb_00009p0k_F1_F2
4192,1,train,1.599279522895813,pdb_00006aru_C_B
4193,1,train,0.49094271659851074,pdb_00008i5h_H_L
4194,1,train,1.0190937519073486,pdb_00007qny_A_B
4195,1,train,0.038644932210445404,pdb_00008w8r_S1_S2
4196,1,train,0.8735159635543823,pdb_00009fys_B_C
4197,1,train,0.9757208824157715,pdb_00007mem_H_L
4198,1,train,1.0769957304000854,pdb_00006xxv_A_B
4199,1,train,0.9307788610458374,pdb_00005xmh_D_C
4200,1,train,0.3536510765552521,pdb_00006vmk_c_b
4201,1,train,0.6141472458839417,pdb_00008vgj_H_G
4202,1,train,1.1139187812805176,pdb_00009h4r_X_Y
4203,1,train,0.7060245275497437,pdb_00006o1f_H_L
4204,1,train,0.017387457191944122,pdb_00008xbe_S1_S2
4205,1,train,1.0660322904586792,pdb_00007l0l_G_J
4206,1,train,0.4937358796596527,pdb_00008jen_G_H
4207,1,train,0.04415416717529297,pdb_00004z7n_E_F
4208,1,train,1.5718642473220825,pdb_00009e89_H_L
4209,1,train,1.1697250604629517,pdb_00006n5d_C_D
4210,1,train,0.2706890106201172,pdb_00009vmp_S1_S2
4211,1,train,0.014856783673167229,pdb_00008g94_E1_E2
4212,1,train,1.3671067953109741,pdb_00007bsc_H_L
4213,1,train,0.01989680901169777,pdb_00009v6o_S1_S2
4214,1,train,0.04787522926926613,pdb_00008i9s_H1_H2
4215,1,train,0.0211482010781765,pdb_00008gcm_E1_E2
4216,1,train,1.3077881336212158,pdb_00005dur_B_D
4217,1,train,0.04171605408191681,pdb_00008ef6_E1_E2
4218,1,train,1.210841178894043,pdb_00008f6l_A_B
4219,1,train,0.8986610770225525,pdb_00005wko_A_B
4220,1,train,1.298815369606018,pdb_00009vca_H_L
4221,1,train,1.0415860414505005,pdb_00008f0h_H_L
4222,1,train,0.03154519200325012,pdb_00008jxv_E1_E2
4223,1,train,1.752192497253418,pdb_00006gv1_H_L
4224,1,train,1.3883792161941528,pdb_00002r56_I_M
4225,1,train,0.03415446728467941,pdb_00007tct_E_F
4226,1,train,1.3418304920196533,pdb_00003bsz_H_L
4227,1,train,0.7596731781959534,pdb_00001fsk_F_E
4228,1,train,0.935684323310852,pdb_00007kzb_H_L
4229,1,train,0.7357149720191956,pdb_00007rxl_H_L
4230,1,train,1.807992935180664,pdb_00007ey5_B_C
4231,1,train,1.3310573101043701,pdb_00008eed_E_F
4232,1,train,1.1035276651382446,pdb_00007mzj_H_L
4233,1,train,1.5024569034576416,pdb_00005gs0_F_E
4234,1,train,0.9415374398231506,pdb_00008v5v_c_e
4235,1,train,0.1275927722454071,pdb_00008dk5_K1_K2
4236,1,train,0.9330937266349792,pdb_00005jz7_H_L
4237,1,train,0.6151757836341858,pdb_00008bg2_A1_A2
4238,1,train,1.798172950744629,pdb_00009lbw_H_L
4239,1,train,1.111104965209961,pdb_00009lp1_A_B
4240,1,train,1.192139744758606,pdb_00008uf7_B_A
4241,1,train,1.0085288286209106,pdb_00005umi_H_L
4242,1,train,0.8695747256278992,pdb_00001dzb_B1_B2
4243,1,train,1.0923824310302734,pdb_00009riq_H_L
4244,1,train,1.4135501384735107,pdb_00005w08_Q_R
4245,1,train,0.9628300070762634,pdb_00001kb5_H_L
4246,1,train,0.08770967274904251,pdb_00008vfx_M2_M1
4247,1,train,0.9631878137588501,pdb_00009iru_B_A
4248,1,train,0.6832338571548462,pdb_00002eiz_B_A
4249,1,train,0.06542297452688217,pdb_00006e0c_M1_M2
4250,1,train,0.03451193869113922,pdb_00008rql_S1_S2
4251,1,train,0.02340301312506199,pdb_00009kfk_S1_S2
4252,1,train,0.9088783860206604,pdb_00007m7b_H_L
4253,1,train,1.610682487487793,pdb_00008s72_X_Y
4254,1,train,1.143755316734314,pdb_00004hjj_H2_L2
4255,1,train,1.1977797746658325,pdb_00009yyu_J_N
4256,1,train,1.0234276056289673,pdb_00008tzw_H_L
4257,1,train,0.5188945531845093,pdb_00006w0a_A_B
4258,1,train,0.043298542499542236,pdb_00008j18_S1_S2
4259,1,train,0.038270384073257446,pdb_00009vjf_E1_E2
4260,1,train,0.2609257996082306,pdb_00006vmk_o_n
4261,1,train,0.9468857049942017,pdb_00008gv6_G_H
4262,1,train,0.010485131293535233,pdb_00007ydh_E1_E2
4263,1,train,0.9801698923110962,pdb_00006a3w_A_B
4264,1,train,0.023520005866885185,pdb_00008yh2_S1_S2
4265,1,train,0.0188083965331316,pdb_00009vj6_E1_E2
4266,1,train,0.015797020867466927,pdb_00008z3m_S1_S2
4267,1,train,0.03912246227264404,pdb_00003zdx_E_F
4268,1,train,0.37470677495002747,pdb_00002dqf_B_A
4269,1,train,0.02424989826977253,pdb_00008hn8_S1_S2
4270,1,train,0.6391003131866455,pdb_00008smt_H_L
4271,1,train,0.016330532729625702,pdb_00007ew0_E1_E2
4272,1,train,0.9803174138069153,pdb_00007ttm_H_L
4273,1,train,0.01193965133279562,pdb_00007yac_S1_S2
4274,1,train,0.553194522857666,pdb_00009zqc_J2_J1
4275,1,train,0.03720502555370331,pdb_00008efl_E1_E2
4276,1,train,1.3092668056488037,pdb_00004ffv_D_C
4277,1,train,0.16026224195957184,pdb_00006x3u_J_I
4278,1,train,0.06764299422502518,pdb_00007ejk_H1_H2
4279,1,train,1.194887399673462,pdb_00008dv6_C_L
4280,1,train,0.08651847392320633,pdb_00008gcp_E1_E2
4281,1,train,0.07966412603855133,pdb_00002h2p_E_F
4282,1,train,1.1167441606521606,pdb_00006a4k_K_O
4283,1,train,0.7084493637084961,pdb_00008xsi_H_L
4284,1,train,0.04313011094927788,pdb_00007uje_E_F
4285,1,train,0.02009870484471321,pdb_00008dzp_E1_E2
4286,1,train,0.7889102101325989,pdb_00008y31_B_A
4287,1,train,0.8874562978744507,pdb_00005aaw_D1_D2
4288,1,train,1.4730794429779053,pdb_00009mtg_I_J
4289,1,train,1.0638842582702637,pdb_00008dwx_Z_Y
4290,1,train,1.4248383045196533,pdb_00008g5b_J_N
4291,1,train,0.8643943071365356,pdb_00009jeb_A1_A2
4292,1,train,0.033549848943948746,pdb_00008xxv_E1_E2
4293,1,train,0.1931123435497284,pdb_00006k5f_C_D
4294,1,train,0.0710553377866745,pdb_00006xbk_S1_S2
4295,1,train,1.1459612846374512,pdb_00009azv_H_L
4296,1,train,1.2305961847305298,pdb_00005t5f_H_L
4297,1,train,0.05635082349181175,pdb_00002htk_C_D
4298,1,train,0.4269142150878906,pdb_00007k63_M2_M1
4299,1,train,0.9301002025604248,pdb_00007mem_I_K
4300,1,train,0.556347131729126,pdb_00008wo4_B_A
4301,1,train,0.08912864327430725,pdb_00002r9h_C_D
4302,1,train,0.5174676775932312,pdb_00007wbz_H_L
4303,1,train,0.017545275390148163,pdb_00009w49_S1_S2
4304,1,train,0.5302031636238098,pdb_00007yck_C_D
4305,1,train,0.9545090794563293,pdb_00009ptm_I_M
4306,1,train,0.021830182522535324,pdb_00007xjj_S1_S2
4307,1,train,0.032556042075157166,pdb_00009m0r_S1_S2
4308,1,train,0.49790748953819275,pdb_00007cjf_A_B
4309,1,train,0.014412281103432178,pdb_00008k6o_S1_S2
4310,1,train,1.2682238817214966,pdb_00008w5n_H_L
4311,1,train,0.9269385933876038,pdb_00009kve_E_G
4312,1,train,0.012016072869300842,pdb_00009cgj_E1_E2
4313,1,train,0.17112694680690765,pdb_00003gb7_A_B
4314,1,train,0.05010898411273956,pdb_00007xbd_E1_E2
4315,1,train,0.06073542311787605,pdb_00007ufh_E_F
4316,1,train,1.2190853357315063,pdb_00001bvk_E_D
4317,1,train,1.428711175918579,pdb_00006glx_C_D
4318,1,train,0.6457694172859192,pdb_00002jix_D_G
4319,1,train,0.020118938758969307,pdb_00006pt0_E1_E2
4320,1,train,0.47797003388404846,pdb_00008vgi_H_G
4321,1,train,0.009118163026869297,pdb_00009l42_E1_E2
4322,1,train,0.01113873440772295,pdb_00009j5v_S1_S2
4323,1,train,1.1478103399276733,pdb_00009b2m_J_K
4324,1,train,1.4580479860305786,pdb_00007rco_D_C
4325,1,train,0.018591996282339096,pdb_00009k3l_S1_S2
4326,1,train,0.08264432102441788,pdb_00002fed_C_D
4327,1,train,0.7977194786071777,pdb_00009q71_I_J
4328,1,train,0.017703108489513397,pdb_00007s8l_E1_E2
4329,1,train,0.8689180612564087,pdb_00003wkm_I_M
4330,1,train,0.033159349113702774,pdb_00001otu_E_F
4331,1,train,0.4724566638469696,pdb_00002qr0_H_G
4332,1,train,1.545811414718628,pdb_00008hq7_H_L
4333,1,train,0.7556744813919067,pdb_00003dvn_B_A
4334,1,train,0.7915894985198975,pdb_00004jpk_H_L
4335,1,train,0.00794464722275734,pdb_00008ykx_E1_E2
4336,1,train,0.8270213007926941,pdb_00009ov4_J_K
4337,1,train,0.696155846118927,pdb_00008wpy_C_D
4338,1,train,0.010511888191103935,pdb_00008xor_E1_E2
4339,1,train,1.2852387428283691,pdb_00008k5g_H_L
4340,1,train,1.2897849082946777,pdb_00005kov_E1_E2
4341,1,train,1.0039799213409424,pdb_00008dwx_V_U
4342,1,train,0.409518837928772,pdb_00001uac_H_L
4343,1,train,0.8123732805252075,pdb_00009lrh_H_L
4344,1,train,0.9015397429466248,pdb_00008ut2_L_K
4345,1,train,0.017193634063005447,pdb_00009vje_E1_E2
4346,1,train,1.2556341886520386,pdb_00008y3l_G_H
4347,1,train,0.9260213375091553,pdb_00003v4p_H_L
4348,1,train,0.5844864845275879,pdb_00009n7q_E_G
4349,1,train,0.06920479238033295,pdb_00008j23_F1_F2
4350,1,train,0.017620665952563286,pdb_00007yk6_S1_S2
4351,1,train,1.168249249458313,pdb_00005y11_A_B
4352,1,train,1.0567446947097778,pdb_00007lfa_B_D
4353,1,train,0.02920478768646717,pdb_00008y0n_S1_S2
4354,1,train,0.01657439023256302,pdb_00009k3f_S1_S2
4355,1,train,1.6027145385742188,pdb_00006ban_H_G
4356,1,train,1.230646014213562,pdb_00006xpz_E_F
4357,1,train,1.2053515911102295,pdb_00008da1_B_A
4358,1,train,0.01108450349420309,pdb_00007vgz_F1_F2
4359,1,train,1.3273427486419678,pdb_00005w3e_E_G
4360,1,train,2.5110268592834473,pdb_00006vlw_H_L
4361,1,train,0.025579141452908516,pdb_00008yna_E1_E2
4362,1,train,1.1701223850250244,pdb_00007m7w_H_L
4363,1,train,0.9148961305618286,pdb_00008jqn_h_l
4364,1,train,0.11477827280759811,pdb_00004fg6_C_D
4365,1,train,1.673852801322937,pdb_00009wsv_H_L
4366,1,train,0.7562324404716492,pdb_00008i0n_H_L
4367,1,train,0.5899205207824707,pdb_00007b3o_H_L
4368,1,train,0.19721564650535583,pdb_00009iv6_S1_S2
4369,1,train,0.794530987739563,pdb_00005aaw_F1_F2
4370,1,train,1.3145896196365356,pdb_00005kov_K1_K2
4371,1,train,1.1214442253112793,pdb_00006w41_H_L
4372,1,train,0.011441860347986221,pdb_00008jbh_E1_E2
4373,1,train,0.07595295459032059,pdb_00008xqe_S1_S2
4374,1,train,1.4824336767196655,pdb_00009mtm_H_L
4375,1,train,0.8160668611526489,pdb_00007wh8_B_A
4376,1,train,1.2458008527755737,pdb_00003rhw_F_N
4377,1,train,0.8919896483421326,pdb_00007lq7_C_D
4378,1,train,1.2194839715957642,pdb_00007q6c_H_L
4379,1,train,0.7942750453948975,pdb_00009ixa_H_L
4380,1,train,1.0177338123321533,pdb_00005a3i_G_H
4381,1,train,0.7403898239135742,pdb_00007cdj_H_L
4382,1,train,0.8341065049171448,pdb_00009lsi_C1_D2
4383,1,train,0.030629349872469902,pdb_00007vv3_S1_S2
4384,1,train,0.026600763201713562,pdb_00007db6_E1_E2
4385,1,train,0.16235974431037903,pdb_00003f5w_A_B
4386,1,train,0.8522817492485046,pdb_00003ri5_I_O
4387,1,train,0.0721719041466713,pdb_00002ht3_C_D
4388,1,train,0.012554671615362167,pdb_00008feg_F1_F2
4389,1,train,1.7695040702819824,pdb_00009me6_J_N
4390,1,train,1.2677583694458008,pdb_00008zyf_H_D
4391,1,train,0.8628727197647095,pdb_00004wv1_E_D
4392,1,train,0.742550253868103,pdb_00001fbi_Q_P
4393,1,train,0.03924715146422386,pdb_00002vdk_H_L
4394,1,train,1.1344374418258667,pdb_00007t3d_P_R
4395,1,train,0.029379315674304962,pdb_00009wxm_D1_D2
4396,1,train,0.2917688488960266,pdb_00006ada_C_D
4397,1,train,0.013047953136265278,pdb_00008xzj_S1_S2
4398,1,train,0.1374269276857376,pdb_00003fb8_A_B
4399,1,train,0.8627368807792664,pdb_00001vfb_B_A
4400,1,train,0.5690888166427612,pdb_00008jel_A_B
4401,1,train,1.0054938793182373,pdb_00007zfc_H_L
4402,1,train,0.013427676633000374,pdb_00008id4_S1_S2
4403,1,train,2.546698570251465,pdb_00008c7h_L_K
4404,1,train,0.7339180111885071,pdb_00008jkh_M_N
4405,1,train,0.04749198257923126,pdb_00007td8_E_F
4406,1,train,0.8789052367210388,pdb_00008y3h_I_J
4407,1,train,1.1019067764282227,pdb_00008u44_S_T
4408,1,train,1.0734343528747559,pdb_00006ek2_I1_I2
4409,1,train,1.121324896812439,pdb_00009o7g_C_D
4410,1,train,1.9596431255340576,pdb_00006cvk_A2_A1
4411,1,train,0.8122318983078003,pdb_00006wzm_C_D
4412,1,train,0.9328951835632324,pdb_00006vja_I_M
4413,1,train,0.07139140367507935,pdb_00008yuu_S1_S2
4414,1,train,1.3633583784103394,pdb_00007wed_H_L
4415,1,train,0.9412374496459961,pdb_00008cz8_C2_C1
4416,1,train,0.6809222102165222,pdb_00007klh_I_M
4417,1,train,0.7900769710540771,pdb_00008bg3_A1_A2
4418,1,train,0.012943067587912083,pdb_00007f4f_S1_S2
4419,1,train,1.5301510095596313,pdb_00009mth_I_J
4420,1,train,1.3526725769042969,pdb_00008jin_B2_B1
4421,1,train,1.399603009223938,pdb_00003lh2_J_N
4422,1,train,0.020657649263739586,pdb_00008vve_E1_E2
4423,1,train,0.5489038825035095,pdb_00004tnw_U_h
4424,1,train,0.5468878149986267,pdb_00006b9z_B_A
4425,1,train,1.5604153871536255,pdb_00006q18_H_L
4426,1,train,1.0853331089019775,pdb_00008suo_I_M
4427,1,train,0.015910504385828972,pdb_00007w40_H1_H2
4428,1,train,0.4815026521682739,pdb_00009zq9_J2_J1
4429,1,train,0.011974736116826534,pdb_00007aue_S1_S2
4430,1,train,0.7406833171844482,pdb_00007rks_I_M
4431,1,train,0.42982739210128784,pdb_00008q6j_B_A
4432,1,train,1.0089194774627686,pdb_00007kn3_M_N
4433,1,train,0.7783544659614563,pdb_00006p4a_H_L
4434,1,train,1.691942811012268,pdb_00003klh_D_C
4435,1,train,1.314969539642334,pdb_00001yy9_D_C
4436,1,train,0.8642128109931946,pdb_00008u44_V_X
4437,1,train,1.3867287635803223,pdb_00005dhy_H_L
4438,1,train,0.010681988671422005,pdb_00007t6u_E1_E2
4439,1,train,0.04032762721180916,pdb_00008t3q_N1_N2
4440,1,train,0.07031010091304779,pdb_00008iec_N1_N2
4441,1,train,1.9637585878372192,pdb_00005dfw_H1_H2
4442,1,train,0.020773714408278465,pdb_00009kvi_E1_E2
4443,1,train,0.03238116204738617,pdb_00007ej0_H1_H2
4444,1,train,0.8527104258537292,pdb_00004ma8_H_L
4445,1,train,0.8976988792419434,pdb_00008f6x_F1_F2
4446,1,train,1.1819069385528564,pdb_00006n5d_E_F
4447,1,train,0.5036765933036804,pdb_00006x3v_J_I
4448,1,train,0.01946459338068962,pdb_00008xzh_S1_S2
4449,1,train,1.0792629718780518,pdb_00008w85_A_B
4450,1,train,0.9856187701225281,pdb_00007m42_B_A
4451,1,train,0.7792274355888367,pdb_00008ywx_E_D
4452,1,train,1.0393612384796143,pdb_00004np4_I_M
4453,1,train,0.7751616835594177,pdb_00009lho_I_H
4454,1,train,1.0310717821121216,pdb_00007x3c_F_E
4455,1,train,0.0628301128745079,pdb_00008yuv_S1_S2
4456,1,train,0.008276631124317646,pdb_00008xjl_E1_E2
4457,1,train,0.009272906929254532,pdb_00008hoc_S1_S2
4458,1,train,1.5465784072875977,pdb_00007l5j_W_L
4459,1,train,0.6380243897438049,pdb_00008xse_M_N
4460,1,train,0.8838690519332886,pdb_00004oii_H_L
4461,1,train,0.19525820016860962,pdb_00002h2p_C_D
4462,1,train,1.195604920387268,pdb_00008dis_H_L
4463,1,train,1.4244509935379028,pdb_00006wqo_E_F
4464,1,train,0.9214245676994324,pdb_00008too_G_F
4465,1,train,0.03557123243808746,pdb_00007l8p_E_F
4466,1,train,0.8756193518638611,pdb_00004yk4_Z_Y
4467,1,train,0.3226841390132904,pdb_00007k8m_A_B
4468,1,train,0.41318395733833313,pdb_00008cwv_H_L
4469,1,train,0.15791606903076172,pdb_00008ubj_M2_M1
4470,1,train,0.03873538598418236,pdb_00008gus_S1_S2
4471,1,train,0.03416195511817932,pdb_00008k3z_S1_S2
4472,1,train,0.9937080144882202,pdb_00007w71_I_M
4473,1,train,0.12889637053012848,pdb_00007x9y_S1_S2
4474,1,train,0.8205758929252625,pdb_00007jum_I1_I2
4475,1,train,0.02492283470928669,pdb_00007y15_S1_S2
4476,1,train,0.27939409017562866,pdb_00006vmk_u_t
4477,1,train,0.9566329121589661,pdb_00009vhz_A_B
4478,1,train,0.20164398849010468,pdb_00003fb5_A_B
4479,1,train,0.7216008901596069,pdb_00007cgw_H_L
4480,1,train,0.6318746209144592,pdb_00004ttd_H_L
4481,1,train,0.8167676329612732,pdb_00006vvu_H_L
4482,1,train,0.888728141784668,pdb_00008bg5_A1_A2
4483,1,train,0.05829102545976639,pdb_00001r3k_B_A
4484,1,train,1.6012067794799805,pdb_00008tnn_J_I
4485,1,train,1.435531497001648,pdb_00007t82_D_C
4486,1,train,0.23295055329799652,pdb_00006adb_C_D
4487,1,train,0.6395182013511658,pdb_00007whz_H_L
4488,1,train,0.4248906075954437,pdb_00004tnw_H_L
4489,1,train,0.7941756844520569,pdb_00002dd8_H_L
4490,1,train,0.04340102896094322,pdb_00008xqo_S1_S2
4491,1,train,0.11746028810739517,pdb_00008ubi_M2_M1
4492,1,train,0.4685732424259186,pdb_00008as0_E_D
4493,1,train,0.9527814984321594,pdb_00009ma0_B_C
4494,1,train,0.7786325216293335,pdb_00002bdn_H_L
4495,1,train,1.7416057586669922,pdb_00001tqc_B_C
4496,1,train,0.8808827996253967,pdb_00008zbb_H_L
4497,1,train,0.5564370155334473,pdb_00008z2e_H_L
4498,1,train,0.6107079386711121,pdb_00008y0y_E3_E2
4499,1,train,0.954251229763031,pdb_00004dkf_I_M
4500,1,train,0.0242209080606699,pdb_00008h0p_E1_E2
4501,1,train,0.5827851295471191,pdb_00006b3s_F_G
4502,1,train,1.2366585731506348,pdb_00004hj0_C_D
4503,1,train,1.1201730966567993,pdb_00009mkn_I_M
4504,1,train,0.8638387322425842,pdb_00007dq7_H_L
4505,1,train,1.460709571838379,pdb_00006bpc_B_C
4506,1,train,0.051507338881492615,pdb_00006xbm_S1_S2
4507,1,train,0.028361035510897636,pdb_00008u1u_E1_E2
4508,1,train,0.02467700093984604,pdb_00008h0q_E1_E2
4509,1,train,1.1043438911437988,pdb_00008f6o_A_B
4510,1,train,0.06242742761969566,pdb_00003ze2_H_L
4511,1,train,1.0901013612747192,pdb_00007pa7_eee2_eee1
4512,1,train,0.0449533648788929,pdb_00003t3m_E_F
4513,1,train,1.756706714630127,pdb_00003h3b_C2_C1
4514,1,train,0.3296985328197479,pdb_00008ihi_S1_S2
4515,1,train,1.5020124912261963,pdb_00009mtl_H_L
4516,1,train,0.8521953225135803,pdb_00005aaw_B1_B2
4517,1,train,0.4478423297405243,pdb_00006txz_I_M
4518,1,train,1.3277785778045654,pdb_00002r56_H_L
4519,1,train,0.04341926425695419,pdb_00008j6i_H1_H2
4520,1,train,0.6697298884391785,pdb_00007vyt_B_C
4521,1,train,0.7518380880355835,pdb_00006pe9_C_D
4522,1,train,0.6725341081619263,pdb_00009oj4_B_A
4523,1,train,1.1336321830749512,pdb_00007y0w_A_B
4524,1,train,1.0946651697158813,pdb_00007woc_A_B
4525,1,train,0.8616650104522705,pdb_00004kxz_J_I
4526,1,train,0.2827834188938141,pdb_00008jxw_E1_E2
4527,1,train,0.9992220401763916,pdb_00008siq_H_L
4528,1,train,1.2639341354370117,pdb_00001orq_B_A
4529,1,train,0.8908675909042358,pdb_00003rhw_G_K
4530,1,train,0.8529202938079834,pdb_00008dnn_B_C
4531,1,train,0.72203129529953,pdb_00007lq7_y_z
4532,1,train,0.904260516166687,pdb_00004n90_H_I
4533,1,train,1.1264348030090332,pdb_00006wtu_E_F
4534,1,train,0.020376667380332947,pdb_00008kfy_S1_S2
4535,1,train,1.1752809286117554,pdb_00009cu7_I_M
4536,1,train,0.03527987003326416,pdb_00009b65_S1_S2
4537,1,train,1.4696345329284668,pdb_00009ma7_B_C
4538,1,train,1.2202316522598267,pdb_00007yh6_H_L
4539,1,train,0.8689519762992859,pdb_00007zmk_B_C
4540,1,train,0.6183605194091797,pdb_00007kf0_H_L
4541,1,train,0.19472052156925201,pdb_00004lcu_A_B
4542,1,train,0.8231533169746399,pdb_00006yor_B_C
4543,1,train,1.4697890281677246,pdb_00008tfn_H_L
4544,1,train,1.4678863286972046,pdb_00008go8_H_L
4545,1,train,0.5431733131408691,pdb_00009n7q_H_L
4546,1,train,0.9854758381843567,pdb_00006k7o_D_E
4547,1,train,0.6528304815292358,pdb_00009n4f_H_L
4548,1,train,0.8184893727302551,pdb_00004oii_I_M
4549,1,train,0.06308503448963165,pdb_00008j6l_H1_H2
4550,1,train,0.04347113519906998,pdb_00008t3o_N1_N2
4551,1,train,1.0699794292449951,pdb_00009ctw_D_C
4552,1,train,0.9780924916267395,pdb_00007xda_B_C
4553,1,train,1.0445244312286377,pdb_00008gs9_H_K
4554,1,train,0.8653636574745178,pdb_00009jbq_A_B
4555,1,train,0.015443735755980015,pdb_00007v68_S1_S2
4556,1,train,1.1623011827468872,pdb_00004khx_H_L
4557,1,train,1.3530840873718262,pdb_00009mtf_M_N
4558,1,train,1.5625778436660767,pdb_00006ban_F_E
4559,1,train,0.06661932915449142,pdb_00008z7j_S1_S2
4560,1,train,0.988876461982727,pdb_00004np4_H_L
4561,1,train,1.2650245428085327,pdb_00007dm1_F_E
4562,1,train,0.731524646282196,pdb_00007zmk_P_Q
4563,1,train,0.19562223553657532,pdb_00008zd1_S1_S2
4564,1,train,1.0956790447235107,pdb_00007cqd_H_L
4565,1,train,0.18732212483882904,pdb_00008dd3_K_L
4566,1,train,0.8156130313873291,pdb_00009iw2_H_L
4567,1,train,0.6960156559944153,pdb_00008bg4_C1_C2
4568,1,train,0.8143414855003357,pdb_00007d6i_B_C
4569,1,train,0.5236936211585999,pdb_00007c01_C_D
4570,1,train,0.8811126947402954,pdb_00005jz7_J_K
4571,1,train,0.6985482573509216,pdb_00003nh7_I_M
4572,1,train,0.2500879168510437,pdb_00007cvs_C_D
4573,1,train,0.8638136982917786,pdb_00007bbj_H_L
4574,1,train,0.14145874977111816,pdb_00006x40_J_I
4575,1,train,0.04310111328959465,pdb_00008thk_F1_F2
4576,1,train,0.049384284764528275,pdb_00008xx3_S1_S2
4577,1,train,0.042028240859508514,pdb_00009k6l_S1_S2
4578,1,train,0.6360881328582764,pdb_00006yz7_BBB_CCC
4579,1,train,0.034628551453351974,pdb_00008xxh_S1_S2
4580,1,train,0.9195582270622253,pdb_00008e2u_H_L
4581,1,train,1.1038997173309326,pdb_00009yyu_I_M
4582,1,train,0.2610577940940857,pdb_00006vmk_l_k
4583,1,train,1.020660638809204,pdb_00009mkn_J_N
4584,1,train,1.3822352886199951,pdb_00001tpx_B_C
4585,1,train,1.1890385150909424,pdb_00005kov_C1_C2
4586,1,train,0.14037498831748962,pdb_00006dzt_N1_N2
4587,1,train,0.050522178411483765,pdb_00008efo_E1_E2
4588,1,train,1.5614718198776245,pdb_00004xzu_A_B
4589,1,train,1.5313177108764648,pdb_00004ffw_H_L
4590,1,train,0.022008271887898445,pdb_00007vug_S1_S2
4591,1,train,0.7041565775871277,pdb_00009iz9_Q_R
4592,1,train,0.7903530597686768,pdb_00005wk3_W_V
4593,1,train,0.9357635974884033,pdb_00007vyr_A_B
4594,1,train,0.9954866170883179,pdb_00008cxh_h_l
4595,1,train,0.7789244055747986,pdb_00009cpw_H_L
4596,1,train,0.030216896906495094,pdb_00008g59_S1_S2
4597,1,train,0.10419952869415283,pdb_00008zfz_D1_D2
4598,1,train,0.19784657657146454,pdb_00002ht4_C_D
4599,1,train,0.7209727168083191,pdb_00007bnv_H_L
4600,1,train,0.7429116368293762,pdb_00003g6d_H_L
4601,1,train,1.0771667957305908,pdb_00008gpu_H_L
4602,1,train,0.013109194114804268,pdb_00009kfj_S1_S2
4603,1,train,1.1882643699645996,pdb_00009dn2_I_M
4604,1,train,0.9443033337593079,pdb_00003eo1_B_A
4605,1,train,0.6587801575660706,pdb_00008j7e_C_D
4606,1,train,0.01823793724179268,pdb_00008hnm_S1_S2
4607,1,train,0.7357687950134277,pdb_00007eam_H_L
4608,1,train,0.7428997159004211,pdb_00001xgt_B_A
4609,1,train,0.7158706784248352,pdb_00008vgp_H_L
4610,1,train,0.38960719108581543,pdb_00001ua6_H_L
4611,1,train,0.048512231558561325,pdb_00008xx6_S1_S2
4612,1,train,0.7579821348190308,pdb_00006lhq_H_L
4613,1,train,0.8707723617553711,pdb_00007fcp_B_D
4614,1,train,0.7878376245498657,pdb_00002h9g_H_L
4615,1,train,0.006093418225646019,pdb_00009ik8_E1_E2
4616,1,train,0.6552224159240723,pdb_00009iz9_S_T
4617,1,train,1.4591834545135498,pdb_00001t03_H_L
4618,1,train,0.055010419338941574,pdb_00009cm7_N1_N2
4619,1,train,1.5789458751678467,pdb_00008zd6_K_L
4620,1,train,1.4979586601257324,pdb_00003qwo_A_B
4621,1,train,1.0887432098388672,pdb_00008u4q_H_L
4622,1,train,0.6653810143470764,pdb_00005aam_B1_B2
4623,1,train,1.160884141921997,pdb_00007scn_E_F
4624,1,train,0.00977582298219204,pdb_00008hs3_S1_S2
4625,1,train,0.38032206892967224,pdb_00002qr0_F_E
4626,1,train,1.0668754577636719,pdb_00006a4k_J_N
4627,1,train,0.14851897954940796,pdb_00006x3v_K_L
4628,1,train,0.800173282623291,pdb_00006xq2_F_E
4629,1,train,1.076564908027649,pdb_00008bcz_H_L
4630,1,train,1.162606954574585,pdb_00006bpa_E_F
4631,1,train,0.014171435497701168,pdb_00009jmc_E1_E2
4632,1,train,0.9676547646522522,pdb_00007mem_G_J
4633,1,train,1.2609244585037231,pdb_00005dhx_L2_L1
4634,1,train,1.104598879814148,pdb_00007x2i_H_L
4635,1,train,1.2902590036392212,pdb_00005w3o_D_E
4636,1,train,1.050766944885254,pdb_00001fsk_L_K
4637,1,train,0.40120697021484375,pdb_00006txz_J_N
4638,1,train,0.48284712433815,pdb_00007kfv_C_D
4639,1,train,0.9510937333106995,pdb_00007ucq_J1_J2
4640,1,train,0.9617734551429749,pdb_00001ors_B_A
4641,1,train,0.6906002759933472,pdb_00009n4f_M_N
4642,1,train,0.6858125329017639,pdb_00003p0y_H_L
4643,1,train,1.0657941102981567,pdb_00007kq7_H_L
4644,1,train,0.08648078888654709,pdb_00009kt8_E1_E2
4645,1,train,1.0782523155212402,pdb_00008yub_A_B
4646,1,train,0.011407491751015186,pdb_00007u2l_E1_E2
4647,1,train,0.8758863806724548,pdb_00007x6o_C_D
4648,1,train,0.8645557761192322,pdb_00007pa7_ddd2_ddd1
4649,1,train,1.6505495309829712,pdb_00008hrd_L_M
4650,1,train,0.8050086498260498,pdb_00002vwe_E_C
4651,1,train,1.0368379354476929,pdb_00008jqm_H_L
4652,1,train,0.019358761608600616,pdb_00008jxt_E1_E2
4653,1,train,0.02760186791419983,pdb_00007vig_E1_E2
4654,1,train,0.2574293911457062,pdb_00001ic5_H_L
4655,1,train,0.8800997734069824,pdb_00007fci_H_L
4656,1,train,1.1860978603363037,pdb_00005lsp_H_L
4657,1,train,0.01770785264670849,pdb_00009u4y_S1_S2
4658,1,train,0.05202159658074379,pdb_00008yn9_E1_E2
4659,1,train,0.8586919903755188,pdb_00008sdf_H_L
4660,1,train,1.1227755546569824,pdb_00009rip_H_L
4661,1,train,1.4633468389511108,pdb_00006xm2_F_E
4662,1,train,0.9782775640487671,pdb_00008gpy_E1_E2
4663,1,train,0.7639315128326416,pdb_00008wpw_C_D
4664,1,train,1.1916024684906006,pdb_00001qfu_H_L
4665,1,train,1.5775549411773682,pdb_00007ey5_H_L
4666,1,train,0.029590768739581108,pdb_00008wwh_E1_E2
4667,1,train,0.8447069525718689,pdb_00007xda_D_E
4668,1,train,0.309725821018219,pdb_00006vmk_S_R
4669,1,train,0.054109081625938416,pdb_00007eq1_S1_S2
4670,1,train,0.9561559557914734,pdb_00008g5a_J_N
4671,1,train,1.1746134757995605,pdb_00006ocb_H_L
4672,1,train,0.021196283400058746,pdb_00007xxh_H1_H2
4673,1,train,1.4114724397659302,pdb_00007s11_H_L
4674,1,train,1.0694715976715088,pdb_00007zfb_J_K
4675,1,train,0.04128236696124077,pdb_00007ra3_E1_E2
4676,1,train,0.6193105578422546,pdb_00008bg3_C1_C2
4677,1,train,1.6173228025436401,pdb_00009bhh_T_S
4678,1,train,1.0649034976959229,pdb_00009quw_F_E
4679,1,train,0.02200808748602867,pdb_00008j6r_S1_S2
4680,1,train,0.4755496084690094,pdb_00006xc4_X_Y
4681,1,train,0.7905752062797546,pdb_00001mlc_B_A
4682,1,train,0.038407102227211,pdb_00008yky_S1_S2
4683,1,train,0.011448678560554981,pdb_00009cgk_E1_E2
4684,1,train,0.246578186750412,pdb_00008ihj_S1_S2
4685,1,train,1.0210169553756714,pdb_00007zoz_H_L
4686,1,train,1.027867317199707,pdb_00009qt3_N_O
4687,1,train,1.0029765367507935,pdb_00006k7o_F_G
4688,1,train,0.48719140887260437,pdb_00007ul1_H_L
4689,1,train,0.9275197982788086,pdb_00008wpy_H_L
4690,1,train,0.03545282036066055,pdb_00007yon_S1_S2
4691,1,train,0.902154266834259,pdb_00008w83_M_N
4692,1,train,0.6761515140533447,pdb_00001g7h_B_A
4693,1,train,0.047230735421180725,pdb_00008wpu_E1_E2
4694,1,train,0.811975359916687,pdb_00009axl_H_L
4695,1,train,0.5864568948745728,pdb_00008vgh_K_L
4696,1,train,1.4376331567764282,pdb_00004u6h_C_D
4697,1,train,1.8104877471923828,pdb_00009ml8_E_F
4698,1,train,0.39447149634361267,pdb_00006xc4_H_L
4699,1,train,0.8113451600074768,pdb_00007t3d_C_D
4700,1,train,0.7451557517051697,pdb_00006k7o_B_C
4701,1,train,0.2675159275531769,pdb_00006vmk_E_D
4702,1,train,0.04096607118844986,pdb_00009ik9_E1_E2
4703,1,train,0.020104320719838142,pdb_00009iyb_E1_E2
4704,1,train,0.8153533935546875,pdb_00004n90_D_E
4705,1,train,0.6651811599731445,pdb_00001nby_B_A
4706,1,train,0.015773717314004898,pdb_00008hcx_E1_E2
4707,1,train,1.0681135654449463,pdb_00009h4s_X_Y
4708,1,train,0.7796172499656677,pdb_00007zmk_E_F
4709,1,train,1.3938642740249634,pdb_00008bcz_A_B
4710,1,train,1.9106554985046387,pdb_00008cz5_H_L
4711,1,train,1.1471810340881348,pdb_00007ahu_B_A
4712,1,train,1.348740816116333,pdb_00008dcm_A_B
4713,1,train,0.904837965965271,pdb_00009og1_B_C
4714,1,train,1.445600986480713,pdb_00005gs0_D_C
4715,1,train,1.1452889442443848,pdb_00006bpa_B_C
4716,1,train,0.4504057765007019,pdb_00007mhr_A_B
4717,1,train,0.3640384376049042,pdb_00008wnp_B_A
4718,1,train,0.10762614011764526,pdb_00006adc_E_F
4719,1,train,1.1036338806152344,pdb_00009n5z_A_B
4720,1,train,1.5004961490631104,pdb_00009leo_C_D
4721,1,train,0.024782899767160416,pdb_00007ew7_E1_E2
4722,1,train,1.1877487897872925,pdb_00006wty_H_I
4723,1,train,0.008655118755996227,pdb_00007y67_S1_S2
4724,1,train,1.1203562021255493,pdb_00009wsx_H_L
4725,1,train,1.4108115434646606,pdb_00007rxp_H_L
4726,1,train,1.392783284187317,pdb_00008hgm_C_D
4727,1,train,0.01886768266558647,pdb_00009jed_S1_S2
4728,1,train,0.17407973110675812,pdb_00009ge2_F1_F2
4729,1,train,0.7278352975845337,pdb_00007wwk_I_H
4730,1,train,0.017223285511136055,pdb_00009pq0_E1_E2
4731,1,train,0.03715106472373009,pdb_00008jjp_S1_S2
4732,1,train,0.16190648078918457,pdb_00008vrn_J_I
4733,1,train,0.01242681872099638,pdb_00007y1f_E1_E2
4734,1,train,0.8405544757843018,pdb_00005jz7_C_D
4735,1,train,0.8223086595535278,pdb_00006cyf_D_C
4736,1,train,0.8644903898239136,pdb_00009vfu_E_F
4737,1,train,0.9264600872993469,pdb_00008tx3_E_J
4738,1,train,0.027448982000350952,pdb_00008xxx_S1_S2
4739,1,train,0.012837294489145279,pdb_00007euo_S1_S2
4740,1,train,0.08296279609203339,pdb_00002fee_I_L
4741,1,train,0.21611714363098145,pdb_00001j1x_H_L
4742,1,train,1.240237832069397,pdb_00009oar_H_L
4743,1,train,0.7447139024734497,pdb_00007y6k_J_E3
4744,1,train,0.3041362762451172,pdb_00001ic4_H_L
4745,1,train,0.705161452293396,pdb_00007dpm_D_E
4746,1,train,0.013394175097346306,pdb_00007ew1_E1_E2
4747,1,train,0.12034249305725098,pdb_00008dd2_J_I
4748,1,train,0.6511549353599548,pdb_00008hn6_A_B
4749,1,train,2.0769312381744385,pdb_00004xzu_E_F
4750,1,train,0.862075924873352,pdb_00007ucq_H1_H2
4751,1,train,0.5071172118186951,pdb_00007kfw_H_L
4752,1,train,1.4770660400390625,pdb_00004ubd_O_P
4753,1,train,1.3586299419403076,pdb_00008zre_H_L
4754,1,train,0.7761808037757874,pdb_00009udq_I_C
4755,1,train,0.7480114698410034,pdb_00008tx3_H_L
4756,1,train,0.9343379139900208,pdb_00007vaf_H_L
4757,1,train,0.031819261610507965,pdb_00008hbd_H1_H2
4758,1,train,0.1442573517560959,pdb_00008evh_N1_N2
4759,1,train,0.9262515902519226,pdb_00008zh7_B_C
4760,1,train,1.4085800647735596,pdb_00009ml8_P_Q
4761,1,train,0.6018213629722595,pdb_00007zf9_H_L
4762,1,train,0.06160971522331238,pdb_00007w0p_S1_S2
4763,1,train,0.7273643016815186,pdb_00007wqv_F1_F2
4764,1,train,1.055338978767395,pdb_00003eoa_B_A
4765,1,train,1.3244370222091675,pdb_00004xhj_H_G
4766,1,train,0.6138003468513489,pdb_00003nh7_K_O
4767,1,train,0.02505628392100334,pdb_00009axf_H1_H2
4768,1,train,1.4422516822814941,pdb_00008tp5_H_L
4769,1,train,1.266371250152588,pdb_00009ci8_D_C
4770,1,train,0.6763867139816284,pdb_00008xsf_H_L
4771,1,train,0.8228297829627991,pdb_00009jy4_P_O
4772,1,train,0.11689913272857666,pdb_00008vfx_N2_N1
4773,1,train,0.7682108283042908,pdb_00008w84_A_B
4774,1,train,1.1742628812789917,pdb_00007s0x_C_D
4775,1,train,1.6930290460586548,pdb_00006wtv_H_I
4776,1,train,1.2082505226135254,pdb_00009p1m_F_E
4777,1,train,0.015255830250680447,pdb_00008xjm_E1_E2
4778,1,train,0.8221960663795471,pdb_00002i9l_H_G
4779,1,train,0.6910728216171265,pdb_00009l6c_H_L
4780,1,train,1.1792291402816772,pdb_00009ma7_F_G
4781,1,train,0.021019572392106056,pdb_00008e9w_E1_E2
4782,1,train,0.6102117896080017,pdb_00005x8l_H_M
4783,1,train,0.7544927597045898,pdb_00006dkj_H_L
4784,1,train,0.8480257987976074,pdb_00006vvu_J_K
4785,1,train,0.8741071820259094,pdb_00008u4s_F_E
4786,1,train,0.7352739572525024,pdb_00007dfa_H_L
4787,1,train,1.416980504989624,pdb_00009f90_A_B
4788,1,train,0.7564927935600281,pdb_00007ws2_E_D
4789,1,train,0.3954741060733795,pdb_00009zqb_J2_J1
4790,1,train,1.6085718870162964,pdb_00007ezv_H_L
4791,1,train,1.1442829370498657,pdb_00006mlm_F_G
4792,1,train,1.4801430702209473,pdb_00009mtk_I_J
4793,1,train,1.0845293998718262,pdb_00009cfe_A_B
4794,1,train,0.03223714604973793,pdb_00007yfd_C1_C2
4795,1,train,0.878226101398468,pdb_00009ue0_A_B
4796,1,train,1.2652918100357056,pdb_00008z39_H_L
4797,1,train,0.9036265015602112,pdb_00008jin_P2_P1
4798,1,train,1.4179095029830933,pdb_00007yd1_A_B
4799,1,train,1.0855404138565063,pdb_00002ybr_D_E
4800,1,train,0.07300642132759094,pdb_00003ejy_E_F
4801,1,train,0.02408781088888645,pdb_00006lfm_S1_S2
4802,1,train,0.10568229109048843,pdb_00008dd3_J_I
4803,1,train,0.9892726540565491,pdb_00006woz_H_I
4804,1,train,1.2309328317642212,pdb_00008fdo_A_B
4805,1,train,0.013994615525007248,pdb_00009b54_S1_S2
4806,1,train,0.6531392931938171,pdb_00007xei_E_F
4807,1,train,1.4081753492355347,pdb_00008eed_H_L
4808,1,train,0.037897177040576935,pdb_00009jkv_S1_S2
4809,1,train,0.016110939905047417,pdb_00008jlj_S1_S2
4810,1,train,0.014776009134948254,pdb_00007t2h_E1_E2
4811,1,train,0.8135746717453003,pdb_00007wsi_H_L
4812,1,train,1.4688786268234253,pdb_00009e3l_K_L
4813,1,train,1.2840675115585327,pdb_00008r8k_H_L
4814,1,train,0.6428125500679016,pdb_00008hpu_M_N
4815,1,train,0.704503059387207,pdb_00005x8m_B_C
4816,1,train,1.5727776288986206,pdb_00001g9n_H_L
4817,1,train,0.7698187232017517,pdb_00008cn9_L_K
4818,1,train,0.023500539362430573,pdb_00008tb0_F1_F2
4819,1,train,1.0384427309036255,pdb_00003fku_Y1_Y2
4820,1,train,0.23032869398593903,pdb_00008ubj_N2_N1
4821,1,train,0.7835096716880798,pdb_00007srs_H_L
4822,1,train,0.6465744376182556,pdb_00007klg_I_M
4823,1,train,0.11924365162849426,pdb_00009drx_J_I
4824,1,train,1.277652621269226,pdb_00009cq8_C_E
4825,1,train,1.2059391736984253,pdb_00004ut6_H_L
4826,1,train,0.8513513207435608,pdb_00009b82_H_L
4827,1,train,0.5649905204772949,pdb_00005bo1_H_L
4828,1,train,0.042948197573423386,pdb_00009vmo_S1_S2
4829,1,train,0.048914361745119095,pdb_00007ujk_E_F
4830,1,train,1.2625906467437744,pdb_00009cds_B_A
4831,1,train,1.1407550573349,pdb_00007scn_J_K
4832,1,train,0.2789269685745239,pdb_00006ad7_C_D
4833,1,train,1.0953105688095093,pdb_00008cii_A_B
4834,1,train,0.020289381965994835,pdb_00007exd_E1_E2
4835,1,train,1.6577929258346558,pdb_00009rih_H_L
4836,1,train,0.9532746076583862,pdb_00009lf8_H_L
4837,1,train,0.7677431106567383,pdb_00007ubs_K1_K2
4838,1,train,0.21686877310276031,pdb_00002hjf_A_B
4839,1,train,0.6606367826461792,pdb_00008dww_X_W
4840,1,train,0.8945980668067932,pdb_00008sit_M_N
4841,1,train,0.04883693903684616,pdb_00008f7r_E1_E2
4842,1,train,0.48112303018569946,pdb_00008tft_I_M
4843,1,train,1.0216447114944458,pdb_00007m7w_E_F
4844,1,train,0.640655517578125,pdb_00007xj9_G_F
4845,1,train,0.044241733849048615,pdb_00002vdo_H_L
4846,1,train,0.04216426983475685,pdb_00009yda_H1_H2
4847,1,train,0.03097710572183132,pdb_00009p0l_F1_F2
4848,1,train,0.344726026058197,pdb_00002dqg_H_L
4849,1,train,0.6712318062782288,pdb_00005yoy_I_F
4850,1,train,1.1968739032745361,pdb_00008sis_H_L
4851,1,train,0.8534367680549622,pdb_00009ue8_Q_R
4852,1,train,1.3944133520126343,pdb_00006ivz_H_L
4853,1,train,0.014654058963060379,pdb_00008xqs_S1_S2
4854,1,train,1.3037679195404053,pdb_00009mtg_H_L
4855,1,train,0.5469624996185303,pdb_00006zlr_HHH_LLL
4856,1,train,0.06411031633615494,pdb_00006ada_E_F
4857,1,train,1.119346022605896,pdb_00005h35_F_G
4858,1,train,0.02934141643345356,pdb_00008xwp_D1_D2
4859,1,train,1.2417641878128052,pdb_00005ggs_A_B
4860,1,train,1.0604690313339233,pdb_00006ii9_H_L
4861,1,train,0.7689910531044006,pdb_00008w83_E_F
4862,1,train,0.4504452645778656,pdb_00004tsc_H_L
4863,1,train,0.86930251121521,pdb_00006k7o_H_L
4864,1,train,0.010709594935178757,pdb_00007vdh_S1_S2
4865,1,train,0.7551453709602356,pdb_00005h35_H_I
4866,1,train,0.8760186433792114,pdb_00009f91_E_F
4867,1,train,0.009450922720134258,pdb_00007w57_E1_E2
4868,1,train,1.0382004976272583,pdb_00005vig_H_L
4869,1,train,0.7331151366233826,pdb_00009exa_D_C
4870,1,train,1.1750766038894653,pdb_00006suz_H_L
4871,1,train,1.1778708696365356,pdb_00006wn1_B_C
4872,1,train,0.9547292590141296,pdb_00007vgr_D_C
4873,1,train,1.3624573945999146,pdb_00009mtl_M_N
4874,1,train,0.9477658867835999,pdb_00006hjp_I_J
4875,1,train,1.0457767248153687,pdb_00008y3i_I_J
4876,1,train,0.9771943688392639,pdb_00007whz_C_E
4877,1,train,0.019453993067145348,pdb_00007x2v_E1_E2
4878,1,train,2.0576324462890625,pdb_00006osh_H_L
4879,1,train,1.4064857959747314,pdb_00001eo8_H_L
4880,1,train,1.4916578531265259,pdb_00009qub_D_C
4881,1,train,0.4222363531589508,pdb_00002qr0_X_W
4882,1,train,1.2536940574645996,pdb_00007shy_K_L
4883,1,train,1.8657654523849487,pdb_00009n5i_H_L
4884,1,train,0.8049689531326294,pdb_00006vja_H_L
4885,1,train,0.6655483841896057,pdb_00007s7i_J_N
4886,1,train,0.02968270145356655,pdb_00008tzq_E1_E2
4887,1,train,0.27962517738342285,pdb_00001j1o_H_L
4888,1,train,0.07759382575750351,pdb_00008hvi_H1_H2
4889,1,train,0.02824125625193119,pdb_00008vvf_E1_E2
4890,1,train,1.1221668720245361,pdb_00004am0_C_D
4891,1,train,0.8879901766777039,pdb_00008ulf_K_O
4892,1,train,0.977702796459198,pdb_00003v6z_A_B
4893,1,train,0.858261227607727,pdb_00007chc_A_B
4894,1,train,0.03160284832119942,pdb_00009vi9_S1_S2
4895,1,train,0.4231589734554291,pdb_00006txz_K_O
4896,1,train,0.8072366714477539,pdb_00007qez_E_F
4897,1,train,0.011780177243053913,pdb_00008utd_D1_D2
4898,1,train,0.7972077131271362,pdb_00007cmk_H_L
4899,1,train,0.8115304708480835,pdb_00001xiw_H_G
4900,1,train,0.04091188684105873,pdb_00008zjg_S1_S2
4901,1,train,0.7595482468605042,pdb_00007sk8_D_C
4902,1,train,0.1387033760547638,pdb_00008w8b_E1_E2
4903,1,train,0.07399969547986984,pdb_00009kt9_E1_E2
4904,1,train,0.9510537981987,pdb_00003fku_T1_T2
4905,1,train,0.014719631522893906,pdb_00007xms_S1_S2
4906,1,train,0.8671693205833435,pdb_00003fku_X1_X2
4907,1,train,1.283819556236267,pdb_00006ba5_F_E
4908,1,train,0.9318868517875671,pdb_00004kht_H_L
4909,1,train,0.14056332409381866,pdb_00008iys_E1_E2
4910,1,train,0.02091413177549839,pdb_00007wig_S1_S2
4911,1,train,0.03839766979217529,pdb_00009m55_S1_S2
4912,1,train,0.01685331016778946,pdb_00008ijd_S1_S2
4913,1,train,0.12717506289482117,pdb_00007e32_E1_E2
4914,1,train,0.7040835022926331,pdb_00008vtd_B_A
4915,1,train,0.02842566929757595,pdb_00008i9l_H1_H2
4916,1,train,0.01931423507630825,pdb_00009jhp_S1_S2
4917,1,train,0.08867661654949188,pdb_00009v1h_E1_E2
4918,1,train,0.8763486742973328,pdb_00007x6o_I_K
4919,1,train,0.0603003203868866,pdb_00009kt7_E1_E2
4920,1,train,0.011659303680062294,pdb_00007w53_E1_E2
4921,1,train,0.01724785938858986,pdb_00007ew2_S1_S2
4922,1,train,0.907259464263916,pdb_00004l5f_H_L
4923,1,train,2.2805848121643066,pdb_00008ezl_H1_H2
4924,1,train,0.78970867395401,pdb_00006z3p_H_L
4925,1,train,0.05068228766322136,pdb_00007ukp_E_F
4926,1,train,0.04166841134428978,pdb_00007ubr_E_F
4927,1,train,1.3512424230575562,pdb_00007sbd_H_L
4928,1,train,1.0010262727737427,pdb_00006ww5_C_D
4929,1,train,0.9370839595794678,pdb_00007sd5_H_L
4930,1,train,0.6071286797523499,pdb_00009oup_H_L
4931,1,train,0.05311407521367073,pdb_00007vuz_S1_S2
4932,1,train,1.1594266891479492,pdb_00009mtf_I_J
4933,1,train,0.3658924400806427,pdb_00007m2j_A_B
4934,1,train,0.123310387134552,pdb_00006k5d_E_F
4935,1,train,1.8369547128677368,pdb_00006k65_H_L
4936,1,train,1.1293410062789917,pdb_00009ebc_G_H
4937,1,train,0.026631714776158333,pdb_00008xqt_S1_S2
4938,1,train,0.8915902972221375,pdb_00003v4p_M_N
4939,1,train,0.6647987961769104,pdb_00007qnx_H_L
4940,1,train,1.5673913955688477,pdb_00007xh8_B_C
4941,1,train,0.5029247403144836,pdb_00008j24_G1_G2
4942,1,train,0.5469089150428772,pdb_00009cpu_H_L
4943,1,train,0.9126567840576172,pdb_00006ii9_P_Q
4944,1,train,0.9226095080375671,pdb_00008u44_U_W
4945,1,train,0.5623363852500916,pdb_00007f7h_A_B
4946,1,train,1.0207324028015137,pdb_00007uxl_A_B
4947,1,train,0.6472766399383545,pdb_00004dkf_H_L
4948,1,train,0.3863624930381775,pdb_00009zqb_I2_I1
4949,1,train,0.03407302498817444,pdb_00008j1a_S1_S2
4950,1,train,1.1407660245895386,pdb_00008zpq_A_B
4951,1,train,1.169013500213623,pdb_00009mtj_I_J
4952,1,train,0.9082534313201904,pdb_00004hg4_N_O
4953,1,train,0.12924134731292725,pdb_00006e0p_N1_N2
4954,1,train,1.4618606567382812,pdb_00009mla_I_L
4955,1,train,0.0791928619146347,pdb_00008jd6_D1_D2
4956,1,train,0.08222522586584091,pdb_00008j6d_H1_H2
4957,1,train,0.6940068602561951,pdb_00001z3g_H_L
4958,1,train,0.8478506207466125,pdb_00004hg4_T_U
4959,1,train,1.230201005935669,pdb_00009rim_H_L
4960,1,train,1.1751539707183838,pdb_00009hub_I_M
4961,1,train,0.7910857796669006,pdb_00009ue8_M_N
4962,1,train,1.2812281847000122,pdb_00009os5_G_J
4963,1,train,1.1423429250717163,pdb_00006n5e_H_I
4964,1,train,0.07330897450447083,pdb_00002ht2_C_D
4965,1,train,1.0419121980667114,pdb_00008zdw_U_R
4966,1,train,0.09527961909770966,pdb_00006x3s_J_I
4967,1,train,1.3475959300994873,pdb_00008e8l_H_L
4968,1,train,0.7922276258468628,pdb_00004hg4_J_K
4969,1,train,1.6644130945205688,pdb_00009e3h_J_K
4970,1,train,0.9983701109886169,pdb_00009js7_I_L
4971,1,train,1.5209633111953735,pdb_00006mtq_H_L
4972,1,train,0.02291339449584484,pdb_00009kvh_E1_E2
4973,1,train,0.013335325755178928,pdb_00006xox_E1_E2
4974,1,train,0.9315065145492554,pdb_00003eoa_H_L
4975,1,train,0.8962970972061157,pdb_00009bt5_C_D
4976,1,train,0.07842116057872772,pdb_00009d0a_E1_E2
4977,1,train,1.4006052017211914,pdb_00008tpa_D_E
4978,1,train,1.1918550729751587,pdb_00009mtm_M_N
4979,1,train,0.9457423686981201,pdb_00009ban_E_F
4980,1,train,0.9411331415176392,pdb_00009mkn_H_L
4981,1,train,1.0139992237091064,pdb_00004hg4_Z_z
4982,1,train,0.5288563370704651,pdb_00007x2k_H_L
4983,1,train,0.8598521947860718,pdb_00004lf3_B_A
4984,1,train,0.74822598695755,pdb_00005nhr_H_L
4985,1,train,1.249101996421814,pdb_00006ywc_A_B
4986,1,train,1.978028416633606,pdb_00002zcl_H_L
4987,1,train,0.8176184296607971,pdb_00007jum_H1_H2
4988,1,train,1.2231725454330444,pdb_00001oak_H_L
4989,1,train,0.1669491082429886,pdb_00008z3q_S1_S2
4990,1,train,0.888292133808136,pdb_00009bdh_H_L
4991,1,train,0.8186058402061462,pdb_00009dru_H_L
4992,1,train,0.6906052231788635,pdb_00005cbe_C_D
4993,1,train,1.1573408842086792,pdb_00008ezk_H1_H2
4994,1,train,0.009721264243125916,pdb_00009pxv_E1_E2
4995,1,train,0.9063916206359863,pdb_00006t3j_F_G
4996,1,train,0.6860349774360657,pdb_00004hg4_L_M
4997,1,train,1.3827173709869385,pdb_00007lg6_C_D
4998,1,train,0.5046180486679077,pdb_00009cpu_F_G
4999,1,train,0.5176782608032227,pdb_00007ch5_H_L
5000,1,train,1.3641722202301025,pdb_00009e21_H_L
5001,1,train,0.6747151613235474,pdb_00009nz3_D_C
5002,1,train,1.0619268417358398,pdb_00006wzl_C_D
5003,1,train,0.02578439936041832,pdb_00008jlr_S1_S2
5004,1,train,1.2568055391311646,pdb_00009mic_H_L
5005,1,train,1.2248826026916504,pdb_00008w5l_H_L
5006,1,train,0.17209096252918243,pdb_00007u0i_K1_K2
5007,1,train,0.15279197692871094,pdb_00008syp_N1_N2
5008,1,train,1.3013249635696411,pdb_00008dwy_V_U
5009,1,train,1.6354318857192993,pdb_00003lzf_H_L
5010,1,train,1.322463870048523,pdb_00001osp_H_L
5011,1,train,0.10190252959728241,pdb_00007tmz_E_F
5012,1,train,0.025408891960978508,pdb_00009l79_S1_S2
5013,1,train,0.5400932431221008,pdb_00008vgj_J_I
5014,1,train,0.04793365299701691,pdb_00008xjn_E1_E2
5015,1,train,0.4649564027786255,pdb_00008wo4_D_C
5016,1,train,1.0147303342819214,pdb_00009t5z_H_L
5017,1,train,0.708465039730072,pdb_00008hq7_M_N
5018,1,train,0.7468995451927185,pdb_00007dpm_J_K
5019,1,train,0.44222715497016907,pdb_00004tnw_F_N
5020,1,train,0.06771553307771683,pdb_00008x8l_E1_E2
5021,1,train,0.05588458850979805,pdb_00008j6p_S1_S2
5022,1,train,0.9916950464248657,pdb_00007lfa_H_L
5023,1,train,0.3488125503063202,pdb_00009cpv_C_D
5024,1,train,1.0751674175262451,pdb_00007cqd_I_M
5025,1,train,0.9459999799728394,pdb_00008jqn_H_L
5026,1,train,0.986542284488678,pdb_00006xkr_H_L
5027,1,train,0.025489479303359985,pdb_00008thl_F1_F2
5028,1,train,0.683208703994751,pdb_00009n8j_F_G
5029,1,train,0.19975055754184723,pdb_00003stz_A_B
5030,1,train,1.1997736692428589,pdb_00006ban_D_C
5031,1,train,1.008987545967102,pdb_00007l0l_H_L
5032,1,train,0.046878837049007416,pdb_00008iw1_S1_S2
5033,1,train,0.09052708745002747,pdb_00003fb6_A_B
5034,1,train,0.47236737608909607,pdb_00007yxu_H_L
5035,1,train,0.6833452582359314,pdb_00007zmk_S_T
5036,1,train,0.9399985671043396,pdb_00006n5e_E_D
5037,1,train,0.971907913684845,pdb_00007jx3_C_D
5038,1,train,0.7799782752990723,pdb_00003sob_H_L
5039,1,train,0.6985517740249634,pdb_00008dn7_A_B
5040,1,train,0.06527931243181229,pdb_00009vif_S1_S2
5041,1,train,1.3163357973098755,pdb_00007yvl_A_C
5042,1,train,1.1384758949279785,pdb_00009b2m_H_L
5043,1,train,0.06364326179027557,pdb_00007srr_E1_E2
5044,1,train,1.6267719268798828,pdb_00004fp8_I_M
5045,1,train,0.0428035743534565,pdb_00007f2o_S1_S2
5046,1,train,0.03505481779575348,pdb_00009k07_E1_E2
5047,1,train,0.78767329454422,pdb_00006vgr_C_D
5048,1,train,0.7124529480934143,pdb_00001tzh_H_L
5049,1,train,0.4761837124824524,pdb_00009nz5_B_C
5050,1,train,0.17654015123844147,pdb_00007k61_M2_M1
5051,1,train,0.6376097202301025,pdb_00007wrv_U_V
5052,1,train,0.8447653651237488,pdb_00009dm0_C_D
5053,1,train,0.02625962346792221,pdb_00007vl8_S1_S2
5054,1,train,1.0448274612426758,pdb_00001rjl_B_A
5055,1,train,0.7174213528633118,pdb_00008hn6_C_D
5056,1,train,0.5305874347686768,pdb_00003hfm_H_L
5057,1,train,0.753649890422821,pdb_00005aam_A1_A2
5058,1,train,0.030961042270064354,pdb_00008jln_S1_S2
5059,1,train,1.1779499053955078,pdb_00009gwt_H_L
5060,1,train,1.1386092901229858,pdb_00009cq8_G_H
5061,1,train,0.630608856678009,pdb_00005yoy_G_D
5062,1,train,0.02493051066994667,pdb_00006kpg_S1_S2
5063,1,train,0.015856808051466942,pdb_00008yyx_A1_A2
5064,1,train,0.3779773414134979,pdb_00002qr0_T_S
5065,1,train,1.3998734951019287,pdb_00007shy_I_J
5066,1,train,0.034482479095458984,pdb_00008jei_S1_S2
5067,1,train,0.07295934855937958,pdb_00002r9h_E_F
5068,1,train,0.01036765892058611,pdb_00008irt_E1_E2
5069,1,train,1.2684634923934937,pdb_00004qci_H_L
5070,1,train,1.2506991624832153,pdb_00006ml8_H_L
5071,1,train,0.09770224988460541,pdb_00007u60_E_F
5072,1,train,0.8371444940567017,pdb_00007ley_G_F
5073,1,train,0.024935632944107056,pdb_00009k3h_S1_S2
5074,1,train,1.2685664892196655,pdb_00009l07_H_L
5075,1,train,0.7553523778915405,pdb_00007ubs_H1_H2
5076,1,train,1.0390236377716064,pdb_00009ebc_I_J
5077,1,train,1.3399391174316406,pdb_00008w0y_A_B
5078,1,train,0.04504324495792389,pdb_00008j6q_S1_S2
5079,1,train,0.562629759311676,pdb_00009our_J_K
5080,1,train,1.0544687509536743,pdb_00009q5v_K_J
5081,1,train,0.03260383754968643,pdb_00009le2_S1_S2
5082,1,train,1.3105841875076294,pdb_00008rmy_E_F
5083,1,train,0.707862138748169,pdb_00007ley_D_E
5084,1,train,0.3978886306285858,pdb_00009nz4_F_E
5085,1,train,0.7270485758781433,pdb_00007wqv_N1_N2
5086,1,train,0.08077139407396317,pdb_00008ubk_N2_N1
5087,1,train,1.208829641342163,pdb_00001p2c_E_D
5088,1,train,0.9659728407859802,pdb_00005ugy_J_N
5089,1,train,0.5375059843063354,pdb_00007pqy_B_C
5090,1,train,0.12405680865049362,pdb_00003f7v_A_B
5091,1,train,0.04013870283961296,pdb_00008xgu_S1_S2
5092,1,train,1.7103146314620972,pdb_00001iqd_B_A
5093,1,train,1.4716273546218872,pdb_00007r8u_HHH_LLL
5094,1,train,0.08703023940324783,pdb_00008k9l_H1_H2
5095,1,train,0.9628251194953918,pdb_00007zfb_C_D
5096,1,train,0.03149348497390747,pdb_00009o36_E1_E2
5097,1,train,1.4614818096160889,pdb_00004g3y_H_L
5098,1,train,0.04151156172156334,pdb_00007rkx_D1_D2
5099,1,train,0.05081769451498985,pdb_00009erx_F1_F2
5100,1,train,1.6252057552337646,pdb_00007jwg_A_B
5101,1,train,0.7588896751403809,pdb_00007dk2_D_E
5102,1,train,0.7700976133346558,pdb_00007mxl_H_L
5103,1,train,0.01778343692421913,pdb_00009izc_S1_S2
5104,1,train,0.09702859073877335,pdb_00001ots_E_F
5105,1,train,0.8521825671195984,pdb_00004hg4_V_W
5106,1,train,0.9892129898071289,pdb_00007yds_B_C
5107,1,train,0.5749649405479431,pdb_00008f2j_D_F
5108,1,train,0.028857622295618057,pdb_00008hcq_E1_E2
5109,1,train,0.8759786486625671,pdb_00007wvd_I_J
5110,1,train,0.7459290623664856,pdb_00009u5p_B_C
5111,1,train,0.24128828942775726,pdb_00006x3z_K_L
5112,1,train,0.3003431260585785,pdb_00009zqa_I2_I1
5113,1,train,0.013464201241731644,pdb_00009jh3_S1_S2
5114,1,train,1.029669165611267,pdb_00009oao_H_L
5115,1,train,0.045585550367832184,pdb_00007k5y_N2_N1
5116,1,train,0.1046883687376976,pdb_00006e0p_M1_M2
5117,1,train,0.047701917588710785,pdb_00003ze0_E_F
5118,1,train,0.6426725387573242,pdb_00006pe9_E_F
5119,1,train,0.014540636911988258,pdb_00007f9z_E1_E2
5120,1,train,0.012146320194005966,pdb_00008jlq_S1_S2
5121,1,train,0.9222551584243774,pdb_00004gxu_M_N
5122,1,train,0.043754201382398605,pdb_00009kug_H1_H2
5123,1,train,0.0063094343058764935,pdb_00007s8o_E1_E2
5124,1,train,1.0989779233932495,pdb_00006ban_B_A
5125,1,train,0.06087266653776169,pdb_00002atk_A_B
5126,1,train,0.643890380859375,pdb_00008dww_V_U
5127,1,train,0.09071437269449234,pdb_00005j9p_A_B
5128,1,train,0.8214957118034363,pdb_00003eo1_K_J
5129,1,train,1.441823124885559,pdb_00003c09_C_B
5130,1,train,0.039274271577596664,pdb_00007cvt_E_F
5131,1,train,0.008652142249047756,pdb_00008kfz_S1_S2
5132,1,train,1.6355180740356445,pdb_00008hrd_C_E
5133,1,train,0.9304678440093994,pdb_00004am0_H_L
5134,1,train,0.012303149327635765,pdb_00008yrg_E1_E2
5135,1,train,1.957818865776062,pdb_00009xsx_B_C
5136,1,train,1.423533320426941,pdb_00008w5f_H_L
5137,1,train,0.9578002095222473,pdb_00005vqm_D_C
5138,1,train,0.012213250622153282,pdb_00006os9_D1_D2
5139,1,train,0.030098624527454376,pdb_00006ad8_E_F
5140,1,train,1.2181953191757202,pdb_00009dn2_H_L
5141,1,train,1.2381997108459473,pdb_00008e8r_H_L
5142,1,train,0.42878758907318115,pdb_00008elq_H_L
5143,1,train,1.0395479202270508,pdb_00008rrn_C_D
5144,1,train,1.9114903211593628,pdb_00008p12_H_L
5145,1,train,0.6397522687911987,pdb_00001mlc_D_C
5146,1,train,0.96074378490448,pdb_00006xy2_H_L
5147,1,train,1.4171112775802612,pdb_00009oap_H_L
5148,1,train,0.04828847572207451,pdb_00007wy0_C1_C2
5149,1,train,0.9725481867790222,pdb_00008fhy_H_L
5150,1,train,0.8979923725128174,pdb_00008hws_D_E
5151,1,train,0.679016649723053,pdb_00008eqf_H_L
5152,1,train,0.2448524385690689,pdb_00009vo0_E1_E2
5153,1,train,0.8971193432807922,pdb_00008too_D_C
5154,1,train,1.2325242757797241,pdb_00009e3k_H_L
5155,1,train,0.08921165019273758,pdb_00009m1o_S1_S2
5156,1,train,0.07823274284601212,pdb_00008yn8_E1_E2
5157,1,train,0.582969069480896,pdb_00003b2u_N_O
5158,1,train,0.7874472141265869,pdb_00007ley_H_I
5159,1,train,0.01608974114060402,pdb_00007w2z_S1_S2
5160,1,train,0.6925334930419922,pdb_00008jkh_H_L
5161,1,train,0.6865344047546387,pdb_00008jkf_M_N
5162,1,train,0.7143944501876831,pdb_00005aaw_H1_H2
5163,1,train,1.5620037317276,pdb_00008vte_D_C
5164,1,train,1.1462479829788208,pdb_00007s0x_H_L
5165,1,train,1.5369973182678223,pdb_00002hmi_D_C
5166,1,train,0.8328598737716675,pdb_00009cn2_B1_B2
5167,1,train,1.6256214380264282,pdb_00008ulj_H_L
5168,1,train,0.056322190910577774,pdb_00007trp_H1_H2
5169,1,train,1.062740445137024,pdb_00007y3n_H_L
5170,1,train,0.6846573948860168,pdb_00008j26_B_A
5171,1,train,1.1894689798355103,pdb_00009kve_A_B
5172,1,train,0.7785479426383972,pdb_00007dk2_G_H
5173,1,train,0.8722566366195679,pdb_00008u4s_B_A
5174,1,train,1.2401734590530396,pdb_00007t82_H_L
5175,1,train,0.019761735573410988,pdb_00009vmy_E1_E2
5176,1,train,0.9132164716720581,pdb_00008tbb_H_L
5177,1,train,0.0292989332228899,pdb_00008x9t_S1_S2
5178,1,train,0.029797645285725594,pdb_00009ejc_D1_D2
5179,1,train,0.3376155495643616,pdb_00006w0i_A_B
5180,1,train,0.03149500861763954,pdb_00009ejz_H1_H2
5181,1,train,0.9946610331535339,pdb_00007uvi_A_B
5182,1,train,0.11383863538503647,pdb_00008evi_N1_N2
5183,1,train,0.10899163037538528,pdb_00008evh_M1_M2
5184,1,train,1.5064067840576172,pdb_00007n4j_H_L
5185,1,train,1.847469687461853,pdb_00008z6t_B_C
5186,1,train,0.6254449486732483,pdb_00009k6j_A_B
5187,1,train,0.8475713133811951,pdb_00009mqa_H_L
5188,1,train,0.01659420318901539,pdb_00009kft_S1_S2
5189,1,train,0.07994607836008072,pdb_00002h2s_E_F
5190,1,train,0.9432266354560852,pdb_00007uvq_D_E
5191,1,train,0.03353090584278107,pdb_00006k5i_E_F
5192,1,train,1.4023501873016357,pdb_00007y6l_H_L
5193,1,train,1.259569764137268,pdb_00007bsd_H_L
5194,1,train,0.8306401968002319,pdb_00007lq7_T_U
5195,1,train,0.03644897788763046,pdb_00008t3v_N1_N2
5196,1,train,0.11915960162878036,pdb_00007k60_N2_N1
5197,1,train,0.992749035358429,pdb_00008zdw_L_J
5198,1,train,0.4816942512989044,pdb_00009nz5_F_E
5199,1,train,0.03454340994358063,pdb_00008y71_E1_E2
5200,1,train,1.0613945722579956,pdb_00008dis_A_C
5201,1,train,1.0448294878005981,pdb_00006vc9_H_L
5202,1,train,0.9365767240524292,pdb_00008jqs_h_l
5203,1,train,0.1542637050151825,pdb_00008jxx_E1_E2
5204,1,train,0.05818180367350578,pdb_00008spu_K1_K2
5205,1,train,1.17263925075531,pdb_00007upb_C_F
5206,1,train,0.7959408164024353,pdb_00007sco_J_K
5207,1,train,0.00915096141397953,pdb_00009lre_E1_E2
5208,1,train,0.02764236554503441,pdb_00008yn4_E1_E2
5209,1,train,1.283427357673645,pdb_00001tqb_B_C
5210,1,train,1.378246784210205,pdb_00009rik_H_L
5211,1,train,0.5997205972671509,pdb_00007m71_H_L
5212,1,train,0.5538564920425415,pdb_00008bg4_A1_A2
5213,1,train,1.1587839126586914,pdb_00008e8z_H_L
5214,1,train,1.3623542785644531,pdb_00009mkn_S_T
5215,1,train,1.3371555805206299,pdb_00006d0u_E_F
5216,1,train,0.6762180924415588,pdb_00006ii4_E_F
5217,1,train,0.03695053234696388,pdb_00007x5h_E1_E2
5218,1,train,0.38253068923950195,pdb_00009ctu_D_C
5219,1,train,1.5375449657440186,pdb_00009y41_H_L
5220,1,train,0.9733843207359314,pdb_00007vgr_F_E
5221,1,train,0.8453761339187622,pdb_00006wzj_A_B
5222,1,train,0.7123570442199707,pdb_00008i0n_I_M
5223,1,train,0.03902062773704529,pdb_00007na8_N1_N2
5224,1,train,1.2710927724838257,pdb_00003bsz_N_M
5225,1,train,0.04606492072343826,pdb_00009vo1_E1_E2
5226,1,train,0.8498777151107788,pdb_00003v4v_H_L
5227,1,train,1.0093873739242554,pdb_00008y3i_G_H
5228,1,train,1.0865905284881592,pdb_00007scn_H_L
5229,1,train,0.6924437880516052,pdb_00001fbi_H_L
5230,1,train,0.9740762114524841,pdb_00006n5d_L_N
5231,1,train,0.6849035620689392,pdb_00008h7z_F_I
5232,1,train,0.026486096903681755,pdb_00008dwg_E1_E2
5233,1,train,0.01135668158531189,pdb_00007yu3_S1_S2
5234,1,train,0.6314355134963989,pdb_00007e3o_H_L
5235,1,train,0.03277589753270149,pdb_00008xxz_S1_S2
5236,1,train,1.001033902168274,pdb_00008hrd_G_H
5237,1,train,0.8748418688774109,pdb_00008dxt_H_L
5238,1,train,0.8796756863594055,pdb_00007vag_H_L
5239,1,train,0.011633982881903648,pdb_00007sbf_E1_E2
5240,1,train,1.2266504764556885,pdb_00008hpf_H_L
5241,1,train,0.04239808768033981,pdb_00006adb_E_F
5242,1,train,0.8515874743461609,pdb_00007rku_G_I
5243,1,train,0.011262615211308002,pdb_00008jhy_S1_S2
5244,1,train,1.0736302137374878,pdb_00006wtu_B_C
5245,1,train,1.3351612091064453,pdb_00002vir_B_A
5246,1,train,1.0588041543960571,pdb_00008vk1_C_B
5247,1,train,0.02897367626428604,pdb_00002exw_C_D
5248,1,train,0.5470001697540283,pdb_00001ndm_B_A
5249,1,train,0.05205868184566498,pdb_00001ott_E_F
5250,1,train,0.9522092342376709,pdb_00007ebz_E_F
5251,1,train,0.8978304266929626,pdb_00004ag4_H_L
5252,1,train,0.7827925682067871,pdb_00009jeb_C1_C2
5253,1,train,0.009217359125614166,pdb_00007rbt_E1_E2
5254,1,train,0.022314053028821945,pdb_00008e9x_E1_E2
5255,1,train,0.6853758692741394,pdb_00007wqv_P1_P2
5256,1,train,0.9090951085090637,pdb_00008pwh_D_C
5257,1,train,1.230233073234558,pdb_00009bdi_C_D
5258,1,train,0.8264138102531433,pdb_00007wk0_A_B
5259,1,train,1.29381263256073,pdb_00007mdj_A_B
5260,1,train,0.013910644687712193,pdb_00002exy_C_D
5261,1,train,0.9295000433921814,pdb_00008g5b_H_L
5262,1,train,0.49374425411224365,pdb_00003rhw_H_L
5263,1,train,0.028286326676607132,pdb_00008zh8_S1_S2
5264,1,train,0.6914225816726685,pdb_00007bpk_H_L
5265,1,train,0.6646138429641724,pdb_00008eoo_H_L
5266,1,train,0.5026238560676575,pdb_00009oun_H_L
5267,1,train,1.0703033208847046,pdb_00008eed_I_J
5268,1,train,0.9702821373939514,pdb_00004nik_B1_B2
5269,1,train,0.024285726249217987,pdb_00009kpf_S1_S2
5270,1,train,0.12800782918930054,pdb_00004z7q_E_F
5271,1,train,0.9272634387016296,pdb_00009hh9_G_F
5272,1,train,1.1657975912094116,pdb_00005kov_I1_I2
5272,1,train_epoch,0.7301070761069449,
5272,1,validation,1.018464740027081,
5273,2,train,0.8620284795761108,pdb_00007uvs_D_E
5274,2,train,0.38268446922302246,pdb_00002qr0_X_W
5275,2,train,1.1196781396865845,pdb_00009mtf_M_N
5276,2,train,0.7657083868980408,pdb_00006vvu_J_K
5277,2,train,0.8545481562614441,pdb_00009l07_H_L
5278,2,train,0.669367790222168,pdb_00008dn7_A_B
5279,2,train,0.741790235042572,pdb_00006vgr_H_L
5280,2,train,1.1359331607818604,pdb_00007zwi_B_C
5281,2,train,1.1377578973770142,pdb_00009rik_H_L
5282,2,train,1.090462565422058,pdb_00006bpa_B_C
5283,2,train,0.5751567482948303,pdb_00007wqv_P1_P2
5284,2,train,1.3485112190246582,pdb_00007x3d_H_L
5285,2,train,0.09955783188343048,pdb_00003f5w_A_B
5286,2,train,1.027894377708435,pdb_00007kq7_H_L
5287,2,train,0.041486773639917374,pdb_00008j6r_S1_S2
5288,2,train,0.25707143545150757,pdb_00006vmk_H_G
5289,2,train,1.0480600595474243,pdb_00008hpf_H_L
5290,2,train,0.40973329544067383,pdb_00009our_H_L
5291,2,train,0.025027574971318245,pdb_00007t90_E1_E2
5292,2,train,0.019330749288201332,pdb_00009k3h_S1_S2
5293,2,train,0.13125672936439514,pdb_00006vmk_P_O
5294,2,train,0.8112460970878601,pdb_00004lf3_E_D
5295,2,train,0.6358224749565125,pdb_00008txu_F_K
5296,2,train,1.0071239471435547,pdb_00009bdi_H_L
5297,2,train,0.7111231088638306,pdb_00004m62_I_M
5298,2,train,0.31629496812820435,pdb_00006x3x_K_L
5299,2,train,0.8365443348884583,pdb_00007ubs_K1_K2
5300,2,train,0.791256844997406,pdb_00006n5e_E_D
5301,2,train,0.5727288126945496,pdb_00007vad_H_L
5302,2,train,0.565130352973938,pdb_00008jkf_H_L
5303,2,train,0.5313910245895386,pdb_00008bg2_A1_A2
5304,2,train,0.9321417808532715,pdb_00008siq_H_L
5305,2,train,1.4622325897216797,pdb_00009vnp_C_A
5306,2,train,1.0634640455245972,pdb_00008rmx_B_C
5307,2,train,1.0995515584945679,pdb_00008dv6_C_L
5308,2,train,0.019523076713085175,pdb_00008xyk_S1_S2
5309,2,train,0.9201090335845947,pdb_00007x2o_H_L
5310,2,train,0.3146251440048218,pdb_00001ua6_H_L
5311,2,train,0.7908894419670105,pdb_00007tbf_D_E
5312,2,train,0.016677850857377052,pdb_00008y0n_S1_S2
5313,2,train,0.8778582215309143,pdb_00004n90_H_I
5314,2,train,0.6729224920272827,pdb_00008wpw_C_D
5315,2,train,0.816225528717041,pdb_00003eo1_B_A
5316,2,train,0.7794176340103149,pdb_00009jy3_P_O
5317,2,train,0.06681835651397705,pdb_00007srr_E1_E2
5318,2,train,0.5639277696609497,pdb_00005yoy_Q_N
5319,2,train,0.8142815232276917,pdb_00007lop_W_V
5320,2,train,0.01896422542631626,pdb_00009ite_E1_E2
5321,2,train,0.012734321877360344,pdb_00008k9l_H1_H2
5322,2,train,0.858963131904602,pdb_00008vk1_C_B
5323,2,train,0.9228588342666626,pdb_00008w83_A_B
5324,2,train,0.6100513339042664,pdb_00009wb4_B_C
5325,2,train,0.7001612782478333,pdb_00007ebz_E_F
5326,2,train,0.36561259627342224,pdb_00008vgh_H_G
5327,2,train,2.031702995300293,pdb_00001jrh_H_L
5328,2,train,0.16987794637680054,pdb_00006x3z_J_I
5329,2,train,0.05734151229262352,pdb_00007u0j_K1_K2
5330,2,train,0.014269540086388588,pdb_00009lrs_E1_E2
5331,2,train,1.5524693727493286,pdb_00009ml8_M_N
5332,2,train,0.6127583384513855,pdb_00008hpu_M_N
5333,2,train,0.5635852217674255,pdb_00005aaw_H1_H2
5334,2,train,0.693740963935852,pdb_00007dpm_D_E
5335,2,train,0.9401015639305115,pdb_00007scn_H_L
5336,2,train,1.4588783979415894,pdb_00009y3x_H_L
5337,2,train,1.3474622964859009,pdb_00007n4j_H_L
5338,2,train,0.6979112029075623,pdb_00003nh7_J_N
5339,2,train,1.282267451286316,pdb_00007lg6_C_D
5340,2,train,0.006614571437239647,pdb_00008hn8_S1_S2
5341,2,train,0.8919522762298584,pdb_00008rmy_B_C
5342,2,train,0.826287567615509,pdb_00007pry_C_D
5343,2,train,0.021112721413373947,pdb_00009vj5_E1_E2
5344,2,train,0.13802994787693024,pdb_00006vmk_i_h
5345,2,train,0.07515984028577805,pdb_00008si9_J_I
5346,2,train,0.010824786499142647,pdb_00008hoc_S1_S2
5347,2,train,0.22181256115436554,pdb_00006w0f_A_B
5348,2,train,0.041292641311883926,pdb_00008xx6_S1_S2
5349,2,train,0.019018661230802536,pdb_00002h2s_E_F
5350,2,train,0.5775750875473022,pdb_00007e3o_H_L
5351,2,train,1.121573805809021,pdb_00008dwx_H_L
5352,2,train,1.5383399724960327,pdb_00006k65_H_L
5353,2,train,0.020723503082990646,pdb_00008hs3_S1_S2
5354,2,train,0.9399722218513489,pdb_00007x3c_F_E
5355,2,train,0.7789439558982849,pdb_00004yk4_Z_Y
5356,2,train,1.8498365879058838,pdb_00001n6q_H_L
5357,2,train,0.7520322203636169,pdb_00007lop_X_Y
5358,2,train,0.010276987217366695,pdb_00007evz_E1_E2
5359,2,train,1.37836492061615,pdb_00008tfl_H_L
5360,2,train,0.7986660003662109,pdb_00007m6d_A_B
5361,2,train,0.5364166498184204,pdb_00006kyz_E_F
5362,2,train,1.0385544300079346,pdb_00005ggs_A_B
5363,2,train,0.8738436102867126,pdb_00008tbb_H_L
5364,2,train,1.19191575050354,pdb_00006ywc_D_E
5365,2,train,0.7492573857307434,pdb_00008y31_D_C
5366,2,train,0.6130383014678955,pdb_00007kmg_A_B
5367,2,train,0.04760481044650078,pdb_00008hbd_H1_H2
5368,2,train,0.8918397426605225,pdb_00009jy2_B_A
5369,2,train,0.6895998120307922,pdb_00008ulf_I_M
5370,2,train,0.13692322373390198,pdb_00003stl_A_B
5371,2,train,0.01610906422138214,pdb_00008id4_S1_S2
5372,2,train,0.6315950751304626,pdb_00007dq7_H_L
5373,2,train,0.6888426542282104,pdb_00009rio_H_L
5374,2,train,0.03560692071914673,pdb_00008y72_E1_E2
5375,2,train,0.7428950667381287,pdb_00006pi7_F_E
5376,2,train,0.011387746781110764,pdb_00007vuy_S1_S2
5377,2,train,0.683877170085907,pdb_00004jpk_H_L
5378,2,train,0.679058849811554,pdb_00007y6k_J_E3
5379,2,train,1.8316353559494019,pdb_00004xzu_E_F
5380,2,train,0.5803306102752686,pdb_00008txu_E_J
5381,2,train,0.5128395557403564,pdb_00007ejy_H_L
5382,2,train,0.04248197376728058,pdb_00008wpu_E1_E2
5383,2,train,1.1334137916564941,pdb_00009e21_H_L
5384,2,train,0.7838860750198364,pdb_00007zfb_J_K
5385,2,train,0.01779305934906006,pdb_00009v0x_E1_E2
5386,2,train,1.119023323059082,pdb_00006ba5_F_E
5387,2,train,0.5669386982917786,pdb_00008bcz_E_F
5388,2,train,1.2676795721054077,pdb_00006xpz_B_C
5389,2,train,1.3444771766662598,pdb_00007bsd_H_L
5390,2,train,0.9296365976333618,pdb_00003fku_X1_X2
5391,2,train,1.0301486253738403,pdb_00008dv6_H_D
5392,2,train,0.03819194436073303,pdb_00008j6q_S1_S2
5393,2,train,0.03542254492640495,pdb_00008t3o_N1_N2
5394,2,train,0.04306476563215256,pdb_00008xgs_D1_D2
5395,2,train,0.6185960173606873,pdb_00008wpy_C_D
5396,2,train,1.6387712955474854,pdb_00008r4n_H_L
5397,2,train,0.6446908712387085,pdb_00007wwk_G_F
5398,2,train,0.9181669354438782,pdb_00008v5v_b_d
5399,2,train,2.2565865516662598,pdb_00006vlw_H_L
5400,2,train,0.42655837535858154,pdb_00005aaw_D1_D2
5401,2,train,0.913078784942627,pdb_00008f6x_D1_D2
5402,2,train,0.015536250546574593,pdb_00006pt0_E1_E2
5403,2,train,0.6886319518089294,pdb_00004ttd_C_D
5404,2,train,0.011689683422446251,pdb_00008xx3_S1_S2
5405,2,train,0.8092443346977234,pdb_00009ue8_Q_R
5406,2,train,0.7214018702507019,pdb_00007eam_H_L
5407,2,train,0.012376749888062477,pdb_00007y1f_E1_E2
5408,2,train,0.6449552774429321,pdb_00003fku_U1_U2
5409,2,train,0.014536414295434952,pdb_00008hsc_S1_S2
5410,2,train,1.0119749307632446,pdb_00005umi_A_B
5411,2,train,1.3593443632125854,pdb_00009mtm_H_L
5412,2,train,1.5559459924697876,pdb_00008tnn_H_G
5413,2,train,0.024945296347141266,pdb_00008xxv_E1_E2
5414,2,train,1.1997182369232178,pdb_00008tpa_H_L
5415,2,train,1.2724311351776123,pdb_00004f37_F_K
5416,2,train,0.6515256762504578,pdb_00003eo1_E_D
5417,2,train,1.0672885179519653,pdb_00007y3n_H_L
5418,2,train,0.014823622070252895,pdb_00009vj6_E1_E2
5419,2,train,0.029247326776385307,pdb_00009jed_S1_S2
5420,2,train,1.0503631830215454,pdb_00007lg6_J_M
5421,2,train,1.0157746076583862,pdb_00007upb_C_F
5422,2,train,1.2693841457366943,pdb_00002x7l_E_F
5423,2,train,0.617483377456665,pdb_00008i5l_E1_E2
5424,2,train,0.5896159410476685,pdb_00007xei_C_D
5425,2,train,0.040075793862342834,pdb_00003ejz_C_D
5426,2,train,0.779213011264801,pdb_00009dzf_H_L
5427,2,train,0.9974424242973328,pdb_00009me4_I_M
5428,2,train,0.012163007631897926,pdb_00009k6l_S1_S2
5429,2,train,0.39300912618637085,pdb_00006xc4_H_L
5430,2,train,0.5756692886352539,pdb_00006j6y_B_C
5431,2,train,1.0462228059768677,pdb_00008u44_U_W
5432,2,train,1.1281236410140991,pdb_00006mlm_E_I
5433,2,train,0.6392547488212585,pdb_00007d85_B_C
5434,2,train,0.043320875614881516,pdb_00007ej8_H1_H2
5435,2,train,1.4264568090438843,pdb_00008zd5_B_C
5436,2,train,0.02975649945437908,pdb_00009jky_S1_S2
5437,2,train,0.9005792140960693,pdb_00008w5r_H_L
5438,2,train,0.9142919778823853,pdb_00008vgm_E_F
5439,2,train,0.9980987310409546,pdb_00005kov_E1_E2
5440,2,train,1.4196089506149292,pdb_00008z6t_B_C
5441,2,train,0.21427428722381592,pdb_00006k5i_C_D
5442,2,train,0.953462541103363,pdb_00004al8_H_L
5443,2,train,0.03441958129405975,pdb_00008f7x_E1_E2
5444,2,train,0.6093354821205139,pdb_00005u5f_B_A
5445,2,train,0.858525276184082,pdb_00007scn_E_F
5446,2,train,0.0351211316883564,pdb_00008xjl_E1_E2
5447,2,train,0.9863074421882629,pdb_00008yub_A_B
5448,2,train,0.8815277814865112,pdb_00008pwh_D_C
5449,2,train,0.05856693536043167,pdb_00006ad7_E_F
5450,2,train,0.5731422901153564,pdb_00008j1q_B_A
5451,2,train,1.3271080255508423,pdb_00009cds_B_A
5452,2,train,0.023418495431542397,pdb_00008wwl_E1_E2
5453,2,train,1.1802386045455933,pdb_00004ffv_H_L
5454,2,train,1.0737589597702026,pdb_00008zd5_K_L
5455,2,train,0.9179435968399048,pdb_00006ban_D_C
5456,2,train,0.848210334777832,pdb_00007tn0_H_G
5457,2,train,0.08609019219875336,pdb_00008zps_E1_E2
5458,2,train,1.0831694602966309,pdb_00006dfj_H_L
5459,2,train,1.123963475227356,pdb_00003o2d_H_L
5460,2,train,0.012880967929959297,pdb_00007yae_S1_S2
5461,2,train,0.39567065238952637,pdb_00007b3o_H_L
5462,2,train,0.07424410432577133,pdb_00008ubk_M2_M1
5463,2,train,1.231487512588501,pdb_00008tnt_G_F
5464,2,train,0.3394240438938141,pdb_00002qr0_F_E
5465,2,train,0.011367975734174252,pdb_00008jlj_S1_S2
5466,2,train,0.010060151107609272,pdb_00008ykw_E1_E2
5467,2,train,0.4477555453777313,pdb_00005aaw_F1_F2
5468,2,train,0.1245468333363533,pdb_00008vqy_J_I
5469,2,train,1.433492660522461,pdb_00001rzk_H_L
5470,2,train,0.8446797132492065,pdb_00006xkr_H_L
5471,2,train,0.9295462965965271,pdb_00008rrn_H_L
5472,2,train,1.1285266876220703,pdb_00006gff_L_K
5473,2,train,1.4945708513259888,pdb_00006q18_H_L
5474,2,train,0.04460262134671211,pdb_00009vnz_E1_E2
5475,2,train,0.009593540802598,pdb_00008yyx_A1_A2
5476,2,train,0.8709279894828796,pdb_00007xda_D_E
5477,2,train,0.6247473359107971,pdb_00007vaf_H_L
5478,2,train,0.8466460704803467,pdb_00008hrd_N_Q
5479,2,train,0.655791163444519,pdb_00008vgl_E_F
5480,2,train,0.035401418805122375,pdb_00008efo_E1_E2
5481,2,train,0.15627579391002655,pdb_00009zqb_J2_J1
5482,2,train,1.1098036766052246,pdb_00007t82_D_C
5483,2,train,0.0427224226295948,pdb_00007l8p_E_F
5484,2,train,0.007957414723932743,pdb_00008feg_F1_F2
5485,2,train,0.704130232334137,pdb_00005w0k_H_L
5486,2,train,0.7483130097389221,pdb_00009l9o_B_C
5487,2,train,1.2286133766174316,pdb_00006ml8_H_L
5488,2,train,0.6958641409873962,pdb_00008dn6_E_F
5489,2,train,0.9301520586013794,pdb_00006t3j_A_B
5490,2,train,0.727135419845581,pdb_00006wzj_A_B
5491,2,train,0.008758354932069778,pdb_00008yh3_S1_S2
5492,2,train,0.5579104423522949,pdb_00007vgs_D_C
5493,2,train,0.48625442385673523,pdb_00007yxu_H_L
5494,2,train,1.060416579246521,pdb_00009mqd_I_M
5495,2,train,0.005888195242732763,pdb_00009kpf_S1_S2
5496,2,train,0.0243823379278183,pdb_00007sr8_E1_E2
5497,2,train,0.7467747330665588,pdb_00009ue8_M_N
5498,2,train,0.03213731199502945,pdb_00007yfd_C1_C2
5499,2,train,0.5093978047370911,pdb_00009cpu_H_L
5500,2,train,0.8212353587150574,pdb_00007cmk_H_L
5501,2,train,0.7582807540893555,pdb_00007xcp_H_L
5502,2,train,0.8709086179733276,pdb_00005kov_I1_I2
5503,2,train,0.6873248815536499,pdb_00007ubs_H1_H2
5504,2,train,1.280707836151123,pdb_00002r56_I_M
5505,2,train,0.6271899938583374,pdb_00008zyu_D_Q
5506,2,train,1.2011388540267944,pdb_00007si0_C_D
5507,2,train,0.2194056510925293,pdb_00006vmk_Z_Y
5508,2,train,0.11721467971801758,pdb_00008dk5_K1_K2
5509,2,train,1.4905409812927246,pdb_00009leo_A_B
5510,2,train,0.5880012512207031,pdb_00007rk2_C1_C2
5511,2,train,1.0207256078720093,pdb_00007s0x_H_L
5512,2,train,0.5786744952201843,pdb_00008pwh_B_A
5513,2,train,0.872918426990509,pdb_00003eoa_H_L
5514,2,train,0.20219486951828003,pdb_00002qr0_B_A
5515,2,train,1.13619065284729,pdb_00006wm9_E_F
5516,2,train,0.2198004573583603,pdb_00007mhr_A_B
5517,2,train,0.028194529935717583,pdb_00007w57_E1_E2
5518,2,train,0.010782848112285137,pdb_00008k6m_S1_S2
5519,2,train,0.6292861700057983,pdb_00008jkh_m_n
5520,2,train,0.7898237109184265,pdb_00002vwe_L_J
5521,2,train,0.8402888774871826,pdb_00008znz_I_J
5522,2,train,0.03866700083017349,pdb_00008hqe_H1_H2
5523,2,train,0.03096460923552513,pdb_00008jbf_E1_E2
5524,2,train,0.5671302080154419,pdb_00007klg_I_M
5525,2,train,0.7156078219413757,pdb_00007bpk_H_L
5526,2,train,0.9768009781837463,pdb_00006woz_B_C
5527,2,train,1.4026676416397095,pdb_00006t9d_HHH_LLL
5528,2,train,0.6484723091125488,pdb_00007xsc_D_H
5529,2,train,0.028928793966770172,pdb_00007wic_S1_S2
5530,2,train,1.091652274131775,pdb_00009cfh_H_L
5531,2,train,0.011016128584742546,pdb_00007vdh_S1_S2
5532,2,train,0.4303295612335205,pdb_00005u5m_B_A
5533,2,train,0.03769394010305405,pdb_00008hk3_H1_H2
5534,2,train,0.970348060131073,pdb_00008dwx_V_U
5535,2,train,0.049393799155950546,pdb_00002hlf_C_D
5536,2,train,1.6612181663513184,pdb_00006oel_H_L
5537,2,train,1.8597725629806519,pdb_00009o7i_D_C
5538,2,train,0.8543757796287537,pdb_00009hh9_G_F
5539,2,train,1.5137104988098145,pdb_00004ki5_C_D
5540,2,train,1.2772915363311768,pdb_00005ug0_D_C
5541,2,train,1.3779139518737793,pdb_00004ubd_Y_X
5542,2,train,0.021040823310613632,pdb_00008kfx_S1_S2
5543,2,train,0.01907171495258808,pdb_00008xqn_S1_S2
5544,2,train,0.11371048539876938,pdb_00003ejy_E_F
5545,2,train,0.9566337466239929,pdb_00009ue8_A_B
5546,2,train,0.7803800106048584,pdb_00002fjh_B_A
5547,2,train,1.226330280303955,pdb_00009qub_D_C
5548,2,train,0.03254099562764168,pdb_00002ht4_C_D
5549,2,train,0.2725766897201538,pdb_00006vmk_B_A
5550,2,train,1.164491057395935,pdb_00007sbd_H_L
5551,2,train,0.6312516331672668,pdb_00005yoy_H_E
5552,2,train,0.173499196767807,pdb_00002bob_A_B
5553,2,train,0.015267598442733288,pdb_00008dwg_E1_E2
5554,2,train,0.8391998410224915,pdb_00009jy3_R_Q
5555,2,train,0.35004663467407227,pdb_00003rif_J_M
5556,2,train,0.006844061426818371,pdb_00007ew0_E1_E2
5557,2,train,0.008053407073020935,pdb_00008ic0_E1_E2
5558,2,train,0.02709188312292099,pdb_00008z8b_S1_S2
5559,2,train,1.1583797931671143,pdb_00002x7l_A_B
5560,2,train,1.2744786739349365,pdb_00006aru_C_B
5561,2,train,0.02675980143249035,pdb_00007vkt_E1_E2
5562,2,train,1.2352113723754883,pdb_00007cqd_I_M
5563,2,train,0.8285499811172485,pdb_00009k6y_H_L
5564,2,train,0.6687402129173279,pdb_00003p0y_H_L
5565,2,train,0.5635073184967041,pdb_00007mzj_F_E
5566,2,train,0.7234883904457092,pdb_00007bnv_H_L
5567,2,train,0.6718428730964661,pdb_00009j9z_H_L
5568,2,train,0.030476950109004974,pdb_00008tb0_F1_F2
5569,2,train,0.28571081161499023,pdb_00006ada_C_D
5570,2,train,0.6667516231536865,pdb_00009lbs_H_L
5571,2,train,1.0370700359344482,pdb_00009riq_H_L
5572,2,train,0.0841386541724205,pdb_00001k4d_A_B
5573,2,train,0.11770377308130264,pdb_00008sps_N1_N2
5574,2,train,0.022699259221553802,pdb_00008j1a_S1_S2
5575,2,train,0.3125573992729187,pdb_00009zq9_J2_J1
5576,2,train,0.16443690657615662,pdb_00006w0g_A_B
5577,2,train,0.30274784564971924,pdb_00006bae_B_A
5578,2,train,0.6976843476295471,pdb_00003fku_Z1_Z2
5579,2,train,0.7036191821098328,pdb_00003v4v_H_L
5580,2,train,0.015562234446406364,pdb_00009v6o_S1_S2
5581,2,train,0.0199485681951046,pdb_00007vgx_S1_S2
5582,2,train,0.7262665033340454,pdb_00007rks_H_L
5583,2,train,0.020435674116015434,pdb_00007wf7_E1_E2
5584,2,train,0.17014846205711365,pdb_00008vqy_K_L
5585,2,train,0.6161930561065674,pdb_00008xsf_H_L
5586,2,train,0.010270770639181137,pdb_00009clw_N1_N2
5587,2,train,0.6012271046638489,pdb_00007tzh_A1_A2
5588,2,train,0.692092776298523,pdb_00003rhw_I_O
5589,2,train,1.113349199295044,pdb_00007ycn_H_I
5590,2,train,0.008705549873411655,pdb_00007ts0_H1_H2
5591,2,train,1.1853619813919067,pdb_00006t9e_AAA_BBB
5592,2,train,0.7998219728469849,pdb_00008hrd_Y_Z
5593,2,train,0.03346293047070503,pdb_00008xxx_S1_S2
5594,2,train,0.8307687640190125,pdb_00007f0x_B1_B2
5595,2,train,0.056146591901779175,pdb_00009vo0_E1_E2
5596,2,train,0.16532455384731293,pdb_00001ott_E_F
5597,2,train,0.032541271299123764,pdb_00008uwl_E1_E2
5598,2,train,0.0364655926823616,pdb_00009vjf_E1_E2
5599,2,train,0.8948717713356018,pdb_00009n8j_H_I
5600,2,train,0.6799089312553406,pdb_00009hhr_D_G
5601,2,train,1.0137429237365723,pdb_00006wtv_B_C
5602,2,train,1.0403013229370117,pdb_00006ocb_H_L
5603,2,train,0.021360544487833977,pdb_00008guq_S1_S2
5604,2,train,0.12480178475379944,pdb_00008j20_B1_B2
5605,2,train,1.0930087566375732,pdb_00009dn2_I_M
5606,2,train,0.4657580554485321,pdb_00007chc_H_L
5607,2,train,0.77922523021698,pdb_00008zh7_K_L
5608,2,train,0.9637860059738159,pdb_00001yqv_H_L
5609,2,train,0.612575352191925,pdb_00008bec_C1_C2
5610,2,train,1.5187816619873047,pdb_00009rih_H_L
5611,2,train,0.44796934723854065,pdb_00006zlr_HHH_LLL
5612,2,train,0.3328523337841034,pdb_00007k8m_A_B
5613,2,train,0.8105227947235107,pdb_00008cn9_G_F
5614,2,train,0.05581466481089592,pdb_00007rkx_D1_D2
5615,2,train,0.07941287755966187,pdb_00007t94_E1_E2
5616,2,train,0.759255588054657,pdb_00004ag4_H_L
5617,2,train,0.8383587598800659,pdb_00004wv1_B_A
5618,2,train,0.028857635334134102,pdb_00007w55_E1_E2
5619,2,train,0.8696081042289734,pdb_00006wno_E_F
5620,2,train,0.01253820862621069,pdb_00007ew1_E1_E2
5621,2,train,0.08473451435565948,pdb_00009x3z_S1_S2
5622,2,train,0.8817148804664612,pdb_00007pa7_nnn2_nnn1
5623,2,train,1.13133704662323,pdb_00009mic_H_L
5624,2,train,0.03198905289173126,pdb_00007xxh_H1_H2
5625,2,train,1.0082359313964844,pdb_00006n5d_C_D
5626,2,train,0.7485795021057129,pdb_00007wqv_L1_L2
5627,2,train,1.1461819410324097,pdb_00009lsj_E1_D2
5628,2,train,1.3880341053009033,pdb_00001osp_H_L
5629,2,train,0.47466057538986206,pdb_00007wbz_H_L
5630,2,train,0.07175900042057037,pdb_00008jpn_S1_S2
5631,2,train,1.0815668106079102,pdb_00002r56_H_L
5632,2,train,1.1040173768997192,pdb_00009yyu_H_L
5633,2,train,0.8559343218803406,pdb_00007mdj_A_B
5634,2,train,0.017990844324231148,pdb_00007vl9_S1_S2
5635,2,train,0.023604702204465866,pdb_00008xqs_S1_S2
5636,2,train,0.016516894102096558,pdb_00007eb2_N1_N2
5637,2,train,0.9228344559669495,pdb_00008y3i_I_J
5638,2,train,1.2385457754135132,pdb_00006wqo_E_F
5639,2,train,0.5825185179710388,pdb_00004zff_A_B
5640,2,train,0.5205844640731812,pdb_00006rp8_H_L
5641,2,train,0.13018885254859924,pdb_00007k61_N2_N1
5642,2,train,0.0341203399002552,pdb_00007tho_E_F
5643,2,train,0.5002375245094299,pdb_00008bec_A1_A2
5644,2,train,0.6668025255203247,pdb_00005wk3_W_V
5645,2,train,0.08677215129137039,pdb_00008yna_E1_E2
5646,2,train,0.4104122519493103,pdb_00004tnw_I_O
5647,2,train,0.09634683281183243,pdb_00006x3s_K_L
5648,2,train,1.1686702966690063,pdb_00003rif_F_N
5649,2,train,0.04051809385418892,pdb_00007u0i_N1_N2
5650,2,train,0.01857123151421547,pdb_00008xqp_S1_S2
5651,2,train,0.030307911336421967,pdb_00008jbg_E1_E2
5652,2,train,0.040602851659059525,pdb_00008h2g_E1_E2
5653,2,train,0.4630913734436035,pdb_00008qh0_H_L
5654,2,train,1.0100994110107422,pdb_00009ctw_D_C
5655,2,train,1.008264422416687,pdb_00009lsi_D1_C2
5656,2,train,0.6646254062652588,pdb_00001xgq_B_A
5657,2,train,0.6831958889961243,pdb_00005nh3_I_M
5658,2,train,0.11350833624601364,pdb_00003fb5_A_B
5659,2,train,0.028291231021285057,pdb_00009le2_S1_S2
5660,2,train,1.1135351657867432,pdb_00008go8_H_L
5661,2,train,1.371269941329956,pdb_00006d0u_C_D
5662,2,train,0.1254010945558548,pdb_00007xta_E1_E2
5663,2,train,1.5015820264816284,pdb_00006s3d_A_B
5664,2,train,0.021038589999079704,pdb_00008y02_S1_S2
5665,2,train,0.5327742099761963,pdb_00006ii8_G_I
5666,2,train,0.04813430830836296,pdb_00009p0l_F1_F2
5667,2,train,0.09242653101682663,pdb_00008syp_N1_N2
5668,2,train,0.6831010580062866,pdb_00009ue8_U_V
5669,2,train,0.8118520379066467,pdb_00006o1f_H_L
5670,2,train,0.9897698163986206,pdb_00006hxw_C_D
5671,2,train,1.1685106754302979,pdb_00005b8c_B_A
5672,2,train,1.2285469770431519,pdb_00008e8l_H_L
5673,2,train,1.4697117805480957,pdb_00007wed_H_L
5674,2,train,1.0135821104049683,pdb_00006ejg_C2_C1
5675,2,train,0.016033610329031944,pdb_00008gcm_E1_E2
5676,2,train,0.81461501121521,pdb_00003eo1_K_J
5677,2,train,1.3986852169036865,pdb_00008ag1_H_L
5678,2,train,1.7480765581130981,pdb_00007uij_H_L
5679,2,train,0.3544706404209137,pdb_00002dqf_B_A
5680,2,train,1.4244775772094727,pdb_00005c0n_C_D
5681,2,train,0.036512937396764755,pdb_00009ko4_H1_H2
5682,2,train,0.6435709595680237,pdb_00007xj9_G_F
5683,2,train,1.4087903499603271,pdb_00007ean_H_L
5684,2,train,0.07878810167312622,pdb_00008f7r_E1_E2
5685,2,train,1.5377492904663086,pdb_00009me7_J_N
5686,2,train,0.01563236489892006,pdb_00009iyb_E1_E2
5687,2,train,0.04171137884259224,pdb_00007td8_E_F
5688,2,train,0.7377873659133911,pdb_00008ulf_H_L
5689,2,train,0.2875421345233917,pdb_00003a67_H_L
5690,2,train,0.016910478472709656,pdb_00007u2l_E1_E2
5691,2,train,1.4205338954925537,pdb_00001n5y_H_L
5692,2,train,0.8531630039215088,pdb_00007zmk_E_F
5693,2,train,0.81490558385849,pdb_00004gxu_M_N
5694,2,train,0.18815365433692932,pdb_00008iw9_S1_S2
5695,2,train,1.3419737815856934,pdb_00009mtl_H_L
5696,2,train,1.3651729822158813,pdb_00006s3d_C_D
5697,2,train,1.02650785446167,pdb_00007ycl_A_B
5698,2,train,0.5385981798171997,pdb_00003b2u_Q_R
5699,2,train,0.9067021012306213,pdb_00006uig_H_L
5700,2,train,0.7446318864822388,pdb_00007m3i_H_L
5701,2,train,0.7512715458869934,pdb_00001xiw_D_C
5702,2,train,0.0146805290132761,pdb_00008id6_S1_S2
5703,2,train,0.985177218914032,pdb_00005d1z_B_A
5704,2,train,0.015382707118988037,pdb_00008jsr_C1_C2
5705,2,train,0.7354722619056702,pdb_00003bn9_F_E
5706,2,train,0.9632862210273743,pdb_00008eed_E_F
5707,2,train,1.0434107780456543,pdb_00005vig_H_L
5708,2,train,0.12460897862911224,pdb_00006x3u_K_L
5709,2,train,0.9021008014678955,pdb_00007ycn_E_F
5710,2,train,0.07888614386320114,pdb_00009wxm_D1_D2
5711,2,train,0.5336564779281616,pdb_00001xgp_B_A
5712,2,train,0.532975971698761,pdb_00007kfx_H_L
5713,2,train,0.5467338562011719,pdb_00008smt_A_B
5714,2,train,1.0768073797225952,pdb_00009od3_H_L
5715,2,train,0.9308074116706848,pdb_00009yyu_J_N
5716,2,train,0.09680913388729095,pdb_00003stz_A_B
5717,2,train,0.3777059018611908,pdb_00004tnw_X_i
5718,2,train,0.8146917819976807,pdb_00007pa7_ooo2_ooo1
5719,2,train,0.07029926031827927,pdb_00009kt9_E1_E2
5720,2,train,1.2962735891342163,pdb_00008dcm_A_B
5721,2,train,1.4280943870544434,pdb_00009me6_J_N
5722,2,train,0.7865936160087585,pdb_00006z3q_H_L
5723,2,train,1.0552797317504883,pdb_00006p4b_B_A
5724,2,train,0.11738550662994385,pdb_00009j31_D1_D2
5725,2,train,0.04915839061141014,pdb_00008ejc_E1_E2
5726,2,train,0.9783381819725037,pdb_00004hjj_H2_L2
5727,2,train,0.46246859431266785,pdb_00007nx8_H_L
5728,2,train,0.011141655966639519,pdb_00008yyw_B1_B2
5729,2,train,0.8599631786346436,pdb_00003eoa_B_A
5730,2,train,2.196554183959961,pdb_00009osx_B_C
5731,2,train,0.012880281545221806,pdb_00008yh0_S1_S2
5732,2,train,0.050794802606105804,pdb_00008yuv_S1_S2
5733,2,train,0.021732287481427193,pdb_00007rgp_E1_E2
5734,2,train,0.04189815744757652,pdb_00008iz4_E1_E2
5735,2,train,0.05602989345788956,pdb_00007trp_H1_H2
5736,2,train,0.022404540330171585,pdb_00006kpg_S1_S2
5737,2,train,1.00324285030365,pdb_00008w85_A_B
5738,2,train,0.015047087334096432,pdb_00008vvf_E1_E2
5739,2,train,0.01387643814086914,pdb_00009ego_S1_S2
5740,2,train,0.7443479299545288,pdb_00007xsc_A_B
5741,2,train,0.9353429675102234,pdb_00007ua2_H1_H2
5742,2,train,0.3396753966808319,pdb_00007o7f_H_F
5743,2,train,0.6746624112129211,pdb_00008vgi_F_E
5744,2,train,0.02724962867796421,pdb_00008vy7_D1_D2
5745,2,train,0.11764245480298996,pdb_00008zcj_E1_E2
5746,2,train,1.2522542476654053,pdb_00001yy9_D_C
5747,2,train,0.6832567453384399,pdb_00001tzh_B_A
5748,2,train,0.027619363740086555,pdb_00009kvg_E1_E2
5749,2,train,0.036470647901296616,pdb_00008w8r_S1_S2
5750,2,train,0.1224994882941246,pdb_00008sps_K1_K2
5751,2,train,0.020237619057297707,pdb_00007rkm_D1_D2
5752,2,train,0.026119684800505638,pdb_00007sqo_E1_E2
5753,2,train,0.11548320204019547,pdb_00002h2p_E_F
5754,2,train,0.8027058243751526,pdb_00003vrl_H_L
5755,2,train,0.9284098148345947,pdb_00004hg4_L_M
5756,2,train,1.5469237565994263,pdb_00005d1z_D_C
5757,2,train,0.031393006443977356,pdb_00007l1v_H1_H2
5758,2,train,0.7068930864334106,pdb_00007wrv_U_V
5759,2,train,0.5655750036239624,pdb_00008y0y_E3_E2
5760,2,train,0.5813854336738586,pdb_00007m3i_A_B
5761,2,train,1.0522319078445435,pdb_00003fmg_H_L
5762,2,train,0.7883524894714355,pdb_00007whz_B_D
5763,2,train,0.4474358558654785,pdb_00008bg4_C1_C2
5764,2,train,1.0558422803878784,pdb_00008vsj_H_L
5765,2,train,0.08415696769952774,pdb_00009drx_K_L
5766,2,train,1.1021596193313599,pdb_00005lsp_H_L
5767,2,train,0.9289732575416565,pdb_00006k7o_H_L
5768,2,train,0.06707201898097992,pdb_00007w3z_H1_H2
5769,2,train,0.6307803988456726,pdb_00007e9b_H_L
5770,2,train,1.033988356590271,pdb_00007x2w_H_L
5771,2,train,1.403597354888916,pdb_00006xq0_E_F
5772,2,train,1.0268540382385254,pdb_00007t0w_O_P
5773,2,train,0.03500160202383995,pdb_00009ijd_D1_D2
5774,2,train,2.2731308937072754,pdb_00004i3r_H_L
5775,2,train,0.0665472000837326,pdb_00009xhi_D1_D2
5776,2,train,0.47858521342277527,pdb_00005ggv_H_L
5777,2,train,0.5704871416091919,pdb_00003b2v_H_L
5778,2,train,0.9709780216217041,pdb_00005vqm_D_C
5779,2,train,1.3030438423156738,pdb_00003lh2_J_N
5780,2,train,0.027995198965072632,pdb_00007w7e_H1_H2
5781,2,train,1.0112158060073853,pdb_00009mqd_J_N
5782,2,train,0.03196610510349274,pdb_00008vvg_E1_E2
5783,2,train,1.6423016786575317,pdb_00007uij_A_B
5784,2,train,0.029727477580308914,pdb_00007scg_E1_E2
5785,2,train,0.3524777889251709,pdb_00008vgh_F_E
5786,2,train,0.07003198564052582,pdb_00003fb8_A_B
5787,2,train,0.9294064044952393,pdb_00007srs_H_L
5788,2,train,0.9335366487503052,pdb_00007y3n_C_D
5789,2,train,0.8171268105506897,pdb_00005lsp_S_T
5790,2,train,1.0640344619750977,pdb_00007bsd_A_B
5791,2,train,0.9448411464691162,pdb_00009mkn_H_L
5792,2,train,1.4539676904678345,pdb_00009xsx_B_C
5793,2,train,0.6906057596206665,pdb_00009m0d_D_Q
5794,2,train,1.0179924964904785,pdb_00001tqb_B_C
5795,2,train,0.02355327270925045,pdb_00008t3q_N1_N2
5796,2,train,1.242730736732483,pdb_00008zd6_K_L
5797,2,train,0.7758433818817139,pdb_00008hn7_D_C
5798,2,train,0.011746197938919067,pdb_00007s8o_E1_E2
5799,2,train,0.09515538066625595,pdb_00002vdn_H_L
5800,2,train,0.9046391248703003,pdb_00007vyr_A_B
5801,2,train,0.11349734663963318,pdb_00009ggg_S1_S2
5802,2,train,1.0142598152160645,pdb_00004xrc_B_A
5803,2,train,0.569904625415802,pdb_00009oup_H_L
5804,2,train,1.4891512393951416,pdb_00008dwo_U_V
5805,2,train,0.7075261473655701,pdb_00003nh7_H_L
5806,2,train,0.007104204967617989,pdb_00007t6b_E1_E2
5807,2,train,0.02422051876783371,pdb_00003ze0_E_F
5808,2,train,0.5682442784309387,pdb_00009nz5_B_C
5809,2,train,0.6925827264785767,pdb_00008wpy_H_L
5810,2,train,0.6247811317443848,pdb_00008jkh_M_N
5811,2,train,1.5143837928771973,pdb_00001j5o_H_L
5812,2,train,0.8713119029998779,pdb_00008dnn_E_F
5813,2,train,0.43100088834762573,pdb_00009cpv_C_D
5814,2,train,0.8770545721054077,pdb_00009atm_H_L
5815,2,train,0.03951697796583176,pdb_00007jhj_D1_D2
5816,2,train,0.021466493606567383,pdb_00002vdr_H_L
5817,2,train,0.7961623072624207,pdb_00007wvd_G_H
5818,2,train,0.04102791100740433,pdb_00008jjp_S1_S2
5819,2,train,0.03551051765680313,pdb_00009j8z_S1_S2
5820,2,train,0.26013171672821045,pdb_00008vgh_J_I
5821,2,train,0.022895028814673424,pdb_00007yfc_C1_C2
5822,2,train,1.1284689903259277,pdb_00005ggs_C_D
5823,2,train,1.0571589469909668,pdb_00008zdw_U_R
5824,2,train,0.017702672630548477,pdb_00006lfm_S1_S2
5825,2,train,0.02567882649600506,pdb_00007p02_H1_H2
5826,2,train,0.9319977760314941,pdb_00009cfg_H_L
5827,2,train,0.053511764854192734,pdb_00007k5x_M2_M1
5828,2,train,1.653633952140808,pdb_00008kep_H_L
5829,2,train,0.892877995967865,pdb_00009b82_N_M
5830,2,train,1.087831974029541,pdb_00001fns_H_L
5831,2,train,0.030212974175810814,pdb_00007t2h_E1_E2
5832,2,train,0.18636010587215424,pdb_00006vmk_f_e
5833,2,train,0.037498004734516144,pdb_00009vmo_S1_S2
5834,2,train,0.6131587624549866,pdb_00007klh_H_L
5835,2,train,0.6594482064247131,pdb_00008we4_H_L
5836,2,train,1.3996635675430298,pdb_00007ezv_H_L
5837,2,train,0.01923845149576664,pdb_00008gut_S1_S2
5838,2,train,1.1000432968139648,pdb_00006ek2_H1_H2
5839,2,train,0.6308093667030334,pdb_00006cw3_C_D
5840,2,train,0.8553063273429871,pdb_00004wv1_E_D
5841,2,train,0.9572451710700989,pdb_00001fsk_L_K
5842,2,train,0.8146259188652039,pdb_00007jum_I1_I2
5843,2,train,0.6191911697387695,pdb_00006yor_H_L
5844,2,train,0.028151817619800568,pdb_00008hcx_E1_E2
5845,2,train,0.37036049365997314,pdb_00009ov4_J_K
5846,2,train,0.6748512983322144,pdb_00003u30_F_E
5847,2,train,0.030932314693927765,pdb_00008ijd_S1_S2
5848,2,train,0.9003682732582092,pdb_00006wmw_M_N
5849,2,train,0.03130916506052017,pdb_00008ef6_E1_E2
5850,2,train,0.6948953866958618,pdb_00003h42_H_L
5851,2,train,0.2820795774459839,pdb_00006k5a_C_D
5852,2,train,0.36914220452308655,pdb_00009cpw_C_D
5853,2,train,0.5217360258102417,pdb_00005aam_A1_A2
5854,2,train,0.8968984484672546,pdb_00009bao_G_H
5855,2,train,0.5395272374153137,pdb_00003s36_H_L
5856,2,train,0.01389291137456894,pdb_00008jd6_D1_D2
5857,2,train,0.012483133934438229,pdb_00009vnf_E1_E2
5858,2,train,0.7810788154602051,pdb_00008zdw_L_J
5859,2,train,1.5555657148361206,pdb_00006bpc_B_C
5860,2,train,1.1314616203308105,pdb_00004xhj_D_C
5861,2,train,1.1208442449569702,pdb_00009p1m_F_E
5862,2,train,1.4115046262741089,pdb_00007rxp_H_L
5863,2,train,0.4957120716571808,pdb_00007klh_I_M
5864,2,train,1.4950172901153564,pdb_00005ldn_H_L
5865,2,train,1.2720036506652832,pdb_00007r8u_HHH_LLL
5866,2,train,0.7413110733032227,pdb_00007x2i_H_L
5867,2,train,0.436124712228775,pdb_000011oq_H_L
5868,2,train,0.023312538862228394,pdb_00007xmt_S1_S2
5869,2,train,1.095579981803894,pdb_00008wu1_H_L
5870,2,train,0.9294598698616028,pdb_00008g5b_H_L
5871,2,train,0.031775977462530136,pdb_00008efl_E1_E2
5872,2,train,0.04868859797716141,pdb_00007u0g_N1_N2
5873,2,train,1.0524624586105347,pdb_00006plk_I_M
5874,2,train,1.0215362310409546,pdb_00008gs9_H_K
5875,2,train,0.02903115563094616,pdb_00009kfi_S1_S2
5876,2,train,0.19494476914405823,pdb_00006adb_C_D
5877,2,train,0.8299343585968018,pdb_00007ucq_J1_J2
5878,2,train,0.9065406918525696,pdb_00001kb5_H_L
5879,2,train,1.6798715591430664,pdb_00009ma7_B_C
5880,2,train,0.6322998404502869,pdb_00003dvn_H_L
5881,2,train,0.47046199440956116,pdb_00007pqy_B_C
5882,2,train,0.02121065929532051,pdb_00008yky_S1_S2
5883,2,train,0.9450764060020447,pdb_00009f91_A_B
5884,2,train,0.7252233624458313,pdb_00009lsi_C1_D2
5885,2,train,0.8889155983924866,pdb_00008xe9_A_B
5886,2,train,0.01354142278432846,pdb_00007ew3_S1_S2
5887,2,train,1.0229583978652954,pdb_00009fys_I_M
5888,2,train,0.013609363697469234,pdb_00007rg9_E1_E2
5889,2,train,0.01809641718864441,pdb_00008iw1_S1_S2
5890,2,train,0.7728680968284607,pdb_00001e6j_H_L
5891,2,train,0.045354776084423065,pdb_00008zd1_S1_S2
5892,2,train,1.5240310430526733,pdb_00008hrd_O_P
5893,2,train,0.7916333675384521,pdb_00009iz9_Q_R
5894,2,train,1.2686731815338135,pdb_00008gpu_F_G
5895,2,train,1.0550445318222046,pdb_00009n4e_O_R
5896,2,train,0.850292980670929,pdb_00007lq7_C_D
5897,2,train,0.8507904410362244,pdb_00009mqa_J_N
5898,2,train,0.19106781482696533,pdb_00006ad8_C_D
5899,2,train,0.5118083953857422,pdb_00007ul1_H_L
5900,2,train,0.9037317037582397,pdb_00006woz_H_I
5901,2,train,0.5393347144126892,pdb_00007mzk_C_D
5902,2,train,0.4730859100818634,pdb_00007qnx_H_L
5903,2,train,0.15286986529827118,pdb_00008dd3_J_I
5904,2,train,0.057570505887269974,pdb_00008e9w_E1_E2
5905,2,train,0.7617396116256714,pdb_00007f3q_C_B
5906,2,train,0.18257799744606018,pdb_00002dqe_H_L
5907,2,train,1.440499186515808,pdb_00007t01_H_L
5908,2,train,0.051255665719509125,pdb_00008y6w_D1_D2
5909,2,train,0.02952934429049492,pdb_00008hpt_H1_H2
5910,2,train,1.162222981452942,pdb_00003lqa_H_L
5911,2,train,0.08263043314218521,pdb_00006x3z_K_L
5912,2,train,0.7286644577980042,pdb_00008znz_G_H
5913,2,train,0.01010823529213667,pdb_00008ykx_E1_E2
5914,2,train,0.022577904164791107,pdb_00007udg_E_F
5915,2,train,0.018369924277067184,pdb_00007wyb_E1_E2
5916,2,train,1.2756773233413696,pdb_00005anm_B_A
5917,2,train,0.8583924770355225,pdb_00005vqm_H_L
5918,2,train,0.8469628095626831,pdb_00007zfb_H_L
5919,2,train,0.7914279699325562,pdb_00008too_D_C
5920,2,train,0.018043871968984604,pdb_00007vv3_S1_S2
5921,2,train,0.962745189666748,pdb_00008f6o_A_B
5922,2,train,0.029242519289255142,pdb_00007xwo_E1_E2
5923,2,train,0.01821609027683735,pdb_00008hcq_E1_E2
5924,2,train,1.1304632425308228,pdb_00009cq8_G_H
5925,2,train,0.6022626161575317,pdb_00006lhq_H_L
5926,2,train,0.6175459027290344,pdb_00007zlg_H_L
5927,2,train,1.09343421459198,pdb_00008sdh_C_D
5928,2,train,1.289968729019165,pdb_00008bbo_H_L
5929,2,train,0.3931015431880951,pdb_00008vgj_K_L
5930,2,train,0.0745842233300209,pdb_00002h2p_C_D
5931,2,train,1.0756934881210327,pdb_00007tbf_H_L
5932,2,train,0.02958088368177414,pdb_00008evi_M1_M2
5933,2,train,0.054706476628780365,pdb_00008k9k_H1_H2
5934,2,train,0.9994379281997681,pdb_00009shd_H_L
5935,2,train,0.6769469976425171,pdb_00009iw2_H_L
5936,2,train,1.272030234336853,pdb_00009f90_A_B
5937,2,train,0.010662684217095375,pdb_00009oxa_D1_D2
5938,2,train,1.7389823198318481,pdb_00006cvk_A2_A1
5939,2,train,0.6822214722633362,pdb_00008hq7_M_N
5940,2,train,0.9587730169296265,pdb_00007wph_E_D
5941,2,train,0.0966203361749649,pdb_00005j9p_A_B
5942,2,train,0.6419379115104675,pdb_00008zh7_B_C
5943,2,train,1.0206923484802246,pdb_00009h4r_H_L
5944,2,train,0.019438663497567177,pdb_00009m2f_S1_S2
5945,2,train,0.026269501075148582,pdb_00008h8j_H1_H2
5946,2,train,0.7720880508422852,pdb_00005kvf_H_L
5947,2,train,0.8034088015556335,pdb_00007yrf_F_E
5948,2,train,1.2287453413009644,pdb_00004d9r_H_L
5949,2,train,0.9884625673294067,pdb_00007t0w_H_L
5950,2,train,0.8579749464988708,pdb_00008gpy_E1_E2
5951,2,train,0.9557963013648987,pdb_00008w86_A_B
5952,2,train,0.6627781987190247,pdb_00008zbb_H_L
5953,2,train,1.2230005264282227,pdb_00009os5_G_J
5954,2,train,1.1522060632705688,pdb_00006t9d_AAA_BBB
5955,2,train,0.3464282155036926,pdb_00001ic7_H_L
5956,2,train,0.017736153677105904,pdb_00007vih_E1_E2
5957,2,train,1.8511426448822021,pdb_00005dfw_H1_H2
5958,2,train,0.010918429121375084,pdb_00009j5v_S1_S2
5959,2,train,0.8674632906913757,pdb_00007x6o_C_D
5960,2,train,0.6625989079475403,pdb_00009u5p_P_Q
5961,2,train,0.6373955607414246,pdb_00006z3p_H_L
5962,2,train,0.03029540926218033,pdb_00008ija_S1_S2
5963,2,train,0.021780597046017647,pdb_00007s8l_E1_E2
5964,2,train,0.6242591142654419,pdb_00007rks_I_M
5965,2,train,0.04893897846341133,pdb_00007w6p_H1_H2
5966,2,train,0.06265538930892944,pdb_00008evh_N1_N2
5967,2,train,0.990921139717102,pdb_00009dn2_J_N
5968,2,train,0.06830641627311707,pdb_00008j21_B1_B2
5969,2,train,0.7063416242599487,pdb_00007kf0_H_L
5970,2,train,0.798979640007019,pdb_00009jeb_A1_A2
5971,2,train,0.6963508129119873,pdb_00008vgl_H_L
5972,2,train,1.2438957691192627,pdb_00009oco_H_L
5973,2,train,0.9807623624801636,pdb_00009npg_G_H
5974,2,train,0.7354885935783386,pdb_00008tx3_E_J
5975,2,train,0.012631899677217007,pdb_00007rbt_E1_E2
5976,2,train,0.5259735584259033,pdb_00006ii8_H_L
5977,2,train,0.5530884861946106,pdb_00007f6y_H_L
5978,2,train,1.2175308465957642,pdb_00009e3k_H_L
5979,2,train,0.8232675194740295,pdb_00001bql_H_L
5980,2,train,0.11963808536529541,pdb_00009drx_J_I
5981,2,train,0.41020667552948,pdb_00004tsb_H_L
5982,2,train,0.04506037011742592,pdb_00009vif_S1_S2
5983,2,train,1.000735878944397,pdb_00009oao_H_L
5984,2,train,1.210017204284668,pdb_00004lvh_H_I
5985,2,train,0.09802333265542984,pdb_00008ubj_M2_M1
5986,2,train,0.6526650190353394,pdb_00002wuc_H_L
5987,2,train,0.49980565905570984,pdb_00006b3s_H_L
5988,2,train,0.867463231086731,pdb_00006ww5_C_D
5989,2,train,0.03735371679067612,pdb_00003zdz_E_F
5990,2,train,0.5065248608589172,pdb_00007x66_H_L
5991,2,train,0.576571524143219,pdb_00005yoy_I_F
5992,2,train,0.7828752994537354,pdb_00001kir_B_A
5993,2,train,1.2671840190887451,pdb_00008kdr_H_L
5994,2,train,1.1389073133468628,pdb_00008d9y_F_E
5995,2,train,0.829932689666748,pdb_00007z0y_H_L
5996,2,train,0.056122343987226486,pdb_00002exy_E_F
5997,2,train,0.7518492937088013,pdb_00008sxp_H_L
5998,2,train,0.0384041890501976,pdb_00007vdm_S1_S2
5999,2,train,0.48100894689559937,pdb_00005bo1_I_M
6000,2,train,0.01314696203917265,pdb_00008i9l_H1_H2
6001,2,train,0.7267422080039978,pdb_00006dkj_H_L
6002,2,train,0.007878471165895462,pdb_00007s8p_E1_E2
6003,2,train,0.040078189224004745,pdb_00008evi_N1_N2
6004,2,train,0.042015884071588516,pdb_00008j6l_H1_H2
6005,2,train,1.5190479755401611,pdb_00004kuc_H_D
6006,2,train,0.9875140190124512,pdb_00001oak_H_L
6007,2,train,1.139669418334961,pdb_00008gsd_H_L
6008,2,train,1.244767189025879,pdb_00007bsc_H_L
6009,2,train,0.03924904763698578,pdb_00007uk9_E_F
6010,2,train,0.012406248599290848,pdb_00009lrd_E1_E2
6011,2,train,1.047897458076477,pdb_00002vis_B_A
6012,2,train,0.4714447855949402,pdb_00007jmo_H_L
6013,2,train,0.7875288724899292,pdb_00009dzg_H_L
6014,2,train,0.8096917867660522,pdb_00006xq2_F_E
6015,2,train,1.2651844024658203,pdb_00009mtk_H_L
6016,2,train,0.9359434843063354,pdb_00007uvs_A_B
6017,2,train,0.013969515450298786,pdb_00008x9t_S1_S2
6018,2,train,0.037548672407865524,pdb_00008y73_E1_E2
6019,2,train,0.6136792898178101,pdb_00008ywx_E_D
6020,2,train,0.8485946655273438,pdb_00007pa7_ddd2_ddd1
6021,2,train,0.009558271616697311,pdb_00008k2x_S1_S2
6022,2,train,1.0986865758895874,pdb_00008tzw_H_L
6023,2,train,0.011451228521764278,pdb_00008hnm_S1_S2
6024,2,train,0.9711588025093079,pdb_00006wtu_E_F
6025,2,train,0.03279652073979378,pdb_00002exw_E_F
6026,2,train,0.06937375664710999,pdb_00008x8l_E1_E2
6027,2,train,0.6031364798545837,pdb_00009clp_H_L
6028,2,train,0.010279146954417229,pdb_00009le1_S1_S2
6029,2,train,0.5440249443054199,pdb_00001vfb_B_A
6030,2,train,0.006882608402520418,pdb_00009uk2_E1_E2
6031,2,train,1.5027059316635132,pdb_00007ey5_B_C
6032,2,train,1.060290813446045,pdb_00006mlm_K_L
6033,2,train,2.0127975940704346,pdb_00008cdd_E_D
6034,2,train,0.8287447690963745,pdb_00007zmk_P_Q
6035,2,train,0.058803919702768326,pdb_00009vi9_S1_S2
6036,2,train,0.9563741087913513,pdb_00009eti_H_L
6037,2,train,0.03486955910921097,pdb_00008yn4_E1_E2
6038,2,train,0.8311409950256348,pdb_00009q7b_L_M
6039,2,train,0.9349481463432312,pdb_00004lmq_E_I
6040,2,train,0.04141416400671005,pdb_00006k5i_E_F
6041,2,train,0.008724103681743145,pdb_00009cm3_N1_N2
6042,2,train,0.8942586779594421,pdb_00003v6z_C_D
6043,2,train,0.7620656490325928,pdb_00008sdh_H_L
6044,2,train,0.8895409107208252,pdb_00009ma0_B_C
6045,2,train,0.00766895804554224,pdb_00009uam_E1_E2
6046,2,train,1.1121059656143188,pdb_00007u9e_H1_H2
6047,2,train,0.00980664324015379,pdb_00008xwp_D1_D2
6048,2,train,0.4267805814743042,pdb_00009oum_H_L
6049,2,train,0.7720159888267517,pdb_00009ban_E_F
6050,2,train,0.46661683917045593,pdb_00005bo1_H_L
6051,2,train,0.8557088375091553,pdb_00009cff_H_L
6052,2,train,0.4398907423019409,pdb_00007kmh_A_B
6053,2,train,0.4753219485282898,pdb_00007vgs_F_E
6054,2,train,0.603530764579773,pdb_00008dww_Z_Y
6055,2,train,0.027345849201083183,pdb_00007t8x_E1_E2
6056,2,train,0.024031460285186768,pdb_00006xbk_S1_S2
6057,2,train,0.5174326300621033,pdb_00008dww_V_U
6058,2,train,0.6944644451141357,pdb_00008jqn_h_l
6059,2,train,0.42182716727256775,pdb_00006txz_H_L
6060,2,train,0.23586858808994293,pdb_00006w0a_A_B
6061,2,train,0.010788612999022007,pdb_00007dfl_C1_C2
6062,2,train,0.015479039400815964,pdb_00007eo4_E1_E2
6063,2,train,0.11198662221431732,pdb_00008u9s_M2_M1
6064,2,train,0.6330500841140747,pdb_00003ri5_G_K
6065,2,train,0.7213677167892456,pdb_00008i0n_H_L
6066,2,train,0.028667453676462173,pdb_00002fed_E_F
6067,2,train,1.1904842853546143,pdb_00007m7w_H_L
6068,2,train,1.0013478994369507,pdb_00009wsv_H_L
6069,2,train,0.709002673625946,pdb_00002jix_F_A
6070,2,train,0.4430146813392639,pdb_00003b2u_N_O
6071,2,train,0.7533751726150513,pdb_00005nhr_A_B
6072,2,train,0.9867037534713745,pdb_00009npg_D_E
6073,2,train,1.2082667350769043,pdb_00007ezv_M_N
6074,2,train,0.020727450028061867,pdb_00007xau_E1_E2
6075,2,train,1.2814350128173828,pdb_00001ztx_H_L
6076,2,train,0.8790454864501953,pdb_00005x8l_G_L
6077,2,train,0.016189783811569214,pdb_00007yoo_S1_S2
6078,2,train,0.7541675567626953,pdb_00007sco_E_F
6079,2,train,0.8763573169708252,pdb_00008ut2_J_I
6080,2,train,0.7920441627502441,pdb_00004n90_D_E
6081,2,train,0.023912468925118446,pdb_00008xqo_S1_S2
6082,2,train,0.01514638401567936,pdb_00008jlk_S1_S2
6083,2,train,0.7244484424591064,pdb_00009ue8_E_F
6084,2,train,0.27227848768234253,pdb_00002dqg_H_L
6085,2,train,0.7287510633468628,pdb_00009jy1_R_Q
6086,2,train,0.031633127480745316,pdb_00006adb_E_F
6087,2,train,1.5132217407226562,pdb_00008tp5_E_F
6088,2,train,0.0211905837059021,pdb_00008xzj_S1_S2
6089,2,train,0.7439191937446594,pdb_00007lq7_F_G
6090,2,train,1.633996605873108,pdb_00008ulj_H_L
6091,2,train,0.12440523505210876,pdb_00002vc2_H_L
6092,2,train,0.3382705748081207,pdb_00008elp_H_L
6093,2,train,0.5661282539367676,pdb_00008f2j_H_L
6094,2,train,1.1954134702682495,pdb_00007lg6_K_N
6095,2,train,0.940233051776886,pdb_00007vgr_D_C
6096,2,train,1.2526978254318237,pdb_00009mla_H_K
6097,2,train,0.9418635368347168,pdb_00007dm2_H_L
6098,2,train,0.9353527426719666,pdb_00009me7_I_M
6099,2,train,0.09756654500961304,pdb_00008dd2_J_I
6100,2,train,0.8529828786849976,pdb_00001fsk_I_H
6101,2,train,0.010986859910190105,pdb_00009vmn_S1_S2
6102,2,train,1.1468547582626343,pdb_00009mtf_H_L
6103,2,train,0.908376932144165,pdb_00007m42_D_C
6104,2,train,0.8653035759925842,pdb_00006wtu_B_C
6105,2,train,0.038613248616456985,pdb_00008iyw_H1_H2
6106,2,train,0.011862734332680702,pdb_00006n4b_S1_S2
6107,2,train,0.6494611501693726,pdb_00001mlc_D_C
6108,2,train,0.40619269013404846,pdb_00006p4a_H_L
6109,2,train,0.024863924831151962,pdb_00008tzq_E1_E2
6110,2,train,0.01663733460009098,pdb_00009ppy_E1_E2
6111,2,train,0.6896560192108154,pdb_00001fbi_H_L
6112,2,train,0.16538478434085846,pdb_00006x3t_J_I
6113,2,train,0.016296381130814552,pdb_00007wu9_S1_S2
6114,2,train,0.7603912353515625,pdb_00002h9g_H_L
6115,2,train,0.8438674807548523,pdb_00009c6y_A_B
6116,2,train,0.857300341129303,pdb_00005jz7_H_L
6117,2,train,0.009723152033984661,pdb_00006dde_E1_E2
6118,2,train,0.016510294750332832,pdb_00002ht3_C_D
6119,2,train,0.049301426857709885,pdb_00009j0i_S1_S2
6120,2,train,1.1044813394546509,pdb_00006ba5_H_G
6121,2,train,0.01806516759097576,pdb_00002exy_C_D
6122,2,train,0.015090563334524632,pdb_00007tpd_E_F
6123,2,train,0.7379176616668701,pdb_00007ley_D_E
6124,2,train,0.5536248683929443,pdb_00005aam_B1_B2
6125,2,train,0.582460880279541,pdb_00007zfe_J_K
6126,2,train,0.023545758798718452,pdb_00008dwc_E1_E2
6127,2,train,1.3206948041915894,pdb_00008tea_H_G
6128,2,train,0.7381765842437744,pdb_00009cq4_H_L
6129,2,train,0.9932096004486084,pdb_00009mtj_M_N
6130,2,train,0.7672815322875977,pdb_00007cgw_H_L
6131,2,train,0.6687080264091492,pdb_00007lop_B_C
6132,2,train,0.8308696150779724,pdb_00008u44_V_X
6133,2,train,0.7879092693328857,pdb_00008jin_P2_P1
6134,2,train,0.6862787008285522,pdb_00007d85_E_F
6135,2,train,0.035013314336538315,pdb_00009erx_F1_F2
6136,2,train,0.7424253225326538,pdb_00001dee_F_E
6137,2,train,0.6225745677947998,pdb_00005xhv_H_L
6138,2,train,0.9245598912239075,pdb_00007uzc_E_F
6139,2,train,0.54082852602005,pdb_00007kfw_F_G
6140,2,train,0.6463022232055664,pdb_00007lop_H_L
6141,2,train,1.0641679763793945,pdb_00004v1d_A_B
6142,2,train,0.0338548943400383,pdb_00008xxh_S1_S2
6143,2,train,0.9551010727882385,pdb_00005wko_K_L
6144,2,train,0.015601829625666142,pdb_00009uan_E1_E2
6145,2,train,1.2133898735046387,pdb_00007y6l_H_L
6146,2,train,0.859445333480835,pdb_00001fdl_H_L
6147,2,train,0.9652045965194702,pdb_00009gwt_H_L
6148,2,train,0.37379902601242065,pdb_00007wnb_H_L
6149,2,train,1.3055939674377441,pdb_00008ywe_C2_C1
6150,2,train,0.7301487326622009,pdb_00009ib3_H_L
6151,2,train,0.02951572649180889,pdb_00008x8n_E1_E2
6152,2,train,0.9895841479301453,pdb_00002x7l_H_L
6153,2,train,0.02573840133845806,pdb_00007x5h_E1_E2
6154,2,train,1.4300813674926758,pdb_00007ey5_H_L
6155,2,train,0.7882745862007141,pdb_00008gy5_H_L
6156,2,train,0.5186378955841064,pdb_00007pry_A_B
6157,2,train,0.6556127071380615,pdb_00008ywe_B2_B1
6158,2,train,0.012379806488752365,pdb_00007eo2_E1_E2
6159,2,train,0.5615270733833313,pdb_00008hpf_M_N
6160,2,train,0.040138013660907745,pdb_00007cvs_E_F
6161,2,train,0.9714117050170898,pdb_00009yyu_I_M
6162,2,train,0.11251843720674515,pdb_00002itd_A_B
6163,2,train,0.03242024779319763,pdb_00008i7v_E1_E2
6164,2,train,0.01053770724684,pdb_00008y62_E1_E2
6165,2,train,0.6839209198951721,pdb_00001nbz_B_A
6166,2,train,0.017980175092816353,pdb_00008wwj_E1_E2
6167,2,train,0.01189829409122467,pdb_00009b65_S1_S2
6168,2,train,0.9731683731079102,pdb_00007qnx_A_B
6169,2,train,1.2474812269210815,pdb_00009lae_H_L
6170,2,train,0.9442893266677856,pdb_00009mq9_J_N
6171,2,train,0.8774415254592896,pdb_00007pa7_eee2_eee1
6172,2,train,0.9745975732803345,pdb_00001tpx_B_C
6173,2,train,1.385208010673523,pdb_00008tpa_D_E
6174,2,train,0.46767762303352356,pdb_00006w41_H_L
6175,2,train,0.04418215528130531,pdb_00008f7q_E1_E2
6176,2,train,1.754726767539978,pdb_00003lzf_H_L
6177,2,train,0.11132776737213135,pdb_00007cvt_C_D
6178,2,train,0.6552762389183044,pdb_00002eks_B_A
6179,2,train,0.6042594909667969,pdb_00009n7q_E_G
6180,2,train,0.8837361931800842,pdb_00009kve_E_G
6181,2,train,0.11864231526851654,pdb_00007k60_M2_M1
6182,2,train,1.3268156051635742,pdb_00007rr0_B_C
6183,2,train,1.1454302072525024,pdb_00003bsz_N_M
6184,2,train,1.281638741493225,pdb_00004ubd_G_H
6185,2,train,0.032583676278591156,pdb_00002r9h_E_F
6186,2,train,0.8699281811714172,pdb_00009bdh_H_L
6187,2,train,0.735824704170227,pdb_00007jum_J1_J2
6188,2,train,1.4569745063781738,pdb_00001g9n_H_L
6189,2,train,0.7692607641220093,pdb_00007sk4_D_C
6190,2,train,1.2465415000915527,pdb_00009wai_E_F
6191,2,train,1.1218454837799072,pdb_00006a4k_J_N
6192,2,train,0.15582886338233948,pdb_00001j1o_H_L
6193,2,train,1.4315946102142334,pdb_00004hg4_P_Q
6194,2,train,0.07133464515209198,pdb_00003hpl_A_B
6195,2,train,0.03770837560296059,pdb_00007vie_E1_E2
6196,2,train,1.0569614171981812,pdb_00006jod_H_L
6197,2,train,0.019874949008226395,pdb_00007evy_E1_E2
6198,2,train,0.9765508770942688,pdb_00008g5a_I_M
6199,2,train,1.3402833938598633,pdb_00009vca_H_L
6200,2,train,0.023103870451450348,pdb_00008f7w_E1_E2
6201,2,train,1.383960247039795,pdb_00008vte_D_C
6202,2,train,0.02064500004053116,pdb_00009jh3_S1_S2
6203,2,train,1.7996503114700317,pdb_00008c7h_L_K
6204,2,train,0.017462629824876785,pdb_00009lr2_S1_S2
6205,2,train,0.4646089971065521,pdb_00007zfe_F_G
6206,2,train,1.1690645217895508,pdb_00009oar_B_D
6207,2,train,0.5477731227874756,pdb_00009n7q_D_F
6208,2,train,0.8504994511604309,pdb_00008e2u_H_L
6209,2,train,0.05365689471364021,pdb_00008vrn_J_I
6210,2,train,0.9850276112556458,pdb_00008vk1_F_E
6211,2,train,0.5788823962211609,pdb_00009n7q_H_L
6212,2,train,0.942829966545105,pdb_00002ybr_D_E
6213,2,train,1.3958797454833984,pdb_00006mtq_H_L
6214,2,train,0.949889063835144,pdb_00005h35_F_G
6215,2,train,0.8905766010284424,pdb_00006a4k_K_O
6216,2,train,0.881973147392273,pdb_00008suo_H_L
6217,2,train,1.4852445125579834,pdb_00009y41_H_L
6218,2,train,0.7245358824729919,pdb_00004qci_B_A
6219,2,train,1.0387465953826904,pdb_00006ii9_H_L
6220,2,train,0.418520987033844,pdb_00001ndm_B_A
6221,2,train,0.035675883293151855,pdb_00009yda_H1_H2
6222,2,train,0.8727024793624878,pdb_00009vhz_A_B
6223,2,train,0.9586053490638733,pdb_00007l0l_H_L
6224,2,train,0.04569677636027336,pdb_00007k78_K1_K2
6225,2,train,0.7997075319290161,pdb_00006iap_H_L
6226,2,train,1.2412426471710205,pdb_00007m3l_B_C
6227,2,train,0.017138056457042694,pdb_00007eq1_S1_S2
6228,2,train,1.2285887002944946,pdb_00002zcl_H_L
6229,2,train,0.7835832834243774,pdb_00008vgp_H_L
6230,2,train,0.03665759414434433,pdb_00007k5y_M2_M1
6231,2,train,0.014357148669660091,pdb_00008iu2_S1_S2
6232,2,train,0.7840143442153931,pdb_00007wk0_D_E
6233,2,train,1.2515660524368286,pdb_00008eeu_H_L
6234,2,train,0.3280832767486572,pdb_00006vmk_S_R
6235,2,train,0.748623788356781,pdb_00009cpp_H_L
6236,2,train,1.2572038173675537,pdb_00006d0u_H_I
6237,2,train,0.7800737619400024,pdb_00007ucq_K1_K2
6238,2,train,0.48591384291648865,pdb_00004tnw_J_M
6239,2,train,0.7850126028060913,pdb_00006ogx_H_L
6240,2,train,0.03049996681511402,pdb_00008yn8_E1_E2
6241,2,train,1.0098867416381836,pdb_00007zfc_H_L
6242,2,train,0.9765024781227112,pdb_00007wro_H_L
6243,2,train,0.012126256711781025,pdb_00007x10_E1_E2
6244,2,train,0.9491578340530396,pdb_00008w86_E_F
6245,2,train,0.48316290974617004,pdb_00007f7h_A_B
6246,2,train,0.03036743588745594,pdb_00007ujk_E_F
6247,2,train,0.8128033876419067,pdb_00006t3j_F_G
6248,2,train,0.9173946976661682,pdb_00009js7_J_M
6249,2,train,0.5234290361404419,pdb_00001xgr_B_A
6250,2,train,1.2542773485183716,pdb_00006gv1_H_L
6251,2,train,0.921902060508728,pdb_00007s0x_C_D
6252,2,train,0.04628068953752518,pdb_00007k63_N2_N1
6253,2,train,1.2290266752243042,pdb_00008zd5_H_I
6254,2,train,0.5132253170013428,pdb_00007xcz_D_E
6255,2,train,0.04068497568368912,pdb_00008vfx_M2_M1
6256,2,train,0.6942209005355835,pdb_00003eo1_H_G
6257,2,train,1.2128167152404785,pdb_00003c09_C_B
6258,2,train,0.7337930202484131,pdb_00009n4f_O_P
6259,2,train,1.1615560054779053,pdb_00006xpz_E_F
6260,2,train,1.1508705615997314,pdb_00008f6l_A_B
6261,2,train,0.8273179531097412,pdb_00008gv6_G_H
6262,2,train,0.8755651712417603,pdb_00007rku_J_K
6263,2,train,0.22018934786319733,pdb_00008ihf_S1_S2
6264,2,train,0.021288199350237846,pdb_00002h2s_C_D
6265,2,train,0.14949993789196014,pdb_00001j1p_H_L
6266,2,train,0.020678233355283737,pdb_00008xzf_S1_S2
6267,2,train,0.011321655474603176,pdb_00009kfj_S1_S2
6268,2,train,0.646439790725708,pdb_00008jqn_H_L
6269,2,train,0.024878358468413353,pdb_00002ht2_E_F
6270,2,train,0.8038574457168579,pdb_00009l6c_H_L
6271,2,train,0.5703557729721069,pdb_00009lrf_H_L
6272,2,train,1.3772103786468506,pdb_00006ba5_B_A
6273,2,train,0.8561410307884216,pdb_00006uig_B_C
6274,2,train,0.03111080266535282,pdb_00007ew7_E1_E2
6275,2,train,0.5096076130867004,pdb_00007nx7_H_L
6276,2,train,0.8283658027648926,pdb_00007x6o_J_L
6277,2,train,0.026193145662546158,pdb_00002vdq_H_L
6278,2,train,0.013115025125443935,pdb_00007vuz_S1_S2
6279,2,train,0.01993788592517376,pdb_00009ik9_E1_E2
6280,2,train,0.03845881670713425,pdb_00009ldx_S1_S2
6281,2,train,1.0273884534835815,pdb_00007tp3_H_L
6282,2,train,0.48388975858688354,pdb_00006b9z_B_A
6283,2,train,0.16546626389026642,pdb_00001c08_B_A
6284,2,train,0.016604626551270485,pdb_00008zqe_S1_S2
6285,2,train,0.4982936680316925,pdb_00004zff_H_L
6286,2,train,0.8320060968399048,pdb_00004gxu_U_V
6287,2,train,0.04209383577108383,pdb_00008xjn_E1_E2
6288,2,train,0.8756545782089233,pdb_00008dnn_B_C
6289,2,train,0.06689811497926712,pdb_00007ej0_H1_H2
6290,2,train,0.6686932444572449,pdb_00009jy4_P_O
6291,2,train,0.011369220912456512,pdb_00009cgj_E1_E2
6292,2,train,0.9073874950408936,pdb_00002x7l_C_D
6293,2,train,0.040698450058698654,pdb_00003t3m_H_L
6294,2,train,0.9469584822654724,pdb_00008q6j_D_C
6295,2,train,0.601152241230011,pdb_00004dkf_H_L
6296,2,train,0.34177255630493164,pdb_00009our_J_K
6297,2,train,0.017573220655322075,pdb_00008wwn_E1_E2
6298,2,train,0.40280258655548096,pdb_00007ch5_H_L
6299,2,train,0.7190281748771667,pdb_00004yk4_C_B
6300,2,train,1.4502004384994507,pdb_00005w3e_E_G
6301,2,train,0.8043310046195984,pdb_00007rk1_C1_C2
6302,2,train,0.5344442129135132,pdb_00007zf9_A_B
6303,2,train,1.3769512176513672,pdb_00009mth_M_N
6304,2,train,0.5718744993209839,pdb_00007x1m_H_L
6305,2,train,0.03617312014102936,pdb_00008k3z_S1_S2
6306,2,train,0.09771806746721268,pdb_00002itc_A_B
6307,2,train,0.6903549432754517,pdb_00007bpk_C_D
6308,2,train,1.0954923629760742,pdb_00007t3d_O_Q
6309,2,train,0.9809688329696655,pdb_00006vc9_H_L
6310,2,train,1.1437879800796509,pdb_00004ffv_D_C
6311,2,train,0.5322149991989136,pdb_00008jel_C_D
6312,2,train,0.8959915041923523,pdb_00006k7o_F_G
6313,2,train,0.6826878190040588,pdb_00002i9l_B_A
6314,2,train,0.9440324306488037,pdb_00008bg1_G_H
6315,2,train,1.1550672054290771,pdb_00008d9y_H_G
6316,2,train,1.3810747861862183,pdb_00008tfn_H_L
6317,2,train,0.34222346544265747,pdb_00004hjg_B_A
6318,2,train,0.02085469849407673,pdb_00009plo_S1_S2
6319,2,train,0.38236796855926514,pdb_00008i5h_E_F
6320,2,train,0.06475939601659775,pdb_00007m2j_A_B
6321,2,train,1.3176926374435425,pdb_00008zd5_E_F
6322,2,train,1.0051887035369873,pdb_00001nsn_H_L
6323,2,train,0.6904165744781494,pdb_00009iz9_O_P
6324,2,train,0.03482405096292496,pdb_00006k5d_E_F
6325,2,train,0.9454022645950317,pdb_00008ee8_D_C
6326,2,train,0.38934436440467834,pdb_00001xgu_B_A
6327,2,train,0.7540356516838074,pdb_00005jz7_C_D
6328,2,train,1.142185926437378,pdb_00007l7e_E_F
6329,2,train,0.08638282865285873,pdb_00004z7n_E_F
6330,2,train,1.3516862392425537,pdb_00009e3l_K_L
6331,2,train,1.4461661577224731,pdb_00008erq_H_L
6332,2,train,0.7082827091217041,pdb_00009cq4_C_D
6333,2,train,0.9416040182113647,pdb_00009hub_I_M
6334,2,train,0.017027560621500015,pdb_00007y67_S1_S2
6335,2,train,0.11356395483016968,pdb_00008zbe_E1_E2
6336,2,train,0.18210507929325104,pdb_00009zq9_I2_I1
6337,2,train,0.40766000747680664,pdb_00007s0b_A_B
6338,2,train,0.8238168954849243,pdb_00007fcp_B_D
6339,2,train,0.04843667149543762,pdb_00009ns9_N1_N2
6340,2,train,1.3071202039718628,pdb_00008hgm_C_D
6341,2,train,1.1490954160690308,pdb_00007ec5_E_F
6342,2,train,1.3227307796478271,pdb_00005hbt_D_C
6343,2,train,1.0954437255859375,pdb_00009j4c_H_L
6344,2,train,1.3291900157928467,pdb_00004ffw_H_L
6345,2,train,1.2012968063354492,pdb_00008hpu_H_L
6346,2,train,0.9090914726257324,pdb_00008eed_I_J
6347,2,train,0.9126395583152771,pdb_00004am0_C_D
6348,2,train,0.17388899624347687,pdb_00009zqc_I2_I1
6349,2,train,0.023932671174407005,pdb_00007trk_H1_H2
6350,2,train,1.2620145082473755,pdb_00003klh_D_C
6351,2,train,0.8857195377349854,pdb_00005ugy_J_N
6352,2,train,0.032796528190374374,pdb_00006e0p_N1_N2
6353,2,train,0.32949432730674744,pdb_00003rhw_J_M
6354,2,train,0.026855306699872017,pdb_00007y66_S1_S2
6355,2,train,0.8940176963806152,pdb_00009npg_A_B
6356,2,train,0.6974928379058838,pdb_00007dk2_A_B
6357,2,train,0.032542381435632706,pdb_00008eit_E1_E2
6358,2,train,0.014968104660511017,pdb_00008vve_E1_E2
6359,2,train,0.7328134179115295,pdb_00007rxl_C_D
6360,2,train,1.6348203420639038,pdb_00003mj9_H_L
6361,2,train,0.43297484517097473,pdb_00005aaw_B1_B2
6362,2,train,1.28052818775177,pdb_00004xhj_H_G
6363,2,train,0.19163092970848083,pdb_00009ge3_F1_F2
6364,2,train,1.0264503955841064,pdb_00008dwx_X_W
6365,2,train,0.3922099471092224,pdb_00006txz_K_O
6366,2,train,0.7226904630661011,pdb_00003v4p_M_N
6367,2,train,0.8735687136650085,pdb_00008ol9_B_A
6368,2,train,0.16850996017456055,pdb_00008jt6_E1_E2
6369,2,train,1.3669248819351196,pdb_00003mxw_H_L
6370,2,train,0.647814154624939,pdb_00009lae_A_B
6371,2,train,0.7613842487335205,pdb_00007bbj_M_N
6372,2,train,0.8557732105255127,pdb_00008sdf_H_L
6373,2,train,0.4432190954685211,pdb_00008bcz_C_D
6374,2,train,0.015769876539707184,pdb_00009izf_S1_S2
6375,2,train,0.877507746219635,pdb_00007rxj_H_L
6376,2,train,0.765607476234436,pdb_00004gxu_Q_R
6377,2,train,0.5029032826423645,pdb_00008jen_A_B
6378,2,train,0.022804133594036102,pdb_00008utd_D1_D2
6379,2,train,1.1177042722702026,pdb_00008rmy_E_F
6380,2,train,0.016551615670323372,pdb_000021ag_S1_S2
6381,2,train,1.0836212635040283,pdb_00007shy_I_J
6382,2,train,0.8690150380134583,pdb_00006ogx_C_D
6383,2,train,0.017057830467820168,pdb_00007yj4_S1_S2
6384,2,train,0.6538680195808411,pdb_00008w2e_D_C
6385,2,train,0.6919770836830139,pdb_00006vvu_H_L
6386,2,train,0.03440941870212555,pdb_00008xqe_S1_S2
6387,2,train,0.7107773423194885,pdb_00009hhr_F_E
6388,2,train,0.3583109676837921,pdb_00004tnw_Y_g
6389,2,train,0.8647565245628357,pdb_00007pry_H_L
6390,2,train,0.45458880066871643,pdb_00008jen_E_F
6391,2,train,0.018681613728404045,pdb_00008jhy_S1_S2
6392,2,train,0.783413290977478,pdb_00004dgi_H_L
6393,2,train,0.8207923173904419,pdb_00004oii_H_L
6394,2,train,0.7432353496551514,pdb_00008cma_H_L
6395,2,train,0.010483982041478157,pdb_00009f33_E1_E2
6396,2,train,0.6412656307220459,pdb_00004gxu_S_T
6397,2,train,0.6250277161598206,pdb_00008h7z_F_I
6398,2,train,1.0567024946212769,pdb_00005a3i_C_D
6399,2,train,0.8460597395896912,pdb_00009cfe_A_B
6400,2,train,0.8701490759849548,pdb_00007xda_B_C
6401,2,train,0.8238818645477295,pdb_00006hxw_H_L
6402,2,train,0.959137499332428,pdb_00009ma7_F_G
6403,2,train,0.14383478462696075,pdb_00002ht4_E_F
6404,2,train,1.377370834350586,pdb_00009mth_H_L
6405,2,train,0.9325786828994751,pdb_00009h4s_X_Y
6406,2,train,0.8731260895729065,pdb_00009h4s_H_L
6407,2,train,0.42113736271858215,pdb_00009nz3_F_E
6408,2,train,1.0404342412948608,pdb_00007uzd_H_L
6409,2,train,1.555258870124817,pdb_00006wmw_H_L
6410,2,train,0.060447778552770615,pdb_00008evg_M1_M2
6411,2,train,0.7647494673728943,pdb_00009lho_O_N
6412,2,train,0.5088303685188293,pdb_00009cpu_F_G
6413,2,train,0.008963159285485744,pdb_00008jxv_E1_E2
6414,2,train,1.2495996952056885,pdb_00006ba5_D_C
6415,2,train,1.019158124923706,pdb_00008gpu_C_D
6416,2,train,0.7761804461479187,pdb_00008f6x_F1_F2
6417,2,train,0.009055621922016144,pdb_00008dzr_E1_E2
6418,2,train,0.7172572612762451,pdb_00007rk1_D1_D2
6419,2,train,0.020203575491905212,pdb_00009iy8_S1_S2
6420,2,train,0.45134127140045166,pdb_00008w2e_F_E
6421,2,train,0.021522458642721176,pdb_00009kpe_S1_S2
6422,2,train,1.3495512008666992,pdb_00009e3h_H_L
6423,2,train,0.9072642922401428,pdb_00006hjp_G_H
6424,2,train,0.8853914141654968,pdb_00007w71_H_L
6425,2,train,0.9617593884468079,pdb_00008el2_H_L
6426,2,train,0.3654067814350128,pdb_00009exa_F_E
6427,2,train,0.9032225608825684,pdb_00009bt5_E_F
6428,2,train,1.3415651321411133,pdb_00008dwy_H_L
6429,2,train,0.009006466716527939,pdb_00007t6v_E1_E2
6430,2,train,0.7520451545715332,pdb_00003qum_K_M
6431,2,train,0.8134943246841431,pdb_00009ctw_F_E
6432,2,train,0.878718376159668,pdb_00006ss4_HHH_LLL
6433,2,train,0.45573267340660095,pdb_00007sts_A_B
6434,2,train,0.2290591150522232,pdb_00004tnw_F_N
6435,2,train,0.7488620281219482,pdb_00006cyf_U_T
6436,2,train,1.5073820352554321,pdb_00009ivj_H_L
6437,2,train,0.02646820619702339,pdb_00009kfk_S1_S2
6438,2,train,0.058128923177719116,pdb_00003gb7_A_B
6439,2,train,0.0806264653801918,pdb_00003ejy_C_D
6440,2,train,0.6896493434906006,pdb_00006wzl_A_B
6441,2,train,0.00804983451962471,pdb_00008gag_S1_S2
6442,2,train,0.8012220859527588,pdb_00002x7l_J_K
6443,2,train,0.5921737551689148,pdb_00001g7h_B_A
6444,2,train,0.9635925889015198,pdb_00009c0v_H_L
6445,2,train,0.05601242929697037,pdb_00008j6p_S1_S2
6446,2,train,0.5840588212013245,pdb_00008jel_F_G
6447,2,train,0.5716581344604492,pdb_00002i9l_H_G
6448,2,train,0.9494447708129883,pdb_00007ahu_B_A
6449,2,train,0.8350746631622314,pdb_00007ua8_H1_H2
6450,2,train,0.6677823066711426,pdb_00003dvg_B_A
6451,2,train,0.6398271918296814,pdb_00007y7m_F_G
6452,2,train,0.6579866409301758,pdb_00003nh7_K_O
6453,2,train,0.6976446509361267,pdb_00007dk2_G_H
6454,2,train,0.8091516494750977,pdb_00001dzb_B1_B2
6455,2,train,1.177374243736267,pdb_00004u6h_A_B
6456,2,train,0.038773685693740845,pdb_00009v2n_S1_S2
6457,2,train,1.135981559753418,pdb_00007dm1_F_E
6458,2,train,0.9365946650505066,pdb_00008cz8_A2_A1
6459,2,train,0.09188564121723175,pdb_00006x3s_J_I
6460,2,train,1.044538140296936,pdb_00007dm1_D_C
6461,2,train,0.3176192045211792,pdb_00005aaw_K1_K2
6462,2,train,0.01592882350087166,pdb_00008jxt_E1_E2
6463,2,train,0.6883307099342346,pdb_00005xhv_P_Q
6464,2,train,0.8760902881622314,pdb_00009iru_B_A
6465,2,train,0.8486368060112,pdb_00008sit_H_L
6466,2,train,0.7186420559883118,pdb_00008cn9_B_A
6467,2,train,0.8558862209320068,pdb_00009ci8_B_A
6468,2,train,1.1041663885116577,pdb_00009sat_H_L
6469,2,train,0.755137026309967,pdb_00004np4_H_L
6470,2,train,0.6457201838493347,pdb_00009u5p_B_C
6471,2,train,0.17501378059387207,pdb_00002dqi_H_L
6472,2,train,1.184822916984558,pdb_00007unb_H_L
6473,2,train,1.0935637950897217,pdb_00007det_D1_D2
6474,2,train,0.785250186920166,pdb_00008ebp_H_L
6475,2,train,0.8467720746994019,pdb_00008dce_H1_H2
6476,2,train,0.5382054448127747,pdb_00008dn6_C_D
6477,2,train,0.04137624800205231,pdb_00007ejk_H1_H2
6478,2,train,0.034971918910741806,pdb_000022es_E1_E2
6479,2,train,0.9208651185035706,pdb_00007k9z_B_A
6480,2,train,1.793583869934082,pdb_00008tzn_G_H
6481,2,train,1.2861379384994507,pdb_00009mtl_M_N
6482,2,train,1.3362677097320557,pdb_00008w5h_H_L
6483,2,train,0.5312715172767639,pdb_00003dvn_B_A
6484,2,train,0.530098557472229,pdb_00008j26_B_A
6485,2,train,0.5669233202934265,pdb_00008jkh_H_L
6486,2,train,1.0640069246292114,pdb_00009b2m_E_F
6487,2,train,0.08610718697309494,pdb_00007u9f_E_F
6488,2,train,0.6627950072288513,pdb_00007jmw_H_L
6489,2,train,0.695030689239502,pdb_00009lho_T_S
6490,2,train,0.4407196044921875,pdb_00008z2e_H_L
6491,2,train,0.4713689684867859,pdb_00008jen_C_D
6492,2,train,0.8839125633239746,pdb_00007ua2_B1_B2
6493,2,train,0.042652156203985214,pdb_00007vla_S1_S2
6494,2,train,0.03349459916353226,pdb_00002vdm_H_L
6495,2,train,1.0804049968719482,pdb_00009y0e_A_B
6496,2,train,1.0333763360977173,pdb_00009n4e_K_M
6497,2,train,0.3559410870075226,pdb_00007x1m_C_D
6498,2,train,0.44215402007102966,pdb_00007c01_H_L
6499,2,train,0.8489977717399597,pdb_00009js7_I_L
6500,2,train,1.0393584966659546,pdb_00009kve_A_B
6501,2,train,0.9127036929130554,pdb_00008khr_H_L
6502,2,train,0.012504101730883121,pdb_00008xqf_S1_S2
6503,2,train,0.7569451928138733,pdb_00008ut2_H_G
6504,2,train,1.1428052186965942,pdb_00001fj1_B_A
6505,2,train,0.02185254916548729,pdb_00007w2z_S1_S2
6506,2,train,0.8985586166381836,pdb_00008jqm_M_N
6507,2,train,0.7309084534645081,pdb_00006vvu_G_I
6508,2,train,0.6500617861747742,pdb_00009lho_I_H
6509,2,train,0.7912617921829224,pdb_00006k7o_D_E
6510,2,train,0.7239826917648315,pdb_00008bg5_A1_A2
6511,2,train,0.7866334915161133,pdb_00004hg4_R_S
6512,2,train,0.9195253849029541,pdb_00005wko_I_J
6513,2,train,0.8108833432197571,pdb_00004hg4_J_K
6514,2,train,0.027335278689861298,pdb_00002ht3_E_F
6515,2,train,1.0364724397659302,pdb_00007q6c_H_L
6516,2,train,0.015830956399440765,pdb_00008jlr_S1_S2
6517,2,train,0.6618043184280396,pdb_00006gv4_H_L
6518,2,train,0.8978716731071472,pdb_00005umi_H_L
6519,2,train,0.8010329604148865,pdb_00002vwe_E_C
6520,2,train,0.7467455863952637,pdb_00009me5_I_M
6521,2,train,0.029273705556988716,pdb_00008jgb_S1_S2
6522,2,train,0.027290930971503258,pdb_00008h0p_E1_E2
6523,2,train,0.4923991858959198,pdb_00001g7m_B_A
6524,2,train,0.5498466491699219,pdb_00003b2u_T_U
6525,2,train,0.5108039975166321,pdb_00007kfw_H_L
6526,2,train,1.0698167085647583,pdb_00009n5z_A_B
6527,2,train,0.7327706217765808,pdb_00005jz7_J_K
6528,2,train,1.1344367265701294,pdb_00007mzj_N_M
6529,2,train,0.006566950120031834,pdb_00009buy_E1_E2
6530,2,train,0.010896223597228527,pdb_00009bqj_E1_E2
6531,2,train,0.9076970815658569,pdb_00007wur_G_H
6532,2,train,0.8120336532592773,pdb_00009fys_B_C
6533,2,train,0.03487116098403931,pdb_00004z7o_E_F
6534,2,train,0.8001867532730103,pdb_00008sdf_B_C
6535,2,train,0.009981781244277954,pdb_00009x20_E1_E2
6536,2,train,0.6164575219154358,pdb_00001ors_B_A
6537,2,train,0.8718491792678833,pdb_00007woc_A_B
6538,2,train,0.7639744877815247,pdb_00007ubs_I1_I2
6539,2,train,0.10333612561225891,pdb_00002dqj_H_L
6540,2,train,1.0864841938018799,pdb_00001adq_H_L
6541,2,train,0.25121521949768066,pdb_00006x40_K_L
6542,2,train,0.8647047877311707,pdb_00007l0l_I_K
6543,2,train,0.4125913083553314,pdb_00008i5h_H_L
6544,2,train,0.013422002084553242,pdb_00007qvm_S1_S2
6545,2,train,1.3741225004196167,pdb_00008tp5_H_L
6546,2,train,1.0927094221115112,pdb_00006dfi_H_L
6547,2,train,0.012800371274352074,pdb_00007uh8_E_F
6548,2,train,0.05586101859807968,pdb_00008ij3_S1_S2
6549,2,train,0.033530957996845245,pdb_00008jln_S1_S2
6550,2,train,0.7160282135009766,pdb_00009udq_F_A
6551,2,train,0.6732561588287354,pdb_00007dpm_G_H
6552,2,train,0.6356522440910339,pdb_00007yvm_C_A
6553,2,train,0.7301139831542969,pdb_00008hws_D_E
6554,2,train,0.017720520496368408,pdb_00007udh_E_F
6555,2,train,0.09584008157253265,pdb_00008ubi_N2_N1
6556,2,train,1.200054407119751,pdb_00009hvw_H_L
6557,2,train,0.04203923046588898,pdb_00008ef5_E1_E2
6558,2,train,0.6722643375396729,pdb_00002yss_B_A
6559,2,train,0.9089245796203613,pdb_00008u4q_H_L
6560,2,train,0.3085862100124359,pdb_00008i5h_B_C
6561,2,train,0.9114118814468384,pdb_00009cpv_H_L
6562,2,train,0.5410064458847046,pdb_00007cho_H_L
6563,2,train,1.1234982013702393,pdb_00007u9w_H1_H2
6564,2,train,0.7781296968460083,pdb_00004hg4_V_W
6565,2,train,0.8602002263069153,pdb_00009npg_K_J
6566,2,train,0.2038947343826294,pdb_00006adc_C_D
6567,2,train,0.034216661006212234,pdb_00006os9_D1_D2
6568,2,train,0.5489701628684998,pdb_00007x63_H_L
6569,2,train,0.9733244776725769,pdb_00007uvq_D_E
6570,2,train,0.5329393148422241,pdb_00006yor_B_C
6571,2,train,1.2392125129699707,pdb_00008gb5_I_H
6572,2,train,0.8375758528709412,pdb_00006hjp_I_J
6573,2,train,1.1913090944290161,pdb_00006jep_H_L
6574,2,train,0.017480773851275444,pdb_00009ije_D1_D2
6575,2,train,0.03106415644288063,pdb_00007ubr_E_F
6576,2,train,0.07594339549541473,pdb_00007l1u_H1_H2
6577,2,train,0.6107408404350281,pdb_00001tzi_B_A
6578,2,train,0.9211142659187317,pdb_00004ffw_D_C
6579,2,train,1.041766881942749,pdb_00006ban_H_G
6580,2,train,0.6752527952194214,pdb_00008eoo_H_L
6581,2,train,0.05664977431297302,pdb_00003or7_A_B
6582,2,train,1.3703742027282715,pdb_00005d1z_F_E
6583,2,train,0.7591111660003662,pdb_00005ugy_I_M
6584,2,train,0.2576347589492798,pdb_00008ihi_S1_S2
6585,2,train,0.6988797187805176,pdb_00009bt5_C_D
6586,2,train,0.46198606491088867,pdb_00008as0_E_D
6587,2,train,0.013214603066444397,pdb_00007v68_S1_S2
6588,2,train,1.1626826524734497,pdb_00009e3h_J_K
6589,2,train,0.040530119091272354,pdb_00009iv1_S1_S2
6590,2,train,0.7232717275619507,pdb_00008zh7_E_F
6591,2,train,0.3865426182746887,pdb_00008wnp_B_A
6592,2,train,0.08756879717111588,pdb_00009ejz_H1_H2
6593,2,train,1.0028176307678223,pdb_00002ybr_A_B
6594,2,train,0.7923239469528198,pdb_00003g6j_F_E
6595,2,train,0.023627804592251778,pdb_00008xzh_S1_S2
6596,2,train,1.0250773429870605,pdb_00001rjl_B_A
6597,2,train,0.6675101518630981,pdb_00007zmk_S_T
6598,2,train,0.014648200944066048,pdb_00008g94_E1_E2
6599,2,train,0.7399833798408508,pdb_00009oj4_B_A
6600,2,train,0.03717712312936783,pdb_00007dw9_S1_S2
6601,2,train,0.861738920211792,pdb_00005wko_C_D
6602,2,train,0.6397520303726196,pdb_00009ixa_H_L
6603,2,train,0.6305378079414368,pdb_00005wk3_S_R
6604,2,train,0.45976096391677856,pdb_00006b3s_F_G
6605,2,train,0.9210026860237122,pdb_00007t3d_C_D
6606,2,train,0.6790479421615601,pdb_00008tnt_E_D
6607,2,train,0.05834595113992691,pdb_00002hjf_A_B
6608,2,train,0.027138393372297287,pdb_00008t3v_N1_N2
6609,2,train,0.02231316640973091,pdb_00008k6o_S1_S2
6610,2,train,0.7805435657501221,pdb_00009og1_B_C
6611,2,train,0.2786150872707367,pdb_00003ri5_J_M
6612,2,train,0.48051217198371887,pdb_00003s37_H_L
6613,2,train,0.015186659060418606,pdb_00009k3f_S1_S2
6614,2,train,1.0195462703704834,pdb_00009mtj_H_L
6615,2,train,0.602240264415741,pdb_00009jy4_R_Q
6616,2,train,0.44889020919799805,pdb_00007pry_F_G
6617,2,train,0.2855692207813263,pdb_00001dqj_B_A
6618,2,train,1.4625238180160522,pdb_00004g3y_H_L
6619,2,train,0.8497931361198425,pdb_00008ee8_H_L
6620,2,train,0.9748368263244629,pdb_00009mqd_H_L
6621,2,train,0.7058185935020447,pdb_00001jhl_H_L
6622,2,train,0.685798168182373,pdb_00007wwk_I_H
6623,2,train,0.01546498853713274,pdb_00007euo_S1_S2
6624,2,train,0.7793229818344116,pdb_00004f3f_B_A
6625,2,train,0.599271833896637,pdb_00006ii4_H_L
6626,2,train,1.0228855609893799,pdb_00008bcz_H_L
6627,2,train,0.797423243522644,pdb_00003fku_S1_S2
6628,2,train,0.9640577435493469,pdb_00007yvl_A_C
6629,2,train,1.2938287258148193,pdb_00007rco_D_C
6630,2,train,0.8537560105323792,pdb_00007x93_E_F
6631,2,train,1.0888289213180542,pdb_00008w5n_H_L
6632,2,train,0.7592741250991821,pdb_00007vyr_H_L
6633,2,train,0.8166132569313049,pdb_00003g6d_H_L
6634,2,train,0.05749538913369179,pdb_00008g05_E1_E2
6635,2,train,0.46741756796836853,pdb_00008bg4_A1_A2
6636,2,train,0.8729508519172668,pdb_00006ii9_M_N
6637,2,train,1.1247671842575073,pdb_00008dwy_V_U
6638,2,train,0.026094729080796242,pdb_00007yon_S1_S2
6639,2,train,0.7514621615409851,pdb_00004okv_C_D
6640,2,train,0.014645341783761978,pdb_00007vfx_S1_S2
6641,2,train,0.8992362022399902,pdb_00006jep_K_I
6642,2,train,0.7182781100273132,pdb_00003vrl_E_F
6643,2,train,0.6772395968437195,pdb_00004odx_H_B
6644,2,train,0.026235822588205338,pdb_00009jks_S1_S2
6645,2,train,0.802528440952301,pdb_00007ucq_H1_H2
6646,2,train,0.011076094582676888,pdb_00009jlc_S1_S2
6647,2,train,0.3747519254684448,pdb_00007kfv_F_G
6648,2,train,0.36214277148246765,pdb_00007kfv_C_D
6649,2,train,0.021448606625199318,pdb_00009vo1_E1_E2
6650,2,train,0.022873179987072945,pdb_00009m54_S1_S2
6651,2,train,0.6585935950279236,pdb_00008i0n_I_M
6652,2,train,0.014200626872479916,pdb_00007jvr_E1_E2
6653,2,train,0.6884127855300903,pdb_00005wko_A_B
6654,2,train,0.3038967251777649,pdb_00004tsc_H_L
6655,2,train,0.02417512983083725,pdb_00009kz2_H1_H2
6656,2,train,0.22780269384384155,pdb_00002htk_C_D
6657,2,train,0.5336413979530334,pdb_00008f2j_D_F
6658,2,train,0.5100114941596985,pdb_00008smt_D_F
6659,2,train,0.02565794810652733,pdb_00009lre_E1_E2
6660,2,train,1.394728422164917,pdb_00008ezl_H1_H2
6661,2,train,1.2108467817306519,pdb_00006d0u_E_F
6662,2,train,0.9114419221878052,pdb_00007t3d_H_L
6663,2,train,0.01560817752033472,pdb_00007f9z_E1_E2
6664,2,train,0.104411281645298,pdb_00006dzt_N1_N2
6665,2,train,0.017099348828196526,pdb_00007wy0_C1_C2
6666,2,train,0.04060421884059906,pdb_00007k60_N2_N1
6667,2,train,0.07204199582338333,pdb_00009kt8_E1_E2
6668,2,train,0.758162796497345,pdb_00004l5f_H_L
6669,2,train,0.8362812995910645,pdb_00003wkm_I_M
6670,2,train,1.259079933166504,pdb_00005w08_Q_R
6671,2,train,0.00943877175450325,pdb_00009vo2_S1_S2
6672,2,train,0.03170187771320343,pdb_00007w0p_S1_S2
6673,2,train,0.5802876353263855,pdb_00008q6j_B_A
6674,2,train,0.9198791980743408,pdb_00008w83_M_N
6675,2,train,0.7311244606971741,pdb_00009hh9_E_D
6676,2,train,1.0025880336761475,pdb_00007kyo_H_L
6677,2,train,1.18299400806427,pdb_00006wtv_E_F
6678,2,train,0.061684418469667435,pdb_00008vfx_N2_N1
6679,2,train,0.8536582589149475,pdb_00009mif_H_L
6680,2,train,0.12724347412586212,pdb_00002exw_C_D
6681,2,train,0.46935200691223145,pdb_00009hhr_L_H
6682,2,train,1.3087317943572998,pdb_00009cci_B_C
6683,2,train,1.2043416500091553,pdb_00009mtl_I_J
6684,2,train,0.8501511812210083,pdb_00008dwx_Z_Y
6685,2,train,0.03179313987493515,pdb_00008ubj_N2_N1
6686,2,train,0.7169272899627686,pdb_00007wk0_A_B
6687,2,train,1.0384424924850464,pdb_00006plk_H_L
6688,2,train,0.049274083226919174,pdb_00003det_E_F
6689,2,train,0.04984660446643829,pdb_00008j19_S1_S2
6690,2,train,1.082156777381897,pdb_00004nik_B1_B2
6691,2,train,0.047336395829916,pdb_00008ia8_S1_S2
6692,2,train,0.10129272192716599,pdb_00008zfz_D1_D2
6693,2,train,1.1529262065887451,pdb_00009mla_I_L
6694,2,train,0.4948602616786957,pdb_00006ktr_A_B
6695,2,train,0.021709196269512177,pdb_00006crk_H1_H2
6696,2,train,0.6884233355522156,pdb_00001z3g_I_M
6697,2,train,0.027138007804751396,pdb_00007k63_M2_M1
6698,2,train,0.7837943434715271,pdb_00007zfc_A_B
6699,2,train,0.023164590820670128,pdb_00008iy5_E1_E2
6700,2,train,1.0840117931365967,pdb_00009o7g_C_D
6701,2,train,0.5173402428627014,pdb_00008txu_H_L
6702,2,train,0.8735604286193848,pdb_00009dn2_H_L
6703,2,train,0.8157862424850464,pdb_00009b82_H_L
6704,2,train,0.9389909505844116,pdb_00009hi4_A_B
6705,2,train,0.3935123383998871,pdb_00006b3s_J_K
6706,2,train,0.8069570660591125,pdb_00002iff_H_L
6707,2,train,0.6701217293739319,pdb_00008ut2_L_K
6708,2,train,0.6730949282646179,pdb_00007ucq_I1_I2
6709,2,train,0.7829129695892334,pdb_00007tpj_H_L
6710,2,train,0.7154879570007324,pdb_00009fyt_I_M
6711,2,train,0.029003171250224113,pdb_00009k07_E1_E2
6712,2,train,1.335777759552002,pdb_00002hmi_D_C
6713,2,train,0.44943174719810486,pdb_00008jel_A_B
6714,2,train,1.4331982135772705,pdb_00007xh8_B_C
6715,2,train,0.6959754228591919,pdb_00007sco_H_L
6716,2,train,0.9316143989562988,pdb_00005dhx_L2_L1
6717,2,train,0.0078028347343206406,pdb_00007vv5_S1_S2
6718,2,train,0.7720297574996948,pdb_00007ley_G_F
6719,2,train,0.024280138313770294,pdb_00007ra3_E1_E2
6720,2,train,0.7625885009765625,pdb_00006cyf_M_L
6721,2,train,0.5322060585021973,pdb_00008xsi_H_L
6722,2,train,0.7505702376365662,pdb_00005dhx_B2_B1
6723,2,train,0.6211049556732178,pdb_00007keo_E_F
6724,2,train,0.9828599691390991,pdb_00008dis_H_L
6725,2,train,0.031585942953825,pdb_00009jmc_E1_E2
6726,2,train,0.7297278046607971,pdb_00009mqa_I_M
6727,2,train,0.5657085180282593,pdb_00009cpw_H_L
6728,2,train,1.8644142150878906,pdb_00008jeo_B_C
6729,2,train,1.5744233131408691,pdb_00006uyn_H_L
6730,2,train,0.33992594480514526,pdb_00008f2j_A_B
6731,2,train,0.7107887864112854,pdb_00006wzm_C_D
6732,2,train,1.3558149337768555,pdb_00006s3d_E_F
6733,2,train,0.9971754550933838,pdb_00008w5l_H_L
6734,2,train,1.0898619890213013,pdb_00009mtf_I_J
6735,2,train,0.6901911497116089,pdb_00005w0k_E_F
6736,2,train,0.16070342063903809,pdb_00006x3w_K_L
6737,2,train,1.4810580015182495,pdb_00009ml8_E_F
6738,2,train,1.5009859800338745,pdb_00006wtv_H_I
6739,2,train,0.032343823462724686,pdb_00007wq3_S1_S2
6740,2,train,1.3658524751663208,pdb_00009l8z_C_B
6741,2,train,0.04665444418787956,pdb_00007trq_H1_H2
6742,2,train,0.20724265277385712,pdb_00008ihb_S1_S2
6743,2,train,0.06342030316591263,pdb_00003ejz_E_F
6744,2,train,0.08544881641864777,pdb_00008w8b_E1_E2
6745,2,train,0.04243229702115059,pdb_00008rql_S1_S2
6746,2,train,0.3803677260875702,pdb_00008jen_G_H
6747,2,train,0.010810290463268757,pdb_00009kvh_E1_E2
6748,2,train,0.8316668272018433,pdb_00008vtd_B_A
6749,2,train,1.5143702030181885,pdb_00008hrd_L_M
6750,2,train,0.04775499925017357,pdb_00007uje_E_F
6751,2,train,0.022850949317216873,pdb_00008jii_S1_S2
6752,2,train,0.5002908110618591,pdb_00006z2m_B_C
6753,2,train,0.46843624114990234,pdb_00007c01_C_D
6754,2,train,0.7611600160598755,pdb_00009kze_H_L
6755,2,train,0.38374611735343933,pdb_00008vgi_K_L
6756,2,train,0.1304149180650711,pdb_00009xhh_D1_D2
6757,2,train,0.6213964819908142,pdb_00005dhy_A_B
6758,2,train,0.033048152923583984,pdb_00008zh8_S1_S2
6759,2,train,0.011189427226781845,pdb_00008yrg_E1_E2
6760,2,train,0.45715445280075073,pdb_00006bah_B_A
6761,2,train,0.02124779298901558,pdb_00008fx5_H1_H2
6762,2,train,0.6884310245513916,pdb_00009ue8_I_J
6763,2,train,0.02190784178674221,pdb_00009axf_H1_H2
6764,2,train,0.11879204958677292,pdb_00008sgo_J_I
6765,2,train,0.5931534171104431,pdb_00007dfa_H_L
6766,2,train,1.0394387245178223,pdb_00007b0b_H_L
6767,2,train,0.015497813932597637,pdb_00007yu3_S1_S2
6768,2,train,0.6413815021514893,pdb_00009og2_B_C
6769,2,train,0.013477996923029423,pdb_00008k6n_S1_S2
6770,2,train,0.036291562020778656,pdb_00009izg_S1_S2
6771,2,train,0.011868222616612911,pdb_00009oxb_D1_D2
6772,2,train,0.903454601764679,pdb_00008v5v_f_g
6773,2,train,0.49747025966644287,pdb_00009u5q_B_C
6774,2,train,0.7654147148132324,pdb_00004n90_F_G
6775,2,train,0.8121963143348694,pdb_00009c6y_C_D
6776,2,train,0.8013970851898193,pdb_00007t3d_K_N
6777,2,train,0.7208994626998901,pdb_00007rku_G_I
6778,2,train,1.398008942604065,pdb_00008jin_B2_B1
6779,2,train,0.04241606965661049,pdb_00008i97_H1_H2
6780,2,train,0.11300288885831833,pdb_00008sid_K_L
6781,2,train,0.04665430635213852,pdb_00003iga_A_B
6782,2,train,0.9782330989837646,pdb_00006a4k_I_M
6783,2,train,0.019118649885058403,pdb_00008vy9_D1_D2
6784,2,train,0.03681648150086403,pdb_00003or6_A_B
6785,2,train,1.1364688873291016,pdb_00007jwg_A_B
6786,2,train,1.2353183031082153,pdb_00009mtm_I_J
6787,2,train,0.6693928241729736,pdb_00009ima_C_D
6788,2,train,0.8559033870697021,pdb_00008u4s_F_E
6789,2,train,0.38044828176498413,pdb_00007kfv_H_L
6790,2,train,0.7225932478904724,pdb_00007mxl_H_L
6791,2,train,1.114677906036377,pdb_00005kov_C1_C2
6792,2,train,0.8415216207504272,pdb_00007ttx_H_L
6793,2,train,0.015355769544839859,pdb_00008xbh_S1_S2
6794,2,train,0.780473530292511,pdb_00003ri5_F_N
6795,2,train,0.01827368140220642,pdb_00009p0k_F1_F2
6796,2,train,0.03455432131886482,pdb_00007cmv_E1_E2
6797,2,train,0.019664382562041283,pdb_00008gus_S1_S2
6798,2,train,0.7661951184272766,pdb_00004lf3_B_A
6799,2,train,0.8055171966552734,pdb_00008xcd_H_L
6800,2,train,0.7099291682243347,pdb_00006cyf_D_C
6801,2,train,0.10114236921072006,pdb_00007xk2_S1_S2
6802,2,train,0.018144089728593826,pdb_00009k3k_S1_S2
6803,2,train,0.3042965829372406,pdb_00007kfy_H_L
6804,2,train,0.24203792214393616,pdb_00003ri5_H_L
6805,2,train,0.41493111848831177,pdb_00006vmk_r_q
6806,2,train,0.6256734728813171,pdb_00004qci_H_L
6807,2,train,0.7701702117919922,pdb_00008too_G_F
6808,2,train,0.5723704695701599,pdb_00008j7e_A_B
6809,2,train,0.8071502447128296,pdb_00008f6x_E1_E2
6810,2,train,0.013663486577570438,pdb_00007tct_H_L
6811,2,train,0.01710694096982479,pdb_00007na7_N1_N2
6812,2,train,0.7028740644454956,pdb_00007qf1_C_B
6813,2,train,0.7275636196136475,pdb_00007jx3_H_L
6814,2,train,0.012070086784660816,pdb_00007xjj_S1_S2
6815,2,train,1.2923624515533447,pdb_00009bhh_T_S
6816,2,train,0.9154849648475647,pdb_00006mlm_F_G
6817,2,train,0.8761958479881287,pdb_00007k9i_H_L
6818,2,train,0.04515247046947479,pdb_00008hvi_H1_H2
6819,2,train,0.011678076349198818,pdb_00008k4s_D1_D2
6820,2,train,0.6896092295646667,pdb_00003wd5_H_L
6821,2,train,0.7909972071647644,pdb_00009dru_H_L
6822,2,train,1.1920191049575806,pdb_00009ml8_H_L
6823,2,train,0.6201598644256592,pdb_00008jkf_M_N
6824,2,train,0.0370209664106369,pdb_00009ast_E1_E2
6825,2,train,0.023015078157186508,pdb_00007ys6_E1_E2
6826,2,train,0.01784948818385601,pdb_00003zdx_E_F
6827,2,train,1.069817304611206,pdb_00006ywc_A_B
6828,2,train,0.6468109488487244,pdb_00002r0l_H_L
6829,2,train,0.014039559289813042,pdb_00007ufh_E_F
6830,2,train,0.014678657054901123,pdb_00007cmu_E1_E2
6831,2,train,1.073571801185608,pdb_00007mxl_J_K
6832,2,train,0.6112911701202393,pdb_00007xik_H_L
6833,2,train,0.022722693160176277,pdb_00008sai_S1_S2
6834,2,train,0.48143860697746277,pdb_00009ov4_H_L
6835,2,train,0.03638017550110817,pdb_00001otu_C_D
6836,2,train,1.742885947227478,pdb_00008v2e_A_B
6837,2,train,0.1660080850124359,pdb_00008id3_S1_S2
6838,2,train,1.6726176738739014,pdb_00006osh_H_L
6839,2,train,0.916349470615387,pdb_00009mla_G_J
6840,2,train,1.4289867877960205,pdb_00008cz5_H_L
6841,2,train,0.5350019335746765,pdb_00001z3g_H_L
6842,2,train,0.00955397728830576,pdb_00008fn0_E1_E2
6843,2,train,0.8732760548591614,pdb_00006xy2_H_L
6844,2,train,0.7835848331451416,pdb_00008f0h_H_L
6845,2,train,0.22644083201885223,pdb_00002dqh_H_L
6846,2,train,0.5705452561378479,pdb_00003rhw_G_K
6847,2,train,0.14664927124977112,pdb_00006x3x_J_I
6848,2,train,1.2921758890151978,pdb_00007l5j_W_L
6849,2,train,0.5231945514678955,pdb_00008j8r_D_E
6850,2,train,0.7611728310585022,pdb_00009b82_I_G
6851,2,train,0.7749305367469788,pdb_00006p4b_H_L
6852,2,train,0.6255908012390137,pdb_00005dhy_H_L
6853,2,train,0.023936329409480095,pdb_00008xml_S1_S2
6854,2,train,0.019755223765969276,pdb_00004fg6_E_F
6855,2,train,0.02968762442469597,pdb_00006kpf_S1_S2
6856,2,train,0.7791796922683716,pdb_00004gxu_O_P
6857,2,train,1.0002515316009521,pdb_00006fax_H_L
6858,2,train,0.9643062353134155,pdb_00008g5a_J_N
6859,2,train,1.0391753911972046,pdb_00001bvk_E_D
6860,2,train,1.201751470565796,pdb_00001eo8_H_L
6861,2,train,0.5490561723709106,pdb_00005nhr_H_L
6862,2,train,0.8164032101631165,pdb_00008uzp_H_L
6863,2,train,0.5248726606369019,pdb_00008bg2_C1_C2
6864,2,train,1.1934444904327393,pdb_00008zyf_H_D
6865,2,train,0.605509877204895,pdb_00008jkh_h_l
6866,2,train,0.8354086875915527,pdb_00009me5_H_L
6867,2,train,0.02757115475833416,pdb_00007na8_N1_N2
6868,2,train,0.5583349466323853,pdb_00008dww_X_W
6869,2,train,1.0857195854187012,pdb_00001t03_H_L
6870,2,train,0.08888335525989532,pdb_00008zjg_S1_S2
6871,2,train,1.5083638429641724,pdb_00009oi3_H_L
6872,2,train,0.6923002600669861,pdb_00008uzp_A_B
6873,2,train,0.8147162199020386,pdb_00004hj0_P_Q
6874,2,train,0.8662240505218506,pdb_00009mkn_J_N
6875,2,train,0.016702674329280853,pdb_00007vgz_F1_F2
6876,2,train,0.011202625930309296,pdb_00007vl8_S1_S2
6877,2,train,0.9170689582824707,pdb_00007rxj_A_B
6878,2,train,0.8034281730651855,pdb_00006k7o_B_C
6879,2,train,0.34180983901023865,pdb_00008j24_G1_G2
6880,2,train,0.7367475628852844,pdb_00008g5b_I_M
6881,2,train,0.887394905090332,pdb_00007xrz_H_L
6882,2,train,0.7196452021598816,pdb_00001za3_B_A
6883,2,train,0.3054482936859131,pdb_00008elq_H_L
6884,2,train,1.0959223508834839,pdb_00009rip_H_L
6885,2,train,0.017682205885648727,pdb_00008h0q_E1_E2
6886,2,train,0.0960700511932373,pdb_00008uh3_E1_E2
6887,2,train,0.9939584136009216,pdb_00006woz_K_L
6888,2,train,0.03525783121585846,pdb_00008sg1_E1_E2
6889,2,train,0.3251226246356964,pdb_00001ic4_H_L
6890,2,train,1.0403046607971191,pdb_00007lfa_B_D
6891,2,train,0.10859020054340363,pdb_00009vmg_S1_S2
6892,2,train,0.592971920967102,pdb_00007xeg_E_F
6893,2,train,0.5250051617622375,pdb_00001dzb_A1_A2
6894,2,train,0.2826266288757324,pdb_00006w0h_A_B
6895,2,train,0.38510143756866455,pdb_00002qr0_N_M
6896,2,train,0.9223369359970093,pdb_00006n5b_H_L
6897,2,train,0.02380688115954399,pdb_00007yac_S1_S2
6898,2,train,1.504852056503296,pdb_00009e3l_G_H
6899,2,train,0.02379043959081173,pdb_00008iru_E1_E2
6900,2,train,0.585815966129303,pdb_00008oz3_A_B
6901,2,train,0.012687425129115582,pdb_00008k4n_E1_E2
6902,2,train,0.5034268498420715,pdb_00007klg_H_L
6903,2,train,1.2422244548797607,pdb_00009cu7_I_M
6904,2,train,0.8973760604858398,pdb_00006h3u_I_M
6905,2,train,0.8952687978744507,pdb_00008i5i_H_L
6906,2,train,0.9652201533317566,pdb_00006jhs_E_D
6907,2,train,0.44556915760040283,pdb_00008tft_I_M
6908,2,train,0.01136680506169796,pdb_00009cgk_E1_E2
6909,2,train,0.41939210891723633,pdb_00006txz_I_M
6910,2,train,0.524235725402832,pdb_00002eiz_B_A
6911,2,train,0.9934215545654297,pdb_00007det_B1_B2
6912,2,train,0.0762195885181427,pdb_00008u9s_N2_N1
6913,2,train,0.5298693180084229,pdb_00007zf8_H_L
6914,2,train,0.6092482805252075,pdb_00005x8m_B_C
6915,2,train,0.14802291989326477,pdb_00008dd3_K_L
6916,2,train,0.7466579675674438,pdb_00009mqa_H_L
6917,2,train,0.6674027442932129,pdb_00007wh8_B_A
6918,2,train,1.0471585988998413,pdb_00005kov_U1_U2
6919,2,train,0.4720735251903534,pdb_00006yz7_HHH_LLL
6920,2,train,0.7978177666664124,pdb_00009h4r_X_Y
6921,2,train,1.0929670333862305,pdb_00006flc_H_L
6922,2,train,0.7846081852912903,pdb_00008ebp_I_M
6923,2,train,1.291896104812622,pdb_00009kve_D_F
6924,2,train,1.7921042442321777,pdb_00008s72_H_L
6925,2,train,0.018902301788330078,pdb_00009jr2_S1_S2
6926,2,train,0.016728270798921585,pdb_00003ze1_E_F
6927,2,train,0.7299389839172363,pdb_00007djz_A_B
6928,2,train,0.4945303499698639,pdb_00006xc4_X_Y
6929,2,train,0.034402623772621155,pdb_00002htl_C_D
6930,2,train,0.6251305937767029,pdb_00005xku_C_B
6931,2,train,0.07938047498464584,pdb_00006x40_J_I
6932,2,train,0.09488506615161896,pdb_00008z3q_S1_S2
6933,2,train,1.3889960050582886,pdb_00009mkn_S_T
6934,2,train,1.050171136856079,pdb_00006wtu_K_L
6935,2,train,0.5738730430603027,pdb_00005nh3_H_L
6936,2,train,0.012758794240653515,pdb_00007f4f_S1_S2
6937,2,train,0.7413897514343262,pdb_00006vja_H_L
6938,2,train,0.6883474588394165,pdb_00007ley_H_I
6939,2,train,0.9828657507896423,pdb_00009mtm_M_N
6940,2,train,0.03254687041044235,pdb_00008yn9_E1_E2
6941,2,train,0.5640813708305359,pdb_00007zfe_M_N
6942,2,train,0.050007328391075134,pdb_00008ubi_M2_M1
6943,2,train,0.6109595894813538,pdb_00004dkf_I_M
6944,2,train,1.0431995391845703,pdb_00007shy_K_L
6945,2,train,0.016280630603432655,pdb_00009u4y_S1_S2
6946,2,train,0.015278139151632786,pdb_00002vdk_H_L
6947,2,train,1.4683353900909424,pdb_00001iqd_B_A
6948,2,train,0.7592954039573669,pdb_00007t87_H_L
6949,2,train,0.07489791512489319,pdb_00007mhx_A_B
6950,2,train,0.1286766529083252,pdb_00006w0i_A_B
6951,2,train,0.9074313640594482,pdb_00009ci8_D_C
6952,2,train,1.593898057937622,pdb_00008v2e_D_E
6953,2,train,1.0427770614624023,pdb_00007l7e_C_D
6954,2,train,0.00914809200912714,pdb_00008zpt_E1_E2
6955,2,train,0.017645465210080147,pdb_00008ykd_S1_S2
6956,2,train,0.1645490974187851,pdb_00006vmk_K_J
6957,2,train,0.28278496861457825,pdb_00001uac_H_L
6958,2,train,0.417251318693161,pdb_00009ouo_H_L
6959,2,train,0.9011238813400269,pdb_00007zfb_A_B
6960,2,train,0.43923452496528625,pdb_00008wo4_B_A
6961,2,train,0.02120685949921608,pdb_00009jh5_S1_S2
6962,2,train,1.0780500173568726,pdb_00008r8k_H_L
6963,2,train,0.8570098280906677,pdb_00008u44_S_T
6964,2,train,0.005918253678828478,pdb_00008hj5_C1_C2
6965,2,train,0.10539368540048599,pdb_00002dqc_H_L
6966,2,train,1.3946837186813354,pdb_00005gs0_F_E
6967,2,train,0.043264977633953094,pdb_00008xxr_S1_S2
6968,2,train,0.7352157831192017,pdb_00004hg4_N_O
6969,2,train,0.05230779945850372,pdb_00008thl_F1_F2
6970,2,train,0.014149497263133526,pdb_00007w53_E1_E2
6971,2,train,0.028116902336478233,pdb_00007wz7_C1_C2
6972,2,train,0.022343846037983894,pdb_00008yuu_S1_S2
6973,2,train,0.01627879962325096,pdb_00006k5f_E_F
6974,2,train,0.9580562710762024,pdb_00008rrn_C_D
6975,2,train,0.7812756896018982,pdb_00009cn2_B1_B2
6976,2,train,0.4697103798389435,pdb_00009ctu_D_C
6977,2,train,0.8649227619171143,pdb_00006osv_H_L
6978,2,train,0.023952454328536987,pdb_00002r9h_C_D
6979,2,train,0.022824931889772415,pdb_00008yn6_E1_E2
6980,2,train,0.010625890456140041,pdb_00008yn2_E1_E2
6981,2,train,0.020297663286328316,pdb_00008e9x_E1_E2
6982,2,train,0.6156867146492004,pdb_00008ulf_K_O
6983,2,train,1.1250396966934204,pdb_00009kvk_H_L
6984,2,train,0.6612837910652161,pdb_00004hj0_C_D
6985,2,train,0.5985662341117859,pdb_00008xse_M_N
6986,2,train,0.8748084306716919,pdb_00005d1z_G_H
6987,2,train,0.02862704172730446,pdb_00008dzp_E1_E2
6988,2,train,1.0308586359024048,pdb_00008eed_H_L
6989,2,train,0.05335983633995056,pdb_00008ihj_S1_S2
6990,2,train,0.8433215618133545,pdb_00008suo_I_M
6991,2,train,0.025679629296064377,pdb_00007wv9_S1_S2
6992,2,train,0.01741340570151806,pdb_00007uko_E_F
6993,2,train,0.01412650290876627,pdb_00008uuj_D1_D2
6994,2,train,0.9002290964126587,pdb_00008y3i_G_H
6995,2,train,1.2666360139846802,pdb_00008dwo_H_L
6996,2,train,0.8876314163208008,pdb_00009lsj_D1_E2
6997,2,train,0.04699072241783142,pdb_00009izd_S1_S2
6998,2,train,0.8291597962379456,pdb_00007whz_C_E
6999,2,train,1.2779970169067383,pdb_00004kuc_F_E
7000,2,train,0.6740095615386963,pdb_00006wzm_A_B
7001,2,train,0.18923319876194,pdb_00009ouq_H_L
7002,2,train,0.7208513617515564,pdb_00009bbn_S_T
7003,2,train,1.4181283712387085,pdb_00008jn1_H_L
7004,2,train,0.9094175100326538,pdb_00004ogx_H_L
7005,2,train,0.012395907193422318,pdb_00007f4h_S1_S2
7006,2,train,1.1926816701889038,pdb_00006s3d_H_L
7007,2,train,0.021719055250287056,pdb_00007vig_E1_E2
7008,2,train,0.040343187749385834,pdb_00007p00_H1_H2
7009,2,train,0.021056631579995155,pdb_00007s8m_E1_E2
7010,2,train,0.5449582934379578,pdb_00009l6c_D_F
7011,2,train,0.4483172595500946,pdb_00008smt_H_L
7012,2,train,0.8499814867973328,pdb_00006n5e_H_I
7013,2,train,0.10877608507871628,pdb_00006e0p_M1_M2
7014,2,train,0.06881152838468552,pdb_00006vmk_u_t
7015,2,train,0.02018299512565136,pdb_00008xgm_S1_S2
7016,2,train,0.856543242931366,pdb_00004f2m_C_D
7017,2,train,0.7052280902862549,pdb_00004hg4_X_Y
7018,2,train,0.7140588760375977,pdb_00007l7e_M_N
7019,2,train,0.6623952984809875,pdb_00007wsi_H_L
7020,2,train,0.9935697317123413,pdb_00006ek2_I1_I2
7021,2,train,0.3999499976634979,pdb_00002qr0_H_G
7022,2,train,0.6725379824638367,pdb_00004okv_A_B
7023,2,train,1.050403356552124,pdb_00007m7w_A_B
7024,2,train,0.501154363155365,pdb_00007kmg_D_E
7025,2,train,0.024298202246427536,pdb_00008xgo_D1_D2
7026,2,train,0.012207251973450184,pdb_00007t96_E1_E2
7027,2,train,0.6906564831733704,pdb_00001xiw_H_G
7028,2,train,0.8752938508987427,pdb_00009n8j_B_C
7029,2,train,1.0166772603988647,pdb_00005a3i_G_H
7030,2,train,0.02753833681344986,pdb_00008hnk_S1_S2
7031,2,train,0.809694230556488,pdb_00006ii9_P_Q
7032,2,train,0.31969204545021057,pdb_00006zlr_FFF_GGG
7033,2,train,0.41713985800743103,pdb_000011ol_H_L
7034,2,train,0.7746659517288208,pdb_00009mkn_I_M
7035,2,train,0.6898053884506226,pdb_00008too_B_A
7036,2,train,1.2306896448135376,pdb_00009kyz_A_B
7037,2,train,1.2292146682739258,pdb_00009oea_H_L
7038,2,train,1.6517530679702759,pdb_00003h3b_C2_C1
7039,2,train,0.9879611134529114,pdb_00009os5_H_K
7040,2,train,1.0522792339324951,pdb_00009b2m_J_K
7041,2,train,0.013329076580703259,pdb_00003nid_E_F
7042,2,train,0.7454290986061096,pdb_00005xmh_H_L
7043,2,train,1.0499627590179443,pdb_00007uvq_C_B
7044,2,train,1.4582997560501099,pdb_00005c0n_H_L
7045,2,train,0.9778140783309937,pdb_00002vir_B_A
7046,2,train,0.06378224492073059,pdb_00009v1h_E1_E2
7047,2,train,0.02771131321787834,pdb_00008wrb_E1_E2
7048,2,train,0.015637123957276344,pdb_00009pxv_E1_E2
7049,2,train,0.012966245412826538,pdb_00009l80_S1_S2
7050,2,train,1.0481748580932617,pdb_00009ebc_G_H
7051,2,train,0.03272321820259094,pdb_00008u1u_E1_E2
7052,2,train,0.024464504793286324,pdb_00007kh0_S1_S2
7053,2,train,0.12067535519599915,pdb_00007k61_M2_M1
7054,2,train,0.7433155179023743,pdb_00006wzl_C_D
7055,2,train,0.031626101583242416,pdb_00008t3s_N1_N2
7056,2,train,0.6891410946846008,pdb_00007rxl_H_L
7057,2,train,0.8859506845474243,pdb_00008cxg_G_I
7058,2,train,0.015395453199744225,pdb_00006xox_E1_E2
7059,2,train,0.0387624092400074,pdb_00007k5y_N2_N1
7060,2,train,0.10745209455490112,pdb_00006k5f_C_D
7061,2,train,1.459205985069275,pdb_00008g5b_J_N
7062,2,train,1.250854253768921,pdb_00004fp8_I_M
7063,2,train,0.12343399971723557,pdb_00002atk_A_B
7064,2,train,0.8903571963310242,pdb_00007uxl_A_B
7065,2,train,0.8833851218223572,pdb_00007qny_A_B
7066,2,train,0.6567462682723999,pdb_00001dee_D_C
7067,2,train,0.6799312233924866,pdb_00009vft_F_E
7068,2,train,0.5569597482681274,pdb_00008caf_D_C
7069,2,train,0.6724462509155273,pdb_00007zmk_G_H
7070,2,train,1.0851662158966064,pdb_00007mmo_A_B
7071,2,train,0.012109590694308281,pdb_00008j18_S1_S2
7072,2,train,0.6523721814155579,pdb_00003u30_C_B
7073,2,train,0.039169538766145706,pdb_00007xav_E1_E2
7074,2,train,0.9218903183937073,pdb_00006hjp_K_L
7075,2,train,1.2303603887557983,pdb_00007xj9_K_J
7076,2,train,0.05333179980516434,pdb_00007ukp_E_F
7077,2,train,1.2164613008499146,pdb_00006t9e_HHH_LLL
7078,2,train,0.7991313934326172,pdb_00008eoo_F_K
7079,2,train,0.6622549891471863,pdb_00007c81_H_L
7080,2,train,0.01871967874467373,pdb_00009jkt_S1_S2
7081,2,train,0.9059314727783203,pdb_00007rxi_H_L
7082,2,train,1.1422107219696045,pdb_00008zre_H_L
7083,2,train,0.018310608342289925,pdb_00007tuz_E1_E2
7084,2,train,0.8981983065605164,pdb_00007m7w_E_F
7085,2,train,0.5945318341255188,pdb_00008bg3_C1_C2
7086,2,train,1.1555391550064087,pdb_00008sis_H_L
7087,2,train,0.012289241887629032,pdb_00008jlq_S1_S2
7088,2,train,0.5865243077278137,pdb_00009wb3_B_C
7089,2,train,1.1732709407806396,pdb_00001p2c_E_D
7090,2,train,1.1629760265350342,pdb_00006hga_H_L
7091,2,train,1.1818238496780396,pdb_00003bsz_H_L
7092,2,train,0.8522704839706421,pdb_00005wko_E_F
7093,2,train,1.2969764471054077,pdb_00008e8r_H_L
7094,2,train,0.018963856622576714,pdb_00009l79_S1_S2
7095,2,train,0.3033343553543091,pdb_00008vgh_K_L
7096,2,train,1.139049768447876,pdb_00008xa4_C_D
7097,2,train,0.013235682621598244,pdb_00007ew4_S1_S2
7098,2,train,0.017211848869919777,pdb_00009upu_S1_S2
7099,2,train,0.6287827491760254,pdb_00006pe9_E_F
7100,2,train,0.479662150144577,pdb_00004tnw_W_f
7101,2,train,0.062200311571359634,pdb_00009iza_S1_S2
7102,2,train,0.8983972668647766,pdb_00008y3k_G_H
7103,2,train,0.028289955109357834,pdb_00008jei_S1_S2
7104,2,train,1.1536533832550049,pdb_00008tbq_A_B
7105,2,train,1.272048830986023,pdb_00008tpa_I_J
7106,2,train,0.06345747411251068,pdb_00008spu_K1_K2
7107,2,train,0.05581575632095337,pdb_00008i9s_H1_H2
7108,2,train,0.9083971977233887,pdb_00007x3c_H_L
7109,2,train,0.03517076000571251,pdb_00009d0a_E1_E2
7110,2,train,1.2371138334274292,pdb_00008bcz_A_B
7111,2,train,0.6564085483551025,pdb_00007lq7_T_U
7112,2,train,1.1456199884414673,pdb_00003qwo_H_L
7113,2,train,0.8087078928947449,pdb_00007f3q_H_L
7114,2,train,0.031022164970636368,pdb_00002vdo_H_L
7115,2,train,0.8588647842407227,pdb_00008hrd_G_H
7116,2,train,0.01776052452623844,pdb_00007wz4_S1_S2
7117,2,train,0.9687914252281189,pdb_00008w5m_H_L
7118,2,train,0.6488298773765564,pdb_00007xj9_I_H
7119,2,train,1.3929438591003418,pdb_00009ml8_P_Q
7120,2,train,0.029056387022137642,pdb_00009f34_E1_E2
7121,2,train,0.9186830520629883,pdb_00009lp1_A_B
7122,2,train,0.07522109150886536,pdb_00008z7j_S1_S2
7123,2,train,0.031120644882321358,pdb_00007ydj_E1_E2
7124,2,train,0.7211462259292603,pdb_00009b82_P_O
7125,2,train,0.4930201470851898,pdb_00005aaw_A1_A2
7126,2,train,0.03215055540204048,pdb_00007u0i_K1_K2
7127,2,train,0.00889551267027855,pdb_00008jil_S1_S2
7128,2,train,0.34448903799057007,pdb_00004ioi_B_A
7129,2,train,0.5881365537643433,pdb_00003d9a_H_L
7130,2,train,1.068306803703308,pdb_00007wph_H_L
7131,2,train,0.05133959278464317,pdb_00008jxx_E1_E2
7132,2,train,0.19189630448818207,pdb_00006vmk_V_U
7133,2,train,0.051276322454214096,pdb_00008id9_S1_S2
7134,2,train,0.018418889492750168,pdb_00007tct_E_F
7135,2,train,0.4611186683177948,pdb_00007kfw_C_D
7136,2,train,0.36992818117141724,pdb_00006z2m_H_L
7137,2,train,1.0060020685195923,pdb_00009h6u_H_L
7138,2,train,0.34698277711868286,pdb_00009nz4_F_E
7139,2,train,0.06967548280954361,pdb_00002boc_A_B
7140,2,train,1.4357513189315796,pdb_00009mtg_I_J
7141,2,train,0.5375352501869202,pdb_00007ek0_H_L
7142,2,train,0.017340917140245438,pdb_00008xqt_S1_S2
7143,2,train,0.8088648319244385,pdb_00007wvl_H_L
7144,2,train,0.08820224553346634,pdb_00008j23_F1_F2
7145,2,train,1.0768431425094604,pdb_00001qfu_H_L
7146,2,train,0.8146762251853943,pdb_00008w84_A_B
7147,2,train,0.6661797165870667,pdb_00009ccs_C_B
7148,2,train,0.9541086554527283,pdb_00007uvi_A_B
7149,2,train,0.47125962376594543,pdb_00007k9z_H_L
7150,2,train,1.309949517250061,pdb_00004ut6_H_L
7151,2,train,0.8574226498603821,pdb_00007m42_B_A
7152,2,train,0.13061001896858215,pdb_00006vmk_M_L
7153,2,train,0.022485895082354546,pdb_00006e0c_M1_M2
7154,2,train,0.9813557863235474,pdb_00007lf7_A_B
7155,2,train,1.1889681816101074,pdb_00002vxq_H_L
7156,2,train,1.0128587484359741,pdb_00008tea_F_I
7157,2,train,0.8111028075218201,pdb_00005ugy_H_L
7158,2,train,0.6236400008201599,pdb_00008jkf_m_n
7159,2,train,0.355437308549881,pdb_00008vgk_F_E
7160,2,train,1.1372735500335693,pdb_00007yh6_H_L
7161,2,train,0.278261661529541,pdb_00009oun_H_L
7162,2,train,0.6972066760063171,pdb_00007dk2_D_E
7163,2,train,0.4972335994243622,pdb_00008smt_I_J
7164,2,train,0.9209023714065552,pdb_00006wtu_H_I
7165,2,train,0.22133402526378632,pdb_00003rif_G_K
7166,2,train,0.8583143353462219,pdb_00008jqs_h_l
7167,2,train,0.1394892930984497,pdb_00006x3v_K_L
7168,2,train,0.03540370240807533,pdb_00007f2o_S1_S2
7169,2,train,0.01700928807258606,pdb_00008g59_S1_S2
7170,2,train,0.6781758069992065,pdb_00003c09_H_L
7171,2,train,1.1881383657455444,pdb_00009xth_B_C
7172,2,train,0.21502211689949036,pdb_00004tnw_U_h
7173,2,train,0.9050529599189758,pdb_00007f15_B1_B2
7174,2,train,1.797021508216858,pdb_00009lbw_H_L
7175,2,train,1.2480220794677734,pdb_00009e3k_J_K
7176,2,train,1.2142661809921265,pdb_00006ivz_H_L
7177,2,train,1.1184630393981934,pdb_00002ybr_G_H
7178,2,train,0.43918147683143616,pdb_00007mzh_H_L
7179,2,train,0.9017544984817505,pdb_00008z6x_B_C
7180,2,train,0.033976975828409195,pdb_00008x2k_E1_E2
7181,2,train,1.369652271270752,pdb_00007s11_H_L
7182,2,train,0.7133172750473022,pdb_00007zmk_M_N
7183,2,train,0.7901202440261841,pdb_00007bbj_H_L
7184,2,train,0.9840412139892578,pdb_00009cq7_H_I
7185,2,train,0.03413020819425583,pdb_00009w6w_E1_E2
7186,2,train,0.030259544029831886,pdb_00008gur_S1_S2
7187,2,train,0.03316235914826393,pdb_00008ejk_E1_E2
7188,2,train,0.9688830375671387,pdb_00008gpu_H_L
7189,2,train,1.9896912574768066,pdb_00005i9q_B_C
7190,2,train,0.8637375831604004,pdb_00007deu_B1_B2
7191,2,train,0.07684876769781113,pdb_00003f7y_A_B
7192,2,train,0.02275310456752777,pdb_00008jef_S1_S2
7193,2,train,0.08050986379384995,pdb_00003ze2_H_L
7194,2,train,0.025178847834467888,pdb_00007vdl_S1_S2
7195,2,train,0.6388933658599854,pdb_00001kip_B_A
7196,2,train,0.8544633388519287,pdb_00006n5d_E_F
7197,2,train,0.022798284888267517,pdb_00007e9g_D1_D2
7198,2,train,0.4446014165878296,pdb_00003rif_I_O
7199,2,train,1.0368285179138184,pdb_00009n4e_Q_P
7200,2,train,0.5663242936134338,pdb_00007xei_E_F
7201,2,train,0.6347717642784119,pdb_00006vvu_E_F
7202,2,train,0.13515837490558624,pdb_00008dd2_K_L
7203,2,train,0.9310903549194336,pdb_00006u6u_H_L
7204,2,train,0.5213736891746521,pdb_00007whz_H_L
7205,2,train,0.6312705874443054,pdb_00002i9l_D_C
7206,2,train,0.34882524609565735,pdb_00006zh9_HHH_LLL
7207,2,train,0.0940372422337532,pdb_00006x3v_J_I
7208,2,train,0.09901698678731918,pdb_00006vmk_l_k
7209,2,train,0.021601200103759766,pdb_00007ucy_E_F
7210,2,train,0.06982870399951935,pdb_00006vmk_c_b
7211,2,train,0.011096639558672905,pdb_00009jr3_S1_S2
7212,2,train,1.043136715888977,pdb_00004hg4_Z_z
7213,2,train,1.1087168455123901,pdb_00005e94_D_C
7214,2,train,0.020377101376652718,pdb_00008hqn_H1_H2
7215,2,train,0.9526376128196716,pdb_00006wm9_B_C
7216,2,train,0.018409479409456253,pdb_00009j0b_S1_S2
7217,2,train,1.3645662069320679,pdb_00008jeo_E_F
7218,2,train,0.8637893199920654,pdb_00007v3g_I_M
7219,2,train,0.014176223427057266,pdb_00007t10_S1_S2
7220,2,train,0.6068798899650574,pdb_00002dd8_H_L
7221,2,train,0.9773291349411011,pdb_00006ban_B_A
7222,2,train,0.5920236110687256,pdb_00002jix_D_G
7223,2,train,1.0262517929077148,pdb_00007mzj_H_L
7224,2,train,0.37969350814819336,pdb_00008vgk_J_I
7225,2,train,0.9492674469947815,pdb_00007kn3_M_N
7226,2,train,0.6693029403686523,pdb_00009n8j_F_G
7227,2,train,0.03892451897263527,pdb_00009m55_S1_S2
7228,2,train,0.02325432561337948,pdb_00007tmz_E_F
7229,2,train,0.8817181587219238,pdb_00009b2m_H_L
7230,2,train,0.7805045247077942,pdb_00002yc1_A_B
7231,2,train,1.3051425218582153,pdb_00008hrd_C_E
7232,2,train,0.053638260811567307,pdb_00008evh_M1_M2
7233,2,train,0.7123421430587769,pdb_00005jz7_G_I
7234,2,train,0.7891015410423279,pdb_00003v6z_A_B
7235,2,train,0.02637660503387451,pdb_00008ia7_E1_E2
7236,2,train,1.0125221014022827,pdb_00008dis_B_G
7237,2,train,0.05539190396666527,pdb_00009kt7_E1_E2
7238,2,train,0.5027453899383545,pdb_00007xeg_C_D
7239,2,train,0.9417675733566284,pdb_00006ww5_E_F
7240,2,train,0.347214013338089,pdb_00002qr0_R_Q
7241,2,train,1.2098928689956665,pdb_00009mtk_I_J
7242,2,train,0.9916833639144897,pdb_00007scn_J_K
7243,2,train,0.23764774203300476,pdb_00002dqf_E_D
7244,2,train,0.018758608028292656,pdb_00009ydu_E1_E2
7245,2,train,0.9999648332595825,pdb_00008khd_H_J
7246,2,train,0.7332475781440735,pdb_00008dcc_H_L
7247,2,train,1.2681121826171875,pdb_00008e8s_H_L
7248,2,train,0.6770273447036743,pdb_00009huo_C_D
7249,2,train,0.009119223803281784,pdb_00009o36_E1_E2
7250,2,train,0.01569409854710102,pdb_00009w49_S1_S2
7251,2,train,0.034216947853565216,pdb_00007ezm_H1_H2
7252,2,train,0.7737836837768555,pdb_00008oxx_B_C
7253,2,train,0.2517646551132202,pdb_00009ouq_J_K
7254,2,train,0.009750702418386936,pdb_00009vjg_E1_E2
7255,2,train,0.7045406103134155,pdb_00007lfa_H_L
7256,2,train,0.012296603061258793,pdb_00008jgg_S1_S2
7257,2,train,0.02347118780016899,pdb_00009jkx_S1_S2
7258,2,train,0.055025290697813034,pdb_00008syp_M1_M2
7259,2,train,1.086711049079895,pdb_00006bpa_E_F
7260,2,train,1.2761520147323608,pdb_00008p5m_G_L
7261,2,train,0.9301031231880188,pdb_00008zdw_F_E
7262,2,train,0.2987876534461975,pdb_00008vgj_H_G
7263,2,train,0.07152830809354782,pdb_00002fed_C_D
7264,2,train,0.896452009677887,pdb_00007mem_G_J
7265,2,train,0.7042073607444763,pdb_00004ma8_H_L
7266,2,train,1.4877270460128784,pdb_00008w0y_A_B
7267,2,train,0.36531972885131836,pdb_00009nz3_D_C
7268,2,train,0.852179765701294,pdb_00008go8_I_M
7269,2,train,0.43582913279533386,pdb_00006b3s_C_D
7270,2,train,0.03515898063778877,pdb_00007xa3_E1_E2
7271,2,train,0.0226895809173584,pdb_00007ukt_E_F
7272,2,train,0.3749409019947052,pdb_00001nby_B_A
7273,2,train,0.010219130665063858,pdb_00008xbe_S1_S2
7274,2,train,0.020625369623303413,pdb_00009lr1_S1_S2
7275,2,train,0.02164890430867672,pdb_00007ue0_E_F
7276,2,train,1.30778169631958,pdb_00004ubd_O_P
7277,2,train,0.595421314239502,pdb_00007vag_H_L
7278,2,train,0.006690366193652153,pdb_00007y15_S1_S2
7279,2,train,0.5825009942054749,pdb_00009cia_D_C
7280,2,train,0.024691008031368256,pdb_00008ubl_M2_M1
7281,2,train,0.06609444320201874,pdb_00009p0m_F1_F2
7282,2,train,0.7711222171783447,pdb_00007u9e_B1_B2
7283,2,train,0.8281071186065674,pdb_00007kzb_H_L
7284,2,train,0.6256919503211975,pdb_00008xse_H_L
7285,2,train,0.7664391398429871,pdb_00009me6_I_M
7286,2,train,0.007529310416430235,pdb_00009ll7_S1_S2
7287,2,train,0.7079768776893616,pdb_00009bao_E_F
7288,2,train,1.1578941345214844,pdb_00009bdi_C_D
7289,2,train,0.029565835371613503,pdb_00004fg6_C_D
7290,2,train,1.5005465745925903,pdb_00006cvk_B2_B1
7291,2,train,0.6025435328483582,pdb_00008tui_H_L
7292,2,train,1.2731142044067383,pdb_00006wtv_K_L
7293,2,train,0.012856735847890377,pdb_00003t3m_E_F
7294,2,train,0.0666758269071579,pdb_00004lcu_A_B
7295,2,train,0.6980558633804321,pdb_00006a3w_A_B
7296,2,train,0.007909467443823814,pdb_00003t3p_E_F
7297,2,train,0.5668876767158508,pdb_00009lbs_D_C
7298,2,train,0.018165983259677887,pdb_00007cvt_E_F
7299,2,train,1.1064691543579102,pdb_00004lvh_E_F
7300,2,train,0.0369594469666481,pdb_00006k41_H1_H2
7301,2,train,0.9230980277061462,pdb_00007zoz_H_L
7302,2,train,1.0916399955749512,pdb_00007kqh_C_D
7303,2,train,0.10532842576503754,pdb_00009vmp_S1_S2
7304,2,train,0.024630621075630188,pdb_00008irs_E1_E2
7305,2,train,1.0184005498886108,pdb_00009oar_H_L
7306,2,train,0.5757630467414856,pdb_00007m6d_H_L
7307,2,train,0.9733893871307373,pdb_00008cii_A_B
7308,2,train,0.13507789373397827,pdb_00009zqa_I2_I1
7309,2,train,0.03053617849946022,pdb_00003det_C_D
7310,2,train,0.9175159335136414,pdb_00007ycn_C_D
7311,2,train,1.4147403240203857,pdb_00008tp5_J_K
7312,2,train,0.39753615856170654,pdb_00008wo4_D_C
7313,2,train,1.277080774307251,pdb_00002zck_H_L
7314,2,train,0.13668552041053772,pdb_00006w0j_A_B
7315,2,train,0.8432935476303101,pdb_00008dis_A_C
7316,2,train,0.731307327747345,pdb_00004gxu_W_X
7317,2,train,1.1816452741622925,pdb_00005w3m_E_G
7318,2,train,0.8480755090713501,pdb_00007chc_A_B
7319,2,train,0.7659103274345398,pdb_00002bdn_H_L
7320,2,train,1.036983609199524,pdb_00008yx9_G_I
7321,2,train,0.9224948287010193,pdb_00002vit_B_A
7322,2,train,0.12302938848733902,pdb_00008vgj_J_I
7323,2,train,1.1103222370147705,pdb_00008zd6_E_F
7324,2,train,0.6610848903656006,pdb_00007lq7_y_z
7325,2,train,0.021201469004154205,pdb_00008xjk_E1_E2
7326,2,train,0.6784432530403137,pdb_00005w3l_E_G
7327,2,train,1.21622896194458,pdb_00007ykj_A_D
7328,2,train,0.9942829012870789,pdb_00009azv_H_L
7329,2,train,0.8958922624588013,pdb_00008cxg_h_l
7330,2,train,0.27645766735076904,pdb_00009ouo_J_K
7331,2,train,0.5792034864425659,pdb_00004ttd_H_L
7332,2,train,0.037132591009140015,pdb_00002htk_E_F
7333,2,train,0.5390328168869019,pdb_00008dww_H_L
7334,2,train,1.3203109502792358,pdb_00007mxl_A_B
7335,2,train,0.9388980865478516,pdb_00007quh_H_L
7336,2,train,0.29966700077056885,pdb_00009zqc_J2_J1
7337,2,train,0.7849670052528381,pdb_00007wur_E_F
7338,2,train,0.02007734589278698,pdb_00007t6s_E1_E2
7339,2,train,0.7782922983169556,pdb_00008dxt_H_L
7340,2,train,0.8418727517127991,pdb_00003fku_T1_T2
7341,2,train,0.42488497495651245,pdb_00007qez_E_F
7342,2,train,1.1175259351730347,pdb_00008ygs_H_L
7343,2,train,0.8979225754737854,pdb_00007yds_B_C
7344,2,train,0.76319819688797,pdb_00007t0z_H_L
7345,2,train,0.9378877878189087,pdb_00008tx3_H_L
7346,2,train,0.03561528027057648,pdb_00009k27_D1_D2
7347,2,train,0.8373348116874695,pdb_00009dm0_C_D
7348,2,train,0.6905567646026611,pdb_00007bwj_H_L
7349,2,train,1.1652328968048096,pdb_00007l5j_Y_X
7350,2,train,0.11294740438461304,pdb_00009iv6_S1_S2
7351,2,train,1.197711706161499,pdb_00008dwy_X_W
7352,2,train,0.25107261538505554,pdb_00008sgo_K_L
7353,2,train,0.8714531064033508,pdb_00007w71_I_M
7354,2,train,0.8118025660514832,pdb_00007m7w_C_D
7355,2,train,0.03601366654038429,pdb_00004z7q_E_F
7356,2,train,0.8451161980628967,pdb_00008hrd_D_F
7357,2,train,0.6602900624275208,pdb_00009cia_B_A
7358,2,train,0.012686640955507755,pdb_00002vdp_H_L
7359,2,train,0.9466350078582764,pdb_00007fcp_H_L
7360,2,train,0.9630234837532043,pdb_00006woz_E_F
7361,2,train,0.034792061895132065,pdb_00002htl_E_F
7362,2,train,0.01382332295179367,pdb_00007aue_S1_S2
7363,2,train,0.028730878606438637,pdb_00007wig_S1_S2
7364,2,train,0.03952030465006828,pdb_00008hnl_S1_S2
7365,2,train,1.239057183265686,pdb_00006wex_H_L
7366,2,train,0.14344625174999237,pdb_00008vgk_K_L
7367,2,train,0.01094896998256445,pdb_00007ew2_S1_S2
7368,2,train,0.09595370292663574,pdb_00008iys_E1_E2
7369,2,train,0.9603317379951477,pdb_00007t3d_P_R
7370,2,train,0.87026447057724,pdb_00009b82_R_Q
7371,2,train,0.009088953025639057,pdb_00008jz7_S1_S2
7372,2,train,0.3684225380420685,pdb_00008cwv_H_L
7373,2,train,0.014819951727986336,pdb_00009jeq_S1_S2
7374,2,train,0.9778228998184204,pdb_00006ejg_D2_D1
7375,2,train,0.5794849991798401,pdb_00003ri5_I_O
7376,2,train,1.089329719543457,pdb_00007y0w_A_B
7377,2,train,0.012656337581574917,pdb_00009jh6_S1_S2
7378,2,train,0.9337451457977295,pdb_00009ds1_H_L
7379,2,train,1.0083407163619995,pdb_00009mtj_I_J
7380,2,train,1.5363993644714355,pdb_00005tfw_H_L
7381,2,train,0.10537714511156082,pdb_00008iec_N1_N2
7382,2,train,0.6476226449012756,pdb_00006cyf_F_E
7383,2,train,1.237736701965332,pdb_00008w5f_H_L
7384,2,train,0.07900218665599823,pdb_00008hqm_H1_H2
7385,2,train,0.01100391149520874,pdb_00008yn7_E1_E2
7386,2,train,0.6305614709854126,pdb_00008oz3_H_L
7387,2,train,0.9624008536338806,pdb_00007zwi_E_F
7388,2,train,1.0635148286819458,pdb_00006suz_H_L
7389,2,train,0.017470339313149452,pdb_00007x2v_E1_E2
7390,2,train,0.15562725067138672,pdb_00007k78_L1_L2
7391,2,train,1.1010735034942627,pdb_00009oap_H_L
7392,2,train,0.7930143475532532,pdb_00003sob_H_L
7393,2,train,0.014833618886768818,pdb_00006ad8_E_F
7394,2,train,0.7945079207420349,pdb_00008y3h_I_J
7395,2,train,0.6071102023124695,pdb_00007dpm_A_B
7396,2,train,0.8378376364707947,pdb_00007fci_H_L
7397,2,train,0.01062837429344654,pdb_00009v81_E1_E2
7398,2,train,0.485938161611557,pdb_00009k6j_A_B
7399,2,train,0.5315858721733093,pdb_00008caf_B_A
7400,2,train,0.037300195544958115,pdb_00008efb_E1_E2
7401,2,train,1.2925969362258911,pdb_00009oi3_M_N
7402,2,train,0.7379053235054016,pdb_00008vgm_H_L
7403,2,train,0.6674326658248901,pdb_00005w3o_D_E
7404,2,train,0.02270425856113434,pdb_00008wwi_E1_E2
7405,2,train,0.8069092631340027,pdb_00009lf8_H_L
7406,2,train,1.4897886514663696,pdb_00008p12_H_L
7407,2,train,0.6996773481369019,pdb_00007d6i_B_C
7408,2,train,0.6778596639633179,pdb_00006vja_I_M
7409,2,train,1.024008870124817,pdb_00006oc3_C_D
7410,2,train,0.7827670574188232,pdb_00007t3d_J_M
7411,2,train,0.012969566509127617,pdb_00008jgf_E1_E2
7412,2,train,0.760335385799408,pdb_00007zmk_V_W
7413,2,train,0.9902464747428894,pdb_00006ban_F_E
7414,2,train,0.7465558052062988,pdb_00006xq2_C_B
7415,2,train,0.6373975872993469,pdb_00007mem_I_K
7416,2,train,0.8410155177116394,pdb_00006vgr_C_D
7417,2,train,0.2205962836742401,pdb_00009kug_H1_H2
7418,2,train,0.0363122895359993,pdb_00008ghv_S1_S2
7419,2,train,0.5620661973953247,pdb_00005cbe_C_D
7420,2,train,0.8367370367050171,pdb_00005ggt_H_L
7421,2,train,0.02294589765369892,pdb_00008xjm_E1_E2
7422,2,train,0.030757389962673187,pdb_00008e9y_E1_E2
7423,2,train,0.8811993598937988,pdb_00007ahu_H_L
7424,2,train,0.023386023938655853,pdb_00009le0_S1_S2
7425,2,train,0.7919123768806458,pdb_00007x6o_I_K
7426,2,train,0.01616482064127922,pdb_00006lfo_S1_S2
7427,2,train,0.7761448621749878,pdb_00003v4v_M_N
7428,2,train,0.13809733092784882,pdb_00009zqb_I2_I1
7429,2,train,0.014382743276655674,pdb_00008z3m_S1_S2
7430,2,train,0.9996606707572937,pdb_00009t5z_H_L
7431,2,train,0.007553806994110346,pdb_00008kfy_S1_S2
7432,2,train,1.2237333059310913,pdb_00008hq7_H_L
7433,2,train,0.952297568321228,pdb_00005kov_K1_K2
7434,2,train,0.589131236076355,pdb_00008hn6_C_D
7435,2,train,0.8787431120872498,pdb_00006oc3_A_B
7436,2,train,0.00885450653731823,pdb_00007yk6_S1_S2
7437,2,train,0.47850301861763,pdb_00008f2j_I_J
7438,2,train,0.11838234215974808,pdb_00007k5x_N2_N1
7439,2,train,0.03917626664042473,pdb_00008x17_H1_H2
7440,2,train,0.971122682094574,pdb_00008cbf_H_L
7441,2,train,0.7608342170715332,pdb_00009iz9_S_T
7442,2,train,0.9996126890182495,pdb_00002w9e_H_L
7443,2,train,0.8801165223121643,pdb_00009vfu_E_F
7444,2,train,0.881261944770813,pdb_00009q71_K_L
7445,2,train,0.017314434051513672,pdb_00008y01_S1_S2
7446,2,train,0.03105901926755905,pdb_00009m1o_S1_S2
7447,2,train,0.5962985754013062,pdb_00007dpm_J_K
7448,2,train,0.5996609330177307,pdb_00008jio_C_B
7449,2,train,0.6565179824829102,pdb_00004m62_H_L
7450,2,train,0.022685779258608818,pdb_00003nif_E_F
7451,2,train,0.18088914453983307,pdb_00008vrn_K_L
7452,2,train,0.027935432270169258,pdb_00009b5y_N1_N2
7453,2,train,0.007604534272104502,pdb_00009vmy_E1_E2
7454,2,train,1.0232300758361816,pdb_00007yrh_F_E
7455,2,train,0.046850062906742096,pdb_00008xxz_S1_S2
7456,2,train,1.1534699201583862,pdb_00009rim_H_L
7457,2,train,0.03097992204129696,pdb_00007ykd_S1_S2
7458,2,train,0.6899498105049133,pdb_00003fku_Y1_Y2
7459,2,train,0.6566934585571289,pdb_00008eqf_H_L
7460,2,train,0.7176192402839661,pdb_00009f91_E_F
7461,2,train,1.364746332168579,pdb_00009leo_C_D
7462,2,train,0.7768065929412842,pdb_00007sd5_H_L
7463,2,train,0.6318998336791992,pdb_00009n4f_M_N
7464,2,train,0.3831368386745453,pdb_00009nz5_F_E
7465,2,train,0.2209472507238388,pdb_00004tnw_G_K
7466,2,train,0.1683567613363266,pdb_00009ge2_F1_F2
7467,2,train,0.6705655455589294,pdb_00008xsj_H_L
7468,2,train,0.020313743501901627,pdb_00009iqt_E1_E2
7469,2,train,0.5016416311264038,pdb_00007f6z_H_L
7470,2,train,0.4978989362716675,pdb_00006j6y_E_F
7471,2,train,0.6063034534454346,pdb_00006iap_E_D
7472,2,train,0.06651609390974045,pdb_00007exd_E1_E2
7473,2,train,0.15094520151615143,pdb_00003a6b_H_L
7474,2,train,0.35199522972106934,pdb_00006txz_J_N
7475,2,train,0.05770843103528023,pdb_00008wwh_E1_E2
7476,2,train,0.9758666157722473,pdb_00008dwy_Z_Y
7477,2,train,1.3672853708267212,pdb_00004f37_H_L
7478,2,train,1.381677269935608,pdb_00009kvk_A_B
7479,2,train,0.0063273245468735695,pdb_00008e9z_E1_E2
7480,2,train,0.03691638633608818,pdb_00007yk7_S1_S2
7481,2,train,0.6460767984390259,pdb_00008too_H_E
7482,2,train,0.8334419131278992,pdb_00008sit_M_N
7483,2,train,0.925794780254364,pdb_00001tqc_B_C
7484,2,train,1.2635284662246704,pdb_00009jub_B_C
7485,2,train,0.5266420245170593,pdb_00009lrh_H_L
7486,2,train,0.018956134095788002,pdb_00008xor_E1_E2
7487,2,train,1.208817720413208,pdb_00006gff_N_M
7488,2,train,0.1490689367055893,pdb_00001ic5_H_L
7489,2,train,0.5029726624488831,pdb_00005x8l_H_M
7490,2,train,0.4963146448135376,pdb_00006kyz_B_C
7491,2,train,0.6545618176460266,pdb_00007ws2_E_D
7492,2,train,0.4136180579662323,pdb_00007cjf_A_B
7493,2,train,1.1112053394317627,pdb_00008e8z_H_L
7494,2,train,0.1455557644367218,pdb_00008ubl_N2_N1
7495,2,train,0.7805840969085693,pdb_00002x7l_G_I
7496,2,train,0.9474062323570251,pdb_00007cqd_H_L
7497,2,train,0.017799142748117447,pdb_00008kfz_S1_S2
7498,2,train,1.2673006057739258,pdb_00007t82_H_L
7499,2,train,1.124316930770874,pdb_00008v52_D_C
7500,2,train,0.36946722865104675,pdb_00008hws_H_L
7501,2,train,1.2249958515167236,pdb_00003lh2_K_O
7502,2,train,0.88241046667099,pdb_00009ebc_I_J
7503,2,train,0.8494595289230347,pdb_00008gv6_I_J
7504,2,train,0.6073054671287537,pdb_00007zmk_J_K
7505,2,train,0.04160678759217262,pdb_00008z9p_S1_S2
7506,2,train,0.8366439342498779,pdb_00007y3o_H_L
7507,2,train,1.115823745727539,pdb_00007c88_A_B
7508,2,train,0.9051591753959656,pdb_00008fhy_H_L
7509,2,train,0.026531456038355827,pdb_00003nig_H_L
7510,2,train,0.11791661381721497,pdb_00008vgk_H_G
7511,2,train,0.6038687229156494,pdb_00008bg3_A1_A2
7512,2,train,0.5179945230484009,pdb_00001kiq_B_A
7513,2,train,0.13035549223423004,pdb_00006vmk_E_D
7514,2,train,1.1101125478744507,pdb_00002r29_H_L
7515,2,train,0.010633772239089012,pdb_00009upv_S1_S2
7516,2,train,0.01570616103708744,pdb_00008jbh_E1_E2
7517,2,train,0.8078029155731201,pdb_00006gku_H_L
7518,2,train,0.8787813782691956,pdb_00008u4s_H_L
7519,2,train,0.8887216448783875,pdb_00008y3l_G_H
7520,2,train,0.02858969010412693,pdb_00008wwk_E1_E2
7521,2,train,0.03868746757507324,pdb_00007xat_E1_E2
7522,2,train,0.5511212348937988,pdb_00009pw4_C_D
7523,2,train,0.7275121212005615,pdb_00008cxh_h_l
7524,2,train,0.4130062460899353,pdb_00008as0_T_S
7525,2,train,0.01236770860850811,pdb_00007w40_H1_H2
7526,2,train,0.1568005234003067,pdb_00008si9_K_L
7527,2,train,0.023981261998414993,pdb_00009ejc_D1_D2
7528,2,train,0.8598455786705017,pdb_00007jx3_C_D
7529,2,train,0.6374268531799316,pdb_00004dn4_H_L
7530,2,train,0.04881778359413147,pdb_00009kxs_H1_H2
7531,2,train,0.8000445365905762,pdb_00007n0u_H_L
7532,2,train,0.05093734711408615,pdb_00009ipv_S1_S2
7533,2,train,0.7341969013214111,pdb_00007rk2_D1_D2
7534,2,train,0.1316126435995102,pdb_00003fb6_A_B
7535,2,train,0.1493026167154312,pdb_00003rif_H_L
7536,2,train,0.6003579497337341,pdb_00009ue0_A_B
7537,2,train,1.0069259405136108,pdb_00007wcr_a_b
7538,2,train,0.15684546530246735,pdb_00008vgi_H_G
7539,2,train,1.1038317680358887,pdb_00009e60_H_L
7540,2,train,0.012579033151268959,pdb_00009jkv_S1_S2
7541,2,train,0.026749737560749054,pdb_00001r3k_B_A
7542,2,train,0.4373115003108978,pdb_00007zf9_H_L
7543,2,train,0.8497655391693115,pdb_00007l0l_G_J
7544,2,train,0.028401853516697884,pdb_00008j6d_H1_H2
7545,2,train,0.07218911498785019,pdb_00008vgj_F_E
7546,2,train,0.015077505260705948,pdb_00009b54_S1_S2
7547,2,train,0.6875536441802979,pdb_00004kht_H_L
7548,2,train,0.25306227803230286,pdb_00008elo_H_L
7549,2,train,0.6384431719779968,pdb_00008j7e_C_D
7550,2,train,0.034563347697257996,pdb_00008kgg_E1_E2
7551,2,train,0.45842865109443665,pdb_00007yck_E_F
7552,2,train,1.113682746887207,pdb_00009rii_H_L
7553,2,train,0.09560427814722061,pdb_00007e33_E1_E2
7554,2,train,0.41367021203041077,pdb_00007mzk_F_E
7555,2,train,0.05304950475692749,pdb_00008sid_J_I
7556,2,train,0.0481330007314682,pdb_00008xjo_E1_E2
7557,2,train,0.14306335151195526,pdb_00002dqd_H_L
7558,2,train,1.061782956123352,pdb_00009qub_F_E
7559,2,train,1.0124086141586304,pdb_00009m7v_H_L
7560,2,train,0.016129985451698303,pdb_00006xbm_S1_S2
7561,2,train,1.1357253789901733,pdb_00006wty_H_I
7562,2,train,0.053714606910943985,pdb_00001otu_E_F
7563,2,train,0.013799676671624184,pdb_00008xxu_E1_E2
7564,2,train,0.04286670684814453,pdb_00008xos_E1_E2
7565,2,train,0.3723592162132263,pdb_00006b9y_B_A
7566,2,train,0.03564991429448128,pdb_00008x16_H1_H2
7567,2,train,0.7252737879753113,pdb_00007sco_J_K
7568,2,train,0.021572569385170937,pdb_00009l42_E1_E2
7569,2,train,0.9909297823905945,pdb_00009oi3_I_J
7570,2,train,0.5350064039230347,pdb_00005yoy_R_O
7571,2,train,0.028226928785443306,pdb_00007u0g_O1_O2
7572,2,train,0.011526098474860191,pdb_00008jim_S1_S2
7573,2,train,0.7293053865432739,pdb_00008w83_E_F
7574,2,train,0.00845535472035408,pdb_00009ydv_E1_E2
7575,2,train,0.7027764916419983,pdb_00009q5v_K_J
7576,2,train,0.5560682415962219,pdb_00007eam_C_D
7577,2,train,0.5981418490409851,pdb_00009hh9_I_H
7578,2,train,0.6894583702087402,pdb_00009q7b_J_K
7579,2,train,0.8050322532653809,pdb_00008kdt_H_L
7580,2,train,0.6928790211677551,pdb_00005x8l_S_N
7581,2,train,0.5616262555122375,pdb_00004odx_A_L
7582,2,train,0.8388260006904602,pdb_00005xmh_D_C
7583,2,train,0.8341004848480225,pdb_00008v5v_c_e
7584,2,train,0.029580313712358475,pdb_00008evg_N1_N2
7585,2,train,0.01648041047155857,pdb_00008y71_E1_E2
7586,2,train,0.3557290732860565,pdb_00006yz7_BBB_CCC
7587,2,train,0.00809751357883215,pdb_00009ldv_S1_S2
7588,2,train,0.6873983144760132,pdb_00007sk8_D_C
7589,2,train,0.014287319034337997,pdb_00006omm_E1_E2
7590,2,train,1.4403355121612549,pdb_00005hbv_D_C
7591,2,train,0.6403341293334961,pdb_00001tzh_H_L
7592,2,train,0.9574449062347412,pdb_00004khx_H_L
7593,2,train,0.05937035009264946,pdb_00003ze2_E_F
7594,2,train,1.0081298351287842,pdb_00007n0a_B_A
7595,2,train,0.9769551157951355,pdb_00005mo9_H_L
7596,2,train,0.4887378513813019,pdb_00008uwz_A_B
7597,2,train,0.7144026756286621,pdb_00006dkj_A_B
7598,2,train,0.02342057228088379,pdb_00009jmd_E1_E2
7599,2,train,0.0894298329949379,pdb_00003a6c_H_L
7600,2,train,0.6765758395195007,pdb_00003rhw_F_N
7601,2,train,0.6543285250663757,pdb_00003nh7_I_M
7602,2,train,1.372219204902649,pdb_00007rco_F_E
7603,2,train,0.6975180506706238,pdb_00008jqs_H_L
7604,2,train,0.025415949523448944,pdb_00007w56_E1_E2
7605,2,train,0.872460126876831,pdb_00009qt3_N_O
7606,2,train,1.3609247207641602,pdb_00006glx_C_D
7607,2,train,1.5939043760299683,pdb_00009n5i_H_L
7608,2,train,0.6876112222671509,pdb_00007mzn_H_L
7609,2,train,0.006481213495135307,pdb_00007t6u_E1_E2
7610,2,train,0.7617796063423157,pdb_00007ycn_K_L
7611,2,train,0.8283989429473877,pdb_00007ua8_I1_I2
7612,2,train,1.113034725189209,pdb_00008da1_B_A
7613,2,train,0.8286300301551819,pdb_00009jbq_A_B
7614,2,train,0.057457633316516876,pdb_00008wwm_E1_E2
7615,2,train,0.021140921860933304,pdb_00007vif_E1_E2
7616,2,train,1.2538882493972778,pdb_00006wds_H_L
7617,2,train,0.9309517741203308,pdb_00005h35_H_I
7618,2,train,1.4537802934646606,pdb_00008gsc_H_L
7619,2,train,0.02011091075837612,pdb_00009kvi_E1_E2
7620,2,train,0.6246859431266785,pdb_00006pe9_C_D
7621,2,train,1.2221299409866333,pdb_00008e8y_H_L
7622,2,train,1.5259385108947754,pdb_00009e89_H_L
7623,2,train,1.1210696697235107,pdb_00008dwo_S_T
7624,2,train,0.17394804954528809,pdb_00007cvs_C_D
7625,2,train,0.6261483430862427,pdb_00004ma7_H_L
7626,2,train,0.008158051408827305,pdb_00008irt_E1_E2
7627,2,train,0.6118595600128174,pdb_00007sk7_D_C
7628,2,train,1.0764069557189941,pdb_00007c88_H_L
7629,2,train,1.0612117052078247,pdb_00009ma7_D_E
7630,2,train,0.5440710186958313,pdb_00008zyt_D_Q
7631,2,train,0.6683545708656311,pdb_00009cpr_H_L
7632,2,train,0.010764091275632381,pdb_00007y12_S1_S2
7633,2,train,0.8853510618209839,pdb_00009wsx_H_L
7634,2,train,0.725502610206604,pdb_00007ubs_J1_J2
7635,2,train,0.9302896857261658,pdb_00007xrz_B_A
7636,2,train,1.1501078605651855,pdb_00005dur_B_D
7637,2,train,1.2803740501403809,pdb_00009mkn_O_P
7638,2,train,0.8164129853248596,pdb_00007ttm_H_L
7639,2,train,1.0225781202316284,pdb_00006xxv_A_B
7640,2,train,0.6065255403518677,pdb_00009jqv_H_L
7641,2,train,0.7552345991134644,pdb_00004np4_I_M
7642,2,train,0.014494577422738075,pdb_00007xw9_S1_S2
7643,2,train,0.4039141833782196,pdb_00008as0_W_V
7644,2,train,0.01223211269825697,pdb_00009izh_S1_S2
7645,2,train,0.27304959297180176,pdb_00002qr0_T_S
7646,2,train,1.3079442977905273,pdb_00006mto_H_L
7647,2,train,1.3797858953475952,pdb_00006xm2_F_E
7648,2,train,0.049251846969127655,pdb_00006adc_E_F
7649,2,train,1.2883280515670776,pdb_00006d0u_K_L
7650,2,train,1.2642320394515991,pdb_00001hys_D_C
7651,2,train,1.293227195739746,pdb_00003bgf_H_L
7652,2,train,0.02220798097550869,pdb_00007s8n_E1_E2
7653,2,train,0.013098347932100296,pdb_00007y24_S1_S2
7654,2,train,0.6971902251243591,pdb_00008cn9_L_K
7655,2,train,0.6863147020339966,pdb_00007m7b_H_L
7656,2,train,0.018890084698796272,pdb_00002vdl_H_L
7657,2,train,0.2549556791782379,pdb_00009oun_J_K
7658,2,train,0.07346393167972565,pdb_00003fb7_A_B
7659,2,train,0.005995391868054867,pdb_00007y64_S1_S2
7660,2,train,1.1223710775375366,pdb_00006u9s_D_E
7661,2,train,1.0500919818878174,pdb_00009cu7_J_N
7662,2,train,0.7373118996620178,pdb_00004f2m_A_B
7663,2,train,1.1304702758789062,pdb_00008fdo_A_B
7664,2,train,1.274976372718811,pdb_00009cds_E_D
7665,2,train,0.018048178404569626,pdb_00009ik8_E1_E2
7666,2,train,0.5766952633857727,pdb_00007cdj_H_L
7667,2,train,0.863325297832489,pdb_00006n5d_L_N
7668,2,train,0.9035709500312805,pdb_00009os5_I_L
7669,2,train,1.2761657238006592,pdb_00004xzu_A_B
7670,2,train,0.4962208569049835,pdb_00008jkf_h_l
7671,2,train,0.7770049571990967,pdb_00001fj1_D_C
7672,2,train,0.06885587424039841,pdb_00008jxw_E1_E2
7673,2,train,0.774806797504425,pdb_00009og2_D_E
7674,2,train,0.1789788156747818,pdb_00003rhw_H_L
7675,2,train,0.004937669727951288,pdb_00008zbi_F1_F2
7676,2,train,1.2108268737792969,pdb_00009mth_I_J
7677,2,train,0.5484161376953125,pdb_00008i5l_D1_D2
7678,2,train,0.5002069473266602,pdb_00007mzh_B_C
7679,2,train,0.6815361380577087,pdb_00002fjh_H_L
7680,2,train,0.6687614917755127,pdb_00009udq_I_C
7681,2,train,0.7156170606613159,pdb_00001fbi_Q_P
7682,2,train,1.2106658220291138,pdb_00007yd1_A_B
7683,2,train,1.3964744806289673,pdb_00007t4q_F_G
7684,2,train,0.6484848856925964,pdb_00007xcz_B_C
7685,2,train,0.12346348911523819,pdb_00006wwz_S1_S2
7686,2,train,0.08588127791881561,pdb_00008gcp_E1_E2
7687,2,train,0.6842473149299622,pdb_00009q7b_G_I
7688,2,train,0.55110102891922,pdb_00008jel_I_K
7689,2,train,0.04387037828564644,pdb_00009jid_S1_S2
7690,2,train,1.3385719060897827,pdb_00007yvf_C_A
7691,2,train,0.6547589302062988,pdb_00007ws7_G_F
7692,2,train,0.04361959174275398,pdb_00009cm7_N1_N2
7693,2,train,0.06825349479913712,pdb_00006k5a_E_F
7694,2,train,0.03406475484371185,pdb_00009jfy_S1_S2
7695,2,train,1.094649076461792,pdb_00004fqj_H_L
7696,2,train,0.8141400218009949,pdb_00008zh7_H_I
7697,2,train,0.9733660221099854,pdb_00009cq8_C_E
7698,2,train,0.8444861173629761,pdb_00001bvk_B_A
7699,2,train,0.6461610794067383,pdb_00003v4p_H_L
7700,2,train,1.0617283582687378,pdb_00008zpq_A_B
7701,2,train,0.02726496383547783,pdb_00009ldw_S1_S2
7702,2,train,0.7298504710197449,pdb_00003g6j_H_G
7703,2,train,1.1871227025985718,pdb_00007yru_H_L
7704,2,train,0.8757482767105103,pdb_00004oii_I_M
7705,2,train,0.05132283270359039,pdb_00008ubk_N2_N1
7706,2,train,1.1740317344665527,pdb_00007mkm_H_L
7707,2,train,0.43561872839927673,pdb_00007s0b_C_D
7708,2,train,0.8908545970916748,pdb_00001p2c_B_A
7709,2,train,1.091126561164856,pdb_00005t5f_H_L
7710,2,train,0.8245517611503601,pdb_00001fsk_C_B
7711,2,train,1.448071837425232,pdb_00008tnn_J_I
7712,2,train,0.09462886303663254,pdb_00006x3u_J_I
7713,2,train,0.6253453493118286,pdb_00009n4f_H_L
7714,2,train,0.01693747006356716,pdb_00008jso_S1_S2
7715,2,train,0.811892032623291,pdb_00009quw_F_E
7716,2,train,0.011427169665694237,pdb_00007d77_S1_S2
7717,2,train,0.7877131104469299,pdb_00009jeb_C1_C2
7718,2,train,0.5728204846382141,pdb_00005oca_H_L
7719,2,train,0.01443833764642477,pdb_00009pq0_E1_E2
7720,2,train,1.0471082925796509,pdb_00002oz4_H_L
7721,2,train,0.7812765836715698,pdb_00008bg5_C1_C2
7722,2,train,0.03649748116731644,pdb_00008z8a_S1_S2
7723,2,train,0.015277148224413395,pdb_00007vgy_E1_E2
7724,2,train,0.13314253091812134,pdb_00006k5d_C_D
7725,2,train,0.47504299879074097,pdb_00009ctu_F_E
7726,2,train,0.028986699879169464,pdb_00008i7w_E1_E2
7727,2,train,0.9398189187049866,pdb_00008bg1_J_K
7728,2,train,0.2785913646221161,pdb_00004tnw_V_Z
7729,2,train,0.03931715711951256,pdb_00006e0c_N1_N2
7730,2,train,0.6120240688323975,pdb_00007y6k_E1_E2
7731,2,train,0.9813447594642639,pdb_00004xnm_B_A
7732,2,train,0.4606056213378906,pdb_00001xgt_B_A
7733,2,train,0.014055651612579823,pdb_00009k26_S1_S2
7734,2,train,1.2023228406906128,pdb_00009mtg_M_N
7735,2,train,0.7831035852432251,pdb_00004v1d_D_E
7736,2,train,0.7061134576797485,pdb_00008y0y_D1_D4
7737,2,train,0.07597760111093521,pdb_00003f7v_A_B
7738,2,train,1.2748262882232666,pdb_00007t7b_H_L
7739,2,train,0.01934151165187359,pdb_00008yh2_S1_S2
7740,2,train,0.03353285416960716,pdb_00009jhp_S1_S2
7741,2,train,0.4074494242668152,pdb_00007x2k_H_L
7742,2,train,0.41488251090049744,pdb_00005u6a_B_A
7743,2,train,1.0607311725616455,pdb_00006wn1_B_C
7744,2,train,0.8692144155502319,pdb_00008w83_I_J
7745,2,train,0.864840030670166,pdb_00008g5a_H_L
7746,2,train,0.714823842048645,pdb_00007lq7_P_Q
7747,2,train,1.4289908409118652,pdb_00009rir_H_L
7748,2,train,0.7017114162445068,pdb_00008y31_B_A
7749,2,train,0.7587018609046936,pdb_00008y3h_G_H
7750,2,train,0.013178858906030655,pdb_00007xms_S1_S2
7751,2,train,0.2050839215517044,pdb_00006ad7_C_D
7752,2,train,1.0601816177368164,pdb_00003wkm_H_L
7753,2,train,0.27995577454566956,pdb_00006zlr_BBB_CCC
7754,2,train,0.24523136019706726,pdb_00004tnw_H_L
7755,2,train,0.03035980649292469,pdb_00008xgu_S1_S2
7756,2,train,0.4952484965324402,pdb_00007yck_C_D
7757,2,train,0.7384160161018372,pdb_00009tmp_H_L
7758,2,train,0.5360602736473083,pdb_00007s7i_J_N
7759,2,train,0.01621829718351364,pdb_00007vug_S1_S2
7760,2,train,0.07986514270305634,pdb_00002ht2_C_D
7761,2,train,1.1455997228622437,pdb_00008z39_H_L
7762,2,train,1.2183406352996826,pdb_00008hrd_W_X
7763,2,train,1.1672749519348145,pdb_00007x3e_H_L
7764,2,train,0.012001202441751957,pdb_00009kft_S1_S2
7765,2,train,0.04496985301375389,pdb_00002fee_I_L
7766,2,train,1.1022965908050537,pdb_00008ezk_I1_I2
7767,2,train,1.4536023139953613,pdb_00006xq0_B_C
7768,2,train,0.8690939545631409,pdb_00005wko_G_H
7769,2,train,1.2094842195510864,pdb_00004u6h_C_D
7770,2,train,0.6481907367706299,pdb_00007dk2_J_K
7771,2,train,0.7129865288734436,pdb_00001fsk_F_E
7772,2,train,0.9485169649124146,pdb_00001orq_B_A
7773,2,train,0.9745926856994629,pdb_00006a4k_H_L
7774,2,train,0.008456192910671234,pdb_00009m8l_N1_N2
7775,2,train,0.10379405319690704,pdb_00002hlf_E_F
7776,2,train,0.5776923894882202,pdb_00009l6c_A_B
7777,2,train,0.4629957973957062,pdb_00007mjl_H_L
7778,2,train,0.689694881439209,pdb_00001mlc_B_A
7779,2,train,0.1720402091741562,pdb_00008vgi_J_I
7780,2,train,0.014043792150914669,pdb_00007v69_S1_S2
7781,2,train,0.5029264092445374,pdb_00005yoy_P_M
7782,2,train,0.5426362156867981,pdb_00008y3k_I_J
7783,2,train,0.02077251300215721,pdb_00008thk_F1_F2
7784,2,train,1.1804063320159912,pdb_00006xm2_D_C
7785,2,train,0.13026662170886993,pdb_00001j1x_H_L
7786,2,train,0.6383403539657593,pdb_00009jy1_P_O
7787,2,train,0.017365217208862305,pdb_00001ots_C_D
7788,2,train,0.07793441414833069,pdb_00007u9v_E_F
7789,2,train,0.7316796183586121,pdb_00004hg4_T_U
7790,2,train,0.7873275876045227,pdb_00004kxz_J_I
7791,2,train,0.016261417418718338,pdb_00001ots_E_F
7792,2,train,0.013532079756259918,pdb_00007ejx_S1_S2
7793,2,train,0.03442394733428955,pdb_00008spu_N1_N2
7794,2,train,0.02795809507369995,pdb_00008j6j_H1_H2
7795,2,train,0.021293409168720245,pdb_00008xyd_E1_E2
7796,2,train,0.40055519342422485,pdb_00003b2u_J_K
7797,2,train,0.054296985268592834,pdb_00006ada_E_F
7798,2,train,0.7607705593109131,pdb_00007lq7_H_L
7799,2,train,0.021320780739188194,pdb_00003nig_E_F
7800,2,train,0.043138500303030014,pdb_00009wp9_C1_C2
7801,2,train,0.27460354566574097,pdb_00008j22_F1_F2
7802,2,train,0.015130829997360706,pdb_00007xbd_E1_E2
7803,2,train,1.8070787191390991,pdb_00004hf5_H_L
7804,2,train,0.01881052926182747,pdb_00008yn5_E1_E2
7805,2,train,0.5841919183731079,pdb_00009azr_H_L
7806,2,train,0.0765322670340538,pdb_00006oij_H1_H2
7807,2,train,0.9675401449203491,pdb_00009cu7_H_L
7808,2,train,0.040871646255254745,pdb_00006x3w_J_I
7809,2,train,0.7688786387443542,pdb_00002h9g_B_A
7810,2,train,0.6890544295310974,pdb_00009iz9_M_N
7811,2,train,0.010253469459712505,pdb_00007u60_E_F
7812,2,train,0.5832337141036987,pdb_00004h88_H_L
7813,2,train,0.033106956630945206,pdb_00008y45_S1_S2
7814,2,train,0.32356101274490356,pdb_00003hfm_H_L
7815,2,train,0.3335208594799042,pdb_00006xe1_H_L
7816,2,train,0.23769144713878632,pdb_00002qr0_L_K
7817,2,train,0.019137445837259293,pdb_00008zme_E1_E2
7818,2,train,1.183247685432434,pdb_00008d7e_D_E
7819,2,train,0.8103983402252197,pdb_00008ezk_H1_H2
7820,2,train,0.13164164125919342,pdb_00007e32_E1_E2
7821,2,train,0.025140151381492615,pdb_00009izc_S1_S2
7822,2,train,0.6512801647186279,pdb_00007jum_H1_H2
7823,2,train,0.9982754588127136,pdb_00009mkn_Q_R
7824,2,train,1.0962302684783936,pdb_00009mtg_H_L
7825,2,train,0.27272549271583557,pdb_00009nz4_D_C
7826,2,train,0.9620802998542786,pdb_00008uf7_B_A
7827,2,train,0.859626293182373,pdb_00008jqm_H_L
7828,2,train,0.5897685885429382,pdb_00007zmk_B_C
7829,2,train,0.5799307227134705,pdb_00006ii4_E_F
7830,2,train,0.013369716703891754,pdb_00007y89_S1_S2
7831,2,train,2.154355049133301,pdb_00008edf_H_L
7832,2,train,0.9188719987869263,pdb_00009ebc_K_L
7833,2,train,0.6330001950263977,pdb_00009axl_H_L
7834,2,train,0.024140628054738045,pdb_00007u0j_N1_N2
7835,2,train,0.018200375139713287,pdb_00009u4w_S1_S2
7836,2,train,0.02309306152164936,pdb_00007sbf_E1_E2
7837,2,train,0.484550416469574,pdb_00008as2_H_L
7838,2,train,0.6177553534507751,pdb_00007vyt_B_C
7839,2,train,0.7702309489250183,pdb_00008hn7_B_A
7840,2,train,0.7486757636070251,pdb_00009ptm_I_M
7841,2,train,0.20566745102405548,pdb_00006vmk_o_n
7842,2,train,0.7440622448921204,pdb_00008a96_K_J
7843,2,train,0.7458210587501526,pdb_00007wvd_I_J
7844,2,train,1.3853285312652588,pdb_00009e3l_I_J
7845,2,train,0.38154786825180054,pdb_00008wnp_D_C
7846,2,train,0.7385603189468384,pdb_00007vgr_F_E
7847,2,train,0.7422536611557007,pdb_00008smi_H_L
7848,2,train,0.06512987613677979,pdb_00006x3t_K_L
7849,2,train,0.40372806787490845,pdb_00008as0_N_M
7850,2,train,0.010682577267289162,pdb_00007db6_E1_E2
7851,2,train,0.36917731165885925,pdb_000011oo_H_L
7852,2,train,0.8063128590583801,pdb_00008wpw_H_L
7853,2,train,0.7531553506851196,pdb_00007mem_H_L
7854,2,train,0.023823963478207588,pdb_00006dzt_M1_M2
7855,2,train,1.500967025756836,pdb_00008s72_X_Y
7856,2,train,0.10543660074472427,pdb_00007x9y_S1_S2
7857,2,train,0.023159848526120186,pdb_00009m0r_S1_S2
7858,2,train,0.9807159304618835,pdb_00008zre_h_l
7859,2,train,0.5769562721252441,pdb_00009q71_I_J
7860,2,train,0.06263797730207443,pdb_00008ied_N1_N2
7861,2,train,0.9434367418289185,pdb_00007upb_B_E
7862,2,train,0.6508396863937378,pdb_00007wqv_N1_N2
7863,2,train,0.0351296104490757,pdb_00009bsb_E1_E2
7864,2,train,0.8744535446166992,pdb_00008yub_D_E
7865,2,train,0.7801966071128845,pdb_00008u4s_B_A
7866,2,train,0.01204797811806202,pdb_00007ydh_E1_E2
7867,2,train,0.7098188996315002,pdb_00009quw_D_C
7868,2,train,0.9160974621772766,pdb_00007zfb_C_D
7869,2,train,1.2205597162246704,pdb_00005gs0_D_C
7870,2,train,1.0430123805999756,pdb_00006h3u_H_L
7871,2,train,0.11097580939531326,pdb_00008z65_S1_S2
7872,2,train,0.7860826849937439,pdb_00005y11_A_B
7873,2,train,0.01951766572892666,pdb_00002fee_J_O
7874,2,train,0.15386751294136047,pdb_00008ihh_S1_S2
7875,2,train,0.03317461162805557,pdb_00009d4z_E1_E2
7876,2,train,1.7340396642684937,pdb_00006ddv_B_A
7877,2,train,0.4935882091522217,pdb_00008hn6_A_B
7878,2,train,0.17112129926681519,pdb_00009zqa_J2_J1
7879,2,train,1.0562156438827515,pdb_00008k5g_H_L
7880,2,train,0.9290488362312317,pdb_00007l7e_O_P
7881,2,train,0.5846105813980103,pdb_00007dk0_A_B
7882,2,train,0.03502500429749489,pdb_00009k3l_S1_S2
7883,2,train,0.7394071817398071,pdb_00008cz8_C2_C1
7884,2,train,0.024812446907162666,pdb_00008j6i_H1_H2
7885,2,train,0.011905468069016933,pdb_00001ott_C_D
7886,2,train,0.6409150958061218,pdb_00009irs_S_T
7887,2,train,0.01915227435529232,pdb_00009vje_E1_E2
7888,2,train,0.8773722052574158,pdb_00007uvi_D_E
7889,2,train,0.5587838888168335,pdb_00007wqv_F1_F2
7890,2,train,0.6573423147201538,pdb_00008ulf_J_N
7891,2,train,0.6249734163284302,pdb_00006xq4_E_F
7892,2,train,0.32018905878067017,pdb_00009exa_D_C
7893,2,train,0.5735453963279724,pdb_00007m71_H_L
7894,2,train,1.0730994939804077,pdb_00009zdu_H_L
7895,2,train,1.289633870124817,pdb_00007s11_I_M
7896,2,train,0.5386274456977844,pdb_00005yoy_G_D
7897,2,train,1.1077840328216553,pdb_00009cps_H_L
7898,2,train,0.5014240145683289,pdb_00009irs_H_L
7899,2,train,0.625403106212616,pdb_00009ib1_H_L
7900,2,train,0.025562454015016556,pdb_00007trs_H1_H2
7901,2,train,0.832027018070221,pdb_00009cct_C_B
7902,2,train,0.024829626083374023,pdb_00009m8k_N1_N2
7903,2,train,0.040922027081251144,pdb_00008ijb_S1_S2
7904,2,train,0.09374836087226868,pdb_00008dk5_N1_N2
7905,2,train,0.024639315903186798,pdb_00007ezh_H1_H2
7906,2,train,1.3113899230957031,pdb_00003qwo_A_B
7907,2,train,0.921345591545105,pdb_00004am0_H_L
7908,2,train,0.4706421494483948,pdb_00003b2u_C_D
7908,2,train_epoch,0.5952218862394244,
7908,2,validation,0.985766666856679,
7909,3,train,0.021408045664429665,pdb_00008fn0_E1_E2
7910,3,train,0.9965923428535461,pdb_00007s0x_H_L
7911,3,train,0.01482956763356924,pdb_00007vkt_E1_E2
7912,3,train,0.016980284824967384,pdb_00008iw1_S1_S2
7913,3,train,1.2022815942764282,pdb_00006d0u_H_I
7914,3,train,0.7397404909133911,pdb_00008e2u_H_L
7915,3,train,1.2083206176757812,pdb_00006s3d_A_B
7916,3,train,0.7491763830184937,pdb_00005ggt_H_L
7917,3,train,0.5762156844139099,pdb_00005aaw_F1_F2
7918,3,train,0.7001904249191284,pdb_00007xda_D_E
7919,3,train,0.7183029651641846,pdb_00008zh7_E_F
7920,3,train,0.2918057441711426,pdb_00007vgs_D_C
7921,3,train,0.03256671130657196,pdb_00007uko_E_F
7922,3,train,0.03670406714081764,pdb_00009iy8_S1_S2
7923,3,train,0.05072067305445671,pdb_00008vfx_N2_N1
7924,3,train,0.05381350591778755,pdb_00006e0p_N1_N2
7925,3,train,0.8994491100311279,pdb_00008vk1_F_E
7926,3,train,0.015404888428747654,pdb_00008jgf_E1_E2
7927,3,train,0.026162786409258842,pdb_00008yuv_S1_S2
7928,3,train,0.535681426525116,pdb_00008dww_H_L
7929,3,train,0.3817286789417267,pdb_00005u6a_B_A
7930,3,train,0.01552301924675703,pdb_00007wz4_S1_S2
7931,3,train,0.8563458323478699,pdb_00007y3n_H_L
7932,3,train,0.44463831186294556,pdb_00009ib1_H_L
7933,3,train,0.9058080911636353,pdb_00006h3u_H_L
7934,3,train,0.6090737581253052,pdb_00008jkh_h_l
7935,3,train,0.7556036710739136,pdb_00009kve_E_G
7936,3,train,0.9139031767845154,pdb_00006wtv_E_F
7937,3,train,0.744674801826477,pdb_00006n5d_L_N
7938,3,train,0.8164951205253601,pdb_00008pwh_D_C
7939,3,train,1.0833791494369507,pdb_00001hys_D_C
7940,3,train,1.2169758081436157,pdb_00006bpc_B_C
7941,3,train,0.457783579826355,pdb_00008dww_X_W
7942,3,train,0.693113386631012,pdb_00009ue8_E_F
7943,3,train,0.04281065985560417,pdb_00008gcp_E1_E2
7944,3,train,0.8593477010726929,pdb_00008fhy_H_L
7945,3,train,1.2503279447555542,pdb_00009kve_D_F
7946,3,train,0.013124392367899418,pdb_00008yn4_E1_E2
7947,3,train,0.6943241357803345,pdb_00007ycn_H_I
7948,3,train,0.9836304187774658,pdb_00008hq7_H_L
7949,3,train,1.129062533378601,pdb_00009mtl_M_N
7950,3,train,0.009913609363138676,pdb_00006k41_H1_H2
7951,3,train,2.235825538635254,pdb_00006vlw_H_L
7952,3,train,0.7725985646247864,pdb_00003c09_H_L
7953,3,train,0.984596848487854,pdb_00001fns_H_L
7954,3,train,0.8164278268814087,pdb_00007m42_D_C
7955,3,train,0.1430576592683792,pdb_00008sgo_K_L
7956,3,train,0.12965446710586548,pdb_00008vgi_F_E
7957,3,train,0.7599109411239624,pdb_00006ogx_H_L
7958,3,train,0.039360594004392624,pdb_00009erx_F1_F2
7959,3,train,0.6061576008796692,pdb_00007zlg_H_L
7960,3,train,0.034259017556905746,pdb_00008f7w_E1_E2
7961,3,train,0.7866697311401367,pdb_00008yx9_G_I
7962,3,train,0.012402339838445187,pdb_00009j5v_S1_S2
7963,3,train,0.03167014569044113,pdb_00008xgu_S1_S2
7964,3,train,0.07614285498857498,pdb_00008hqe_H1_H2
7965,3,train,0.9406743049621582,pdb_00008u44_V_X
7966,3,train,0.7465850710868835,pdb_00004hg4_V_W
7967,3,train,0.018129760399460793,pdb_00007xwo_E1_E2
7968,3,train,0.02824530377984047,pdb_00007ucy_E_F
7969,3,train,1.2218056917190552,pdb_00008tnn_H_G
7970,3,train,0.03318770229816437,pdb_00008wrb_E1_E2
7971,3,train,0.9871761798858643,pdb_00006k7o_H_L
7972,3,train,0.6208406090736389,pdb_00009iz9_M_N
7973,3,train,0.1772647649049759,pdb_00008ubi_M2_M1
7974,3,train,0.6101323366165161,pdb_00004hg4_N_O
7975,3,train,1.1192257404327393,pdb_00006ba5_F_E
7976,3,train,0.6650104522705078,pdb_00009cq4_H_L
7977,3,train,0.017655503004789352,pdb_00007l1v_H1_H2
7978,3,train,0.05030302703380585,pdb_00008j21_B1_B2
7979,3,train,0.02355019561946392,pdb_00004z7q_E_F
7980,3,train,0.02342836931347847,pdb_00007ys6_E1_E2
7981,3,train,0.023168468847870827,pdb_00008ic0_E1_E2
7982,3,train,0.016689592972397804,pdb_00007wyb_E1_E2
7983,3,train,0.7382199764251709,pdb_00007kn3_M_N
7984,3,train,0.07513656467199326,pdb_00006x3z_K_L
7985,3,train,1.0403143167495728,pdb_00006jep_H_L
7986,3,train,0.12761621177196503,pdb_00006bae_B_A
7987,3,train,0.45998507738113403,pdb_00009ib3_H_L
7988,3,train,0.38905608654022217,pdb_00009our_J_K
7989,3,train,0.2249724268913269,pdb_00009nz3_D_C
7990,3,train,0.17862485349178314,pdb_00009ctu_D_C
7991,3,train,0.010751568712294102,pdb_00008hsc_S1_S2
7992,3,train,0.1303708702325821,pdb_00009oup_H_L
7993,3,train,0.6838064193725586,pdb_00006ii9_P_Q
7994,3,train,0.01020321249961853,pdb_00008jim_S1_S2
7995,3,train,0.07316690683364868,pdb_00008vqy_J_I
7996,3,train,0.9133324027061462,pdb_00006gff_L_K
7997,3,train,0.019329821690917015,pdb_00002fee_I_L
7998,3,train,0.6294949054718018,pdb_00008txu_H_L
7999,3,train,0.02809012681245804,pdb_00009kft_S1_S2
8000,3,train,0.9644238352775574,pdb_00007upb_C_F
8001,3,train,0.6741882562637329,pdb_00007xsc_D_H
8002,3,train,0.007492391858249903,pdb_00008hs3_S1_S2
8003,3,train,1.0472265481948853,pdb_00007shy_I_J
8004,3,train,0.5756941437721252,pdb_00009cpr_H_L
8005,3,train,0.014506613835692406,pdb_00007yj4_S1_S2
8006,3,train,0.8556231260299683,pdb_00008w83_A_B
8007,3,train,0.21127304434776306,pdb_00006w0i_A_B
8008,3,train,0.5036852359771729,pdb_00007yvm_C_A
8009,3,train,1.1499452590942383,pdb_00006hga_H_L
8010,3,train,0.8340162634849548,pdb_00007uvq_C_B
8011,3,train,0.007275755051523447,pdb_00009oxa_D1_D2
8012,3,train,0.8425254225730896,pdb_00008wu1_H_L
8013,3,train,0.99913489818573,pdb_00009sat_H_L
8014,3,train,0.041232623159885406,pdb_00003nid_E_F
8015,3,train,1.249395489692688,pdb_00009ml8_P_Q
8016,3,train,0.03175199404358864,pdb_00009j0b_S1_S2
8017,3,train,0.2251533567905426,pdb_00006zlr_FFF_GGG
8018,3,train,0.935619056224823,pdb_00002oz4_H_L
8019,3,train,0.8146864771842957,pdb_00009os5_I_L
8020,3,train,0.06757127493619919,pdb_00003hpl_A_B
8021,3,train,0.7137251496315002,pdb_00007jum_J1_J2
8022,3,train,0.055139049887657166,pdb_00008jln_S1_S2
8023,3,train,0.6391985416412354,pdb_00009q71_K_L
8024,3,train,0.4030435085296631,pdb_00007s0b_A_B
8025,3,train,0.6765159964561462,pdb_00008u44_S_T
8026,3,train,0.01108582690358162,pdb_00008dzp_E1_E2
8027,3,train,0.010281079448759556,pdb_00008vve_E1_E2
8028,3,train,0.04209429398179054,pdb_00003f7y_A_B
8029,3,train,1.1403083801269531,pdb_00009hvw_H_L
8030,3,train,0.751130223274231,pdb_00007rk2_D1_D2
8031,3,train,0.00935735646635294,pdb_00008xqs_S1_S2
8032,3,train,0.017193829640746117,pdb_00009kfi_S1_S2
8033,3,train,0.49712979793548584,pdb_00005nhr_H_L
8034,3,train,1.1735438108444214,pdb_00002r56_I_M
8035,3,train,0.03265981003642082,pdb_00007p02_H1_H2
8036,3,train,0.35704320669174194,pdb_00003ri5_I_O
8037,3,train,0.013593590818345547,pdb_00007x10_E1_E2
8038,3,train,0.018419474363327026,pdb_00007ykd_S1_S2
8039,3,train,1.3778282403945923,pdb_00009me7_J_N
8040,3,train,1.044092059135437,pdb_00009oap_H_L
8041,3,train,0.5606271624565125,pdb_00009udq_F_A
8042,3,train,0.5596155524253845,pdb_00007xsc_A_B
8043,3,train,0.8083633184432983,pdb_00008y3l_G_H
8044,3,train,0.03396111726760864,pdb_00009vif_S1_S2
8045,3,train,1.0234577655792236,pdb_00007uzd_H_L
8046,3,train,1.275783896446228,pdb_00008f6l_A_B
8047,3,train,1.3563848733901978,pdb_00007xh8_B_C
8048,3,train,1.0817701816558838,pdb_00005lsp_S_T
8049,3,train,0.168680801987648,pdb_00009zqb_J2_J1
8050,3,train,0.8845575451850891,pdb_00009ctw_D_C
8051,3,train,0.16675305366516113,pdb_00002dqj_H_L
8052,3,train,1.3411530256271362,pdb_00006wmw_H_L
8053,3,train,0.1922054886817932,pdb_00009exa_D_C
8054,3,train,0.4394563138484955,pdb_00007ch5_H_L
8055,3,train,1.1272481679916382,pdb_00008bcz_A_B
8056,3,train,0.865088939666748,pdb_00005wko_C_D
8057,3,train,0.01786578819155693,pdb_00007yk6_S1_S2
8058,3,train,0.6105679869651794,pdb_00006p4b_H_L
8059,3,train,1.1883383989334106,pdb_00006wex_H_L
8060,3,train,0.6164810657501221,pdb_00005x8m_B_C
8061,3,train,0.6117293834686279,pdb_00002eks_B_A
8062,3,train,1.1713123321533203,pdb_00008w5h_H_L
8063,3,train,0.9171281456947327,pdb_00008sdh_C_D
8064,3,train,0.655868649482727,pdb_00008too_H_E
8065,3,train,0.4014023244380951,pdb_00006xc4_H_L
8066,3,train,0.02534542977809906,pdb_00009m0r_S1_S2
8067,3,train,0.5066217184066772,pdb_00008jen_A_B
8068,3,train,0.02653285674750805,pdb_00007s8p_E1_E2
8069,3,train,0.5491847991943359,pdb_00008zyu_D_Q
8070,3,train,1.1901791095733643,pdb_00003h3b_C2_C1
8071,3,train,0.027408961206674576,pdb_00008k3z_S1_S2
8072,3,train,0.9245446920394897,pdb_00005vqm_H_L
8073,3,train,0.02360365353524685,pdb_00007tuz_E1_E2
8074,3,train,0.020091896876692772,pdb_00007eo4_E1_E2
8075,3,train,1.1149991750717163,pdb_00005ggs_C_D
8076,3,train,0.05107403174042702,pdb_00008j6q_S1_S2
8077,3,train,0.012296638451516628,pdb_00007t6v_E1_E2
8078,3,train,0.724687933921814,pdb_00007ubs_I1_I2
8079,3,train,0.011788477189838886,pdb_00007ejk_H1_H2
8080,3,train,0.010196592658758163,pdb_00006lfm_S1_S2
8081,3,train,0.8241629600524902,pdb_00007dq7_H_L
8082,3,train,0.3644779920578003,pdb_00007zf8_H_L
8083,3,train,0.921734631061554,pdb_00009cfe_A_B
8084,3,train,0.8580406904220581,pdb_00004nik_B1_B2
8085,3,train,0.017837293446063995,pdb_00007y67_S1_S2
8086,3,train,0.7448857426643372,pdb_00003fku_Y1_Y2
8087,3,train,0.5306886434555054,pdb_00007xcz_D_E
8088,3,train,1.0080136060714722,pdb_00006ejg_C2_C1
8089,3,train,0.7514501810073853,pdb_00007m42_B_A
8090,3,train,0.9514257907867432,pdb_00009cds_E_D
8091,3,train,0.8352603316307068,pdb_00006o1f_H_L
8092,3,train,0.2546674311161041,pdb_00003a6b_H_L
8093,3,train,0.008291918784379959,pdb_00009vjg_E1_E2
8094,3,train,0.3370250165462494,pdb_00007zf9_A_B
8095,3,train,0.03424264118075371,pdb_00007f9z_E1_E2
8096,3,train,1.0173895359039307,pdb_00008dwo_H_L
8097,3,train,1.0566976070404053,pdb_00009yyu_H_L
8098,3,train,0.7947912812232971,pdb_00005y11_A_B
8099,3,train,1.035974383354187,pdb_00003bsz_N_M
8100,3,train,0.8096300363540649,pdb_00007ahu_H_L
8101,3,train,1.0614444017410278,pdb_00006d0u_E_F
8102,3,train,0.9970192313194275,pdb_00006a4k_I_M
8103,3,train,0.016361849382519722,pdb_00008e9x_E1_E2
8104,3,train,0.7785030603408813,pdb_00008oxx_B_C
8105,3,train,0.009712130762636662,pdb_00007ra3_E1_E2
8106,3,train,0.8692185878753662,pdb_00008g5b_I_M
8107,3,train,0.7358328104019165,pdb_00007djz_A_B
8108,3,train,0.704788327217102,pdb_00003eo1_B_A
8109,3,train,0.8083983063697815,pdb_00007mem_H_L
8110,3,train,0.46186313033103943,pdb_00008hn6_C_D
8111,3,train,0.534469485282898,pdb_00009u5p_P_Q
8112,3,train,0.012489078566432,pdb_00009m8l_N1_N2
8113,3,train,0.008183124475181103,pdb_00009ite_E1_E2
8114,3,train,0.7870993614196777,pdb_00008sdf_B_C
8115,3,train,0.676741898059845,pdb_00008vtd_B_A
8116,3,train,1.3078138828277588,pdb_00007r8u_HHH_LLL
8117,3,train,0.0451417900621891,pdb_00008xyk_S1_S2
8118,3,train,0.6687525510787964,pdb_00006gv4_H_L
8119,3,train,0.43662628531455994,pdb_00008vgi_K_L
8120,3,train,1.089379906654358,pdb_00009zdu_H_L
8121,3,train,1.174259066581726,pdb_00004ffv_H_L
8122,3,train,0.41815418004989624,pdb_00007c01_H_L
8123,3,train,0.9887966513633728,pdb_00006ek2_H1_H2
8124,3,train,0.4110962748527527,pdb_00003b2v_H_L
8125,3,train,0.3431643545627594,pdb_00007cjf_A_B
8126,3,train,0.04078429937362671,pdb_00006ada_E_F
8127,3,train,1.6338448524475098,pdb_00008r4n_H_L
8128,3,train,0.017729999497532845,pdb_00009k6l_S1_S2
8129,3,train,0.08014719188213348,pdb_00008sgo_J_I
8130,3,train,0.028119344264268875,pdb_00008wwl_E1_E2
8131,3,train,0.5079442858695984,pdb_00007xei_E_F
8132,3,train,0.2972635328769684,pdb_00006b3s_C_D
8133,3,train,0.5853835940361023,pdb_00008jkh_M_N
8134,3,train,1.045224905014038,pdb_00008d9y_F_E
8135,3,train,0.998988687992096,pdb_00009mtg_H_L
8136,3,train,1.0715429782867432,pdb_00007t0w_O_P
8137,3,train,1.0796077251434326,pdb_00006gff_N_M
8138,3,train,0.027010681107640266,pdb_00008j20_B1_B2
8139,3,train,0.6966556906700134,pdb_00007sco_J_K
8140,3,train,0.017698682844638824,pdb_00002vdn_H_L
8141,3,train,0.6769507527351379,pdb_00005w0k_H_L
8142,3,train,0.8517771363258362,pdb_00006ww5_E_F
8143,3,train,0.792495846748352,pdb_00004np4_I_M
8144,3,train,0.878369927406311,pdb_00005dhx_L2_L1
8145,3,train,0.6720024943351746,pdb_00007mem_G_J
8146,3,train,1.3597970008850098,pdb_00005anm_B_A
8147,3,train,1.014491081237793,pdb_00001n5y_H_L
8148,3,train,0.7142342925071716,pdb_00008q6j_D_C
8149,3,train,0.7055521607398987,pdb_00004yk4_Z_Y
8150,3,train,0.6840898990631104,pdb_00007zmk_E_F
8151,3,train,0.22192434966564178,pdb_00001ic4_H_L
8152,3,train,1.0220019817352295,pdb_00009dn2_I_M
8153,3,train,0.2734176814556122,pdb_00002qr0_H_G
8154,3,train,0.6622983813285828,pdb_00004okv_A_B
8155,3,train,0.8271085619926453,pdb_00009lsj_D1_E2
8156,3,train,1.9577070474624634,pdb_00005i9q_B_C
8157,3,train,0.8280839323997498,pdb_00005kov_E1_E2
8158,3,train,0.5113121271133423,pdb_00007klg_H_L
8159,3,train,0.013497992418706417,pdb_00009vjf_E1_E2
8160,3,train,0.01386935357004404,pdb_00009ijd_D1_D2
8161,3,train,0.5851529240608215,pdb_00008y0y_E3_E2
8162,3,train,0.6662553548812866,pdb_00007jmw_H_L
8163,3,train,0.9238191246986389,pdb_00008ezk_H1_H2
8164,3,train,0.5887928605079651,pdb_00007vaf_H_L
8165,3,train,0.5165497660636902,pdb_00007kfx_H_L
8166,3,train,0.014673665165901184,pdb_00007t2h_E1_E2
8167,3,train,1.303932547569275,pdb_00008jeo_E_F
8168,3,train,0.4638078510761261,pdb_00001xgp_B_A
8169,3,train,0.845434844493866,pdb_00007x2w_H_L
8170,3,train,0.5986818075180054,pdb_00009jy4_P_O
8171,3,train,0.48610228300094604,pdb_00007zmk_P_Q
8172,3,train,0.032767944037914276,pdb_00008id3_S1_S2
8173,3,train,0.17533744871616364,pdb_00005u5m_B_A
8174,3,train,0.6537224650382996,pdb_00007t87_H_L
8175,3,train,0.013789466582238674,pdb_00007s8n_E1_E2
8176,3,train,0.011833115480840206,pdb_00007wz7_C1_C2
8177,3,train,0.6867112517356873,pdb_00009wsx_H_L
8178,3,train,0.03974885120987892,pdb_00009ns9_N1_N2
8179,3,train,1.0870270729064941,pdb_00004xhj_H_G
8180,3,train,0.3831040859222412,pdb_00001ndm_B_A
8181,3,train,0.0163772851228714,pdb_00008dzr_E1_E2
8182,3,train,0.040492258965969086,pdb_00008xx6_S1_S2
8183,3,train,0.03667057678103447,pdb_00007f2o_S1_S2
8184,3,train,0.008127544075250626,pdb_00009jmd_E1_E2
8185,3,train,0.5202626585960388,pdb_00009azr_H_L
8186,3,train,1.236122488975525,pdb_00005w08_Q_R
8187,3,train,0.6583415865898132,pdb_00009l9o_B_C
8188,3,train,1.8702815771102905,pdb_00009osx_B_C
8189,3,train,0.17142076790332794,pdb_00009nz3_F_E
8190,3,train,0.442284494638443,pdb_00007f6z_H_L
8191,3,train,0.09100570529699326,pdb_00008si9_J_I
8192,3,train,0.6206439733505249,pdb_00001tzh_B_A
8193,3,train,0.6229587197303772,pdb_00003nh7_K_O
8194,3,train,1.1813817024230957,pdb_00009mth_M_N
8195,3,train,0.02278820425271988,pdb_00008xxz_S1_S2
8196,3,train,0.9282287955284119,pdb_00008cbf_H_L
8197,3,train,0.6347732543945312,pdb_00007m7b_H_L
8198,3,train,0.01505725271999836,pdb_00006dde_E1_E2
8199,3,train,1.327089786529541,pdb_00008jeo_B_C
8200,3,train,0.011535033583641052,pdb_00009vj6_E1_E2
8201,3,train,0.7683233022689819,pdb_00009n8j_H_I
8202,3,train,0.746582567691803,pdb_00009mqa_J_N
8203,3,train,0.02529177814722061,pdb_00002ht3_C_D
8204,3,train,1.1946216821670532,pdb_00006xm2_F_E
8205,3,train,0.031256742775440216,pdb_00008efb_E1_E2
8206,3,train,0.16885659098625183,pdb_00006w0j_A_B
8207,3,train,0.023732220754027367,pdb_00008j6i_H1_H2
8208,3,train,0.6359929442405701,pdb_00008ezk_I1_I2
8209,3,train,1.0473014116287231,pdb_00009cu7_I_M
8210,3,train,0.8611672520637512,pdb_00006hjp_I_J
8211,3,train,0.009344806894659996,pdb_00008k6n_S1_S2
8212,3,train,0.3204134702682495,pdb_00007qez_E_F
8213,3,train,0.010734411887824535,pdb_00003ejy_E_F
8214,3,train,0.6568022966384888,pdb_00007bwj_H_L
8215,3,train,0.9151880741119385,pdb_00007wph_H_L
8216,3,train,1.018460750579834,pdb_00007yh6_H_L
8217,3,train,0.12802860140800476,pdb_00007k61_M2_M1
8218,3,train,1.0233618021011353,pdb_00007scn_E_F
8219,3,train,0.8374673128128052,pdb_00006t3j_F_G
8220,3,train,0.02235821634531021,pdb_00008xxh_S1_S2
8221,3,train,1.1243888139724731,pdb_00001ztx_H_L
8222,3,train,1.0256212949752808,pdb_00007x3d_H_L
8223,3,train,0.8124729990959167,pdb_00004wv1_E_D
8224,3,train,0.014968182891607285,pdb_00007td8_E_F
8225,3,train,0.727387547492981,pdb_00009bt5_E_F
8226,3,train,0.8214653730392456,pdb_00008cxh_h_l
8227,3,train,0.009367531165480614,pdb_00009ldx_S1_S2
8228,3,train,0.775104284286499,pdb_00009b82_H_L
8229,3,train,0.8818377256393433,pdb_00003v6z_C_D
8230,3,train,0.5523654222488403,pdb_00006iap_E_D
8231,3,train,1.033436894416809,pdb_00007rco_D_C
8232,3,train,0.9138872623443604,pdb_00008f6o_A_B
8233,3,train,0.8519613146781921,pdb_00001p2c_E_D
8234,3,train,1.168268084526062,pdb_00002vxq_H_L
8235,3,train,0.01521091815084219,pdb_00007w53_E1_E2
8236,3,train,0.8352150917053223,pdb_00008uzp_H_L
8237,3,train,0.01451883465051651,pdb_00008y6w_D1_D2
8238,3,train,0.8723486065864563,pdb_00004xhj_D_C
8239,3,train,0.792225182056427,pdb_00007wph_E_D
8240,3,train,0.3929157853126526,pdb_00007zf9_H_L
8241,3,train,0.6313871741294861,pdb_00008ulf_I_M
8242,3,train,0.03704321011900902,pdb_00008zd1_S1_S2
8243,3,train,0.7525862455368042,pdb_00006cyf_M_L
8244,3,train,0.13785360753536224,pdb_00006w0f_A_B
8245,3,train,0.810099184513092,pdb_00007l0l_G_J
8246,3,train,0.558213472366333,pdb_00004zff_A_B
8247,3,train,0.9278163909912109,pdb_00007b0b_H_L
8248,3,train,0.6670020222663879,pdb_00008y31_B_A
8249,3,train,1.1854548454284668,pdb_00006aru_C_B
8250,3,train,0.5714658498764038,pdb_00009pw4_C_D
8251,3,train,1.3608776330947876,pdb_00008kep_H_L
8252,3,train,0.16041147708892822,pdb_00003rhw_H_L
8253,3,train,0.6113226413726807,pdb_00008bg3_C1_C2
8254,3,train,0.007588603999465704,pdb_00008xqo_S1_S2
8255,3,train,0.5400424003601074,pdb_00002r0l_H_L
8256,3,train,1.033971905708313,pdb_00007sbd_H_L
8257,3,train,0.667820155620575,pdb_00007lq7_y_z
8258,3,train,1.0084567070007324,pdb_00009mqd_H_L
8259,3,train,0.011710476130247116,pdb_00009lrs_E1_E2
8260,3,train,0.9195102453231812,pdb_00007yds_B_C
8261,3,train,0.0958072692155838,pdb_00008vrn_K_L
8262,3,train,0.7708180546760559,pdb_00008sdf_H_L
8263,3,train,0.9056798219680786,pdb_00009hi4_A_B
8264,3,train,0.013988053426146507,pdb_00001otu_C_D
8265,3,train,0.8639957308769226,pdb_00009c6y_A_B
8266,3,train,0.7720640897750854,pdb_00008hws_D_E
8267,3,train,0.03473905846476555,pdb_00009m1o_S1_S2
8268,3,train,0.15894439816474915,pdb_00008j22_F1_F2
8269,3,train,0.05592963472008705,pdb_00009kt8_E1_E2
8270,3,train,0.7496445775032043,pdb_00007xrz_B_A
8271,3,train,0.05383355915546417,pdb_00007ej0_H1_H2
8272,3,train,0.00926693994551897,pdb_00008irt_E1_E2
8273,3,train,1.334975004196167,pdb_00006s3d_C_D
8274,3,train,0.6821734309196472,pdb_00009cn2_B1_B2
8275,3,train,0.08206681162118912,pdb_00003or7_A_B
8276,3,train,0.9711458086967468,pdb_00001adq_H_L
8277,3,train,0.5273566246032715,pdb_00007lop_X_Y
8278,3,train,0.6253745555877686,pdb_00004kht_H_L
8279,3,train,0.7213634848594666,pdb_00006ii9_H_L
8280,3,train,1.4483904838562012,pdb_00003lzf_H_L
8281,3,train,0.0829501748085022,pdb_00009drx_J_I
8282,3,train,0.0481867641210556,pdb_00008z65_S1_S2
8283,3,train,1.0356353521347046,pdb_00009e21_H_L
8284,3,train,0.9235881567001343,pdb_00006s3d_H_L
8285,3,train,0.3996361792087555,pdb_00007wbz_H_L
8286,3,train,0.010934042744338512,pdb_00007ubr_E_F
8287,3,train,0.5703477263450623,pdb_00003h42_H_L
8288,3,train,0.9971991181373596,pdb_00007l5j_W_L
8289,3,train,0.9513223171234131,pdb_00007det_D1_D2
8290,3,train,0.009840267710387707,pdb_00002r9h_E_F
8291,3,train,0.5993063449859619,pdb_00007qf1_C_B
8292,3,train,0.6568771004676819,pdb_00006cyf_D_C
8293,3,train,0.010329828597605228,pdb_00007evz_E1_E2
8294,3,train,0.6277799010276794,pdb_00009jy3_P_O
8295,3,train,0.008296363055706024,pdb_00007t6u_E1_E2
8296,3,train,0.6697896122932434,pdb_00007wwk_I_H
8297,3,train,0.031159494072198868,pdb_00007u9v_E_F
8298,3,train,1.2055243253707886,pdb_00006ba5_B_A
8299,3,train,0.6543286442756653,pdb_00007d85_B_C
8300,3,train,0.36211076378822327,pdb_000011oo_H_L
8301,3,train,0.011087249964475632,pdb_00006ad7_E_F
8302,3,train,0.020569398999214172,pdb_00008efl_E1_E2
8303,3,train,0.4081058204174042,pdb_00001dzb_B1_B2
8304,3,train,0.8965944647789001,pdb_00007uvq_D_E
8305,3,train,0.7497736811637878,pdb_00007x2o_H_L
8306,3,train,0.023371420800685883,pdb_00009w6w_E1_E2
8307,3,train,0.6072236895561218,pdb_00007sco_H_L
8308,3,train,0.03360532596707344,pdb_00008e9z_E1_E2
8309,3,train,0.011719636619091034,pdb_00007evy_E1_E2
8310,3,train,0.7906598448753357,pdb_00001yqv_H_L
8311,3,train,0.10986874252557755,pdb_00007k60_N2_N1
8312,3,train,0.6651460528373718,pdb_00009q7b_G_I
8313,3,train,0.011980251409113407,pdb_00007l8p_E_F
8314,3,train,0.02297445572912693,pdb_00008dd3_J_I
8315,3,train,0.858004093170166,pdb_00007l7e_O_P
8316,3,train,0.006540332920849323,pdb_00007tpd_E_F
8317,3,train,0.5136691927909851,pdb_00007pqy_B_C
8318,3,train,0.42669999599456787,pdb_00005aaw_A1_A2
8319,3,train,0.8908897638320923,pdb_00006wtu_B_C
8320,3,train,0.17487876117229462,pdb_00006vmk_P_O
8321,3,train,0.021628784015774727,pdb_00007wig_S1_S2
8322,3,train,0.4611753523349762,pdb_00006ii8_H_L
8323,3,train,0.016640815883874893,pdb_00007vih_E1_E2
8324,3,train,0.5982711315155029,pdb_00008too_D_C
8325,3,train,1.4398571252822876,pdb_00006uyn_H_L
8326,3,train,1.312239170074463,pdb_00005ldn_H_L
8327,3,train,0.010661293752491474,pdb_00007s8o_E1_E2
8328,3,train,0.026335088536143303,pdb_00006x40_K_L
8329,3,train,0.008996278047561646,pdb_00008jso_S1_S2
8330,3,train,0.08724328875541687,pdb_00007cvs_C_D
8331,3,train,0.6020510196685791,pdb_00009j9z_H_L
8332,3,train,0.01449617836624384,pdb_00002h2p_C_D
8333,3,train,0.022321196272969246,pdb_00007ts0_H1_H2
8334,3,train,0.02440742775797844,pdb_00008wwm_E1_E2
8335,3,train,0.021877488121390343,pdb_00007xxh_H1_H2
8336,3,train,0.015830768272280693,pdb_00008zme_E1_E2
8337,3,train,0.8746070265769958,pdb_00009ma0_B_C
8338,3,train,0.2404433935880661,pdb_00009ouo_J_K
8339,3,train,0.5770058631896973,pdb_00006pe9_C_D
8340,3,train,0.7522248029708862,pdb_00005jz7_J_K
8341,3,train,0.028497885912656784,pdb_00009ko4_H1_H2
8342,3,train,0.6184071898460388,pdb_00007t3d_C_D
8343,3,train,0.9587509632110596,pdb_00009cps_H_L
8344,3,train,0.01800358109176159,pdb_00009ydu_E1_E2
8345,3,train,0.700533390045166,pdb_00008u4s_H_L
8346,3,train,0.7655203938484192,pdb_00007x6o_J_L
8347,3,train,0.012715524062514305,pdb_00008j6d_H1_H2
8348,3,train,0.6372548937797546,pdb_00008dcc_H_L
8349,3,train,1.141348958015442,pdb_00009e3k_H_L
8350,3,train,0.06945927441120148,pdb_00007u0j_N1_N2
8351,3,train,0.319145143032074,pdb_00006txz_J_N
8352,3,train,0.04407637193799019,pdb_00006x3s_J_I
8353,3,train,0.022125674411654472,pdb_00007eq1_S1_S2
8354,3,train,0.022274550050497055,pdb_00008j6p_S1_S2
8355,3,train,1.9941880702972412,pdb_00008edf_H_L
8356,3,train,0.030165504664182663,pdb_00007vdm_S1_S2
8357,3,train,0.026127148419618607,pdb_00006crk_H1_H2
8358,3,train,1.0888102054595947,pdb_00006t9e_HHH_LLL
8359,3,train,0.6284640431404114,pdb_00006kyz_B_C
8360,3,train,1.3116940259933472,pdb_00006q18_H_L
8361,3,train,0.5331878662109375,pdb_00009lbs_D_C
8362,3,train,0.16866914927959442,pdb_00001j1x_H_L
8363,3,train,0.6491690874099731,pdb_00009vfu_E_F
8364,3,train,1.2915198802947998,pdb_00008tpa_D_E
8365,3,train,0.027076318860054016,pdb_00008wwn_E1_E2
8366,3,train,0.6510019302368164,pdb_00007rxl_C_D
8367,3,train,0.015470911748707294,pdb_00007ew0_E1_E2
8368,3,train,0.53839510679245,pdb_00001kiq_B_A
8369,3,train,0.10478005558252335,pdb_00006vmk_o_n
8370,3,train,0.9197083115577698,pdb_00002yc1_A_B
8371,3,train,0.35134366154670715,pdb_00006yor_H_L
8372,3,train,0.036271270364522934,pdb_00003stl_A_B
8373,3,train,0.24510084092617035,pdb_00004tnw_H_L
8374,3,train,0.21297186613082886,pdb_00009nz5_F_E
8375,3,train,0.078286312520504,pdb_00006vmk_B_A
8376,3,train,0.5478572249412537,pdb_00008as2_H_L
8377,3,train,0.6075327396392822,pdb_00008zh7_H_I
8378,3,train,0.9644621014595032,pdb_00009cfg_H_L
8379,3,train,0.7770628333091736,pdb_00007x3c_H_L
8380,3,train,0.6478769779205322,pdb_00004n90_H_I
8381,3,train,0.86626136302948,pdb_00008zre_H_L
8382,3,train,0.3909602165222168,pdb_00007vad_H_L
8383,3,train,0.12318319082260132,pdb_00003rif_J_M
8384,3,train,0.9029290080070496,pdb_00008i5i_H_L
8385,3,train,1.7216968536376953,pdb_00007uij_H_L
8386,3,train,0.024734511971473694,pdb_00008sid_J_I
8387,3,train,0.01805178076028824,pdb_00009iza_S1_S2
8388,3,train,0.5066599249839783,pdb_00008xsf_H_L
8389,3,train,0.04743543639779091,pdb_00002h2s_E_F
8390,3,train,0.5163304209709167,pdb_00008bg2_C1_C2
8391,3,train,0.5332271456718445,pdb_00008u4s_B_A
8392,3,train,0.5785681009292603,pdb_00009ci8_B_A
8393,3,train,0.025387609377503395,pdb_00007vgz_F1_F2
8394,3,train,0.027079656720161438,pdb_00008f7r_E1_E2
8395,3,train,0.6451088190078735,pdb_00007dpm_A_B
8396,3,train,0.017453595995903015,pdb_00007w40_H1_H2
8397,3,train,1.0149601697921753,pdb_00006vc9_H_L
8398,3,train,0.011501110158860683,pdb_00009kpe_S1_S2
8399,3,train,0.013722674921154976,pdb_00008zjg_S1_S2
8400,3,train,0.694847583770752,pdb_00007upb_B_E
8401,3,train,1.1774075031280518,pdb_00009mth_H_L
8402,3,train,0.7442890405654907,pdb_00009dru_H_L
8403,3,train,0.023156320676207542,pdb_00008x17_H1_H2
8404,3,train,0.035230670124292374,pdb_00009jkv_S1_S2
8405,3,train,0.6143404245376587,pdb_00009n4f_H_L
8406,3,train,0.7592043280601501,pdb_00009dzf_H_L
8407,3,train,0.41889840364456177,pdb_00003b2u_J_K
8408,3,train,0.4689505398273468,pdb_00008jkh_m_n
8409,3,train,0.9835622906684875,pdb_00007s0x_C_D
8410,3,train,0.016997085884213448,pdb_00009j8z_S1_S2
8411,3,train,0.7530248165130615,pdb_00002vwe_L_J
8412,3,train,0.018797535449266434,pdb_00007s8l_E1_E2
8413,3,train,0.7371038794517517,pdb_00008smi_H_L
8414,3,train,0.03557590767741203,pdb_00008h0q_E1_E2
8415,3,train,0.012177292257547379,pdb_00007ew3_S1_S2
8416,3,train,1.1750670671463013,pdb_00009mtk_I_J
8417,3,train,0.017163097858428955,pdb_00008xzh_S1_S2
8418,3,train,0.8928357362747192,pdb_00001fj1_D_C
8419,3,train,0.40798166394233704,pdb_00007zfe_F_G
8420,3,train,0.011491198092699051,pdb_00009vmn_S1_S2
8421,3,train,0.3819099962711334,pdb_00009zqa_J2_J1
8422,3,train,1.1516584157943726,pdb_00006xpz_E_F
8423,3,train,0.7712411880493164,pdb_00009vft_F_E
8424,3,train,0.6600934267044067,pdb_00009og2_D_E
8425,3,train,0.02447756566107273,pdb_00008t3v_N1_N2
8426,3,train,0.958774209022522,pdb_00007lf7_A_B
8427,3,train,0.17193228006362915,pdb_00009nz5_B_C
8428,3,train,0.782030463218689,pdb_00009lp1_A_B
8429,3,train,0.010074479505419731,pdb_00009upv_S1_S2
8430,3,train,0.4302482008934021,pdb_00008smt_D_F
8431,3,train,0.010947478003799915,pdb_00008xzf_S1_S2
8432,3,train,0.8053656220436096,pdb_00002x7l_G_I
8433,3,train,0.009762845933437347,pdb_00007v68_S1_S2
8434,3,train,1.8161672353744507,pdb_00005dfw_H1_H2
8435,3,train,0.5993794798851013,pdb_00008jel_F_G
8436,3,train,0.32319071888923645,pdb_00008elq_H_L
8437,3,train,0.007425318472087383,pdb_00008y01_S1_S2
8438,3,train,0.6077210903167725,pdb_00002x7l_J_K
8439,3,train,1.0255591869354248,pdb_00009bdi_H_L
8440,3,train,0.20336592197418213,pdb_00008vgk_H_G
8441,3,train,0.6772955656051636,pdb_00007zfb_J_K
8442,3,train,0.15452231466770172,pdb_00008ihb_S1_S2
8443,3,train,0.6271620392799377,pdb_00002jix_D_G
8444,3,train,1.0411087274551392,pdb_00007t82_D_C
8445,3,train,0.09774850308895111,pdb_00008jt6_E1_E2
8446,3,train,1.4952131509780884,pdb_00008s72_H_L
8447,3,train,0.7486077547073364,pdb_00007ttm_H_L
8448,3,train,1.3669993877410889,pdb_00003mj9_H_L
8449,3,train,0.84764564037323,pdb_00006hjp_G_H
8450,3,train,0.8223504424095154,pdb_00001fsk_I_H
8451,3,train,0.025905389338731766,pdb_00007uk9_E_F
8452,3,train,0.7590063810348511,pdb_00006hjp_K_L
8453,3,train,1.8720364570617676,pdb_00008c7h_L_K
8454,3,train,0.8564030528068542,pdb_00006ek2_I1_I2
8455,3,train,0.11969058215618134,pdb_00008x8n_E1_E2
8456,3,train,0.609870195388794,pdb_00006ii4_H_L
8457,3,train,1.0403127670288086,pdb_00007cqd_I_M
8458,3,train,0.017363768070936203,pdb_00008y02_S1_S2
8459,3,train,0.438804566860199,pdb_00008bg2_A1_A2
8460,3,train,0.847046971321106,pdb_00008suo_H_L
8461,3,train,1.361117959022522,pdb_00004g3y_H_L
8462,3,train,0.9476678371429443,pdb_00006ban_D_C
8463,3,train,0.08090021461248398,pdb_00006x3w_K_L
8464,3,train,0.23192796111106873,pdb_00006z2m_H_L
8465,3,train,1.0162980556488037,pdb_00006wn1_B_C
8466,3,train,0.008943650871515274,pdb_00009m54_S1_S2
8467,3,train,0.08141104131937027,pdb_00006ada_C_D
8468,3,train,0.02720540016889572,pdb_00006adb_E_F
8469,3,train,0.9126979112625122,pdb_00008dwx_Z_Y
8470,3,train,1.053868293762207,pdb_00004fp8_I_M
8471,3,train,0.14812205731868744,pdb_00008vgh_K_L
8472,3,train,0.030762391164898872,pdb_00008ijb_S1_S2
8473,3,train,0.4754907786846161,pdb_00002eiz_B_A
8474,3,train,0.9882916808128357,pdb_00001j5o_H_L
8475,3,train,0.7179919481277466,pdb_00006xq2_C_B
8476,3,train,0.8882617950439453,pdb_00006wm9_E_F
8477,3,train,0.029765479266643524,pdb_00009izd_S1_S2
8478,3,train,0.79570072889328,pdb_00007ley_H_I
8479,3,train,0.008458835072815418,pdb_00009izf_S1_S2
8480,3,train,0.7702147960662842,pdb_00008w84_A_B
8481,3,train,1.0142284631729126,pdb_00005a3i_G_H
8482,3,train,0.5720928311347961,pdb_00004jpk_H_L
8483,3,train,0.6374588012695312,pdb_00004qci_H_L
8484,3,train,0.6039028167724609,pdb_00007wqv_P1_P2
8485,3,train,0.016983535140752792,pdb_00007dfl_C1_C2
8486,3,train,0.01810850203037262,pdb_00006omm_E1_E2
8487,3,train,0.5558387637138367,pdb_00006z3p_H_L
8488,3,train,0.035659387707710266,pdb_00009drx_K_L
8489,3,train,0.694429337978363,pdb_00009quw_D_C
8490,3,train,0.28257066011428833,pdb_00006p4a_H_L
8491,3,train,0.9195713400840759,pdb_00008el2_H_L
8492,3,train,0.3246616721153259,pdb_00003b2u_Q_R
8493,3,train,0.06456724554300308,pdb_00009ggg_S1_S2
8494,3,train,1.1143625974655151,pdb_00009mtm_M_N
8495,3,train,0.7401238083839417,pdb_00009jeb_A1_A2
8496,3,train,0.02125287428498268,pdb_00003ze1_E_F
8497,3,train,1.051045536994934,pdb_00006flc_H_L
8498,3,train,0.5652709603309631,pdb_00007wqv_L1_L2
8499,3,train,0.5854316353797913,pdb_00007x63_H_L
8500,3,train,0.7954764366149902,pdb_00006k7o_D_E
8501,3,train,1.0869327783584595,pdb_00001eo8_H_L
8502,3,train,0.037629202008247375,pdb_00009vj5_E1_E2
8503,3,train,0.130507230758667,pdb_00003rif_H_L
8504,3,train,0.5267898440361023,pdb_00007xj9_G_F
8505,3,train,0.9077795743942261,pdb_00009h4s_X_Y
8506,3,train,1.0235878229141235,pdb_00008e8l_H_L
8507,3,train,0.0173454862087965,pdb_00008jd6_D1_D2
8508,3,train,0.9781703352928162,pdb_00008w5n_H_L
8509,3,train,0.017741667106747627,pdb_00007tct_H_L
8510,3,train,1.1620879173278809,pdb_00009lsj_E1_D2
8511,3,train,0.8704550862312317,pdb_00006u6u_H_L
8512,3,train,0.8378914594650269,pdb_00006gku_H_L
8513,3,train,0.5784648060798645,pdb_00008bec_C1_C2
8514,3,train,1.0393798351287842,pdb_00003lh2_K_O
8515,3,train,0.0631534680724144,pdb_00008uwl_E1_E2
8516,3,train,0.40683892369270325,pdb_00007ejy_H_L
8517,3,train,0.8379265666007996,pdb_00005wko_K_L
8518,3,train,0.6683851480484009,pdb_00008bg5_A1_A2
8519,3,train,0.2150384485721588,pdb_00008evh_N1_N2
8520,3,train,0.6185296773910522,pdb_00009h4r_X_Y
8521,3,train,0.14412707090377808,pdb_00009j31_D1_D2
8522,3,train,0.45802968740463257,pdb_00007yck_E_F
8523,3,train,1.005008578300476,pdb_00005umi_A_B
8524,3,train,0.02602442353963852,pdb_00007x9y_S1_S2
8525,3,train,0.021920379251241684,pdb_00009k07_E1_E2
8526,3,train,0.023235579952597618,pdb_00008dd3_K_L
8527,3,train,0.7893452048301697,pdb_00007ua8_H1_H2
8528,3,train,0.02888561226427555,pdb_00009d4z_E1_E2
8529,3,train,0.020741719752550125,pdb_00008k6m_S1_S2
8530,3,train,0.3251247704029083,pdb_00006yz7_BBB_CCC
8531,3,train,0.007471028249710798,pdb_00007yk7_S1_S2
8532,3,train,0.14649486541748047,pdb_00002dqh_H_L
8533,3,train,1.434712290763855,pdb_00009y3x_H_L
8534,3,train,0.038357462733983994,pdb_00006oij_H1_H2
8535,3,train,0.929885983467102,pdb_00006bpa_B_C
8536,3,train,0.5956913828849792,pdb_00007ua8_I1_I2
8537,3,train,0.6622442007064819,pdb_00007vgr_F_E
8538,3,train,0.641643762588501,pdb_00007dk0_A_B
8539,3,train,0.5390178561210632,pdb_00007cho_H_L
8540,3,train,0.9741016626358032,pdb_00009ebc_G_H
8541,3,train,0.01580536738038063,pdb_00008kfy_S1_S2
8542,3,train,0.026497937738895416,pdb_00009vi9_S1_S2
8543,3,train,0.018028348684310913,pdb_00008u1u_E1_E2
8544,3,train,0.11985740065574646,pdb_00009zq9_J2_J1
8545,3,train,0.9983334541320801,pdb_00006xpz_B_C
8546,3,train,0.678276002407074,pdb_00003eo1_K_J
8547,3,train,0.5885583758354187,pdb_00004ma7_H_L
8548,3,train,0.8894456028938293,pdb_00009mic_H_L
8549,3,train,0.030597399920225143,pdb_00008syp_M1_M2
8550,3,train,0.8377577066421509,pdb_00009mtm_H_L
8551,3,train,0.10045547783374786,pdb_00009zqa_I2_I1
8552,3,train,0.625071108341217,pdb_00004n90_D_E
8553,3,train,0.025513550266623497,pdb_00008ia7_E1_E2
8554,3,train,0.564247190952301,pdb_00006a3w_A_B
8555,3,train,0.8287467956542969,pdb_00008cxg_G_I
8556,3,train,1.003678321838379,pdb_00007mzj_N_M
8557,3,train,1.0033997297286987,pdb_00007u9e_H1_H2
8558,3,train,0.6327062249183655,pdb_00001xiw_H_G
8559,3,train,0.599368155002594,pdb_00007zfb_H_L
8560,3,train,1.25950026512146,pdb_00006xq0_B_C
8561,3,train,0.03691255301237106,pdb_00008sps_N1_N2
8562,3,train,0.012802176177501678,pdb_00008xxx_S1_S2
8563,3,train,0.01498703844845295,pdb_00008h2g_E1_E2
8564,3,train,0.008088341914117336,pdb_00009vo0_E1_E2
8565,3,train,0.008621280081570148,pdb_00008xqf_S1_S2
8566,3,train,0.7411019802093506,pdb_00008ut2_H_G
8567,3,train,0.8879753351211548,pdb_00009mqd_J_N
8568,3,train,0.007533802650868893,pdb_00009jkx_S1_S2
8569,3,train,0.015934554859995842,pdb_00009iqt_E1_E2
8570,3,train,0.7557379603385925,pdb_00008jqn_h_l
8571,3,train,0.08304692059755325,pdb_00008jxw_E1_E2
8572,3,train,0.6913599967956543,pdb_00009ue8_M_N
8573,3,train,1.158676266670227,pdb_00006glx_C_D
8574,3,train,0.6006848812103271,pdb_00008xse_H_L
8575,3,train,0.7306180596351624,pdb_00008gv6_G_H
8576,3,train,0.0342211052775383,pdb_00008u9s_M2_M1
8577,3,train,0.32996314764022827,pdb_00002qr0_X_W
8578,3,train,0.9213830828666687,pdb_00008uf7_B_A
8579,3,train,0.9874588847160339,pdb_00007c88_H_L
8580,3,train,0.16108617186546326,pdb_00008vgj_K_L
8581,3,train,1.065828561782837,pdb_00002r56_H_L
8582,3,train,0.6765472888946533,pdb_00009hh9_E_D
8583,3,train,0.01265450194478035,pdb_00007kh0_S1_S2
8584,3,train,0.5987147688865662,pdb_00001jhl_H_L
8585,3,train,0.019458476454019547,pdb_00007u0g_N1_N2
8586,3,train,0.7200137972831726,pdb_00008y3h_I_J
8587,3,train,0.042572811245918274,pdb_00002atk_A_B
8588,3,train,0.7923802733421326,pdb_00008f6x_F1_F2
8589,3,train,0.2152223140001297,pdb_00008elo_H_L
8590,3,train,0.028862761333584785,pdb_00009w49_S1_S2
8591,3,train,0.6599807143211365,pdb_00007tn0_H_G
8592,3,train,0.4542029798030853,pdb_00008ut2_L_K
8593,3,train,1.453132152557373,pdb_00009rir_H_L
8594,3,train,1.0231983661651611,pdb_00007mxl_J_K
8595,3,train,0.6212276816368103,pdb_00007e9b_H_L
8596,3,train,1.0796535015106201,pdb_00008zd6_E_F
8597,3,train,0.9745014905929565,pdb_00008w85_A_B
8598,3,train,0.6992472410202026,pdb_00007m3i_A_B
8599,3,train,0.5617285370826721,pdb_00007wwk_G_F
8600,3,train,0.6331189870834351,pdb_00007rk1_D1_D2
8601,3,train,0.009341279976069927,pdb_00008xqt_S1_S2
8602,3,train,0.54548180103302,pdb_00009n4f_M_N
8603,3,train,0.8030299544334412,pdb_00004am0_H_L
8604,3,train,0.310030072927475,pdb_00003b2u_C_D
8605,3,train,0.4604744613170624,pdb_00007jmo_H_L
8606,3,train,0.9469920992851257,pdb_00005w3e_E_G
8607,3,train,0.6951013207435608,pdb_00006h3u_I_M
8608,3,train,1.08640456199646,pdb_00008tpa_I_J
8609,3,train,1.2392001152038574,pdb_00008w0y_A_B
8610,3,train,0.743276059627533,pdb_00004gxu_O_P
8611,3,train,0.03685231879353523,pdb_00008hvi_H1_H2
8612,3,train,1.185310959815979,pdb_00006wtv_K_L
8613,3,train,0.911831796169281,pdb_00008bg1_G_H
8614,3,train,0.9060205221176147,pdb_00007shy_K_L
8615,3,train,1.0616953372955322,pdb_00008xa4_C_D
8616,3,train,1.0367120504379272,pdb_00008dwy_X_W
8617,3,train,0.34845930337905884,pdb_00008z2e_H_L
8618,3,train,0.04076350852847099,pdb_00008dd2_K_L
8619,3,train,0.05658658966422081,pdb_00002ht3_E_F
8620,3,train,0.10220884531736374,pdb_00003fb7_A_B
8621,3,train,0.8391961455345154,pdb_00007lfa_B_D
8622,3,train,1.3412044048309326,pdb_00009y41_H_L
8623,3,train,1.6561113595962524,pdb_00009lbw_H_L
8624,3,train,0.03878968581557274,pdb_00008f7x_E1_E2
8625,3,train,0.03562850132584572,pdb_00008ejk_E1_E2
8626,3,train,0.030197108164429665,pdb_00007xms_S1_S2
8627,3,train,0.6741617321968079,pdb_00009quw_F_E
8628,3,train,0.012027588672935963,pdb_00009ik8_E1_E2
8629,3,train,0.5664196610450745,pdb_00009u5p_B_C
8630,3,train,0.03743712604045868,pdb_00007w7e_H1_H2
8631,3,train,0.03230658918619156,pdb_00008dwg_E1_E2
8632,3,train,0.7804329991340637,pdb_00007uzc_E_F
8633,3,train,0.06949014961719513,pdb_00006x3z_J_I
8634,3,train,0.7041386365890503,pdb_00009dzg_H_L
8635,3,train,0.7314435243606567,pdb_00002h9g_H_L
8636,3,train,0.8049488663673401,pdb_00009fys_B_C
8637,3,train,0.9346832633018494,pdb_00007uvs_D_E
8638,3,train,0.3129976689815521,pdb_00007kfv_H_L
8639,3,train,1.0551915168762207,pdb_00007bsd_H_L
8640,3,train,0.716424822807312,pdb_00004f2m_C_D
8641,3,train,0.7305608987808228,pdb_00001dee_D_C
8642,3,train,1.0577832460403442,pdb_00009cq8_G_H
8643,3,train,0.16821126639842987,pdb_00008vgk_F_E
8644,3,train,0.03150829300284386,pdb_00007tct_E_F
8645,3,train,0.017675938084721565,pdb_00008yyx_A1_A2
8646,3,train,0.8027175068855286,pdb_00006n5d_C_D
8647,3,train,0.009388557635247707,pdb_00009iv1_S1_S2
8648,3,train,0.011676670983433723,pdb_00007cmu_E1_E2
8649,3,train,1.3416401147842407,pdb_00005d1z_F_E
8650,3,train,0.8645455837249756,pdb_00006xy2_H_L
8651,3,train,0.5654180645942688,pdb_00003s36_H_L
8652,3,train,0.8062586188316345,pdb_00008dwx_X_W
8653,3,train,0.18580250442028046,pdb_00004tnw_U_h
8654,3,train,0.760574221611023,pdb_00005wko_I_J
8655,3,train,1.0928854942321777,pdb_00001yy9_D_C
8656,3,train,1.1903839111328125,pdb_00007t4q_F_G
8657,3,train,1.0655804872512817,pdb_00007y0w_A_B
8658,3,train,0.935553789138794,pdb_00008dis_H_L
8659,3,train,0.9281062483787537,pdb_00009o7g_C_D
8660,3,train,0.009614340029656887,pdb_00003t3m_H_L
8661,3,train,1.1155636310577393,pdb_00004u6h_C_D
8662,3,train,0.0043915798887610435,pdb_00009jr3_S1_S2
8663,3,train,0.6587690114974976,pdb_00007x1m_H_L
8664,3,train,1.0160517692565918,pdb_00006t9d_AAA_BBB
8665,3,train,0.017260054126381874,pdb_00008vy9_D1_D2
8666,3,train,0.020866187289357185,pdb_00008ejc_E1_E2
8667,3,train,0.024026082828640938,pdb_00007qvm_S1_S2
8668,3,train,0.40023601055145264,pdb_00007f7h_A_B
8669,3,train,1.0509217977523804,pdb_00007m7w_A_B
8670,3,train,0.01872367039322853,pdb_00009upu_S1_S2
8671,3,train,0.9744382500648499,pdb_00008erq_H_L
8672,3,train,0.47802311182022095,pdb_00007nx8_H_L
8673,3,train,0.6479877829551697,pdb_00009me4_I_M
8674,3,train,0.5713914632797241,pdb_00007zmk_V_W
8675,3,train,0.816737174987793,pdb_00007xrz_H_L
8676,3,train,0.8128660321235657,pdb_00003eoa_B_A
8677,3,train,0.769692063331604,pdb_00006xq4_E_F
8678,3,train,0.3948727548122406,pdb_00005aaw_K1_K2
8679,3,train,0.010088806971907616,pdb_00008eit_E1_E2
8680,3,train,0.12248063832521439,pdb_00001c08_B_A
8681,3,train,0.5351928472518921,pdb_00001mlc_D_C
8682,3,train,0.069606252014637,pdb_00008vgj_H_G
8683,3,train,0.021859275177121162,pdb_00008x16_H1_H2
8684,3,train,1.2144396305084229,pdb_00009jub_B_C
8685,3,train,0.5313019752502441,pdb_00006j6y_B_C
8686,3,train,0.9883666634559631,pdb_00003c09_C_B
8687,3,train,1.0479837656021118,pdb_00007ezv_M_N
8688,3,train,0.2424224615097046,pdb_00001dqj_B_A
8689,3,train,0.5563759207725525,pdb_00007klg_I_M
8690,3,train,0.014776746742427349,pdb_00002ht2_E_F
8691,3,train,0.8814586997032166,pdb_00007zoz_H_L
8692,3,train,0.7247076034545898,pdb_00009bt5_C_D
8693,3,train,0.03599746152758598,pdb_00009clw_N1_N2
8694,3,train,1.0180065631866455,pdb_00006d0u_K_L
8695,3,train,0.5812783241271973,pdb_00008jio_C_B
8696,3,train,0.6260460615158081,pdb_00004hg4_L_M
8697,3,train,0.40825557708740234,pdb_00007mzh_B_C
8698,3,train,0.20178228616714478,pdb_00004tnw_I_O
8699,3,train,1.6998993158340454,pdb_00009o7i_D_C
8700,3,train,0.07033001631498337,pdb_00008x8l_E1_E2
8701,3,train,1.0887031555175781,pdb_00008fdo_A_B
8702,3,train,1.2218902111053467,pdb_00008zd5_H_I
8703,3,train,0.4323539733886719,pdb_00008w2e_D_C
8704,3,train,0.01965625211596489,pdb_00002fee_J_O
8705,3,train,0.008908411487936974,pdb_00008yyw_B1_B2
8706,3,train,0.3031485378742218,pdb_00007kfv_C_D
8707,3,train,0.8987293243408203,pdb_00008zd5_K_L
8708,3,train,0.0185373667627573,pdb_00008jbg_E1_E2
8709,3,train,0.666091799736023,pdb_00001fbi_H_L
8710,3,train,1.013110637664795,pdb_00001tpx_B_C
8711,3,train,0.39548471570014954,pdb_00006txz_H_L
8712,3,train,0.5744081735610962,pdb_00007m6d_H_L
8713,3,train,0.01331787183880806,pdb_00008k2x_S1_S2
8714,3,train,0.01383349858224392,pdb_00008kfz_S1_S2
8715,3,train,1.1265614032745361,pdb_00007wed_H_L
8716,3,train,1.2808823585510254,pdb_00009e3l_G_H
8717,3,train,1.3535317182540894,pdb_00009ml8_E_F
8718,3,train,0.11923517286777496,pdb_00006k5f_C_D
8719,3,train,0.5058774352073669,pdb_00006ii8_G_I
8720,3,train,0.01734715886414051,pdb_00008hn8_S1_S2
8721,3,train,0.006556929089128971,pdb_00008jlq_S1_S2
8722,3,train,0.6696545481681824,pdb_00008uwz_A_B
8723,3,train,0.5686973929405212,pdb_00007rks_I_M
8724,3,train,0.445737361907959,pdb_00007zfe_M_N
8725,3,train,0.47703656554222107,pdb_00009u5q_B_C
8726,3,train,0.9294053316116333,pdb_00007q6c_H_L
8727,3,train,0.3256823718547821,pdb_00006xc4_X_Y
8728,3,train,0.004336810205131769,pdb_00009cgj_E1_E2
8729,3,train,0.7938547134399414,pdb_00007f3q_H_L
8730,3,train,1.1706629991531372,pdb_00008tea_F_I
8731,3,train,0.9137889742851257,pdb_00008khr_H_L
8732,3,train,0.012448487803339958,pdb_00009kvh_E1_E2
8733,3,train,0.4083695709705353,pdb_00008tft_I_M
8734,3,train,0.5695126056671143,pdb_00009me5_I_M
8735,3,train,0.08051812648773193,pdb_00002hjf_A_B
8736,3,train,0.04931928962469101,pdb_00007e32_E1_E2
8737,3,train,0.09516460448503494,pdb_00009wp9_C1_C2
8738,3,train,0.05708810314536095,pdb_00008evg_M1_M2
8739,3,train,0.03545936197042465,pdb_00009bsb_E1_E2
8740,3,train,0.8447958827018738,pdb_00005w3o_D_E
8741,3,train,0.09520775079727173,pdb_00006x3v_K_L
8742,3,train,0.008946716785430908,pdb_00009k3k_S1_S2
8743,3,train,0.47492724657058716,pdb_00008jen_E_F
8744,3,train,0.3965897262096405,pdb_00001xgr_B_A
8745,3,train,0.013076962903141975,pdb_00008xjm_E1_E2
8746,3,train,1.158172845840454,pdb_00009cci_B_C
8747,3,train,0.014499234035611153,pdb_00007vuz_S1_S2
8748,3,train,0.11304138600826263,pdb_00001nbz_B_A
8749,3,train,0.689615786075592,pdb_00007ley_G_F
8750,3,train,1.0788332223892212,pdb_00006ywc_D_E
8751,3,train,0.9253779649734497,pdb_00009l07_H_L
8752,3,train,0.41154399514198303,pdb_00003d9a_H_L
8753,3,train,1.0127918720245361,pdb_00009gwt_H_L
8754,3,train,1.4172301292419434,pdb_00004hf5_H_L
8755,3,train,0.01714753359556198,pdb_00006xox_E1_E2
8756,3,train,0.4311261773109436,pdb_00007zmk_B_C
8757,3,train,1.1659737825393677,pdb_00009l8z_C_B
8758,3,train,0.910638689994812,pdb_00007v3g_I_M
8759,3,train,0.008929174393415451,pdb_00007cmv_E1_E2
8760,3,train,0.015962837263941765,pdb_00002vdo_H_L
8761,3,train,1.110366702079773,pdb_00008zdw_F_E
8762,3,train,0.020819097757339478,pdb_00008zfz_D1_D2
8763,3,train,1.5051711797714233,pdb_00008ulj_H_L
8764,3,train,0.8681654930114746,pdb_00009t5z_H_L
8765,3,train,1.0068494081497192,pdb_00009dn2_H_L
8766,3,train,0.6289196610450745,pdb_00008vgl_E_F
8767,3,train,0.9644021391868591,pdb_00005b8c_B_A
8768,3,train,0.6437609195709229,pdb_00007eam_H_L
8769,3,train,0.9303324222564697,pdb_00007uvi_A_B
8770,3,train,0.009129426442086697,pdb_00009k3f_S1_S2
8771,3,train,1.1005465984344482,pdb_00009mla_G_J
8772,3,train,1.2783665657043457,pdb_00001rzk_H_L
8773,3,train,0.6142310500144958,pdb_00008y3k_G_H
8774,3,train,0.49644654989242554,pdb_00008bg3_A1_A2
8775,3,train,1.025294542312622,pdb_00007yd1_A_B
8776,3,train,0.01971258968114853,pdb_00009jh3_S1_S2
8777,3,train,0.8288037180900574,pdb_00007ucq_H1_H2
8778,3,train,0.02773018181324005,pdb_00008i9s_H1_H2
8779,3,train,0.8409823179244995,pdb_00009mkn_I_M
8780,3,train,0.07463829964399338,pdb_00007xta_E1_E2
8781,3,train,0.010697301477193832,pdb_00008h0p_E1_E2
8782,3,train,0.7909350991249084,pdb_00003eoa_H_L
8783,3,train,1.1576497554779053,pdb_00009oi3_H_L
8784,3,train,0.7202734351158142,pdb_00008ulf_J_N
8785,3,train,0.7349491715431213,pdb_00004hg4_J_K
8786,3,train,0.9371731877326965,pdb_00007quh_H_L
8787,3,train,1.4961934089660645,pdb_00001iqd_B_A
8788,3,train,0.9684444069862366,pdb_00009mtg_M_N
8789,3,train,1.0814321041107178,pdb_00009mtk_H_L
8790,3,train,0.03774784877896309,pdb_00009v1h_E1_E2
8791,3,train,0.6934699416160583,pdb_00007dk2_G_H
8792,3,train,0.011713272891938686,pdb_00009vo2_S1_S2
8793,3,train,0.7262238264083862,pdb_00007lfa_H_L
8794,3,train,0.06710433214902878,pdb_00008iec_N1_N2
8795,3,train,0.06882046163082123,pdb_00008ied_N1_N2
8796,3,train,0.015428915619850159,pdb_00008k6o_S1_S2
8797,3,train,0.018626606091856956,pdb_00002vdk_H_L
8798,3,train,0.7173581123352051,pdb_00006k7o_B_C
8799,3,train,0.6473602652549744,pdb_00007whz_B_D
8800,3,train,0.032373834401369095,pdb_00007u0i_K1_K2
8801,3,train,1.102665901184082,pdb_00009e3k_J_K
8802,3,train,0.008013037964701653,pdb_00009vmo_S1_S2
8803,3,train,0.6833591461181641,pdb_00007f0x_B1_B2
8804,3,train,1.4599418640136719,pdb_00005d1z_D_C
8805,3,train,0.01392554584890604,pdb_00002vdr_H_L
8806,3,train,0.06734851747751236,pdb_00002ht4_C_D
8807,3,train,0.4090198278427124,pdb_00007zmk_G_H
8808,3,train,0.7195552587509155,pdb_00007tpj_H_L
8809,3,train,1.2506731748580933,pdb_00009e3l_K_L
8810,3,train,0.004975302144885063,pdb_00007wf7_E1_E2
8811,3,train,0.5488494038581848,pdb_00008wpy_C_D
8812,3,train,0.23001360893249512,pdb_00004tnw_G_K
8813,3,train,0.3211282789707184,pdb_00008wnp_B_A
8814,3,train,0.9373779296875,pdb_00008suo_I_M
8815,3,train,0.16123425960540771,pdb_00002dqe_H_L
8816,3,train,0.9656161069869995,pdb_00007t3d_P_R
8817,3,train,0.45645835995674133,pdb_00008hn6_A_B
8818,3,train,0.30343279242515564,pdb_00007kfv_F_G
8819,3,train,0.9603472948074341,pdb_00004hjj_H2_L2
8820,3,train,0.029010357335209846,pdb_00008sps_K1_K2
8821,3,train,0.010641032829880714,pdb_00003ze2_H_L
8822,3,train,1.0569987297058105,pdb_00009rii_H_L
8823,3,train,1.257415533065796,pdb_00008gb5_I_H
8824,3,train,1.1556352376937866,pdb_00008vte_D_C
8825,3,train,1.237709879875183,pdb_00008hrd_O_P
8826,3,train,0.4590078294277191,pdb_00008f2j_D_F
8827,3,train,1.1917593479156494,pdb_00005hbt_D_C
8828,3,train,0.01376196276396513,pdb_00009kfj_S1_S2
8829,3,train,0.012191299349069595,pdb_00008zqe_S1_S2
8830,3,train,0.9046322107315063,pdb_00008dxt_H_L
8831,3,train,0.8894824385643005,pdb_00008v5v_f_g
8832,3,train,0.943746030330658,pdb_00005kov_I1_I2
8833,3,train,0.35119715332984924,pdb_00007kmh_A_B
8834,3,train,0.029341524466872215,pdb_00009b5y_N1_N2
8835,3,train,0.7822657227516174,pdb_00007ycn_K_L
8836,3,train,0.7636450529098511,pdb_00009bao_E_F
8837,3,train,1.4001001119613647,pdb_00008ezl_H1_H2
8838,3,train,0.833448588848114,pdb_00005ggs_A_B
8839,3,train,0.5163212418556213,pdb_00009jy3_R_Q
8840,3,train,0.1772904098033905,pdb_00002dqc_H_L
8841,3,train,0.8457691073417664,pdb_00008rrn_C_D
8842,3,train,1.140465497970581,pdb_00004lvh_H_I
8843,3,train,0.6234374642372131,pdb_00009q7b_L_M
8844,3,train,0.832586407661438,pdb_00008w86_A_B
8845,3,train,0.013894443400204182,pdb_00008kfx_S1_S2
8846,3,train,0.1268472969532013,pdb_00006k5a_C_D
8847,3,train,0.011480135843157768,pdb_00009kvi_E1_E2
8848,3,train,1.07187819480896,pdb_00009rim_H_L
8849,3,train,0.9242933988571167,pdb_00007dm1_D_C
8850,3,train,0.7923128008842468,pdb_00004ag4_H_L
8851,3,train,0.0337580144405365,pdb_00009ejz_H1_H2
8852,3,train,0.5779334306716919,pdb_00002h9g_B_A
8853,3,train,1.0914243459701538,pdb_00007l5j_Y_X
8854,3,train,1.0927225351333618,pdb_00004f37_F_K
8855,3,train,0.7772525548934937,pdb_00007yvl_A_C
8856,3,train,0.026272732764482498,pdb_00002hlf_E_F
8857,3,train,1.0764477252960205,pdb_00008tnt_G_F
8858,3,train,1.1237893104553223,pdb_00007yru_H_L
8859,3,train,0.010058690793812275,pdb_00009ik9_E1_E2
8860,3,train,0.5673248767852783,pdb_00008jqn_H_L
8861,3,train,0.6983519792556763,pdb_00008w83_E_F
8862,3,train,1.3224155902862549,pdb_00004ut6_H_L
8863,3,train,0.006439871620386839,pdb_00007aue_S1_S2
8864,3,train,0.04368598014116287,pdb_00001ott_C_D
8865,3,train,0.008286564610898495,pdb_00009lrd_E1_E2
8866,3,train,0.24176852405071259,pdb_00004tnw_F_N
8867,3,train,0.9898844361305237,pdb_00008zd6_K_L
8868,3,train,0.8200418949127197,pdb_00004v1d_A_B
8869,3,train,1.3402851819992065,pdb_00008gsc_H_L
8870,3,train,0.5860027074813843,pdb_00005w0k_E_F
8871,3,train,1.1321017742156982,pdb_00003bgf_H_L
8872,3,train,0.030141133815050125,pdb_00007ujk_E_F
8873,3,train,0.6797189712524414,pdb_00007wh8_B_A
8874,3,train,0.49460524320602417,pdb_00008bec_A1_A2
8875,3,train,0.41182374954223633,pdb_00007s0b_C_D
8876,3,train,0.05794807896018028,pdb_00008vrn_J_I
8877,3,train,0.0037169731222093105,pdb_00006kpg_S1_S2
8878,3,train,0.009911451488733292,pdb_00007vie_E1_E2
8879,3,train,0.031109517440199852,pdb_00009iyb_E1_E2
8880,3,train,0.0054583172313869,pdb_00007v69_S1_S2
8881,3,train,0.030359692871570587,pdb_00008xyd_E1_E2
8882,3,train,0.05891016125679016,pdb_00007w0p_S1_S2
8883,3,train,0.9130302667617798,pdb_00006bpa_E_F
8884,3,train,0.5634407997131348,pdb_00008pwh_B_A
8885,3,train,0.02351420745253563,pdb_00008f7q_E1_E2
8886,3,train,1.1017812490463257,pdb_00002r29_H_L
8887,3,train,0.024148060008883476,pdb_00007k63_M2_M1
8888,3,train,0.7158150672912598,pdb_00005wko_G_H
8889,3,train,0.913634181022644,pdb_00006woz_K_L
8890,3,train,1.1883467435836792,pdb_00007zwi_E_F
8891,3,train,0.8718449473381042,pdb_00008u4q_H_L
8892,3,train,0.8146956562995911,pdb_00003g6d_H_L
8893,3,train,0.5667930245399475,pdb_00007dk2_A_B
8894,3,train,0.858151376247406,pdb_00009mtj_M_N
8895,3,train,0.5369259119033813,pdb_00008hpu_M_N
8896,3,train,1.3089638948440552,pdb_00008tp5_H_L
8897,3,train,0.010208738967776299,pdb_00007xjj_S1_S2
8898,3,train,0.6572338938713074,pdb_00007jx3_H_L
8899,3,train,0.2798108756542206,pdb_00002qr0_R_Q
8900,3,train,0.7379637956619263,pdb_00005jz7_C_D
8901,3,train,0.7673118114471436,pdb_00009h4s_H_L
8902,3,train,0.00830127578228712,pdb_00008g94_E1_E2
8903,3,train,0.6753602623939514,pdb_00005w3m_E_G
8904,3,train,1.007476568222046,pdb_00001n6q_H_L
8905,3,train,0.7309520244598389,pdb_00007bbj_H_L
8906,3,train,1.229209542274475,pdb_00009rik_H_L
8907,3,train,0.013814043253660202,pdb_00008xxu_E1_E2
8908,3,train,0.1304488480091095,pdb_00006vmk_K_J
8909,3,train,0.992853045463562,pdb_00006d0u_C_D
8910,3,train,1.9202558994293213,pdb_00008cdd_E_D
8911,3,train,0.5875753164291382,pdb_00006vvu_H_L
8912,3,train,0.5753211975097656,pdb_00008w83_M_N
8913,3,train,0.10413490980863571,pdb_00003ri5_H_L
8914,3,train,0.009110928513109684,pdb_00009p0m_F1_F2
8915,3,train,0.08087160438299179,pdb_00008ihh_S1_S2
8916,3,train,0.7723662257194519,pdb_00006woz_H_I
8917,3,train,0.3742813766002655,pdb_00008hws_H_L
8918,3,train,0.6480368375778198,pdb_00006xq2_F_E
8919,3,train,0.006310128141194582,pdb_00008xzj_S1_S2
8920,3,train,0.5735770463943481,pdb_00008h7z_F_I
8921,3,train,0.6547350287437439,pdb_00007ws7_G_F
8922,3,train,0.9786946177482605,pdb_00006mlm_F_G
8923,3,train,0.868094265460968,pdb_00009hub_I_M
8924,3,train,0.7233828902244568,pdb_00005dhx_B2_B1
8925,3,train,0.6385054588317871,pdb_00008v5v_b_d
8926,3,train,0.5826932787895203,pdb_00007wqv_N1_N2
8927,3,train,1.0456373691558838,pdb_00008da1_B_A
8928,3,train,0.46695777773857117,pdb_00007mzj_F_E
8929,3,train,0.71491539478302,pdb_00007lq7_F_G
8930,3,train,0.011989218182861805,pdb_00009plo_S1_S2
8931,3,train,0.7810646295547485,pdb_00006ba5_H_G
8932,3,train,0.5731936693191528,pdb_00005wko_A_B
8933,3,train,0.006001287139952183,pdb_00009l80_S1_S2
8934,3,train,0.00911099836230278,pdb_00008id4_S1_S2
8935,3,train,0.6378504633903503,pdb_00003fku_X1_X2
8936,3,train,0.8537076711654663,pdb_00008cii_A_B
8937,3,train,0.02572975680232048,pdb_00008iy5_E1_E2
8938,3,train,0.9199208617210388,pdb_00009cu7_H_L
8939,3,train,1.1671748161315918,pdb_00009ma7_D_E
8940,3,train,0.6745139956474304,pdb_00008zh7_K_L
8941,3,train,0.3421597182750702,pdb_00009our_H_L
8942,3,train,0.8419926166534424,pdb_00004oii_H_L
8943,3,train,1.1447612047195435,pdb_00008dv6_C_L
8944,3,train,1.0496044158935547,pdb_00009yyu_I_M
8945,3,train,1.1804304122924805,pdb_00009qub_D_C
8946,3,train,1.9421532154083252,pdb_00004i3r_H_L
8947,3,train,0.9743344783782959,pdb_00002vit_B_A
8948,3,train,1.0630377531051636,pdb_00007mkm_H_L
8949,3,train,0.020617593079805374,pdb_00008jlk_S1_S2
8950,3,train,0.7555647492408752,pdb_00001oak_H_L
8951,3,train,0.04307493939995766,pdb_00006ad8_E_F
8952,3,train,0.41029563546180725,pdb_00008as0_W_V
8953,3,train,0.03920399025082588,pdb_00007rkx_D1_D2
8954,3,train,1.095712661743164,pdb_00005t5f_H_L
8955,3,train,0.9841223955154419,pdb_00009npg_A_B
8956,3,train,0.016295360401272774,pdb_00007trs_H1_H2
8957,3,train,0.02482544630765915,pdb_00008ef6_E1_E2
8958,3,train,0.8005133271217346,pdb_00003g6j_H_G
8959,3,train,0.2250577211380005,pdb_00006x3x_K_L
8960,3,train,0.017849303781986237,pdb_00009izg_S1_S2
8961,3,train,0.9342998266220093,pdb_00008zdw_U_R
8962,3,train,0.854813814163208,pdb_00006n5d_E_F
8963,3,train,0.022255294024944305,pdb_00007t94_E1_E2
8964,3,train,0.7675026655197144,pdb_00009wsv_H_L
8965,3,train,1.3604521751403809,pdb_00007ean_H_L
8966,3,train,0.39592865109443665,pdb_00008f2j_H_L
8967,3,train,0.6107622385025024,pdb_00008too_B_A
8968,3,train,0.9295759797096252,pdb_00006a4k_K_O
8969,3,train,0.6878985166549683,pdb_00004gxu_W_X
8970,3,train,1.2649505138397217,pdb_00004ffw_H_L
8971,3,train,0.942260205745697,pdb_00007mzj_H_L
8972,3,train,0.8712430000305176,pdb_00007w71_H_L
8973,3,train,0.9198336005210876,pdb_00008w5l_H_L
8974,3,train,0.8886193633079529,pdb_00004xnm_B_A
8975,3,train,0.061161741614341736,pdb_00008z3q_S1_S2
8976,3,train,1.2370268106460571,pdb_00008hgm_C_D
8977,3,train,0.8727274537086487,pdb_00005d1z_G_H
8978,3,train,0.815371036529541,pdb_00007pry_C_D
8979,3,train,0.6677502393722534,pdb_00004m62_I_M
8980,3,train,0.032796647399663925,pdb_00008ij3_S1_S2
8981,3,train,0.7991756796836853,pdb_00008dwx_V_U
8982,3,train,0.5705844163894653,pdb_00009n4f_O_P
8983,3,train,1.2348790168762207,pdb_00009xth_B_C
8984,3,train,0.46391165256500244,pdb_00007nx7_H_L
8985,3,train,0.012898145243525505,pdb_00007xw9_S1_S2
8986,3,train,0.5900444388389587,pdb_00008go8_I_M
8987,3,train,0.014090826734900475,pdb_00008zpt_E1_E2
8988,3,train,0.053936734795570374,pdb_00007u0j_K1_K2
8989,3,train,0.5239484906196594,pdb_00007kmg_D_E
8990,3,train,0.15652862191200256,pdb_00003rif_G_K
8991,3,train,0.45897239446640015,pdb_00005yoy_R_O
8992,3,train,0.550574004650116,pdb_00004h88_H_L
8993,3,train,0.012073956429958344,pdb_00007u2l_E1_E2
8994,3,train,0.020976698026061058,pdb_00008e9w_E1_E2
8995,3,train,0.06539039313793182,pdb_00002vdl_H_L
8996,3,train,0.012766334228217602,pdb_00009oxb_D1_D2
8997,3,train,0.6568654179573059,pdb_00009lbs_H_L
8998,3,train,0.646212100982666,pdb_00005xhv_P_Q
8999,3,train,1.0783486366271973,pdb_00009oco_H_L
9000,3,train,0.7576236128807068,pdb_00008gy5_H_L
9001,3,train,1.3774256706237793,pdb_00009ma7_B_C
9002,3,train,0.4112212061882019,pdb_00009wb3_B_C
9003,3,train,0.05516784265637398,pdb_00009ipv_S1_S2
9004,3,train,0.005797361955046654,pdb_00008ykw_E1_E2
9005,3,train,0.008781401440501213,pdb_00008hnk_S1_S2
9006,3,train,0.7417272329330444,pdb_00003wkm_I_M
9007,3,train,0.011947237886488438,pdb_00009f34_E1_E2
9008,3,train,0.5201130509376526,pdb_00008j26_B_A
9009,3,train,0.6117836236953735,pdb_00007cdj_H_L
9010,3,train,0.01068931631743908,pdb_00007na8_N1_N2
9011,3,train,0.7263365983963013,pdb_00007t3d_K_N
9012,3,train,0.6132572293281555,pdb_00009ixa_H_L
9013,3,train,0.7538642287254333,pdb_00009npg_D_E
9014,3,train,0.6378082633018494,pdb_00009iw2_H_L
9015,3,train,0.7841306328773499,pdb_00008jqm_H_L
9016,3,train,0.5888408422470093,pdb_00007lop_W_V
9017,3,train,0.6705678701400757,pdb_00008y31_D_C
9018,3,train,0.9931740760803223,pdb_00006jhs_E_D
9019,3,train,0.010171140544116497,pdb_00007wv9_S1_S2
9020,3,train,0.7449519038200378,pdb_00009mqd_I_M
9021,3,train,0.9587991833686829,pdb_00006wtu_K_L
9022,3,train,0.027606550604104996,pdb_00007ej8_H1_H2
9023,3,train,0.9852614402770996,pdb_00006t9e_AAA_BBB
9024,3,train,0.005901397671550512,pdb_00009l42_E1_E2
9025,3,train,0.7280733585357666,pdb_00004np4_H_L
9026,3,train,0.7098252177238464,pdb_00003fku_S1_S2
9027,3,train,0.020905759185552597,pdb_00002h2s_C_D
9028,3,train,1.3256385326385498,pdb_00004ubd_G_H
9029,3,train,0.3881966471672058,pdb_00008smt_H_L
9030,3,train,0.7973697781562805,pdb_00008f6x_E1_E2
9031,3,train,1.1697138547897339,pdb_00008e8s_H_L
9032,3,train,0.0069276983849704266,pdb_00007scg_E1_E2
9033,3,train,0.91519695520401,pdb_00008e8r_H_L
9034,3,train,0.35474640130996704,pdb_00008as0_E_D
9035,3,train,0.7428580522537231,pdb_00006wzl_A_B
9036,3,train,0.7509828209877014,pdb_00003v6z_A_B
9037,3,train,0.022984923794865608,pdb_00006dzt_M1_M2
9038,3,train,0.47006914019584656,pdb_00004tsb_H_L
9039,3,train,0.6235590577125549,pdb_00007lq7_P_Q
9040,3,train,0.05485588684678078,pdb_00007k61_N2_N1
9041,3,train,0.828740656375885,pdb_00008jin_P2_P1
9042,3,train,0.8080472946166992,pdb_00008dnn_B_C
9043,3,train,0.010330144315958023,pdb_00008gcm_E1_E2
9044,3,train,0.037998396903276443,pdb_00006e0c_M1_M2
9045,3,train,1.1506354808807373,pdb_00009ml8_M_N
9046,3,train,0.7295079827308655,pdb_00009hhr_F_E
9047,3,train,0.7836989760398865,pdb_00008u44_U_W
9048,3,train,0.04067336022853851,pdb_00008xjn_E1_E2
9049,3,train,1.6427463293075562,pdb_00006osh_H_L
9050,3,train,0.5075218081474304,pdb_00009jy4_R_Q
9051,3,train,0.6009193658828735,pdb_00007ley_D_E
9052,3,train,0.7982661128044128,pdb_00007t0z_H_L
9053,3,train,0.7580015659332275,pdb_00009jbq_A_B
9054,3,train,0.6197136044502258,pdb_00005jz7_H_L
9055,3,train,0.985078752040863,pdb_00008bcz_H_L
9056,3,train,0.022255169227719307,pdb_00008thk_F1_F2
9057,3,train,0.6768739819526672,pdb_00007mxl_H_L
9058,3,train,0.924973726272583,pdb_00008gsd_H_L
9059,3,train,0.4642098546028137,pdb_00008j1q_B_A
9060,3,train,0.8400270938873291,pdb_00004wv1_B_A
9061,3,train,0.7474255561828613,pdb_00007k9z_B_A
9062,3,train,0.7338649034500122,pdb_00008cn9_G_F
9063,3,train,0.764509916305542,pdb_00007deu_B1_B2
9064,3,train,0.021637188270688057,pdb_00008jgg_S1_S2
9065,3,train,0.839076042175293,pdb_00007dm2_H_L
9066,3,train,0.730010449886322,pdb_00008rrn_H_L
9067,3,train,0.4506189823150635,pdb_00007vag_H_L
9068,3,train,0.8093592524528503,pdb_00008sit_H_L
9069,3,train,0.6640008091926575,pdb_00009mqa_H_L
9070,3,train,0.855704128742218,pdb_00008dis_B_G
9071,3,train,1.090067982673645,pdb_00007x3e_H_L
9072,3,train,0.4080457389354706,pdb_000011ol_H_L
9073,3,train,1.1721279621124268,pdb_00007ezv_H_L
9074,3,train,1.21078622341156,pdb_00006mto_H_L
9075,3,train,0.6530807614326477,pdb_00009tmp_H_L
9076,3,train,0.047003306448459625,pdb_00003ze0_E_F
9077,3,train,1.3663928508758545,pdb_00009e89_H_L
9078,3,train,0.0252534206956625,pdb_00009cm7_N1_N2
9079,3,train,0.4991829991340637,pdb_00008bg4_A1_A2
9080,3,train,0.5098792910575867,pdb_00008dn6_C_D
9081,3,train,0.01571325771510601,pdb_00003nig_E_F
9082,3,train,0.06792178004980087,pdb_00007u0g_O1_O2
9083,3,train,0.9207693338394165,pdb_00009lsi_D1_C2
9084,3,train,0.9019685387611389,pdb_00004ogx_H_L
9085,3,train,0.5711695551872253,pdb_00009q5v_K_J
9086,3,train,0.6754163503646851,pdb_00007xcz_B_C
9087,3,train,0.00879853405058384,pdb_00008g59_S1_S2
9088,3,train,0.661482572555542,pdb_00009n8j_F_G
9089,3,train,0.8549110889434814,pdb_00008g5b_H_L
9090,3,train,0.04776174575090408,pdb_00002itc_A_B
9091,3,train,0.04140940681099892,pdb_00008h8j_H1_H2
9092,3,train,0.5028151869773865,pdb_00003s37_H_L
9093,3,train,0.03564026206731796,pdb_00009x3z_S1_S2
9094,3,train,1.3850417137145996,pdb_00006wtv_H_I
9095,3,train,0.026342112571001053,pdb_00008ubk_N2_N1
9096,3,train,0.7576698660850525,pdb_00009cpv_H_L
9097,3,train,0.3728364109992981,pdb_00009jy1_P_O
9098,3,train,0.007445141207426786,pdb_00007wy0_C1_C2
9099,3,train,0.6957516074180603,pdb_00006t3j_A_B
9100,3,train,0.005916116759181023,pdb_00007vdl_S1_S2
9101,3,train,0.7727528214454651,pdb_00007sk4_D_C
9102,3,train,0.09935412555932999,pdb_00001j1p_H_L
9103,3,train,0.9651641845703125,pdb_00007scn_H_L
9104,3,train,0.039984431117773056,pdb_00007k63_N2_N1
9105,3,train,0.03874943405389786,pdb_00007y89_S1_S2
9106,3,train,0.018847113475203514,pdb_00008hoc_S1_S2
9107,3,train,0.980200469493866,pdb_00006ocb_H_L
9108,3,train,0.41113555431365967,pdb_00007c01_C_D
9109,3,train,0.005423182155936956,pdb_00008x9t_S1_S2
9110,3,train,1.0790936946868896,pdb_00008rmy_E_F
9111,3,train,0.8130542635917664,pdb_00009mkn_H_L
9112,3,train,0.008231759071350098,pdb_00008hcx_E1_E2
9113,3,train,0.730439305305481,pdb_00008tx3_H_L
9114,3,train,0.023900672793388367,pdb_00009vo1_E1_E2
9115,3,train,0.34751299023628235,pdb_00006zlr_BBB_CCC
9116,3,train,0.6184410452842712,pdb_00001dee_F_E
9117,3,train,1.1356984376907349,pdb_00008dwo_U_V
9118,3,train,0.9079306721687317,pdb_00006ban_H_G
9119,3,train,0.04870869219303131,pdb_00008j6r_S1_S2
9120,3,train,0.555814802646637,pdb_00007klh_I_M
9121,3,train,0.016389094293117523,pdb_00007u60_E_F
9122,3,train,0.014460363425314426,pdb_00008xqn_S1_S2
9123,3,train,0.04174760729074478,pdb_00008si9_K_L
9124,3,train,0.23407404124736786,pdb_00008vgj_F_E
9125,3,train,0.08250173926353455,pdb_00009kt9_E1_E2
9126,3,train,0.016572317108511925,pdb_00008jsr_C1_C2
9127,3,train,0.9986252784729004,pdb_00008hpf_H_L
9128,3,train,0.5607379674911499,pdb_00001tzh_H_L
9129,3,train,0.4357013404369354,pdb_00004dgi_H_L
9130,3,train,0.7442452907562256,pdb_00007ebz_E_F
9131,3,train,0.9773662686347961,pdb_00008zre_h_l
9132,3,train,1.454630732536316,pdb_00004ki5_C_D
9133,3,train,0.030029579997062683,pdb_00006k5i_E_F
9134,3,train,0.9432504773139954,pdb_00008tzw_H_L
9135,3,train,0.05763275548815727,pdb_00006x3x_J_I
9136,3,train,0.00774836540222168,pdb_00009vnf_E1_E2
9137,3,train,0.38714495301246643,pdb_00007x2k_H_L
9138,3,train,0.8879202008247375,pdb_00001tqb_B_C
9139,3,train,0.03912144899368286,pdb_00002exy_E_F
9140,3,train,0.7826643586158752,pdb_00009lf8_H_L
9141,3,train,0.013776583597064018,pdb_00008kgg_E1_E2
9142,3,train,1.1648627519607544,pdb_00008tnn_J_I
9143,3,train,0.39714697003364563,pdb_00008f2j_I_J
9144,3,train,0.5947052836418152,pdb_00007zfc_A_B
9145,3,train,0.05131320655345917,pdb_00006e0p_M1_M2
9146,3,train,0.43468064069747925,pdb_00008jen_C_D
9147,3,train,0.015628846362233162,pdb_00003zdx_E_F
9148,3,train,0.02968982793390751,pdb_00007t90_E1_E2
9149,3,train,0.8623933792114258,pdb_00008dwy_Z_Y
9150,3,train,0.291839063167572,pdb_000011oq_H_L
9151,3,train,1.2036160230636597,pdb_00005c0n_H_L
9152,3,train,0.5800816416740417,pdb_00009og2_B_C
9153,3,train,0.024546343833208084,pdb_00007k5x_M2_M1
9154,3,train,1.5217132568359375,pdb_00008v2e_A_B
9155,3,train,0.058042012155056,pdb_00008k9k_H1_H2
9156,3,train,1.1750712394714355,pdb_00009mtl_H_L
9157,3,train,0.01025844644755125,pdb_00002vdp_H_L
9158,3,train,0.8945872187614441,pdb_00004f3f_B_A
9159,3,train,1.0458704233169556,pdb_00007cqd_H_L
9160,3,train,0.8669312596321106,pdb_00009me5_H_L
9161,3,train,0.5159274935722351,pdb_00008xsi_H_L
9162,3,train,0.8333813548088074,pdb_00007l0l_H_L
9163,3,train,0.6256868839263916,pdb_00008cn9_B_A
9164,3,train,0.7042729258537292,pdb_00008dnn_E_F
9165,3,train,0.05591372027993202,pdb_00007jhj_D1_D2
9166,3,train,0.8097783327102661,pdb_00009atm_H_L
9167,3,train,0.13454976677894592,pdb_00009zqb_I2_I1
9168,3,train,0.016660651192069054,pdb_00007t6s_E1_E2
9169,3,train,0.023574987426400185,pdb_00009v0x_E1_E2
9170,3,train,0.15919546782970428,pdb_00008j24_G1_G2
9171,3,train,0.3762015104293823,pdb_00007b3o_H_L
9172,3,train,0.6548428535461426,pdb_00007ubs_K1_K2
9173,3,train,0.8823569416999817,pdb_00007ua2_H1_H2
9174,3,train,0.8116887807846069,pdb_00006n5b_H_L
9175,3,train,0.6626584529876709,pdb_00006lhq_H_L
9176,3,train,1.2141801118850708,pdb_00002zcl_H_L
9177,3,train,0.06533847004175186,pdb_00007k60_M2_M1
9178,3,train,0.024044256657361984,pdb_00009le2_S1_S2
9179,3,train,0.9371257424354553,pdb_00009bdi_C_D
9180,3,train,1.0718508958816528,pdb_00008r8k_H_L
9181,3,train,1.2676011323928833,pdb_00008tp5_J_K
9182,3,train,0.811501681804657,pdb_00009dm0_C_D
9183,3,train,0.871025025844574,pdb_00008bg1_J_K
9184,3,train,0.037252552807331085,pdb_00009wxm_D1_D2
9185,3,train,1.1634272336959839,pdb_00008jin_B2_B1
9186,3,train,0.48212137818336487,pdb_00009cia_B_A
9187,3,train,0.752295732498169,pdb_00008cz8_A2_A1
9188,3,train,0.6284615397453308,pdb_00008j7e_C_D
9189,3,train,0.7243785262107849,pdb_00003bn9_F_E
9190,3,train,0.4764961898326874,pdb_00008i5l_E1_E2
9191,3,train,0.6728717088699341,pdb_00005wko_E_F
9192,3,train,0.0654766783118248,pdb_00008y73_E1_E2
9193,3,train,0.4642292857170105,pdb_00007f6y_H_L
9194,3,train,1.3708211183547974,pdb_00008p5m_G_L
9195,3,train,0.7054428458213806,pdb_00007t3d_J_M
9196,3,train,0.5609681010246277,pdb_00008eoo_H_L
9197,3,train,0.8380531072616577,pdb_00008gs9_H_K
9198,3,train,0.036523059010505676,pdb_00002fed_C_D
9199,3,train,0.26044803857803345,pdb_00006z2m_B_C
9200,3,train,0.6580344438552856,pdb_00004f2m_A_B
9201,3,train,0.1994878351688385,pdb_00009oun_J_K
9202,3,train,0.21129603683948517,pdb_00009oum_H_L
9203,3,train,0.6427768468856812,pdb_00003nh7_J_N
9204,3,train,0.5714638233184814,pdb_00008dww_Z_Y
9205,3,train,0.6631900668144226,pdb_00003fku_U1_U2
9206,3,train,1.1995822191238403,pdb_00005ug0_D_C
9207,3,train,0.4493357241153717,pdb_00007mzk_C_D
9208,3,train,1.0466185808181763,pdb_00008d9y_H_G
9209,3,train,0.04038132727146149,pdb_00006xbk_S1_S2
9210,3,train,0.009024234488606453,pdb_00007d77_S1_S2
9211,3,train,0.6845569014549255,pdb_00008vgm_E_F
9212,3,train,0.7248762249946594,pdb_00009b82_N_M
9213,3,train,0.012445514090359211,pdb_00008gus_S1_S2
9214,3,train,0.6247664093971252,pdb_00008zbb_H_L
9215,3,train,0.020498817786574364,pdb_00007trp_H1_H2
9216,3,train,0.02772141993045807,pdb_00007vif_E1_E2
9217,3,train,0.34824052453041077,pdb_00008wo4_D_C
9218,3,train,0.03614005446434021,pdb_00007yfd_C1_C2
9219,3,train,1.074243426322937,pdb_00007jwg_A_B
9220,3,train,0.32606756687164307,pdb_00007zfe_J_K
9221,3,train,1.3395265340805054,pdb_00007ey5_H_L
9222,3,train,0.03843412175774574,pdb_00008vfx_M2_M1
9223,3,train,0.08360663056373596,pdb_00007m2j_A_B
9224,3,train,0.030166784301400185,pdb_00007t10_S1_S2
9225,3,train,1.2495239973068237,pdb_00008g5b_J_N
9226,3,train,0.5970029830932617,pdb_00002i9l_D_C
9227,3,train,0.8536879420280457,pdb_00008vsj_H_L
9228,3,train,0.7295728921890259,pdb_00006wmw_M_N
9229,3,train,0.903201699256897,pdb_00005vqm_D_C
9230,3,train,0.012159834615886211,pdb_00002exw_E_F
9231,3,train,0.5049681663513184,pdb_00008zyt_D_Q
9232,3,train,0.7477197647094727,pdb_00009bbn_S_T
9233,3,train,0.7036884427070618,pdb_00006wzl_C_D
9234,3,train,0.04292416200041771,pdb_00007ezm_H1_H2
9235,3,train,1.0387214422225952,pdb_00008p12_H_L
9236,3,train,0.7764453291893005,pdb_00007w71_I_M
9237,3,train,0.6541833877563477,pdb_00001za3_B_A
9238,3,train,1.0934488773345947,pdb_00006plk_I_M
9239,3,train,0.6762698888778687,pdb_00006dkj_A_B
9240,3,train,0.8234866261482239,pdb_00007f15_B1_B2
9241,3,train,1.0528827905654907,pdb_00009oea_H_L
9242,3,train,0.619849681854248,pdb_00005nh3_H_L
9243,3,train,0.654006838798523,pdb_00006vja_I_M
9244,3,train,0.8955706357955933,pdb_00009qt3_N_O
9245,3,train,0.6747646927833557,pdb_00009lho_T_S
9246,3,train,0.43862393498420715,pdb_00002i9l_H_G
9247,3,train,0.7409862875938416,pdb_00004v1d_D_E
9248,3,train,1.1431077718734741,pdb_00009mth_I_J
9249,3,train,0.9011105895042419,pdb_00008hrd_N_Q
9250,3,train,0.035056374967098236,pdb_00008y72_E1_E2
9251,3,train,0.010104360990226269,pdb_00008jhy_S1_S2
9252,3,train,0.7804216742515564,pdb_00007zfb_A_B
9253,3,train,0.011851728893816471,pdb_00008y45_S1_S2
9254,3,train,0.6307462453842163,pdb_00007dk2_D_E
9255,3,train,0.5618895888328552,pdb_00008txu_E_J
9256,3,train,0.1937611997127533,pdb_00002qr0_F_E
9257,3,train,0.704841673374176,pdb_00008tnt_E_D
9258,3,train,0.40858298540115356,pdb_00007sts_A_B
9259,3,train,0.9371336698532104,pdb_00002zck_H_L
9260,3,train,0.03717916086316109,pdb_00007tmz_E_F
9261,3,train,0.3928621709346771,pdb_00008j7e_A_B
9262,3,train,0.37869390845298767,pdb_00003rhw_G_K
9263,3,train,0.5428933501243591,pdb_00006cw3_C_D
9264,3,train,0.653451144695282,pdb_00003g6j_F_E
9265,3,train,0.8118208646774292,pdb_00008hpu_H_L
9266,3,train,0.3050090968608856,pdb_00009cpu_H_L
9267,3,train,0.016981232911348343,pdb_00006k5d_E_F
9268,3,train,0.006629324052482843,pdb_00007s8m_E1_E2
9269,3,train,0.0994485542178154,pdb_00003a6c_H_L
9270,3,train,0.6835612058639526,pdb_00001fsk_F_E
9271,3,train,0.5065214037895203,pdb_00007keo_E_F
9272,3,train,0.04919331893324852,pdb_00007yon_S1_S2
9273,3,train,0.614003598690033,pdb_00008jkh_H_L
9274,3,train,0.6913027167320251,pdb_00003p0y_H_L
9275,3,train,0.12015869468450546,pdb_00002qr0_N_M
9276,3,train,1.1760729551315308,pdb_00002ybr_G_H
9277,3,train,0.01792883314192295,pdb_00007y24_S1_S2
9278,3,train,0.006623829714953899,pdb_00009ppy_E1_E2
9279,3,train,0.9853920936584473,pdb_00009ebc_K_L
9280,3,train,1.1008398532867432,pdb_00009mtg_I_J
9281,3,train,1.0880744457244873,pdb_00008hrd_C_E
9282,3,train,1.0691691637039185,pdb_00009oi3_I_J
9283,3,train,0.7663772106170654,pdb_00008ywe_B2_B1
9284,3,train,0.2880948781967163,pdb_00006b9y_B_A
9285,3,train,0.7812052369117737,pdb_00008znz_G_H
9286,3,train,0.012224261648952961,pdb_00007yu3_S1_S2
9287,3,train,0.013750812970101833,pdb_00008j1a_S1_S2
9288,3,train,1.221860647201538,pdb_00007s11_H_L
9289,3,train,0.17527464032173157,pdb_00008vgi_H_G
9290,3,train,0.21110180020332336,pdb_00001ua6_H_L
9291,3,train,0.6337151527404785,pdb_00007cgw_H_L
9292,3,train,0.33366361260414124,pdb_00008q6j_B_A
9293,3,train,0.5265520215034485,pdb_00006w41_H_L
9294,3,train,0.7995787858963013,pdb_00007wvd_G_H
9295,3,train,0.03634738549590111,pdb_00007sqo_E1_E2
9296,3,train,0.29710710048675537,pdb_00003b2u_T_U
9297,3,train,0.47969987988471985,pdb_00007x66_H_L
9298,3,train,0.40383628010749817,pdb_00007ul1_H_L
9299,3,train,0.08185561001300812,pdb_00008vgj_J_I
9300,3,train,0.8930299282073975,pdb_00009cu7_J_N
9301,3,train,0.011080052703619003,pdb_00007t96_E1_E2
9302,3,train,0.6990988254547119,pdb_00007tbf_D_E
9303,3,train,0.014812975190579891,pdb_00008xwp_D1_D2
9304,3,train,0.6544695496559143,pdb_00004lf3_B_A
9305,3,train,0.05298653990030289,pdb_00007l1u_H1_H2
9306,3,train,0.5443125367164612,pdb_00007ubs_J1_J2
9307,3,train,0.04542103409767151,pdb_00003fb8_A_B
9308,3,train,1.1788588762283325,pdb_00005c0n_C_D
9309,3,train,0.04947860166430473,pdb_00008dd2_J_I
9310,3,train,0.009348195977509022,pdb_00008z7j_S1_S2
9311,3,train,0.7581200003623962,pdb_00006k7o_F_G
9312,3,train,0.769870400428772,pdb_00008a96_K_J
9313,3,train,0.10010580718517303,pdb_00006vmk_M_L
9314,3,train,0.5217854976654053,pdb_00009cpw_H_L
9315,3,train,0.3562771677970886,pdb_00007zmk_S_T
9316,3,train,0.5421803593635559,pdb_00005cbe_C_D
9317,3,train,0.010846108198165894,pdb_00006k5a_E_F
9318,3,train,0.49235063791275024,pdb_00005yoy_H_E
9319,3,train,0.8413962125778198,pdb_00007y3n_C_D
9320,3,train,0.6666711568832397,pdb_00009ue8_A_B
9321,3,train,0.6694383025169373,pdb_00007c81_H_L
9322,3,train,0.5794543623924255,pdb_00003fku_T1_T2
9323,3,train,0.8259714841842651,pdb_00007x6o_I_K
9324,3,train,0.014540154486894608,pdb_00009ije_D1_D2
9325,3,train,0.6579819321632385,pdb_00007rku_J_K
9326,3,train,0.6182387471199036,pdb_00008wpw_H_L
9327,3,train,0.023419542238116264,pdb_00007ezh_H1_H2
9328,3,train,0.7091154456138611,pdb_00007m7w_E_F
9329,3,train,0.022658320143818855,pdb_00008xxr_S1_S2
9330,3,train,0.09017276763916016,pdb_00005j9p_A_B
9331,3,train,0.015865951776504517,pdb_00009lr1_S1_S2
9332,3,train,0.8134603500366211,pdb_00001rjl_B_A
9333,3,train,1.089199423789978,pdb_00004f37_H_L
9334,3,train,0.7723458409309387,pdb_00007wvl_H_L
9335,3,train,0.6226345896720886,pdb_00002fjh_H_L
9336,3,train,0.8200429081916809,pdb_00005kov_K1_K2
9337,3,train,1.0327447652816772,pdb_00005e94_D_C
9338,3,train,0.022579533979296684,pdb_00002vdm_H_L
9339,3,train,0.7811933755874634,pdb_00006wtu_H_I
9340,3,train,0.7275034785270691,pdb_00008ebp_H_L
9341,3,train,0.02443070523440838,pdb_00008t3o_N1_N2
9342,3,train,1.323957920074463,pdb_00006ivz_H_L
9343,3,train,0.7235382199287415,pdb_00005xmh_H_L
9344,3,train,0.43289515376091003,pdb_00005yoy_G_D
9345,3,train,0.9451777338981628,pdb_00007wro_H_L
9346,3,train,1.0864166021347046,pdb_00009ml8_H_L
9347,3,train,0.03715486079454422,pdb_00008jei_S1_S2
9348,3,train,0.6152707934379578,pdb_00007xcp_H_L
9349,3,train,0.017602309584617615,pdb_00008vy7_D1_D2
9350,3,train,1.3098118305206299,pdb_00004hg4_P_Q
9351,3,train,0.7963463664054871,pdb_00007pa7_ooo2_ooo1
9352,3,train,0.010634360834956169,pdb_00007yoo_S1_S2
9353,3,train,0.8869416117668152,pdb_00007rxj_H_L
9354,3,train,0.024172062054276466,pdb_00008y0n_S1_S2
9355,3,train,0.03156161680817604,pdb_00007ue0_E_F
9356,3,train,0.3300025165081024,pdb_00005yoy_Q_N
9357,3,train,0.9073851108551025,pdb_00006t9d_HHH_LLL
9358,3,train,0.550239622592926,pdb_00002yss_B_A
9359,3,train,0.6609960794448853,pdb_00009fyt_I_M
9360,3,train,0.7880430817604065,pdb_00008w83_I_J
9361,3,train,0.009198176674544811,pdb_00007trq_H1_H2
9362,3,train,0.5941120386123657,pdb_00008y3k_I_J
9363,3,train,0.9292791485786438,pdb_00005a3i_C_D
9364,3,train,0.8742011785507202,pdb_00009iru_B_A
9365,3,train,0.7193334698677063,pdb_00007vgr_D_C
9366,3,train,1.0890272855758667,pdb_00006dfj_H_L
9367,3,train,0.8505514860153198,pdb_00008yub_A_B
9368,3,train,0.5350140929222107,pdb_00009jqv_H_L
9369,3,train,0.03035608120262623,pdb_00008y71_E1_E2
9370,3,train,0.35622283816337585,pdb_00008i5h_E_F
9371,3,train,0.7277870774269104,pdb_00006wno_E_F
9372,3,train,0.43562978506088257,pdb_00001xgu_B_A
9373,3,train,0.6924392580986023,pdb_00003wd5_H_L
9374,3,train,0.6038893461227417,pdb_00005nhr_A_B
9375,3,train,1.1412664651870728,pdb_00008dv6_H_D
9376,3,train,0.557966947555542,pdb_00009ctw_F_E
9377,3,train,0.023534612730145454,pdb_00009jhp_S1_S2
9378,3,train,0.815048336982727,pdb_00008dwx_H_L
9379,3,train,0.008203122764825821,pdb_00008i7v_E1_E2
9380,3,train,1.0227417945861816,pdb_00009yyu_J_N
9381,3,train,0.767017126083374,pdb_00006osv_H_L
9382,3,train,0.5983152985572815,pdb_00006wzj_A_B
9383,3,train,0.011379895731806755,pdb_00008rql_S1_S2
9384,3,train,0.9918360114097595,pdb_00008sis_H_L
9385,3,train,0.03236360847949982,pdb_00008jbh_E1_E2
9386,3,train,0.44196754693984985,pdb_00007yxu_H_L
9387,3,train,0.019270170480012894,pdb_00008w8r_S1_S2
9388,3,train,0.7735716104507446,pdb_00007ucq_K1_K2
9389,3,train,0.02179151214659214,pdb_00008t3s_N1_N2
9390,3,train,0.9630558490753174,pdb_00001t03_H_L
9391,3,train,0.6104679703712463,pdb_00003nh7_I_M
9392,3,train,0.23343312740325928,pdb_00003hfm_H_L
9393,3,train,1.0201016664505005,pdb_00005dur_B_D
9394,3,train,0.028303682804107666,pdb_00003ze2_E_F
9395,3,train,0.06745640933513641,pdb_00008vqy_K_L
9396,3,train,0.018140586093068123,pdb_00008ubl_M2_M1
9397,3,train,0.017068689689040184,pdb_00008xqp_S1_S2
9398,3,train,0.07037390768527985,pdb_00007xk2_S1_S2
9399,3,train,0.7456046938896179,pdb_00007ycn_E_F
9400,3,train,0.47251084446907043,pdb_00007chc_H_L
9401,3,train,0.7156944870948792,pdb_00005xhv_H_L
9402,3,train,0.8276744484901428,pdb_00007rxi_H_L
9403,3,train,1.3213963508605957,pdb_00006xq0_E_F
9404,3,train,1.0339089632034302,pdb_00009mtf_H_L
9405,3,train,0.7617073655128479,pdb_00008eoo_F_K
9406,3,train,0.008789215236902237,pdb_00007vgx_S1_S2
9407,3,train,0.5122323632240295,pdb_00006vvu_J_K
9408,3,train,0.9986062049865723,pdb_00008zpq_A_B
9409,3,train,0.7588468790054321,pdb_00008g5a_J_N
9410,3,train,0.7074769139289856,pdb_00008hn7_D_C
9411,3,train,0.058430954813957214,pdb_00008zps_E1_E2
9412,3,train,0.0169120691716671,pdb_00008k9l_H1_H2
9413,3,train,0.8284797072410583,pdb_00007vyr_H_L
9414,3,train,0.7060214281082153,pdb_00007d85_E_F
9415,3,train,0.8734528422355652,pdb_00009js7_J_M
9416,3,train,0.5065438151359558,pdb_00005aaw_B1_B2
9417,3,train,0.647817850112915,pdb_00007bpk_H_L
9418,3,train,0.8706343173980713,pdb_00007l7e_C_D
9419,3,train,0.02304581180214882,pdb_00002h2p_E_F
9420,3,train,0.07242748141288757,pdb_00006x3w_J_I
9421,3,train,0.6988058090209961,pdb_00007jum_H1_H2
9422,3,train,0.7680727243423462,pdb_00007z0y_H_L
9423,3,train,0.0609254390001297,pdb_00008dk5_N1_N2
9424,3,train,0.37352773547172546,pdb_00007mjl_H_L
9425,3,train,0.9118747711181641,pdb_00009rip_H_L
9426,3,train,1.0188456773757935,pdb_00001fdl_H_L
9427,3,train,0.018099026754498482,pdb_00008t3q_N1_N2
9428,3,train,0.6479254961013794,pdb_00007xda_B_C
9429,3,train,0.9780396223068237,pdb_00009j4c_H_L
9430,3,train,1.2479373216629028,pdb_00007m3l_B_C
9431,3,train,1.1230465173721313,pdb_00007u9w_H1_H2
9432,3,train,0.03717963397502899,pdb_00007xau_E1_E2
9433,3,train,0.5180750489234924,pdb_00009cia_D_C
9434,3,train,0.5023253560066223,pdb_00008dww_V_U
9435,3,train,0.9221160411834717,pdb_00009ma7_F_G
9436,3,train,0.5093739628791809,pdb_00007xeg_E_F
9437,3,train,0.17396150529384613,pdb_00006ad8_C_D
9438,3,train,0.8065959215164185,pdb_00004kxz_J_I
9439,3,train,0.19940713047981262,pdb_00001ic5_H_L
9440,3,train,0.5955913662910461,pdb_00007lq7_T_U
9441,3,train,0.0887938067317009,pdb_00003a67_H_L
9442,3,train,0.6289694905281067,pdb_00008jkf_M_N
9443,3,train,0.12376098334789276,pdb_00009ouo_H_L
9444,3,train,0.019203858450055122,pdb_00007ukt_E_F
9445,3,train,0.6463893055915833,pdb_00009og1_B_C
9446,3,train,0.5545699000358582,pdb_00008too_G_F
9447,3,train,0.011837100610136986,pdb_00009jh5_S1_S2
9448,3,train,1.116256594657898,pdb_00008w5f_H_L
9449,3,train,0.7613697052001953,pdb_00007ahu_B_A
9450,3,train,0.6726817488670349,pdb_00005jz7_G_I
9451,3,train,0.8787679076194763,pdb_00007woc_A_B
9452,3,train,0.011296206153929234,pdb_00008yh3_S1_S2
9453,3,train,1.2499362230300903,pdb_00008kdr_H_L
9454,3,train,0.05189889669418335,pdb_00007mhx_A_B
9455,3,train,0.8752501010894775,pdb_00005d1z_B_A
9456,3,train,0.26418840885162354,pdb_00006bah_B_A
9457,3,train,0.670946478843689,pdb_00008sxp_H_L
9458,3,train,0.7375884652137756,pdb_00004oii_I_M
9459,3,train,0.45528295636177063,pdb_00009l6c_D_F
9460,3,train,0.008643576875329018,pdb_00008yky_S1_S2
9461,3,train,0.03138378635048866,pdb_00009vnz_E1_E2
9462,3,train,0.019993405789136887,pdb_00008i7w_E1_E2
9463,3,train,1.100943684577942,pdb_00009mkn_O_P
9464,3,train,0.006932114716619253,pdb_00009le1_S1_S2
9465,3,train,1.307511806488037,pdb_00003mxw_H_L
9466,3,train,0.032108012586832047,pdb_00009v81_E1_E2
9467,3,train,0.7548879981040955,pdb_00008f6x_D1_D2
9468,3,train,0.008576454594731331,pdb_00008hnl_S1_S2
9469,3,train,0.8929892778396606,pdb_00006ejg_D2_D1
9470,3,train,0.8088088035583496,pdb_00008rmy_B_C
9471,3,train,0.036569803953170776,pdb_00008tzq_E1_E2
9472,3,train,0.35553959012031555,pdb_00002qr0_T_S
9473,3,train,1.0467983484268188,pdb_00007t82_H_L
9474,3,train,0.772406280040741,pdb_00007l0l_I_K
9475,3,train,0.4271150827407837,pdb_00007mzk_F_E
9476,3,train,0.008189130574464798,pdb_00007w2z_S1_S2
9477,3,train,0.6355295777320862,pdb_00005kvf_H_L
9478,3,train,0.809110701084137,pdb_00007whz_C_E
9479,3,train,0.5419147610664368,pdb_00002i9l_B_A
9480,3,train,0.7636009454727173,pdb_00002ybr_A_B
9481,3,train,1.2636932134628296,pdb_00008ag1_H_L
9482,3,train,1.033751368522644,pdb_00006xxv_A_B
9483,3,train,0.3276703655719757,pdb_00003ri5_G_K
9484,3,train,1.070796251296997,pdb_00007bsd_A_B
9485,3,train,0.02310534194111824,pdb_00008xx3_S1_S2
9486,3,train,0.7369723320007324,pdb_00007wk0_A_B
9487,3,train,0.8978774547576904,pdb_00009cds_B_A
9488,3,train,0.007757771294564009,pdb_00008feg_F1_F2
9489,3,train,0.4331128001213074,pdb_00008smt_I_J
9490,3,train,0.47820669412612915,pdb_00005bo1_I_M
9491,3,train,0.6326135993003845,pdb_00003u30_C_B
9492,3,train,0.87496018409729,pdb_00007fcp_H_L
9493,3,train,0.337934285402298,pdb_00003rif_I_O
9494,3,train,0.043347157537937164,pdb_00001j1o_H_L
9495,3,train,1.8275426626205444,pdb_00008tzn_G_H
9496,3,train,0.027789747342467308,pdb_00007vdh_S1_S2
9497,3,train,0.061475805938243866,pdb_00001ott_E_F
9498,3,train,0.00581728108227253,pdb_00007t6b_E1_E2
9499,3,train,1.1259950399398804,pdb_00009leo_C_D
9500,3,train,0.4943525195121765,pdb_00005nh3_I_M
9501,3,train,0.19685471057891846,pdb_00002qr0_L_K
9502,3,train,0.02359885536134243,pdb_00008hk3_H1_H2
9503,3,train,0.04282576963305473,pdb_00003or6_A_B
9504,3,train,0.036064788699150085,pdb_00003ejy_C_D
9505,3,train,0.012218710966408253,pdb_00009x20_E1_E2
9506,3,train,0.8501371741294861,pdb_00002vir_B_A
9507,3,train,0.7672322988510132,pdb_00005ugy_I_M
9508,3,train,0.021206246688961983,pdb_00003fb5_A_B
9509,3,train,0.9672609567642212,pdb_00009p1m_F_E
9510,3,train,1.1683050394058228,pdb_00009kvk_H_L
9511,3,train,0.012013535015285015,pdb_00007vig_E1_E2
9512,3,train,0.9027658104896545,pdb_00007t0w_H_L
9513,3,train,1.0377283096313477,pdb_00008khd_H_J
9514,3,train,0.0072448537684977055,pdb_00007ew7_E1_E2
9515,3,train,0.022483117878437042,pdb_00009izc_S1_S2
9516,3,train,0.17426693439483643,pdb_00004tnw_Y_g
9517,3,train,0.006143367383629084,pdb_00007wu9_S1_S2
9518,3,train,0.006404639221727848,pdb_00008jil_S1_S2
9519,3,train,0.005352001171559095,pdb_00008jlr_S1_S2
9520,3,train,0.028737587854266167,pdb_00007wq3_S1_S2
9521,3,train,0.811263918876648,pdb_00009ebc_I_J
9522,3,train,0.7217377424240112,pdb_00007l7e_E_F
9523,3,train,1.1908149719238281,pdb_00008jn1_H_L
9524,3,train,0.6680918335914612,pdb_00004gxu_S_T
9525,3,train,0.021074606105685234,pdb_00009m2f_S1_S2
9526,3,train,0.5328943133354187,pdb_00003u30_F_E
9527,3,train,1.1031548976898193,pdb_00006wds_H_L
9528,3,train,0.6380934119224548,pdb_00003eo1_H_G
9529,3,train,0.7214836478233337,pdb_00008g5a_H_L
9530,3,train,0.5705088376998901,pdb_00004gxu_U_V
9531,3,train,0.022240523248910904,pdb_00008yn7_E1_E2
9532,3,train,0.7743797302246094,pdb_00007zfc_H_L
9533,3,train,0.007970234379172325,pdb_00007yae_S1_S2
9534,3,train,0.01083968486636877,pdb_00009kxs_H1_H2
9535,3,train,0.00839705765247345,pdb_00009ll7_S1_S2
9536,3,train,0.18225429952144623,pdb_00009zqc_I2_I1
9537,3,train,0.6987364292144775,pdb_00006pi7_F_E
9538,3,train,0.683151125907898,pdb_00005w3l_E_G
9539,3,train,0.17768561840057373,pdb_00009ouq_J_K
9540,3,train,1.0856212377548218,pdb_00009e60_H_L
9541,3,train,0.019578717648983,pdb_000022es_E1_E2
9542,3,train,0.4017341434955597,pdb_00007kfw_C_D
9543,3,train,0.45120343565940857,pdb_00001xgt_B_A
9544,3,train,0.018589867278933525,pdb_00008y62_E1_E2
9545,3,train,1.011396050453186,pdb_00008d7e_D_E
9546,3,train,0.007188974414020777,pdb_00008xbh_S1_S2
9547,3,train,0.01769440621137619,pdb_00008hj5_C1_C2
9548,3,train,0.720083475112915,pdb_00008rmx_B_C
9549,3,train,0.8528185486793518,pdb_00007det_B1_B2
9550,3,train,0.07711506634950638,pdb_00006x3t_J_I
9551,3,train,1.4379773139953613,pdb_00008s72_X_Y
9552,3,train,0.5502691268920898,pdb_00009cpp_H_L
9553,3,train,0.008235577493906021,pdb_00007euo_S1_S2
9554,3,train,0.6422727704048157,pdb_00003rhw_F_N
9555,3,train,0.6477019786834717,pdb_00007u9e_B1_B2
9556,3,train,0.09593228250741959,pdb_00006e0c_N1_N2
9557,3,train,0.2735077440738678,pdb_00001xgq_B_A
9558,3,train,0.06604485958814621,pdb_00008iw9_S1_S2
9559,3,train,1.088257074356079,pdb_00007yvf_C_A
9560,3,train,0.6023136377334595,pdb_00008ut2_J_I
9561,3,train,0.005668365862220526,pdb_00009vmy_E1_E2
9562,3,train,0.4471859335899353,pdb_00001g7h_B_A
9563,3,train,0.012180278077721596,pdb_00009jlc_S1_S2
9564,3,train,0.022373875603079796,pdb_00007uje_E_F
9565,3,train,0.5527521967887878,pdb_00004dkf_H_L
9566,3,train,0.042203109711408615,pdb_00007x5h_E1_E2
9567,3,train,0.01380380429327488,pdb_00007sbf_E1_E2
9568,3,train,0.6984843611717224,pdb_00007wvd_I_J
9569,3,train,0.6656663417816162,pdb_00005ugy_H_L
9570,3,train,0.7759627103805542,pdb_00005dhy_H_L
9571,3,train,0.886649489402771,pdb_00008hrd_G_H
9572,3,train,0.009559397585690022,pdb_00007w55_E1_E2
9573,3,train,0.21427620947360992,pdb_00006yor_B_C
9574,3,train,1.0145469903945923,pdb_00006plk_H_L
9575,3,train,0.8218713998794556,pdb_00007y3o_H_L
9576,3,train,0.07017818093299866,pdb_00008spu_K1_K2
9577,3,train,0.43581700325012207,pdb_00008caf_B_A
9578,3,train,0.8270335793495178,pdb_00007chc_A_B
9579,3,train,0.8408553004264832,pdb_00006wtu_E_F
9580,3,train,0.008241030387580395,pdb_00009lre_E1_E2
9581,3,train,0.06339868903160095,pdb_00009iv6_S1_S2
9582,3,train,0.4446578323841095,pdb_00002x7l_C_D
9583,3,train,0.024922195822000504,pdb_00009jkt_S1_S2
9584,3,train,0.624269425868988,pdb_00009bao_G_H
9585,3,train,0.8146916627883911,pdb_00004l5f_H_L
9586,3,train,0.5954276919364929,pdb_00007rku_G_I
9587,3,train,0.022058991715312004,pdb_00008z8a_S1_S2
9588,3,train,0.6270573139190674,pdb_00008dn7_A_B
9589,3,train,0.8350372314453125,pdb_00008w5r_H_L
9590,3,train,0.754436731338501,pdb_00009js7_I_L
9591,3,train,0.29119059443473816,pdb_00009nz4_F_E
9592,3,train,0.8133928775787354,pdb_00002iff_H_L
9593,3,train,0.021738464012742043,pdb_00003iga_A_B
9594,3,train,1.0075924396514893,pdb_00006mlm_E_I
9595,3,train,0.31147849559783936,pdb_00006b3s_H_L
9596,3,train,0.5921746492385864,pdb_00007rk2_C1_C2
9597,3,train,2.0622847080230713,pdb_00001jrh_H_L
9598,3,train,1.3914875984191895,pdb_00006k65_H_L
9599,3,train,0.6517389416694641,pdb_00008ebp_I_M
9600,3,train,0.5809201002120972,pdb_00008oz3_H_L
9601,3,train,0.057695601135492325,pdb_00007trk_H1_H2
9602,3,train,0.4376716613769531,pdb_00003ri5_F_N
9603,3,train,0.9776910543441772,pdb_00008eed_I_J
9604,3,train,0.01673000678420067,pdb_00008j18_S1_S2
9605,3,train,0.8719792366027832,pdb_00007qny_A_B
9606,3,train,0.0739014595746994,pdb_00007k5y_N2_N1
9607,3,train,1.3940695524215698,pdb_00006oel_H_L
9608,3,train,0.6783860325813293,pdb_00007sk8_D_C
9609,3,train,1.058955430984497,pdb_00009kve_A_B
9610,3,train,0.02295578271150589,pdb_00008zh8_S1_S2
9611,3,train,0.01921585574746132,pdb_000021ag_S1_S2
9612,3,train,0.8361020684242249,pdb_00006ban_B_A
9613,3,train,0.7083427309989929,pdb_00004gxu_Q_R
9614,3,train,0.714313805103302,pdb_00003sob_H_L
9615,3,train,1.1324855089187622,pdb_00003bsz_H_L
9616,3,train,0.7016904354095459,pdb_00004hg4_R_S
9617,3,train,0.22969549894332886,pdb_00003b2u_N_O
9618,3,train,0.9073404669761658,pdb_00002hmi_D_C
9619,3,train,0.9137091040611267,pdb_00006ogx_C_D
9620,3,train,0.11192408204078674,pdb_00008zbe_E1_E2
9621,3,train,0.010550239123404026,pdb_00008jgb_S1_S2
9622,3,train,0.6392557621002197,pdb_00007ycn_C_D
9623,3,train,0.07806407660245895,pdb_00006ad7_C_D
9624,3,train,0.8467428088188171,pdb_00009npg_G_H
9625,3,train,0.717433512210846,pdb_00004hj0_C_D
9626,3,train,1.2969961166381836,pdb_00004fqj_H_L
9627,3,train,0.7829726338386536,pdb_00007x93_E_F
9628,3,train,0.8420355319976807,pdb_00007kzb_H_L
9629,3,train,1.3916524648666382,pdb_00001osp_H_L
9630,3,train,0.021973712369799614,pdb_00007rkm_D1_D2
9631,3,train,0.3536801040172577,pdb_00008i5h_H_L
9632,3,train,0.8669131994247437,pdb_00005x8l_G_L
9633,3,train,0.6643731594085693,pdb_00009ue8_U_V
9634,3,train,0.06828778237104416,pdb_00008zcj_E1_E2
9635,3,train,0.19165408611297607,pdb_00002dqf_E_D
9636,3,train,0.49568235874176025,pdb_00008jen_G_H
9637,3,train,0.9901363253593445,pdb_00009mkn_S_T
9638,3,train,0.027798665687441826,pdb_00008xos_E1_E2
9639,3,train,1.0071839094161987,pdb_00008k5g_H_L
9640,3,train,0.1869819313287735,pdb_00001nby_B_A
9641,3,train,0.017285967245697975,pdb_00008jbf_E1_E2
9642,3,train,0.014975789934396744,pdb_00006dzt_N1_N2
9643,3,train,0.017669925466179848,pdb_00007vv5_S1_S2
9644,3,train,0.015391004271805286,pdb_00008xxv_E1_E2
9645,3,train,0.010078814812004566,pdb_00008ghv_S1_S2
9646,3,train,1.4182511568069458,pdb_00009me6_J_N
9647,3,train,0.0646570548415184,pdb_00006adc_E_F
9648,3,train,1.0895698070526123,pdb_00006u9s_D_E
9649,3,train,0.7359896302223206,pdb_00008y3i_I_J
9650,3,train,0.01717493124306202,pdb_00009k3h_S1_S2
9651,3,train,0.02493630349636078,pdb_00007xav_E1_E2
9652,3,train,1.633737325668335,pdb_00007uij_A_B
9653,3,train,0.9518123865127563,pdb_00009mla_H_K
9654,3,train,1.0955145359039307,pdb_00004xzu_A_B
9655,3,train,0.05163073167204857,pdb_00008ubk_M2_M1
9656,3,train,0.19433875381946564,pdb_00002dqg_H_L
9657,3,train,0.22434663772583008,pdb_00006yz7_HHH_LLL
9658,3,train,0.45263171195983887,pdb_00009cpu_F_G
9659,3,train,1.0248841047286987,pdb_00007ec5_E_F
9660,3,train,0.6566724181175232,pdb_00007dpm_J_K
9661,3,train,0.0173605065792799,pdb_00003det_C_D
9662,3,train,0.7823957204818726,pdb_00008f0h_H_L
9663,3,train,0.011042037978768349,pdb_00008x2k_E1_E2
9664,3,train,0.46141642332077026,pdb_00007xik_H_L
9665,3,train,0.02801794558763504,pdb_00008ef5_E1_E2
9666,3,train,0.043397724628448486,pdb_00008wwj_E1_E2
9667,3,train,0.015683917328715324,pdb_00009uam_E1_E2
9668,3,train,0.8896868824958801,pdb_00009oao_H_L
9669,3,train,0.5028730034828186,pdb_00007xei_C_D
9670,3,train,0.021601121872663498,pdb_00007wic_S1_S2
9671,3,train,0.013995262794196606,pdb_00008jii_S1_S2
9672,3,train,0.772587239742279,pdb_00006wtv_B_C
9673,3,train,0.010392448864877224,pdb_00009kvg_E1_E2
9674,3,train,0.34598246216773987,pdb_00006txz_K_O
9675,3,train,0.4749857783317566,pdb_00008wpw_C_D
9676,3,train,0.8843900561332703,pdb_00009mtf_M_N
9677,3,train,0.023266436532139778,pdb_00009o36_E1_E2
9678,3,train,1.2642111778259277,pdb_00003qwo_A_B
9679,3,train,1.0385551452636719,pdb_00009y0e_A_B
9680,3,train,0.721799910068512,pdb_00005kov_C1_C2
9681,3,train,0.4683954417705536,pdb_00008jkf_h_l
9682,3,train,0.02385610342025757,pdb_00009buy_E1_E2
9683,3,train,0.16940532624721527,pdb_00006vmk_c_b
9684,3,train,1.0576132535934448,pdb_00007mdj_A_B
9685,3,train,0.015220196917653084,pdb_00008j19_S1_S2
9686,3,train,0.9460176229476929,pdb_00004hg4_Z_z
9687,3,train,1.0614874362945557,pdb_00008gpu_H_L
9688,3,train,0.01868654601275921,pdb_00007yfc_C1_C2
9689,3,train,0.5138422250747681,pdb_00007kmg_A_B
9690,3,train,0.015343420207500458,pdb_00007t8x_E1_E2
9691,3,train,0.7461174130439758,pdb_00008hrd_Y_Z
9692,3,train,0.01158547680824995,pdb_00007w57_E1_E2
9693,3,train,0.12635034322738647,pdb_00006x3u_K_L
9694,3,train,0.5014188885688782,pdb_00007mzh_H_L
9695,3,train,0.022838877514004707,pdb_00008jpn_S1_S2
9696,3,train,0.06552538275718689,pdb_00008jxx_E1_E2
9697,3,train,0.9244914054870605,pdb_00007uvs_A_B
9698,3,train,0.6238554120063782,pdb_00008ywx_E_D
9699,3,train,0.2573833763599396,pdb_00007k8m_A_B
9700,3,train,0.7433127760887146,pdb_00003qum_K_M
9701,3,train,0.01177810225635767,pdb_00009b65_S1_S2
9702,3,train,0.8850926160812378,pdb_00007pa7_eee2_eee1
9703,3,train,1.231393814086914,pdb_00007lg6_K_N
9704,3,train,0.4084606468677521,pdb_00008jel_A_B
9705,3,train,0.03843076154589653,pdb_00007k78_L1_L2
9706,3,train,0.03394823893904686,pdb_00006x3v_J_I
9707,3,train,0.011341509409248829,pdb_00008xqe_S1_S2
9708,3,train,0.074955515563488,pdb_00007e33_E1_E2
9709,3,train,0.1941317468881607,pdb_00006b3s_J_K
9710,3,train,0.05057807266712189,pdb_00008j23_F1_F2
9711,3,train,0.6932234168052673,pdb_00008y0y_D1_D4
9712,3,train,0.8176777958869934,pdb_00004am0_C_D
9713,3,train,0.4610553979873657,pdb_00008txu_F_K
9714,3,train,0.0411795899271965,pdb_00002hlf_C_D
9715,3,train,0.014571886509656906,pdb_00008yh0_S1_S2
9716,3,train,0.6181061863899231,pdb_00009ptm_I_M
9717,3,train,0.6101313233375549,pdb_00006ii4_E_F
9718,3,train,1.3736144304275513,pdb_00008hrd_L_M
9719,3,train,0.5882010459899902,pdb_00005wk3_S_R
9720,3,train,0.5766200423240662,pdb_00009huo_C_D
9721,3,train,0.03202034533023834,pdb_00003fb6_A_B
9722,3,train,0.19873793423175812,pdb_00006zh9_HHH_LLL
9723,3,train,0.9589349031448364,pdb_00006dfi_H_L
9724,3,train,0.6052257418632507,pdb_00009iz9_S_T
9725,3,train,0.5685608386993408,pdb_00007s7i_J_N
9726,3,train,0.013816091232001781,pdb_00008u9s_N2_N1
9727,3,train,0.9081529974937439,pdb_00008tbb_H_L
9728,3,train,0.5754354000091553,pdb_00007dpm_D_E
9729,3,train,0.5522610545158386,pdb_00004dn4_H_L
9730,3,train,0.03842116519808769,pdb_00007k78_K1_K2
9731,3,train,0.013569355010986328,pdb_00007yac_S1_S2
9732,3,train,0.639062762260437,pdb_00007cmk_H_L
9733,3,train,0.2993486523628235,pdb_00004tnw_X_i
9734,3,train,0.9248306751251221,pdb_00009dn2_J_N
9735,3,train,0.011052331887185574,pdb_00009ldw_S1_S2
9736,3,train,0.021828453987836838,pdb_00003stz_A_B
9737,3,train,0.009531076066195965,pdb_00009m8k_N1_N2
9738,3,train,0.9110279083251953,pdb_00009f90_A_B
9739,3,train,0.5574555993080139,pdb_00001bql_H_L
9740,3,train,0.02714497409760952,pdb_00002r9h_C_D
9741,3,train,0.5796589851379395,pdb_00006z3q_H_L
9742,3,train,0.5680848956108093,pdb_00009q7b_J_K
9743,3,train,0.170001819729805,pdb_00002dqf_B_A
9744,3,train,0.9573060870170593,pdb_00009b2m_J_K
9745,3,train,0.023123200982809067,pdb_00008ija_S1_S2
9746,3,train,0.8342157602310181,pdb_00006n5e_E_D
9747,3,train,0.0089380769059062,pdb_00002ht4_E_F
9748,3,train,0.8653951287269592,pdb_00008zd5_E_F
9749,3,train,0.7162181735038757,pdb_00009k6y_H_L
9750,3,train,0.008625722490251064,pdb_00002exy_C_D
9751,3,train,0.01475150603801012,pdb_00002htl_E_F
9752,3,train,1.1187260150909424,pdb_00006gv1_H_L
9753,3,train,0.016264529898762703,pdb_00008evg_N1_N2
9754,3,train,0.4266130030155182,pdb_00009me6_I_M
9755,3,train,0.010535569861531258,pdb_00008evi_N1_N2
9756,3,train,0.5281240940093994,pdb_00008dn6_E_F
9757,3,train,0.16680794954299927,pdb_00006w0a_A_B
9758,3,train,0.7756233811378479,pdb_00008dwy_V_U
9759,3,train,0.6029428243637085,pdb_00006ban_F_E
9760,3,train,0.6143422722816467,pdb_00004lf3_E_D
9761,3,train,0.010021758265793324,pdb_00006n4b_S1_S2
9762,3,train,0.926914632320404,pdb_00005umi_H_L
9763,3,train,0.6291888356208801,pdb_00007mzn_H_L
9764,3,train,0.019495436921715736,pdb_00008irs_E1_E2
9765,3,train,1.0135027170181274,pdb_00007m7w_H_L
9766,3,train,0.016488434746861458,pdb_00008xjl_E1_E2
9767,3,train,1.1167263984680176,pdb_00005lsp_H_L
9768,3,train,0.6508916020393372,pdb_00009ccs_C_B
9769,3,train,0.6417548656463623,pdb_00007sco_E_F
9770,3,train,0.07166358828544617,pdb_00007cvt_C_D
9771,3,train,0.00951644591987133,pdb_00007na7_N1_N2
9772,3,train,0.01927623525261879,pdb_00007u9f_E_F
9773,3,train,1.0051013231277466,pdb_00005vig_H_L
9774,3,train,0.12008748948574066,pdb_00006b3s_F_G
9775,3,train,0.01802339404821396,pdb_00008jjp_S1_S2
9776,3,train,0.015244751237332821,pdb_00007k5x_N2_N1
9777,3,train,0.6670577526092529,pdb_00003eo1_E_D
9778,3,train,0.9797125458717346,pdb_00008e8z_H_L
9779,3,train,0.008255359716713428,pdb_00008gut_S1_S2
9780,3,train,0.015091273933649063,pdb_00007vl9_S1_S2
9781,3,train,0.017170580103993416,pdb_00003det_E_F
9782,3,train,0.6410354375839233,pdb_00009lho_O_N
9783,3,train,0.6763949990272522,pdb_00004gxu_M_N
9784,3,train,0.011193495243787766,pdb_00009kfk_S1_S2
9785,3,train,0.8578911423683167,pdb_00007wur_E_F
9786,3,train,0.10596948862075806,pdb_00007mhr_A_B
9787,3,train,0.012272010557353497,pdb_00007vgy_E1_E2
9788,3,train,0.5903515219688416,pdb_00009ima_C_D
9789,3,train,0.477993905544281,pdb_00001kip_B_A
9790,3,train,0.6628211736679077,pdb_00008wpy_H_L
9791,3,train,1.3081525564193726,pdb_00004ubd_Y_X
9792,3,train,1.2133969068527222,pdb_00008tpa_H_L
9793,3,train,0.029666215181350708,pdb_00009jed_S1_S2
9794,3,train,0.14341938495635986,pdb_00006vmk_Z_Y
9795,3,train,0.05056912451982498,pdb_00003gb7_A_B
9796,3,train,0.03988456726074219,pdb_00008wpu_E1_E2
9797,3,train,0.9910274147987366,pdb_00006jod_H_L
9798,3,train,0.0063248006626963615,pdb_00007rgp_E1_E2
9799,3,train,0.011486594565212727,pdb_00006kpf_S1_S2
9800,3,train,0.8798612356185913,pdb_00009od3_H_L
9801,3,train,0.8919575214385986,pdb_00007t3d_O_Q
9802,3,train,0.10660886019468307,pdb_00006k5i_C_D
9803,3,train,0.11175739765167236,pdb_00003ri5_J_M
9804,3,train,0.009752997197210789,pdb_00007y66_S1_S2
9805,3,train,0.007208067923784256,pdb_00008hnm_S1_S2
9806,3,train,0.444767028093338,pdb_00009l6c_H_L
9807,3,train,0.6480571627616882,pdb_00006iap_H_L
9808,3,train,0.6475502252578735,pdb_00002x7l_E_F
9809,3,train,0.009373319335281849,pdb_00003t3p_E_F
9810,3,train,0.07976897060871124,pdb_00003f5w_A_B
9811,3,train,0.044905271381139755,pdb_00008id9_S1_S2
9812,3,train,0.5418182015419006,pdb_00003nh7_H_L
9813,3,train,0.039169177412986755,pdb_00009kz2_H1_H2
9814,3,train,0.0432497002184391,pdb_00009j0i_S1_S2
9815,3,train,0.8257924914360046,pdb_00006ss4_HHH_LLL
9816,3,train,0.7433196902275085,pdb_00003qwo_H_L
9817,3,train,0.08294789493083954,pdb_00006w0g_A_B
9818,3,train,0.6563153862953186,pdb_00007x6o_C_D
9819,3,train,0.8924997448921204,pdb_00003fmg_H_L
9820,3,train,1.0253769159317017,pdb_00009cq8_C_E
9821,3,train,1.2293450832366943,pdb_00009vca_H_L
9822,3,train,0.012222224846482277,pdb_00008ykd_S1_S2
9823,3,train,1.3824692964553833,pdb_00007rco_F_E
9824,3,train,0.5679384469985962,pdb_00008xsj_H_L
9825,3,train,1.8163409233093262,pdb_00009n5i_H_L
9826,3,train,0.7806882858276367,pdb_00007ttx_H_L
9827,3,train,0.312703400850296,pdb_00005aaw_H1_H2
9828,3,train,0.7438839077949524,pdb_00003vrl_H_L
9829,3,train,0.9931120872497559,pdb_00007t01_H_L
9830,3,train,0.7337599992752075,pdb_00001e6j_H_L
9831,3,train,0.5190073847770691,pdb_00004m62_H_L
9832,3,train,0.511380136013031,pdb_00007whz_H_L
9833,3,train,0.7091898322105408,pdb_00006p4b_B_A
9834,3,train,0.011466043069958687,pdb_00008yrg_E1_E2
9835,3,train,0.9141049385070801,pdb_00008eed_E_F
9836,3,train,0.011790042743086815,pdb_00009d0a_E1_E2
9837,3,train,0.023913973942399025,pdb_00008e9y_E1_E2
9838,3,train,0.7815016508102417,pdb_00007l7e_M_N
9839,3,train,0.699458122253418,pdb_00008znz_I_J
9840,3,train,0.8538885116577148,pdb_00008cxg_h_l
9841,3,train,0.011440757662057877,pdb_00007ydh_E1_E2
9842,3,train,0.6960367560386658,pdb_00001fj1_B_A
9843,3,train,0.1216183677315712,pdb_00009oun_H_L
9844,3,train,0.018103385344147682,pdb_00009k27_D1_D2
9845,3,train,0.5219813585281372,pdb_00003fku_Z1_Z2
9846,3,train,0.011581924743950367,pdb_00009izh_S1_S2
9847,3,train,0.025405991822481155,pdb_00008thl_F1_F2
9848,3,train,0.6022292971611023,pdb_00007e3o_H_L
9849,3,train,0.02118256874382496,pdb_00008yn6_E1_E2
9850,3,train,0.012887912802398205,pdb_00007rbt_E1_E2
9851,3,train,0.7431021928787231,pdb_00008sit_M_N
9852,3,train,0.024328920990228653,pdb_00001r3k_B_A
9853,3,train,0.5199819207191467,pdb_00005wk3_W_V
9854,3,train,0.5091033577919006,pdb_00009jy2_B_A
9855,3,train,0.020929696038365364,pdb_00009u4w_S1_S2
9856,3,train,0.5299039483070374,pdb_00009lho_I_H
9857,3,train,0.7954117655754089,pdb_00009shd_H_L
9858,3,train,0.7506165504455566,pdb_00008hn7_B_A
9859,3,train,0.7205051183700562,pdb_00009b82_I_G
9860,3,train,0.7465276718139648,pdb_00001tqc_B_C
9861,3,train,0.08957096934318542,pdb_00006vmk_S_R
9862,3,train,0.014715156517922878,pdb_00008hqm_H1_H2
9863,3,train,0.01838301494717598,pdb_00009ydv_E1_E2
9864,3,train,0.020146312192082405,pdb_00007e9g_D1_D2
9865,3,train,0.48836973309516907,pdb_00005oca_H_L
9866,3,train,0.24969083070755005,pdb_00009nz4_D_C
9867,3,train,0.7903894186019897,pdb_00003v4p_M_N
9868,3,train,0.6421488523483276,pdb_00007lq7_C_D
9869,3,train,0.7880978584289551,pdb_00007vyr_A_B
9870,3,train,0.009643757715821266,pdb_00009jeq_S1_S2
9871,3,train,0.18787553906440735,pdb_00009ge3_F1_F2
9872,3,train,0.4569700062274933,pdb_00007m71_H_L
9873,3,train,0.43156054615974426,pdb_00002x7l_A_B
9874,3,train,0.47876110672950745,pdb_00005yoy_I_F
9875,3,train,0.014707697555422783,pdb_00009lr2_S1_S2
9876,3,train,1.493306279182434,pdb_00008v2e_D_E
9877,3,train,0.5200055837631226,pdb_00007dpm_G_H
9878,3,train,0.031227096915245056,pdb_00006vmk_l_k
9879,3,train,0.9461485743522644,pdb_00009n4e_K_M
9880,3,train,0.7319288849830627,pdb_00008jqs_h_l
9881,3,train,1.148128628730774,pdb_00007s11_I_M
9882,3,train,0.08730556815862656,pdb_00004fg6_E_F
9883,3,train,0.7865939140319824,pdb_00007ycl_A_B
9884,3,train,0.4581875205039978,pdb_00009lrf_H_L
9885,3,train,0.2610223591327667,pdb_00009ctu_F_E
9886,3,train,1.2475254535675049,pdb_00009e3h_J_K
9887,3,train,0.4119856059551239,pdb_00008bcz_C_D
9888,3,train,0.4546956717967987,pdb_00001z3g_H_L
9889,3,train,0.07769513130187988,pdb_00008j6l_H1_H2
9890,3,train,0.014418368227779865,pdb_00002boc_A_B
9891,3,train,0.290223628282547,pdb_00008i5h_B_C
9892,3,train,0.9940414428710938,pdb_00008v52_D_C
9893,3,train,0.681846559047699,pdb_00008cma_H_L
9894,3,train,1.129459023475647,pdb_00007unb_H_L
9895,3,train,1.0294384956359863,pdb_00007kqh_C_D
9896,3,train,0.34938833117485046,pdb_00001z3g_I_M
9897,3,train,0.012282604351639748,pdb_00004z7n_E_F
9898,3,train,0.7411510944366455,pdb_00007f3q_C_B
9899,3,train,0.35972586274147034,pdb_00007x1m_C_D
9900,3,train,0.01693415828049183,pdb_00008spu_N1_N2
9901,3,train,1.0026147365570068,pdb_00009cfh_H_L
9902,3,train,0.02148500457406044,pdb_00008evi_M1_M2
9903,3,train,0.024395443499088287,pdb_00008ubi_N2_N1
9904,3,train,0.5079222321510315,pdb_00008hpf_M_N
9905,3,train,0.5966128706932068,pdb_00008cz8_C2_C1
9906,3,train,0.746066689491272,pdb_00002vis_B_A
9907,3,train,0.6587549448013306,pdb_00008zh7_B_C
9908,3,train,0.06945627927780151,pdb_00007ejx_S1_S2
9909,3,train,0.5805180072784424,pdb_00001tzi_B_A
9910,3,train,0.038285721093416214,pdb_00009k26_S1_S2
9911,3,train,0.4074845314025879,pdb_00008smt_A_B
9912,3,train,0.038408514112234116,pdb_00008xgm_S1_S2
9913,3,train,0.010417785495519638,pdb_00008xml_S1_S2
9914,3,train,0.04938004910945892,pdb_00006w0h_A_B
9915,3,train,0.039517246186733246,pdb_00001ots_C_D
9916,3,train,0.014525879174470901,pdb_00008ykx_E1_E2
9917,3,train,0.043205175548791885,pdb_00009jky_S1_S2
9918,3,train,0.6478022336959839,pdb_00008hrd_D_F
9919,3,train,0.7753738164901733,pdb_00007rxl_H_L
9920,3,train,0.013835015706717968,pdb_00008tb0_F1_F2
9921,3,train,0.008795896545052528,pdb_00007uh8_E_F
9922,3,train,0.5895854830741882,pdb_00009fys_I_M
9923,3,train,0.5311936140060425,pdb_00007xj9_I_H
9924,3,train,0.9370152354240417,pdb_00009c0v_H_L
9925,3,train,0.13186830282211304,pdb_00008vgk_K_L
9926,3,train,0.8018703460693359,pdb_00005h35_F_G
9927,3,train,0.9283994436264038,pdb_00006fax_H_L
9928,3,train,0.4372462332248688,pdb_00002x7l_H_L
9929,3,train,0.8636786341667175,pdb_00009h6u_H_L
9930,3,train,0.8716585636138916,pdb_00008gpu_C_D
9931,3,train,0.020524587482213974,pdb_00007vuy_S1_S2
9932,3,train,0.020412204787135124,pdb_00008k4n_E1_E2
9933,3,train,0.34717658162117004,pdb_00007zmk_J_K
9934,3,train,0.7445368766784668,pdb_00007ua2_B1_B2
9935,3,train,0.04507755488157272,pdb_00001k4d_A_B
9936,3,train,0.4738885462284088,pdb_00004ma8_H_L
9937,3,train,0.016716083511710167,pdb_00008iu2_S1_S2
9938,3,train,0.018253207206726074,pdb_00008yn5_E1_E2
9939,3,train,0.017309628427028656,pdb_00009cm3_N1_N2
9940,3,train,0.484258770942688,pdb_00003v4v_M_N
9941,3,train,0.017131980508565903,pdb_00008fx5_H1_H2
9942,3,train,0.5761743187904358,pdb_00009cff_H_L
9943,3,train,0.01077983621507883,pdb_00008yh2_S1_S2
9944,3,train,0.8969945311546326,pdb_00008dis_A_C
9945,3,train,0.013933475129306316,pdb_00008xbe_S1_S2
9946,3,train,1.0888614654541016,pdb_00006s3d_E_F
9947,3,train,0.7929114103317261,pdb_00009n4e_O_R
9948,3,train,0.6981930732727051,pdb_00006vgr_C_D
9949,3,train,0.835006594657898,pdb_00007rxj_A_B
9950,3,train,0.5623506903648376,pdb_00002wuc_H_L
9951,3,train,0.36359766125679016,pdb_00001kir_B_A
9952,3,train,0.4416745901107788,pdb_00007m6d_A_B
9953,3,train,0.016084041446447372,pdb_00008jxv_E1_E2
9954,3,train,0.31390032172203064,pdb_00004tnw_W_f
9955,3,train,0.8025833368301392,pdb_00008u4s_F_E
9956,3,train,0.8010652661323547,pdb_00009mkn_J_N
9957,3,train,0.06218170374631882,pdb_00008wwi_E1_E2
9958,3,train,0.5624732971191406,pdb_00008oz3_A_B
9959,3,train,0.6821850538253784,pdb_00007y6k_J_E3
9960,3,train,0.5579537153244019,pdb_00009n7q_E_G
9961,3,train,0.2085384577512741,pdb_00006zlr_HHH_LLL
9962,3,train,0.9998881220817566,pdb_00006wty_H_I
9963,3,train,0.584326982498169,pdb_00007jum_I1_I2
9964,3,train,0.5550300478935242,pdb_00007wqv_F1_F2
9965,3,train,0.02665887586772442,pdb_00004fg6_C_D
9966,3,train,1.0285245180130005,pdb_00006jep_K_I
9967,3,train,0.3953079581260681,pdb_00007pry_A_B
9968,3,train,0.006154581438750029,pdb_00007ew2_S1_S2
9969,3,train,0.008289280347526073,pdb_00009jh6_S1_S2
9970,3,train,0.026606975123286247,pdb_00008hpt_H1_H2
9971,3,train,0.008907998912036419,pdb_00008evh_M1_M2
9972,3,train,0.029512468725442886,pdb_00008yuu_S1_S2
9973,3,train,0.6338222622871399,pdb_00007m3i_H_L
9974,3,train,0.6718732118606567,pdb_00005ugy_J_N
9975,3,train,0.6199395060539246,pdb_00009iz9_Q_R
9976,3,train,0.6178324222564697,pdb_00007sd5_H_L
9977,3,train,0.8405733108520508,pdb_00007scn_J_K
9978,3,train,0.038897112011909485,pdb_00007vla_S1_S2
9979,3,train,0.02133731171488762,pdb_00009f33_E1_E2
9980,3,train,0.48797595500946045,pdb_00009lrh_H_L
9981,3,train,0.9371616244316101,pdb_00004lmq_E_I
9982,3,train,0.3635685443878174,pdb_00003v4p_H_L
9983,3,train,0.4978640377521515,pdb_00005xku_C_B
9984,3,train,0.8851351737976074,pdb_00006a4k_H_L
9985,3,train,0.5226640701293945,pdb_00004odx_A_L
9986,3,train,1.021229863166809,pdb_00008xe9_A_B
9987,3,train,0.5760564804077148,pdb_00009m0d_D_Q
9988,3,train,1.0414117574691772,pdb_00009lae_H_L
9989,3,train,0.014188410714268684,pdb_00007xmt_S1_S2
9990,3,train,0.7623383402824402,pdb_00007k9i_H_L
9991,3,train,0.6297504305839539,pdb_00006wzm_A_B
9992,3,train,0.023216836154460907,pdb_00009jmc_E1_E2
9993,3,train,0.019501395523548126,pdb_00009p0l_F1_F2
9994,3,train,0.6807574033737183,pdb_00009lae_A_B
9995,3,train,0.5061569809913635,pdb_00008eqf_H_L
9996,3,train,0.46982571482658386,pdb_00007xeg_C_D
9997,3,train,0.43798545002937317,pdb_00009jy1_R_Q
9998,3,train,1.3199106454849243,pdb_00005gs0_D_C
9999,3,train,0.19421571493148804,pdb_00002dqd_H_L
10000,3,train,0.8409909009933472,pdb_00007qnx_A_B
10001,3,train,0.8916186094284058,pdb_00006hxw_C_D
10002,3,train,0.017590099945664406,pdb_00007xbd_E1_E2
10003,3,train,0.46769973635673523,pdb_00008hq7_M_N
10004,3,train,0.01596740633249283,pdb_00007x2v_E1_E2
10005,3,train,1.1171250343322754,pdb_00007si0_C_D
10006,3,train,0.01547478511929512,pdb_00008zbi_F1_F2
10007,3,train,0.35073646903038025,pdb_00004ioi_B_A
10008,3,train,0.7312850952148438,pdb_00009hhr_L_H
10009,3,train,0.6651274561882019,pdb_00006dkj_H_L
10010,3,train,0.018473850563168526,pdb_00009jks_S1_S2
10011,3,train,0.01389041356742382,pdb_00008yna_E1_E2
10012,3,train,0.9047411680221558,pdb_00007yrh_F_E
10013,3,train,0.011597875505685806,pdb_00008utd_D1_D2
10014,3,train,0.8420186042785645,pdb_00006uig_H_L
10015,3,train,1.3615689277648926,pdb_00007rxp_H_L
10016,3,train,0.7005296945571899,pdb_00008v5v_c_e
10017,3,train,0.6532256603240967,pdb_00005h35_H_I
10018,3,train,0.5222027897834778,pdb_00004ttd_H_L
10019,3,train,0.879971444606781,pdb_00009c6y_C_D
10020,3,train,1.19290292263031,pdb_00008tp5_E_F
10021,3,train,0.7932307124137878,pdb_00007bsc_H_L
10022,3,train,1.059378743171692,pdb_00008hrd_W_X
10023,3,train,0.7511737942695618,pdb_00009f91_E_F
10024,3,train,0.024525919929146767,pdb_00009v6o_S1_S2
10025,3,train,0.4748697876930237,pdb_00006kyz_E_F
10026,3,train,0.022090766578912735,pdb_00007udh_E_F
10027,3,train,0.04443516954779625,pdb_00006vmk_i_h
10028,3,train,0.1873278170824051,pdb_00007vgs_F_E
10029,3,train,0.7250213027000427,pdb_00008gpy_E1_E2
10030,3,train,1.0229421854019165,pdb_00004u6h_A_B
10031,3,train,0.3358258903026581,pdb_00009cpw_C_D
10032,3,train,0.12926886975765228,pdb_00004hjg_B_A
10033,3,train,0.34812673926353455,pdb_00007o7f_H_F
10034,3,train,1.4319792985916138,pdb_00006mtq_H_L
10035,3,train,0.1080450788140297,pdb_00009ov4_J_K
10036,3,train,0.7341034412384033,pdb_00007bbj_M_N
10037,3,train,0.7197961211204529,pdb_00008y3i_G_H
10038,3,train,0.11637818813323975,pdb_00004tnw_J_M
10039,3,train,0.0797496885061264,pdb_00009pq0_E1_E2
10040,3,train,0.8394010663032532,pdb_00009mtj_I_J
10041,3,train,0.5425087213516235,pdb_00004odx_H_B
10042,3,train,0.6338968276977539,pdb_00007wk0_D_E
10043,3,train,0.22960932552814484,pdb_00002qr0_B_A
10044,3,train,0.06060803309082985,pdb_00006x3s_K_L
10045,3,train,0.7202407717704773,pdb_00009kze_H_L
10046,3,train,0.010374915786087513,pdb_00007vv3_S1_S2
10047,3,train,1.2233803272247314,pdb_00009bhh_T_S
10048,3,train,0.5290173888206482,pdb_00007sk7_D_C
10049,3,train,0.38368430733680725,pdb_00008as0_T_S
10050,3,train,0.012832804583013058,pdb_00006wwz_S1_S2
10051,3,train,0.7359882593154907,pdb_00002vwe_E_C
10052,3,train,0.5728638172149658,pdb_00008cn9_L_K
10053,3,train,0.5505444407463074,pdb_00007bpk_C_D
10054,3,train,1.2228260040283203,pdb_00009e3l_I_J
10055,3,train,0.3017309904098511,pdb_00008cwv_H_L
10056,3,train,0.9145481586456299,pdb_00007c88_A_B
10057,3,train,0.013644824735820293,pdb_00001otu_E_F
10058,3,train,0.3092537820339203,pdb_00001ic7_H_L
10059,3,train,0.8436599373817444,pdb_00006woz_E_F
10060,3,train,0.23192748427391052,pdb_00009ouq_H_L
10061,3,train,0.01342195924371481,pdb_00007eo2_E1_E2
10062,3,train,0.4839527904987335,pdb_00009n7q_D_F
10063,3,train,1.3950295448303223,pdb_00009ivj_H_L
10064,3,train,0.013687388971447945,pdb_00007y15_S1_S2
10065,3,train,0.20975752174854279,pdb_00003rhw_I_O
10066,3,train,1.8886260986328125,pdb_00004xzu_E_F
10067,3,train,0.5857130289077759,pdb_00003dvg_B_A
10068,3,train,0.9084742665290833,pdb_00008uzp_A_B
10069,3,train,0.9392135739326477,pdb_00007kq7_H_L
10070,3,train,0.018364066258072853,pdb_00008i9l_H1_H2
10071,3,train,0.8231557607650757,pdb_00006ww5_C_D
10072,3,train,0.06958537548780441,pdb_00009kt7_E1_E2
10073,3,train,0.020407937467098236,pdb_00008syp_N1_N2
10074,3,train,0.012931087985634804,pdb_00009kpf_S1_S2
10075,3,train,0.6506876945495605,pdb_00001ors_B_A
10076,3,train,0.010343700647354126,pdb_00007eb2_N1_N2
10077,3,train,0.6213639974594116,pdb_00004yk4_C_B
10078,3,train,0.0203473512083292,pdb_00008sai_S1_S2
10079,3,train,0.008584635332226753,pdb_00009le0_S1_S2
10080,3,train,0.46125009655952454,pdb_00008xse_M_N
10081,3,train,0.00528320949524641,pdb_00007y12_S1_S2
10082,3,train,0.03000866062939167,pdb_00009jfy_S1_S2
10083,3,train,0.10052565485239029,pdb_00003t3m_E_F
10084,3,train,0.016038469970226288,pdb_00009l79_S1_S2
10085,3,train,0.01807446964085102,pdb_00006os9_D1_D2
10086,3,train,0.01162782870233059,pdb_00008xor_E1_E2
10087,3,train,0.02180701680481434,pdb_00002ht2_C_D
10088,3,train,0.95827716588974,pdb_00009n5z_A_B
10089,3,train,0.7165652513504028,pdb_00006vja_H_L
10090,3,train,0.03715503215789795,pdb_00008g05_E1_E2
10091,3,train,0.11051884293556213,pdb_00006adb_C_D
10092,3,train,0.04276484251022339,pdb_00009v2n_S1_S2
10093,3,train,0.0460628941655159,pdb_00007srr_E1_E2
10094,3,train,0.8320832252502441,pdb_00008ee8_H_L
10095,3,train,0.9106859564781189,pdb_00001kb5_H_L
10096,3,train,0.09196886420249939,pdb_00006b9z_B_A
10097,3,train,0.022145405411720276,pdb_00008xjo_E1_E2
10098,3,train,0.009445673786103725,pdb_00007f4h_S1_S2
10099,3,train,0.11117582768201828,pdb_00008ihf_S1_S2
10100,3,train,0.06972882151603699,pdb_00008iys_E1_E2
10101,3,train,0.02774031087756157,pdb_00008ubj_N2_N1
10102,3,train,0.04451717436313629,pdb_00007y1f_E1_E2
10103,3,train,0.8610206246376038,pdb_00006wm9_B_C
10104,3,train,0.6597161293029785,pdb_00008ee8_D_C
10105,3,train,0.02156098559498787,pdb_00009vje_E1_E2
10106,3,train,0.8365243077278137,pdb_00003klh_D_C
10107,3,train,0.046755556017160416,pdb_00008ijd_S1_S2
10108,3,train,0.015099897049367428,pdb_00007vl8_S1_S2
10109,3,train,0.1286032348871231,pdb_00008uh3_E1_E2
10110,3,train,0.916779637336731,pdb_00009mkn_Q_R
10111,3,train,0.695919930934906,pdb_00006n5e_H_I
10112,3,train,0.8224886059761047,pdb_00008tbq_A_B
10113,3,train,1.2399301528930664,pdb_00009kvk_A_B
10114,3,train,0.7924220561981201,pdb_00009mif_H_L
10115,3,train,0.9266482591629028,pdb_00005mo9_H_L
10116,3,train,0.043968912214040756,pdb_00009m55_S1_S2
10117,3,train,0.04923316836357117,pdb_00009axf_H1_H2
10118,3,train,1.0648560523986816,pdb_00005gs0_F_E
10119,3,train,0.04926062375307083,pdb_00009xhi_D1_D2
10120,3,train,0.04251379892230034,pdb_00008efo_E1_E2
10121,3,train,0.6971347332000732,pdb_00008tx3_E_J
10122,3,train,0.7652530670166016,pdb_00009npg_K_J
10123,3,train,1.1814112663269043,pdb_00008e8y_H_L
10124,3,train,0.15176524221897125,pdb_00004tnw_V_Z
10125,3,train,0.023251377046108246,pdb_00008ubl_N2_N1
10126,3,train,0.7967872619628906,pdb_00009f91_A_B
10127,3,train,0.5598471760749817,pdb_00007srs_H_L
10128,3,train,0.6126160025596619,pdb_00009mqa_I_M
10129,3,train,0.027339715510606766,pdb_00008wwh_E1_E2
10130,3,train,1.2746405601501465,pdb_00008tea_H_G
10131,3,train,0.9169536828994751,pdb_00009riq_H_L
10132,3,train,0.09978830814361572,pdb_00009zq9_I2_I1
10133,3,train,0.7244415879249573,pdb_00007pry_H_L
10134,3,train,0.015248686075210571,pdb_00009pxv_E1_E2
10135,3,train,1.0355055332183838,pdb_00008dcm_A_B
10136,3,train,0.7731927633285522,pdb_00007x3c_F_E
10137,3,train,0.8658654093742371,pdb_00003o2d_H_L
10138,3,train,0.8746265172958374,pdb_00008yub_D_E
10139,3,train,0.04117334634065628,pdb_00006vmk_E_D
10140,3,train,0.5114700794219971,pdb_00007klh_H_L
10141,3,train,0.6338061690330505,pdb_00007d6i_B_C
10142,3,train,0.028485452756285667,pdb_00009xhh_D1_D2
10143,3,train,1.3663058280944824,pdb_00007n4j_H_L
10144,3,train,0.6779701113700867,pdb_00007wur_G_H
10145,3,train,0.021806037053465843,pdb_00007db6_E1_E2
10146,3,train,0.022277357056736946,pdb_00009cgk_E1_E2
10147,3,train,0.033075544983148575,pdb_00007w6p_H1_H2
10148,3,train,1.0167919397354126,pdb_00002w9e_H_L
10149,3,train,0.03144069015979767,pdb_00006xbm_S1_S2
10150,3,train,0.015138772316277027,pdb_00009u4y_S1_S2
10151,3,train,0.01720956154167652,pdb_00003nif_E_F
10152,3,train,0.4745449423789978,pdb_00003v4v_H_L
10153,3,train,0.4630284309387207,pdb_00004tsc_H_L
10154,3,train,0.01660413108766079,pdb_00008jlj_S1_S2
10155,3,train,1.0590641498565674,pdb_00008ywe_C2_C1
10156,3,train,1.1137058734893799,pdb_00008cz5_H_L
10157,3,train,0.816529393196106,pdb_00001orq_B_A
10158,3,train,0.46854421496391296,pdb_00003dvn_B_A
10159,3,train,0.8522114157676697,pdb_00006mlm_K_L
10160,3,train,0.7112447619438171,pdb_00006cyf_F_E
10161,3,train,0.036011189222335815,pdb_00008iz4_E1_E2
10162,3,train,0.6915237903594971,pdb_00004hg4_T_U
10163,3,train,0.1031048372387886,pdb_00002exw_C_D
10164,3,train,0.4222525358200073,pdb_00008j8r_D_E
10165,3,train,1.4091519117355347,pdb_00008z6t_B_C
10166,3,train,0.030477577820420265,pdb_00001ots_E_F
10167,3,train,0.009718742221593857,pdb_00009bqj_E1_E2
10168,3,train,0.34973737597465515,pdb_00006vvu_E_F
10169,3,train,1.0257707834243774,pdb_00004d9r_H_L
10170,3,train,0.9502334594726562,pdb_00004al8_H_L
10171,3,train,0.753896951675415,pdb_00009b82_R_Q
10172,3,train,0.912434995174408,pdb_00009os5_H_K
10173,3,train,0.8115257620811462,pdb_00007pa7_nnn2_nnn1
10174,3,train,0.5011630058288574,pdb_00009n7q_H_L
10175,3,train,0.13456833362579346,pdb_00005u5f_B_A
10176,3,train,0.8810082077980042,pdb_00008gpu_F_G
10177,3,train,0.7426427006721497,pdb_00001fsk_L_K
10178,3,train,0.6071816682815552,pdb_00004dkf_I_M
10179,3,train,0.7488269209861755,pdb_00008vgp_H_L
10180,3,train,0.014009607024490833,pdb_00009k3l_S1_S2
10181,3,train,0.4587641656398773,pdb_00004ttd_C_D
10182,3,train,0.11130569875240326,pdb_00008vgh_J_I
10183,3,train,0.8615272641181946,pdb_00008siq_H_L
10184,3,train,0.40073567628860474,pdb_00007dfa_H_L
10185,3,train,0.28912925720214844,pdb_00007wnb_H_L
10186,3,train,0.36454856395721436,pdb_00008i0n_H_L
10187,3,train,0.03384639695286751,pdb_00007p00_H1_H2
10188,3,train,1.4114117622375488,pdb_00007ey5_B_C
10189,3,train,0.03868677467107773,pdb_00008hbd_H1_H2
10190,3,train,0.02984565682709217,pdb_00002fed_E_F
10191,3,train,0.42493918538093567,pdb_00005aaw_D1_D2
10192,3,train,0.4428926706314087,pdb_00007kf0_H_L
10193,3,train,0.9240557551383972,pdb_00009mtj_H_L
10194,3,train,0.49587222933769226,pdb_00007k9z_H_L
10195,3,train,0.4969986379146576,pdb_00009me7_I_M
10196,3,train,0.011280059814453125,pdb_00007xa3_E1_E2
10197,3,train,0.4897322356700897,pdb_00008jel_C_D
10198,3,train,0.011857790872454643,pdb_00009jr2_S1_S2
10199,3,train,0.012241503223776817,pdb_00008vvf_E1_E2
10200,3,train,0.048722755163908005,pdb_00003f7v_A_B
10201,3,train,0.8122109770774841,pdb_00008jqm_M_N
10202,3,train,0.9349424839019775,pdb_00007mmo_A_B
10203,3,train,0.8618406653404236,pdb_00007t3d_H_L
10204,3,train,0.5001395344734192,pdb_00009k6j_A_B
10205,3,train,0.40481287240982056,pdb_00008f2j_A_B
10206,3,train,0.7439036965370178,pdb_00007fcp_B_D
10207,3,train,0.760968804359436,pdb_00002bdn_H_L
10208,3,train,0.43321824073791504,pdb_00007kfw_F_G
10209,3,train,0.008961916901171207,pdb_00002htl_C_D
10210,3,train,0.7917895913124084,pdb_00008z6x_B_C
10211,3,train,0.9581943154335022,pdb_00008vk1_C_B
10212,3,train,0.622366189956665,pdb_00007wrv_U_V
10213,3,train,1.327517032623291,pdb_00006xm2_D_C
10214,3,train,0.6515478491783142,pdb_00009ue0_A_B
10215,3,train,0.009004873223602772,pdb_00008dwc_E1_E2
10216,3,train,0.4962661862373352,pdb_00009clp_H_L
10217,3,train,0.871292233467102,pdb_00006ywc_A_B
10218,3,train,0.3196035921573639,pdb_00001g7m_B_A
10219,3,train,0.9788951873779297,pdb_00008w86_E_F
10220,3,train,0.6313555240631104,pdb_00008y3h_G_H
10221,3,train,0.6252102255821228,pdb_00004n90_F_G
10222,3,train,0.5384442210197449,pdb_00007rks_H_L
10223,3,train,0.4987852871417999,pdb_00007eam_C_D
10224,3,train,0.0285599697381258,pdb_00007sr8_E1_E2
10225,3,train,0.018038125708699226,pdb_00008vvg_E1_E2
10226,3,train,0.014353891834616661,pdb_00008jxt_E1_E2
10227,3,train,0.48277080059051514,pdb_00006j6y_E_F
10228,3,train,0.7013884782791138,pdb_00007pa7_ddd2_ddd1
10229,3,train,1.494394063949585,pdb_00009leo_A_B
10230,3,train,0.3370724022388458,pdb_00006vmk_V_U
10231,3,train,0.8656240701675415,pdb_00002ybr_D_E
10232,3,train,0.4452475905418396,pdb_00007qnx_H_L
10233,3,train,0.4233444929122925,pdb_00005yoy_P_M
10234,3,train,0.3537241220474243,pdb_00007lop_B_C
10235,3,train,0.3657905161380768,pdb_00008as0_N_M
10236,3,train,0.897241473197937,pdb_00007uvi_D_E
10237,3,train,0.30668407678604126,pdb_00008wnp_D_C
10238,3,train,1.021131157875061,pdb_00004khx_H_L
10239,3,train,0.795154333114624,pdb_00001nsn_H_L
10240,3,train,0.022738968953490257,pdb_00008yn2_E1_E2
10241,3,train,0.021727753803133965,pdb_00004z7o_E_F
10242,3,train,0.8653502464294434,pdb_00009b2m_H_L
10243,3,train,1.2140684127807617,pdb_00004kuc_F_E
10244,3,train,0.034689318388700485,pdb_00002htk_E_F
10245,3,train,0.36050188541412354,pdb_00005ggv_H_L
10246,3,train,0.5140218138694763,pdb_00005dhy_A_B
10247,3,train,0.6193562150001526,pdb_00001mlc_B_A
10248,3,train,0.012487413361668587,pdb_00007f4f_S1_S2
10249,3,train,1.0104864835739136,pdb_00008zyf_H_D
10250,3,train,0.5446247458457947,pdb_00002fjh_B_A
10251,3,train,0.6277989149093628,pdb_00007lq7_H_L
10252,3,train,0.7539783120155334,pdb_00008sdh_H_L
10253,3,train,0.008886202238500118,pdb_00009uan_E1_E2
10254,3,train,0.028949609026312828,pdb_00009kug_H1_H2
10255,3,train,0.018653808161616325,pdb_00007ew1_E1_E2
10256,3,train,1.1278144121170044,pdb_00009kyz_A_B
10257,3,train,0.6136619448661804,pdb_00002dd8_H_L
10258,3,train,0.8316511511802673,pdb_00007mem_I_K
10259,3,train,1.021497130393982,pdb_00009mtm_I_J
10260,3,train,0.7113897800445557,pdb_00008g5a_I_M
10261,3,train,1.4762260913848877,pdb_00001g9n_H_L
10262,3,train,1.1540664434432983,pdb_00005hbv_D_C
10263,3,train,0.15610550343990326,pdb_00008sid_K_L
10264,3,train,0.021745141595602036,pdb_00008xgo_D1_D2
10265,3,train,0.09313002228736877,pdb_00008ubj_M2_M1
10266,3,train,1.287419080734253,pdb_00004ubd_O_P
10267,3,train,0.3545377552509308,pdb_00008wo4_B_A
10268,3,train,0.7044658064842224,pdb_00008go8_H_L
10269,3,train,0.7273142337799072,pdb_00009axl_H_L
10270,3,train,0.021129468455910683,pdb_00008iyw_H1_H2
10271,3,train,0.08580896258354187,pdb_00006vmk_u_t
10272,3,train,0.017044078558683395,pdb_00007udg_E_F
10273,3,train,0.8102577924728394,pdb_00007yrf_F_E
10274,3,train,0.6681694984436035,pdb_00009ue8_I_J
10275,3,train,0.0157130416482687,pdb_00009yda_H1_H2
10276,3,train,0.6536094546318054,pdb_00004qci_B_A
10277,3,train,0.32768455147743225,pdb_00006xe1_H_L
10278,3,train,0.6352109909057617,pdb_00004hg4_X_Y
10279,3,train,0.0814519077539444,pdb_00002dqi_H_L
10280,3,train,0.5465593934059143,pdb_00007lop_H_L
10281,3,train,0.7342996597290039,pdb_00008vgm_H_L
10282,3,train,0.5142749547958374,pdb_00008i5l_D1_D2
10283,3,train,0.877906084060669,pdb_00001bvk_B_A
10284,3,train,0.032470449805259705,pdb_00008iru_E1_E2
10285,3,train,0.4259423017501831,pdb_00006ktr_A_B
10286,3,train,0.5630384087562561,pdb_00007zmk_M_N
10287,3,train,0.09211347252130508,pdb_00007u0i_N1_N2
10288,3,train,1.0182327032089233,pdb_00004lvh_E_F
10289,3,train,0.016942579299211502,pdb_00008yn8_E1_E2
10290,3,train,0.6494825482368469,pdb_00009udq_I_C
10291,3,train,0.5691909790039062,pdb_00002jix_F_A
10292,3,train,0.8656710386276245,pdb_00009qub_F_E
10293,3,train,0.7209476828575134,pdb_00007m7w_C_D
10294,3,train,0.045911986380815506,pdb_00007y64_S1_S2
10295,3,train,0.5294643044471741,pdb_00008tui_H_L
10296,3,train,0.24363748729228973,pdb_00001uac_H_L
10297,3,train,0.6671034693717957,pdb_00009vhz_A_B
10298,3,train,0.024484960362315178,pdb_00008hqn_H1_H2
10299,3,train,0.665501058101654,pdb_00004hj0_P_Q
10300,3,train,0.7604293823242188,pdb_00005xmh_D_C
10301,3,train,0.018412591889500618,pdb_00007tho_E_F
10302,3,train,0.05714365839958191,pdb_00008w8b_E1_E2
10303,3,train,1.1604186296463013,pdb_00007xj9_K_J
10304,3,train,0.5871738195419312,pdb_00008ulf_H_L
10305,3,train,0.45712268352508545,pdb_00008vgl_H_L
10306,3,train,0.4065465033054352,pdb_00008jkf_H_L
10307,3,train,0.5494654178619385,pdb_00007vyt_B_C
10308,3,train,0.023163722828030586,pdb_00007cvt_E_F
10309,3,train,0.020274966955184937,pdb_00008guq_S1_S2
10310,3,train,0.4560064673423767,pdb_00008qh0_H_L
10311,3,train,0.018095621839165688,pdb_00007xat_E1_E2
10312,3,train,0.7958611249923706,pdb_00007zfb_C_D
10313,3,train,0.5761544704437256,pdb_00007y7m_F_G
10314,3,train,0.5427957773208618,pdb_00001fsk_C_B
10315,3,train,0.017603041604161263,pdb_00009ejc_D1_D2
10316,3,train,0.5196291208267212,pdb_00005x8l_H_M
10317,3,train,0.6432189345359802,pdb_00008we4_H_L
10318,3,train,1.009716272354126,pdb_00001p2c_B_A
10319,3,train,0.7912845015525818,pdb_00007tbf_H_L
10320,3,train,0.5339460372924805,pdb_00009hh9_I_H
10321,3,train,1.151307225227356,pdb_00007t7b_H_L
10322,3,train,0.5246723294258118,pdb_00006pe9_E_F
10323,3,train,1.0172282457351685,pdb_00007n0a_B_A
10324,3,train,1.0313599109649658,pdb_00006wqo_E_F
10325,3,train,0.6217387318611145,pdb_00007ws2_E_D
10326,3,train,1.66167151927948,pdb_00006cvk_B2_B1
10327,3,train,0.3414488732814789,pdb_00008jkf_m_n
10328,3,train,0.942915141582489,pdb_00006oc3_A_B
10329,3,train,0.659466028213501,pdb_00007y6k_E1_E2
10330,3,train,0.3001478910446167,pdb_00005aam_B1_B2
10331,3,train,0.7525631189346313,pdb_00009os5_G_J
10332,3,train,0.588310718536377,pdb_00007bnv_H_L
10333,3,train,1.1540729999542236,pdb_00003lqa_H_L
10334,3,train,1.1883304119110107,pdb_00007lg6_C_D
10335,3,train,0.05989432707428932,pdb_00006x3u_J_I
10336,3,train,0.018817540258169174,pdb_00007jvr_E1_E2
10337,3,train,0.5793448090553284,pdb_00009iz9_O_P
10338,3,train,0.7998731136322021,pdb_00008xcd_H_L
10339,3,train,0.015599967911839485,pdb_00007rg9_E1_E2
10340,3,train,0.019178317859768867,pdb_00008xjk_E1_E2
10341,3,train,0.9493052363395691,pdb_00001qfu_H_L
10342,3,train,0.4057377874851227,pdb_00008i0n_I_M
10343,3,train,0.014599318616092205,pdb_00009b54_S1_S2
10344,3,train,0.757717490196228,pdb_00006hxw_H_L
10345,3,train,0.11201868951320648,pdb_00009ov4_H_L
10346,3,train,0.43755531311035156,pdb_00009hhr_D_G
10347,3,train,0.012035666964948177,pdb_00008uuj_D1_D2
10348,3,train,0.930130660533905,pdb_00009oi3_M_N
10349,3,train,1.1232295036315918,pdb_00003lh2_J_N
10350,3,train,0.28485214710235596,pdb_00009zqc_J2_J1
10351,3,train,0.5014635324478149,pdb_00007wsi_H_L
10352,3,train,0.027308110147714615,pdb_00008xgs_D1_D2
10353,3,train,0.395538866519928,pdb_00007ek0_H_L
10354,3,train,0.010884186252951622,pdb_00008hcq_E1_E2
10355,3,train,0.7548158764839172,pdb_00003wkm_H_L
10356,3,train,0.5662474036216736,pdb_00003rif_F_N
10357,3,train,1.0278786420822144,pdb_00007uxl_A_B
10358,3,train,0.011854407377541065,pdb_00009uk2_E1_E2
10359,3,train,0.7865559458732605,pdb_00006xkr_H_L
10360,3,train,0.028729045763611794,pdb_00008i97_H1_H2
10361,3,train,0.7455993294715881,pdb_00009q71_I_J
10362,3,train,0.013576013036072254,pdb_00007ew4_S1_S2
10363,3,train,1.037753939628601,pdb_00007ykj_A_D
10364,3,train,0.02530498243868351,pdb_00008ia8_S1_S2
10365,3,train,0.8611547350883484,pdb_00004xrc_B_A
10366,3,train,1.0396158695220947,pdb_00009oar_B_D
10367,3,train,0.0551590770483017,pdb_00006k5f_E_F
10368,3,train,0.613358736038208,pdb_00003vrl_E_F
10369,3,train,0.5103167295455933,pdb_00006vvu_G_I
10370,3,train,0.7534103989601135,pdb_00006uig_B_C
10371,3,train,0.013171423226594925,pdb_00007vug_S1_S2
10372,3,train,0.951672375202179,pdb_00009h4r_H_L
10373,3,train,0.08409541845321655,pdb_00009ge2_F1_F2
10374,3,train,0.018832940608263016,pdb_00008jef_S1_S2
10375,3,train,0.021880697458982468,pdb_00006pt0_E1_E2
10376,3,train,0.012848151847720146,pdb_00007ydj_E1_E2
10377,3,train,1.3601689338684082,pdb_00006ddv_B_A
10378,3,train,0.019829919561743736,pdb_00008id6_S1_S2
10379,3,train,0.8312920928001404,pdb_00009mla_I_L
10380,3,train,0.599786102771759,pdb_00009cq4_C_D
10381,3,train,1.1904700994491577,pdb_00006ml8_H_L
10382,3,train,0.8687126636505127,pdb_00007x2i_H_L
10383,3,train,0.013368586078286171,pdb_00008jz7_S1_S2
10384,3,train,0.44071412086486816,pdb_00007pry_F_G
10385,3,train,0.619706928730011,pdb_00001fbi_Q_P
10386,3,train,0.010361912660300732,pdb_00002vdq_H_L
10387,3,train,0.5134699940681458,pdb_00009l6c_A_B
10388,3,train,0.3869432210922241,pdb_00001dzb_A1_A2
10389,3,train,1.1504647731781006,pdb_00007y6l_H_L
10390,3,train,0.06892699003219604,pdb_00006x40_J_I
10391,3,train,0.07003985345363617,pdb_00006vmk_r_q
10392,3,train,0.09181643277406693,pdb_00006vmk_H_G
10393,3,train,1.0138235092163086,pdb_00007wcr_a_b
10394,3,train,0.5993313193321228,pdb_00006wzm_C_D
10395,3,train,0.010706717148423195,pdb_00002vc2_H_L
10396,3,train,0.7213948965072632,pdb_00008dwy_H_L
10397,3,train,1.3952534198760986,pdb_00009rih_H_L
10398,3,train,0.1613175868988037,pdb_00008vgh_F_E
10399,3,train,1.3261704444885254,pdb_00009wai_E_F
10400,3,train,0.6035190224647522,pdb_00007fci_H_L
10401,3,train,0.9347373843193054,pdb_00008zd5_B_C
10402,3,train,1.4044889211654663,pdb_00009vnp_C_A
10403,3,train,0.06068051606416702,pdb_00002itd_A_B
10404,3,train,0.32443156838417053,pdb_00009cpv_C_D
10405,3,train,0.5025635957717896,pdb_00008jqs_H_L
10406,3,train,0.3442431390285492,pdb_00006txz_I_M
10407,3,train,0.030550606548786163,pdb_00009ast_E1_E2
10408,3,train,0.011817941442131996,pdb_00008k4s_D1_D2
10409,3,train,1.0816932916641235,pdb_00008bbo_H_L
10410,3,train,1.2039028406143188,pdb_00008tfn_H_L
10411,3,train,0.020365413278341293,pdb_00008gur_S1_S2
10412,3,train,0.36065176129341125,pdb_00007kfw_H_L
10413,3,train,1.3816958665847778,pdb_00006cvk_A2_A1
10414,3,train,0.20062212646007538,pdb_00009exa_F_E
10415,3,train,1.2021238803863525,pdb_00004ffv_D_C
10416,3,train,1.279174566268921,pdb_00008tfl_H_L
10417,3,train,0.8673384785652161,pdb_00009mq9_J_N
10418,3,train,0.9986685514450073,pdb_00007mxl_A_B
10419,3,train,0.02777685970067978,pdb_00008sg1_E1_E2
10420,3,train,0.7187713980674744,pdb_00008gv6_I_J
10421,3,train,0.09378395229578018,pdb_00008vgh_H_G
10422,3,train,0.7224477529525757,pdb_00009n4e_Q_P
10423,3,train,0.4753599464893341,pdb_00005bo1_H_L
10424,3,train,0.02767394855618477,pdb_00008j6j_H1_H2
10425,3,train,0.42475929856300354,pdb_00008bcz_E_F
10426,3,train,0.975199282169342,pdb_00007lg6_J_M
10427,3,train,0.5949652194976807,pdb_00001xiw_D_C
10428,3,train,0.5743066668510437,pdb_00005x8l_S_N
10429,3,train,0.07783615589141846,pdb_00008ihi_S1_S2
10430,3,train,1.1060185432434082,pdb_00009mtl_I_J
10431,3,train,0.8272218704223633,pdb_00006oc3_C_D
10432,3,train,0.7309470176696777,pdb_00007ucq_I1_I2
10433,3,train,0.03886117786169052,pdb_00008ihj_S1_S2
10434,3,train,0.1290563941001892,pdb_00006k5d_C_D
10435,3,train,0.4773150086402893,pdb_00008jel_I_K
10436,3,train,0.7159920334815979,pdb_00009lsi_C1_D2
10437,3,train,0.8636595010757446,pdb_00008zdw_L_J
10438,3,train,0.8532955646514893,pdb_00006suz_H_L
10439,3,train,0.28576895594596863,pdb_00001vfb_B_A
10440,3,train,0.037389688193798065,pdb_00009jid_S1_S2
10441,3,train,0.6750215888023376,pdb_00009irs_S_T
10442,3,train,0.01706097647547722,pdb_00007w3z_H1_H2
10443,3,train,0.3682621419429779,pdb_00008bg4_C1_C2
10444,3,train,0.07974770665168762,pdb_00006x3t_K_L
10445,3,train,0.6369398236274719,pdb_00009ue8_Q_R
10446,3,train,0.1844150871038437,pdb_00008elp_H_L
10447,3,train,0.7809725403785706,pdb_00009bdh_H_L
10448,3,train,0.7158035039901733,pdb_00006vgr_H_L
10449,3,train,0.043100032955408096,pdb_00003ejz_E_F
10450,3,train,0.8801916241645813,pdb_00009mtf_I_J
10451,3,train,1.0898096561431885,pdb_00008z39_H_L
10452,3,train,0.02993188425898552,pdb_00003ejz_C_D
10453,3,train,0.5406273007392883,pdb_00004okv_C_D
10454,3,train,0.5761705636978149,pdb_00007tzh_A1_A2
10455,3,train,0.8390576839447021,pdb_00008dce_H1_H2
10456,3,train,0.7226577401161194,pdb_00006ii9_M_N
10457,3,train,0.7055569887161255,pdb_00001bvk_E_D
10458,3,train,0.4974595308303833,pdb_00006rp8_H_L
10459,3,train,0.930264413356781,pdb_00007rr0_B_C
10460,3,train,0.03080459125339985,pdb_00003zdz_E_F
10461,3,train,0.634512186050415,pdb_00007dk2_J_K
10462,3,train,0.5261312127113342,pdb_00003dvn_H_L
10463,3,train,0.025665542110800743,pdb_00008yn9_E1_E2
10464,3,train,0.020488018169999123,pdb_00008wwk_E1_E2
10465,3,train,0.05842958390712738,pdb_00007ufh_E_F
10466,3,train,1.3170106410980225,pdb_00004kuc_H_D
10467,3,train,0.6357264518737793,pdb_00006cyf_U_T
10468,3,train,0.00932053942233324,pdb_00008z9p_S1_S2
10469,3,train,0.780210018157959,pdb_00009b2m_E_F
10470,3,train,0.02132612094283104,pdb_00008gag_S1_S2
10471,3,train,0.7569358348846436,pdb_00004ffw_D_C
10472,3,train,0.4319555461406708,pdb_00009hh9_G_F
10473,3,train,0.6335930228233337,pdb_00009b82_P_O
10474,3,train,0.8712920546531677,pdb_00008ol9_B_A
10475,3,train,0.02219465561211109,pdb_00008z3m_S1_S2
10476,3,train,0.05367708206176758,pdb_00007k5y_M2_M1
10477,3,train,0.7517517805099487,pdb_00009cct_C_B
10478,3,train,1.1017045974731445,pdb_00006ba5_D_C
10479,3,train,0.016942473128437996,pdb_00007cvs_E_F
10480,3,train,0.7997733950614929,pdb_00006woz_B_C
10481,3,train,0.05032854899764061,pdb_00009p0k_F1_F2
10482,3,train,1.4459060430526733,pdb_00009xsx_B_C
10483,3,train,0.6449400782585144,pdb_00007ucq_J1_J2
10484,3,train,0.8590145111083984,pdb_00009azv_H_L
10485,3,train,0.14391513168811798,pdb_00008vgk_J_I
10486,3,train,0.08700458705425262,pdb_00006vmk_f_e
10487,3,train,0.01828797534108162,pdb_00009vmp_S1_S2
10488,3,train,0.6373148560523987,pdb_00007n0u_H_L
10489,3,train,0.22239403426647186,pdb_00008w2e_F_E
10490,3,train,1.0031545162200928,pdb_00007tp3_H_L
10491,3,train,0.5634401440620422,pdb_00009oj4_B_A
10492,3,train,0.5146059393882751,pdb_00009wb4_B_C
10493,3,train,1.0555047988891602,pdb_00007zwi_B_C
10494,3,train,0.00986602995544672,pdb_00007exd_E1_E2
10495,3,train,0.012785925529897213,pdb_00009vmg_S1_S2
10496,3,train,0.9744023084640503,pdb_00008eed_H_L
10497,3,train,0.4865793287754059,pdb_00004zff_H_L
10498,3,train,0.4712536036968231,pdb_00009irs_H_L
10499,3,train,0.13122506439685822,pdb_00003rhw_J_M
10500,3,train,0.05597442016005516,pdb_00007dw9_S1_S2
10501,3,train,0.8550679087638855,pdb_00005kov_U1_U2
10502,3,train,0.7134735584259033,pdb_00008bg5_C1_C2
10503,3,train,0.6993927955627441,pdb_00009ci8_D_C
10504,3,train,0.6643204092979431,pdb_00007ubs_H1_H2
10505,3,train,0.31608590483665466,pdb_00007kfy_H_L
10506,3,train,0.751854658126831,pdb_00007rk1_C1_C2
10507,3,train,0.6007075309753418,pdb_00009rio_H_L
10508,3,train,0.3915393650531769,pdb_00007yck_C_D
10509,3,train,0.027236996218562126,pdb_00008z8b_S1_S2
10510,3,train,0.09183500707149506,pdb_00006adc_C_D
10511,3,train,0.8420047163963318,pdb_00009eti_H_L
10512,3,train,0.013790212571620941,pdb_00002htk_C_D
10513,3,train,0.7375925183296204,pdb_00009jeb_C1_C2
10514,3,train,0.027405759319663048,pdb_00008dk5_K1_K2
10515,3,train,0.02888724021613598,pdb_00007ukp_E_F
10516,3,train,0.053939905017614365,pdb_00004lcu_A_B
10517,3,train,0.8311076164245605,pdb_00007jx3_C_D
10518,3,train,0.08440238982439041,pdb_00008vgi_J_I
10519,3,train,0.8616753816604614,pdb_00006a4k_J_N
10520,3,train,0.9998433589935303,pdb_00009cq7_H_I
10521,3,train,0.01518243458122015,pdb_00009ldv_S1_S2
10522,3,train,1.3952802419662476,pdb_00005tfw_H_L
10523,3,train,0.7391825914382935,pdb_00007kyo_H_L
10524,3,train,0.5044817924499512,pdb_00008caf_D_C
10525,3,train,0.9687837958335876,pdb_00008ygs_H_L
10526,3,train,0.786616861820221,pdb_00008kdt_H_L
10527,3,train,1.0396409034729004,pdb_00008dwo_S_T
10528,3,train,0.008423546329140663,pdb_00009ego_S1_S2
10529,3,train,0.008350246585905552,pdb_00007vfx_S1_S2
10530,3,train,0.8590268492698669,pdb_00008w5m_H_L
10531,3,train,0.012759240344166756,pdb_00007w56_E1_E2
10532,3,train,0.8145046830177307,pdb_00009n8j_B_C
10533,3,train,0.037558961659669876,pdb_00002bob_A_B
10534,3,train,0.9532510042190552,pdb_00009ds1_H_L
10535,3,train,0.013387953862547874,pdb_00003nig_H_L
10536,3,train,1.1366366147994995,pdb_00009e3h_H_L
10537,3,train,0.9173304438591003,pdb_00009oar_H_L
10538,3,train,1.1835137605667114,pdb_00008eeu_H_L
10539,3,train,0.8031600117683411,pdb_00009m7v_H_L
10540,3,train,0.926953911781311,pdb_00007dm1_F_E
10541,3,train,0.2132110446691513,pdb_00005aam_A1_A2
10542,3,train,0.4974067211151123,pdb_00008ulf_K_O
10543,3,train,0.6494019627571106,pdb_00009ban_E_F
10544,3,train,0.009484490379691124,pdb_00006lfo_S1_S2
10544,3,train_epoch,0.5224889085546125,
10544,3,validation,0.9611133711807656,
10545,4,train,0.014707788825035095,pdb_00007vie_E1_E2
10546,4,train,0.44843021035194397,pdb_00001xiw_H_G
10547,4,train,1.025804877281189,pdb_00006wn1_B_C
10548,4,train,0.034093718975782394,pdb_00006x3s_K_L
10549,4,train,0.9885489344596863,pdb_00006d0u_C_D
10550,4,train,0.6032456159591675,pdb_00008zh7_E_F
10551,4,train,0.009501570835709572,pdb_00008zh8_S1_S2
10552,4,train,0.00700294878333807,pdb_00009jlc_S1_S2
10553,4,train,0.019301986321806908,pdb_00002h2p_C_D
10554,4,train,0.028353095054626465,pdb_00009j8z_S1_S2
10555,4,train,0.25410935282707214,pdb_00006b3s_H_L
10556,4,train,0.7947590947151184,pdb_00009od3_H_L
10557,4,train,0.33294913172721863,pdb_00009hh9_I_H
10558,4,train,0.033964063972234726,pdb_00006ad7_C_D
10559,4,train,0.7326768636703491,pdb_00009azv_H_L
10560,4,train,1.195084571838379,pdb_00009l8z_C_B
10561,4,train,0.9373612403869629,pdb_00008tea_F_I
10562,4,train,0.5020828247070312,pdb_00007zfe_J_K
10563,4,train,0.017823880538344383,pdb_00006ada_C_D
10564,4,train,0.5069772601127625,pdb_00007n0u_H_L
10565,4,train,0.8124433755874634,pdb_00007bsd_H_L
10566,4,train,0.6129292845726013,pdb_00006cw3_C_D
10567,4,train,0.4655054807662964,pdb_00005cbe_C_D
10568,4,train,0.959283173084259,pdb_00009sat_H_L
10569,4,train,0.03939061611890793,pdb_00002hjf_A_B
10570,4,train,1.0206820964813232,pdb_00006wtv_K_L
10571,4,train,0.5223817825317383,pdb_00006a3w_A_B
10572,4,train,0.011592085473239422,pdb_00008gcm_E1_E2
10573,4,train,0.9379626512527466,pdb_00009kve_A_B
10574,4,train,0.48633989691734314,pdb_00009ue8_E_F
10575,4,train,1.3006770610809326,pdb_00008v2e_D_E
10576,4,train,0.6293699741363525,pdb_00007tbf_D_E
10577,4,train,0.5064878463745117,pdb_00008hpf_M_N
10578,4,train,0.013182209804654121,pdb_00007cmu_E1_E2
10579,4,train,0.022823194041848183,pdb_00003iga_A_B
10580,4,train,0.4745327830314636,pdb_00007k9z_H_L
10581,4,train,0.01883968710899353,pdb_00002atk_A_B
10582,4,train,0.026323731988668442,pdb_00007p00_H1_H2
10583,4,train,0.3624393045902252,pdb_00008smt_I_J
10584,4,train,0.5425117611885071,pdb_00009lbs_H_L
10585,4,train,1.1121104955673218,pdb_00009e3l_G_H
10586,4,train,0.025171056389808655,pdb_00007y89_S1_S2
10587,4,train,1.1394875049591064,pdb_00009xth_B_C
10588,4,train,0.33585435152053833,pdb_00007yck_E_F
10589,4,train,0.009585848078131676,pdb_00007w56_E1_E2
10590,4,train,0.7934102416038513,pdb_00009js7_J_M
10591,4,train,0.7794665098190308,pdb_00008dis_H_L
10592,4,train,0.1899532526731491,pdb_00006b3s_J_K
10593,4,train,0.5831567049026489,pdb_00009iw2_H_L
10594,4,train,0.008182373829185963,pdb_00009iv1_S1_S2
10595,4,train,0.7722651958465576,pdb_00008z6x_B_C
10596,4,train,0.028219154104590416,pdb_00007ew0_E1_E2
10597,4,train,0.682942807674408,pdb_00007k9i_H_L
10598,4,train,1.147298812866211,pdb_00001g9n_H_L
10599,4,train,0.32823091745376587,pdb_00006xe1_H_L
10600,4,train,0.6079516410827637,pdb_00009hub_I_M
10601,4,train,0.5075625777244568,pdb_00006pe9_C_D
10602,4,train,0.024044927209615707,pdb_00007k60_N2_N1
10603,4,train,1.0839779376983643,pdb_00009mth_H_L
10604,4,train,0.9579490423202515,pdb_00004u6h_A_B
10605,4,train,0.5037961006164551,pdb_00008dww_X_W
10606,4,train,1.211168885231018,pdb_00009wai_E_F
10607,4,train,0.7226442098617554,pdb_00001bql_H_L
10608,4,train,0.6490600109100342,pdb_00006ii9_M_N
10609,4,train,1.301598072052002,pdb_00001iqd_B_A
10610,4,train,0.03913995251059532,pdb_00008ejk_E1_E2
10611,4,train,0.9716944694519043,pdb_00009rii_H_L
10612,4,train,0.01637735217809677,pdb_00007t2h_E1_E2
10613,4,train,2.0409772396087646,pdb_00008edf_H_L
10614,4,train,0.014733370393514633,pdb_00007t94_E1_E2
10615,4,train,0.5655061602592468,pdb_00007klg_H_L
10616,4,train,0.7256596684455872,pdb_00006wtu_E_F
10617,4,train,0.5434702038764954,pdb_00001fsk_L_K
10618,4,train,0.5425002574920654,pdb_00001tzh_H_L
10619,4,train,0.3569485545158386,pdb_00007zmk_M_N
10620,4,train,0.059175558388233185,pdb_00002fee_J_O
10621,4,train,0.6403681635856628,pdb_00006xq2_F_E
10622,4,train,0.022978555411100388,pdb_00009jr3_S1_S2
10623,4,train,0.980077862739563,pdb_00009yyu_I_M
10624,4,train,0.6214900612831116,pdb_00004yk4_Z_Y
10625,4,train,0.01339127030223608,pdb_00002vc2_H_L
10626,4,train,0.03424373269081116,pdb_00006x3v_J_I
10627,4,train,1.369865894317627,pdb_00009e89_H_L
10628,4,train,0.15200166404247284,pdb_00002dqd_H_L
10629,4,train,0.04118488356471062,pdb_00007k78_L1_L2
10630,4,train,0.4387243986129761,pdb_00009u5p_B_C
10631,4,train,0.10599274188280106,pdb_00002dqc_H_L
10632,4,train,0.8859463930130005,pdb_00004fp8_I_M
10633,4,train,0.6388840675354004,pdb_00007dk2_D_E
10634,4,train,1.1477285623550415,pdb_00009mtk_I_J
10635,4,train,0.6051795482635498,pdb_00006cyf_D_C
10636,4,train,0.5894656777381897,pdb_00007dk2_A_B
10637,4,train,0.1336498111486435,pdb_00009our_J_K
10638,4,train,0.029659036546945572,pdb_00009jkx_S1_S2
10639,4,train,0.7231279015541077,pdb_00007wh8_B_A
10640,4,train,0.46606311202049255,pdb_00007dk2_J_K
10641,4,train,0.45287609100341797,pdb_00009ue8_U_V
10642,4,train,0.7829630970954895,pdb_00006uig_B_C
10643,4,train,1.1258158683776855,pdb_00008d9y_F_E
10644,4,train,0.20886629819869995,pdb_00002qr0_L_K
10645,4,train,0.03025815077126026,pdb_00002r9h_C_D
10646,4,train,0.4097352623939514,pdb_00005ggv_H_L
10647,4,train,0.6717371344566345,pdb_00007uzc_E_F
10648,4,train,0.06498172134160995,pdb_00006vmk_K_J
10649,4,train,0.01060264278203249,pdb_00004z7o_E_F
10650,4,train,0.6184531450271606,pdb_00007m7w_C_D
10651,4,train,0.7607211470603943,pdb_00009oao_H_L
10652,4,train,0.7956646084785461,pdb_00007woc_A_B
10653,4,train,0.035043518990278244,pdb_00009j31_D1_D2
10654,4,train,0.05230619013309479,pdb_00003nig_H_L
10655,4,train,1.0624397993087769,pdb_00009bhh_T_S
10656,4,train,0.6233507394790649,pdb_00003fku_U1_U2
10657,4,train,0.33155035972595215,pdb_00001fsk_F_E
10658,4,train,0.4833155572414398,pdb_00007mzk_C_D
10659,4,train,0.3434463441371918,pdb_00008hws_H_L
10660,4,train,1.081481695175171,pdb_00007t7b_H_L
10661,4,train,0.5511087775230408,pdb_00005kov_U1_U2
10662,4,train,1.0884829759597778,pdb_00006s3d_A_B
10663,4,train,0.01771412044763565,pdb_00006kpf_S1_S2
10664,4,train,0.013513103127479553,pdb_00008j6p_S1_S2
10665,4,train,0.8709316849708557,pdb_00008zyf_H_D
10666,4,train,0.6778047680854797,pdb_00008jqm_H_L
10667,4,train,0.006730456370860338,pdb_00008k9k_H1_H2
10668,4,train,0.7227164506912231,pdb_00003v6z_C_D
10669,4,train,0.733954668045044,pdb_00009mtj_H_L
10670,4,train,0.029428750276565552,pdb_00009k3k_S1_S2
10671,4,train,0.03745921701192856,pdb_00007ezh_H1_H2
10672,4,train,0.012950364500284195,pdb_00007ew4_S1_S2
10673,4,train,0.01266730297356844,pdb_00007ej8_H1_H2
10674,4,train,0.030492883175611496,pdb_00008wwi_E1_E2
10675,4,train,0.6512144804000854,pdb_00002vwe_L_J
10676,4,train,0.695075273513794,pdb_00009cps_H_L
10677,4,train,0.013218950480222702,pdb_00009p0m_F1_F2
10678,4,train,0.9415944218635559,pdb_00002hmi_D_C
10679,4,train,0.011812511831521988,pdb_00008yh0_S1_S2
10680,4,train,0.9814816117286682,pdb_00008sis_H_L
10681,4,train,0.027536382898688316,pdb_00006k5i_E_F
10682,4,train,0.6242817640304565,pdb_00007wk0_D_E
10683,4,train,0.023263664916157722,pdb_00007cvt_C_D
10684,4,train,0.7147191762924194,pdb_00007cmk_H_L
10685,4,train,0.012974824756383896,pdb_00009lre_E1_E2
10686,4,train,0.07672586292028427,pdb_00001ic5_H_L
10687,4,train,0.010000244714319706,pdb_00008jlq_S1_S2
10688,4,train,0.48975419998168945,pdb_00008zyt_D_Q
10689,4,train,0.7144603729248047,pdb_00007x6o_C_D
10690,4,train,0.35323676466941833,pdb_00009u5q_B_C
10691,4,train,0.5864046812057495,pdb_00009fys_I_M
10692,4,train,0.03982898220419884,pdb_00008sid_K_L
10693,4,train,0.9376000761985779,pdb_00007t01_H_L
10694,4,train,0.39538246393203735,pdb_00009cpp_H_L
10695,4,train,0.2633032500743866,pdb_00006w41_H_L
10696,4,train,0.007344347890466452,pdb_00008jd6_D1_D2
10697,4,train,0.03250443562865257,pdb_00007l1u_H1_H2
10698,4,train,0.5140526294708252,pdb_00009jqv_H_L
10699,4,train,0.012448917143046856,pdb_00007d77_S1_S2
10700,4,train,0.4224625527858734,pdb_00007pqy_B_C
10701,4,train,0.016329962760210037,pdb_00008xjl_E1_E2
10702,4,train,0.013673846609890461,pdb_00009cgj_E1_E2
10703,4,train,0.5460023283958435,pdb_00007xj9_I_H
10704,4,train,0.16139939427375793,pdb_00003b2u_Q_R
10705,4,train,0.012397391721606255,pdb_00009ejz_H1_H2
10706,4,train,0.007468579337000847,pdb_00007udg_E_F
10707,4,train,0.9248368740081787,pdb_00001adq_H_L
10708,4,train,0.01212058961391449,pdb_00009uan_E1_E2
10709,4,train,1.0168707370758057,pdb_00004ffw_H_L
10710,4,train,0.03300304338335991,pdb_00008ef5_E1_E2
10711,4,train,0.716515064239502,pdb_00008yub_A_B
10712,4,train,0.44970089197158813,pdb_00007mzh_B_C
10713,4,train,0.8867945075035095,pdb_00007ua2_H1_H2
10714,4,train,0.964927077293396,pdb_00006gff_N_M
10715,4,train,0.7072156667709351,pdb_00007wur_G_H
10716,4,train,0.010384343564510345,pdb_00006kpg_S1_S2
10717,4,train,0.7229515910148621,pdb_00007mxl_A_B
10718,4,train,0.926988422870636,pdb_00007quh_H_L
10719,4,train,0.7228493690490723,pdb_00008a96_K_J
10720,4,train,0.8920018672943115,pdb_00008gpu_H_L
10721,4,train,0.7872918844223022,pdb_00007jwg_A_B
10722,4,train,0.9873659610748291,pdb_00009bdi_H_L
10723,4,train,0.4845181107521057,pdb_00006lhq_H_L
10724,4,train,0.121753990650177,pdb_00008vgk_K_L
10725,4,train,0.6317105889320374,pdb_00007x2i_H_L
10726,4,train,1.1820093393325806,pdb_00009me6_J_N
10727,4,train,0.6487165689468384,pdb_00006dkj_A_B
10728,4,train,0.5255650281906128,pdb_00009m0d_D_Q
10729,4,train,0.6763116121292114,pdb_00008y31_B_A
10730,4,train,0.012818528339266777,pdb_00007xwo_E1_E2
10731,4,train,0.024324962869286537,pdb_00008efl_E1_E2
10732,4,train,0.8138903975486755,pdb_00007rxj_H_L
10733,4,train,0.6385368704795837,pdb_00002h9g_H_L
10734,4,train,0.03760660067200661,pdb_00008ihf_S1_S2
10735,4,train,0.9091595411300659,pdb_00006jep_K_I
10736,4,train,0.5803118944168091,pdb_00009ima_C_D
10737,4,train,0.46870163083076477,pdb_00008j26_B_A
10738,4,train,0.1471559852361679,pdb_00001ic4_H_L
10739,4,train,0.027508921921253204,pdb_00008ubj_M2_M1
10740,4,train,0.6404417753219604,pdb_00007kyo_H_L
10741,4,train,0.04772365465760231,pdb_00008ihh_S1_S2
10742,4,train,0.045786939561367035,pdb_00002h2s_C_D
10743,4,train,0.5116121768951416,pdb_00004m62_I_M
10744,4,train,0.010705731809139252,pdb_00007w0p_S1_S2
10745,4,train,0.5534025430679321,pdb_00008cz8_C2_C1
10746,4,train,0.37033358216285706,pdb_00007zmk_E_F
10747,4,train,1.980360746383667,pdb_00009osx_B_C
10748,4,train,0.019069800153374672,pdb_00003f7y_A_B
10749,4,train,1.1927400827407837,pdb_00007ey5_B_C
10750,4,train,0.8368096947669983,pdb_00008zdw_U_R
10751,4,train,0.02476375922560692,pdb_00007eq1_S1_S2
10752,4,train,0.8217610716819763,pdb_00005a3i_G_H
10753,4,train,0.02264656499028206,pdb_00008kgg_E1_E2
10754,4,train,0.6161614656448364,pdb_00007tn0_H_G
10755,4,train,0.792704164981842,pdb_00007ec5_E_F
10756,4,train,0.6946302652359009,pdb_00004gxu_S_T
10757,4,train,0.9970116019248962,pdb_00008khd_H_J
10758,4,train,0.1394447237253189,pdb_00009exa_D_C
10759,4,train,0.008853587321937084,pdb_00002r9h_E_F
10760,4,train,0.039379723370075226,pdb_00009k26_S1_S2
10761,4,train,0.8857253789901733,pdb_00008dwx_X_W
10762,4,train,0.009057363495230675,pdb_00008k4s_D1_D2
10763,4,train,0.006762632634490728,pdb_00009lr1_S1_S2
10764,4,train,0.8497025370597839,pdb_00007wro_H_L
10765,4,train,0.021357573568820953,pdb_00009j0b_S1_S2
10766,4,train,0.01963135600090027,pdb_00007wic_S1_S2
10767,4,train,0.4361512362957001,pdb_00007zf8_H_L
10768,4,train,0.7816853523254395,pdb_00007y6k_J_E3
10769,4,train,0.0070130727253854275,pdb_00007ydj_E1_E2
10770,4,train,1.1938077211380005,pdb_00005ldn_H_L
10771,4,train,0.7743422985076904,pdb_00002yc1_A_B
10772,4,train,0.7920557856559753,pdb_00008suo_H_L
10773,4,train,1.0017831325531006,pdb_00009oi3_H_L
10774,4,train,0.8892351388931274,pdb_00007yd1_A_B
10775,4,train,0.40340477228164673,pdb_00005bo1_I_M
10776,4,train,0.06121956184506416,pdb_00009ouo_H_L
10777,4,train,0.7662515044212341,pdb_00005umi_H_L
10778,4,train,0.029593123123049736,pdb_00008yna_E1_E2
10779,4,train,0.013231510296463966,pdb_000021ag_S1_S2
10780,4,train,0.016726789996027946,pdb_00007f9z_E1_E2
10781,4,train,0.5800244212150574,pdb_00007wqv_F1_F2
10782,4,train,0.4192349314689636,pdb_00007f6y_H_L
10783,4,train,0.06496618688106537,pdb_00009x3z_S1_S2
10784,4,train,0.02211528643965721,pdb_00006oij_H1_H2
10785,4,train,1.1873674392700195,pdb_00008tp5_J_K
10786,4,train,0.06935277581214905,pdb_00008vgk_J_I
10787,4,train,1.0429961681365967,pdb_00004f37_H_L
10788,4,train,0.4898393154144287,pdb_00006ii8_H_L
10789,4,train,0.6942164897918701,pdb_00008rmy_B_C
10790,4,train,0.006963322404772043,pdb_00007ujk_E_F
10791,4,train,0.8005368709564209,pdb_00007x3c_H_L
10792,4,train,0.010170708410441875,pdb_00007x2v_E1_E2
10793,4,train,0.3124947249889374,pdb_00007zf9_A_B
10794,4,train,0.5695269703865051,pdb_00008vgp_H_L
10795,4,train,0.012105601839721203,pdb_00008hs3_S1_S2
10796,4,train,0.06451316177845001,pdb_00008j23_F1_F2
10797,4,train,0.6248570084571838,pdb_00007dpm_D_E
10798,4,train,1.093926191329956,pdb_00008xa4_C_D
10799,4,train,0.8105734586715698,pdb_00006ejg_C2_C1
10800,4,train,0.5586146116256714,pdb_00008eqf_H_L
10801,4,train,0.05858021602034569,pdb_00001j1x_H_L
10802,4,train,0.02763403207063675,pdb_00008sg1_E1_E2
10803,4,train,0.7583309412002563,pdb_00007f15_B1_B2
10804,4,train,0.027886921539902687,pdb_00007xau_E1_E2
10805,4,train,1.0021640062332153,pdb_00007shy_I_J
10806,4,train,0.006712750997394323,pdb_00001otu_E_F
10807,4,train,0.6436537504196167,pdb_00004f2m_A_B
10808,4,train,0.008257629349827766,pdb_00002ht2_E_F
10809,4,train,0.016730178147554398,pdb_00007rg9_E1_E2
10810,4,train,0.14820505678653717,pdb_00003rhw_J_M
10811,4,train,0.5991525053977966,pdb_00004ffv_D_C
10812,4,train,0.01345684751868248,pdb_00009jh3_S1_S2
10813,4,train,0.8859187364578247,pdb_00009mtm_I_J
10814,4,train,0.444790780544281,pdb_00008dww_V_U
10815,4,train,0.5752802491188049,pdb_00009q7b_G_I
10816,4,train,0.024069728329777718,pdb_00008i9s_H1_H2
10817,4,train,0.8100793361663818,pdb_00008fhy_H_L
10818,4,train,0.18681403994560242,pdb_00003b2v_H_L
10819,4,train,0.1477307826280594,pdb_00003b2u_C_D
10820,4,train,0.1020352691411972,pdb_00006w0j_A_B
10821,4,train,0.7974179983139038,pdb_00008zd5_K_L
10822,4,train,0.012980075553059578,pdb_00007yoo_S1_S2
10823,4,train,0.6129876375198364,pdb_00009ixa_H_L
10824,4,train,0.02155531384050846,pdb_00008hnm_S1_S2
10825,4,train,0.967582643032074,pdb_00009me5_H_L
10826,4,train,0.10820844769477844,pdb_00008zbe_E1_E2
10827,4,train,0.8660463094711304,pdb_00008dwo_H_L
10828,4,train,0.6553118824958801,pdb_00004np4_H_L
10829,4,train,0.01402322482317686,pdb_00009upv_S1_S2
10830,4,train,0.594199001789093,pdb_00008zbb_H_L
10831,4,train,0.042590003460645676,pdb_00007srr_E1_E2
10832,4,train,0.5540345907211304,pdb_00002vwe_E_C
10833,4,train,0.8353911638259888,pdb_00008g5a_H_L
10834,4,train,0.6811654567718506,pdb_00007lq7_T_U
10835,4,train,0.5159835815429688,pdb_00008too_B_A
10836,4,train,0.9279528260231018,pdb_00007scn_E_F
10837,4,train,0.6070634126663208,pdb_00009ci8_B_A
10838,4,train,1.3034098148345947,pdb_00006ivz_H_L
10839,4,train,0.025089353322982788,pdb_00008h2g_E1_E2
10840,4,train,0.3544152081012726,pdb_00007ul1_H_L
10841,4,train,0.5893769264221191,pdb_00009mtm_M_N
10842,4,train,0.9292804002761841,pdb_00008ygs_H_L
10843,4,train,0.005654747132211924,pdb_00006k5a_E_F
10844,4,train,0.7804883122444153,pdb_00006wtv_E_F
10845,4,train,0.7000196576118469,pdb_00008w5r_H_L
10846,4,train,0.040552303194999695,pdb_00007x9y_S1_S2
10847,4,train,0.010966298170387745,pdb_00008ia7_E1_E2
10848,4,train,0.6134940981864929,pdb_00007ley_G_F
10849,4,train,0.6420389413833618,pdb_00009lho_T_S
10850,4,train,0.04021341726183891,pdb_00001j1p_H_L
10851,4,train,0.12889006733894348,pdb_00007vgs_F_E
10852,4,train,0.3767925798892975,pdb_00004zff_A_B
10853,4,train,0.025537291541695595,pdb_00008efo_E1_E2
10854,4,train,0.03233890235424042,pdb_00008evg_M1_M2
10855,4,train,0.9343670010566711,pdb_00007vgr_F_E
10856,4,train,1.0860354900360107,pdb_00005ggs_A_B
10857,4,train,0.43014395236968994,pdb_00008wo4_D_C
10858,4,train,0.9345938563346863,pdb_00009e3h_J_K
10859,4,train,0.594028651714325,pdb_00007ubs_J1_J2
10860,4,train,0.02689947932958603,pdb_00006e0c_N1_N2
10861,4,train,1.1128244400024414,pdb_00007mxl_J_K
10862,4,train,1.2395294904708862,pdb_00008w5h_H_L
10863,4,train,0.7332289218902588,pdb_00008vtd_B_A
10864,4,train,0.45403462648391724,pdb_00007vad_H_L
10865,4,train,0.012789709493517876,pdb_00007yj4_S1_S2
10866,4,train,0.021326638758182526,pdb_00009vmo_S1_S2
10867,4,train,0.42894914746284485,pdb_00008bg2_C1_C2
10868,4,train,0.009134824387729168,pdb_00007sbf_E1_E2
10869,4,train,0.5581954717636108,pdb_00002fjh_H_L
10870,4,train,0.84316486120224,pdb_00008ee8_D_C
10871,4,train,0.012637450359761715,pdb_00008x9t_S1_S2
10872,4,train,0.028409602120518684,pdb_00007vdm_S1_S2
10873,4,train,0.022901365533471107,pdb_00009b5y_N1_N2
10874,4,train,0.9478374123573303,pdb_00009cq8_G_H
10875,4,train,0.6853731870651245,pdb_00008kdt_H_L
10876,4,train,0.007592084351927042,pdb_00007xa3_E1_E2
10877,4,train,1.0561884641647339,pdb_00009lsj_E1_D2
10878,4,train,1.010690689086914,pdb_00005t5f_H_L
10879,4,train,1.045854091644287,pdb_00009e21_H_L
10880,4,train,0.8434622287750244,pdb_00006woz_B_C
10881,4,train,0.5542423129081726,pdb_00002i9l_D_C
10882,4,train,0.591438889503479,pdb_00009n4f_O_P
10883,4,train,0.48110485076904297,pdb_00009jy4_R_Q
10884,4,train,0.7362411618232727,pdb_00006wzl_C_D
10885,4,train,0.290167897939682,pdb_00007vaf_H_L
10886,4,train,0.043426696211099625,pdb_00009w6w_E1_E2
10887,4,train,0.030848952010273933,pdb_00008ijd_S1_S2
10888,4,train,1.1631057262420654,pdb_00006mtq_H_L
10889,4,train,0.8119933605194092,pdb_00008ywe_B2_B1
10890,4,train,0.026873227208852768,pdb_00007u9v_E_F
10891,4,train,0.7802990674972534,pdb_00007yrh_F_E
10892,4,train,0.8351867198944092,pdb_00007uvs_D_E
10893,4,train,0.13393215835094452,pdb_00003rif_G_K
10894,4,train,0.12389972060918808,pdb_00006x3s_J_I
10895,4,train,0.5549313426017761,pdb_00008y0y_E3_E2
10896,4,train,0.667469322681427,pdb_00007wur_E_F
10897,4,train,0.012041343376040459,pdb_00007f4h_S1_S2
10898,4,train,1.0526610612869263,pdb_00006k65_H_L
10899,4,train,0.6146416068077087,pdb_00008zdw_F_E
10900,4,train,1.1874479055404663,pdb_00004ubd_O_P
10901,4,train,0.042637672275304794,pdb_00007yae_S1_S2
10902,4,train,0.7392356991767883,pdb_00004f3f_B_A
10903,4,train,1.1488460302352905,pdb_00005hbt_D_C
10904,4,train,0.6847453713417053,pdb_00008gv6_G_H
10905,4,train,0.010955915786325932,pdb_00009le0_S1_S2
10906,4,train,0.022225864231586456,pdb_00007k78_K1_K2
10907,4,train,0.040793996304273605,pdb_00006x3x_J_I
10908,4,train,0.1327827125787735,pdb_00006k5a_C_D
10909,4,train,0.401792049407959,pdb_00007qez_E_F
10910,4,train,0.7347524762153625,pdb_00008sdf_H_L
10911,4,train,0.7810528874397278,pdb_00007l7e_C_D
10912,4,train,0.01518366951495409,pdb_00006lfo_S1_S2
10913,4,train,0.05564473941922188,pdb_00008zcj_E1_E2
10914,4,train,0.011177120730280876,pdb_00008xqe_S1_S2
10915,4,train,0.010425710119307041,pdb_00008yyw_B1_B2
10916,4,train,0.011778672225773335,pdb_00002ht2_C_D
10917,4,train,0.4211554527282715,pdb_00008too_H_E
10918,4,train,0.6256587505340576,pdb_00009udq_I_C
10919,4,train,1.1667869091033936,pdb_00007ey5_H_L
10920,4,train,1.4779707193374634,pdb_00009n5i_H_L
10921,4,train,0.1026201993227005,pdb_00007xta_E1_E2
10922,4,train,0.03122316487133503,pdb_00003fb5_A_B
10923,4,train,0.4091903269290924,pdb_00001xgq_B_A
10924,4,train,0.6338630318641663,pdb_00008g5a_I_M
10925,4,train,1.0353807210922241,pdb_00008eeu_H_L
10926,4,train,0.4284820556640625,pdb_00007zfe_M_N
10927,4,train,0.013046437874436378,pdb_00007ubr_E_F
10928,4,train,0.013956739567220211,pdb_00008dk5_K1_K2
10929,4,train,0.013110646978020668,pdb_00008iru_E1_E2
10930,4,train,0.018662845715880394,pdb_00007vv5_S1_S2
10931,4,train,0.019427049905061722,pdb_00007wz7_C1_C2
10932,4,train,0.5335180163383484,pdb_00005nhr_H_L
10933,4,train,0.6523792743682861,pdb_00007x6o_J_L
10934,4,train,0.44360315799713135,pdb_00007lop_H_L
10935,4,train,0.01017495896667242,pdb_00007vdl_S1_S2
10936,4,train,0.5925981402397156,pdb_00004dkf_H_L
10937,4,train,0.03324597328901291,pdb_00007l1v_H1_H2
10938,4,train,0.5068796277046204,pdb_00007wwk_G_F
10939,4,train,0.2164357304573059,pdb_00006b9z_B_A
10940,4,train,0.6491806507110596,pdb_00007xcz_B_C
10941,4,train,0.008778155781328678,pdb_00008jgg_S1_S2
10942,4,train,0.4405289590358734,pdb_00006kyz_E_F
10943,4,train,0.49172815680503845,pdb_00007nx7_H_L
10944,4,train,0.9686979055404663,pdb_00007lg6_J_M
10945,4,train,0.02416171319782734,pdb_00008jei_S1_S2
10946,4,train,0.747079610824585,pdb_00001n5y_H_L
10947,4,train,0.49995461106300354,pdb_00009me6_I_M
10948,4,train,0.5345039963722229,pdb_00009cq4_C_D
10949,4,train,0.055126674473285675,pdb_00008dd2_K_L
10950,4,train,0.2281017005443573,pdb_00006yz7_BBB_CCC
10951,4,train,1.2218561172485352,pdb_00006xm2_F_E
10952,4,train,0.011899598874151707,pdb_00009k3l_S1_S2
10953,4,train,0.9771996736526489,pdb_00002zcl_H_L
10954,4,train,0.7601729035377502,pdb_00007qnx_A_B
10955,4,train,0.7230806350708008,pdb_00009jeb_C1_C2
10956,4,train,0.7172815799713135,pdb_00007k9z_B_A
10957,4,train,1.292434573173523,pdb_00007uij_H_L
10958,4,train,0.018016869202256203,pdb_00008irs_E1_E2
10959,4,train,0.08922367542982101,pdb_00003ejz_E_F
10960,4,train,0.033051859587430954,pdb_00009ast_E1_E2
10961,4,train,0.3924865126609802,pdb_00007s0b_C_D
10962,4,train,1.0298939943313599,pdb_00006xxv_A_B
10963,4,train,0.6138169169425964,pdb_00007jum_I1_I2
10964,4,train,0.47139132022857666,pdb_00007zmk_J_K
10965,4,train,0.45583322644233704,pdb_00007yxu_H_L
10966,4,train,0.011244768276810646,pdb_00002vdl_H_L
10967,4,train,0.30827924609184265,pdb_00006vvu_G_I
10968,4,train,0.8999646902084351,pdb_00007zwi_B_C
10969,4,train,0.03096037171781063,pdb_00001r3k_B_A
10970,4,train,0.6121920943260193,pdb_00007mzn_H_L
10971,4,train,0.04316733777523041,pdb_00007sr8_E1_E2
10972,4,train,0.7598370909690857,pdb_00008dwx_H_L
10973,4,train,0.8189395666122437,pdb_00006wmw_M_N
10974,4,train,0.015435685403645039,pdb_00009f33_E1_E2
10975,4,train,0.7073144316673279,pdb_00003g6j_H_G
10976,4,train,0.5429334044456482,pdb_00007qf1_C_B
10977,4,train,0.8242469429969788,pdb_00007b0b_H_L
10978,4,train,0.8562636971473694,pdb_00008z6t_B_C
10979,4,train,0.48559969663619995,pdb_00007rks_I_M
10980,4,train,0.1469801962375641,pdb_00005aaw_H1_H2
10981,4,train,1.091153621673584,pdb_00006wds_H_L
10982,4,train,1.1020880937576294,pdb_00001yy9_D_C
10983,4,train,1.010947346687317,pdb_00005dur_B_D
10984,4,train,0.01479023601859808,pdb_00007evy_E1_E2
10985,4,train,0.7495711445808411,pdb_00001kb5_H_L
10986,4,train,0.5569177865982056,pdb_00006ii4_H_L
10987,4,train,0.02802136354148388,pdb_00008dd3_J_I
10988,4,train,0.591388463973999,pdb_00003wkm_I_M
10989,4,train,0.012812292203307152,pdb_00006ad7_E_F
10990,4,train,0.12059302628040314,pdb_00006b9y_B_A
10991,4,train,1.0649036169052124,pdb_00006wqo_E_F
10992,4,train,0.8036807179450989,pdb_00005w3l_E_G
10993,4,train,0.8701844811439514,pdb_00007ahu_B_A
10994,4,train,0.8011236786842346,pdb_00005vqm_H_L
10995,4,train,0.05673850327730179,pdb_00007ykd_S1_S2
10996,4,train,0.030293026939034462,pdb_00008ubk_N2_N1
10997,4,train,0.018704421818256378,pdb_00007rkm_D1_D2
10998,4,train,0.3526870310306549,pdb_00009me4_I_M
10999,4,train,0.5100862383842468,pdb_00005kov_K1_K2
11000,4,train,0.03657291457056999,pdb_00007t8x_E1_E2
11001,4,train,0.838187038898468,pdb_00007wph_E_D
11002,4,train,0.6257793307304382,pdb_00004dgi_H_L
11003,4,train,0.4994298219680786,pdb_00003rhw_F_N
11004,4,train,0.2726336717605591,pdb_00007lop_B_C
11005,4,train,0.915546715259552,pdb_00002oz4_H_L
11006,4,train,0.5773608684539795,pdb_00007sk4_D_C
11007,4,train,0.02174847200512886,pdb_00007p02_H1_H2
11008,4,train,0.5600330233573914,pdb_00002h9g_B_A
11009,4,train,0.6312606334686279,pdb_00004f2m_C_D
11010,4,train,0.024028604850172997,pdb_00008evh_N1_N2
11011,4,train,0.010246739722788334,pdb_00008yn6_E1_E2
11012,4,train,0.4544973075389862,pdb_00007m71_H_L
11013,4,train,0.8351483941078186,pdb_00001fj1_B_A
11014,4,train,1.0310122966766357,pdb_00008tnt_G_F
11015,4,train,1.2077358961105347,pdb_00003bgf_H_L
11016,4,train,1.120582938194275,pdb_00008e8s_H_L
11017,4,train,1.1504225730895996,pdb_00009me7_J_N
11018,4,train,0.03822518140077591,pdb_00008dd2_J_I
11019,4,train,0.049937598407268524,pdb_00001c08_B_A
11020,4,train,0.22565512359142303,pdb_00005aam_B1_B2
11021,4,train,0.8322567343711853,pdb_00009h4s_X_Y
11022,4,train,0.9080786108970642,pdb_00004nik_B1_B2
11023,4,train,0.8619058728218079,pdb_00009ds1_H_L
11024,4,train,0.022493090480566025,pdb_00008xqs_S1_S2
11025,4,train,0.2384900450706482,pdb_00001xgr_B_A
11026,4,train,0.006718800403177738,pdb_00009jkt_S1_S2
11027,4,train,0.7505837082862854,pdb_00007uvq_D_E
11028,4,train,0.021446632221341133,pdb_00008jgf_E1_E2
11029,4,train,0.6792738437652588,pdb_00008ut2_J_I
11030,4,train,0.019636690616607666,pdb_00008dzp_E1_E2
11031,4,train,1.1990394592285156,pdb_00007wed_H_L
11032,4,train,0.5977253317832947,pdb_00009cia_B_A
11033,4,train,0.792076587677002,pdb_00009jbq_A_B
11034,4,train,0.6927326917648315,pdb_00008wpy_C_D
11035,4,train,1.2930773496627808,pdb_00009rir_H_L
11036,4,train,0.48183444142341614,pdb_00008ut2_H_G
11037,4,train,0.7487733960151672,pdb_00009js7_I_L
11038,4,train,0.018676258623600006,pdb_00009erx_F1_F2
11039,4,train,0.6772878170013428,pdb_00007ua2_B1_B2
11040,4,train,0.03237728774547577,pdb_00003a6c_H_L
11041,4,train,0.05900001898407936,pdb_00006vmk_o_n
11042,4,train,0.04101535677909851,pdb_00006vmk_f_e
11043,4,train,0.1066536009311676,pdb_00008vgi_F_E
11044,4,train,0.04774069786071777,pdb_00008syp_M1_M2
11045,4,train,0.5822881460189819,pdb_00007ahu_H_L
11046,4,train,0.3931328058242798,pdb_00007kfv_C_D
11047,4,train,0.014007791876792908,pdb_00007yac_S1_S2
11048,4,train,1.278339147567749,pdb_00008w0y_A_B
11049,4,train,0.6599774360656738,pdb_00004lf3_E_D
11050,4,train,0.0143600357696414,pdb_00008ykx_E1_E2
11051,4,train,0.4902997612953186,pdb_00008xsf_H_L
11052,4,train,1.053594946861267,pdb_00004fqj_H_L
11053,4,train,1.2521836757659912,pdb_00007uij_A_B
11054,4,train,0.39162710309028625,pdb_00001ndm_B_A
11055,4,train,0.8529536128044128,pdb_00009cq7_H_I
11056,4,train,0.01166415587067604,pdb_00009cgk_E1_E2
11057,4,train,0.027348903939127922,pdb_00009drx_J_I
11058,4,train,0.7960562705993652,pdb_00008uzp_A_B
11059,4,train,1.0352810621261597,pdb_00008tfl_H_L
11060,4,train,0.5617554783821106,pdb_00006wzm_A_B
11061,4,train,0.013371768407523632,pdb_00008xzj_S1_S2
11062,4,train,0.07084587961435318,pdb_00008vgj_J_I
11063,4,train,0.00694769574329257,pdb_00009v6o_S1_S2
11064,4,train,0.7157009840011597,pdb_00004am0_H_L
11065,4,train,0.4127092659473419,pdb_00001kip_B_A
11066,4,train,0.5732063055038452,pdb_00007sco_H_L
11067,4,train,0.7482152581214905,pdb_00008hrd_G_H
11068,4,train,0.02749902755022049,pdb_00002vdq_H_L
11069,4,train,1.4451168775558472,pdb_00008tzn_G_H
11070,4,train,0.09943100810050964,pdb_00008w8b_E1_E2
11071,4,train,0.8532623648643494,pdb_00004lmq_E_I
11072,4,train,0.1058204248547554,pdb_00008vgh_K_L
11073,4,train,0.04525899142026901,pdb_00007w7e_H1_H2
11074,4,train,0.9127036929130554,pdb_00007u9e_H1_H2
11075,4,train,0.7896143794059753,pdb_00008eed_H_L
11076,4,train,0.8857613801956177,pdb_00008w86_A_B
11077,4,train,0.2384786605834961,pdb_00006vvu_J_K
11078,4,train,0.9941655993461609,pdb_00009oco_H_L
11079,4,train,0.9680171608924866,pdb_00005mo9_H_L
11080,4,train,0.5500915050506592,pdb_00009ue8_A_B
11081,4,train,0.011339324526488781,pdb_00008vve_E1_E2
11082,4,train,0.7860682010650635,pdb_00004wv1_B_A
11083,4,train,0.5816400647163391,pdb_00008g5a_J_N
11084,4,train,0.014916475862264633,pdb_00009clw_N1_N2
11085,4,train,0.11545205116271973,pdb_00009iv6_S1_S2
11086,4,train,0.029140543192625046,pdb_00009k27_D1_D2
11087,4,train,0.7766239047050476,pdb_00007pa7_ddd2_ddd1
11088,4,train,0.9550789594650269,pdb_00008zd6_K_L
11089,4,train,0.18601639568805695,pdb_00009ov4_H_L
11090,4,train,0.9750276803970337,pdb_00006d0u_K_L
11091,4,train,0.5599798560142517,pdb_00007y6k_E1_E2
11092,4,train,0.09236185252666473,pdb_00008zps_E1_E2
11093,4,train,1.0495140552520752,pdb_00004ubd_G_H
11094,4,train,0.8692630529403687,pdb_00008dwo_S_T
11095,4,train,0.01259415689855814,pdb_00009x20_E1_E2
11096,4,train,0.4238602817058563,pdb_00007wwk_I_H
11097,4,train,0.022721223533153534,pdb_00009vnz_E1_E2
11098,4,train,0.00943977665156126,pdb_00009u4w_S1_S2
11099,4,train,0.3000458776950836,pdb_00007kfw_F_G
11100,4,train,0.07127979397773743,pdb_00009kt8_E1_E2
11101,4,train,0.7442008256912231,pdb_00008dwy_V_U
11102,4,train,0.011096437461674213,pdb_00007evz_E1_E2
11103,4,train,0.7422313094139099,pdb_00006osv_H_L
11104,4,train,0.02406507357954979,pdb_00007xmt_S1_S2
11105,4,train,0.009131197817623615,pdb_00007w55_E1_E2
11106,4,train,0.02126079797744751,pdb_00003f5w_A_B
11107,4,train,0.9313215613365173,pdb_00006aru_C_B
11108,4,train,0.5834710597991943,pdb_00007m3i_H_L
11109,4,train,0.9284233450889587,pdb_00008d7e_D_E
11110,4,train,0.0892353281378746,pdb_00002dqg_H_L
11111,4,train,0.9735199213027954,pdb_00007m7w_A_B
11112,4,train,0.6953004598617554,pdb_00002vir_B_A
11113,4,train,0.7369013428688049,pdb_00005y11_A_B
11114,4,train,0.3358367681503296,pdb_00007chc_H_L
11115,4,train,0.012609528377652168,pdb_00008hnk_S1_S2
11116,4,train,0.5288034081459045,pdb_00007s7i_J_N
11117,4,train,0.013497821986675262,pdb_00009pq0_E1_E2
11118,4,train,1.0622119903564453,pdb_00009mth_I_J
11119,4,train,0.009956982918083668,pdb_00008jil_S1_S2
11120,4,train,0.2631530463695526,pdb_00001xgp_B_A
11121,4,train,0.7247881889343262,pdb_00007vyr_A_B
11122,4,train,0.02572675049304962,pdb_00001j1o_H_L
11123,4,train,0.9432618021965027,pdb_00009mkn_O_P
11124,4,train,0.025565294548869133,pdb_00007uje_E_F
11125,4,train,0.02763301692903042,pdb_00007y64_S1_S2
11126,4,train,0.4853511452674866,pdb_00005yoy_G_D
11127,4,train,0.5546690821647644,pdb_00005nh3_I_M
11128,4,train,0.22728852927684784,pdb_00007m6d_A_B
11129,4,train,0.9496559500694275,pdb_00006wtv_H_I
11130,4,train,0.7949634194374084,pdb_00007kzb_H_L
11131,4,train,0.6114242672920227,pdb_00009b82_P_O
11132,4,train,0.418734073638916,pdb_00007bnv_H_L
11133,4,train,0.014418495818972588,pdb_00008yn5_E1_E2
11134,4,train,1.692741870880127,pdb_00008cdd_E_D
11135,4,train,0.007684304378926754,pdb_00009vnf_E1_E2
11136,4,train,0.008457574993371964,pdb_00007tmz_E_F
11137,4,train,0.011676481924951077,pdb_00009buy_E1_E2
11138,4,train,0.013192469254136086,pdb_00007cmv_E1_E2
11139,4,train,0.14822904765605927,pdb_00007mhr_A_B
11140,4,train,0.08672180771827698,pdb_00008ied_N1_N2
11141,4,train,1.0261309146881104,pdb_00006u9s_D_E
11142,4,train,0.012850729748606682,pdb_00009vo2_S1_S2
11143,4,train,0.5026407837867737,pdb_00008xsi_H_L
11144,4,train,0.6910555362701416,pdb_00005ugy_H_L
11145,4,train,0.7625380754470825,pdb_00008u44_S_T
11146,4,train,0.5703570246696472,pdb_00006wzj_A_B
11147,4,train,0.008728490211069584,pdb_00003ejz_C_D
11148,4,train,0.9521143436431885,pdb_00009rip_H_L
11149,4,train,0.7007502913475037,pdb_00007mem_G_J
11150,4,train,0.19866400957107544,pdb_00003b2u_J_K
11151,4,train,0.7074437737464905,pdb_00007xda_D_E
11152,4,train,0.007016212213784456,pdb_00007tct_E_F
11153,4,train,0.8758329749107361,pdb_00007yds_B_C
11154,4,train,0.3821418285369873,pdb_00003hfm_H_L
11155,4,train,0.6139861345291138,pdb_00004qci_B_A
11156,4,train,0.029235154390335083,pdb_00007rkx_D1_D2
11157,4,train,1.1233187913894653,pdb_00006wty_H_I
11158,4,train,1.1039588451385498,pdb_00005c0n_C_D
11159,4,train,0.5672744512557983,pdb_00002x7l_G_I
11160,4,train,0.7737552523612976,pdb_00009hi4_A_B
11161,4,train,0.007304608356207609,pdb_00007yk7_S1_S2
11162,4,train,0.6956315040588379,pdb_00008we4_H_L
11163,4,train,0.6970390677452087,pdb_00005jz7_J_K
11164,4,train,0.8995634913444519,pdb_00007uvi_A_B
11165,4,train,0.027594011276960373,pdb_00008e9y_E1_E2
11166,4,train,0.6223063468933105,pdb_00009q7b_J_K
11167,4,train,0.007748256903141737,pdb_00008xor_E1_E2
11168,4,train,0.019600415602326393,pdb_00008xgu_S1_S2
11169,4,train,0.005569279659539461,pdb_00009lr2_S1_S2
11170,4,train,0.705777108669281,pdb_00007bwj_H_L
11171,4,train,0.8051209449768066,pdb_00009shd_H_L
11172,4,train,0.3075491487979889,pdb_00009ptm_I_M
11173,4,train,0.8638648390769958,pdb_00007t3d_P_R
11174,4,train,0.9994683861732483,pdb_00003lh2_J_N
11175,4,train,0.005673323757946491,pdb_00008jbh_E1_E2
11176,4,train,0.019672809168696404,pdb_00002hlf_C_D
11177,4,train,0.6147512793540955,pdb_00001dee_D_C
11178,4,train,0.9400137662887573,pdb_00008dce_H1_H2
11179,4,train,0.004664049483835697,pdb_00009kfj_S1_S2
11180,4,train,0.8374462127685547,pdb_00007rxi_H_L
11181,4,train,1.1605793237686157,pdb_00004xhj_H_G
11182,4,train,1.3537825345993042,pdb_00004g3y_H_L
11183,4,train,0.4290115237236023,pdb_00007yck_C_D
11184,4,train,1.1688977479934692,pdb_00006wex_H_L
11185,4,train,0.6154184937477112,pdb_00004hj0_P_Q
11186,4,train,0.034978412091732025,pdb_00007sqo_E1_E2
11187,4,train,0.02364061400294304,pdb_00009vjg_E1_E2
11188,4,train,0.1571064293384552,pdb_00008vgk_F_E
11189,4,train,0.7546802163124084,pdb_00009eti_H_L
11190,4,train,0.21895800530910492,pdb_00006w0h_A_B
11191,4,train,0.5666710138320923,pdb_00009og2_B_C
11192,4,train,0.8231255412101746,pdb_00009c6y_C_D
11193,4,train,0.48981598019599915,pdb_00005nhr_A_B
11194,4,train,0.9143373966217041,pdb_00006ss4_HHH_LLL
11195,4,train,0.7606648802757263,pdb_00007jx3_C_D
11196,4,train,0.552394449710846,pdb_00007lq7_P_Q
11197,4,train,0.6483336091041565,pdb_00009bdh_H_L
11198,4,train,0.02723625861108303,pdb_00007ejx_S1_S2
11199,4,train,0.01752009615302086,pdb_00008t3o_N1_N2
11200,4,train,0.6426007151603699,pdb_00006ii9_P_Q
11201,4,train,0.6409398913383484,pdb_00009tmp_H_L
11202,4,train,1.7784451246261597,pdb_00008c7h_L_K
11203,4,train,0.7624672651290894,pdb_00007zwi_E_F
11204,4,train,0.9055140614509583,pdb_00008cbf_H_L
11205,4,train,0.46802181005477905,pdb_00008txu_H_L
11206,4,train,0.01618189923465252,pdb_00009m1o_S1_S2
11207,4,train,0.029487265273928642,pdb_00006vmk_V_U
11208,4,train,0.7151784896850586,pdb_00008ebp_H_L
11209,4,train,0.008545001968741417,pdb_00009vo0_E1_E2
11210,4,train,0.10207128524780273,pdb_00008iys_E1_E2
11211,4,train,1.087010145187378,pdb_00008pwh_D_C
11212,4,train,0.8270768523216248,pdb_00004hg4_Z_z
11213,4,train,0.03254508227109909,pdb_00006vmk_c_b
11214,4,train,0.2726172208786011,pdb_00006w0i_A_B
11215,4,train,0.5475277304649353,pdb_00008bg3_A1_A2
11216,4,train,0.9088036417961121,pdb_00009e60_H_L
11217,4,train,2.2087013721466064,pdb_00006vlw_H_L
11218,4,train,0.9021679759025574,pdb_00009c0v_H_L
11219,4,train,0.4887125790119171,pdb_00004m62_H_L
11220,4,train,0.56866455078125,pdb_00007e9b_H_L
11221,4,train,1.1490927934646606,pdb_00007s11_I_M
11222,4,train,0.6444940567016602,pdb_00006xkr_H_L
11223,4,train,0.46698853373527527,pdb_00009jy4_P_O
11224,4,train,0.4445958733558655,pdb_00007zf9_H_L
11225,4,train,0.11369001865386963,pdb_00008vgj_F_E
11226,4,train,0.02338610589504242,pdb_00007yfc_C1_C2
11227,4,train,0.7425448298454285,pdb_00003sob_H_L
11228,4,train,0.5686609148979187,pdb_00007ubs_K1_K2
11229,4,train,0.8623787760734558,pdb_00009leo_C_D
11230,4,train,0.8101755380630493,pdb_00006hjp_K_L
11231,4,train,0.0594230517745018,pdb_00009xhi_D1_D2
11232,4,train,0.019791098311543465,pdb_00008xwp_D1_D2
11233,4,train,0.09128274023532867,pdb_00006vmk_B_A
11234,4,train,0.5721119046211243,pdb_00004jpk_H_L
11235,4,train,0.8738915920257568,pdb_00005b8c_B_A
11236,4,train,0.018039798364043236,pdb_00008vy7_D1_D2
11237,4,train,0.8781876564025879,pdb_00009h6u_H_L
11238,4,train,0.5870462656021118,pdb_00003vrl_E_F
11239,4,train,0.4874374270439148,pdb_00008jkf_M_N
11240,4,train,0.29663363099098206,pdb_00008i5h_E_F
11241,4,train,0.09656044840812683,pdb_00002h2s_E_F
11242,4,train,0.6092037558555603,pdb_00006cyf_F_E
11243,4,train,0.4628381133079529,pdb_00008jel_A_B
11244,4,train,0.4668150544166565,pdb_00009q71_K_L
11245,4,train,0.6357570886611938,pdb_00004n90_F_G
11246,4,train,0.01654701866209507,pdb_00009p0k_F1_F2
11247,4,train,1.206191062927246,pdb_00006wmw_H_L
11248,4,train,1.1020190715789795,pdb_00008tea_H_G
11249,4,train,0.49161940813064575,pdb_00009ci8_D_C
11250,4,train,0.7939625382423401,pdb_00007l0l_H_L
11251,4,train,0.7420236468315125,pdb_00004gxu_M_N
11252,4,train,0.6900507211685181,pdb_00009kve_E_G
11253,4,train,1.1467660665512085,pdb_00006mto_H_L
11254,4,train,0.09031041711568832,pdb_00007cvs_C_D
11255,4,train,0.4763210415840149,pdb_00008xse_H_L
11256,4,train,0.010165181010961533,pdb_00008y0n_S1_S2
11257,4,train,1.1256449222564697,pdb_00009kve_D_F
11258,4,train,0.275833398103714,pdb_00006zh9_HHH_LLL
11259,4,train,0.7659690380096436,pdb_00007tpj_H_L
11260,4,train,0.8004416227340698,pdb_00008w83_E_F
11261,4,train,0.5148786902427673,pdb_00002x7l_C_D
11262,4,train,0.008895411156117916,pdb_00008z9p_S1_S2
11263,4,train,0.6422168612480164,pdb_00009mqa_H_L
11264,4,train,1.160525918006897,pdb_00001rzk_H_L
11265,4,train,0.6803238987922668,pdb_00009n8j_H_I
11266,4,train,0.8439088463783264,pdb_00007fcp_H_L
11267,4,train,0.017978515475988388,pdb_00008zjg_S1_S2
11268,4,train,1.265123724937439,pdb_00009rik_H_L
11269,4,train,0.011246047914028168,pdb_00007t90_E1_E2
11270,4,train,0.4390430152416229,pdb_00008caf_D_C
11271,4,train,0.023763354867696762,pdb_00008h0q_E1_E2
11272,4,train,0.7654765844345093,pdb_00006ban_F_E
11273,4,train,0.43624934554100037,pdb_00008dww_H_L
11274,4,train,0.7990567088127136,pdb_00003wkm_H_L
11275,4,train,0.9918749332427979,pdb_00009oi3_I_J
11276,4,train,0.6618791818618774,pdb_00008hrd_N_Q
11277,4,train,0.025355523452162743,pdb_00008hn8_S1_S2
11278,4,train,0.6586084961891174,pdb_00004okv_A_B
11279,4,train,0.5959580540657043,pdb_00009ib3_H_L
11280,4,train,1.0415394306182861,pdb_00007ezv_M_N
11281,4,train,0.018774420022964478,pdb_00009jh6_S1_S2
11282,4,train,0.35459235310554504,pdb_00004tsc_H_L
11283,4,train,0.6600245237350464,pdb_00007yrf_F_E
11284,4,train,0.3381425142288208,pdb_00007x2k_H_L
11285,4,train,1.139927864074707,pdb_00005w08_Q_R
11286,4,train,1.2013709545135498,pdb_00007t4q_F_G
11287,4,train,0.6067872047424316,pdb_00007ley_H_I
11288,4,train,0.8733090758323669,pdb_00007x3c_F_E
11289,4,train,0.009758997708559036,pdb_00009lrd_E1_E2
11290,4,train,0.012521940283477306,pdb_00007f4f_S1_S2
11291,4,train,0.006873428821563721,pdb_00008ykd_S1_S2
11292,4,train,0.6960592269897461,pdb_00008u44_U_W
11293,4,train,1.2454990148544312,pdb_00008jeo_B_C
11294,4,train,0.3467790484428406,pdb_00008dww_Z_Y
11295,4,train,0.40270310640335083,pdb_00009ib1_H_L
11296,4,train,0.02845805510878563,pdb_00008hbd_H1_H2
11297,4,train,1.0297943353652954,pdb_00008e8l_H_L
11298,4,train,1.1595053672790527,pdb_00007sbd_H_L
11299,4,train,1.0713098049163818,pdb_00009mtl_H_L
11300,4,train,0.3759816288948059,pdb_00007nx8_H_L
11301,4,train,1.2481681108474731,pdb_00009rih_H_L
11302,4,train,0.15364743769168854,pdb_00005aaw_B1_B2
11303,4,train,1.0757062435150146,pdb_00006s3d_H_L
11304,4,train,0.015263413079082966,pdb_00009jeq_S1_S2
11305,4,train,0.4541729986667633,pdb_00008bec_A1_A2
11306,4,train,0.6332519054412842,pdb_00007ycn_C_D
11307,4,train,1.1496022939682007,pdb_00008hrd_C_E
11308,4,train,0.46092092990875244,pdb_00007m7b_H_L
11309,4,train,0.6288937330245972,pdb_00007d85_B_C
11310,4,train,0.6623343825340271,pdb_00009ue0_A_B
11311,4,train,0.7688380479812622,pdb_00004ffv_H_L
11312,4,train,1.4060577154159546,pdb_00004hf5_H_L
11313,4,train,0.6043142676353455,pdb_00008sdh_C_D
11314,4,train,1.0086870193481445,pdb_00004kuc_F_E
11315,4,train,0.9670851826667786,pdb_00009qub_D_C
11316,4,train,0.009279275313019753,pdb_00008jbf_E1_E2
11317,4,train,0.01045914739370346,pdb_00008yky_S1_S2
11318,4,train,0.011074666865170002,pdb_00008xbe_S1_S2
11319,4,train,0.7722850441932678,pdb_00006woz_H_I
11320,4,train,0.7383092641830444,pdb_00006gku_H_L
11321,4,train,0.006996607407927513,pdb_00008kfy_S1_S2
11322,4,train,1.1104693412780762,pdb_00009e3l_I_J
11323,4,train,0.33323365449905396,pdb_00003rhw_I_O
11324,4,train,0.5655651688575745,pdb_00007ycn_E_F
11325,4,train,0.7840548157691956,pdb_00007ycl_A_B
11326,4,train,0.07019605487585068,pdb_00006ad8_C_D
11327,4,train,0.6451375484466553,pdb_00006iap_H_L
11328,4,train,0.010068783536553383,pdb_00008xqn_S1_S2
11329,4,train,0.9373178482055664,pdb_00008bcz_H_L
11330,4,train,0.013635299168527126,pdb_00009b65_S1_S2
11331,4,train,0.04031737893819809,pdb_00006vmk_i_h
11332,4,train,0.5004669427871704,pdb_00007xeg_E_F
11333,4,train,0.44870272278785706,pdb_00008bg3_C1_C2
11334,4,train,0.5882377028465271,pdb_00008ywx_E_D
11335,4,train,0.056473758071660995,pdb_00008wwh_E1_E2
11336,4,train,0.7024083733558655,pdb_00007lfa_H_L
11337,4,train,0.0439227856695652,pdb_00006k5f_C_D
11338,4,train,0.0674089640378952,pdb_00001otu_C_D
11339,4,train,0.34072569012641907,pdb_00008bec_C1_C2
11340,4,train,0.48191162943840027,pdb_00006j6y_B_C
11341,4,train,0.04949404299259186,pdb_00002exw_C_D
11342,4,train,0.02449401468038559,pdb_00002htl_E_F
11343,4,train,1.0705749988555908,pdb_00004ubd_Y_X
11344,4,train,0.6355053186416626,pdb_00009quw_D_C
11345,4,train,0.532134473323822,pdb_00009l6c_H_L
11346,4,train,0.8473217487335205,pdb_00006a4k_J_N
11347,4,train,0.016861116513609886,pdb_00004z7n_E_F
11348,4,train,0.027127735316753387,pdb_00007xms_S1_S2
11349,4,train,1.0836588144302368,pdb_00008gsc_H_L
11350,4,train,0.010082741267979145,pdb_00007ew3_S1_S2
11351,4,train,0.5608292818069458,pdb_00007dpm_G_H
11352,4,train,0.59629225730896,pdb_00009b82_I_G
11353,4,train,0.06829226016998291,pdb_00009kt7_E1_E2
11354,4,train,0.5213324427604675,pdb_00002dd8_H_L
11355,4,train,0.6714226007461548,pdb_00003qum_K_M
11356,4,train,0.3213737905025482,pdb_00009cpv_C_D
11357,4,train,0.8467216491699219,pdb_00009cds_E_D
11358,4,train,0.14312264323234558,pdb_00004tnw_F_N
11359,4,train,0.22121770679950714,pdb_00006b3s_F_G
11360,4,train,0.8125196099281311,pdb_00007z0y_H_L
11361,4,train,0.007921312004327774,pdb_00007y15_S1_S2
11362,4,train,0.01731063798069954,pdb_00008zpt_E1_E2
11363,4,train,1.0574753284454346,pdb_00008f6l_A_B
11364,4,train,0.007754042744636536,pdb_00008jz7_S1_S2
11365,4,train,0.3206620216369629,pdb_00002x7l_E_F
11366,4,train,1.004248857498169,pdb_00007c88_H_L
11367,4,train,0.678904116153717,pdb_00006a4k_H_L
11368,4,train,0.6065711975097656,pdb_00007lq7_C_D
11369,4,train,0.3545112609863281,pdb_00007vag_H_L
11370,4,train,0.7330281138420105,pdb_00006n5e_H_I
11371,4,train,0.015878548845648766,pdb_00008y62_E1_E2
11372,4,train,0.654757559299469,pdb_00008dwy_Z_Y
11373,4,train,0.4938247799873352,pdb_00008zd5_E_F
11374,4,train,0.5279324054718018,pdb_00008zh7_K_L
11375,4,train,0.04192902147769928,pdb_00002exw_E_F
11376,4,train,0.03028968535363674,pdb_00009yda_H1_H2
11377,4,train,0.7811251282691956,pdb_00001fns_H_L
11378,4,train,0.9191330671310425,pdb_00007kq7_H_L
11379,4,train,0.46465200185775757,pdb_00008uwz_A_B
11380,4,train,0.03779468685388565,pdb_00008ubk_M2_M1
11381,4,train,0.010630684904754162,pdb_00009ldx_S1_S2
11382,4,train,0.6704155206680298,pdb_00005jz7_H_L
11383,4,train,0.09593259543180466,pdb_00008vgh_J_I
11384,4,train,0.7997903227806091,pdb_00008e8z_H_L
11385,4,train,0.5959217548370361,pdb_00004gxu_U_V
11386,4,train,0.3470076024532318,pdb_00007b3o_H_L
11387,4,train,0.011172912083566189,pdb_00009kfi_S1_S2
11388,4,train,0.3895614743232727,pdb_00007ch5_H_L
11389,4,train,0.448351114988327,pdb_00004ttd_C_D
11390,4,train,0.7419962882995605,pdb_00009dru_H_L
11391,4,train,0.6937698721885681,pdb_00006vja_I_M
11392,4,train,0.025879541411995888,pdb_00008f7x_E1_E2
11393,4,train,0.5267792344093323,pdb_00006ban_D_C
11394,4,train,0.1279107630252838,pdb_00004tnw_I_O
11395,4,train,0.7831094861030579,pdb_00009ebc_I_J
11396,4,train,0.19205094873905182,pdb_00002x7l_H_L
11397,4,train,0.03148660436272621,pdb_00007x5h_E1_E2
11398,4,train,0.9194268584251404,pdb_00006d0u_E_F
11399,4,train,1.4904325008392334,pdb_00006cvk_A2_A1
11400,4,train,0.011278037913143635,pdb_00009ppy_E1_E2
11401,4,train,0.5207748413085938,pdb_00007klh_H_L
11402,4,train,0.7283210158348083,pdb_00008sit_M_N
11403,4,train,0.8636703491210938,pdb_00006wm9_B_C
11404,4,train,0.00980820320546627,pdb_00009vj5_E1_E2
11405,4,train,0.2315329909324646,pdb_00006p4a_H_L
11406,4,train,0.77513587474823,pdb_00008f6o_A_B
11407,4,train,0.6463831067085266,pdb_00007rku_G_I
11408,4,train,0.6203746795654297,pdb_00008y3k_G_H
11409,4,train,0.5180068612098694,pdb_00009n7q_E_G
11410,4,train,0.009382360614836216,pdb_00008yh3_S1_S2
11411,4,train,0.8253483772277832,pdb_00005d1z_G_H
11412,4,train,0.022925961762666702,pdb_00007ukp_E_F
11413,4,train,0.8489609360694885,pdb_00008cii_A_B
11414,4,train,0.789085865020752,pdb_00009os5_G_J
11415,4,train,0.6391655206680298,pdb_00006gv4_H_L
11416,4,train,0.7778229117393494,pdb_00008znz_I_J
11417,4,train,0.027737608179450035,pdb_00009kug_H1_H2
11418,4,train,0.5445492267608643,pdb_00007dk0_A_B
11419,4,train,0.018249940127134323,pdb_00008yrg_E1_E2
11420,4,train,0.4412250816822052,pdb_00008f2j_I_J
11421,4,train,0.016723835840821266,pdb_00008xxv_E1_E2
11422,4,train,0.5144867897033691,pdb_00003s36_H_L
11423,4,train,1.0099403858184814,pdb_00006jhs_E_D
11424,4,train,0.01099528931081295,pdb_00008vvg_E1_E2
11425,4,train,0.025165993720293045,pdb_00008hk3_H1_H2
11426,4,train,0.009795253165066242,pdb_00006k5f_E_F
11427,4,train,0.9873674511909485,pdb_00003bsz_H_L
11428,4,train,0.22362692654132843,pdb_00002qr0_H_G
11429,4,train,0.5732183456420898,pdb_00006ba5_F_E
11430,4,train,0.03618418797850609,pdb_00008wpu_E1_E2
11431,4,train,0.007361952215433121,pdb_00009b54_S1_S2
11432,4,train,0.8907891511917114,pdb_00001qfu_H_L
11433,4,train,0.17762920260429382,pdb_00002qr0_X_W
11434,4,train,0.8541867733001709,pdb_00006ywc_D_E
11435,4,train,0.007412943989038467,pdb_00009pxv_E1_E2
11436,4,train,0.07623151689767838,pdb_00008dd3_K_L
11437,4,train,0.7563731670379639,pdb_00009mla_G_J
11438,4,train,0.3005702793598175,pdb_00003rhw_G_K
11439,4,train,0.30162420868873596,pdb_00008smt_D_F
11440,4,train,0.025742530822753906,pdb_00008f7q_E1_E2
11441,4,train,0.7802248001098633,pdb_00007m42_D_C
11442,4,train,0.7906035780906677,pdb_00008tbb_H_L
11443,4,train,0.012858056463301182,pdb_00008g59_S1_S2
11444,4,train,0.1406727284193039,pdb_00005u5f_B_A
11445,4,train,0.5984064340591431,pdb_00009iz9_M_N
11446,4,train,0.33349716663360596,pdb_00007zmk_B_C
11447,4,train,0.6016958355903625,pdb_00008bg5_C1_C2
11448,4,train,0.16629482805728912,pdb_00002dqf_B_A
11449,4,train,0.9558972716331482,pdb_00009cu7_H_L
11450,4,train,0.022469962015748024,pdb_00007vla_S1_S2
11451,4,train,0.009045091457664967,pdb_00009izf_S1_S2
11452,4,train,1.1338727474212646,pdb_00001ztx_H_L
11453,4,train,0.398651123046875,pdb_00008jen_E_F
11454,4,train,0.008048195391893387,pdb_00007qvm_S1_S2
11455,4,train,0.011644483543932438,pdb_00008yyx_A1_A2
11456,4,train,0.38395220041275024,pdb_00008w2e_F_E
11457,4,train,0.007524425629526377,pdb_00007ew1_E1_E2
11458,4,train,1.0097075700759888,pdb_00002r29_H_L
11459,4,train,0.015398342162370682,pdb_00007vl9_S1_S2
11460,4,train,0.2492319494485855,pdb_00008i5h_B_C
11461,4,train,1.4110616445541382,pdb_00004xzu_E_F
11462,4,train,0.6764137744903564,pdb_00006t3j_A_B
11463,4,train,0.3311271667480469,pdb_00009jy1_R_Q
11464,4,train,0.717156171798706,pdb_00009bbn_S_T
11465,4,train,0.6513195037841797,pdb_00007vgr_D_C
11466,4,train,0.718799352645874,pdb_00006bpa_E_F
11467,4,train,0.6327121257781982,pdb_00006xq2_C_B
11468,4,train,0.007506599184125662,pdb_00009ydu_E1_E2
11469,4,train,0.9372267127037048,pdb_00009dn2_J_N
11470,4,train,0.2881081998348236,pdb_00007zmk_G_H
11471,4,train,0.071901336312294,pdb_00009wp9_C1_C2
11472,4,train,0.014175312593579292,pdb_00008g94_E1_E2
11473,4,train,0.7358280420303345,pdb_00008u4s_B_A
11474,4,train,0.03474155813455582,pdb_00008vqy_J_I
11475,4,train,1.100738763809204,pdb_00008tpa_I_J
11476,4,train,0.013539638370275497,pdb_00008dwc_E1_E2
11477,4,train,0.6430989503860474,pdb_00001fdl_H_L
11478,4,train,0.6726342439651489,pdb_00005ugy_J_N
11479,4,train,1.0553539991378784,pdb_00009mtg_H_L
11480,4,train,0.8905155658721924,pdb_00004d9r_H_L
11481,4,train,0.9234965443611145,pdb_00009mqd_J_N
11482,4,train,0.4671488106250763,pdb_00009clp_H_L
11483,4,train,1.112449049949646,pdb_00006s3d_C_D
11484,4,train,0.5011399984359741,pdb_00009u5p_P_Q
11485,4,train,0.9859079122543335,pdb_00008hrd_O_P
11486,4,train,0.7070600390434265,pdb_00005x8l_G_L
11487,4,train,0.06771866977214813,pdb_00003or6_A_B
11488,4,train,0.027278238907456398,pdb_00009axf_H1_H2
11489,4,train,0.008599690161645412,pdb_00007eo4_E1_E2
11490,4,train,0.9321618676185608,pdb_00009mtl_M_N
11491,4,train,0.973556399345398,pdb_00008w5n_H_L
11492,4,train,0.8368009328842163,pdb_00008vk1_F_E
11493,4,train,1.0052191019058228,pdb_00006t9e_HHH_LLL
11494,4,train,0.5598282814025879,pdb_00004yk4_C_B
11495,4,train,0.8296904563903809,pdb_00007rxj_A_B
11496,4,train,0.7593517303466797,pdb_00007pa7_nnn2_nnn1
11497,4,train,0.02216682955622673,pdb_00008wrb_E1_E2
11498,4,train,0.013373557478189468,pdb_00007u60_E_F
11499,4,train,0.013953988440334797,pdb_00007td8_E_F
11500,4,train,0.020607350394129753,pdb_00008hqe_H1_H2
11501,4,train,0.7076138854026794,pdb_00005dhy_A_B
11502,4,train,0.47850170731544495,pdb_00007dfa_H_L
11503,4,train,0.7627739310264587,pdb_00007mdj_A_B
11504,4,train,0.8349472284317017,pdb_00009cq8_C_E
11505,4,train,0.48853451013565063,pdb_00004ttd_H_L
11506,4,train,0.5547924041748047,pdb_00005oca_H_L
11507,4,train,0.40440523624420166,pdb_00008zyu_D_Q
11508,4,train,0.06516291201114655,pdb_00008jxx_E1_E2
11509,4,train,0.609500527381897,pdb_00008tnt_E_D
11510,4,train,0.40635210275650024,pdb_00005bo1_H_L
11511,4,train,0.018765589222311974,pdb_00008k2x_S1_S2
11512,4,train,0.5942783951759338,pdb_00009fys_B_C
11513,4,train,0.701058566570282,pdb_00007ucq_J1_J2
11514,4,train,1.1470693349838257,pdb_00009vca_H_L
11515,4,train,0.029709467664361,pdb_00003det_E_F
11516,4,train,0.010463143698871136,pdb_00007xat_E1_E2
11517,4,train,1.0065975189208984,pdb_00007t82_H_L
11518,4,train,0.6195046901702881,pdb_00003p0y_H_L
11519,4,train,0.6947939395904541,pdb_00007wvl_H_L
11520,4,train,0.7919606566429138,pdb_00006ek2_I1_I2
11521,4,train,0.022742096334695816,pdb_00007ucy_E_F
11522,4,train,1.197148084640503,pdb_00008jeo_E_F
11523,4,train,0.9099739789962769,pdb_00006dfi_H_L
11524,4,train,0.945071280002594,pdb_00004lvh_E_F
11525,4,train,0.8784218430519104,pdb_00008cxg_h_l
11526,4,train,0.6975378394126892,pdb_00007pry_C_D
11527,4,train,0.47730934619903564,pdb_00007xj9_G_F
11528,4,train,0.5987608432769775,pdb_00008cn9_B_A
11529,4,train,0.44443121552467346,pdb_00008bg4_C1_C2
11530,4,train,0.393806129693985,pdb_00007mzh_H_L
11531,4,train,0.18120571970939636,pdb_00003rif_J_M
11532,4,train,0.5720329284667969,pdb_00007jx3_H_L
11533,4,train,0.6831605434417725,pdb_00002bdn_H_L
11534,4,train,0.020670734345912933,pdb_00008xjo_E1_E2
11535,4,train,0.7823878526687622,pdb_00006wm9_E_F
11536,4,train,0.5398656725883484,pdb_00007m3i_A_B
11537,4,train,0.023529481142759323,pdb_00008xqo_S1_S2
11538,4,train,0.0428524911403656,pdb_00008f7w_E1_E2
11539,4,train,0.7110241651535034,pdb_00008gv6_I_J
11540,4,train,0.8353381752967834,pdb_00008w5l_H_L
11541,4,train,1.0784772634506226,pdb_00006cvk_B2_B1
11542,4,train,0.32724568247795105,pdb_00008z2e_H_L
11543,4,train,0.01798230968415737,pdb_00008xgm_S1_S2
11544,4,train,0.015161941759288311,pdb_00008jim_S1_S2
11545,4,train,0.7705018520355225,pdb_00009ebc_K_L
11546,4,train,0.7225514650344849,pdb_00007pa7_ooo2_ooo1
11547,4,train,0.7096846699714661,pdb_00006o1f_H_L
11548,4,train,0.5186997652053833,pdb_00007ucq_K1_K2
11549,4,train,0.0194226261228323,pdb_00009m2f_S1_S2
11550,4,train,0.0083417147397995,pdb_00007ra3_E1_E2
11551,4,train,0.01627526246011257,pdb_00008wwk_E1_E2
11552,4,train,0.4920048713684082,pdb_00009fyt_I_M
11553,4,train,0.011794473975896835,pdb_00009vmg_S1_S2
11554,4,train,0.38229331374168396,pdb_00009cpr_H_L
11555,4,train,0.7193064093589783,pdb_00008yub_D_E
11556,4,train,0.6692453622817993,pdb_00008dnn_E_F
11557,4,train,0.5721744298934937,pdb_00009ctw_F_E
11558,4,train,0.041012249886989594,pdb_00008id9_S1_S2
11559,4,train,0.020015960559248924,pdb_00009vmp_S1_S2
11560,4,train,0.02627391368150711,pdb_00008yuv_S1_S2
11561,4,train,0.8009741306304932,pdb_00006fax_H_L
11562,4,train,0.055435504764318466,pdb_00003ze2_E_F
11563,4,train,0.05137690529227257,pdb_00005j9p_A_B
11564,4,train,0.31198644638061523,pdb_00009jy3_P_O
11565,4,train,0.0170956552028656,pdb_00009vmn_S1_S2
11566,4,train,0.8180175423622131,pdb_00009npg_G_H
11567,4,train,0.27744346857070923,pdb_00008bg4_A1_A2
11568,4,train,0.7357146143913269,pdb_00003eo1_B_A
11569,4,train,0.6498118042945862,pdb_00004hg4_T_U
11570,4,train,0.6537179946899414,pdb_00004hg4_R_S
11571,4,train,0.5063233971595764,pdb_00009iz9_S_T
11572,4,train,1.2613494396209717,pdb_00009ml8_E_F
11573,4,train,0.5361839532852173,pdb_00006vja_H_L
11574,4,train,0.0163015928119421,pdb_00007aue_S1_S2
11575,4,train,0.7730045914649963,pdb_00007m7w_H_L
11576,4,train,0.9103918075561523,pdb_00007lg6_C_D
11577,4,train,0.6503355503082275,pdb_00003fku_S1_S2
11578,4,train,0.9295250177383423,pdb_00008g5b_H_L
11579,4,train,0.02830149233341217,pdb_00008wwj_E1_E2
11580,4,train,0.6348785758018494,pdb_00008tx3_E_J
11581,4,train,1.8442072868347168,pdb_00005i9q_B_C
11582,4,train,0.03451961651444435,pdb_00006x3w_K_L
11583,4,train,0.8164980411529541,pdb_00004ogx_H_L
11584,4,train,0.15120139718055725,pdb_00002dqf_E_D
11585,4,train,0.0175361018627882,pdb_00008y6w_D1_D2
11586,4,train,0.9933518171310425,pdb_00007yru_H_L
11587,4,train,0.7904555201530457,pdb_00008zdw_L_J
11588,4,train,0.7352895736694336,pdb_00008hn7_D_C
11589,4,train,0.9728021621704102,pdb_00008w86_E_F
11590,4,train,0.4341803193092346,pdb_00004zff_H_L
11591,4,train,0.046690501272678375,pdb_00003fb7_A_B
11592,4,train,1.0082327127456665,pdb_00009ml8_P_Q
11593,4,train,0.4660243093967438,pdb_00008i5l_E1_E2
11594,4,train,0.4140253961086273,pdb_00006kyz_B_C
11595,4,train,0.011425110511481762,pdb_00008k6o_S1_S2
11596,4,train,0.6168637275695801,pdb_00003nh7_K_O
11597,4,train,0.8500546813011169,pdb_00008ezk_I1_I2
11598,4,train,0.8209096789360046,pdb_00007uvs_A_B
11599,4,train,0.057409532368183136,pdb_00008ubi_N2_N1
11600,4,train,0.5904008150100708,pdb_00007d85_E_F
11601,4,train,0.013570242561399937,pdb_00008gut_S1_S2
11602,4,train,0.3461839556694031,pdb_00009wb4_B_C
11603,4,train,0.014859878458082676,pdb_00008tb0_F1_F2
11604,4,train,0.6860119700431824,pdb_00008w83_M_N
11605,4,train,1.166603684425354,pdb_00008z39_H_L
11606,4,train,0.39856529235839844,pdb_00001xgt_B_A
11607,4,train,0.3339783251285553,pdb_00008txu_E_J
11608,4,train,0.6159749627113342,pdb_00007zfb_H_L
11609,4,train,0.20857693254947662,pdb_00005aaw_D1_D2
11610,4,train,0.8606812357902527,pdb_00001nsn_H_L
11611,4,train,0.021289680153131485,pdb_00006xbm_S1_S2
11612,4,train,0.24937081336975098,pdb_00001dqj_B_A
11613,4,train,0.10269766300916672,pdb_00008vgh_F_E
11614,4,train,0.5352608561515808,pdb_00009quw_F_E
11615,4,train,0.8067028522491455,pdb_00007mkm_H_L
11616,4,train,1.0702720880508423,pdb_00009n5z_A_B
11617,4,train,0.008756862953305244,pdb_00006adb_E_F
11618,4,train,1.1492289304733276,pdb_00006hga_H_L
11619,4,train,1.125902533531189,pdb_00006oel_H_L
11620,4,train,0.7400473356246948,pdb_00009oi3_M_N
11621,4,train,0.8213664293289185,pdb_00006hxw_C_D
11622,4,train,0.826357901096344,pdb_00009p1m_F_E
11623,4,train,0.40051987767219543,pdb_00007pry_A_B
11624,4,train,0.654514491558075,pdb_00007x2o_H_L
11625,4,train,0.0191580168902874,pdb_00008hqm_H1_H2
11626,4,train,0.8956978917121887,pdb_00006oc3_C_D
11627,4,train,1.0147457122802734,pdb_00005gs0_D_C
11628,4,train,0.3956143260002136,pdb_00005yoy_I_F
11629,4,train,0.7097240686416626,pdb_00009h4r_X_Y
11630,4,train,0.010744491592049599,pdb_00006adc_E_F
11631,4,train,1.0056955814361572,pdb_00009hvw_H_L
11632,4,train,0.8593332171440125,pdb_00004xnm_B_A
11633,4,train,0.5662028193473816,pdb_00003dvn_H_L
11634,4,train,0.6168959140777588,pdb_00007dk2_G_H
11635,4,train,0.016866255551576614,pdb_00008jef_S1_S2
11636,4,train,0.6821574568748474,pdb_00006k7o_F_G
11637,4,train,0.952591061592102,pdb_00008e8y_H_L
11638,4,train,0.711388111114502,pdb_00007t3d_C_D
11639,4,train,0.3051191568374634,pdb_00005yoy_Q_N
11640,4,train,0.02758447267115116,pdb_00007x10_E1_E2
11641,4,train,0.9728819131851196,pdb_00009riq_H_L
11642,4,train,0.44000017642974854,pdb_00008jen_G_H
11643,4,train,0.7682749032974243,pdb_00004ag4_H_L
11644,4,train,0.13674873113632202,pdb_00006bah_B_A
11645,4,train,0.24628619849681854,pdb_00007k8m_A_B
11646,4,train,0.8434135913848877,pdb_00009cfg_H_L
11647,4,train,1.0060703754425049,pdb_00008uf7_B_A
11648,4,train,0.5226424932479858,pdb_00009cn2_B1_B2
11649,4,train,0.9479132294654846,pdb_00009kyz_A_B
11650,4,train,0.6836108565330505,pdb_00008vk1_C_B
11651,4,train,0.6144824624061584,pdb_00009lho_O_N
11652,4,train,0.5857248902320862,pdb_00007vyt_B_C
11653,4,train,0.021619010716676712,pdb_00007vgz_F1_F2
11654,4,train,0.5468387007713318,pdb_00007cdj_H_L
11655,4,train,0.8741225600242615,pdb_00008gsd_H_L
11656,4,train,0.03978356346487999,pdb_00009ggg_S1_S2
11657,4,train,1.128096580505371,pdb_00009y41_H_L
11658,4,train,0.10362120717763901,pdb_00007u0g_N1_N2
11659,4,train,0.6386889219284058,pdb_00004hj0_C_D
11660,4,train,0.03389913961291313,pdb_00006x3z_J_I
11661,4,train,1.250598669052124,pdb_00008gb5_I_H
11662,4,train,0.016573501750826836,pdb_00009ik8_E1_E2
11663,4,train,0.06255258619785309,pdb_00006w0a_A_B
11664,4,train,0.019757896661758423,pdb_00008vrn_J_I
11665,4,train,0.009747357107698917,pdb_00003zdx_E_F
11666,4,train,1.1202194690704346,pdb_00008ywe_C2_C1
11667,4,train,0.7559822797775269,pdb_00007pa7_eee2_eee1
11668,4,train,0.32563814520835876,pdb_00006txz_I_M
11669,4,train,1.0361813306808472,pdb_00004u6h_C_D
11670,4,train,0.026664873585104942,pdb_00008t3q_N1_N2
11671,4,train,0.596703290939331,pdb_00003eo1_K_J
11672,4,train,1.168837308883667,pdb_00008jn1_H_L
11673,4,train,0.6075210571289062,pdb_00005kvf_H_L
11674,4,train,0.009234492667019367,pdb_00008z3m_S1_S2
11675,4,train,0.013007591478526592,pdb_00003nid_E_F
11676,4,train,0.018540436401963234,pdb_00008e9z_E1_E2
11677,4,train,0.014999553561210632,pdb_00007k5y_N2_N1
11678,4,train,0.007035783492028713,pdb_00002vdm_H_L
11679,4,train,0.7144470810890198,pdb_00009mtj_M_N
11680,4,train,0.29298052191734314,pdb_00006yz7_HHH_LLL
11681,4,train,1.3297702074050903,pdb_00009vnp_C_A
11682,4,train,0.026619577780365944,pdb_00008hvi_H1_H2
11683,4,train,0.03195585682988167,pdb_00008xxz_S1_S2
11684,4,train,0.12083470821380615,pdb_00009ouq_J_K
11685,4,train,0.3122759163379669,pdb_00007f7h_A_B
11686,4,train,0.828552782535553,pdb_00009b2m_H_L
11687,4,train,0.7703986763954163,pdb_00008v5v_f_g
11688,4,train,0.8599277138710022,pdb_00007t82_D_C
11689,4,train,0.3729264438152313,pdb_00007mzk_F_E
11690,4,train,0.2974697947502136,pdb_00006vvu_H_L
11691,4,train,0.9824870824813843,pdb_00009kvk_H_L
11692,4,train,0.013369650579988956,pdb_00007t6u_E1_E2
11693,4,train,0.6423534750938416,pdb_00009vhz_A_B
11694,4,train,0.01886136271059513,pdb_00009kpf_S1_S2
11695,4,train,0.5029072165489197,pdb_00008j7e_C_D
11696,4,train,0.5514464974403381,pdb_00008h7z_F_I
11697,4,train,0.14452575147151947,pdb_00006vmk_Z_Y
11698,4,train,0.2854607403278351,pdb_00009zqa_J2_J1
11699,4,train,0.021355338394641876,pdb_00007yon_S1_S2
11700,4,train,0.1006980612874031,pdb_00009zqb_I2_I1
11701,4,train,0.5286531448364258,pdb_00009lbs_D_C
11702,4,train,1.2076783180236816,pdb_00008kdr_H_L
11703,4,train,0.7625920176506042,pdb_00008cxg_G_I
11704,4,train,0.7617312669754028,pdb_00007t3d_H_L
11705,4,train,0.7102854251861572,pdb_00009k6y_H_L
11706,4,train,0.989696204662323,pdb_00008v52_D_C
11707,4,train,0.4492298364639282,pdb_00009oj4_B_A
11708,4,train,0.5206153988838196,pdb_00006pi7_F_E
11709,4,train,0.4971928000450134,pdb_00008bg5_A1_A2
11710,4,train,0.5633862614631653,pdb_00008too_D_C
11711,4,train,0.6868898868560791,pdb_00007mxl_H_L
11712,4,train,1.032835841178894,pdb_00006plk_I_M
11713,4,train,0.015567217022180557,pdb_00003ze0_E_F
11714,4,train,1.224297285079956,pdb_00006glx_C_D
11715,4,train,0.7259051203727722,pdb_00005h35_H_I
11716,4,train,0.7783401012420654,pdb_00007f3q_H_L
11717,4,train,0.7447889447212219,pdb_00004oii_H_L
11718,4,train,0.349752277135849,pdb_00007jmo_H_L
11719,4,train,0.027981681749224663,pdb_00009v2n_S1_S2
11720,4,train,0.044838301837444305,pdb_00008jln_S1_S2
11721,4,train,0.8053056001663208,pdb_00009dn2_I_M
11722,4,train,0.06676357239484787,pdb_00006bae_B_A
11723,4,train,0.010499108582735062,pdb_00009vj6_E1_E2
11724,4,train,0.7698813676834106,pdb_00009mtj_I_J
11725,4,train,1.0353013277053833,pdb_00008dv6_H_D
11726,4,train,0.8629932999610901,pdb_00001rjl_B_A
11727,4,train,0.5713675022125244,pdb_00007lq7_y_z
11728,4,train,0.384682297706604,pdb_00007sts_A_B
11729,4,train,0.6323463320732117,pdb_00004gxu_W_X
11730,4,train,0.9892734289169312,pdb_00007shy_K_L
11731,4,train,0.8118804097175598,pdb_00006h3u_H_L
11732,4,train,0.041212961077690125,pdb_00008sid_J_I
11733,4,train,0.6276804804801941,pdb_00007jum_H1_H2
11734,4,train,0.015751050785183907,pdb_00007yu3_S1_S2
11735,4,train,0.055885832756757736,pdb_00007k60_M2_M1
11736,4,train,0.7000143527984619,pdb_00008dnn_B_C
11737,4,train,0.46652311086654663,pdb_00009iz9_O_P
11738,4,train,0.5012118220329285,pdb_00009hhr_F_E
11739,4,train,0.012889047153294086,pdb_00007vfx_S1_S2
11740,4,train,0.01178501546382904,pdb_00008ic0_E1_E2
11741,4,train,0.7915357351303101,pdb_00007zoz_H_L
11742,4,train,0.026946455240249634,pdb_00008jpn_S1_S2
11743,4,train,0.05607371777296066,pdb_00006vmk_r_q
11744,4,train,0.6344497203826904,pdb_00008sdh_H_L
11745,4,train,0.15283280611038208,pdb_00004tnw_V_Z
11746,4,train,1.1489039659500122,pdb_00008dcm_A_B
11747,4,train,0.017818232998251915,pdb_00009jhp_S1_S2
11748,4,train,0.018593112006783485,pdb_00008u1u_E1_E2
11749,4,train,0.4517485797405243,pdb_00007xcz_D_E
11750,4,train,0.9119663238525391,pdb_00007mzj_H_L
11751,4,train,0.6958399415016174,pdb_00008w83_A_B
11752,4,train,0.7504259943962097,pdb_00008dwo_U_V
11753,4,train,0.01235988736152649,pdb_00008zme_E1_E2
11754,4,train,0.8405336737632751,pdb_00009mkn_I_M
11755,4,train,0.006968349684029818,pdb_00009upu_S1_S2
11756,4,train,0.6544933319091797,pdb_00007ucq_H1_H2
11757,4,train,0.7624171376228333,pdb_00006ww5_E_F
11758,4,train,0.006811463739722967,pdb_00007rgp_E1_E2
11759,4,train,0.0070684729143977165,pdb_00008k6n_S1_S2
11760,4,train,0.018994905054569244,pdb_00008xx3_S1_S2
11761,4,train,0.48401620984077454,pdb_00009l6c_A_B
11762,4,train,0.01421299297362566,pdb_00008j6r_S1_S2
11763,4,train,0.35183966159820557,pdb_00007mjl_H_L
11764,4,train,0.0072215101681649685,pdb_00007ew7_E1_E2
11765,4,train,0.8925660848617554,pdb_00007uxl_A_B
11766,4,train,0.014086556620895863,pdb_00007t96_E1_E2
11767,4,train,0.017769889906048775,pdb_00008id4_S1_S2
11768,4,train,0.6080722212791443,pdb_00002i9l_B_A
11769,4,train,1.0564628839492798,pdb_00009rim_H_L
11770,4,train,0.9411385655403137,pdb_00004xzu_A_B
11771,4,train,0.6529580950737,pdb_00002iff_H_L
11772,4,train,0.6440867781639099,pdb_00005xhv_P_Q
11773,4,train,0.33079367876052856,pdb_00007s0b_A_B
11774,4,train,0.007406928110867739,pdb_00008y01_S1_S2
11775,4,train,0.6745200753211975,pdb_00008sdf_B_C
11776,4,train,0.9302089810371399,pdb_00005wko_C_D
11777,4,train,0.06828177720308304,pdb_00006k5i_C_D
11778,4,train,0.04580345004796982,pdb_00008sps_K1_K2
11779,4,train,0.5297701954841614,pdb_00009q7b_L_M
11780,4,train,0.1283719837665558,pdb_00005aam_A1_A2
11781,4,train,0.14586322009563446,pdb_00006yor_H_L
11782,4,train,0.8998552560806274,pdb_00005ggs_C_D
11783,4,train,0.014884603209793568,pdb_00007k5x_M2_M1
11784,4,train,0.03954705968499184,pdb_00006w0g_A_B
11785,4,train,1.2733033895492554,pdb_00003lqa_H_L
11786,4,train,0.4513896405696869,pdb_00008jel_I_K
11787,4,train,0.7462306022644043,pdb_00006wtu_H_I
11788,4,train,0.06717324256896973,pdb_00005aaw_K1_K2
11789,4,train,0.8583927750587463,pdb_00007uvi_D_E
11790,4,train,0.6155103445053101,pdb_00001orq_B_A
11791,4,train,0.6305376291275024,pdb_00008cma_H_L
11792,4,train,0.012549927458167076,pdb_00008ykw_E1_E2
11793,4,train,0.9475126266479492,pdb_00007s0x_H_L
11794,4,train,0.6971403360366821,pdb_00009mqd_H_L
11795,4,train,0.02581789530813694,pdb_00008yn8_E1_E2
11796,4,train,0.24159470200538635,pdb_00002x7l_A_B
11797,4,train,0.03549712523818016,pdb_00002itc_A_B
11798,4,train,0.013599908910691738,pdb_00009uam_E1_E2
11799,4,train,0.006973017007112503,pdb_00007s8o_E1_E2
11800,4,train,0.03174832835793495,pdb_00006vmk_E_D
11801,4,train,0.588021993637085,pdb_00008jqs_h_l
11802,4,train,0.35535740852355957,pdb_00009cia_D_C
11803,4,train,0.5611403584480286,pdb_00007tzh_A1_A2
11804,4,train,0.48055094480514526,pdb_00004dn4_H_L
11805,4,train,0.9205957055091858,pdb_00005e94_D_C
11806,4,train,0.5747290253639221,pdb_00001fj1_D_C
11807,4,train,0.45827993750572205,pdb_00009ban_E_F
11808,4,train,0.015559316612780094,pdb_00007wig_S1_S2
11809,4,train,0.04486318677663803,pdb_00006k5d_C_D
11810,4,train,0.49427253007888794,pdb_000011ol_H_L
11811,4,train,0.978254497051239,pdb_00007unb_H_L
11812,4,train,1.1688328981399536,pdb_00007s11_H_L
11813,4,train,1.133425235748291,pdb_00002r56_H_L
11814,4,train,0.011188057251274586,pdb_00009ik9_E1_E2
11815,4,train,0.9906337857246399,pdb_00009cu7_I_M
11816,4,train,1.1192020177841187,pdb_00006xpz_B_C
11817,4,train,0.6893107891082764,pdb_00009og2_D_E
11818,4,train,0.3729231059551239,pdb_00008f2j_H_L
11819,4,train,0.3789418339729309,pdb_00007f6z_H_L
11820,4,train,0.7651863694190979,pdb_00008y3i_I_J
11821,4,train,1.2707850933074951,pdb_00003lzf_H_L
11822,4,train,0.36910876631736755,pdb_00007pry_F_G
11823,4,train,0.4453466832637787,pdb_00007klh_I_M
11824,4,train,0.007002376019954681,pdb_00007tuz_E1_E2
11825,4,train,0.6843835711479187,pdb_00008f6x_D1_D2
11826,4,train,0.018432527780532837,pdb_00002vdo_H_L
11827,4,train,0.03482698276638985,pdb_00009vif_S1_S2
11828,4,train,0.723829448223114,pdb_00007t3d_J_M
11829,4,train,1.1199766397476196,pdb_00008tfn_H_L
11830,4,train,0.05488571897149086,pdb_00006vmk_P_O
11831,4,train,0.6437923908233643,pdb_00009vft_F_E
11832,4,train,0.8658475875854492,pdb_00009m7v_H_L
11833,4,train,0.5350298881530762,pdb_00007xsc_A_B
11834,4,train,1.1326340436935425,pdb_00004kuc_H_D
11835,4,train,0.4922944903373718,pdb_00008hpu_M_N
11836,4,train,0.015118652023375034,pdb_00009l80_S1_S2
11837,4,train,0.017534855753183365,pdb_00008zfz_D1_D2
11838,4,train,0.8580761551856995,pdb_00007y3n_C_D
11839,4,train,0.0086344163864851,pdb_00007eb2_N1_N2
11840,4,train,0.007391168270260096,pdb_00007ufh_E_F
11841,4,train,0.010427980683743954,pdb_00002exy_C_D
11842,4,train,1.1308428049087524,pdb_00005hbv_D_C
11843,4,train,0.008842830546200275,pdb_00007eo2_E1_E2
11844,4,train,0.013028347864747047,pdb_00007vgy_E1_E2
11845,4,train,0.1459549367427826,pdb_00007o7f_H_F
11846,4,train,0.025763802230358124,pdb_00002boc_A_B
11847,4,train,0.5943363308906555,pdb_00008tui_H_L
11848,4,train,0.9303222298622131,pdb_00008u4q_H_L
11849,4,train,0.010382324457168579,pdb_00001ott_C_D
11850,4,train,0.9029358625411987,pdb_00007wcr_a_b
11851,4,train,0.76882004737854,pdb_00008dxt_H_L
11852,4,train,0.7785289883613586,pdb_00009dm0_C_D
11853,4,train,0.6265579462051392,pdb_00008w84_A_B
11854,4,train,0.7834553718566895,pdb_00007djz_A_B
11855,4,train,0.46385228633880615,pdb_00007wqv_P1_P2
11856,4,train,0.005642150528728962,pdb_00007wf7_E1_E2
11857,4,train,1.4100401401519775,pdb_00005tfw_H_L
11858,4,train,0.40433815121650696,pdb_00009hhr_D_G
11859,4,train,0.020983275026082993,pdb_00009l42_E1_E2
11860,4,train,0.7290652990341187,pdb_00008g5b_I_M
11861,4,train,0.5641686916351318,pdb_00003nh7_J_N
11862,4,train,0.009750129655003548,pdb_00008e9x_E1_E2
11863,4,train,0.27218079566955566,pdb_00006xc4_H_L
11864,4,train,0.4611758887767792,pdb_00008j8r_D_E
11865,4,train,0.36419475078582764,pdb_00009me5_I_M
11866,4,train,0.6711103916168213,pdb_00009h4s_H_L
11867,4,train,0.10911204665899277,pdb_00009zq9_J2_J1
11868,4,train,0.7861469388008118,pdb_00007scn_H_L
11869,4,train,0.48359426856040955,pdb_00003fku_X1_X2
11870,4,train,0.6239574551582336,pdb_00008jio_C_B
11871,4,train,0.027622023597359657,pdb_00006xbk_S1_S2
11872,4,train,0.47694477438926697,pdb_00007cho_H_L
11873,4,train,0.016691291704773903,pdb_00008x8n_E1_E2
11874,4,train,0.6282393336296082,pdb_00009axl_H_L
11875,4,train,1.337425708770752,pdb_00003mj9_H_L
11876,4,train,0.6197460293769836,pdb_00001fsk_I_H
11877,4,train,0.6292440891265869,pdb_00009mqd_I_M
11878,4,train,0.7931379675865173,pdb_00006a4k_I_M
11879,4,train,1.1001911163330078,pdb_00007yvf_C_A
11880,4,train,0.5224403738975525,pdb_00002jix_D_G
11881,4,train,0.04203195124864578,pdb_00006x3z_K_L
11882,4,train,0.01564622111618519,pdb_00009uk2_E1_E2
11883,4,train,0.5403555035591125,pdb_00005kov_I1_I2
11884,4,train,0.7694951295852661,pdb_00009n4e_O_R
11885,4,train,0.011149131692945957,pdb_00008jlk_S1_S2
11886,4,train,0.02303515188395977,pdb_00008hqn_H1_H2
11887,4,train,0.44675469398498535,pdb_00009n7q_H_L
11888,4,train,0.00740769412368536,pdb_00009kz2_H1_H2
11889,4,train,0.01721278764307499,pdb_00007na7_N1_N2
11890,4,train,0.010041646659374237,pdb_00006lfm_S1_S2
11891,4,train,0.8289953470230103,pdb_00009gwt_H_L
11892,4,train,0.5390233993530273,pdb_00007eam_C_D
11893,4,train,0.35506752133369446,pdb_00008as0_W_V
11894,4,train,0.613994836807251,pdb_00008y0y_D1_D4
11895,4,train,0.8484663367271423,pdb_00008xe9_A_B
11896,4,train,0.9846724271774292,pdb_00009mtg_I_J
11897,4,train,0.6817280054092407,pdb_00009mla_H_K
11898,4,train,0.013587434776127338,pdb_00006os9_D1_D2
11899,4,train,0.13634182512760162,pdb_00008vgi_H_G
11900,4,train,0.3785513639450073,pdb_00009k6j_A_B
11901,4,train,0.012353496626019478,pdb_00008hj5_C1_C2
11902,4,train,0.019924266263842583,pdb_00008yn4_E1_E2
11903,4,train,0.32121866941452026,pdb_00008smt_H_L
11904,4,train,0.31143978238105774,pdb_00009jy2_B_A
11905,4,train,0.5051173567771912,pdb_00008vgl_E_F
11906,4,train,0.7155213952064514,pdb_00009npg_A_B
11907,4,train,0.11296392977237701,pdb_00008vgk_H_G
11908,4,train,0.6875742673873901,pdb_00006k7o_B_C
11909,4,train,0.5325049757957458,pdb_00009q5v_K_J
11910,4,train,1.1741875410079956,pdb_00009leo_A_B
11911,4,train,0.5981162190437317,pdb_00007cgw_H_L
11912,4,train,0.0327003039419651,pdb_00008z8a_S1_S2
11913,4,train,0.01819770596921444,pdb_00007trp_H1_H2
11914,4,train,0.17334161698818207,pdb_00003rif_H_L
11915,4,train,0.7309691905975342,pdb_00009dzf_H_L
11916,4,train,0.7235767245292664,pdb_00006vgr_C_D
11917,4,train,0.02347966842353344,pdb_00006dzt_N1_N2
11918,4,train,0.5005679130554199,pdb_00003nh7_H_L
11919,4,train,0.5954654812812805,pdb_00003eo1_E_D
11920,4,train,0.5591946840286255,pdb_00008wu1_H_L
11921,4,train,0.00929239857941866,pdb_00007y66_S1_S2
11922,4,train,0.5773438215255737,pdb_00009dzg_H_L
11923,4,train,0.08469990640878677,pdb_00009ge3_F1_F2
11924,4,train,0.4700930416584015,pdb_00008ulf_K_O
11925,4,train,0.008564664050936699,pdb_00009vi9_S1_S2
11926,4,train,0.4127378463745117,pdb_00008i5l_D1_D2
11927,4,train,0.9533522129058838,pdb_00006mlm_K_L
11928,4,train,1.0380290746688843,pdb_00007kqh_C_D
11929,4,train,0.01690324954688549,pdb_00009ejc_D1_D2
11930,4,train,0.4737360179424286,pdb_00002fjh_B_A
11931,4,train,0.40169456601142883,pdb_00001kiq_B_A
11932,4,train,1.207533359527588,pdb_00007r8u_HHH_LLL
11933,4,train,0.022156333550810814,pdb_00007vug_S1_S2
11934,4,train,1.0397440195083618,pdb_00007cqd_H_L
11935,4,train,0.07584177702665329,pdb_00008jt6_E1_E2
11936,4,train,0.6315504908561707,pdb_00006t3j_F_G
11937,4,train,0.6029261350631714,pdb_00008y3k_I_J
11938,4,train,0.19783833622932434,pdb_00006b3s_C_D
11939,4,train,0.17223069071769714,pdb_00003rhw_H_L
11940,4,train,0.25689855217933655,pdb_00003ri5_G_K
11941,4,train,0.3345077633857727,pdb_00005dhx_L2_L1
11942,4,train,0.9000682234764099,pdb_00005a3i_C_D
11943,4,train,0.17982013523578644,pdb_00001g7m_B_A
11944,4,train,0.11983689665794373,pdb_00009oun_H_L
11945,4,train,0.5816761255264282,pdb_00007mem_H_L
11946,4,train,1.1535292863845825,pdb_00008tp5_E_F
11947,4,train,1.3907886743545532,pdb_00006xq0_B_C
11948,4,train,0.6036088466644287,pdb_00008wpw_C_D
11949,4,train,0.08200622349977493,pdb_00009xhh_D1_D2
11950,4,train,0.9222573637962341,pdb_00007w71_H_L
11951,4,train,0.03803306072950363,pdb_00003stl_A_B
11952,4,train,0.7689002752304077,pdb_00008gs9_H_K
11953,4,train,0.5183185935020447,pdb_00009irs_H_L
11954,4,train,0.7189267873764038,pdb_00007x6o_I_K
11955,4,train,1.0213470458984375,pdb_00007x3d_H_L
11956,4,train,0.5797419548034668,pdb_00006ban_B_A
11957,4,train,0.1879269778728485,pdb_00004tnw_X_i
11958,4,train,0.013610809110105038,pdb_00008k3z_S1_S2
11959,4,train,0.7910959720611572,pdb_00004al8_H_L
11960,4,train,0.042960505932569504,pdb_00008iw1_S1_S2
11961,4,train,0.02466556802392006,pdb_00002vdk_H_L
11962,4,train,1.1956589221954346,pdb_00008ezl_H1_H2
11963,4,train,0.25640156865119934,pdb_00008elp_H_L
11964,4,train,0.7860019207000732,pdb_00006bpa_B_C
11965,4,train,0.04495730623602867,pdb_00008y72_E1_E2
11966,4,train,0.5174642205238342,pdb_00007wqv_N1_N2
11967,4,train,0.5351378321647644,pdb_00003ri5_F_N
11968,4,train,0.8234133124351501,pdb_00008zd5_H_I
11969,4,train,0.019419914111495018,pdb_00007t6s_E1_E2
11970,4,train,0.014297515153884888,pdb_00009ije_D1_D2
11971,4,train,1.3959472179412842,pdb_00005d1z_F_E
11972,4,train,0.017875846475362778,pdb_00007u0j_N1_N2
11973,4,train,0.6489809155464172,pdb_00005xhv_H_L
11974,4,train,0.607842206954956,pdb_00008hrd_D_F
11975,4,train,0.03158901631832123,pdb_00009m55_S1_S2
11976,4,train,0.6076072454452515,pdb_00005kov_E1_E2
11977,4,train,0.2346421480178833,pdb_00001g7h_B_A
11978,4,train,0.19833125174045563,pdb_00008i5h_H_L
11979,4,train,0.7640708684921265,pdb_00007cqd_I_M
11980,4,train,0.601421594619751,pdb_00004lf3_B_A
11981,4,train,0.011368040926754475,pdb_00008id6_S1_S2
11982,4,train,0.6089749932289124,pdb_00008go8_I_M
11983,4,train,0.7270196676254272,pdb_00008khr_H_L
11984,4,train,0.2602294683456421,pdb_00008wnp_D_C
11985,4,train,0.03722251579165459,pdb_00008i9l_H1_H2
11986,4,train,0.344480961561203,pdb_00008bcz_C_D
11987,4,train,0.010547648184001446,pdb_00009ll7_S1_S2
11988,4,train,0.17247387766838074,pdb_00008ihi_S1_S2
11989,4,train,0.01419452391564846,pdb_00008x8l_E1_E2
11990,4,train,0.0088370805606246,pdb_00007wv9_S1_S2
11991,4,train,0.3498091399669647,pdb_00007lop_W_V
11992,4,train,1.0533645153045654,pdb_00003qwo_A_B
11993,4,train,0.11274159699678421,pdb_00003fb6_A_B
11994,4,train,1.038269281387329,pdb_00002ybr_G_H
11995,4,train,1.3055450916290283,pdb_00007rco_F_E
11996,4,train,0.471198707818985,pdb_00002wuc_H_L
11997,4,train,0.02641327492892742,pdb_00008g05_E1_E2
11998,4,train,0.716906726360321,pdb_00009cfe_A_B
11999,4,train,0.03867851570248604,pdb_00009j5v_S1_S2
12000,4,train,0.770833432674408,pdb_00007ttx_H_L
12001,4,train,0.08004014194011688,pdb_00006vmk_u_t
12002,4,train,0.016919869929552078,pdb_00007xjj_S1_S2
12003,4,train,1.034853219985962,pdb_00002zck_H_L
12004,4,train,0.29108959436416626,pdb_00001xiw_D_C
12005,4,train,0.01346620824187994,pdb_00007vdh_S1_S2
12006,4,train,0.19956207275390625,pdb_00001uac_H_L
12007,4,train,0.037693776190280914,pdb_00007jvr_E1_E2
12008,4,train,0.4272330105304718,pdb_00008jel_C_D
12009,4,train,0.1994047909975052,pdb_00008j22_F1_F2
12010,4,train,0.039384566247463226,pdb_00001ots_C_D
12011,4,train,0.5868617296218872,pdb_00004n90_H_I
12012,4,train,0.013286156579852104,pdb_00009jmd_E1_E2
12013,4,train,0.5757325291633606,pdb_00003u30_F_E
12014,4,train,0.7032912373542786,pdb_00001tqb_B_C
12015,4,train,0.053168583661317825,pdb_00007xw9_S1_S2
12016,4,train,0.684884786605835,pdb_00008eed_I_J
12017,4,train,1.1416923999786377,pdb_00007n4j_H_L
12018,4,train,0.6426814794540405,pdb_00009b82_N_M
12019,4,train,0.6886131167411804,pdb_00007wvd_G_H
12020,4,train,0.5514663457870483,pdb_00007m6d_H_L
12021,4,train,0.3983100950717926,pdb_00005dhx_B2_B1
12022,4,train,0.640028715133667,pdb_00004qci_H_L
12023,4,train,0.059974007308483124,pdb_00008ijb_S1_S2
12024,4,train,1.078235387802124,pdb_00007yh6_H_L
12025,4,train,0.04151488468050957,pdb_00006vmk_S_R
12026,4,train,0.7660520672798157,pdb_00007ebz_E_F
12027,4,train,0.24335429072380066,pdb_00006z2m_B_C
12028,4,train,0.06300169229507446,pdb_00008dk5_N1_N2
12029,4,train,0.04351769760251045,pdb_00009m0r_S1_S2
12030,4,train,0.027574801817536354,pdb_00007ukt_E_F
12031,4,train,0.9197161197662354,pdb_00006t9d_HHH_LLL
12032,4,train,0.2830331325531006,pdb_00008f2j_A_B
12033,4,train,0.5578096508979797,pdb_00007whz_B_D
12034,4,train,0.9390740990638733,pdb_00008tp5_H_L
12035,4,train,0.4652745723724365,pdb_00005w0k_E_F
12036,4,train,0.48452460765838623,pdb_00008vgm_H_L
12037,4,train,0.9996719360351562,pdb_00007rco_D_C
12038,4,train,0.1287529021501541,pdb_00008e9w_E1_E2
12039,4,train,0.2014148235321045,pdb_00001ic7_H_L
12040,4,train,0.6976187825202942,pdb_00004gxu_Q_R
12041,4,train,1.1271775960922241,pdb_00007y6l_H_L
12042,4,train,1.0050625801086426,pdb_00009oea_H_L
12043,4,train,0.45599913597106934,pdb_00008ulf_I_M
12044,4,train,1.0727674961090088,pdb_00009yyu_J_N
12045,4,train,0.37656497955322266,pdb_00007wqv_L1_L2
12046,4,train,1.3117872476577759,pdb_00006uyn_H_L
12047,4,train,0.6628648638725281,pdb_00009bt5_E_F
12048,4,train,0.6150159239768982,pdb_00008y31_D_C
12049,4,train,0.018253618851304054,pdb_00007y24_S1_S2
12050,4,train,0.9185049533843994,pdb_00007dm1_D_C
12051,4,train,1.2325061559677124,pdb_00008hgm_C_D
12052,4,train,0.03618256375193596,pdb_00007t10_S1_S2
12053,4,train,0.5958130359649658,pdb_00004odx_H_B
12054,4,train,0.44965553283691406,pdb_00008i0n_H_L
12055,4,train,0.009504801593720913,pdb_00009k3f_S1_S2
12056,4,train,0.6494441032409668,pdb_00007bbj_H_L
12057,4,train,0.011488007381558418,pdb_00008jxt_E1_E2
12058,4,train,0.45023465156555176,pdb_00005dhy_H_L
12059,4,train,0.8775399327278137,pdb_00007n0a_B_A
12060,4,train,0.6807795166969299,pdb_00008u4s_F_E
12061,4,train,0.69919353723526,pdb_00009cff_H_L
12062,4,train,1.2996704578399658,pdb_00007ean_H_L
12063,4,train,0.014783719554543495,pdb_00002fed_E_F
12064,4,train,0.8860771059989929,pdb_00004wv1_E_D
12065,4,train,1.0056554079055786,pdb_00004hg4_P_Q
12066,4,train,0.807275652885437,pdb_00007zfb_C_D
12067,4,train,0.03872381150722504,pdb_00008j21_B1_B2
12068,4,train,0.04487329348921776,pdb_00008u9s_M2_M1
12069,4,train,0.7027684450149536,pdb_00009n4e_Q_P
12070,4,train,0.49684590101242065,pdb_00002r0l_H_L
12071,4,train,0.028625130653381348,pdb_00008u9s_N2_N1
12072,4,train,1.0849827527999878,pdb_00007l5j_Y_X
12073,4,train,0.13429538905620575,pdb_00001kir_B_A
12074,4,train,0.1268291026353836,pdb_00009ov4_J_K
12075,4,train,0.5123288631439209,pdb_00007mzj_F_E
12076,4,train,0.1251179724931717,pdb_00008vgj_H_G
12077,4,train,0.8141709566116333,pdb_00005wko_G_H
12078,4,train,0.7966044545173645,pdb_00007det_B1_B2
12079,4,train,0.0156168881803751,pdb_00007ys6_E1_E2
12080,4,train,0.6462772488594055,pdb_00002vit_B_A
12081,4,train,0.23029623925685883,pdb_00009exa_F_E
12082,4,train,0.01055713277310133,pdb_00008jlr_S1_S2
12083,4,train,0.7082986235618591,pdb_00009npg_D_E
12084,4,train,0.835320770740509,pdb_00009lsj_D1_E2
12085,4,train,0.03776472806930542,pdb_00007f2o_S1_S2
12086,4,train,0.024942472577095032,pdb_00009izd_S1_S2
12087,4,train,0.693447470664978,pdb_00006n5e_E_D
12088,4,train,0.5003055334091187,pdb_00008y3h_I_J
12089,4,train,0.027412336319684982,pdb_00009jfy_S1_S2
12090,4,train,0.8192902207374573,pdb_00007chc_A_B
12091,4,train,0.7344902157783508,pdb_00007deu_B1_B2
12092,4,train,0.5523945093154907,pdb_00007ws2_E_D
12093,4,train,0.6251765489578247,pdb_00006vgr_H_L
12094,4,train,0.6859793066978455,pdb_00008y3i_G_H
12095,4,train,0.7090551853179932,pdb_00008vsj_H_L
12096,4,train,0.5471603870391846,pdb_00006h3u_I_M
12097,4,train,0.014706095680594444,pdb_00008i97_H1_H2
12098,4,train,0.8630421757698059,pdb_00007bsc_H_L
12099,4,train,0.03247171640396118,pdb_00006dde_E1_E2
12100,4,train,0.5336499214172363,pdb_00007rk2_C1_C2
12101,4,train,0.042977627366781235,pdb_00007tho_E_F
12102,4,train,0.399848073720932,pdb_00007xik_H_L
12103,4,train,0.8050722479820251,pdb_00007t3d_O_Q
12104,4,train,0.993507981300354,pdb_00008gpu_C_D
12105,4,train,0.8843738436698914,pdb_00006ek2_H1_H2
12106,4,train,0.04327574744820595,pdb_00008x16_H1_H2
12107,4,train,0.5320107936859131,pdb_00008cn9_L_K
12108,4,train,0.6655600666999817,pdb_00007zfc_H_L
12109,4,train,0.6921188235282898,pdb_00007lfa_B_D
12110,4,train,0.8990173935890198,pdb_00007x3e_H_L
12111,4,train,0.028420476242899895,pdb_00007u0i_K1_K2
12112,4,train,1.0271912813186646,pdb_00003c09_C_B
12113,4,train,0.01951933465898037,pdb_00008k4n_E1_E2
12114,4,train,0.7179739475250244,pdb_00005ggt_H_L
12115,4,train,1.0538605451583862,pdb_00006vc9_H_L
12116,4,train,0.6809571385383606,pdb_00007bsd_A_B
12117,4,train,0.025496741756796837,pdb_00009l79_S1_S2
12118,4,train,0.020485736429691315,pdb_00008hpt_H1_H2
12119,4,train,0.6365634799003601,pdb_00009mqa_I_M
12120,4,train,0.020625196397304535,pdb_00009kxs_H1_H2
12121,4,train,0.041976165026426315,pdb_00006vmk_l_k
12122,4,train,0.619953989982605,pdb_00001dee_F_E
12123,4,train,0.8285565376281738,pdb_00008tbq_A_B
12124,4,train,0.6028952598571777,pdb_00007sk7_D_C
12125,4,train,0.3789467215538025,pdb_00007ejy_H_L
12126,4,train,0.03987938165664673,pdb_00007xbd_E1_E2
12127,4,train,0.018721245229244232,pdb_00007y67_S1_S2
12128,4,train,0.010539621114730835,pdb_00008k6m_S1_S2
12129,4,train,0.01149491686373949,pdb_00008gag_S1_S2
12130,4,train,1.2807434797286987,pdb_00006ddv_B_A
12131,4,train,0.018347477540373802,pdb_00009iyb_E1_E2
12132,4,train,0.3735721707344055,pdb_00008as0_N_M
12133,4,train,1.058844804763794,pdb_00007y0w_A_B
12134,4,train,1.0761892795562744,pdb_00009ma7_D_E
12135,4,train,1.4095940589904785,pdb_00008kep_H_L
12136,4,train,0.030451534315943718,pdb_00008ij3_S1_S2
12137,4,train,0.4447484314441681,pdb_00007whz_H_L
12138,4,train,0.6180984377861023,pdb_00007ucq_I1_I2
12139,4,train,0.07209353148937225,pdb_00008vgi_K_L
12140,4,train,0.74168461561203,pdb_00007fci_H_L
12141,4,train,0.4130469262599945,pdb_00007kfv_F_G
12142,4,train,0.07518096268177032,pdb_00009vjf_E1_E2
12143,4,train,0.06735625118017197,pdb_00003fb8_A_B
12144,4,train,1.6094510555267334,pdb_00009lbw_H_L
12145,4,train,0.6303920149803162,pdb_00008cz8_A2_A1
12146,4,train,0.37363770604133606,pdb_00008jen_C_D
12147,4,train,0.7817136645317078,pdb_00006ejg_D2_D1
12148,4,train,0.015618517063558102,pdb_00007s8l_E1_E2
12149,4,train,0.8445099592208862,pdb_00003eoa_H_L
12150,4,train,0.8299857378005981,pdb_00009mif_H_L
12151,4,train,0.7846609950065613,pdb_00006t9d_AAA_BBB
12152,4,train,0.8502770066261292,pdb_00009mtl_I_J
12153,4,train,1.0211372375488281,pdb_00008hrd_L_M
12154,4,train,0.020910581573843956,pdb_00007ezm_H1_H2
12155,4,train,0.6249679327011108,pdb_00008dn7_A_B
12156,4,train,0.037271399050951004,pdb_00008tzq_E1_E2
12157,4,train,0.01085093803703785,pdb_00009kvg_E1_E2
12158,4,train,0.6098312735557556,pdb_00001za3_B_A
12159,4,train,0.011072572320699692,pdb_00008xqp_S1_S2
12160,4,train,0.02439526841044426,pdb_00008wwl_E1_E2
12161,4,train,0.3148682713508606,pdb_00008jen_A_B
12162,4,train,1.1291593313217163,pdb_00009e3l_K_L
12163,4,train,0.027238797396421432,pdb_00008j6i_H1_H2
12164,4,train,0.009928341954946518,pdb_00007s8p_E1_E2
12165,4,train,1.0038676261901855,pdb_00008zre_h_l
12166,4,train,0.8373450636863708,pdb_00006hjp_G_H
12167,4,train,1.0282418727874756,pdb_00007c88_A_B
12168,4,train,0.018239576369524002,pdb_00007y1f_E1_E2
12169,4,train,0.7723293304443359,pdb_00009mtf_I_J
12170,4,train,0.018110860139131546,pdb_00007vig_E1_E2
12171,4,train,0.6117216348648071,pdb_00007dpm_A_B
12172,4,train,0.9095662236213684,pdb_00007mzj_N_M
12173,4,train,0.6999557614326477,pdb_00008jin_P2_P1
12174,4,train,0.013110416010022163,pdb_00008dwg_E1_E2
12175,4,train,0.5579344034194946,pdb_00007rks_H_L
12176,4,train,0.012774665839970112,pdb_00007uk9_E_F
12177,4,train,0.017753738909959793,pdb_00004z7q_E_F
12178,4,train,0.5861256122589111,pdb_00002eks_B_A
12179,4,train,1.265559196472168,pdb_00005d1z_D_C
12180,4,train,0.04241589084267616,pdb_00003det_C_D
12181,4,train,0.6739075183868408,pdb_00007vyr_H_L
12182,4,train,0.6568973660469055,pdb_00007dq7_H_L
12183,4,train,0.5488890409469604,pdb_00004ma7_H_L
12184,4,train,0.6018708348274231,pdb_00009bt5_C_D
12185,4,train,0.023726049810647964,pdb_00008yuu_S1_S2
12186,4,train,0.02721601352095604,pdb_00008xgs_D1_D2
12187,4,train,1.056853175163269,pdb_00004f37_F_K
12188,4,train,1.036232352256775,pdb_00002vxq_H_L
12189,4,train,0.9623183608055115,pdb_00007q6c_H_L
12190,4,train,0.02448228932917118,pdb_00002ht3_C_D
12191,4,train,0.015167860314249992,pdb_00007vkt_E1_E2
12192,4,train,0.10101926326751709,pdb_00006x40_K_L
12193,4,train,0.042391400784254074,pdb_00009ipv_S1_S2
12194,4,train,0.7985350489616394,pdb_00007l7e_M_N
12195,4,train,1.0298243761062622,pdb_00006dfj_H_L
12196,4,train,0.010728500783443451,pdb_00008vvf_E1_E2
12197,4,train,0.1770341396331787,pdb_00004ioi_B_A
12198,4,train,0.5776086449623108,pdb_00005wko_A_B
12199,4,train,0.013156430795788765,pdb_00009lrs_E1_E2
12200,4,train,0.6298366785049438,pdb_00007bpk_C_D
12201,4,train,0.018841005861759186,pdb_00003ejy_E_F
12202,4,train,0.7178453803062439,pdb_00008f0h_H_L
12203,4,train,0.14208665490150452,pdb_00009oup_H_L
12204,4,train,0.3009053170681,pdb_00001nbz_B_A
12205,4,train,0.42682012915611267,pdb_00008j7e_A_B
12206,4,train,0.9061290621757507,pdb_00007xj9_K_J
12207,4,train,0.48833218216896057,pdb_00008hn6_C_D
12208,4,train,0.6914315819740295,pdb_00009mla_I_L
12209,4,train,0.03901321813464165,pdb_00007k61_M2_M1
12210,4,train,0.007393218576908112,pdb_00008utd_D1_D2
12211,4,train,0.7159426808357239,pdb_00004oii_I_M
12212,4,train,0.4531044065952301,pdb_00007kf0_H_L
12213,4,train,0.40620964765548706,pdb_00001dzb_A1_A2
12214,4,train,0.5894609689712524,pdb_00007bbj_M_N
12215,4,train,0.9456942677497864,pdb_00007upb_B_E
12216,4,train,0.012190591543912888,pdb_00008zqe_S1_S2
12217,4,train,1.4631867408752441,pdb_00008ulj_H_L
12218,4,train,0.5638939738273621,pdb_00009ccs_C_B
12219,4,train,0.7697857022285461,pdb_00008q6j_D_C
12220,4,train,0.011024342849850655,pdb_00008xzf_S1_S2
12221,4,train,0.091002456843853,pdb_00006adb_C_D
12222,4,train,0.5255689024925232,pdb_00007xsc_D_H
12223,4,train,0.719450056552887,pdb_00007scn_J_K
12224,4,train,0.20518191158771515,pdb_00001dzb_B1_B2
12225,4,train,0.568311870098114,pdb_00007ubs_I1_I2
12226,4,train,0.3966121971607208,pdb_00008dn6_C_D
12227,4,train,0.45876672863960266,pdb_00009bao_G_H
12228,4,train,0.04081784561276436,pdb_00007e33_E1_E2
12229,4,train,0.9587453603744507,pdb_00005lsp_H_L
12230,4,train,0.18800899386405945,pdb_00009ctu_F_E
12231,4,train,0.8117480278015137,pdb_00008ee8_H_L
12232,4,train,0.02702677994966507,pdb_00008iyw_H1_H2
12233,4,train,0.1711280643939972,pdb_00006zlr_BBB_CCC
12234,4,train,0.4016425907611847,pdb_00009lrf_H_L
12235,4,train,0.018534477800130844,pdb_00009iy8_S1_S2
12236,4,train,0.014534731395542622,pdb_00008dzr_E1_E2
12237,4,train,0.8410313725471497,pdb_00008yx9_G_I
12238,4,train,0.007901343517005444,pdb_00009v81_E1_E2
12239,4,train,0.5809661746025085,pdb_00009wsv_H_L
12240,4,train,0.8606203198432922,pdb_00004l5f_H_L
12241,4,train,0.5603095889091492,pdb_00009qub_F_E
12242,4,train,0.08719746023416519,pdb_00008sgo_J_I
12243,4,train,0.6467587947845459,pdb_00007l7e_E_F
12244,4,train,0.6886236071586609,pdb_00007f0x_B1_B2
12245,4,train,0.12009981274604797,pdb_00009oum_H_L
12246,4,train,0.8557047247886658,pdb_00001n6q_H_L
12247,4,train,0.021009651944041252,pdb_00008iz4_E1_E2
12248,4,train,0.025391975417733192,pdb_00008rql_S1_S2
12249,4,train,0.02792344242334366,pdb_00003gb7_A_B
12250,4,train,1.060036540031433,pdb_00006flc_H_L
12251,4,train,0.012125843204557896,pdb_00003ejy_C_D
12252,4,train,0.015783488750457764,pdb_00009le2_S1_S2
12253,4,train,2.180112838745117,pdb_00004i3r_H_L
12254,4,train,1.0881978273391724,pdb_00007u9w_H1_H2
12255,4,train,0.8029800653457642,pdb_00009dn2_H_L
12256,4,train,0.01240099873393774,pdb_00007vv3_S1_S2
12257,4,train,0.09125600010156631,pdb_00008evi_M1_M2
12258,4,train,0.41637635231018066,pdb_00008w2e_D_C
12259,4,train,0.8835314512252808,pdb_00007l5j_W_L
12260,4,train,0.3561956286430359,pdb_00002eiz_B_A
12261,4,train,0.3458598852157593,pdb_00008ulf_H_L
12262,4,train,0.7362768650054932,pdb_00004kxz_J_I
12263,4,train,0.6280151009559631,pdb_00006wzl_A_B
12264,4,train,0.0151700833812356,pdb_00009k6l_S1_S2
12265,4,train,0.5145198702812195,pdb_00005kov_C1_C2
12266,4,train,0.6134417653083801,pdb_00005ugy_I_M
12267,4,train,0.022344617173075676,pdb_00008yn2_E1_E2
12268,4,train,0.036434318870306015,pdb_00007w6p_H1_H2
12269,4,train,0.01691754348576069,pdb_00006xox_E1_E2
12270,4,train,0.8222184777259827,pdb_00008bg1_J_K
12271,4,train,0.05591709166765213,pdb_00006vmk_H_G
12272,4,train,0.6176173686981201,pdb_00007rku_J_K
12273,4,train,0.9126148819923401,pdb_00005umi_A_B
12274,4,train,0.4137570261955261,pdb_00005yoy_H_E
12275,4,train,0.5621242523193359,pdb_00003h42_H_L
12276,4,train,0.7178071141242981,pdb_00006a4k_K_O
12277,4,train,0.8190702199935913,pdb_00003g6d_H_L
12278,4,train,0.4654097855091095,pdb_00007zlg_H_L
12279,4,train,0.02267422154545784,pdb_00007ej0_H1_H2
12280,4,train,0.7385477423667908,pdb_00006wtv_B_C
12281,4,train,1.0525850057601929,pdb_00009kvk_A_B
12282,4,train,0.01388725358992815,pdb_00009m54_S1_S2
12283,4,train,0.5117714405059814,pdb_00005wko_E_F
12284,4,train,0.7833022475242615,pdb_00006wno_E_F
12285,4,train,0.020807452499866486,pdb_00007xav_E1_E2
12286,4,train,0.10859228670597076,pdb_00005aaw_A1_A2
12287,4,train,0.4628726541996002,pdb_00009lrh_H_L
12288,4,train,0.5845677852630615,pdb_00006cyf_U_T
12289,4,train,0.0862225592136383,pdb_00006x40_J_I
12290,4,train,0.8098882436752319,pdb_00009j4c_H_L
12291,4,train,0.6260940432548523,pdb_00008hrd_Y_Z
12292,4,train,1.3732675313949585,pdb_00009ivj_H_L
12293,4,train,1.3510267734527588,pdb_00006q18_H_L
12294,4,train,0.02687847428023815,pdb_00008id3_S1_S2
12295,4,train,0.012255031615495682,pdb_00008j1a_S1_S2
12296,4,train,0.7174299955368042,pdb_00003qwo_H_L
12297,4,train,0.03386935591697693,pdb_00008t3v_N1_N2
12298,4,train,0.7427622079849243,pdb_00008e2u_H_L
12299,4,train,0.5039641857147217,pdb_00004n90_D_E
12300,4,train,0.010770387947559357,pdb_00009oxb_D1_D2
12301,4,train,1.1456561088562012,pdb_00009mtk_H_L
12302,4,train,0.010941797867417336,pdb_00008zbi_F1_F2
12303,4,train,0.7883692979812622,pdb_00008rmy_E_F
12304,4,train,0.23830559849739075,pdb_00002qr0_B_A
12305,4,train,0.24456056952476501,pdb_000011oq_H_L
12306,4,train,0.5656123757362366,pdb_00008jkh_h_l
12307,4,train,1.193589687347412,pdb_00008ag1_H_L
12308,4,train,0.45548784732818604,pdb_00005wk3_W_V
12309,4,train,0.9768893718719482,pdb_00007t0w_O_P
12310,4,train,0.02658875472843647,pdb_00008gcp_E1_E2
12311,4,train,0.4700760841369629,pdb_00008jel_F_G
12312,4,train,0.025939030572772026,pdb_00006x3x_K_L
12313,4,train,0.7577010989189148,pdb_00007v3g_I_M
12314,4,train,0.9276873469352722,pdb_00007s0x_C_D
12315,4,train,0.507513701915741,pdb_00001fbi_H_L
12316,4,train,0.917004406452179,pdb_00004hjj_H2_L2
12317,4,train,0.7177414894104004,pdb_00008rrn_H_L
12318,4,train,0.8219383358955383,pdb_00006u6u_H_L
12319,4,train,0.8279104828834534,pdb_00001p2c_E_D
12320,4,train,1.5881282091140747,pdb_00008s72_H_L
12321,4,train,0.6478933095932007,pdb_00009npg_K_J
12322,4,train,0.7207226157188416,pdb_00006n5d_E_F
12323,4,train,0.005022319965064526,pdb_00003t3m_H_L
12324,4,train,0.5484434962272644,pdb_00007yvm_C_A
12325,4,train,0.6970771551132202,pdb_00006ii9_H_L
12326,4,train,0.8655080199241638,pdb_00009oar_B_D
12327,4,train,1.1661728620529175,pdb_00004ut6_H_L
12328,4,train,0.4985547661781311,pdb_00006wzm_C_D
12329,4,train,0.020491326227784157,pdb_00008syp_N1_N2
12330,4,train,0.008195080794394016,pdb_00008jso_S1_S2
12331,4,train,0.1035412922501564,pdb_00006e0c_M1_M2
12332,4,train,0.5534347891807556,pdb_00009b82_H_L
12333,4,train,1.0557860136032104,pdb_00009mkn_S_T
12334,4,train,0.5262876749038696,pdb_00002i9l_H_G
12335,4,train,0.6705759763717651,pdb_00008sit_H_L
12336,4,train,0.010464209131896496,pdb_00008uuj_D1_D2
12337,4,train,0.0385848693549633,pdb_00008wwn_E1_E2
12338,4,train,0.5561885833740234,pdb_00008wpy_H_L
12339,4,train,0.11340925097465515,pdb_00009oun_J_K
12340,4,train,0.4820234775543213,pdb_00008jkf_m_n
12341,4,train,0.030204981565475464,pdb_00002fee_I_L
12342,4,train,0.03692043572664261,pdb_00009drx_K_L
12343,4,train,0.8248515129089355,pdb_00006xy2_H_L
12344,4,train,0.013343662954866886,pdb_00008kfz_S1_S2
12345,4,train,0.5444692969322205,pdb_00003v4v_H_L
12346,4,train,0.47983476519584656,pdb_00009rio_H_L
12347,4,train,0.4988548755645752,pdb_00003nh7_I_M
12348,4,train,0.3080625832080841,pdb_00007ek0_H_L
12349,4,train,0.1764974147081375,pdb_00009zqc_J2_J1
12350,4,train,0.010296515189111233,pdb_00007vuz_S1_S2
12351,4,train,0.6778690218925476,pdb_00009lsi_C1_D2
12352,4,train,0.7964300513267517,pdb_00009iru_B_A
12353,4,train,0.012783283367753029,pdb_00007cvt_E_F
12354,4,train,0.9518800973892212,pdb_00008hq7_H_L
12355,4,train,0.010729708708822727,pdb_00009wxm_D1_D2
12356,4,train,0.008962476626038551,pdb_00007scg_E1_E2
12357,4,train,0.005921926815062761,pdb_00009jh5_S1_S2
12358,4,train,0.8235883712768555,pdb_00008tzw_H_L
12359,4,train,0.43956273794174194,pdb_00001mlc_B_A
12360,4,train,0.9179165363311768,pdb_00001hys_D_C
12361,4,train,0.005329300183802843,pdb_00002ht4_C_D
12362,4,train,1.5143195390701294,pdb_00009ma7_B_C
12363,4,train,1.078865885734558,pdb_00006xm2_D_C
12364,4,train,0.015047428198158741,pdb_00009kvi_E1_E2
12365,4,train,0.8680424094200134,pdb_00009y0e_A_B
12366,4,train,0.8374910354614258,pdb_00004khx_H_L
12367,4,train,0.5057479739189148,pdb_00009cpw_H_L
12368,4,train,0.5896099209785461,pdb_00007wrv_U_V
12369,4,train,0.06472408026456833,pdb_00009ge2_F1_F2
12370,4,train,1.2747973203659058,pdb_00009y3x_H_L
12371,4,train,0.42997726798057556,pdb_00003v4v_M_N
12372,4,train,0.8382229208946228,pdb_00009lsi_D1_C2
12373,4,train,0.03870023041963577,pdb_00003hpl_A_B
12374,4,train,0.890915036201477,pdb_00007qny_A_B
12375,4,train,0.015135509893298149,pdb_00007trs_H1_H2
12376,4,train,0.6991321444511414,pdb_00008eoo_F_K
12377,4,train,0.5957164168357849,pdb_00001z3g_H_L
12378,4,train,0.7524590492248535,pdb_00009mtf_M_N
12379,4,train,0.01389204803854227,pdb_00008jhy_S1_S2
12380,4,train,0.2623593807220459,pdb_00003v4p_M_N
12381,4,train,0.6201615929603577,pdb_00009irs_S_T
12382,4,train,0.010299280285835266,pdb_00008xml_S1_S2
12383,4,train,0.7801826000213623,pdb_00009kze_H_L
12384,4,train,0.3153490424156189,pdb_00007kfy_H_L
12385,4,train,0.9841421246528625,pdb_00006plk_H_L
12386,4,train,0.9090291261672974,pdb_00009lae_H_L
12387,4,train,0.5385514497756958,pdb_00008oz3_H_L
12388,4,train,0.6377736926078796,pdb_00001e6j_H_L
12389,4,train,0.48033350706100464,pdb_00001t03_H_L
12390,4,train,0.00686945766210556,pdb_00007dfl_C1_C2
12391,4,train,0.7217981815338135,pdb_00009c6y_A_B
12392,4,train,0.6131003499031067,pdb_00003c09_H_L
12393,4,train,0.4199977517127991,pdb_00007x63_H_L
12394,4,train,0.09596581012010574,pdb_00006adc_C_D
12395,4,train,0.1257285177707672,pdb_00008vgh_H_G
12396,4,train,0.5930547714233398,pdb_00007e3o_H_L
12397,4,train,0.005179303232580423,pdb_00008iu2_S1_S2
12398,4,train,1.2207903861999512,pdb_00005c0n_H_L
12399,4,train,0.6184861660003662,pdb_00006ywc_A_B
12400,4,train,0.046886976808309555,pdb_00009d4z_E1_E2
12401,4,train,0.031106233596801758,pdb_00009ko4_H1_H2
12402,4,train,0.5718907713890076,pdb_00003vrl_H_L
12403,4,train,0.8642050623893738,pdb_00004v1d_D_E
12404,4,train,0.7086410522460938,pdb_00007yvl_A_C
12405,4,train,0.021132947877049446,pdb_00008xxu_E1_E2
12406,4,train,0.012252463959157467,pdb_00008gur_S1_S2
12407,4,train,0.46043699979782104,pdb_00005nh3_H_L
12408,4,train,0.02172316610813141,pdb_00007cvs_E_F
12409,4,train,0.6659765839576721,pdb_00007ycn_K_L
12410,4,train,0.7355155348777771,pdb_00004xrc_B_A
12411,4,train,0.6752521395683289,pdb_00003g6j_F_E
12412,4,train,0.6297591328620911,pdb_00009q71_I_J
12413,4,train,0.1181587502360344,pdb_00003a67_H_L
12414,4,train,0.8592657446861267,pdb_00009ma0_B_C
12415,4,train,0.29067263007164,pdb_00009me7_I_M
12416,4,train,0.568575382232666,pdb_00007jmw_H_L
12417,4,train,0.012049045413732529,pdb_00001ots_E_F
12418,4,train,0.010292024351656437,pdb_00007wyb_E1_E2
12419,4,train,0.3313445746898651,pdb_00001z3g_I_M
12420,4,train,0.6510307788848877,pdb_00008u4s_H_L
12421,4,train,0.9433256983757019,pdb_00005vig_H_L
12422,4,train,0.6314212679862976,pdb_00007m42_B_A
12423,4,train,0.9485111832618713,pdb_00009cu7_J_N
12424,4,train,0.6789407730102539,pdb_00009n4e_K_M
12425,4,train,0.6282212138175964,pdb_00007ua8_I1_I2
12426,4,train,0.9944817423820496,pdb_00008dv6_C_L
12427,4,train,0.009812979027628899,pdb_00007ue0_E_F
12428,4,train,0.0144556425511837,pdb_00007wq3_S1_S2
12429,4,train,0.04058777168393135,pdb_00008si9_J_I
12430,4,train,0.8767020106315613,pdb_00002ybr_D_E
12431,4,train,0.7959417700767517,pdb_00003fmg_H_L
12432,4,train,0.15062613785266876,pdb_00004tnw_U_h
12433,4,train,0.47762104868888855,pdb_00006ii8_G_I
12434,4,train,0.4177183508872986,pdb_00008bcz_E_F
12435,4,train,0.0065841274335980415,pdb_00009kfk_S1_S2
12436,4,train,1.0991308689117432,pdb_00009jub_B_C
12437,4,train,0.009902721270918846,pdb_00007uko_E_F
12438,4,train,0.6137865781784058,pdb_00007upb_C_F
12439,4,train,0.03264279291033745,pdb_00008uwl_E1_E2
12440,4,train,0.012493160553276539,pdb_00009p0l_F1_F2
12441,4,train,0.43803414702415466,pdb_00008qh0_H_L
12442,4,train,0.6544203162193298,pdb_00007ley_D_E
12443,4,train,0.3252353072166443,pdb_00007kfw_H_L
12444,4,train,0.5615651607513428,pdb_00008jqn_H_L
12445,4,train,0.007188356481492519,pdb_00009plo_S1_S2
12446,4,train,0.17613787949085236,pdb_00002qr0_F_E
12447,4,train,0.01706692762672901,pdb_00008xos_E1_E2
12448,4,train,0.10912781953811646,pdb_00006w0f_A_B
12449,4,train,0.027915511280298233,pdb_00007vif_E1_E2
12450,4,train,0.24472400546073914,pdb_00009zqc_I2_I1
12451,4,train,0.5621824264526367,pdb_00006p4b_H_L
12452,4,train,1.9566545486450195,pdb_00005dfw_H1_H2
12453,4,train,0.9228396415710449,pdb_00008siq_H_L
12454,4,train,0.6079525351524353,pdb_00005wko_K_L
12455,4,train,0.5534966588020325,pdb_00008jkh_H_L
12456,4,train,0.018148062750697136,pdb_00006x3v_K_L
12457,4,train,0.7444440722465515,pdb_00007mmo_A_B
12458,4,train,0.07859029620885849,pdb_00008iec_N1_N2
12459,4,train,0.2743552625179291,pdb_00007wnb_H_L
12460,4,train,0.6443654298782349,pdb_00009ue8_I_J
12461,4,train,0.013523542322218418,pdb_00009kvh_E1_E2
12462,4,train,0.868036150932312,pdb_00009e3h_H_L
12463,4,train,0.011736861430108547,pdb_00009vo1_E1_E2
12464,4,train,0.44617652893066406,pdb_00006z3p_H_L
12465,4,train,0.3483111560344696,pdb_00008smt_A_B
12466,4,train,0.36831945180892944,pdb_00005yoy_P_M
12467,4,train,0.9435110092163086,pdb_00007dm1_F_E
12468,4,train,0.012129934504628181,pdb_00007vl8_S1_S2
12469,4,train,0.026950648054480553,pdb_00008yn7_E1_E2
12470,4,train,0.8601657152175903,pdb_00005d1z_B_A
12471,4,train,0.4068978428840637,pdb_00006txz_J_N
12472,4,train,0.49128809571266174,pdb_00008jqs_H_L
12473,4,train,0.7506941556930542,pdb_00009lf8_H_L
12474,4,train,0.43942615389823914,pdb_00001fbi_Q_P
12475,4,train,0.023934364318847656,pdb_00007xxh_H1_H2
12476,4,train,0.007965090684592724,pdb_00003t3m_E_F
12477,4,train,0.6732710003852844,pdb_00006ogx_H_L
12478,4,train,0.03080371953547001,pdb_00008xjn_E1_E2
12479,4,train,0.6007095575332642,pdb_00004hg4_N_O
12480,4,train,0.01969805732369423,pdb_00008xyk_S1_S2
12481,4,train,0.4333420693874359,pdb_00009bao_E_F
12482,4,train,0.04170553386211395,pdb_00002itd_A_B
12483,4,train,0.20655855536460876,pdb_00006yor_B_C
12484,4,train,0.03207522630691528,pdb_00008xyd_E1_E2
12485,4,train,1.1149882078170776,pdb_00001eo8_H_L
12486,4,train,0.8030873537063599,pdb_00006mlm_F_G
12487,4,train,0.1676599532365799,pdb_00009nz3_F_E
12488,4,train,0.45632362365722656,pdb_00006ktr_A_B
12489,4,train,0.9757398962974548,pdb_00004lvh_H_I
12490,4,train,0.743511438369751,pdb_00008hpf_H_L
12491,4,train,0.6548032760620117,pdb_00007xcp_H_L
12492,4,train,0.511836588382721,pdb_00003fku_T1_T2
12493,4,train,0.014705654233694077,pdb_00001ott_E_F
12494,4,train,0.7610838413238525,pdb_00007zfb_A_B
12495,4,train,0.6544715166091919,pdb_00008dcc_H_L
12496,4,train,1.1620421409606934,pdb_00003mxw_H_L
12497,4,train,0.027147334069013596,pdb_00009ldw_S1_S2
12498,4,train,0.7968161106109619,pdb_00001oak_H_L
12499,4,train,0.6539174318313599,pdb_00008erq_H_L
12500,4,train,0.3644945025444031,pdb_00007zmk_S_T
12501,4,train,0.01835370995104313,pdb_00006x3t_K_L
12502,4,train,0.23796604573726654,pdb_00008wnp_B_A
12503,4,train,1.1270893812179565,pdb_00005ug0_D_C
12504,4,train,0.28363099694252014,pdb_00009zqb_J2_J1
12505,4,train,0.6248148679733276,pdb_00009ctw_D_C
12506,4,train,0.49914878606796265,pdb_00004ma8_H_L
12507,4,train,0.01688467152416706,pdb_00008k9l_H1_H2
12508,4,train,0.026933830231428146,pdb_00008j6l_H1_H2
12509,4,train,0.06735153496265411,pdb_00008jxw_E1_E2
12510,4,train,0.37022992968559265,pdb_00008wpw_H_L
12511,4,train,0.8405026793479919,pdb_00007si0_C_D
12512,4,train,0.5027036666870117,pdb_00009iz9_Q_R
12513,4,train,0.027533303946256638,pdb_00007mhx_A_B
12514,4,train,0.009370404295623302,pdb_00009d0a_E1_E2
12515,4,train,0.006707801017910242,pdb_00003ze1_E_F
12516,4,train,0.9622353911399841,pdb_00006xpz_E_F
12517,4,train,0.024651173502206802,pdb_00008j6q_S1_S2
12518,4,train,0.46189773082733154,pdb_00008pwh_B_A
12519,4,train,1.5071160793304443,pdb_00008r4n_H_L
12520,4,train,0.8891626596450806,pdb_00005w3m_E_G
12521,4,train,0.010595584288239479,pdb_00009ldv_S1_S2
12522,4,train,0.02279987558722496,pdb_00008ija_S1_S2
12523,4,train,0.019053330644965172,pdb_00008xjm_E1_E2
12524,4,train,0.012205605395138264,pdb_00003t3p_E_F
12525,4,train,0.6197595000267029,pdb_00008tx3_H_L
12526,4,train,0.023784199729561806,pdb_00008y02_S1_S2
12527,4,train,0.5461634993553162,pdb_00007srs_H_L
12528,4,train,0.015502161346375942,pdb_00009ite_E1_E2
12529,4,train,0.4750933051109314,pdb_00008too_G_F
12530,4,train,0.5351423025131226,pdb_00009l9o_B_C
12531,4,train,0.812628984451294,pdb_00007x93_E_F
12532,4,train,1.8253605365753174,pdb_00001jrh_H_L
12533,4,train,0.3548952639102936,pdb_00007wbz_H_L
12534,4,train,0.5686017870903015,pdb_00008znz_G_H
12535,4,train,0.8619161248207092,pdb_00008w85_A_B
12536,4,train,0.8836537003517151,pdb_00009n8j_B_C
12537,4,train,0.0565684475004673,pdb_00008ubi_M2_M1
12538,4,train,0.01804632693529129,pdb_00007dw9_S1_S2
12539,4,train,0.8257448077201843,pdb_00007xrz_H_L
12540,4,train,0.9311811923980713,pdb_00009oar_H_L
12541,4,train,1.0885274410247803,pdb_00007ykj_A_D
12542,4,train,0.1516658365726471,pdb_00004tnw_Y_g
12543,4,train,0.8064359426498413,pdb_00009o7g_C_D
12544,4,train,0.03319049999117851,pdb_00003or7_A_B
12545,4,train,0.011530296877026558,pdb_00009cm3_N1_N2
12546,4,train,0.47119763493537903,pdb_00009azr_H_L
12547,4,train,0.05977879464626312,pdb_00008uh3_E1_E2
12548,4,train,0.10410556197166443,pdb_00003ri5_J_M
12549,4,train,0.5193911790847778,pdb_00005w0k_H_L
12550,4,train,0.9402976632118225,pdb_00008i5i_H_L
12551,4,train,0.5291593670845032,pdb_00004odx_A_L
12552,4,train,0.4470060467720032,pdb_00009l6c_D_F
12553,4,train,0.2662111818790436,pdb_00003b2u_N_O
12554,4,train,0.01165072899311781,pdb_00009jmc_E1_E2
12555,4,train,0.014025481417775154,pdb_00008j18_S1_S2
12556,4,train,0.893988847732544,pdb_00007whz_C_E
12557,4,train,0.015207216143608093,pdb_00009ego_S1_S2
12558,4,train,0.7263118028640747,pdb_00008hn7_B_A
12559,4,train,0.3663712739944458,pdb_00009cpu_F_G
12560,4,train,0.03382887318730354,pdb_00009jks_S1_S2
12561,4,train,0.8090758919715881,pdb_00007uvq_C_B
12562,4,train,0.3602913022041321,pdb_00003rif_I_O
12563,4,train,0.6484352350234985,pdb_00007wk0_A_B
12564,4,train,0.7448475360870361,pdb_00005xmh_D_C
12565,4,train,0.02767673321068287,pdb_00009bsb_E1_E2
12566,4,train,0.5344434976577759,pdb_00004okv_C_D
12567,4,train,0.5938835144042969,pdb_00005jz7_C_D
12568,4,train,0.5872194170951843,pdb_00004gxu_O_P
12569,4,train,0.010269317775964737,pdb_00009bqj_E1_E2
12570,4,train,0.11219056695699692,pdb_00002qr0_T_S
12571,4,train,0.7140428423881531,pdb_00008uzp_H_L
12572,4,train,0.09865634888410568,pdb_00008vgj_K_L
12573,4,train,0.7962111830711365,pdb_00007y3o_H_L
12574,4,train,0.5993953347206116,pdb_00007dpm_J_K
12575,4,train,0.42479175329208374,pdb_00009ue8_Q_R
12576,4,train,0.6104896068572998,pdb_00007ua8_H1_H2
12577,4,train,0.008901331573724747,pdb_00008iy5_E1_E2
12578,4,train,0.5628764033317566,pdb_00008jkh_M_N
12579,4,train,0.5190439224243164,pdb_00008dn6_E_F
12580,4,train,0.18639783561229706,pdb_00007zmk_P_Q
12581,4,train,0.06588997691869736,pdb_00007k63_N2_N1
12582,4,train,0.48687824606895447,pdb_00005xku_C_B
12583,4,train,0.0077188205905258656,pdb_00009m8l_N1_N2
12584,4,train,0.0886174812912941,pdb_00006x3w_J_I
12585,4,train,0.4216327369213104,pdb_00008hn6_A_B
12586,4,train,0.010386619716882706,pdb_00008xgo_D1_D2
12587,4,train,0.005836101248860359,pdb_00008z7j_S1_S2
12588,4,train,0.48921844363212585,pdb_00008xse_M_N
12589,4,train,0.7627772092819214,pdb_00007kn3_M_N
12590,4,train,0.3657155930995941,pdb_00003v4p_H_L
12591,4,train,0.5824019908905029,pdb_00007keo_E_F
12592,4,train,0.8025663495063782,pdb_00004ffw_D_C
12593,4,train,0.4227640926837921,pdb_00008ut2_L_K
12594,4,train,0.9982016682624817,pdb_00009zdu_H_L
12595,4,train,0.1291755884885788,pdb_00003b2u_T_U
12596,4,train,0.07491163164377213,pdb_00009zq9_I2_I1
12597,4,train,1.1039518117904663,pdb_00009ml8_H_L
12598,4,train,0.5383310317993164,pdb_00002jix_F_A
12599,4,train,0.37630128860473633,pdb_00008txu_F_K
12600,4,train,0.012786006554961205,pdb_00007u0i_N1_N2
12601,4,train,0.008367524482309818,pdb_00008ubl_N2_N1
12602,4,train,0.9183440208435059,pdb_00008hrd_W_X
12603,4,train,0.7852870225906372,pdb_00007dm2_H_L
12604,4,train,0.026929041370749474,pdb_00009u4y_S1_S2
12605,4,train,0.15924714505672455,pdb_00001ua6_H_L
12606,4,train,0.020408252254128456,pdb_00009f34_E1_E2
12607,4,train,0.06889750063419342,pdb_00007xk2_S1_S2
12608,4,train,0.010609231889247894,pdb_00008kfx_S1_S2
12609,4,train,0.011654414236545563,pdb_00006k5d_E_F
12610,4,train,0.014306743629276752,pdb_00007jhj_D1_D2
12611,4,train,1.1144825220108032,pdb_00009e3k_H_L
12612,4,train,0.4327305853366852,pdb_00006rp8_H_L
12613,4,train,0.005610767751932144,pdb_00007na8_N1_N2
12614,4,train,0.9190818667411804,pdb_00009atm_H_L
12615,4,train,0.4990237355232239,pdb_00004hg4_L_M
12616,4,train,0.14081719517707825,pdb_00004tnw_W_f
12617,4,train,0.008752805180847645,pdb_00006n4b_S1_S2
12618,4,train,0.07659198343753815,pdb_00003ri5_H_L
12619,4,train,0.07857704162597656,pdb_00007k5x_N2_N1
12620,4,train,0.029101110994815826,pdb_00007yfd_C1_C2
12621,4,train,0.6907945275306702,pdb_00008ebp_I_M
12622,4,train,0.231240913271904,pdb_00003d9a_H_L
12623,4,train,0.49181219935417175,pdb_00006z3q_H_L
12624,4,train,0.49709248542785645,pdb_00004hg4_V_W
12625,4,train,0.6749632954597473,pdb_00008f6x_E1_E2
12626,4,train,0.008752165362238884,pdb_00008feg_F1_F2
12627,4,train,0.0049512204714119434,pdb_00009o36_E1_E2
12628,4,train,0.009731894358992577,pdb_00008xbh_S1_S2
12629,4,train,0.8814715147018433,pdb_00004am0_C_D
12630,4,train,0.009538711048662663,pdb_00007k61_N2_N1
12631,4,train,1.4022891521453857,pdb_00009o7i_D_C
12632,4,train,0.02027197927236557,pdb_00009jkv_S1_S2
12633,4,train,1.2827471494674683,pdb_00005anm_B_A
12634,4,train,0.5801549553871155,pdb_00005xmh_H_L
12635,4,train,0.016400955617427826,pdb_00006crk_H1_H2
12636,4,train,0.7160161137580872,pdb_00009cfh_H_L
12637,4,train,0.008746137842535973,pdb_00004fg6_C_D
12638,4,train,0.8748781681060791,pdb_00008dis_A_C
12639,4,train,0.5274524092674255,pdb_00007zfc_A_B
12640,4,train,0.9637997150421143,pdb_00006ba5_D_C
12641,4,train,0.39188650250434875,pdb_00009ue8_M_N
12642,4,train,0.008014251478016376,pdb_00006wwz_S1_S2
12643,4,train,0.018607348203659058,pdb_00009k3h_S1_S2
12644,4,train,0.8926934003829956,pdb_00007tbf_H_L
12645,4,train,0.6557038426399231,pdb_00007u9e_B1_B2
12646,4,train,0.6853946447372437,pdb_00009mtf_H_L
12647,4,train,0.025763271376490593,pdb_00008vqy_K_L
12648,4,train,1.2214734554290771,pdb_00008bcz_A_B
12649,4,train,0.8860830068588257,pdb_00009l07_H_L
12650,4,train,0.026486122980713844,pdb_00003f7v_A_B
12651,4,train,0.01543023157864809,pdb_00007vgx_S1_S2
12652,4,train,0.5510981678962708,pdb_00005w3e_E_G
12653,4,train,0.01722823455929756,pdb_00008hcq_E1_E2
12654,4,train,0.93268221616745,pdb_00008bbo_H_L
12655,4,train,0.006362463813275099,pdb_00008xqt_S1_S2
12656,4,train,0.8621636033058167,pdb_00006gff_L_K
12657,4,train,1.0679787397384644,pdb_00006ml8_H_L
12658,4,train,0.18114633858203888,pdb_00009nz5_B_C
12659,4,train,0.31261974573135376,pdb_00007zfb_J_K
12660,4,train,0.02290114015340805,pdb_00007tct_H_L
12661,4,train,0.8336664438247681,pdb_00008gpy_E1_E2
12662,4,train,0.9921651482582092,pdb_00008fdo_A_B
12663,4,train,0.05184964835643768,pdb_00008spu_K1_K2
12664,4,train,0.7511327266693115,pdb_00001tqc_B_C
12665,4,train,0.7478504776954651,pdb_00007l0l_G_J
12666,4,train,1.0068581104278564,pdb_00008tpa_H_L
12667,4,train,0.8341473340988159,pdb_00009mtm_H_L
12668,4,train,0.6653788089752197,pdb_00007xrz_B_A
12669,4,train,0.9398676753044128,pdb_00009bdi_C_D
12670,4,train,0.00893780030310154,pdb_00007ydh_E1_E2
12671,4,train,0.007996431551873684,pdb_00008vy9_D1_D2
12672,4,train,0.07471885532140732,pdb_00005u5m_B_A
12673,4,train,0.9911426901817322,pdb_00008d9y_H_G
12674,4,train,1.0317798852920532,pdb_00009mth_M_N
12675,4,train,1.3345948457717896,pdb_00009xsx_B_C
12676,4,train,0.5099498629570007,pdb_00009n7q_D_F
12677,4,train,0.047726504504680634,pdb_00008si9_K_L
12678,4,train,0.00961332581937313,pdb_00007trq_H1_H2
12679,4,train,0.8567251563072205,pdb_00009qt3_N_O
12680,4,train,0.3351192772388458,pdb_00001nby_B_A
12681,4,train,0.4915456771850586,pdb_00008bg2_A1_A2
12682,4,train,0.06948824971914291,pdb_00009nz4_D_C
12683,4,train,0.38361823558807373,pdb_00008tft_I_M
12684,4,train,0.030415788292884827,pdb_00009kft_S1_S2
12685,4,train,0.6782175302505493,pdb_00008cxh_h_l
12686,4,train,0.3269553482532501,pdb_000011oo_H_L
12687,4,train,0.7639777064323425,pdb_00002ybr_A_B
12688,4,train,0.03556545451283455,pdb_00008thl_F1_F2
12689,4,train,0.5159584879875183,pdb_00001tzi_B_A
12690,4,train,0.008678465150296688,pdb_00007db6_E1_E2
12691,4,train,0.44125306606292725,pdb_00008jkf_h_l
12692,4,train,0.7182138562202454,pdb_00008smi_H_L
12693,4,train,0.006370041519403458,pdb_00002hlf_E_F
12694,4,train,0.8318318128585815,pdb_00005vqm_D_C
12695,4,train,0.7146540284156799,pdb_00008oxx_B_C
12696,4,train,0.4419557750225067,pdb_00008j1q_B_A
12697,4,train,0.9064727425575256,pdb_00008el2_H_L
12698,4,train,0.013994583860039711,pdb_00008jgb_S1_S2
12699,4,train,0.5368824005126953,pdb_00001yqv_H_L
12700,4,train,0.565311074256897,pdb_00003u30_C_B
12701,4,train,0.1832263469696045,pdb_00006zlr_HHH_LLL
12702,4,train,0.650614857673645,pdb_00009cq4_H_L
12703,4,train,0.9300125241279602,pdb_00003o2d_H_L
12704,4,train,0.3125092089176178,pdb_00006xc4_X_Y
12705,4,train,0.6693716645240784,pdb_00007y7m_F_G
12706,4,train,0.024682486429810524,pdb_00009iza_S1_S2
12707,4,train,0.022022023797035217,pdb_00008thk_F1_F2
12708,4,train,0.010649209842085838,pdb_00008irt_E1_E2
12709,4,train,0.4783925712108612,pdb_00001tzh_B_A
12710,4,train,0.5832622051239014,pdb_00008hws_D_E
12711,4,train,0.8502707481384277,pdb_00003bsz_N_M
12712,4,train,0.49106690287590027,pdb_00009hh9_E_D
12713,4,train,0.9945756793022156,pdb_00007wph_H_L
12714,4,train,0.05613427981734276,pdb_00004hjg_B_A
12715,4,train,0.016244495287537575,pdb_00008j6d_H1_H2
12716,4,train,0.01018180139362812,pdb_00008evg_N1_N2
12717,4,train,0.8331178426742554,pdb_00006woz_K_L
12718,4,train,0.5595084428787231,pdb_00007bpk_H_L
12719,4,train,0.06913869827985764,pdb_00009ouq_H_L
12720,4,train,0.014026063494384289,pdb_00006pt0_E1_E2
12721,4,train,0.44346195459365845,pdb_00008caf_B_A
12722,4,train,0.08109325170516968,pdb_00002dqj_H_L
12723,4,train,0.01948016881942749,pdb_00008xzh_S1_S2
12724,4,train,0.015674348920583725,pdb_00009vmy_E1_E2
12725,4,train,0.020520739257335663,pdb_00004lcu_A_B
12726,4,train,0.8879892826080322,pdb_00009mkn_Q_R
12727,4,train,1.2054884433746338,pdb_00008g5b_J_N
12728,4,train,0.5030058026313782,pdb_00003dvg_B_A
12729,4,train,0.5229232907295227,pdb_00005wk3_S_R
12730,4,train,0.49333393573760986,pdb_00006j6y_E_F
12731,4,train,0.7688357830047607,pdb_00009cds_B_A
12732,4,train,0.029197892174124718,pdb_00006x3u_J_I
12733,4,train,0.7885531783103943,pdb_00008tpa_D_E
12734,4,train,0.7528009414672852,pdb_00007lq7_H_L
12735,4,train,0.02079792693257332,pdb_00007u9f_E_F
12736,4,train,0.7894083857536316,pdb_00007t0w_H_L
12737,4,train,0.024645278230309486,pdb_00008evh_M1_M2
12738,4,train,0.5191949009895325,pdb_00007eam_H_L
12739,4,train,0.46096405386924744,pdb_00007kmg_D_E
12740,4,train,0.49132657051086426,pdb_00008y3l_G_H
12741,4,train,0.7373059391975403,pdb_00007sd5_H_L
12742,4,train,0.7837345004081726,pdb_00008w83_I_J
12743,4,train,0.012343375943601131,pdb_00008eit_E1_E2
12744,4,train,0.014185192994773388,pdb_00007u0j_K1_K2
12745,4,train,0.04916636645793915,pdb_00009zqa_I2_I1
12746,4,train,0.33452144265174866,pdb_00006vvu_E_F
12747,4,train,0.705546498298645,pdb_00009udq_F_A
12748,4,train,0.06589967012405396,pdb_00009ctu_D_C
12749,4,train,0.6729743480682373,pdb_00009lp1_A_B
12750,4,train,0.45682135224342346,pdb_00006p4b_B_A
12751,4,train,0.023885011672973633,pdb_00007wz4_S1_S2
12752,4,train,0.8426206111907959,pdb_00006hjp_I_J
12753,4,train,0.7865349054336548,pdb_00007lf7_A_B
12754,4,train,0.23063096404075623,pdb_00007zmk_V_W
12755,4,train,0.5401250123977661,pdb_00005x8l_H_M
12756,4,train,0.2556488811969757,pdb_00008q6j_B_A
12757,4,train,0.8437726497650146,pdb_00008w5m_H_L
12758,4,train,0.5760217308998108,pdb_00004kht_H_L
12759,4,train,0.22859297692775726,pdb_00005aaw_F1_F2
12760,4,train,1.2833682298660278,pdb_00007m3l_B_C
12761,4,train,0.7928313612937927,pdb_00009b2m_J_K
12762,4,train,0.012151742354035378,pdb_00008ubj_N2_N1
12763,4,train,0.558462917804718,pdb_00009og1_B_C
12764,4,train,0.011731193400919437,pdb_00003nif_E_F
12765,4,train,0.7383946180343628,pdb_00006hxw_H_L
12766,4,train,0.5144062638282776,pdb_00009wsx_H_L
12767,4,train,0.7707318663597107,pdb_00003eoa_B_A
12768,4,train,0.08154483139514923,pdb_00006zlr_FFF_GGG
12769,4,train,0.010426399298012257,pdb_00006ada_E_F
12770,4,train,0.5900324583053589,pdb_00008zd5_B_C
12771,4,train,0.044436246156692505,pdb_00004tnw_J_M
12772,4,train,0.3716479539871216,pdb_00005yoy_R_O
12773,4,train,0.36405616998672485,pdb_00009hhr_L_H
12774,4,train,0.6511434316635132,pdb_00008v5v_b_d
12775,4,train,0.011023449711501598,pdb_00001k4d_A_B
12776,4,train,0.011063802987337112,pdb_00009w49_S1_S2
12777,4,train,1.1615188121795654,pdb_00008p12_H_L
12778,4,train,0.4727571904659271,pdb_00007klg_I_M
12779,4,train,0.009942191652953625,pdb_00007k5y_M2_M1
12780,4,train,0.005865204613655806,pdb_00002h2p_E_F
12781,4,train,0.8104932308197021,pdb_00008dwy_X_W
12782,4,train,0.7690547704696655,pdb_00006mlm_E_I
12783,4,train,0.01438672561198473,pdb_00003ze2_H_L
12784,4,train,0.011283867061138153,pdb_00008jlj_S1_S2
12785,4,train,0.5897474884986877,pdb_00005jz7_G_I
12786,4,train,0.01024146843701601,pdb_00002vdr_H_L
12787,4,train,1.2203490734100342,pdb_00007xh8_B_C
12788,4,train,0.03923711180686951,pdb_000022es_E1_E2
12789,4,train,0.02600257284939289,pdb_00008yn9_E1_E2
12790,4,train,0.016591688618063927,pdb_00007exd_E1_E2
12791,4,train,0.6613686084747314,pdb_00003wd5_H_L
12792,4,train,0.008768439292907715,pdb_00009iqt_E1_E2
12793,4,train,0.3472384810447693,pdb_00007x1m_C_D
12794,4,train,0.9325630068778992,pdb_00008e8r_H_L
12795,4,train,0.0071957651525735855,pdb_00007uh8_E_F
12796,4,train,1.0210411548614502,pdb_00008cz5_H_L
12797,4,train,0.530524492263794,pdb_00005x8l_S_N
12798,4,train,0.008719077333807945,pdb_00006ad8_E_F
12799,4,train,0.631452202796936,pdb_00008zd6_E_F
12800,4,train,0.6352120041847229,pdb_00007sco_J_K
12801,4,train,0.018200960010290146,pdb_00009v0x_E1_E2
12802,4,train,0.7526317238807678,pdb_00008gy5_H_L
12803,4,train,0.7683230638504028,pdb_00008rrn_C_D
12804,4,train,0.005841595586389303,pdb_00007wu9_S1_S2
12805,4,train,0.03557917848229408,pdb_00007ejk_H1_H2
12806,4,train,0.6955055594444275,pdb_00009mkn_H_L
12807,4,train,0.009661178104579449,pdb_00008x2k_E1_E2
12808,4,train,0.4057875871658325,pdb_00007wsi_H_L
12809,4,train,0.8241363763809204,pdb_00006d0u_H_I
12810,4,train,0.5644696950912476,pdb_00006iap_E_D
12811,4,train,0.39164793491363525,pdb_00007kmg_A_B
12812,4,train,0.08043324202299118,pdb_00009nz4_F_E
12813,4,train,0.7037487626075745,pdb_00007mem_I_K
12814,4,train,0.06781130284070969,pdb_00009our_H_L
12815,4,train,0.01696285977959633,pdb_00008xjk_E1_E2
12816,4,train,0.5633493065834045,pdb_00008vgm_E_F
12817,4,train,0.5634610056877136,pdb_00009b2m_E_F
12818,4,train,0.009879478253424168,pdb_00008fx5_H1_H2
12819,4,train,0.5862664580345154,pdb_00007d6i_B_C
12820,4,train,0.01714736595749855,pdb_00009jid_S1_S2
12821,4,train,0.003855729242786765,pdb_00008gus_S1_S2
12822,4,train,0.2968696653842926,pdb_00008as0_T_S
12823,4,train,0.7152488231658936,pdb_00009os5_I_L
12824,4,train,0.4840000569820404,pdb_00007jum_J1_J2
12825,4,train,0.2828575372695923,pdb_00006txz_K_O
12826,4,train,0.8929280638694763,pdb_00009ml8_M_N
12827,4,train,0.5609493255615234,pdb_00007xei_C_D
12828,4,train,0.010208270512521267,pdb_00008spu_N1_N2
12829,4,train,1.0683248043060303,pdb_00009cci_B_C
12830,4,train,0.04258272424340248,pdb_00003a6b_H_L
12831,4,train,0.7548850178718567,pdb_00008eed_E_F
12832,4,train,0.011495256796479225,pdb_00009izg_S1_S2
12833,4,train,0.89787358045578,pdb_00006gv1_H_L
12834,4,train,0.5360983610153198,pdb_00003s37_H_L
12835,4,train,0.019892064854502678,pdb_00008h0p_E1_E2
12836,4,train,0.4384700059890747,pdb_00003dvn_B_A
12837,4,train,0.5365850925445557,pdb_00008v5v_c_e
12838,4,train,0.5555656552314758,pdb_00001bvk_E_D
12839,4,train,0.6244726777076721,pdb_00003klh_D_C
12840,4,train,0.7924972772598267,pdb_00006uig_H_L
12841,4,train,0.4326027035713196,pdb_00005w3o_D_E
12842,4,train,0.3037605881690979,pdb_00007c01_H_L
12843,4,train,0.5030362606048584,pdb_00008jqn_h_l
12844,4,train,0.1359068900346756,pdb_00006z2m_H_L
12845,4,train,0.011244291439652443,pdb_00007w57_E1_E2
12846,4,train,0.6874245405197144,pdb_00007l0l_I_K
12847,4,train,0.973003089427948,pdb_00006suz_H_L
12848,4,train,0.08778590708971024,pdb_00004tnw_H_L
12849,4,train,0.044493984431028366,pdb_00006vmk_M_L
12850,4,train,0.02674449048936367,pdb_00008ihj_S1_S2
12851,4,train,0.7138024568557739,pdb_00006xq4_E_F
12852,4,train,0.6201658248901367,pdb_00006cyf_M_L
12853,4,train,0.4662341773509979,pdb_00009pw4_C_D
12854,4,train,0.030949119478464127,pdb_00005u6a_B_A
12855,4,train,0.8770577907562256,pdb_00009t5z_H_L
12856,4,train,0.6086564064025879,pdb_00007xda_B_C
12857,4,train,0.4888353943824768,pdb_00008dwy_H_L
12858,4,train,1.11305832862854,pdb_00007lg6_K_N
12859,4,train,0.04500756412744522,pdb_00008t3s_N1_N2
12860,4,train,0.016969764605164528,pdb_00009m8k_N1_N2
12861,4,train,0.6718245148658752,pdb_00004v1d_A_B
12862,4,train,0.6758688688278198,pdb_00007ttm_H_L
12863,4,train,0.006434424314647913,pdb_00007yk6_S1_S2
12864,4,train,0.019980473443865776,pdb_00008efb_E1_E2
12865,4,train,0.12926071882247925,pdb_00007vgs_D_C
12866,4,train,0.670809805393219,pdb_00006k7o_H_L
12867,4,train,0.0062567912973463535,pdb_00008jbg_E1_E2
12868,4,train,0.4241259694099426,pdb_00008ulf_J_N
12869,4,train,0.8724153637886047,pdb_00006ww5_C_D
12870,4,train,0.09296587109565735,pdb_00002dqe_H_L
12871,4,train,0.5502208471298218,pdb_00001mlc_D_C
12872,4,train,0.015076074749231339,pdb_00008ejc_E1_E2
12873,4,train,0.009340652264654636,pdb_00007vih_E1_E2
12874,4,train,0.011997171677649021,pdb_00007wy0_C1_C2
12875,4,train,0.5560996532440186,pdb_00009n4f_H_L
12876,4,train,0.010699143633246422,pdb_00007kh0_S1_S2
12877,4,train,0.011234914883971214,pdb_00009oxa_D1_D2
12878,4,train,0.030904602259397507,pdb_00009cm7_N1_N2
12879,4,train,0.16212129592895508,pdb_00002qr0_R_Q
12880,4,train,1.1590967178344727,pdb_00008tnn_J_I
12881,4,train,0.0322524756193161,pdb_00008wwm_E1_E2
12882,4,train,0.5936185121536255,pdb_00008cn9_G_F
12883,4,train,1.3915791511535645,pdb_00008v2e_A_B
12884,4,train,0.6693923473358154,pdb_00008rmx_B_C
12885,4,train,0.40394750237464905,pdb_00008i0n_I_M
12886,4,train,0.03476078435778618,pdb_00009izc_S1_S2
12887,4,train,0.5740482211112976,pdb_00001j5o_H_L
12888,4,train,0.008509443141520023,pdb_00008ubl_M2_M1
12889,4,train,0.6667988300323486,pdb_00001fsk_C_B
12890,4,train,0.7912108898162842,pdb_00008ol9_B_A
12891,4,train,0.010562678799033165,pdb_00008sai_S1_S2
12892,4,train,0.8128758668899536,pdb_00008zre_H_L
12893,4,train,0.9828768372535706,pdb_00009ma7_F_G
12894,4,train,0.28546836972236633,pdb_00007c01_C_D
12895,4,train,0.7525264620780945,pdb_00009f91_A_B
12896,4,train,0.6647482514381409,pdb_00006dkj_H_L
12897,4,train,0.008197844959795475,pdb_00007k63_M2_M1
12898,4,train,1.1025631427764893,pdb_00007ezv_H_L
12899,4,train,0.7491570115089417,pdb_00009jeb_A1_A2
12900,4,train,0.6048034429550171,pdb_00008xsj_H_L
12901,4,train,1.0833884477615356,pdb_00004ki5_C_D
12902,4,train,0.6258956789970398,pdb_00007lq7_F_G
12903,4,train,0.3484542965888977,pdb_00007xeg_C_D
12904,4,train,0.3706375062465668,pdb_00006txz_H_L
12905,4,train,0.01137462817132473,pdb_00007s8m_E1_E2
12906,4,train,0.0032623158767819405,pdb_00007tpd_E_F
12907,4,train,0.9641868472099304,pdb_00009mtg_M_N
12908,4,train,0.883063793182373,pdb_00009yyu_H_L
12909,4,train,1.085618257522583,pdb_00007uzd_H_L
12910,4,train,0.9854409694671631,pdb_00008vte_D_C
12911,4,train,0.04151243343949318,pdb_00008h8j_H1_H2
12912,4,train,0.6909715533256531,pdb_00004hg4_J_K
12913,4,train,0.8130104541778564,pdb_00002w9e_H_L
12914,4,train,0.22021572291851044,pdb_00003ri5_I_O
12915,4,train,0.5736541748046875,pdb_00007t3d_K_N
12916,4,train,0.34584471583366394,pdb_00008as2_H_L
12917,4,train,0.0029252339154481888,pdb_00007trk_H1_H2
12918,4,train,0.3277420699596405,pdb_00007kfv_H_L
12919,4,train,0.01633843593299389,pdb_00008jjp_S1_S2
12920,4,train,0.008424364030361176,pdb_00007w2z_S1_S2
12921,4,train,0.6579239368438721,pdb_00006wtu_B_C
12922,4,train,0.8001374006271362,pdb_00008bg1_G_H
12923,4,train,0.7413816452026367,pdb_00008u44_V_X
12924,4,train,0.7695767283439636,pdb_00009f90_A_B
12925,4,train,0.10085608065128326,pdb_00002qr0_N_M
12926,4,train,0.7128694653511047,pdb_00007f3q_C_B
12927,4,train,0.008315770886838436,pdb_00007t6v_E1_E2
12928,4,train,0.028424015268683434,pdb_00007m2j_A_B
12929,4,train,0.14340238273143768,pdb_00008vgi_J_I
12930,4,train,0.8419500589370728,pdb_00003lh2_K_O
12931,4,train,0.8001121878623962,pdb_00009h4r_H_L
12932,4,train,0.3811118006706238,pdb_00009jy3_R_Q
12933,4,train,0.9434537291526794,pdb_00004xhj_D_C
12934,4,train,0.021068962290883064,pdb_00008jsr_C1_C2
12935,4,train,0.4659597873687744,pdb_00008jkh_m_n
12936,4,train,0.8557520508766174,pdb_00008ezk_H1_H2
12937,4,train,0.3652336299419403,pdb_00004tsb_H_L
12938,4,train,0.49867838621139526,pdb_00001tpx_B_C
12939,4,train,0.7290259599685669,pdb_00003bn9_F_E
12940,4,train,0.020453868433833122,pdb_00002fed_C_D
12941,4,train,0.027352115139365196,pdb_00008y73_E1_E2
12942,4,train,0.8450154066085815,pdb_00008tnn_H_G
12943,4,train,0.7690504789352417,pdb_00008dwx_Z_Y
12944,4,train,0.6995923519134521,pdb_00008jqm_M_N
12945,4,train,0.2690408229827881,pdb_00008elo_H_L
12946,4,train,0.026267845183610916,pdb_00006e0p_N1_N2
12947,4,train,0.9950549006462097,pdb_00008zpq_A_B
12948,4,train,0.03378516808152199,pdb_00002dqi_H_L
12949,4,train,1.1087021827697754,pdb_00008w5f_H_L
12950,4,train,0.00516071543097496,pdb_00008j19_S1_S2
12951,4,train,0.7217968106269836,pdb_00006wtu_K_L
12952,4,train,0.6426489949226379,pdb_00007rxl_C_D
12953,4,train,0.6294772624969482,pdb_00004np4_I_M
12954,4,train,0.04327288269996643,pdb_00008xxr_S1_S2
12955,4,train,0.06656058877706528,pdb_00002bob_A_B
12956,4,train,0.5995071530342102,pdb_00009n8j_F_G
12957,4,train,0.02373754046857357,pdb_00008xx6_S1_S2
12958,4,train,0.6382513046264648,pdb_00001jhl_H_L
12959,4,train,0.011706055141985416,pdb_00009jr2_S1_S2
12960,4,train,0.5634205341339111,pdb_00007sk8_D_C
12961,4,train,0.5412839651107788,pdb_00007sco_E_F
12962,4,train,0.471183180809021,pdb_00008eoo_H_L
12963,4,train,0.31623727083206177,pdb_00009hh9_G_F
12964,4,train,0.49455371499061584,pdb_00007ws7_G_F
12965,4,train,0.050490234047174454,pdb_00006e0p_M1_M2
12966,4,train,0.015900777652859688,pdb_00003nig_E_F
12967,4,train,0.012028402648866177,pdb_00008z8b_S1_S2
12968,4,train,0.6111465692520142,pdb_00008y3h_G_H
12969,4,train,0.5435332655906677,pdb_00007ubs_H1_H2
12970,4,train,0.02142985910177231,pdb_00002ht3_E_F
12971,4,train,0.009953356347978115,pdb_00008y45_S1_S2
12972,4,train,0.6685360074043274,pdb_00006ban_H_G
12973,4,train,1.067731261253357,pdb_00002r56_I_M
12974,4,train,0.35441577434539795,pdb_00008f2j_D_F
12975,4,train,0.8128507733345032,pdb_00007t0z_H_L
12976,4,train,0.2670465409755707,pdb_00009cpw_C_D
12977,4,train,0.011688712984323502,pdb_00009vje_E1_E2
12978,4,train,0.022751091048121452,pdb_00007w53_E1_E2
12979,4,train,0.6458757519721985,pdb_00008hpu_H_L
12980,4,train,1.2513821125030518,pdb_00007rxp_H_L
12981,4,train,0.6486968994140625,pdb_00008xcd_H_L
12982,4,train,0.6180214285850525,pdb_00009vfu_E_F
12983,4,train,0.011025048792362213,pdb_00006omm_E1_E2
12984,4,train,0.7595659494400024,pdb_00006woz_E_F
12985,4,train,0.013836780562996864,pdb_00008sps_N1_N2
12986,4,train,1.3611751794815063,pdb_00008s72_X_Y
12987,4,train,0.008760151453316212,pdb_00008hsc_S1_S2
12988,4,train,0.6182948350906372,pdb_00007m7w_E_F
12989,4,train,0.06941463053226471,pdb_00004tnw_G_K
12990,4,train,0.6801648736000061,pdb_00007rk1_C1_C2
12991,4,train,0.35862407088279724,pdb_00007zfe_F_G
12992,4,train,1.07135808467865,pdb_00001osp_H_L
12993,4,train,0.5571557879447937,pdb_00007rk2_D1_D2
12994,4,train,1.114111065864563,pdb_00009e3k_J_K
12995,4,train,1.0636579990386963,pdb_00006s3d_E_F
12996,4,train,0.5492261648178101,pdb_00009huo_C_D
12997,4,train,0.37330859899520874,pdb_00007qnx_H_L
12998,4,train,0.10852750390768051,pdb_00002dqh_H_L
12999,4,train,0.12225258350372314,pdb_00008z65_S1_S2
13000,4,train,0.6545079946517944,pdb_00005h35_F_G
13001,4,train,0.05220305174589157,pdb_00008xxh_S1_S2
13002,4,train,0.49140316247940063,pdb_00007x1m_H_L
13003,4,train,0.0291075948625803,pdb_00008i7w_E1_E2
13004,4,train,0.012706862762570381,pdb_00007s8n_E1_E2
13005,4,train,0.8919054865837097,pdb_00008k5g_H_L
13006,4,train,0.008848769590258598,pdb_00007euo_S1_S2
13007,4,train,0.1986854374408722,pdb_00008j24_G1_G2
13008,4,train,0.01919269934296608,pdb_00007y12_S1_S2
13009,4,train,0.633486807346344,pdb_00001ors_B_A
13010,4,train,0.007080941926687956,pdb_00004fg6_E_F
13011,4,train,0.039965927600860596,pdb_00008hnl_S1_S2
13012,4,train,0.7885206937789917,pdb_00008f6x_F1_F2
13013,4,train,0.010195755399763584,pdb_00009le1_S1_S2
13014,4,train,0.6308578848838806,pdb_00007t87_H_L
13015,4,train,0.014332693070173264,pdb_00009ydv_E1_E2
13016,4,train,0.7075155377388,pdb_00007w71_I_M
13017,4,train,1.0131278038024902,pdb_00007tp3_H_L
13018,4,train,0.015637071803212166,pdb_00009izh_S1_S2
13019,4,train,0.25472602248191833,pdb_00001xgu_B_A
13020,4,train,0.6945934891700745,pdb_00007ycn_H_I
13021,4,train,0.5056476593017578,pdb_00009n4f_M_N
13022,4,train,0.03476111963391304,pdb_00008y71_E1_E2
13023,4,train,0.025406688451766968,pdb_00007v68_S1_S2
13024,4,train,0.035000938922166824,pdb_00009j0i_S1_S2
13025,4,train,0.9081809520721436,pdb_00008da1_B_A
13026,4,train,0.024033227935433388,pdb_00009k07_E1_E2
13027,4,train,0.3436139225959778,pdb_00007kfx_H_L
13028,4,train,0.8690125346183777,pdb_00006ogx_C_D
13029,4,train,1.081302523612976,pdb_00008jin_B2_B1
13030,4,train,0.623854398727417,pdb_00009os5_H_K
13031,4,train,0.7585250735282898,pdb_00001p2c_B_A
13032,4,train,0.02123982086777687,pdb_00008iw9_S1_S2
13033,4,train,0.0080998744815588,pdb_00009kpe_S1_S2
13034,4,train,0.06513021141290665,pdb_00009kt9_E1_E2
13035,4,train,0.34483370184898376,pdb_00008as0_E_D
13036,4,train,0.624823808670044,pdb_00008sxp_H_L
13037,4,train,0.3673935830593109,pdb_00009jy1_P_O
13038,4,train,0.6640997529029846,pdb_00009cpv_H_L
13039,4,train,0.6433280110359192,pdb_00009f91_E_F
13040,4,train,0.7716179490089417,pdb_00009mq9_J_N
13041,4,train,0.020195433869957924,pdb_00008evi_N1_N2
13042,4,train,0.3565714955329895,pdb_00002x7l_J_K
13043,4,train,0.009930265136063099,pdb_00002vdn_H_L
13044,4,train,0.008536708541214466,pdb_00007udh_E_F
13045,4,train,0.5143880248069763,pdb_00004hg4_X_Y
13046,4,train,0.0747503936290741,pdb_00007e32_E1_E2
13047,4,train,0.7945332527160645,pdb_00008suo_I_M
13048,4,train,0.025434445589780807,pdb_00008i7v_E1_E2
13049,4,train,0.03030123934149742,pdb_00008f7r_E1_E2
13050,4,train,0.5027207732200623,pdb_00003rif_F_N
13051,4,train,0.2349161058664322,pdb_00009cpu_H_L
13052,4,train,0.51779705286026,pdb_00006pe9_E_F
13053,4,train,0.057543132454156876,pdb_00008x17_H1_H2
13054,4,train,0.019812321290373802,pdb_00007ts0_H1_H2
13055,4,train,0.012189212255179882,pdb_00007u0g_O1_O2
13056,4,train,0.7001166939735413,pdb_00007wvd_I_J
13057,4,train,0.006638144142925739,pdb_00002ht4_E_F
13058,4,train,0.018243219703435898,pdb_00008jxv_E1_E2
13059,4,train,0.613201379776001,pdb_00002vis_B_A
13060,4,train,0.6006324887275696,pdb_00009lae_A_B
13061,4,train,0.22848522663116455,pdb_00008cwv_H_L
13062,4,train,0.9949982166290283,pdb_00006jod_H_L
13063,4,train,0.634589433670044,pdb_00008zh7_B_C
13064,4,train,0.3381865918636322,pdb_00007cjf_A_B
13065,4,train,0.010649137198925018,pdb_00007ew2_S1_S2
13066,4,train,1.0027658939361572,pdb_00005gs0_F_E
13067,4,train,0.9357244968414307,pdb_00006ocb_H_L
13068,4,train,0.434439480304718,pdb_00007x66_H_L
13069,4,train,0.016910351812839508,pdb_00007w40_H1_H2
13070,4,train,1.0157274007797241,pdb_00006jep_H_L
13071,4,train,0.4182594418525696,pdb_00002yss_B_A
13072,4,train,0.9576660394668579,pdb_00007rr0_B_C
13073,4,train,0.6174024939537048,pdb_00009j9z_H_L
13074,4,train,0.029144305735826492,pdb_00008w8r_S1_S2
13075,4,train,0.40705275535583496,pdb_00008vgl_H_L
13076,4,train,0.015697525814175606,pdb_00007vuy_S1_S2
13077,4,train,0.019340859726071358,pdb_00003stz_A_B
13078,4,train,0.730755090713501,pdb_00007c81_H_L
13079,4,train,0.6198782324790955,pdb_00005wko_I_J
13080,4,train,0.5965229272842407,pdb_00003eo1_H_G
13081,4,train,0.01575445756316185,pdb_00009jed_S1_S2
13082,4,train,0.01330463495105505,pdb_00002htk_C_D
13083,4,train,0.824302077293396,pdb_00009ebc_G_H
13084,4,train,0.81077641248703,pdb_00007y3n_H_L
13085,4,train,1.6136775016784668,pdb_00006osh_H_L
13086,4,train,0.5480284690856934,pdb_00005x8m_B_C
13087,4,train,0.12460862100124359,pdb_00008elq_H_L
13088,4,train,0.4146876633167267,pdb_00008go8_H_L
13089,4,train,0.009195161052048206,pdb_00006k41_H1_H2
13090,4,train,0.5819124579429626,pdb_00009mqa_J_N
13091,4,train,0.9762218594551086,pdb_00009mic_H_L
13092,4,train,0.0664830431342125,pdb_00008vrn_K_L
13093,4,train,0.015850383788347244,pdb_00007rbt_E1_E2
13094,4,train,0.0063939522951841354,pdb_00002vdp_H_L
13095,4,train,0.632133960723877,pdb_00003v6z_A_B
13096,4,train,0.007441862020641565,pdb_00008hcx_E1_E2
13097,4,train,0.012670541182160378,pdb_00007u2l_E1_E2
13098,4,train,1.159004807472229,pdb_00008r8k_H_L
13099,4,train,0.04379720240831375,pdb_00008z3q_S1_S2
13100,4,train,0.6843662858009338,pdb_00009mkn_J_N
13101,4,train,0.8750311136245728,pdb_00007x2w_H_L
13102,4,train,0.02318660169839859,pdb_00009v1h_E1_E2
13103,4,train,0.01057357620447874,pdb_00007v69_S1_S2
13104,4,train,0.04387179762125015,pdb_00006x3t_J_I
13105,4,train,0.022083496674895287,pdb_00008ef6_E1_E2
13106,4,train,0.014314845204353333,pdb_00008fn0_E1_E2
13107,4,train,0.7566434144973755,pdb_00007pry_H_L
13108,4,train,0.5810120105743408,pdb_00009lho_I_H
13109,4,train,0.012307748198509216,pdb_00007e9g_D1_D2
13110,4,train,0.9933691620826721,pdb_00005lsp_S_T
13111,4,train,0.9604021310806274,pdb_00007det_D1_D2
13112,4,train,0.6832374930381775,pdb_00008dwx_V_U
13113,4,train,0.3325659930706024,pdb_00008wo4_B_A
13114,4,train,0.3567574918270111,pdb_00008jkf_H_L
13115,4,train,0.7204511761665344,pdb_00006ba5_B_A
13116,4,train,0.4097168743610382,pdb_00009wb3_B_C
13117,4,train,0.013235262595117092,pdb_00009ijd_D1_D2
13118,4,train,0.0059607489965856075,pdb_00002htk_E_F
13119,4,train,1.681078314781189,pdb_00003h3b_C2_C1
13120,4,train,0.006156496237963438,pdb_00002htl_C_D
13121,4,train,0.0077164070680737495,pdb_00007t6b_E1_E2
13122,4,train,0.6229888200759888,pdb_00006k7o_D_E
13123,4,train,0.010873074643313885,pdb_00008ghv_S1_S2
13124,4,train,0.011572479270398617,pdb_00006dzt_M1_M2
13125,4,train,0.09757763892412186,pdb_00009ouo_J_K
13126,4,train,0.3067176342010498,pdb_00007kfw_C_D
13127,4,train,0.874426007270813,pdb_00006t9e_AAA_BBB
13128,4,train,0.48057594895362854,pdb_00008zh7_H_I
13129,4,train,0.5180690884590149,pdb_00007l7e_O_P
13130,4,train,0.5878172516822815,pdb_00007lop_X_Y
13131,4,train,0.08541106432676315,pdb_00008ihb_S1_S2
13132,4,train,0.062122222036123276,pdb_00009nz5_F_E
13133,4,train,0.037883415818214417,pdb_00009jky_S1_S2
13134,4,train,0.7067763209342957,pdb_00009b82_R_Q
13135,4,train,0.7550327181816101,pdb_00006oc3_A_B
13136,4,train,0.3042685389518738,pdb_00001vfb_B_A
13137,4,train,0.6603351831436157,pdb_00006n5b_H_L
13138,4,train,0.5398661494255066,pdb_00008hq7_M_N
13139,4,train,0.5237215757369995,pdb_00003fku_Y1_Y2
13140,4,train,0.3189433813095093,pdb_00006ba5_H_G
13141,4,train,0.9305251240730286,pdb_00008gpu_F_G
13142,4,train,0.010484023950994015,pdb_00008hoc_S1_S2
13143,4,train,0.02768966555595398,pdb_00008zd1_S1_S2
13144,4,train,0.021581267938017845,pdb_00008j20_B1_B2
13145,4,train,0.03658842295408249,pdb_00009nz3_D_C
13146,4,train,0.6248349547386169,pdb_00007rk1_D1_D2
13147,4,train,1.3584517240524292,pdb_00006xq0_E_F
13148,4,train,0.6732180714607239,pdb_00009cct_C_B
13149,4,train,0.7654361724853516,pdb_00008dis_B_G
13150,4,train,0.7514445185661316,pdb_00007fcp_B_D
13151,4,train,0.9504411220550537,pdb_00009oap_H_L
13152,4,train,0.571105420589447,pdb_00006n5d_L_N
13153,4,train,0.037644222378730774,pdb_00008ia8_S1_S2
13154,4,train,0.04558941349387169,pdb_00008vfx_N2_N1
13155,4,train,0.008907952345907688,pdb_00008jii_S1_S2
13156,4,train,0.07562171667814255,pdb_00008sgo_K_L
13157,4,train,0.027230216190218925,pdb_00008xxx_S1_S2
13158,4,train,0.022917909547686577,pdb_00002exy_E_F
13159,4,train,0.010074298828840256,pdb_00008xqf_S1_S2
13160,4,train,0.036379966884851456,pdb_00008yh2_S1_S2
13161,4,train,0.480120450258255,pdb_00004h88_H_L
13162,4,train,0.05738099291920662,pdb_00008vfx_M2_M1
13163,4,train,0.0498930849134922,pdb_00006x3u_K_L
13164,4,train,0.027069736272096634,pdb_00008j6j_H1_H2
13165,4,train,1.2293583154678345,pdb_00008p5m_G_L
13166,4,train,0.05904252454638481,pdb_00009ns9_N1_N2
13167,4,train,0.007750537246465683,pdb_00008guq_S1_S2
13168,4,train,0.011958615854382515,pdb_00007l8p_E_F
13169,4,train,0.44489341974258423,pdb_00006n5d_C_D
13170,4,train,0.5954862236976624,pdb_00008oz3_A_B
13171,4,train,0.38623255491256714,pdb_00007kmh_A_B
13172,4,train,0.522359311580658,pdb_00001bvk_B_A
13173,4,train,0.007523082196712494,pdb_00003zdz_E_F
13174,4,train,0.35872313380241394,pdb_00003fku_Z1_Z2
13175,4,train,1.2805747985839844,pdb_00006bpc_B_C
13176,4,train,0.36275580525398254,pdb_00007xei_E_F
13177,4,train,0.6182100176811218,pdb_00007rxl_H_L
13178,4,train,0.621709942817688,pdb_00004dkf_I_M
13179,4,train,0.5258395075798035,pdb_00006ii4_E_F
13180,4,train,0.007252364419400692,pdb_00007w3z_H1_H2
13180,4,train_epoch,0.4673042254793961,
13180,4,validation,0.9361190978776325,
13181,5,train,1.0478787422180176,pdb_00009y41_H_L
13182,5,train,0.6643613576889038,pdb_00009ctw_D_C
13183,5,train,0.48248091340065,pdb_00007lq7_F_G
13184,5,train,0.04680044949054718,pdb_00009ipv_S1_S2
13185,5,train,0.6408082842826843,pdb_00007dk2_D_E
13186,5,train,0.04571845754981041,pdb_00003fb6_A_B
13187,5,train,0.4449217915534973,pdb_00007rxl_H_L
13188,5,train,0.6027990579605103,pdb_00007f3q_C_B
13189,5,train,0.9790302515029907,pdb_00009ma7_D_E
13190,5,train,0.9588122963905334,pdb_00007ykj_A_D
13191,5,train,0.5199259519577026,pdb_00007ws7_G_F
13192,5,train,0.9905182719230652,pdb_00008khd_H_J
13193,5,train,0.7533982992172241,pdb_00003fmg_H_L
13194,5,train,0.1134457066655159,pdb_00006w0f_A_B
13195,5,train,0.9008865356445312,pdb_00009c0v_H_L
13196,5,train,0.7913080453872681,pdb_00008pwh_D_C
13197,5,train,0.007854952476918697,pdb_00002fed_E_F
13198,5,train,0.4055157005786896,pdb_00008zh7_K_L
13199,5,train,0.8791642189025879,pdb_00007kqh_C_D
13200,5,train,0.519706666469574,pdb_00002fjh_B_A
13201,5,train,0.020424365997314453,pdb_00007dw9_S1_S2
13202,5,train,0.5752755999565125,pdb_00008jio_C_B
13203,5,train,1.0237993001937866,pdb_00006oel_H_L
13204,5,train,0.6272091269493103,pdb_00007pry_H_L
13205,5,train,1.1035085916519165,pdb_00006xq0_B_C
13206,5,train,0.30857712030410767,pdb_00008jkf_H_L
13207,5,train,0.06837889552116394,pdb_00008si9_J_I
13208,5,train,0.4782312512397766,pdb_00009udq_F_A
13209,5,train,0.005820668768137693,pdb_00003ejy_E_F
13210,5,train,0.13788828253746033,pdb_00008vgi_K_L
13211,5,train,0.5807487368583679,pdb_00001tqc_B_C
13212,5,train,0.04189305007457733,pdb_00006vmk_H_G
13213,5,train,0.6538925170898438,pdb_00008u44_V_X
13214,5,train,0.025414366275072098,pdb_00009p0m_F1_F2
13215,5,train,0.016085730865597725,pdb_00007ydh_E1_E2
13216,5,train,0.5716796517372131,pdb_00008y3h_I_J
13217,5,train,0.3736132085323334,pdb_00001fdl_H_L
13218,5,train,0.64449143409729,pdb_00009n8j_H_I
13219,5,train,0.40007275342941284,pdb_00008bcz_C_D
13220,5,train,0.5928036570549011,pdb_00007cdj_H_L
13221,5,train,0.009179158136248589,pdb_00008x2k_E1_E2
13222,5,train,0.38280585408210754,pdb_00007x2k_H_L
13223,5,train,0.021400390192866325,pdb_00009p0k_F1_F2
13224,5,train,0.7170166969299316,pdb_00006wtv_E_F
13225,5,train,0.40762683749198914,pdb_00008y3k_G_H
13226,5,train,0.011942771263420582,pdb_00009m2f_S1_S2
13227,5,train,0.8906430006027222,pdb_00007fcp_H_L
13228,5,train,0.0441109724342823,pdb_00006e0c_M1_M2
13229,5,train,0.10171185433864594,pdb_00006bah_B_A
13230,5,train,0.049615610390901566,pdb_00006b9y_B_A
13231,5,train,0.008847265504300594,pdb_00002ht2_C_D
13232,5,train,0.008370746858417988,pdb_00002vdo_H_L
13233,5,train,0.5898609161376953,pdb_00007rku_J_K
13234,5,train,0.008076146245002747,pdb_00007aue_S1_S2
13235,5,train,0.7011058330535889,pdb_00009ebc_I_J
13236,5,train,1.1873632669448853,pdb_00004ubd_G_H
13237,5,train,0.01875322125852108,pdb_00009m1o_S1_S2
13238,5,train,0.5675860643386841,pdb_00008cn9_B_A
13239,5,train,0.012213900685310364,pdb_00007yj4_S1_S2
13240,5,train,0.6877095699310303,pdb_00007x6o_J_L
13241,5,train,0.4583883285522461,pdb_00006ii4_E_F
13242,5,train,0.5446669459342957,pdb_00004n90_F_G
13243,5,train,0.6691725254058838,pdb_00007xda_D_E
13244,5,train,0.5167114734649658,pdb_00009b82_N_M
13245,5,train,0.5414345860481262,pdb_00008dwy_H_L
13246,5,train,0.6215317249298096,pdb_00007d85_B_C
13247,5,train,0.013257469050586224,pdb_00008ia7_E1_E2
13248,5,train,0.007141524460166693,pdb_00007uh8_E_F
13249,5,train,0.7374676465988159,pdb_00009y0e_A_B
13250,5,train,0.01829061098396778,pdb_00007xms_S1_S2
13251,5,train,0.5339596271514893,pdb_00009mkn_I_M
13252,5,train,0.5653225183486938,pdb_00007xj9_G_F
13253,5,train,0.5170719027519226,pdb_00009q71_I_J
13254,5,train,0.5512213110923767,pdb_00004hj0_C_D
13255,5,train,0.5230510234832764,pdb_00007ley_H_I
13256,5,train,0.5960580110549927,pdb_00009b2m_H_L
13257,5,train,0.026256008073687553,pdb_00008rql_S1_S2
13258,5,train,0.023082515224814415,pdb_00008dd3_J_I
13259,5,train,0.41165822744369507,pdb_00008i0n_H_L
13260,5,train,0.009183783084154129,pdb_00006os9_D1_D2
13261,5,train,0.8372325301170349,pdb_00002ybr_G_H
13262,5,train,0.5097298622131348,pdb_00007ubs_J1_J2
13263,5,train,0.4362028241157532,pdb_00008jel_I_K
13264,5,train,0.3528572916984558,pdb_00004n90_D_E
13265,5,train,0.011642453260719776,pdb_00008gur_S1_S2
13266,5,train,0.48948395252227783,pdb_00007rks_I_M
13267,5,train,1.4224107265472412,pdb_00008c7h_L_K
13268,5,train,0.062252651900053024,pdb_00009ouo_H_L
13269,5,train,0.5148264765739441,pdb_00004odx_A_L
13270,5,train,0.4259651005268097,pdb_00008wpy_H_L
13271,5,train,0.016550514847040176,pdb_00007p00_H1_H2
13272,5,train,0.6323724389076233,pdb_00003qum_K_M
13273,5,train,0.028739070519804955,pdb_00009xhh_D1_D2
13274,5,train,0.8728759288787842,pdb_00007cqd_I_M
13275,5,train,0.9278428554534912,pdb_00008e8r_H_L
13276,5,train,0.7435333728790283,pdb_00006wm9_E_F
13277,5,train,0.009644174948334694,pdb_00008yn9_E1_E2
13278,5,train,0.11544498801231384,pdb_00009nz4_F_E
13279,5,train,0.02941129170358181,pdb_00008uwl_E1_E2
13280,5,train,0.48816803097724915,pdb_00007klh_I_M
13281,5,train,0.5843501687049866,pdb_00006ywc_D_E
13282,5,train,0.47355955839157104,pdb_00009b82_R_Q
13283,5,train,0.9979607462882996,pdb_00008jin_B2_B1
13284,5,train,0.09120722860097885,pdb_00007e32_E1_E2
13285,5,train,0.06123507022857666,pdb_00008z65_S1_S2
13286,5,train,0.33752357959747314,pdb_00007xei_E_F
13287,5,train,0.03989334776997566,pdb_00008dk5_N1_N2
13288,5,train,0.021590838208794594,pdb_00008xgu_S1_S2
13289,5,train,0.4146743416786194,pdb_00007xj9_I_H
13290,5,train,0.6261866688728333,pdb_00008jqm_M_N
13291,5,train,0.02776520885527134,pdb_00009m8l_N1_N2
13292,5,train,0.9915627241134644,pdb_00009kve_A_B
13293,5,train,0.015436825342476368,pdb_00007x10_E1_E2
13294,5,train,0.569610595703125,pdb_00007e9b_H_L
13295,5,train,0.016537195071578026,pdb_00008guq_S1_S2
13296,5,train,0.3745810091495514,pdb_00007ubs_H1_H2
13297,5,train,0.013255273923277855,pdb_00008xyk_S1_S2
13298,5,train,0.006587813142687082,pdb_00007uk9_E_F
13299,5,train,0.01203291304409504,pdb_00007vug_S1_S2
13300,5,train,0.44393211603164673,pdb_00009huo_C_D
13301,5,train,0.07900716364383698,pdb_00008x8l_E1_E2
13302,5,train,0.011589902453124523,pdb_00008fx5_H1_H2
13303,5,train,0.02476976066827774,pdb_00009jed_S1_S2
13304,5,train,0.6626161336898804,pdb_00008hpf_H_L
13305,5,train,0.18043139576911926,pdb_00006b3s_H_L
13306,5,train,0.003587961196899414,pdb_00003t3m_E_F
13307,5,train,0.40737977623939514,pdb_00006ba5_B_A
13308,5,train,1.0973368883132935,pdb_00007n4j_H_L
13309,5,train,0.012452208437025547,pdb_00008iy5_E1_E2
13310,5,train,0.056143008172512054,pdb_00009our_H_L
13311,5,train,0.12223753333091736,pdb_00008id9_S1_S2
13312,5,train,0.07891112565994263,pdb_00009axf_H1_H2
13313,5,train,0.07438058406114578,pdb_00008w8b_E1_E2
13314,5,train,0.023885440081357956,pdb_00008xx6_S1_S2
13315,5,train,0.48076122999191284,pdb_00009ixa_H_L
13316,5,train,0.011936766095459461,pdb_00009le1_S1_S2
13317,5,train,0.032273050397634506,pdb_00009ctu_F_E
13318,5,train,0.7773909568786621,pdb_00007kyo_H_L
13319,5,train,0.6108759045600891,pdb_00007l7e_C_D
13320,5,train,0.36713752150535583,pdb_00008jen_A_B
13321,5,train,0.84254390001297,pdb_00008f6o_A_B
13322,5,train,0.02098757214844227,pdb_00008y72_E1_E2
13323,5,train,0.0178200826048851,pdb_00008hcx_E1_E2
13324,5,train,0.6227433085441589,pdb_00008u44_U_W
13325,5,train,0.021193714812397957,pdb_00009k27_D1_D2
13326,5,train,0.025697974488139153,pdb_00008z8b_S1_S2
13327,5,train,0.08791343867778778,pdb_00003b2u_J_K
13328,5,train,0.009084764868021011,pdb_00006x3x_J_I
13329,5,train,0.5643326044082642,pdb_00008u4s_B_A
13330,5,train,0.07712842524051666,pdb_00008zbe_E1_E2
13331,5,train,0.546818733215332,pdb_00001fsk_I_H
13332,5,train,0.014920261688530445,pdb_00008ija_S1_S2
13333,5,train,0.4416176974773407,pdb_00005bo1_I_M
13334,5,train,0.5259760022163391,pdb_00008too_D_C
13335,5,train,1.28261399269104,pdb_00009kve_D_F
13336,5,train,0.012969108298420906,pdb_00009drx_J_I
13337,5,train,0.36211156845092773,pdb_00007nx8_H_L
13338,5,train,0.6569497585296631,pdb_00007xrz_B_A
13339,5,train,0.024110866710543633,pdb_00008fn0_E1_E2
13340,5,train,0.6357683539390564,pdb_00007det_D1_D2
13341,5,train,0.28098243474960327,pdb_00007kfv_H_L
13342,5,train,1.0046327114105225,pdb_00006uyn_H_L
13343,5,train,0.22986413538455963,pdb_000011oo_H_L
13344,5,train,0.023630348965525627,pdb_00007xa3_E1_E2
13345,5,train,0.5681703090667725,pdb_00009h4r_X_Y
13346,5,train,0.019728636369109154,pdb_00008k6n_S1_S2
13347,5,train,0.015348848886787891,pdb_00007ew0_E1_E2
13348,5,train,0.021149957552552223,pdb_00008yn2_E1_E2
13349,5,train,0.8582571148872375,pdb_00006t9d_AAA_BBB
13350,5,train,0.014153141528367996,pdb_00009o36_E1_E2
13351,5,train,0.10277417302131653,pdb_00007u0g_O1_O2
13352,5,train,0.023022865876555443,pdb_00009kfj_S1_S2
13353,5,train,0.6068234443664551,pdb_00006xq4_E_F
13354,5,train,0.10521034896373749,pdb_00003b2u_C_D
13355,5,train,0.8398023247718811,pdb_00009bdi_C_D
13356,5,train,0.9165798425674438,pdb_00009leo_C_D
13357,5,train,0.012662258930504322,pdb_00007trk_H1_H2
13358,5,train,0.7375717759132385,pdb_00004d9r_H_L
13359,5,train,1.1243442296981812,pdb_00009bhh_T_S
13360,5,train,0.4996633529663086,pdb_00004ttd_C_D
13361,5,train,0.42041775584220886,pdb_00007l7e_O_P
13362,5,train,0.42025187611579895,pdb_00007cho_H_L
13363,5,train,0.7679375410079956,pdb_00009o7g_C_D
13364,5,train,0.00630134018138051,pdb_00002ht3_E_F
13365,5,train,0.6893038749694824,pdb_00003wkm_I_M
13366,5,train,0.45530906319618225,pdb_00008zh7_B_C
13367,5,train,0.6168286204338074,pdb_00005x8l_G_L
13368,5,train,0.00799888651818037,pdb_00007vgy_E1_E2
13369,5,train,0.46413320302963257,pdb_00008hq7_H_L
13370,5,train,0.5383995771408081,pdb_00006n5b_H_L
13371,5,train,1.4417794942855835,pdb_00009vnp_C_A
13372,5,train,0.042897652834653854,pdb_00008j6d_H1_H2
13373,5,train,0.973430335521698,pdb_00004fqj_H_L
13374,5,train,0.027260545641183853,pdb_00008j6p_S1_S2
13375,5,train,0.7844458222389221,pdb_00008ee8_D_C
13376,5,train,1.1873801946640015,pdb_00008v2e_D_E
13377,5,train,0.5070084929466248,pdb_00009n4f_O_P
13378,5,train,0.041699327528476715,pdb_00009ov4_H_L
13379,5,train,0.035814300179481506,pdb_00006x40_K_L
13380,5,train,0.3710821568965912,pdb_00009u5q_B_C
13381,5,train,0.4278255105018616,pdb_00004m62_I_M
13382,5,train,0.3276700973510742,pdb_00006w41_H_L
13383,5,train,0.657353401184082,pdb_00008zd5_H_I
13384,5,train,1.1328250169754028,pdb_00009e3l_I_J
13385,5,train,0.012023938819766045,pdb_00007t10_S1_S2
13386,5,train,0.7491703033447266,pdb_00008eed_H_L
13387,5,train,0.22036965191364288,pdb_00007kfv_F_G
13388,5,train,0.03054090589284897,pdb_00008iw9_S1_S2
13389,5,train,0.824889063835144,pdb_00008w86_E_F
13390,5,train,0.02685915306210518,pdb_00008wwm_E1_E2
13391,5,train,0.8855869174003601,pdb_00006d0u_C_D
13392,5,train,0.10533008724451065,pdb_00009ge3_F1_F2
13393,5,train,0.8210443258285522,pdb_00007cqd_H_L
13394,5,train,0.008053005672991276,pdb_00007tho_E_F
13395,5,train,0.4112539291381836,pdb_00004ma8_H_L
13396,5,train,0.9324285984039307,pdb_00007c88_A_B
13397,5,train,0.03207370266318321,pdb_00008efo_E1_E2
13398,5,train,0.4471331536769867,pdb_00003s37_H_L
13399,5,train,0.012128339149057865,pdb_00009uam_E1_E2
13400,5,train,0.6120703220367432,pdb_00008dcc_H_L
13401,5,train,0.025117749348282814,pdb_00008yuu_S1_S2
13402,5,train,0.014496222138404846,pdb_00007s8m_E1_E2
13403,5,train,0.6919498443603516,pdb_00005xmh_H_L
13404,5,train,0.944218635559082,pdb_00007x3e_H_L
13405,5,train,0.6851658225059509,pdb_00006woz_B_C
13406,5,train,0.8640205264091492,pdb_00005ggs_A_B
13407,5,train,0.044999051839113235,pdb_00009nz5_B_C
13408,5,train,0.6700093746185303,pdb_00006iap_H_L
13409,5,train,0.47725942730903625,pdb_00007rk1_C1_C2
13410,5,train,0.3627623915672302,pdb_00007wsi_H_L
13411,5,train,0.1837935894727707,pdb_00001ic7_H_L
13412,5,train,0.016066867858171463,pdb_00007vfx_S1_S2
13413,5,train,0.1598641574382782,pdb_00005aaw_A1_A2
13414,5,train,0.4603707492351532,pdb_00009b2m_E_F
13415,5,train,0.07636676728725433,pdb_00008vgj_F_E
13416,5,train,0.26553139090538025,pdb_00002qr0_L_K
13417,5,train,0.4706179201602936,pdb_00007ley_D_E
13418,5,train,0.05854411423206329,pdb_00008vgk_J_I
13419,5,train,0.020003343001008034,pdb_00008xxh_S1_S2
13420,5,train,0.014878522604703903,pdb_00002htk_E_F
13421,5,train,0.570214569568634,pdb_00001fj1_D_C
13422,5,train,0.8898500204086304,pdb_00009mtg_H_L
13423,5,train,0.011703305877745152,pdb_00007v68_S1_S2
13424,5,train,0.48973217606544495,pdb_00003eo1_B_A
13425,5,train,0.011175204999744892,pdb_00007ys6_E1_E2
13426,5,train,0.6897154450416565,pdb_00008yub_D_E
13427,5,train,0.8543189167976379,pdb_00006wmw_H_L
13428,5,train,0.0358537957072258,pdb_00006b9z_B_A
13429,5,train,0.5607335567474365,pdb_00007eam_C_D
13430,5,train,0.38795551657676697,pdb_00007lop_H_L
13431,5,train,0.03565181791782379,pdb_00009xhi_D1_D2
13432,5,train,0.933837354183197,pdb_00004kuc_F_E
13433,5,train,0.07448159903287888,pdb_00009zq9_J2_J1
13434,5,train,0.01725936122238636,pdb_00009k3k_S1_S2
13435,5,train,0.7342178821563721,pdb_00009mtm_M_N
13436,5,train,0.5043413639068604,pdb_00008xse_H_L
13437,5,train,0.3122217655181885,pdb_00005yoy_R_O
13438,5,train,1.1701422929763794,pdb_00008hgm_C_D
13439,5,train,0.960340678691864,pdb_00008fdo_A_B
13440,5,train,0.013079271651804447,pdb_00008h0q_E1_E2
13441,5,train,0.4859672784805298,pdb_00008j7e_C_D
13442,5,train,0.02274847775697708,pdb_00003iga_A_B
13443,5,train,0.025783469900488853,pdb_00002hjf_A_B
13444,5,train,0.598594069480896,pdb_00005ugy_I_M
13445,5,train,1.0298320055007935,pdb_00002r56_I_M
13446,5,train,0.3316006064414978,pdb_00007xeg_C_D
13447,5,train,0.45251521468162537,pdb_00006ii8_H_L
13448,5,train,0.022870289161801338,pdb_00009j8z_S1_S2
13449,5,train,0.5723546743392944,pdb_00002bdn_H_L
13450,5,train,0.6951913833618164,pdb_00008dwx_V_U
13451,5,train,0.7290738224983215,pdb_00009lf8_H_L
13452,5,train,0.4290624260902405,pdb_00007kmg_A_B
13453,5,train,0.5435260534286499,pdb_00006k7o_B_C
13454,5,train,0.9374182224273682,pdb_00008tpa_D_E
13455,5,train,0.46255484223365784,pdb_00007kf0_H_L
13456,5,train,0.5801308155059814,pdb_00009ebc_G_H
13457,5,train,0.0142046008259058,pdb_00007jvr_E1_E2
13458,5,train,0.5258458852767944,pdb_00007rk2_C1_C2
13459,5,train,0.06653497368097305,pdb_00006w0j_A_B
13460,5,train,0.74062579870224,pdb_00009kve_E_G
13461,5,train,0.5912988185882568,pdb_00007det_B1_B2
13462,5,train,0.5437248349189758,pdb_00003v4p_M_N
13463,5,train,0.42982426285743713,pdb_00008w2e_D_C
13464,5,train,0.3569556772708893,pdb_00009b82_H_L
13465,5,train,0.010615409351885319,pdb_00008k6o_S1_S2
13466,5,train,0.019466038793325424,pdb_00007mhx_A_B
13467,5,train,0.07885085791349411,pdb_00003rif_H_L
13468,5,train,0.020331550389528275,pdb_00008ejc_E1_E2
13469,5,train,0.40816327929496765,pdb_00007chc_H_L
13470,5,train,0.012037070468068123,pdb_00008k3z_S1_S2
13471,5,train,0.022690141573548317,pdb_00009lr2_S1_S2
13472,5,train,0.6671065092086792,pdb_00007uzc_E_F
13473,5,train,0.9589391946792603,pdb_00009ml8_H_L
13474,5,train,0.00810756254941225,pdb_00009jh3_S1_S2
13475,5,train,0.5812895894050598,pdb_00006woz_H_I
13476,5,train,0.1859007328748703,pdb_00009zqa_J2_J1
13477,5,train,0.40037646889686584,pdb_00009ebc_K_L
13478,5,train,0.7846335172653198,pdb_00007whz_C_E
13479,5,train,0.7748732566833496,pdb_00004ffv_H_L
13480,5,train,0.21173803508281708,pdb_00008jkf_M_N
13481,5,train,0.4864058494567871,pdb_00008dwx_X_W
13482,5,train,0.6816814541816711,pdb_00009mtj_I_J
13483,5,train,0.016910172998905182,pdb_00009k3l_S1_S2
13484,5,train,0.5892495512962341,pdb_00005wko_C_D
13485,5,train,0.013453230261802673,pdb_00007w55_E1_E2
13486,5,train,0.44925743341445923,pdb_00007qf1_C_B
13487,5,train,0.3972095847129822,pdb_00001xiw_H_G
13488,5,train,0.1525779813528061,pdb_00006k5f_C_D
13489,5,train,0.5118288397789001,pdb_00007y7m_F_G
13490,5,train,0.016805123537778854,pdb_00007xau_E1_E2
13491,5,train,0.8161096572875977,pdb_00009cq7_H_I
13492,5,train,0.6101140379905701,pdb_00008bg5_A1_A2
13493,5,train,0.4643242657184601,pdb_00005ugy_H_L
13494,5,train,0.7196752429008484,pdb_00008khr_H_L
13495,5,train,0.01086715143173933,pdb_00007cmu_E1_E2
13496,5,train,0.3585113286972046,pdb_00008smt_D_F
13497,5,train,1.042797327041626,pdb_00008w5h_H_L
13498,5,train,0.7971447110176086,pdb_00007ebz_E_F
13499,5,train,0.9601597189903259,pdb_00004u6h_A_B
13500,5,train,0.9891350865364075,pdb_00009e3k_H_L
13501,5,train,0.576590359210968,pdb_00008dnn_E_F
13502,5,train,0.4528542757034302,pdb_00009oj4_B_A
13503,5,train,1.2181015014648438,pdb_00007s11_I_M
13504,5,train,0.029719730839133263,pdb_00006xox_E1_E2
13505,5,train,0.5251668691635132,pdb_00007lq7_H_L
13506,5,train,0.567907989025116,pdb_00009cpv_H_L
13507,5,train,0.012512142769992352,pdb_00008xzh_S1_S2
13508,5,train,0.43049487471580505,pdb_00009hh9_E_D
13509,5,train,0.757254958152771,pdb_00007y6k_J_E3
13510,5,train,0.40440595149993896,pdb_00008jel_F_G
13511,5,train,0.5531152486801147,pdb_00007t87_H_L
13512,5,train,0.02070031687617302,pdb_00008ijb_S1_S2
13513,5,train,0.6054273843765259,pdb_00004f2m_A_B
13514,5,train,0.5956052541732788,pdb_00007cmk_H_L
13515,5,train,0.48549604415893555,pdb_00005w0k_E_F
13516,5,train,0.7688102126121521,pdb_00007dm2_H_L
13517,5,train,0.5485421419143677,pdb_00008tx3_E_J
13518,5,train,0.014113175682723522,pdb_00008jim_S1_S2
13519,5,train,0.017162946984171867,pdb_00007w2z_S1_S2
13520,5,train,0.026174601167440414,pdb_00008hvi_H1_H2
13521,5,train,0.6642941236495972,pdb_00009mla_I_L
13522,5,train,0.051404792815446854,pdb_00006w0a_A_B
13523,5,train,0.22958120703697205,pdb_00008jkf_m_n
13524,5,train,0.43924060463905334,pdb_00009lrf_H_L
13525,5,train,0.8593493700027466,pdb_00007ycl_A_B
13526,5,train,0.046625781804323196,pdb_00008vfx_M2_M1
13527,5,train,0.6429859399795532,pdb_00002hmi_D_C
13528,5,train,0.3268938362598419,pdb_00004tsc_H_L
13529,5,train,0.029609302058815956,pdb_00003fb5_A_B
13530,5,train,0.47966915369033813,pdb_00007keo_E_F
13531,5,train,0.6205748319625854,pdb_00006wtu_H_I
13532,5,train,0.7459428906440735,pdb_00008vtd_B_A
13533,5,train,0.25860342383384705,pdb_00009cia_D_C
13534,5,train,0.011129697784781456,pdb_00009vj5_E1_E2
13535,5,train,0.917890191078186,pdb_00005e94_D_C
13536,5,train,0.7123823761940002,pdb_00006h3u_H_L
13537,5,train,0.4292287528514862,pdb_00009lbs_D_C
13538,5,train,1.0213600397109985,pdb_00004xhj_H_G
13539,5,train,0.670734703540802,pdb_00004am0_H_L
13540,5,train,0.6333723664283752,pdb_00008a96_K_J
13541,5,train,0.3936861455440521,pdb_00007ek0_H_L
13542,5,train,0.518095850944519,pdb_00007lq7_T_U
13543,5,train,0.5960422158241272,pdb_00009mif_H_L
13544,5,train,0.017819145694375038,pdb_00001k4d_A_B
13545,5,train,0.7732921242713928,pdb_00004v1d_D_E
13546,5,train,0.43438902497291565,pdb_00008zd5_K_L
13547,5,train,0.08701952546834946,pdb_00004tnw_Y_g
13548,5,train,0.07810752093791962,pdb_00008ubl_N2_N1
13549,5,train,0.016054024919867516,pdb_00008h0p_E1_E2
13550,5,train,0.4535640478134155,pdb_00009cpw_H_L
13551,5,train,0.007741502486169338,pdb_00008xqe_S1_S2
13552,5,train,0.439249724149704,pdb_00009bao_E_F
13553,5,train,0.49544888734817505,pdb_00005xku_C_B
13554,5,train,0.06835861504077911,pdb_00004tnw_G_K
13555,5,train,0.531782329082489,pdb_00008wpw_C_D
13556,5,train,0.623900830745697,pdb_00007fci_H_L
13557,5,train,0.1708519458770752,pdb_00007zmk_M_N
13558,5,train,0.525327205657959,pdb_00008j1q_B_A
13559,5,train,0.013854080811142921,pdb_00003nig_H_L
13560,5,train,0.8267309665679932,pdb_00008tnn_H_G
13561,5,train,0.00672798091545701,pdb_00007udg_E_F
13562,5,train,0.03401949629187584,pdb_00008dd3_K_L
13563,5,train,0.3188928961753845,pdb_00006vvu_J_K
13564,5,train,0.6916179656982422,pdb_00001p2c_E_D
13565,5,train,0.8114256858825684,pdb_00005umi_A_B
13566,5,train,0.06880577653646469,pdb_00005u6a_B_A
13567,5,train,0.5453551411628723,pdb_00002r0l_H_L
13568,5,train,0.03398875892162323,pdb_00008sg1_E1_E2
13569,5,train,0.8354546427726746,pdb_00007f3q_H_L
13570,5,train,0.2781082093715668,pdb_00005yoy_P_M
13571,5,train,0.6068226099014282,pdb_00003g6j_F_E
13572,5,train,0.45512303709983826,pdb_00003dvn_B_A
13573,5,train,0.760367214679718,pdb_00008tbq_A_B
13574,5,train,0.01754285767674446,pdb_00008z3m_S1_S2
13575,5,train,0.7701442837715149,pdb_00007pa7_eee2_eee1
13576,5,train,0.009038743562996387,pdb_00009wxm_D1_D2
13577,5,train,0.05449451133608818,pdb_00009kt8_E1_E2
13578,5,train,0.048722948879003525,pdb_00003a6b_H_L
13579,5,train,0.6669698357582092,pdb_00006suz_H_L
13580,5,train,0.16203294694423676,pdb_00005aaw_F1_F2
13581,5,train,0.4090912342071533,pdb_00008bg4_C1_C2
13582,5,train,0.73191237449646,pdb_00007zfb_A_B
13583,5,train,0.017984483391046524,pdb_00007w57_E1_E2
13584,5,train,0.47425398230552673,pdb_00009ci8_D_C
13585,5,train,0.2507379949092865,pdb_00009jy3_R_Q
13586,5,train,0.6483112573623657,pdb_00007dpm_D_E
13587,5,train,0.6218701601028442,pdb_00004kxz_J_I
13588,5,train,0.053990066051483154,pdb_00003rif_J_M
13589,5,train,0.16818872094154358,pdb_00008vgj_K_L
13590,5,train,0.019516868516802788,pdb_00008h8j_H1_H2
13591,5,train,0.4424326717853546,pdb_00001j5o_H_L
13592,5,train,1.3039861917495728,pdb_00009y3x_H_L
13593,5,train,0.47029319405555725,pdb_00009q71_K_L
13594,5,train,1.1605808734893799,pdb_00005hbt_D_C
13595,5,train,0.8560943603515625,pdb_00009qt3_N_O
13596,5,train,0.2332761436700821,pdb_00006zh9_HHH_LLL
13597,5,train,0.6062189936637878,pdb_00008oxx_B_C
13598,5,train,0.0166926346719265,pdb_00007uko_E_F
13599,5,train,0.3785804510116577,pdb_00003fku_Z1_Z2
13600,5,train,0.00921106617897749,pdb_00008hcq_E1_E2
13601,5,train,0.5759189128875732,pdb_00007wh8_B_A
13602,5,train,0.025648968294262886,pdb_00008i7w_E1_E2
13603,5,train,0.004689617082476616,pdb_00002vdq_H_L
13604,5,train,0.4666835069656372,pdb_00009n7q_H_L
13605,5,train,0.004558665677905083,pdb_00002vdl_H_L
13606,5,train,0.02187812142074108,pdb_00008tb0_F1_F2
13607,5,train,0.2786424458026886,pdb_00009hhr_D_G
13608,5,train,0.7417227625846863,pdb_00003v6z_A_B
13609,5,train,0.058214541524648666,pdb_00005u5f_B_A
13610,5,train,0.8075457215309143,pdb_00009dm0_C_D
13611,5,train,0.018519114702939987,pdb_00008uuj_D1_D2
13612,5,train,0.1848660707473755,pdb_00001uac_H_L
13613,5,train,0.008798958733677864,pdb_00007yae_S1_S2
13614,5,train,0.8423020839691162,pdb_00004wv1_E_D
13615,5,train,0.5788797736167908,pdb_00007zfb_H_L
13616,5,train,0.5796672701835632,pdb_00006cyf_D_C
13617,5,train,0.6462039947509766,pdb_00005h35_H_I
13618,5,train,0.33134326338768005,pdb_00008as0_T_S
13619,5,train,0.016208937391638756,pdb_00009vo2_S1_S2
13620,5,train,0.03892441838979721,pdb_00008evg_M1_M2
13621,5,train,0.7830354571342468,pdb_00008w5m_H_L
13622,5,train,0.6625744700431824,pdb_00006wzm_C_D
13623,5,train,0.4074113070964813,pdb_00007dfa_H_L
13624,5,train,0.01147916354238987,pdb_00009k26_S1_S2
13625,5,train,0.5439261794090271,pdb_00007zfb_C_D
13626,5,train,0.05387108027935028,pdb_00006vmk_i_h
13627,5,train,0.7028830647468567,pdb_00008gy5_H_L
13628,5,train,0.011675315909087658,pdb_00008xqt_S1_S2
13629,5,train,0.4455323815345764,pdb_00006cyf_F_E
13630,5,train,0.9398694634437561,pdb_00001qfu_H_L
13631,5,train,1.0632829666137695,pdb_00008xa4_C_D
13632,5,train,0.20506805181503296,pdb_00001g7h_B_A
13633,5,train,0.5445946455001831,pdb_00004lf3_B_A
13634,5,train,0.5238915085792542,pdb_00008hpu_M_N
13635,5,train,0.2782255709171295,pdb_00001t03_H_L
13636,5,train,0.016794318333268166,pdb_00007ujk_E_F
13637,5,train,0.7130488753318787,pdb_00007upb_B_E
13638,5,train,0.6799688935279846,pdb_00009bdi_H_L
13639,5,train,0.5841285586357117,pdb_00004wv1_B_A
13640,5,train,0.05539326369762421,pdb_00006w0h_A_B
13641,5,train,0.02948683686554432,pdb_00008y71_E1_E2
13642,5,train,0.017037592828273773,pdb_00007ej8_H1_H2
13643,5,train,0.4273689389228821,pdb_00007upb_C_F
13644,5,train,0.4108816981315613,pdb_00007xcz_D_E
13645,5,train,0.9894959330558777,pdb_00006oc3_A_B
13646,5,train,0.39997851848602295,pdb_00007sts_A_B
13647,5,train,0.6028175354003906,pdb_00006cw3_C_D
13648,5,train,0.011185584589838982,pdb_00007s8o_E1_E2
13649,5,train,0.8027166724205017,pdb_00007qny_A_B
13650,5,train,0.4176737368106842,pdb_00008dn6_E_F
13651,5,train,0.1366482973098755,pdb_00002qr0_R_Q
13652,5,train,0.630700409412384,pdb_00007m7w_E_F
13653,5,train,0.43832719326019287,pdb_00008vgm_H_L
13654,5,train,0.4299890995025635,pdb_00008zh7_E_F
13655,5,train,0.7708573341369629,pdb_00008ezk_I1_I2
13656,5,train,0.6131462454795837,pdb_00007ttm_H_L
13657,5,train,0.052700743079185486,pdb_00008vgk_F_E
13658,5,train,0.422835111618042,pdb_00005wk3_S_R
13659,5,train,0.8679312467575073,pdb_00009e21_H_L
13660,5,train,0.5219613313674927,pdb_00009mqa_H_L
13661,5,train,0.13538867235183716,pdb_00009ctu_D_C
13662,5,train,0.521972119808197,pdb_00007ycn_K_L
13663,5,train,0.5066431164741516,pdb_00008cn9_L_K
13664,5,train,0.00473406258970499,pdb_00007ue0_E_F
13665,5,train,0.9005511999130249,pdb_00007bsc_H_L
13666,5,train,0.014063112437725067,pdb_00008e9y_E1_E2
13667,5,train,0.025748027488589287,pdb_00009kft_S1_S2
13668,5,train,0.4897574186325073,pdb_00003vrl_E_F
13669,5,train,0.020454993471503258,pdb_00007tmz_E_F
13670,5,train,0.7159715294837952,pdb_00009cff_H_L
13671,5,train,0.010253297165036201,pdb_00008hoc_S1_S2
13672,5,train,0.8673058152198792,pdb_00007quh_H_L
13673,5,train,0.7665361762046814,pdb_00006hjp_I_J
13674,5,train,0.38932082056999207,pdb_00009b82_I_G
13675,5,train,0.2843843996524811,pdb_00005yoy_I_F
13676,5,train,0.012965956702828407,pdb_00007scg_E1_E2
13677,5,train,0.7266898155212402,pdb_00009k6y_H_L
13678,5,train,0.010314113460481167,pdb_00009vjf_E1_E2
13679,5,train,0.011070351116359234,pdb_00007evy_E1_E2
13680,5,train,0.9112866520881653,pdb_00008w5n_H_L
13681,5,train,0.012052570469677448,pdb_00007xwo_E1_E2
13682,5,train,0.013343408703804016,pdb_00007trs_H1_H2
13683,5,train,0.9156960844993591,pdb_00005vig_H_L
13684,5,train,0.31311193108558655,pdb_00007ul1_H_L
13685,5,train,0.8147685527801514,pdb_00008sit_H_L
13686,5,train,1.2187385559082031,pdb_00008kep_H_L
13687,5,train,0.7048571109771729,pdb_00008dis_H_L
13688,5,train,1.0934858322143555,pdb_00008kdr_H_L
13689,5,train,0.5013601183891296,pdb_00009l6c_A_B
13690,5,train,0.3335797190666199,pdb_00009l6c_D_F
13691,5,train,0.5942822098731995,pdb_00004gxu_U_V
13692,5,train,0.46272581815719604,pdb_00006j6y_E_F
13693,5,train,0.7660858035087585,pdb_00006ogx_C_D
13694,5,train,0.05313362553715706,pdb_00007xk2_S1_S2
13695,5,train,0.09497003257274628,pdb_00009nz5_F_E
13696,5,train,0.5555552244186401,pdb_00007bpk_H_L
13697,5,train,0.5469524264335632,pdb_00006ba5_D_C
13698,5,train,0.6733454465866089,pdb_00007pa7_ooo2_ooo1
13699,5,train,0.8892096877098083,pdb_00007mkm_H_L
13700,5,train,0.45162367820739746,pdb_00004zff_H_L
13701,5,train,0.8938455581665039,pdb_00008cbf_H_L
13702,5,train,0.1299697309732437,pdb_00009our_J_K
13703,5,train,0.05432060733437538,pdb_00009jkx_S1_S2
13704,5,train,0.5634616613388062,pdb_00009cfg_H_L
13705,5,train,0.2206180989742279,pdb_00009hhr_F_E
13706,5,train,0.737959623336792,pdb_00001e6j_H_L
13707,5,train,0.6247414350509644,pdb_00007tbf_D_E
13708,5,train,0.48770672082901,pdb_00002jix_D_G
13709,5,train,0.7852002382278442,pdb_00005vqm_H_L
13710,5,train,0.5048264265060425,pdb_00001tzh_H_L
13711,5,train,0.6630425453186035,pdb_00005y11_A_B
13712,5,train,1.1443862915039062,pdb_00003bgf_H_L
13713,5,train,0.031166499480605125,pdb_00008vqy_K_L
13714,5,train,0.031038891524076462,pdb_00008vrn_J_I
13715,5,train,1.2677059173583984,pdb_00003mj9_H_L
13716,5,train,1.8302688598632812,pdb_00004i3r_H_L
13717,5,train,0.009155518375337124,pdb_00007wz7_C1_C2
13718,5,train,0.010793045163154602,pdb_00009ldv_S1_S2
13719,5,train,0.5399357080459595,pdb_00005oca_H_L
13720,5,train,0.890332818031311,pdb_00008uf7_B_A
13721,5,train,0.01507206168025732,pdb_00008vve_E1_E2
13722,5,train,0.8521860241889954,pdb_00007k9i_H_L
13723,5,train,0.017957530915737152,pdb_00007db6_E1_E2
13724,5,train,0.012940120883286,pdb_00009ik9_E1_E2
13725,5,train,0.6595602631568909,pdb_00007tpj_H_L
13726,5,train,0.15891006588935852,pdb_00008j22_F1_F2
13727,5,train,0.011173514649271965,pdb_00009l79_S1_S2
13728,5,train,0.33539631962776184,pdb_00008f2j_H_L
13729,5,train,0.00740046426653862,pdb_00007vl8_S1_S2
13730,5,train,0.9269633889198303,pdb_00006flc_H_L
13731,5,train,0.020872218534350395,pdb_00006crk_H1_H2
13732,5,train,0.006322972942143679,pdb_00008gut_S1_S2
13733,5,train,0.7059808373451233,pdb_00009npg_A_B
13734,5,train,0.2668944001197815,pdb_00008j8r_D_E
13735,5,train,1.052556037902832,pdb_00007shy_I_J
13736,5,train,0.7569103837013245,pdb_00007x3d_H_L
13737,5,train,0.1310013234615326,pdb_00004tnw_V_Z
13738,5,train,0.972885012626648,pdb_00007t82_D_C
13739,5,train,0.5916734337806702,pdb_00008gv6_I_J
13740,5,train,0.005765825044363737,pdb_00006dde_E1_E2
13741,5,train,0.9498065114021301,pdb_00006s3d_A_B
13742,5,train,1.2531224489212036,pdb_00006ivz_H_L
13743,5,train,0.10736813396215439,pdb_00007l1v_H1_H2
13744,5,train,0.4166852533817291,pdb_00008caf_B_A
13745,5,train,0.830107569694519,pdb_00009eti_H_L
13746,5,train,0.7847747802734375,pdb_00007qnx_A_B
13747,5,train,0.024792879819869995,pdb_00008u1u_E1_E2
13748,5,train,0.8523970246315002,pdb_00007uvs_A_B
13749,5,train,0.7201510071754456,pdb_00009vft_F_E
13750,5,train,0.011331155896186829,pdb_00007u9v_E_F
13751,5,train,1.2338720560073853,pdb_00008ulj_H_L
13752,5,train,0.5052314400672913,pdb_00008bec_C1_C2
13753,5,train,0.4325296878814697,pdb_00006pe9_C_D
13754,5,train,0.5451290011405945,pdb_00003nh7_I_M
13755,5,train,0.5795795917510986,pdb_00003g6j_H_G
13756,5,train,0.05584319680929184,pdb_00001ott_C_D
13757,5,train,0.667246401309967,pdb_00008y0y_D1_D4
13758,5,train,0.005357454996556044,pdb_00007u9f_E_F
13759,5,train,0.9210663437843323,pdb_00007dm1_D_C
13760,5,train,0.5817617177963257,pdb_00002vwe_E_C
13761,5,train,1.1863082647323608,pdb_00009ivj_H_L
13762,5,train,0.5712587833404541,pdb_00007dk0_A_B
13763,5,train,0.06364309787750244,pdb_00006ada_C_D
13764,5,train,0.02157672867178917,pdb_00007w53_E1_E2
13765,5,train,0.4644761383533478,pdb_00001fsk_F_E
13766,5,train,0.5733331441879272,pdb_00009ue8_U_V
13767,5,train,0.8379298448562622,pdb_00007x2w_H_L
13768,5,train,0.5376132726669312,pdb_00008cn9_G_F
13769,5,train,0.9583969116210938,pdb_00008hrd_L_M
13770,5,train,0.5671257972717285,pdb_00003eo1_H_G
13771,5,train,0.1427185833454132,pdb_00003b2u_N_O
13772,5,train,0.7477772235870361,pdb_00007t0z_H_L
13773,5,train,0.047739386558532715,pdb_00006vmk_u_t
13774,5,train,0.016923509538173676,pdb_00007rkm_D1_D2
13775,5,train,0.16150625050067902,pdb_00006yz7_HHH_LLL
13776,5,train,0.2660078704357147,pdb_00005yoy_H_E
13777,5,train,0.03993837535381317,pdb_00009ite_E1_E2
13778,5,train,0.8048505187034607,pdb_00006mlm_F_G
13779,5,train,0.3937360644340515,pdb_00008ulf_I_M
13780,5,train,0.6504427194595337,pdb_00008v5v_f_g
13781,5,train,0.18499009311199188,pdb_00001kiq_B_A
13782,5,train,0.24261856079101562,pdb_00009jy4_P_O
13783,5,train,0.47941112518310547,pdb_00006h3u_I_M
13784,5,train,0.43280383944511414,pdb_00007rku_G_I
13785,5,train,0.3062567710876465,pdb_00007vaf_H_L
13786,5,train,0.021864626556634903,pdb_00007cvs_C_D
13787,5,train,0.5388849973678589,pdb_00007jum_I1_I2
13788,5,train,1.1335927248001099,pdb_00008eeu_H_L
13789,5,train,0.04768310859799385,pdb_00002exy_C_D
13790,5,train,0.5996111035346985,pdb_00007wvl_H_L
13791,5,train,0.41238826513290405,pdb_00006iap_E_D
13792,5,train,0.8648582696914673,pdb_00005lsp_S_T
13793,5,train,0.012548250146210194,pdb_00009f34_E1_E2
13794,5,train,0.03997163474559784,pdb_00009wp9_C1_C2
13795,5,train,0.028114354237914085,pdb_00009ko4_H1_H2
13796,5,train,0.053671758621931076,pdb_00008jt6_E1_E2
13797,5,train,0.4023403525352478,pdb_00008xse_M_N
13798,5,train,0.3934064507484436,pdb_00009ue8_Q_R
13799,5,train,0.8322927951812744,pdb_00007t0w_O_P
13800,5,train,0.6841553449630737,pdb_00007x6o_C_D
13801,5,train,0.011538431979715824,pdb_00006k5i_E_F
13802,5,train,1.1403969526290894,pdb_00006xq0_E_F
13803,5,train,1.0075770616531372,pdb_00008e8s_H_L
13804,5,train,0.8700035214424133,pdb_00009yyu_J_N
13805,5,train,0.07993584871292114,pdb_00007vgs_D_C
13806,5,train,0.4235883951187134,pdb_00002eiz_B_A
13807,5,train,0.012739279307425022,pdb_00007tct_H_L
13808,5,train,0.7158745527267456,pdb_00003bn9_F_E
13809,5,train,0.009205608628690243,pdb_00008irt_E1_E2
13810,5,train,0.07689036428928375,pdb_00009zqc_I2_I1
13811,5,train,0.5456580519676208,pdb_00004dkf_H_L
13812,5,train,0.30385127663612366,pdb_00008as0_W_V
13813,5,train,0.010619382373988628,pdb_00002r9h_C_D
13814,5,train,0.011720092967152596,pdb_00009f33_E1_E2
13815,5,train,0.6929703950881958,pdb_00009mla_G_J
13816,5,train,0.7499395608901978,pdb_00004hg4_J_K
13817,5,train,0.014022178016602993,pdb_00007eo4_E1_E2
13818,5,train,0.02899859845638275,pdb_00008t3o_N1_N2
13819,5,train,0.011365863494575024,pdb_00006ad7_E_F
13820,5,train,0.5432376265525818,pdb_00005w3e_E_G
13821,5,train,0.29855966567993164,pdb_00007f6z_H_L
13822,5,train,0.7885027527809143,pdb_00008gpu_F_G
13823,5,train,0.04139341041445732,pdb_00003rhw_J_M
13824,5,train,0.013199706561863422,pdb_000021ag_S1_S2
13825,5,train,0.011115757748484612,pdb_00009upv_S1_S2
13826,5,train,0.04204750061035156,pdb_00007vdm_S1_S2
13827,5,train,0.6188840270042419,pdb_00007t3d_J_M
13828,5,train,0.6351628303527832,pdb_00009og1_B_C
13829,5,train,0.018258672207593918,pdb_00008ghv_S1_S2
13830,5,train,0.030570099130272865,pdb_00009iv6_S1_S2
13831,5,train,0.012967055663466454,pdb_00009cgk_E1_E2
13832,5,train,0.5854851603507996,pdb_00007whz_B_D
13833,5,train,0.015566268004477024,pdb_00009m0r_S1_S2
13834,5,train,0.77305006980896,pdb_00004xzu_A_B
13835,5,train,0.7602996230125427,pdb_00009dru_H_L
13836,5,train,0.5536444187164307,pdb_00006wtu_B_C
13837,5,train,0.607477068901062,pdb_00001bql_H_L
13838,5,train,0.9471096396446228,pdb_00007yrh_F_E
13839,5,train,1.074793815612793,pdb_00006bpc_B_C
13840,5,train,0.04703196883201599,pdb_00009j0i_S1_S2
13841,5,train,0.416024386882782,pdb_00003s36_H_L
13842,5,train,0.05668999254703522,pdb_00007e33_E1_E2
13843,5,train,0.7773059010505676,pdb_00009mtm_H_L
13844,5,train,0.52675461769104,pdb_00005dhx_B2_B1
13845,5,train,0.009362471289932728,pdb_00008ic0_E1_E2
13846,5,train,1.2013956308364868,pdb_00001osp_H_L
13847,5,train,0.9405186772346497,pdb_00006xpz_E_F
13848,5,train,0.3521333932876587,pdb_00009bao_G_H
13849,5,train,0.800413191318512,pdb_00007c88_H_L
13850,5,train,0.22849519550800323,pdb_00008cwv_H_L
13851,5,train,0.12324810028076172,pdb_00006b3s_F_G
13852,5,train,0.2191944122314453,pdb_00009cpu_H_L
13853,5,train,0.9881982803344727,pdb_00009mtk_I_J
13854,5,train,0.9914263486862183,pdb_00002zcl_H_L
13855,5,train,1.1096898317337036,pdb_00008g5b_J_N
13856,5,train,0.04239963740110397,pdb_00008j6r_S1_S2
13857,5,train,0.14754457771778107,pdb_00001j1o_H_L
13858,5,train,0.17133907973766327,pdb_00007zmk_V_W
13859,5,train,0.41158056259155273,pdb_00009u5p_P_Q
13860,5,train,0.4685959219932556,pdb_00005nhr_H_L
13861,5,train,0.538540244102478,pdb_00007klg_I_M
13862,5,train,0.7438036203384399,pdb_00008erq_H_L
13863,5,train,0.6545856595039368,pdb_00008eoo_F_K
13864,5,train,0.13142487406730652,pdb_00002qr0_B_A
13865,5,train,0.7380710244178772,pdb_00008hrd_W_X
13866,5,train,0.8324654698371887,pdb_00004l5f_H_L
13867,5,train,0.6613473296165466,pdb_00008q6j_D_C
13868,5,train,0.3230811059474945,pdb_00009wb4_B_C
13869,5,train,0.6541300415992737,pdb_00008f6x_D1_D2
13870,5,train,1.09755539894104,pdb_00009mth_M_N
13871,5,train,0.41306954622268677,pdb_00008txu_H_L
13872,5,train,0.3592761158943176,pdb_00004ma7_H_L
13873,5,train,0.6205159425735474,pdb_00008tnt_E_D
13874,5,train,0.02253849059343338,pdb_00008f7q_E1_E2
13875,5,train,0.5855683088302612,pdb_00009iz9_M_N
13876,5,train,0.8723181486129761,pdb_00003mxw_H_L
13877,5,train,0.5650354623794556,pdb_00004gxu_O_P
13878,5,train,0.03394126892089844,pdb_00003fb7_A_B
13879,5,train,0.6069544553756714,pdb_00009fys_I_M
13880,5,train,0.014460566453635693,pdb_00008jgb_S1_S2
13881,5,train,0.6916847825050354,pdb_00008hrd_O_P
13882,5,train,0.020878097042441368,pdb_00008jgf_E1_E2
13883,5,train,0.03212486952543259,pdb_00008wwi_E1_E2
13884,5,train,0.7638333439826965,pdb_00009ma7_F_G
13885,5,train,0.014271855354309082,pdb_00007ew3_S1_S2
13886,5,train,0.25814107060432434,pdb_00007x1m_C_D
13887,5,train,0.008972582407295704,pdb_00007s8p_E1_E2
13888,5,train,0.7418633699417114,pdb_00005d1z_G_H
13889,5,train,0.4518003463745117,pdb_00008y3h_G_H
13890,5,train,0.4009929597377777,pdb_00001n6q_H_L
13891,5,train,1.152393102645874,pdb_00006xxv_A_B
13892,5,train,0.6586723923683167,pdb_00009vhz_A_B
13893,5,train,0.5361914038658142,pdb_00008dis_B_G
13894,5,train,0.9526215195655823,pdb_00008bbo_H_L
13895,5,train,0.03313872218132019,pdb_00007ej0_H1_H2
13896,5,train,0.4727080762386322,pdb_00004hg4_R_S
13897,5,train,0.7485600113868713,pdb_00008tpa_H_L
13898,5,train,0.01090108323842287,pdb_00009le0_S1_S2
13899,5,train,0.8454171419143677,pdb_00007uxl_A_B
13900,5,train,0.8101678490638733,pdb_00009oar_B_D
13901,5,train,0.02897159941494465,pdb_00008iw1_S1_S2
13902,5,train,0.9892885088920593,pdb_00009cu7_H_L
13903,5,train,0.026576805859804153,pdb_00008hqe_H1_H2
13904,5,train,0.05217807739973068,pdb_00009kt7_E1_E2
13905,5,train,0.6327524185180664,pdb_00008suo_I_M
13906,5,train,0.6354008316993713,pdb_00002vit_B_A
13907,5,train,0.5701144933700562,pdb_00006n5d_C_D
13908,5,train,0.7831943035125732,pdb_00008ol9_B_A
13909,5,train,0.007633735425770283,pdb_00006k5a_E_F
13910,5,train,1.2021952867507935,pdb_00003h3b_C2_C1
13911,5,train,0.3488520383834839,pdb_00007klh_H_L
13912,5,train,0.7282681465148926,pdb_00007zwi_E_F
13913,5,train,0.5728027820587158,pdb_00008dww_Z_Y
13914,5,train,0.34332653880119324,pdb_00007zfe_M_N
13915,5,train,0.026762304827570915,pdb_00008y73_E1_E2
13916,5,train,0.8381573557853699,pdb_00007uvi_D_E
13917,5,train,0.3050284683704376,pdb_00001dzb_A1_A2
13918,5,train,0.4695133566856384,pdb_00009quw_F_E
13919,5,train,1.9781206846237183,pdb_00008edf_H_L
13920,5,train,0.24925561249256134,pdb_00007kfw_H_L
13921,5,train,0.5281009078025818,pdb_00008jqn_h_l
13922,5,train,0.7604970335960388,pdb_00007x93_E_F
13923,5,train,0.012585913762450218,pdb_00007w56_E1_E2
13924,5,train,0.015258311294019222,pdb_00008jbh_E1_E2
13925,5,train,0.3206814229488373,pdb_00008qh0_H_L
13926,5,train,0.7000672817230225,pdb_00009og2_D_E
13927,5,train,0.10837306827306747,pdb_00002qr0_H_G
13928,5,train,0.5174329280853271,pdb_00005nh3_H_L
13929,5,train,0.8745075464248657,pdb_00009shd_H_L
13930,5,train,0.6841416954994202,pdb_00008e2u_H_L
13931,5,train,0.6390103101730347,pdb_00008gv6_G_H
13932,5,train,0.8244935870170593,pdb_00006uig_B_C
13933,5,train,0.5787993669509888,pdb_00007wk0_D_E
13934,5,train,0.01735839620232582,pdb_00007evz_E1_E2
13935,5,train,0.4123542904853821,pdb_00009k6j_A_B
13936,5,train,0.8596237301826477,pdb_00007t3d_P_R
13937,5,train,0.8035409450531006,pdb_00006hjp_K_L
13938,5,train,0.5462160706520081,pdb_00006ii9_P_Q
13939,5,train,0.039435189217329025,pdb_00008z3q_S1_S2
13940,5,train,0.014607705175876617,pdb_00007y1f_E1_E2
13941,5,train,0.6135831475257874,pdb_00006woz_E_F
13942,5,train,0.9319498538970947,pdb_00006jhs_E_D
13943,5,train,0.33915963768959045,pdb_00008as0_E_D
13944,5,train,0.020401323214173317,pdb_00008z8a_S1_S2
13945,5,train,0.8243619203567505,pdb_00008cxg_h_l
13946,5,train,1.0192158222198486,pdb_00007y0w_A_B
13947,5,train,0.6192468404769897,pdb_00007ua8_H1_H2
13948,5,train,0.3253842294216156,pdb_00006txz_I_M
13949,5,train,0.6534938216209412,pdb_00008w84_A_B
13950,5,train,0.43902161717414856,pdb_00008bcz_E_F
13951,5,train,0.03387638181447983,pdb_00008ubk_N2_N1
13952,5,train,1.4826891422271729,pdb_00001jrh_H_L
13953,5,train,0.14508070051670074,pdb_00005aam_B1_B2
13954,5,train,0.023673899471759796,pdb_00002fee_I_L
13955,5,train,0.05569640174508095,pdb_00006vmk_P_O
13956,5,train,0.5643376708030701,pdb_00007jx3_H_L
13957,5,train,1.0692553520202637,pdb_00002w9e_H_L
13958,5,train,0.0877397283911705,pdb_00001ic5_H_L
13959,5,train,0.32183945178985596,pdb_00009u5p_B_C
13960,5,train,0.8868126273155212,pdb_00007wro_H_L
13961,5,train,0.37710127234458923,pdb_00007x1m_H_L
13962,5,train,0.30196669697761536,pdb_00009ue8_M_N
13963,5,train,0.6611337065696716,pdb_00007zfc_H_L
13964,5,train,0.6920574903488159,pdb_00009kze_H_L
13965,5,train,0.5690094828605652,pdb_00001bvk_E_D
13966,5,train,0.47893089056015015,pdb_00008zd5_B_C
13967,5,train,0.7782513499259949,pdb_00004hjj_H2_L2
13968,5,train,0.5749670267105103,pdb_00005jz7_J_K
13969,5,train,0.021324684843420982,pdb_00007k60_N2_N1
13970,5,train,0.01006510853767395,pdb_00009kz2_H1_H2
13971,5,train,1.2820614576339722,pdb_00001iqd_B_A
13972,5,train,0.4293558597564697,pdb_00005dhy_A_B
13973,5,train,0.3406725525856018,pdb_00008i0n_I_M
13974,5,train,0.012509639374911785,pdb_00008yh0_S1_S2
13975,5,train,0.07115278393030167,pdb_00003fb8_A_B
13976,5,train,0.011047076433897018,pdb_00008yh2_S1_S2
13977,5,train,0.009108591824769974,pdb_00006k5d_E_F
13978,5,train,0.8162402510643005,pdb_00002oz4_H_L
13979,5,train,0.5098563432693481,pdb_00008v5v_c_e
13980,5,train,0.4374169111251831,pdb_00009pw4_C_D
13981,5,train,0.20477285981178284,pdb_00006yz7_BBB_CCC
13982,5,train,0.6248983144760132,pdb_00004gxu_Q_R
13983,5,train,0.4496525228023529,pdb_00008i5l_D1_D2
13984,5,train,1.068288803100586,pdb_00009hvw_H_L
13985,5,train,0.47063490748405457,pdb_00009mqa_I_M
13986,5,train,0.010398653335869312,pdb_00007ew1_E1_E2
13987,5,train,0.2948375344276428,pdb_00007f7h_A_B
13988,5,train,0.7637307643890381,pdb_00008bg1_G_H
13989,5,train,0.29936158657073975,pdb_00006txz_H_L
13990,5,train,0.48714566230773926,pdb_00003eo1_E_D
13991,5,train,0.2923075556755066,pdb_00004tsb_H_L
13992,5,train,0.316087931394577,pdb_00007wbz_H_L
13993,5,train,0.3732374608516693,pdb_00008jen_G_H
13994,5,train,0.7680354118347168,pdb_00007tbf_H_L
13995,5,train,0.01514424942433834,pdb_00008iru_E1_E2
13996,5,train,0.007507805712521076,pdb_00007rgp_E1_E2
13997,5,train,1.214024543762207,pdb_00005tfw_H_L
13998,5,train,0.9610582590103149,pdb_00003bsz_N_M
13999,5,train,0.010172653011977673,pdb_00009d0a_E1_E2
14000,5,train,0.4698180854320526,pdb_00009me7_I_M
14001,5,train,0.6962385177612305,pdb_00007sd5_H_L
14002,5,train,0.5417861342430115,pdb_00007xsc_D_H
14003,5,train,0.8711681365966797,pdb_00009riq_H_L
14004,5,train,0.8593938946723938,pdb_00007mzj_H_L
14005,5,train,1.145453691482544,pdb_00007t7b_H_L
14006,5,train,0.5663578510284424,pdb_00004kht_H_L
14007,5,train,0.9898620247840881,pdb_00007l5j_W_L
14008,5,train,0.5631209015846252,pdb_00004yk4_C_B
14009,5,train,0.48998916149139404,pdb_00005w3l_E_G
14010,5,train,0.6631031036376953,pdb_00007ahu_B_A
14011,5,train,0.01811906136572361,pdb_00009lr1_S1_S2
14012,5,train,0.26323482394218445,pdb_00009me6_I_M
14013,5,train,0.018214436247944832,pdb_00009vmn_S1_S2
14014,5,train,0.9193155169487,pdb_00008dce_H1_H2
14015,5,train,0.4791029095649719,pdb_00001tzh_B_A
14016,5,train,0.8997477293014526,pdb_00006d0u_E_F
14017,5,train,0.2327418029308319,pdb_00007m6d_A_B
14018,5,train,0.6328334212303162,pdb_00008hrd_D_F
14019,5,train,0.027067050337791443,pdb_00009jkv_S1_S2
14020,5,train,0.7635340094566345,pdb_00006t9d_HHH_LLL
14021,5,train,0.6929090619087219,pdb_00007fcp_B_D
14022,5,train,0.02093483880162239,pdb_00008jxx_E1_E2
14023,5,train,0.6568830013275146,pdb_00008uzp_H_L
14024,5,train,0.35789722204208374,pdb_00006pe9_E_F
14025,5,train,0.09922316670417786,pdb_00008vgi_H_G
14026,5,train,0.7428888082504272,pdb_00007bsd_H_L
14027,5,train,0.008671867661178112,pdb_00009buy_E1_E2
14028,5,train,0.282663494348526,pdb_00005yoy_G_D
14029,5,train,0.035893868654966354,pdb_000022es_E1_E2
14030,5,train,0.6706123352050781,pdb_00001z3g_I_M
14031,5,train,0.6448573470115662,pdb_00007bbj_M_N
14032,5,train,0.7563422322273254,pdb_00007kzb_H_L
14033,5,train,0.8357477784156799,pdb_00006ek2_H1_H2
14034,5,train,0.8023291230201721,pdb_00004f37_F_K
14035,5,train,0.006821573246270418,pdb_00008hs3_S1_S2
14036,5,train,0.01554421428591013,pdb_00007k5x_M2_M1
14037,5,train,0.6047295928001404,pdb_00007mem_G_J
14038,5,train,1.006239652633667,pdb_00008gsd_H_L
14039,5,train,0.5560242533683777,pdb_00006wzm_A_B
14040,5,train,0.6493666172027588,pdb_00003eoa_B_A
14041,5,train,1.3462343215942383,pdb_00008s72_H_L
14042,5,train,0.09421348571777344,pdb_00007vgs_F_E
14043,5,train,1.0078610181808472,pdb_00007wed_H_L
14044,5,train,0.6992201209068298,pdb_00009lsi_C1_D2
14045,5,train,0.005877283401787281,pdb_00008sai_S1_S2
14046,5,train,0.007088507991284132,pdb_00009lrd_E1_E2
14047,5,train,0.024823712185025215,pdb_00008ijd_S1_S2
14048,5,train,0.6498368978500366,pdb_00007mzn_H_L
14049,5,train,0.10066229850053787,pdb_00006zlr_FFF_GGG
14050,5,train,0.03148801624774933,pdb_00008vfx_N2_N1
14051,5,train,0.017232509329915047,pdb_00007yoo_S1_S2
14052,5,train,0.6538529396057129,pdb_00004ffw_D_C
14053,5,train,0.32060450315475464,pdb_00008zd6_E_F
14054,5,train,0.02164786122739315,pdb_00007y64_S1_S2
14055,5,train,0.08061496913433075,pdb_00006yor_H_L
14056,5,train,0.5464559197425842,pdb_00005wko_G_H
14057,5,train,0.2661459445953369,pdb_00003klh_D_C
14058,5,train,0.004545273259282112,pdb_00009jlc_S1_S2
14059,5,train,0.0051315766759216785,pdb_00008yky_S1_S2
14060,5,train,0.020567873492836952,pdb_00006e0c_N1_N2
14061,5,train,0.012944096699357033,pdb_00009l80_S1_S2
14062,5,train,0.02970757894217968,pdb_00009ast_E1_E2
14063,5,train,0.7149948477745056,pdb_00008w85_A_B
14064,5,train,0.6999381184577942,pdb_00006gku_H_L
14065,5,train,0.0052293636836111546,pdb_00007t2h_E1_E2
14066,5,train,0.6895696520805359,pdb_00006d0u_H_I
14067,5,train,0.01621299795806408,pdb_00007y24_S1_S2
14068,5,train,0.47953560948371887,pdb_00004hg4_L_M
14069,5,train,0.029651444405317307,pdb_00008hqn_H1_H2
14070,5,train,0.7141408324241638,pdb_00001fns_H_L
14071,5,train,0.6990839838981628,pdb_00004ag4_H_L
14072,5,train,0.02843664027750492,pdb_00009d4z_E1_E2
14073,5,train,0.25644728541374207,pdb_00009cia_B_A
14074,5,train,0.006930987816303968,pdb_00009kfk_S1_S2
14075,5,train,0.314987450838089,pdb_00006ban_H_G
14076,5,train,0.35940080881118774,pdb_00002x7l_C_D
14077,5,train,0.4622378945350647,pdb_00007wqv_P1_P2
14078,5,train,0.04209320247173309,pdb_00008ubj_N2_N1
14079,5,train,0.018788104876875877,pdb_00007trp_H1_H2
14080,5,train,0.014166559092700481,pdb_00007cvs_E_F
14081,5,train,0.019892917945981026,pdb_00008jpn_S1_S2
14082,5,train,0.1565985083580017,pdb_00009jy3_P_O
14083,5,train,0.7573902010917664,pdb_00007dm1_F_E
14084,5,train,0.6757954955101013,pdb_00009cq4_C_D
14085,5,train,0.7339538335800171,pdb_00007y3n_C_D
14086,5,train,0.016653001308441162,pdb_00008hj5_C1_C2
14087,5,train,0.6569065451622009,pdb_00007xcz_B_C
14088,5,train,0.021352792158722878,pdb_00006omm_E1_E2
14089,5,train,0.47589775919914246,pdb_00008hrd_G_H
14090,5,train,0.045733507722616196,pdb_00004hjg_B_A
14091,5,train,0.7697405815124512,pdb_00006ss4_HHH_LLL
14092,5,train,0.7819494605064392,pdb_00007xj9_K_J
14093,5,train,0.5563858151435852,pdb_00004fp8_I_M
14094,5,train,0.600386917591095,pdb_00007d6i_B_C
14095,5,train,0.4569569230079651,pdb_00006z3q_H_L
14096,5,train,0.2582862973213196,pdb_00001ndm_B_A
14097,5,train,0.4673754572868347,pdb_00006wzj_A_B
14098,5,train,0.7434825897216797,pdb_00009h4r_H_L
14099,5,train,0.7744372487068176,pdb_00009n4e_Q_P
14100,5,train,0.016879552975296974,pdb_00008jgg_S1_S2
14101,5,train,0.29624512791633606,pdb_00002eks_B_A
14102,5,train,0.9213482141494751,pdb_00009jub_B_C
14103,5,train,0.4465358555316925,pdb_00005w0k_H_L
14104,5,train,0.009089186787605286,pdb_00008kfz_S1_S2
14105,5,train,0.8125495314598083,pdb_00007rxj_A_B
14106,5,train,1.0977774858474731,pdb_00009me6_J_N
14107,5,train,0.6777381300926208,pdb_00004oii_H_L
14108,5,train,0.6267982721328735,pdb_00007x6o_I_K
14109,5,train,0.049143992364406586,pdb_00007vif_E1_E2
14110,5,train,0.6356543302536011,pdb_00008ezk_H1_H2
14111,5,train,0.00803130678832531,pdb_00007yac_S1_S2
14112,5,train,0.648158073425293,pdb_00006hjp_G_H
14113,5,train,0.5752346515655518,pdb_00008w83_E_F
14114,5,train,0.42995357513427734,pdb_00008wpw_H_L
14115,5,train,0.044400427490472794,pdb_00008i9s_H1_H2
14116,5,train,1.245898723602295,pdb_00008ezl_H1_H2
14117,5,train,0.6939467191696167,pdb_00008smi_H_L
14118,5,train,0.7099950909614563,pdb_00007f0x_B1_B2
14119,5,train,0.8446474671363831,pdb_00009dn2_I_M
14120,5,train,0.056504327803850174,pdb_00007l1u_H1_H2
14121,5,train,0.4580809473991394,pdb_00007eam_H_L
14122,5,train,0.6655407547950745,pdb_00005xhv_H_L
14123,5,train,1.051544427871704,pdb_00008tp5_E_F
14124,5,train,0.011670894920825958,pdb_00009ego_S1_S2
14125,5,train,0.6780886054039001,pdb_00007x3c_H_L
14126,5,train,0.5207734107971191,pdb_00009quw_D_C
14127,5,train,0.013671085238456726,pdb_00007xw9_S1_S2
14128,5,train,0.25289788842201233,pdb_00008elp_H_L
14129,5,train,0.9352371096611023,pdb_00009lae_H_L
14130,5,train,0.44638311862945557,pdb_00009cn2_B1_B2
14131,5,train,0.5889026522636414,pdb_00006vja_H_L
14132,5,train,0.30126506090164185,pdb_00007c01_H_L
14133,5,train,0.7469719052314758,pdb_00007ua2_H1_H2
14134,5,train,0.019388947635889053,pdb_00008thl_F1_F2
14135,5,train,0.06647943705320358,pdb_00008j21_B1_B2
14136,5,train,0.5108320713043213,pdb_00004gxu_M_N
14137,5,train,0.01097862422466278,pdb_00008j19_S1_S2
14138,5,train,0.9445895552635193,pdb_00009oi3_I_J
14139,5,train,0.5488285422325134,pdb_00008oz3_A_B
14140,5,train,0.012315700761973858,pdb_00009jmc_E1_E2
14141,5,train,0.8857675194740295,pdb_00006xy2_H_L
14142,5,train,0.025042135268449783,pdb_00009b5y_N1_N2
14143,5,train,0.40879955887794495,pdb_00007klg_H_L
14144,5,train,0.2158663123846054,pdb_00001g7m_B_A
14145,5,train,0.5479024648666382,pdb_00004np4_I_M
14146,5,train,0.07550796866416931,pdb_00002itc_A_B
14147,5,train,0.5579724907875061,pdb_00008ut2_J_I
14148,5,train,0.13787974417209625,pdb_00009ouo_J_K
14149,5,train,0.036302413791418076,pdb_00009m8k_N1_N2
14150,5,train,0.007579834666103125,pdb_00008jsr_C1_C2
14151,5,train,0.7378000617027283,pdb_00009bbn_S_T
14152,5,train,0.4988655149936676,pdb_00008h7z_F_I
14153,5,train,0.03749920055270195,pdb_00009oum_H_L
14154,5,train,0.2751234471797943,pdb_00006xc4_X_Y
14155,5,train,0.8042391538619995,pdb_00007ec5_E_F
14156,5,train,0.01945653185248375,pdb_00007k61_M2_M1
14157,5,train,0.016133207827806473,pdb_00008z7j_S1_S2
14158,5,train,0.5019652843475342,pdb_00008tx3_H_L
14159,5,train,0.5677765607833862,pdb_00008vsj_H_L
14160,5,train,0.5566096305847168,pdb_00007vgr_F_E
14161,5,train,0.4560386836528778,pdb_00007xik_H_L
14162,5,train,0.4350529611110687,pdb_00006ktr_A_B
14163,5,train,0.8531630635261536,pdb_00005a3i_C_D
14164,5,train,0.07086990028619766,pdb_00003rif_G_K
14165,5,train,0.010351281613111496,pdb_00008jbg_E1_E2
14166,5,train,0.007783486042171717,pdb_00007v69_S1_S2
14167,5,train,0.3026414215564728,pdb_00009ptm_I_M
14168,5,train,0.08546129614114761,pdb_00002qr0_T_S
14169,5,train,1.018302321434021,pdb_00009mtl_I_J
14170,5,train,1.203965663909912,pdb_00004g3y_H_L
14171,5,train,0.09033705294132233,pdb_00004tnw_H_L
14172,5,train,0.024061325937509537,pdb_00008xxx_S1_S2
14173,5,train,1.0721368789672852,pdb_00007rco_D_C
14174,5,train,0.005612047854810953,pdb_00009vo1_E1_E2
14175,5,train,0.10003113001585007,pdb_00005j9p_A_B
14176,5,train,0.5040199160575867,pdb_00007zfc_A_B
14177,5,train,0.36182674765586853,pdb_00007zfb_J_K
14178,5,train,0.01700652204453945,pdb_00008evi_M1_M2
14179,5,train,0.9501088261604309,pdb_00008r8k_H_L
14180,5,train,0.03186175599694252,pdb_00008j6j_H1_H2
14181,5,train,0.8639302849769592,pdb_00007m7w_A_B
14182,5,train,0.6107628345489502,pdb_00008sxp_H_L
14183,5,train,0.722166121006012,pdb_00009oi3_M_N
14184,5,train,0.11237743496894836,pdb_00006b3s_J_K
14185,5,train,0.005229704547673464,pdb_00008kfy_S1_S2
14186,5,train,0.8398698568344116,pdb_00008xe9_A_B
14187,5,train,0.7827555537223816,pdb_00009bdh_H_L
14188,5,train,0.07992547750473022,pdb_00004tnw_F_N
14189,5,train,0.8302931785583496,pdb_00009mtg_M_N
14190,5,train,0.01546203251928091,pdb_00007k63_M2_M1
14191,5,train,0.7995907664299011,pdb_00007uvs_D_E
14192,5,train,0.00746983103454113,pdb_00009j5v_S1_S2
14193,5,train,1.4059925079345703,pdb_00008r4n_H_L
14194,5,train,0.023553971201181412,pdb_00007udh_E_F
14195,5,train,0.42922860383987427,pdb_00005ggv_H_L
14196,5,train,0.7675318717956543,pdb_00008rrn_C_D
14197,5,train,0.04189341887831688,pdb_00009v1h_E1_E2
14198,5,train,0.4703397750854492,pdb_00008jkh_M_N
14199,5,train,0.33663707971572876,pdb_00001xiw_D_C
14200,5,train,0.5709705948829651,pdb_00002iff_H_L
14201,5,train,0.005877707619220018,pdb_00009k6l_S1_S2
14202,5,train,0.5309141874313354,pdb_00009cq4_H_L
14203,5,train,0.007313407491892576,pdb_00009lre_E1_E2
14204,5,train,0.02845713682472706,pdb_00008xgo_D1_D2
14205,5,train,0.9161328673362732,pdb_00007kq7_H_L
14206,5,train,0.43481284379959106,pdb_00004hg4_X_Y
14207,5,train,0.49453112483024597,pdb_00009fyt_I_M
14208,5,train,0.021304408088326454,pdb_00007vv3_S1_S2
14209,5,train,0.5873318314552307,pdb_00008w83_A_B
14210,5,train,0.008655844256281853,pdb_00008j1a_S1_S2
14211,5,train,0.00587247870862484,pdb_00009kpf_S1_S2
14212,5,train,0.04271877929568291,pdb_00008ij3_S1_S2
14213,5,train,0.007462137844413519,pdb_00008xqp_S1_S2
14214,5,train,0.734971284866333,pdb_00009mq9_J_N
14215,5,train,0.018358023837208748,pdb_00008u9s_M2_M1
14216,5,train,0.02962937392294407,pdb_00009yda_H1_H2
14217,5,train,0.013997750356793404,pdb_00008u9s_N2_N1
14218,5,train,0.03330731764435768,pdb_00009oun_H_L
14219,5,train,0.012897154316306114,pdb_00007vkt_E1_E2
14220,5,train,0.2802112400531769,pdb_00009ci8_B_A
14221,5,train,0.17940622568130493,pdb_00007zmk_P_Q
14222,5,train,0.8542336225509644,pdb_00008bcz_H_L
14223,5,train,0.8740043044090271,pdb_00003lh2_K_O
14224,5,train,0.0513385534286499,pdb_00008tzq_E1_E2
14225,5,train,0.37699681520462036,pdb_00007x66_H_L
14226,5,train,0.3458329439163208,pdb_00007x63_H_L
14227,5,train,0.8044358491897583,pdb_00008gpy_E1_E2
14228,5,train,1.0031574964523315,pdb_00008v52_D_C
14229,5,train,0.00441740034148097,pdb_00007ukp_E_F
14230,5,train,0.6730113625526428,pdb_00006xq2_C_B
14231,5,train,0.019501831382513046,pdb_00007yfc_C1_C2
14232,5,train,0.43919557332992554,pdb_00005nh3_I_M
14233,5,train,0.010860659182071686,pdb_00006wwz_S1_S2
14234,5,train,0.017765702679753304,pdb_00003zdz_E_F
14235,5,train,0.04008273035287857,pdb_00006bae_B_A
14236,5,train,0.7454656958580017,pdb_00008ywx_E_D
14237,5,train,0.03182099387049675,pdb_00006dzt_N1_N2
14238,5,train,1.036882996559143,pdb_00005c0n_C_D
14239,5,train,0.00736647006124258,pdb_00006n4b_S1_S2
14240,5,train,0.13353516161441803,pdb_00006z2m_B_C
14241,5,train,0.01784130185842514,pdb_00008syp_M1_M2
14242,5,train,0.047165241092443466,pdb_00006vmk_f_e
14243,5,train,0.8581931591033936,pdb_00007mmo_A_B
14244,5,train,0.007169979624450207,pdb_00003nif_E_F
14245,5,train,0.5720158219337463,pdb_00008bg5_C1_C2
14246,5,train,0.01135610044002533,pdb_00008xqs_S1_S2
14247,5,train,0.45573437213897705,pdb_00004jpk_H_L
14248,5,train,0.47924017906188965,pdb_00005jz7_H_L
14249,5,train,0.13863752782344818,pdb_00002dqf_E_D
14250,5,train,0.014853835105895996,pdb_00009ldw_S1_S2
14251,5,train,0.7495360374450684,pdb_00007wur_E_F
14252,5,train,0.018037814646959305,pdb_00007yk6_S1_S2
14253,5,train,1.018572449684143,pdb_00005hbv_D_C
14254,5,train,0.01819653995335102,pdb_00008j6q_S1_S2
14255,5,train,0.014692477881908417,pdb_00002ht4_E_F
14256,5,train,0.7440697550773621,pdb_00008k5g_H_L
14257,5,train,0.02207029052078724,pdb_00008xjk_E1_E2
14258,5,train,0.6036920547485352,pdb_00008g5a_I_M
14259,5,train,1.0350394248962402,pdb_00006s3d_C_D
14260,5,train,0.00596599793061614,pdb_00007ew4_S1_S2
14261,5,train,0.08752082288265228,pdb_00008si9_K_L
14262,5,train,0.012176932767033577,pdb_00008jlk_S1_S2
14263,5,train,0.7633754014968872,pdb_00004f2m_C_D
14264,5,train,0.005192878190428019,pdb_00007tpd_E_F
14265,5,train,0.032328344881534576,pdb_00007vdh_S1_S2
14266,5,train,0.005814956501126289,pdb_00009jh6_S1_S2
14267,5,train,0.6714239120483398,pdb_00009os5_G_J
14268,5,train,0.005189178511500359,pdb_00009oxb_D1_D2
14269,5,train,0.6809954047203064,pdb_00008cxg_G_I
14270,5,train,0.013101712800562382,pdb_00007t6s_E1_E2
14271,5,train,0.33739352226257324,pdb_00007mzh_B_C
14272,5,train,0.34539994597435,pdb_00008f2j_D_F
14273,5,train,0.3567965626716614,pdb_00008jel_A_B
14274,5,train,0.005786016583442688,pdb_00009cgj_E1_E2
14275,5,train,0.2569268047809601,pdb_00008elq_H_L
14276,5,train,0.010924030095338821,pdb_00006x3s_K_L
14277,5,train,0.9869184494018555,pdb_00008tnt_G_F
14278,5,train,0.7090807557106018,pdb_00008eed_I_J
14279,5,train,0.9617649912834167,pdb_00009oco_H_L
14280,5,train,0.5858789682388306,pdb_00001p2c_B_A
14281,5,train,0.005121762398630381,pdb_00009ldx_S1_S2
14282,5,train,0.5098963379859924,pdb_00007sk8_D_C
14283,5,train,0.3746374249458313,pdb_00003rhw_F_N
14284,5,train,0.6010483503341675,pdb_00003fku_T1_T2
14285,5,train,0.9533727765083313,pdb_00007yh6_H_L
14286,5,train,0.024981245398521423,pdb_00006vmk_r_q
14287,5,train,0.022573502734303474,pdb_00008xxr_S1_S2
14288,5,train,0.47670894861221313,pdb_00003vrl_H_L
14289,5,train,0.025569383054971695,pdb_00006x3t_K_L
14290,5,train,0.011769409291446209,pdb_00007s8l_E1_E2
14291,5,train,0.830927848815918,pdb_00009oap_H_L
14292,5,train,0.18303970992565155,pdb_00008i5h_E_F
14293,5,train,0.8252101540565491,pdb_00007v3g_I_M
14294,5,train,0.02598847635090351,pdb_00006x3v_J_I
14295,5,train,0.01264004223048687,pdb_00009jr2_S1_S2
14296,5,train,0.042235393077135086,pdb_00009cm7_N1_N2
14297,5,train,1.3063894510269165,pdb_00006cvk_A2_A1
14298,5,train,0.018906613811850548,pdb_00008iys_E1_E2
14299,5,train,0.05535593256354332,pdb_00002r9h_E_F
14300,5,train,0.025950707495212555,pdb_00009kug_H1_H2
14301,5,train,0.37135082483291626,pdb_00008txu_F_K
14302,5,train,0.5536100268363953,pdb_00009og2_B_C
14303,5,train,0.5165925025939941,pdb_00008too_H_E
14304,5,train,0.4478031396865845,pdb_00007kmh_A_B
14305,5,train,0.00998326949775219,pdb_00008dzp_E1_E2
14306,5,train,0.028482135385274887,pdb_00008f7r_E1_E2
14307,5,train,0.9016559720039368,pdb_00001rjl_B_A
14308,5,train,0.8271893262863159,pdb_00009sat_H_L
14309,5,train,0.027657272294163704,pdb_00007k63_N2_N1
14310,5,train,0.022415462881326675,pdb_00008thk_F1_F2
14311,5,train,0.8265126943588257,pdb_00006t9e_AAA_BBB
14312,5,train,0.05486191809177399,pdb_00005u5m_B_A
14313,5,train,1.0447133779525757,pdb_00006plk_I_M
14314,5,train,0.5220345258712769,pdb_00007tn0_H_G
14315,5,train,0.023390725255012512,pdb_00007f2o_S1_S2
14316,5,train,0.6049538850784302,pdb_00009lho_T_S
14317,5,train,0.5998872518539429,pdb_00009ima_C_D
14318,5,train,0.00944693386554718,pdb_00007s8n_E1_E2
14319,5,train,0.019419634714722633,pdb_00007yu3_S1_S2
14320,5,train,0.5094702243804932,pdb_00002i9l_H_G
14321,5,train,0.0075902557000517845,pdb_00008xzf_S1_S2
14322,5,train,0.04452450945973396,pdb_00008j24_G1_G2
14323,5,train,0.1269514411687851,pdb_00003det_E_F
14324,5,train,0.6838291883468628,pdb_00009bt5_C_D
14325,5,train,0.037264514714479446,pdb_00008xyd_E1_E2
14326,5,train,0.5733201503753662,pdb_00001tqb_B_C
14327,5,train,0.013443677686154842,pdb_00009ll7_S1_S2
14328,5,train,0.7453649640083313,pdb_00008w86_A_B
14329,5,train,0.8436675071716309,pdb_00007t01_H_L
14330,5,train,0.978099524974823,pdb_00006gff_N_M
14331,5,train,0.05153001844882965,pdb_00007w7e_H1_H2
14332,5,train,0.02509039081633091,pdb_00007eq1_S1_S2
14333,5,train,0.5186364650726318,pdb_00005ugy_J_N
14334,5,train,0.45756155252456665,pdb_00006j6y_B_C
14335,5,train,0.4922694265842438,pdb_00008hrd_Y_Z
14336,5,train,0.5210492610931396,pdb_00006cyf_M_L
14337,5,train,0.02568846009671688,pdb_00008evh_N1_N2
14338,5,train,0.011973435990512371,pdb_00009jeq_S1_S2
14339,5,train,0.46404945850372314,pdb_00007rk2_D1_D2
14340,5,train,0.13619570434093475,pdb_00005aaw_D1_D2
14341,5,train,0.029903654009103775,pdb_00006e0p_M1_M2
14342,5,train,1.0184242725372314,pdb_00004khx_H_L
14343,5,train,0.9694470763206482,pdb_00007mxl_J_K
14344,5,train,0.021838363260030746,pdb_00006x3z_J_I
14345,5,train,0.0817493423819542,pdb_00009nz4_D_C
14346,5,train,0.32252562046051025,pdb_00003fku_X1_X2
14347,5,train,0.02327609620988369,pdb_00009vmp_S1_S2
14348,5,train,0.014308545738458633,pdb_00009u4w_S1_S2
14349,5,train,0.6377936005592346,pdb_00007wur_G_H
14350,5,train,0.11301625519990921,pdb_00009zqa_I2_I1
14351,5,train,0.27696919441223145,pdb_00002x7l_J_K
14352,5,train,0.07890300452709198,pdb_00006b3s_C_D
14353,5,train,0.015617371536791325,pdb_00002hlf_E_F
14354,5,train,0.592227041721344,pdb_00008g5a_H_L
14355,5,train,1.214676022529602,pdb_00009o7i_D_C
14356,5,train,0.010403499007225037,pdb_00008k4s_D1_D2
14357,5,train,0.4593278765678406,pdb_00008g5a_J_N
14358,5,train,0.30191412568092346,pdb_00007jmo_H_L
14359,5,train,0.0669655054807663,pdb_00005aaw_K1_K2
14360,5,train,0.090371273458004,pdb_00004tnw_U_h
14361,5,train,0.4983122646808624,pdb_00002wuc_H_L
14362,5,train,0.597946286201477,pdb_00006woz_K_L
14363,5,train,0.44480806589126587,pdb_00008eoo_H_L
14364,5,train,0.011202431283891201,pdb_00009iqt_E1_E2
14365,5,train,0.04929941147565842,pdb_00006x3t_J_I
14366,5,train,0.4967450499534607,pdb_00007wqv_L1_L2
14367,5,train,0.4859273433685303,pdb_00003nh7_H_L
14368,5,train,0.6495044231414795,pdb_00004hj0_P_Q
14369,5,train,0.006670521572232246,pdb_00008dd2_J_I
14370,5,train,0.4168689548969269,pdb_00006ii8_G_I
14371,5,train,0.009683175943791866,pdb_00008jlr_S1_S2
14372,5,train,0.023732855916023254,pdb_00007ejk_H1_H2
14373,5,train,0.20107123255729675,pdb_000011oq_H_L
14374,5,train,0.626829206943512,pdb_00007ttx_H_L
14375,5,train,0.5487515330314636,pdb_00007s7i_J_N
14376,5,train,0.5135706067085266,pdb_00007sk7_D_C
14377,5,train,0.6320093870162964,pdb_00006vja_I_M
14378,5,train,0.9016385674476624,pdb_00008e8l_H_L
14379,5,train,0.013510874472558498,pdb_00008spu_N1_N2
14380,5,train,0.5020647644996643,pdb_00005wko_E_F
14381,5,train,0.010622023604810238,pdb_00008hnk_S1_S2
14382,5,train,0.8759651184082031,pdb_00009mqd_H_L
14383,5,train,0.9421938061714172,pdb_00008zpq_A_B
14384,5,train,0.710467517375946,pdb_00008z6x_B_C
14385,5,train,1.0091745853424072,pdb_00008d7e_D_E
14386,5,train,0.5225998759269714,pdb_00006xq2_F_E
14387,5,train,1.970625400543213,pdb_00006vlw_H_L
14388,5,train,0.043039437383413315,pdb_00008ihj_S1_S2
14389,5,train,0.4356898367404938,pdb_00007s0b_A_B
14390,5,train,0.008679373189806938,pdb_00008dwg_E1_E2
14391,5,train,0.0397634357213974,pdb_00008gcp_E1_E2
14392,5,train,0.9774731397628784,pdb_00006k65_H_L
14393,5,train,0.5468291640281677,pdb_00006dkj_H_L
14394,5,train,0.0992780402302742,pdb_00002qr0_X_W
14395,5,train,0.5864623188972473,pdb_00008xcd_H_L
14396,5,train,0.5377578139305115,pdb_00007sco_H_L
14397,5,train,0.524336040019989,pdb_00004ffv_D_C
14398,5,train,0.31571823358535767,pdb_00005yoy_Q_N
14399,5,train,0.04035678878426552,pdb_00009izd_S1_S2
14400,5,train,0.3273405432701111,pdb_00008hws_H_L
14401,5,train,0.31001463532447815,pdb_00002yss_B_A
14402,5,train,0.009499887935817242,pdb_00008g94_E1_E2
14403,5,train,0.03307768702507019,pdb_00008irs_E1_E2
14404,5,train,0.9644590616226196,pdb_00009me7_J_N
14405,5,train,0.009404121898114681,pdb_00009kfi_S1_S2
14406,5,train,0.6485469341278076,pdb_00006wtu_K_L
14407,5,train,1.0075465440750122,pdb_00009oea_H_L
14408,5,train,0.6483464241027832,pdb_00009mtm_I_J
14409,5,train,0.664659857749939,pdb_00009ib3_H_L
14410,5,train,0.030861258506774902,pdb_00006oij_H1_H2
14411,5,train,0.852069079875946,pdb_00009l07_H_L
14412,5,train,0.7139790654182434,pdb_00007l0l_H_L
14413,5,train,0.3174244165420532,pdb_00008jkf_h_l
14414,5,train,0.02360805682837963,pdb_00002vc2_H_L
14415,5,train,0.8881800770759583,pdb_00005gs0_D_C
14416,5,train,0.1947198212146759,pdb_00001ua6_H_L
14417,5,train,0.015155119821429253,pdb_00009clw_N1_N2
14418,5,train,0.0070724328979849815,pdb_00009w49_S1_S2
14419,5,train,0.8158508539199829,pdb_00006a4k_K_O
14420,5,train,0.9906415939331055,pdb_00008tp5_H_L
14421,5,train,0.5891807675361633,pdb_00009ctw_F_E
14422,5,train,0.5860363245010376,pdb_00001fbi_Q_P
14423,5,train,0.6051815748214722,pdb_00008dwx_H_L
14424,5,train,0.8047077655792236,pdb_00009t5z_H_L
14425,5,train,0.848612904548645,pdb_00007yd1_A_B
14426,5,train,0.6212199926376343,pdb_00007pry_C_D
14427,5,train,0.011731917969882488,pdb_00009vje_E1_E2
14428,5,train,1.5125360488891602,pdb_00009lbw_H_L
14429,5,train,0.6029094457626343,pdb_00007w71_H_L
14430,5,train,0.011317812837660313,pdb_00007wy0_C1_C2
14431,5,train,0.20127640664577484,pdb_00007o7f_H_F
14432,5,train,0.5716584920883179,pdb_00007t3d_K_N
14433,5,train,1.0403536558151245,pdb_00006wds_H_L
14434,5,train,0.04477158188819885,pdb_00007srr_E1_E2
14435,5,train,0.3447800278663635,pdb_00006kyz_E_F
14436,5,train,0.3706222474575043,pdb_00009ue8_I_J
14437,5,train,0.5432797074317932,pdb_00001bvk_B_A
14438,5,train,1.0346243381500244,pdb_00009rii_H_L
14439,5,train,0.012214520014822483,pdb_00007kh0_S1_S2
14440,5,train,0.7741662263870239,pdb_00006bpa_E_F
14441,5,train,0.009207683615386486,pdb_00007wv9_S1_S2
14442,5,train,0.4695487916469574,pdb_00001fsk_C_B
14443,5,train,0.07924354076385498,pdb_00009exa_D_C
14444,5,train,0.4285639524459839,pdb_00006ban_F_E
14445,5,train,0.4178256392478943,pdb_00005x8m_B_C
14446,5,train,0.11620764434337616,pdb_00007cvt_C_D
14447,5,train,0.9100072979927063,pdb_00008sis_H_L
14448,5,train,0.0876338854432106,pdb_00008iec_N1_N2
14449,5,train,0.007480697240680456,pdb_00007vuy_S1_S2
14450,5,train,0.4356321096420288,pdb_00003dvn_H_L
14451,5,train,0.016307951882481575,pdb_00006lfm_S1_S2
14452,5,train,0.00733714597299695,pdb_00008yn5_E1_E2
14453,5,train,1.373602271080017,pdb_00004hf5_H_L
14454,5,train,0.6522710919380188,pdb_00009npg_K_J
14455,5,train,0.48340967297554016,pdb_00003eo1_K_J
14456,5,train,0.029109524562954903,pdb_00009vif_S1_S2
14457,5,train,0.40811121463775635,pdb_00008tft_I_M
14458,5,train,0.05675971135497093,pdb_00006w0i_A_B
14459,5,train,0.5091792345046997,pdb_00004qci_H_L
14460,5,train,0.06487911939620972,pdb_00005aaw_B1_B2
14461,5,train,0.03216961771249771,pdb_00002vdn_H_L
14462,5,train,0.3754815459251404,pdb_00007nx7_H_L
14463,5,train,0.03300422057509422,pdb_00007w6p_H1_H2
14464,5,train,0.7061156630516052,pdb_00009mkn_H_L
14465,5,train,0.022223057225346565,pdb_00008yn6_E1_E2
14466,5,train,0.027334468439221382,pdb_00008evh_M1_M2
14467,5,train,1.303105115890503,pdb_00007ey5_H_L
14468,5,train,0.0947183221578598,pdb_00009ouq_H_L
14469,5,train,0.5658312439918518,pdb_00009iw2_H_L
14470,5,train,0.7039389610290527,pdb_00007bsd_A_B
14471,5,train,0.7110452651977539,pdb_00007y3o_H_L
14472,5,train,0.15447956323623657,pdb_00006k5i_C_D
14473,5,train,0.09142716974020004,pdb_00001j1x_H_L
14474,5,train,0.013846886344254017,pdb_00009ejz_H1_H2
14475,5,train,0.1138797327876091,pdb_00008vgk_H_G
14476,5,train,0.010853688232600689,pdb_00009ik8_E1_E2
14477,5,train,0.7023788690567017,pdb_00008hn7_D_C
14478,5,train,0.3565170466899872,pdb_00008bg4_A1_A2
14479,5,train,0.6475297212600708,pdb_00009ue0_A_B
14480,5,train,0.8030371069908142,pdb_00007zwi_B_C
14481,5,train,0.01052861474454403,pdb_00008zme_E1_E2
14482,5,train,0.6216097474098206,pdb_00005w3m_E_G
14483,5,train,0.0126273762434721,pdb_00007d77_S1_S2
14484,5,train,0.3477286398410797,pdb_00007kfv_C_D
14485,5,train,0.4763031601905823,pdb_00009mkn_J_N
14486,5,train,0.008477541618049145,pdb_00008yh3_S1_S2
14487,5,train,0.6306966543197632,pdb_00009axl_H_L
14488,5,train,0.6676861643791199,pdb_00009f91_E_F
14489,5,train,0.5339480638504028,pdb_00007l7e_E_F
14490,5,train,0.8710599541664124,pdb_00008gpu_C_D
14491,5,train,0.4844205379486084,pdb_00007ley_G_F
14492,5,train,0.6101014614105225,pdb_00007wvd_G_H
14493,5,train,0.4462069272994995,pdb_00007rxl_C_D
14494,5,train,0.3932972550392151,pdb_00004h88_H_L
14495,5,train,0.8637763261795044,pdb_00009ml8_M_N
14496,5,train,0.01042640395462513,pdb_00009vj6_E1_E2
14497,5,train,0.6547146439552307,pdb_00009mtj_M_N
14498,5,train,1.3634713888168335,pdb_00006mtq_H_L
14499,5,train,0.059814825654029846,pdb_00006vmk_l_k
14500,5,train,0.34069958329200745,pdb_00008jen_E_F
14501,5,train,0.02322831004858017,pdb_00008yuv_S1_S2
14502,5,train,0.6716107130050659,pdb_00007ucq_J1_J2
14503,5,train,0.008075779303908348,pdb_00007t6v_E1_E2
14504,5,train,0.7479628920555115,pdb_00006oc3_C_D
14505,5,train,0.3855871856212616,pdb_00008caf_D_C
14506,5,train,0.006811590399593115,pdb_00008vvg_E1_E2
14507,5,train,0.673597514629364,pdb_00006wzl_C_D
14508,5,train,0.9603000283241272,pdb_00008vk1_F_E
14509,5,train,0.808333158493042,pdb_00007f15_B1_B2
14510,5,train,0.29445311427116394,pdb_00007cjf_A_B
14511,5,train,0.4672389328479767,pdb_00007lq7_C_D
14512,5,train,0.006077899597585201,pdb_00008k6m_S1_S2
14513,5,train,0.736914873123169,pdb_00009mtf_H_L
14514,5,train,0.06874104589223862,pdb_00006x40_J_I
14515,5,train,0.016111882403492928,pdb_00007x2v_E1_E2
14516,5,train,0.027045179158449173,pdb_00008spu_K1_K2
14517,5,train,0.4830210506916046,pdb_00008hq7_M_N
14518,5,train,0.8060401678085327,pdb_00009cds_E_D
14519,5,train,0.02333446778357029,pdb_00007xav_E1_E2
14520,5,train,0.004633096978068352,pdb_00008k9k_H1_H2
14521,5,train,0.1006755605340004,pdb_00006z2m_H_L
14522,5,train,0.5392850637435913,pdb_00007tzh_A1_A2
14523,5,train,1.3026565313339233,pdb_00004xzu_E_F
14524,5,train,0.9034683108329773,pdb_00007scn_E_F
14525,5,train,0.02036864683032036,pdb_00009ggg_S1_S2
14526,5,train,0.7590120434761047,pdb_00007l5j_Y_X
14527,5,train,0.6224929094314575,pdb_00006pi7_F_E
14528,5,train,0.2404640167951584,pdb_00004dgi_H_L
14529,5,train,0.23794226348400116,pdb_00006p4a_H_L
14530,5,train,0.14025072753429413,pdb_00001ic4_H_L
14531,5,train,0.15085075795650482,pdb_00006ad8_E_F
14532,5,train,0.1406053900718689,pdb_00007zmk_B_C
14533,5,train,0.4245533049106598,pdb_00004okv_A_B
14534,5,train,1.2161122560501099,pdb_00008ag1_H_L
14535,5,train,0.017193667590618134,pdb_00008h2g_E1_E2
14536,5,train,0.3865351378917694,pdb_00008too_G_F
14537,5,train,0.05440535768866539,pdb_00006x3x_K_L
14538,5,train,0.8207095265388489,pdb_00008g5b_H_L
14539,5,train,0.7540625929832458,pdb_00004xrc_B_A
14540,5,train,0.6856474280357361,pdb_00003c09_H_L
14541,5,train,0.6810845136642456,pdb_00006d0u_K_L
14542,5,train,1.064899206161499,pdb_00004lvh_H_I
14543,5,train,0.034102439880371094,pdb_00007sbf_E1_E2
14544,5,train,1.79362154006958,pdb_00006osh_H_L
14545,5,train,0.395668089389801,pdb_00008jkh_H_L
14546,5,train,0.674232006072998,pdb_00008fhy_H_L
14547,5,train,0.04563217982649803,pdb_00009nz3_D_C
14548,5,train,0.029622431844472885,pdb_00008f7x_E1_E2
14549,5,train,0.012154419906437397,pdb_00009uk2_E1_E2
14550,5,train,0.0043494519777596,pdb_00009vo0_E1_E2
14551,5,train,0.025128750130534172,pdb_00008w8r_S1_S2
14552,5,train,0.13401910662651062,pdb_00002dqe_H_L
14553,5,train,0.32373058795928955,pdb_00005dhy_H_L
14554,5,train,0.611512303352356,pdb_00005h35_F_G
14555,5,train,0.44529035687446594,pdb_00007vgr_D_C
14556,5,train,1.3572618961334229,pdb_00007uij_H_L
14557,5,train,0.013741906732320786,pdb_00009jhp_S1_S2
14558,5,train,0.673211395740509,pdb_00007l0l_I_K
14559,5,train,0.5079032182693481,pdb_00007mem_H_L
14560,5,train,0.6379380226135254,pdb_00007vyr_A_B
14561,5,train,0.024358971044421196,pdb_00007k78_L1_L2
14562,5,train,0.5834670066833496,pdb_00008sdh_C_D
14563,5,train,1.025691270828247,pdb_00008dwo_S_T
14564,5,train,0.6120915412902832,pdb_00008u4s_F_E
14565,5,train,1.2445844411849976,pdb_00009l8z_C_B
14566,5,train,0.033588968217372894,pdb_00002htk_C_D
14567,5,train,0.9046153426170349,pdb_00008gsc_H_L
14568,5,train,0.016186943277716637,pdb_00008t3q_N1_N2
14569,5,train,1.0864650011062622,pdb_00009e3l_G_H
14570,5,train,0.06769402325153351,pdb_00003stl_A_B
14571,5,train,0.024601370096206665,pdb_00007y89_S1_S2
14572,5,train,0.01444052904844284,pdb_00009izg_S1_S2
14573,5,train,0.3765444755554199,pdb_00001xgq_B_A
14574,5,train,0.4523698389530182,pdb_00009iz9_O_P
14575,5,train,0.9014638066291809,pdb_00007n0a_B_A
14576,5,train,0.01468109805136919,pdb_00003ze1_E_F
14577,5,train,0.8840084671974182,pdb_00001kb5_H_L
14578,5,train,0.7185109853744507,pdb_00006mlm_K_L
14579,5,train,0.8319188952445984,pdb_00006jod_H_L
14580,5,train,0.011392462998628616,pdb_00008xqn_S1_S2
14581,5,train,0.6941903233528137,pdb_00009npg_G_H
14582,5,train,0.012899897061288357,pdb_00008y62_E1_E2
14583,5,train,0.28788840770721436,pdb_00003ri5_G_K
14584,5,train,0.10188983380794525,pdb_00002qr0_N_M
14585,5,train,0.8005458116531372,pdb_00009qub_D_C
14586,5,train,0.03149893507361412,pdb_00006vmk_c_b
14587,5,train,1.0714759826660156,pdb_00006xm2_D_C
14588,5,train,0.011090503074228764,pdb_00009cm3_N1_N2
14589,5,train,1.0928456783294678,pdb_00006wtv_H_I
14590,5,train,0.013264024630188942,pdb_00007rbt_E1_E2
14591,5,train,0.20776572823524475,pdb_00008i5h_H_L
14592,5,train,0.0040480997413396835,pdb_00002vdp_H_L
14593,5,train,0.506628155708313,pdb_00009mqa_J_N
14594,5,train,1.0958127975463867,pdb_00008w0y_A_B
14595,5,train,0.22016383707523346,pdb_00001kir_B_A
14596,5,train,0.38677629828453064,pdb_00007mzh_H_L
14597,5,train,0.9590790271759033,pdb_00009cq8_G_H
14598,5,train,0.8786032795906067,pdb_00007u9e_H1_H2
14599,5,train,0.0034920822363346815,pdb_00003t3p_E_F
14600,5,train,0.5181640982627869,pdb_00005cbe_C_D
14601,5,train,0.5812011361122131,pdb_00007bbj_H_L
14602,5,train,0.02877778559923172,pdb_00008xos_E1_E2
14603,5,train,0.7016181349754333,pdb_00009cq8_C_E
14604,5,train,0.007897344417870045,pdb_00008x9t_S1_S2
14605,5,train,0.5901686549186707,pdb_00009vfu_E_F
14606,5,train,0.8011339902877808,pdb_00007lf7_A_B
14607,5,train,0.009262455627322197,pdb_00008gag_S1_S2
14608,5,train,0.07600298523902893,pdb_00004tnw_W_f
14609,5,train,0.6760839223861694,pdb_00006a4k_H_L
14610,5,train,0.9976650476455688,pdb_00002r56_H_L
14611,5,train,0.863027811050415,pdb_00009ds1_H_L
14612,5,train,0.9483656883239746,pdb_00003o2d_H_L
14613,5,train,1.2439088821411133,pdb_00001g9n_H_L
14614,5,train,0.01160181500017643,pdb_00009lrs_E1_E2
14615,5,train,0.496756374835968,pdb_00009n4f_M_N
14616,5,train,0.624056339263916,pdb_00009mqd_J_N
14617,5,train,0.5419019460678101,pdb_00007m71_H_L
14618,5,train,0.021665941923856735,pdb_00003f7y_A_B
14619,5,train,0.02325560711324215,pdb_00008ef5_E1_E2
14620,5,train,0.016164245083928108,pdb_00003f7v_A_B
14621,5,train,0.5544614791870117,pdb_00006ii9_H_L
14622,5,train,0.005050964653491974,pdb_00008g59_S1_S2
14623,5,train,0.5802855491638184,pdb_00009mtf_M_N
14624,5,train,0.6741835474967957,pdb_00007mxl_H_L
14625,5,train,0.17184953391551971,pdb_00006yor_B_C
14626,5,train,1.050350546836853,pdb_00007unb_H_L
14627,5,train,0.02422751672565937,pdb_00009jfy_S1_S2
14628,5,train,0.7424639463424683,pdb_00009me5_H_L
14629,5,train,0.006618522107601166,pdb_00009iyb_E1_E2
14630,5,train,0.8934627175331116,pdb_00003lh2_J_N
14631,5,train,0.5744725465774536,pdb_00008znz_I_J
14632,5,train,0.013997494243085384,pdb_00002itd_A_B
14633,5,train,0.43505656719207764,pdb_00008u4s_H_L
14634,5,train,0.5288201570510864,pdb_00008tui_H_L
14635,5,train,0.5723558664321899,pdb_00007dk2_A_B
14636,5,train,1.1809386014938354,pdb_00008p5m_G_L
14637,5,train,0.7527836561203003,pdb_00005a3i_G_H
14638,5,train,0.027166474610567093,pdb_00002h2s_C_D
14639,5,train,0.01022582408040762,pdb_00008xxv_E1_E2
14640,5,train,0.01939711533486843,pdb_00007w3z_H1_H2
14641,5,train,0.6445078253746033,pdb_00001dee_F_E
14642,5,train,0.016922494396567345,pdb_00008hnm_S1_S2
14643,5,train,0.7989705801010132,pdb_00009azv_H_L
14644,5,train,0.5525510311126709,pdb_00004gxu_S_T
14645,5,train,0.004865624476224184,pdb_00002fed_C_D
14646,5,train,0.709890604019165,pdb_00001oak_H_L
14647,5,train,0.42375466227531433,pdb_00008dn6_C_D
14648,5,train,0.4625854790210724,pdb_00007l7e_M_N
14649,5,train,0.005889960564672947,pdb_00007vih_E1_E2
14650,5,train,0.021555783227086067,pdb_00008efl_E1_E2
14651,5,train,0.5845687985420227,pdb_00004qci_B_A
14652,5,train,0.01564227230846882,pdb_00007m2j_A_B
14653,5,train,0.052016571164131165,pdb_00001c08_B_A
14654,5,train,0.02268601395189762,pdb_00008t3v_N1_N2
14655,5,train,0.9144025444984436,pdb_00003c09_C_B
14656,5,train,0.42888253927230835,pdb_00008q6j_B_A
14657,5,train,0.4654722511768341,pdb_00007wvd_I_J
14658,5,train,0.016778726130723953,pdb_00002vdk_H_L
14659,5,train,0.5213605165481567,pdb_00009mqd_I_M
14660,5,train,1.4619466066360474,pdb_00009rir_H_L
14661,5,train,0.38530129194259644,pdb_00008zd5_E_F
14662,5,train,0.056026093661785126,pdb_00009kt9_E1_E2
14663,5,train,0.3193316161632538,pdb_00008ulf_J_N
14664,5,train,0.1591768115758896,pdb_00007zmk_E_F
14665,5,train,0.396168977022171,pdb_00003fku_S1_S2
14666,5,train,0.8876911401748657,pdb_00009od3_H_L
14667,5,train,0.03780166804790497,pdb_00008ihf_S1_S2
14668,5,train,1.0961146354675293,pdb_00009vca_H_L
14669,5,train,0.013563270680606365,pdb_00003ejy_C_D
14670,5,train,0.011498595587909222,pdb_00009kvh_E1_E2
14671,5,train,0.936028778553009,pdb_00002r29_H_L
14672,5,train,0.44329872727394104,pdb_00008hn6_C_D
14673,5,train,0.009813160635530949,pdb_00008kgg_E1_E2
14674,5,train,0.8520779609680176,pdb_00009js7_J_M
14675,5,train,0.4997904896736145,pdb_00004zff_A_B
14676,5,train,0.7999064326286316,pdb_00009p1m_F_E
14677,5,train,0.3818466365337372,pdb_00007yck_C_D
14678,5,train,0.6797686219215393,pdb_00008u4q_H_L
14679,5,train,0.7954737544059753,pdb_00007z0y_H_L
14680,5,train,0.0163799487054348,pdb_00008feg_F1_F2
14681,5,train,0.5408765077590942,pdb_00007rk1_D1_D2
14682,5,train,0.011649204418063164,pdb_00004fg6_E_F
14683,5,train,0.009316226467490196,pdb_00008evi_N1_N2
14684,5,train,0.029592737555503845,pdb_00008wpu_E1_E2
14685,5,train,0.8199467658996582,pdb_00008ygs_H_L
14686,5,train,0.28531137108802795,pdb_00002x7l_E_F
14687,5,train,0.805433988571167,pdb_00006o1f_H_L
14688,5,train,0.012186345644295216,pdb_00003ejz_C_D
14689,5,train,0.06611520051956177,pdb_00008vgi_F_E
14690,5,train,0.02330106869339943,pdb_00009k3h_S1_S2
14691,5,train,0.43040844798088074,pdb_00009ue8_E_F
14692,5,train,0.8737175464630127,pdb_00005lsp_H_L
14693,5,train,0.9160091876983643,pdb_00007shy_K_L
14694,5,train,0.012644639238715172,pdb_00007sr8_E1_E2
14695,5,train,1.1219162940979004,pdb_00009rik_H_L
14696,5,train,0.6024451851844788,pdb_00007dpm_G_H
14697,5,train,0.6874329447746277,pdb_00008jin_P2_P1
14698,5,train,0.022604091092944145,pdb_00008f7w_E1_E2
14699,5,train,0.014682975597679615,pdb_00008jd6_D1_D2
14700,5,train,0.00646997569128871,pdb_00007uje_E_F
14701,5,train,0.3200767934322357,pdb_00003d9a_H_L
14702,5,train,1.2400795221328735,pdb_00005ldn_H_L
14703,5,train,0.006786935497075319,pdb_00009jmd_E1_E2
14704,5,train,0.010836103931069374,pdb_00008jxt_E1_E2
14705,5,train,0.008346828632056713,pdb_00007y66_S1_S2
14706,5,train,0.801057755947113,pdb_00008kdt_H_L
14707,5,train,1.1252328157424927,pdb_00008jn1_H_L
14708,5,train,0.02840639464557171,pdb_00008ubj_M2_M1
14709,5,train,0.10929985344409943,pdb_00007xta_E1_E2
14710,5,train,0.010548747144639492,pdb_00007t96_E1_E2
14711,5,train,0.9410648345947266,pdb_00009zdu_H_L
14712,5,train,0.6631842255592346,pdb_00006wno_E_F
14713,5,train,0.4517298936843872,pdb_00009hh9_I_H
14714,5,train,0.6980026364326477,pdb_00006vgr_H_L
14715,5,train,0.3638697564601898,pdb_00006p4b_H_L
14716,5,train,0.5486129522323608,pdb_00009ib1_H_L
14717,5,train,0.27050650119781494,pdb_00008too_B_A
14718,5,train,0.010096804238855839,pdb_00008hnl_S1_S2
14719,5,train,0.030051100999116898,pdb_00008xxz_S1_S2
14720,5,train,0.0718178078532219,pdb_00008sgo_K_L
14721,5,train,0.00955743994563818,pdb_00006kpf_S1_S2
14722,5,train,0.4795352518558502,pdb_00008zyt_D_Q
14723,5,train,0.7980979084968567,pdb_00009atm_H_L
14724,5,train,0.876325249671936,pdb_00007ezv_M_N
14725,5,train,1.0202250480651855,pdb_00007lg6_C_D
14726,5,train,0.0070583815686404705,pdb_00008vy7_D1_D2
14727,5,train,0.6932240724563599,pdb_00008dis_A_C
14728,5,train,0.009121095761656761,pdb_00007eb2_N1_N2
14729,5,train,0.3823731243610382,pdb_00007mzk_F_E
14730,5,train,0.5222086310386658,pdb_00004dkf_I_M
14731,5,train,0.06658557802438736,pdb_00004tnw_I_O
14732,5,train,0.016293831169605255,pdb_00007cvt_E_F
14733,5,train,0.10563865303993225,pdb_00002dqh_H_L
14734,5,train,0.008238358423113823,pdb_00008k2x_S1_S2
14735,5,train,0.40991300344467163,pdb_00002i9l_B_A
14736,5,train,0.5377675294876099,pdb_00008bg3_A1_A2
14737,5,train,0.741872251033783,pdb_00007scn_H_L
14738,5,train,0.03487596660852432,pdb_00009drx_K_L
14739,5,train,0.549519956111908,pdb_00009lrh_H_L
14740,5,train,0.5353848934173584,pdb_00008vgm_E_F
14741,5,train,0.36842676997184753,pdb_00008hpf_M_N
14742,5,train,0.4355909526348114,pdb_00007ch5_H_L
14743,5,train,0.5373374819755554,pdb_00008g5b_I_M
14744,5,train,0.440623015165329,pdb_00007dpm_A_B
14745,5,train,0.8186995983123779,pdb_00007uvq_D_E
14746,5,train,0.07482850551605225,pdb_00002dqf_B_A
14747,5,train,0.9294252991676331,pdb_00009mth_I_J
14748,5,train,0.029684359207749367,pdb_00007ykd_S1_S2
14749,5,train,0.010040891356766224,pdb_00007wu9_S1_S2
14750,5,train,0.14084435999393463,pdb_00002qr0_F_E
14751,5,train,0.008182241581380367,pdb_00007u0g_N1_N2
14752,5,train,0.01092464942485094,pdb_00002ht4_C_D
14753,5,train,0.3038986921310425,pdb_00008jel_C_D
14754,5,train,0.07014975696802139,pdb_00009exa_F_E
14755,5,train,0.6601549983024597,pdb_00008y3l_G_H
14756,5,train,0.10910709202289581,pdb_00004tnw_J_M
14757,5,train,0.5256013870239258,pdb_00007wwk_I_H
14758,5,train,0.09608259797096252,pdb_00002dqc_H_L
14759,5,train,0.010202009230852127,pdb_00008jlj_S1_S2
14760,5,train,0.014480678364634514,pdb_00009jkt_S1_S2
14761,5,train,1.0246022939682007,pdb_00008d9y_H_G
14762,5,train,0.6427211761474609,pdb_00004hg4_Z_z
14763,5,train,0.02878899686038494,pdb_00006xbk_S1_S2
14764,5,train,0.026017479598522186,pdb_00007vdl_S1_S2
14765,5,train,0.01501742098480463,pdb_00008xx3_S1_S2
14766,5,train,0.12592902779579163,pdb_00004tnw_X_i
14767,5,train,0.009774486534297466,pdb_00008dk5_K1_K2
14768,5,train,0.5055534839630127,pdb_00008wpy_C_D
14769,5,train,0.00988950114697218,pdb_00007t6b_E1_E2
14770,5,train,0.022423142567276955,pdb_00003ze2_H_L
14771,5,train,0.011717193759977818,pdb_00007euo_S1_S2
14772,5,train,0.7924880385398865,pdb_00007jwg_A_B
14773,5,train,0.5750036835670471,pdb_00001yqv_H_L
14774,5,train,0.9195597767829895,pdb_00009cu7_I_M
14775,5,train,0.557906448841095,pdb_00007x2o_H_L
14776,5,train,0.72325199842453,pdb_00007xrz_H_L
14777,5,train,0.022854672744870186,pdb_00007f4f_S1_S2
14778,5,train,0.4657694697380066,pdb_00002fjh_H_L
14779,5,train,0.008365167304873466,pdb_00007na7_N1_N2
14780,5,train,0.03067800961434841,pdb_00007k60_M2_M1
14781,5,train,0.2918400466442108,pdb_00003ri5_I_O
14782,5,train,0.047292303293943405,pdb_00009vmg_S1_S2
14783,5,train,0.7528539299964905,pdb_00004al8_H_L
14784,5,train,0.5500932931900024,pdb_00005xhv_P_Q
14785,5,train,0.9871214628219604,pdb_00006plk_H_L
14786,5,train,0.9159748554229736,pdb_00008jeo_E_F
14787,5,train,0.647930383682251,pdb_00006ban_D_C
14788,5,train,1.1965173482894897,pdb_00005ug0_D_C
14789,5,train,0.02862970530986786,pdb_00008yna_E1_E2
14790,5,train,0.03522559627890587,pdb_00003a67_H_L
14791,5,train,0.04740491136908531,pdb_00004lcu_A_B
14792,5,train,0.014356888830661774,pdb_00008hsc_S1_S2
14793,5,train,0.1052175909280777,pdb_00003ri5_H_L
14794,5,train,0.6166865825653076,pdb_00008jqs_H_L
14795,5,train,0.5144121050834656,pdb_00008hrd_N_Q
14796,5,train,0.7748695611953735,pdb_00008d9y_F_E
14797,5,train,0.683286726474762,pdb_00005ggt_H_L
14798,5,train,0.07002343982458115,pdb_00008k9l_H1_H2
14799,5,train,0.6878970265388489,pdb_00006a4k_I_M
14800,5,train,0.38086798787117004,pdb_00008go8_H_L
14801,5,train,0.762848973274231,pdb_00007zoz_H_L
14802,5,train,0.6801513433456421,pdb_00007ua2_B1_B2
14803,5,train,0.9246970415115356,pdb_00007rr0_B_C
14804,5,train,0.008259717375040054,pdb_00009vnf_E1_E2
14805,5,train,0.6965222954750061,pdb_00004hg4_P_Q
14806,5,train,0.9202802181243896,pdb_00008bcz_A_B
14807,5,train,0.016900604590773582,pdb_00007vig_E1_E2
14808,5,train,0.7646604776382446,pdb_00009jeb_A1_A2
14809,5,train,0.015764662995934486,pdb_00006x3w_J_I
14810,5,train,0.012578517198562622,pdb_00008id6_S1_S2
14811,5,train,0.6921076774597168,pdb_00006ww5_C_D
14812,5,train,0.6057916283607483,pdb_00009n4e_O_R
14813,5,train,0.5450875759124756,pdb_00006cyf_U_T
14814,5,train,0.07328176498413086,pdb_00006k5d_C_D
14815,5,train,1.162082552909851,pdb_00006wn1_B_C
14816,5,train,0.44060075283050537,pdb_00004odx_H_B
14817,5,train,0.2610132396221161,pdb_00003rhw_I_O
14818,5,train,1.1859673261642456,pdb_00008s72_X_Y
14819,5,train,0.04296388477087021,pdb_00008j23_F1_F2
14820,5,train,0.14228886365890503,pdb_00006zlr_BBB_CCC
14821,5,train,0.5295627117156982,pdb_00001za3_B_A
14822,5,train,0.5031753778457642,pdb_00003nh7_K_O
14823,5,train,0.5252274870872498,pdb_00007xcp_H_L
14824,5,train,0.014544637873768806,pdb_00008jjp_S1_S2
14825,5,train,0.33925095200538635,pdb_00007kfw_F_G
14826,5,train,0.8764951229095459,pdb_00007wcr_a_b
14827,5,train,0.7578647136688232,pdb_00007kn3_M_N
14828,5,train,0.527906596660614,pdb_00008zbb_H_L
14829,5,train,0.48715561628341675,pdb_00005nhr_A_B
14830,5,train,0.4472882151603699,pdb_00009azr_H_L
14831,5,train,0.523895800113678,pdb_00002dd8_H_L
14832,5,train,0.9858717322349548,pdb_00008f6l_A_B
14833,5,train,0.8956313133239746,pdb_00007yds_B_C
14834,5,train,0.9281833171844482,pdb_00009n5z_A_B
14835,5,train,0.5377834439277649,pdb_00007dk2_J_K
14836,5,train,0.013912566006183624,pdb_00006x3u_K_L
14837,5,train,0.4335222840309143,pdb_00008ut2_L_K
14838,5,train,0.15865130722522736,pdb_00002x7l_A_B
14839,5,train,0.18560916185379028,pdb_00007kfw_C_D
14840,5,train,0.007948113605380058,pdb_00009iy8_S1_S2
14841,5,train,0.04347265511751175,pdb_00008ubi_M2_M1
14842,5,train,0.006554043386131525,pdb_00008zjg_S1_S2
14843,5,train,0.3652383089065552,pdb_00009cpu_F_G
14844,5,train,0.5775620937347412,pdb_00003u30_C_B
14845,5,train,0.02152996137738228,pdb_00007y15_S1_S2
14846,5,train,0.3241015672683716,pdb_00007c01_C_D
14847,5,train,0.8164932131767273,pdb_00007x3c_F_E
14848,5,train,0.6298384070396423,pdb_00003p0y_H_L
14849,5,train,0.007106566336005926,pdb_00007vla_S1_S2
14850,5,train,0.09766822308301926,pdb_00008ihb_S1_S2
14851,5,train,0.761573851108551,pdb_00006wmw_M_N
14852,5,train,0.5326581001281738,pdb_00001mlc_D_C
14853,5,train,0.014339764602482319,pdb_00008dzr_E1_E2
14854,5,train,0.020567934960126877,pdb_00007qvm_S1_S2
14855,5,train,0.01805100589990616,pdb_00006x3v_K_L
14856,5,train,0.5436522364616394,pdb_00007lq7_P_Q
14857,5,train,0.06225378438830376,pdb_00008sps_K1_K2
14858,5,train,1.1026920080184937,pdb_00004ubd_Y_X
14859,5,train,0.006330537144094706,pdb_00003nig_E_F
14860,5,train,0.5661085844039917,pdb_00008cma_H_L
14861,5,train,0.016918253153562546,pdb_00007rkx_D1_D2
14862,5,train,0.03221186250448227,pdb_00008wwj_E1_E2
14863,5,train,0.6504024267196655,pdb_00003sob_H_L
14864,5,train,1.1152641773223877,pdb_00008w5f_H_L
14865,5,train,0.695348858833313,pdb_00006k7o_H_L
14866,5,train,0.6025581359863281,pdb_00009ccs_C_B
14867,5,train,0.43043848872184753,pdb_00007pry_F_G
14868,5,train,0.4148503839969635,pdb_00007kmg_D_E
14869,5,train,0.6063516736030579,pdb_00008eqf_H_L
14870,5,train,0.09902193397283554,pdb_00007zmk_S_T
14871,5,train,0.7557299733161926,pdb_00005umi_H_L
14872,5,train,0.9986067414283752,pdb_00007tp3_H_L
14873,5,train,0.024613594636321068,pdb_00002ht2_E_F
14874,5,train,0.19614510238170624,pdb_00008vgh_F_E
14875,5,train,0.9037622213363647,pdb_00007uzd_H_L
14876,5,train,0.9263127446174622,pdb_00008gpu_H_L
14877,5,train,0.9452138543128967,pdb_00006s3d_H_L
14878,5,train,0.03161149099469185,pdb_00008j6l_H1_H2
14879,5,train,0.5202276706695557,pdb_00004yk4_Z_Y
14880,5,train,0.11956214904785156,pdb_00001vfb_B_A
14881,5,train,0.6287283897399902,pdb_00009dzf_H_L
14882,5,train,0.015626858919858932,pdb_00008xwp_D1_D2
14883,5,train,0.015027891844511032,pdb_00007wf7_E1_E2
14884,5,train,0.7565743327140808,pdb_00008dwo_H_L
14885,5,train,0.38176411390304565,pdb_00008wo4_B_A
14886,5,train,0.532922625541687,pdb_00006k7o_F_G
14887,5,train,0.0702844113111496,pdb_00008zd1_S1_S2
14888,5,train,0.7730519771575928,pdb_00007t0w_H_L
14889,5,train,0.5982620120048523,pdb_00008rrn_H_L
14890,5,train,1.0775146484375,pdb_00007u9w_H1_H2
14891,5,train,0.6195980310440063,pdb_00001tzi_B_A
14892,5,train,0.7869935631752014,pdb_00009gwt_H_L
14893,5,train,0.6005768179893494,pdb_00009jeb_C1_C2
14894,5,train,0.4348941147327423,pdb_00003u30_F_E
14895,5,train,0.4017694592475891,pdb_00007zfe_J_K
14896,5,train,1.7834776639938354,pdb_00009osx_B_C
14897,5,train,0.8120517134666443,pdb_00007lg6_J_M
14898,5,train,0.8705044388771057,pdb_00001adq_H_L
14899,5,train,0.5013213157653809,pdb_00008y3i_G_H
14900,5,train,0.37960225343704224,pdb_00009jy2_B_A
14901,5,train,0.5834016799926758,pdb_00009q7b_G_I
14902,5,train,0.7725310921669006,pdb_00008da1_B_A
14903,5,train,0.9372499585151672,pdb_00002zck_H_L
14904,5,train,0.1153266578912735,pdb_00009ge2_F1_F2
14905,5,train,0.7620717883110046,pdb_00008el2_H_L
14906,5,train,0.6535029411315918,pdb_00007djz_A_B
14907,5,train,0.5167965888977051,pdb_00007wrv_U_V
14908,5,train,0.9834371209144592,pdb_00006wqo_E_F
14909,5,train,0.5562465786933899,pdb_00006n5d_L_N
14910,5,train,0.6281931400299072,pdb_00007ucq_I1_I2
14911,5,train,0.7124085426330566,pdb_00007m7w_H_L
14912,5,train,0.010695737786591053,pdb_00009b54_S1_S2
14913,5,train,0.028460582718253136,pdb_00009ejc_D1_D2
14914,5,train,0.548633873462677,pdb_00007bnv_H_L
14915,5,train,0.272596150636673,pdb_00007zfe_F_G
14916,5,train,0.03808758780360222,pdb_00006x3z_K_L
14917,5,train,0.008310643956065178,pdb_00009upu_S1_S2
14918,5,train,0.7254999876022339,pdb_00009jbq_A_B
14919,5,train,0.24285434186458588,pdb_00008wnp_D_C
14920,5,train,0.008892104960978031,pdb_00008jso_S1_S2
14921,5,train,0.6790258288383484,pdb_00005x8l_S_N
14922,5,train,0.5120958089828491,pdb_00006k7o_D_E
14923,5,train,0.03713511303067207,pdb_00003or7_A_B
14924,5,train,0.2820909917354584,pdb_00009cpv_C_D
14925,5,train,0.11871536076068878,pdb_00009ov4_J_K
14926,5,train,0.08150066435337067,pdb_00006w0g_A_B
14927,5,train,0.02268962189555168,pdb_00007vl9_S1_S2
14928,5,train,0.4898986518383026,pdb_00007jum_H1_H2
14929,5,train,0.0856642872095108,pdb_00003ri5_J_M
14930,5,train,0.009227903559803963,pdb_00008yyx_A1_A2
14931,5,train,0.9168887734413147,pdb_00006jep_H_L
14932,5,train,1.0769083499908447,pdb_00009mkn_Q_R
14933,5,train,0.0071630170568823814,pdb_00008eit_E1_E2
14934,5,train,0.3956296145915985,pdb_00007wwk_G_F
14935,5,train,0.42285192012786865,pdb_00001fsk_L_K
14936,5,train,1.000068187713623,pdb_00009rip_H_L
14937,5,train,0.027265984565019608,pdb_00009erx_F1_F2
14938,5,train,0.5805194973945618,pdb_00003v4v_M_N
14939,5,train,0.42404675483703613,pdb_00007mem_I_K
14940,5,train,0.043291252106428146,pdb_00002ht3_C_D
14941,5,train,0.016326026991009712,pdb_00009jky_S1_S2
14942,5,train,0.013205302879214287,pdb_00008z9p_S1_S2
14943,5,train,0.5805003643035889,pdb_00008v5v_b_d
14944,5,train,0.6761355400085449,pdb_00008f6x_F1_F2
14945,5,train,1.0341938734054565,pdb_00008ywe_C2_C1
14946,5,train,0.022942375391721725,pdb_00006e0p_N1_N2
14947,5,train,0.06397046148777008,pdb_00008vgh_K_L
14948,5,train,0.7921087145805359,pdb_00008w5l_H_L
14949,5,train,0.5782420039176941,pdb_00007m3i_H_L
14950,5,train,0.15856285393238068,pdb_00008wnp_B_A
14951,5,train,0.6291822791099548,pdb_00009lp1_A_B
14952,5,train,0.03291737288236618,pdb_00007ezm_H1_H2
14953,5,train,0.04178676754236221,pdb_00008vgh_H_G
14954,5,train,0.5537167191505432,pdb_00002jix_F_A
14955,5,train,0.2767711281776428,pdb_00008smt_A_B
14956,5,train,0.8349498510360718,pdb_00003qwo_A_B
14957,5,train,0.028897933661937714,pdb_00002h2p_E_F
14958,5,train,0.3174764811992645,pdb_000011ol_H_L
14959,5,train,0.009449265897274017,pdb_00007rg9_E1_E2
14960,5,train,0.010043777525424957,pdb_00008vvf_E1_E2
14961,5,train,0.9506239891052246,pdb_00004ubd_O_P
14962,5,train,0.8922908306121826,pdb_00009yyu_H_L
14963,5,train,0.8702263832092285,pdb_00007woc_A_B
14964,5,train,0.7156478762626648,pdb_00002ybr_A_B
14965,5,train,0.3030093014240265,pdb_00005w3o_D_E
14966,5,train,0.011859999969601631,pdb_00009k07_E1_E2
14967,5,train,0.01869010366499424,pdb_00009p0l_F1_F2
14968,5,train,0.008989432826638222,pdb_00008yyw_B1_B2
14969,5,train,0.03771848976612091,pdb_00006adc_C_D
14970,5,train,0.4096309542655945,pdb_00007k9z_H_L
14971,5,train,1.0910303592681885,pdb_00007rxp_H_L
14972,5,train,0.7712454795837402,pdb_00007b0b_H_L
14973,5,train,0.027402488514780998,pdb_00008wwn_E1_E2
14974,5,train,0.46250665187835693,pdb_00004n90_H_I
14975,5,train,0.7989999055862427,pdb_00007t82_H_L
14976,5,train,0.9526060819625854,pdb_00006dfj_H_L
14977,5,train,0.03461292386054993,pdb_00008i9l_H1_H2
14978,5,train,0.9364137649536133,pdb_00004lvh_E_F
14979,5,train,0.49560630321502686,pdb_00007lq7_y_z
14980,5,train,0.503680944442749,pdb_00007dq7_H_L
14981,5,train,0.4327901303768158,pdb_00007zf9_A_B
14982,5,train,0.8120192289352417,pdb_00007y3n_H_L
14983,5,train,0.010244838893413544,pdb_00007exd_E1_E2
14984,5,train,0.29934772849082947,pdb_00006ban_B_A
14985,5,train,0.532605767250061,pdb_00006a4k_J_N
14986,5,train,0.5175462961196899,pdb_00004dn4_H_L
14987,5,train,0.43420952558517456,pdb_00007m7b_H_L
14988,5,train,1.1469451189041138,pdb_00004ut6_H_L
14989,5,train,0.017908047884702682,pdb_00008xjn_E1_E2
14990,5,train,0.7948923707008362,pdb_00008zdw_U_R
14991,5,train,0.014985866844654083,pdb_00009vmy_E1_E2
14992,5,train,0.9366573691368103,pdb_00008hrd_C_E
14993,5,train,0.8037689328193665,pdb_00005vqm_D_C
14994,5,train,0.030689246952533722,pdb_00008efb_E1_E2
14995,5,train,0.053980693221092224,pdb_00006vmk_K_J
14996,5,train,0.011038222350180149,pdb_00007w0p_S1_S2
14997,5,train,0.40833204984664917,pdb_00008bg2_A1_A2
14998,5,train,0.44876906275749207,pdb_00009l6c_H_L
14999,5,train,0.012692871503531933,pdb_00003gb7_A_B
15000,5,train,0.7854025959968567,pdb_00008zd6_K_L
15001,5,train,0.9119049906730652,pdb_00004ffw_H_L
15002,5,train,0.005972468759864569,pdb_00001otu_C_D
15003,5,train,1.276326298713684,pdb_00006wex_H_L
15004,5,train,0.010256748646497726,pdb_00008zh8_S1_S2
15005,5,train,0.8111282587051392,pdb_00007k9z_B_A
15006,5,train,0.4547649323940277,pdb_00007u9e_B1_B2
15007,5,train,0.03469143062829971,pdb_00009ns9_N1_N2
15008,5,train,0.6244039535522461,pdb_00009lho_I_H
15009,5,train,0.4927421510219574,pdb_00009b82_P_O
15010,5,train,0.01302625983953476,pdb_00006kpg_S1_S2
15011,5,train,0.41592156887054443,pdb_00008jkh_h_l
15012,5,train,0.019393546506762505,pdb_00008hqm_H1_H2
15013,5,train,0.008692974224686623,pdb_00008e9x_E1_E2
15014,5,train,0.5480058193206787,pdb_00003h42_H_L
15015,5,train,0.5162991285324097,pdb_00009hub_I_M
15016,5,train,0.8584362268447876,pdb_00007s0x_H_L
15017,5,train,0.046738624572753906,pdb_00006ad7_C_D
15018,5,train,0.02188698574900627,pdb_00008iyw_H1_H2
15019,5,train,0.5183133482933044,pdb_00003dvg_B_A
15020,5,train,0.10691239684820175,pdb_00009oun_J_K
15021,5,train,0.3559946119785309,pdb_00006p4b_B_A
15022,5,train,0.09970555454492569,pdb_00008w2e_F_E
15023,5,train,0.5098686814308167,pdb_00004hg4_V_W
15024,5,train,0.029660340398550034,pdb_00009ouq_J_K
15025,5,train,0.7909716367721558,pdb_00006gv1_H_L
15026,5,train,0.007847479544579983,pdb_00007u0i_K1_K2
15027,5,train,0.015363281592726707,pdb_00003t3m_H_L
15028,5,train,0.014924731105566025,pdb_00007vgx_S1_S2
15029,5,train,0.3777124583721161,pdb_00007pqy_B_C
15030,5,train,0.014187724329531193,pdb_00008zqe_S1_S2
15031,5,train,0.2551642954349518,pdb_00007zf9_H_L
15032,5,train,0.821167528629303,pdb_00008dxt_H_L
15033,5,train,0.41919535398483276,pdb_00009qub_F_E
15034,5,train,0.0105874203145504,pdb_00007wyb_E1_E2
15035,5,train,0.3414710760116577,pdb_00007lop_W_V
15036,5,train,1.1716068983078003,pdb_00003lqa_H_L
15037,5,train,0.25973764061927795,pdb_00006txz_K_O
15038,5,train,0.025332212448120117,pdb_00009j31_D1_D2
15039,5,train,0.7787271738052368,pdb_00005kov_U1_U2
15040,5,train,0.011951388791203499,pdb_00002h2p_C_D
15041,5,train,1.0036485195159912,pdb_00009cci_B_C
15042,5,train,0.668644905090332,pdb_00008ebp_H_L
15043,5,train,0.4457043409347534,pdb_00008hws_D_E
15044,5,train,0.023215332999825478,pdb_00009jid_S1_S2
15045,5,train,0.7522521615028381,pdb_00006ocb_H_L
15046,5,train,0.6671686768531799,pdb_00003eoa_H_L
15047,5,train,0.6246429681777954,pdb_00008gs9_H_K
15048,5,train,0.016724811866879463,pdb_00009bqj_E1_E2
15049,5,train,0.09384358674287796,pdb_00009zqb_J2_J1
15050,5,train,0.542248010635376,pdb_00003v6z_C_D
15051,5,train,0.009701901115477085,pdb_00008zbi_F1_F2
15052,5,train,0.015797661617398262,pdb_00002vdm_H_L
15053,5,train,0.014170048758387566,pdb_00008xqf_S1_S2
15054,5,train,1.0699094533920288,pdb_00008tfn_H_L
15055,5,train,0.43631505966186523,pdb_00004hg4_N_O
15056,5,train,0.17581157386302948,pdb_00003hfm_H_L
15057,5,train,1.022395372390747,pdb_00009oi3_H_L
15058,5,train,1.6327235698699951,pdb_00005dfw_H1_H2
15059,5,train,0.5850444436073303,pdb_00007m7w_C_D
15060,5,train,0.011717047542333603,pdb_00009izf_S1_S2
15061,5,train,0.7423779368400574,pdb_00009mtj_H_L
15062,5,train,0.01868698000907898,pdb_00008wwl_E1_E2
15063,5,train,0.5617279410362244,pdb_00007ws2_E_D
15064,5,train,0.9190872311592102,pdb_00008e8y_H_L
15065,5,train,0.8559607863426208,pdb_00007uvi_A_B
15066,5,train,0.01763523928821087,pdb_00003f5w_A_B
15067,5,train,0.41620486974716187,pdb_00009udq_I_C
15068,5,train,0.0892750471830368,pdb_00006x3u_J_I
15069,5,train,0.5206456780433655,pdb_00009iz9_Q_R
15070,5,train,0.4670049250125885,pdb_00009jqv_H_L
15071,5,train,1.3172510862350464,pdb_00006cvk_B2_B1
15072,5,train,0.7767648100852966,pdb_00009j4c_H_L
15073,5,train,0.009769726544618607,pdb_00002boc_A_B
15074,5,train,0.5579210519790649,pdb_00008jqs_h_l
15075,5,train,0.455778032541275,pdb_00009q7b_J_K
15076,5,train,0.8911793231964111,pdb_00004f37_H_L
15077,5,train,0.01801937073469162,pdb_00008j20_B1_B2
15078,5,train,0.8346799612045288,pdb_00009kvk_H_L
15079,5,train,0.32643547654151917,pdb_00008ulf_K_O
15080,5,train,1.250754475593567,pdb_00003lzf_H_L
15081,5,train,0.4860268831253052,pdb_00009l9o_B_C
15082,5,train,1.0309165716171265,pdb_00007yru_H_L
15083,5,train,0.14457941055297852,pdb_00009zq9_I2_I1
15084,5,train,0.5728244781494141,pdb_00007y6k_E1_E2
15085,5,train,0.6825847625732422,pdb_00009cfh_H_L
15086,5,train,0.6940735578536987,pdb_00009mkn_O_P
15087,5,train,0.6861833930015564,pdb_00007l0l_G_J
15088,5,train,0.3261600136756897,pdb_00007jum_J1_J2
15089,5,train,0.056563615798950195,pdb_00002dqi_H_L
15090,5,train,0.4618324041366577,pdb_00005kov_K1_K2
15091,5,train,0.007503373082727194,pdb_00008y01_S1_S2
15092,5,train,0.036354877054691315,pdb_00006vmk_o_n
15093,5,train,0.007313671987503767,pdb_00001ots_E_F
15094,5,train,0.013763662427663803,pdb_00007ydj_E1_E2
15095,5,train,0.6403525471687317,pdb_00002vis_B_A
15096,5,train,0.36633262038230896,pdb_00008smt_I_J
15097,5,train,0.6343479752540588,pdb_00006xkr_H_L
15098,5,train,1.1106038093566895,pdb_00009kyz_A_B
15099,5,train,0.531888484954834,pdb_00007ucq_H1_H2
15100,5,train,0.727446436882019,pdb_00002ybr_D_E
15101,5,train,0.008665078319609165,pdb_00008gus_S1_S2
15102,5,train,0.013841776177287102,pdb_00003or6_A_B
15103,5,train,1.1356436014175415,pdb_00005w08_Q_R
15104,5,train,0.004237576853483915,pdb_00007ukt_E_F
15105,5,train,0.3099183738231659,pdb_00009me4_I_M
15106,5,train,1.0907913446426392,pdb_00008tea_H_G
15107,5,train,0.6498081088066101,pdb_00007c81_H_L
15108,5,train,0.35393357276916504,pdb_00008jkh_m_n
15109,5,train,0.023776821792125702,pdb_00007xmt_S1_S2
15110,5,train,0.024257833138108253,pdb_00001j1p_H_L
15111,5,train,0.013683284632861614,pdb_00008sgo_J_I
15112,5,train,0.4928675591945648,pdb_00008oz3_H_L
15113,5,train,0.333484411239624,pdb_00006vvu_H_L
15114,5,train,0.026281751692295074,pdb_00007x5h_E1_E2
15115,5,train,0.46342480182647705,pdb_00007yxu_H_L
15116,5,train,0.013824687339365482,pdb_00009uan_E1_E2
15117,5,train,0.014959531836211681,pdb_00009jr3_S1_S2
15118,5,train,0.022451208904385567,pdb_00008ejk_E1_E2
15119,5,train,0.614709198474884,pdb_00002h9g_H_L
15120,5,train,0.01580674946308136,pdb_00007yk7_S1_S2
15121,5,train,0.01204817183315754,pdb_00008utd_D1_D2
15122,5,train,0.019481264054775238,pdb_00008xxu_E1_E2
15123,5,train,1.3392672538757324,pdb_00005d1z_D_C
15124,5,train,0.4447195529937744,pdb_00007m3i_A_B
15125,5,train,0.3954066336154938,pdb_00003v4v_H_L
15126,5,train,0.8163837790489197,pdb_00009ma0_B_C
15127,5,train,0.23022174835205078,pdb_00008smt_H_L
15128,5,train,1.1155561208724976,pdb_00004kuc_H_D
15129,5,train,0.011947091668844223,pdb_00006vmk_E_D
15130,5,train,0.009210929274559021,pdb_00008xqo_S1_S2
15131,5,train,0.00454235915094614,pdb_00001ott_E_F
15132,5,train,0.6390383839607239,pdb_00008cxh_h_l
15133,5,train,0.6019651889801025,pdb_00009wsv_H_L
15134,5,train,0.7098295092582703,pdb_00008rmy_E_F
15135,5,train,0.7098353505134583,pdb_00006t9e_HHH_LLL
15136,5,train,0.008544433861970901,pdb_00007vgz_F1_F2
15137,5,train,0.47726452350616455,pdb_00007t3d_C_D
15138,5,train,0.5249353647232056,pdb_00007ycn_C_D
15139,5,train,0.698180615901947,pdb_00008y31_D_C
15140,5,train,0.7232162952423096,pdb_00008u44_S_T
15141,5,train,0.7221680879592896,pdb_00008f6x_E1_E2
15142,5,train,0.2655541002750397,pdb_00009jy1_P_O
15143,5,train,0.0066682579927146435,pdb_00008xzj_S1_S2
15144,5,train,0.0034689882304519415,pdb_00003zdx_E_F
15145,5,train,0.5364126563072205,pdb_00008bg3_C1_C2
15146,5,train,1.0555046796798706,pdb_00006glx_C_D
15147,5,train,0.43780824542045593,pdb_00008bec_A1_A2
15148,5,train,0.48996496200561523,pdb_00007m6d_H_L
15149,5,train,0.7157676815986633,pdb_00004xnm_B_A
15150,5,train,0.8536238670349121,pdb_00007mxl_A_B
15151,5,train,0.7295429110527039,pdb_00007jx3_C_D
15152,5,train,0.12151410430669785,pdb_00007zmk_G_H
15153,5,train,0.017265645787119865,pdb_00007t94_E1_E2
15154,5,train,0.3950088322162628,pdb_00008bg2_C1_C2
15155,5,train,0.0035153799690306187,pdb_00003ze0_E_F
15156,5,train,0.2764177620410919,pdb_00003b2v_H_L
15157,5,train,0.008217315189540386,pdb_00006x3s_J_I
15158,5,train,0.3974136710166931,pdb_00004m62_H_L
15159,5,train,0.4436100125312805,pdb_00008we4_H_L
15160,5,train,0.5257180333137512,pdb_00007wqv_N1_N2
15161,5,train,0.033397987484931946,pdb_00008xgs_D1_D2
15162,5,train,1.306121587753296,pdb_00008cz5_H_L
15163,5,train,0.9450536966323853,pdb_00006aru_C_B
15164,5,train,0.131441131234169,pdb_00008vgi_J_I
15165,5,train,0.5133396983146667,pdb_00007x2i_H_L
15166,5,train,0.7814012169837952,pdb_00009dn2_H_L
15167,5,train,0.005250990856438875,pdb_00009m54_S1_S2
15168,5,train,0.0039879982359707355,pdb_00002vdr_H_L
15169,5,train,0.02447698637843132,pdb_00008jef_S1_S2
15170,5,train,0.025742249563336372,pdb_00008y0n_S1_S2
15171,5,train,0.01992648094892502,pdb_00007p02_H1_H2
15172,5,train,0.7677540183067322,pdb_00007rxi_H_L
15173,5,train,0.6292560696601868,pdb_00008sdf_B_C
15174,5,train,0.06920570880174637,pdb_00008ied_N1_N2
15175,5,train,0.017080675810575485,pdb_00009ppy_E1_E2
15176,5,train,0.007964953780174255,pdb_00008hpt_H1_H2
15177,5,train,0.01379867922514677,pdb_00009w6w_E1_E2
15178,5,train,0.29359087347984314,pdb_00008wo4_D_C
15179,5,train,0.022891689091920853,pdb_00002dqj_H_L
15180,5,train,0.9859678149223328,pdb_00009mtg_I_J
15181,5,train,0.13782289624214172,pdb_00004ioi_B_A
15182,5,train,0.015700124204158783,pdb_00007ts0_H1_H2
15183,5,train,1.7111448049545288,pdb_00008cdd_E_D
15184,5,train,0.39948320388793945,pdb_00001xgp_B_A
15185,5,train,0.6956822276115417,pdb_00006mlm_E_I
15186,5,train,0.7541036009788513,pdb_00009h4s_X_Y
15187,5,train,0.985703706741333,pdb_00008gb5_I_H
15188,5,train,0.7137601971626282,pdb_00006hxw_C_D
15189,5,train,0.006198664661496878,pdb_00002htl_C_D
15190,5,train,1.2424509525299072,pdb_00009xsx_B_C
15191,5,train,0.5603281855583191,pdb_00007ubs_I1_I2
15192,5,train,0.29458004236221313,pdb_00009ue8_A_B
15193,5,train,0.21825143694877625,pdb_00008i5h_B_C
15194,5,train,0.15026986598968506,pdb_00009jy1_R_Q
15195,5,train,0.9059847593307495,pdb_00006s3d_E_F
15196,5,train,0.007883820682764053,pdb_00007xbd_E1_E2
15197,5,train,0.23340098559856415,pdb_00003ri5_F_N
15198,5,train,0.01938878744840622,pdb_00009b65_S1_S2
15199,5,train,0.639153778553009,pdb_00008eed_E_F
15200,5,train,0.0770125612616539,pdb_00008vgj_H_G
15201,5,train,0.9854233860969543,pdb_00008zre_H_L
15202,5,train,0.30865293741226196,pdb_00003fku_U1_U2
15203,5,train,0.2042028307914734,pdb_00003rif_I_O
15204,5,train,1.388571858406067,pdb_00009ma7_B_C
15205,5,train,0.9491137862205505,pdb_00007wph_H_L
15206,5,train,0.5780980587005615,pdb_00009cds_B_A
15207,5,train,0.48437124490737915,pdb_00007vad_H_L
15208,5,train,0.00667811231687665,pdb_00002exy_E_F
15209,5,train,0.020206676796078682,pdb_00007vuz_S1_S2
15210,5,train,0.43734654784202576,pdb_00009j9z_H_L
15211,5,train,0.8740321397781372,pdb_00008tnn_J_I
15212,5,train,0.009862643666565418,pdb_00007yfd_C1_C2
15213,5,train,1.284974455833435,pdb_00009rih_H_L
15214,5,train,0.5817205309867859,pdb_00008y3k_I_J
15215,5,train,0.020330382511019707,pdb_00006adc_E_F
15216,5,train,0.027019433677196503,pdb_00004fg6_C_D
15217,5,train,0.45045265555381775,pdb_00007sk4_D_C
15218,5,train,0.9491547346115112,pdb_00009e60_H_L
15219,5,train,0.008825019001960754,pdb_00009ydv_E1_E2
15220,5,train,0.007403737399727106,pdb_00001ots_C_D
15221,5,train,0.013537838123738766,pdb_00007f4h_S1_S2
15222,5,train,0.4500172734260559,pdb_00009wsx_H_L
15223,5,train,0.3488008677959442,pdb_00006xe1_H_L
15224,5,train,0.03805268555879593,pdb_00006k5f_E_F
15225,5,train,0.4620480537414551,pdb_00008y3i_I_J
15226,5,train,0.015519959852099419,pdb_00008jbf_E1_E2
15227,5,train,0.006786507088690996,pdb_00003det_C_D
15228,5,train,0.5333427786827087,pdb_00008f0h_H_L
15229,5,train,0.007228094153106213,pdb_00009vnz_E1_E2
15230,5,train,0.6876521110534668,pdb_00008w83_I_J
15231,5,train,0.060384925454854965,pdb_00003rhw_H_L
15232,5,train,0.5279674530029297,pdb_00009ban_E_F
15233,5,train,1.026126742362976,pdb_00001rzk_H_L
15234,5,train,0.003426274051889777,pdb_00003ejz_E_F
15235,5,train,0.020683590322732925,pdb_00008syp_N1_N2
15236,5,train,0.748217761516571,pdb_00007m42_D_C
15237,5,train,0.5854714512825012,pdb_00008dww_V_U
15238,5,train,0.0059380726888775826,pdb_00007tct_E_F
15239,5,train,0.00945990439504385,pdb_00009ije_D1_D2
15240,5,train,0.628985583782196,pdb_00001dee_D_C
15241,5,train,0.49508121609687805,pdb_00008zh7_H_I
15242,5,train,1.1403484344482422,pdb_00007s11_H_L
15243,5,train,0.008808990940451622,pdb_00002hlf_C_D
15244,5,train,0.004035635851323605,pdb_00007y67_S1_S2
15245,5,train,0.9166833162307739,pdb_00006dfi_H_L
15246,5,train,0.006521033588796854,pdb_00008hn8_S1_S2
15247,5,train,0.01133705209940672,pdb_00007u0j_K1_K2
15248,5,train,0.2843320965766907,pdb_00008jen_C_D
15249,5,train,0.004452334251254797,pdb_00003ze2_E_F
15250,5,train,0.8661790490150452,pdb_00006fax_H_L
15251,5,train,0.04712392017245293,pdb_00008zps_E1_E2
15252,5,train,0.04149239510297775,pdb_00009v2n_S1_S2
15253,5,train,0.022943200543522835,pdb_00008y6w_D1_D2
15254,5,train,0.024537773802876472,pdb_00009izc_S1_S2
15255,5,train,0.03492078185081482,pdb_00008j6i_H1_H2
15256,5,train,0.47132617235183716,pdb_00007srs_H_L
15257,5,train,0.6024500131607056,pdb_00009mtf_I_J
15258,5,train,0.045225340873003006,pdb_00008ihh_S1_S2
15259,5,train,0.13235382735729218,pdb_00006ad8_C_D
15260,5,train,0.023524919524788857,pdb_00008zfz_D1_D2
15261,5,train,0.21505579352378845,pdb_00001xgt_B_A
15262,5,train,0.007088260259479284,pdb_00007k5y_M2_M1
15263,5,train,0.006808001082390547,pdb_00008gcm_E1_E2
15264,5,train,1.1856791973114014,pdb_00007yvf_C_A
15265,5,train,0.8270667791366577,pdb_00009m7v_H_L
15266,5,train,0.0056690373457968235,pdb_00009u4y_S1_S2
15267,5,train,0.8248581886291504,pdb_00004nik_B1_B2
15268,5,train,0.47124183177948,pdb_00005x8l_H_M
15269,5,train,0.5019782185554504,pdb_00007yvm_C_A
15270,5,train,0.5410638451576233,pdb_00007vyt_B_C
15271,5,train,0.31822606921195984,pdb_00001dzb_B1_B2
15272,5,train,0.006167903542518616,pdb_00007l8p_E_F
15273,5,train,0.11184016615152359,pdb_00006zlr_HHH_LLL
15274,5,train,0.6307374835014343,pdb_00008ywe_B2_B1
15275,5,train,0.6061975955963135,pdb_00009os5_I_L
15276,5,train,0.06368805468082428,pdb_00002exw_E_F
15277,5,train,0.0291593037545681,pdb_00008wwk_E1_E2
15278,5,train,0.5815925598144531,pdb_00008sdh_H_L
15279,5,train,0.014228735119104385,pdb_00009pxv_E1_E2
15280,5,train,0.6565233469009399,pdb_00005xmh_D_C
15281,5,train,1.0869053602218628,pdb_00009rim_H_L
15282,5,train,0.03386291116476059,pdb_00008vrn_K_L
15283,5,train,0.5687583684921265,pdb_00004gxu_W_X
15284,5,train,0.037619754672050476,pdb_00008x8n_E1_E2
15285,5,train,0.3696852922439575,pdb_00005wk3_W_V
15286,5,train,0.7683068513870239,pdb_00007uvq_C_B
15287,5,train,0.31575465202331543,pdb_00007mjl_H_L
15288,5,train,0.8173150420188904,pdb_00006vc9_H_L
15289,5,train,0.03033539094030857,pdb_00003a6c_H_L
15290,5,train,0.2589865028858185,pdb_00009me5_I_M
15291,5,train,0.6341771483421326,pdb_00008yub_A_B
15292,5,train,0.015619106590747833,pdb_00007w40_H1_H2
15293,5,train,0.34938135743141174,pdb_00003v4p_H_L
15294,5,train,0.015201099216938019,pdb_00008ykx_E1_E2
15295,5,train,1.0619165897369385,pdb_00008dv6_C_L
15296,5,train,0.7332469820976257,pdb_00008hpu_H_L
15297,5,train,0.4949759244918823,pdb_00007rks_H_L
15298,5,train,0.7228380441665649,pdb_00008hn7_B_A
15299,5,train,1.1895267963409424,pdb_00009xth_B_C
15300,5,train,0.2545382082462311,pdb_00007kfy_H_L
15301,5,train,0.1634131371974945,pdb_00001nbz_B_A
15302,5,train,0.6571604013442993,pdb_00006wtv_B_C
15303,5,train,0.017254184931516647,pdb_00008yn8_E1_E2
15304,5,train,0.49894168972969055,pdb_00008sdf_H_L
15305,5,train,0.7432358264923096,pdb_00001yy9_D_C
15306,5,train,0.9269614219665527,pdb_00009ml8_P_Q
15307,5,train,0.022289860993623734,pdb_00007ra3_E1_E2
15308,5,train,0.010052245110273361,pdb_00009v81_E1_E2
15309,5,train,0.7144368886947632,pdb_00001nsn_H_L
15310,5,train,0.12518757581710815,pdb_00001xgu_B_A
15311,5,train,0.4907592833042145,pdb_00003rif_F_N
15312,5,train,0.002485445234924555,pdb_00007ufh_E_F
15313,5,train,0.3962404131889343,pdb_00007ubs_K1_K2
15314,5,train,0.9380212426185608,pdb_00009lsj_E1_D2
15315,5,train,0.01633455418050289,pdb_00007wz4_S1_S2
15316,5,train,0.6574319005012512,pdb_00001orq_B_A
15317,5,train,0.9358595609664917,pdb_00008tea_F_I
15318,5,train,0.02239941619336605,pdb_00008t3s_N1_N2
15319,5,train,0.540157675743103,pdb_00007xda_B_C
15320,5,train,0.6196787357330322,pdb_00006n5e_E_D
15321,5,train,0.020647764205932617,pdb_00007sqo_E1_E2
15322,5,train,0.7100022435188293,pdb_00008w5r_H_L
15323,5,train,0.6665120720863342,pdb_00006vgr_C_D
15324,5,train,0.6244049668312073,pdb_00007n0u_H_L
15325,5,train,0.9460303783416748,pdb_00006xpz_B_C
15326,5,train,0.40019872784614563,pdb_00007f6y_H_L
15327,5,train,0.47701337933540344,pdb_00006n5d_E_F
15328,5,train,0.011121991090476513,pdb_00007cmv_E1_E2
15329,5,train,0.028172139078378677,pdb_00009x3z_S1_S2
15330,5,train,1.097176194190979,pdb_00009e3k_J_K
15331,5,train,0.9883282780647278,pdb_00005dur_B_D
15332,5,train,0.014118210412561893,pdb_00008xbh_S1_S2
15333,5,train,0.6094116568565369,pdb_00007ycn_E_F
15334,5,train,0.45445746183395386,pdb_00003nh7_J_N
15335,5,train,0.48366400599479675,pdb_00004np4_H_L
15336,5,train,0.010723162442445755,pdb_00007xjj_S1_S2
15337,5,train,0.5481209754943848,pdb_00008rmy_B_C
15338,5,train,0.4984356164932251,pdb_00006rp8_H_L
15339,5,train,0.11444319039583206,pdb_00002dqd_H_L
15340,5,train,0.3688952326774597,pdb_00007s0b_C_D
15341,5,train,0.015019540674984455,pdb_00001otu_E_F
15342,5,train,0.5327491164207458,pdb_00008xsf_H_L
15343,5,train,0.006470705382525921,pdb_00007vv5_S1_S2
15344,5,train,0.7859253287315369,pdb_00008jqm_H_L
15345,5,train,0.011221038177609444,pdb_00009x20_E1_E2
15346,5,train,0.8403559923171997,pdb_00007mdj_A_B
15347,5,train,0.025404533371329308,pdb_00008i97_H1_H2
15348,5,train,0.9731137752532959,pdb_00008z39_H_L
15349,5,train,0.08280244469642639,pdb_00009nz3_F_E
15350,5,train,0.4990052878856659,pdb_00004lf3_E_D
15351,5,train,0.534729540348053,pdb_00009n7q_D_F
15352,5,train,0.8616155385971069,pdb_00008z6t_B_C
15353,5,train,0.7390881180763245,pdb_00003qwo_H_L
15354,5,train,0.6110159158706665,pdb_00007cgw_H_L
15355,5,train,0.49373412132263184,pdb_00001fj1_B_A
15356,5,train,1.6907066106796265,pdb_00005i9q_B_C
15357,5,train,0.5812413692474365,pdb_00009cfe_A_B
15358,5,train,0.7593889832496643,pdb_00007pa7_nnn2_nnn1
15359,5,train,0.8037253022193909,pdb_00009cct_C_B
15360,5,train,0.7042433619499207,pdb_00007deu_B1_B2
15361,5,train,0.01178627647459507,pdb_00009l42_E1_E2
15362,5,train,0.4569336473941803,pdb_00005kov_E1_E2
15363,5,train,0.4120081663131714,pdb_00008ut2_H_G
15364,5,train,0.622890055179596,pdb_00006gv4_H_L
15365,5,train,0.011465220712125301,pdb_00007y12_S1_S2
15366,5,train,0.008859292604029179,pdb_00007tuz_E1_E2
15367,5,train,0.6264271140098572,pdb_00009lsi_D1_C2
15368,5,train,0.08234256505966187,pdb_00008ihi_S1_S2
15369,5,train,0.00820204894989729,pdb_00009le2_S1_S2
15370,5,train,1.2468942403793335,pdb_00006q18_H_L
15371,5,train,0.9342396855354309,pdb_00008i5i_H_L
15372,5,train,1.0996390581130981,pdb_00005t5f_H_L
15373,5,train,0.45629504323005676,pdb_00009m0d_D_Q
15374,5,train,0.41417986154556274,pdb_00005bo1_H_L
15375,5,train,0.8647525906562805,pdb_00009mtl_M_N
15376,5,train,1.2553735971450806,pdb_00007ey5_B_C
15377,5,train,0.4717041552066803,pdb_00008j26_B_A
15378,5,train,1.0075440406799316,pdb_00007y6l_H_L
15379,5,train,0.5514527559280396,pdb_00007xsc_A_B
15380,5,train,0.34495097398757935,pdb_00007qnx_H_L
15381,5,train,0.7132512927055359,pdb_00003wd5_H_L
15382,5,train,0.4418168067932129,pdb_00009hh9_G_F
15383,5,train,1.0419323444366455,pdb_00001eo8_H_L
15384,5,train,0.29794055223464966,pdb_00005kov_I1_I2
15385,5,train,1.1173993349075317,pdb_00007sbd_H_L
15386,5,train,0.549055814743042,pdb_00008xsj_H_L
15387,5,train,0.19428019225597382,pdb_00003b2u_T_U
15388,5,train,0.26107096672058105,pdb_00006ba5_H_G
15389,5,train,0.9329633116722107,pdb_00009cps_H_L
15390,5,train,0.5895644426345825,pdb_00007dpm_J_K
15391,5,train,0.47280153632164,pdb_00004ttd_H_L
15392,5,train,0.02300402522087097,pdb_00002h2s_E_F
15393,5,train,0.01390171144157648,pdb_00008vy9_D1_D2
15394,5,train,0.027957050129771233,pdb_00004z7n_E_F
15395,5,train,0.028958844020962715,pdb_00006dzt_M1_M2
15396,5,train,1.1185503005981445,pdb_00009kvk_A_B
15397,5,train,0.0070207808166742325,pdb_00006pt0_E1_E2
15398,5,train,0.0290842205286026,pdb_00009plo_S1_S2
15399,5,train,0.6129172444343567,pdb_00005kvf_H_L
15400,5,train,0.4581551253795624,pdb_00007vag_H_L
15401,5,train,0.7250103950500488,pdb_00006ogx_H_L
15402,5,train,0.24879635870456696,pdb_00005kov_C1_C2
15403,5,train,0.7209832072257996,pdb_00004oii_I_M
15404,5,train,0.7429746985435486,pdb_00009lsj_D1_E2
15405,5,train,0.3917092978954315,pdb_00008wu1_H_L
15406,5,train,0.31529122591018677,pdb_00008go8_I_M
15407,5,train,0.5909547209739685,pdb_00002h9g_B_A
15408,5,train,0.29446080327033997,pdb_00008as2_H_L
15409,5,train,0.3745303750038147,pdb_00007mzk_C_D
15410,5,train,0.007655920926481485,pdb_00007ucy_E_F
15411,5,train,0.19970296323299408,pdb_00009hhr_L_H
15412,5,train,0.28797414898872375,pdb_00007ejy_H_L
15413,5,train,0.013630935922265053,pdb_00002exw_C_D
15414,5,train,0.010837028734385967,pdb_00007ubr_E_F
15415,5,train,0.6625823378562927,pdb_00009f90_A_B
15416,5,train,0.06010494753718376,pdb_00008uh3_E1_E2
15417,5,train,0.01200285367667675,pdb_00008ykd_S1_S2
15418,5,train,0.010637546889483929,pdb_00004z7o_E_F
15419,5,train,0.31002238392829895,pdb_00009cpp_H_L
15420,5,train,0.8738947510719299,pdb_00008vk1_C_B
15421,5,train,1.01089608669281,pdb_00007t4q_F_G
15422,5,train,0.45769956707954407,pdb_00009tmp_H_L
15423,5,train,0.7611697912216187,pdb_00008sit_M_N
15424,5,train,0.18281762301921844,pdb_00008elo_H_L
15425,5,train,0.36327555775642395,pdb_00008f2j_I_J
15426,5,train,0.4337905943393707,pdb_00007xeg_E_F
15427,5,train,0.011001480743288994,pdb_00008sps_N1_N2
15428,5,train,0.7877810001373291,pdb_00005d1z_B_A
15429,5,train,0.028068365529179573,pdb_00007xxh_H1_H2
15430,5,train,0.39170071482658386,pdb_00009wb3_B_C
15431,5,train,0.6993719935417175,pdb_00005wko_K_L
15432,5,train,0.6445434093475342,pdb_00007wk0_A_B
15433,5,train,0.924468457698822,pdb_00003bsz_H_L
15434,5,train,0.4944007396697998,pdb_00006ii4_H_L
15435,5,train,0.8625214695930481,pdb_00009iru_B_A
15436,5,train,0.5624619722366333,pdb_00008cz8_C2_C1
15437,5,train,0.015617990866303444,pdb_00007na8_N1_N2
15438,5,train,1.1209484338760376,pdb_00009wai_E_F
15439,5,train,0.9001502990722656,pdb_00007si0_C_D
15440,5,train,0.6081090569496155,pdb_00008dnn_B_C
15441,5,train,0.7432449460029602,pdb_00007rxj_H_L
15442,5,train,0.02136222831904888,pdb_00008iz4_E1_E2
15443,5,train,1.1730135679244995,pdb_00007rco_F_E
15444,5,train,0.7203336358070374,pdb_00007lfa_B_D
15445,5,train,0.024747978895902634,pdb_00002atk_A_B
15446,5,train,0.009776180610060692,pdb_00008y45_S1_S2
15447,5,train,0.8643128871917725,pdb_00008tp5_J_K
15448,5,train,0.6917613744735718,pdb_00008zdw_F_E
15449,5,train,1.3417390584945679,pdb_00009e89_H_L
15450,5,train,0.45897209644317627,pdb_00008xsi_H_L
15451,5,train,0.04268043488264084,pdb_00008jln_S1_S2
15452,5,train,0.27010029554367065,pdb_00008pwh_B_A
15453,5,train,0.9544142484664917,pdb_00001ztx_H_L
15454,5,train,1.249415636062622,pdb_00005anm_B_A
15455,5,train,0.03255816921591759,pdb_00007ezh_H1_H2
15456,5,train,0.022089950740337372,pdb_00006vmk_S_R
15457,5,train,0.16523684561252594,pdb_00007wnb_H_L
15458,5,train,0.08998826891183853,pdb_00006k5a_C_D
15459,5,train,0.01885177567601204,pdb_00008xjm_E1_E2
15460,5,train,0.008024356327950954,pdb_00007t6u_E1_E2
15461,5,train,0.689705491065979,pdb_00007d85_E_F
15462,5,train,0.5003775358200073,pdb_00009h4s_H_L
15463,5,train,0.8168094754219055,pdb_00006ek2_I1_I2
15464,5,train,0.7985516786575317,pdb_00006uig_H_L
15465,5,train,0.8816508054733276,pdb_00005b8c_B_A
15466,5,train,0.01832752674818039,pdb_00003hpl_A_B
15467,5,train,0.8810136914253235,pdb_00004ki5_C_D
15468,5,train,0.8248724341392517,pdb_00009cu7_J_N
15469,5,train,0.7608016729354858,pdb_00007wph_E_D
15470,5,train,0.6006072759628296,pdb_00008dn7_A_B
15471,5,train,0.522680938243866,pdb_00008jqn_H_L
15472,5,train,0.48548030853271484,pdb_00005wko_I_J
15473,5,train,0.9469959735870361,pdb_00006hga_H_L
15474,5,train,0.008609042502939701,pdb_00008j18_S1_S2
15475,5,train,0.32059434056282043,pdb_00008as0_N_M
15476,5,train,0.05657639726996422,pdb_00009vi9_S1_S2
15477,5,train,1.5486818552017212,pdb_00009n5i_H_L
15478,5,train,0.433042049407959,pdb_00009clp_H_L
15479,5,train,0.02041284739971161,pdb_00007wic_S1_S2
15480,5,train,0.6540613174438477,pdb_00008zre_h_l
15481,5,train,0.46868884563446045,pdb_00008hn6_A_B
15482,5,train,0.07515858858823776,pdb_00008vgj_J_I
15483,5,train,0.03236605226993561,pdb_00008yn4_E1_E2
15484,5,train,0.08339913934469223,pdb_00007mhr_A_B
15485,5,train,0.4863346517086029,pdb_00007jmw_H_L
15486,5,train,0.8392884731292725,pdb_00005gs0_F_E
15487,5,train,0.4289335012435913,pdb_00001z3g_H_L
15488,5,train,0.30619436502456665,pdb_00009cpr_H_L
15489,5,train,0.012642132118344307,pdb_00009oxa_D1_D2
15490,5,train,0.6191709637641907,pdb_00007w71_I_M
15491,5,train,0.2945762276649475,pdb_00008zyu_D_Q
15492,5,train,0.04616732522845268,pdb_00002fee_J_O
15493,5,train,0.5167400240898132,pdb_00009lae_A_B
15494,5,train,1.2329117059707642,pdb_00005d1z_F_E
15495,5,train,0.3199560046195984,pdb_00005wko_A_B
15496,5,train,0.6096560955047607,pdb_00009mla_H_K
15497,5,train,0.030791226774454117,pdb_00009iza_S1_S2
15498,5,train,0.013003814034163952,pdb_00009k3f_S1_S2
15499,5,train,0.27764415740966797,pdb_00001kip_B_A
15500,5,train,0.8351907730102539,pdb_00009mic_H_L
15501,5,train,0.010302544571459293,pdb_00008jz7_S1_S2
15502,5,train,0.23798197507858276,pdb_00008f2j_A_B
15503,5,train,0.7333133220672607,pdb_00006u6u_H_L
15504,5,train,0.012099659070372581,pdb_00009jh5_S1_S2
15505,5,train,0.02919924445450306,pdb_00009zqb_I2_I1
15506,5,train,0.8067083358764648,pdb_00007s0x_C_D
15507,5,train,0.5391048789024353,pdb_00007bpk_C_D
15508,5,train,0.7741901278495789,pdb_00008ee8_H_L
15509,5,train,0.7292758822441101,pdb_00006t3j_A_B
15510,5,train,0.49721458554267883,pdb_00009fys_B_C
15511,5,train,0.01114440243691206,pdb_00007t90_E1_E2
15512,5,train,1.103371262550354,pdb_00007r8u_HHH_LLL
15513,5,train,0.48527395725250244,pdb_00007lfa_H_L
15514,5,train,0.2307243049144745,pdb_00006vvu_E_F
15515,5,train,0.759367048740387,pdb_00009js7_I_L
15516,5,train,0.02688068151473999,pdb_00008hbd_H1_H2
15517,5,train,0.648596465587616,pdb_00004v1d_A_B
15518,5,train,0.015977056697010994,pdb_00009iv1_S1_S2
15519,5,train,0.5945208668708801,pdb_00009bt5_E_F
15520,5,train,0.011498716659843922,pdb_00008id4_S1_S2
15521,5,train,0.6565461754798889,pdb_00009n4e_K_M
15522,5,train,0.3309934437274933,pdb_00007zf8_H_L
15523,5,train,0.10132080316543579,pdb_00001nby_B_A
15524,5,train,0.9369326233863831,pdb_00009mth_H_L
15525,5,train,0.7588471174240112,pdb_00008uzp_A_B
15526,5,train,0.5919610261917114,pdb_00008dwy_V_U
15527,5,train,0.03710741549730301,pdb_00009m55_S1_S2
15528,5,train,1.171340823173523,pdb_00007xh8_B_C
15529,5,train,0.4096933901309967,pdb_00009iz9_S_T
15530,5,train,0.749598503112793,pdb_00006wm9_B_C
15531,5,train,0.5236285328865051,pdb_00009lho_O_N
15532,5,train,0.8924638032913208,pdb_00006ejg_D2_D1
15533,5,train,0.0113291684538126,pdb_00008xor_E1_E2
15534,5,train,0.34262147545814514,pdb_00007pry_A_B
15535,5,train,0.8712706565856934,pdb_00008p12_H_L
15536,5,train,0.8268973231315613,pdb_00009c6y_A_B
15537,5,train,0.2775082290172577,pdb_00007kfx_H_L
15538,5,train,0.5956712365150452,pdb_00007ua8_I1_I2
15539,5,train,0.14625456929206848,pdb_00005aaw_H1_H2
15540,5,train,0.03995411843061447,pdb_00006vmk_Z_Y
15541,5,train,0.8376426100730896,pdb_00006jep_K_I
15542,5,train,0.2938292920589447,pdb_00006xc4_H_L
15543,5,train,0.5479649901390076,pdb_00009os5_H_K
15544,5,train,0.45626533031463623,pdb_00008uwz_A_B
15545,5,train,0.5136081576347351,pdb_00006lhq_H_L
15546,5,train,0.13116255402565002,pdb_00003rhw_G_K
15547,5,train,1.0114589929580688,pdb_00009leo_A_B
15548,5,train,1.0126290321350098,pdb_00008tpa_I_J
15549,5,train,0.48259633779525757,pdb_00009irs_S_T
15550,5,train,0.7535015344619751,pdb_00009hi4_A_B
15551,5,train,0.40473127365112305,pdb_00008j7e_A_B
15552,5,train,0.5066139698028564,pdb_00004hg4_T_U
15553,5,train,0.635277509689331,pdb_00007m42_B_A
15554,5,train,0.03308025375008583,pdb_00006x3w_K_L
15555,5,train,0.4224105477333069,pdb_00007mzj_F_E
15556,5,train,0.013060671277344227,pdb_00006vmk_M_L
15557,5,train,0.08541152626276016,pdb_00001dqj_B_A
15558,5,train,0.7099524140357971,pdb_00007ahu_H_L
15559,5,train,0.005642828997224569,pdb_00006lfo_S1_S2
15560,5,train,0.01741883158683777,pdb_00008e9z_E1_E2
15561,5,train,0.4788047671318054,pdb_00009q7b_L_M
15562,5,train,0.5865739583969116,pdb_00006ywc_A_B
15563,5,train,0.008518739603459835,pdb_00006vmk_V_U
15564,5,train,0.5264495611190796,pdb_00008cz8_A2_A1
15565,5,train,0.9168553352355957,pdb_00009yyu_I_M
15566,5,train,0.34414175152778625,pdb_00009irs_H_L
15567,5,train,0.6569395065307617,pdb_00009dn2_J_N
15568,5,train,0.006115742959082127,pdb_00008jii_S1_S2
15569,5,train,0.028248298913240433,pdb_00008xjo_E1_E2
15570,5,train,0.011929836124181747,pdb_00007t8x_E1_E2
15571,5,train,0.334466814994812,pdb_00006z3p_H_L
15572,5,train,1.2911098003387451,pdb_00008v2e_A_B
15573,5,train,0.42661094665527344,pdb_00008dwy_Z_Y
15574,5,train,0.24669420719146729,pdb_00002x7l_G_I
15575,5,train,0.010810861364006996,pdb_00007k78_K1_K2
15576,5,train,0.054686039686203,pdb_00007trq_H1_H2
15577,5,train,0.5772707462310791,pdb_00008dwx_Z_Y
15578,5,train,0.18926355242729187,pdb_00009jy4_R_Q
15579,5,train,0.02478588931262493,pdb_00006xbm_S1_S2
15580,5,train,0.011782015673816204,pdb_00009izh_S1_S2
15581,5,train,0.012004793621599674,pdb_00008yrg_E1_E2
15582,5,train,0.03133005276322365,pdb_00008ef6_E1_E2
15583,5,train,0.7879669070243835,pdb_00009ml8_E_F
15584,5,train,0.009324418380856514,pdb_00008ubk_M2_M1
15585,5,train,0.010479315184056759,pdb_00007e9g_D1_D2
15586,5,train,0.0993470549583435,pdb_00006adb_C_D
15587,5,train,0.56972336769104,pdb_00006hxw_H_L
15588,5,train,1.5671420097351074,pdb_00008tzn_G_H
15589,5,train,0.3091163635253906,pdb_00006txz_J_N
15590,5,train,0.868263304233551,pdb_00007t3d_O_Q
15591,5,train,0.3784756362438202,pdb_00009q5v_K_J
15592,5,train,0.7838723063468933,pdb_00009e3h_H_L
15593,5,train,0.007017008028924465,pdb_00007u0i_N1_N2
15594,5,train,0.7494288682937622,pdb_00007scn_J_K
15595,5,train,0.9821375012397766,pdb_00002vxq_H_L
15596,5,train,0.7589987516403198,pdb_00006gff_L_K
15597,5,train,0.5706471800804138,pdb_00007yrf_F_E
15598,5,train,0.032322078943252563,pdb_00007x9y_S1_S2
15599,5,train,0.008794529363512993,pdb_00007u2l_E1_E2
15600,5,train,0.005113757681101561,pdb_00007u0j_N1_N2
15601,5,train,0.013971510343253613,pdb_00008xjl_E1_E2
15602,5,train,0.6222671866416931,pdb_00006ejg_C2_C1
15603,5,train,0.6052173972129822,pdb_00008y31_B_A
15604,5,train,0.7582796812057495,pdb_00007chc_A_B
15605,5,train,0.03482716158032417,pdb_00009v0x_E1_E2
15606,5,train,0.06725025922060013,pdb_00009oup_H_L
15607,5,train,0.004655822180211544,pdb_00008evg_N1_N2
15608,5,train,0.01886514201760292,pdb_00006vmk_B_A
15609,5,train,0.9876195192337036,pdb_00007q6c_H_L
15610,5,train,0.6159794330596924,pdb_00007e3o_H_L
15611,5,train,0.5482908487319946,pdb_00009rio_H_L
15612,5,train,0.9744383096694946,pdb_00006wtv_K_L
15613,5,train,0.00886710174381733,pdb_00007eo2_E1_E2
15614,5,train,0.6757908463478088,pdb_00008dcm_A_B
15615,5,train,0.39135077595710754,pdb_00008vgl_H_L
15616,5,train,0.011370488442480564,pdb_00008k4n_E1_E2
15617,5,train,0.03081754595041275,pdb_00008sid_K_L
15618,5,train,0.020806055516004562,pdb_00008id3_S1_S2
15619,5,train,0.0063559506088495255,pdb_00008e9w_E1_E2
15620,5,train,0.4967633783817291,pdb_00008y0y_E3_E2
15621,5,train,0.42537885904312134,pdb_00007zlg_H_L
15622,5,train,0.055788181722164154,pdb_00001r3k_B_A
15623,5,train,0.694705605506897,pdb_00009e3h_J_K
15624,5,train,0.00798967108130455,pdb_00008dwc_E1_E2
15625,5,train,0.46955281496047974,pdb_00009n4f_H_L
15626,5,train,0.580729067325592,pdb_00006ii9_M_N
15627,5,train,0.0053029051050543785,pdb_00008iu2_S1_S2
15628,5,train,0.9190454483032227,pdb_00008cii_A_B
15629,5,train,0.30662235617637634,pdb_00006ba5_F_E
15630,5,train,1.063492774963379,pdb_00008tfl_H_L
15631,5,train,0.007985811680555344,pdb_00008jxv_E1_E2
15632,5,train,1.205785870552063,pdb_00006mto_H_L
15633,5,train,0.38549429178237915,pdb_00001tpx_B_C
15634,5,train,0.7631350159645081,pdb_00009mkn_S_T
15635,5,train,0.029122421517968178,pdb_00007wq3_S1_S2
15636,5,train,0.004299112129956484,pdb_00004z7q_E_F
15637,5,train,0.7118090391159058,pdb_00006bpa_B_C
15638,5,train,0.15631169080734253,pdb_00007zmk_J_K
15639,5,train,0.8391784429550171,pdb_00008tbb_H_L
15640,5,train,0.513129472732544,pdb_00008w83_M_N
15641,5,train,0.014899816364049911,pdb_00008vqy_J_I
15642,5,train,0.5481029748916626,pdb_00007ycn_H_I
15643,5,train,0.3804982900619507,pdb_00003fku_Y1_Y2
15644,5,train,0.013291006907820702,pdb_00008xml_S1_S2
15645,5,train,0.2767286002635956,pdb_00009cpw_C_D
15646,5,train,0.8618663549423218,pdb_00008e8z_H_L
15647,5,train,0.040863037109375,pdb_00007jhj_D1_D2
15648,5,train,0.7028830051422119,pdb_00008vgp_H_L
15649,5,train,0.4229170083999634,pdb_00006vvu_G_I
15650,5,train,0.8546536564826965,pdb_00004lmq_E_I
15651,5,train,0.9211694598197937,pdb_00005mo9_H_L
15652,5,train,0.5220035910606384,pdb_00007sco_E_F
15653,5,train,0.7460126876831055,pdb_00008dwo_U_V
15654,5,train,0.5044382810592651,pdb_00006t3j_F_G
15655,5,train,0.02364403009414673,pdb_00008sid_J_I
15656,5,train,0.36905330419540405,pdb_00007xei_C_D
15657,5,train,0.3715798556804657,pdb_00007b3o_H_L
15658,5,train,0.7151538133621216,pdb_00007vyr_H_L
15659,5,train,0.6858810186386108,pdb_00008bg1_J_K
15660,5,train,0.0066479966044425964,pdb_00008yn7_E1_E2
15661,5,train,0.0869382992386818,pdb_00009zqc_J2_J1
15662,5,train,0.46736833453178406,pdb_00008dww_X_W
15663,5,train,1.0143067836761475,pdb_00005c0n_H_L
15664,5,train,0.3884317874908447,pdb_00006kyz_B_C
15665,5,train,0.614147961139679,pdb_00007t3d_H_L
15666,5,train,0.005503164138644934,pdb_00007u60_E_F
15667,5,train,0.6136406064033508,pdb_00009f91_A_B
15668,5,train,1.1027425527572632,pdb_00006xm2_F_E
15669,5,train,0.029691366478800774,pdb_00007xat_E1_E2
15670,5,train,0.06338371336460114,pdb_00008ubl_M2_M1
15671,5,train,0.8384013175964355,pdb_00004ogx_H_L
15672,5,train,0.48335981369018555,pdb_00007lop_X_Y
15673,5,train,0.3592034876346588,pdb_00008dwy_X_W
15674,5,train,0.6804234385490417,pdb_00009c6y_C_D
15675,5,train,0.13175541162490845,pdb_00005aam_A1_A2
15676,5,train,0.01693858578801155,pdb_00008i7v_E1_E2
15677,5,train,1.0551837682724,pdb_00007ean_H_L
15678,5,train,0.5370963215827942,pdb_00007whz_H_L
15679,5,train,0.17532289028167725,pdb_00001xgr_B_A
15680,5,train,0.18050061166286469,pdb_00002x7l_H_L
15681,5,train,1.144867181777954,pdb_00009e3l_K_L
15682,5,train,1.2965261936187744,pdb_00007uij_A_B
15683,5,train,0.6284453868865967,pdb_00008ebp_I_M
15684,5,train,0.013728153891861439,pdb_00007ew2_S1_S2
15685,5,train,0.49744296073913574,pdb_00007dk2_G_H
15686,5,train,0.9081356525421143,pdb_00009mtk_H_L
15687,5,train,0.020110784098505974,pdb_00006k41_H1_H2
15688,5,train,0.026847438886761665,pdb_00006ada_E_F
15689,5,train,0.8729225397109985,pdb_00007mzj_N_M
15690,5,train,0.1776665300130844,pdb_00008vgk_K_L
15691,5,train,0.8020058274269104,pdb_00008yx9_G_I
15692,5,train,0.7129283547401428,pdb_00003g6d_H_L
15693,5,train,0.10178771615028381,pdb_00002dqg_H_L
15694,5,train,0.011274968273937702,pdb_00008ubi_N2_N1
15695,5,train,0.018467197194695473,pdb_00008wwh_E1_E2
15696,5,train,0.01558252889662981,pdb_00008xgm_S1_S2
15697,5,train,0.5145081281661987,pdb_00005jz7_G_I
15698,5,train,0.653605580329895,pdb_00002vwe_L_J
15699,5,train,1.2091625928878784,pdb_00006ddv_B_A
15700,5,train,0.015082147903740406,pdb_00008jei_S1_S2
15701,5,train,0.2503499388694763,pdb_00007qez_E_F
15702,5,train,0.016534846276044846,pdb_00009jks_S1_S2
15703,5,train,0.7349012494087219,pdb_00004am0_C_D
15704,5,train,0.6173856258392334,pdb_00008rmx_B_C
15705,5,train,0.01365802250802517,pdb_00008dd2_K_L
15706,5,train,0.8702935576438904,pdb_00007lg6_K_N
15707,5,train,0.3913527727127075,pdb_00005jz7_C_D
15708,5,train,0.03218088671565056,pdb_00008x17_H1_H2
15709,5,train,0.7104493975639343,pdb_00009mtl_H_L
15710,5,train,1.0822330713272095,pdb_00008jeo_B_C
15711,5,train,0.2842526435852051,pdb_00008z2e_H_L
15712,5,train,0.007681268732994795,pdb_00007dfl_C1_C2
15713,5,train,0.8889936804771423,pdb_00004f3f_B_A
15714,5,train,0.6506098508834839,pdb_00007yvl_A_C
15715,5,train,0.5029549598693848,pdb_00001ors_B_A
15716,5,train,0.5244442224502563,pdb_00006n5e_H_I
15717,5,train,0.025709278881549835,pdb_00008zpt_E1_E2
15718,5,train,0.5007990598678589,pdb_00009lbs_H_L
15719,5,train,0.6341362595558167,pdb_00008zdw_L_J
15720,5,train,0.02666987106204033,pdb_00009ijd_D1_D2
15721,5,train,0.011359471827745438,pdb_00009pq0_E1_E2
15722,5,train,0.4281456172466278,pdb_00008i5l_E1_E2
15723,5,train,0.01922353357076645,pdb_00009vmo_S1_S2
15724,5,train,0.6327268481254578,pdb_00008vte_D_C
15725,5,train,0.013613381423056126,pdb_00007f9z_E1_E2
15726,5,train,0.013608584180474281,pdb_00008ykw_E1_E2
15727,5,train,0.014892514795064926,pdb_00008xbe_S1_S2
15728,5,train,0.4770423173904419,pdb_00004okv_C_D
15729,5,train,0.01472132932394743,pdb_00008y02_S1_S2
15730,5,train,0.008294501341879368,pdb_00008kfx_S1_S2
15731,5,train,0.027257436886429787,pdb_00002htl_E_F
15732,5,train,0.31997108459472656,pdb_00008dww_H_L
15733,5,train,0.6965266466140747,pdb_00002vir_B_A
15734,5,train,0.6416728496551514,pdb_00009dzg_H_L
15735,5,train,0.05844826623797417,pdb_00008vgh_J_I
15736,5,train,0.0468001589179039,pdb_00008jxw_E1_E2
15737,5,train,0.3449993431568146,pdb_00007k8m_A_B
15738,5,train,0.7739012241363525,pdb_00008suo_H_L
15739,5,train,0.009565116837620735,pdb_00003stz_A_B
15740,5,train,0.4189276099205017,pdb_00007sco_J_K
15741,5,train,0.004070077557116747,pdb_00009kvi_E1_E2
15742,5,train,0.6875318288803101,pdb_00001n5y_H_L
15743,5,train,0.017777055501937866,pdb_00007vie_E1_E2
15744,5,train,0.16391724348068237,pdb_00003b2u_Q_R
15745,5,train,0.6308698654174805,pdb_00006dkj_A_B
15746,5,train,0.4129294455051422,pdb_00007yck_E_F
15747,5,train,0.04471132159233093,pdb_00008g05_E1_E2
15748,5,train,0.007296880707144737,pdb_00008jlq_S1_S2
15749,5,train,0.1762298047542572,pdb_00007lop_B_C
15750,5,train,0.025789478793740273,pdb_00008wrb_E1_E2
15751,5,train,1.0657305717468262,pdb_00006u9s_D_E
15752,5,train,0.0055546630173921585,pdb_00009kvg_E1_E2
15753,5,train,0.029309025034308434,pdb_00008ia8_S1_S2
15754,5,train,0.005018291529268026,pdb_00003nid_E_F
15755,5,train,0.5903684496879578,pdb_00007bwj_H_L
15756,5,train,0.07665335386991501,pdb_00008zcj_E1_E2
15757,5,train,0.5642244219779968,pdb_00001jhl_H_L
15758,5,train,0.9026859998703003,pdb_00009h6u_H_L
15759,5,train,0.5438629984855652,pdb_00008znz_G_H
15760,5,train,0.8339211940765381,pdb_00006osv_H_L
15761,5,train,0.5289758443832397,pdb_00006wzl_A_B
15762,5,train,0.003395897801965475,pdb_00007td8_E_F
15763,5,train,0.016775300726294518,pdb_00009j0b_S1_S2
15764,5,train,0.8362473249435425,pdb_00008tzw_H_L
15765,5,train,0.801581621170044,pdb_00008zyf_H_D
15766,5,train,1.2589133977890015,pdb_00007m3l_B_C
15767,5,train,0.018790457397699356,pdb_00008hk3_H1_H2
15768,5,train,0.5005868673324585,pdb_00001fbi_H_L
15769,5,train,0.923599898815155,pdb_00006ml8_H_L
15770,5,train,1.0936532020568848,pdb_00006wty_H_I
15771,5,train,0.013634176924824715,pdb_00009vjg_E1_E2
15772,5,train,0.008724329061806202,pdb_00009bsb_E1_E2
15773,5,train,0.012803377583622932,pdb_00007ew7_E1_E2
15774,5,train,0.872063159942627,pdb_00009oar_H_L
15775,5,train,0.4354907274246216,pdb_00008txu_E_J
15776,5,train,0.02602662332355976,pdb_00007yon_S1_S2
15777,5,train,0.6544227600097656,pdb_00006ww5_E_F
15778,5,train,0.3914373517036438,pdb_00008vgl_E_F
15779,5,train,0.008107558824121952,pdb_00007k5x_N2_N1
15780,5,train,0.01088313851505518,pdb_00007k61_N2_N1
15781,5,train,0.005359792150557041,pdb_00009kxs_H1_H2
15782,5,train,0.0112771550193429,pdb_00008jil_S1_S2
15783,5,train,0.4960649311542511,pdb_00001hys_D_C
15784,5,train,0.49830836057662964,pdb_00001mlc_B_A
15785,5,train,0.2728004455566406,pdb_00005dhx_L2_L1
15786,5,train,0.8610791563987732,pdb_00005ggs_C_D
15787,5,train,0.407568097114563,pdb_00007wqv_F1_F2
15788,5,train,0.7775835990905762,pdb_00009oao_H_L
15789,5,train,0.45357415080070496,pdb_00009n7q_E_G
15790,5,train,0.7637326717376709,pdb_00004xhj_D_C
15791,5,train,0.6447935104370117,pdb_00002yc1_A_B
15792,5,train,0.007911664433777332,pdb_00007k5y_N2_N1
15793,5,train,0.7207236289978027,pdb_00007pa7_ddd2_ddd1
15794,5,train,0.009236587211489677,pdb_00009v6o_S1_S2
15795,5,train,0.5492773056030273,pdb_00006a3w_A_B
15796,5,train,0.5998699069023132,pdb_00007ucq_K1_K2
15797,5,train,0.009062782861292362,pdb_00008jhy_S1_S2
15798,5,train,0.009430384263396263,pdb_00002bob_A_B
15799,5,train,0.01051932293921709,pdb_00007ejx_S1_S2
15800,5,train,0.6203187108039856,pdb_00009b2m_J_K
15801,5,train,0.7287033796310425,pdb_00003wkm_H_L
15802,5,train,0.40433982014656067,pdb_00008ulf_H_L
15803,5,train,0.5220795273780823,pdb_00006wtu_E_F
15804,5,train,0.009897883981466293,pdb_00007wig_S1_S2
15805,5,train,0.7970917820930481,pdb_00009n8j_B_C
15806,5,train,1.1309889554977417,pdb_00007ezv_H_L
15807,5,train,1.1090730428695679,pdb_00004u6h_C_D
15808,5,train,0.5548192858695984,pdb_00009n8j_F_G
15809,5,train,0.44618138670921326,pdb_00002i9l_D_C
15810,5,train,0.012993919663131237,pdb_00009kpe_S1_S2
15811,5,train,0.9877504110336304,pdb_00008dv6_H_D
15812,5,train,0.012470783665776253,pdb_00006adb_E_F
15813,5,train,1.0132776498794556,pdb_00008siq_H_L
15814,5,train,0.028194908052682877,pdb_00008x16_H1_H2
15815,5,train,0.00757957249879837,pdb_00009ydu_E1_E2
15816,5,train,0.6555209159851074,pdb_00009npg_D_E
15816,5,train_epoch,0.42391698154395063,
15816,5,validation,1.0043039046453708,
15817,6,train,0.023559624329209328,pdb_00003a6c_H_L
15818,6,train,0.684789776802063,pdb_00006wm9_E_F
15819,6,train,0.7192052006721497,pdb_00007fcp_H_L
15820,6,train,0.0031217883806675673,pdb_00002vdr_H_L
15821,6,train,0.024044932797551155,pdb_00007t96_E1_E2
15822,6,train,0.0059933592565357685,pdb_00008vy9_D1_D2
15823,6,train,0.25397172570228577,pdb_00007cjf_A_B
15824,6,train,0.020775433629751205,pdb_00009l79_S1_S2
15825,6,train,0.6702781915664673,pdb_00004kxz_J_I
15826,6,train,0.009699988178908825,pdb_00008k6o_S1_S2
15827,6,train,0.796472430229187,pdb_00009ds1_H_L
15828,6,train,0.3037257790565491,pdb_00007f6y_H_L
15829,6,train,0.5136281847953796,pdb_00008hpf_M_N
15830,6,train,0.08353523910045624,pdb_00001ic4_H_L
15831,6,train,0.6144826412200928,pdb_00007mmo_A_B
15832,6,train,0.9492135643959045,pdb_00008d7e_D_E
15833,6,train,0.007985642179846764,pdb_00009izf_S1_S2
15834,6,train,0.060501981526613235,pdb_00008vgk_H_G
15835,6,train,0.4185273349285126,pdb_00005cbe_C_D
15836,6,train,0.6559213995933533,pdb_00004fp8_I_M
15837,6,train,0.00598754920065403,pdb_00009vjg_E1_E2
15838,6,train,0.4311065077781677,pdb_00005oca_H_L
15839,6,train,0.09392783790826797,pdb_00009ouq_H_L
15840,6,train,0.5332307815551758,pdb_00009lbs_D_C
15841,6,train,0.02129650115966797,pdb_00009kvh_E1_E2
15842,6,train,0.625436007976532,pdb_00003g6d_H_L
15843,6,train,0.7556844353675842,pdb_00008zre_H_L
15844,6,train,0.6904397010803223,pdb_00003qum_K_M
15845,6,train,0.013118783943355083,pdb_00008jbg_E1_E2
15846,6,train,0.5203360319137573,pdb_00008cn9_G_F
15847,6,train,0.5296655893325806,pdb_00007t3d_K_N
15848,6,train,0.8197434544563293,pdb_00006wty_H_I
15849,6,train,0.022076448425650597,pdb_00008x16_H1_H2
15850,6,train,0.02690407820045948,pdb_00007wq3_S1_S2
15851,6,train,0.007371373008936644,pdb_00007k61_N2_N1
15852,6,train,0.29401251673698425,pdb_00002i9l_D_C
15853,6,train,0.7342512011528015,pdb_00007jwg_A_B
15854,6,train,0.7026891708374023,pdb_00007wur_E_F
15855,6,train,0.008070284500718117,pdb_00007ukt_E_F
15856,6,train,0.8407717347145081,pdb_00007t4q_F_G
15857,6,train,0.7919865250587463,pdb_00004xhj_H_G
15858,6,train,0.041954293847084045,pdb_00008wwn_E1_E2
15859,6,train,0.29924359917640686,pdb_00008jen_C_D
15860,6,train,0.6211305856704712,pdb_00004hg4_P_Q
15861,6,train,0.47021162509918213,pdb_00007cho_H_L
15862,6,train,0.7924476265907288,pdb_00007shy_I_J
15863,6,train,0.4746055006980896,pdb_00007kmg_A_B
15864,6,train,0.41724881529808044,pdb_00008zh7_E_F
15865,6,train,0.009446402080357075,pdb_00009iy8_S1_S2
15866,6,train,0.010576028376817703,pdb_00007wv9_S1_S2
15867,6,train,0.025379745289683342,pdb_00007k5x_N2_N1
15868,6,train,0.008473355323076248,pdb_00007cmu_E1_E2
15869,6,train,0.009469527751207352,pdb_00009uan_E1_E2
15870,6,train,0.5844159722328186,pdb_00008hn7_D_C
15871,6,train,0.5377086400985718,pdb_00009dzf_H_L
15872,6,train,0.5253346562385559,pdb_00001za3_B_A
15873,6,train,0.1435026377439499,pdb_00005aam_A1_A2
15874,6,train,0.8333553075790405,pdb_00008tnn_H_G
15875,6,train,0.5020114183425903,pdb_00005xku_C_B
15876,6,train,0.4113612174987793,pdb_00009u5p_P_Q
15877,6,train,0.7424975037574768,pdb_00007det_D1_D2
15878,6,train,0.8371886610984802,pdb_00009azv_H_L
15879,6,train,0.8951470851898193,pdb_00009c0v_H_L
15880,6,train,0.014081447385251522,pdb_00008vy7_D1_D2
15881,6,train,1.256836175918579,pdb_00009e89_H_L
15882,6,train,0.03939370438456535,pdb_00008x8l_E1_E2
15883,6,train,0.5589368343353271,pdb_00006vja_H_L
15884,6,train,0.4043756425380707,pdb_00003fku_T1_T2
15885,6,train,0.02617810294032097,pdb_00003ze0_E_F
15886,6,train,0.3585038185119629,pdb_00008hn6_A_B
15887,6,train,0.7657498717308044,pdb_00008tp5_J_K
15888,6,train,0.4528498649597168,pdb_00007ubs_K1_K2
15889,6,train,0.3716520071029663,pdb_00007xik_H_L
15890,6,train,0.011484409682452679,pdb_00008vqy_J_I
15891,6,train,0.011923706158995628,pdb_00009b5y_N1_N2
15892,6,train,0.4607178270816803,pdb_00008oz3_H_L
15893,6,train,0.009201880544424057,pdb_00008hsc_S1_S2
15894,6,train,0.012984584085643291,pdb_00001r3k_B_A
15895,6,train,0.5613176226615906,pdb_00009mtf_M_N
15896,6,train,0.6579365134239197,pdb_00007xrz_H_L
15897,6,train,0.41668200492858887,pdb_00008jkh_H_L
15898,6,train,0.6224353313446045,pdb_00008vtd_B_A
15899,6,train,0.018862102180719376,pdb_00007ejk_H1_H2
15900,6,train,0.03783247619867325,pdb_00006vmk_K_J
15901,6,train,0.619843065738678,pdb_00008tx3_E_J
15902,6,train,0.5063725709915161,pdb_00002iff_H_L
15903,6,train,0.07618597894906998,pdb_00006adc_C_D
15904,6,train,0.2840375304222107,pdb_00006txz_H_L
15905,6,train,0.4700082838535309,pdb_00009cq4_H_L
15906,6,train,0.35128292441368103,pdb_00009ue8_E_F
15907,6,train,0.6113513708114624,pdb_00004gxu_U_V
15908,6,train,0.019800476729869843,pdb_00004z7o_E_F
15909,6,train,0.005269723944365978,pdb_00007ukp_E_F
15910,6,train,0.4766477048397064,pdb_00002jix_D_G
15911,6,train,0.6357371807098389,pdb_00009dru_H_L
15912,6,train,0.0775396004319191,pdb_00005aaw_K1_K2
15913,6,train,0.41536420583724976,pdb_00009j9z_H_L
15914,6,train,0.6909858584403992,pdb_00007fcp_B_D
15915,6,train,0.006931789219379425,pdb_00008hcq_E1_E2
15916,6,train,0.019029252231121063,pdb_00009x3z_S1_S2
15917,6,train,0.5085619688034058,pdb_00007ws2_E_D
15918,6,train,0.00647500716149807,pdb_000021ag_S1_S2
15919,6,train,0.015305964276194572,pdb_00007tpd_E_F
15920,6,train,0.03090091235935688,pdb_00009w6w_E1_E2
15921,6,train,0.010133137926459312,pdb_00008vfx_M2_M1
15922,6,train,0.0963415876030922,pdb_00001ots_C_D
15923,6,train,0.7593191266059875,pdb_00007dm2_H_L
15924,6,train,0.7077833414077759,pdb_00009ml8_P_Q
15925,6,train,0.3298289477825165,pdb_00002hmi_D_C
15926,6,train,0.010898142121732235,pdb_00007ew1_E1_E2
15927,6,train,0.14906074106693268,pdb_00008elq_H_L
15928,6,train,0.6793614625930786,pdb_00005a3i_G_H
15929,6,train,0.01698295585811138,pdb_00006e0c_N1_N2
15930,6,train,0.010496118105947971,pdb_00007xwo_E1_E2
15931,6,train,0.5131868124008179,pdb_00008ywx_E_D
15932,6,train,0.02743944525718689,pdb_00008x17_H1_H2
15933,6,train,0.012192366644740105,pdb_00007ew0_E1_E2
15934,6,train,0.8524948358535767,pdb_00007dm1_F_E
15935,6,train,0.9287485480308533,pdb_00007ean_H_L
15936,6,train,0.678770899772644,pdb_00007uvs_D_E
15937,6,train,0.016812125220894814,pdb_00006e0p_M1_M2
15938,6,train,0.5247055888175964,pdb_00002ybr_A_B
15939,6,train,0.3221936523914337,pdb_00008dww_X_W
15940,6,train,0.008779437281191349,pdb_00008jd6_D1_D2
15941,6,train,0.3487575054168701,pdb_00004okv_C_D
15942,6,train,0.7706579566001892,pdb_00009bdh_H_L
15943,6,train,0.39476436376571655,pdb_00008znz_I_J
15944,6,train,0.3138648271560669,pdb_00005w3m_E_G
15945,6,train,0.5061279535293579,pdb_00007x3c_F_E
15946,6,train,0.6051204204559326,pdb_00007uvs_A_B
15947,6,train,0.4937920868396759,pdb_00008w83_M_N
15948,6,train,0.899146318435669,pdb_00007rco_F_E
15949,6,train,0.33601608872413635,pdb_00009ue8_I_J
15950,6,train,0.00671728840097785,pdb_00007t90_E1_E2
15951,6,train,0.4203820526599884,pdb_00009b82_I_G
15952,6,train,0.7917657494544983,pdb_00008w5m_H_L
15953,6,train,0.007866927422583103,pdb_00003nid_E_F
15954,6,train,0.005811288487166166,pdb_00009ldv_S1_S2
15955,6,train,0.4510332942008972,pdb_00003s37_H_L
15956,6,train,0.6313385367393494,pdb_00007pa7_nnn2_nnn1
15957,6,train,1.0294013023376465,pdb_00007y6l_H_L
15958,6,train,0.640484631061554,pdb_00009e3h_J_K
15959,6,train,1.1479305028915405,pdb_00008tzn_G_H
15960,6,train,0.39705610275268555,pdb_00007yck_C_D
15961,6,train,0.4152933955192566,pdb_00009iz9_Q_R
15962,6,train,0.6910402774810791,pdb_00008siq_H_L
15963,6,train,0.6749322414398193,pdb_00004xnm_B_A
15964,6,train,0.4627414643764496,pdb_00009jqv_H_L
15965,6,train,0.588564395904541,pdb_00001nsn_H_L
15966,6,train,0.8162176609039307,pdb_00009ebc_G_H
15967,6,train,0.5471152663230896,pdb_00006k7o_D_E
15968,6,train,0.5737096667289734,pdb_00008tnt_E_D
15969,6,train,0.47161564230918884,pdb_00007jum_H1_H2
15970,6,train,0.06639894098043442,pdb_00006x3u_K_L
15971,6,train,0.0058795493096113205,pdb_00009ldx_S1_S2
15972,6,train,0.5535691380500793,pdb_00008xsj_H_L
15973,6,train,0.4991735816001892,pdb_00007sk7_D_C
15974,6,train,0.016446806490421295,pdb_00006os9_D1_D2
15975,6,train,0.5587012767791748,pdb_00007ucq_I1_I2
15976,6,train,0.7859643697738647,pdb_00005c0n_H_L
15977,6,train,0.013633770868182182,pdb_00008jxt_E1_E2
15978,6,train,0.028666066005825996,pdb_00008ija_S1_S2
15979,6,train,0.14031733572483063,pdb_00009nz3_D_C
15980,6,train,0.015526210889220238,pdb_00009p0l_F1_F2
15981,6,train,0.4546304941177368,pdb_00005jz7_J_K
15982,6,train,0.5565716028213501,pdb_00008g5a_I_M
15983,6,train,0.49004676938056946,pdb_00006wtu_H_I
15984,6,train,1.0867836475372314,pdb_00008tea_H_G
15985,6,train,0.6848909854888916,pdb_00007y3n_C_D
15986,6,train,0.08763253688812256,pdb_00009zq9_J2_J1
15987,6,train,0.1531020700931549,pdb_00006zh9_HHH_LLL
15988,6,train,0.011069444939494133,pdb_00008sai_S1_S2
15989,6,train,0.4462151527404785,pdb_00009mtf_I_J
15990,6,train,0.28102388978004456,pdb_00005dhx_B2_B1
15991,6,train,0.7052547335624695,pdb_00006xq4_E_F
15992,6,train,0.6478493213653564,pdb_00009jeb_A1_A2
15993,6,train,0.05588579177856445,pdb_00005aaw_F1_F2
15994,6,train,0.7610299587249756,pdb_00009yyu_J_N
15995,6,train,0.041884321719408035,pdb_00009nz5_F_E
15996,6,train,0.4368511438369751,pdb_00005wko_E_F
15997,6,train,0.49372681975364685,pdb_00009b2m_H_L
15998,6,train,0.14530543982982635,pdb_00006w0g_A_B
15999,6,train,0.38713836669921875,pdb_00006k7o_F_G
16000,6,train,1.0110646486282349,pdb_00006uyn_H_L
16001,6,train,1.1607931852340698,pdb_00008kep_H_L
16002,6,train,0.3578159213066101,pdb_00004zff_H_L
16003,6,train,0.6091687679290771,pdb_00009mtl_H_L
16004,6,train,0.4738629162311554,pdb_00006h3u_I_M
16005,6,train,0.5564128756523132,pdb_00009vfu_E_F
16006,6,train,0.20508702099323273,pdb_00009ue8_A_B
16007,6,train,0.6760662794113159,pdb_00008rrn_H_L
16008,6,train,0.23896054923534393,pdb_00008txu_F_K
16009,6,train,0.012581815011799335,pdb_00008jgf_E1_E2
16010,6,train,0.5976705551147461,pdb_00007cgw_H_L
16011,6,train,0.4919958710670471,pdb_00009h4s_H_L
16012,6,train,0.007095807231962681,pdb_00009upu_S1_S2
16013,6,train,0.09285992383956909,pdb_00006b3s_H_L
16014,6,train,0.007706525269895792,pdb_00007yk7_S1_S2
16015,6,train,0.1691761612892151,pdb_00002x7l_G_I
16016,6,train,0.06913342326879501,pdb_00009zqa_I2_I1
16017,6,train,0.6201226115226746,pdb_00009cpv_H_L
16018,6,train,0.41316860914230347,pdb_00008i5l_D1_D2
16019,6,train,0.5434142351150513,pdb_00005x8m_B_C
16020,6,train,0.12902608513832092,pdb_00003f5w_A_B
16021,6,train,0.7331846356391907,pdb_00005ggt_H_L
16022,6,train,0.5437255501747131,pdb_00008sdh_H_L
16023,6,train,0.21446593105793,pdb_00009cpr_H_L
16024,6,train,0.019659729674458504,pdb_00005aaw_D1_D2
16025,6,train,0.8887060880661011,pdb_00006ss4_HHH_LLL
16026,6,train,0.6711251139640808,pdb_00009oar_H_L
16027,6,train,0.02469899132847786,pdb_00008zjg_S1_S2
16028,6,train,0.28145453333854675,pdb_00007b3o_H_L
16029,6,train,0.01606648787856102,pdb_00008iw9_S1_S2
16030,6,train,0.8266900777816772,pdb_00008pwh_D_C
16031,6,train,0.8337336182594299,pdb_00009y0e_A_B
16032,6,train,0.019620226696133614,pdb_00007xat_E1_E2
16033,6,train,0.5722832679748535,pdb_00006ww5_E_F
16034,6,train,0.6054026484489441,pdb_00008sdf_H_L
16035,6,train,0.9474650025367737,pdb_00008jin_B2_B1
16036,6,train,0.7470202445983887,pdb_00002zcl_H_L
16037,6,train,0.008222897537052631,pdb_00008xqf_S1_S2
16038,6,train,0.00646277517080307,pdb_00007yu3_S1_S2
16039,6,train,0.5749258995056152,pdb_00009lp1_A_B
16040,6,train,0.9887527823448181,pdb_00008hgm_C_D
16041,6,train,0.21559737622737885,pdb_00009h4s_X_Y
16042,6,train,0.054605383425951004,pdb_00005aam_B1_B2
16043,6,train,0.03400913253426552,pdb_00009yda_H1_H2
16044,6,train,0.006679273210465908,pdb_00009m8k_N1_N2
16045,6,train,0.01005252543836832,pdb_00008xqp_S1_S2
16046,6,train,0.012689908966422081,pdb_00007f4f_S1_S2
16047,6,train,0.3582555055618286,pdb_00009quw_F_E
16048,6,train,0.43688055872917175,pdb_00007xj9_I_H
16049,6,train,0.147722527384758,pdb_00004tnw_U_h
16050,6,train,0.5591168999671936,pdb_00007lfa_H_L
16051,6,train,0.011284440755844116,pdb_00007t6b_E1_E2
16052,6,train,0.20332854986190796,pdb_00008cwv_H_L
16053,6,train,0.409069299697876,pdb_00008zh7_K_L
16054,6,train,0.01046501100063324,pdb_00007vla_S1_S2
16055,6,train,0.018217187374830246,pdb_00008wwj_E1_E2
16056,6,train,0.4646473228931427,pdb_00007lq7_P_Q
16057,6,train,0.007261200342327356,pdb_00008xqe_S1_S2
16058,6,train,0.4726286828517914,pdb_00008wpy_H_L
16059,6,train,0.38114920258522034,pdb_00003dvn_H_L
16060,6,train,1.327986478805542,pdb_00008ulj_H_L
16061,6,train,0.5853242874145508,pdb_00006hxw_C_D
16062,6,train,0.01138831116259098,pdb_00007y89_S1_S2
16063,6,train,0.871116042137146,pdb_00006xpz_E_F
16064,6,train,0.21662834286689758,pdb_00008i5h_B_C
16065,6,train,0.8801538944244385,pdb_00007c88_A_B
16066,6,train,0.06211000308394432,pdb_00001c08_B_A
16067,6,train,0.7015653252601624,pdb_00008gpy_E1_E2
16068,6,train,0.014566819183528423,pdb_00007vug_S1_S2
16069,6,train,0.19572867453098297,pdb_00008wnp_B_A
16070,6,train,0.6505663394927979,pdb_00007ttx_H_L
16071,6,train,0.43105292320251465,pdb_00004n90_F_G
16072,6,train,0.013127115555107594,pdb_00009ik9_E1_E2
16073,6,train,0.4267704486846924,pdb_00002vir_B_A
16074,6,train,0.6565256118774414,pdb_00008ywe_C2_C1
16075,6,train,0.7612156271934509,pdb_00006hjp_I_J
16076,6,train,0.2739359736442566,pdb_00007ch5_H_L
16077,6,train,0.3325429856777191,pdb_00008bcz_C_D
16078,6,train,0.012452543713152409,pdb_00008jii_S1_S2
16079,6,train,0.2411389946937561,pdb_00004okv_A_B
16080,6,train,0.5971604585647583,pdb_00009axl_H_L
16081,6,train,0.028177957981824875,pdb_00003det_C_D
16082,6,train,0.3929484486579895,pdb_00008bg2_C1_C2
16083,6,train,0.6903352737426758,pdb_00007l0l_H_L
16084,6,train,0.5494799017906189,pdb_00009og2_B_C
16085,6,train,0.02982860431075096,pdb_00009v1h_E1_E2
16086,6,train,0.7366793751716614,pdb_00006suz_H_L
16087,6,train,0.32002705335617065,pdb_00008qh0_H_L
16088,6,train,0.9678685069084167,pdb_00004kuc_H_D
16089,6,train,1.0243359804153442,pdb_00006q18_H_L
16090,6,train,0.2522614300251007,pdb_00007zf9_H_L
16091,6,train,0.00552183436229825,pdb_00009le0_S1_S2
16092,6,train,0.3118646740913391,pdb_00008smt_I_J
16093,6,train,0.005510959308594465,pdb_00009oxb_D1_D2
16094,6,train,0.7487688660621643,pdb_00007woc_A_B
16095,6,train,0.22573652863502502,pdb_00008f2j_D_F
16096,6,train,0.015813980251550674,pdb_00009k3l_S1_S2
16097,6,train,0.0391073152422905,pdb_00009cm7_N1_N2
16098,6,train,0.33219173550605774,pdb_00007lfa_B_D
16099,6,train,0.46725785732269287,pdb_00008sdf_B_C
16100,6,train,0.0915261059999466,pdb_00008ihf_S1_S2
16101,6,train,0.49965232610702515,pdb_00007bpk_H_L
16102,6,train,0.017638256773352623,pdb_00007w56_E1_E2
16103,6,train,0.8468489050865173,pdb_00008w86_E_F
16104,6,train,0.518994927406311,pdb_00003u30_C_B
16105,6,train,1.1713296175003052,pdb_00004hf5_H_L
16106,6,train,0.01406373642385006,pdb_00009vo0_E1_E2
16107,6,train,0.3939210772514343,pdb_00006p4b_B_A
16108,6,train,0.04922813922166824,pdb_00008wwi_E1_E2
16109,6,train,0.40013691782951355,pdb_00004hg4_L_M
16110,6,train,0.09374160319566727,pdb_00009oun_H_L
16111,6,train,0.013831456191837788,pdb_00009upv_S1_S2
16112,6,train,0.7489668130874634,pdb_00007mzj_N_M
16113,6,train,0.7458638548851013,pdb_00007v3g_I_M
16114,6,train,0.05586850270628929,pdb_00009drx_J_I
16115,6,train,0.7795615792274475,pdb_00009bdi_H_L
16116,6,train,0.007640779949724674,pdb_00002fed_E_F
16117,6,train,0.47777754068374634,pdb_00008hws_D_E
16118,6,train,0.7800657153129578,pdb_00009lsi_D1_C2
16119,6,train,0.029312895610928535,pdb_00009jkv_S1_S2
16120,6,train,0.7359539866447449,pdb_00004ogx_H_L
16121,6,train,0.1806148737668991,pdb_00009ue8_Q_R
16122,6,train,0.010025473311543465,pdb_00007t6u_E1_E2
16123,6,train,0.5083935856819153,pdb_00003vrl_E_F
16124,6,train,0.02085026353597641,pdb_00007k63_M2_M1
16125,6,train,0.011614975519478321,pdb_00002ht3_C_D
16126,6,train,0.013432315550744534,pdb_00006x3v_K_L
16127,6,train,0.010005413554608822,pdb_00007tmz_E_F
16128,6,train,0.7976134419441223,pdb_00009qt3_N_O
16129,6,train,0.5484443306922913,pdb_00006cw3_C_D
16130,6,train,0.013475537300109863,pdb_00008k2x_S1_S2
16131,6,train,0.6013391017913818,pdb_00009cps_H_L
16132,6,train,0.061401017010211945,pdb_00008vgi_J_I
16133,6,train,0.8113988041877747,pdb_00008tpa_D_E
16134,6,train,0.05613427609205246,pdb_00008zfz_D1_D2
16135,6,train,0.007235120050609112,pdb_00003zdx_E_F
16136,6,train,0.6039587259292603,pdb_00006cyf_M_L
16137,6,train,0.37285342812538147,pdb_00009iz9_S_T
16138,6,train,0.3575141429901123,pdb_00007zfe_J_K
16139,6,train,0.6046448349952698,pdb_00007y3o_H_L
16140,6,train,0.017890091985464096,pdb_00007ej0_H1_H2
16141,6,train,0.061849597841501236,pdb_00009our_J_K
16142,6,train,0.006944576743990183,pdb_00006k5i_E_F
16143,6,train,0.5242289304733276,pdb_00008tpa_H_L
16144,6,train,0.6078926920890808,pdb_00009c6y_A_B
16145,6,train,0.6999046802520752,pdb_00006xpz_B_C
16146,6,train,0.005976534448564053,pdb_00002htl_C_D
16147,6,train,0.3882804811000824,pdb_00009bao_E_F
16148,6,train,0.3664550185203552,pdb_00008tpa_I_J
16149,6,train,0.013358311727643013,pdb_00009l80_S1_S2
16150,6,train,0.00495403865352273,pdb_00007sbf_E1_E2
16151,6,train,0.5430709719657898,pdb_00002ybr_D_E
16152,6,train,0.0056959534995257854,pdb_00008k4n_E1_E2
16153,6,train,0.014861127361655235,pdb_00009m2f_S1_S2
16154,6,train,0.005219241604208946,pdb_00008gus_S1_S2
16155,6,train,0.1903848499059677,pdb_00009jy4_P_O
16156,6,train,0.18933671712875366,pdb_00002qr0_F_E
16157,6,train,0.8328588604927063,pdb_00004d9r_H_L
16158,6,train,0.05505544692277908,pdb_00002dqi_H_L
16159,6,train,0.6647235155105591,pdb_00007rk1_C1_C2
16160,6,train,0.009137678891420364,pdb_00008vvg_E1_E2
16161,6,train,0.5090119242668152,pdb_00008zd6_K_L
16162,6,train,0.980817437171936,pdb_00007cqd_H_L
16163,6,train,0.5562000274658203,pdb_00001e6j_H_L
16164,6,train,0.7046205997467041,pdb_00008dwo_U_V
16165,6,train,0.5277293920516968,pdb_00007xsc_D_H
16166,6,train,0.008215860463678837,pdb_00007t6s_E1_E2
16167,6,train,0.5886392593383789,pdb_00006wno_E_F
16168,6,train,0.208444744348526,pdb_00009bao_G_H
16169,6,train,0.14004746079444885,pdb_00005j9p_A_B
16170,6,train,0.035974904894828796,pdb_00007l1u_H1_H2
16171,6,train,0.601798951625824,pdb_00007kn3_M_N
16172,6,train,0.4236464202404022,pdb_00008dwy_Z_Y
16173,6,train,0.010667472146451473,pdb_00008id3_S1_S2
16174,6,train,0.07021326571702957,pdb_00008ihb_S1_S2
16175,6,train,0.5343359112739563,pdb_00006vmk_H_G
16176,6,train,0.39792147278785706,pdb_00008dn6_E_F
16177,6,train,0.012675974518060684,pdb_00006xox_E1_E2
16178,6,train,0.4922967553138733,pdb_00007sco_J_K
16179,6,train,0.0051618278957903385,pdb_00009u4y_S1_S2
16180,6,train,0.877663791179657,pdb_00008gb5_I_H
16181,6,train,0.004916534759104252,pdb_00008xwp_D1_D2
16182,6,train,0.836304783821106,pdb_00009leo_A_B
16183,6,train,0.5967726111412048,pdb_00005kov_U1_U2
16184,6,train,0.8295102715492249,pdb_00005ggs_A_B
16185,6,train,0.44710856676101685,pdb_00008j26_B_A
16186,6,train,0.6268634796142578,pdb_00006wtv_E_F
16187,6,train,0.1977686583995819,pdb_00007zfe_F_G
16188,6,train,0.05952835455536842,pdb_00005u6a_B_A
16189,6,train,0.025533737614750862,pdb_00007x5h_E1_E2
16190,6,train,0.7865210175514221,pdb_00006ocb_H_L
16191,6,train,0.12686285376548767,pdb_00006zlr_BBB_CCC
16192,6,train,0.010729561559855938,pdb_00007ew7_E1_E2
16193,6,train,0.02001352421939373,pdb_00007u0i_N1_N2
16194,6,train,0.03224281966686249,pdb_00006w0h_A_B
16195,6,train,0.36783531308174133,pdb_00007kmg_D_E
16196,6,train,1.4640226364135742,pdb_00005i9q_B_C
16197,6,train,0.6200982332229614,pdb_00005kvf_H_L
16198,6,train,0.06972357630729675,pdb_00007vdm_S1_S2
16199,6,train,0.4830377697944641,pdb_00009os5_G_J
16200,6,train,0.8268334269523621,pdb_00003fmg_H_L
16201,6,train,0.006806839723140001,pdb_00009b54_S1_S2
16202,6,train,0.1436631679534912,pdb_00006b3s_F_G
16203,6,train,0.42415696382522583,pdb_00009n7q_D_F
16204,6,train,1.0890450477600098,pdb_00009rir_H_L
16205,6,train,0.5091216564178467,pdb_00009lae_A_B
16206,6,train,0.8632758259773254,pdb_00007t01_H_L
16207,6,train,0.02851567231118679,pdb_00008wwm_E1_E2
16208,6,train,0.03285543993115425,pdb_00008f7q_E1_E2
16209,6,train,0.013541634194552898,pdb_00008sps_K1_K2
16210,6,train,0.7155885696411133,pdb_00007ebz_E_F
16211,6,train,0.7524051666259766,pdb_00007f3q_H_L
16212,6,train,0.01446788851171732,pdb_00009d0a_E1_E2
16213,6,train,0.01781950518488884,pdb_00007eo2_E1_E2
16214,6,train,0.3292279541492462,pdb_00008dn6_C_D
16215,6,train,0.7438066005706787,pdb_00007si0_C_D
16216,6,train,1.8053075075149536,pdb_00008cdd_E_D
16217,6,train,0.649359405040741,pdb_00009k6y_H_L
16218,6,train,0.024161286652088165,pdb_00008f7x_E1_E2
16219,6,train,0.4925961196422577,pdb_00001tzh_B_A
16220,6,train,0.4417947232723236,pdb_00008xse_H_L
16221,6,train,0.45210862159729004,pdb_00006z3q_H_L
16222,6,train,0.7738962769508362,pdb_00008i5i_H_L
16223,6,train,0.01932579278945923,pdb_00009ggg_S1_S2
16224,6,train,0.011870316229760647,pdb_00009j5v_S1_S2
16225,6,train,0.24621333181858063,pdb_00007kfv_H_L
16226,6,train,0.020496513694524765,pdb_00008sps_N1_N2
16227,6,train,0.1074114665389061,pdb_00004tnw_W_f
16228,6,train,0.2342347800731659,pdb_00009jy3_R_Q
16229,6,train,0.4190722703933716,pdb_00005kov_E1_E2
16230,6,train,0.40095818042755127,pdb_00008too_B_A
16231,6,train,0.4684523642063141,pdb_00007rxl_C_D
16232,6,train,0.5052158236503601,pdb_00006ii9_P_Q
16233,6,train,0.7554939389228821,pdb_00007m7w_H_L
16234,6,train,0.02871660515666008,pdb_00002h2s_E_F
16235,6,train,0.03040250949561596,pdb_00002vdk_H_L
16236,6,train,0.020169124007225037,pdb_00009jkt_S1_S2
16237,6,train,0.6567582488059998,pdb_00008hpf_H_L
16238,6,train,0.007609722204506397,pdb_00008hs3_S1_S2
16239,6,train,0.019828885793685913,pdb_00007wz4_S1_S2
16240,6,train,0.5876317620277405,pdb_00007cmk_H_L
16241,6,train,1.1124821901321411,pdb_00008xa4_C_D
16242,6,train,0.006642706226557493,pdb_00002vdm_H_L
16243,6,train,0.5752107501029968,pdb_00009q71_K_L
16244,6,train,0.5672792196273804,pdb_00007mzn_H_L
16245,6,train,0.009880080819129944,pdb_00006k41_H1_H2
16246,6,train,0.004696215502917767,pdb_00003nig_E_F
16247,6,train,0.01641346886754036,pdb_00007f9z_E1_E2
16248,6,train,0.009229963645339012,pdb_00006kpf_S1_S2
16249,6,train,0.38340774178504944,pdb_00008hq7_H_L
16250,6,train,0.01495047751814127,pdb_00007w57_E1_E2
16251,6,train,0.6658844351768494,pdb_00009ebc_K_L
16252,6,train,0.609092652797699,pdb_00006oc3_C_D
16253,6,train,1.4601447582244873,pdb_00001jrh_H_L
16254,6,train,0.21577954292297363,pdb_00007zmk_G_H
16255,6,train,0.4152918756008148,pdb_00006pe9_C_D
16256,6,train,0.6193913817405701,pdb_00008hrd_D_F
16257,6,train,0.6790786981582642,pdb_00007f15_B1_B2
16258,6,train,0.5579395890235901,pdb_00007l7e_M_N
16259,6,train,0.14622092247009277,pdb_00008elo_H_L
16260,6,train,0.20449233055114746,pdb_00007e32_E1_E2
16261,6,train,0.760429322719574,pdb_00009lf8_H_L
16262,6,train,0.5900602340698242,pdb_00008q6j_D_C
16263,6,train,0.9012088775634766,pdb_00009riq_H_L
16264,6,train,0.006950145121663809,pdb_00007cmv_E1_E2
16265,6,train,0.442812979221344,pdb_00007jum_J1_J2
16266,6,train,0.4000636041164398,pdb_00006cyf_U_T
16267,6,train,0.48160719871520996,pdb_00008hpu_M_N
16268,6,train,0.21229904890060425,pdb_00008f2j_H_L
16269,6,train,0.45664817094802856,pdb_00009wsx_H_L
16270,6,train,0.47032657265663147,pdb_00006ww5_C_D
16271,6,train,0.4001368284225464,pdb_00007l7e_O_P
16272,6,train,0.46530330181121826,pdb_00009ebc_I_J
16273,6,train,0.012975011952221394,pdb_00008iru_E1_E2
16274,6,train,0.5675626397132874,pdb_00003eoa_B_A
16275,6,train,0.7663429379463196,pdb_00008e8z_H_L
16276,6,train,0.7797457575798035,pdb_00004khx_H_L
16277,6,train,0.2374778538942337,pdb_00006p4a_H_L
16278,6,train,0.47107571363449097,pdb_00007k9z_H_L
16279,6,train,0.053871069103479385,pdb_00008vfx_N2_N1
16280,6,train,0.6331515312194824,pdb_00007ahu_B_A
16281,6,train,0.5928850769996643,pdb_00008a96_K_J
16282,6,train,0.3693414330482483,pdb_00008dww_H_L
16283,6,train,1.0087684392929077,pdb_00009e3k_H_L
16284,6,train,0.6963678598403931,pdb_00007djz_A_B
16285,6,train,0.7348005175590515,pdb_00008el2_H_L
16286,6,train,0.3798232972621918,pdb_00001fsk_L_K
16287,6,train,0.2353682667016983,pdb_00008f2j_I_J
16288,6,train,0.07161684334278107,pdb_00004fg6_E_F
16289,6,train,0.19440090656280518,pdb_00007zmk_M_N
16290,6,train,0.8022828698158264,pdb_00008khr_H_L
16291,6,train,1.1759957075119019,pdb_00009ma7_B_C
16292,6,train,0.42633959650993347,pdb_00001fbi_Q_P
16293,6,train,0.3627566993236542,pdb_00008zbb_H_L
16294,6,train,0.5999274849891663,pdb_00009bbn_S_T
16295,6,train,0.8237676620483398,pdb_00007zwi_E_F
16296,6,train,1.0484998226165771,pdb_00007xh8_B_C
16297,6,train,0.5842359066009521,pdb_00007x2o_H_L
16298,6,train,0.4157887101173401,pdb_00007ws7_G_F
16299,6,train,0.035391952842473984,pdb_00007xav_E1_E2
16300,6,train,0.044773802161216736,pdb_00007wic_S1_S2
16301,6,train,0.05524707958102226,pdb_00008vgh_J_I
16302,6,train,0.6428776383399963,pdb_00004ffw_D_C
16303,6,train,0.8215617537498474,pdb_00001rjl_B_A
16304,6,train,0.006008251570165157,pdb_00002hlf_C_D
16305,6,train,0.9287711977958679,pdb_00002vxq_H_L
16306,6,train,0.1962025761604309,pdb_00002x7l_J_K
16307,6,train,0.7064717411994934,pdb_00005d1z_G_H
16308,6,train,0.10610603541135788,pdb_00006b9z_B_A
16309,6,train,0.618378221988678,pdb_00009mtj_H_L
16310,6,train,0.389044851064682,pdb_00005wko_C_D
16311,6,train,0.7521384954452515,pdb_00005mo9_H_L
16312,6,train,0.5690938234329224,pdb_00008cn9_L_K
16313,6,train,0.7595635056495667,pdb_00004f3f_B_A
16314,6,train,0.0269694235175848,pdb_00008hqm_H1_H2
16315,6,train,0.013993686065077782,pdb_00008hj5_C1_C2
16316,6,train,0.6131280660629272,pdb_00007m7w_A_B
16317,6,train,0.892457902431488,pdb_00008ezl_H1_H2
16318,6,train,0.492775022983551,pdb_00008y3k_G_H
16319,6,train,0.6361526846885681,pdb_00007x6o_C_D
16320,6,train,0.00882790144532919,pdb_00008rql_S1_S2
16321,6,train,0.5550137162208557,pdb_00004qci_B_A
16322,6,train,0.1683211624622345,pdb_00006yor_B_C
16323,6,train,0.004860767628997564,pdb_00002h2p_C_D
16324,6,train,0.012132879346609116,pdb_00008e9x_E1_E2
16325,6,train,0.8197548389434814,pdb_00006jod_H_L
16326,6,train,0.04225461557507515,pdb_00008ubk_N2_N1
16327,6,train,0.011895637027919292,pdb_00008yn2_E1_E2
16328,6,train,0.010947344824671745,pdb_00007evz_E1_E2
16329,6,train,0.8676896095275879,pdb_00009mtk_I_J
16330,6,train,0.16749818623065948,pdb_00008vgk_F_E
16331,6,train,0.5266983509063721,pdb_00001tpx_B_C
16332,6,train,0.626510500907898,pdb_00006xq2_C_B
16333,6,train,0.4634835422039032,pdb_00008jkh_M_N
16334,6,train,0.8385434150695801,pdb_00008cii_A_B
16335,6,train,0.6010138392448425,pdb_00008xcd_H_L
16336,6,train,0.01207574363797903,pdb_00007k78_K1_K2
16337,6,train,0.04128636419773102,pdb_00008y71_E1_E2
16338,6,train,0.018473487347364426,pdb_00008y0n_S1_S2
16339,6,train,0.007970700971782207,pdb_00003det_E_F
16340,6,train,0.10174381732940674,pdb_00008j24_G1_G2
16341,6,train,0.018544258549809456,pdb_00008xgo_D1_D2
16342,6,train,0.005394273903220892,pdb_00002htk_E_F
16343,6,train,0.35505759716033936,pdb_00008bg4_C1_C2
16344,6,train,0.5621713399887085,pdb_00006iap_E_D
16345,6,train,0.9530913829803467,pdb_00008f6l_A_B
16346,6,train,0.02211647666990757,pdb_00008g94_E1_E2
16347,6,train,0.9191799163818359,pdb_00009mth_H_L
16348,6,train,0.35027623176574707,pdb_00009ptm_I_M
16349,6,train,0.2755451500415802,pdb_00006vmk_E_D
16350,6,train,0.42496874928474426,pdb_00008jkf_M_N
16351,6,train,0.7305419445037842,pdb_00006mlm_K_L
16352,6,train,0.6105127930641174,pdb_00007l0l_I_K
16353,6,train,0.544032633304596,pdb_00007whz_B_D
16354,6,train,0.011607605963945389,pdb_00008xbe_S1_S2
16355,6,train,0.9332072734832764,pdb_00008da1_B_A
16356,6,train,0.3555167317390442,pdb_00008caf_B_A
16357,6,train,0.6178085803985596,pdb_00006ba5_B_A
16358,6,train,0.05139978975057602,pdb_00008ijb_S1_S2
16359,6,train,1.011547565460205,pdb_00008zpq_A_B
16360,6,train,0.08248075097799301,pdb_00005aaw_B1_B2
16361,6,train,0.08427918702363968,pdb_00006x3z_K_L
16362,6,train,0.025605177506804466,pdb_00008w8r_S1_S2
16363,6,train,0.026525387540459633,pdb_00008kgg_E1_E2
16364,6,train,0.05471372976899147,pdb_00008w8b_E1_E2
16365,6,train,0.01376806478947401,pdb_00007ykd_S1_S2
16366,6,train,0.009290803223848343,pdb_00009b65_S1_S2
16367,6,train,0.06552473455667496,pdb_00009zqc_I2_I1
16368,6,train,0.0456581711769104,pdb_00008x8n_E1_E2
16369,6,train,0.5040302276611328,pdb_00004kht_H_L
16370,6,train,1.2432734966278076,pdb_00008g5b_J_N
16371,6,train,0.7565398812294006,pdb_00007x93_E_F
16372,6,train,0.02416127733886242,pdb_00008utd_D1_D2
16373,6,train,0.5051789283752441,pdb_00008tui_H_L
16374,6,train,0.7810531854629517,pdb_00009od3_H_L
16375,6,train,0.007541578728705645,pdb_00008evg_N1_N2
16376,6,train,0.009118244051933289,pdb_00008y01_S1_S2
16377,6,train,0.03202837333083153,pdb_00008j6d_H1_H2
16378,6,train,0.6558471918106079,pdb_00009oao_H_L
16379,6,train,0.01764189638197422,pdb_00008xjl_E1_E2
16380,6,train,0.012720688246190548,pdb_00008ubk_M2_M1
16381,6,train,0.6479794383049011,pdb_00009h4r_H_L
16382,6,train,0.5177162885665894,pdb_00004oii_H_L
16383,6,train,0.1666141003370285,pdb_00003rhw_G_K
16384,6,train,0.45788800716400146,pdb_00007xda_B_C
16385,6,train,0.21607708930969238,pdb_00007f6z_H_L
16386,6,train,0.026387417688965797,pdb_00008efo_E1_E2
16387,6,train,0.44366905093193054,pdb_00007yvm_C_A
16388,6,train,0.9706991910934448,pdb_00006wmw_H_L
16389,6,train,0.037237703800201416,pdb_00009izc_S1_S2
16390,6,train,0.009466334246098995,pdb_00008ia7_E1_E2
16391,6,train,0.19593508541584015,pdb_00009me5_I_M
16392,6,train,0.742784321308136,pdb_00002zck_H_L
16393,6,train,0.9531062245368958,pdb_00006jhs_E_D
16394,6,train,0.018280889838933945,pdb_00008z8a_S1_S2
16395,6,train,0.012424828484654427,pdb_00007wyb_E1_E2
16396,6,train,0.5519632697105408,pdb_00004hg4_J_K
16397,6,train,0.004332521930336952,pdb_00007ue0_E_F
16398,6,train,0.015864502638578415,pdb_00009vj5_E1_E2
16399,6,train,0.30101755261421204,pdb_00009cpu_H_L
16400,6,train,0.937186062335968,pdb_00008cz5_H_L
16401,6,train,0.004244963638484478,pdb_00007tct_H_L
16402,6,train,1.198883295059204,pdb_00004xzu_E_F
16403,6,train,0.16420012712478638,pdb_00006vvu_E_F
16404,6,train,0.512133777141571,pdb_00008cz8_C2_C1
16405,6,train,1.3056671619415283,pdb_00006xq0_B_C
16406,6,train,0.8344481587409973,pdb_00003bsz_H_L
16407,6,train,0.5467787981033325,pdb_00004gxu_S_T
16408,6,train,0.01601792685687542,pdb_00003stz_A_B
16409,6,train,0.6117514967918396,pdb_00009f91_E_F
16410,6,train,0.40198931097984314,pdb_00005nh3_I_M
16411,6,train,0.5767021775245667,pdb_00004lf3_B_A
16412,6,train,0.016581987962126732,pdb_00008xxx_S1_S2
16413,6,train,0.014590118080377579,pdb_00008dzr_E1_E2
16414,6,train,0.7686010599136353,pdb_00004nik_B1_B2
16415,6,train,0.5969687104225159,pdb_00008u44_V_X
16416,6,train,0.7567839622497559,pdb_00007dm1_D_C
16417,6,train,0.33291521668434143,pdb_00006xc4_X_Y
16418,6,train,1.0201092958450317,pdb_00008jn1_H_L
16419,6,train,0.5015549659729004,pdb_00003eo1_K_J
16420,6,train,0.01406601257622242,pdb_00008xzh_S1_S2
16421,6,train,0.35082635283470154,pdb_00004hg4_T_U
16422,6,train,0.38543373346328735,pdb_00005jz7_H_L
16423,6,train,0.5648869872093201,pdb_00002h9g_H_L
16424,6,train,0.5262303948402405,pdb_00005h35_F_G
16425,6,train,0.04707709699869156,pdb_00008vgh_F_E
16426,6,train,0.016311924904584885,pdb_00008jjp_S1_S2
16427,6,train,1.0965057611465454,pdb_00008v2e_A_B
16428,6,train,0.016697587445378304,pdb_00007xmt_S1_S2
16429,6,train,0.6585967540740967,pdb_00006wm9_B_C
16430,6,train,0.3502914011478424,pdb_00003fku_X1_X2
16431,6,train,0.3059450685977936,pdb_00008jen_G_H
16432,6,train,0.014636624604463577,pdb_00007k5y_N2_N1
16433,6,train,0.016110632568597794,pdb_00002itc_A_B
16434,6,train,0.425616592168808,pdb_00003nh7_H_L
16435,6,train,0.02958815172314644,pdb_00007e33_E1_E2
16436,6,train,0.7144639492034912,pdb_00009cu7_J_N
16437,6,train,0.006317854393273592,pdb_00007sr8_E1_E2
16438,6,train,0.10281351953744888,pdb_00004tnw_I_O
16439,6,train,0.011687478050589561,pdb_00008j6r_S1_S2
16440,6,train,0.660560667514801,pdb_00001oak_H_L
16441,6,train,0.06343477964401245,pdb_00004tnw_Y_g
16442,6,train,0.290269136428833,pdb_00001kip_B_A
16443,6,train,0.5262187719345093,pdb_00003wkm_I_M
16444,6,train,0.6440646052360535,pdb_00004ag4_H_L
16445,6,train,0.577576756477356,pdb_00007ycn_H_I
16446,6,train,0.36954382061958313,pdb_00007qnx_H_L
16447,6,train,0.9527231454849243,pdb_00007ezv_H_L
16448,6,train,0.009126082994043827,pdb_00008y6w_D1_D2
16449,6,train,0.5556536316871643,pdb_00007bwj_H_L
16450,6,train,0.48176857829093933,pdb_00007m71_H_L
16451,6,train,0.4853798449039459,pdb_00007rk1_D1_D2
16452,6,train,0.6743693947792053,pdb_00006ogx_H_L
16453,6,train,0.05462034046649933,pdb_00008tzq_E1_E2
16454,6,train,0.6291899085044861,pdb_00009me5_H_L
16455,6,train,0.2691947817802429,pdb_00007kfy_H_L
16456,6,train,0.5006128549575806,pdb_00007wrv_U_V
16457,6,train,0.41060754656791687,pdb_00003rif_F_N
16458,6,train,0.029644770547747612,pdb_000022es_E1_E2
16459,6,train,0.003100738627836108,pdb_00001ots_E_F
16460,6,train,0.33918115496635437,pdb_00009cpu_F_G
16461,6,train,0.7764702439308167,pdb_00009kvk_H_L
16462,6,train,0.863608717918396,pdb_00008gsd_H_L
16463,6,train,0.5085582733154297,pdb_00007vgr_F_E
16464,6,train,0.016537057235836983,pdb_00007dfl_C1_C2
16465,6,train,0.5530497431755066,pdb_00008dnn_E_F
16466,6,train,0.04161210358142853,pdb_00007w40_H1_H2
16467,6,train,0.04787913337349892,pdb_00008z65_S1_S2
16468,6,train,0.8173015117645264,pdb_00009kyz_A_B
16469,6,train,0.3816726803779602,pdb_00008bec_C1_C2
16470,6,train,0.5336824059486389,pdb_00008y0y_D1_D4
16471,6,train,0.615243673324585,pdb_00008sxp_H_L
16472,6,train,0.6304609179496765,pdb_00006a4k_H_L
16473,6,train,0.5187147855758667,pdb_00007ley_D_E
16474,6,train,0.0624891072511673,pdb_00009ov4_H_L
16475,6,train,0.01290579978376627,pdb_00009o36_E1_E2
16476,6,train,0.015900328755378723,pdb_00009uk2_E1_E2
16477,6,train,0.6969584226608276,pdb_00007xda_D_E
16478,6,train,0.10763315111398697,pdb_00008ihh_S1_S2
16479,6,train,0.7168838977813721,pdb_00007zfc_H_L
16480,6,train,0.36723077297210693,pdb_00008as0_T_S
16481,6,train,0.886445939540863,pdb_00009cq8_G_H
16482,6,train,0.6916694641113281,pdb_00004am0_C_D
16483,6,train,0.2842298448085785,pdb_00007zfe_M_N
16484,6,train,0.028351549059152603,pdb_00008hqe_H1_H2
16485,6,train,0.009549763984978199,pdb_00008k6m_S1_S2
16486,6,train,0.017754629254341125,pdb_00009jfy_S1_S2
16487,6,train,0.46546268463134766,pdb_00001bvk_E_D
16488,6,train,0.9651473164558411,pdb_00007yvf_C_A
16489,6,train,0.12358894944190979,pdb_00009exa_D_C
16490,6,train,0.7542009949684143,pdb_00002r29_H_L
16491,6,train,0.5553760528564453,pdb_00008wpw_C_D
16492,6,train,0.058145854622125626,pdb_00008ihj_S1_S2
16493,6,train,0.015333726070821285,pdb_00008jlk_S1_S2
16494,6,train,0.25222498178482056,pdb_00007kfv_C_D
16495,6,train,1.0583873987197876,pdb_00009xth_B_C
16496,6,train,0.30290934443473816,pdb_00005yoy_P_M
16497,6,train,0.06489329040050507,pdb_00008xxz_S1_S2
16498,6,train,0.0639353096485138,pdb_00006ad7_C_D
16499,6,train,0.03761301189661026,pdb_00003a67_H_L
16500,6,train,0.004286780022084713,pdb_00008ubl_M2_M1
16501,6,train,0.6274295449256897,pdb_00003eoa_H_L
16502,6,train,0.019398009404540062,pdb_00008ij3_S1_S2
16503,6,train,0.027243100106716156,pdb_00007sqo_E1_E2
16504,6,train,0.01834351196885109,pdb_00008xx3_S1_S2
16505,6,train,0.013086204417049885,pdb_00008zpt_E1_E2
16506,6,train,0.9303394556045532,pdb_00007yh6_H_L
16507,6,train,0.733279824256897,pdb_00003qwo_A_B
16508,6,train,0.35717514157295227,pdb_00007pry_A_B
16509,6,train,0.03723008558154106,pdb_00008j22_F1_F2
16510,6,train,0.020834369584918022,pdb_00009lr2_S1_S2
16511,6,train,0.18528075516223907,pdb_00006vmk_B_A
16512,6,train,0.4050559103488922,pdb_00008y0y_E3_E2
16513,6,train,0.01050566416233778,pdb_00008xml_S1_S2
16514,6,train,0.010518044233322144,pdb_00007ew4_S1_S2
16515,6,train,0.4615887701511383,pdb_00008hrd_Y_Z
16516,6,train,0.012465487234294415,pdb_00009jr3_S1_S2
16517,6,train,1.0688883066177368,pdb_00001osp_H_L
16518,6,train,0.10973140597343445,pdb_00007zmk_V_W
16519,6,train,0.008589670993387699,pdb_00009jh5_S1_S2
16520,6,train,1.0622458457946777,pdb_00006glx_C_D
16521,6,train,0.20010370016098022,pdb_00007kfx_H_L
16522,6,train,0.5681690573692322,pdb_00007dk2_G_H
16523,6,train,0.944300651550293,pdb_00006k65_H_L
16524,6,train,0.6390511393547058,pdb_00009kze_H_L
16525,6,train,0.3726726770401001,pdb_00009os5_I_L
16526,6,train,0.016004778444767,pdb_00008evh_N1_N2
16527,6,train,0.4792702794075012,pdb_00008rmx_B_C
16528,6,train,0.04028763994574547,pdb_00008vrn_K_L
16529,6,train,0.36245694756507874,pdb_00007sco_H_L
16530,6,train,0.02290819212794304,pdb_00007eq1_S1_S2
16531,6,train,0.18369527161121368,pdb_00006z2m_B_C
16532,6,train,0.0776064470410347,pdb_00006w0f_A_B
16533,6,train,0.39931875467300415,pdb_00007whz_H_L
16534,6,train,0.29294317960739136,pdb_00007dfa_H_L
16535,6,train,0.6754468083381653,pdb_00007yd1_A_B
16536,6,train,0.38460439443588257,pdb_00008too_G_F
16537,6,train,0.10537223517894745,pdb_00003b2u_N_O
16538,6,train,0.5387840270996094,pdb_00008yub_A_B
16539,6,train,0.5232794880867004,pdb_00007ubs_H1_H2
16540,6,train,0.5128769278526306,pdb_00001fns_H_L
16541,6,train,0.22557133436203003,pdb_00007k8m_A_B
16542,6,train,0.28599464893341064,pdb_00007c01_H_L
16543,6,train,0.35406893491744995,pdb_00002h9g_B_A
16544,6,train,0.01068144291639328,pdb_00009oxa_D1_D2
16545,6,train,0.31770560145378113,pdb_00006ban_F_E
16546,6,train,0.2935067117214203,pdb_00008wu1_H_L
16547,6,train,0.19663718342781067,pdb_00007kfw_H_L
16548,6,train,0.015089034102857113,pdb_00007vkt_E1_E2
16549,6,train,0.970182478427887,pdb_00006plk_I_M
16550,6,train,0.7988382577896118,pdb_00007z0y_H_L
16551,6,train,0.02482498623430729,pdb_00007l8p_E_F
16552,6,train,0.38588401675224304,pdb_00007rks_H_L
16553,6,train,0.6372079253196716,pdb_00007vyr_A_B
16554,6,train,0.6799654960632324,pdb_00009e3h_H_L
16555,6,train,0.02941001020371914,pdb_00002ht4_C_D
16556,6,train,1.0996437072753906,pdb_00005w08_Q_R
16557,6,train,0.02281636744737625,pdb_00008z9p_S1_S2
16558,6,train,0.3553788661956787,pdb_00008hrd_N_Q
16559,6,train,0.48673197627067566,pdb_00007l0l_G_J
16560,6,train,0.272488534450531,pdb_00008smt_D_F
16561,6,train,0.007998517714440823,pdb_00009vj6_E1_E2
16562,6,train,0.2990835905075073,pdb_00008wo4_B_A
16563,6,train,0.015458877198398113,pdb_00008yrg_E1_E2
16564,6,train,0.07176494598388672,pdb_00008dd3_K_L
16565,6,train,0.4107810854911804,pdb_00008cz8_A2_A1
16566,6,train,0.032176423817873,pdb_00008si9_J_I
16567,6,train,0.07783431559801102,pdb_00009ouo_H_L
16568,6,train,0.020764686167240143,pdb_00009jkx_S1_S2
16569,6,train,0.019235918298363686,pdb_00007jvr_E1_E2
16570,6,train,0.010148806497454643,pdb_00009wxm_D1_D2
16571,6,train,0.6779959797859192,pdb_00008dxt_H_L
16572,6,train,0.8138331174850464,pdb_00008w5n_H_L
16573,6,train,0.012176482938230038,pdb_00009le2_S1_S2
16574,6,train,0.016088994219899178,pdb_00008kfx_S1_S2
16575,6,train,0.667815089225769,pdb_00008smi_H_L
16576,6,train,0.25994932651519775,pdb_00005yoy_I_F
16577,6,train,0.7444726228713989,pdb_00007scn_H_L
16578,6,train,0.6759408712387085,pdb_00009cds_E_D
16579,6,train,0.6072533130645752,pdb_00008w83_A_B
16580,6,train,0.3171248137950897,pdb_00008dwy_H_L
16581,6,train,0.8230535387992859,pdb_00009atm_H_L
16582,6,train,0.01562446728348732,pdb_00007rkx_D1_D2
16583,6,train,0.9040853977203369,pdb_00009mtg_I_J
16584,6,train,0.013722413219511509,pdb_00007rg9_E1_E2
16585,6,train,0.39936673641204834,pdb_00008bg2_A1_A2
16586,6,train,0.6197741627693176,pdb_00007xrz_B_A
16587,6,train,0.06564418226480484,pdb_00007u9f_E_F
16588,6,train,0.014986344613134861,pdb_00004z7n_E_F
16589,6,train,0.013985315337777138,pdb_00009f34_E1_E2
16590,6,train,0.13981950283050537,pdb_00007kfw_C_D
16591,6,train,0.012233094312250614,pdb_00009cgk_E1_E2
16592,6,train,0.33798688650131226,pdb_00003nh7_J_N
16593,6,train,0.41714662313461304,pdb_00006z3p_H_L
16594,6,train,0.011232802644371986,pdb_00008ia8_S1_S2
16595,6,train,0.3971160650253296,pdb_00009l6c_D_F
16596,6,train,0.9197280406951904,pdb_00007n0a_B_A
16597,6,train,0.07520487904548645,pdb_00009zqc_J2_J1
16598,6,train,0.46128007769584656,pdb_00007u9e_B1_B2
16599,6,train,0.0334472618997097,pdb_00008wwl_E1_E2
16600,6,train,1.0118974447250366,pdb_00007uzd_H_L
16601,6,train,0.879319965839386,pdb_00006t9d_HHH_LLL
16602,6,train,0.5243898034095764,pdb_00007tn0_H_G
16603,6,train,0.07705400139093399,pdb_00002dqg_H_L
16604,6,train,0.195270836353302,pdb_00008dwy_X_W
16605,6,train,0.0076148733496665955,pdb_00009ldw_S1_S2
16606,6,train,0.016829585656523705,pdb_00009kfk_S1_S2
16607,6,train,0.3718324303627014,pdb_00007scn_E_F
16608,6,train,0.6211429238319397,pdb_00009og1_B_C
16609,6,train,1.0772215127944946,pdb_00009bhh_T_S
16610,6,train,0.03909437730908394,pdb_00002exw_C_D
16611,6,train,0.7277487516403198,pdb_00006u6u_H_L
16612,6,train,0.43654665350914,pdb_00006ktr_A_B
16613,6,train,0.5342077016830444,pdb_00007m3i_A_B
16614,6,train,0.4729918837547302,pdb_00007ycn_E_F
16615,6,train,0.948007345199585,pdb_00009ivj_H_L
16616,6,train,0.013647292740643024,pdb_00008jef_S1_S2
16617,6,train,1.2276151180267334,pdb_00009vnp_C_A
16618,6,train,0.29021918773651123,pdb_00001xgt_B_A
16619,6,train,0.8652132749557495,pdb_00006gff_N_M
16620,6,train,0.06706386804580688,pdb_00006e0c_M1_M2
16621,6,train,0.6579189300537109,pdb_00009vft_F_E
16622,6,train,0.6040223240852356,pdb_00008gv6_I_J
16623,6,train,0.5090342164039612,pdb_00007ua2_B1_B2
16624,6,train,0.38729801774024963,pdb_00007srs_H_L
16625,6,train,0.7057451605796814,pdb_00006plk_H_L
16626,6,train,0.6876094341278076,pdb_00006ek2_I1_I2
16627,6,train,0.013253362849354744,pdb_00008dwc_E1_E2
16628,6,train,0.01155470497906208,pdb_00008j19_S1_S2
16629,6,train,0.008066017180681229,pdb_00006lfm_S1_S2
16630,6,train,1.0793622732162476,pdb_00007uij_H_L
16631,6,train,0.4858657121658325,pdb_00007zfb_H_L
16632,6,train,0.0464320182800293,pdb_00007w7e_H1_H2
16633,6,train,0.8745042681694031,pdb_00007lg6_J_M
16634,6,train,0.8517882227897644,pdb_00007mxl_A_B
16635,6,train,0.028925281018018723,pdb_00009j0i_S1_S2
16636,6,train,0.4503808617591858,pdb_00005nhr_A_B
16637,6,train,0.05978502333164215,pdb_00007u0i_K1_K2
16638,6,train,0.7666507959365845,pdb_00008zyf_H_D
16639,6,train,0.02249128371477127,pdb_00002htk_C_D
16640,6,train,0.01113184355199337,pdb_00007scg_E1_E2
16641,6,train,0.5521427392959595,pdb_00008xsi_H_L
16642,6,train,0.4562907814979553,pdb_00007sk8_D_C
16643,6,train,1.1391125917434692,pdb_00005d1z_F_E
16644,6,train,0.6810940504074097,pdb_00008ol9_B_A
16645,6,train,0.5392367243766785,pdb_00008jio_C_B
16646,6,train,0.900414764881134,pdb_00007mxl_J_K
16647,6,train,0.918031632900238,pdb_00009oco_H_L
16648,6,train,0.015938449651002884,pdb_00008y62_E1_E2
16649,6,train,0.017216337844729424,pdb_00007ydh_E1_E2
16650,6,train,0.46747279167175293,pdb_00008hq7_M_N
16651,6,train,0.6323627233505249,pdb_00005x8l_G_L
16652,6,train,0.35064464807510376,pdb_00008txu_H_L
16653,6,train,0.477166086435318,pdb_00009q5v_K_J
16654,6,train,0.8043187856674194,pdb_00007upb_C_F
16655,6,train,1.1685541868209839,pdb_00008eeu_H_L
16656,6,train,0.2449524998664856,pdb_00007jum_I1_I2
16657,6,train,0.5296194553375244,pdb_00009ib1_H_L
16658,6,train,1.105197787284851,pdb_00005tfw_H_L
16659,6,train,0.5233285427093506,pdb_00007rk2_C1_C2
16660,6,train,0.36536458134651184,pdb_00009ci8_D_C
16661,6,train,0.009158741682767868,pdb_00008jim_S1_S2
16662,6,train,0.35055774450302124,pdb_00007chc_H_L
16663,6,train,0.9199464917182922,pdb_00008dv6_H_D
16664,6,train,1.0731103420257568,pdb_00009xsx_B_C
16665,6,train,0.6145749092102051,pdb_00009jeb_C1_C2
16666,6,train,0.8442746996879578,pdb_00008dv6_C_L
16667,6,train,0.746764063835144,pdb_00007x2w_H_L
16668,6,train,0.38357213139533997,pdb_00001fj1_B_A
16669,6,train,0.5996154546737671,pdb_00008u44_S_T
16670,6,train,0.4342242479324341,pdb_00001tqc_B_C
16671,6,train,0.8951297998428345,pdb_00009ma7_D_E
16672,6,train,0.014179792255163193,pdb_00008hoc_S1_S2
16673,6,train,0.8284657597541809,pdb_00008jeo_E_F
16674,6,train,0.01679765246808529,pdb_00008xyk_S1_S2
16675,6,train,0.35500070452690125,pdb_00009q71_I_J
16676,6,train,0.9835100173950195,pdb_00006bpc_B_C
16677,6,train,0.042234648019075394,pdb_00003ri5_J_M
16678,6,train,0.48843488097190857,pdb_00008wpy_C_D
16679,6,train,0.4258296489715576,pdb_00008zd5_K_L
16680,6,train,0.05816769227385521,pdb_00009ctu_F_E
16681,6,train,0.3605192303657532,pdb_00007xeg_E_F
16682,6,train,0.537580668926239,pdb_00008gv6_G_H
16683,6,train,0.052553076297044754,pdb_00003f7v_A_B
16684,6,train,0.47261032462120056,pdb_00003u30_F_E
16685,6,train,0.23923350870609283,pdb_00007lop_B_C
16686,6,train,0.6105102896690369,pdb_00008dcm_A_B
16687,6,train,0.07986921817064285,pdb_00005aaw_H1_H2
16688,6,train,1.15671706199646,pdb_00008s72_X_Y
16689,6,train,0.2890406847000122,pdb_00001kiq_B_A
16690,6,train,0.8819782137870789,pdb_00009oi3_I_J
16691,6,train,0.8560308814048767,pdb_00007uvq_D_E
16692,6,train,0.5341434478759766,pdb_00009mtf_H_L
16693,6,train,0.7256724238395691,pdb_00008jin_P2_P1
16694,6,train,0.3199959397315979,pdb_00009l6c_H_L
16695,6,train,0.0133246760815382,pdb_00009kfj_S1_S2
16696,6,train,0.35924193263053894,pdb_00002eiz_B_A
16697,6,train,0.013439573347568512,pdb_00008tb0_F1_F2
16698,6,train,0.9595573544502258,pdb_00008tnt_G_F
16699,6,train,0.013643353246152401,pdb_00008jbf_E1_E2
16700,6,train,0.01840563677251339,pdb_00002ht2_E_F
16701,6,train,0.008638959378004074,pdb_00003ejz_E_F
16702,6,train,0.012623189017176628,pdb_00009jky_S1_S2
16703,6,train,0.5790467858314514,pdb_00007wk0_D_E
16704,6,train,0.9196602702140808,pdb_00008w0y_A_B
16705,6,train,0.6708481311798096,pdb_00004gxu_Q_R
16706,6,train,0.011471962556242943,pdb_00007ew2_S1_S2
16707,6,train,0.01595201902091503,pdb_00007euo_S1_S2
16708,6,train,0.7846627831459045,pdb_00009mtg_H_L
16709,6,train,0.7848623991012573,pdb_00009lsj_D1_E2
16710,6,train,0.12966690957546234,pdb_00009oup_H_L
16711,6,train,1.0866703987121582,pdb_00009e3l_G_H
16712,6,train,0.008748140186071396,pdb_00009kvi_E1_E2
16713,6,train,0.052475303411483765,pdb_00008j20_B1_B2
16714,6,train,0.46221768856048584,pdb_00009pw4_C_D
16715,6,train,0.5846536755561829,pdb_00008gs9_H_K
16716,6,train,0.00845638569444418,pdb_00007d77_S1_S2
16717,6,train,0.37133458256721497,pdb_00007l7e_C_D
16718,6,train,0.5256055593490601,pdb_00007eam_H_L
16719,6,train,0.8650938868522644,pdb_00006ogx_C_D
16720,6,train,0.8615438938140869,pdb_00007sbd_H_L
16721,6,train,0.47999000549316406,pdb_00008y3k_I_J
16722,6,train,0.34330928325653076,pdb_00001fsk_I_H
16723,6,train,0.08338578790426254,pdb_00004tnw_J_M
16724,6,train,0.9228655099868774,pdb_00006aru_C_B
16725,6,train,0.7101572155952454,pdb_00001yy9_D_C
16726,6,train,0.08473213016986847,pdb_00009vnz_E1_E2
16727,6,train,0.06443435698747635,pdb_00007y24_S1_S2
16728,6,train,0.689095675945282,pdb_00006d0u_K_L
16729,6,train,0.540429949760437,pdb_00006n5e_E_D
16730,6,train,0.5679799318313599,pdb_00009b82_H_L
16731,6,train,0.031654730439186096,pdb_00003fb7_A_B
16732,6,train,0.25811585783958435,pdb_00009jy4_R_Q
16733,6,train,0.8341842889785767,pdb_00009shd_H_L
16734,6,train,0.00754449050873518,pdb_00008ykx_E1_E2
16735,6,train,0.02608010731637478,pdb_00007dw9_S1_S2
16736,6,train,0.18705083429813385,pdb_00001nby_B_A
16737,6,train,0.3201361894607544,pdb_00008hws_H_L
16738,6,train,0.534645676612854,pdb_00004np4_H_L
16739,6,train,0.2670115530490875,pdb_00002qr0_B_A
16740,6,train,0.00905988272279501,pdb_00003ejy_C_D
16741,6,train,0.028495969250798225,pdb_00008ef5_E1_E2
16742,6,train,0.41141894459724426,pdb_00007yck_E_F
16743,6,train,0.6034419536590576,pdb_00007bbj_H_L
16744,6,train,0.5659059882164001,pdb_00008y3i_I_J
16745,6,train,0.264634370803833,pdb_00006xc4_H_L
16746,6,train,0.03810961917042732,pdb_00007w6p_H1_H2
16747,6,train,0.007032408844679594,pdb_00008yyx_A1_A2
16748,6,train,0.10120335221290588,pdb_00007vgs_F_E
16749,6,train,0.02119464799761772,pdb_00007u0g_O1_O2
16750,6,train,0.17516088485717773,pdb_00006vmk_V_U
16751,6,train,0.4903579354286194,pdb_00007zlg_H_L
16752,6,train,0.681340754032135,pdb_00008erq_H_L
16753,6,train,0.6141125559806824,pdb_00008g5a_H_L
16754,6,train,1.0387495756149292,pdb_00007unb_H_L
16755,6,train,0.38843587040901184,pdb_00009hh9_I_H
16756,6,train,0.8183857798576355,pdb_00008v52_D_C
16757,6,train,1.0356287956237793,pdb_00009l8z_C_B
16758,6,train,0.474805623292923,pdb_00009irs_S_T
16759,6,train,0.02629983238875866,pdb_00009izd_S1_S2
16760,6,train,0.3127637207508087,pdb_00008vgl_H_L
16761,6,train,0.4103083908557892,pdb_00009wb3_B_C
16762,6,train,0.09985282272100449,pdb_00002qr0_L_K
16763,6,train,0.10314202308654785,pdb_00006bae_B_A
16764,6,train,0.010173825547099113,pdb_00003fb8_A_B
16765,6,train,0.7989677786827087,pdb_00005vqm_D_C
16766,6,train,0.7375184297561646,pdb_00008kdt_H_L
16767,6,train,0.2700747847557068,pdb_00009ue8_M_N
16768,6,train,0.6898751258850098,pdb_00008gsc_H_L
16769,6,train,0.6379416584968567,pdb_00006bpa_B_C
16770,6,train,0.9516047835350037,pdb_00001ztx_H_L
16771,6,train,0.3633226752281189,pdb_00007mzk_F_E
16772,6,train,0.01263136975467205,pdb_00009ego_S1_S2
16773,6,train,0.0966671034693718,pdb_00004tnw_X_i
16774,6,train,0.026979830116033554,pdb_00006x3v_J_I
16775,6,train,1.2645246982574463,pdb_00006mtq_H_L
16776,6,train,0.3840682804584503,pdb_00008ulf_K_O
16777,6,train,0.5648815035820007,pdb_00008f0h_H_L
16778,6,train,0.011097369715571404,pdb_00008hnk_S1_S2
16779,6,train,0.011385028250515461,pdb_00007w2z_S1_S2
16780,6,train,0.00698642386123538,pdb_00008dk5_K1_K2
16781,6,train,0.4990062117576599,pdb_00009mqa_I_M
16782,6,train,0.045592375099658966,pdb_00002qr0_H_G
16783,6,train,0.35112038254737854,pdb_00008jkf_h_l
16784,6,train,0.5347380042076111,pdb_00006wtu_B_C
16785,6,train,0.4534861743450165,pdb_00007wqv_P1_P2
16786,6,train,0.09644617885351181,pdb_00001xgq_B_A
16787,6,train,0.7156252264976501,pdb_00008u4q_H_L
16788,6,train,0.06711599975824356,pdb_00006vmk_r_q
16789,6,train,0.537590742111206,pdb_00007ahu_H_L
16790,6,train,1.1221239566802979,pdb_00001rzk_H_L
16791,6,train,0.5992872714996338,pdb_00008z6x_B_C
16792,6,train,0.725840151309967,pdb_00008bg1_G_H
16793,6,train,1.0976043939590454,pdb_00009wai_E_F
16794,6,train,0.005687149241566658,pdb_00006adb_E_F
16795,6,train,0.9416896104812622,pdb_00008fdo_A_B
16796,6,train,0.409122109413147,pdb_00005x8l_S_N
16797,6,train,0.018473107367753983,pdb_00009ejc_D1_D2
16798,6,train,0.005839502438902855,pdb_00008gag_S1_S2
16799,6,train,0.010157469660043716,pdb_00008ubi_M2_M1
16800,6,train,0.006168758496642113,pdb_00008yyw_B1_B2
16801,6,train,0.08825360238552094,pdb_00004tnw_V_Z
16802,6,train,0.3426206707954407,pdb_00007nx8_H_L
16803,6,train,0.010583452880382538,pdb_00007t94_E1_E2
16804,6,train,0.014869027771055698,pdb_00007yj4_S1_S2
16805,6,train,0.005437077023088932,pdb_00008dzp_E1_E2
16806,6,train,0.6543885469436646,pdb_00008oxx_B_C
16807,6,train,0.006212911102920771,pdb_00007t10_S1_S2
16808,6,train,0.6319064497947693,pdb_00009bt5_C_D
16809,6,train,1.1032004356384277,pdb_00003lzf_H_L
16810,6,train,1.098943829536438,pdb_00006ddv_B_A
16811,6,train,0.806355893611908,pdb_00007tbf_H_L
16812,6,train,0.7416386604309082,pdb_00007qnx_A_B
16813,6,train,0.7985057234764099,pdb_00008p12_H_L
16814,6,train,0.06307046115398407,pdb_00007xk2_S1_S2
16815,6,train,0.006486127618700266,pdb_00002r9h_E_F
16816,6,train,1.0477802753448486,pdb_00004fqj_H_L
16817,6,train,0.5313573479652405,pdb_00006n5d_C_D
16818,6,train,0.3858832120895386,pdb_00007zfb_J_K
16819,6,train,0.7092235088348389,pdb_00007uzc_E_F
16820,6,train,0.5845574140548706,pdb_00007y6k_E1_E2
16821,6,train,0.00392174394801259,pdb_00007na8_N1_N2
16822,6,train,0.27421972155570984,pdb_00008wpw_H_L
16823,6,train,0.4524226784706116,pdb_00007sco_E_F
16824,6,train,0.03356475383043289,pdb_00009oum_H_L
16825,6,train,0.013629057444632053,pdb_00007tuz_E1_E2
16826,6,train,0.04206343740224838,pdb_00007p00_H1_H2
16827,6,train,0.30405470728874207,pdb_00007f7h_A_B
16828,6,train,0.43600401282310486,pdb_00003eo1_B_A
16829,6,train,0.004948799032717943,pdb_00008spu_K1_K2
16830,6,train,0.8314849734306335,pdb_00007t82_D_C
16831,6,train,0.6878355145454407,pdb_00008z6t_B_C
16832,6,train,0.010325579904019833,pdb_00007ys6_E1_E2
16833,6,train,0.575939416885376,pdb_00009mtg_M_N
16834,6,train,0.017167987301945686,pdb_00008k4s_D1_D2
16835,6,train,0.003096147207543254,pdb_00002fed_C_D
16836,6,train,0.6344372630119324,pdb_00008v5v_c_e
16837,6,train,0.09009583294391632,pdb_00006x3s_K_L
16838,6,train,1.0080552101135254,pdb_00006wqo_E_F
16839,6,train,0.41718819737434387,pdb_00005wko_K_L
16840,6,train,0.021523280069231987,pdb_00007rkm_D1_D2
16841,6,train,0.00511345686390996,pdb_00008syp_M1_M2
16842,6,train,0.009116207249462605,pdb_00008j1a_S1_S2
16843,6,train,0.013474762439727783,pdb_00009jmc_E1_E2
16844,6,train,0.01048651710152626,pdb_00006lfo_S1_S2
16845,6,train,0.00633596396073699,pdb_00003zdz_E_F
16846,6,train,0.3269929587841034,pdb_00006ba5_D_C
16847,6,train,0.03529808297753334,pdb_00007xms_S1_S2
16848,6,train,0.01579170860350132,pdb_00001ott_E_F
16849,6,train,0.03379790857434273,pdb_00008i9s_H1_H2
16850,6,train,0.8315786123275757,pdb_00001adq_H_L
16851,6,train,0.6316248178482056,pdb_00006gv4_H_L
16852,6,train,0.547768235206604,pdb_00002vis_B_A
16853,6,train,0.013664646074175835,pdb_00009jr2_S1_S2
16854,6,train,0.7089069485664368,pdb_00006woz_B_C
16855,6,train,0.009796892292797565,pdb_00007w53_E1_E2
16856,6,train,0.14574293792247772,pdb_00006yz7_HHH_LLL
16857,6,train,0.5961018800735474,pdb_00003wd5_H_L
16858,6,train,0.018204733729362488,pdb_00008xqo_S1_S2
16859,6,train,0.44319361448287964,pdb_00009oj4_B_A
16860,6,train,0.6290330290794373,pdb_00007dpm_D_E
16861,6,train,0.014988123439252377,pdb_00008ubj_M2_M1
16862,6,train,0.5215997695922852,pdb_00009ctw_F_E
16863,6,train,0.029972953721880913,pdb_00002vdp_H_L
16864,6,train,0.7455033659934998,pdb_00009leo_C_D
16865,6,train,0.4016653299331665,pdb_00004hg4_N_O
16866,6,train,0.03720734640955925,pdb_00008t3o_N1_N2
16867,6,train,0.05680015683174133,pdb_00006vmk_P_O
16868,6,train,0.7311086058616638,pdb_00006wtv_K_L
16869,6,train,0.018119337037205696,pdb_00008yh3_S1_S2
16870,6,train,0.8517499566078186,pdb_00002oz4_H_L
16871,6,train,0.009106102399528027,pdb_00009iv1_S1_S2
16872,6,train,0.3520309031009674,pdb_00009qub_F_E
16873,6,train,0.02860402502119541,pdb_00008efl_E1_E2
16874,6,train,0.006319933105260134,pdb_00007exd_E1_E2
16875,6,train,0.4664763808250427,pdb_00009n4f_O_P
16876,6,train,0.009692477062344551,pdb_00008xzj_S1_S2
16877,6,train,0.23170457780361176,pdb_00008ulf_J_N
16878,6,train,0.025374913588166237,pdb_00009axf_H1_H2
16879,6,train,0.6539759039878845,pdb_00007tbf_D_E
16880,6,train,0.024508854374289513,pdb_00008j6l_H1_H2
16881,6,train,0.2788987159729004,pdb_00009hhr_L_H
16882,6,train,0.5195988416671753,pdb_00007mem_H_L
16883,6,train,0.33941197395324707,pdb_00007sts_A_B
16884,6,train,0.005598250310868025,pdb_00007s8m_E1_E2
16885,6,train,0.023905908688902855,pdb_00009u4w_S1_S2
16886,6,train,0.707173764705658,pdb_00009cu7_I_M
16887,6,train,1.1940017938613892,pdb_00007n4j_H_L
16888,6,train,0.7163687348365784,pdb_00009npg_K_J
16889,6,train,0.801759660243988,pdb_00007whz_C_E
16890,6,train,1.100348711013794,pdb_00006wex_H_L
16891,6,train,0.020619792863726616,pdb_00008sid_K_L
16892,6,train,0.8792902827262878,pdb_00007t0w_H_L
16893,6,train,1.147755742073059,pdb_00008w5h_H_L
16894,6,train,0.011592736467719078,pdb_00008xor_E1_E2
16895,6,train,0.005528935696929693,pdb_00007db6_E1_E2
16896,6,train,0.30794090032577515,pdb_00008jkf_m_n
16897,6,train,0.01665642112493515,pdb_00008hcx_E1_E2
16898,6,train,0.01521298661828041,pdb_00007ezm_H1_H2
16899,6,train,0.2855863869190216,pdb_00007x2k_H_L
16900,6,train,0.7852712869644165,pdb_00007q6c_H_L
16901,6,train,0.0321061871945858,pdb_00009k27_D1_D2
16902,6,train,0.08438587933778763,pdb_00004tnw_G_K
16903,6,train,0.9895693063735962,pdb_00009vca_H_L
16904,6,train,0.2271159440279007,pdb_00006ban_D_C
16905,6,train,0.029374532401561737,pdb_00008z8b_S1_S2
16906,6,train,0.41988635063171387,pdb_00008j7e_C_D
16907,6,train,0.6682575345039368,pdb_00009oap_H_L
16908,6,train,0.8076550960540771,pdb_00004u6h_A_B
16909,6,train,0.6602315902709961,pdb_00004al8_H_L
16910,6,train,0.20674514770507812,pdb_00001ic7_H_L
16911,6,train,0.8377131819725037,pdb_00008tbq_A_B
16912,6,train,0.706584095954895,pdb_00004v1d_D_E
16913,6,train,0.040715452283620834,pdb_00008ihi_S1_S2
16914,6,train,0.5126684308052063,pdb_00006ywc_A_B
16915,6,train,0.28501540422439575,pdb_00008jel_A_B
16916,6,train,0.39786970615386963,pdb_00007xj9_G_F
16917,6,train,0.01876692846417427,pdb_00009kug_H1_H2
16918,6,train,0.9701164960861206,pdb_00005lsp_H_L
16919,6,train,0.5255786776542664,pdb_00008w84_A_B
16920,6,train,0.7795529365539551,pdb_00009yyu_I_M
16921,6,train,0.14454247057437897,pdb_00006k5a_C_D
16922,6,train,0.822152316570282,pdb_00007yrh_F_E
16923,6,train,0.4733971357345581,pdb_00009fys_B_C
16924,6,train,1.0321518182754517,pdb_00004ubd_G_H
16925,6,train,0.05016240105032921,pdb_00002exy_E_F
16926,6,train,0.009994556196033955,pdb_00009iqt_E1_E2
16927,6,train,0.013137715868651867,pdb_00008k3z_S1_S2
16928,6,train,0.33210691809654236,pdb_00001xiw_D_C
16929,6,train,0.6966702342033386,pdb_00009mla_I_L
16930,6,train,0.023814573884010315,pdb_00008xjn_E1_E2
16931,6,train,0.00914502702653408,pdb_00008x2k_E1_E2
16932,6,train,1.1859873533248901,pdb_00007m3l_B_C
16933,6,train,0.3910790979862213,pdb_00007ubs_J1_J2
16934,6,train,0.03168093040585518,pdb_00003ejz_C_D
16935,6,train,0.533586323261261,pdb_00008eqf_H_L
16936,6,train,0.011586529202759266,pdb_00009vi9_S1_S2
16937,6,train,0.5426493883132935,pdb_00004v1d_A_B
16938,6,train,0.8839001655578613,pdb_00007kq7_H_L
16939,6,train,0.6935534477233887,pdb_00008f6x_E1_E2
16940,6,train,0.7315523624420166,pdb_00006uig_B_C
16941,6,train,0.005939924158155918,pdb_00008syp_N1_N2
16942,6,train,0.3229209780693054,pdb_00008zd5_B_C
16943,6,train,0.01079490315169096,pdb_00006dzt_N1_N2
16944,6,train,0.41643813252449036,pdb_00003klh_D_C
16945,6,train,1.7976603507995605,pdb_00008edf_H_L
16946,6,train,0.01338692381978035,pdb_00008iz4_E1_E2
16947,6,train,0.014108901843428612,pdb_00007rbt_E1_E2
16948,6,train,0.7410213947296143,pdb_00009f90_A_B
16949,6,train,0.9287832379341125,pdb_00008w5r_H_L
16950,6,train,0.015468006953597069,pdb_00007vuy_S1_S2
16951,6,train,0.788235604763031,pdb_00006hga_H_L
16952,6,train,0.651141345500946,pdb_00006a4k_I_M
16953,6,train,0.06166495382785797,pdb_00007vgs_D_C
16954,6,train,0.43587741255760193,pdb_00009cq4_C_D
16955,6,train,0.3451401889324188,pdb_00007mzh_B_C
16956,6,train,0.01339822169393301,pdb_00008xjk_E1_E2
16957,6,train,0.6442420482635498,pdb_00009mtl_I_J
16958,6,train,0.6236399412155151,pdb_00007f0x_B1_B2
16959,6,train,0.6152769327163696,pdb_00005vqm_H_L
16960,6,train,0.37530046701431274,pdb_00007pry_F_G
16961,6,train,0.013072711415588856,pdb_00008h0q_E1_E2
16962,6,train,0.3104650378227234,pdb_00001t03_H_L
16963,6,train,0.008641181513667107,pdb_00006x3t_K_L
16964,6,train,0.6401645541191101,pdb_00009cff_H_L
16965,6,train,0.019629640504717827,pdb_00008xos_E1_E2
16966,6,train,0.03903701901435852,pdb_00008uwl_E1_E2
16967,6,train,0.3369680941104889,pdb_00008bcz_E_F
16968,6,train,0.010381076484918594,pdb_00008guq_S1_S2
16969,6,train,0.4065278172492981,pdb_00009iz9_M_N
16970,6,train,0.14606039226055145,pdb_00002dqe_H_L
16971,6,train,0.5851588249206543,pdb_00004dkf_I_M
16972,6,train,0.007410427089780569,pdb_00009jmd_E1_E2
16973,6,train,0.022629279643297195,pdb_00009nz4_D_C
16974,6,train,0.00931793823838234,pdb_00008yn5_E1_E2
16975,6,train,1.428694248199463,pdb_00005dfw_H1_H2
16976,6,train,0.47312894463539124,pdb_00006n5d_E_F
16977,6,train,0.008996794000267982,pdb_00007trs_H1_H2
16978,6,train,0.05036317929625511,pdb_00008j6p_S1_S2
16979,6,train,0.042260486632585526,pdb_00006k5a_E_F
16980,6,train,0.4611918032169342,pdb_00007rks_I_M
16981,6,train,0.009140935726463795,pdb_00007wz7_C1_C2
16982,6,train,0.012883107177913189,pdb_00008jso_S1_S2
16983,6,train,0.24596038460731506,pdb_00001n5y_H_L
16984,6,train,0.7922452092170715,pdb_00004lmq_E_I
16985,6,train,0.014760670252144337,pdb_00009m8l_N1_N2
16986,6,train,0.7672608494758606,pdb_00006osv_H_L
16987,6,train,0.44279423356056213,pdb_00005kov_K1_K2
16988,6,train,0.011196665465831757,pdb_00009ydv_E1_E2
16989,6,train,1.1597660779953003,pdb_00006cvk_A2_A1
16990,6,train,0.009999021887779236,pdb_00003ejy_E_F
16991,6,train,0.2799726724624634,pdb_00007xei_E_F
16992,6,train,0.6934219002723694,pdb_00008uzp_A_B
16993,6,train,0.46349236369132996,pdb_00007wvd_G_H
16994,6,train,0.39594173431396484,pdb_00005x8l_H_M
16995,6,train,0.7748362421989441,pdb_00007t3d_H_L
16996,6,train,0.6074475646018982,pdb_00007m42_D_C
16997,6,train,0.23853611946105957,pdb_00001dzb_A1_A2
16998,6,train,0.2991255223751068,pdb_00007x1m_H_L
16999,6,train,0.024972710758447647,pdb_00002h2s_C_D
17000,6,train,0.37306511402130127,pdb_00007mzk_C_D
17001,6,train,0.4450712502002716,pdb_00008jel_F_G
17002,6,train,0.7715631723403931,pdb_00009mic_H_L
17003,6,train,0.44087105989456177,pdb_00004np4_I_M
17004,6,train,0.6394564509391785,pdb_00007ttm_H_L
17005,6,train,0.008708667010068893,pdb_00009k6l_S1_S2
17006,6,train,0.024739012122154236,pdb_00007wig_S1_S2
17007,6,train,0.6352659463882446,pdb_00003c09_H_L
17008,6,train,0.8225575685501099,pdb_00008xe9_A_B
17009,6,train,0.7744191884994507,pdb_00009h6u_H_L
17010,6,train,1.106119990348816,pdb_00009kve_D_F
17011,6,train,0.5675196647644043,pdb_00006wzl_A_B
17012,6,train,0.4802633225917816,pdb_00007xsc_A_B
17013,6,train,0.20277993381023407,pdb_00007mhr_A_B
17014,6,train,0.009871086105704308,pdb_00008j18_S1_S2
17015,6,train,0.5901507139205933,pdb_00009npg_A_B
17016,6,train,0.40429791808128357,pdb_00003v4v_M_N
17017,6,train,0.6380956768989563,pdb_00009p1m_F_E
17018,6,train,0.3661476671695709,pdb_00007wbz_H_L
17019,6,train,0.029898235574364662,pdb_00008wrb_E1_E2
17020,6,train,0.030938057228922844,pdb_00006x40_J_I
17021,6,train,0.6272799968719482,pdb_00007t0w_O_P
17022,6,train,0.7285775542259216,pdb_00004ki5_C_D
17023,6,train,0.5168963670730591,pdb_00009npg_G_H
17024,6,train,0.5062192678451538,pdb_00004am0_H_L
17025,6,train,0.008020338602364063,pdb_00007qvm_S1_S2
17026,6,train,0.9764093160629272,pdb_00007y0w_A_B
17027,6,train,0.00989263504743576,pdb_00009ik8_E1_E2
17028,6,train,0.013103215023875237,pdb_00008gcm_E1_E2
17029,6,train,0.5030030012130737,pdb_00004odx_H_B
17030,6,train,0.5625674724578857,pdb_00007e3o_H_L
17031,6,train,0.5741334557533264,pdb_00007dpm_J_K
17032,6,train,0.5047038197517395,pdb_00007vyt_B_C
17033,6,train,0.034678369760513306,pdb_00005u5f_B_A
17034,6,train,0.713413655757904,pdb_00008dwo_H_L
17035,6,train,0.007922269403934479,pdb_00009x20_E1_E2
17036,6,train,0.8177262544631958,pdb_00005c0n_C_D
17037,6,train,0.007753612939268351,pdb_00006wwz_S1_S2
17038,6,train,0.6128818988800049,pdb_00006woz_E_F
17039,6,train,0.2768312096595764,pdb_00008f2j_A_B
17040,6,train,0.1306118220090866,pdb_00001ic5_H_L
17041,6,train,0.00865540187805891,pdb_00008e9z_E1_E2
17042,6,train,0.22529847919940948,pdb_00008jen_E_F
17043,6,train,1.1863391399383545,pdb_00003h3b_C2_C1
17044,6,train,0.5176076889038086,pdb_00005jz7_C_D
17045,6,train,0.32313284277915955,pdb_00007ejy_H_L
17046,6,train,0.0374850332736969,pdb_00009jed_S1_S2
17047,6,train,0.6429701447486877,pdb_00009ima_C_D
17048,6,train,0.4244219958782196,pdb_00007lop_H_L
17049,6,train,0.004321835469454527,pdb_00007k63_N2_N1
17050,6,train,0.006745665799826384,pdb_00008vqy_K_L
17051,6,train,0.9234629273414612,pdb_00006xm2_F_E
17052,6,train,0.009038211777806282,pdb_00009vo1_E1_E2
17053,6,train,0.006902474444359541,pdb_00009vnf_E1_E2
17054,6,train,0.7919951677322388,pdb_00007b0b_H_L
17055,6,train,0.9567404389381409,pdb_00004lvh_H_I
17056,6,train,0.7343809604644775,pdb_00009mtm_M_N
17057,6,train,0.9021445512771606,pdb_00005e94_D_C
17058,6,train,0.3371950685977936,pdb_00007zf9_A_B
17059,6,train,0.6642191410064697,pdb_00006h3u_H_L
17060,6,train,0.21064065396785736,pdb_00009jy1_R_Q
17061,6,train,0.013164188712835312,pdb_00008xzf_S1_S2
17062,6,train,0.011316552758216858,pdb_00006x3x_J_I
17063,6,train,0.009826208464801311,pdb_00008z3m_S1_S2
17064,6,train,0.8007500171661377,pdb_00008ee8_D_C
17065,6,train,0.4353908598423004,pdb_00005wk3_W_V
17066,6,train,0.011183305643498898,pdb_00003t3m_E_F
17067,6,train,0.14321304857730865,pdb_00002x7l_H_L
17068,6,train,0.22525295615196228,pdb_00008ulf_I_M
17069,6,train,0.011368545703589916,pdb_00007wy0_C1_C2
17070,6,train,0.009704934433102608,pdb_00007eo4_E1_E2
17071,6,train,0.10214316099882126,pdb_00008zbe_E1_E2
17072,6,train,1.2618111371994019,pdb_00003mj9_H_L
17073,6,train,0.1428638994693756,pdb_00008jen_A_B
17074,6,train,0.4709550738334656,pdb_00007wk0_A_B
17075,6,train,0.45163533091545105,pdb_00006wzj_A_B
17076,6,train,0.4977360963821411,pdb_00009lrh_H_L
17077,6,train,0.5226649641990662,pdb_00009cn2_B1_B2
17078,6,train,0.08791347593069077,pdb_00006k5d_C_D
17079,6,train,0.6593261361122131,pdb_00009mif_H_L
17080,6,train,0.5531966686248779,pdb_00002fjh_H_L
17081,6,train,0.014538810588419437,pdb_00007kh0_S1_S2
17082,6,train,0.8130061626434326,pdb_00007wcr_a_b
17083,6,train,0.4979054927825928,pdb_00007dk2_A_B
17084,6,train,0.03087994083762169,pdb_00009nz5_B_C
17085,6,train,0.014784984290599823,pdb_00009p0m_F1_F2
17086,6,train,0.007915416732430458,pdb_00007ydj_E1_E2
17087,6,train,0.006178953219205141,pdb_00008xjm_E1_E2
17088,6,train,0.300704687833786,pdb_00009me7_I_M
17089,6,train,0.7902804017066956,pdb_00009mq9_J_N
17090,6,train,0.013488792814314365,pdb_00008kfy_S1_S2
17091,6,train,0.3070225417613983,pdb_00004tsc_H_L
17092,6,train,0.5996089577674866,pdb_00009bt5_E_F
17093,6,train,0.03324525058269501,pdb_00007xau_E1_E2
17094,6,train,0.6277849674224854,pdb_00009eti_H_L
17095,6,train,0.40577515959739685,pdb_00006ii8_G_I
17096,6,train,0.3984130918979645,pdb_00009mtm_I_J
17097,6,train,0.8578024506568909,pdb_00008cxg_h_l
17098,6,train,0.020458023995161057,pdb_00008i97_H1_H2
17099,6,train,0.2662999629974365,pdb_00008too_H_E
17100,6,train,0.0382729098200798,pdb_00009ov4_J_K
17101,6,train,0.12313613295555115,pdb_00009me4_I_M
17102,6,train,0.9586688876152039,pdb_00006s3d_H_L
17103,6,train,1.0293492078781128,pdb_00009n5z_A_B
17104,6,train,0.7196046710014343,pdb_00007lg6_C_D
17105,6,train,0.015108425170183182,pdb_00008g05_E1_E2
17106,6,train,0.01862080954015255,pdb_00007xxh_H1_H2
17107,6,train,0.7253801822662354,pdb_00007uvq_C_B
17108,6,train,0.25299444794654846,pdb_000011oo_H_L
17109,6,train,0.01299569196999073,pdb_00007jhj_D1_D2
17110,6,train,0.5781638622283936,pdb_00007n0u_H_L
17111,6,train,0.836094319820404,pdb_00008tp5_H_L
17112,6,train,0.020006118342280388,pdb_00009ydu_E1_E2
17113,6,train,0.02079244703054428,pdb_00007t6v_E1_E2
17114,6,train,0.03633623570203781,pdb_00002h2p_E_F
17115,6,train,0.4374556243419647,pdb_00007vgr_D_C
17116,6,train,0.3923523426055908,pdb_00008vgm_E_F
17117,6,train,0.01403736975044012,pdb_00007vgy_E1_E2
17118,6,train,0.4572063684463501,pdb_00008zh7_H_I
17119,6,train,0.2181941270828247,pdb_00007kfw_F_G
17120,6,train,0.539527952671051,pdb_00003v6z_A_B
17121,6,train,0.6910476684570312,pdb_00008zdw_U_R
17122,6,train,0.9688681364059448,pdb_00003o2d_H_L
17123,6,train,0.1240575835108757,pdb_00001uac_H_L
17124,6,train,0.010682393796741962,pdb_00009clw_N1_N2
17125,6,train,0.25842270255088806,pdb_00009mtm_H_L
17126,6,train,0.7603368163108826,pdb_00007k9z_B_A
17127,6,train,0.8345246911048889,pdb_00008ygs_H_L
17128,6,train,0.4693366289138794,pdb_00008g5a_J_N
17129,6,train,0.16697269678115845,pdb_00003hfm_H_L
17130,6,train,0.6487133502960205,pdb_00002ybr_G_H
17131,6,train,0.042634010314941406,pdb_00006vmk_c_b
17132,6,train,0.028884688392281532,pdb_00002dqj_H_L
17133,6,train,0.011222224682569504,pdb_00007yon_S1_S2
17134,6,train,0.012281784787774086,pdb_00008jil_S1_S2
17135,6,train,0.5825014114379883,pdb_00009cu7_H_L
17136,6,train,0.6947637796401978,pdb_00009bdi_C_D
17137,6,train,0.7781195640563965,pdb_00008eoo_F_K
17138,6,train,0.04113434627652168,pdb_00007w3z_H1_H2
17139,6,train,0.007611161097884178,pdb_00009vmo_S1_S2
17140,6,train,0.595068097114563,pdb_00009n8j_F_G
17141,6,train,1.6417614221572876,pdb_00008c7h_L_K
17142,6,train,0.21449241042137146,pdb_00001fsk_F_E
17143,6,train,0.0073006367310881615,pdb_00007k78_L1_L2
17144,6,train,0.0059121353551745415,pdb_00002vc2_H_L
17145,6,train,0.5056366324424744,pdb_00007lg6_K_N
17146,6,train,0.7028959393501282,pdb_00007qny_A_B
17147,6,train,0.14262185990810394,pdb_00006yor_H_L
17148,6,train,0.9506222009658813,pdb_00006wds_H_L
17149,6,train,0.2481580376625061,pdb_00006xe1_H_L
17150,6,train,1.0971132516860962,pdb_00009y41_H_L
17151,6,train,0.012532804161310196,pdb_00007yoo_S1_S2
17152,6,train,0.5344308614730835,pdb_00008u4s_F_E
17153,6,train,0.561946451663971,pdb_00006pi7_F_E
17154,6,train,0.5296756029129028,pdb_00009mtl_M_N
17155,6,train,0.6966754198074341,pdb_00009og2_D_E
17156,6,train,0.24507959187030792,pdb_00009jy3_P_O
17157,6,train,0.2968498170375824,pdb_00002yss_B_A
17158,6,train,0.896848201751709,pdb_00008tfl_H_L
17159,6,train,0.7554329037666321,pdb_00007shy_K_L
17160,6,train,0.39772137999534607,pdb_00003eo1_E_D
17161,6,train,0.027368782088160515,pdb_00008h8j_H1_H2
17162,6,train,0.8271850943565369,pdb_00006xy2_H_L
17163,6,train,0.4408736526966095,pdb_00004h88_H_L
17164,6,train,0.009347605518996716,pdb_00006oij_H1_H2
17165,6,train,0.3579425513744354,pdb_00007pqy_B_C
17166,6,train,0.007173851132392883,pdb_00007u0g_N1_N2
17167,6,train,0.0823771059513092,pdb_00009kt7_E1_E2
17168,6,train,0.5431575179100037,pdb_00005w0k_E_F
17169,6,train,0.7749612927436829,pdb_00007pa7_ooo2_ooo1
17170,6,train,0.7547518610954285,pdb_00008gy5_H_L
17171,6,train,0.018625814467668533,pdb_00009zqb_I2_I1
17172,6,train,0.5233377814292908,pdb_00004gxu_O_P
17173,6,train,0.04736623540520668,pdb_00001j1x_H_L
17174,6,train,0.3976042568683624,pdb_00008go8_H_L
17175,6,train,0.010747324675321579,pdb_00008h0p_E1_E2
17176,6,train,1.1311088800430298,pdb_00002r56_H_L
17177,6,train,0.33810141682624817,pdb_00001xgu_B_A
17178,6,train,0.005884935148060322,pdb_00008x9t_S1_S2
17179,6,train,0.028212783858180046,pdb_00003nig_H_L
17180,6,train,0.748342752456665,pdb_00007rxj_A_B
17181,6,train,0.04341748356819153,pdb_00006vmk_i_h
17182,6,train,0.7034949660301208,pdb_00009dn2_H_L
17183,6,train,0.009502495639026165,pdb_00007vif_E1_E2
17184,6,train,0.005018011201173067,pdb_00007s8p_E1_E2
17185,6,train,0.0165068618953228,pdb_00009vjf_E1_E2
17186,6,train,0.43377232551574707,pdb_00008w83_E_F
17187,6,train,0.5752401351928711,pdb_00007scn_J_K
17188,6,train,0.741021990776062,pdb_00004lvh_E_F
17189,6,train,0.024014603346586227,pdb_00002ht4_E_F
17190,6,train,0.0042328317649662495,pdb_00001otu_C_D
17191,6,train,0.006421518977731466,pdb_00007x10_E1_E2
17192,6,train,0.07090193033218384,pdb_00008vgk_J_I
17193,6,train,0.6526899933815002,pdb_00006o1f_H_L
17194,6,train,0.7072235345840454,pdb_00009kve_E_G
17195,6,train,0.5589113235473633,pdb_00006xq2_F_E
17196,6,train,0.8169351816177368,pdb_00004kuc_F_E
17197,6,train,0.8821443915367126,pdb_00007uxl_A_B
17198,6,train,0.4959944486618042,pdb_00004n90_D_E
17199,6,train,0.761842668056488,pdb_00006wtv_H_I
17200,6,train,0.40852850675582886,pdb_00005bo1_H_L
17201,6,train,0.6439579129219055,pdb_00009jbq_A_B
17202,6,train,0.9007965922355652,pdb_00009t5z_H_L
17203,6,train,0.0029443649109452963,pdb_00006k5f_E_F
17204,6,train,0.03760065138339996,pdb_00008hvi_H1_H2
17205,6,train,0.44718363881111145,pdb_00001tzh_H_L
17206,6,train,0.8633670210838318,pdb_00006gv1_H_L
17207,6,train,0.010188285261392593,pdb_00009ite_E1_E2
17208,6,train,0.18950769305229187,pdb_00001vfb_B_A
17209,6,train,0.008634032681584358,pdb_00003hpl_A_B
17210,6,train,0.02906160242855549,pdb_00002hjf_A_B
17211,6,train,0.6831610798835754,pdb_00008dis_H_L
17212,6,train,0.981652557849884,pdb_00008kdr_H_L
17213,6,train,0.09700814634561539,pdb_00005aaw_A1_A2
17214,6,train,0.6263850331306458,pdb_00007yrf_F_E
17215,6,train,0.4265640676021576,pdb_00001fdl_H_L
17216,6,train,0.6119706034660339,pdb_00008v5v_f_g
17217,6,train,0.982899010181427,pdb_00008bcz_A_B
17218,6,train,0.877485990524292,pdb_00007tp3_H_L
17219,6,train,0.9762160181999207,pdb_00008bbo_H_L
17220,6,train,0.6549094319343567,pdb_00006vgr_C_D
17221,6,train,0.010902130044996738,pdb_00007vgx_S1_S2
17222,6,train,0.6168977618217468,pdb_00007mkm_H_L
17223,6,train,0.006516573019325733,pdb_00007vih_E1_E2
17224,6,train,0.022216860204935074,pdb_00008yna_E1_E2
17225,6,train,0.8043135404586792,pdb_00005b8c_B_A
17226,6,train,0.4362771809101105,pdb_00009os5_H_K
17227,6,train,0.3921123445034027,pdb_00005dhy_H_L
17228,6,train,0.016815582290291786,pdb_00006dzt_M1_M2
17229,6,train,0.02059921622276306,pdb_00008yn9_E1_E2
17230,6,train,0.04091319814324379,pdb_00006vmk_l_k
17231,6,train,0.8371084928512573,pdb_00009mkn_O_P
17232,6,train,0.6056180596351624,pdb_00007rku_J_K
17233,6,train,0.009454278275370598,pdb_00008si9_K_L
17234,6,train,0.20234458148479462,pdb_00003b2u_J_K
17235,6,train,0.014440148137509823,pdb_00008xqs_S1_S2
17236,6,train,0.5065174698829651,pdb_00007jmw_H_L
17237,6,train,0.8118464350700378,pdb_00006d0u_E_F
17238,6,train,0.8970100283622742,pdb_00008e8s_H_L
17239,6,train,0.3556796908378601,pdb_00007nx7_H_L
17240,6,train,0.022478114813566208,pdb_00002vdo_H_L
17241,6,train,0.40081167221069336,pdb_00005dhy_A_B
17242,6,train,0.4887782037258148,pdb_00007keo_E_F
17243,6,train,0.8688458204269409,pdb_00009jub_B_C
17244,6,train,0.148443341255188,pdb_00001dqj_B_A
17245,6,train,0.0319979228079319,pdb_00009m0r_S1_S2
17246,6,train,0.5754441022872925,pdb_00005ugy_J_N
17247,6,train,0.012591826729476452,pdb_00006vmk_u_t
17248,6,train,0.16298870742321014,pdb_000011oq_H_L
17249,6,train,0.3867662250995636,pdb_00007mzj_F_E
17250,6,train,0.5067216753959656,pdb_00007mem_G_J
17251,6,train,0.4713897705078125,pdb_00006lhq_H_L
17252,6,train,0.19309619069099426,pdb_00006w41_H_L
17253,6,train,0.26146751642227173,pdb_00006txz_I_M
17254,6,train,0.7461963891983032,pdb_00008w85_A_B
17255,6,train,0.1462654173374176,pdb_00007qez_E_F
17256,6,train,0.010760660283267498,pdb_00009l42_E1_E2
17257,6,train,0.5731009244918823,pdb_00006ml8_H_L
17258,6,train,0.8476384878158569,pdb_00008cbf_H_L
17259,6,train,0.02391926385462284,pdb_00006xbk_S1_S2
17260,6,train,0.045942287892103195,pdb_00008vgi_H_G
17261,6,train,0.41224026679992676,pdb_00007rxl_H_L
17262,6,train,0.10040061175823212,pdb_00007cvt_C_D
17263,6,train,0.7150058150291443,pdb_00004xhj_D_C
17264,6,train,0.009304925799369812,pdb_00008zqe_S1_S2
17265,6,train,0.5304704308509827,pdb_00008dn7_A_B
17266,6,train,0.19135543704032898,pdb_00009jy2_B_A
17267,6,train,0.018479786813259125,pdb_00008xgs_D1_D2
17268,6,train,0.743120014667511,pdb_00003bn9_F_E
17269,6,train,0.6477150321006775,pdb_00007zfb_A_B
17270,6,train,0.014659547246992588,pdb_00008dd3_J_I
17271,6,train,0.5379109978675842,pdb_00007lq7_F_G
17272,6,train,0.0211276113986969,pdb_00007yk6_S1_S2
17273,6,train,0.022163432091474533,pdb_00008sg1_E1_E2
17274,6,train,0.7410308718681335,pdb_00003bsz_N_M
17275,6,train,0.017871731892228127,pdb_00008hbd_H1_H2
17276,6,train,0.4802526831626892,pdb_00007m7b_H_L
17277,6,train,0.5049110651016235,pdb_00008ut2_J_I
17278,6,train,0.41609540581703186,pdb_00001j5o_H_L
17279,6,train,0.019588090479373932,pdb_00009iyb_E1_E2
17280,6,train,0.46603915095329285,pdb_00007bnv_H_L
17281,6,train,0.4695573151111603,pdb_00007zfb_C_D
17282,6,train,0.8382736444473267,pdb_00009cci_B_C
17283,6,train,0.139878511428833,pdb_00002dqf_B_A
17284,6,train,0.5791427493095398,pdb_00004oii_I_M
17285,6,train,0.4464901387691498,pdb_00008we4_H_L
17286,6,train,1.0652481317520142,pdb_00009rik_H_L
17287,6,train,0.6181362271308899,pdb_00004yk4_C_B
17288,6,train,0.6292994022369385,pdb_00008y31_B_A
17289,6,train,0.38308969140052795,pdb_00009m0d_D_Q
17290,6,train,0.014000387862324715,pdb_00008f7r_E1_E2
17291,6,train,0.007781644351780415,pdb_00007ubr_E_F
17292,6,train,0.5261044502258301,pdb_00001fbi_H_L
17293,6,train,0.02232704870402813,pdb_00008xx6_S1_S2
17294,6,train,0.38644105195999146,pdb_00002vit_B_A
17295,6,train,0.008006462827324867,pdb_00007k5x_M2_M1
17296,6,train,0.873516857624054,pdb_00008jeo_B_C
17297,6,train,0.06401262432336807,pdb_00008vgh_H_G
17298,6,train,0.7707900404930115,pdb_00004hjj_H2_L2
17299,6,train,0.6824756264686584,pdb_00009cct_C_B
17300,6,train,0.4932686388492584,pdb_00009q7b_J_K
17301,6,train,0.3924826681613922,pdb_00001tzi_B_A
17302,6,train,1.1562551259994507,pdb_00001iqd_B_A
17303,6,train,0.6110854744911194,pdb_00008suo_H_L
17304,6,train,0.272827684879303,pdb_00007mjl_H_L
17305,6,train,0.4369262754917145,pdb_00005w3o_D_E
17306,6,train,0.8747861385345459,pdb_00007l5j_W_L
17307,6,train,0.4486384689807892,pdb_00009rio_H_L
17308,6,train,0.598457932472229,pdb_00009cfg_H_L
17309,6,train,0.02938723750412464,pdb_00007yfc_C1_C2
17310,6,train,0.7977425456047058,pdb_00006jep_K_I
17311,6,train,0.0031816926784813404,pdb_00007uje_E_F
17312,6,train,0.35204997658729553,pdb_00003v4v_H_L
17313,6,train,0.4901926815509796,pdb_00005w0k_H_L
17314,6,train,0.01584336720407009,pdb_00007rgp_E1_E2
17315,6,train,0.017217444255948067,pdb_00008yn8_E1_E2
17316,6,train,0.37190964818000793,pdb_00007wwk_I_H
17317,6,train,0.39237257838249207,pdb_00008vgm_H_L
17318,6,train,0.6979081630706787,pdb_00009js7_J_M
17319,6,train,0.5026360750198364,pdb_00008oz3_A_B
17320,6,train,0.6433938145637512,pdb_00007pry_H_L
17321,6,train,0.023501811549067497,pdb_00009plo_S1_S2
17322,6,train,0.18276599049568176,pdb_00007zmk_B_C
17323,6,train,0.12516705691814423,pdb_00009zqa_J2_J1
17324,6,train,0.2721359133720398,pdb_00007m6d_A_B
17325,6,train,0.8188690543174744,pdb_00004u6h_C_D
17326,6,train,0.7649450302124023,pdb_00008e8y_H_L
17327,6,train,0.3588063418865204,pdb_00006d0u_H_I
17328,6,train,0.7391922473907471,pdb_00002bdn_H_L
17329,6,train,0.012074163183569908,pdb_00008xxv_E1_E2
17330,6,train,0.5755020976066589,pdb_00008vte_D_C
17331,6,train,0.3489840626716614,pdb_00009iz9_O_P
17332,6,train,0.5345653295516968,pdb_00008h7z_F_I
17333,6,train,0.4307655692100525,pdb_00008hpu_H_L
17334,6,train,0.763164222240448,pdb_00006fax_H_L
17335,6,train,1.0754377841949463,pdb_00005ug0_D_C
17336,6,train,0.627420961856842,pdb_00008zdw_L_J
17337,6,train,0.03326716274023056,pdb_00006adc_E_F
17338,6,train,0.8087414503097534,pdb_00007xj9_K_J
17339,6,train,0.769443690776825,pdb_00007bsc_H_L
17340,6,train,0.5012255311012268,pdb_00009js7_I_L
17341,6,train,0.012729080393910408,pdb_00008vve_E1_E2
17342,6,train,0.36981722712516785,pdb_00007wqv_F1_F2
17343,6,train,0.10590199381113052,pdb_00003b2v_H_L
17344,6,train,0.5029183030128479,pdb_00004ttd_H_L
17345,6,train,0.011187806725502014,pdb_00007vv3_S1_S2
17346,6,train,0.08888132125139236,pdb_00006vmk_o_n
17347,6,train,0.5898633003234863,pdb_00008dwx_Z_Y
17348,6,train,0.7134497165679932,pdb_00004xzu_A_B
17349,6,train,0.7055072784423828,pdb_00008f6x_D1_D2
17350,6,train,0.015400110743939877,pdb_00008i7v_E1_E2
17351,6,train,0.015862004831433296,pdb_00009lrs_E1_E2
17352,6,train,0.5152598023414612,pdb_00007dpm_A_B
17353,6,train,0.48980581760406494,pdb_00006vja_I_M
17354,6,train,0.2918996512889862,pdb_00009wsv_H_L
17355,6,train,0.9564304947853088,pdb_00008hrd_L_M
17356,6,train,0.8870516419410706,pdb_00007wph_H_L
17357,6,train,0.011016841977834702,pdb_00009k3h_S1_S2
17358,6,train,0.061578135937452316,pdb_00006z2m_H_L
17359,6,train,0.01314360648393631,pdb_00008gut_S1_S2
17360,6,train,1.0163466930389404,pdb_00001g9n_H_L
17361,6,train,0.4797353744506836,pdb_00007m6d_H_L
17362,6,train,0.8182871341705322,pdb_00003lh2_K_O
17363,6,train,0.8815568089485168,pdb_00007uvi_D_E
17364,6,train,0.649904727935791,pdb_00007w71_H_L
17365,6,train,0.19650804996490479,pdb_00009me6_I_M
17366,6,train,0.5296531319618225,pdb_00006k7o_H_L
17367,6,train,0.6546422839164734,pdb_00007zwi_B_C
17368,6,train,0.020896710455417633,pdb_00007f2o_S1_S2
17369,6,train,0.024406369775533676,pdb_00008hnm_S1_S2
17370,6,train,0.4851004481315613,pdb_00007kf0_H_L
17371,6,train,0.4734537601470947,pdb_00007xcz_D_E
17372,6,train,0.08746811002492905,pdb_00008vgk_K_L
17373,6,train,0.06753198057413101,pdb_00003fb5_A_B
17374,6,train,0.7737932205200195,pdb_00007wur_G_H
17375,6,train,0.03592759370803833,pdb_00004tnw_H_L
17376,6,train,0.6780461072921753,pdb_00007pa7_ddd2_ddd1
17377,6,train,0.36424022912979126,pdb_00009clp_H_L
17378,6,train,1.5014437437057495,pdb_00009n5i_H_L
17379,6,train,0.5943092703819275,pdb_00006hxw_H_L
17380,6,train,0.2627917528152466,pdb_00008i0n_H_L
17381,6,train,0.009889839217066765,pdb_00007ts0_H1_H2
17382,6,train,0.33250606060028076,pdb_00009cpv_C_D
17383,6,train,0.010743060149252415,pdb_00007ew3_S1_S2
17384,6,train,0.5091275572776794,pdb_00004ffv_D_C
17385,6,train,0.643355131149292,pdb_00009ue0_A_B
17386,6,train,0.08617755025625229,pdb_00009exa_F_E
17387,6,train,0.6632425785064697,pdb_00001orq_B_A
17388,6,train,0.44306764006614685,pdb_00008j1q_B_A
17389,6,train,0.28337034583091736,pdb_00002eks_B_A
17390,6,train,0.8671578168869019,pdb_00008sis_H_L
17391,6,train,0.6665800213813782,pdb_00007det_B1_B2
17392,6,train,0.011493652127683163,pdb_00009ije_D1_D2
17393,6,train,0.5038143992424011,pdb_00006n5d_L_N
17394,6,train,0.058729469776153564,pdb_00007u0j_N1_N2
17395,6,train,0.22755075991153717,pdb_00009hh9_G_F
17396,6,train,0.7541083097457886,pdb_00009gwt_H_L
17397,6,train,0.0124125424772501,pdb_00009kft_S1_S2
17398,6,train,0.07994407415390015,pdb_00002dqd_H_L
17399,6,train,0.8592316508293152,pdb_00008vk1_F_E
17400,6,train,0.012131269089877605,pdb_00007y12_S1_S2
17401,6,train,0.04359041154384613,pdb_00008vgi_F_E
17402,6,train,0.00940091721713543,pdb_00008irt_E1_E2
17403,6,train,0.027265965938568115,pdb_00002htl_E_F
17404,6,train,0.7762018442153931,pdb_00009ma0_B_C
17405,6,train,0.05709369108080864,pdb_00006ad8_C_D
17406,6,train,0.5150465965270996,pdb_00009mqa_J_N
17407,6,train,0.3610073924064636,pdb_00006p4b_H_L
17408,6,train,1.1499885320663452,pdb_00009y3x_H_L
17409,6,train,0.5204616189002991,pdb_00008v5v_b_d
17410,6,train,0.28977084159851074,pdb_00008jkf_H_L
17411,6,train,0.8405699133872986,pdb_00007t0z_H_L
17412,6,train,0.013664127327501774,pdb_00009k3f_S1_S2
17413,6,train,0.01942579075694084,pdb_00007u0j_K1_K2
17414,6,train,0.009145812131464481,pdb_00008xbh_S1_S2
17415,6,train,0.4688829481601715,pdb_00006pe9_E_F
17416,6,train,0.4611881673336029,pdb_00006n5e_H_I
17417,6,train,0.00985364243388176,pdb_00007s8n_E1_E2
17418,6,train,1.0227371454238892,pdb_00004ubd_O_P
17419,6,train,0.6887960433959961,pdb_00009oi3_M_N
17420,6,train,0.37288105487823486,pdb_00007wsi_H_L
17421,6,train,1.1463940143585205,pdb_00004ut6_H_L
17422,6,train,0.010573632083833218,pdb_00008fn0_E1_E2
17423,6,train,0.40148332715034485,pdb_00008uwz_A_B
17424,6,train,0.011885253712534904,pdb_00009v81_E1_E2
17425,6,train,1.0217050313949585,pdb_00007rxp_H_L
17426,6,train,0.8470460176467896,pdb_00007lf7_A_B
17427,6,train,0.017270224168896675,pdb_00006x3s_J_I
17428,6,train,0.44739943742752075,pdb_00001z3g_I_M
17429,6,train,0.06896115094423294,pdb_00006b3s_J_K
17430,6,train,0.01136245671659708,pdb_00001ott_C_D
17431,6,train,0.36848247051239014,pdb_00008hn6_C_D
17432,6,train,0.01302972249686718,pdb_00006x3u_J_I
17433,6,train,0.6796658039093018,pdb_00005xmh_H_L
17434,6,train,0.004614224191755056,pdb_00004z7q_E_F
17435,6,train,0.5367159843444824,pdb_00008dwx_V_U
17436,6,train,0.6141770482063293,pdb_00003lh2_J_N
17437,6,train,0.6690150499343872,pdb_00009mqd_J_N
17438,6,train,0.6671186685562134,pdb_00007jx3_C_D
17439,6,train,0.6405511498451233,pdb_00006ek2_H1_H2
17440,6,train,0.7410212755203247,pdb_00005d1z_B_A
17441,6,train,0.4476655423641205,pdb_00007rk2_D1_D2
17442,6,train,0.6663269996643066,pdb_00007t3d_O_Q
17443,6,train,0.7617200613021851,pdb_00008dce_H1_H2
17444,6,train,1.8810292482376099,pdb_00004i3r_H_L
17445,6,train,0.923281192779541,pdb_00009rii_H_L
17446,6,train,0.36981287598609924,pdb_00003nh7_I_M
17447,6,train,0.48351606726646423,pdb_00005ugy_H_L
17448,6,train,0.40297892689704895,pdb_00004n90_H_I
17449,6,train,0.013868303038179874,pdb_00008yh2_S1_S2
17450,6,train,0.7912407517433167,pdb_00006s3d_A_B
17451,6,train,0.30402883887290955,pdb_00006txz_K_O
17452,6,train,0.253063827753067,pdb_00006ban_H_G
17453,6,train,0.5885510444641113,pdb_00006xkr_H_L
17454,6,train,0.8299129009246826,pdb_00008bcz_H_L
17455,6,train,0.02807365544140339,pdb_00009v2n_S1_S2
17456,6,train,0.005147569812834263,pdb_00006k5d_E_F
17457,6,train,0.017416970804333687,pdb_00009vmp_S1_S2
17458,6,train,0.8639636039733887,pdb_00009mth_I_J
17459,6,train,0.9542429447174072,pdb_00009me6_J_N
17460,6,train,0.009449332021176815,pdb_00008y45_S1_S2
17461,6,train,0.044781096279621124,pdb_00008wpu_E1_E2
17462,6,train,0.19912248849868774,pdb_00006vvu_G_I
17463,6,train,0.7648274302482605,pdb_00006t9e_AAA_BBB
17464,6,train,0.46432629227638245,pdb_00003v6z_C_D
17465,6,train,0.49452289938926697,pdb_00009ib3_H_L
17466,6,train,0.3441547751426697,pdb_00007jmo_H_L
17467,6,train,0.04191970452666283,pdb_00009nz4_F_E
17468,6,train,0.03830387443304062,pdb_00009iza_S1_S2
17469,6,train,0.6416557431221008,pdb_00009oi3_H_L
17470,6,train,0.49242696166038513,pdb_00008jqs_H_L
17471,6,train,0.420056015253067,pdb_00001tqb_B_C
17472,6,train,0.7714895009994507,pdb_00008hrd_O_P
17473,6,train,0.6698341965675354,pdb_00003sob_H_L
17474,6,train,0.8345023989677429,pdb_00009iru_B_A
17475,6,train,0.4187979996204376,pdb_00009l9o_B_C
17476,6,train,0.2044796496629715,pdb_00008j8r_D_E
17477,6,train,0.025430334731936455,pdb_00001j1p_H_L
17478,6,train,0.4365386962890625,pdb_00006j6y_B_C
17479,6,train,0.6179016828536987,pdb_00009npg_D_E
17480,6,train,1.013758897781372,pdb_00008z39_H_L
17481,6,train,0.262010782957077,pdb_00008jel_C_D
17482,6,train,0.5094736814498901,pdb_00008hrd_G_H
17483,6,train,1.098515510559082,pdb_00007t7b_H_L
17484,6,train,0.059401657432317734,pdb_00009iv6_S1_S2
17485,6,train,0.1098448634147644,pdb_00008vgj_H_G
17486,6,train,0.01614873670041561,pdb_00002hlf_E_F
17487,6,train,0.8825060725212097,pdb_00008w5f_H_L
17488,6,train,0.059898439794778824,pdb_00006zlr_HHH_LLL
17489,6,train,0.6409079432487488,pdb_00007wvl_H_L
17490,6,train,0.003674545092508197,pdb_00007td8_E_F
17491,6,train,0.48536983132362366,pdb_00007jx3_H_L
17492,6,train,0.6324499845504761,pdb_00007kyo_H_L
17493,6,train,0.8652279376983643,pdb_00007cqd_I_M
17494,6,train,0.5687362551689148,pdb_00006t3j_A_B
17495,6,train,0.48218944668769836,pdb_00001mlc_B_A
17496,6,train,0.4954811930656433,pdb_00007qf1_C_B
17497,6,train,0.7297818064689636,pdb_00005lsp_S_T
17498,6,train,0.0034591935109347105,pdb_00007ucy_E_F
17499,6,train,0.016782652586698532,pdb_00006e0p_N1_N2
17500,6,train,0.2777221202850342,pdb_00005w3e_E_G
17501,6,train,0.005815154407173395,pdb_00002vdn_H_L
17502,6,train,0.010877864435315132,pdb_00007vl9_S1_S2
17503,6,train,0.6479259729385376,pdb_00006bpa_E_F
17504,6,train,0.42473456263542175,pdb_00001bvk_B_A
17505,6,train,0.566910982131958,pdb_00008bg5_C1_C2
17506,6,train,0.057674575597047806,pdb_00006k5f_C_D
17507,6,train,0.9015424251556396,pdb_00009qub_D_C
17508,6,train,0.598166286945343,pdb_00008y31_D_C
17509,6,train,0.42480912804603577,pdb_00004dgi_H_L
17510,6,train,0.4262349009513855,pdb_00008jqs_h_l
17511,6,train,1.1516482830047607,pdb_00006oel_H_L
17512,6,train,0.01823532208800316,pdb_00009p0k_F1_F2
17513,6,train,0.7102011442184448,pdb_00008k5g_H_L
17514,6,train,0.08205825090408325,pdb_00008uh3_E1_E2
17515,6,train,0.3576069474220276,pdb_00004m62_H_L
17516,6,train,0.6763001084327698,pdb_00009mkn_Q_R
17517,6,train,0.15216270089149475,pdb_00002qr0_N_M
17518,6,train,0.12425226718187332,pdb_00001g7h_B_A
17519,6,train,0.0146628487855196,pdb_00006x3t_J_I
17520,6,train,0.6539705395698547,pdb_00007fci_H_L
17521,6,train,0.5343067646026611,pdb_00008dis_B_G
17522,6,train,0.009046523831784725,pdb_00008e9w_E1_E2
17523,6,train,0.014383751899003983,pdb_00008ghv_S1_S2
17524,6,train,0.5661762952804565,pdb_00008rmy_E_F
17525,6,train,0.413286417722702,pdb_00003s36_H_L
17526,6,train,0.9482973217964172,pdb_00006wn1_B_C
17527,6,train,0.9931760430335999,pdb_00005hbt_D_C
17528,6,train,0.4028182923793793,pdb_00009lrf_H_L
17529,6,train,0.31396913528442383,pdb_00007c01_C_D
17530,6,train,0.7984968423843384,pdb_00008uf7_B_A
17531,6,train,0.18294097483158112,pdb_00007zmk_E_F
17532,6,train,0.5710960030555725,pdb_00007sd5_H_L
17533,6,train,1.1053717136383057,pdb_00005d1z_D_C
17534,6,train,0.34204521775245667,pdb_00007mzh_H_L
17535,6,train,0.005834533367305994,pdb_00009jeq_S1_S2
17536,6,train,0.013849154114723206,pdb_00008iu2_S1_S2
17537,6,train,0.01717928797006607,pdb_00009bqj_E1_E2
17538,6,train,0.5826990008354187,pdb_00007lq7_C_D
17539,6,train,0.2516310513019562,pdb_00007wnb_H_L
17540,6,train,0.011967327445745468,pdb_00008hpt_H1_H2
17541,6,train,1.1815862655639648,pdb_00008s72_H_L
17542,6,train,0.7352526783943176,pdb_00007ycl_A_B
17543,6,train,0.30045926570892334,pdb_00005yoy_Q_N
17544,6,train,0.011692391708493233,pdb_00008id4_S1_S2
17545,6,train,0.01962391473352909,pdb_00002fee_J_O
17546,6,train,0.910145103931427,pdb_00009rip_H_L
17547,6,train,0.011601422913372517,pdb_00007t8x_E1_E2
17548,6,train,0.008420185185968876,pdb_00009le1_S1_S2
17549,6,train,0.6578189134597778,pdb_00008ywe_B2_B1
17550,6,train,0.00796022079885006,pdb_00008ykw_E1_E2
17551,6,train,0.43770331144332886,pdb_00005jz7_G_I
17552,6,train,0.2850297689437866,pdb_00003ri5_G_K
17553,6,train,1.0436441898345947,pdb_00007r8u_HHH_LLL
17554,6,train,0.005344483535736799,pdb_00009izh_S1_S2
17555,6,train,0.050124041736125946,pdb_00003gb7_A_B
17556,6,train,0.3257211446762085,pdb_00009cpp_H_L
17557,6,train,0.011453131213784218,pdb_00009k07_E1_E2
17558,6,train,0.4603244662284851,pdb_00006wtv_B_C
17559,6,train,0.7189292311668396,pdb_00009mth_M_N
17560,6,train,0.056222397834062576,pdb_00009wp9_C1_C2
17561,6,train,0.47053062915802,pdb_00005h35_H_I
17562,6,train,0.4447363317012787,pdb_00009q7b_L_M
17563,6,train,0.9931532740592957,pdb_00008p5m_G_L
17564,6,train,0.1580759584903717,pdb_00007lop_W_V
17565,6,train,0.4184529781341553,pdb_00007x63_H_L
17566,6,train,0.007069840095937252,pdb_00009kfi_S1_S2
17567,6,train,0.5346954464912415,pdb_00007d85_B_C
17568,6,train,0.4929061532020569,pdb_00009cfh_H_L
17569,6,train,0.6872458457946777,pdb_00003qwo_H_L
17570,6,train,0.010750185698270798,pdb_00009jlc_S1_S2
17571,6,train,0.9193005561828613,pdb_00007u9e_H1_H2
17572,6,train,0.008520416915416718,pdb_00008jhy_S1_S2
17573,6,train,0.00826167967170477,pdb_00002ht3_E_F
17574,6,train,0.013063773512840271,pdb_00009kpe_S1_S2
17575,6,train,0.6927780508995056,pdb_00006mlm_E_I
17576,6,train,0.6164296865463257,pdb_00007dq7_H_L
17577,6,train,0.5036046504974365,pdb_00007c81_H_L
17578,6,train,0.03129294142127037,pdb_00006x3z_J_I
17579,6,train,0.008305922150611877,pdb_00007na7_N1_N2
17580,6,train,0.04390837252140045,pdb_00006x3w_K_L
17581,6,train,0.044093672186136246,pdb_00008j23_F1_F2
17582,6,train,0.029047956690192223,pdb_00009m1o_S1_S2
17583,6,train,0.008748711086809635,pdb_00009ll7_S1_S2
17584,6,train,0.45877325534820557,pdb_00006wzm_C_D
17585,6,train,0.5013526678085327,pdb_00008zdw_F_E
17586,6,train,0.008153211325407028,pdb_00008eit_E1_E2
17587,6,train,0.005125431343913078,pdb_00007ra3_E1_E2
17588,6,train,0.10158735513687134,pdb_00002dqf_E_D
17589,6,train,0.4083918333053589,pdb_00005ugy_I_M
17590,6,train,0.030936233699321747,pdb_00002atk_A_B
17591,6,train,0.11015968769788742,pdb_00001g7m_B_A
17592,6,train,0.5569312572479248,pdb_00006n5b_H_L
17593,6,train,0.9724826812744141,pdb_00007wro_H_L
17594,6,train,1.2932099103927612,pdb_00005ldn_H_L
17595,6,train,0.5226810574531555,pdb_00006d0u_C_D
17596,6,train,0.03258771076798439,pdb_00008vgj_K_L
17597,6,train,0.09611097723245621,pdb_00004hjg_B_A
17598,6,train,0.07711117714643478,pdb_00008zcj_E1_E2
17599,6,train,0.9648140668869019,pdb_00007x3e_H_L
17600,6,train,0.9395792484283447,pdb_00009kve_A_B
17601,6,train,0.7196117639541626,pdb_00007rxj_H_L
17602,6,train,0.6169288158416748,pdb_00007t87_H_L
17603,6,train,0.839257001876831,pdb_00007s0x_H_L
17604,6,train,0.44500359892845154,pdb_00008zh7_B_C
17605,6,train,0.020736107602715492,pdb_00008u1u_E1_E2
17606,6,train,0.26849281787872314,pdb_00009q7b_G_I
17607,6,train,0.7113270163536072,pdb_00007chc_A_B
17608,6,train,0.06782256066799164,pdb_00009zqb_J2_J1
17609,6,train,0.03575548157095909,pdb_00007w0p_S1_S2
17610,6,train,0.03813765570521355,pdb_00009our_H_L
17611,6,train,0.4976833760738373,pdb_00006cyf_F_E
17612,6,train,0.014165982604026794,pdb_00009jhp_S1_S2
17613,6,train,0.02555825375020504,pdb_00008t3v_N1_N2
17614,6,train,0.4236454665660858,pdb_00007dpm_G_H
17615,6,train,0.036851491779088974,pdb_00009xhh_D1_D2
17616,6,train,0.2907283306121826,pdb_00008as0_W_V
17617,6,train,0.45804262161254883,pdb_00007ubs_I1_I2
17618,6,train,0.2935603857040405,pdb_00007ek0_H_L
17619,6,train,0.4533042311668396,pdb_00009n7q_E_G
17620,6,train,1.1732313632965088,pdb_00006xq0_E_F
17621,6,train,0.5629410743713379,pdb_00008f6x_F1_F2
17622,6,train,0.21097753942012787,pdb_00009jy1_P_O
17623,6,train,0.517130970954895,pdb_00009hub_I_M
17624,6,train,0.6024274826049805,pdb_00001yqv_H_L
17625,6,train,0.3692395091056824,pdb_00008caf_D_C
17626,6,train,0.4974990785121918,pdb_00008bg3_C1_C2
17627,6,train,0.010895726270973682,pdb_00003iga_A_B
17628,6,train,0.45026373863220215,pdb_00008xse_M_N
17629,6,train,0.03003362938761711,pdb_00008gcp_E1_E2
17630,6,train,0.6426557302474976,pdb_00006woz_H_I
17631,6,train,0.2518334984779358,pdb_00001n6q_H_L
17632,6,train,0.013934943825006485,pdb_00007y15_S1_S2
17633,6,train,0.01225951872766018,pdb_00007y1f_E1_E2
17634,6,train,0.45117616653442383,pdb_00004dn4_H_L
17635,6,train,0.32074299454689026,pdb_00003v4p_H_L
17636,6,train,0.010050540789961815,pdb_00009pq0_E1_E2
17637,6,train,0.04332684352993965,pdb_00006adb_C_D
17638,6,train,0.18169280886650085,pdb_00006ba5_F_E
17639,6,train,0.5978702902793884,pdb_00007ucq_K1_K2
17640,6,train,0.3975958824157715,pdb_00009mqa_H_L
17641,6,train,0.10323747992515564,pdb_00003ri5_I_O
17642,6,train,0.5365604162216187,pdb_00007t3d_P_R
17643,6,train,0.8819558620452881,pdb_00005dur_B_D
17644,6,train,0.02408759482204914,pdb_00008xyd_E1_E2
17645,6,train,0.5960784554481506,pdb_00007x6o_J_L
17646,6,train,0.7481844425201416,pdb_00009m7v_H_L
17647,6,train,0.5665355324745178,pdb_00006vgr_H_L
17648,6,train,0.7448926568031311,pdb_00007f3q_C_B
17649,6,train,0.6179933547973633,pdb_00009b2m_E_F
17650,6,train,1.527869701385498,pdb_00009lbw_H_L
17651,6,train,0.006169870030134916,pdb_00008jlq_S1_S2
17652,6,train,0.6562989354133606,pdb_00008bg1_J_K
17653,6,train,0.0065612043254077435,pdb_00009lrd_E1_E2
17654,6,train,0.4738397002220154,pdb_00004gxu_W_X
17655,6,train,0.018508294597268105,pdb_00007y67_S1_S2
17656,6,train,0.37139615416526794,pdb_00005kov_C1_C2
17657,6,train,0.5271185636520386,pdb_00007xcz_B_C
17658,6,train,0.02012171782553196,pdb_00009ko4_H1_H2
17659,6,train,0.09306032955646515,pdb_00007cvs_C_D
17660,6,train,0.28102630376815796,pdb_00004ma8_H_L
17661,6,train,0.23374725878238678,pdb_00002x7l_E_F
17662,6,train,0.5599883198738098,pdb_00002yc1_A_B
17663,6,train,0.007146259769797325,pdb_00007eb2_N1_N2
17664,6,train,0.5602624416351318,pdb_00004dkf_H_L
17665,6,train,0.5725381374359131,pdb_00004f2m_A_B
17666,6,train,0.01865009404718876,pdb_00009pxv_E1_E2
17667,6,train,0.21296480298042297,pdb_00007vaf_H_L
17668,6,train,0.4600266218185425,pdb_00008zd5_H_I
17669,6,train,0.007609309162944555,pdb_00007v68_S1_S2
17670,6,train,0.007296828553080559,pdb_00008xqt_S1_S2
17671,6,train,0.2163221836090088,pdb_00006ban_B_A
17672,6,train,0.11907326430082321,pdb_00002dqh_H_L
17673,6,train,0.012574178166687489,pdb_00008jgb_S1_S2
17674,6,train,0.3846067190170288,pdb_00008bec_A1_A2
17675,6,train,0.009478935040533543,pdb_00004lcu_A_B
17676,6,train,0.8539106249809265,pdb_00009sat_H_L
17677,6,train,0.26188403367996216,pdb_00001ndm_B_A
17678,6,train,0.6297497153282166,pdb_00007tpj_H_L
17679,6,train,0.021426599472761154,pdb_00009ast_E1_E2
17680,6,train,0.4706205129623413,pdb_00004ffv_H_L
17681,6,train,0.3229803144931793,pdb_00007kmh_A_B
17682,6,train,1.0560929775238037,pdb_00006cvk_B2_B1
17683,6,train,0.22758610546588898,pdb_00003d9a_H_L
17684,6,train,0.48781225085258484,pdb_00009cds_B_A
17685,6,train,0.5278711318969727,pdb_00006dkj_H_L
17686,6,train,0.41923803091049194,pdb_00007lq7_y_z
17687,6,train,0.637133002281189,pdb_00008suo_I_M
17688,6,train,0.006497374270111322,pdb_00008xqn_S1_S2
17689,6,train,0.5005427598953247,pdb_00008y3l_G_H
17690,6,train,0.8245911598205566,pdb_00005umi_A_B
17691,6,train,0.5413843989372253,pdb_00009lho_I_H
17692,6,train,0.014093314297497272,pdb_00008spu_N1_N2
17693,6,train,0.031012684106826782,pdb_00009jid_S1_S2
17694,6,train,0.4533855617046356,pdb_00008vgp_H_L
17695,6,train,0.018863527104258537,pdb_00009kvg_E1_E2
17696,6,train,0.040724389255046844,pdb_00006xbm_S1_S2
17697,6,train,0.2442253828048706,pdb_00009ue8_U_V
17698,6,train,0.5134416222572327,pdb_00007sk4_D_C
17699,6,train,0.7565205693244934,pdb_00009yyu_H_L
17700,6,train,0.23117883503437042,pdb_00005dhx_L2_L1
17701,6,train,0.6583828926086426,pdb_00007mzj_H_L
17702,6,train,0.15606200695037842,pdb_00007vad_H_L
17703,6,train,0.010392445139586926,pdb_00008k6n_S1_S2
17704,6,train,1.2237749099731445,pdb_00009e3l_I_J
17705,6,train,0.678916335105896,pdb_00007upb_B_E
17706,6,train,0.5783865451812744,pdb_00008tx3_H_L
17707,6,train,0.01021348312497139,pdb_00009vje_E1_E2
17708,6,train,0.7421218156814575,pdb_00009dm0_C_D
17709,6,train,0.013858690857887268,pdb_00008jei_S1_S2
17710,6,train,0.6703655123710632,pdb_00007l5j_Y_X
17711,6,train,0.3604552745819092,pdb_00009ci8_B_A
17712,6,train,0.5164477229118347,pdb_00007ucq_H1_H2
17713,6,train,0.7324011325836182,pdb_00006gku_H_L
17714,6,train,0.2778412103652954,pdb_00009cia_D_C
17715,6,train,0.3114875257015228,pdb_00008w2e_D_C
17716,6,train,0.5900369882583618,pdb_00006mlm_F_G
17717,6,train,0.6958809494972229,pdb_00006jep_H_L
17718,6,train,0.008416672237217426,pdb_00008iy5_E1_E2
17719,6,train,0.6020534634590149,pdb_00001p2c_E_D
17720,6,train,0.385680228471756,pdb_00007zfc_A_B
17721,6,train,0.007793433498591185,pdb_00007aue_S1_S2
17722,6,train,0.7376866936683655,pdb_00007y6k_J_E3
17723,6,train,0.6012039184570312,pdb_00008e2u_H_L
17724,6,train,0.8513262867927551,pdb_00008gpu_C_D
17725,6,train,0.017032885923981667,pdb_00008zbi_F1_F2
17726,6,train,1.0201733112335205,pdb_00006dfi_H_L
17727,6,train,0.4233279526233673,pdb_00007yxu_H_L
17728,6,train,0.04445362836122513,pdb_00008xxr_S1_S2
17729,6,train,0.543292760848999,pdb_00007pry_C_D
17730,6,train,0.03556101396679878,pdb_00008jxw_E1_E2
17731,6,train,0.5549010038375854,pdb_00007tzh_A1_A2
17732,6,train,0.6050639748573303,pdb_00008jqn_h_l
17733,6,train,0.01878836750984192,pdb_00008id6_S1_S2
17734,6,train,0.1989891082048416,pdb_00001otu_E_F
17735,6,train,0.011971049942076206,pdb_00009k3k_S1_S2
17736,6,train,0.1125098168849945,pdb_00009vmg_S1_S2
17737,6,train,0.010750701650977135,pdb_00008hn8_S1_S2
17738,6,train,0.024707963690161705,pdb_00007cvt_E_F
17739,6,train,0.4689387083053589,pdb_00006ii4_H_L
17740,6,train,0.0905446708202362,pdb_00002x7l_C_D
17741,6,train,0.037849754095077515,pdb_00008f7w_E1_E2
17742,6,train,0.37991464138031006,pdb_00008too_D_C
17743,6,train,0.624833881855011,pdb_00001dee_F_E
17744,6,train,0.01457919180393219,pdb_00009lre_E1_E2
17745,6,train,0.018585342913866043,pdb_00009ipv_S1_S2
17746,6,train,0.25671806931495667,pdb_00008as0_E_D
17747,6,train,0.47131553292274475,pdb_00009irs_H_L
17748,6,train,0.03490566462278366,pdb_00008u9s_M2_M1
17749,6,train,0.2265031486749649,pdb_00008as0_N_M
17750,6,train,0.013025430962443352,pdb_00007vfx_S1_S2
17751,6,train,0.30585330724716187,pdb_00009cpw_C_D
17752,6,train,0.01379323285073042,pdb_00007vgz_F1_F2
17753,6,train,0.7020065188407898,pdb_00008gpu_F_G
17754,6,train,0.2277347892522812,pdb_00008wnp_D_C
17755,6,train,0.49275776743888855,pdb_00003h42_H_L
17756,6,train,0.7230618596076965,pdb_00006t9d_AAA_BBB
17757,6,train,0.4983421564102173,pdb_00008bg5_A1_A2
17758,6,train,0.015192332677543163,pdb_00008fx5_H1_H2
17759,6,train,0.7459918856620789,pdb_00009ml8_H_L
17760,6,train,0.529285192489624,pdb_00004hj0_C_D
17761,6,train,0.03827272728085518,pdb_00009d4z_E1_E2
17762,6,train,0.02944907359778881,pdb_00008vgj_F_E
17763,6,train,0.38865259289741516,pdb_00006kyz_B_C
17764,6,train,0.635606050491333,pdb_00009dn2_J_N
17765,6,train,0.4750259816646576,pdb_00005wk3_S_R
17766,6,train,0.35181185603141785,pdb_00003fku_S1_S2
17767,6,train,0.027131877839565277,pdb_00008t3q_N1_N2
17768,6,train,0.01190193835645914,pdb_00007vdh_S1_S2
17769,6,train,0.021248675882816315,pdb_00007srr_E1_E2
17770,6,train,0.011283772997558117,pdb_00007cvs_E_F
17771,6,train,0.42643535137176514,pdb_00008dww_Z_Y
17772,6,train,0.33020147681236267,pdb_00009ban_E_F
17773,6,train,0.036407846957445145,pdb_00009xhi_D1_D2
17774,6,train,0.43685677647590637,pdb_00009n4f_H_L
17775,6,train,0.00893203541636467,pdb_00009vmn_S1_S2
17776,6,train,0.010297968052327633,pdb_00009w49_S1_S2
17777,6,train,0.012825224548578262,pdb_00008ejc_E1_E2
17778,6,train,0.7017183899879456,pdb_00006a4k_J_N
17779,6,train,0.025879045948386192,pdb_00007p02_H1_H2
17780,6,train,0.010920168831944466,pdb_00008uuj_D1_D2
17781,6,train,0.5483235716819763,pdb_00007wvd_I_J
17782,6,train,0.7698421478271484,pdb_00005ggs_C_D
17783,6,train,0.01061516348272562,pdb_00007vdl_S1_S2
17784,6,train,0.02736271545290947,pdb_00007ejx_S1_S2
17785,6,train,0.5323747992515564,pdb_00007s7i_J_N
17786,6,train,0.014808077365159988,pdb_00009v6o_S1_S2
17787,6,train,0.8517074584960938,pdb_00009lsj_E1_D2
17788,6,train,0.9948708415031433,pdb_00009rim_H_L
17789,6,train,0.009479613043367863,pdb_00003fb6_A_B
17790,6,train,0.009642442688345909,pdb_00007f4h_S1_S2
17791,6,train,0.7975090146064758,pdb_00007y3n_H_L
17792,6,train,0.004695916548371315,pdb_00007uko_E_F
17793,6,train,1.1670745611190796,pdb_00007ey5_H_L
17794,6,train,0.4498569369316101,pdb_00006t9e_HHH_LLL
17795,6,train,0.010745677165687084,pdb_00007y64_S1_S2
17796,6,train,0.39339110255241394,pdb_00008zyu_D_Q
17797,6,train,0.009348570369184017,pdb_00007vig_E1_E2
17798,6,train,0.006563317496329546,pdb_00003or7_A_B
17799,6,train,0.5866696834564209,pdb_00007bbj_M_N
17800,6,train,0.326747864484787,pdb_00004tsb_H_L
17801,6,train,0.542738676071167,pdb_00007x2i_H_L
17802,6,train,0.4928273856639862,pdb_00006cyf_D_C
17803,6,train,0.12958522140979767,pdb_00004tnw_F_N
17804,6,train,0.8319065570831299,pdb_00008eed_H_L
17805,6,train,0.009971094317734241,pdb_00006kpg_S1_S2
17806,6,train,0.4254039525985718,pdb_00009k6j_A_B
17807,6,train,0.013245624490082264,pdb_00006omm_E1_E2
17808,6,train,0.4797370135784149,pdb_00004yk4_Z_Y
17809,6,train,0.00987714808434248,pdb_00008jgg_S1_S2
17810,6,train,1.6681019067764282,pdb_00009osx_B_C
17811,6,train,0.6303250789642334,pdb_00005xhv_H_L
17812,6,train,0.02471778355538845,pdb_00008irs_E1_E2
17813,6,train,0.8086668252944946,pdb_00006dfj_H_L
17814,6,train,0.4552919268608093,pdb_00006ii9_M_N
17815,6,train,0.7326433658599854,pdb_00004l5f_H_L
17816,6,train,0.010225903242826462,pdb_00007e9g_D1_D2
17817,6,train,0.004689943511039019,pdb_00003t3p_E_F
17818,6,train,0.7026161551475525,pdb_00007kzb_H_L
17819,6,train,0.7193086743354797,pdb_00007c88_H_L
17820,6,train,0.2579978108406067,pdb_00008wo4_D_C
17821,6,train,1.035990834236145,pdb_00007yru_H_L
17822,6,train,0.8737128973007202,pdb_00008ag1_H_L
17823,6,train,0.4796679615974426,pdb_00003dvn_B_A
17824,6,train,0.5006997585296631,pdb_00007mem_I_K
17825,6,train,0.028762515634298325,pdb_00003rif_J_M
17826,6,train,0.006666276603937149,pdb_00009ejz_H1_H2
17827,6,train,0.018270179629325867,pdb_00008ijd_S1_S2
17828,6,train,0.017749575898051262,pdb_00008wwk_E1_E2
17829,6,train,0.02378293126821518,pdb_00008ubi_N2_N1
17830,6,train,0.006692227441817522,pdb_00007t2h_E1_E2
17831,6,train,0.020889651030302048,pdb_00007l1v_H1_H2
17832,6,train,0.4898642301559448,pdb_00005wko_A_B
17833,6,train,0.9961713552474976,pdb_00009oea_H_L
17834,6,train,0.015026557259261608,pdb_00008gur_S1_S2
17835,6,train,0.2441808432340622,pdb_00007x1m_C_D
17836,6,train,0.4018242061138153,pdb_00009cpw_H_L
17837,6,train,0.5723925232887268,pdb_00008sdh_C_D
17838,6,train,0.7219253182411194,pdb_00009n4e_K_M
17839,6,train,0.013243463821709156,pdb_00007k60_N2_N1
17840,6,train,0.40112462639808655,pdb_00006ii8_H_L
17841,6,train,1.1627227067947388,pdb_00004g3y_H_L
17842,6,train,0.5628486275672913,pdb_00007klh_H_L
17843,6,train,0.005748094525188208,pdb_00003f7y_A_B
17844,6,train,0.9215154051780701,pdb_00007rco_D_C
17845,6,train,0.5320148468017578,pdb_00002jix_F_A
17846,6,train,0.034806981682777405,pdb_00003a6b_H_L
17847,6,train,0.006626154761761427,pdb_00007u9v_E_F
17848,6,train,1.1108803749084473,pdb_00009o7i_D_C
17849,6,train,0.5000116229057312,pdb_00008u4s_B_A
17850,6,train,0.3195345401763916,pdb_00007zf8_H_L
17851,6,train,0.5794607400894165,pdb_00008cxh_h_l
17852,6,train,0.03650256618857384,pdb_00008j6i_H1_H2
17853,6,train,0.1208941712975502,pdb_00001ua6_H_L
17854,6,train,0.36065375804901123,pdb_00009azr_H_L
17855,6,train,0.011882057413458824,pdb_00008hqn_H1_H2
17856,6,train,0.9775760173797607,pdb_00005hbv_D_C
17857,6,train,0.07709946483373642,pdb_00008jt6_E1_E2
17858,6,train,0.003867635503411293,pdb_00003stl_A_B
17859,6,train,0.00429446529597044,pdb_00007udh_E_F
17860,6,train,0.4427611231803894,pdb_00006a3w_A_B
17861,6,train,0.003884799312800169,pdb_00007uh8_E_F
17862,6,train,0.010428707115352154,pdb_00008yn6_E1_E2
17863,6,train,0.32341158390045166,pdb_00007klh_I_M
17864,6,train,0.033336833119392395,pdb_00008vgj_J_I
17865,6,train,0.24814024567604065,pdb_00004ioi_B_A
17866,6,train,0.4009425640106201,pdb_00009b82_P_O
17867,6,train,0.2710639238357544,pdb_00009u5p_B_C
17868,6,train,0.015806810930371284,pdb_00007yae_S1_S2
17869,6,train,0.4273185729980469,pdb_00009tmp_H_L
17870,6,train,0.5116263628005981,pdb_00006wtu_E_F
17871,6,train,0.5220891833305359,pdb_00002fjh_B_A
17872,6,train,0.09276367723941803,pdb_00006w0a_A_B
17873,6,train,0.6060527563095093,pdb_00009dzg_H_L
17874,6,train,0.010092712938785553,pdb_00009j8z_S1_S2
17875,6,train,0.016337472945451736,pdb_00008jsr_C1_C2
17876,6,train,0.7330519556999207,pdb_00008f6o_A_B
17877,6,train,0.5921947956085205,pdb_00008eed_I_J
17878,6,train,0.7132083773612976,pdb_00006gff_L_K
17879,6,train,0.469258576631546,pdb_00004hg4_R_S
17880,6,train,0.5771915912628174,pdb_00002vwe_E_C
17881,6,train,0.6329079866409302,pdb_00007k9i_H_L
17882,6,train,0.8801211714744568,pdb_00008tbb_H_L
17883,6,train,0.008716266602277756,pdb_00008vgi_K_L
17884,6,train,0.014835747890174389,pdb_00008xgm_S1_S2
17885,6,train,0.013996567577123642,pdb_00008ic0_E1_E2
17886,6,train,0.0026239166036248207,pdb_00007ufh_E_F
17887,6,train,0.10552304983139038,pdb_00001kir_B_A
17888,6,train,0.04460733383893967,pdb_00006vmk_Z_Y
17889,6,train,0.0138245215639472,pdb_00008yky_S1_S2
17890,6,train,0.5874653458595276,pdb_00008rmy_B_C
17891,6,train,0.6822353005409241,pdb_00008uzp_H_L
17892,6,train,1.0532416105270386,pdb_00007s11_H_L
17893,6,train,0.9891646504402161,pdb_00007wed_H_L
17894,6,train,0.0021506943739950657,pdb_00002vdq_H_L
17895,6,train,0.42962542176246643,pdb_00004m62_I_M
17896,6,train,0.38561585545539856,pdb_00002vwe_L_J
17897,6,train,0.09990435838699341,pdb_00003b2u_T_U
17898,6,train,0.07841505110263824,pdb_00009ctu_D_C
17899,6,train,0.6835920810699463,pdb_00009lsi_C1_D2
17900,6,train,0.07968875765800476,pdb_00007zmk_S_T
17901,6,train,0.004447341896593571,pdb_00007tct_E_F
17902,6,train,1.0314229726791382,pdb_00009zdu_H_L
17903,6,train,0.0070437234826385975,pdb_00008ubl_N2_N1
17904,6,train,0.7110675573348999,pdb_00007ua2_H1_H2
17905,6,train,0.03235475346446037,pdb_00003rif_H_L
17906,6,train,0.962613582611084,pdb_00008khd_H_J
17907,6,train,0.573836088180542,pdb_00007ley_H_I
17908,6,train,0.7726832032203674,pdb_00006uig_H_L
17909,6,train,0.03535177558660507,pdb_00008hk3_H1_H2
17910,6,train,0.9960395693778992,pdb_00009hvw_H_L
17911,6,train,0.0412973053753376,pdb_00008jln_S1_S2
17912,6,train,0.785203218460083,pdb_00009cq8_C_E
17913,6,train,0.013762599788606167,pdb_00008xjo_E1_E2
17914,6,train,0.05186036229133606,pdb_00003b2u_C_D
17915,6,train,0.010036731138825417,pdb_00008dwg_E1_E2
17916,6,train,0.1548045128583908,pdb_00009cia_B_A
17917,6,train,0.028491809964179993,pdb_00008y72_E1_E2
17918,6,train,0.02171567641198635,pdb_00007yfd_C1_C2
17919,6,train,0.14371907711029053,pdb_00002x7l_A_B
17920,6,train,0.707145631313324,pdb_00007m7w_E_F
17921,6,train,0.6013015508651733,pdb_00003g6j_H_G
17922,6,train,0.289227157831192,pdb_00008zyt_D_Q
17923,6,train,0.009362922050058842,pdb_00007x2v_E1_E2
17924,6,train,0.33759793639183044,pdb_00007s0b_A_B
17925,6,train,0.6217630505561829,pdb_00008dnn_B_C
17926,6,train,0.014322622679173946,pdb_00008iyw_H1_H2
17927,6,train,0.773886501789093,pdb_00008zre_h_l
17928,6,train,0.056808531284332275,pdb_00008i9l_H1_H2
17929,6,train,0.01949850097298622,pdb_00006vmk_S_R
17930,6,train,0.011718585155904293,pdb_00009f33_E1_E2
17931,6,train,1.057912826538086,pdb_00009e3l_K_L
17932,6,train,0.23456306755542755,pdb_00003fku_Z1_Z2
17933,6,train,0.1494864523410797,pdb_00008pwh_B_A
17934,6,train,0.052390411496162415,pdb_00007k61_M2_M1
17935,6,train,0.012947254814207554,pdb_00007vl8_S1_S2
17936,6,train,1.1806472539901733,pdb_00007ey5_B_C
17937,6,train,0.2464989423751831,pdb_00006txz_J_N
17938,6,train,0.8504040837287903,pdb_00009o7g_C_D
17939,6,train,0.07988330721855164,pdb_00006b3s_C_D
17940,6,train,0.008795172907412052,pdb_00008sgo_J_I
17941,6,train,0.763213038444519,pdb_00006hjp_K_L
17942,6,train,0.06138259917497635,pdb_00007xta_E1_E2
17943,6,train,0.41535481810569763,pdb_00006j6y_E_F
17944,6,train,0.25112539529800415,pdb_00009wb4_B_C
17945,6,train,0.00913606770336628,pdb_00003or6_A_B
17946,6,train,0.051558490842580795,pdb_00008z3q_S1_S2
17947,6,train,0.4942623972892761,pdb_00001p2c_B_A
17948,6,train,0.007822341285645962,pdb_00008evh_M1_M2
17949,6,train,0.4997154772281647,pdb_00009h4r_X_Y
17950,6,train,0.445182204246521,pdb_00008eed_E_F
17951,6,train,0.49715036153793335,pdb_00001jhl_H_L
17952,6,train,0.5701404213905334,pdb_00009mkn_J_N
17953,6,train,0.28737694025039673,pdb_00009ctw_D_C
17954,6,train,1.3356581926345825,pdb_00008r4n_H_L
17955,6,train,0.3278842270374298,pdb_00008dww_V_U
17956,6,train,0.44441932439804077,pdb_00008y3i_G_H
17957,6,train,0.21268820762634277,pdb_00006kyz_E_F
17958,6,train,0.6940198540687561,pdb_00007ec5_E_F
17959,6,train,0.009683947078883648,pdb_00008kfz_S1_S2
17960,6,train,0.6178818941116333,pdb_00008jqm_M_N
17961,6,train,0.6545155644416809,pdb_00009mqd_I_M
17962,6,train,0.0069269281812012196,pdb_00008u9s_N2_N1
17963,6,train,0.010384787805378437,pdb_00007u2l_E1_E2
17964,6,train,0.37776437401771545,pdb_00007t3d_C_D
17965,6,train,0.24263262748718262,pdb_00008i0n_I_M
17966,6,train,0.9740707278251648,pdb_00008d9y_H_G
17967,6,train,0.9665695428848267,pdb_00003c09_C_B
17968,6,train,0.6785002946853638,pdb_00009mtj_I_J
17969,6,train,0.6496360301971436,pdb_00008vsj_H_L
17970,6,train,0.4753251075744629,pdb_00008y3h_G_H
17971,6,train,0.16563190519809723,pdb_00009u5q_B_C
17972,6,train,0.97800612449646,pdb_00006xxv_A_B
17973,6,train,0.5079890489578247,pdb_00007wqv_N1_N2
17974,6,train,0.856158971786499,pdb_00004ffw_H_L
17975,6,train,0.5089479684829712,pdb_00006rp8_H_L
17976,6,train,0.43553560972213745,pdb_00001fj1_D_C
17977,6,train,0.6995190978050232,pdb_00007t82_H_L
17978,6,train,0.7637561559677124,pdb_00009n8j_B_C
17979,6,train,0.685697078704834,pdb_00009ml8_M_N
17980,6,train,0.5299772620201111,pdb_00005nhr_H_L
17981,6,train,0.6947016716003418,pdb_00006ejg_C2_C1
17982,6,train,0.4402860999107361,pdb_00009lho_T_S
17983,6,train,0.7225374579429626,pdb_00003wkm_H_L
17984,6,train,0.5372563600540161,pdb_00007d85_E_F
17985,6,train,0.6756212711334229,pdb_00007rxi_H_L
17986,6,train,0.5092481970787048,pdb_00004f2m_C_D
17987,6,train,0.012692342512309551,pdb_00009drx_K_L
17988,6,train,0.03129342198371887,pdb_00002itd_A_B
17989,6,train,0.0027405305299907923,pdb_00007udg_E_F
17990,6,train,0.01746288128197193,pdb_00008g59_S1_S2
17991,6,train,0.5597561001777649,pdb_00008ebp_I_M
17992,6,train,0.6922746300697327,pdb_00008ee8_H_L
17993,6,train,0.05058567225933075,pdb_00006k5i_C_D
17994,6,train,0.2662684917449951,pdb_00009b82_N_M
17995,6,train,0.3151446282863617,pdb_00001mlc_D_C
17996,6,train,0.9878636002540588,pdb_00009e60_H_L
17997,6,train,0.0035123713314533234,pdb_00003ze1_E_F
17998,6,train,0.011034844443202019,pdb_00006crk_H1_H2
17999,6,train,0.5130030512809753,pdb_00006wzl_C_D
18000,6,train,0.028728507459163666,pdb_00006b9y_B_A
18001,6,train,0.6709321141242981,pdb_00007deu_B1_B2
18002,6,train,0.014894428662955761,pdb_00008y02_S1_S2
18003,6,train,0.3354208171367645,pdb_00008ebp_H_L
18004,6,train,0.8425922989845276,pdb_00005gs0_D_C
18005,6,train,1.247760534286499,pdb_00008v2e_D_E
18006,6,train,0.7215630412101746,pdb_00008e8l_H_L
18007,6,train,0.7848083972930908,pdb_00009me7_J_N
18008,6,train,0.5466555953025818,pdb_00004qci_H_L
18009,6,train,0.3320569097995758,pdb_00009hh9_E_D
18010,6,train,0.005595001392066479,pdb_00007wu9_S1_S2
18011,6,train,0.39970529079437256,pdb_00005w3l_E_G
18012,6,train,0.0048082866705954075,pdb_00006n4b_S1_S2
18013,6,train,0.28324905037879944,pdb_00005yoy_G_D
18014,6,train,0.5983721017837524,pdb_00007e9b_H_L
18015,6,train,0.03724109008908272,pdb_00006vmk_f_e
18016,6,train,0.004446719773113728,pdb_00008feg_F1_F2
18017,6,train,0.5412405133247375,pdb_00004lf3_E_D
18018,6,train,0.6619656085968018,pdb_00008sit_H_L
18019,6,train,0.5303539633750916,pdb_00008dis_A_C
18020,6,train,0.42596620321273804,pdb_00004hg4_X_Y
18021,6,train,0.06815974414348602,pdb_00009nz3_F_E
18022,6,train,0.38175761699676514,pdb_00008bg4_A1_A2
18023,6,train,0.9569641947746277,pdb_00006flc_H_L
18024,6,train,0.5427230596542358,pdb_00004gxu_M_N
18025,6,train,0.2149713933467865,pdb_00001xiw_H_G
18026,6,train,0.6108582615852356,pdb_00004xrc_B_A
18027,6,train,0.030145062133669853,pdb_00008ejk_E1_E2
18028,6,train,0.0036737655755132437,pdb_00003ze2_E_F
18029,6,train,0.022211147472262383,pdb_00006x3w_J_I
18030,6,train,0.7410183548927307,pdb_00007mdj_A_B
18031,6,train,0.42689248919487,pdb_00007eam_C_D
18032,6,train,0.015128902159631252,pdb_00009v0x_E1_E2
18033,6,train,0.5999810695648193,pdb_00007vyr_H_L
18034,6,train,0.4849720299243927,pdb_00009cfe_A_B
18035,6,train,0.06392046809196472,pdb_00009kt8_E1_E2
18036,6,train,0.05646904185414314,pdb_00002dqc_H_L
18037,6,train,0.012557928450405598,pdb_00009cm3_N1_N2
18038,6,train,0.3854407072067261,pdb_00005nh3_H_L
18039,6,train,0.7363463044166565,pdb_00008w86_A_B
18040,6,train,0.8385655283927917,pdb_00007quh_H_L
18041,6,train,0.5467968583106995,pdb_00006ywc_D_E
18042,6,train,0.01028435304760933,pdb_00009vif_S1_S2
18043,6,train,0.18461349606513977,pdb_00003fku_Y1_Y2
18044,6,train,0.029593219980597496,pdb_00008i7w_E1_E2
18045,6,train,0.4785988926887512,pdb_00007ucq_J1_J2
18046,6,train,0.459491491317749,pdb_00003eo1_H_G
18047,6,train,0.6323592066764832,pdb_00005y11_A_B
18048,6,train,0.5342042446136475,pdb_00006k7o_B_C
18049,6,train,0.2735324501991272,pdb_00001hys_D_C
18050,6,train,0.02115558460354805,pdb_00008j6q_S1_S2
18051,6,train,0.013783606700599194,pdb_00009m54_S1_S2
18052,6,train,0.7397923469543457,pdb_00008yx9_G_I
18053,6,train,0.36828574538230896,pdb_00005wko_I_J
18054,6,train,0.3545622229576111,pdb_00008dwy_V_U
18055,6,train,0.489912748336792,pdb_00009udq_F_A
18056,6,train,0.012673989869654179,pdb_00009kz2_H1_H2
18057,6,train,0.4205893278121948,pdb_00007xcp_H_L
18058,6,train,0.5375279188156128,pdb_00008dcc_H_L
18059,6,train,0.013386829756200314,pdb_00007m2j_A_B
18060,6,train,0.5480829477310181,pdb_00008e8r_H_L
18061,6,train,0.6896159052848816,pdb_00004f37_F_K
18062,6,train,0.7553051710128784,pdb_00009hi4_A_B
18063,6,train,0.006342210806906223,pdb_00009kxs_H1_H2
18064,6,train,0.37986841797828674,pdb_00009lho_O_N
18065,6,train,0.7574437260627747,pdb_00008vk1_C_B
18066,6,train,0.3684220314025879,pdb_00009iw2_H_L
18067,6,train,0.5483899116516113,pdb_00008cn9_B_A
18068,6,train,0.7993040084838867,pdb_00007yds_B_C
18069,6,train,0.3177555799484253,pdb_00007lq7_T_U
18070,6,train,0.6073758602142334,pdb_00006a4k_K_O
18071,6,train,0.43547749519348145,pdb_00009mqd_H_L
18072,6,train,0.09070032089948654,pdb_00009zq9_I2_I1
18073,6,train,0.46145880222320557,pdb_00008u4s_H_L
18074,6,train,0.7268381118774414,pdb_00008hn7_B_A
18075,6,train,0.4647871255874634,pdb_00004ttd_C_D
18076,6,train,0.47077998518943787,pdb_00006dkj_A_B
18077,6,train,0.5702019333839417,pdb_00003vrl_H_L
18078,6,train,0.587819516658783,pdb_00007x3d_H_L
18079,6,train,0.014192833565175533,pdb_00006dde_E1_E2
18080,6,train,0.30775830149650574,pdb_00008jkh_h_l
18081,6,train,1.2902871370315552,pdb_00006ivz_H_L
18082,6,train,0.766149640083313,pdb_00004wv1_E_D
18083,6,train,0.016301780939102173,pdb_00009k26_S1_S2
18084,6,train,0.012229161337018013,pdb_00007xa3_E1_E2
18085,6,train,0.016308927908539772,pdb_00008yn4_E1_E2
18086,6,train,0.5972133278846741,pdb_00008jqm_H_L
18087,6,train,0.862148106098175,pdb_00007kqh_C_D
18088,6,train,0.690284788608551,pdb_00007s0x_C_D
18089,6,train,0.012967259623110294,pdb_00007evy_E1_E2
18090,6,train,0.012602342292666435,pdb_00009bsb_E1_E2
18091,6,train,0.8195750713348389,pdb_00008tp5_E_F
18092,6,train,0.639592170715332,pdb_00007ua8_H1_H2
18093,6,train,0.5834560990333557,pdb_00008zd6_E_F
18094,6,train,1.164298415184021,pdb_00005anm_B_A
18095,6,train,0.014264372177422047,pdb_00008ykd_S1_S2
18096,6,train,0.0190353374928236,pdb_00008vrn_J_I
18097,6,train,1.9142191410064697,pdb_00006vlw_H_L
18098,6,train,0.010344531387090683,pdb_00009j0b_S1_S2
18099,6,train,0.2149685174226761,pdb_00008i5h_H_L
18100,6,train,0.21377049386501312,pdb_00008q6j_B_A
18101,6,train,0.7941068410873413,pdb_00001kb5_H_L
18102,6,train,0.006047618575394154,pdb_00007tho_E_F
18103,6,train,0.7176825404167175,pdb_00009mkn_S_T
18104,6,train,0.9704394936561584,pdb_00001eo8_H_L
18105,6,train,0.606164276599884,pdb_00009fyt_I_M
18106,6,train,0.8076280355453491,pdb_00005a3i_C_D
18107,6,train,0.5071322917938232,pdb_00007dk2_J_K
18108,6,train,0.3749828040599823,pdb_00002i9l_B_A
18109,6,train,0.6329120993614197,pdb_00007x3c_H_L
18110,6,train,0.2821876108646393,pdb_00008z2e_H_L
18111,6,train,0.34669727087020874,pdb_00009quw_D_C
18112,6,train,0.008327558636665344,pdb_00006ad8_E_F
18113,6,train,0.005916254129260778,pdb_00007trq_H1_H2
18114,6,train,0.8190745115280151,pdb_00006s3d_C_D
18115,6,train,0.03458543121814728,pdb_00008jxx_E1_E2
18116,6,train,0.5217123031616211,pdb_00009dn2_I_M
18117,6,train,0.2399088591337204,pdb_00001xgr_B_A
18118,6,train,0.02221199870109558,pdb_00003ri5_H_L
18119,6,train,0.9814558625221252,pdb_00008tea_F_I
18120,6,train,0.16082271933555603,pdb_00008elp_H_L
18121,6,train,0.01146986149251461,pdb_00009uam_E1_E2
18122,6,train,0.007210065610706806,pdb_00009kpf_S1_S2
18123,6,train,0.01781262457370758,pdb_00002bob_A_B
18124,6,train,0.007725074887275696,pdb_00008dd2_J_I
18125,6,train,0.009918016381561756,pdb_00007s8l_E1_E2
18126,6,train,0.5793700218200684,pdb_00009mkn_I_M
18127,6,train,0.009790693409740925,pdb_00009jh6_S1_S2
18128,6,train,0.6125462055206299,pdb_00009mla_G_J
18129,6,train,0.6178991198539734,pdb_00007w71_I_M
18130,6,train,0.02177128754556179,pdb_00008thk_F1_F2
18131,6,train,0.5886733531951904,pdb_00005xmh_D_C
18132,6,train,1.120491623878479,pdb_00007u9w_H1_H2
18133,6,train,0.04965653270483017,pdb_00009kt9_E1_E2
18134,6,train,0.49347665905952454,pdb_00002dd8_H_L
18135,6,train,0.014434675686061382,pdb_00008zd1_S1_S2
18136,6,train,0.9160464406013489,pdb_00009e21_H_L
18137,6,train,0.49725890159606934,pdb_00004hj0_P_Q
18138,6,train,0.16978897154331207,pdb_00007vag_H_L
18139,6,train,0.00600338215008378,pdb_00008evi_N1_N2
18140,6,train,0.006572578568011522,pdb_00007u60_E_F
18141,6,train,0.7522466778755188,pdb_00002w9e_H_L
18142,6,train,0.572420060634613,pdb_00008dwx_X_W
18143,6,train,0.23008276522159576,pdb_00003rhw_I_O
18144,6,train,0.4470035135746002,pdb_00006ii9_H_L
18145,6,train,0.3764602541923523,pdb_00009huo_C_D
18146,6,train,0.018523361533880234,pdb_00008xgu_S1_S2
18147,6,train,0.6834300756454468,pdb_00009n8j_H_I
18148,6,train,0.01596323400735855,pdb_00008j21_B1_B2
18149,6,train,0.6266452074050903,pdb_00008u44_U_W
18150,6,train,0.03970545157790184,pdb_00002vdl_H_L
18151,6,train,0.007081557530909777,pdb_00002exw_E_F
18152,6,train,0.4451305568218231,pdb_00007d6i_B_C
18153,6,train,0.3017088770866394,pdb_00009mla_H_K
18154,6,train,0.6848999261856079,pdb_00008rrn_C_D
18155,6,train,0.5508982539176941,pdb_00004hg4_Z_z
18156,6,train,0.012668853625655174,pdb_00003t3m_H_L
18157,6,train,0.48540323972702026,pdb_00008eoo_H_L
18158,6,train,0.4234567880630493,pdb_00001z3g_H_L
18159,6,train,0.06257671117782593,pdb_00006w0i_A_B
18160,6,train,0.003321977099403739,pdb_00003nif_E_F
18161,6,train,0.9072875380516052,pdb_00002r56_I_M
18162,6,train,0.276081919670105,pdb_00007s0b_C_D
18163,6,train,0.3990378975868225,pdb_00005kov_I1_I2
18164,6,train,0.020971613004803658,pdb_00008evi_M1_M2
18165,6,train,0.6427813768386841,pdb_00009f91_A_B
18166,6,train,0.00753924623131752,pdb_00006pt0_E1_E2
18167,6,train,0.03941171616315842,pdb_00008sgo_K_L
18168,6,train,0.5673186182975769,pdb_00007cdj_H_L
18169,6,train,0.20334072411060333,pdb_00008ulf_H_L
18170,6,train,0.0038619639817625284,pdb_00007trk_H1_H2
18171,6,train,0.631012499332428,pdb_00005gs0_F_E
18172,6,train,0.7886331677436829,pdb_00008hrd_C_E
18173,6,train,0.8693296909332275,pdb_00009lae_H_L
18174,6,train,0.46199774742126465,pdb_00007klg_H_L
18175,6,train,0.4798154830932617,pdb_00001bql_H_L
18176,6,train,0.030763719230890274,pdb_00008ef6_E1_E2
18177,6,train,0.7724826335906982,pdb_00008tnn_J_I
18178,6,train,0.5481532216072083,pdb_00006wtu_K_L
18179,6,train,0.020235491916537285,pdb_00008iw1_S1_S2
18180,6,train,0.029676301404833794,pdb_00009erx_F1_F2
18181,6,train,0.6452391147613525,pdb_00007mxl_H_L
18182,6,train,0.2253911793231964,pdb_00009hhr_F_E
18183,6,train,0.36428743600845337,pdb_00001fsk_C_B
18184,6,train,0.4358919858932495,pdb_00009b82_R_Q
18185,6,train,0.28062498569488525,pdb_00008jkh_m_n
18186,6,train,0.006021329667419195,pdb_00009buy_E1_E2
18187,6,train,0.073296919465065,pdb_00006zlr_FFF_GGG
18188,6,train,0.008347904309630394,pdb_00007k5y_M2_M1
18189,6,train,0.48167160153388977,pdb_00007ua8_I1_I2
18190,6,train,0.45032909512519836,pdb_00004jpk_H_L
18191,6,train,0.6908490061759949,pdb_00009c6y_C_D
18192,6,train,0.01164062600582838,pdb_00009cgj_E1_E2
18193,6,train,0.016926851123571396,pdb_00007xjj_S1_S2
18194,6,train,0.2699945271015167,pdb_00007kfv_F_G
18195,6,train,0.14664767682552338,pdb_00009hhr_D_G
18196,6,train,0.06345672905445099,pdb_00008w2e_F_E
18197,6,train,1.0744963884353638,pdb_00005t5f_H_L
18198,6,train,0.510994553565979,pdb_00005xhv_P_Q
18199,6,train,0.006053907331079245,pdb_00007v69_S1_S2
18200,6,train,0.7462013363838196,pdb_00005umi_H_L
18201,6,train,0.06377431005239487,pdb_00008iec_N1_N2
18202,6,train,0.012767034582793713,pdb_00009lr1_S1_S2
18203,6,train,0.039294157177209854,pdb_00006ada_C_D
18204,6,train,0.041351567953825,pdb_00009ns9_N1_N2
18205,6,train,0.01285470835864544,pdb_00006vmk_M_L
18206,6,train,1.2283962965011597,pdb_00003bgf_H_L
18207,6,train,0.7436368465423584,pdb_00008cxg_G_I
18208,6,train,0.12200333923101425,pdb_00002qr0_X_W
18209,6,train,0.3361862003803253,pdb_000011ol_H_L
18210,6,train,0.2008259892463684,pdb_00008i5h_E_F
18211,6,train,0.4105494022369385,pdb_00004zff_A_B
18212,6,train,0.3905954957008362,pdb_00008j7e_A_B
18213,6,train,0.35280168056488037,pdb_00007t3d_J_M
18214,6,train,0.40380778908729553,pdb_00004hg4_V_W
18215,6,train,0.2335071563720703,pdb_00005yoy_R_O
18216,6,train,0.42006367444992065,pdb_00002r0l_H_L
18217,6,train,0.48976755142211914,pdb_00007dk2_D_E
18218,6,train,0.5772961974143982,pdb_00007yvl_A_C
18219,6,train,0.02051020786166191,pdb_00008k9l_H1_H2
18220,6,train,0.2933977246284485,pdb_00002i9l_H_G
18221,6,train,0.9934830665588379,pdb_00008tfn_H_L
18222,6,train,0.8372289538383484,pdb_00007bsd_H_L
18223,6,train,0.4426048696041107,pdb_00006woz_K_L
18224,6,train,0.9441593885421753,pdb_00005vig_H_L
18225,6,train,0.018131032586097717,pdb_00006ad7_E_F
18226,6,train,0.30912697315216064,pdb_00008jel_I_K
18227,6,train,0.00598504114896059,pdb_00008jlj_S1_S2
18228,6,train,0.009758207947015762,pdb_00007s8o_E1_E2
18229,6,train,1.2091578245162964,pdb_00003lqa_H_L
18230,6,train,0.006540574599057436,pdb_00006ada_E_F
18231,6,train,0.9291738271713257,pdb_00007ezv_M_N
18232,6,train,0.4119319021701813,pdb_00007x66_H_L
18233,6,train,0.8869563341140747,pdb_00007s11_I_M
18234,6,train,0.6524991989135742,pdb_00008gpu_H_L
18235,6,train,0.005730889271944761,pdb_00008sid_J_I
18236,6,train,0.15907415747642517,pdb_00006ba5_H_G
18237,6,train,0.012067165225744247,pdb_00008dd2_K_L
18238,6,train,0.8194506764411926,pdb_00007uvi_A_B
18239,6,train,0.5248369574546814,pdb_00009mtj_M_N
18240,6,train,0.8845852613449097,pdb_00001qfu_H_L
18241,6,train,0.02844814956188202,pdb_00008j6j_H1_H2
18242,6,train,0.3386305868625641,pdb_00005wko_G_H
18243,6,train,0.009601151570677757,pdb_00008jxv_E1_E2
18244,6,train,0.6959590315818787,pdb_00006oc3_A_B
18245,6,train,0.004308861680328846,pdb_00007uk9_E_F
18246,6,train,0.3556213080883026,pdb_00008zd5_E_F
18247,6,train,0.488522469997406,pdb_00007y7m_F_G
18248,6,train,0.007061177399009466,pdb_00006x40_K_L
18249,6,train,1.009110927581787,pdb_00008r8k_H_L
18250,6,train,0.6059592366218567,pdb_00009n4e_O_R
18251,6,train,0.02541981264948845,pdb_00008y73_E1_E2
18252,6,train,0.35523849725723267,pdb_00007xei_C_D
18253,6,train,0.02237844280898571,pdb_00008efb_E1_E2
18254,6,train,0.7720382213592529,pdb_00009oar_B_D
18255,6,train,0.6015484929084778,pdb_00004wv1_B_A
18256,6,train,0.023096593096852303,pdb_00001j1o_H_L
18257,6,train,0.6393898129463196,pdb_00008cma_H_L
18258,6,train,0.047344502061605453,pdb_00009ouq_J_K
18259,6,train,0.05459204316139221,pdb_00009j31_D1_D2
18260,6,train,0.014173646457493305,pdb_00008evg_M1_M2
18261,6,train,0.4375222325325012,pdb_00003nh7_K_O
18262,6,train,0.4371027648448944,pdb_00008y3h_I_J
18263,6,train,0.6260364055633545,pdb_00008hrd_W_X
18264,6,train,0.0035231653600931168,pdb_00002fee_I_L
18265,6,train,0.0036030265036970377,pdb_00003ze2_H_L
18266,6,train,0.017629479989409447,pdb_00009ijd_D1_D2
18267,6,train,0.7671833038330078,pdb_00008d9y_F_E
18268,6,train,0.023020774126052856,pdb_00002r9h_C_D
18269,6,train,0.26256316900253296,pdb_00004ma7_H_L
18270,6,train,0.23350074887275696,pdb_00003rif_I_O
18271,6,train,0.1377945989370346,pdb_00001xgp_B_A
18272,6,train,0.020834118127822876,pdb_00006bah_B_A
18273,6,train,0.046584341675043106,pdb_00008id9_S1_S2
18274,6,train,0.006947242189198732,pdb_00009ppy_E1_E2
18275,6,train,0.00874671246856451,pdb_00005u5m_B_A
18276,6,train,0.12059339880943298,pdb_00009ge2_F1_F2
18277,6,train,0.1000269278883934,pdb_00009ge3_F1_F2
18278,6,train,0.3166797161102295,pdb_00003v4p_M_N
18279,6,train,0.007999569177627563,pdb_00009vmy_E1_E2
18280,6,train,0.5661436915397644,pdb_00007x6o_I_K
18281,6,train,0.0991397425532341,pdb_00002qr0_R_Q
18282,6,train,0.4602452218532562,pdb_00007ycn_C_D
18283,6,train,0.4563967287540436,pdb_00008i5l_E1_E2
18284,6,train,0.5343657732009888,pdb_00007rku_G_I
18285,6,train,0.013697655871510506,pdb_00007mhx_A_B
18286,6,train,0.017917508259415627,pdb_00007trp_H1_H2
18287,6,train,0.7620265483856201,pdb_00006hjp_G_H
18288,6,train,0.05076213181018829,pdb_00008h2g_E1_E2
18289,6,train,0.007410849444568157,pdb_00007ujk_E_F
18290,6,train,0.3919732868671417,pdb_00009lbs_H_L
18291,6,train,0.26129546761512756,pdb_00008smt_A_B
18292,6,train,0.024886419996619225,pdb_00007x9y_S1_S2
18293,6,train,0.44946014881134033,pdb_00007bsd_A_B
18294,6,train,0.3993068337440491,pdb_00004odx_A_L
18295,6,train,1.0752943754196167,pdb_00009e3k_J_K
18296,6,train,0.044789016246795654,pdb_00004fg6_C_D
18297,6,train,0.020986057817935944,pdb_00009izg_S1_S2
18298,6,train,0.14825467765331268,pdb_00003b2u_Q_R
18299,6,train,0.8595365881919861,pdb_00007zoz_H_L
18300,6,train,0.5131763815879822,pdb_00001dee_D_C
18301,6,train,0.5319119691848755,pdb_00008yub_D_E
18302,6,train,1.3483705520629883,pdb_00006osh_H_L
18303,6,train,0.17907579243183136,pdb_00005yoy_H_E
18304,6,train,0.7249475717544556,pdb_00008g5b_H_L
18305,6,train,0.483174204826355,pdb_00007m3i_H_L
18306,6,train,0.018280111253261566,pdb_00007vuz_S1_S2
18307,6,train,0.45298242568969727,pdb_00009n4f_M_N
18308,6,train,0.3406786024570465,pdb_00009n4e_Q_P
18309,6,train,0.1880120187997818,pdb_00006vvu_H_L
18310,6,train,0.022307222709059715,pdb_00007k60_M2_M1
18311,6,train,0.016636665910482407,pdb_00008zme_E1_E2
18312,6,train,0.01766856200993061,pdb_00007vv5_S1_S2
18313,6,train,0.016025429591536522,pdb_00008jbh_E1_E2
18314,6,train,1.1197956800460815,pdb_00006mto_H_L
18315,6,train,0.16140957176685333,pdb_00008smt_H_L
18316,6,train,0.03633704409003258,pdb_00008vgh_K_L
18317,6,train,0.5556972026824951,pdb_00006ejg_D2_D1
18318,6,train,0.2993500232696533,pdb_00007ycn_K_L
18319,6,train,0.21731220185756683,pdb_00007xeg_C_D
18320,6,train,0.8244704604148865,pdb_00007wph_E_D
18321,6,train,0.5205098390579224,pdb_00009ccs_C_B
18322,6,train,0.5709589123725891,pdb_00004f37_H_L
18323,6,train,0.4807373285293579,pdb_00008bg3_A1_A2
18324,6,train,0.8134395480155945,pdb_00009j4c_H_L
18325,6,train,1.170334815979004,pdb_00007uij_A_B
18326,6,train,0.8923254609107971,pdb_00007rr0_B_C
18327,6,train,0.013077161274850368,pdb_00007yac_S1_S2
18328,6,train,0.3723715841770172,pdb_00008ut2_H_G
18329,6,train,0.11575181782245636,pdb_00006yz7_BBB_CCC
18330,6,train,0.1099623590707779,pdb_00009oun_J_K
18331,6,train,0.1004953682422638,pdb_00007zmk_J_K
18332,6,train,0.012257112190127373,pdb_00007vie_E1_E2
18333,6,train,0.008448945358395576,pdb_00008hnl_S1_S2
18334,6,train,0.022619327530264854,pdb_00007ezh_H1_H2
18335,6,train,0.4120293855667114,pdb_00009l6c_A_B
18336,6,train,0.010307641699910164,pdb_00008jz7_S1_S2
18337,6,train,0.2260512262582779,pdb_00008go8_I_M
18338,6,train,0.6281777024269104,pdb_00008sit_M_N
18339,6,train,0.3685511350631714,pdb_00009udq_I_C
18340,6,train,0.02936200052499771,pdb_00001k4d_A_B
18341,6,train,0.008866007439792156,pdb_00008ubj_N2_N1
18342,6,train,0.7030854821205139,pdb_00008g5b_I_M
18343,6,train,0.041061218827962875,pdb_00009ouo_J_K
18344,6,train,0.02535565383732319,pdb_00007xbd_E1_E2
18345,6,train,0.01072004996240139,pdb_00007xw9_S1_S2
18346,6,train,0.4402427673339844,pdb_00003dvg_B_A
18347,6,train,0.27979856729507446,pdb_00007ul1_H_L
18348,6,train,0.41771721839904785,pdb_00006ii4_E_F
18349,6,train,0.4694259762763977,pdb_00008dwx_H_L
18350,6,train,0.447696715593338,pdb_00007ley_G_F
18351,6,train,0.23640292882919312,pdb_00008ut2_L_K
18352,6,train,0.0416191965341568,pdb_00002qr0_T_S
18353,6,train,0.5426369905471802,pdb_00007dk0_A_B
18354,6,train,0.6566705107688904,pdb_00007wh8_B_A
18355,6,train,0.43768203258514404,pdb_00007wwk_G_F
18356,6,train,0.41181445121765137,pdb_00008znz_G_H
18357,6,train,0.6783497929573059,pdb_00003p0y_H_L
18358,6,train,0.015676913782954216,pdb_00007y66_S1_S2
18359,6,train,0.011484398506581783,pdb_00008xxu_E1_E2
18360,6,train,0.2873915731906891,pdb_00003rhw_F_N
18361,6,train,0.35465502738952637,pdb_00007klg_I_M
18362,6,train,0.822422444820404,pdb_00009mtk_H_L
18363,6,train,0.47041571140289307,pdb_00007lq7_H_L
18364,6,train,0.011383791454136372,pdb_00008e9y_E1_E2
18365,6,train,0.3904856741428375,pdb_00002wuc_H_L
18366,6,train,0.8058926463127136,pdb_00008ezk_I1_I2
18367,6,train,0.40184444189071655,pdb_00005ggv_H_L
18368,6,train,0.34810057282447815,pdb_00008vgl_E_F
18369,6,train,0.7226687669754028,pdb_00007pa7_eee2_eee1
18370,6,train,0.013244780711829662,pdb_00009jh3_S1_S2
18371,6,train,0.2313234657049179,pdb_00006vvu_J_K
18372,6,train,0.891296923160553,pdb_00006vc9_H_L
18373,6,train,0.9612678289413452,pdb_00006u9s_D_E
18374,6,train,0.4442441165447235,pdb_00009n7q_H_L
18375,6,train,0.6167021989822388,pdb_00009vhz_A_B
18376,6,train,0.41668573021888733,pdb_00008tft_I_M
18377,6,train,0.39774978160858154,pdb_00006wzm_A_B
18378,6,train,0.016563061624765396,pdb_00002boc_A_B
18379,6,train,0.05050653964281082,pdb_00008dk5_N1_N2
18380,6,train,0.020317355170845985,pdb_00008yuv_S1_S2
18381,6,train,0.08996956795454025,pdb_00006w0j_A_B
18382,6,train,0.012134184129536152,pdb_00008yn7_E1_E2
18383,6,train,0.011401403695344925,pdb_00008zh8_S1_S2
18384,6,train,0.9041745066642761,pdb_00009ma7_F_G
18385,6,train,0.34948378801345825,pdb_00005bo1_I_M
18386,6,train,0.010105731897056103,pdb_00007w55_E1_E2
18387,6,train,0.02130408212542534,pdb_00008wwh_E1_E2
18388,6,train,0.6469780206680298,pdb_00007bpk_C_D
18389,6,train,0.006699445191770792,pdb_00008z7j_S1_S2
18390,6,train,0.017492935061454773,pdb_00009jks_S1_S2
18391,6,train,0.008312825113534927,pdb_00008jlr_S1_S2
18392,6,train,0.9867291450500488,pdb_00009kvk_A_B
18393,6,train,0.5964998602867126,pdb_00006s3d_E_F
18394,6,train,0.028042497113347054,pdb_00009m55_S1_S2
18395,6,train,0.06965651363134384,pdb_00008ied_N1_N2
18396,6,train,0.9859679937362671,pdb_00007ykj_A_D
18397,6,train,0.21847032010555267,pdb_00003fku_U1_U2
18398,6,train,0.9948413372039795,pdb_00004ubd_Y_X
18399,6,train,1.2096583843231201,pdb_00009rih_H_L
18400,6,train,0.009680021554231644,pdb_00007wf7_E1_E2
18401,6,train,0.6334699988365173,pdb_00006iap_H_L
18402,6,train,0.5515899658203125,pdb_00007m7w_C_D
18403,6,train,0.5024304389953613,pdb_00009ixa_H_L
18404,6,train,0.014195111580193043,pdb_00008vvf_E1_E2
18405,6,train,0.044848520308732986,pdb_00008zps_E1_E2
18406,6,train,0.0049297139048576355,pdb_00002exy_C_D
18407,6,train,0.11318763345479965,pdb_00007zmk_P_Q
18408,6,train,0.8665988445281982,pdb_00009l07_H_L
18409,6,train,0.5663124322891235,pdb_00008w83_I_J
18410,6,train,0.02494976297020912,pdb_00008yuu_S1_S2
18411,6,train,0.24000389873981476,pdb_00008as2_H_L
18412,6,train,0.011722492054104805,pdb_00008iys_E1_E2
18413,6,train,0.03531861677765846,pdb_00008thl_F1_F2
18414,6,train,0.43635836243629456,pdb_00009mkn_H_L
18415,6,train,0.005468164104968309,pdb_00002ht2_C_D
18416,6,train,0.05523494631052017,pdb_00003rhw_J_M
18417,6,train,0.5556601881980896,pdb_00006t3j_F_G
18418,6,train,0.832217276096344,pdb_00009cq7_H_I
18419,6,train,0.015425167046487331,pdb_00008yh0_S1_S2
18420,6,train,0.03274771198630333,pdb_00003rhw_H_L
18421,6,train,0.4087105393409729,pdb_00007wqv_L1_L2
18422,6,train,0.01186515111476183,pdb_00008k9k_H1_H2
18423,6,train,0.686018705368042,pdb_00007m42_B_A
18424,6,train,0.027418285608291626,pdb_00008t3s_N1_N2
18425,6,train,0.025538716465234756,pdb_00003rif_G_K
18426,6,train,0.6604871153831482,pdb_00006wmw_M_N
18427,6,train,0.4545214772224426,pdb_00007l7e_E_F
18428,6,train,0.5387618541717529,pdb_00003g6j_F_E
18429,6,train,0.39454278349876404,pdb_00009fys_I_M
18430,6,train,0.07013046741485596,pdb_00007o7f_H_F
18431,6,train,0.48257574439048767,pdb_00008xsf_H_L
18432,6,train,0.507706880569458,pdb_00008jqn_H_L
18433,6,train,0.014155413955450058,pdb_00008jpn_S1_S2
18434,6,train,0.15814702212810516,pdb_00003ri5_F_N
18435,6,train,0.3022591769695282,pdb_00008txu_E_J
18436,6,train,0.7651169300079346,pdb_00008w5l_H_L
18437,6,train,0.41584864258766174,pdb_00007lop_X_Y
18438,6,train,0.019302936270833015,pdb_00007ej8_H1_H2
18439,6,train,0.6454758644104004,pdb_00008ezk_H1_H2
18440,6,train,0.010019669309258461,pdb_00006x3x_K_L
18441,6,train,0.26037853956222534,pdb_00001dzb_B1_B2
18442,6,train,0.017343226820230484,pdb_00009vo2_S1_S2
18443,6,train,0.8022002577781677,pdb_00006xm2_D_C
18444,6,train,0.7937220931053162,pdb_00008dwo_S_T
18445,6,train,0.586023211479187,pdb_00009ml8_E_F
18446,6,train,0.6240237951278687,pdb_00008tzw_H_L
18447,6,train,0.10125571489334106,pdb_00001nbz_B_A
18448,6,train,0.48564574122428894,pdb_00001ors_B_A
18449,6,train,0.010188009589910507,pdb_00008xxh_S1_S2
18450,6,train,0.7232872843742371,pdb_00008fhy_H_L
18451,6,train,0.9761400818824768,pdb_00003mxw_H_L
18452,6,train,0.5053629875183105,pdb_00009b2m_J_K
18452,6,train_epoch,0.3836662495726605,
18452,6,validation,1.037270906973969,
