iteration,epoch,phase,loss,record_id
1,0,train,3.3457064628601074,pdb_00005hbv_D_C
2,0,train,2.9445197582244873,pdb_00009ldw_S1_S2
3,0,train,3.1499907970428467,pdb_00003eoa_B_A
4,0,train,2.997911214828491,pdb_00009mq9_J_N
5,0,train,2.8850643634796143,pdb_00008smt_A_B
6,0,train,2.771602153778076,pdb_00002ybr_G_H
7,0,train,2.4334585666656494,pdb_00007yk6_S1_S2
8,0,train,2.7812113761901855,pdb_00004dn4_H_L
9,0,train,2.667484998703003,pdb_00008z2e_H_L
10,0,train,2.861125946044922,pdb_00007vgs_D_C
11,0,train,2.863784074783325,pdb_00007t82_H_L
12,0,train,2.763312816619873,pdb_00009ctw_F_E
13,0,train,2.5973060131073,pdb_00006gku_H_L
14,0,train,2.7383408546447754,pdb_00006ywc_D_E
15,0,train,3.0864009857177734,pdb_00009e3l_K_L
16,0,train,2.619568347930908,pdb_00009c6y_A_B
17,0,train,2.465251922607422,pdb_00008ijb_S1_S2
18,0,train,2.696993350982666,pdb_00006xpz_E_F
19,0,train,2.412785053253174,pdb_00006cyf_F_E
20,0,train,2.548151731491089,pdb_00006dkj_H_L
21,0,train,2.4865686893463135,pdb_00008zh7_H_I
22,0,train,2.4778637886047363,pdb_00009ue8_Q_R
23,0,train,2.6076276302337646,pdb_00007jum_H1_H2
24,0,train,2.3733577728271484,pdb_00008hn7_D_C
25,0,train,2.727656602859497,pdb_00008dwx_X_W
26,0,train,2.58882212638855,pdb_00008vgh_F_E
27,0,train,2.446232795715332,pdb_000011oq_H_L
28,0,train,2.65669584274292,pdb_00007lop_H_L
29,0,train,2.1646623611450195,pdb_00007vfx_S1_S2
30,0,train,1.9778189659118652,pdb_00008iy5_E1_E2
31,0,train,2.6899616718292236,pdb_00004ma8_H_L
32,0,train,2.622437000274658,pdb_00007ubs_I1_I2
33,0,train,2.683840274810791,pdb_00006w41_H_L
34,0,train,2.4861433506011963,pdb_00009u5p_B_C
35,0,train,2.721216917037964,pdb_00006ban_B_A
36,0,train,2.280416250228882,pdb_00008uh3_E1_E2
37,0,train,1.6988970041275024,pdb_00008x9t_S1_S2
38,0,train,2.626300811767578,pdb_00007bwj_H_L
39,0,train,2.638737916946411,pdb_00004hg4_Z_z
40,0,train,2.444688081741333,pdb_00008wu1_H_L
41,0,train,2.048224925994873,pdb_00008wwl_E1_E2
42,0,train,2.6684250831604004,pdb_00002vir_B_A
43,0,train,1.9207197427749634,pdb_00008j6p_S1_S2
44,0,train,2.3988237380981445,pdb_00009u5p_P_Q
45,0,train,2.601170301437378,pdb_00007vgr_D_C
46,0,train,2.4395456314086914,pdb_00006ban_D_C
47,0,train,2.525514841079712,pdb_00006k7o_B_C
48,0,train,2.5712192058563232,pdb_00006wzm_C_D
49,0,train,2.736137866973877,pdb_00004fp8_I_M
50,0,train,2.0605275630950928,pdb_00007s0b_C_D
51,0,train,2.0063698291778564,pdb_00009vo0_E1_E2
52,0,train,1.5083749294281006,pdb_00008k3z_S1_S2
53,0,train,2.756772994995117,pdb_00004m62_H_L
54,0,train,1.163101315498352,pdb_00007ys6_E1_E2
55,0,train,2.287118673324585,pdb_00004gxu_O_P
56,0,train,2.8565220832824707,pdb_00001r3k_B_A
57,0,train,2.5297865867614746,pdb_00009ban_E_F
58,0,train,2.0908825397491455,pdb_00008j22_F1_F2
59,0,train,2.633687973022461,pdb_00008eed_H_L
60,0,train,2.743607997894287,pdb_00005kov_K1_K2
61,0,train,2.6436517238616943,pdb_00006e0p_M1_M2
62,0,train,1.9235752820968628,pdb_00008x2k_E1_E2
63,0,train,1.4187359809875488,pdb_00009vmo_S1_S2
64,0,train,2.654097080230713,pdb_00008ygs_H_L
65,0,train,1.52392578125,pdb_00007xat_E1_E2
66,0,train,2.403010129928589,pdb_00008h7z_F_I
67,0,train,1.663456916809082,pdb_00007ejk_H1_H2
68,0,train,1.537532925605774,pdb_00009izg_S1_S2
69,0,train,1.2057114839553833,pdb_00008jef_S1_S2
70,0,train,2.29146409034729,pdb_00006vmk_B_A
71,0,train,2.1213018894195557,pdb_00008i5h_E_F
72,0,train,1.0171825885772705,pdb_00007y66_S1_S2
73,0,train,0.9128520488739014,pdb_00008hn8_S1_S2
74,0,train,2.480705499649048,pdb_00008dv6_C_L
75,0,train,2.773219108581543,pdb_00006x3v_K_L
76,0,train,2.291428327560425,pdb_00007ucq_I1_I2
77,0,train,2.1081318855285645,pdb_00007dpm_D_E
78,0,train,0.8296422958374023,pdb_00009ll7_S1_S2
79,0,train,2.5911617279052734,pdb_00006oc3_C_D
80,0,train,1.1922632455825806,pdb_00008gur_S1_S2
81,0,train,2.6261556148529053,pdb_00001ots_C_D
82,0,train,2.1974852085113525,pdb_00007kzb_H_L
83,0,train,2.3186075687408447,pdb_00008cxg_G_I
84,0,train,2.7878353595733643,pdb_00007t0w_H_L
85,0,train,2.3395092487335205,pdb_00007z0y_H_L
86,0,train,0.766257643699646,pdb_00009lr1_S1_S2
87,0,train,2.3782148361206055,pdb_00007jum_J1_J2
88,0,train,2.18992280960083,pdb_00008zyu_D_Q
89,0,train,2.000373601913452,pdb_00009jqv_H_L
90,0,train,2.3726258277893066,pdb_00008vgi_F_E
91,0,train,2.5834388732910156,pdb_00006ml8_H_L
92,0,train,0.606442391872406,pdb_00009ite_E1_E2
93,0,train,2.5975472927093506,pdb_00009mtg_M_N
94,0,train,2.0929455757141113,pdb_00007srs_H_L
95,0,train,2.3780455589294434,pdb_00007ycl_A_B
96,0,train,0.586239755153656,pdb_00008f7w_E1_E2
97,0,train,1.8394542932510376,pdb_00004ttd_C_D
98,0,train,2.6633927822113037,pdb_00002vis_B_A
99,0,train,2.3489434719085693,pdb_00007t3d_K_N
100,0,train,2.7867372035980225,pdb_00009me6_I_M
101,0,train,1.926923155784607,pdb_00008id3_S1_S2
102,0,train,2.4123733043670654,pdb_00007k5x_N2_N1
103,0,train,1.0696415901184082,pdb_00008z7j_S1_S2
104,0,train,2.2816295623779297,pdb_00008v52_D_C
105,0,train,2.3072943687438965,pdb_00006z3q_H_L
106,0,train,0.46879616379737854,pdb_00009v81_E1_E2
107,0,train,1.1181505918502808,pdb_00008wwi_E1_E2
108,0,train,2.7256765365600586,pdb_00002dqe_H_L
109,0,train,0.4381765127182007,pdb_00009kft_S1_S2
110,0,train,2.743746757507324,pdb_00008hq7_H_L
111,0,train,2.5510432720184326,pdb_00003rif_H_L
112,0,train,2.2598178386688232,pdb_00008siq_H_L
113,0,train,1.009992003440857,pdb_00008wwm_E1_E2
114,0,train,2.5044820308685303,pdb_00008y3l_G_H
115,0,train,2.202669143676758,pdb_00008ee8_H_L
116,0,train,2.5732245445251465,pdb_00008yub_D_E
117,0,train,1.907048225402832,pdb_00008zyt_D_Q
118,0,train,2.365452766418457,pdb_00007wed_H_L
119,0,train,0.3855447471141815,pdb_00007t6v_E1_E2
120,0,train,2.3885958194732666,pdb_00008sid_K_L
121,0,train,1.9916319847106934,pdb_00004dkf_H_L
122,0,train,2.3151631355285645,pdb_00009npg_K_J
123,0,train,2.5557096004486084,pdb_00005kov_U1_U2
124,0,train,2.254779815673828,pdb_00008hgm_C_D
125,0,train,2.470015525817871,pdb_00001xgr_B_A
126,0,train,2.960561752319336,pdb_00009e3h_J_K
127,0,train,1.7632862329483032,pdb_00005bo1_I_M
128,0,train,2.199492931365967,pdb_00007bpk_H_L
129,0,train,2.1602158546447754,pdb_00009npg_G_H
130,0,train,1.67461359500885,pdb_00002qr0_R_Q
131,0,train,2.473381519317627,pdb_00009os5_I_L
132,0,train,2.042257308959961,pdb_00008gv6_G_H
133,0,train,2.3323662281036377,pdb_00003rif_G_K
134,0,train,2.4550933837890625,pdb_00006d0u_H_I
135,0,train,1.961045503616333,pdb_00007zoz_H_L
136,0,train,2.102191686630249,pdb_00003zdz_E_F
137,0,train,1.8914064168930054,pdb_00007pa7_ooo2_ooo1
138,0,train,2.3171610832214355,pdb_00004n90_F_G
139,0,train,2.3112595081329346,pdb_00007ahu_H_L
140,0,train,2.1347343921661377,pdb_00008vgj_F_E
141,0,train,2.2921085357666016,pdb_00008xa4_C_D
142,0,train,2.4035251140594482,pdb_00002x7l_A_B
143,0,train,1.8764092922210693,pdb_00008suo_H_L
144,0,train,2.503523588180542,pdb_00007yvl_A_C
145,0,train,1.8229906558990479,pdb_00007cjf_A_B
146,0,train,1.151666522026062,pdb_00008j23_F1_F2
147,0,train,1.7327731847763062,pdb_00004lmq_E_I
148,0,train,2.0285370349884033,pdb_00008vk1_C_B
149,0,train,2.4735941886901855,pdb_00007f0x_B1_B2
150,0,train,1.1834397315979004,pdb_00007w3z_H1_H2
151,0,train,0.5681468844413757,pdb_00007s8o_E1_E2
152,0,train,2.304995059967041,pdb_00006wtu_E_F
153,0,train,0.46155375242233276,pdb_00009lr2_S1_S2
154,0,train,1.7778420448303223,pdb_00009rip_H_L
155,0,train,0.9587061405181885,pdb_00008k9l_H1_H2
156,0,train,1.9676698446273804,pdb_00007whz_B_D
157,0,train,2.4463417530059814,pdb_00006mlm_F_G
158,0,train,2.6991961002349854,pdb_00006ba5_D_C
159,0,train,0.5470512509346008,pdb_00008h0q_E1_E2
160,0,train,1.9283407926559448,pdb_00009bt5_C_D
161,0,train,2.313654661178589,pdb_00001bvk_B_A
162,0,train,1.928571343421936,pdb_00007jx3_C_D
163,0,train,0.34380102157592773,pdb_00008dzp_E1_E2
164,0,train,2.314582347869873,pdb_00002dqi_H_L
165,0,train,2.464911699295044,pdb_00007mkm_H_L
166,0,train,2.604964017868042,pdb_00008u4q_H_L
167,0,train,0.37720128893852234,pdb_00009le0_S1_S2
168,0,train,0.3471390902996063,pdb_00007evz_E1_E2
169,0,train,2.442141532897949,pdb_00003f7v_A_B
170,0,train,2.213249444961548,pdb_00006k5d_E_F
171,0,train,1.8445634841918945,pdb_00006woz_B_C
172,0,train,2.112994909286499,pdb_00007rku_J_K
173,0,train,0.8873826265335083,pdb_00009p0k_F1_F2
174,0,train,2.706843376159668,pdb_00008c7h_L_K
175,0,train,2.1899592876434326,pdb_00005b8c_B_A
176,0,train,0.2016633152961731,pdb_00009k6l_S1_S2
177,0,train,0.20860038697719574,pdb_00009le1_S1_S2
178,0,train,2.18326473236084,pdb_00007vad_H_L
179,0,train,1.8168354034423828,pdb_00006b9y_B_A
180,0,train,1.9502264261245728,pdb_00009udq_I_C
181,0,train,0.18332144618034363,pdb_00008zme_E1_E2
182,0,train,2.183553457260132,pdb_00006k5d_C_D
183,0,train,1.7461038827896118,pdb_00004ogx_H_L
184,0,train,1.8567579984664917,pdb_00006vja_H_L
185,0,train,2.350635051727295,pdb_00009lbw_H_L
186,0,train,1.8167668581008911,pdb_00003b2v_H_L
187,0,train,2.117594003677368,pdb_00007k60_M2_M1
188,0,train,0.8945250511169434,pdb_00008rql_S1_S2
189,0,train,2.090625524520874,pdb_00007wqv_N1_N2
190,0,train,0.7107272744178772,pdb_00008j6d_H1_H2
191,0,train,2.5638177394866943,pdb_00006wtv_H_I
192,0,train,1.6116935014724731,pdb_00007b3o_H_L
193,0,train,2.3995540142059326,pdb_00009ctw_D_C
194,0,train,1.5664790868759155,pdb_00008vgp_H_L
195,0,train,2.3429362773895264,pdb_00007rk1_D1_D2
196,0,train,0.22252988815307617,pdb_00009b65_S1_S2
197,0,train,0.22755774855613708,pdb_00009vnf_E1_E2
198,0,train,2.5638625621795654,pdb_00007n4j_H_L
199,0,train,0.46981388330459595,pdb_00008xxz_S1_S2
200,0,train,2.0710957050323486,pdb_00002ht2_E_F
201,0,train,1.2507274150848389,pdb_00002qr0_F_E
202,0,train,1.9190441370010376,pdb_00008vgk_J_I
203,0,train,2.035020112991333,pdb_00004v1d_A_B
204,0,train,2.1101627349853516,pdb_00009sat_H_L
205,0,train,2.1966254711151123,pdb_00005lsp_S_T
206,0,train,2.583874225616455,pdb_00009m7v_H_L
207,0,train,2.073129177093506,pdb_00002dqg_H_L
208,0,train,0.25286489725112915,pdb_00008dwc_E1_E2
209,0,train,0.42009755969047546,pdb_00009izc_S1_S2
210,0,train,1.9801443815231323,pdb_00008hn6_A_B
211,0,train,2.2141854763031006,pdb_00007k78_L1_L2
212,0,train,2.5464487075805664,pdb_00007mdj_A_B
213,0,train,1.9302353858947754,pdb_00009bbn_S_T
214,0,train,2.4543657302856445,pdb_00008tp5_J_K
215,0,train,0.2329634726047516,pdb_00008gut_S1_S2
216,0,train,2.4234414100646973,pdb_00007l7e_M_N
217,0,train,0.21321386098861694,pdb_00009m8k_N1_N2
218,0,train,0.39942896366119385,pdb_00009xhh_D1_D2
219,0,train,2.338696002960205,pdb_00005kov_C1_C2
220,0,train,2.073021411895752,pdb_00009rii_H_L
221,0,train,2.271693468093872,pdb_00006ba5_B_A
222,0,train,2.3137552738189697,pdb_00007xj9_K_J
223,0,train,0.3621995151042938,pdb_00009vj6_E1_E2
224,0,train,1.899066686630249,pdb_00002h2s_E_F
225,0,train,2.0400400161743164,pdb_00001rjl_B_A
226,0,train,2.6490838527679443,pdb_00009mtm_I_J
227,0,train,1.8867967128753662,pdb_00006ad8_C_D
228,0,train,0.4362369179725647,pdb_00008xgm_S1_S2
229,0,train,0.3928411602973938,pdb_00009d4z_E1_E2
230,0,train,2.446254014968872,pdb_00009oco_H_L
231,0,train,1.7175151109695435,pdb_00006vja_I_M
232,0,train,0.2883467376232147,pdb_00008efl_E1_E2
233,0,train,1.9165655374526978,pdb_00007vag_H_L
234,0,train,0.2738899886608124,pdb_00008hk3_H1_H2
235,0,train,1.9334739446640015,pdb_00003a67_H_L
236,0,train,1.7705655097961426,pdb_00007kmh_A_B
237,0,train,2.1288602352142334,pdb_00006h3u_I_M
238,0,train,2.4111738204956055,pdb_00009qub_F_E
239,0,train,2.4870383739471436,pdb_00008dnn_E_F
240,0,train,0.2256273627281189,pdb_00008vve_E1_E2
241,0,train,2.0171332359313965,pdb_00007sco_H_L
242,0,train,1.7089308500289917,pdb_00007rks_H_L
243,0,train,0.18441615998744965,pdb_00007vuy_S1_S2
244,0,train,1.8017449378967285,pdb_00008gv6_I_J
245,0,train,2.0916314125061035,pdb_00001ors_B_A
246,0,train,0.13911788165569305,pdb_00009ydv_E1_E2
247,0,train,0.1349731683731079,pdb_00007euo_S1_S2
248,0,train,2.0095112323760986,pdb_00006n5e_H_I
249,0,train,2.087113618850708,pdb_00007u9e_B1_B2
250,0,train,2.0166854858398438,pdb_00009lf8_H_L
251,0,train,1.8034037351608276,pdb_00003fb7_A_B
252,0,train,0.38487735390663147,pdb_00008xjo_E1_E2
253,0,train,1.8570380210876465,pdb_00008w84_A_B
254,0,train,2.155707597732544,pdb_00005kov_I1_I2
255,0,train,2.0575220584869385,pdb_00004hg4_J_K
256,0,train,2.5042502880096436,pdb_00008go8_H_L
257,0,train,0.15880350768566132,pdb_00009iv1_S1_S2
258,0,train,0.13936640322208405,pdb_00007ydj_E1_E2
259,0,train,0.11913058906793594,pdb_00008zbi_F1_F2
260,0,train,0.09830542653799057,pdb_00007v68_S1_S2
261,0,train,1.7349828481674194,pdb_00006kyz_B_C
262,0,train,1.7246884107589722,pdb_00007x66_H_L
263,0,train,2.03912615776062,pdb_00005wko_C_D
264,0,train,2.503159284591675,pdb_00009ov4_J_K
265,0,train,1.2536205053329468,pdb_00008i9l_H1_H2
266,0,train,2.2711241245269775,pdb_00009mif_H_L
267,0,train,2.370133876800537,pdb_00009ctu_F_E
268,0,train,2.069622278213501,pdb_00009n8j_B_C
269,0,train,2.0158956050872803,pdb_00009c6y_C_D
270,0,train,2.57373046875,pdb_00009b2m_E_F
271,0,train,1.673831582069397,pdb_00006pi7_F_E
272,0,train,0.2757481634616852,pdb_00009lre_E1_E2
273,0,train,2.156245470046997,pdb_00007uzc_E_F
274,0,train,2.0695719718933105,pdb_00005w08_Q_R
275,0,train,2.313290596008301,pdb_00009mla_H_K
276,0,train,0.22216244041919708,pdb_00009ppy_E1_E2
277,0,train,2.0134432315826416,pdb_00009n5z_A_B
278,0,train,1.8275694847106934,pdb_00002fee_I_L
279,0,train,1.324086308479309,pdb_00002wuc_H_L
280,0,train,2.5694832801818848,pdb_00008zd6_K_L
281,0,train,1.7451218366622925,pdb_00007uvq_D_E
282,0,train,2.140091896057129,pdb_00007ycn_E_F
283,0,train,2.0980193614959717,pdb_00005aaw_B1_B2
284,0,train,1.6729809045791626,pdb_00002ybr_D_E
285,0,train,2.1400914192199707,pdb_00007rk2_D1_D2
286,0,train,0.15711049735546112,pdb_00007vug_S1_S2
287,0,train,2.163337230682373,pdb_00009dn2_J_N
288,0,train,2.168488025665283,pdb_00009zqa_I2_I1
289,0,train,2.059082508087158,pdb_00008u44_U_W
290,0,train,2.0129165649414062,pdb_00008u4s_F_E
291,0,train,2.2135438919067383,pdb_00009oao_H_L
292,0,train,1.7632794380187988,pdb_00006plk_H_L
293,0,train,1.6035053730010986,pdb_00008dn6_E_F
294,0,train,0.6021626591682434,pdb_00007ejx_S1_S2
295,0,train,0.21769165992736816,pdb_00007ezm_H1_H2
296,0,train,2.326101064682007,pdb_00007lg6_K_N
297,0,train,1.5109682083129883,pdb_00004ioi_B_A
298,0,train,2.205221652984619,pdb_00008sdh_C_D
299,0,train,1.3816454410552979,pdb_00007kfx_H_L
300,0,train,1.7703238725662231,pdb_00004hg4_X_Y
301,0,train,1.8436473608016968,pdb_00009og2_B_C
302,0,train,2.0402891635894775,pdb_00007x3c_F_E
303,0,train,2.10201358795166,pdb_00009exa_D_C
304,0,train,1.7393975257873535,pdb_00002h2p_C_D
305,0,train,3.0518798828125,pdb_00006vlw_H_L
306,0,train,0.46945610642433167,pdb_00008x17_H1_H2
307,0,train,0.16834814846515656,pdb_00008uuj_D1_D2
308,0,train,1.8497296571731567,pdb_00009js7_I_L
309,0,train,1.865113377571106,pdb_00008yx9_G_I
310,0,train,1.6879664659500122,pdb_00007zlg_H_L
311,0,train,2.1074273586273193,pdb_00007c88_A_B
312,0,train,2.3472681045532227,pdb_00007ezv_H_L
313,0,train,2.281933307647705,pdb_00006k7o_H_L
314,0,train,2.188387632369995,pdb_00008jn1_H_L
315,0,train,1.9933738708496094,pdb_00002oz4_H_L
316,0,train,1.422861099243164,pdb_00007ul1_H_L
317,0,train,1.879960536956787,pdb_00007t0z_H_L
318,0,train,0.4478771984577179,pdb_00009b5y_N1_N2
319,0,train,1.1679483652114868,pdb_00008pwh_B_A
320,0,train,1.8975484371185303,pdb_00005aaw_A1_A2
321,0,train,2.569676637649536,pdb_00006p4b_B_A
322,0,train,2.2935991287231445,pdb_00007m3l_B_C
323,0,train,1.5663634538650513,pdb_00008bec_C1_C2
324,0,train,1.7137280702590942,pdb_00002dqf_B_A
325,0,train,1.8577710390090942,pdb_00008ubj_M2_M1
326,0,train,1.9238005876541138,pdb_00008u44_V_X
327,0,train,2.5814051628112793,pdb_00004ffw_D_C
328,0,train,0.3488309681415558,pdb_00007f4f_S1_S2
329,0,train,1.458927035331726,pdb_00009n4f_H_L
330,0,train,0.29350873827934265,pdb_00007f4h_S1_S2
331,0,train,2.393710136413574,pdb_00008sgo_J_I
332,0,train,1.5269054174423218,pdb_00007x6o_J_L
333,0,train,1.58346688747406,pdb_00002r9h_E_F
334,0,train,0.18014150857925415,pdb_00007y15_S1_S2
335,0,train,1.8679473400115967,pdb_00008too_B_A
336,0,train,0.6572372913360596,pdb_00008i7w_E1_E2
337,0,train,1.663274884223938,pdb_00007ua8_I1_I2
338,0,train,2.08724308013916,pdb_00006x3x_J_I
339,0,train,2.7948062419891357,pdb_00009mtm_H_L
340,0,train,1.7055689096450806,pdb_00003ri5_J_M
341,0,train,0.971488893032074,pdb_00007trk_H1_H2
342,0,train,0.14020667970180511,pdb_00007vgx_S1_S2
343,0,train,1.8155639171600342,pdb_00004h88_H_L
344,0,train,1.4129163026809692,pdb_00006gv4_H_L
345,0,train,2.173644781112671,pdb_00002zcl_H_L
346,0,train,2.121713876724243,pdb_00002i9l_B_A
347,0,train,2.702247381210327,pdb_00007jwg_A_B
348,0,train,1.520605444908142,pdb_00007wvd_G_H
349,0,train,2.1814112663269043,pdb_00007l5j_Y_X
350,0,train,2.71724534034729,pdb_00007t01_H_L
351,0,train,2.5589375495910645,pdb_00002hmi_D_C
352,0,train,1.5049664974212646,pdb_00003det_C_D
353,0,train,1.9939255714416504,pdb_00007scn_E_F
354,0,train,0.7203370332717896,pdb_00008zbe_E1_E2
355,0,train,2.157127618789673,pdb_00006ii9_H_L
356,0,train,0.24866214394569397,pdb_00009kpf_S1_S2
357,0,train,2.1199517250061035,pdb_00004xrc_B_A
358,0,train,1.7399311065673828,pdb_00007k63_M2_M1
359,0,train,2.214878559112549,pdb_00009mtf_I_J
360,0,train,2.050459623336792,pdb_00007lg6_J_M
361,0,train,1.513630986213684,pdb_00007tn0_H_G
362,0,train,1.3813718557357788,pdb_00004hjg_B_A
363,0,train,0.16750463843345642,pdb_00007w56_E1_E2
364,0,train,0.17289277911186218,pdb_00007rbt_E1_E2
365,0,train,2.1767349243164062,pdb_00008ywe_C2_C1
366,0,train,0.6694985032081604,pdb_00009p0l_F1_F2
367,0,train,2.1804990768432617,pdb_00005dhy_A_B
368,0,train,0.13446766138076782,pdb_00008hnl_S1_S2
369,0,train,1.1308388710021973,pdb_00005bo1_H_L
370,0,train,1.3774712085723877,pdb_00009og2_D_E
371,0,train,1.2904430627822876,pdb_00002ht4_C_D
372,0,train,2.444995403289795,pdb_00006ywc_A_B
373,0,train,2.488302230834961,pdb_00006hga_H_L
374,0,train,2.1463637351989746,pdb_00009mqd_J_N
375,0,train,0.14687013626098633,pdb_00009upv_S1_S2
376,0,train,1.72004234790802,pdb_00008fhy_H_L
377,0,train,1.5689446926116943,pdb_00003u30_F_E
378,0,train,0.6469456553459167,pdb_00008xqf_S1_S2
379,0,train,1.3043670654296875,pdb_00008iw9_S1_S2
380,0,train,2.3229329586029053,pdb_00009rih_H_L
381,0,train,1.9251466989517212,pdb_00002bdn_H_L
382,0,train,1.8227208852767944,pdb_00008vgj_H_G
383,0,train,1.3042622804641724,pdb_00008gcp_E1_E2
384,0,train,1.8787661790847778,pdb_00004oii_I_M
385,0,train,2.0913517475128174,pdb_00003eo1_H_G
386,0,train,0.5659865140914917,pdb_00007w7e_H1_H2
387,0,train,2.017280101776123,pdb_00006flc_H_L
388,0,train,2.189307928085327,pdb_00008e8z_H_L
389,0,train,1.8911950588226318,pdb_00005wko_G_H
390,0,train,0.4933651089668274,pdb_00008j6q_S1_S2
391,0,train,1.9000706672668457,pdb_00008a96_K_J
392,0,train,2.019036054611206,pdb_00009yyu_H_L
393,0,train,0.4011015295982361,pdb_00007t90_E1_E2
394,0,train,0.39219728112220764,pdb_00008i9s_H1_H2
395,0,train,1.3677979707717896,pdb_00007dk2_G_H
396,0,train,2.147251844406128,pdb_00009hvw_H_L
397,0,train,1.3918375968933105,pdb_00007x6o_I_K
398,0,train,0.24210505187511444,pdb_00007v69_S1_S2
399,0,train,0.35578033328056335,pdb_00008z8b_S1_S2
400,0,train,1.796839952468872,pdb_00006e0c_M1_M2
401,0,train,1.7098184823989868,pdb_00006ada_C_D
402,0,train,1.8240673542022705,pdb_00001ic4_H_L
403,0,train,1.806404948234558,pdb_00008tx3_E_J
404,0,train,1.9156728982925415,pdb_00004odx_A_L
405,0,train,1.9637926816940308,pdb_00009mkn_I_M
406,0,train,0.2493608444929123,pdb_00009kfi_S1_S2
407,0,train,0.22456414997577667,pdb_00007e9g_D1_D2
408,0,train,1.9507509469985962,pdb_00006xxv_A_B
409,0,train,1.9264473915100098,pdb_00002w9e_H_L
410,0,train,1.9585593938827515,pdb_00006dfj_H_L
411,0,train,1.5621821880340576,pdb_00007cho_H_L
412,0,train,1.4493693113327026,pdb_00006xe1_H_L
413,0,train,1.23257577419281,pdb_00007xeg_C_D
414,0,train,1.8420015573501587,pdb_00005ug0_D_C
415,0,train,1.877953290939331,pdb_00002r56_I_M
416,0,train,1.1984277963638306,pdb_00003p0y_H_L
417,0,train,2.268321990966797,pdb_00006t9e_AAA_BBB
418,0,train,1.882936954498291,pdb_00007m42_B_A
419,0,train,1.819887638092041,pdb_00007o7f_H_F
420,0,train,2.0835580825805664,pdb_00007ubs_K1_K2
421,0,train,1.9327504634857178,pdb_00009ma7_F_G
422,0,train,2.1858696937561035,pdb_00008vsj_H_L
423,0,train,1.7480281591415405,pdb_00007td8_E_F
424,0,train,2.1324501037597656,pdb_00009ma7_B_C
425,0,train,1.8107101917266846,pdb_00009ib3_H_L
426,0,train,2.498906373977661,pdb_00008tnn_J_I
427,0,train,0.7200348377227783,pdb_00009vi9_S1_S2
428,0,train,0.5032670497894287,pdb_00007x5h_E1_E2
429,0,train,1.5992540121078491,pdb_00007u0j_N1_N2
430,0,train,2.11639142036438,pdb_00006xkr_H_L
431,0,train,0.4106304943561554,pdb_00007trs_H1_H2
432,0,train,1.6338368654251099,pdb_00009jeb_A1_A2
433,0,train,1.8797768354415894,pdb_00008da1_B_A
434,0,train,2.2437033653259277,pdb_00008s72_X_Y
435,0,train,1.6046161651611328,pdb_00007u9w_H1_H2
436,0,train,1.8401668071746826,pdb_00006wds_H_L
437,0,train,1.8247042894363403,pdb_00007uzd_H_L
438,0,train,1.7547775506973267,pdb_00002eiz_B_A
439,0,train,0.29947441816329956,pdb_00008jxv_E1_E2
440,0,train,2.020202875137329,pdb_00004tnw_V_Z
441,0,train,0.2776336669921875,pdb_00009x20_E1_E2
442,0,train,1.9240351915359497,pdb_00008dd3_K_L
443,0,train,2.325812339782715,pdb_00005d1z_D_C
444,0,train,1.4363800287246704,pdb_00006vmk_P_O
445,0,train,2.066530704498291,pdb_00008eoo_H_L
446,0,train,2.3903257846832275,pdb_00005w3l_E_G
447,0,train,1.548741340637207,pdb_00007eam_C_D
448,0,train,1.9860996007919312,pdb_00009mtf_M_N
449,0,train,0.18732218444347382,pdb_00008yh2_S1_S2
450,0,train,1.6830976009368896,pdb_00008smi_H_L
451,0,train,1.3840267658233643,pdb_00009k6j_A_B
452,0,train,1.819656252861023,pdb_00007zmk_E_F
453,0,train,1.3381356000900269,pdb_00001tzh_H_L
454,0,train,1.5498100519180298,pdb_00007k5y_M2_M1
455,0,train,1.2767345905303955,pdb_00004wv1_E_D
456,0,train,1.3630547523498535,pdb_00008we4_H_L
457,0,train,1.273103952407837,pdb_00007tmz_E_F
458,0,train,1.5250104665756226,pdb_00009e60_H_L
459,0,train,2.2817299365997314,pdb_00009b82_I_G
460,0,train,0.951667845249176,pdb_00002qr0_N_M
461,0,train,1.1790505647659302,pdb_00002vdq_H_L
462,0,train,1.9802197217941284,pdb_00006gff_L_K
463,0,train,1.4968353509902954,pdb_00003ejz_E_F
464,0,train,1.5224316120147705,pdb_00007mem_G_J
465,0,train,1.0323439836502075,pdb_00006b9z_B_A
466,0,train,1.9022619724273682,pdb_00007t7b_H_L
467,0,train,2.290036916732788,pdb_00008gsd_H_L
468,0,train,1.7162607908248901,pdb_00006n5b_H_L
469,0,train,0.9367046356201172,pdb_00007uko_E_F
470,0,train,0.2036539912223816,pdb_00008xos_E1_E2
471,0,train,0.15975689888000488,pdb_00007s8m_E1_E2
472,0,train,1.8678961992263794,pdb_00007tpj_H_L
473,0,train,0.11965212225914001,pdb_00008gcm_E1_E2
474,0,train,1.002919316291809,pdb_00008jxw_E1_E2
475,0,train,2.3809797763824463,pdb_00008hrd_N_Q
476,0,train,2.005664825439453,pdb_00005dhx_L2_L1
477,0,train,2.1807854175567627,pdb_00002iff_H_L
478,0,train,0.1485813856124878,pdb_00007na7_N1_N2
479,0,train,2.368256092071533,pdb_00008ulj_H_L
480,0,train,1.561306357383728,pdb_00007ucq_J1_J2
481,0,train,1.9116395711898804,pdb_00006ocb_H_L
482,0,train,2.148188591003418,pdb_00002x7l_H_L
483,0,train,2.148414373397827,pdb_00007l7e_O_P
484,0,train,1.5048229694366455,pdb_00008smt_D_F
485,0,train,0.17864294350147247,pdb_00007dw9_S1_S2
486,0,train,1.7008785009384155,pdb_00004tnw_J_M
487,0,train,1.6271953582763672,pdb_00007wwk_G_F
488,0,train,1.37819242477417,pdb_00002hlf_C_D
489,0,train,1.910253643989563,pdb_00006wex_H_L
490,0,train,0.09505226463079453,pdb_00008hnk_S1_S2
491,0,train,1.7016223669052124,pdb_00005cbe_C_D
492,0,train,0.47083890438079834,pdb_00008zjg_S1_S2
493,0,train,1.72486412525177,pdb_00008vgk_F_E
494,0,train,1.5689219236373901,pdb_00009atm_H_L
495,0,train,2.0324177742004395,pdb_00009jy4_R_Q
496,0,train,0.14550206065177917,pdb_00008ef6_E1_E2
497,0,train,1.5941379070281982,pdb_00005jz7_J_K
498,0,train,1.4380614757537842,pdb_00008j26_B_A
499,0,train,1.144912600517273,pdb_00003det_E_F
500,0,train,1.9350917339324951,pdb_00007q6c_H_L
501,0,train,0.10693477094173431,pdb_00009m54_S1_S2
502,0,train,1.6466405391693115,pdb_00006w0f_A_B
503,0,train,0.09315519034862518,pdb_00006kpf_S1_S2
504,0,train,1.034965991973877,pdb_00004z7o_E_F
505,0,train,1.8462421894073486,pdb_00007t0w_O_P
506,0,train,1.9651143550872803,pdb_00007kyo_H_L
507,0,train,0.0727543756365776,pdb_00008jii_S1_S2
508,0,train,2.1855478286743164,pdb_00008w5r_H_L
509,0,train,1.8580495119094849,pdb_00004m62_I_M
510,0,train,0.8520469069480896,pdb_00007uk9_E_F
511,0,train,1.5101956129074097,pdb_00003stl_A_B
512,0,train,0.5530430674552917,pdb_00009p0m_F1_F2
513,0,train,0.9791638851165771,pdb_00002fed_C_D
514,0,train,0.10469379276037216,pdb_00009ipv_S1_S2
515,0,train,0.07646513730287552,pdb_00007eb2_N1_N2
516,0,train,0.37471017241477966,pdb_00009jks_S1_S2
517,0,train,1.8725955486297607,pdb_00002dqc_H_L
518,0,train,1.8359553813934326,pdb_00003lh2_J_N
519,0,train,0.07362543046474457,pdb_00008jso_S1_S2
520,0,train,1.646620750427246,pdb_00007lf7_A_B
521,0,train,1.656705379486084,pdb_00008bg1_J_K
522,0,train,1.5325958728790283,pdb_00008vk1_F_E
523,0,train,1.2997549772262573,pdb_00001dee_F_E
524,0,train,0.7627628445625305,pdb_00003ze1_E_F
525,0,train,1.0116087198257446,pdb_00006bae_B_A
526,0,train,1.365281343460083,pdb_00006xc4_H_L
527,0,train,1.9372674226760864,pdb_00009ouo_J_K
528,0,train,1.982330083847046,pdb_00008w5f_H_L
529,0,train,1.9132397174835205,pdb_00006dfi_H_L
530,0,train,2.352896213531494,pdb_00007uvs_A_B
531,0,train,1.6475269794464111,pdb_00008vgh_J_I
532,0,train,1.378176212310791,pdb_00006hjp_I_J
533,0,train,1.460611343383789,pdb_00008dk5_K1_K2
534,0,train,1.6513384580612183,pdb_00009zdu_H_L
535,0,train,0.379243940114975,pdb_00007yfd_C1_C2
536,0,train,2.3566598892211914,pdb_00006p4b_H_L
537,0,train,2.5038390159606934,pdb_00008eed_E_F
538,0,train,2.2680304050445557,pdb_00007s11_I_M
539,0,train,2.307063579559326,pdb_00007qez_E_F
540,0,train,0.20406143367290497,pdb_00009ije_D1_D2
541,0,train,1.3797495365142822,pdb_00009cpw_C_D
542,0,train,1.7268959283828735,pdb_00006vgr_H_L
543,0,train,0.16116157174110413,pdb_00007ra3_E1_E2
544,0,train,1.547917127609253,pdb_00009ccs_C_B
545,0,train,1.2434308528900146,pdb_00004wv1_B_A
546,0,train,0.09577494114637375,pdb_00007qvm_S1_S2
547,0,train,1.695587396621704,pdb_00007tp3_H_L
548,0,train,2.780191659927368,pdb_00004ffw_H_L
549,0,train,0.09344157576560974,pdb_00007wz7_C1_C2
550,0,train,1.3976844549179077,pdb_00008vgi_H_G
551,0,train,1.0461320877075195,pdb_00008jen_E_F
552,0,train,1.4840744733810425,pdb_00007sts_A_B
553,0,train,0.08153054863214493,pdb_00008ykw_E1_E2
554,0,train,0.5417553186416626,pdb_00007ej0_H1_H2
555,0,train,1.4461607933044434,pdb_00006vmk_c_b
556,0,train,1.959010362625122,pdb_00006a4k_J_N
557,0,train,1.9506759643554688,pdb_00009cq8_C_E
558,0,train,0.09660398960113525,pdb_00007ew4_S1_S2
559,0,train,1.6471376419067383,pdb_00009axl_H_L
560,0,train,1.170307993888855,pdb_00008pwh_D_C
561,0,train,1.1677693128585815,pdb_00008i5h_B_C
562,0,train,0.9891412854194641,pdb_00007uje_E_F
563,0,train,1.4800028800964355,pdb_00001ic7_H_L
564,0,train,0.11803852766752243,pdb_00009l79_S1_S2
565,0,train,1.6990166902542114,pdb_00008xsf_H_L
566,0,train,1.3241004943847656,pdb_00008hws_D_E
567,0,train,0.9592064619064331,pdb_00008wnp_D_C
568,0,train,1.4661049842834473,pdb_00008bg1_G_H
569,0,train,0.0982779860496521,pdb_00007t6u_E1_E2
570,0,train,1.4624594449996948,pdb_00008w86_E_F
571,0,train,1.695041298866272,pdb_00008too_D_C
572,0,train,0.07627842575311661,pdb_00007xa3_E1_E2
573,0,train,1.7921942472457886,pdb_00006x3t_J_I
574,0,train,1.0275064706802368,pdb_00007y6k_E1_E2
575,0,train,0.07678110897541046,pdb_00008jil_S1_S2
576,0,train,1.914161205291748,pdb_00009iz9_S_T
577,0,train,1.5665322542190552,pdb_00009bao_E_F
578,0,train,1.6781632900238037,pdb_00009lsi_D1_C2
579,0,train,0.9875480532646179,pdb_00008elq_H_L
580,0,train,0.11650596559047699,pdb_00008wpu_E1_E2
581,0,train,0.07731201499700546,pdb_00009o36_E1_E2
582,0,train,2.010890483856201,pdb_00006mto_H_L
583,0,train,0.4930044114589691,pdb_00008ia8_S1_S2
584,0,train,1.4831104278564453,pdb_00008vfx_M2_M1
585,0,train,0.35175272822380066,pdb_00009kug_H1_H2
586,0,train,0.4176793098449707,pdb_00009ge3_F1_F2
587,0,train,1.4645992517471313,pdb_00007mem_I_K
588,0,train,2.0534050464630127,pdb_00003v4p_H_L
589,0,train,2.542940855026245,pdb_00008dwo_H_L
590,0,train,1.1736336946487427,pdb_00007k61_N2_N1
591,0,train,1.900325894355774,pdb_00009mqa_J_N
592,0,train,1.332380771636963,pdb_00007uvi_D_E
593,0,train,1.8070595264434814,pdb_00008cz8_C2_C1
594,0,train,1.0500322580337524,pdb_00008as0_T_S
595,0,train,0.30552050471305847,pdb_00007yac_S1_S2
596,0,train,0.22574403882026672,pdb_00008xwp_D1_D2
597,0,train,2.0057334899902344,pdb_00005umi_H_L
598,0,train,0.12925806641578674,pdb_00009kvg_E1_E2
599,0,train,1.4127886295318604,pdb_00008txu_H_L
600,0,train,1.8396532535552979,pdb_00009lsj_E1_D2
601,0,train,2.5919973850250244,pdb_00009ml8_M_N
602,0,train,2.6080851554870605,pdb_00004khx_H_L
603,0,train,1.4929420948028564,pdb_00007xj9_I_H
604,0,train,1.5600286722183228,pdb_00007whz_C_E
605,0,train,0.1867106556892395,pdb_00008efb_E1_E2
606,0,train,1.9592487812042236,pdb_00008f0h_H_L
607,0,train,0.15466217696666718,pdb_00008tzq_E1_E2
608,0,train,0.37210705876350403,pdb_00007rkm_D1_D2
609,0,train,1.3778361082077026,pdb_00008cma_H_L
610,0,train,1.9708017110824585,pdb_00008uwz_A_B
611,0,train,2.9114418029785156,pdb_00008rmy_E_F
612,0,train,0.962287187576294,pdb_00003ze0_E_F
613,0,train,2.099740982055664,pdb_00008zdw_L_J
614,0,train,1.2854373455047607,pdb_00008i5l_E1_E2
615,0,train,1.701446294784546,pdb_00007t3d_P_R
616,0,train,0.12826447188854218,pdb_00008xbh_S1_S2
617,0,train,0.08361626416444778,pdb_00006dde_E1_E2
618,0,train,1.3704986572265625,pdb_00004lf3_B_A
619,0,train,2.0532519817352295,pdb_00006glx_C_D
620,0,train,2.3220338821411133,pdb_00009cpr_H_L
621,0,train,0.2406294196844101,pdb_00009jid_S1_S2
622,0,train,0.06205092370510101,pdb_00008ghv_S1_S2
623,0,train,2.543992280960083,pdb_00003rhw_F_N
624,0,train,2.0959274768829346,pdb_00007shy_I_J
625,0,train,2.2122228145599365,pdb_00009os5_G_J
626,0,train,1.7652689218521118,pdb_00006vc9_H_L
627,0,train,2.1839590072631836,pdb_00009mth_H_L
628,0,train,2.1541967391967773,pdb_00009kve_D_F
629,0,train,0.14985664188861847,pdb_00009k3h_S1_S2
630,0,train,0.11861035972833633,pdb_00009kvi_E1_E2
631,0,train,0.09940709173679352,pdb_00009pxv_E1_E2
632,0,train,0.1037789061665535,pdb_00008iec_N1_N2
633,0,train,1.4007989168167114,pdb_00007dpm_J_K
634,0,train,1.7906056642532349,pdb_00004dgi_H_L
635,0,train,1.370538353919983,pdb_00008x8n_E1_E2
636,0,train,2.0033154487609863,pdb_00006t9e_HHH_LLL
637,0,train,0.053807612508535385,pdb_00009cgk_E1_E2
638,0,train,2.0435354709625244,pdb_00008z39_H_L
639,0,train,2.2314305305480957,pdb_00003qwo_H_L
640,0,train,1.0192621946334839,pdb_00007xei_E_F
641,0,train,1.2481181621551514,pdb_00003dvn_B_A
642,0,train,0.3744047284126282,pdb_00008wwh_E1_E2
643,0,train,1.345133662223816,pdb_00006vmk_u_t
644,0,train,1.4078673124313354,pdb_00009dm0_C_D
645,0,train,1.7620562314987183,pdb_00006vvu_H_L
646,0,train,1.143544316291809,pdb_00006j6y_B_C
647,0,train,1.930084228515625,pdb_00006wtu_B_C
648,0,train,1.5076611042022705,pdb_00003b2u_J_K
649,0,train,1.8016403913497925,pdb_00008g5a_H_L
650,0,train,1.809359073638916,pdb_00009mtf_H_L
651,0,train,1.5790164470672607,pdb_00006ad7_C_D
652,0,train,1.3248529434204102,pdb_00003dvg_B_A
653,0,train,1.6983964443206787,pdb_00006wtu_H_I
654,0,train,2.263740301132202,pdb_00009cci_B_C
655,0,train,1.4207189083099365,pdb_00007u0g_O1_O2
656,0,train,0.40767771005630493,pdb_00008yuv_S1_S2
657,0,train,0.14878030121326447,pdb_00007exd_E1_E2
658,0,train,0.10629905015230179,pdb_00008jbf_E1_E2
659,0,train,1.010190725326538,pdb_00007kfv_F_G
660,0,train,0.776740312576294,pdb_00008z65_S1_S2
661,0,train,1.766411542892456,pdb_00006wty_H_I
662,0,train,1.6194967031478882,pdb_00009clp_H_L
663,0,train,1.3772649765014648,pdb_00002jix_D_G
664,0,train,1.680711030960083,pdb_00009ue8_M_N
665,0,train,1.3872095346450806,pdb_00007t3d_O_Q
666,0,train,2.5732007026672363,pdb_00001tpx_B_C
667,0,train,1.1561517715454102,pdb_00009dzf_H_L
668,0,train,1.6527302265167236,pdb_00009drx_J_I
669,0,train,1.30954110622406,pdb_00001ots_E_F
670,0,train,1.7938013076782227,pdb_00003fku_S1_S2
671,0,train,1.7067781686782837,pdb_00007vyt_B_C
672,0,train,1.15071439743042,pdb_00007rks_I_M
673,0,train,0.11550604552030563,pdb_00007yj4_S1_S2
674,0,train,0.33928412199020386,pdb_00009k26_S1_S2
675,0,train,1.371302843093872,pdb_00007lq7_P_Q
676,0,train,1.4984678030014038,pdb_00008zh7_K_L
677,0,train,0.8230540156364441,pdb_00008as0_E_D
678,0,train,2.7408883571624756,pdb_00004xhj_H_G
679,0,train,0.07305286824703217,pdb_00009ego_S1_S2
680,0,train,1.5041228532791138,pdb_00007zmk_V_W
681,0,train,0.831601619720459,pdb_00007wbz_H_L
682,0,train,1.8699352741241455,pdb_00004ubd_Y_X
683,0,train,1.5557024478912354,pdb_00008w83_I_J
684,0,train,1.6741114854812622,pdb_00007w71_I_M
685,0,train,1.6187165975570679,pdb_00008y3i_I_J
686,0,train,0.07918009161949158,pdb_00009cgj_E1_E2
687,0,train,2.040584087371826,pdb_00005wk3_W_V
688,0,train,1.0413999557495117,pdb_00006vmk_f_e
689,0,train,1.7548716068267822,pdb_00007mxl_J_K
690,0,train,0.2229800820350647,pdb_00009axf_H1_H2
691,0,train,1.9169563055038452,pdb_00007zwi_E_F
692,0,train,1.2911391258239746,pdb_00003b2u_T_U
693,0,train,1.0666954517364502,pdb_00008y31_B_A
694,0,train,0.08139283955097198,pdb_00009v0x_E1_E2
695,0,train,1.4750455617904663,pdb_00006woz_E_F
696,0,train,1.2888946533203125,pdb_00003s37_H_L
697,0,train,1.59796941280365,pdb_00007lop_X_Y
698,0,train,0.07795841991901398,pdb_00008xml_S1_S2
699,0,train,2.4006497859954834,pdb_00009wsv_H_L
700,0,train,2.2398109436035156,pdb_00006ban_H_G
701,0,train,1.5982462167739868,pdb_00008g5a_I_M
702,0,train,1.248680830001831,pdb_00008vtd_B_A
703,0,train,0.07423331588506699,pdb_00009f34_E1_E2
704,0,train,1.8440669775009155,pdb_00007ey5_H_L
705,0,train,1.2851078510284424,pdb_00008i5i_H_L
706,0,train,1.3943191766738892,pdb_00004hg4_L_M
707,0,train,1.7390329837799072,pdb_00005ggs_C_D
708,0,train,1.225514531135559,pdb_00006b3s_C_D
709,0,train,2.1484076976776123,pdb_00008hrd_O_P
710,0,train,0.07758083194494247,pdb_00007vdh_S1_S2
711,0,train,1.2283682823181152,pdb_00005nh3_I_M
712,0,train,0.06457914412021637,pdb_00009uk2_E1_E2
713,0,train,2.3900365829467773,pdb_00006wtv_E_F
714,0,train,0.063898004591465,pdb_00006pt0_E1_E2
715,0,train,1.6279994249343872,pdb_00009oea_H_L
716,0,train,1.840600848197937,pdb_00009cia_B_A
717,0,train,1.4744232892990112,pdb_00004gxu_W_X
718,0,train,1.3268977403640747,pdb_00007ucq_H1_H2
719,0,train,2.3564021587371826,pdb_00003rif_F_N
720,0,train,1.5419278144836426,pdb_00009wb4_B_C
721,0,train,1.5310678482055664,pdb_00009ebc_K_L
722,0,train,2.6086673736572266,pdb_00001hys_D_C
723,0,train,1.6553142070770264,pdb_00008bg4_A1_A2
724,0,train,1.4591530561447144,pdb_00004f2m_A_B
725,0,train,1.3825067281723022,pdb_00008jin_P2_P1
726,0,train,1.1900144815444946,pdb_00004gxu_M_N
727,0,train,0.10456185787916183,pdb_00008efo_E1_E2
728,0,train,1.2357550859451294,pdb_00007wvd_I_J
729,0,train,1.9318956136703491,pdb_00006a4k_K_O
730,0,train,1.502497673034668,pdb_00006lhq_H_L
731,0,train,0.7412719130516052,pdb_00007trp_H1_H2
732,0,train,1.8215906620025635,pdb_00009jy3_P_O
733,0,train,0.9229066371917725,pdb_00008jel_A_B
734,0,train,2.031248092651367,pdb_00001fns_H_L
735,0,train,0.48687705397605896,pdb_00008e9y_E1_E2
736,0,train,0.08859307318925858,pdb_00008hcx_E1_E2
737,0,train,2.261037826538086,pdb_00006d0u_C_D
738,0,train,0.11272900551557541,pdb_00009l80_S1_S2
739,0,train,1.5297200679779053,pdb_00004v1d_D_E
740,0,train,0.277362197637558,pdb_00008xxr_S1_S2
741,0,train,1.277074933052063,pdb_00007yds_B_C
742,0,train,1.8557133674621582,pdb_00009wsx_H_L
743,0,train,1.6852989196777344,pdb_00008w5m_H_L
744,0,train,2.1729800701141357,pdb_00006q18_H_L
745,0,train,1.413133144378662,pdb_00009dru_H_L
746,0,train,1.6962239742279053,pdb_00007x3d_H_L
747,0,train,0.2214941382408142,pdb_00007wz4_S1_S2
748,0,train,0.09886570274829865,pdb_00007ew2_S1_S2
749,0,train,1.4103591442108154,pdb_00008dk5_N1_N2
750,0,train,0.20847627520561218,pdb_00009j0b_S1_S2
751,0,train,0.2975403964519501,pdb_00009kz2_H1_H2
752,0,train,0.07185206562280655,pdb_00008ykd_S1_S2
753,0,train,1.7437875270843506,pdb_00009our_H_L
754,0,train,0.8571327924728394,pdb_00007kfy_H_L
755,0,train,0.17129792273044586,pdb_00008wwn_E1_E2
756,0,train,0.9358204007148743,pdb_00008q6j_B_A
757,0,train,2.29382061958313,pdb_00009me4_I_M
758,0,train,1.3772319555282593,pdb_00001fbi_Q_P
759,0,train,1.5988341569900513,pdb_00007ykj_A_D
760,0,train,1.828787088394165,pdb_00009cq8_G_H
761,0,train,2.056231737136841,pdb_00007ahu_B_A
762,0,train,0.37372663617134094,pdb_00009plo_S1_S2
763,0,train,1.1214821338653564,pdb_00007sk8_D_C
764,0,train,1.0994876623153687,pdb_00003ze2_E_F
765,0,train,1.054105520248413,pdb_00008oz3_A_B
766,0,train,0.11632535606622696,pdb_00008ykx_E1_E2
767,0,train,1.2792757749557495,pdb_00007t3d_C_D
768,0,train,1.0879794359207153,pdb_00008evg_M1_M2
769,0,train,0.08925044536590576,pdb_00009ik8_E1_E2
770,0,train,1.1741745471954346,pdb_00007mzj_F_E
771,0,train,1.3724374771118164,pdb_00005w0k_E_F
772,0,train,0.9189931154251099,pdb_00007k63_N2_N1
773,0,train,1.4089090824127197,pdb_00005w0k_H_L
774,0,train,0.08491693437099457,pdb_00007w55_E1_E2
775,0,train,1.774540662765503,pdb_00005aaw_H1_H2
776,0,train,0.18570362031459808,pdb_00009w6w_E1_E2
777,0,train,0.05599742382764816,pdb_00009jr3_S1_S2
778,0,train,1.4445427656173706,pdb_00007mzh_B_C
779,0,train,1.9371954202651978,pdb_00007f3q_C_B
780,0,train,1.5451887845993042,pdb_00006bpa_B_C
781,0,train,0.09340470284223557,pdb_00008iru_E1_E2
782,0,train,1.1017391681671143,pdb_00007sk7_D_C
783,0,train,1.3385021686553955,pdb_00006ww5_C_D
784,0,train,1.4541798830032349,pdb_00007zmk_J_K
785,0,train,1.30772864818573,pdb_00003wkm_I_M
786,0,train,2.1155154705047607,pdb_00004ffv_H_L
787,0,train,0.1161482110619545,pdb_00009k3f_S1_S2
788,0,train,1.2694157361984253,pdb_00008wpw_H_L
789,0,train,0.1302836388349533,pdb_00007yu3_S1_S2
790,0,train,0.2535988688468933,pdb_00007wic_S1_S2
791,0,train,1.9079413414001465,pdb_00008dis_A_C
792,0,train,1.3895106315612793,pdb_00004tnw_X_i
793,0,train,0.8760131001472473,pdb_00007u60_E_F
794,0,train,0.9462502598762512,pdb_00007c01_H_L
795,0,train,1.9825998544692993,pdb_00004xhj_D_C
796,0,train,1.9089491367340088,pdb_00003bsz_N_M
797,0,train,1.9626258611679077,pdb_00009cn2_B1_B2
798,0,train,1.332706332206726,pdb_00009jbq_A_B
799,0,train,1.1339951753616333,pdb_00007jmo_H_L
800,0,train,1.369834065437317,pdb_00005xmh_H_L
801,0,train,2.3596253395080566,pdb_00008dwy_H_L
802,0,train,1.4021974802017212,pdb_00004kxz_J_I
803,0,train,1.0339893102645874,pdb_00008bcz_C_D
804,0,train,0.4940234124660492,pdb_00008ij3_S1_S2
805,0,train,0.960446834564209,pdb_00007x2k_H_L
806,0,train,0.10735928267240524,pdb_00008jhy_S1_S2
807,0,train,0.8812194466590881,pdb_00008jen_C_D
808,0,train,1.9715780019760132,pdb_00006oc3_A_B
809,0,train,1.4744051694869995,pdb_00007lq7_F_G
810,0,train,0.8894407153129578,pdb_00007klg_H_L
811,0,train,1.1677815914154053,pdb_00009lsj_D1_E2
812,0,train,1.155256986618042,pdb_00003nh7_J_N
813,0,train,1.5283634662628174,pdb_00006wzl_C_D
814,0,train,1.7817569971084595,pdb_00008znz_I_J
815,0,train,2.043544054031372,pdb_00009y0e_A_B
816,0,train,1.4725449085235596,pdb_00007xrz_H_L
817,0,train,0.20488429069519043,pdb_00007t6s_E1_E2
818,0,train,1.223041296005249,pdb_00007zmk_P_Q
819,0,train,2.042677879333496,pdb_00001qfu_H_L
820,0,train,1.5109771490097046,pdb_00008hq7_M_N
821,0,train,0.12860748171806335,pdb_00009jmc_E1_E2
822,0,train,1.1585180759429932,pdb_00003b2u_Q_R
823,0,train,1.6473554372787476,pdb_00009oup_H_L
824,0,train,1.6983983516693115,pdb_00006mlm_K_L
825,0,train,1.145658254623413,pdb_00007y6k_J_E3
826,0,train,0.08885824680328369,pdb_00008k6m_S1_S2
827,0,train,0.06810670346021652,pdb_00007cmv_E1_E2
828,0,train,0.8416794538497925,pdb_00007xeg_E_F
829,0,train,0.9062562584877014,pdb_00008hpu_M_N
830,0,train,1.604805588722229,pdb_00007v3g_I_M
831,0,train,1.239318609237671,pdb_00009azr_H_L
832,0,train,1.116693377494812,pdb_00007k9z_H_L
833,0,train,1.4752973318099976,pdb_00008dd2_K_L
834,0,train,2.1632375717163086,pdb_00008tfl_H_L
835,0,train,1.5686635971069336,pdb_00007y3n_H_L
836,0,train,1.417799949645996,pdb_00007wsi_H_L
837,0,train,1.787400484085083,pdb_00009zq9_I2_I1
838,0,train,2.0226175785064697,pdb_00009cds_B_A
839,0,train,0.076039157807827,pdb_00008xqn_S1_S2
840,0,train,1.4565088748931885,pdb_00009q7b_G_I
841,0,train,1.3035764694213867,pdb_00007dm2_H_L
842,0,train,1.9019664525985718,pdb_00008zdw_F_E
843,0,train,1.1905221939086914,pdb_00007bpk_C_D
844,0,train,1.5881952047348022,pdb_00008d9y_F_E
845,0,train,1.6352204084396362,pdb_00003fku_Y1_Y2
846,0,train,1.1024107933044434,pdb_00009l9o_B_C
847,0,train,1.528282880783081,pdb_00001ott_C_D
848,0,train,2.398157835006714,pdb_00009p1m_F_E
849,0,train,2.036898136138916,pdb_00009mtl_I_J
850,0,train,0.739957869052887,pdb_00007k8m_A_B
851,0,train,1.755271077156067,pdb_00002i9l_H_G
852,0,train,2.0146915912628174,pdb_00009kvk_H_L
853,0,train,1.8916174173355103,pdb_00009mic_H_L
854,0,train,1.4773430824279785,pdb_00009ouq_J_K
855,0,train,2.231534719467163,pdb_00007rco_F_E
856,0,train,2.0017547607421875,pdb_00009mtg_I_J
857,0,train,1.774743914604187,pdb_00002dqj_H_L
858,0,train,0.1518699675798416,pdb_00009ldv_S1_S2
859,0,train,1.3704297542572021,pdb_00008cxh_h_l
860,0,train,2.024176597595215,pdb_00002r29_H_L
861,0,train,1.4628891944885254,pdb_00007ua2_H1_H2
862,0,train,2.3534953594207764,pdb_00006gv1_H_L
863,0,train,2.2826874256134033,pdb_00008w0y_A_B
864,0,train,0.9579948782920837,pdb_00006xc4_X_Y
865,0,train,0.07859785109758377,pdb_00009vo2_S1_S2
866,0,train,0.07169128209352493,pdb_00006n4b_S1_S2
867,0,train,0.06414636969566345,pdb_00008yrg_E1_E2
868,0,train,1.2685309648513794,pdb_00003ejz_C_D
869,0,train,0.9221749901771545,pdb_00002vdo_H_L
870,0,train,1.1800496578216553,pdb_00002h9g_B_A
871,0,train,1.9398943185806274,pdb_00009me7_I_M
872,0,train,1.4674228429794312,pdb_00008j24_G1_G2
873,0,train,2.2096595764160156,pdb_00008z6x_B_C
874,0,train,1.5683023929595947,pdb_00007n0u_H_L
875,0,train,0.9299544095993042,pdb_00006ii8_H_L
876,0,train,0.09142222255468369,pdb_00007w40_H1_H2
877,0,train,1.5391929149627686,pdb_00003fku_X1_X2
878,0,train,1.176915168762207,pdb_00005yoy_P_M
879,0,train,0.278154581785202,pdb_00009jky_S1_S2
880,0,train,0.9085134863853455,pdb_00007zf8_H_L
881,0,train,1.5838282108306885,pdb_00004am0_C_D
882,0,train,1.1061365604400635,pdb_00002fed_E_F
883,0,train,1.4524316787719727,pdb_00004jpk_H_L
884,0,train,1.2503069639205933,pdb_00008txu_F_K
885,0,train,0.07260333746671677,pdb_00008xor_E1_E2
886,0,train,0.08755877614021301,pdb_00008feg_F1_F2
887,0,train,1.2169464826583862,pdb_00005nh3_H_L
888,0,train,2.6148524284362793,pdb_00006k65_H_L
889,0,train,1.7859784364700317,pdb_00004ffv_D_C
890,0,train,0.2131723314523697,pdb_00008xgu_S1_S2
891,0,train,1.4906878471374512,pdb_00008xcd_H_L
892,0,train,1.189927577972412,pdb_00009cq4_C_D
893,0,train,1.4090341329574585,pdb_00009n8j_H_I
894,0,train,1.272313117980957,pdb_00004hg4_N_O
895,0,train,0.4589168429374695,pdb_00007trq_H1_H2
896,0,train,1.9459360837936401,pdb_00008tpa_I_J
897,0,train,1.829635739326477,pdb_00007pry_C_D
898,0,train,1.8684176206588745,pdb_00007rr0_B_C
899,0,train,2.1872026920318604,pdb_00006wqo_E_F
900,0,train,1.9974344968795776,pdb_00003ri5_G_K
901,0,train,1.6551527976989746,pdb_00007ec5_E_F
902,0,train,0.09281808137893677,pdb_00008k2x_S1_S2
903,0,train,2.0239434242248535,pdb_00008r4n_H_L
904,0,train,1.4800004959106445,pdb_00009lho_I_H
905,0,train,0.315705269575119,pdb_00006k41_H1_H2
906,0,train,1.7224092483520508,pdb_00008hrd_Y_Z
907,0,train,1.862011432647705,pdb_00009hhr_F_E
908,0,train,2.1756255626678467,pdb_00008tnn_H_G
909,0,train,1.5005611181259155,pdb_00008vgl_E_F
910,0,train,1.3332273960113525,pdb_00007mem_H_L
911,0,train,0.09450308978557587,pdb_00006lfm_S1_S2
912,0,train,1.8202325105667114,pdb_00005kov_E1_E2
913,0,train,1.4535820484161377,pdb_00008w83_A_B
914,0,train,2.123288869857788,pdb_00008g5b_J_N
915,0,train,2.171537160873413,pdb_00009bhh_T_S
916,0,train,0.2271607369184494,pdb_00009ejc_D1_D2
917,0,train,1.5047489404678345,pdb_00009iz9_O_P
918,0,train,2.360355854034424,pdb_00004f37_F_K
919,0,train,2.6864426136016846,pdb_00008ezl_H1_H2
920,0,train,1.528144121170044,pdb_00001adq_H_L
921,0,train,0.18206629157066345,pdb_00009k27_D1_D2
922,0,train,2.1087539196014404,pdb_00008tp5_H_L
923,0,train,0.08442529290914536,pdb_00008xxu_E1_E2
924,0,train,2.168954610824585,pdb_00004xzu_A_B
925,0,train,1.8866629600524902,pdb_00009mtl_H_L
926,0,train,2.0889384746551514,pdb_00009mkn_Q_R
927,0,train,2.0082883834838867,pdb_00009mtm_M_N
928,0,train,1.4454240798950195,pdb_00006ogx_C_D
929,0,train,1.2383071184158325,pdb_00004zff_A_B
930,0,train,1.589002251625061,pdb_00004tnw_G_K
931,0,train,1.8392622470855713,pdb_00004xnm_B_A
932,0,train,0.06516273319721222,pdb_00008hnm_S1_S2
933,0,train,1.2317500114440918,pdb_00007wh8_B_A
934,0,train,0.8876056671142578,pdb_00004z7q_E_F
935,0,train,0.06296152621507645,pdb_00007y67_S1_S2
936,0,train,0.11738160252571106,pdb_00008t3q_N1_N2
937,0,train,1.4360922574996948,pdb_00005lsp_H_L
938,0,train,1.8403797149658203,pdb_00007zfb_J_K
939,0,train,0.05132047086954117,pdb_00007db6_E1_E2
940,0,train,1.0827635526657104,pdb_00006dzt_M1_M2
941,0,train,0.09437915682792664,pdb_00008hbd_H1_H2
942,0,train,1.6730132102966309,pdb_00009ebc_I_J
943,0,train,0.8375964164733887,pdb_00008cwv_H_L
944,0,train,1.173153281211853,pdb_00006b3s_H_L
945,0,train,0.04538621008396149,pdb_00007xwo_E1_E2
946,0,train,1.2418478727340698,pdb_00004nik_B1_B2
947,0,train,1.2336103916168213,pdb_00007cgw_H_L
948,0,train,1.5057610273361206,pdb_00006t9d_HHH_LLL
949,0,train,1.515103816986084,pdb_00008cbf_H_L
950,0,train,1.2809741497039795,pdb_00007quh_H_L
951,0,train,1.034928560256958,pdb_00006adc_E_F
952,0,train,0.9133166670799255,pdb_00003g6j_H_G
953,0,train,0.9492048025131226,pdb_00008z3q_S1_S2
954,0,train,1.028783917427063,pdb_00008dww_Z_Y
955,0,train,1.5981216430664062,pdb_00008dwx_V_U
956,0,train,2.1230127811431885,pdb_00007ey5_B_C
957,0,train,0.29135727882385254,pdb_00008ija_S1_S2
958,0,train,1.5605276823043823,pdb_00003v4v_H_L
959,0,train,0.6113325357437134,pdb_00009vmp_S1_S2
960,0,train,1.2745441198349,pdb_00007wk0_D_E
961,0,train,0.06296488642692566,pdb_00008j1a_S1_S2
962,0,train,1.287538766860962,pdb_00007qny_A_B
963,0,train,2.131791353225708,pdb_00007l7e_C_D
964,0,train,1.4050781726837158,pdb_00008bg4_C1_C2
965,0,train,0.7147435545921326,pdb_00007u9f_E_F
966,0,train,1.3483012914657593,pdb_00008jel_F_G
967,0,train,1.4400875568389893,pdb_00003eo1_K_J
968,0,train,1.420803189277649,pdb_00008d7e_D_E
969,0,train,1.4908353090286255,pdb_00008sid_J_I
970,0,train,1.398714303970337,pdb_00008u4s_H_L
971,0,train,0.9503235816955566,pdb_00008dn6_C_D
972,0,train,0.9854235649108887,pdb_00008xse_M_N
973,0,train,1.9538729190826416,pdb_00009qub_D_C
974,0,train,1.890991449356079,pdb_00008tbq_A_B
975,0,train,1.5005323886871338,pdb_00009ue8_A_B
976,0,train,0.10904771089553833,pdb_00008dzr_E1_E2
977,0,train,0.8749908208847046,pdb_00008syp_M1_M2
978,0,train,1.043304204940796,pdb_00007t3d_J_M
979,0,train,1.701342225074768,pdb_00009mtk_H_L
980,0,train,2.0943801403045654,pdb_00001xgu_B_A
981,0,train,2.184418201446533,pdb_00006gff_N_M
982,0,train,1.6039260625839233,pdb_00009o7g_C_D
983,0,train,2.0830438137054443,pdb_00008dcm_A_B
984,0,train,1.5864214897155762,pdb_00009cfg_H_L
985,0,train,2.1388988494873047,pdb_00007uij_H_L
986,0,train,0.06779137253761292,pdb_00008jz7_S1_S2
987,0,train,1.560652256011963,pdb_00007det_D1_D2
988,0,train,1.7510154247283936,pdb_00008vgi_K_L
989,0,train,1.5591437816619873,pdb_00008y3h_G_H
990,0,train,1.1360732316970825,pdb_00003g6d_H_L
991,0,train,1.247092604637146,pdb_00009lho_T_S
992,0,train,1.6707156896591187,pdb_00006xpz_B_C
993,0,train,1.221232295036316,pdb_00006iap_E_D
994,0,train,1.147528886795044,pdb_00001tzh_B_A
995,0,train,1.0532071590423584,pdb_00002hlf_E_F
996,0,train,0.05994725972414017,pdb_00009k07_E1_E2
997,0,train,1.4012161493301392,pdb_00008vgh_H_G
998,0,train,1.4722875356674194,pdb_00003rhw_J_M
999,0,train,1.9509862661361694,pdb_00009rim_H_L
1000,0,train,1.3940938711166382,pdb_00006hxw_C_D
1001,0,train,0.052529506385326385,pdb_00007wy0_C1_C2
1002,0,train,0.050596438348293304,pdb_00007vv5_S1_S2
1003,0,train,1.827483057975769,pdb_00009vca_H_L
1004,0,train,1.6875568628311157,pdb_00008cz8_A2_A1
1005,0,train,0.24974361062049866,pdb_00008h2g_E1_E2
1006,0,train,1.0040068626403809,pdb_00007xcz_D_E
1007,0,train,2.233581066131592,pdb_00004f37_H_L
1008,0,train,2.179692506790161,pdb_00001tqb_B_C
1009,0,train,2.0546584129333496,pdb_00005c0n_H_L
1010,0,train,1.5122545957565308,pdb_00007ubs_J1_J2
1011,0,train,1.5019539594650269,pdb_00008uzp_A_B
1012,0,train,0.08304513990879059,pdb_00009cm7_N1_N2
1013,0,train,1.461395025253296,pdb_00009ov4_H_L
1014,0,train,1.3926805257797241,pdb_00007lq7_C_D
1015,0,train,1.4839067459106445,pdb_00009jy1_P_O
1016,0,train,1.1082688570022583,pdb_00003b2u_C_D
1017,0,train,0.7937167286872864,pdb_00003g6j_F_E
1018,0,train,0.061355434358119965,pdb_00008xzj_S1_S2
1019,0,train,0.05506480857729912,pdb_00009ijd_D1_D2
1020,0,train,1.9511396884918213,pdb_00008gsc_H_L
1021,0,train,1.1421698331832886,pdb_00008xsi_H_L
1022,0,train,1.536761999130249,pdb_00009cu7_J_N
1023,0,train,1.3804112672805786,pdb_00006jod_H_L
1024,0,train,1.5969620943069458,pdb_00004hj0_C_D
1025,0,train,1.8945518732070923,pdb_00004u6h_C_D
1026,0,train,0.06959053128957748,pdb_00008e9x_E1_E2
1027,0,train,1.2159764766693115,pdb_00008vgl_H_L
1028,0,train,1.0044410228729248,pdb_00007yvm_C_A
1029,0,train,1.4041283130645752,pdb_00003f7y_A_B
1030,0,train,0.907166063785553,pdb_00008evi_M1_M2
1031,0,train,0.06823770701885223,pdb_00008jgf_E1_E2
1032,0,train,1.5941303968429565,pdb_00003fmg_H_L
1033,0,train,1.3977733850479126,pdb_00006x3u_J_I
1034,0,train,1.7478923797607422,pdb_00009n4e_K_M
1035,0,train,1.2190176248550415,pdb_00007zfe_F_G
1036,0,train,1.5384314060211182,pdb_00008f6o_A_B
1037,0,train,1.4108569622039795,pdb_00008ebp_I_M
1038,0,train,0.9746630191802979,pdb_00007f6z_H_L
1039,0,train,1.7922968864440918,pdb_00001nbz_B_A
1040,0,train,1.229392170906067,pdb_00001k4d_A_B
1041,0,train,1.9920849800109863,pdb_00009h4r_X_Y
1042,0,train,1.1897001266479492,pdb_00007yrf_F_E
1043,0,train,1.067840576171875,pdb_00003gb7_A_B
1044,0,train,1.2708073854446411,pdb_00007vaf_H_L
1045,0,train,1.1453838348388672,pdb_00002h9g_H_L
1046,0,train,0.12606200575828552,pdb_00008xyd_E1_E2
1047,0,train,1.3493376970291138,pdb_00006x3z_K_L
1048,0,train,0.06524521857500076,pdb_00008jim_S1_S2
1049,0,train,1.086348056793213,pdb_00003ejy_C_D
1050,0,train,0.8629466891288757,pdb_00003f5w_A_B
1051,0,train,0.6869277954101562,pdb_00007c01_C_D
1052,0,train,0.9528939723968506,pdb_00008zfz_D1_D2
1053,0,train,0.7949058413505554,pdb_00002exy_E_F
1054,0,train,2.7674825191497803,pdb_00008zd5_B_C
1055,0,train,0.9332270622253418,pdb_00008vqy_J_I
1056,0,train,0.5422126650810242,pdb_00007vdm_S1_S2
1057,0,train,1.0305989980697632,pdb_00006x3u_K_L
1058,0,train,0.32690587639808655,pdb_00008xjn_E1_E2
1059,0,train,0.2920956611633301,pdb_00008ijd_S1_S2
1060,0,train,0.9020871520042419,pdb_00007yck_E_F
1061,0,train,2.3147730827331543,pdb_00009n5i_H_L
1062,0,train,0.8449385762214661,pdb_00007m2j_A_B
1063,0,train,2.7177860736846924,pdb_00005w3m_E_G
1064,0,train,0.1188802495598793,pdb_00009m2f_S1_S2
1065,0,train,1.05071222782135,pdb_00008bg2_C1_C2
1066,0,train,1.5654699802398682,pdb_00008jqm_M_N
1067,0,train,2.087279796600342,pdb_00009oar_H_L
1068,0,train,0.661540687084198,pdb_00002exw_E_F
1069,0,train,1.3653956651687622,pdb_00008bg5_C1_C2
1070,0,train,1.5839627981185913,pdb_00005wko_K_L
1071,0,train,1.4773502349853516,pdb_00007x2w_H_L
1072,0,train,0.5786669254302979,pdb_00009wxm_D1_D2
1073,0,train,1.2261892557144165,pdb_00008vgm_H_L
1074,0,train,1.4590034484863281,pdb_00003fku_T1_T2
1075,0,train,1.7263784408569336,pdb_00007k9z_B_A
1076,0,train,1.3478351831436157,pdb_00007ua2_B1_B2
1077,0,train,1.822603702545166,pdb_00006bpc_B_C
1078,0,train,1.1916463375091553,pdb_00008jkh_m_n
1079,0,train,1.5973912477493286,pdb_00006pe9_C_D
1080,0,train,1.6334593296051025,pdb_00006n5e_E_D
1081,0,train,1.5382096767425537,pdb_00009yyu_I_M
1082,0,train,1.1964937448501587,pdb_00007y7m_F_G
1083,0,train,1.5624747276306152,pdb_00009n4e_Q_P
1084,0,train,0.46530240774154663,pdb_00008hpt_H1_H2
1085,0,train,1.287781000137329,pdb_00008qh0_H_L
1086,0,train,1.3457469940185547,pdb_00007cvt_C_D
1087,0,train,1.3156214952468872,pdb_00006t3j_A_B
1088,0,train,0.2397400438785553,pdb_00009jkt_S1_S2
1089,0,train,0.8895658850669861,pdb_00008hws_H_L
1090,0,train,1.6195852756500244,pdb_00008tea_H_G
1091,0,train,1.5141382217407227,pdb_00007l0l_I_K
1092,0,train,0.9257036447525024,pdb_00008si9_K_L
1093,0,train,1.664160132408142,pdb_00007rco_D_C
1094,0,train,0.8807538151741028,pdb_00006ktr_A_B
1095,0,train,1.1268976926803589,pdb_00006ii4_H_L
1096,0,train,1.7791646718978882,pdb_00003bsz_H_L
1097,0,train,0.8734530806541443,pdb_00002itd_A_B
1098,0,train,1.356928825378418,pdb_00009rio_H_L
1099,0,train,1.597293496131897,pdb_00008ulf_H_L
1100,0,train,1.4924157857894897,pdb_00006wm9_E_F
1101,0,train,2.010145425796509,pdb_00009oi3_H_L
1102,0,train,1.4058561325073242,pdb_00006wn1_B_C
1103,0,train,1.5709314346313477,pdb_00008uf7_B_A
1104,0,train,0.8993627429008484,pdb_00007u0g_N1_N2
1105,0,train,0.2327788770198822,pdb_00007t2h_E1_E2
1106,0,train,1.427079200744629,pdb_00009og1_B_C
1107,0,train,1.890647292137146,pdb_00007l7e_E_F
1108,0,train,0.9719561338424683,pdb_00007d85_E_F
1109,0,train,1.4593876600265503,pdb_00008dv6_H_D
1110,0,train,1.3174444437026978,pdb_00001e6j_H_L
1111,0,train,0.7902958393096924,pdb_00007u0i_N1_N2
1112,0,train,0.31952670216560364,pdb_00008ejk_E1_E2
1113,0,train,1.918271541595459,pdb_00009fyt_I_M
1114,0,train,0.09414443373680115,pdb_00008yyw_B1_B2
1115,0,train,0.7724213600158691,pdb_00007cvs_E_F
1116,0,train,0.08793927729129791,pdb_00009upu_S1_S2
1117,0,train,0.7569522261619568,pdb_00007u9v_E_F
1118,0,train,0.48240846395492554,pdb_00006dzt_N1_N2
1119,0,train,1.7905852794647217,pdb_00003lh2_K_O
1120,0,train,1.3448494672775269,pdb_00007l0l_G_J
1121,0,train,0.06324408948421478,pdb_00008vy7_D1_D2
1122,0,train,1.845807433128357,pdb_00004ubd_O_P
1123,0,train,0.06367050856351852,pdb_00009oxb_D1_D2
1124,0,train,1.1808050870895386,pdb_00003rif_J_M
1125,0,train,1.4725878238677979,pdb_00009bt5_E_F
1126,0,train,1.0881654024124146,pdb_00008hn7_B_A
1127,0,train,0.7581111192703247,pdb_00002boc_A_B
1128,0,train,0.26093563437461853,pdb_00007vie_E1_E2
1129,0,train,1.3536773920059204,pdb_00007xrz_B_A
1130,0,train,1.8372446298599243,pdb_00001fj1_D_C
1131,0,train,1.6965432167053223,pdb_00008vgk_K_L
1132,0,train,1.6560386419296265,pdb_00006xy2_H_L
1133,0,train,1.1079822778701782,pdb_00007jx3_H_L
1134,0,train,0.07836703211069107,pdb_00007d77_S1_S2
1135,0,train,0.07331771403551102,pdb_00008sai_S1_S2
1136,0,train,1.5859915018081665,pdb_00008tpa_D_E
1137,0,train,0.9339776635169983,pdb_00005ggv_H_L
1138,0,train,1.3793065547943115,pdb_00009js7_J_M
1139,0,train,1.553401231765747,pdb_00008f6l_A_B
1140,0,train,2.286583185195923,pdb_00007mxl_A_B
1141,0,train,0.9220631122589111,pdb_00009n7q_H_L
1142,0,train,1.6705715656280518,pdb_00007wph_E_D
1143,0,train,0.9544779062271118,pdb_00008f2j_A_B
1144,0,train,1.5776408910751343,pdb_00009jy3_R_Q
1145,0,train,0.8359194397926331,pdb_00007pry_A_B
1146,0,train,1.3631579875946045,pdb_00007pa7_ddd2_ddd1
1147,0,train,0.23358388245105743,pdb_00008yuu_S1_S2
1148,0,train,1.0241925716400146,pdb_00008vrn_K_L
1149,0,train,0.7706577181816101,pdb_00007nx8_H_L
1150,0,train,1.2165542840957642,pdb_00009ouq_H_L
1151,0,train,2.2946736812591553,pdb_00001n6q_H_L
1152,0,train,0.05522697791457176,pdb_00007ydh_E1_E2
1153,0,train,0.7088087797164917,pdb_00007tpd_E_F
1154,0,train,1.3467835187911987,pdb_00007wro_H_L
1155,0,train,0.5563873648643494,pdb_00008iys_E1_E2
1156,0,train,1.1909971237182617,pdb_00006k5i_C_D
1157,0,train,1.7350339889526367,pdb_00007mzj_H_L
1158,0,train,0.9496958255767822,pdb_00007klh_I_M
1159,0,train,1.317625880241394,pdb_00008tx3_H_L
1160,0,train,1.2860054969787598,pdb_00008dce_H1_H2
1161,0,train,1.3659656047821045,pdb_00008gpu_C_D
1162,0,train,1.7811212539672852,pdb_00009oar_B_D
1163,0,train,1.5461139678955078,pdb_00004yk4_C_B
1164,0,train,1.2426632642745972,pdb_00008gpy_E1_E2
1165,0,train,2.075502634048462,pdb_00006zh9_HHH_LLL
1166,0,train,1.0169336795806885,pdb_00006cyf_U_T
1167,0,train,0.7785618305206299,pdb_00007pry_F_G
1168,0,train,0.9630027413368225,pdb_00005yoy_Q_N
1169,0,train,1.176178216934204,pdb_00009ib1_H_L
1170,0,train,2.6296567916870117,pdb_00008edf_H_L
1171,0,train,1.1923877000808716,pdb_00005xku_C_B
1172,0,train,2.1302802562713623,pdb_00002x7l_J_K
1173,0,train,1.416418194770813,pdb_00004tnw_W_f
1174,0,train,1.63743257522583,pdb_00001ua6_H_L
1175,0,train,0.9640958905220032,pdb_00009dzg_H_L
1176,0,train,0.9885087013244629,pdb_00007mzk_C_D
1177,0,train,2.110438108444214,pdb_00006h3u_H_L
1178,0,train,0.48837563395500183,pdb_00009iv6_S1_S2
1179,0,train,1.4059582948684692,pdb_00007lq7_T_U
1180,0,train,1.1312487125396729,pdb_00006xq2_C_B
1181,0,train,1.07584810256958,pdb_00007d6i_B_C
1182,0,train,1.9843231439590454,pdb_00009oi3_I_J
1183,0,train,0.3975156843662262,pdb_00009vnz_E1_E2
1184,0,train,1.143431544303894,pdb_00008wpy_H_L
1185,0,train,0.928943932056427,pdb_00003iga_A_B
1186,0,train,1.685935616493225,pdb_00006ii9_P_Q
1187,0,train,0.23315918445587158,pdb_00008jjp_S1_S2
1188,0,train,1.5756416320800781,pdb_00006ek2_H1_H2
1189,0,train,0.6553643941879272,pdb_00007ufh_E_F
1190,0,train,1.4462871551513672,pdb_00006wmw_M_N
1191,0,train,1.0373597145080566,pdb_00008bg3_A1_A2
1192,0,train,0.17632873356342316,pdb_00008z8a_S1_S2
1193,0,train,0.07841527462005615,pdb_00008jxt_E1_E2
1194,0,train,1.697163701057434,pdb_00008suo_I_M
1195,0,train,0.08299095183610916,pdb_00009izf_S1_S2
1196,0,train,0.16342312097549438,pdb_00009iy8_S1_S2
1197,0,train,0.06976073980331421,pdb_00007yon_S1_S2
1198,0,train,0.9687438607215881,pdb_00008jkh_h_l
1199,0,train,0.09662111848592758,pdb_00008w8r_S1_S2
1200,0,train,2.1149816513061523,pdb_00001j5o_H_L
1201,0,train,1.8240034580230713,pdb_00006yz7_BBB_CCC
1202,0,train,1.1662830114364624,pdb_00006w0a_A_B
1203,0,train,1.7863960266113281,pdb_00009mtk_I_J
1204,0,train,1.1436017751693726,pdb_00009ue0_A_B
1205,0,train,1.6746400594711304,pdb_00009bdi_H_L
1206,0,train,0.058365821838378906,pdb_00008h0p_E1_E2
1207,0,train,0.05781981721520424,pdb_00009jr2_S1_S2
1208,0,train,0.049076613038778305,pdb_00007wyb_E1_E2
1209,0,train,0.8946427702903748,pdb_00004zff_H_L
1210,0,train,1.4103550910949707,pdb_00008ihj_S1_S2
1211,0,train,0.06832632422447205,pdb_00008vy9_D1_D2
1212,0,train,0.820620596408844,pdb_00006ad7_E_F
1213,0,train,1.4820964336395264,pdb_00007ttx_H_L
1214,0,train,1.388828158378601,pdb_00003eo1_B_A
1215,0,train,2.0082318782806396,pdb_00003ri5_F_N
1216,0,train,1.2201787233352661,pdb_00002eks_B_A
1217,0,train,0.9961882829666138,pdb_000011oo_H_L
1218,0,train,0.501410961151123,pdb_00008j21_B1_B2
1219,0,train,0.9714539051055908,pdb_00008dn7_A_B
1220,0,train,0.10026588290929794,pdb_00007rgp_E1_E2
1221,0,train,0.7861036062240601,pdb_00007kfw_F_G
1222,0,train,1.0602138042449951,pdb_00007xsc_D_H
1223,0,train,1.2880505323410034,pdb_00007vyr_H_L
1224,0,train,1.3933379650115967,pdb_00009riq_H_L
1225,0,train,1.2698802947998047,pdb_00004yk4_Z_Y
1226,0,train,1.0809732675552368,pdb_00008i0n_I_M
1227,0,train,1.427024006843567,pdb_00005wko_I_J
1228,0,train,1.9883180856704712,pdb_00008zre_h_l
1229,0,train,1.1671046018600464,pdb_00008w85_A_B
1230,0,train,0.3825626075267792,pdb_00008jxx_E1_E2
1231,0,train,0.9890884160995483,pdb_00007x63_H_L
1232,0,train,2.0964083671569824,pdb_00003rif_I_O
1233,0,train,2.093155860900879,pdb_00003mj9_H_L
1234,0,train,1.9576665163040161,pdb_00008tp5_E_F
1235,0,train,0.15453621745109558,pdb_00008kfx_S1_S2
1236,0,train,1.4742236137390137,pdb_00008too_H_E
1237,0,train,1.669098138809204,pdb_00004hg4_V_W
1238,0,train,0.3797653317451477,pdb_00007yoo_S1_S2
1239,0,train,1.300391674041748,pdb_00009bao_G_H
1240,0,train,2.4608848094940186,pdb_00009ml8_H_L
1241,0,train,0.07208588719367981,pdb_00009vmy_E1_E2
1242,0,train,0.2132887989282608,pdb_00007xav_E1_E2
1243,0,train,2.1125237941741943,pdb_00008kep_H_L
1244,0,train,0.8836454749107361,pdb_00005xhv_P_Q
1245,0,train,1.3465229272842407,pdb_00002yss_B_A
1246,0,train,0.20630010962486267,pdb_00008thk_F1_F2
1247,0,train,1.9041612148284912,pdb_00001kiq_B_A
1248,0,train,1.146287202835083,pdb_00007e3o_H_L
1249,0,train,1.5608103275299072,pdb_00007wph_H_L
1250,0,train,0.06173627823591232,pdb_00008xjk_E1_E2
1251,0,train,0.7407249212265015,pdb_00008sps_K1_K2
1252,0,train,0.05798840895295143,pdb_00009kfk_S1_S2
1253,0,train,0.9975988268852234,pdb_00006x3s_J_I
1254,0,train,0.1927376240491867,pdb_00006crk_H1_H2
1255,0,train,0.21329103410243988,pdb_00007vif_E1_E2
1256,0,train,2.279477119445801,pdb_00005dfw_H1_H2
1257,0,train,1.371145248413086,pdb_00005ggt_H_L
1258,0,train,1.3894788026809692,pdb_00008rrn_H_L
1259,0,train,1.7077516317367554,pdb_00001fdl_H_L
1260,0,train,2.402772903442383,pdb_00009leo_A_B
1261,0,train,1.4747686386108398,pdb_00008y3i_G_H
1262,0,train,1.7437851428985596,pdb_00009t5z_H_L
1263,0,train,1.170807957649231,pdb_00008jkf_m_n
1264,0,train,0.14902639389038086,pdb_00007vkt_E1_E2
1265,0,train,0.96396404504776,pdb_00008jkh_M_N
1266,0,train,0.9328774213790894,pdb_00006x3z_J_I
1267,0,train,0.4847218990325928,pdb_00009ggg_S1_S2
1268,0,train,1.985681414604187,pdb_00002x7l_E_F
1269,0,train,2.3760623931884766,pdb_00008tzn_G_H
1270,0,train,1.5169144868850708,pdb_00002vxq_H_L
1271,0,train,1.9899790287017822,pdb_00009ml8_E_F
1272,0,train,2.001497983932495,pdb_00003qwo_A_B
1273,0,train,0.10726193338632584,pdb_00008iu2_S1_S2
1274,0,train,1.1380765438079834,pdb_00008w86_A_B
1275,0,train,1.5954089164733887,pdb_00008p5m_G_L
1276,0,train,1.790520191192627,pdb_00009mth_M_N
1277,0,train,1.0449252128601074,pdb_00009drx_K_L
1278,0,train,1.3220956325531006,pdb_00001uac_H_L
1279,0,train,1.0595979690551758,pdb_00007kmg_A_B
1280,0,train,2.034464120864868,pdb_00006u9s_D_E
1281,0,train,1.8186043500900269,pdb_00005hbt_D_C
1282,0,train,0.9732959866523743,pdb_00007cdj_H_L
1283,0,train,2.695711135864258,pdb_00008cdd_E_D
1284,0,train,0.7648721933364868,pdb_00006e0c_N1_N2
1285,0,train,1.6335391998291016,pdb_00007zfb_H_L
1286,0,train,1.1918398141860962,pdb_00007rxj_H_L
1287,0,train,1.6142085790634155,pdb_00007m7b_H_L
1288,0,train,2.0172226428985596,pdb_00006d0u_K_L
1289,0,train,1.4800032377243042,pdb_00007uvs_D_E
1290,0,train,1.3888087272644043,pdb_00001dqj_B_A
1291,0,train,1.8269630670547485,pdb_00009f90_A_B
1292,0,train,0.2936955690383911,pdb_00009kxs_H1_H2
1293,0,train,1.2282955646514893,pdb_00008vgm_E_F
1294,0,train,2.203394889831543,pdb_00009e3l_G_H
1295,0,train,0.05870647355914116,pdb_00008kgg_E1_E2
1296,0,train,1.204551339149475,pdb_00007sco_J_K
1297,0,train,1.2567689418792725,pdb_00008f6x_E1_E2
1298,0,train,1.5107592344284058,pdb_00006bpa_E_F
1299,0,train,1.4619637727737427,pdb_00007ycn_C_D
1300,0,train,0.16830018162727356,pdb_00007t8x_E1_E2
1301,0,train,1.0828408002853394,pdb_00008ubj_N2_N1
1302,0,train,1.9464274644851685,pdb_00008sdh_H_L
1303,0,train,1.3285945653915405,pdb_00006wno_E_F
1304,0,train,1.272573709487915,pdb_00007f15_B1_B2
1305,0,train,1.243621587753296,pdb_00006ss4_HHH_LLL
1306,0,train,1.7066855430603027,pdb_00007x2i_H_L
1307,0,train,1.6984680891036987,pdb_00007kqh_C_D
1308,0,train,0.809092104434967,pdb_00002qr0_T_S
1309,0,train,0.16829372942447662,pdb_00008j6j_H1_H2
1310,0,train,1.0304617881774902,pdb_00006vmk_o_n
1311,0,train,0.7145856618881226,pdb_00008x8l_E1_E2
1312,0,train,1.8347283601760864,pdb_00006jep_K_I
1313,0,train,0.9403856992721558,pdb_00008j8r_D_E
1314,0,train,0.686484158039093,pdb_00008evh_N1_N2
1315,0,train,1.4126452207565308,pdb_00006fax_H_L
1316,0,train,2.202690362930298,pdb_00009y41_H_L
1317,0,train,0.10533623397350311,pdb_00009jmd_E1_E2
1318,0,train,1.35287606716156,pdb_00004qci_B_A
1319,0,train,0.2592793107032776,pdb_00008jpn_S1_S2
1320,0,train,0.8322468400001526,pdb_00007ek0_H_L
1321,0,train,1.362903356552124,pdb_00008sdf_H_L
1322,0,train,0.16259188950061798,pdb_00008yn9_E1_E2
1323,0,train,1.0251635313034058,pdb_00003u30_C_B
1324,0,train,1.423676609992981,pdb_00007tbf_H_L
1325,0,train,0.8065172433853149,pdb_00008jel_C_D
1326,0,train,0.9828802943229675,pdb_00008jkf_M_N
1327,0,train,0.9280538558959961,pdb_00003fb6_A_B
1328,0,train,1.8527824878692627,pdb_00005gs0_D_C
1329,0,train,2.0032052993774414,pdb_00007y6l_H_L
1330,0,train,0.8294976353645325,pdb_00002exw_C_D
1331,0,train,0.11969199031591415,pdb_00009m8l_N1_N2
1332,0,train,1.2417654991149902,pdb_00005vig_H_L
1333,0,train,1.2119312286376953,pdb_00009oun_H_L
1334,0,train,0.7462737560272217,pdb_00002vdl_H_L
1335,0,train,1.3476463556289673,pdb_00007uxl_A_B
1336,0,train,0.3607979118824005,pdb_00007x9y_S1_S2
1337,0,train,0.8529649972915649,pdb_00007zf9_H_L
1338,0,train,1.4858125448226929,pdb_00007x2o_H_L
1339,0,train,1.7057756185531616,pdb_00009l07_H_L
1340,0,train,1.0126475095748901,pdb_00006cyf_M_L
1341,0,train,0.06977557390928268,pdb_00008ic0_E1_E2
1342,0,train,0.6516268253326416,pdb_00003fb5_A_B
1343,0,train,0.07640732824802399,pdb_00009l42_E1_E2
1344,0,train,1.4561588764190674,pdb_00008g5b_I_M
1345,0,train,0.8305197954177856,pdb_00006bah_B_A
1346,0,train,0.2283216267824173,pdb_00009j31_D1_D2
1347,0,train,0.8401615023612976,pdb_00006cw3_C_D
1348,0,train,1.7329810857772827,pdb_00001g9n_H_L
1349,0,train,0.043084681034088135,pdb_00008y02_S1_S2
1350,0,train,0.04068850725889206,pdb_00008xqo_S1_S2
1351,0,train,1.3555692434310913,pdb_00009cu7_I_M
1352,0,train,0.7692892551422119,pdb_00008ubl_M2_M1
1353,0,train,0.17154699563980103,pdb_00008hqe_H1_H2
1354,0,train,0.9556984305381775,pdb_00006vmk_H_G
1355,0,train,1.7970999479293823,pdb_00009nz3_D_C
1356,0,train,0.4731610417366028,pdb_00007e33_E1_E2
1357,0,train,3.0216691493988037,pdb_00004xzu_E_F
1358,0,train,1.5562708377838135,pdb_00007zfc_A_B
1359,0,train,0.5262579917907715,pdb_00008wnp_B_A
1360,0,train,1.098934531211853,pdb_00007wk0_A_B
1361,0,train,1.4393502473831177,pdb_00009nz3_F_E
1362,0,train,0.6643838286399841,pdb_00002ht4_E_F
1363,0,train,0.09056659787893295,pdb_00007ew1_E1_E2
1364,0,train,0.8059614896774292,pdb_00003stz_A_B
1365,0,train,0.2375115007162094,pdb_00009jkv_S1_S2
1366,0,train,0.6862950921058655,pdb_00003or7_A_B
1367,0,train,1.126832127571106,pdb_00007zfe_M_N
1368,0,train,1.8545277118682861,pdb_00008ut2_J_I
1369,0,train,1.4496304988861084,pdb_00007y3o_H_L
1370,0,train,0.07047446817159653,pdb_00008yn5_E1_E2
1371,0,train,1.3532969951629639,pdb_00006u6u_H_L
1372,0,train,1.1814227104187012,pdb_00007jmw_H_L
1373,0,train,0.7255096435546875,pdb_00002qr0_X_W
1374,0,train,0.12330922484397888,pdb_00008jlk_S1_S2
1375,0,train,1.5929207801818848,pdb_00009hhr_L_H
1376,0,train,1.0575284957885742,pdb_00009l6c_H_L
1377,0,train,1.3873018026351929,pdb_00002i9l_D_C
1378,0,train,1.7666771411895752,pdb_00006ivz_H_L
1379,0,train,0.8876246809959412,pdb_00007sk4_D_C
1380,0,train,1.865100383758545,pdb_00001oak_H_L
1381,0,train,1.2376900911331177,pdb_00007lfa_H_L
1382,0,train,2.1092259883880615,pdb_00006ban_F_E
1383,0,train,0.9634861350059509,pdb_00003nh7_I_M
1384,0,train,0.8066095113754272,pdb_00006vmk_M_L
1385,0,train,2.0076169967651367,pdb_00008go8_I_M
1386,0,train,2.508920192718506,pdb_00004i3r_H_L
1387,0,train,1.2728612422943115,pdb_00004okv_A_B
1388,0,train,0.7778574824333191,pdb_00008vfx_N2_N1
1389,0,train,1.1965663433074951,pdb_00008w83_M_N
1390,0,train,1.1237069368362427,pdb_00007t87_H_L
1391,0,train,1.20775306224823,pdb_00009cq4_H_L
1392,0,train,0.7446042895317078,pdb_00008elp_H_L
1393,0,train,0.15874145925045013,pdb_00007xxh_H1_H2
1394,0,train,0.701694130897522,pdb_00003t3m_E_F
1395,0,train,0.18483443558216095,pdb_00008k9k_H1_H2
1396,0,train,1.5821868181228638,pdb_00009rik_H_L
1397,0,train,1.3522682189941406,pdb_00007unb_H_L
1398,0,train,0.905622124671936,pdb_00008ihb_S1_S2
1399,0,train,0.7770096063613892,pdb_00009oj4_B_A
1400,0,train,0.5304752588272095,pdb_00007udg_E_F
1401,0,train,1.7148089408874512,pdb_00006vvu_G_I
1402,0,train,1.946943998336792,pdb_00001iqd_B_A
1403,0,train,0.8928535580635071,pdb_00007zfe_J_K
1404,0,train,1.0487744808197021,pdb_00009our_J_K
1405,0,train,0.2570357918739319,pdb_00008z9p_S1_S2
1406,0,train,1.8516706228256226,pdb_00005dhx_B2_B1
1407,0,train,1.3584747314453125,pdb_00007zmk_S_T
1408,0,train,1.5973358154296875,pdb_00001fsk_C_B
1409,0,train,0.06668176501989365,pdb_00008y45_S1_S2
1410,0,train,0.14667822420597076,pdb_00008yn2_E1_E2
1411,0,train,1.4975757598876953,pdb_00009zqa_J2_J1
1412,0,train,1.2171965837478638,pdb_00009nz5_F_E
1413,0,train,2.1448476314544678,pdb_00008hrd_L_M
1414,0,train,1.5561853647232056,pdb_00008rrn_C_D
1415,0,train,0.06892529875040054,pdb_00009bqj_E1_E2
1416,0,train,1.0964549779891968,pdb_00009udq_F_A
1417,0,train,1.1465941667556763,pdb_00007qf1_C_B
1418,0,train,1.9786710739135742,pdb_00008dwo_U_V
1419,0,train,0.9219834208488464,pdb_00004ttd_H_L
1420,0,train,0.6419665217399597,pdb_00007tho_E_F
1421,0,train,0.1375049352645874,pdb_00008xx6_S1_S2
1422,0,train,1.1477268934249878,pdb_00006wzl_A_B
1423,0,train,0.5586947798728943,pdb_00008evg_N1_N2
1424,0,train,1.11252760887146,pdb_00006adc_C_D
1425,0,train,1.4956313371658325,pdb_00008bcz_H_L
1426,0,train,1.1297162771224976,pdb_00008tbb_H_L
1427,0,train,1.4049724340438843,pdb_00007c81_H_L
1428,0,train,2.4969594478607178,pdb_00009y3x_H_L
1429,0,train,0.361624538898468,pdb_00008zps_E1_E2
1430,0,train,2.1205668449401855,pdb_00001t03_H_L
1431,0,train,1.6523792743682861,pdb_00004lvh_E_F
1432,0,train,1.8487035036087036,pdb_00008zre_H_L
1433,0,train,1.295884370803833,pdb_00007zfc_H_L
1434,0,train,0.9405943155288696,pdb_00008bcz_E_F
1435,0,train,0.06355618685483932,pdb_00009oxa_D1_D2
1436,0,train,1.0599404573440552,pdb_00006w0g_A_B
1437,0,train,0.07639430463314056,pdb_00007ts0_H1_H2
1438,0,train,0.666073203086853,pdb_00002qr0_H_G
1439,0,train,2.018925666809082,pdb_00007lop_W_V
1440,0,train,0.9603083729743958,pdb_00006k5f_C_D
1441,0,train,1.5979329347610474,pdb_00009huo_C_D
1442,0,train,1.2341619729995728,pdb_00005wko_E_F
1443,0,train,0.06163529306650162,pdb_00008xqs_S1_S2
1444,0,train,1.6206609010696411,pdb_00003hfm_H_L
1445,0,train,1.5273699760437012,pdb_00005wk3_S_R
1446,0,train,1.7896816730499268,pdb_00003h3b_C2_C1
1447,0,train,0.9427135586738586,pdb_00009lbs_D_C
1448,0,train,1.7858974933624268,pdb_00008bbo_H_L
1449,0,train,1.374442458152771,pdb_00005aaw_F1_F2
1450,0,train,0.7170407176017761,pdb_00004tsb_H_L
1451,0,train,1.3720169067382812,pdb_00006yor_H_L
1452,0,train,1.3865894079208374,pdb_00006z2m_B_C
1453,0,train,1.3921945095062256,pdb_00008ut2_H_G
1454,0,train,0.14492462575435638,pdb_00008wwk_E1_E2
1455,0,train,0.5569791793823242,pdb_00007k61_M2_M1
1456,0,train,1.369934320449829,pdb_00007wvl_H_L
1457,0,train,2.153909921646118,pdb_00009xsx_B_C
1458,0,train,1.781297206878662,pdb_00009cds_E_D
1459,0,train,1.4516575336456299,pdb_00009j4c_H_L
1460,0,train,0.5683180689811707,pdb_00006k5i_E_F
1461,0,train,1.0715688467025757,pdb_00007lfa_B_D
1462,0,train,1.4666056632995605,pdb_00005ugy_H_L
1463,0,train,1.3322631120681763,pdb_00008zh7_E_F
1464,0,train,0.8861247897148132,pdb_00008bg2_A1_A2
1465,0,train,1.6982285976409912,pdb_00007n0a_B_A
1466,0,train,0.10928400605916977,pdb_00008thl_F1_F2
1467,0,train,1.858860969543457,pdb_00006oel_H_L
1468,0,train,0.09284739941358566,pdb_00008f7q_E1_E2
1469,0,train,1.1201460361480713,pdb_00005aaw_K1_K2
1470,0,train,2.03967022895813,pdb_00008p12_H_L
1471,0,train,1.546276330947876,pdb_00008fdo_A_B
1472,0,train,0.8822201490402222,pdb_00009n8j_F_G
1473,0,train,1.1537656784057617,pdb_00006x3w_J_I
1474,0,train,0.04990634694695473,pdb_00009buy_E1_E2
1475,0,train,0.05177198350429535,pdb_00008hoc_S1_S2
1476,0,train,1.4120147228240967,pdb_00006yor_B_C
1477,0,train,1.1547174453735352,pdb_00007m42_D_C
1478,0,train,0.05827559903264046,pdb_00008z3m_S1_S2
1479,0,train,0.814858078956604,pdb_00008dd2_J_I
1480,0,train,1.1035282611846924,pdb_00007pa7_nnn2_nnn1
1481,0,train,0.9288193583488464,pdb_00001dee_D_C
1482,0,train,1.0270445346832275,pdb_00009lae_A_B
1483,0,train,1.0969663858413696,pdb_00007sco_E_F
1484,0,train,1.549757480621338,pdb_00009ma7_D_E
1485,0,train,0.1368589848279953,pdb_00007jhj_D1_D2
1486,0,train,0.06654436886310577,pdb_00006kpg_S1_S2
1487,0,train,1.5667622089385986,pdb_00008bcz_A_B
1488,0,train,0.8152604699134827,pdb_00002bob_A_B
1489,0,train,1.414144515991211,pdb_00008jqm_H_L
1490,0,train,1.7774463891983032,pdb_00002x7l_G_I
1491,0,train,0.03763549029827118,pdb_00009kpe_S1_S2
1492,0,train,0.07647999376058578,pdb_00009v2n_S1_S2
1493,0,train,1.7262598276138306,pdb_00008w5l_H_L
1494,0,train,0.9834266304969788,pdb_00007wur_G_H
1495,0,train,1.1484065055847168,pdb_00007jum_I1_I2
1496,0,train,1.4213292598724365,pdb_00007scn_H_L
1497,0,train,1.1399282217025757,pdb_00007f7h_A_B
1498,0,train,1.8522717952728271,pdb_00006xm2_F_E
1499,0,train,1.0530296564102173,pdb_00007vyr_A_B
1500,0,train,2.0820887088775635,pdb_00006s3d_A_B
1501,0,train,1.3657240867614746,pdb_00007ttm_H_L
1502,0,train,1.3040660619735718,pdb_00009nz4_F_E
1503,0,train,0.9741760492324829,pdb_00006cyf_D_C
1504,0,train,0.053748320788145065,pdb_00007ew3_S1_S2
1505,0,train,1.4314364194869995,pdb_00004dkf_I_M
1506,0,train,0.5144273042678833,pdb_00007uh8_E_F
1507,0,train,1.5820971727371216,pdb_00008tea_F_I
1508,0,train,0.03833957761526108,pdb_00008kfz_S1_S2
1509,0,train,0.9361605048179626,pdb_00003dvn_H_L
1510,0,train,0.7678823471069336,pdb_00002r0l_H_L
1511,0,train,1.1295533180236816,pdb_00008sxp_H_L
1512,0,train,0.33482664823532104,pdb_00003zdx_E_F
1513,0,train,0.8970286250114441,pdb_00006w0j_A_B
1514,0,train,1.2663882970809937,pdb_00007ebz_E_F
1515,0,train,1.3785309791564941,pdb_00006ogx_H_L
1516,0,train,0.1302858591079712,pdb_00007jvr_E1_E2
1517,0,train,1.3428181409835815,pdb_00009c0v_H_L
1518,0,train,0.07672256976366043,pdb_00008jln_S1_S2
1519,0,train,0.8156183958053589,pdb_00008tft_I_M
1520,0,train,1.322404384613037,pdb_00006p4a_H_L
1521,0,train,0.3630899488925934,pdb_00007ucy_E_F
1522,0,train,1.4589706659317017,pdb_00003lqa_H_L
1523,0,train,1.2881044149398804,pdb_00009mqa_H_L
1524,0,train,0.8000145554542542,pdb_00005u5f_B_A
1525,0,train,1.321024775505066,pdb_00009cu7_H_L
1526,0,train,2.1751983165740967,pdb_00008erq_H_L
1527,0,train,1.8278112411499023,pdb_00009wai_E_F
1528,0,train,2.179586410522461,pdb_00006s3d_E_F
1529,0,train,2.0365943908691406,pdb_00008hpu_H_L
1530,0,train,1.8550719022750854,pdb_00006xq0_B_C
1531,0,train,1.946441888809204,pdb_00006aru_C_B
1532,0,train,1.4724401235580444,pdb_00009k6y_H_L
1533,0,train,0.08139833807945251,pdb_00008yn7_E1_E2
1534,0,train,1.8131414651870728,pdb_00007t82_D_C
1535,0,train,1.423458218574524,pdb_00007dm1_F_E
1536,0,train,2.045153856277466,pdb_00008v2e_A_B
1537,0,train,1.0305320024490356,pdb_00008oz3_H_L
1538,0,train,1.5453662872314453,pdb_00009q7b_L_M
1539,0,train,0.8513399362564087,pdb_00008vrn_J_I
1540,0,train,0.8938921689987183,pdb_00006vmk_Z_Y
1541,0,train,1.7510184049606323,pdb_00007m7w_E_F
1542,0,train,1.5466126203536987,pdb_00009mqd_I_M
1543,0,train,1.3535346984863281,pdb_00008jqn_h_l
1544,0,train,1.479304552078247,pdb_00008khr_H_L
1545,0,train,1.4672260284423828,pdb_00006ek2_I1_I2
1546,0,train,1.1501379013061523,pdb_00007bbj_M_N
1547,0,train,1.060211420059204,pdb_00008e2u_H_L
1548,0,train,2.342226028442383,pdb_00008z6t_B_C
1549,0,train,0.04028744250535965,pdb_00007vdl_S1_S2
1550,0,train,1.617935299873352,pdb_00007sbd_H_L
1551,0,train,0.301066517829895,pdb_00007tct_E_F
1552,0,train,2.2447288036346436,pdb_00007uij_A_B
1553,0,train,0.043252527713775635,pdb_00007vgz_F1_F2
1554,0,train,0.03765745088458061,pdb_000021ag_S1_S2
1555,0,train,0.04183413088321686,pdb_00008j18_S1_S2
1556,0,train,1.6330393552780151,pdb_00009e3k_H_L
1557,0,train,0.12761031091213226,pdb_00007xau_E1_E2
1558,0,train,1.4192477464675903,pdb_00006z2m_H_L
1559,0,train,0.912513017654419,pdb_00007ch5_H_L
1560,0,train,1.44544517993927,pdb_00007scn_J_K
1561,0,train,1.8905216455459595,pdb_00008zyf_H_D
1562,0,train,1.040472149848938,pdb_00008jkf_h_l
1563,0,train,0.8762769103050232,pdb_00008dww_X_W
1564,0,train,0.07559768855571747,pdb_00008xxv_E1_E2
1565,0,train,1.348299503326416,pdb_00008dis_H_L
1566,0,train,1.0742298364639282,pdb_00007lq7_y_z
1567,0,train,0.4409467875957489,pdb_00009v1h_E1_E2
1568,0,train,0.11566060781478882,pdb_00009iza_S1_S2
1569,0,train,0.24113808572292328,pdb_00007udh_E_F
1570,0,train,1.1512746810913086,pdb_00001c08_B_A
1571,0,train,1.4462755918502808,pdb_00009iz9_Q_R
1572,0,train,1.7357380390167236,pdb_00005gs0_F_E
1573,0,train,1.218177318572998,pdb_00008sit_H_L
1574,0,train,1.0480860471725464,pdb_00009oum_H_L
1575,0,train,0.0914069190621376,pdb_00009vje_E1_E2
1576,0,train,1.5048013925552368,pdb_00007uvq_C_B
1577,0,train,1.5121936798095703,pdb_00009lae_H_L
1578,0,train,1.1352466344833374,pdb_00009u5q_B_C
1579,0,train,1.5024865865707397,pdb_00009xth_B_C
1580,0,train,1.4559704065322876,pdb_00009n4e_O_R
1581,0,train,0.09140559285879135,pdb_00007wq3_S1_S2
1582,0,train,0.9739722013473511,pdb_00007kmg_D_E
1583,0,train,1.187559723854065,pdb_00006hxw_H_L
1584,0,train,1.5887398719787598,pdb_00006k7o_D_E
1585,0,train,1.2011815309524536,pdb_00005d1z_B_A
1586,0,train,1.4045921564102173,pdb_00009b82_H_L
1587,0,train,1.0459450483322144,pdb_00002dqd_H_L
1588,0,train,0.09581870585680008,pdb_00009jfy_S1_S2
1589,0,train,1.307183861732483,pdb_00009zq9_J2_J1
1590,0,train,1.0044511556625366,pdb_00006dkj_A_B
1591,0,train,1.7673962116241455,pdb_00005a3i_G_H
1592,0,train,0.3045327961444855,pdb_00007ukp_E_F
1593,0,train,0.8245245814323425,pdb_00007keo_E_F
1594,0,train,1.453301191329956,pdb_00007pry_H_L
1595,0,train,1.3013801574707031,pdb_00009vfu_E_F
1596,0,train,1.3101565837860107,pdb_00003fku_Z1_Z2
1597,0,train,1.5793650150299072,pdb_00001kip_B_A
1598,0,train,0.06097929924726486,pdb_00008yh0_S1_S2
1599,0,train,1.426374077796936,pdb_00007ycn_K_L
1600,0,train,1.3298454284667969,pdb_00006a3w_A_B
1601,0,train,2.7217233180999756,pdb_00008zd5_H_I
1602,0,train,0.9168933033943176,pdb_00001za3_B_A
1603,0,train,1.7675987482070923,pdb_00008w5h_H_L
1604,0,train,0.13596400618553162,pdb_00008u1u_E1_E2
1605,0,train,0.6627768874168396,pdb_00004tsc_H_L
1606,0,train,0.0727883130311966,pdb_00009vj5_E1_E2
1607,0,train,0.8300620913505554,pdb_00003a6b_H_L
1608,0,train,1.4031232595443726,pdb_00006wm9_B_C
1609,0,train,0.951585054397583,pdb_00002jix_F_A
1610,0,train,1.4026658535003662,pdb_00004lvh_H_I
1611,0,train,1.3174008131027222,pdb_00009cia_D_C
1612,0,train,0.04387429356575012,pdb_00009ik9_E1_E2
1613,0,train,0.2754541337490082,pdb_00007l8p_E_F
1614,0,train,1.9520105123519897,pdb_00008hrd_W_X
1615,0,train,1.2124433517456055,pdb_00007rxl_C_D
1616,0,train,0.03517824783921242,pdb_00007vgy_E1_E2
1617,0,train,1.4775282144546509,pdb_00008vgk_H_G
1618,0,train,0.7569035291671753,pdb_00002fee_J_O
1619,0,train,0.031028112396597862,pdb_00009izh_S1_S2
1620,0,train,0.5975228548049927,pdb_00007yxu_H_L
1621,0,train,0.05141373351216316,pdb_00008y73_E1_E2
1622,0,train,1.3090811967849731,pdb_00007u9e_H1_H2
1623,0,train,1.4944591522216797,pdb_00001fsk_I_H
1624,0,train,1.7122262716293335,pdb_00001orq_B_A
1625,0,train,0.8678797483444214,pdb_00008vqy_K_L
1626,0,train,0.9036374688148499,pdb_00009j9z_H_L
1627,0,train,1.0608670711517334,pdb_00001ndm_B_A
1628,0,train,1.3973488807678223,pdb_00004hj0_P_Q
1629,0,train,0.039821404963731766,pdb_00009vmn_S1_S2
1630,0,train,0.5669341683387756,pdb_00008spu_N1_N2
1631,0,train,0.2926184833049774,pdb_00007w0p_S1_S2
1632,0,train,1.1059770584106445,pdb_00007tbf_D_E
1633,0,train,1.3673081398010254,pdb_00009mkn_J_N
1634,0,train,0.08785873651504517,pdb_00007rkx_D1_D2
1635,0,train,1.1960722208023071,pdb_00007zfb_C_D
1636,0,train,0.7746443152427673,pdb_00006rp8_H_L
1637,0,train,0.8158022165298462,pdb_00007chc_H_L
1638,0,train,0.06871877610683441,pdb_00009m1o_S1_S2
1639,0,train,1.6887825727462769,pdb_00008e8r_H_L
1640,0,train,1.4928038120269775,pdb_00004qci_H_L
1641,0,train,1.5446935892105103,pdb_00009lrh_H_L
1642,0,train,1.1586554050445557,pdb_00003rhw_H_L
1643,0,train,0.38289687037467957,pdb_00008spu_K1_K2
1644,0,train,0.06300017237663269,pdb_00009w49_S1_S2
1645,0,train,0.947792112827301,pdb_00008ywx_E_D
1646,0,train,1.0343135595321655,pdb_00001z3g_I_M
1647,0,train,0.10665734112262726,pdb_00008y6w_D1_D2
1648,0,train,1.8361653089523315,pdb_00003ri5_I_O
1649,0,train,1.1805018186569214,pdb_00001dzb_A1_A2
1650,0,train,0.09667620807886124,pdb_00008y0n_S1_S2
1651,0,train,0.7131641507148743,pdb_00002atk_A_B
1652,0,train,1.2239376306533813,pdb_00008y3k_I_J
1653,0,train,0.5422846674919128,pdb_00008ubl_N2_N1
1654,0,train,0.039938945323228836,pdb_00007wv9_S1_S2
1655,0,train,0.04416818171739578,pdb_00008jlr_S1_S2
1656,0,train,0.4586164355278015,pdb_00008ubi_N2_N1
1657,0,train,0.438942551612854,pdb_00007k5y_N2_N1
1658,0,train,0.6562886238098145,pdb_00007pqy_B_C
1659,0,train,0.6220272183418274,pdb_00002htk_C_D
1660,0,train,0.6675788164138794,pdb_00006txz_I_M
1661,0,train,0.815578281879425,pdb_00002fjh_H_L
1662,0,train,0.5977193117141724,pdb_00006j6y_E_F
1663,0,train,0.23685012757778168,pdb_00008syp_N1_N2
1664,0,train,0.9668586254119873,pdb_00004tnw_F_N
1665,0,train,0.31429794430732727,pdb_00009ejz_H1_H2
1666,0,train,2.2507638931274414,pdb_00008v2e_D_E
1667,0,train,0.6298379898071289,pdb_00006x40_J_I
1668,0,train,0.035942088812589645,pdb_00007y64_S1_S2
1669,0,train,0.9307050704956055,pdb_00006iap_H_L
1670,0,train,0.04858452454209328,pdb_00008sg1_E1_E2
1671,0,train,1.320778250694275,pdb_00008ol9_B_A
1672,0,train,0.033901434391736984,pdb_00007s8l_E1_E2
1673,0,train,0.9703791737556458,pdb_00007m71_H_L
1674,0,train,0.5705883502960205,pdb_00006ada_E_F
1675,0,train,0.9473966360092163,pdb_00003c09_H_L
1676,0,train,1.3856321573257446,pdb_00001g7m_B_A
1677,0,train,1.3296109437942505,pdb_00007cmk_H_L
1678,0,train,0.7387639284133911,pdb_00008dww_H_L
1679,0,train,1.4938578605651855,pdb_00007xcz_B_C
1680,0,train,2.2176196575164795,pdb_00009mla_G_J
1681,0,train,1.147435188293457,pdb_00009npg_A_B
1682,0,train,0.0664554312825203,pdb_00008f7r_E1_E2
1683,0,train,1.1872414350509644,pdb_00009iw2_H_L
1684,0,train,0.7753210067749023,pdb_00001j1x_H_L
1685,0,train,2.0334115028381348,pdb_00008dwy_V_U
1686,0,train,0.45214930176734924,pdb_00008evi_N1_N2
1687,0,train,0.04342033341526985,pdb_00008y71_E1_E2
1688,0,train,0.04313551262021065,pdb_00006lfo_S1_S2
1689,0,train,1.0081305503845215,pdb_00009jeb_C1_C2
1690,0,train,2.1810688972473145,pdb_00008hpf_H_L
1691,0,train,0.03920499607920647,pdb_00008vvf_E1_E2
1692,0,train,0.48014819622039795,pdb_00008w8b_E1_E2
1693,0,train,1.3707926273345947,pdb_00008ulf_I_M
1694,0,train,0.7380063533782959,pdb_00009n7q_E_G
1695,0,train,1.416392207145691,pdb_00009mqd_H_L
1696,0,train,0.571175217628479,pdb_00006x3v_J_I
1697,0,train,1.9494733810424805,pdb_00009mtg_H_L
1698,0,train,1.0728462934494019,pdb_00006wzm_A_B
1699,0,train,1.468997597694397,pdb_00007vgr_F_E
1700,0,train,1.8173292875289917,pdb_00009l8z_C_B
1701,0,train,1.293994426727295,pdb_00007w71_H_L
1702,0,train,0.41676533222198486,pdb_00006k5f_E_F
1703,0,train,0.23267850279808044,pdb_00007vih_E1_E2
1704,0,train,1.2420893907546997,pdb_00009b82_P_O
1705,0,train,1.5827440023422241,pdb_00005y11_A_B
1706,0,train,0.6030224561691284,pdb_00007mjl_H_L
1707,0,train,1.204128384590149,pdb_00006ejg_D2_D1
1708,0,train,1.6129028797149658,pdb_00007r8u_HHH_LLL
1709,0,train,0.15628252923488617,pdb_00008eit_E1_E2
1710,0,train,1.0876047611236572,pdb_00009ctu_D_C
1711,0,train,1.1208856105804443,pdb_00009q71_K_L
1712,0,train,0.14293836057186127,pdb_00008jei_S1_S2
1713,0,train,0.6703885197639465,pdb_00008jen_G_H
1714,0,train,2.2495172023773193,pdb_00008jeo_B_C
1715,0,train,1.5091158151626587,pdb_00007l5j_W_L
1716,0,train,1.3619730472564697,pdb_00008dis_B_G
1717,0,train,0.8513205051422119,pdb_00009cpu_F_G
1718,0,train,0.04669623076915741,pdb_00009k3k_S1_S2
1719,0,train,1.2480326890945435,pdb_00008ut2_L_K
1720,0,train,0.32746440172195435,pdb_00002exy_C_D
1721,0,train,0.11558233946561813,pdb_00009bsb_E1_E2
1722,0,train,1.6371591091156006,pdb_00007yru_H_L
1723,0,train,0.8600896000862122,pdb_00008bg3_C1_C2
1724,0,train,1.26097571849823,pdb_00006zlr_FFF_GGG
1725,0,train,1.524134874343872,pdb_00009cpp_H_L
1726,0,train,0.6870800256729126,pdb_00005j9p_A_B
1727,0,train,0.11787766218185425,pdb_00009vif_S1_S2
1728,0,train,0.6329089999198914,pdb_00007cvs_C_D
1729,0,train,1.6144688129425049,pdb_00008gb5_I_H
1730,0,train,1.2302238941192627,pdb_00007zmk_M_N
1731,0,train,1.2290223836898804,pdb_00004ag4_H_L
1732,0,train,0.05358734726905823,pdb_00007yae_S1_S2
1733,0,train,1.2826392650604248,pdb_00007yrh_F_E
1734,0,train,1.225616455078125,pdb_00009cq7_H_I
1735,0,train,1.154074788093567,pdb_00004gxu_Q_R
1736,0,train,0.04453299939632416,pdb_00009kvh_E1_E2
1737,0,train,1.3862569332122803,pdb_00009cpv_H_L
1738,0,train,0.036762744188308716,pdb_00008xbe_S1_S2
1739,0,train,1.7049980163574219,pdb_00007k9i_H_L
1740,0,train,0.038488660007715225,pdb_00008y01_S1_S2
1741,0,train,0.029892271384596825,pdb_00007vl9_S1_S2
1742,0,train,1.0787068605422974,pdb_00007mzn_H_L
1743,0,train,1.9255954027175903,pdb_00005w3o_D_E
1744,0,train,0.04640410467982292,pdb_00008f7x_E1_E2
1745,0,train,1.218345046043396,pdb_00008u4s_B_A
1746,0,train,0.9195241928100586,pdb_00003sob_H_L
1747,0,train,0.4151872396469116,pdb_00002vdk_H_L
1748,0,train,0.8938775062561035,pdb_00005yoy_H_E
1749,0,train,1.4303679466247559,pdb_00009cfh_H_L
1750,0,train,1.1457500457763672,pdb_00009q71_I_J
1751,0,train,0.24456629157066345,pdb_00009x3z_S1_S2
1752,0,train,0.11418253183364868,pdb_00009d0a_E1_E2
1753,0,train,2.0619213581085205,pdb_00009fys_I_M
1754,0,train,0.02363894321024418,pdb_00007vl8_S1_S2
1755,0,train,1.5010268688201904,pdb_00008w5n_H_L
1756,0,train,0.044647328555583954,pdb_00008y62_E1_E2
1757,0,train,1.2104560136795044,pdb_00008ee8_D_C
1758,0,train,0.33427146077156067,pdb_00008sps_N1_N2
1759,0,train,1.928703784942627,pdb_00007yd1_A_B
1760,0,train,1.5940742492675781,pdb_00008tpa_H_L
1761,0,train,0.7830315232276917,pdb_00009zqb_J2_J1
1762,0,train,0.09514390677213669,pdb_00007sqo_E1_E2
1763,0,train,0.13665607571601868,pdb_00008fx5_H1_H2
1764,0,train,0.13165734708309174,pdb_00009vmg_S1_S2
1765,0,train,0.149379163980484,pdb_00008wwj_E1_E2
1766,0,train,1.0197352170944214,pdb_00004tnw_Y_g
1767,0,train,0.7668659687042236,pdb_00005u6a_B_A
1768,0,train,1.3445837497711182,pdb_00005wko_A_B
1769,0,train,1.2780930995941162,pdb_00006vvu_E_F
1770,0,train,0.6107121706008911,pdb_00008jen_A_B
1771,0,train,1.8957226276397705,pdb_00008vte_D_C
1772,0,train,0.04940766841173172,pdb_00007eo4_E1_E2
1773,0,train,1.01249098777771,pdb_00008f6x_D1_D2
1774,0,train,0.7757559418678284,pdb_00006vmk_S_R
1775,0,train,0.0620882548391819,pdb_00007vuz_S1_S2
1776,0,train,0.06479647755622864,pdb_00008k4n_E1_E2
1777,0,train,1.1105859279632568,pdb_00001mlc_B_A
1778,0,train,0.03822416439652443,pdb_00008yyx_A1_A2
1779,0,train,1.1322566270828247,pdb_00008zh7_B_C
1780,0,train,2.6655845642089844,pdb_00001jrh_H_L
1781,0,train,0.16280412673950195,pdb_00006xbm_S1_S2
1782,0,train,1.0896215438842773,pdb_00007zmk_B_C
1783,0,train,0.035462502390146255,pdb_00008k6o_S1_S2
1784,0,train,1.5643255710601807,pdb_00007c88_H_L
1785,0,train,1.860660433769226,pdb_00007bsd_A_B
1786,0,train,1.4370787143707275,pdb_00007det_B1_B2
1787,0,train,1.594278335571289,pdb_00008sis_H_L
1788,0,train,1.3292404413223267,pdb_00007xda_B_C
1789,0,train,0.8609328269958496,pdb_00007dk2_D_E
1790,0,train,1.6563384532928467,pdb_00001rzk_H_L
1791,0,train,0.8773884177207947,pdb_00008ihi_S1_S2
1792,0,train,1.303242802619934,pdb_00008ulf_J_N
1793,0,train,1.328231692314148,pdb_00001fsk_L_K
1794,0,train,0.04244309663772583,pdb_00007ew0_E1_E2
1795,0,train,1.3934028148651123,pdb_00008v5v_c_e
1796,0,train,1.239663004875183,pdb_00008gpu_H_L
1797,0,train,0.8820545673370361,pdb_00006w0h_A_B
1798,0,train,1.5755808353424072,pdb_00008zdw_U_R
1799,0,train,0.16225239634513855,pdb_00009izd_S1_S2
1800,0,train,0.510237991809845,pdb_00001otu_C_D
1801,0,train,0.25359785556793213,pdb_00007t96_E1_E2
1802,0,train,1.255984902381897,pdb_00007fcp_H_L
1803,0,train,1.3102158308029175,pdb_00002ybr_A_B
1804,0,train,1.7054791450500488,pdb_00005umi_A_B
1805,0,train,0.03280768543481827,pdb_00008guq_S1_S2
1806,0,train,0.9475703239440918,pdb_00009nz5_B_C
1807,0,train,0.9340224862098694,pdb_00009ima_C_D
1808,0,train,0.10617055743932724,pdb_00007wig_S1_S2
1809,0,train,0.7239935398101807,pdb_00009zqb_I2_I1
1810,0,train,2.430543899536133,pdb_00009me6_J_N
1811,0,train,0.8429970145225525,pdb_00007x1m_C_D
1812,0,train,0.08990297466516495,pdb_00008hqn_H1_H2
1813,0,train,0.035198330879211426,pdb_00008jlj_S1_S2
1814,0,train,1.6907027959823608,pdb_00009oi3_M_N
1815,0,train,0.03777163475751877,pdb_00008xqt_S1_S2
1816,0,train,0.7735447287559509,pdb_00008jel_I_K
1817,0,train,0.04041864722967148,pdb_00007t10_S1_S2
1818,0,train,0.6441430449485779,pdb_00008i5h_H_L
1819,0,train,1.2805707454681396,pdb_00005vqm_D_C
1820,0,train,1.4956424236297607,pdb_00009gwt_H_L
1821,0,train,0.03928467258810997,pdb_00009uam_E1_E2
1822,0,train,1.5365548133850098,pdb_00009ci8_B_A
1823,0,train,0.34751030802726746,pdb_00003t3p_E_F
1824,0,train,0.08740334957838058,pdb_00008xx3_S1_S2
1825,0,train,1.1328388452529907,pdb_00009mqa_I_M
1826,0,train,0.030976420268416405,pdb_00007y1f_E1_E2
1827,0,train,0.026345551013946533,pdb_00007rg9_E1_E2
1828,0,train,0.025156741961836815,pdb_00009cm3_N1_N2
1829,0,train,1.6306633949279785,pdb_00006wtv_B_C
1830,0,train,0.186893492937088,pdb_00002vdp_H_L
1831,0,train,1.3236606121063232,pdb_00009iru_B_A
1832,0,train,1.8421666622161865,pdb_00009os5_H_K
1833,0,train,0.8260813355445862,pdb_00007nx7_H_L
1834,0,train,1.9465614557266235,pdb_00006d0u_E_F
1835,0,train,0.06207681819796562,pdb_00008yn6_E1_E2
1836,0,train,0.8469610810279846,pdb_00008wpy_C_D
1837,0,train,1.2689073085784912,pdb_00005ugy_I_M
1838,0,train,0.048298582434654236,pdb_000022es_E1_E2
1839,0,train,1.3413513898849487,pdb_00007m7w_A_B
1840,0,train,1.5385173559188843,pdb_00007pa7_eee2_eee1
1841,0,train,1.7641469240188599,pdb_00007bsc_H_L
1842,0,train,1.8494669198989868,pdb_00009quw_D_C
1843,0,train,0.8942470550537109,pdb_00007ws2_E_D
1844,0,train,1.3532023429870605,pdb_00006z3p_H_L
1845,0,train,0.04055917635560036,pdb_00007w2z_S1_S2
1846,0,train,0.9413338303565979,pdb_00002dqf_E_D
1847,0,train,0.0849016085267067,pdb_00007xbd_E1_E2
1848,0,train,1.5441421270370483,pdb_00004fqj_H_L
1849,0,train,1.2187323570251465,pdb_00006ww5_E_F
1850,0,train,1.2077943086624146,pdb_00008gpu_F_G
1851,0,train,0.02733045071363449,pdb_00009uan_E1_E2
1852,0,train,0.23277299106121063,pdb_00004z7n_E_F
1853,0,train,1.7810883522033691,pdb_00009jub_B_C
1854,0,train,1.4815694093704224,pdb_00005h35_H_I
1855,0,train,0.7229130268096924,pdb_00005u5m_B_A
1856,0,train,0.06342560052871704,pdb_00009ns9_N1_N2
1857,0,train,0.10177966952323914,pdb_00007yfc_C1_C2
1858,0,train,1.9691911935806274,pdb_00001tqc_B_C
1859,0,train,0.08813774585723877,pdb_00008ied_N1_N2
1860,0,train,0.8310016989707947,pdb_00007ws7_G_F
1861,0,train,1.5497193336486816,pdb_00009azv_H_L
1862,0,train,1.7268825769424438,pdb_00004kuc_F_E
1863,0,train,1.4788109064102173,pdb_00007m7w_C_D
1864,0,train,0.03134234994649887,pdb_00008vvg_E1_E2
1865,0,train,0.21225006878376007,pdb_00003t3m_H_L
1866,0,train,0.4507683217525482,pdb_00008u9s_N2_N1
1867,0,train,1.1633583307266235,pdb_00008dxt_H_L
1868,0,train,0.888363778591156,pdb_00008zbb_H_L
1869,0,train,2.37847900390625,pdb_00005i9q_B_C
1870,0,train,1.1992853879928589,pdb_00007rxl_H_L
1871,0,train,1.1766995191574097,pdb_00008v5v_b_d
1872,0,train,0.6073728203773499,pdb_00003fb8_A_B
1873,0,train,0.467067152261734,pdb_00002h2s_C_D
1874,0,train,0.7212495803833008,pdb_00006ii8_G_I
1875,0,train,1.1007648706436157,pdb_00008too_G_F
1876,0,train,0.918896496295929,pdb_00007wur_E_F
1877,0,train,1.2246099710464478,pdb_00006woz_K_L
1878,0,train,0.11355981230735779,pdb_00008zcj_E1_E2
1879,0,train,1.2266674041748047,pdb_00007x3c_H_L
1880,0,train,1.1197930574417114,pdb_00005h35_F_G
1881,0,train,1.1048904657363892,pdb_00005vqm_H_L
1882,0,train,1.3805402517318726,pdb_00005ggs_A_B
1883,0,train,1.7643197774887085,pdb_00006xm2_D_C
1884,0,train,0.9898976683616638,pdb_00002fjh_B_A
1885,0,train,1.7494083642959595,pdb_00008gs9_H_K
1886,0,train,0.9572328329086304,pdb_00008wpw_C_D
1887,0,train,0.05058138072490692,pdb_00009kfj_S1_S2
1888,0,train,2.1202590465545654,pdb_00006osh_H_L
1889,0,train,1.3087855577468872,pdb_00007wqv_L1_L2
1890,0,train,0.028092991560697556,pdb_00008yky_S1_S2
1891,0,train,0.04854553937911987,pdb_00009m55_S1_S2
1892,0,train,1.177150845527649,pdb_00008cxg_h_l
1893,0,train,1.1476136445999146,pdb_00008jio_C_B
1894,0,train,1.6128205060958862,pdb_00008kdr_H_L
1895,0,train,1.1591590642929077,pdb_00009mkn_H_L
1896,0,train,0.04445219412446022,pdb_00008ef5_E1_E2
1897,0,train,1.4613994359970093,pdb_00007cqd_I_M
1898,0,train,0.20281973481178284,pdb_00003nig_E_F
1899,0,train,0.6051337122917175,pdb_00002hjf_A_B
1900,0,train,1.2418466806411743,pdb_00006zlr_HHH_LLL
1901,0,train,1.4491682052612305,pdb_00005e94_D_C
1902,0,train,0.02679174393415451,pdb_00008fn0_E1_E2
1903,0,train,1.5198469161987305,pdb_00006wtu_K_L
1904,0,train,0.7360802888870239,pdb_00008sgo_K_L
1905,0,train,1.0191839933395386,pdb_00008y0y_D1_D4
1906,0,train,1.1177269220352173,pdb_00007dk0_A_B
1907,0,train,0.540167510509491,pdb_00008j20_B1_B2
1908,0,train,0.7450357675552368,pdb_00009cpv_C_D
1909,0,train,0.3316781222820282,pdb_00002htk_E_F
1910,0,train,0.025599543005228043,pdb_00007tuz_E1_E2
1911,0,train,1.5899181365966797,pdb_00008tnt_G_F
1912,0,train,0.8971004486083984,pdb_00008j1q_B_A
1913,0,train,0.03065967932343483,pdb_00008irt_E1_E2
1914,0,train,1.1075764894485474,pdb_00002vwe_E_C
1915,0,train,1.2278252840042114,pdb_00006jhs_E_D
1916,0,train,0.47491520643234253,pdb_00006x3x_K_L
1917,0,train,2.0909249782562256,pdb_00005tfw_H_L
1918,0,train,0.6746423840522766,pdb_00007qnx_H_L
1919,0,train,0.569267213344574,pdb_00007s0b_A_B
1920,0,train,1.0519782304763794,pdb_00006b3s_J_K
1921,0,train,1.2460092306137085,pdb_00009f91_A_B
1922,0,train,1.1111633777618408,pdb_00004gxu_S_T
1923,0,train,1.307191014289856,pdb_00001g7h_B_A
1924,0,train,0.04990360885858536,pdb_00008hs3_S1_S2
1925,0,train,0.13335344195365906,pdb_00007y89_S1_S2
1926,0,train,0.10758576542139053,pdb_00008xgs_D1_D2
1927,0,train,0.7063812613487244,pdb_00006vmk_l_k
1928,0,train,1.1295024156570435,pdb_00007zfb_A_B
1929,0,train,1.209346055984497,pdb_00001nby_B_A
1930,0,train,0.8478503227233887,pdb_00005nhr_H_L
1931,0,train,0.061844661831855774,pdb_00008wrb_E1_E2
1932,0,train,1.2361347675323486,pdb_00008vgh_K_L
1933,0,train,0.18132668733596802,pdb_00007t94_E1_E2
1934,0,train,0.36603325605392456,pdb_00002htl_C_D
1935,0,train,0.042620088905096054,pdb_00007vv3_S1_S2
1936,0,train,1.577447533607483,pdb_00007lop_B_C
1937,0,train,0.038306351751089096,pdb_00008xzh_S1_S2
1938,0,train,0.8209013342857361,pdb_00005x8m_B_C
1939,0,train,0.9067680239677429,pdb_00008as2_H_L
1940,0,train,0.05863146483898163,pdb_00008xxh_S1_S2
1941,0,train,2.1453123092651367,pdb_00009leo_C_D
1942,0,train,0.3823217451572418,pdb_00008evh_M1_M2
1943,0,train,0.09837811440229416,pdb_00006oij_H1_H2
1944,0,train,1.1804873943328857,pdb_00009cpw_H_L
1945,0,train,1.4873465299606323,pdb_00003qum_K_M
1946,0,train,1.0256174802780151,pdb_00008w83_E_F
1947,0,train,0.028848692774772644,pdb_00008hsc_S1_S2
1948,0,train,1.3878028392791748,pdb_00007s0x_C_D
1949,0,train,1.711389422416687,pdb_00008e8y_H_L
1950,0,train,1.4210318326950073,pdb_00009dn2_I_M
1951,0,train,0.6135404109954834,pdb_00007wnb_H_L
1952,0,train,1.923997402191162,pdb_00009mkn_O_P
1953,0,train,1.5552126169204712,pdb_00008ezk_H1_H2
1954,0,train,0.7443099021911621,pdb_00007klg_I_M
1955,0,train,1.352600336074829,pdb_00006suz_H_L
1956,0,train,0.8767244219779968,pdb_00007dk2_J_K
1957,0,train,1.7871055603027344,pdb_00008jin_B2_B1
1958,0,train,0.6333135962486267,pdb_00006x3t_K_L
1959,0,train,0.9739051461219788,pdb_00003b2u_N_O
1960,0,train,1.8239275217056274,pdb_00009ptm_I_M
1961,0,train,1.7698071002960205,pdb_00002x7l_C_D
1962,0,train,1.2374546527862549,pdb_00007m3i_H_L
1963,0,train,1.3922669887542725,pdb_00003rhw_I_O
1964,0,train,1.1127840280532837,pdb_00007x93_E_F
1965,0,train,0.3609423041343689,pdb_00002ht3_C_D
1966,0,train,1.2439608573913574,pdb_00009ue8_E_F
1967,0,train,1.1567637920379639,pdb_00008el2_H_L
1968,0,train,1.5250194072723389,pdb_00005mo9_H_L
1969,0,train,0.09103225916624069,pdb_00009vo1_E1_E2
1970,0,train,1.397181749343872,pdb_00003wkm_H_L
1971,0,train,1.6437458992004395,pdb_00009h4s_X_Y
1972,0,train,0.4333396852016449,pdb_00008ubk_N2_N1
1973,0,train,0.8244462013244629,pdb_00009n4f_O_P
1974,0,train,0.051018331199884415,pdb_00008j6i_H1_H2
1975,0,train,1.137233853340149,pdb_00008sdf_B_C
1976,0,train,0.08708732575178146,pdb_00007l1u_H1_H2
1977,0,train,1.2339916229248047,pdb_00001fsk_F_E
1978,0,train,0.04072200134396553,pdb_00009jeq_S1_S2
1979,0,train,2.2604641914367676,pdb_00009cps_H_L
1980,0,train,0.3133825957775116,pdb_00006adb_E_F
1981,0,train,0.07218185812234879,pdb_00009ldx_S1_S2
1982,0,train,0.898138165473938,pdb_00007xik_H_L
1983,0,train,1.434228777885437,pdb_00008cii_A_B
1984,0,train,0.059777650982141495,pdb_00008jlq_S1_S2
1985,0,train,2.027682065963745,pdb_00008zd6_E_F
1986,0,train,0.049463339149951935,pdb_00008j19_S1_S2
1987,0,train,1.2203388214111328,pdb_00004n90_H_I
1988,0,train,1.3048936128616333,pdb_00009b82_R_Q
1989,0,train,1.8634957075119019,pdb_00006ddv_B_A
1990,0,train,0.02641766518354416,pdb_00009k3l_S1_S2
1991,0,train,1.2074223756790161,pdb_00005jz7_H_L
1992,0,train,0.018893703818321228,pdb_00008gag_S1_S2
1993,0,train,1.6962310075759888,pdb_00006mtq_H_L
1994,0,train,0.9087104201316833,pdb_00003a6c_H_L
1995,0,train,0.029041120782494545,pdb_00007y24_S1_S2
1996,0,train,1.6606823205947876,pdb_00007bsd_H_L
1997,0,train,0.09780710190534592,pdb_00007dfl_C1_C2
1998,0,train,0.7824817895889282,pdb_00009n4f_M_N
1999,0,train,1.1876626014709473,pdb_00005kvf_H_L
2000,0,train,0.0207351204007864,pdb_00006wwz_S1_S2
2001,0,train,0.6056795716285706,pdb_00008as0_N_M
2002,0,train,0.033548519015312195,pdb_00009ko4_H1_H2
2003,0,train,0.8072073459625244,pdb_00006vmk_V_U
2004,0,train,0.09412398189306259,pdb_00009kt8_E1_E2
2005,0,train,0.02778691053390503,pdb_00009vjg_E1_E2
2006,0,train,0.735120952129364,pdb_00001ic5_H_L
2007,0,train,1.1602050065994263,pdb_00006uig_H_L
2008,0,train,0.3018607199192047,pdb_00003nid_E_F
2009,0,train,1.9920289516448975,pdb_00007s11_H_L
2010,0,train,2.1313681602478027,pdb_00003klh_D_C
2011,0,train,1.4139513969421387,pdb_00007b0b_H_L
2012,0,train,0.035021185874938965,pdb_00008zh8_S1_S2
2013,0,train,0.11106588691473007,pdb_00009xhi_D1_D2
2014,0,train,0.9535886645317078,pdb_00008tui_H_L
2015,0,train,0.9389161467552185,pdb_00008f2j_H_L
2016,0,train,1.1548389196395874,pdb_00006vvu_J_K
2017,0,train,2.135159492492676,pdb_00004ki5_C_D
2018,0,train,1.791152000427246,pdb_00008jeo_E_F
2019,0,train,0.03460830822587013,pdb_00007y12_S1_S2
2020,0,train,0.7989093661308289,pdb_00005yoy_I_F
2021,0,train,1.152701735496521,pdb_00004l5f_H_L
2022,0,train,1.2611676454544067,pdb_00009bdh_H_L
2023,0,train,0.24558429419994354,pdb_00002vdm_H_L
2024,0,train,0.7433145642280579,pdb_00007yck_C_D
2025,0,train,1.6275721788406372,pdb_00002zck_H_L
2026,0,train,1.5059831142425537,pdb_00007xda_D_E
2027,0,train,0.04656803607940674,pdb_00007p02_H1_H2
2028,0,train,0.967136025428772,pdb_00002vwe_L_J
2029,0,train,1.094640851020813,pdb_00006hjp_K_L
2030,0,train,1.233793020248413,pdb_00009npg_D_E
2031,0,train,0.0253314021974802,pdb_00006xox_E1_E2
2032,0,train,0.6465951800346375,pdb_00002dqh_H_L
2033,0,train,1.1312552690505981,pdb_00001kb5_H_L
2034,0,train,0.7500658631324768,pdb_00008f2j_D_F
2035,0,train,0.02482353337109089,pdb_00007na8_N1_N2
2036,0,train,1.1764265298843384,pdb_00004al8_H_L
2037,0,train,0.3044377565383911,pdb_00007u0j_K1_K2
2038,0,train,0.03911934047937393,pdb_00008g59_S1_S2
2039,0,train,0.4504067301750183,pdb_00006x40_K_L
2040,0,train,0.8249343037605286,pdb_00008xsj_H_L
2041,0,train,0.04009845480322838,pdb_00008y72_E1_E2
2042,0,train,1.0709195137023926,pdb_00007x6o_C_D
2043,0,train,1.9978704452514648,pdb_00005ldn_H_L
2044,0,train,0.8419352173805237,pdb_00008xse_H_L
2045,0,train,0.05797288566827774,pdb_00008yn4_E1_E2
2046,0,train,0.0715349018573761,pdb_00008hqm_H1_H2
2047,0,train,0.59498131275177,pdb_00009zqc_I2_I1
2048,0,train,0.036548878997564316,pdb_00008t3s_N1_N2
2049,0,train,0.019489627331495285,pdb_00007s8n_E1_E2
2050,0,train,0.27630603313446045,pdb_00006ad8_E_F
2051,0,train,1.0097317695617676,pdb_00009pw4_C_D
2052,0,train,0.020344693213701248,pdb_00008k4s_D1_D2
2053,0,train,0.01862228848040104,pdb_00007f9z_E1_E2
2054,0,train,1.0063087940216064,pdb_00009lho_O_N
2055,0,train,1.2120752334594727,pdb_00004odx_H_B
2056,0,train,2.320220708847046,pdb_00007yvf_C_A
2057,0,train,0.017277512699365616,pdb_00008utd_D1_D2
2058,0,train,1.118706226348877,pdb_00006ejg_C2_C1
2059,0,train,0.06756734848022461,pdb_00008irs_E1_E2
2060,0,train,0.2530943751335144,pdb_00006k5a_E_F
2061,0,train,1.0949419736862183,pdb_00008ywe_B2_B1
2062,0,train,0.9930040240287781,pdb_00008jqn_H_L
2063,0,train,1.0844674110412598,pdb_00001vfb_B_A
2064,0,train,0.9223032593727112,pdb_00007dfa_H_L
2065,0,train,0.025777025148272514,pdb_00007ew7_E1_E2
2066,0,train,1.828212022781372,pdb_00008zd5_E_F
2067,0,train,1.3097975254058838,pdb_00009hh9_E_D
2068,0,train,1.7297059297561646,pdb_00005d1z_F_E
2069,0,train,0.9516677856445312,pdb_00009nz4_D_C
2070,0,train,0.04042565077543259,pdb_00008h8j_H1_H2
2071,0,train,0.7299075722694397,pdb_00008ihh_S1_S2
2072,0,train,1.6494427919387817,pdb_00001eo8_H_L
2073,0,train,0.39750492572784424,pdb_00008zd1_S1_S2
2074,0,train,2.246359348297119,pdb_00006wtv_K_L
2075,0,train,1.2490674257278442,pdb_00007bnv_H_L
2076,0,train,0.2266673445701599,pdb_00001otu_E_F
2077,0,train,1.799214243888855,pdb_00009ivj_H_L
2078,0,train,1.3108792304992676,pdb_00008vgj_K_L
2079,0,train,1.678839921951294,pdb_00003c09_C_B
2080,0,train,0.6708632707595825,pdb_00006vmk_K_J
2081,0,train,1.2858178615570068,pdb_00004hjj_H2_L2
2082,0,train,0.2291320413351059,pdb_00009yda_H1_H2
2083,0,train,0.08514154702425003,pdb_00009u4w_S1_S2
2084,0,train,0.6233483552932739,pdb_00008smt_H_L
2085,0,train,0.1528671681880951,pdb_00004fg6_C_D
2086,0,train,1.0376733541488647,pdb_00007x1m_H_L
2087,0,train,0.7311915755271912,pdb_00007kfw_C_D
2088,0,train,1.0061064958572388,pdb_00007xj9_G_F
2089,0,train,0.11102074384689331,pdb_00001ott_E_F
2090,0,train,1.546942114830017,pdb_00005x8l_S_N
2091,0,train,1.8666201829910278,pdb_00009mth_I_J
2092,0,train,1.335127592086792,pdb_00004d9r_H_L
2093,0,train,1.6066367626190186,pdb_00009e3l_I_J
2094,0,train,1.317278265953064,pdb_00009yyu_J_N
2095,0,train,2.1586596965789795,pdb_00008rmx_B_C
2096,0,train,0.8140091300010681,pdb_00003nh7_H_L
2097,0,train,1.377502202987671,pdb_00007rku_G_I
2098,0,train,1.104255199432373,pdb_00007kf0_H_L
2099,0,train,1.4224680662155151,pdb_00008tzw_H_L
2100,0,train,1.7151625156402588,pdb_00004u6h_A_B
2101,0,train,1.3533598184585571,pdb_00006k7o_F_G
2102,0,train,0.9467166662216187,pdb_00008w2e_F_E
2103,0,train,1.8713743686676025,pdb_00007rxp_H_L
2104,0,train,0.7240316867828369,pdb_00008wo4_B_A
2105,0,train,1.4547994136810303,pdb_00009quw_F_E
2106,0,train,0.07170400023460388,pdb_00006os9_D1_D2
2107,0,train,0.7761648893356323,pdb_00008y0y_E3_E2
2108,0,train,1.6797618865966797,pdb_00009fys_B_C
2109,0,train,0.047762349247932434,pdb_00009ydu_E1_E2
2110,0,train,1.2664756774902344,pdb_00008cn9_B_A
2111,0,train,0.9541020393371582,pdb_00001z3g_H_L
2112,0,train,0.17745046317577362,pdb_00002ht3_E_F
2113,0,train,0.6352576017379761,pdb_00002qr0_L_K
2114,0,train,0.02509332448244095,pdb_00007eo2_E1_E2
2115,0,train,1.0437458753585815,pdb_00008ebp_H_L
2116,0,train,1.3002451658248901,pdb_00009kve_A_B
2117,0,train,1.6101558208465576,pdb_00007ezv_M_N
2118,0,train,1.2826305627822876,pdb_00008bg5_A1_A2
2119,0,train,1.5923113822937012,pdb_00007si0_C_D
2120,0,train,1.225646734237671,pdb_00001yqv_H_L
2121,0,train,0.09906172007322311,pdb_00007vla_S1_S2
2122,0,train,0.8391329050064087,pdb_00008i0n_H_L
2123,0,train,1.4969247579574585,pdb_00006ii9_M_N
2124,0,train,1.5946416854858398,pdb_00007rk1_C1_C2
2125,0,train,1.2147328853607178,pdb_00008y3h_I_J
2126,0,train,0.04688836261630058,pdb_00006omm_E1_E2
2127,0,train,1.1816574335098267,pdb_00009cpu_H_L
2128,0,train,1.1784549951553345,pdb_00008dcc_H_L
2129,0,train,0.9132481217384338,pdb_00009ixa_H_L
2130,0,train,0.300693154335022,pdb_00002vc2_H_L
2131,0,train,1.071236491203308,pdb_00004oii_H_L
2132,0,train,0.6170766353607178,pdb_00008as0_W_V
2133,0,train,1.2355530261993408,pdb_00007qnx_A_B
2134,0,train,0.1898365616798401,pdb_00008xqe_S1_S2
2135,0,train,1.167450189590454,pdb_00007f3q_H_L
2136,0,train,0.9989967346191406,pdb_00004ma7_H_L
2137,0,train,0.02131592482328415,pdb_00008jgg_S1_S2
2138,0,train,2.0088939666748047,pdb_00008dwy_X_W
2139,0,train,0.1659778654575348,pdb_00007cvt_E_F
2140,0,train,1.4113556146621704,pdb_00001bvk_E_D
2141,0,train,0.9229192733764648,pdb_00008kdt_H_L
2142,0,train,1.2347875833511353,pdb_00008dwx_H_L
2143,0,train,0.18684469163417816,pdb_00009ge2_F1_F2
2144,0,train,0.13321973383426666,pdb_00002h2p_E_F
2145,0,train,1.2535196542739868,pdb_00007y3n_C_D
2146,0,train,0.868588387966156,pdb_00007mxl_H_L
2147,0,train,1.4628220796585083,pdb_00007wcr_a_b
2148,0,train,1.2775729894638062,pdb_00001p2c_E_D
2149,0,train,0.12311440706253052,pdb_00007kh0_S1_S2
2150,0,train,0.5523896217346191,pdb_00006vmk_r_q
2151,0,train,1.3149245977401733,pdb_00006a4k_H_L
2152,0,train,1.0975056886672974,pdb_00003eoa_H_L
2153,0,train,1.2181111574172974,pdb_00007ycn_H_I
2154,0,train,1.6363483667373657,pdb_00005c0n_C_D
2155,0,train,1.0914644002914429,pdb_00009ue8_U_V
2156,0,train,0.06401795893907547,pdb_00008g05_E1_E2
2157,0,train,0.9352148175239563,pdb_00009irs_S_T
2158,0,train,1.6683038473129272,pdb_00005dhy_H_L
2159,0,train,1.6334245204925537,pdb_00007ean_H_L
2160,0,train,1.1202213764190674,pdb_00005xmh_D_C
2161,0,train,0.42090532183647156,pdb_00008ihf_S1_S2
2162,0,train,1.0084673166275024,pdb_00008y3k_G_H
2163,0,train,0.4814963936805725,pdb_00007k60_N2_N1
2164,0,train,2.2749269008636475,pdb_00004hf5_H_L
2165,0,train,1.279556393623352,pdb_00007s0x_H_L
2166,0,train,1.143569827079773,pdb_00007rxi_H_L
2167,0,train,1.05977463722229,pdb_00007ucq_K1_K2
2168,0,train,0.553346574306488,pdb_00006txz_K_O
2169,0,train,0.1200907975435257,pdb_00007p00_H1_H2
2170,0,train,1.9064135551452637,pdb_00008s72_H_L
2171,0,train,0.30748575925827026,pdb_00003nig_H_L
2172,0,train,1.5597906112670898,pdb_00009h4r_H_L
2173,0,train,0.0794435366988182,pdb_00008xqp_S1_S2
2174,0,train,0.8070352077484131,pdb_00009exa_F_E
2175,0,train,1.4504824876785278,pdb_00009ci8_D_C
2176,0,train,0.0334252268075943,pdb_00009v6o_S1_S2
2177,0,train,0.1011589765548706,pdb_00009kt7_E1_E2
2178,0,train,0.557138204574585,pdb_00001j1o_H_L
2179,0,train,0.04192599654197693,pdb_00008tb0_F1_F2
2180,0,train,1.7608022689819336,pdb_00009me7_J_N
2181,0,train,0.05145752429962158,pdb_00008yna_E1_E2
2182,0,train,0.7158768177032471,pdb_00007mzh_H_L
2183,0,train,1.5006718635559082,pdb_00006n5d_L_N
2184,0,train,0.3890683650970459,pdb_00007xk2_S1_S2
2185,0,train,0.9338440299034119,pdb_00007ley_G_F
2186,0,train,0.5277160406112671,pdb_00002qr0_B_A
2187,0,train,0.8988446593284607,pdb_00008y31_D_C
2188,0,train,1.2819572687149048,pdb_00008uzp_H_L
2189,0,train,1.3043454885482788,pdb_00001xgt_B_A
2190,0,train,1.121855616569519,pdb_00007uvi_A_B
2191,0,train,0.05800668150186539,pdb_00008xjm_E1_E2
2192,0,train,0.8392876982688904,pdb_00007zf9_A_B
2193,0,train,1.7227967977523804,pdb_00008ag1_H_L
2194,0,train,1.1868948936462402,pdb_00007deu_B1_B2
2195,0,train,0.9712238907814026,pdb_00007wrv_U_V
2196,0,train,0.9907493591308594,pdb_00005jz7_G_I
2197,0,train,0.3944782614707947,pdb_00008ubi_M2_M1
2198,0,train,0.5615720152854919,pdb_00008elo_H_L
2199,0,train,1.266616702079773,pdb_00008hrd_G_H
2200,0,train,0.8098025321960449,pdb_00004lcu_A_B
2201,0,train,1.2664059400558472,pdb_00006uig_B_C
2202,0,train,1.1471188068389893,pdb_00009b82_N_M
2203,0,train,1.3463019132614136,pdb_00009hi4_A_B
2204,0,train,0.058541081845760345,pdb_00009b54_S1_S2
2205,0,train,0.9160801768302917,pdb_00008txu_E_J
2206,0,train,1.7503924369812012,pdb_00009mla_I_L
2207,0,train,1.1725982427597046,pdb_00009q5v_K_J
2208,0,train,1.5437248945236206,pdb_00008khd_H_J
2209,0,train,0.17040634155273438,pdb_00002vdr_H_L
2210,0,train,0.7839282155036926,pdb_00009lsi_C1_D2
2211,0,train,0.8239858746528625,pdb_00006kyz_E_F
2212,0,train,0.7888257503509521,pdb_00007dpm_A_B
2213,0,train,0.7034931778907776,pdb_00005x8l_H_M
2214,0,train,0.04962455853819847,pdb_00008jsr_C1_C2
2215,0,train,2.001837968826294,pdb_00008rmy_B_C
2216,0,train,0.8043767809867859,pdb_00008i5l_D1_D2
2217,0,train,1.152931571006775,pdb_00001p2c_B_A
2218,0,train,0.028723545372486115,pdb_00008hcq_E1_E2
2219,0,train,0.3183858096599579,pdb_00008id9_S1_S2
2220,0,train,1.70395028591156,pdb_00007lg6_C_D
2221,0,train,1.1296555995941162,pdb_00001bql_H_L
2222,0,train,1.1886366605758667,pdb_00009me5_H_L
2223,0,train,0.057067546993494034,pdb_00009jh6_S1_S2
2224,0,train,0.9923799633979797,pdb_00008f6x_F1_F2
2225,0,train,1.3160755634307861,pdb_00007y0w_A_B
2226,0,train,0.047267332673072815,pdb_00008jgb_S1_S2
2227,0,train,1.5526301860809326,pdb_00008eed_I_J
2228,0,train,0.05570133030414581,pdb_00009ast_E1_E2
2229,0,train,1.3767918348312378,pdb_00007kq7_H_L
2230,0,train,1.294123888015747,pdb_00007mzj_N_M
2231,0,train,0.9188671708106995,pdb_00005jz7_C_D
2232,0,train,1.455657958984375,pdb_00008g5b_H_L
2233,0,train,1.1659969091415405,pdb_00003vrl_E_F
2234,0,train,1.1879785060882568,pdb_00006a4k_I_M
2235,0,train,0.04660189524292946,pdb_00007x10_E1_E2
2236,0,train,0.9931294918060303,pdb_00006vgr_C_D
2237,0,train,1.4464688301086426,pdb_00008e8s_H_L
2238,0,train,0.07385468482971191,pdb_00007s8p_E1_E2
2239,0,train,0.936484694480896,pdb_00003vrl_H_L
2240,0,train,1.6005715131759644,pdb_00009kyz_A_B
2241,0,train,0.07102958858013153,pdb_00008kfy_S1_S2
2242,0,train,1.4843636751174927,pdb_00009lp1_A_B
2243,0,train,0.14765813946723938,pdb_00008i7v_E1_E2
2244,0,train,1.0719349384307861,pdb_00009iz9_M_N
2245,0,train,1.053230881690979,pdb_00007m3i_A_B
2246,0,train,0.9142975807189941,pdb_00008smt_I_J
2247,0,train,1.0557849407196045,pdb_00009kve_E_G
2248,0,train,0.07105371356010437,pdb_00009j0i_S1_S2
2249,0,train,1.0203098058700562,pdb_00009oun_J_K
2250,0,train,1.5695273876190186,pdb_00008k5g_H_L
2251,0,train,0.9002097845077515,pdb_00006adb_C_D
2252,0,train,1.7909080982208252,pdb_00009rir_H_L
2253,0,train,1.66545832157135,pdb_00009b2m_H_L
2254,0,train,1.5123884677886963,pdb_00009dn2_H_L
2255,0,train,0.07634861767292023,pdb_00006xbk_S1_S2
2256,0,train,0.7148205041885376,pdb_00007kfw_H_L
2257,0,train,0.8693275451660156,pdb_00008tnt_E_D
2258,0,train,0.05307308956980705,pdb_00008k6n_S1_S2
2259,0,train,0.0413585901260376,pdb_00008hvi_H1_H2
2260,0,train,1.0776280164718628,pdb_00007bbj_H_L
2261,0,train,0.839900553226471,pdb_00003nh7_K_O
2262,0,train,1.1807526350021362,pdb_00007lq7_H_L
2263,0,train,0.03208911046385765,pdb_00008zqe_S1_S2
2264,0,train,1.4653284549713135,pdb_00008ezk_I1_I2
2265,0,train,1.6440980434417725,pdb_00007x3e_H_L
2266,0,train,1.1924030780792236,pdb_00006n5d_E_F
2267,0,train,0.9971923828125,pdb_00008jkf_H_L
2268,0,train,1.1669156551361084,pdb_00007m7w_H_L
2269,0,train,0.97999107837677,pdb_00004tnw_U_h
2270,0,train,1.1801655292510986,pdb_00003d9a_H_L
2271,0,train,1.182999610900879,pdb_00009od3_H_L
2272,0,train,1.7934926748275757,pdb_00009mtl_M_N
2273,0,train,0.026966599747538567,pdb_00008gus_S1_S2
2274,0,train,0.12401273101568222,pdb_00007ej8_H1_H2
2275,0,train,1.9081648588180542,pdb_00003lzf_H_L
2276,0,train,0.25644174218177795,pdb_00007ukt_E_F
2277,0,train,2.303154706954956,pdb_00006uyn_H_L
2278,0,train,1.2788926362991333,pdb_00009hhr_D_G
2279,0,train,0.4569515287876129,pdb_00007u0i_K1_K2
2280,0,train,1.4592840671539307,pdb_00005x8l_G_L
2281,0,train,1.097117304801941,pdb_00007djz_A_B
2282,0,train,1.2229231595993042,pdb_00006plk_I_M
2283,0,train,0.9880236387252808,pdb_00001xgp_B_A
2284,0,train,0.9366552829742432,pdb_00007ley_D_E
2285,0,train,0.7230246067047119,pdb_00008f2j_I_J
2286,0,train,1.4448015689849854,pdb_00009bdi_C_D
2287,0,train,1.0562478303909302,pdb_00009cct_C_B
2288,0,train,1.5224601030349731,pdb_00009hub_I_M
2289,0,train,0.8568882942199707,pdb_00007dk2_A_B
2290,0,train,1.2548145055770874,pdb_00006woz_H_I
2291,0,train,1.4571949243545532,pdb_00008eeu_H_L
2292,0,train,0.10238523036241531,pdb_00008yn8_E1_E2
2293,0,train,1.064225196838379,pdb_00003v4v_M_N
2294,0,train,1.7542628049850464,pdb_00004g3y_H_L
2295,0,train,1.430250883102417,pdb_00007upb_B_E
2296,0,train,1.463348627090454,pdb_00006mlm_E_I
2297,0,train,0.9116701483726501,pdb_00007eam_H_L
2298,0,train,1.492336392402649,pdb_00007rk2_C1_C2
2299,0,train,0.6868146061897278,pdb_00006txz_J_N
2300,0,train,1.4562450647354126,pdb_00007shy_K_L
2301,0,train,1.168224573135376,pdb_00008vgi_J_I
2302,0,train,0.035609759390354156,pdb_00007w57_E1_E2
2303,0,train,0.05943462997674942,pdb_00007ykd_S1_S2
2304,0,train,0.34843960404396057,pdb_00003ejy_E_F
2305,0,train,0.031666047871112823,pdb_00008jd6_D1_D2
2306,0,train,1.376787543296814,pdb_00008d9y_H_G
2307,0,train,0.9235798716545105,pdb_00004hg4_R_S
2308,0,train,1.443588376045227,pdb_00006jep_H_L
2309,0,train,1.2777241468429565,pdb_00005aam_B1_B2
2310,0,train,2.116936206817627,pdb_00009e3h_H_L
2311,0,train,1.0524228811264038,pdb_00007ubs_H1_H2
2312,0,train,0.0448341891169548,pdb_00007ezh_H1_H2
2313,0,train,1.1095976829528809,pdb_00006n5d_C_D
2314,0,train,1.0393718481063843,pdb_00009vhz_A_B
2315,0,train,0.2364918738603592,pdb_00008u9s_M2_M1
2316,0,train,0.016246167942881584,pdb_00009jlc_S1_S2
2317,0,train,1.0967622995376587,pdb_00001xiw_H_G
2318,0,train,0.8680779933929443,pdb_00009irs_H_L
2319,0,train,0.789697527885437,pdb_00007e9b_H_L
2320,0,train,0.8541762828826904,pdb_00003ri5_H_L
2321,0,train,0.0445716567337513,pdb_00008zpt_E1_E2
2322,0,train,1.6139640808105469,pdb_00006xq0_E_F
2323,0,train,0.726084291934967,pdb_00007f6y_H_L
2324,0,train,2.0194995403289795,pdb_00006cvk_A2_A1
2325,0,train,1.3791651725769043,pdb_00005t5f_H_L
2326,0,train,1.476954698562622,pdb_00004ut6_H_L
2327,0,train,1.767694354057312,pdb_00002vit_B_A
2328,0,train,1.888163447380066,pdb_00009oap_H_L
2329,0,train,1.2895933389663696,pdb_00007dq7_H_L
2330,0,train,0.35044366121292114,pdb_00007e32_E1_E2
2331,0,train,0.02900475077331066,pdb_00009lrd_E1_E2
2332,0,train,1.0733345746994019,pdb_00008sit_M_N
2333,0,train,0.9973303079605103,pdb_00007fcp_B_D
2334,0,train,1.1805073022842407,pdb_00007woc_A_B
2335,0,train,1.0843636989593506,pdb_00008gy5_H_L
2336,0,train,0.10460502654314041,pdb_00009kt9_E1_E2
2337,0,train,0.9335309863090515,pdb_00009jy1_R_Q
2338,0,train,1.2938587665557861,pdb_00009h6u_H_L
2339,0,train,0.06305722892284393,pdb_00007eq1_S1_S2
2340,0,train,1.18643057346344,pdb_00007fci_H_L
2341,0,train,1.3018460273742676,pdb_00008r8k_H_L
2342,0,train,0.03145948424935341,pdb_00007t6b_E1_E2
2343,0,train,0.0774814710021019,pdb_00007srr_E1_E2
2344,0,train,0.8034659028053284,pdb_00009jy4_P_O
2345,0,train,0.7218292355537415,pdb_00001xiw_D_C
2346,0,train,1.7464337348937988,pdb_00001fj1_B_A
2347,0,train,0.7703972458839417,pdb_00006x3w_K_L
2348,0,train,1.0029635429382324,pdb_00006hjp_G_H
2349,0,train,0.9976168870925903,pdb_00004hg4_T_U
2350,0,train,0.05850205197930336,pdb_00007f2o_S1_S2
2351,0,train,0.03533253073692322,pdb_00008t3v_N1_N2
2352,0,train,1.612223505973816,pdb_00008dwy_Z_Y
2353,0,train,0.02731560729444027,pdb_00009j5v_S1_S2
2354,0,train,1.5000993013381958,pdb_00004np4_I_M
2355,0,train,0.8102422952651978,pdb_00008dww_V_U
2356,0,train,0.45751282572746277,pdb_00006x3s_K_L
2357,0,train,0.7679859399795532,pdb_00001dzb_B1_B2
2358,0,train,1.166739583015442,pdb_00004kht_H_L
2359,0,train,0.7359322905540466,pdb_00007klh_H_L
2360,0,train,1.2998621463775635,pdb_00008dnn_B_C
2361,0,train,1.07512629032135,pdb_00003v4p_M_N
2362,0,train,0.03666150942444801,pdb_00008hj5_C1_C2
2363,0,train,1.8567687273025513,pdb_00006ba5_H_G
2364,0,train,0.7519012093544006,pdb_00006txz_H_L
2365,0,train,0.026221251115202904,pdb_00007u2l_E1_E2
2366,0,train,1.025758147239685,pdb_00004okv_C_D
2367,0,train,0.3468041718006134,pdb_00007xta_E1_E2
2368,0,train,0.8026306629180908,pdb_00004tnw_I_O
2369,0,train,0.8975821137428284,pdb_00008hpf_M_N
2370,0,train,0.9521758556365967,pdb_00008q6j_D_C
2371,0,train,0.649874746799469,pdb_00002itc_A_B
2372,0,train,0.03424635902047157,pdb_00007cmu_E1_E2
2373,0,train,0.9842869639396667,pdb_00001jhl_H_L
2374,0,train,2.1940360069274902,pdb_00009o7i_D_C
2375,0,train,1.009992241859436,pdb_00007xcp_H_L
2376,0,train,0.7449491024017334,pdb_00007s7i_J_N
2377,0,train,0.44923466444015503,pdb_00007mhx_A_B
2378,0,train,1.0315001010894775,pdb_00005aam_A1_A2
2379,0,train,1.389987826347351,pdb_00003o2d_H_L
2380,0,train,1.3023409843444824,pdb_00008jqs_H_L
2381,0,train,0.08328377455472946,pdb_00009erx_F1_F2
2382,0,train,0.7606136798858643,pdb_00007tzh_A1_A2
2383,0,train,0.8695144057273865,pdb_00002dd8_H_L
2384,0,train,0.04174543172121048,pdb_00008jbg_E1_E2
2385,0,train,0.03277837485074997,pdb_00009iqt_E1_E2
2386,0,train,0.03923197090625763,pdb_00008id4_S1_S2
2387,0,train,0.8490483164787292,pdb_000011ol_H_L
2388,0,train,0.7919255495071411,pdb_00001tzi_B_A
2389,0,train,0.6220436096191406,pdb_00001j1p_H_L
2390,0,train,0.8488644361495972,pdb_00008jkh_H_L
2391,0,train,1.1413841247558594,pdb_00008g5a_J_N
2392,0,train,0.023832466453313828,pdb_00009jh3_S1_S2
2393,0,train,0.8611549735069275,pdb_00007wwk_I_H
2394,0,train,0.785327672958374,pdb_00005yoy_R_O
2395,0,train,0.016726933419704437,pdb_00009jhp_S1_S2
2396,0,train,0.2612360417842865,pdb_00007tct_H_L
2397,0,train,0.9155231714248657,pdb_00007wqv_P1_P2
2398,0,train,0.35062167048454285,pdb_00007k78_K1_K2
2399,0,train,0.32345765829086304,pdb_00002htl_E_F
2400,0,train,1.646523356437683,pdb_00007mmo_A_B
2401,0,train,1.9952718019485474,pdb_00008tfn_H_L
2402,0,train,1.0881526470184326,pdb_00007l0l_H_L
2403,0,train,0.13321051001548767,pdb_00004fg6_E_F
2404,0,train,0.6969470977783203,pdb_00009l6c_A_B
2405,0,train,1.1803158521652222,pdb_00009hh9_I_H
2406,0,train,0.7452742457389832,pdb_00007dpm_G_H
2407,0,train,0.07493896037340164,pdb_00007xmt_S1_S2
2408,0,train,0.01734737493097782,pdb_00007xjj_S1_S2
2409,0,train,0.07404473423957825,pdb_00008xgo_D1_D2
2410,0,train,0.250766396522522,pdb_00008ubk_M2_M1
2411,0,train,0.9129325151443481,pdb_00007chc_A_B
2412,0,train,0.021441353484988213,pdb_00007xw9_S1_S2
2413,0,train,0.9083333611488342,pdb_00001mlc_D_C
2414,0,train,1.637912392616272,pdb_00003mxw_H_L
2415,0,train,1.1473361253738403,pdb_00007upb_C_F
2416,0,train,0.6025131940841675,pdb_00007kfv_C_D
2417,0,train,1.28123939037323,pdb_00009ebc_G_H
2418,0,train,1.5088976621627808,pdb_00005anm_B_A
2419,0,train,0.7908490896224976,pdb_00009l6c_D_F
2420,0,train,0.03342282772064209,pdb_00007x2v_E1_E2
2421,0,train,1.2570858001708984,pdb_00006t9d_AAA_BBB
2422,0,train,0.7737526297569275,pdb_00006vmk_i_h
2423,0,train,0.039503708481788635,pdb_00008iz4_E1_E2
2424,0,train,0.0310687143355608,pdb_00007aue_S1_S2
2425,0,train,1.4364408254623413,pdb_00007cqd_H_L
2426,0,train,1.69937264919281,pdb_00006ba5_F_E
2427,0,train,1.366414189338684,pdb_00009e21_H_L
2428,0,train,0.2976577877998352,pdb_00002ht2_C_D
2429,0,train,0.7442713379859924,pdb_00007d85_B_C
2430,0,train,0.9492270350456238,pdb_00003bn9_F_E
2431,0,train,1.5004912614822388,pdb_00008e8l_H_L
2432,0,train,0.7768733501434326,pdb_00006w0i_A_B
2433,0,train,0.7740705013275146,pdb_00008hn6_C_D
2434,0,train,0.8855199813842773,pdb_00009tmp_H_L
2435,0,train,0.023956207558512688,pdb_00009pq0_E1_E2
2436,0,train,0.5276787281036377,pdb_00007kfv_H_L
2437,0,train,0.06912949681282043,pdb_00009jed_S1_S2
2438,0,train,0.04643024876713753,pdb_00009jkx_S1_S2
2439,0,train,0.9108511805534363,pdb_00007vgs_F_E
2440,0,train,1.0193146467208862,pdb_00009hh9_G_F
2441,0,train,0.8028930425643921,pdb_00007m6d_H_L
2442,0,train,1.4773284196853638,pdb_00008dwx_Z_Y
2443,0,train,0.46510326862335205,pdb_00007mhr_A_B
2444,0,train,1.7436208724975586,pdb_00005w3e_E_G
2445,0,train,0.024327808991074562,pdb_00009iyb_E1_E2
2446,0,train,1.4017478227615356,pdb_00009mtj_M_N
2447,0,train,1.7465479373931885,pdb_00006s3d_H_L
2448,0,train,1.1595044136047363,pdb_00009ue8_I_J
2449,0,train,0.05972103774547577,pdb_00008xjl_E1_E2
2450,0,train,0.9657207727432251,pdb_00006xq2_F_E
2451,0,train,0.22413136065006256,pdb_00006e0p_N1_N2
2452,0,train,0.7585421204566956,pdb_00005yoy_G_D
2453,0,train,0.8739477396011353,pdb_00006b3s_F_G
2454,0,train,0.20333902537822723,pdb_00007vig_E1_E2
2455,0,train,0.7511656284332275,pdb_00009zqc_J2_J1
2456,0,train,1.4443187713623047,pdb_00009e3k_J_K
2457,0,train,1.756428599357605,pdb_00008dwo_S_T
2458,0,train,0.04177706316113472,pdb_00008x16_H1_H2
2459,0,train,1.7653027772903442,pdb_00009vnp_C_A
2460,0,train,0.2961995005607605,pdb_00008jt6_E1_E2
2461,0,train,1.643453598022461,pdb_00009kvk_A_B
2462,0,train,1.4097142219543457,pdb_00003v6z_A_B
2463,0,train,1.158270239830017,pdb_00009mtj_H_L
2464,0,train,1.8228703737258911,pdb_00001yy9_D_C
2465,0,train,0.02446831576526165,pdb_00008jbh_E1_E2
2466,0,train,1.2123512029647827,pdb_00007zmk_G_H
2467,0,train,1.1730529069900513,pdb_00008zpq_A_B
2468,0,train,0.14086595177650452,pdb_00008ejc_E1_E2
2469,0,train,1.323683500289917,pdb_00007zwi_B_C
2470,0,train,0.6654587388038635,pdb_00006vmk_E_D
2471,0,train,1.2347272634506226,pdb_00009eti_H_L
2472,0,train,1.118714690208435,pdb_00002yc1_A_B
2473,0,train,0.055731259286403656,pdb_00008iyw_H1_H2
2474,0,train,0.3858494758605957,pdb_00007ue0_E_F
2475,0,train,0.0389036200940609,pdb_00009jh5_S1_S2
2476,0,train,1.0546574592590332,pdb_00004f2m_C_D
2477,0,train,2.0823378562927246,pdb_00007t4q_F_G
2478,0,train,1.0610147714614868,pdb_00008ulf_K_O
2479,0,train,1.8831180334091187,pdb_00001n5y_H_L
2480,0,train,0.1617841273546219,pdb_00003nif_E_F
2481,0,train,0.06638047099113464,pdb_00009wp9_C1_C2
2482,0,train,0.7523737549781799,pdb_00007xei_C_D
2483,0,train,1.104190707206726,pdb_00004n90_D_E
2484,0,train,0.025147775188088417,pdb_00009f33_E1_E2
2485,0,train,0.036867957562208176,pdb_00008j6r_S1_S2
2486,0,train,0.8771066665649414,pdb_00001fbi_H_L
2487,0,train,1.1728488206863403,pdb_00009ds1_H_L
2488,0,train,1.4644347429275513,pdb_00001ztx_H_L
2489,0,train,1.212357759475708,pdb_00004np4_H_L
2490,0,train,1.2547109127044678,pdb_00007dm1_D_C
2491,0,train,1.0043039321899414,pdb_00003wd5_H_L
2492,0,train,1.0332920551300049,pdb_00009vft_F_E
2493,0,train,1.6781005859375,pdb_00004ubd_G_H
2494,0,train,1.1914032697677612,pdb_00009ma0_B_C
2495,0,train,1.036279320716858,pdb_00009m0d_D_Q
2496,0,train,0.02635626122355461,pdb_00008ia7_E1_E2
2497,0,train,2.0883471965789795,pdb_00004kuc_H_D
2498,0,train,1.0109446048736572,pdb_00006k5a_C_D
2499,0,train,1.458433985710144,pdb_00002r56_H_L
2500,0,train,1.2874486446380615,pdb_00009cfe_A_B
2501,0,train,0.6164378523826599,pdb_00008wo4_D_C
2502,0,train,1.3301246166229248,pdb_00009b2m_J_K
2503,0,train,0.25885209441185,pdb_00002r9h_C_D
2504,0,train,0.031610503792762756,pdb_00008dwg_E1_E2
2505,0,train,1.1547595262527466,pdb_00005ugy_J_N
2506,0,train,1.0863964557647705,pdb_00009q7b_J_K
2507,0,train,0.2447771281003952,pdb_00002vdn_H_L
2508,0,train,0.8365440368652344,pdb_00007ley_H_I
2509,0,train,0.9392827749252319,pdb_00009wb3_B_C
2510,0,train,0.2239277958869934,pdb_00007k5x_M2_M1
2511,0,train,0.9920671582221985,pdb_00006xq4_E_F
2512,0,train,0.047107454389333725,pdb_00009le2_S1_S2
2513,0,train,1.86370849609375,pdb_00006s3d_C_D
2514,0,train,1.8123365640640259,pdb_00006cvk_B2_B1
2515,0,train,0.44383424520492554,pdb_00003hpl_A_B
2516,0,train,0.030706945806741714,pdb_00007evy_E1_E2
2517,0,train,0.0217973031103611,pdb_00008g94_E1_E2
2518,0,train,1.9492307901382446,pdb_00006wmw_H_L
2519,0,train,1.9552221298217773,pdb_00009ml8_P_Q
2520,0,train,1.2713351249694824,pdb_00008cn9_G_F
2521,0,train,2.022554397583008,pdb_00004hg4_P_Q
2522,0,train,1.2461892366409302,pdb_00009qt3_N_O
2523,0,train,0.027340536937117577,pdb_00009u4y_S1_S2
2524,0,train,1.1311540603637695,pdb_00003eo1_E_D
2525,0,train,0.02473251335322857,pdb_00007wf7_E1_E2
2526,0,train,0.8985385894775391,pdb_00008bec_A1_A2
2527,0,train,0.8782762289047241,pdb_00009ouo_H_L
2528,0,train,0.7255880236625671,pdb_00008dd3_J_I
2529,0,train,1.977021336555481,pdb_00008zd5_K_L
2530,0,train,1.057649850845337,pdb_00007ua8_H1_H2
2531,0,train,0.8597427010536194,pdb_00009lbs_H_L
2532,0,train,0.01634690724313259,pdb_00007w53_E1_E2
2533,0,train,0.04618106037378311,pdb_00008uwl_E1_E2
2534,0,train,0.017315248027443886,pdb_00009clw_N1_N2
2535,0,train,0.6739863753318787,pdb_00008si9_J_I
2536,0,train,1.0939851999282837,pdb_00008v5v_f_g
2537,0,train,1.249481439590454,pdb_00007sd5_H_L
2538,0,train,1.0531493425369263,pdb_00008xe9_A_B
2539,0,train,0.7497237920761108,pdb_00003h42_H_L
2540,0,train,1.175053358078003,pdb_00001xgq_B_A
2541,0,train,1.0636075735092163,pdb_00009f91_E_F
2542,0,train,0.9867361783981323,pdb_00005aaw_D1_D2
2543,0,train,1.1836527585983276,pdb_00003fku_U1_U2
2544,0,train,0.10803117603063583,pdb_00003ze2_H_L
2545,0,train,0.8341856598854065,pdb_00008caf_D_C
2546,0,train,0.03640924021601677,pdb_00009vjf_E1_E2
2547,0,train,1.4038357734680176,pdb_00009h4s_H_L
2548,0,train,1.526726484298706,pdb_00001nsn_H_L
2549,0,train,0.025913400575518608,pdb_00008yh3_S1_S2
2550,0,train,0.01931910030543804,pdb_00009lrs_E1_E2
2551,0,train,0.01839570701122284,pdb_00007wu9_S1_S2
2552,0,train,0.8266100287437439,pdb_00006pe9_E_F
2553,0,train,0.12891854345798492,pdb_00007w6p_H1_H2
2554,0,train,1.0380321741104126,pdb_00009kze_H_L
2555,0,train,1.4940669536590576,pdb_00007m6d_A_B
2556,0,train,2.3458878993988037,pdb_00009osx_B_C
2557,0,train,1.3813374042510986,pdb_00009mtj_I_J
2558,0,train,1.3371790647506714,pdb_00004am0_H_L
2559,0,train,0.9105278253555298,pdb_00007wqv_F1_F2
2560,0,train,0.7889946699142456,pdb_00006o1f_H_L
2561,0,train,1.7787456512451172,pdb_00009mkn_S_T
2562,0,train,0.7489608526229858,pdb_00008j7e_A_B
2563,0,train,1.2602388858795166,pdb_00008znz_G_H
2564,0,train,0.024487918242812157,pdb_00008xzf_S1_S2
2565,0,train,1.0522854328155518,pdb_00008oxx_B_C
2566,0,train,0.9401047825813293,pdb_00006wzj_A_B
2567,0,train,0.6603091359138489,pdb_00008j7e_C_D
2568,0,train,0.9899719953536987,pdb_00004lf3_E_D
2569,0,train,1.0094974040985107,pdb_00006t3j_F_G
2570,0,train,1.8023031949996948,pdb_00008hrd_C_E
2571,0,train,1.0744037628173828,pdb_00006osv_H_L
2572,0,train,1.0110268592834473,pdb_00004gxu_U_V
2573,0,train,0.9808410406112671,pdb_00007xsc_A_B
2574,0,train,1.1804404258728027,pdb_00008w2e_D_C
2575,0,train,0.027451427653431892,pdb_00008id6_S1_S2
2576,0,train,0.6585083603858948,pdb_00005oca_H_L
2577,0,train,1.1756794452667236,pdb_00004f3f_B_A
2578,0,train,0.028557205572724342,pdb_00007xms_S1_S2
2579,0,train,1.3123493194580078,pdb_00008u44_S_T
2580,0,train,1.0668542385101318,pdb_00005d1z_G_H
2581,0,train,0.07645958662033081,pdb_00008i97_H1_H2
2582,0,train,0.03515999764204025,pdb_00007sbf_E1_E2
2583,0,train,1.5444912910461426,pdb_00009me5_I_M
2584,0,train,0.09699697047472,pdb_00007sr8_E1_E2
2585,0,train,0.18333010375499725,pdb_00007ubr_E_F
2586,0,train,0.05186377838253975,pdb_00008iw1_S1_S2
2587,0,train,0.03718115761876106,pdb_00007l1v_H1_H2
2588,0,train,0.7120664715766907,pdb_00007ejy_H_L
2589,0,train,0.7226199507713318,pdb_00007whz_H_L
2590,0,train,0.7358553409576416,pdb_00009lrf_H_L
2591,0,train,1.231362223625183,pdb_00001kir_B_A
2592,0,train,1.4319894313812256,pdb_00009shd_H_L
2593,0,train,1.0423833131790161,pdb_00007kn3_M_N
2594,0,train,0.6831982135772705,pdb_00004tnw_H_L
2595,0,train,0.4965548813343048,pdb_00003or6_A_B
2596,0,train,1.3794806003570557,pdb_00008jqs_h_l
2597,0,train,0.09380871802568436,pdb_00007ujk_E_F
2598,0,train,0.07892861217260361,pdb_00008xxx_S1_S2
2599,0,train,0.0443144328892231,pdb_00008t3o_N1_N2
2600,0,train,0.014234473928809166,pdb_00007yk7_S1_S2
2601,0,train,1.8356174230575562,pdb_00007xh8_B_C
2602,0,train,1.2457422018051147,pdb_00008hrd_D_F
2603,0,train,0.10615948587656021,pdb_00008e9z_E1_E2
2604,0,train,1.7746251821517944,pdb_00009e89_H_L
2605,0,train,0.949749231338501,pdb_00006zlr_BBB_CCC
2606,0,train,1.2736518383026123,pdb_00007yh6_H_L
2607,0,train,0.03497649356722832,pdb_00009m0r_S1_S2
2608,0,train,1.0690449476242065,pdb_00003v6z_C_D
2609,0,train,1.245971918106079,pdb_00008yub_A_B
2610,0,train,1.0499974489212036,pdb_00008eoo_F_K
2611,0,train,0.8844281435012817,pdb_00006yz7_HHH_LLL
2612,0,train,1.5972706079483032,pdb_00003bgf_H_L
2613,0,train,0.8011974692344666,pdb_00003s36_H_L
2614,0,train,0.14761650562286377,pdb_00009j8z_S1_S2
2615,0,train,1.0546404123306274,pdb_00005nhr_A_B
2616,0,train,1.0827562808990479,pdb_00009cff_H_L
2617,0,train,1.287025809288025,pdb_00008vgj_J_I
2618,0,train,0.0578850656747818,pdb_00008e9w_E1_E2
2619,0,train,0.6893460154533386,pdb_00009n7q_D_F
2620,0,train,1.5089198350906372,pdb_00003rhw_G_K
2621,0,train,1.3785314559936523,pdb_00005dur_B_D
2622,0,train,0.8340275883674622,pdb_00005xhv_H_L
2623,0,train,1.306343674659729,pdb_00005a3i_C_D
2624,0,train,0.8780782222747803,pdb_00008eqf_H_L
2625,0,train,0.04223440960049629,pdb_00008xyk_S1_S2
2626,0,train,1.0115548372268677,pdb_00009jy2_B_A
2627,0,train,0.03429469093680382,pdb_00008j6l_H1_H2
2628,0,train,0.6688147783279419,pdb_00008caf_B_A
2629,0,train,0.8042746186256409,pdb_00006ii4_E_F
2630,0,train,0.6118801832199097,pdb_00007mzk_F_E
2631,0,train,0.8985798358917236,pdb_00008cn9_L_K
2632,0,train,2.0414066314697266,pdb_00008cz5_H_L
2633,0,train,0.03627336770296097,pdb_00007scg_E1_E2
2634,0,train,1.533056616783142,pdb_00001osp_H_L
2635,0,train,1.2151596546173096,pdb_00007t3d_H_L
2636,0,train,1.1975088119506836,pdb_00007rxj_A_B
2636,0,train_epoch,1.1849371688772552,
2636,0,validation,1.1975908708391767,
2637,1,train,1.0918121337890625,pdb_00008vgj_K_L
2638,1,train,0.6296882033348083,pdb_00002wuc_H_L
2639,1,train,1.5410997867584229,pdb_00009oar_B_D
2640,1,train,0.6760680675506592,pdb_00006w0j_A_B
2641,1,train,0.6488217711448669,pdb_00006vmk_V_U
2642,1,train,1.3358105421066284,pdb_00008p5m_G_L
2643,1,train,1.2652406692504883,pdb_00003o2d_H_L
2644,1,train,0.874304473400116,pdb_00008jel_F_G
2645,1,train,1.180389165878296,pdb_00008ezk_I1_I2
2646,1,train,1.141477108001709,pdb_00008y3h_G_H
2647,1,train,0.9566357135772705,pdb_00009cff_H_L
2648,1,train,0.020119210705161095,pdb_00008hsc_S1_S2
2649,1,train,1.0056558847427368,pdb_00007xrz_B_A
2650,1,train,0.5758571624755859,pdb_00008jen_C_D
2651,1,train,0.018894024193286896,pdb_00008gut_S1_S2
2652,1,train,0.04025281220674515,pdb_00009jid_S1_S2
2653,1,train,0.026601595804095268,pdb_00009vo2_S1_S2
2654,1,train,1.4624913930892944,pdb_00008gb5_I_H
2655,1,train,0.0165228471159935,pdb_00007e9g_D1_D2
2656,1,train,0.8770021796226501,pdb_00007ua8_H1_H2
2657,1,train,0.7810599207878113,pdb_00007x63_H_L
2658,1,train,0.9930927753448486,pdb_00006hxw_C_D
2659,1,train,1.0686653852462769,pdb_00006wno_E_F
2660,1,train,0.8575982451438904,pdb_00009og2_B_C
2661,1,train,0.965649425983429,pdb_00004gxu_U_V
2662,1,train,0.018771661445498466,pdb_00009lr1_S1_S2
2663,1,train,0.7924576997756958,pdb_00009exa_F_E
2664,1,train,1.478054165840149,pdb_00001fns_H_L
2665,1,train,1.5909072160720825,pdb_00007lg6_J_M
2666,1,train,1.1829899549484253,pdb_00008bg1_G_H
2667,1,train,0.4529026448726654,pdb_00006x3t_K_L
2668,1,train,0.952273964881897,pdb_00009atm_H_L
2669,1,train,0.010121184401214123,pdb_00008xxu_E1_E2
2670,1,train,0.030656587332487106,pdb_00009buy_E1_E2
2671,1,train,0.9834898114204407,pdb_00006zlr_BBB_CCC
2672,1,train,1.8641610145568848,pdb_00004f37_F_K
2673,1,train,0.009951354004442692,pdb_00007cmu_E1_E2
2674,1,train,1.1802716255187988,pdb_00001bvk_B_A
2675,1,train,2.0042145252227783,pdb_00008kep_H_L
2676,1,train,1.1393829584121704,pdb_00006wm9_B_C
2677,1,train,0.8933250308036804,pdb_00008ulf_I_M
2678,1,train,1.0780678987503052,pdb_00008rrn_H_L
2679,1,train,0.017043041065335274,pdb_00009iqt_E1_E2
2680,1,train,1.6750794649124146,pdb_00002x7l_H_L
2681,1,train,0.07797979563474655,pdb_00007rkm_D1_D2
2682,1,train,0.35866859555244446,pdb_00003ejy_C_D
2683,1,train,1.335483431816101,pdb_00003lqa_H_L
2684,1,train,1.3973687887191772,pdb_00007si0_C_D
2685,1,train,1.8579909801483154,pdb_00008wu1_H_L
2686,1,train,0.36656972765922546,pdb_00007xk2_S1_S2
2687,1,train,0.8353184461593628,pdb_00007sk4_D_C
2688,1,train,1.2225406169891357,pdb_00006oc3_A_B
2689,1,train,0.11320257186889648,pdb_00008ied_N1_N2
2690,1,train,1.103606939315796,pdb_00002yc1_A_B
2691,1,train,0.0344766229391098,pdb_00007vuy_S1_S2
2692,1,train,0.7525529265403748,pdb_00006kyz_E_F
2693,1,train,0.1346283257007599,pdb_00008xxr_S1_S2
2694,1,train,1.2518000602722168,pdb_00009lae_H_L
2695,1,train,0.2032046616077423,pdb_00006k41_H1_H2
2696,1,train,1.1209155321121216,pdb_00008u4s_H_L
2697,1,train,0.018585706129670143,pdb_00007yj4_S1_S2
2698,1,train,1.61789870262146,pdb_00009cps_H_L
2699,1,train,1.6288496255874634,pdb_00006s3d_C_D
2700,1,train,0.024321788921952248,pdb_00009lrd_E1_E2
2701,1,train,0.679989755153656,pdb_00005yoy_H_E
2702,1,train,1.4185458421707153,pdb_00007c88_H_L
2703,1,train,0.020883290097117424,pdb_00007eo4_E1_E2
2704,1,train,0.7567321062088013,pdb_00007keo_E_F
2705,1,train,0.036295853555202484,pdb_00007yae_S1_S2
2706,1,train,0.06945507228374481,pdb_00007vla_S1_S2
2707,1,train,0.08419974893331528,pdb_00007trs_H1_H2
2708,1,train,1.1904988288879395,pdb_00009me7_I_M
2709,1,train,1.32953679561615,pdb_00007t0w_O_P
2710,1,train,0.592688798904419,pdb_00006vmk_H_G
2711,1,train,0.05184197798371315,pdb_00008e9z_E1_E2
2712,1,train,0.9386571049690247,pdb_00006ogx_H_L
2713,1,train,0.7570285201072693,pdb_00008i5l_D1_D2
2714,1,train,1.1119418144226074,pdb_00007l0l_I_K
2715,1,train,1.0632191896438599,pdb_00005d1z_B_A
2716,1,train,1.1494468450546265,pdb_00009cpv_H_L
2717,1,train,0.9923042058944702,pdb_00006vvu_E_F
2718,1,train,0.8904815316200256,pdb_00008vgh_H_G
2719,1,train,0.11216477304697037,pdb_00003ze1_E_F
2720,1,train,1.6591664552688599,pdb_00008rmy_B_C
2721,1,train,0.036657556891441345,pdb_00007dw9_S1_S2
2722,1,train,0.029528100043535233,pdb_00009ldw_S1_S2
2723,1,train,0.8485850095748901,pdb_00003g6j_H_G
2724,1,train,0.795933723449707,pdb_00008jkf_h_l
2725,1,train,0.6078373193740845,pdb_00009ctu_F_E
2726,1,train,1.2399669885635376,pdb_00009ctw_F_E
2727,1,train,0.9501199722290039,pdb_00009cct_C_B
2728,1,train,0.7751755714416504,pdb_00004dn4_H_L
2729,1,train,1.285315752029419,pdb_00006n5b_H_L
2730,1,train,1.0776962041854858,pdb_00001dqj_B_A
2731,1,train,1.0100396871566772,pdb_00008smi_H_L
2732,1,train,0.191025972366333,pdb_00008zps_E1_E2
2733,1,train,0.019729144871234894,pdb_00009jr2_S1_S2
2734,1,train,1.1045680046081543,pdb_00009cpp_H_L
2735,1,train,0.8292798399925232,pdb_00009og2_D_E
2736,1,train,0.6564716100692749,pdb_00005yoy_P_M
2737,1,train,0.7472070455551147,pdb_00009l9o_B_C
2738,1,train,1.5560988187789917,pdb_00008bbo_H_L
2739,1,train,2.0680720806121826,pdb_00008tzn_G_H
2740,1,train,0.17605172097682953,pdb_00007xta_E1_E2
2741,1,train,1.086356520652771,pdb_00008zh7_H_I
2742,1,train,1.1412029266357422,pdb_00006u6u_H_L
2743,1,train,0.011459337547421455,pdb_00007v69_S1_S2
2744,1,train,0.6710054278373718,pdb_00006j6y_B_C
2745,1,train,1.0283087491989136,pdb_00006wm9_E_F
2746,1,train,0.9901031851768494,pdb_00001xgr_B_A
2747,1,train,1.1821722984313965,pdb_00008dwx_X_W
2748,1,train,1.0975406169891357,pdb_00009b82_I_G
2749,1,train,0.052003804594278336,pdb_00008i7w_E1_E2
2750,1,train,1.254306674003601,pdb_00009cu7_H_L
2751,1,train,1.4266748428344727,pdb_00003wkm_H_L
2752,1,train,1.289993405342102,pdb_00007b0b_H_L
2753,1,train,1.2682307958602905,pdb_00009oea_H_L
2754,1,train,1.4468169212341309,pdb_00005dhy_A_B
2755,1,train,0.627251386642456,pdb_00006rp8_H_L
2756,1,train,0.7846836447715759,pdb_00007ws7_G_F
2757,1,train,0.5870839953422546,pdb_00004tsb_H_L
2758,1,train,1.5618476867675781,pdb_00009oi3_M_N
2759,1,train,0.021108249202370644,pdb_00009oxb_D1_D2
2760,1,train,1.0861045122146606,pdb_00006wmw_M_N
2761,1,train,0.6672045588493347,pdb_00006xe1_H_L
2762,1,train,1.0302735567092896,pdb_00004lmq_E_I
2763,1,train,0.5292049050331116,pdb_00007s0b_C_D
2764,1,train,1.261030673980713,pdb_00002x7l_G_I
2765,1,train,0.03623368591070175,pdb_00008i7v_E1_E2
2766,1,train,0.6779903769493103,pdb_00007zf9_A_B
2767,1,train,2.4146368503570557,pdb_00004i3r_H_L
2768,1,train,0.748203456401825,pdb_00008bec_A1_A2
2769,1,train,1.2129302024841309,pdb_00007tp3_H_L
2770,1,train,0.02389133907854557,pdb_00008xqp_S1_S2
2771,1,train,1.0085978507995605,pdb_00007ucq_I1_I2
2772,1,train,0.8704674243927002,pdb_00009ov4_H_L
2773,1,train,0.7964200377464294,pdb_00007y6k_E1_E2
2774,1,train,0.023333191871643066,pdb_00009jmd_E1_E2
2775,1,train,0.9385623335838318,pdb_00007bbj_M_N
2776,1,train,0.020602228119969368,pdb_00007x10_E1_E2
2777,1,train,0.04882589727640152,pdb_00009ko4_H1_H2
2778,1,train,0.03413338586688042,pdb_00008yh0_S1_S2
2779,1,train,1.1203579902648926,pdb_00004hg4_X_Y
2780,1,train,1.3369487524032593,pdb_00007m7w_A_B
2781,1,train,0.95574551820755,pdb_00009jy1_R_Q
2782,1,train,1.3539882898330688,pdb_00007rk2_D1_D2
2783,1,train,1.3053295612335205,pdb_00007x2o_H_L
2784,1,train,0.22987627983093262,pdb_00002ht4_E_F
2785,1,train,0.7344360947608948,pdb_00004ttd_C_D
2786,1,train,1.3881269693374634,pdb_00006xm2_D_C
2787,1,train,0.8884433507919312,pdb_00004hg4_R_S
2788,1,train,1.2083590030670166,pdb_00007uvq_C_B
2789,1,train,1.168470025062561,pdb_00008yub_D_E
2790,1,train,0.9735145568847656,pdb_00004m62_H_L
2791,1,train,1.277976155281067,pdb_00009b2m_E_F
2792,1,train,0.8601993322372437,pdb_00008tnt_E_D
2793,1,train,1.2333362102508545,pdb_00009n4e_K_M
2794,1,train,0.02898198552429676,pdb_00009clw_N1_N2
2795,1,train,0.7102011442184448,pdb_00009ouo_H_L
2796,1,train,1.7276173830032349,pdb_00007t01_H_L
2797,1,train,0.03304415941238403,pdb_00008ef5_E1_E2
2798,1,train,1.458092212677002,pdb_00003bgf_H_L
2799,1,train,1.3658902645111084,pdb_00007x3d_H_L
2800,1,train,0.18118378520011902,pdb_00007udh_E_F
2801,1,train,1.3590008020401,pdb_00006h3u_H_L
2802,1,train,0.034426771104335785,pdb_00009b5y_N1_N2
2803,1,train,1.0206047296524048,pdb_00008gv6_I_J
2804,1,train,1.0092438459396362,pdb_00008ol9_B_A
2805,1,train,0.5603219866752625,pdb_00003a6b_H_L
2806,1,train,0.026010705158114433,pdb_00007qvm_S1_S2
2807,1,train,0.9470320343971252,pdb_00009mqa_I_M
2808,1,train,1.1486597061157227,pdb_00008w86_A_B
2809,1,train,1.2536259889602661,pdb_00009me6_I_M
2810,1,train,0.021097207441926003,pdb_00007na7_N1_N2
2811,1,train,1.2495471239089966,pdb_00009hvw_H_L
2812,1,train,0.5924085378646851,pdb_00006ii8_H_L
2813,1,train,1.0158605575561523,pdb_00004f2m_A_B
2814,1,train,0.2770591676235199,pdb_00006dzt_M1_M2
2815,1,train,0.018314367160201073,pdb_00009le1_S1_S2
2816,1,train,0.8807289600372314,pdb_00006wzm_A_B
2817,1,train,1.5011255741119385,pdb_00003lh2_K_O
2818,1,train,1.0905308723449707,pdb_00004al8_H_L
2819,1,train,1.0782212018966675,pdb_00001p2c_B_A
2820,1,train,0.8567892909049988,pdb_00006z2m_B_C
2821,1,train,0.9822883605957031,pdb_00006ww5_E_F
2822,1,train,0.9682778716087341,pdb_00008suo_H_L
2823,1,train,0.020914701744914055,pdb_00009upu_S1_S2
2824,1,train,0.5390186309814453,pdb_00009our_H_L
2825,1,train,0.5381654500961304,pdb_00006vmk_r_q
2826,1,train,0.9876430630683899,pdb_00007f15_B1_B2
2827,1,train,1.7670270204544067,pdb_00009cci_B_C
2828,1,train,0.8014478087425232,pdb_00003rif_J_M
2829,1,train,0.44982171058654785,pdb_00006vmk_f_e
2830,1,train,0.5364113450050354,pdb_00008wnp_D_C
2831,1,train,0.032492224127054214,pdb_00009vmn_S1_S2
2832,1,train,1.0934315919876099,pdb_00008g5b_I_M
2833,1,train,0.3688027262687683,pdb_00003a6c_H_L
2834,1,train,0.9119186997413635,pdb_00003vrl_E_F
2835,1,train,0.396592915058136,pdb_00002boc_A_B
2836,1,train,1.1054909229278564,pdb_00009k6y_H_L
2837,1,train,1.5483052730560303,pdb_00009m7v_H_L
2838,1,train,0.572944700717926,pdb_00007chc_H_L
2839,1,train,1.6523927450180054,pdb_00008zd5_B_C
2840,1,train,0.015840042382478714,pdb_00006dde_E1_E2
2841,1,train,1.4793732166290283,pdb_00004ffw_D_C
2842,1,train,1.7836649417877197,pdb_00001n6q_H_L
2843,1,train,0.03179661184549332,pdb_00009f33_E1_E2
2844,1,train,1.0388413667678833,pdb_00006z3q_H_L
2845,1,train,0.49187445640563965,pdb_00009ouo_J_K
2846,1,train,1.1694538593292236,pdb_00007ycn_H_I
2847,1,train,0.9387183785438538,pdb_00008ut2_J_I
2848,1,train,1.4554253816604614,pdb_00002zck_H_L
2849,1,train,0.22269399464130402,pdb_00008ubk_M2_M1
2850,1,train,1.2699902057647705,pdb_00007tbf_H_L
2851,1,train,0.06292425096035004,pdb_00008i97_H1_H2
2852,1,train,0.7448940873146057,pdb_00009dzf_H_L
2853,1,train,0.025997288525104523,pdb_00008h8j_H1_H2
2854,1,train,1.260634183883667,pdb_00009h4s_H_L
2855,1,train,0.8948785066604614,pdb_00007wur_E_F
2856,1,train,0.0405244454741478,pdb_00007t90_E1_E2
2857,1,train,0.04171491414308548,pdb_00009jky_S1_S2
2858,1,train,1.681684970855713,pdb_00008tp5_E_F
2859,1,train,1.2323970794677734,pdb_00007mxl_J_K
2860,1,train,1.4741052389144897,pdb_00004xnm_B_A
2861,1,train,1.1231074333190918,pdb_00003fku_U1_U2
2862,1,train,0.057842232286930084,pdb_00008ijb_S1_S2
2863,1,train,0.8990595936775208,pdb_00005w0k_H_L
2864,1,train,0.6109654903411865,pdb_00008jen_A_B
2865,1,train,1.0662122964859009,pdb_00008vgk_K_L
2866,1,train,1.667856216430664,pdb_00004hg4_P_Q
2867,1,train,0.05074196308851242,pdb_00009plo_S1_S2
2868,1,train,0.6211370825767517,pdb_00002qr0_B_A
2869,1,train,0.04221327230334282,pdb_00008k6n_S1_S2
2870,1,train,0.0347573421895504,pdb_00009kxs_H1_H2
2871,1,train,1.0428296327590942,pdb_00001bql_H_L
2872,1,train,1.2445940971374512,pdb_00005wko_K_L
2873,1,train,0.588424026966095,pdb_00006x3t_J_I
2874,1,train,0.030769886448979378,pdb_00008uuj_D1_D2
2875,1,train,0.630153238773346,pdb_00007xei_C_D
2876,1,train,0.02486332133412361,pdb_00008jbg_E1_E2
2877,1,train,0.5796743631362915,pdb_00007mzk_F_E
2878,1,train,0.3420277237892151,pdb_00008sid_J_I
2879,1,train,1.0194981098175049,pdb_00001kip_B_A
2880,1,train,1.035942554473877,pdb_00008eoo_F_K
2881,1,train,1.0721901655197144,pdb_00008cbf_H_L
2882,1,train,0.357710063457489,pdb_00007mhx_A_B
2883,1,train,0.6774919629096985,pdb_00009jqv_H_L
2884,1,train,0.9226741790771484,pdb_00008g5a_I_M
2885,1,train,0.8686665892601013,pdb_00008xsj_H_L
2886,1,train,0.932134747505188,pdb_00007vyr_H_L
2887,1,train,0.9660677313804626,pdb_00005xmh_H_L
2888,1,train,1.5072855949401855,pdb_00007m3l_B_C
2889,1,train,0.11468569934368134,pdb_00007wz4_S1_S2
2890,1,train,1.127763032913208,pdb_00009js7_J_M
2891,1,train,1.5131287574768066,pdb_00008zd6_E_F
2892,1,train,0.7621797919273376,pdb_00006b3s_J_K
2893,1,train,0.023291295394301414,pdb_00007wv9_S1_S2
2894,1,train,0.8964439034461975,pdb_00002vwe_L_J
2895,1,train,1.188072681427002,pdb_00006jod_H_L
2896,1,train,0.7466448545455933,pdb_00007dpm_A_B
2897,1,train,1.0959115028381348,pdb_00009eti_H_L
2898,1,train,0.08478253334760666,pdb_00008eit_E1_E2
2899,1,train,1.4427765607833862,pdb_00007bsd_A_B
2900,1,train,0.8579147458076477,pdb_00009clp_H_L
2901,1,train,0.9505155086517334,pdb_00003eo1_E_D
2902,1,train,0.4673687517642975,pdb_00006vmk_i_h
2903,1,train,0.023308148607611656,pdb_00008sai_S1_S2
2904,1,train,0.8384158611297607,pdb_00004m62_I_M
2905,1,train,0.02460622973740101,pdb_00008y72_E1_E2
2906,1,train,0.05014433339238167,pdb_00008ij3_S1_S2
2907,1,train,1.023520827293396,pdb_00006t3j_A_B
2908,1,train,0.6180172562599182,pdb_00003b2u_Q_R
2909,1,train,1.2052206993103027,pdb_00007t3d_H_L
2910,1,train,0.6216607093811035,pdb_00009cpw_C_D
2911,1,train,0.044891756027936935,pdb_00007kh0_S1_S2
2912,1,train,0.2597770392894745,pdb_00006vmk_K_J
2913,1,train,0.022338878363370895,pdb_00008yn5_E1_E2
2914,1,train,0.025630904361605644,pdb_00009lr2_S1_S2
2915,1,train,2.014371156692505,pdb_00007rco_F_E
2916,1,train,0.028112253174185753,pdb_00008xos_E1_E2
2917,1,train,0.9815952777862549,pdb_00008jqm_M_N
2918,1,train,1.991302490234375,pdb_00004ki5_C_D
2919,1,train,0.8489660620689392,pdb_00007f3q_H_L
2920,1,train,1.5219424962997437,pdb_00004ffv_H_L
2921,1,train,0.895200252532959,pdb_00008we4_H_L
2922,1,train,0.07670840620994568,pdb_00008e9y_E1_E2
2923,1,train,0.4655287265777588,pdb_00002dqi_H_L
2924,1,train,0.7537631392478943,pdb_00003dvn_H_L
2925,1,train,0.948566198348999,pdb_00007lop_X_Y
2926,1,train,0.99285489320755,pdb_00009ue8_E_F
2927,1,train,0.6146707534790039,pdb_00008j7e_A_B
2928,1,train,0.07447826117277145,pdb_00009wp9_C1_C2
2929,1,train,0.027092356234788895,pdb_00008jlk_S1_S2
2930,1,train,1.115750789642334,pdb_00009me5_H_L
2931,1,train,1.752436637878418,pdb_00008rmx_B_C
2932,1,train,1.0593702793121338,pdb_00007pa7_ooo2_ooo1
2933,1,train,0.027079762890934944,pdb_00007p02_H1_H2
2934,1,train,0.814853847026825,pdb_00006adc_C_D
2935,1,train,1.1155134439468384,pdb_00004f3f_B_A
2936,1,train,0.2747940123081207,pdb_00007k63_N2_N1
2937,1,train,1.276447057723999,pdb_00006flc_H_L
2938,1,train,0.31897035241127014,pdb_00008ihf_S1_S2
2939,1,train,1.5478705167770386,pdb_00003rif_F_N
2940,1,train,0.6945064067840576,pdb_00008bg2_C1_C2
2941,1,train,0.9585683941841125,pdb_00008i5i_H_L
2942,1,train,0.7025745511054993,pdb_00007tzh_A1_A2
2943,1,train,0.055507127195596695,pdb_00008xqf_S1_S2
2944,1,train,1.4354486465454102,pdb_00008xa4_C_D
2945,1,train,0.9759716391563416,pdb_00003eo1_H_G
2946,1,train,1.0106981992721558,pdb_00008ee8_D_C
2947,1,train,0.5172976851463318,pdb_00008iw9_S1_S2
2948,1,train,0.6043760776519775,pdb_000011oq_H_L
2949,1,train,0.04979705065488815,pdb_00009v2n_S1_S2
2950,1,train,0.03904541954398155,pdb_00008xml_S1_S2
2951,1,train,1.0514863729476929,pdb_00005d1z_G_H
2952,1,train,0.32096531987190247,pdb_00008evg_N1_N2
2953,1,train,0.28465500473976135,pdb_00002hlf_E_F
2954,1,train,0.14116454124450684,pdb_00006oij_H1_H2
2955,1,train,0.02497762069106102,pdb_00007cmv_E1_E2
2956,1,train,1.051481008529663,pdb_00008dce_H1_H2
2957,1,train,1.175604224205017,pdb_00009j4c_H_L
2958,1,train,1.53673255443573,pdb_00002x7l_J_K
2959,1,train,0.9591941833496094,pdb_00003d9a_H_L
2960,1,train,0.9169164896011353,pdb_00003u30_C_B
2961,1,train,0.5928290486335754,pdb_00008bcz_C_D
2962,1,train,1.2022380828857422,pdb_00008zd5_E_F
2963,1,train,0.021243322640657425,pdb_00009ldv_S1_S2
2964,1,train,1.3669772148132324,pdb_00008kdr_H_L
2965,1,train,1.589661955833435,pdb_00009rir_H_L
2966,1,train,0.70518559217453,pdb_00007vgs_F_E
2967,1,train,0.7483364343643188,pdb_00009dzg_H_L
2968,1,train,1.314283013343811,pdb_00008sdh_C_D
2969,1,train,0.037057194858789444,pdb_00009kvg_E1_E2
2970,1,train,0.9190518856048584,pdb_00004wv1_B_A
2971,1,train,0.025900375097990036,pdb_00007ew4_S1_S2
2972,1,train,1.6455579996109009,pdb_00009mtl_I_J
2973,1,train,1.0793728828430176,pdb_00009bbn_S_T
2974,1,train,0.26738888025283813,pdb_00008evi_M1_M2
2975,1,train,0.10678020119667053,pdb_00008xgo_D1_D2
2976,1,train,1.298659324645996,pdb_00004xhj_D_C
2977,1,train,1.2703955173492432,pdb_00007yru_H_L
2978,1,train,1.0279346704483032,pdb_00005ggt_H_L
2979,1,train,1.0403809547424316,pdb_00001fsk_I_H
2980,1,train,0.022732453420758247,pdb_00008hnk_S1_S2
2981,1,train,0.13114817440509796,pdb_00007u0i_N1_N2
2982,1,train,0.5106929540634155,pdb_00006k5i_C_D
2983,1,train,0.03557911887764931,pdb_00009vmg_S1_S2
2984,1,train,1.4082716703414917,pdb_00009quw_D_C
2985,1,train,1.003031849861145,pdb_00009cpr_H_L
2986,1,train,1.080209732055664,pdb_00009huo_C_D
2987,1,train,0.2188098281621933,pdb_00008j21_B1_B2
2988,1,train,0.26829883456230164,pdb_00006k5d_C_D
2989,1,train,1.047189474105835,pdb_00008zd5_K_L
2990,1,train,0.1460552215576172,pdb_00007ucy_E_F
2991,1,train,0.8763540983200073,pdb_00008cn9_B_A
2992,1,train,0.86106276512146,pdb_00009fyt_I_M
2993,1,train,1.0328775644302368,pdb_00007zmk_G_H
2994,1,train,0.8551467061042786,pdb_00007wwk_G_F
2995,1,train,1.2503306865692139,pdb_00007wph_E_D
2996,1,train,0.9168618321418762,pdb_00007tbf_D_E
2997,1,train,0.09338333457708359,pdb_00007ezh_H1_H2
2998,1,train,0.8243700265884399,pdb_00009azr_H_L
2999,1,train,0.9706910252571106,pdb_00009b82_P_O
3000,1,train,1.5683915615081787,pdb_00005c0n_C_D
3001,1,train,0.057110294699668884,pdb_00009d4z_E1_E2
3002,1,train,0.05037030205130577,pdb_00008wwj_E1_E2
3003,1,train,1.1176095008850098,pdb_00007qnx_A_B
3004,1,train,0.9983813166618347,pdb_00006h3u_I_M
3005,1,train,0.8568150997161865,pdb_00001kir_B_A
3006,1,train,0.4710915982723236,pdb_00001ic7_H_L
3007,1,train,0.9727053046226501,pdb_00004okv_A_B
3008,1,train,0.7138568162918091,pdb_00007kmg_A_B
3009,1,train,0.5171434879302979,pdb_000011oo_H_L
3010,1,train,0.02291698567569256,pdb_00007wz7_C1_C2
3011,1,train,1.300889492034912,pdb_00007uzd_H_L
3012,1,train,0.039489854127168655,pdb_00007xw9_S1_S2
3013,1,train,1.1639407873153687,pdb_00006fax_H_L
3014,1,train,0.7016704082489014,pdb_00008jkh_m_n
3015,1,train,1.700527548789978,pdb_00009ivj_H_L
3016,1,train,0.2956458628177643,pdb_00008u9s_N2_N1
3017,1,train,0.9479092359542847,pdb_00009q7b_J_K
3018,1,train,0.02696923352777958,pdb_00009izh_S1_S2
3019,1,train,0.7952160239219666,pdb_00007x1m_H_L
3020,1,train,0.8231817483901978,pdb_00004lf3_E_D
3021,1,train,1.3419361114501953,pdb_00006dfi_H_L
3022,1,train,0.8080064058303833,pdb_00008txu_E_J
3023,1,train,0.8937575221061707,pdb_00007c81_H_L
3024,1,train,0.7441847920417786,pdb_00006w0h_A_B
3025,1,train,1.8900821208953857,pdb_00004hf5_H_L
3026,1,train,0.025434214621782303,pdb_00008j6j_H1_H2
3027,1,train,0.024413665756583214,pdb_00008xjk_E1_E2
3028,1,train,1.147897720336914,pdb_00007rku_J_K
3029,1,train,0.060664061456918716,pdb_00008hqe_H1_H2
3030,1,train,0.012336058542132378,pdb_00007vv5_S1_S2
3031,1,train,1.6991478204727173,pdb_00006ba5_H_G
3032,1,train,0.6300048828125,pdb_00009ouq_J_K
3033,1,train,0.4828811585903168,pdb_00002qr0_R_Q
3034,1,train,0.20751087367534637,pdb_00001ott_C_D
3035,1,train,0.02754979021847248,pdb_00008jso_S1_S2
3036,1,train,0.019241096451878548,pdb_00008zqe_S1_S2
3037,1,train,1.1109298467636108,pdb_00008d7e_D_E
3038,1,train,1.0216450691223145,pdb_00008ee8_H_L
3039,1,train,0.016381097957491875,pdb_00008dwc_E1_E2
3040,1,train,1.5302255153656006,pdb_00003ri5_F_N
3041,1,train,0.7352749109268188,pdb_00001tzi_B_A
3042,1,train,0.8790956735610962,pdb_00001e6j_H_L
3043,1,train,1.2252435684204102,pdb_00007t0w_H_L
3044,1,train,0.7995034456253052,pdb_00006gv4_H_L
3045,1,train,1.0947996377944946,pdb_00008a96_K_J
3046,1,train,0.041340816766023636,pdb_00007sr8_E1_E2
3047,1,train,0.2542227506637573,pdb_00008ubl_N2_N1
3048,1,train,0.8724765181541443,pdb_00008y3k_I_J
3049,1,train,0.05510500818490982,pdb_00007l1u_H1_H2
3050,1,train,0.3313769996166229,pdb_00003or6_A_B
3051,1,train,0.7851322889328003,pdb_00007lop_H_L
3052,1,train,0.7116987109184265,pdb_00007kfw_F_G
3053,1,train,0.09230690449476242,pdb_00003nif_E_F
3054,1,train,0.9752310514450073,pdb_00007k9z_B_A
3055,1,train,0.8307018280029297,pdb_00007u9e_B1_B2
3056,1,train,0.6153350472450256,pdb_00007mzj_F_E
3057,1,train,0.026785409078001976,pdb_00007evz_E1_E2
3058,1,train,0.020999882370233536,pdb_00009ydu_E1_E2
3059,1,train,0.1609300673007965,pdb_00002htk_E_F
3060,1,train,0.026564912870526314,pdb_00007s8p_E1_E2
3061,1,train,0.5986694693565369,pdb_00007jmo_H_L
3062,1,train,0.043684251606464386,pdb_00007xmt_S1_S2
3063,1,train,0.7579619288444519,pdb_00007rks_H_L
3064,1,train,0.05896042659878731,pdb_00002vdn_H_L
3065,1,train,1.550047516822815,pdb_00008gsd_H_L
3066,1,train,0.8325492739677429,pdb_00001za3_B_A
3067,1,train,0.011073673143982887,pdb_00007vfx_S1_S2
3068,1,train,0.03925174102187157,pdb_00008hqn_H1_H2
3069,1,train,0.011031820438802242,pdb_00009ydv_E1_E2
3070,1,train,0.41689959168434143,pdb_00001j1p_H_L
3071,1,train,1.2160725593566895,pdb_00006wtv_B_C
3072,1,train,1.1788266897201538,pdb_00008cz8_A2_A1
3073,1,train,1.1851201057434082,pdb_00006a4k_H_L
3074,1,train,0.9617891907691956,pdb_00007x93_E_F
3075,1,train,0.5002328753471375,pdb_00008elp_H_L
3076,1,train,0.7889702916145325,pdb_00009ib3_H_L
3077,1,train,1.3333735466003418,pdb_00008vsj_H_L
3078,1,train,0.6021338701248169,pdb_00007pry_F_G
3079,1,train,0.023207636550068855,pdb_00008zme_E1_E2
3080,1,train,0.912146270275116,pdb_00008vgi_J_I
3081,1,train,0.8676013350486755,pdb_00009ue8_U_V
3082,1,train,1.3197275400161743,pdb_00008khd_H_J
3083,1,train,0.9101523160934448,pdb_00007w71_H_L
3084,1,train,1.358040690422058,pdb_00002vxq_H_L
3085,1,train,0.021878952160477638,pdb_00007s8m_E1_E2
3086,1,train,1.2675749063491821,pdb_00002w9e_H_L
3087,1,train,0.015899887308478355,pdb_00008j19_S1_S2
3088,1,train,0.0652531161904335,pdb_00007vif_E1_E2
3089,1,train,1.8392152786254883,pdb_00009o7i_D_C
3090,1,train,0.058844927698373795,pdb_00008jpn_S1_S2
3091,1,train,0.009812894277274609,pdb_00009upv_S1_S2
3092,1,train,0.195147305727005,pdb_00008dk5_N1_N2
3093,1,train,0.06913826614618301,pdb_00008wrb_E1_E2
3094,1,train,0.49741607904434204,pdb_00009oum_H_L
3095,1,train,0.048880159854888916,pdb_00009ipv_S1_S2
3096,1,train,0.6282719969749451,pdb_00008bcz_E_F
3097,1,train,0.9924874305725098,pdb_00006hjp_G_H
3098,1,train,0.8412225246429443,pdb_00006iap_H_L
3099,1,train,1.1270633935928345,pdb_00007zfb_A_B
3100,1,train,2.1905360221862793,pdb_00005i9q_B_C
3101,1,train,0.8571724891662598,pdb_00001xgp_B_A
3102,1,train,0.9744317531585693,pdb_00008f6x_D1_D2
3103,1,train,0.7448943257331848,pdb_00003h42_H_L
3104,1,train,1.0683856010437012,pdb_00009ci8_B_A
3105,1,train,0.7258554697036743,pdb_00007d85_B_C
3106,1,train,0.8604752421379089,pdb_00006zh9_HHH_LLL
3107,1,train,1.1215617656707764,pdb_00009hi4_A_B
3108,1,train,0.8163073062896729,pdb_00004tnw_V_Z
3109,1,train,0.7707046270370483,pdb_00008wpw_H_L
3110,1,train,1.7823286056518555,pdb_00001n5y_H_L
3111,1,train,0.6921561360359192,pdb_00008w2e_D_C
3112,1,train,0.8514710068702698,pdb_00007jmw_H_L
3113,1,train,0.6082143187522888,pdb_00005oca_H_L
3114,1,train,0.1435498595237732,pdb_00008xgs_D1_D2
3115,1,train,0.1055489033460617,pdb_00009izd_S1_S2
3116,1,train,1.2695544958114624,pdb_00005x8l_S_N
3117,1,train,1.339074969291687,pdb_00006p4b_B_A
3118,1,train,0.7146375179290771,pdb_00002fjh_H_L
3119,1,train,0.8592588305473328,pdb_00007xsc_D_H
3120,1,train,1.0851305723190308,pdb_00009cfh_H_L
3121,1,train,1.0549806356430054,pdb_00007wvl_H_L
3122,1,train,0.4676457941532135,pdb_00006w0f_A_B
3123,1,train,0.9956715106964111,pdb_00006ejg_D2_D1
3124,1,train,1.4114062786102295,pdb_00003mxw_H_L
3125,1,train,0.04830797016620636,pdb_00008y45_S1_S2
3126,1,train,1.0320110321044922,pdb_00007det_D1_D2
3127,1,train,1.2033700942993164,pdb_00008vgm_E_F
3128,1,train,0.20619159936904907,pdb_00009ge3_F1_F2
3129,1,train,0.7563788294792175,pdb_00008hn7_B_A
3130,1,train,0.06796068698167801,pdb_00008k9k_H1_H2
3131,1,train,0.479511559009552,pdb_00007cvt_C_D
3132,1,train,0.7868962287902832,pdb_00001dee_D_C
3133,1,train,0.8875788450241089,pdb_00007dk0_A_B
3134,1,train,1.1787941455841064,pdb_00009c6y_C_D
3135,1,train,1.1216102838516235,pdb_00003ri5_G_K
3136,1,train,0.05287369340658188,pdb_00008t3s_N1_N2
3137,1,train,1.111477017402649,pdb_00002oz4_H_L
3138,1,train,1.1409385204315186,pdb_00009bao_G_H
3139,1,train,1.642674207687378,pdb_00007s11_I_M
3140,1,train,0.04065047949552536,pdb_00009ast_E1_E2
3141,1,train,0.7944176197052002,pdb_00008f6x_E1_E2
3142,1,train,0.05897056311368942,pdb_00008y6w_D1_D2
3143,1,train,0.026573173701763153,pdb_00008iyw_H1_H2
3144,1,train,1.3916149139404297,pdb_00001fdl_H_L
3145,1,train,0.16638794541358948,pdb_00007k5x_N2_N1
3146,1,train,0.22300058603286743,pdb_00007uh8_E_F
3147,1,train,0.06517957895994186,pdb_00007t96_E1_E2
3148,1,train,0.03355489671230316,pdb_00008jbf_E1_E2
3149,1,train,0.7441695928573608,pdb_00006ii4_H_L
3150,1,train,0.021543901413679123,pdb_00008yyw_B1_B2
3151,1,train,0.4039371907711029,pdb_00009oun_J_K
3152,1,train,0.3957380950450897,pdb_00003or7_A_B
3153,1,train,1.3933634757995605,pdb_00007ean_H_L
3154,1,train,0.8011939525604248,pdb_00009bao_E_F
3155,1,train,0.02972448617219925,pdb_00007vkt_E1_E2
3156,1,train,1.52589750289917,pdb_00008z6x_B_C
3157,1,train,0.8417826890945435,pdb_00006cyf_U_T
3158,1,train,0.09947679936885834,pdb_00008spu_N1_N2
3159,1,train,0.02104462869465351,pdb_00006omm_E1_E2
3160,1,train,0.6880612969398499,pdb_00008dww_H_L
3161,1,train,1.4608713388442993,pdb_00006mto_H_L
3162,1,train,1.075494647026062,pdb_00009od3_H_L
3163,1,train,1.0384902954101562,pdb_00007ttx_H_L
3164,1,train,0.9179757237434387,pdb_00006xq4_E_F
3165,1,train,0.016507307067513466,pdb_00008iru_E1_E2
3166,1,train,0.7206166982650757,pdb_00008dn6_C_D
3167,1,train,0.6894508600234985,pdb_00002r0l_H_L
3168,1,train,0.969719409942627,pdb_00007f3q_C_B
3169,1,train,0.8510375022888184,pdb_00008gy5_H_L
3170,1,train,1.5143758058547974,pdb_00007mkm_H_L
3171,1,train,0.9433392286300659,pdb_00005wk3_S_R
3172,1,train,1.5227104425430298,pdb_00005w3m_E_G
3173,1,train,1.0010132789611816,pdb_00009jy3_R_Q
3174,1,train,1.0387866497039795,pdb_00008el2_H_L
3175,1,train,1.0863407850265503,pdb_00008w86_E_F
3176,1,train,0.8858848214149475,pdb_00008vgi_F_E
3177,1,train,0.03009743243455887,pdb_00007xa3_E1_E2
3178,1,train,1.0281667709350586,pdb_00004n90_F_G
3179,1,train,0.024033403024077415,pdb_00007s8n_E1_E2
3180,1,train,0.9952658414840698,pdb_00007pry_C_D
3181,1,train,0.5476582050323486,pdb_00009zq9_I2_I1
3182,1,train,0.765047550201416,pdb_00008hn7_D_C
3183,1,train,1.081558108329773,pdb_00008g5a_H_L
3184,1,train,0.7617810368537903,pdb_00003dvg_B_A
3185,1,train,1.2195748090744019,pdb_00007unb_H_L
3186,1,train,0.2358035296201706,pdb_00001otu_C_D
3187,1,train,0.031082872301340103,pdb_00006lfo_S1_S2
3188,1,train,0.6966472268104553,pdb_00008zyu_D_Q
3189,1,train,1.2375248670578003,pdb_00009oco_H_L
3190,1,train,1.3559291362762451,pdb_00008tpa_H_L
3191,1,train,0.6172651052474976,pdb_00008caf_D_C
3192,1,train,0.08624334633350372,pdb_00007y89_S1_S2
3193,1,train,0.01151707861572504,pdb_00006wwz_S1_S2
3194,1,train,2.131202459335327,pdb_00007uij_H_L
3195,1,train,1.4811471700668335,pdb_00006xpz_B_C
3196,1,train,1.7134451866149902,pdb_00004f37_H_L
3197,1,train,0.30100521445274353,pdb_00007k61_N2_N1
3198,1,train,1.2810739278793335,pdb_00007zwi_B_C
3199,1,train,0.1949855387210846,pdb_00007k5y_M2_M1
3200,1,train,0.5722948908805847,pdb_00004tnw_G_K
3201,1,train,0.13536137342453003,pdb_00007u0j_N1_N2
3202,1,train,0.01809658482670784,pdb_00007t6b_E1_E2
3203,1,train,0.8079074025154114,pdb_00009ima_C_D
3204,1,train,0.04078865796327591,pdb_00009ldx_S1_S2
3205,1,train,1.9089571237564087,pdb_00008v2e_A_B
3206,1,train,1.0044809579849243,pdb_00007m3i_H_L
3207,1,train,0.01619817689061165,pdb_00009uam_E1_E2
3208,1,train,1.4303646087646484,pdb_00005dhx_B2_B1
3209,1,train,0.6090953946113586,pdb_00008as0_W_V
3210,1,train,0.5844363570213318,pdb_00006vmk_M_L
3211,1,train,0.8700138926506042,pdb_00008tui_H_L
3212,1,train,0.6512590050697327,pdb_00008sgo_K_L
3213,1,train,0.6953575015068054,pdb_00003b2u_T_U
3214,1,train,1.6227080821990967,pdb_00005d1z_D_C
3215,1,train,1.219365119934082,pdb_00007ahu_H_L
3216,1,train,0.7985231876373291,pdb_00005w0k_E_F
3217,1,train,0.8445442914962769,pdb_00007m6d_H_L
3218,1,train,1.0334552526474,pdb_00008hrd_N_Q
3219,1,train,0.4180620312690735,pdb_00001c08_B_A
3220,1,train,0.011088673025369644,pdb_00008hnl_S1_S2
3221,1,train,0.7110393047332764,pdb_00007xj9_I_H
3222,1,train,1.423050045967102,pdb_00006wtv_E_F
3223,1,train,1.4750357866287231,pdb_00009os5_I_L
3224,1,train,0.996148407459259,pdb_00007ua2_H1_H2
3225,1,train,0.008585245348513126,pdb_00009jh5_S1_S2
3226,1,train,0.06645363569259644,pdb_00009kz2_H1_H2
3227,1,train,0.05402759462594986,pdb_00009j8z_S1_S2
3228,1,train,0.5513412356376648,pdb_00007kfy_H_L
3229,1,train,0.028894225135445595,pdb_00008hj5_C1_C2
3230,1,train,1.2903532981872559,pdb_00007ec5_E_F
3231,1,train,1.4131827354431152,pdb_00006t9e_HHH_LLL
3232,1,train,0.9422922134399414,pdb_00009mq9_J_N
3233,1,train,1.7100434303283691,pdb_00006xq0_B_C
3234,1,train,0.027204640209674835,pdb_00007rgp_E1_E2
3235,1,train,0.15408432483673096,pdb_00007cvs_E_F
3236,1,train,2.089480400085449,pdb_00009osx_B_C
3237,1,train,1.0852991342544556,pdb_00006woz_E_F
3238,1,train,0.6072567701339722,pdb_00006ii8_G_I
3239,1,train,0.7723881602287292,pdb_00004h88_H_L
3240,1,train,1.2632768154144287,pdb_00004xrc_B_A
3241,1,train,0.5951067209243774,pdb_00008i5h_E_F
3242,1,train,0.6747565269470215,pdb_00007nx7_H_L
3243,1,train,1.4906673431396484,pdb_00007l7e_M_N
3244,1,train,0.8936744332313538,pdb_00009jy1_P_O
3245,1,train,0.04817502945661545,pdb_00008k4s_D1_D2
3246,1,train,0.8492777943611145,pdb_00008vgl_H_L
3247,1,train,1.148926019668579,pdb_00007u9e_H1_H2
3248,1,train,0.02151302434504032,pdb_00009oxa_D1_D2
3249,1,train,1.0938720703125,pdb_00008uzp_A_B
3250,1,train,0.8001957535743713,pdb_00007tn0_H_G
3251,1,train,1.5679478645324707,pdb_00002vit_B_A
3252,1,train,0.011366463266313076,pdb_00007tuz_E1_E2
3253,1,train,0.014668283052742481,pdb_00007y66_S1_S2
3254,1,train,0.016186093911528587,pdb_00009k3k_S1_S2
3255,1,train,0.03738678619265556,pdb_00008wwm_E1_E2
3256,1,train,0.31967899203300476,pdb_00008sgo_J_I
3257,1,train,1.6154210567474365,pdb_00007mmo_A_B
3258,1,train,0.03792467340826988,pdb_00008xyk_S1_S2
3259,1,train,1.1354562044143677,pdb_00009kvk_H_L
3260,1,train,0.8207388520240784,pdb_00002fjh_B_A
3261,1,train,0.04077757149934769,pdb_00008hk3_H1_H2
3262,1,train,0.6014612317085266,pdb_00007sts_A_B
3263,1,train,0.3013003468513489,pdb_00003f7y_A_B
3264,1,train,0.03139529377222061,pdb_00008xjo_E1_E2
3265,1,train,1.077458143234253,pdb_00009hhr_F_E
3266,1,train,0.8358381986618042,pdb_00009lsj_D1_E2
3267,1,train,0.39090409874916077,pdb_00002dqf_E_D
3268,1,train,0.8450207114219666,pdb_00007t87_H_L
3269,1,train,0.10614275932312012,pdb_00007ukt_E_F
3270,1,train,0.15674419701099396,pdb_00007k78_L1_L2
3271,1,train,0.619849681854248,pdb_00009lbs_D_C
3272,1,train,0.16839438676834106,pdb_00004fg6_E_F
3273,1,train,0.7568464279174805,pdb_00007sco_E_F
3274,1,train,0.7891517877578735,pdb_00003u30_F_E
3275,1,train,0.7812067270278931,pdb_00008vgh_F_E
3276,1,train,0.08464325219392776,pdb_00002h2s_C_D
3277,1,train,1.5790458917617798,pdb_00006gff_N_M
3278,1,train,0.08350203186273575,pdb_00007ej8_H1_H2
3279,1,train,1.097212791442871,pdb_00007f0x_B1_B2
3280,1,train,0.10112888365983963,pdb_00008ubl_M2_M1
3281,1,train,0.8331642150878906,pdb_00007lq7_F_G
3282,1,train,0.926477313041687,pdb_00004yk4_C_B
3283,1,train,0.7188401222229004,pdb_00008j1q_B_A
3284,1,train,0.33686599135398865,pdb_00008vqy_K_L
3285,1,train,0.09223981946706772,pdb_00002vdp_H_L
3286,1,train,0.03487660363316536,pdb_00008xgm_S1_S2
3287,1,train,0.2714686095714569,pdb_00003fb7_A_B
3288,1,train,0.5073164701461792,pdb_00007c01_H_L
3289,1,train,0.029027696698904037,pdb_00009lrs_E1_E2
3290,1,train,0.8697184324264526,pdb_00007y7m_F_G
3291,1,train,1.7943668365478516,pdb_00009me7_J_N
3292,1,train,0.7552596926689148,pdb_00006cyf_F_E
3293,1,train,0.024963252246379852,pdb_00009bsb_E1_E2
3294,1,train,1.392240285873413,pdb_00004fqj_H_L
3295,1,train,1.151736855506897,pdb_00007uvs_D_E
3296,1,train,0.7083718180656433,pdb_00009n4f_O_P
3297,1,train,0.06337305158376694,pdb_00009ns9_N1_N2
3298,1,train,1.1089980602264404,pdb_00009mif_H_L
3299,1,train,0.8796325325965881,pdb_00008vgk_H_G
3300,1,train,1.0432124137878418,pdb_00009npg_A_B
3301,1,train,1.32167387008667,pdb_00005lsp_S_T
3302,1,train,1.484664797782898,pdb_00007ezv_M_N
3303,1,train,1.19581139087677,pdb_00006t9d_HHH_LLL
3304,1,train,0.10164124518632889,pdb_00008sps_K1_K2
3305,1,train,1.4824507236480713,pdb_00009kyz_A_B
3306,1,train,0.010228940285742283,pdb_00009kfi_S1_S2
3307,1,train,0.010113252326846123,pdb_00008y02_S1_S2
3308,1,train,1.1400482654571533,pdb_00007v3g_I_M
3309,1,train,1.1397188901901245,pdb_00005wko_I_J
3310,1,train,0.5468295216560364,pdb_00007kfw_C_D
3311,1,train,0.773944079875946,pdb_00008y0y_D1_D4
3312,1,train,0.8709093332290649,pdb_00009hh9_E_D
3313,1,train,0.06227290257811546,pdb_00009k27_D1_D2
3314,1,train,0.02858041226863861,pdb_00007t6v_E1_E2
3315,1,train,0.716927707195282,pdb_00008j8r_D_E
3316,1,train,0.979485273361206,pdb_00007djz_A_B
3317,1,train,1.0278048515319824,pdb_00007ubs_I1_I2
3318,1,train,1.2858262062072754,pdb_00003rhw_I_O
3319,1,train,0.7616117000579834,pdb_00007jx3_H_L
3320,1,train,0.2819431722164154,pdb_00002dqj_H_L
3321,1,train,1.3874924182891846,pdb_00008d9y_F_E
3322,1,train,1.2812267541885376,pdb_00008w5r_H_L
3323,1,train,1.4578038454055786,pdb_00009mkn_Q_R
3324,1,train,1.548922061920166,pdb_00009kvk_A_B
3325,1,train,0.10806575417518616,pdb_00001ots_C_D
3326,1,train,0.8020525574684143,pdb_00001g7m_B_A
3327,1,train,1.3138924837112427,pdb_00005anm_B_A
3328,1,train,0.7167773246765137,pdb_00005u5f_B_A
3329,1,train,0.8353357911109924,pdb_00007dk2_J_K
3330,1,train,0.9970747232437134,pdb_00008xe9_A_B
3331,1,train,0.8209889531135559,pdb_00007whz_B_D
3332,1,train,0.655018150806427,pdb_00005u6a_B_A
3333,1,train,0.030949503183364868,pdb_00007sqo_E1_E2
3334,1,train,1.10663902759552,pdb_00008v5v_b_d
3335,1,train,0.8059460520744324,pdb_00008hpf_M_N
3336,1,train,0.0287306047976017,pdb_00007t10_S1_S2
3337,1,train,1.6793932914733887,pdb_00008hrd_O_P
3338,1,train,0.6471225023269653,pdb_00008smt_I_J
3339,1,train,0.5580000281333923,pdb_00007kfx_H_L
3340,1,train,0.03410850092768669,pdb_00009w6w_E1_E2
3341,1,train,1.1988929510116577,pdb_00008sdh_H_L
3342,1,train,0.8244009613990784,pdb_00009lae_A_B
3343,1,train,0.7574219703674316,pdb_00007qf1_C_B
3344,1,train,0.6220248937606812,pdb_00007klg_H_L
3345,1,train,0.6146286725997925,pdb_00007xcz_D_E
3346,1,train,0.7339932918548584,pdb_00006yor_H_L
3347,1,train,0.029167858883738518,pdb_00007xav_E1_E2
3348,1,train,0.5897145867347717,pdb_00007zfe_M_N
3349,1,train,0.03554818779230118,pdb_00008efb_E1_E2
3350,1,train,1.2581878900527954,pdb_00009mtj_H_L
3351,1,train,0.2910962700843811,pdb_00008si9_K_L
3352,1,train,1.2906635999679565,pdb_00007x3e_H_L
3353,1,train,1.3335732221603394,pdb_00007k9i_H_L
3354,1,train,0.02024468593299389,pdb_00009jks_S1_S2
3355,1,train,0.01721072755753994,pdb_00008jii_S1_S2
3356,1,train,0.02409425377845764,pdb_00007eb2_N1_N2
3357,1,train,0.48336461186408997,pdb_00002qr0_L_K
3358,1,train,0.1327320784330368,pdb_00008ubi_N2_N1
3359,1,train,1.5483306646347046,pdb_00005d1z_F_E
3360,1,train,0.5800312161445618,pdb_00009l6c_A_B
3361,1,train,0.7684759497642517,pdb_00007mzn_H_L
3362,1,train,0.9358991384506226,pdb_00008v5v_f_g
3363,1,train,1.25702965259552,pdb_00009mkn_O_P
3364,1,train,0.6781374216079712,pdb_00007x66_H_L
3365,1,train,0.017631294205784798,pdb_00008kfx_S1_S2
3366,1,train,0.043248727917671204,pdb_00008wwi_E1_E2
3367,1,train,0.9647157788276672,pdb_00005ugy_H_L
3368,1,train,1.0552997589111328,pdb_00009n8j_H_I
3369,1,train,1.5871270895004272,pdb_00006s3d_H_L
3370,1,train,0.010798240080475807,pdb_00008vy9_D1_D2
3371,1,train,0.8093432784080505,pdb_00001xgu_B_A
3372,1,train,0.14578479528427124,pdb_00003ejz_C_D
3373,1,train,0.9645735025405884,pdb_00009jy2_B_A
3374,1,train,1.3073976039886475,pdb_00009mqd_J_N
3375,1,train,1.003544569015503,pdb_00007bwj_H_L
3376,1,train,0.03661290183663368,pdb_00008xzf_S1_S2
3377,1,train,1.5172953605651855,pdb_00003qwo_H_L
3378,1,train,0.19563549757003784,pdb_00003hpl_A_B
3379,1,train,0.00993184745311737,pdb_00008ghv_S1_S2
3380,1,train,0.835159957408905,pdb_00008y31_D_C
3381,1,train,0.02002009190618992,pdb_00008ykd_S1_S2
3382,1,train,0.6927141547203064,pdb_00007zlg_H_L
3383,1,train,0.09242480248212814,pdb_00008zcj_E1_E2
3384,1,train,1.1047418117523193,pdb_00007rxj_A_B
3385,1,train,0.7944228053092957,pdb_00007sco_H_L
3386,1,train,1.5615525245666504,pdb_00009mth_H_L
3387,1,train,0.08338970690965652,pdb_00009xhh_D1_D2
3388,1,train,0.7952825427055359,pdb_00008j22_F1_F2
3389,1,train,0.030229896306991577,pdb_00008kgg_E1_E2
3390,1,train,0.06526641547679901,pdb_00007w3z_H1_H2
3391,1,train,0.13651926815509796,pdb_00002htl_C_D
3392,1,train,0.062498338520526886,pdb_00003det_E_F
3393,1,train,1.0462040901184082,pdb_00006vvu_G_I
3394,1,train,0.884208083152771,pdb_00004dgi_H_L
3395,1,train,1.0850955247879028,pdb_00009e60_H_L
3396,1,train,0.09789152443408966,pdb_00007u0g_O1_O2
3397,1,train,1.7935389280319214,pdb_00009cds_E_D
3398,1,train,0.08042491227388382,pdb_00007ew3_S1_S2
3399,1,train,0.9261456727981567,pdb_00006uig_B_C
3400,1,train,1.2528749704360962,pdb_00009os5_H_K
3401,1,train,1.3701674938201904,pdb_00007kqh_C_D
3402,1,train,0.9995225667953491,pdb_00007kyo_H_L
3403,1,train,0.6858077049255371,pdb_00003s37_H_L
3404,1,train,0.6252701878547668,pdb_00009nz3_F_E
3405,1,train,1.2317609786987305,pdb_00008dv6_H_D
3406,1,train,0.4074210226535797,pdb_00006w0g_A_B
3407,1,train,1.4267369508743286,pdb_00004u6h_A_B
3408,1,train,0.3817276060581207,pdb_00006x3u_K_L
3409,1,train,0.5532103180885315,pdb_00007mjl_H_L
3410,1,train,0.18488793075084686,pdb_00002htl_E_F
3411,1,train,0.597434937953949,pdb_00008jen_E_F
3412,1,train,1.175587773323059,pdb_00009cu7_J_N
3413,1,train,0.0730561688542366,pdb_00006k5a_E_F
3414,1,train,1.64568030834198,pdb_00008go8_I_M
3415,1,train,0.10768640786409378,pdb_00007tho_E_F
3416,1,train,1.3138551712036133,pdb_00007wcr_a_b
3417,1,train,0.6228455305099487,pdb_00004ma7_H_L
3418,1,train,0.9693357348442078,pdb_00007ucq_K1_K2
3419,1,train,0.06301622092723846,pdb_00004z7o_E_F
3420,1,train,1.3861759901046753,pdb_00007mzj_N_M
3421,1,train,0.44478535652160645,pdb_00008z65_S1_S2
3422,1,train,1.4086600542068481,pdb_00009mtk_H_L
3423,1,train,1.1317332983016968,pdb_00008dwx_H_L
3424,1,train,0.420800119638443,pdb_00009zqc_I2_I1
3425,1,train,0.9113756418228149,pdb_00007pa7_nnn2_nnn1
3426,1,train,0.05414608493447304,pdb_00008z8a_S1_S2
3427,1,train,0.03537595272064209,pdb_00009uan_E1_E2
3428,1,train,0.031338971108198166,pdb_00009iv1_S1_S2
3429,1,train,0.05367548391222954,pdb_00007tpd_E_F
3430,1,train,0.6651412844657898,pdb_00003b2v_H_L
3431,1,train,0.7834457159042358,pdb_00009tmp_H_L
3432,1,train,0.03229932487010956,pdb_000022es_E1_E2
3433,1,train,1.3906776905059814,pdb_00004lvh_H_I
3434,1,train,0.15717247128486633,pdb_00007k78_K1_K2
3435,1,train,0.7083131670951843,pdb_00004tnw_X_i
3436,1,train,0.7155061364173889,pdb_00008smt_D_F
3437,1,train,0.19847090542316437,pdb_00006x3w_K_L
3438,1,train,0.7922728657722473,pdb_00009iz9_M_N
3439,1,train,1.7751333713531494,pdb_00007uij_A_B
3440,1,train,1.1246261596679688,pdb_00009qub_F_E
3441,1,train,1.8665614128112793,pdb_00008ag1_H_L
3442,1,train,1.2845021486282349,pdb_00008tpa_I_J
3443,1,train,0.9508771300315857,pdb_00007det_B1_B2
3444,1,train,0.5822975635528564,pdb_00006b9y_B_A
3445,1,train,1.1042307615280151,pdb_00007wro_H_L
3446,1,train,0.08402612060308456,pdb_00008g05_E1_E2
3447,1,train,0.0219492856413126,pdb_00007xwo_E1_E2
3448,1,train,1.1300592422485352,pdb_00007t3d_K_N
3449,1,train,0.052152324467897415,pdb_00009jkx_S1_S2
3450,1,train,1.1073157787322998,pdb_00008bg1_J_K
3451,1,train,0.7333806753158569,pdb_00006iap_E_D
3452,1,train,1.374759554862976,pdb_00008gsc_H_L
3453,1,train,1.2369989156723022,pdb_00007zfc_A_B
3454,1,train,0.6967554092407227,pdb_00007ek0_H_L
3455,1,train,0.028451258316636086,pdb_00006n4b_S1_S2
3456,1,train,0.7996423840522766,pdb_00006zlr_FFF_GGG
3457,1,train,0.06399811059236526,pdb_00009xhi_D1_D2
3458,1,train,0.047652874141931534,pdb_00007udg_E_F
3459,1,train,1.286910891532898,pdb_00005mo9_H_L
3460,1,train,0.4668967127799988,pdb_00008i5h_B_C
3461,1,train,0.8582558631896973,pdb_00007deu_B1_B2
3462,1,train,0.9053323268890381,pdb_00008znz_I_J
3463,1,train,0.06862007081508636,pdb_00007w7e_H1_H2
3464,1,train,0.6886758208274841,pdb_00005yoy_Q_N
3465,1,train,1.5593055486679077,pdb_00001nsn_H_L
3466,1,train,1.1204253435134888,pdb_00009mqd_H_L
3467,1,train,0.9034271836280823,pdb_00003bn9_F_E
3468,1,train,1.7927571535110474,pdb_00008dwo_U_V
3469,1,train,0.030567213892936707,pdb_00008wwl_E1_E2
3470,1,train,0.9419911503791809,pdb_00009b82_N_M
3471,1,train,1.0865349769592285,pdb_00007ycl_A_B
3472,1,train,0.14408330619335175,pdb_00009x3z_S1_S2
3473,1,train,0.9421680569648743,pdb_00007wqv_L1_L2
3474,1,train,1.0003018379211426,pdb_00006t9d_AAA_BBB
3475,1,train,0.6764664649963379,pdb_00003rif_G_K
3476,1,train,0.7816196084022522,pdb_00007bpk_C_D
3477,1,train,0.20584061741828918,pdb_00002exy_E_F
3478,1,train,1.7825696468353271,pdb_00005ldn_H_L
3479,1,train,1.1607877016067505,pdb_00005x8l_G_L
3480,1,train,1.2470818758010864,pdb_00006oc3_C_D
3481,1,train,1.070821762084961,pdb_00007x2w_H_L
3482,1,train,0.16381551325321198,pdb_00008vrn_K_L
3483,1,train,1.1741715669631958,pdb_00007ykj_A_D
3484,1,train,0.03884521499276161,pdb_00008f7q_E1_E2
3485,1,train,1.1540652513504028,pdb_00009h6u_H_L
3486,1,train,0.8037410378456116,pdb_00008vgi_K_L
3487,1,train,0.11474072933197021,pdb_00006crk_H1_H2
3488,1,train,1.0487154722213745,pdb_00007lop_B_C
3489,1,train,1.564042091369629,pdb_00005hbv_D_C
3490,1,train,0.715191662311554,pdb_00001dzb_A1_A2
3491,1,train,1.307199478149414,pdb_00002r29_H_L
3492,1,train,0.490310400724411,pdb_00008as0_T_S
3493,1,train,0.6984734535217285,pdb_00008zyt_D_Q
3494,1,train,1.722403645515442,pdb_00006uyn_H_L
3495,1,train,0.6476458311080933,pdb_00009irs_S_T
3496,1,train,1.019215703010559,pdb_00007xrz_H_L
3497,1,train,1.1612958908081055,pdb_00007fcp_H_L
3498,1,train,0.6538329720497131,pdb_00008vgh_J_I
3499,1,train,1.8186033964157104,pdb_00006wmw_H_L
3500,1,train,0.03382065147161484,pdb_00009l80_S1_S2
3501,1,train,0.01805282197892666,pdb_00009uk2_E1_E2
3502,1,train,0.6002697348594666,pdb_00008vgj_F_E
3503,1,train,1.187213659286499,pdb_00004d9r_H_L
3504,1,train,0.8872144818305969,pdb_00008cma_H_L
3505,1,train,0.4804757535457611,pdb_00008sps_N1_N2
3506,1,train,0.3280234932899475,pdb_00008si9_J_I
3507,1,train,1.1857311725616455,pdb_00002ybr_A_B
3508,1,train,0.7755588889122009,pdb_00009rio_H_L
3509,1,train,0.7370044589042664,pdb_00004tnw_W_f
3510,1,train,1.0622597932815552,pdb_00007zmk_M_N
3511,1,train,0.07544178515672684,pdb_00003nig_E_F
3512,1,train,0.27446791529655457,pdb_00001k4d_A_B
3513,1,train,0.5388225317001343,pdb_00008w2e_F_E
3514,1,train,0.5338286757469177,pdb_00009nz4_D_C
3515,1,train,0.6882439255714417,pdb_00008smt_A_B
3516,1,train,0.9599452614784241,pdb_00007t0z_H_L
3517,1,train,1.056038498878479,pdb_00009f91_A_B
3518,1,train,1.3758270740509033,pdb_00005ug0_D_C
3519,1,train,1.388468861579895,pdb_00007mxl_A_B
3520,1,train,0.014246327802538872,pdb_00007eo2_E1_E2
3521,1,train,1.818359136581421,pdb_00008r4n_H_L
3522,1,train,0.6102615594863892,pdb_00004tnw_Y_g
3523,1,train,1.020307183265686,pdb_00004f2m_C_D
3524,1,train,1.7187281847000122,pdb_00006d0u_C_D
3525,1,train,1.4697517156600952,pdb_00008jn1_H_L
3526,1,train,0.3093887269496918,pdb_00002itc_A_B
3527,1,train,1.1117587089538574,pdb_00008dnn_E_F
3528,1,train,1.0283677577972412,pdb_00007dm2_H_L
3529,1,train,0.02482687123119831,pdb_00009m2f_S1_S2
3530,1,train,0.06974561512470245,pdb_00007xau_E1_E2
3531,1,train,0.9314734935760498,pdb_00007m42_D_C
3532,1,train,1.3146958351135254,pdb_00006p4b_H_L
3533,1,train,0.857246994972229,pdb_00002h9g_B_A
3534,1,train,1.3065484762191772,pdb_00008dwo_S_T
3535,1,train,0.5672603845596313,pdb_00004tnw_I_O
3536,1,train,0.926038920879364,pdb_00009mqd_I_M
3537,1,train,0.06935292482376099,pdb_00008irs_E1_E2
3538,1,train,0.057335224002599716,pdb_00008iz4_E1_E2
3539,1,train,0.7441796064376831,pdb_00007d85_E_F
3540,1,train,0.03592153266072273,pdb_00007ezm_H1_H2
3541,1,train,0.04750463366508484,pdb_00009izf_S1_S2
3542,1,train,0.03349091857671738,pdb_00009bqj_E1_E2
3543,1,train,0.5267082452774048,pdb_00007nx8_H_L
3544,1,train,0.5944717526435852,pdb_00007x1m_C_D
3545,1,train,0.7384455800056458,pdb_00009u5q_B_C
3546,1,train,1.6572291851043701,pdb_00006hga_H_L
3547,1,train,1.9804872274398804,pdb_00006wtv_K_L
3548,1,train,0.5688474178314209,pdb_00005u5m_B_A
3549,1,train,1.0026909112930298,pdb_00008ebp_I_M
3550,1,train,0.846227765083313,pdb_00008txu_F_K
3551,1,train,0.04487559571862221,pdb_00008yn2_E1_E2
3552,1,train,0.5718311071395874,pdb_00003b2u_C_D
3553,1,train,0.8576525449752808,pdb_00007n0u_H_L
3554,1,train,0.08948355168104172,pdb_00006ad7_E_F
3555,1,train,0.03434433788061142,pdb_00008xyd_E1_E2
3556,1,train,1.2901118993759155,pdb_00007ycn_K_L
3557,1,train,1.7206975221633911,pdb_00006s3d_E_F
3558,1,train,0.8258132934570312,pdb_00008ulf_J_N
3559,1,train,0.07712291181087494,pdb_00008fx5_H1_H2
3560,1,train,1.435744047164917,pdb_00007l7e_E_F
3561,1,train,0.03191665932536125,pdb_00009p0m_F1_F2
3562,1,train,1.5379735231399536,pdb_00006d0u_K_L
3563,1,train,0.02549988031387329,pdb_00008x17_H1_H2
3564,1,train,0.7245520949363708,pdb_00006pi7_F_E
3565,1,train,0.7404636740684509,pdb_00009irs_H_L
3566,1,train,0.816362738609314,pdb_00003nh7_H_L
3567,1,train,1.13288152217865,pdb_00003fku_Z1_Z2
3568,1,train,0.02207515574991703,pdb_00008k2x_S1_S2
3569,1,train,1.2864974737167358,pdb_00009lsi_D1_C2
3570,1,train,0.5561301112174988,pdb_00006cw3_C_D
3571,1,train,0.04908907040953636,pdb_00008ejc_E1_E2
3572,1,train,0.48968636989593506,pdb_00008ihb_S1_S2
3573,1,train,0.016283275559544563,pdb_00009m8l_N1_N2
3574,1,train,0.9592434167861938,pdb_00007rxl_C_D
3575,1,train,0.03438306227326393,pdb_00009jkt_S1_S2
3576,1,train,0.044678233563899994,pdb_00007t94_E1_E2
3577,1,train,0.929112434387207,pdb_00008vgm_H_L
3578,1,train,0.7401447892189026,pdb_00009l6c_D_F
3579,1,train,0.8970227837562561,pdb_00003fku_S1_S2
3580,1,train,0.7275780439376831,pdb_00008jkf_m_n
3581,1,train,0.2881605327129364,pdb_00008sid_K_L
3582,1,train,0.6081535816192627,pdb_00007zfe_J_K
3583,1,train,0.7472577095031738,pdb_00002eks_B_A
3584,1,train,0.055673398077487946,pdb_00009jh6_S1_S2
3585,1,train,0.9756715893745422,pdb_00003rif_I_O
3586,1,train,1.279890775680542,pdb_00009zdu_H_L
3587,1,train,0.5378526449203491,pdb_00003s36_H_L
3588,1,train,1.058902621269226,pdb_00008ut2_H_G
3589,1,train,0.7331480383872986,pdb_00009jy4_R_Q
3590,1,train,0.8824543356895447,pdb_00009hhr_L_H
3591,1,train,0.7176938056945801,pdb_00007yrf_F_E
3592,1,train,1.4414217472076416,pdb_00009rii_H_L
3593,1,train,0.8411741852760315,pdb_00008jio_C_B
3594,1,train,0.542523205280304,pdb_00006txz_H_L
3595,1,train,1.4578263759613037,pdb_00009e3k_J_K
3596,1,train,0.7517374157905579,pdb_00006yz7_HHH_LLL
3597,1,train,0.06009971722960472,pdb_00008h2g_E1_E2
3598,1,train,0.49313676357269287,pdb_00007kfv_H_L
3599,1,train,1.7721624374389648,pdb_00008jeo_B_C
3600,1,train,1.1770473718643188,pdb_00005vqm_H_L
3601,1,train,1.0595033168792725,pdb_00004v1d_D_E
3602,1,train,0.4735046923160553,pdb_00007zfe_F_G
3603,1,train,0.999180018901825,pdb_00005jz7_G_I
3604,1,train,0.7191908359527588,pdb_00009jy3_P_O
3605,1,train,0.5342967510223389,pdb_00008caf_B_A
3606,1,train,1.1390656232833862,pdb_00009me4_I_M
3607,1,train,0.6427119970321655,pdb_00009u5p_P_Q
3608,1,train,0.9691304564476013,pdb_00008bg5_C1_C2
3609,1,train,1.4202978610992432,pdb_00009mtf_H_L
3610,1,train,0.028503550216555595,pdb_00007vgx_S1_S2
3611,1,train,1.8158595561981201,pdb_00001hys_D_C
3612,1,train,0.8952178955078125,pdb_00001kiq_B_A
3613,1,train,0.024392306804656982,pdb_00007vl9_S1_S2
3614,1,train,0.0855294018983841,pdb_00007uko_E_F
3615,1,train,1.0236114263534546,pdb_00005aaw_K1_K2
3616,1,train,0.27184388041496277,pdb_00002itd_A_B
3617,1,train,1.461330771446228,pdb_00004ubd_G_H
3618,1,train,0.8522120714187622,pdb_00009lbs_H_L
3619,1,train,1.0311373472213745,pdb_00009cfg_H_L
3620,1,train,0.5375345349311829,pdb_00007ejy_H_L
3621,1,train,1.5771064758300781,pdb_00006oel_H_L
3622,1,train,1.0292311906814575,pdb_00007pry_H_L
3623,1,train,1.482176661491394,pdb_00009mla_H_K
3624,1,train,0.15264777839183807,pdb_00003iga_A_B
3625,1,train,0.9629852175712585,pdb_00006ogx_C_D
3626,1,train,0.032044146209955215,pdb_00008f7w_E1_E2
3627,1,train,0.9937916994094849,pdb_00009npg_K_J
3628,1,train,1.258344292640686,pdb_00007l5j_Y_X
3629,1,train,0.6187233328819275,pdb_00006z2m_H_L
3630,1,train,1.0362269878387451,pdb_00003v4v_M_N
3631,1,train,1.1108912229537964,pdb_00007wph_H_L
3632,1,train,1.1949679851531982,pdb_00001fj1_D_C
3633,1,train,0.01985550858080387,pdb_00009kpe_S1_S2
3634,1,train,0.13842147588729858,pdb_00007u0j_K1_K2
3635,1,train,0.7704709768295288,pdb_00008bec_C1_C2
3636,1,train,0.8394306302070618,pdb_00007lq7_P_Q
3637,1,train,1.1585607528686523,pdb_00005b8c_B_A
3638,1,train,1.4762698411941528,pdb_00005w3l_E_G
3639,1,train,1.2607476711273193,pdb_00008zre_h_l
3640,1,train,0.015796735882759094,pdb_00008zbi_F1_F2
3641,1,train,0.8787921071052551,pdb_00006xq2_C_B
3642,1,train,1.190015196800232,pdb_00008gpu_F_G
3643,1,train,1.8328264951705933,pdb_00009leo_A_B
3644,1,train,0.8859628438949585,pdb_00007ua8_I1_I2
3645,1,train,0.8807570338249207,pdb_00007wk0_D_E
3646,1,train,1.6839799880981445,pdb_00009wai_E_F
3647,1,train,1.404921531677246,pdb_00002x7l_C_D
3648,1,train,0.06038284674286842,pdb_00009iza_S1_S2
3649,1,train,1.5222113132476807,pdb_00001j5o_H_L
3650,1,train,0.8784329295158386,pdb_00008zh7_E_F
3651,1,train,0.78229159116745,pdb_00009udq_F_A
3652,1,train,0.16612081229686737,pdb_00002hlf_C_D
3653,1,train,0.8966971039772034,pdb_00001z3g_I_M
3654,1,train,0.04085535556077957,pdb_00007p00_H1_H2
3655,1,train,1.8618284463882446,pdb_00007t4q_F_G
3656,1,train,0.038657378405332565,pdb_00007trk_H1_H2
3657,1,train,1.5734224319458008,pdb_00005kov_U1_U2
3658,1,train,1.1156659126281738,pdb_00007xcz_B_C
3659,1,train,0.6809638738632202,pdb_00008jel_I_K
3660,1,train,1.2922557592391968,pdb_00004ubd_Y_X
3661,1,train,1.5609793663024902,pdb_00008erq_H_L
3662,1,train,0.5471562743186951,pdb_00008jel_C_D
3663,1,train,1.1874419450759888,pdb_00003fmg_H_L
3664,1,train,0.029835348948836327,pdb_00008xbh_S1_S2
3665,1,train,1.4935921430587769,pdb_00004kuc_F_E
3666,1,train,1.377273440361023,pdb_00008tea_F_I
3667,1,train,0.8586808443069458,pdb_00008znz_G_H
3668,1,train,0.7792950868606567,pdb_00009cia_D_C
3669,1,train,0.03444124013185501,pdb_00007y64_S1_S2
3670,1,train,0.5569179058074951,pdb_00008hws_H_L
3671,1,train,1.3006808757781982,pdb_00002vis_B_A
3672,1,train,0.8979468941688538,pdb_00008y3k_G_H
3673,1,train,0.5408592224121094,pdb_00007mzh_H_L
3674,1,train,0.9178798198699951,pdb_00008uwz_A_B
3675,1,train,0.742827296257019,pdb_00007kmg_D_E
3676,1,train,0.5753613710403442,pdb_00006bah_B_A
3677,1,train,0.016294067725539207,pdb_00008jz7_S1_S2
3678,1,train,0.02769160456955433,pdb_00008ia7_E1_E2
3679,1,train,0.01287589780986309,pdb_00008vy7_D1_D2
3680,1,train,0.8396279215812683,pdb_00003wd5_H_L
3681,1,train,1.008553147315979,pdb_00009n8j_B_C
3682,1,train,0.5247165560722351,pdb_00008f2j_A_B
3683,1,train,1.202323079109192,pdb_00002x7l_A_B
3684,1,train,0.6670092344284058,pdb_00008xse_H_L
3685,1,train,0.958331286907196,pdb_00009ue8_I_J
3686,1,train,0.7068501710891724,pdb_00001dee_F_E
3687,1,train,0.44995999336242676,pdb_00008f2j_H_L
3688,1,train,0.07598702609539032,pdb_00002vdm_H_L
3689,1,train,1.6963306665420532,pdb_00008dwy_H_L
3690,1,train,0.04410163685679436,pdb_00007l1v_H1_H2
3691,1,train,0.0364471934735775,pdb_00002vc2_H_L
3692,1,train,0.14303193986415863,pdb_00008jt6_E1_E2
3693,1,train,0.9424993395805359,pdb_00007z0y_H_L
3694,1,train,1.0874056816101074,pdb_00008w5m_H_L
3695,1,train,0.6316538453102112,pdb_00004tnw_J_M
3696,1,train,0.025634218007326126,pdb_00009u4w_S1_S2
3697,1,train,0.6983073949813843,pdb_00009m0d_D_Q
3698,1,train,0.26146337389945984,pdb_00006x3x_K_L
3699,1,train,0.15518642961978912,pdb_00008ihh_S1_S2
3700,1,train,0.013568161055445671,pdb_00009jlc_S1_S2
3701,1,train,1.0964356660842896,pdb_00006ii9_M_N
3702,1,train,1.7699075937271118,pdb_00006ba5_D_C
3703,1,train,0.019706634804606438,pdb_00009ijd_D1_D2
3704,1,train,0.5524730086326599,pdb_00009ouq_H_L
3705,1,train,0.9248241782188416,pdb_00008sit_H_L
3706,1,train,1.4528177976608276,pdb_00009bdi_H_L
3707,1,train,1.0741456747055054,pdb_00003qum_K_M
3708,1,train,1.595283031463623,pdb_00009kve_D_F
3709,1,train,0.9772917032241821,pdb_00003vrl_H_L
3710,1,train,0.09762502461671829,pdb_00008ija_S1_S2
3711,1,train,1.2725352048873901,pdb_00008dwo_H_L
3712,1,train,0.14436838030815125,pdb_00002vdq_H_L
3713,1,train,0.9300072193145752,pdb_00007o7f_H_F
3714,1,train,0.7262352108955383,pdb_00008oz3_H_L
3715,1,train,0.46937984228134155,pdb_00006vmk_P_O
3716,1,train,0.07580658793449402,pdb_00008x2k_E1_E2
3717,1,train,0.99910968542099,pdb_00008sdf_B_C
3718,1,train,0.122598797082901,pdb_00006e0c_N1_N2
3719,1,train,0.04166266694664955,pdb_00008z9p_S1_S2
3720,1,train,1.3542107343673706,pdb_00002ybr_G_H
3721,1,train,0.031180620193481445,pdb_00007w56_E1_E2
3722,1,train,0.892473578453064,pdb_00004okv_C_D
3723,1,train,1.0768183469772339,pdb_00009mtj_M_N
3724,1,train,1.067134976387024,pdb_00006plk_I_M
3725,1,train,0.7600222826004028,pdb_00005nhr_A_B
3726,1,train,0.032635223120450974,pdb_00007jhj_D1_D2
3727,1,train,1.2495113611221313,pdb_00009mla_G_J
3728,1,train,0.029189862310886383,pdb_00007yfc_C1_C2
3729,1,train,0.9966773390769958,pdb_00005wko_E_F
3730,1,train,0.8568163514137268,pdb_00007xsc_A_B
3731,1,train,0.4889914393424988,pdb_00005ggv_H_L
3732,1,train,1.3720991611480713,pdb_00009ma7_D_E
3733,1,train,0.031222928315401077,pdb_00008wwk_E1_E2
3734,1,train,0.6155173778533936,pdb_00007sk7_D_C
3735,1,train,0.72435063123703,pdb_00008oz3_A_B
3736,1,train,0.021750114858150482,pdb_00007xat_E1_E2
3737,1,train,1.6054211854934692,pdb_00003mj9_H_L
3738,1,train,0.04120905324816704,pdb_00008hpt_H1_H2
3739,1,train,1.0321929454803467,pdb_00008hrd_Y_Z
3740,1,train,1.0163278579711914,pdb_00004hj0_P_Q
3741,1,train,0.6257650256156921,pdb_00007zf8_H_L
3742,1,train,0.030918238684535027,pdb_00009vnz_E1_E2
3743,1,train,0.944597065448761,pdb_00006hxw_H_L
3744,1,train,0.8153449296951294,pdb_00006cyf_M_L
3745,1,train,1.0952560901641846,pdb_00008vk1_F_E
3746,1,train,0.47900116443634033,pdb_000011ol_H_L
3747,1,train,0.2409638911485672,pdb_00009j31_D1_D2
3748,1,train,1.4566760063171387,pdb_00008w5h_H_L
3749,1,train,0.04484372213482857,pdb_00008y73_E1_E2
3750,1,train,1.0070689916610718,pdb_00009vft_F_E
3751,1,train,0.7562690377235413,pdb_00001nbz_B_A
3752,1,train,0.9988352656364441,pdb_00001fj1_B_A
3753,1,train,0.0622546561062336,pdb_00008uwl_E1_E2
3754,1,train,1.264346957206726,pdb_00006wds_H_L
3755,1,train,0.4859186112880707,pdb_00006k5a_C_D
3756,1,train,1.559017539024353,pdb_00008e8y_H_L
3757,1,train,0.029456259682774544,pdb_00008iy5_E1_E2
3758,1,train,0.026235343888401985,pdb_00007wq3_S1_S2
3759,1,train,1.9195817708969116,pdb_00009ml8_M_N
3760,1,train,0.6298153400421143,pdb_00005bo1_I_M
3761,1,train,0.5218319892883301,pdb_00006j6y_E_F
3762,1,train,1.136755108833313,pdb_00007dm1_D_C
3763,1,train,0.7357179522514343,pdb_00005xhv_H_L
3764,1,train,0.029733961448073387,pdb_00007ys6_E1_E2
3765,1,train,1.039003849029541,pdb_00002iff_H_L
3766,1,train,1.2249623537063599,pdb_00007uvs_A_B
3767,1,train,0.057099513709545135,pdb_00002vdr_H_L
3768,1,train,0.3498961925506592,pdb_00006vmk_Z_Y
3769,1,train,0.7284033298492432,pdb_00009ib1_H_L
3770,1,train,1.2406450510025024,pdb_00006jep_H_L
3771,1,train,0.6667828559875488,pdb_00005nh3_H_L
3772,1,train,1.0331029891967773,pdb_00007quh_H_L
3773,1,train,0.11128063499927521,pdb_00008zbe_E1_E2
3774,1,train,1.0524237155914307,pdb_00007zfb_H_L
3775,1,train,0.07565941661596298,pdb_00008fn0_E1_E2
3776,1,train,0.030420316383242607,pdb_00008k6m_S1_S2
3777,1,train,0.014954544603824615,pdb_00007rg9_E1_E2
3778,1,train,1.400331735610962,pdb_00008ywe_C2_C1
3779,1,train,0.9803779125213623,pdb_00007x3c_H_L
3780,1,train,0.9519423842430115,pdb_00005ugy_I_M
3781,1,train,0.03995424136519432,pdb_00009izg_S1_S2
3782,1,train,1.0825573205947876,pdb_00007yrh_F_E
3783,1,train,0.06443516165018082,pdb_00007w6p_H1_H2
3784,1,train,1.422847032546997,pdb_00009shd_H_L
3785,1,train,1.1137620210647583,pdb_00009n4e_Q_P
3786,1,train,0.7350834608078003,pdb_00001tzh_B_A
3787,1,train,0.9930686354637146,pdb_00007ycn_C_D
3788,1,train,0.05884340777993202,pdb_00003nid_E_F
3789,1,train,0.014867296442389488,pdb_00007w55_E1_E2
3790,1,train,0.7854791879653931,pdb_00008sxp_H_L
3791,1,train,0.5146651864051819,pdb_00007wnb_H_L
3792,1,train,0.7912085056304932,pdb_00007dpm_G_H
3793,1,train,0.6171393990516663,pdb_00008dn6_E_F
3794,1,train,0.013452940620481968,pdb_00008y62_E1_E2
3795,1,train,0.07804666459560394,pdb_00007t8x_E1_E2
3796,1,train,0.7605190873146057,pdb_00008vgk_F_E
3797,1,train,1.6425169706344604,pdb_00008tbq_A_B
3798,1,train,0.011833288706839085,pdb_00008yh3_S1_S2
3799,1,train,0.9477996826171875,pdb_00002i9l_D_C
3800,1,train,0.015432323329150677,pdb_00006kpf_S1_S2
3801,1,train,0.016192007809877396,pdb_00009x20_E1_E2
3802,1,train,0.05280056223273277,pdb_00008hqm_H1_H2
3803,1,train,1.0465435981750488,pdb_00007y3n_C_D
3804,1,train,0.012654468417167664,pdb_00008vvg_E1_E2
3805,1,train,0.030434701591730118,pdb_00008wwn_E1_E2
3806,1,train,0.6929128170013428,pdb_00007yvm_C_A
3807,1,train,0.9970801472663879,pdb_00007zmk_V_W
3808,1,train,0.04134628549218178,pdb_00008yn6_E1_E2
3809,1,train,0.39418891072273254,pdb_00006x3w_J_I
3810,1,train,0.023168891668319702,pdb_00008id6_S1_S2
3811,1,train,0.016112813726067543,pdb_00009jfy_S1_S2
3812,1,train,1.1547502279281616,pdb_00008zdw_F_E
3813,1,train,0.8841449618339539,pdb_00008ebp_H_L
3814,1,train,1.1111814975738525,pdb_00007t3d_O_Q
3815,1,train,1.0592480897903442,pdb_00002x7l_E_F
3816,1,train,0.02756664901971817,pdb_00007y12_S1_S2
3817,1,train,0.26226019859313965,pdb_00006k5f_E_F
3818,1,train,0.0314847007393837,pdb_00003zdz_E_F
3819,1,train,0.20616844296455383,pdb_00009drx_K_L
3820,1,train,0.0362204872071743,pdb_00008x16_H1_H2
3821,1,train,0.9897978901863098,pdb_00004gxu_O_P
3822,1,train,2.0191972255706787,pdb_00005tfw_H_L
3823,1,train,0.02349473536014557,pdb_00009vjg_E1_E2
3824,1,train,1.0543330907821655,pdb_00008jqs_H_L
3825,1,train,0.014414765872061253,pdb_00008jil_S1_S2
3826,1,train,1.1172486543655396,pdb_00006ek2_H1_H2
3827,1,train,0.044428739696741104,pdb_00008gur_S1_S2
3828,1,train,0.053072504699230194,pdb_00009j0b_S1_S2
3829,1,train,1.2968921661376953,pdb_00006t9e_AAA_BBB
3830,1,train,1.06473708152771,pdb_00007lf7_A_B
3831,1,train,0.6284907460212708,pdb_00008f2j_I_J
3832,1,train,0.6151600480079651,pdb_00004zff_A_B
3833,1,train,0.6810507774353027,pdb_00008qh0_H_L
3834,1,train,0.7511276006698608,pdb_00006dkj_A_B
3835,1,train,0.8606316447257996,pdb_00009mqa_J_N
3836,1,train,0.15096920728683472,pdb_00008evg_M1_M2
3837,1,train,0.019564300775527954,pdb_000021ag_S1_S2
3838,1,train,0.03210518881678581,pdb_00009v0x_E1_E2
3839,1,train,1.5191657543182373,pdb_00007xj9_K_J
3840,1,train,0.44199734926223755,pdb_00009zqa_J2_J1
3841,1,train,0.5202828049659729,pdb_00007kmh_A_B
3842,1,train,1.6406264305114746,pdb_00009e3l_G_H
3843,1,train,1.7266860008239746,pdb_00008s72_H_L
3844,1,train,1.0377991199493408,pdb_00006woz_K_L
3845,1,train,0.9862804412841797,pdb_00009ds1_H_L
3846,1,train,0.8988386988639832,pdb_00007ubs_J1_J2
3847,1,train,0.21320518851280212,pdb_00003stl_A_B
3848,1,train,0.01222830731421709,pdb_00008k4n_E1_E2
3849,1,train,0.5591012239456177,pdb_00007yck_E_F
3850,1,train,0.016122885048389435,pdb_00008iu2_S1_S2
3851,1,train,1.068966031074524,pdb_00006plk_H_L
3852,1,train,1.6034867763519287,pdb_00004kuc_H_D
3853,1,train,0.9097724556922913,pdb_00007tpj_H_L
3854,1,train,0.016608765348792076,pdb_00009ite_E1_E2
3855,1,train,1.3678998947143555,pdb_00009e3l_I_J
3856,1,train,0.15332652628421783,pdb_00003det_C_D
3857,1,train,0.7794785499572754,pdb_00001xgq_B_A
3858,1,train,0.5418393611907959,pdb_00006ktr_A_B
3859,1,train,2.257113456726074,pdb_00001jrh_H_L
3860,1,train,1.1383918523788452,pdb_00006wtu_H_I
3861,1,train,1.5831154584884644,pdb_00008hpu_H_L
3862,1,train,0.7200134992599487,pdb_00004qci_B_A
3863,1,train,0.6128659844398499,pdb_00003b2u_J_K
3864,1,train,0.04835356026887894,pdb_00003t3p_E_F
3865,1,train,0.01190949697047472,pdb_00008jgb_S1_S2
3866,1,train,1.1185662746429443,pdb_00009npg_D_E
3867,1,train,0.9152448177337646,pdb_00007rk1_D1_D2
3868,1,train,1.1329578161239624,pdb_00009c0v_H_L
3869,1,train,0.015232512727379799,pdb_00009le0_S1_S2
3870,1,train,0.6894742846488953,pdb_00008vgk_J_I
3871,1,train,0.940659761428833,pdb_00006uig_H_L
3872,1,train,0.010567250661551952,pdb_00008ykw_E1_E2
3873,1,train,0.1252972036600113,pdb_00007k5x_M2_M1
3874,1,train,1.012109398841858,pdb_00007lop_W_V
3875,1,train,0.8921899199485779,pdb_00004odx_A_L
3876,1,train,0.697648823261261,pdb_00001xiw_D_C
3877,1,train,0.7681893110275269,pdb_00004gxu_W_X
3878,1,train,1.662432312965393,pdb_00007yvf_C_A
3879,1,train,1.1094871759414673,pdb_00001adq_H_L
3880,1,train,0.8345509767532349,pdb_00009ue8_A_B
3881,1,train,0.09102420508861542,pdb_00008u9s_M2_M1
3882,1,train,0.5604497194290161,pdb_00007f6z_H_L
3883,1,train,0.017433103173971176,pdb_00007wyb_E1_E2
3884,1,train,1.5109055042266846,pdb_00006d0u_H_I
3885,1,train,0.016790060326457024,pdb_00009m8k_N1_N2
3886,1,train,0.8575920462608337,pdb_00007xcp_H_L
3887,1,train,1.1366032361984253,pdb_00009sat_H_L
3888,1,train,0.7577259540557861,pdb_00007zmk_J_K
3889,1,train,1.5666500329971313,pdb_00008tp5_J_K
3890,1,train,1.6983352899551392,pdb_00009e3h_H_L
3891,1,train,0.6335023045539856,pdb_00005xhv_P_Q
3892,1,train,0.6889894008636475,pdb_00007cho_H_L
3893,1,train,0.041719742119312286,pdb_00008z8b_S1_S2
3894,1,train,0.12312319874763489,pdb_00002ht2_E_F
3895,1,train,0.7556009292602539,pdb_00004odx_H_B
3896,1,train,0.026674848049879074,pdb_00007ts0_H1_H2
3897,1,train,0.03685971349477768,pdb_00007ue0_E_F
3898,1,train,0.03582970052957535,pdb_00007tct_H_L
3899,1,train,0.8385277986526489,pdb_00006wzl_A_B
3900,1,train,1.1044831275939941,pdb_00007l7e_O_P
3901,1,train,1.4286930561065674,pdb_00009mtg_M_N
3902,1,train,0.010470927692949772,pdb_00008xqn_S1_S2
3903,1,train,0.6536095142364502,pdb_00005yoy_R_O
3904,1,train,0.9428983330726624,pdb_00004ogx_H_L
3905,1,train,0.021315699443221092,pdb_00007u9v_E_F
3906,1,train,1.113747477531433,pdb_00009cq7_H_I
3907,1,train,0.0476534403860569,pdb_00007k60_M2_M1
3908,1,train,0.24085640907287598,pdb_00009ggg_S1_S2
3909,1,train,0.7944679856300354,pdb_00007m6d_A_B
3910,1,train,0.6749128699302673,pdb_00007e9b_H_L
3911,1,train,0.038360435515642166,pdb_00008sg1_E1_E2
3912,1,train,0.8112034797668457,pdb_00008zh7_K_L
3913,1,train,0.8770507574081421,pdb_00007uzc_E_F
3914,1,train,0.9570678472518921,pdb_00008uzp_H_L
3915,1,train,1.6430168151855469,pdb_00008hrd_W_X
3916,1,train,0.6572663187980652,pdb_00003g6j_F_E
3917,1,train,1.1307222843170166,pdb_00006wtu_K_L
3918,1,train,1.1631404161453247,pdb_00004lvh_E_F
3919,1,train,0.8314870595932007,pdb_00009kze_H_L
3920,1,train,1.2944309711456299,pdb_00006mlm_K_L
3921,1,train,1.2303589582443237,pdb_00007u9w_H1_H2
3922,1,train,0.12961311638355255,pdb_00007ejx_S1_S2
3923,1,train,0.09378737956285477,pdb_00008jgg_S1_S2
3924,1,train,1.3400295972824097,pdb_00007lg6_K_N
3925,1,train,1.5095337629318237,pdb_00008dwy_Z_Y
3926,1,train,0.7139227390289307,pdb_00009j9z_H_L
3927,1,train,0.912113606929779,pdb_00007vad_H_L
3928,1,train,1.2844152450561523,pdb_00005e94_D_C
3929,1,train,0.9018896818161011,pdb_00008ulf_H_L
3930,1,train,0.03654954582452774,pdb_00009vj5_E1_E2
3931,1,train,1.0063320398330688,pdb_00007rk1_C1_C2
3932,1,train,0.9814412593841553,pdb_00007t3d_J_M
3933,1,train,1.1670631170272827,pdb_00006jhs_E_D
3934,1,train,1.3417259454727173,pdb_00009mth_M_N
3935,1,train,0.9876078367233276,pdb_00009n4e_O_R
3936,1,train,0.9547027349472046,pdb_00009c6y_A_B
3937,1,train,0.8995983600616455,pdb_00008ywe_B2_B1
3938,1,train,1.5575698614120483,pdb_00006ba5_B_A
3939,1,train,1.0094358921051025,pdb_00007uvi_D_E
3940,1,train,0.4777170419692993,pdb_00003rhw_J_M
3941,1,train,1.0639562606811523,pdb_00008cxg_G_I
3942,1,train,1.0832868814468384,pdb_00007rk2_C1_C2
3943,1,train,1.2013038396835327,pdb_00008d9y_H_G
3944,1,train,0.0738382413983345,pdb_00007yoo_S1_S2
3945,1,train,0.6037541031837463,pdb_00008i5l_E1_E2
3946,1,train,0.42797574400901794,pdb_00008as0_N_M
3947,1,train,0.7659987807273865,pdb_00008txu_H_L
3948,1,train,0.792934000492096,pdb_00007eam_C_D
3949,1,train,0.6196775436401367,pdb_00009cq4_C_D
3950,1,train,0.43696916103363037,pdb_00002dqc_H_L
3951,1,train,1.2247616052627563,pdb_00005umi_A_B
3952,1,train,1.4749177694320679,pdb_00008ygs_H_L
3953,1,train,0.04129580408334732,pdb_00008jef_S1_S2
3954,1,train,0.914355993270874,pdb_00007wvd_G_H
3955,1,train,0.086158886551857,pdb_00002fed_E_F
3956,1,train,1.1847251653671265,pdb_00009yyu_H_L
3957,1,train,0.5295577049255371,pdb_00007f6y_H_L
3958,1,train,0.497758150100708,pdb_00007kfv_F_G
3959,1,train,0.38667476177215576,pdb_00002dqh_H_L
3960,1,train,0.02819906733930111,pdb_00007evy_E1_E2
3961,1,train,1.5871455669403076,pdb_00009vnp_C_A
3962,1,train,2.006002426147461,pdb_00008tnn_H_G
3963,1,train,0.5935295820236206,pdb_00004ioi_B_A
3964,1,train,1.3840463161468506,pdb_00009oi3_I_J
3965,1,train,1.0140516757965088,pdb_00007ycn_E_F
3966,1,train,0.7133299112319946,pdb_00008dww_Z_Y
3967,1,train,0.46315646171569824,pdb_00006bae_B_A
3968,1,train,1.1367379426956177,pdb_00007m7w_C_D
3969,1,train,0.09688853472471237,pdb_00007dfl_C1_C2
3970,1,train,1.4471518993377686,pdb_00005hbt_D_C
3971,1,train,1.4938510656356812,pdb_00008jeo_E_F
3972,1,train,0.02087937667965889,pdb_00009cm3_N1_N2
3973,1,train,1.188003420829773,pdb_00009y0e_A_B
3974,1,train,0.9596996307373047,pdb_00008hrd_D_F
3975,1,train,0.022547665983438492,pdb_00009iy8_S1_S2
3976,1,train,0.3296821415424347,pdb_00003a67_H_L
3977,1,train,0.2836899757385254,pdb_00002dqe_H_L
3978,1,train,1.4519315958023071,pdb_00009mtm_I_J
3979,1,train,0.6437211632728577,pdb_00009n7q_D_F
3980,1,train,0.7305983901023865,pdb_00007xik_H_L
3981,1,train,0.06555398553609848,pdb_00008dzr_E1_E2
3982,1,train,0.24287746846675873,pdb_00008j20_B1_B2
3983,1,train,0.25741201639175415,pdb_00008x8n_E1_E2
3984,1,train,0.6252755522727966,pdb_00005nh3_I_M
3985,1,train,1.0914689302444458,pdb_00007l7e_C_D
3986,1,train,0.04330364614725113,pdb_00007u9f_E_F
3987,1,train,0.9175236821174622,pdb_00008cn9_G_F
3988,1,train,0.9395222067832947,pdb_00009npg_G_H
3989,1,train,0.1870225965976715,pdb_00007f4h_S1_S2
3990,1,train,0.37683340907096863,pdb_00004hjg_B_A
3991,1,train,0.1367538422346115,pdb_00002fee_J_O
3992,1,train,0.9714667201042175,pdb_00006woz_B_C
3993,1,train,0.9280408620834351,pdb_00008too_H_E
3994,1,train,1.0885987281799316,pdb_00005a3i_C_D
3995,1,train,1.122723937034607,pdb_00008dwy_X_W
3996,1,train,0.029141850769519806,pdb_00003t3m_H_L
3997,1,train,0.8851927518844604,pdb_00009lho_T_S
3998,1,train,0.2926199436187744,pdb_00006x40_K_L
3999,1,train,1.5639374256134033,pdb_00006xq0_E_F
4000,1,train,0.24080654978752136,pdb_00008id3_S1_S2
4001,1,train,0.8580576777458191,pdb_00009ccs_C_B
4002,1,train,0.8239971399307251,pdb_00006gku_H_L
4003,1,train,0.03558135777711868,pdb_00008gag_S1_S2
4004,1,train,0.14674800634384155,pdb_00008uh3_E1_E2
4005,1,train,0.8296626806259155,pdb_00004gxu_S_T
4006,1,train,0.14141713082790375,pdb_00006x3s_K_L
4007,1,train,0.9955651164054871,pdb_00009q7b_L_M
4008,1,train,1.3932396173477173,pdb_00006u9s_D_E
4009,1,train,0.03318005055189133,pdb_00008y01_S1_S2
4010,1,train,0.10754141956567764,pdb_00002ht3_E_F
4011,1,train,1.2083864212036133,pdb_00009h4r_H_L
4012,1,train,0.4389393627643585,pdb_00003ri5_H_L
4013,1,train,0.15941132605075836,pdb_00007vdm_S1_S2
4014,1,train,0.8020870685577393,pdb_00009pw4_C_D
4015,1,train,0.6828481554985046,pdb_00002jix_F_A
4016,1,train,0.9698095917701721,pdb_00007rxj_H_L
4017,1,train,0.6661173105239868,pdb_00002yss_B_A
4018,1,train,1.2591220140457153,pdb_00005ggs_C_D
4019,1,train,0.8732259273529053,pdb_00002i9l_B_A
4020,1,train,0.28315597772598267,pdb_00002bob_A_B
4021,1,train,0.9528566002845764,pdb_00009b82_R_Q
4022,1,train,0.4040679335594177,pdb_00002qr0_N_M
4023,1,train,1.4134832620620728,pdb_00009xth_B_C
4024,1,train,0.7767140865325928,pdb_00007m3i_A_B
4025,1,train,0.05006101354956627,pdb_00002exw_E_F
4026,1,train,0.8128472566604614,pdb_00009hh9_I_H
4027,1,train,0.03075726516544819,pdb_00007t6s_E1_E2
4028,1,train,0.4210430681705475,pdb_00006vmk_B_A
4029,1,train,0.808057963848114,pdb_00009iz9_O_P
4030,1,train,0.6669009327888489,pdb_00009hhr_D_G
4031,1,train,1.2959973812103271,pdb_00009oi3_H_L
4032,1,train,0.2045290470123291,pdb_00007u0g_N1_N2
4033,1,train,1.8974071741104126,pdb_00009y3x_H_L
4034,1,train,2.130049228668213,pdb_00008cdd_E_D
4035,1,train,1.3581236600875854,pdb_00009lsj_E1_D2
4036,1,train,1.4231284856796265,pdb_00006wex_H_L
4037,1,train,0.019845157861709595,pdb_00008jsr_C1_C2
4038,1,train,0.031214680522680283,pdb_00008f7x_E1_E2
4039,1,train,0.7266963720321655,pdb_00007mzh_B_C
4040,1,train,1.0851078033447266,pdb_00007zwi_E_F
4041,1,train,0.7281160950660706,pdb_00006kyz_B_C
4042,1,train,0.050437696278095245,pdb_00007uk9_E_F
4043,1,train,0.563644289970398,pdb_00007pry_A_B
4044,1,train,0.9805625081062317,pdb_00007lq7_H_L
4045,1,train,1.27667236328125,pdb_00009dn2_J_N
4046,1,train,1.2692289352416992,pdb_00007t7b_H_L
4047,1,train,0.9056435227394104,pdb_00006vgr_H_L
4048,1,train,0.7191195487976074,pdb_00008jkh_h_l
4049,1,train,0.5471735000610352,pdb_00009wb3_B_C
4050,1,train,1.5265027284622192,pdb_00006ddv_B_A
4051,1,train,0.9149118661880493,pdb_00007x6o_J_L
4052,1,train,0.575034499168396,pdb_00006b3s_C_D
4053,1,train,0.037281956523656845,pdb_00007d77_S1_S2
4054,1,train,1.641527771949768,pdb_00009ml8_H_L
4055,1,train,0.1476108431816101,pdb_00008syp_M1_M2
4056,1,train,1.4693849086761475,pdb_00008tfl_H_L
4057,1,train,0.7571317553520203,pdb_00007xeg_E_F
4058,1,train,0.013180816546082497,pdb_00009v81_E1_E2
4059,1,train,0.6151249408721924,pdb_00004zff_H_L
4060,1,train,0.7863712906837463,pdb_00009lho_O_N
4061,1,train,0.7643153071403503,pdb_00009cq4_H_L
4062,1,train,0.028226269409060478,pdb_00009ego_S1_S2
4063,1,train,0.9060537219047546,pdb_00008q6j_D_C
4064,1,train,0.05830415338277817,pdb_00003ejz_E_F
4065,1,train,1.0999068021774292,pdb_00007ua2_B1_B2
4066,1,train,0.7329453229904175,pdb_00009q7b_G_I
4067,1,train,1.1998707056045532,pdb_00007c88_A_B
4068,1,train,1.3490647077560425,pdb_00008eeu_H_L
4069,1,train,0.9867789149284363,pdb_00004v1d_A_B
4070,1,train,0.6067765355110168,pdb_00007xeg_C_D
4071,1,train,0.015006015077233315,pdb_00009jr3_S1_S2
4072,1,train,0.8553263545036316,pdb_00009cia_B_A
4073,1,train,1.3718867301940918,pdb_00009l8z_C_B
4074,1,train,1.3008965253829956,pdb_00006gff_L_K
4075,1,train,0.4268011450767517,pdb_00008elo_H_L
4076,1,train,1.1409202814102173,pdb_00007n0a_B_A
4077,1,train,0.9844244122505188,pdb_00001fsk_C_B
4078,1,train,0.12223571538925171,pdb_00008id9_S1_S2
4079,1,train,1.3871479034423828,pdb_00008tea_H_G
4080,1,train,0.8691176772117615,pdb_00008too_B_A
4081,1,train,0.34202778339385986,pdb_00006x3x_J_I
4082,1,train,0.8402973413467407,pdb_00003c09_H_L
4083,1,train,1.2629122734069824,pdb_00006jep_K_I
4084,1,train,0.055845968425273895,pdb_00008guq_S1_S2
4085,1,train,0.07684064656496048,pdb_00009k26_S1_S2
4086,1,train,0.04266805574297905,pdb_00003nig_H_L
4087,1,train,0.6719796061515808,pdb_00007mzk_C_D
4088,1,train,0.5181757211685181,pdb_00009wb4_B_C
4089,1,train,0.959865152835846,pdb_00006hjp_K_L
4090,1,train,0.5894371867179871,pdb_00007klh_H_L
4091,1,train,0.944320797920227,pdb_00008xcd_H_L
4092,1,train,0.8970470428466797,pdb_00006osv_H_L
4093,1,train,0.028807824477553368,pdb_00009jeq_S1_S2
4094,1,train,0.031728796660900116,pdb_00007scg_E1_E2
4095,1,train,1.7072815895080566,pdb_00006cvk_B2_B1
4096,1,train,0.5859298706054688,pdb_00008as2_H_L
4097,1,train,0.027588527649641037,pdb_00009f34_E1_E2
4098,1,train,1.4289335012435913,pdb_00005c0n_H_L
4099,1,train,0.26880547404289246,pdb_00008dd2_K_L
4100,1,train,0.9679768681526184,pdb_00005wko_G_H
4101,1,train,0.014974827878177166,pdb_00007vdl_S1_S2
4102,1,train,0.17721790075302124,pdb_00006x3z_J_I
4103,1,train,0.690719485282898,pdb_00009lrf_H_L
4104,1,train,0.05351569131016731,pdb_00007vie_E1_E2
4105,1,train,1.1277867555618286,pdb_00006a4k_I_M
4106,1,train,0.07714414596557617,pdb_00002vdl_H_L
4107,1,train,0.7040850520133972,pdb_00005xku_C_B
4108,1,train,0.4504576027393341,pdb_00008pwh_B_A
4109,1,train,0.6081831455230713,pdb_00007k9z_H_L
4110,1,train,1.2730944156646729,pdb_00008v52_D_C
4111,1,train,0.0197223462164402,pdb_00008yn7_E1_E2
4112,1,train,0.7670102119445801,pdb_00005kvf_H_L
4113,1,train,0.009037453681230545,pdb_00009ije_D1_D2
4114,1,train,0.8071892261505127,pdb_00001jhl_H_L
4115,1,train,0.03552939370274544,pdb_00007vih_E1_E2
4116,1,train,1.1245687007904053,pdb_00006dfj_H_L
4117,1,train,0.008635480888187885,pdb_00007yk7_S1_S2
4118,1,train,0.013932658359408379,pdb_00008zpt_E1_E2
4119,1,train,0.9345985651016235,pdb_00006ss4_HHH_LLL
4120,1,train,0.8280189037322998,pdb_00008vgl_E_F
4121,1,train,0.04432987794280052,pdb_00008ejk_E1_E2
4122,1,train,0.05699647590517998,pdb_00007ykd_S1_S2
4123,1,train,0.08771373331546783,pdb_00009j0i_S1_S2
4124,1,train,0.9855805039405823,pdb_00001yqv_H_L
4125,1,train,0.033523108810186386,pdb_00007wic_S1_S2
4126,1,train,0.03542149439454079,pdb_00008jim_S1_S2
4127,1,train,0.43011271953582764,pdb_00007s0b_A_B
4128,1,train,1.05350661277771,pdb_00008w83_I_J
4129,1,train,1.031783103942871,pdb_00008w83_A_B
4130,1,train,1.0594309568405151,pdb_00003v6z_C_D
4131,1,train,0.04132453724741936,pdb_00009ll7_S1_S2
4132,1,train,0.9754821062088013,pdb_00008cxg_h_l
4133,1,train,1.0651073455810547,pdb_00007upb_B_E
4134,1,train,0.020702583715319633,pdb_00009m54_S1_S2
4135,1,train,0.6362200975418091,pdb_00008jkf_H_L
4136,1,train,0.4289039671421051,pdb_00003rif_H_L
4137,1,train,0.15138036012649536,pdb_00008vqy_J_I
4138,1,train,0.03794664144515991,pdb_00007jvr_E1_E2
4139,1,train,0.8602864742279053,pdb_00008dcc_H_L
4140,1,train,0.048624858260154724,pdb_00007trq_H1_H2
4141,1,train,0.02198220230638981,pdb_00009vnf_E1_E2
4142,1,train,1.4153673648834229,pdb_00006s3d_A_B
4143,1,train,0.02287224493920803,pdb_00007vgy_E1_E2
4144,1,train,0.8699777126312256,pdb_00008kdt_H_L
4145,1,train,1.120123267173767,pdb_00008khr_H_L
4146,1,train,0.8153529167175293,pdb_00004gxu_Q_R
4147,1,train,1.0440211296081543,pdb_00006ejg_C2_C1
4148,1,train,2.1779797077178955,pdb_00008edf_H_L
4149,1,train,0.01125357486307621,pdb_00009ppy_E1_E2
4150,1,train,0.017559459432959557,pdb_00007wu9_S1_S2
4151,1,train,0.9428265690803528,pdb_00009bt5_E_F
4152,1,train,0.8964041471481323,pdb_00008oxx_B_C
4153,1,train,0.017068862915039062,pdb_00007y24_S1_S2
4154,1,train,1.0798555612564087,pdb_00008gpu_C_D
4155,1,train,1.284708857536316,pdb_00008dis_B_G
4156,1,train,1.4754146337509155,pdb_00006ywc_D_E
4157,1,train,0.9772951006889343,pdb_00008yx9_G_I
4158,1,train,1.2281368970870972,pdb_00001ztx_H_L
4159,1,train,0.9142355918884277,pdb_00007rxi_H_L
4160,1,train,0.009965281002223492,pdb_00008jgf_E1_E2
4161,1,train,1.2370939254760742,pdb_00008e8s_H_L
4162,1,train,0.8090583086013794,pdb_00005wko_C_D
4163,1,train,1.1410884857177734,pdb_00008tnt_G_F
4164,1,train,1.5107293128967285,pdb_00001rzk_H_L
4165,1,train,0.9791927337646484,pdb_00005aaw_A1_A2
4166,1,train,1.063088059425354,pdb_00009ebc_K_L
4167,1,train,0.23055659234523773,pdb_00002dqd_H_L
4168,1,train,0.020676545798778534,pdb_00007wf7_E1_E2
4169,1,train,1.8139818906784058,pdb_00008zd5_H_I
4170,1,train,0.8378756046295166,pdb_00007wur_G_H
4171,1,train,1.3844531774520874,pdb_00009jub_B_C
4172,1,train,1.4197978973388672,pdb_00007rr0_B_C
4173,1,train,0.3878205120563507,pdb_00006ad8_C_D
4174,1,train,0.036756083369255066,pdb_00008ia8_S1_S2
4175,1,train,0.013341186568140984,pdb_00007ydj_E1_E2
4176,1,train,0.8241645693778992,pdb_00009q71_K_L
4177,1,train,0.3940127491950989,pdb_00003ri5_J_M
4178,1,train,0.5599440932273865,pdb_00006b3s_H_L
4179,1,train,0.09434100985527039,pdb_00003ze2_E_F
4180,1,train,1.3340247869491577,pdb_00009fys_I_M
4181,1,train,1.8491296768188477,pdb_00008v2e_D_E
4182,1,train,0.8024320602416992,pdb_00007dk2_A_B
4183,1,train,0.8201562762260437,pdb_00007jum_J1_J2
4184,1,train,0.9628849029541016,pdb_00007y3o_H_L
4185,1,train,1.047503113746643,pdb_00009me5_I_M
4186,1,train,0.8091892600059509,pdb_00003nh7_J_N
4187,1,train,0.09953468292951584,pdb_00007e33_E1_E2
4188,1,train,0.03404108062386513,pdb_00008ic0_E1_E2
4189,1,train,0.5341282486915588,pdb_00007vgs_D_C
4190,1,train,1.1181856393814087,pdb_00006mlm_E_I
4191,1,train,0.05098254606127739,pdb_00009p0k_F1_F2
4192,1,train,1.761687159538269,pdb_00006aru_C_B
4193,1,train,0.47740253806114197,pdb_00008i5h_H_L
4194,1,train,0.9680211544036865,pdb_00007qny_A_B
4195,1,train,0.03297964856028557,pdb_00008w8r_S1_S2
4196,1,train,0.9384809732437134,pdb_00009fys_B_C
4197,1,train,0.9399195909500122,pdb_00007mem_H_L
4198,1,train,1.1118742227554321,pdb_00006xxv_A_B
4199,1,train,0.8520262837409973,pdb_00005xmh_D_C
4200,1,train,0.33875635266304016,pdb_00006vmk_c_b
4201,1,train,0.7441431879997253,pdb_00008vgj_H_G
4202,1,train,1.1520878076553345,pdb_00009h4r_X_Y
4203,1,train,0.6937283873558044,pdb_00006o1f_H_L
4204,1,train,0.03536800667643547,pdb_00008xbe_S1_S2
4205,1,train,0.9184496998786926,pdb_00007l0l_G_J
4206,1,train,0.49831244349479675,pdb_00008jen_G_H
4207,1,train,0.11658259481191635,pdb_00004z7n_E_F
4208,1,train,1.6690266132354736,pdb_00009e89_H_L
4209,1,train,1.1397806406021118,pdb_00006n5d_C_D
4210,1,train,0.18171657621860504,pdb_00009vmp_S1_S2
4211,1,train,0.029679037630558014,pdb_00008g94_E1_E2
4212,1,train,1.4310786724090576,pdb_00007bsc_H_L
4213,1,train,0.01856835000216961,pdb_00009v6o_S1_S2
4214,1,train,0.04785873740911484,pdb_00008i9s_H1_H2
4215,1,train,0.01932424306869507,pdb_00008gcm_E1_E2
4216,1,train,1.293475866317749,pdb_00005dur_B_D
4217,1,train,0.029906511306762695,pdb_00008ef6_E1_E2
4218,1,train,1.0835336446762085,pdb_00008f6l_A_B
4219,1,train,0.8270716071128845,pdb_00005wko_A_B
4220,1,train,1.3950871229171753,pdb_00009vca_H_L
4221,1,train,0.9365412592887878,pdb_00008f0h_H_L
4222,1,train,0.011602391488850117,pdb_00008jxv_E1_E2
4223,1,train,1.3779617547988892,pdb_00006gv1_H_L
4224,1,train,1.2916089296340942,pdb_00002r56_I_M
4225,1,train,0.03710038214921951,pdb_00007tct_E_F
4226,1,train,1.4296276569366455,pdb_00003bsz_H_L
4227,1,train,0.9358502626419067,pdb_00001fsk_F_E
4228,1,train,0.8850260972976685,pdb_00007kzb_H_L
4229,1,train,0.8099579215049744,pdb_00007rxl_H_L
4230,1,train,1.863170862197876,pdb_00007ey5_B_C
4231,1,train,1.2335747480392456,pdb_00008eed_E_F
4232,1,train,1.0935314893722534,pdb_00007mzj_H_L
4233,1,train,1.5155200958251953,pdb_00005gs0_F_E
4234,1,train,1.0020045042037964,pdb_00008v5v_c_e
4235,1,train,0.24351945519447327,pdb_00008dk5_K1_K2
4236,1,train,0.8594748377799988,pdb_00005jz7_H_L
4237,1,train,0.6732479333877563,pdb_00008bg2_A1_A2
4238,1,train,1.6837472915649414,pdb_00009lbw_H_L
4239,1,train,1.1412012577056885,pdb_00009lp1_A_B
4240,1,train,1.1836358308792114,pdb_00008uf7_B_A
4241,1,train,1.0640957355499268,pdb_00005umi_H_L
4242,1,train,0.5854430198669434,pdb_00001dzb_B1_B2
4243,1,train,1.1631780862808228,pdb_00009riq_H_L
4244,1,train,1.4604421854019165,pdb_00005w08_Q_R
4245,1,train,0.9606251120567322,pdb_00001kb5_H_L
4246,1,train,0.12465918064117432,pdb_00008vfx_M2_M1
4247,1,train,0.9447094798088074,pdb_00009iru_B_A
4248,1,train,0.6966572999954224,pdb_00002eiz_B_A
4249,1,train,0.11431235074996948,pdb_00006e0c_M1_M2
4250,1,train,0.04899120703339577,pdb_00008rql_S1_S2
4251,1,train,0.016947248950600624,pdb_00009kfk_S1_S2
4252,1,train,0.926750898361206,pdb_00007m7b_H_L
4253,1,train,1.6289743185043335,pdb_00008s72_X_Y
4254,1,train,1.1489206552505493,pdb_00004hjj_H2_L2
4255,1,train,1.2029839754104614,pdb_00009yyu_J_N
4256,1,train,1.0652079582214355,pdb_00008tzw_H_L
4257,1,train,0.5810533165931702,pdb_00006w0a_A_B
4258,1,train,0.01772831752896309,pdb_00008j18_S1_S2
4259,1,train,0.021012086421251297,pdb_00009vjf_E1_E2
4260,1,train,0.3468582034111023,pdb_00006vmk_o_n
4261,1,train,0.9140902757644653,pdb_00008gv6_G_H
4262,1,train,0.012840808369219303,pdb_00007ydh_E1_E2
4263,1,train,0.8419603705406189,pdb_00006a3w_A_B
4264,1,train,0.01602448895573616,pdb_00008yh2_S1_S2
4265,1,train,0.022276531904935837,pdb_00009vj6_E1_E2
4266,1,train,0.012974697165191174,pdb_00008z3m_S1_S2
4267,1,train,0.04162687063217163,pdb_00003zdx_E_F
4268,1,train,0.3148322105407715,pdb_00002dqf_B_A
4269,1,train,0.01701757125556469,pdb_00008hn8_S1_S2
4270,1,train,0.6018899083137512,pdb_00008smt_H_L
4271,1,train,0.016842273995280266,pdb_00007ew0_E1_E2
4272,1,train,0.9772977232933044,pdb_00007ttm_H_L
4273,1,train,0.011641056276857853,pdb_00007yac_S1_S2
4274,1,train,0.34023231267929077,pdb_00009zqc_J2_J1
4275,1,train,0.026547156274318695,pdb_00008efl_E1_E2
4276,1,train,1.313887596130371,pdb_00004ffv_D_C
4277,1,train,0.12994453310966492,pdb_00006x3u_J_I
4278,1,train,0.034287188202142715,pdb_00007ejk_H1_H2
4279,1,train,1.1727535724639893,pdb_00008dv6_C_L
4280,1,train,0.06996182352304459,pdb_00008gcp_E1_E2
4281,1,train,0.11389400064945221,pdb_00002h2p_E_F
4282,1,train,1.017402172088623,pdb_00006a4k_K_O
4283,1,train,0.7665737867355347,pdb_00008xsi_H_L
4284,1,train,0.029774991795420647,pdb_00007uje_E_F
4285,1,train,0.014355081133544445,pdb_00008dzp_E1_E2
4286,1,train,0.7616956830024719,pdb_00008y31_B_A
4287,1,train,0.8101294040679932,pdb_00005aaw_D1_D2
4288,1,train,1.4331780672073364,pdb_00009mtg_I_J
4289,1,train,1.107183814048767,pdb_00008dwx_Z_Y
4290,1,train,1.3794540166854858,pdb_00008g5b_J_N
4291,1,train,0.8757886290550232,pdb_00009jeb_A1_A2
4292,1,train,0.022448301315307617,pdb_00008xxv_E1_E2
4293,1,train,0.4333515167236328,pdb_00006k5f_C_D
4294,1,train,0.07768846303224564,pdb_00006xbk_S1_S2
4295,1,train,1.031038522720337,pdb_00009azv_H_L
4296,1,train,1.1486965417861938,pdb_00005t5f_H_L
4297,1,train,0.05598893389105797,pdb_00002htk_C_D
4298,1,train,0.11966781318187714,pdb_00007k63_M2_M1
4299,1,train,0.8909584879875183,pdb_00007mem_I_K
4300,1,train,0.5105810165405273,pdb_00008wo4_B_A
4301,1,train,0.0790814459323883,pdb_00002r9h_C_D
4302,1,train,0.5553265810012817,pdb_00007wbz_H_L
4303,1,train,0.02609204314649105,pdb_00009w49_S1_S2
4304,1,train,0.5207055807113647,pdb_00007yck_C_D
4305,1,train,1.0973104238510132,pdb_00009ptm_I_M
4306,1,train,0.030787022784352303,pdb_00007xjj_S1_S2
4307,1,train,0.040834829211235046,pdb_00009m0r_S1_S2
4308,1,train,0.5416775941848755,pdb_00007cjf_A_B
4309,1,train,0.02092432975769043,pdb_00008k6o_S1_S2
4310,1,train,1.2808563709259033,pdb_00008w5n_H_L
4311,1,train,0.946721613407135,pdb_00009kve_E_G
4312,1,train,0.012016895227134228,pdb_00009cgj_E1_E2
4313,1,train,0.2398691624403,pdb_00003gb7_A_B
4314,1,train,0.03909739851951599,pdb_00007xbd_E1_E2
4315,1,train,0.034949321299791336,pdb_00007ufh_E_F
4316,1,train,1.1020950078964233,pdb_00001bvk_E_D
4317,1,train,1.354103922843933,pdb_00006glx_C_D
4318,1,train,0.6589078307151794,pdb_00002jix_D_G
4319,1,train,0.010438568890094757,pdb_00006pt0_E1_E2
4320,1,train,0.5722545385360718,pdb_00008vgi_H_G
4321,1,train,0.007914237678050995,pdb_00009l42_E1_E2
4322,1,train,0.009183046407997608,pdb_00009j5v_S1_S2
4323,1,train,1.2823647260665894,pdb_00009b2m_J_K
4324,1,train,1.2693250179290771,pdb_00007rco_D_C
4325,1,train,0.015725834295153618,pdb_00009k3l_S1_S2
4326,1,train,0.10526645183563232,pdb_00002fed_C_D
4327,1,train,0.6929171681404114,pdb_00009q71_I_J
4328,1,train,0.008416462689638138,pdb_00007s8l_E1_E2
4329,1,train,0.9626480937004089,pdb_00003wkm_I_M
4330,1,train,0.03124908171594143,pdb_00001otu_E_F
4331,1,train,0.48527488112449646,pdb_00002qr0_H_G
4332,1,train,1.4499826431274414,pdb_00008hq7_H_L
4333,1,train,0.7138267755508423,pdb_00003dvn_B_A
4334,1,train,0.7345010638237,pdb_00004jpk_H_L
4335,1,train,0.015440048649907112,pdb_00008ykx_E1_E2
4336,1,train,0.8253750801086426,pdb_00009ov4_J_K
4337,1,train,0.7446327209472656,pdb_00008wpy_C_D
4338,1,train,0.023672927170991898,pdb_00008xor_E1_E2
4339,1,train,1.290967345237732,pdb_00008k5g_H_L
4340,1,train,1.3324666023254395,pdb_00005kov_E1_E2
4341,1,train,0.9305022358894348,pdb_00008dwx_V_U
4342,1,train,0.37180715799331665,pdb_00001uac_H_L
4343,1,train,0.8088216185569763,pdb_00009lrh_H_L
4344,1,train,0.9079939723014832,pdb_00008ut2_L_K
4345,1,train,0.0070626637898385525,pdb_00009vje_E1_E2
4346,1,train,1.133649230003357,pdb_00008y3l_G_H
4347,1,train,0.8096304535865784,pdb_00003v4p_H_L
4348,1,train,0.5898573994636536,pdb_00009n7q_E_G
4349,1,train,0.08161504566669464,pdb_00008j23_F1_F2
4350,1,train,0.040239524096250534,pdb_00007yk6_S1_S2
4351,1,train,1.1017041206359863,pdb_00005y11_A_B
4352,1,train,1.1164966821670532,pdb_00007lfa_B_D
4353,1,train,0.025760622695088387,pdb_00008y0n_S1_S2
4354,1,train,0.01821245439350605,pdb_00009k3f_S1_S2
4355,1,train,1.5656849145889282,pdb_00006ban_H_G
4356,1,train,1.1990697383880615,pdb_00006xpz_E_F
4357,1,train,1.1955244541168213,pdb_00008da1_B_A
4358,1,train,0.021674878895282745,pdb_00007vgz_F1_F2
4359,1,train,1.3233293294906616,pdb_00005w3e_E_G
4360,1,train,2.3241045475006104,pdb_00006vlw_H_L
4361,1,train,0.0313647985458374,pdb_00008yna_E1_E2
4362,1,train,1.1408714056015015,pdb_00007m7w_H_L
4363,1,train,0.8717023134231567,pdb_00008jqn_h_l
4364,1,train,0.11398791521787643,pdb_00004fg6_C_D
4365,1,train,1.85844087600708,pdb_00009wsv_H_L
4366,1,train,0.6645504832267761,pdb_00008i0n_H_L
4367,1,train,0.5464805960655212,pdb_00007b3o_H_L
4368,1,train,0.23787178099155426,pdb_00009iv6_S1_S2
4369,1,train,0.8394719958305359,pdb_00005aaw_F1_F2
4370,1,train,1.2528910636901855,pdb_00005kov_K1_K2
4371,1,train,0.942478597164154,pdb_00006w41_H_L
4372,1,train,0.01003013551235199,pdb_00008jbh_E1_E2
4373,1,train,0.046740274876356125,pdb_00008xqe_S1_S2
4374,1,train,1.4727681875228882,pdb_00009mtm_H_L
4375,1,train,0.7612606883049011,pdb_00007wh8_B_A
4376,1,train,1.4534777402877808,pdb_00003rhw_F_N
4377,1,train,0.9335724711418152,pdb_00007lq7_C_D
4378,1,train,1.24506676197052,pdb_00007q6c_H_L
4379,1,train,0.7317928075790405,pdb_00009ixa_H_L
4380,1,train,1.0268505811691284,pdb_00005a3i_G_H
4381,1,train,0.7515144348144531,pdb_00007cdj_H_L
4382,1,train,0.7345760464668274,pdb_00009lsi_C1_D2
4383,1,train,0.01885131187736988,pdb_00007vv3_S1_S2
4384,1,train,0.014051822945475578,pdb_00007db6_E1_E2
4385,1,train,0.2204231172800064,pdb_00003f5w_A_B
4386,1,train,1.0889341831207275,pdb_00003ri5_I_O
4387,1,train,0.07169535011053085,pdb_00002ht3_C_D
4388,1,train,0.012892141938209534,pdb_00008feg_F1_F2
4389,1,train,1.5069350004196167,pdb_00009me6_J_N
4390,1,train,1.316810131072998,pdb_00008zyf_H_D
4391,1,train,0.8223353624343872,pdb_00004wv1_E_D
4392,1,train,0.6888670325279236,pdb_00001fbi_Q_P
4393,1,train,0.06506451219320297,pdb_00002vdk_H_L
4394,1,train,1.059949278831482,pdb_00007t3d_P_R
4395,1,train,0.07098251581192017,pdb_00009wxm_D1_D2
4396,1,train,0.16628336906433105,pdb_00006ada_C_D
4397,1,train,0.00985945574939251,pdb_00008xzj_S1_S2
4398,1,train,0.18084456026554108,pdb_00003fb8_A_B
4399,1,train,0.7857389450073242,pdb_00001vfb_B_A
4400,1,train,0.47457870841026306,pdb_00008jel_A_B
4401,1,train,0.9814722537994385,pdb_00007zfc_H_L
4402,1,train,0.016883661970496178,pdb_00008id4_S1_S2
4403,1,train,2.198488235473633,pdb_00008c7h_L_K
4404,1,train,0.6908568739891052,pdb_00008jkh_M_N
4405,1,train,0.02279702015221119,pdb_00007td8_E_F
4406,1,train,0.9149895310401917,pdb_00008y3h_I_J
4407,1,train,1.0508179664611816,pdb_00008u44_S_T
4408,1,train,1.0689798593521118,pdb_00006ek2_I1_I2
4409,1,train,1.102274775505066,pdb_00009o7g_C_D
4410,1,train,1.6921520233154297,pdb_00006cvk_A2_A1
4411,1,train,0.8065000176429749,pdb_00006wzm_C_D
4412,1,train,0.8818839192390442,pdb_00006vja_I_M
4413,1,train,0.04962038993835449,pdb_00008yuu_S1_S2
4414,1,train,1.413905382156372,pdb_00007wed_H_L
4415,1,train,0.9698563814163208,pdb_00008cz8_C2_C1
4416,1,train,0.6354767084121704,pdb_00007klh_I_M
4417,1,train,0.7690178155899048,pdb_00008bg3_A1_A2
4418,1,train,0.014134909957647324,pdb_00007f4f_S1_S2
4419,1,train,1.4278039932250977,pdb_00009mth_I_J
4420,1,train,1.3624423742294312,pdb_00008jin_B2_B1
4421,1,train,1.280457854270935,pdb_00003lh2_J_N
4422,1,train,0.033967047929763794,pdb_00008vve_E1_E2
4423,1,train,0.6125271916389465,pdb_00004tnw_U_h
4424,1,train,0.4910736083984375,pdb_00006b9z_B_A
4425,1,train,1.5906890630722046,pdb_00006q18_H_L
4426,1,train,1.0230605602264404,pdb_00008suo_I_M
4427,1,train,0.01789962127804756,pdb_00007w40_H1_H2
4428,1,train,0.3988564908504486,pdb_00009zq9_J2_J1
4429,1,train,0.015521933324635029,pdb_00007aue_S1_S2
4430,1,train,0.6354272961616516,pdb_00007rks_I_M
4431,1,train,0.35743650794029236,pdb_00008q6j_B_A
4432,1,train,0.8091139793395996,pdb_00007kn3_M_N
4433,1,train,0.5242559909820557,pdb_00006p4a_H_L
4434,1,train,1.7156239748001099,pdb_00003klh_D_C
4435,1,train,1.38470458984375,pdb_00001yy9_D_C
4436,1,train,0.9003641605377197,pdb_00008u44_V_X
4437,1,train,1.3645991086959839,pdb_00005dhy_H_L
4438,1,train,0.014964467845857143,pdb_00007t6u_E1_E2
4439,1,train,0.04489443451166153,pdb_00008t3q_N1_N2
4440,1,train,0.07231155782938004,pdb_00008iec_N1_N2
4441,1,train,2.003153085708618,pdb_00005dfw_H1_H2
4442,1,train,0.017968541011214256,pdb_00009kvi_E1_E2
4443,1,train,0.058054134249687195,pdb_00007ej0_H1_H2
4444,1,train,0.8941621780395508,pdb_00004ma8_H_L
4445,1,train,0.9522307515144348,pdb_00008f6x_F1_F2
4446,1,train,1.0957677364349365,pdb_00006n5d_E_F
4447,1,train,0.28362858295440674,pdb_00006x3v_J_I
4448,1,train,0.009057651273906231,pdb_00008xzh_S1_S2
4449,1,train,1.0311676263809204,pdb_00008w85_A_B
4450,1,train,0.974889874458313,pdb_00007m42_B_A
4451,1,train,0.7292718291282654,pdb_00008ywx_E_D
4452,1,train,0.9638713598251343,pdb_00004np4_I_M
4453,1,train,0.7292181849479675,pdb_00009lho_I_H
4454,1,train,1.1535941362380981,pdb_00007x3c_F_E
4455,1,train,0.08005409687757492,pdb_00008yuv_S1_S2
4456,1,train,0.00663982518017292,pdb_00008xjl_E1_E2
4457,1,train,0.009063472039997578,pdb_00008hoc_S1_S2
4458,1,train,1.2249672412872314,pdb_00007l5j_W_L
4459,1,train,0.631171703338623,pdb_00008xse_M_N
4460,1,train,0.8885312676429749,pdb_00004oii_H_L
4461,1,train,0.0829717293381691,pdb_00002h2p_C_D
4462,1,train,1.1603093147277832,pdb_00008dis_H_L
4463,1,train,1.6057724952697754,pdb_00006wqo_E_F
4464,1,train,0.8679977655410767,pdb_00008too_G_F
4465,1,train,0.029567629098892212,pdb_00007l8p_E_F
4466,1,train,0.7793005704879761,pdb_00004yk4_Z_Y
4467,1,train,0.3552141487598419,pdb_00007k8m_A_B
4468,1,train,0.4659058153629303,pdb_00008cwv_H_L
4469,1,train,0.14107964932918549,pdb_00008ubj_M2_M1
4470,1,train,0.027385655790567398,pdb_00008gus_S1_S2
4471,1,train,0.03438856080174446,pdb_00008k3z_S1_S2
4472,1,train,1.1063425540924072,pdb_00007w71_I_M
4473,1,train,0.0641121193766594,pdb_00007x9y_S1_S2
4474,1,train,0.804815411567688,pdb_00007jum_I1_I2
4475,1,train,0.022502250969409943,pdb_00007y15_S1_S2
4476,1,train,0.3042406737804413,pdb_00006vmk_u_t
4477,1,train,0.8716769218444824,pdb_00009vhz_A_B
4478,1,train,0.19347000122070312,pdb_00003fb5_A_B
4479,1,train,0.8053651452064514,pdb_00007cgw_H_L
4480,1,train,0.5630999803543091,pdb_00004ttd_H_L
4481,1,train,0.8713451623916626,pdb_00006vvu_H_L
4482,1,train,0.7719818353652954,pdb_00008bg5_A1_A2
4483,1,train,0.14863307774066925,pdb_00001r3k_B_A
4484,1,train,1.6452502012252808,pdb_00008tnn_J_I
4485,1,train,1.310752034187317,pdb_00007t82_D_C
4486,1,train,0.14980578422546387,pdb_00006adb_C_D
4487,1,train,0.614418089389801,pdb_00007whz_H_L
4488,1,train,0.5287563800811768,pdb_00004tnw_H_L
4489,1,train,0.7814071774482727,pdb_00002dd8_H_L
4490,1,train,0.015817800536751747,pdb_00008xqo_S1_S2
4491,1,train,0.07673059403896332,pdb_00008ubi_M2_M1
4492,1,train,0.4565376043319702,pdb_00008as0_E_D
4493,1,train,0.9796345233917236,pdb_00009ma0_B_C
4494,1,train,0.8018433451652527,pdb_00002bdn_H_L
4495,1,train,1.7854965925216675,pdb_00001tqc_B_C
4496,1,train,0.8398541808128357,pdb_00008zbb_H_L
4497,1,train,0.5414078235626221,pdb_00008z2e_H_L
4498,1,train,0.6140704154968262,pdb_00008y0y_E3_E2
4499,1,train,1.011593222618103,pdb_00004dkf_I_M
4500,1,train,0.014005365781486034,pdb_00008h0p_E1_E2
4501,1,train,0.5946194529533386,pdb_00006b3s_F_G
4502,1,train,0.7612352967262268,pdb_00004hj0_C_D
4503,1,train,1.0033292770385742,pdb_00009mkn_I_M
4504,1,train,0.8753070831298828,pdb_00007dq7_H_L
4505,1,train,1.4407093524932861,pdb_00006bpc_B_C
4506,1,train,0.044363126158714294,pdb_00006xbm_S1_S2
4507,1,train,0.04706940799951553,pdb_00008u1u_E1_E2
4508,1,train,0.0180338304489851,pdb_00008h0q_E1_E2
4509,1,train,1.0886049270629883,pdb_00008f6o_A_B
4510,1,train,0.07358376681804657,pdb_00003ze2_H_L
4511,1,train,1.1134520769119263,pdb_00007pa7_eee2_eee1
4512,1,train,0.03275245055556297,pdb_00003t3m_E_F
4513,1,train,1.581747055053711,pdb_00003h3b_C2_C1
4514,1,train,0.2818972170352936,pdb_00008ihi_S1_S2
4515,1,train,1.4678120613098145,pdb_00009mtl_H_L
4516,1,train,0.6922391653060913,pdb_00005aaw_B1_B2
4517,1,train,0.39151737093925476,pdb_00006txz_I_M
4518,1,train,1.3002777099609375,pdb_00002r56_H_L
4519,1,train,0.04014154523611069,pdb_00008j6i_H1_H2
4520,1,train,0.6315051913261414,pdb_00007vyt_B_C
4521,1,train,0.7538430094718933,pdb_00006pe9_C_D
4522,1,train,0.6262525320053101,pdb_00009oj4_B_A
4523,1,train,1.1592592000961304,pdb_00007y0w_A_B
4524,1,train,1.063134789466858,pdb_00007woc_A_B
4525,1,train,0.9077202677726746,pdb_00004kxz_J_I
4526,1,train,0.33299222588539124,pdb_00008jxw_E1_E2
4527,1,train,0.9256877899169922,pdb_00008siq_H_L
4528,1,train,1.2140308618545532,pdb_00001orq_B_A
4529,1,train,0.8187830448150635,pdb_00003rhw_G_K
4530,1,train,0.9301785826683044,pdb_00008dnn_B_C
4531,1,train,0.716903805732727,pdb_00007lq7_y_z
4532,1,train,0.948143720626831,pdb_00004n90_H_I
4533,1,train,1.0371557474136353,pdb_00006wtu_E_F
4534,1,train,0.020964421331882477,pdb_00008kfy_S1_S2
4535,1,train,1.1730691194534302,pdb_00009cu7_I_M
4536,1,train,0.027451850473880768,pdb_00009b65_S1_S2
4537,1,train,1.6921943426132202,pdb_00009ma7_B_C
4538,1,train,1.171631932258606,pdb_00007yh6_H_L
4539,1,train,0.8487401604652405,pdb_00007zmk_B_C
4540,1,train,0.7127945423126221,pdb_00007kf0_H_L
4541,1,train,0.1432085931301117,pdb_00004lcu_A_B
4542,1,train,0.8108770251274109,pdb_00006yor_B_C
4543,1,train,1.4915438890457153,pdb_00008tfn_H_L
4544,1,train,1.197458267211914,pdb_00008go8_H_L
4545,1,train,0.5508803129196167,pdb_00009n7q_H_L
4546,1,train,1.0603110790252686,pdb_00006k7o_D_E
4547,1,train,0.6343292593955994,pdb_00009n4f_H_L
4548,1,train,0.831630289554596,pdb_00004oii_I_M
4549,1,train,0.04645518586039543,pdb_00008j6l_H1_H2
4550,1,train,0.034741226583719254,pdb_00008t3o_N1_N2
4551,1,train,1.06383216381073,pdb_00009ctw_D_C
4552,1,train,0.9554643630981445,pdb_00007xda_B_C
4553,1,train,1.0072191953659058,pdb_00008gs9_H_K
4554,1,train,0.8589316010475159,pdb_00009jbq_A_B
4555,1,train,0.0246597733348608,pdb_00007v68_S1_S2
4556,1,train,1.160051941871643,pdb_00004khx_H_L
4557,1,train,1.1914994716644287,pdb_00009mtf_M_N
4558,1,train,1.396236777305603,pdb_00006ban_F_E
4559,1,train,0.04143192619085312,pdb_00008z7j_S1_S2
4560,1,train,0.9285879731178284,pdb_00004np4_H_L
4561,1,train,1.3269768953323364,pdb_00007dm1_F_E
4562,1,train,0.7089895009994507,pdb_00007zmk_P_Q
4563,1,train,0.14377014338970184,pdb_00008zd1_S1_S2
4564,1,train,1.2694551944732666,pdb_00007cqd_H_L
4565,1,train,0.21352334320545197,pdb_00008dd3_K_L
4566,1,train,0.7660233974456787,pdb_00009iw2_H_L
4567,1,train,0.6790998578071594,pdb_00008bg4_C1_C2
4568,1,train,0.7944092154502869,pdb_00007d6i_B_C
4569,1,train,0.5712956190109253,pdb_00007c01_C_D
4570,1,train,0.8402846455574036,pdb_00005jz7_J_K
4571,1,train,0.7514386773109436,pdb_00003nh7_I_M
4572,1,train,0.20673994719982147,pdb_00007cvs_C_D
4573,1,train,0.8082972764968872,pdb_00007bbj_H_L
4574,1,train,0.12558312714099884,pdb_00006x40_J_I
4575,1,train,0.05572323128581047,pdb_00008thk_F1_F2
4576,1,train,0.035610031336545944,pdb_00008xx3_S1_S2
4577,1,train,0.02762988768517971,pdb_00009k6l_S1_S2
4578,1,train,0.5808837413787842,pdb_00006yz7_BBB_CCC
4579,1,train,0.01714777760207653,pdb_00008xxh_S1_S2
4580,1,train,0.9099459648132324,pdb_00008e2u_H_L
4581,1,train,1.0931371450424194,pdb_00009yyu_I_M
4582,1,train,0.3684922158718109,pdb_00006vmk_l_k
4583,1,train,0.8904943466186523,pdb_00009mkn_J_N
4584,1,train,1.166608214378357,pdb_00001tpx_B_C
4585,1,train,1.174643635749817,pdb_00005kov_C1_C2
4586,1,train,0.07860095798969269,pdb_00006dzt_N1_N2
4587,1,train,0.04055595397949219,pdb_00008efo_E1_E2
4588,1,train,1.5963189601898193,pdb_00004xzu_A_B
4589,1,train,1.5258113145828247,pdb_00004ffw_H_L
4590,1,train,0.015836363658308983,pdb_00007vug_S1_S2
4591,1,train,0.7359312176704407,pdb_00009iz9_Q_R
4592,1,train,0.9006662368774414,pdb_00005wk3_W_V
4593,1,train,0.8241423964500427,pdb_00007vyr_A_B
4594,1,train,1.0395146608352661,pdb_00008cxh_h_l
4595,1,train,0.8654955625534058,pdb_00009cpw_H_L
4596,1,train,0.0400267168879509,pdb_00008g59_S1_S2
4597,1,train,0.128904789686203,pdb_00008zfz_D1_D2
4598,1,train,0.155768483877182,pdb_00002ht4_C_D
4599,1,train,0.7274954915046692,pdb_00007bnv_H_L
4600,1,train,0.7610756754875183,pdb_00003g6d_H_L
4601,1,train,1.0615419149398804,pdb_00008gpu_H_L
4602,1,train,0.020190807059407234,pdb_00009kfj_S1_S2
4603,1,train,1.147896409034729,pdb_00009dn2_I_M
4604,1,train,0.8779674172401428,pdb_00003eo1_B_A
4605,1,train,0.469723105430603,pdb_00008j7e_C_D
4606,1,train,0.015993038192391396,pdb_00008hnm_S1_S2
4607,1,train,0.7546791434288025,pdb_00007eam_H_L
4608,1,train,0.8597686886787415,pdb_00001xgt_B_A
4609,1,train,0.6691989302635193,pdb_00008vgp_H_L
4610,1,train,0.3671930432319641,pdb_00001ua6_H_L
4611,1,train,0.06555747240781784,pdb_00008xx6_S1_S2
4612,1,train,0.6901192665100098,pdb_00006lhq_H_L
4613,1,train,0.9103655219078064,pdb_00007fcp_B_D
4614,1,train,0.6825376749038696,pdb_00002h9g_H_L
4615,1,train,0.0160250011831522,pdb_00009ik8_E1_E2
4616,1,train,0.5409855842590332,pdb_00009iz9_S_T
4617,1,train,1.3982435464859009,pdb_00001t03_H_L
4618,1,train,0.04465458169579506,pdb_00009cm7_N1_N2
4619,1,train,1.5676132440567017,pdb_00008zd6_K_L
4620,1,train,1.4267879724502563,pdb_00003qwo_A_B
4621,1,train,0.9793727397918701,pdb_00008u4q_H_L
4622,1,train,0.5562677979469299,pdb_00005aam_B1_B2
4623,1,train,1.166083574295044,pdb_00007scn_E_F
4624,1,train,0.012184830382466316,pdb_00008hs3_S1_S2
4625,1,train,0.39170148968696594,pdb_00002qr0_F_E
4626,1,train,1.0437861680984497,pdb_00006a4k_J_N
4627,1,train,0.2010176181793213,pdb_00006x3v_K_L
4628,1,train,0.7801050543785095,pdb_00006xq2_F_E
4629,1,train,0.9482879042625427,pdb_00008bcz_H_L
4630,1,train,1.0916699171066284,pdb_00006bpa_E_F
4631,1,train,0.016107939183712006,pdb_00009jmc_E1_E2
4632,1,train,0.8891100883483887,pdb_00007mem_G_J
4633,1,train,1.1251674890518188,pdb_00005dhx_L2_L1
4634,1,train,1.0445393323898315,pdb_00007x2i_H_L
4635,1,train,1.375567078590393,pdb_00005w3o_D_E
4636,1,train,1.1156288385391235,pdb_00001fsk_L_K
4637,1,train,0.40680477023124695,pdb_00006txz_J_N
4638,1,train,0.4924446642398834,pdb_00007kfv_C_D
4639,1,train,0.9079251289367676,pdb_00007ucq_J1_J2
4640,1,train,0.875603437423706,pdb_00001ors_B_A
4641,1,train,0.5933307409286499,pdb_00009n4f_M_N
4642,1,train,0.6566585898399353,pdb_00003p0y_H_L
4643,1,train,1.097321629524231,pdb_00007kq7_H_L
4644,1,train,0.08916838467121124,pdb_00009kt8_E1_E2
4645,1,train,1.0127547979354858,pdb_00008yub_A_B
4646,1,train,0.014864224009215832,pdb_00007u2l_E1_E2
4647,1,train,0.8353500962257385,pdb_00007x6o_C_D
4648,1,train,0.8876922130584717,pdb_00007pa7_ddd2_ddd1
4649,1,train,1.448033332824707,pdb_00008hrd_L_M
4650,1,train,0.7971997261047363,pdb_00002vwe_E_C
4651,1,train,1.0891779661178589,pdb_00008jqm_H_L
4652,1,train,0.01707136631011963,pdb_00008jxt_E1_E2
4653,1,train,0.028404833748936653,pdb_00007vig_E1_E2
4654,1,train,0.21984922885894775,pdb_00001ic5_H_L
4655,1,train,0.8764582872390747,pdb_00007fci_H_L
4656,1,train,1.2162703275680542,pdb_00005lsp_H_L
4657,1,train,0.02579682320356369,pdb_00009u4y_S1_S2
4658,1,train,0.042855553328990936,pdb_00008yn9_E1_E2
4659,1,train,0.7975698113441467,pdb_00008sdf_H_L
4660,1,train,1.1673617362976074,pdb_00009rip_H_L
4661,1,train,1.292299747467041,pdb_00006xm2_F_E
4662,1,train,0.8542405962944031,pdb_00008gpy_E1_E2
4663,1,train,0.7692728042602539,pdb_00008wpw_C_D
4664,1,train,1.0693506002426147,pdb_00001qfu_H_L
4665,1,train,1.4835940599441528,pdb_00007ey5_H_L
4666,1,train,0.018979905173182487,pdb_00008wwh_E1_E2
4667,1,train,0.8565699458122253,pdb_00007xda_D_E
4668,1,train,0.26720118522644043,pdb_00006vmk_S_R
4669,1,train,0.035247553139925,pdb_00007eq1_S1_S2
4670,1,train,0.984014630317688,pdb_00008g5a_J_N
4671,1,train,1.1808744668960571,pdb_00006ocb_H_L
4672,1,train,0.015334289520978928,pdb_00007xxh_H1_H2
4673,1,train,1.382290005683899,pdb_00007s11_H_L
4674,1,train,0.8890035152435303,pdb_00007zfb_J_K
4675,1,train,0.02815457433462143,pdb_00007ra3_E1_E2
4676,1,train,0.6287843585014343,pdb_00008bg3_C1_C2
4677,1,train,1.7482612133026123,pdb_00009bhh_T_S
4678,1,train,1.0883718729019165,pdb_00009quw_F_E
4679,1,train,0.026496052742004395,pdb_00008j6r_S1_S2
4680,1,train,0.4984314441680908,pdb_00006xc4_X_Y
4681,1,train,0.896821141242981,pdb_00001mlc_B_A
4682,1,train,0.019949132576584816,pdb_00008yky_S1_S2
4683,1,train,0.017702531069517136,pdb_00009cgk_E1_E2
4684,1,train,0.16166432201862335,pdb_00008ihj_S1_S2
4685,1,train,0.9842496514320374,pdb_00007zoz_H_L
4686,1,train,1.0593252182006836,pdb_00009qt3_N_O
4687,1,train,0.9830915331840515,pdb_00006k7o_F_G
4688,1,train,0.5336303114891052,pdb_00007ul1_H_L
4689,1,train,0.9158764481544495,pdb_00008wpy_H_L
4690,1,train,0.02883167378604412,pdb_00007yon_S1_S2
4691,1,train,0.8796138763427734,pdb_00008w83_M_N
4692,1,train,0.7566922903060913,pdb_00001g7h_B_A
4693,1,train,0.05482814460992813,pdb_00008wpu_E1_E2
4694,1,train,0.8791340589523315,pdb_00009axl_H_L
4695,1,train,0.6892790198326111,pdb_00008vgh_K_L
4696,1,train,1.3907934427261353,pdb_00004u6h_C_D
4697,1,train,1.6206079721450806,pdb_00009ml8_E_F
4698,1,train,0.3959372341632843,pdb_00006xc4_H_L
4699,1,train,0.726089596748352,pdb_00007t3d_C_D
4700,1,train,0.7473618388175964,pdb_00006k7o_B_C
4701,1,train,0.3009193241596222,pdb_00006vmk_E_D
4702,1,train,0.023267170414328575,pdb_00009ik9_E1_E2
4703,1,train,0.01614386774599552,pdb_00009iyb_E1_E2
4704,1,train,0.8399305939674377,pdb_00004n90_D_E
4705,1,train,0.671710193157196,pdb_00001nby_B_A
4706,1,train,0.01445167139172554,pdb_00008hcx_E1_E2
4707,1,train,0.965009868144989,pdb_00009h4s_X_Y
4708,1,train,0.76597660779953,pdb_00007zmk_E_F
4709,1,train,1.3795578479766846,pdb_00008bcz_A_B
4710,1,train,1.562213659286499,pdb_00008cz5_H_L
4711,1,train,0.9999290704727173,pdb_00007ahu_B_A
4712,1,train,1.3546417951583862,pdb_00008dcm_A_B
4713,1,train,0.8317797780036926,pdb_00009og1_B_C
4714,1,train,1.5271174907684326,pdb_00005gs0_D_C
4715,1,train,1.0611114501953125,pdb_00006bpa_B_C
4716,1,train,0.400820791721344,pdb_00007mhr_A_B
4717,1,train,0.32400378584861755,pdb_00008wnp_B_A
4718,1,train,0.11466670036315918,pdb_00006adc_E_F
4719,1,train,1.0333216190338135,pdb_00009n5z_A_B
4720,1,train,1.3896266222000122,pdb_00009leo_C_D
4721,1,train,0.018057571724057198,pdb_00007ew7_E1_E2
4722,1,train,1.178748369216919,pdb_00006wty_H_I
4723,1,train,0.012104470282793045,pdb_00007y67_S1_S2
4724,1,train,0.8970412015914917,pdb_00009wsx_H_L
4725,1,train,1.5429786443710327,pdb_00007rxp_H_L
4726,1,train,1.4254944324493408,pdb_00008hgm_C_D
4727,1,train,0.019537225365638733,pdb_00009jed_S1_S2
4728,1,train,0.14673787355422974,pdb_00009ge2_F1_F2
4729,1,train,0.7098256349563599,pdb_00007wwk_I_H
4730,1,train,0.009955045767128468,pdb_00009pq0_E1_E2
4731,1,train,0.04876288026571274,pdb_00008jjp_S1_S2
4732,1,train,0.27227672934532166,pdb_00008vrn_J_I
4733,1,train,0.011686117388308048,pdb_00007y1f_E1_E2
4734,1,train,0.7880529761314392,pdb_00005jz7_C_D
4735,1,train,0.830719530582428,pdb_00006cyf_D_C
4736,1,train,0.8651910424232483,pdb_00009vfu_E_F
4737,1,train,1.0393257141113281,pdb_00008tx3_E_J
4738,1,train,0.03230898082256317,pdb_00008xxx_S1_S2
4739,1,train,0.015990672633051872,pdb_00007euo_S1_S2
4740,1,train,0.05069204047322273,pdb_00002fee_I_L
4741,1,train,0.15528559684753418,pdb_00001j1x_H_L
4742,1,train,1.2568963766098022,pdb_00009oar_H_L
4743,1,train,0.6518401503562927,pdb_00007y6k_J_E3
4744,1,train,0.19634777307510376,pdb_00001ic4_H_L
4745,1,train,0.6896848678588867,pdb_00007dpm_D_E
4746,1,train,0.016410209238529205,pdb_00007ew1_E1_E2
4747,1,train,0.19731774926185608,pdb_00008dd2_J_I
4748,1,train,0.6597427129745483,pdb_00008hn6_A_B
4749,1,train,2.0274269580841064,pdb_00004xzu_E_F
4750,1,train,0.7982088327407837,pdb_00007ucq_H1_H2
4751,1,train,0.4933796226978302,pdb_00007kfw_H_L
4752,1,train,1.499809980392456,pdb_00004ubd_O_P
4753,1,train,1.27587890625,pdb_00008zre_H_L
4754,1,train,0.7583572268486023,pdb_00009udq_I_C
4755,1,train,0.6852748990058899,pdb_00008tx3_H_L
4756,1,train,0.8556248545646667,pdb_00007vaf_H_L
4757,1,train,0.04633096605539322,pdb_00008hbd_H1_H2
4758,1,train,0.29258328676223755,pdb_00008evh_N1_N2
4759,1,train,0.8729956150054932,pdb_00008zh7_B_C
4760,1,train,1.4419318437576294,pdb_00009ml8_P_Q
4761,1,train,0.5731114745140076,pdb_00007zf9_H_L
4762,1,train,0.0679996907711029,pdb_00007w0p_S1_S2
4763,1,train,0.7914395332336426,pdb_00007wqv_F1_F2
4764,1,train,0.8785708546638489,pdb_00003eoa_B_A
4765,1,train,1.5427528619766235,pdb_00004xhj_H_G
4766,1,train,0.5939163565635681,pdb_00003nh7_K_O
4767,1,train,0.021476581692695618,pdb_00009axf_H1_H2
4768,1,train,1.5077909231185913,pdb_00008tp5_H_L
4769,1,train,1.1142228841781616,pdb_00009ci8_D_C
4770,1,train,0.6777711510658264,pdb_00008xsf_H_L
4771,1,train,0.7981017827987671,pdb_00009jy4_P_O
4772,1,train,0.14869250357151031,pdb_00008vfx_N2_N1
4773,1,train,0.8117406368255615,pdb_00008w84_A_B
4774,1,train,1.1826452016830444,pdb_00007s0x_C_D
4775,1,train,1.7691670656204224,pdb_00006wtv_H_I
4776,1,train,1.422497272491455,pdb_00009p1m_F_E
4777,1,train,0.018503906205296516,pdb_00008xjm_E1_E2
4778,1,train,0.7082197070121765,pdb_00002i9l_H_G
4779,1,train,0.6996639966964722,pdb_00009l6c_H_L
4780,1,train,1.085321068763733,pdb_00009ma7_F_G
4781,1,train,0.0245503019541502,pdb_00008e9w_E1_E2
4782,1,train,0.5847792029380798,pdb_00005x8l_H_M
4783,1,train,0.8529578447341919,pdb_00006dkj_H_L
4784,1,train,0.8249818086624146,pdb_00006vvu_J_K
4785,1,train,0.9250630736351013,pdb_00008u4s_F_E
4786,1,train,0.664993405342102,pdb_00007dfa_H_L
4787,1,train,1.3361846208572388,pdb_00009f90_A_B
4788,1,train,0.6774802207946777,pdb_00007ws2_E_D
4789,1,train,0.33841437101364136,pdb_00009zqb_J2_J1
4790,1,train,1.5569626092910767,pdb_00007ezv_H_L
4791,1,train,1.150771141052246,pdb_00006mlm_F_G
4792,1,train,1.5137789249420166,pdb_00009mtk_I_J
4793,1,train,1.094382882118225,pdb_00009cfe_A_B
4794,1,train,0.03382042050361633,pdb_00007yfd_C1_C2
4795,1,train,0.7927523851394653,pdb_00009ue0_A_B
4796,1,train,1.374898910522461,pdb_00008z39_H_L
4797,1,train,0.8489435315132141,pdb_00008jin_P2_P1
4798,1,train,1.5159980058670044,pdb_00007yd1_A_B
4799,1,train,1.056092381477356,pdb_00002ybr_D_E
4800,1,train,0.08957814425230026,pdb_00003ejy_E_F
4801,1,train,0.018047479912638664,pdb_00006lfm_S1_S2
4802,1,train,0.3121209442615509,pdb_00008dd3_J_I
4803,1,train,1.0046480894088745,pdb_00006woz_H_I
4804,1,train,1.1798603534698486,pdb_00008fdo_A_B
4805,1,train,0.01910499297082424,pdb_00009b54_S1_S2
4806,1,train,0.6711285710334778,pdb_00007xei_E_F
4807,1,train,1.6114543676376343,pdb_00008eed_H_L
4808,1,train,0.05407572165131569,pdb_00009jkv_S1_S2
4809,1,train,0.014435458928346634,pdb_00008jlj_S1_S2
4810,1,train,0.01480232086032629,pdb_00007t2h_E1_E2
4811,1,train,0.6543786525726318,pdb_00007wsi_H_L
4812,1,train,1.348880648612976,pdb_00009e3l_K_L
4813,1,train,1.2377816438674927,pdb_00008r8k_H_L
4814,1,train,0.6130936145782471,pdb_00008hpu_M_N
4815,1,train,0.6496977210044861,pdb_00005x8m_B_C
4816,1,train,1.6359061002731323,pdb_00001g9n_H_L
4817,1,train,0.7665168046951294,pdb_00008cn9_L_K
4818,1,train,0.029548179358243942,pdb_00008tb0_F1_F2
4819,1,train,1.0207321643829346,pdb_00003fku_Y1_Y2
4820,1,train,0.19849640130996704,pdb_00008ubj_N2_N1
4821,1,train,0.6563470363616943,pdb_00007srs_H_L
4822,1,train,0.5149586796760559,pdb_00007klg_I_M
4823,1,train,0.18950621783733368,pdb_00009drx_J_I
4824,1,train,1.2418473958969116,pdb_00009cq8_C_E
4825,1,train,1.2765274047851562,pdb_00004ut6_H_L
4826,1,train,0.8966024518013,pdb_00009b82_H_L
4827,1,train,0.47888973355293274,pdb_00005bo1_H_L
4828,1,train,0.029830919578671455,pdb_00009vmo_S1_S2
4829,1,train,0.105730801820755,pdb_00007ujk_E_F
4830,1,train,1.2698864936828613,pdb_00009cds_B_A
4831,1,train,1.1040852069854736,pdb_00007scn_J_K
4832,1,train,0.21499638259410858,pdb_00006ad7_C_D
4833,1,train,1.067999005317688,pdb_00008cii_A_B
4834,1,train,0.02813000977039337,pdb_00007exd_E1_E2
4835,1,train,1.5904319286346436,pdb_00009rih_H_L
4836,1,train,0.9667853713035583,pdb_00009lf8_H_L
4837,1,train,0.8541737794876099,pdb_00007ubs_K1_K2
4838,1,train,0.1538066565990448,pdb_00002hjf_A_B
4839,1,train,0.5791076421737671,pdb_00008dww_X_W
4840,1,train,0.9092418551445007,pdb_00008sit_M_N
4841,1,train,0.04484277218580246,pdb_00008f7r_E1_E2
4842,1,train,0.4804805517196655,pdb_00008tft_I_M
4843,1,train,0.9184533953666687,pdb_00007m7w_E_F
4844,1,train,0.6616348624229431,pdb_00007xj9_G_F
4845,1,train,0.08443817496299744,pdb_00002vdo_H_L
4846,1,train,0.041779112070798874,pdb_00009yda_H1_H2
4847,1,train,0.029978444799780846,pdb_00009p0l_F1_F2
4848,1,train,0.25439178943634033,pdb_00002dqg_H_L
4849,1,train,0.6551622152328491,pdb_00005yoy_I_F
4850,1,train,1.08773934841156,pdb_00008sis_H_L
4851,1,train,0.8713330626487732,pdb_00009ue8_Q_R
4852,1,train,1.4075562953948975,pdb_00006ivz_H_L
4853,1,train,0.014388700015842915,pdb_00008xqs_S1_S2
4854,1,train,1.370314121246338,pdb_00009mtg_H_L
4855,1,train,0.4702276289463043,pdb_00006zlr_HHH_LLL
4856,1,train,0.08098872005939484,pdb_00006ada_E_F
4857,1,train,1.0586892366409302,pdb_00005h35_F_G
4858,1,train,0.01783543825149536,pdb_00008xwp_D1_D2
4859,1,train,1.1529443264007568,pdb_00005ggs_A_B
4860,1,train,0.967399537563324,pdb_00006ii9_H_L
4861,1,train,0.6916884779930115,pdb_00008w83_E_F
4862,1,train,0.42837387323379517,pdb_00004tsc_H_L
4863,1,train,0.8581275343894958,pdb_00006k7o_H_L
4864,1,train,0.04682035371661186,pdb_00007vdh_S1_S2
4865,1,train,0.7976855635643005,pdb_00005h35_H_I
4866,1,train,0.8370580673217773,pdb_00009f91_E_F
4867,1,train,0.015107532031834126,pdb_00007w57_E1_E2
4868,1,train,1.0144481658935547,pdb_00005vig_H_L
4869,1,train,0.523669958114624,pdb_00009exa_D_C
4870,1,train,1.2491811513900757,pdb_00006suz_H_L
4871,1,train,1.1847925186157227,pdb_00006wn1_B_C
4872,1,train,0.9928267002105713,pdb_00007vgr_D_C
4873,1,train,1.2334926128387451,pdb_00009mtl_M_N
4874,1,train,0.8967198133468628,pdb_00006hjp_I_J
4875,1,train,0.970406174659729,pdb_00008y3i_I_J
4876,1,train,0.8934575319290161,pdb_00007whz_C_E
4877,1,train,0.012757519260048866,pdb_00007x2v_E1_E2
4878,1,train,1.7091091871261597,pdb_00006osh_H_L
4879,1,train,1.222770094871521,pdb_00001eo8_H_L
4880,1,train,1.4893311262130737,pdb_00009qub_D_C
4881,1,train,0.3939903974533081,pdb_00002qr0_X_W
4882,1,train,1.2116349935531616,pdb_00007shy_K_L
4883,1,train,1.7068865299224854,pdb_00009n5i_H_L
4884,1,train,0.8218377828598022,pdb_00006vja_H_L
4885,1,train,0.6053213477134705,pdb_00007s7i_J_N
4886,1,train,0.03915949910879135,pdb_00008tzq_E1_E2
4887,1,train,0.2422586977481842,pdb_00001j1o_H_L
4888,1,train,0.06948819756507874,pdb_00008hvi_H1_H2
4889,1,train,0.03519534319639206,pdb_00008vvf_E1_E2
4890,1,train,1.0584303140640259,pdb_00004am0_C_D
4891,1,train,0.7962871789932251,pdb_00008ulf_K_O
4892,1,train,1.028043270111084,pdb_00003v6z_A_B
4893,1,train,0.821057140827179,pdb_00007chc_A_B
4894,1,train,0.022263118997216225,pdb_00009vi9_S1_S2
4895,1,train,0.41077080368995667,pdb_00006txz_K_O
4896,1,train,0.7384502291679382,pdb_00007qez_E_F
4897,1,train,0.015148441307246685,pdb_00008utd_D1_D2
4898,1,train,0.8310837149620056,pdb_00007cmk_H_L
4899,1,train,0.9434233903884888,pdb_00001xiw_H_G
4900,1,train,0.04510775953531265,pdb_00008zjg_S1_S2
4901,1,train,0.7199887037277222,pdb_00007sk8_D_C
4902,1,train,0.09205158054828644,pdb_00008w8b_E1_E2
4903,1,train,0.10006335377693176,pdb_00009kt9_E1_E2
4904,1,train,0.8246191143989563,pdb_00003fku_T1_T2
4905,1,train,0.01706119067966938,pdb_00007xms_S1_S2
4906,1,train,0.790361762046814,pdb_00003fku_X1_X2
4907,1,train,1.3736751079559326,pdb_00006ba5_F_E
4908,1,train,0.8356163501739502,pdb_00004kht_H_L
4909,1,train,0.15165391564369202,pdb_00008iys_E1_E2
4910,1,train,0.017123203724622726,pdb_00007wig_S1_S2
4911,1,train,0.0437079481780529,pdb_00009m55_S1_S2
4912,1,train,0.021888675168156624,pdb_00008ijd_S1_S2
4913,1,train,0.11941956728696823,pdb_00007e32_E1_E2
4914,1,train,0.7365781664848328,pdb_00008vtd_B_A
4915,1,train,0.045758143067359924,pdb_00008i9l_H1_H2
4916,1,train,0.020709039643406868,pdb_00009jhp_S1_S2
4917,1,train,0.06769809126853943,pdb_00009v1h_E1_E2
4918,1,train,0.857781708240509,pdb_00007x6o_I_K
4919,1,train,0.06575773656368256,pdb_00009kt7_E1_E2
4920,1,train,0.013538289815187454,pdb_00007w53_E1_E2
4921,1,train,0.021346742287278175,pdb_00007ew2_S1_S2
4922,1,train,1.0000814199447632,pdb_00004l5f_H_L
4923,1,train,2.1302828788757324,pdb_00008ezl_H1_H2
4924,1,train,0.7112441062927246,pdb_00006z3p_H_L
4925,1,train,0.1295401155948639,pdb_00007ukp_E_F
4926,1,train,0.07957220077514648,pdb_00007ubr_E_F
4927,1,train,1.2842694520950317,pdb_00007sbd_H_L
4928,1,train,0.9104804992675781,pdb_00006ww5_C_D
4929,1,train,0.8219093680381775,pdb_00007sd5_H_L
4930,1,train,0.5403196215629578,pdb_00009oup_H_L
4931,1,train,0.014919879846274853,pdb_00007vuz_S1_S2
4932,1,train,1.0095421075820923,pdb_00009mtf_I_J
4933,1,train,0.23744186758995056,pdb_00007m2j_A_B
4934,1,train,0.2663557231426239,pdb_00006k5d_E_F
4935,1,train,1.6627931594848633,pdb_00006k65_H_L
4936,1,train,1.1206568479537964,pdb_00009ebc_G_H
4937,1,train,0.02051587961614132,pdb_00008xqt_S1_S2
4938,1,train,0.790291428565979,pdb_00003v4p_M_N
4939,1,train,0.5590075850486755,pdb_00007qnx_H_L
4940,1,train,1.43527352809906,pdb_00007xh8_B_C
4941,1,train,0.5534837245941162,pdb_00008j24_G1_G2
4942,1,train,0.504698634147644,pdb_00009cpu_H_L
4943,1,train,0.8752413392066956,pdb_00006ii9_P_Q
4944,1,train,0.9313463568687439,pdb_00008u44_U_W
4945,1,train,0.6460055112838745,pdb_00007f7h_A_B
4946,1,train,1.0301576852798462,pdb_00007uxl_A_B
4947,1,train,0.6416303515434265,pdb_00004dkf_H_L
4948,1,train,0.4205176532268524,pdb_00009zqb_I2_I1
4949,1,train,0.02875189669430256,pdb_00008j1a_S1_S2
4950,1,train,1.0999857187271118,pdb_00008zpq_A_B
4951,1,train,1.1337541341781616,pdb_00009mtj_I_J
4952,1,train,0.7935947775840759,pdb_00004hg4_N_O
4953,1,train,0.08970129489898682,pdb_00006e0p_N1_N2
4954,1,train,1.294071912765503,pdb_00009mla_I_L
4955,1,train,0.017082972452044487,pdb_00008jd6_D1_D2
4956,1,train,0.09603092074394226,pdb_00008j6d_H1_H2
4957,1,train,0.6844815611839294,pdb_00001z3g_H_L
4958,1,train,0.8032281994819641,pdb_00004hg4_T_U
4959,1,train,1.312589406967163,pdb_00009rim_H_L
4960,1,train,1.1742863655090332,pdb_00009hub_I_M
4961,1,train,0.887546718120575,pdb_00009ue8_M_N
4962,1,train,1.2260456085205078,pdb_00009os5_G_J
4963,1,train,1.010709524154663,pdb_00006n5e_H_I
4964,1,train,0.07978472113609314,pdb_00002ht2_C_D
4965,1,train,1.131065845489502,pdb_00008zdw_U_R
4966,1,train,0.10730728507041931,pdb_00006x3s_J_I
4967,1,train,1.253771185874939,pdb_00008e8l_H_L
4968,1,train,0.7795023322105408,pdb_00004hg4_J_K
4969,1,train,1.57903254032135,pdb_00009e3h_J_K
4970,1,train,0.9411988258361816,pdb_00009js7_I_L
4971,1,train,1.500739336013794,pdb_00006mtq_H_L
4972,1,train,0.017851239070296288,pdb_00009kvh_E1_E2
4973,1,train,0.009505207650363445,pdb_00006xox_E1_E2
4974,1,train,0.8525098562240601,pdb_00003eoa_H_L
4975,1,train,0.820624589920044,pdb_00009bt5_C_D
4976,1,train,0.03643159940838814,pdb_00009d0a_E1_E2
4977,1,train,1.442463755607605,pdb_00008tpa_D_E
4978,1,train,1.221700668334961,pdb_00009mtm_M_N
4979,1,train,1.0217094421386719,pdb_00009ban_E_F
4980,1,train,0.8182700872421265,pdb_00009mkn_H_L
4981,1,train,1.1387182474136353,pdb_00004hg4_Z_z
4982,1,train,0.5191606879234314,pdb_00007x2k_H_L
4983,1,train,0.8005285859107971,pdb_00004lf3_B_A
4984,1,train,0.6288668513298035,pdb_00005nhr_H_L
4985,1,train,1.253490924835205,pdb_00006ywc_A_B
4986,1,train,1.257670521736145,pdb_00002zcl_H_L
4987,1,train,0.8521365523338318,pdb_00007jum_H1_H2
4988,1,train,1.1730998754501343,pdb_00001oak_H_L
4989,1,train,0.160199373960495,pdb_00008z3q_S1_S2
4990,1,train,0.9176909327507019,pdb_00009bdh_H_L
4991,1,train,0.8811516761779785,pdb_00009dru_H_L
4992,1,train,0.6481318473815918,pdb_00005cbe_C_D
4993,1,train,1.0288065671920776,pdb_00008ezk_H1_H2
4994,1,train,0.011974984779953957,pdb_00009pxv_E1_E2
4995,1,train,1.056389331817627,pdb_00006t3j_F_G
4996,1,train,0.6220303773880005,pdb_00004hg4_L_M
4997,1,train,1.453338861465454,pdb_00007lg6_C_D
4998,1,train,0.5301520228385925,pdb_00009cpu_F_G
4999,1,train,0.5751573443412781,pdb_00007ch5_H_L
5000,1,train,1.2973968982696533,pdb_00009e21_H_L
5001,1,train,0.6343669295310974,pdb_00009nz3_D_C
5002,1,train,0.8860281109809875,pdb_00006wzl_C_D
5003,1,train,0.02081439085304737,pdb_00008jlr_S1_S2
5004,1,train,1.1829382181167603,pdb_00009mic_H_L
5005,1,train,1.2191617488861084,pdb_00008w5l_H_L
5006,1,train,0.1403154581785202,pdb_00007u0i_K1_K2
5007,1,train,0.10723552107810974,pdb_00008syp_N1_N2
5008,1,train,1.2546732425689697,pdb_00008dwy_V_U
5009,1,train,1.5103598833084106,pdb_00003lzf_H_L
5010,1,train,1.3388266563415527,pdb_00001osp_H_L
5011,1,train,0.1150565966963768,pdb_00007tmz_E_F
5012,1,train,0.041592128574848175,pdb_00009l79_S1_S2
5013,1,train,0.646699070930481,pdb_00008vgj_J_I
5014,1,train,0.045539967715740204,pdb_00008xjn_E1_E2
5015,1,train,0.492990642786026,pdb_00008wo4_D_C
5016,1,train,0.9254755973815918,pdb_00009t5z_H_L
5017,1,train,0.7427641749382019,pdb_00008hq7_M_N
5018,1,train,0.6999239921569824,pdb_00007dpm_J_K
5019,1,train,0.49509018659591675,pdb_00004tnw_F_N
5020,1,train,0.1303718537092209,pdb_00008x8l_E1_E2
5021,1,train,0.040738966315984726,pdb_00008j6p_S1_S2
5022,1,train,0.9577577710151672,pdb_00007lfa_H_L
5023,1,train,0.3864836096763611,pdb_00009cpv_C_D
5024,1,train,1.1390124559402466,pdb_00007cqd_I_M
5025,1,train,0.8085935115814209,pdb_00008jqn_H_L
5026,1,train,0.9538071155548096,pdb_00006xkr_H_L
5027,1,train,0.03436407819390297,pdb_00008thl_F1_F2
5028,1,train,0.8205606937408447,pdb_00009n8j_F_G
5029,1,train,0.19098339974880219,pdb_00003stz_A_B
5030,1,train,1.1601651906967163,pdb_00006ban_D_C
5031,1,train,0.9716110825538635,pdb_00007l0l_H_L
5032,1,train,0.041085902601480484,pdb_00008iw1_S1_S2
5033,1,train,0.07298649847507477,pdb_00003fb6_A_B
5034,1,train,0.47058364748954773,pdb_00007yxu_H_L
5035,1,train,0.6994666457176208,pdb_00007zmk_S_T
5036,1,train,0.9060918688774109,pdb_00006n5e_E_D
5037,1,train,0.9937622547149658,pdb_00007jx3_C_D
5038,1,train,0.7321788668632507,pdb_00003sob_H_L
5039,1,train,0.6032402515411377,pdb_00008dn7_A_B
5040,1,train,0.04443475604057312,pdb_00009vif_S1_S2
5041,1,train,1.3061301708221436,pdb_00007yvl_A_C
5042,1,train,1.1198490858078003,pdb_00009b2m_H_L
5043,1,train,0.04901616647839546,pdb_00007srr_E1_E2
5044,1,train,1.5313506126403809,pdb_00004fp8_I_M
5045,1,train,0.020009271800518036,pdb_00007f2o_S1_S2
5046,1,train,0.02323268912732601,pdb_00009k07_E1_E2
5047,1,train,0.8007479310035706,pdb_00006vgr_C_D
5048,1,train,0.7621954083442688,pdb_00001tzh_H_L
5049,1,train,0.34568315744400024,pdb_00009nz5_B_C
5050,1,train,0.1622469276189804,pdb_00007k61_M2_M1
5051,1,train,0.6915598511695862,pdb_00007wrv_U_V
5052,1,train,0.8481835722923279,pdb_00009dm0_C_D
5053,1,train,0.021049704402685165,pdb_00007vl8_S1_S2
5054,1,train,0.9806680679321289,pdb_00001rjl_B_A
5055,1,train,0.6488133072853088,pdb_00008hn6_C_D
5056,1,train,0.3770425319671631,pdb_00003hfm_H_L
5057,1,train,0.6570591330528259,pdb_00005aam_A1_A2
5058,1,train,0.03956291079521179,pdb_00008jln_S1_S2
5059,1,train,0.9853711724281311,pdb_00009gwt_H_L
5060,1,train,1.1886606216430664,pdb_00009cq8_G_H
5061,1,train,0.5598282814025879,pdb_00005yoy_G_D
5062,1,train,0.023746585473418236,pdb_00006kpg_S1_S2
5063,1,train,0.022712813690304756,pdb_00008yyx_A1_A2
5064,1,train,0.3381727933883667,pdb_00002qr0_T_S
5065,1,train,1.2361788749694824,pdb_00007shy_I_J
5066,1,train,0.03319718688726425,pdb_00008jei_S1_S2
5067,1,train,0.09972722828388214,pdb_00002r9h_E_F
5068,1,train,0.012109809555113316,pdb_00008irt_E1_E2
5069,1,train,0.9780315160751343,pdb_00004qci_H_L
5070,1,train,1.1844207048416138,pdb_00006ml8_H_L
5071,1,train,0.06398256123065948,pdb_00007u60_E_F
5072,1,train,0.8708385825157166,pdb_00007ley_G_F
5073,1,train,0.02214435674250126,pdb_00009k3h_S1_S2
5074,1,train,1.1482094526290894,pdb_00009l07_H_L
5075,1,train,0.7042822241783142,pdb_00007ubs_H1_H2
5076,1,train,0.9847537279129028,pdb_00009ebc_I_J
5077,1,train,1.6253373622894287,pdb_00008w0y_A_B
5078,1,train,0.04867103695869446,pdb_00008j6q_S1_S2
5079,1,train,0.5449599027633667,pdb_00009our_J_K
5080,1,train,0.8642632961273193,pdb_00009q5v_K_J
5081,1,train,0.016288530081510544,pdb_00009le2_S1_S2
5082,1,train,1.2901750802993774,pdb_00008rmy_E_F
5083,1,train,0.7208195924758911,pdb_00007ley_D_E
5084,1,train,0.295046865940094,pdb_00009nz4_F_E
5085,1,train,0.741564929485321,pdb_00007wqv_N1_N2
5086,1,train,0.09708511829376221,pdb_00008ubk_N2_N1
5087,1,train,0.9838879108428955,pdb_00001p2c_E_D
5088,1,train,0.8953178524971008,pdb_00005ugy_J_N
5089,1,train,0.4874146282672882,pdb_00007pqy_B_C
5090,1,train,0.11618267744779587,pdb_00003f7v_A_B
5091,1,train,0.02642093598842621,pdb_00008xgu_S1_S2
5092,1,train,1.5738613605499268,pdb_00001iqd_B_A
5093,1,train,1.4213619232177734,pdb_00007r8u_HHH_LLL
5094,1,train,0.0310162752866745,pdb_00008k9l_H1_H2
5095,1,train,1.0347859859466553,pdb_00007zfb_C_D
5096,1,train,0.01515062153339386,pdb_00009o36_E1_E2
5097,1,train,1.4938329458236694,pdb_00004g3y_H_L
5098,1,train,0.018231701105833054,pdb_00007rkx_D1_D2
5099,1,train,0.03898297995328903,pdb_00009erx_F1_F2
5100,1,train,1.6093806028366089,pdb_00007jwg_A_B
5101,1,train,0.7911789417266846,pdb_00007dk2_D_E
5102,1,train,0.8579445481300354,pdb_00007mxl_H_L
5103,1,train,0.03398604318499565,pdb_00009izc_S1_S2
5104,1,train,0.15862251818180084,pdb_00001ots_E_F
5105,1,train,0.8540753126144409,pdb_00004hg4_V_W
5106,1,train,0.9587469696998596,pdb_00007yds_B_C
5107,1,train,0.5015605688095093,pdb_00008f2j_D_F
5108,1,train,0.027681972831487656,pdb_00008hcq_E1_E2
5109,1,train,0.8748180270195007,pdb_00007wvd_I_J
5110,1,train,0.6797981858253479,pdb_00009u5p_B_C
5111,1,train,0.29097840189933777,pdb_00006x3z_K_L
5112,1,train,0.2581202983856201,pdb_00009zqa_I2_I1
5113,1,train,0.011619964614510536,pdb_00009jh3_S1_S2
5114,1,train,0.9690698981285095,pdb_00009oao_H_L
5115,1,train,0.09533337503671646,pdb_00007k5y_N2_N1
5116,1,train,0.10303962230682373,pdb_00006e0p_M1_M2
5117,1,train,0.06752404570579529,pdb_00003ze0_E_F
5118,1,train,0.7188551425933838,pdb_00006pe9_E_F
5119,1,train,0.0286411102861166,pdb_00007f9z_E1_E2
5120,1,train,0.009702548384666443,pdb_00008jlq_S1_S2
5121,1,train,0.8580240607261658,pdb_00004gxu_M_N
5122,1,train,0.027621088549494743,pdb_00009kug_H1_H2
5123,1,train,0.0075688292272388935,pdb_00007s8o_E1_E2
5124,1,train,1.1697500944137573,pdb_00006ban_B_A
5125,1,train,0.056749217212200165,pdb_00002atk_A_B
5126,1,train,0.5533410906791687,pdb_00008dww_V_U
5127,1,train,0.07071676105260849,pdb_00005j9p_A_B
5128,1,train,0.8349791169166565,pdb_00003eo1_K_J
5129,1,train,1.5909608602523804,pdb_00003c09_C_B
5130,1,train,0.03935959190130234,pdb_00007cvt_E_F
5131,1,train,0.012793111614882946,pdb_00008kfz_S1_S2
5132,1,train,1.5278863906860352,pdb_00008hrd_C_E
5133,1,train,1.0099704265594482,pdb_00004am0_H_L
5134,1,train,0.018746977671980858,pdb_00008yrg_E1_E2
5135,1,train,1.8274555206298828,pdb_00009xsx_B_C
5136,1,train,1.385329246520996,pdb_00008w5f_H_L
5137,1,train,1.0229328870773315,pdb_00005vqm_D_C
5138,1,train,0.009929933585226536,pdb_00006os9_D1_D2
5139,1,train,0.055018626153469086,pdb_00006ad8_E_F
5140,1,train,1.1336839199066162,pdb_00009dn2_H_L
5141,1,train,1.151965618133545,pdb_00008e8r_H_L
5142,1,train,0.4050380289554596,pdb_00008elq_H_L
5143,1,train,1.0267339944839478,pdb_00008rrn_C_D
5144,1,train,1.4299730062484741,pdb_00008p12_H_L
5145,1,train,0.6918336153030396,pdb_00001mlc_D_C
5146,1,train,0.8833436369895935,pdb_00006xy2_H_L
5147,1,train,1.3196828365325928,pdb_00009oap_H_L
5148,1,train,0.02034694515168667,pdb_00007wy0_C1_C2
5149,1,train,0.9161819219589233,pdb_00008fhy_H_L
5150,1,train,0.807202935218811,pdb_00008hws_D_E
5151,1,train,0.6566906571388245,pdb_00008eqf_H_L
5152,1,train,0.05283496901392937,pdb_00009vo0_E1_E2
5153,1,train,0.8143608570098877,pdb_00008too_D_C
5154,1,train,1.2634460926055908,pdb_00009e3k_H_L
5155,1,train,0.04216006025671959,pdb_00009m1o_S1_S2
5156,1,train,0.04363429546356201,pdb_00008yn8_E1_E2
5157,1,train,0.5373457670211792,pdb_00003b2u_N_O
5158,1,train,0.7203763723373413,pdb_00007ley_H_I
5159,1,train,0.007484263740479946,pdb_00007w2z_S1_S2
5160,1,train,0.6261680722236633,pdb_00008jkh_H_L
5161,1,train,0.67678302526474,pdb_00008jkf_M_N
5162,1,train,0.5698023438453674,pdb_00005aaw_H1_H2
5163,1,train,1.5388394594192505,pdb_00008vte_D_C
5164,1,train,1.0951499938964844,pdb_00007s0x_H_L
5165,1,train,1.498853325843811,pdb_00002hmi_D_C
5166,1,train,0.8484565019607544,pdb_00009cn2_B1_B2
5167,1,train,1.701223611831665,pdb_00008ulj_H_L
5168,1,train,0.015993349254131317,pdb_00007trp_H1_H2
5169,1,train,1.0725351572036743,pdb_00007y3n_H_L
5170,1,train,0.6338812708854675,pdb_00008j26_B_A
5171,1,train,1.2149710655212402,pdb_00009kve_A_B
5172,1,train,0.7457097172737122,pdb_00007dk2_G_H
5173,1,train,0.8834899067878723,pdb_00008u4s_B_A
5174,1,train,1.1565041542053223,pdb_00007t82_H_L
5175,1,train,0.021988796070218086,pdb_00009vmy_E1_E2
5176,1,train,0.9195602536201477,pdb_00008tbb_H_L
5177,1,train,0.0291216429322958,pdb_00008x9t_S1_S2
5178,1,train,0.013769539073109627,pdb_00009ejc_D1_D2
5179,1,train,0.257245808839798,pdb_00006w0i_A_B
5180,1,train,0.018300402909517288,pdb_00009ejz_H1_H2
5181,1,train,1.003790259361267,pdb_00007uvi_A_B
5182,1,train,0.12334968149662018,pdb_00008evi_N1_N2
5183,1,train,0.09269595146179199,pdb_00008evh_M1_M2
5184,1,train,1.3728052377700806,pdb_00007n4j_H_L
5185,1,train,1.8223750591278076,pdb_00008z6t_B_C
5186,1,train,0.608490526676178,pdb_00009k6j_A_B
5187,1,train,0.825481653213501,pdb_00009mqa_H_L
5188,1,train,0.017423495650291443,pdb_00009kft_S1_S2
5189,1,train,0.04885944724082947,pdb_00002h2s_E_F
5190,1,train,0.8959441781044006,pdb_00007uvq_D_E
5191,1,train,0.08647549897432327,pdb_00006k5i_E_F
5192,1,train,1.3689650297164917,pdb_00007y6l_H_L
5193,1,train,1.3894113302230835,pdb_00007bsd_H_L
5194,1,train,0.810235857963562,pdb_00007lq7_T_U
5195,1,train,0.030832873657345772,pdb_00008t3v_N1_N2
5196,1,train,0.16270288825035095,pdb_00007k60_N2_N1
5197,1,train,1.1469695568084717,pdb_00008zdw_L_J
5198,1,train,0.3505246043205261,pdb_00009nz5_F_E
5199,1,train,0.027657030150294304,pdb_00008y71_E1_E2
5200,1,train,1.0879759788513184,pdb_00008dis_A_C
5201,1,train,1.1713954210281372,pdb_00006vc9_H_L
5202,1,train,0.9654896855354309,pdb_00008jqs_h_l
5203,1,train,0.1735183149576187,pdb_00008jxx_E1_E2
5204,1,train,0.08507652580738068,pdb_00008spu_K1_K2
5205,1,train,1.0071964263916016,pdb_00007upb_C_F
5206,1,train,0.6936582326889038,pdb_00007sco_J_K
5207,1,train,0.01150351669639349,pdb_00009lre_E1_E2
5208,1,train,0.026000022888183594,pdb_00008yn4_E1_E2
5209,1,train,1.3099207878112793,pdb_00001tqb_B_C
5210,1,train,1.3026316165924072,pdb_00009rik_H_L
5211,1,train,0.6301628947257996,pdb_00007m71_H_L
5212,1,train,0.5066576600074768,pdb_00008bg4_A1_A2
5213,1,train,0.9835494160652161,pdb_00008e8z_H_L
5214,1,train,1.4133353233337402,pdb_00009mkn_S_T
5215,1,train,1.3057465553283691,pdb_00006d0u_E_F
5216,1,train,0.602328360080719,pdb_00006ii4_E_F
5217,1,train,0.034049201756715775,pdb_00007x5h_E1_E2
5218,1,train,0.3062428832054138,pdb_00009ctu_D_C
5219,1,train,1.4409399032592773,pdb_00009y41_H_L
5220,1,train,0.9042508602142334,pdb_00007vgr_F_E
5221,1,train,0.6915583610534668,pdb_00006wzj_A_B
5222,1,train,0.603861391544342,pdb_00008i0n_I_M
5223,1,train,0.019627666100859642,pdb_00007na8_N1_N2
5224,1,train,1.2563855648040771,pdb_00003bsz_N_M
5225,1,train,0.05536680668592453,pdb_00009vo1_E1_E2
5226,1,train,0.6871939301490784,pdb_00003v4v_H_L
5227,1,train,0.9200206398963928,pdb_00008y3i_G_H
5228,1,train,0.9960985779762268,pdb_00007scn_H_L
5229,1,train,0.6394811272621155,pdb_00001fbi_H_L
5230,1,train,0.9244576096534729,pdb_00006n5d_L_N
5231,1,train,0.7289480566978455,pdb_00008h7z_F_I
5232,1,train,0.02669525146484375,pdb_00008dwg_E1_E2
5233,1,train,0.01684894971549511,pdb_00007yu3_S1_S2
5234,1,train,0.6070674657821655,pdb_00007e3o_H_L
5235,1,train,0.03173768147826195,pdb_00008xxz_S1_S2
5236,1,train,0.9598973393440247,pdb_00008hrd_G_H
5237,1,train,0.8510978817939758,pdb_00008dxt_H_L
5238,1,train,0.5914446711540222,pdb_00007vag_H_L
5239,1,train,0.009903972037136555,pdb_00007sbf_E1_E2
5240,1,train,1.1639522314071655,pdb_00008hpf_H_L
5241,1,train,0.06266278773546219,pdb_00006adb_E_F
5242,1,train,0.7811205983161926,pdb_00007rku_G_I
5243,1,train,0.01163126528263092,pdb_00008jhy_S1_S2
5244,1,train,1.0451544523239136,pdb_00006wtu_B_C
5245,1,train,1.1579397916793823,pdb_00002vir_B_A
5246,1,train,0.9671743512153625,pdb_00008vk1_C_B
5247,1,train,0.023388905450701714,pdb_00002exw_C_D
5248,1,train,0.4867638051509857,pdb_00001ndm_B_A
5249,1,train,0.022033896297216415,pdb_00001ott_E_F
5250,1,train,0.9443445801734924,pdb_00007ebz_E_F
5251,1,train,0.9467898011207581,pdb_00004ag4_H_L
5252,1,train,0.835832417011261,pdb_00009jeb_C1_C2
5253,1,train,0.008827555924654007,pdb_00007rbt_E1_E2
5254,1,train,0.023038765415549278,pdb_00008e9x_E1_E2
5255,1,train,0.608415424823761,pdb_00007wqv_P1_P2
5256,1,train,0.9487782120704651,pdb_00008pwh_D_C
5257,1,train,1.2715448141098022,pdb_00009bdi_C_D
5258,1,train,0.801891028881073,pdb_00007wk0_A_B
5259,1,train,1.3022873401641846,pdb_00007mdj_A_B
5260,1,train,0.02369762398302555,pdb_00002exy_C_D
5261,1,train,0.923334538936615,pdb_00008g5b_H_L
5262,1,train,0.5963718891143799,pdb_00003rhw_H_L
5263,1,train,0.039576079696416855,pdb_00008zh8_S1_S2
5264,1,train,0.6005681157112122,pdb_00007bpk_H_L
5265,1,train,0.6910290122032166,pdb_00008eoo_H_L
5266,1,train,0.35607680678367615,pdb_00009oun_H_L
5267,1,train,1.0572583675384521,pdb_00008eed_I_J
5268,1,train,0.920153796672821,pdb_00004nik_B1_B2
5269,1,train,0.027142172679305077,pdb_00009kpf_S1_S2
5270,1,train,0.16220422089099884,pdb_00004z7q_E_F
5271,1,train,0.89504474401474,pdb_00009hh9_G_F
5272,1,train,1.2208796739578247,pdb_00005kov_I1_I2
5272,1,train_epoch,0.7118454603001345,
5272,1,validation,1.0287680138241162,
5273,2,train,0.8867555856704712,pdb_00007uvs_D_E
5274,2,train,0.3557601273059845,pdb_00002qr0_X_W
5275,2,train,1.107647180557251,pdb_00009mtf_M_N
5276,2,train,0.7021300792694092,pdb_00006vvu_J_K
5277,2,train,0.9022782444953918,pdb_00009l07_H_L
5278,2,train,0.6074561476707458,pdb_00008dn7_A_B
5279,2,train,0.6771606206893921,pdb_00006vgr_H_L
5280,2,train,1.1496552228927612,pdb_00007zwi_B_C
5281,2,train,1.1835861206054688,pdb_00009rik_H_L
5282,2,train,1.0047000646591187,pdb_00006bpa_B_C
5283,2,train,0.48920589685440063,pdb_00007wqv_P1_P2
5284,2,train,1.1409662961959839,pdb_00007x3d_H_L
5285,2,train,0.15252330899238586,pdb_00003f5w_A_B
5286,2,train,1.0908584594726562,pdb_00007kq7_H_L
5287,2,train,0.054951053112745285,pdb_00008j6r_S1_S2
5288,2,train,0.3148496747016907,pdb_00006vmk_H_G
5289,2,train,0.9691276550292969,pdb_00008hpf_H_L
5290,2,train,0.320258229970932,pdb_00009our_H_L
5291,2,train,0.04220951348543167,pdb_00007t90_E1_E2
5292,2,train,0.02548673190176487,pdb_00009k3h_S1_S2
5293,2,train,0.20987077057361603,pdb_00006vmk_P_O
5294,2,train,0.7055827975273132,pdb_00004lf3_E_D
5295,2,train,0.6391671895980835,pdb_00008txu_F_K
5296,2,train,1.0144938230514526,pdb_00009bdi_H_L
5297,2,train,0.6319339275360107,pdb_00004m62_I_M
5298,2,train,0.17190097272396088,pdb_00006x3x_K_L
5299,2,train,0.7383494973182678,pdb_00007ubs_K1_K2
5300,2,train,0.7623119950294495,pdb_00006n5e_E_D
5301,2,train,0.44707968831062317,pdb_00007vad_H_L
5302,2,train,0.579480767250061,pdb_00008jkf_H_L
5303,2,train,0.5653849244117737,pdb_00008bg2_A1_A2
5304,2,train,0.9479939937591553,pdb_00008siq_H_L
5305,2,train,1.478777289390564,pdb_00009vnp_C_A
5306,2,train,0.9369982481002808,pdb_00008rmx_B_C
5307,2,train,1.1128031015396118,pdb_00008dv6_C_L
5308,2,train,0.021811597049236298,pdb_00008xyk_S1_S2
5309,2,train,1.0237616300582886,pdb_00007x2o_H_L
5310,2,train,0.25588178634643555,pdb_00001ua6_H_L
5311,2,train,0.7857188582420349,pdb_00007tbf_D_E
5312,2,train,0.027060994878411293,pdb_00008y0n_S1_S2
5313,2,train,0.776158332824707,pdb_00004n90_H_I
5314,2,train,0.645134687423706,pdb_00008wpw_C_D
5315,2,train,0.7836847305297852,pdb_00003eo1_B_A
5316,2,train,0.8592729568481445,pdb_00009jy3_P_O
5317,2,train,0.04747588932514191,pdb_00007srr_E1_E2
5318,2,train,0.5182778835296631,pdb_00005yoy_Q_N
5319,2,train,0.7980204224586487,pdb_00007lop_W_V
5320,2,train,0.021336430683732033,pdb_00009ite_E1_E2
5321,2,train,0.01866624876856804,pdb_00008k9l_H1_H2
5322,2,train,0.9112312197685242,pdb_00008vk1_C_B
5323,2,train,0.8301994204521179,pdb_00008w83_A_B
5324,2,train,0.5349555015563965,pdb_00009wb4_B_C
5325,2,train,0.71858149766922,pdb_00007ebz_E_F
5326,2,train,0.4732060730457306,pdb_00008vgh_H_G
5327,2,train,2.0706944465637207,pdb_00001jrh_H_L
5328,2,train,0.09945818036794662,pdb_00006x3z_J_I
5329,2,train,0.048450686037540436,pdb_00007u0j_K1_K2
5330,2,train,0.027097156271338463,pdb_00009lrs_E1_E2
5331,2,train,1.505070686340332,pdb_00009ml8_M_N
5332,2,train,0.6029164791107178,pdb_00008hpu_M_N
5333,2,train,0.4955064654350281,pdb_00005aaw_H1_H2
5334,2,train,0.6799633502960205,pdb_00007dpm_D_E
5335,2,train,0.9952465891838074,pdb_00007scn_H_L
5336,2,train,1.5522186756134033,pdb_00009y3x_H_L
5337,2,train,1.172319769859314,pdb_00007n4j_H_L
5338,2,train,0.6257167458534241,pdb_00003nh7_J_N
5339,2,train,1.2637280225753784,pdb_00007lg6_C_D
5340,2,train,0.01675396040081978,pdb_00008hn8_S1_S2
5341,2,train,0.9251558184623718,pdb_00008rmy_B_C
5342,2,train,0.934834897518158,pdb_00007pry_C_D
5343,2,train,0.020759383216500282,pdb_00009vj5_E1_E2
5344,2,train,0.20333358645439148,pdb_00006vmk_i_h
5345,2,train,0.11092943698167801,pdb_00008si9_J_I
5346,2,train,0.009088904596865177,pdb_00008hoc_S1_S2
5347,2,train,0.2385629564523697,pdb_00006w0f_A_B
5348,2,train,0.050496894866228104,pdb_00008xx6_S1_S2
5349,2,train,0.04432728886604309,pdb_00002h2s_E_F
5350,2,train,0.5721156597137451,pdb_00007e3o_H_L
5351,2,train,1.1160832643508911,pdb_00008dwx_H_L
5352,2,train,1.2923245429992676,pdb_00006k65_H_L
5353,2,train,0.012208105996251106,pdb_00008hs3_S1_S2
5354,2,train,0.7488372325897217,pdb_00007x3c_F_E
5355,2,train,0.748146653175354,pdb_00004yk4_Z_Y
5356,2,train,1.395155429840088,pdb_00001n6q_H_L
5357,2,train,0.754682719707489,pdb_00007lop_X_Y
5358,2,train,0.009093793109059334,pdb_00007evz_E1_E2
5359,2,train,1.231937289237976,pdb_00008tfl_H_L
5360,2,train,0.6748729944229126,pdb_00007m6d_A_B
5361,2,train,0.465683251619339,pdb_00006kyz_E_F
5362,2,train,1.004531741142273,pdb_00005ggs_A_B
5363,2,train,0.9803739190101624,pdb_00008tbb_H_L
5364,2,train,0.9508627653121948,pdb_00006ywc_D_E
5365,2,train,0.735861599445343,pdb_00008y31_D_C
5366,2,train,0.5895744562149048,pdb_00007kmg_A_B
5367,2,train,0.03683646023273468,pdb_00008hbd_H1_H2
5368,2,train,0.6414465308189392,pdb_00009jy2_B_A
5369,2,train,0.5351372957229614,pdb_00008ulf_I_M
5370,2,train,0.2165915071964264,pdb_00003stl_A_B
5371,2,train,0.023900168016552925,pdb_00008id4_S1_S2
5372,2,train,0.556617259979248,pdb_00007dq7_H_L
5373,2,train,0.7446578741073608,pdb_00009rio_H_L
5374,2,train,0.02360510267317295,pdb_00008y72_E1_E2
5375,2,train,0.5501500964164734,pdb_00006pi7_F_E
5376,2,train,0.022200889885425568,pdb_00007vuy_S1_S2
5377,2,train,0.713265061378479,pdb_00004jpk_H_L
5378,2,train,0.6821736097335815,pdb_00007y6k_J_E3
5379,2,train,1.9912692308425903,pdb_00004xzu_E_F
5380,2,train,0.4847533106803894,pdb_00008txu_E_J
5381,2,train,0.639209508895874,pdb_00007ejy_H_L
5382,2,train,0.03932056203484535,pdb_00008wpu_E1_E2
5383,2,train,1.1086299419403076,pdb_00009e21_H_L
5384,2,train,0.7872559428215027,pdb_00007zfb_J_K
5385,2,train,0.017877982929348946,pdb_00009v0x_E1_E2
5386,2,train,1.0187286138534546,pdb_00006ba5_F_E
5387,2,train,0.4792153537273407,pdb_00008bcz_E_F
5388,2,train,1.1752194166183472,pdb_00006xpz_B_C
5389,2,train,1.2132084369659424,pdb_00007bsd_H_L
5390,2,train,0.8447372913360596,pdb_00003fku_X1_X2
5391,2,train,1.0138722658157349,pdb_00008dv6_H_D
5392,2,train,0.05298132076859474,pdb_00008j6q_S1_S2
5393,2,train,0.01985267549753189,pdb_00008t3o_N1_N2
5394,2,train,0.04720292612910271,pdb_00008xgs_D1_D2
5395,2,train,0.6130115985870361,pdb_00008wpy_C_D
5396,2,train,1.666839838027954,pdb_00008r4n_H_L
5397,2,train,0.6233198046684265,pdb_00007wwk_G_F
5398,2,train,0.8829342126846313,pdb_00008v5v_b_d
5399,2,train,2.0395588874816895,pdb_00006vlw_H_L
5400,2,train,0.5115142464637756,pdb_00005aaw_D1_D2
5401,2,train,0.9592447280883789,pdb_00008f6x_D1_D2
5402,2,train,0.014660310931503773,pdb_00006pt0_E1_E2
5403,2,train,0.6400659680366516,pdb_00004ttd_C_D
5404,2,train,0.035734739154577255,pdb_00008xx3_S1_S2
5405,2,train,0.8208337426185608,pdb_00009ue8_Q_R
5406,2,train,0.792635977268219,pdb_00007eam_H_L
5407,2,train,0.017757022753357887,pdb_00007y1f_E1_E2
5408,2,train,0.6545551419258118,pdb_00003fku_U1_U2
5409,2,train,0.019381754100322723,pdb_00008hsc_S1_S2
5410,2,train,1.125802755355835,pdb_00005umi_A_B
5411,2,train,1.2101380825042725,pdb_00009mtm_H_L
5412,2,train,1.540095567703247,pdb_00008tnn_H_G
5413,2,train,0.018272941932082176,pdb_00008xxv_E1_E2
5414,2,train,1.1914186477661133,pdb_00008tpa_H_L
5415,2,train,1.289679765701294,pdb_00004f37_F_K
5416,2,train,0.7623231410980225,pdb_00003eo1_E_D
5417,2,train,1.004585862159729,pdb_00007y3n_H_L
5418,2,train,0.020001152530312538,pdb_00009vj6_E1_E2
5419,2,train,0.028161175549030304,pdb_00009jed_S1_S2
5420,2,train,1.0143133401870728,pdb_00007lg6_J_M
5421,2,train,0.9304133057594299,pdb_00007upb_C_F
5422,2,train,1.4244846105575562,pdb_00002x7l_E_F
5423,2,train,0.6020932793617249,pdb_00008i5l_E1_E2
5424,2,train,0.5297709107398987,pdb_00007xei_C_D
5425,2,train,0.07253717631101608,pdb_00003ejz_C_D
5426,2,train,0.7040985822677612,pdb_00009dzf_H_L
5427,2,train,0.961053192615509,pdb_00009me4_I_M
5428,2,train,0.015764158219099045,pdb_00009k6l_S1_S2
5429,2,train,0.4130994975566864,pdb_00006xc4_H_L
5430,2,train,0.5740447044372559,pdb_00006j6y_B_C
5431,2,train,0.931882917881012,pdb_00008u44_U_W
5432,2,train,1.1477879285812378,pdb_00006mlm_E_I
5433,2,train,0.6101619601249695,pdb_00007d85_B_C
5434,2,train,0.04293246567249298,pdb_00007ej8_H1_H2
5435,2,train,1.3917982578277588,pdb_00008zd5_B_C
5436,2,train,0.023684587329626083,pdb_00009jky_S1_S2
5437,2,train,0.9877910017967224,pdb_00008w5r_H_L
5438,2,train,0.9511356353759766,pdb_00008vgm_E_F
5439,2,train,0.9295763969421387,pdb_00005kov_E1_E2
5440,2,train,1.509792447090149,pdb_00008z6t_B_C
5441,2,train,0.2035919576883316,pdb_00006k5i_C_D
5442,2,train,1.0026081800460815,pdb_00004al8_H_L
5443,2,train,0.032692939043045044,pdb_00008f7x_E1_E2
5444,2,train,0.5238454937934875,pdb_00005u5f_B_A
5445,2,train,0.8699933290481567,pdb_00007scn_E_F
5446,2,train,0.018065016716718674,pdb_00008xjl_E1_E2
5447,2,train,0.9143252968788147,pdb_00008yub_A_B
5448,2,train,0.8422644138336182,pdb_00008pwh_D_C
5449,2,train,0.0965900644659996,pdb_00006ad7_E_F
5450,2,train,0.591385543346405,pdb_00008j1q_B_A
5451,2,train,1.1317740678787231,pdb_00009cds_B_A
5452,2,train,0.02595989964902401,pdb_00008wwl_E1_E2
5453,2,train,1.4617160558700562,pdb_00004ffv_H_L
5454,2,train,1.334943175315857,pdb_00008zd5_K_L
5455,2,train,0.9652926325798035,pdb_00006ban_D_C
5456,2,train,0.7413369417190552,pdb_00007tn0_H_G
5457,2,train,0.09263087064027786,pdb_00008zps_E1_E2
5458,2,train,1.0668156147003174,pdb_00006dfj_H_L
5459,2,train,1.10115385055542,pdb_00003o2d_H_L
5460,2,train,0.01259852945804596,pdb_00007yae_S1_S2
5461,2,train,0.42357003688812256,pdb_00007b3o_H_L
5462,2,train,0.0885472521185875,pdb_00008ubk_M2_M1
5463,2,train,1.250117301940918,pdb_00008tnt_G_F
5464,2,train,0.3338499665260315,pdb_00002qr0_F_E
5465,2,train,0.016382498666644096,pdb_00008jlj_S1_S2
5466,2,train,0.011243055574595928,pdb_00008ykw_E1_E2
5467,2,train,0.4697997570037842,pdb_00005aaw_F1_F2
5468,2,train,0.17177444696426392,pdb_00008vqy_J_I
5469,2,train,1.4670461416244507,pdb_00001rzk_H_L
5470,2,train,0.8404836058616638,pdb_00006xkr_H_L
5471,2,train,0.9917239546775818,pdb_00008rrn_H_L
5472,2,train,1.0918066501617432,pdb_00006gff_L_K
5473,2,train,1.5394484996795654,pdb_00006q18_H_L
5474,2,train,0.0741894543170929,pdb_00009vnz_E1_E2
5475,2,train,0.013358084484934807,pdb_00008yyx_A1_A2
5476,2,train,0.8622696399688721,pdb_00007xda_D_E
5477,2,train,0.5843117237091064,pdb_00007vaf_H_L
5478,2,train,0.9089516401290894,pdb_00008hrd_N_Q
5479,2,train,0.5589128136634827,pdb_00008vgl_E_F
5480,2,train,0.02915940433740616,pdb_00008efo_E1_E2
5481,2,train,0.240826815366745,pdb_00009zqb_J2_J1
5482,2,train,1.1691737174987793,pdb_00007t82_D_C
5483,2,train,0.11957176774740219,pdb_00007l8p_E_F
5484,2,train,0.007040174677968025,pdb_00008feg_F1_F2
5485,2,train,0.7614204287528992,pdb_00005w0k_H_L
5486,2,train,0.6267102956771851,pdb_00009l9o_B_C
5487,2,train,1.286161184310913,pdb_00006ml8_H_L
5488,2,train,0.5887250900268555,pdb_00008dn6_E_F
5489,2,train,0.9696098566055298,pdb_00006t3j_A_B
5490,2,train,0.7086016535758972,pdb_00006wzj_A_B
5491,2,train,0.014185750856995583,pdb_00008yh3_S1_S2
5492,2,train,0.34223031997680664,pdb_00007vgs_D_C
5493,2,train,0.5167334675788879,pdb_00007yxu_H_L
5494,2,train,1.036125659942627,pdb_00009mqd_I_M
5495,2,train,0.010658086277544498,pdb_00009kpf_S1_S2
5496,2,train,0.056557733565568924,pdb_00007sr8_E1_E2
5497,2,train,0.8254860639572144,pdb_00009ue8_M_N
5498,2,train,0.03337891027331352,pdb_00007yfd_C1_C2
5499,2,train,0.562898576259613,pdb_00009cpu_H_L
5500,2,train,0.8856341242790222,pdb_00007cmk_H_L
5501,2,train,0.75970059633255,pdb_00007xcp_H_L
5502,2,train,0.9000023007392883,pdb_00005kov_I1_I2
5503,2,train,0.658237099647522,pdb_00007ubs_H1_H2
5504,2,train,1.1399699449539185,pdb_00002r56_I_M
5505,2,train,0.4885641634464264,pdb_00008zyu_D_Q
5506,2,train,1.2351763248443604,pdb_00007si0_C_D
5507,2,train,0.24832965433597565,pdb_00006vmk_Z_Y
5508,2,train,0.10880435258150101,pdb_00008dk5_K1_K2
5509,2,train,1.4546303749084473,pdb_00009leo_A_B
5510,2,train,0.6131558418273926,pdb_00007rk2_C1_C2
5511,2,train,0.9690129160881042,pdb_00007s0x_H_L
5512,2,train,0.4284236431121826,pdb_00008pwh_B_A
5513,2,train,0.7964432239532471,pdb_00003eoa_H_L
5514,2,train,0.22809158265590668,pdb_00002qr0_B_A
5515,2,train,1.0141170024871826,pdb_00006wm9_E_F
5516,2,train,0.3649560213088989,pdb_00007mhr_A_B
5517,2,train,0.02291569486260414,pdb_00007w57_E1_E2
5518,2,train,0.01272834837436676,pdb_00008k6m_S1_S2
5519,2,train,0.511730968952179,pdb_00008jkh_m_n
5520,2,train,0.7304741144180298,pdb_00002vwe_L_J
5521,2,train,0.7352324724197388,pdb_00008znz_I_J
5522,2,train,0.040607426315546036,pdb_00008hqe_H1_H2
5523,2,train,0.012099843472242355,pdb_00008jbf_E1_E2
5524,2,train,0.5613595843315125,pdb_00007klg_I_M
5525,2,train,0.6517698764801025,pdb_00007bpk_H_L
5526,2,train,0.9747681021690369,pdb_00006woz_B_C
5527,2,train,1.0846564769744873,pdb_00006t9d_HHH_LLL
5528,2,train,0.747748076915741,pdb_00007xsc_D_H
5529,2,train,0.03178870677947998,pdb_00007wic_S1_S2
5530,2,train,0.9962801933288574,pdb_00009cfh_H_L
5531,2,train,0.015372535213828087,pdb_00007vdh_S1_S2
5532,2,train,0.37900304794311523,pdb_00005u5m_B_A
5533,2,train,0.03842613101005554,pdb_00008hk3_H1_H2
5534,2,train,0.9380759596824646,pdb_00008dwx_V_U
5535,2,train,0.10160926729440689,pdb_00002hlf_C_D
5536,2,train,1.4283868074417114,pdb_00006oel_H_L
5537,2,train,1.783526062965393,pdb_00009o7i_D_C
5538,2,train,0.6999424695968628,pdb_00009hh9_G_F
5539,2,train,1.3845181465148926,pdb_00004ki5_C_D
5540,2,train,1.2429598569869995,pdb_00005ug0_D_C
5541,2,train,1.3840081691741943,pdb_00004ubd_Y_X
5542,2,train,0.023571571335196495,pdb_00008kfx_S1_S2
5543,2,train,0.030822521075606346,pdb_00008xqn_S1_S2
5544,2,train,0.06675879657268524,pdb_00003ejy_E_F
5545,2,train,0.7528473734855652,pdb_00009ue8_A_B
5546,2,train,0.7439790964126587,pdb_00002fjh_B_A
5547,2,train,1.2486644983291626,pdb_00009qub_D_C
5548,2,train,0.04452857747673988,pdb_00002ht4_C_D
5549,2,train,0.19072940945625305,pdb_00006vmk_B_A
5550,2,train,1.1023110151290894,pdb_00007sbd_H_L
5551,2,train,0.5821282267570496,pdb_00005yoy_H_E
5552,2,train,0.11457809805870056,pdb_00002bob_A_B
5553,2,train,0.018253790214657784,pdb_00008dwg_E1_E2
5554,2,train,0.7338573336601257,pdb_00009jy3_R_Q
5555,2,train,0.41534852981567383,pdb_00003rif_J_M
5556,2,train,0.006682001054286957,pdb_00007ew0_E1_E2
5557,2,train,0.010536101646721363,pdb_00008ic0_E1_E2
5558,2,train,0.024432392790913582,pdb_00008z8b_S1_S2
5559,2,train,1.1560596227645874,pdb_00002x7l_A_B
5560,2,train,1.2912864685058594,pdb_00006aru_C_B
5561,2,train,0.017273908481001854,pdb_00007vkt_E1_E2
5562,2,train,1.1050690412521362,pdb_00007cqd_I_M
5563,2,train,0.9061680436134338,pdb_00009k6y_H_L
5564,2,train,0.6214888691902161,pdb_00003p0y_H_L
5565,2,train,0.5942193865776062,pdb_00007mzj_F_E
5566,2,train,0.735473096370697,pdb_00007bnv_H_L
5567,2,train,0.5211484432220459,pdb_00009j9z_H_L
5568,2,train,0.027238216251134872,pdb_00008tb0_F1_F2
5569,2,train,0.1546725332736969,pdb_00006ada_C_D
5570,2,train,0.5617774128913879,pdb_00009lbs_H_L
5571,2,train,1.1225085258483887,pdb_00009riq_H_L
5572,2,train,0.10973718762397766,pdb_00001k4d_A_B
5573,2,train,0.0461871400475502,pdb_00008sps_N1_N2
5574,2,train,0.023520585149526596,pdb_00008j1a_S1_S2
5575,2,train,0.17162320017814636,pdb_00009zq9_J2_J1
5576,2,train,0.2180570811033249,pdb_00006w0g_A_B
5577,2,train,0.3587408661842346,pdb_00006bae_B_A
5578,2,train,0.5273804664611816,pdb_00003fku_Z1_Z2
5579,2,train,0.6852394938468933,pdb_00003v4v_H_L
5580,2,train,0.010269902646541595,pdb_00009v6o_S1_S2
5581,2,train,0.018975067883729935,pdb_00007vgx_S1_S2
5582,2,train,0.5689387321472168,pdb_00007rks_H_L
5583,2,train,0.020793117582798004,pdb_00007wf7_E1_E2
5584,2,train,0.20867587625980377,pdb_00008vqy_K_L
5585,2,train,0.6969180107116699,pdb_00008xsf_H_L
5586,2,train,0.011378442868590355,pdb_00009clw_N1_N2
5587,2,train,0.5672184228897095,pdb_00007tzh_A1_A2
5588,2,train,0.6662095785140991,pdb_00003rhw_I_O
5589,2,train,1.1124187707901,pdb_00007ycn_H_I
5590,2,train,0.008457859046757221,pdb_00007ts0_H1_H2
5591,2,train,1.0959175825119019,pdb_00006t9e_AAA_BBB
5592,2,train,0.7469028830528259,pdb_00008hrd_Y_Z
5593,2,train,0.04621709883213043,pdb_00008xxx_S1_S2
5594,2,train,0.8313607573509216,pdb_00007f0x_B1_B2
5595,2,train,0.05776695907115936,pdb_00009vo0_E1_E2
5596,2,train,0.06337084621191025,pdb_00001ott_E_F
5597,2,train,0.03451349586248398,pdb_00008uwl_E1_E2
5598,2,train,0.02492951974272728,pdb_00009vjf_E1_E2
5599,2,train,0.7985544800758362,pdb_00009n8j_H_I
5600,2,train,0.6559159755706787,pdb_00009hhr_D_G
5601,2,train,0.9760094285011292,pdb_00006wtv_B_C
5602,2,train,1.121132254600525,pdb_00006ocb_H_L
5603,2,train,0.01852530799806118,pdb_00008guq_S1_S2
5604,2,train,0.06291456520557404,pdb_00008j20_B1_B2
5605,2,train,1.0883687734603882,pdb_00009dn2_I_M
5606,2,train,0.4495882987976074,pdb_00007chc_H_L
5607,2,train,0.8007451295852661,pdb_00008zh7_K_L
5608,2,train,0.931709885597229,pdb_00001yqv_H_L
5609,2,train,0.5439330339431763,pdb_00008bec_C1_C2
5610,2,train,1.410437822341919,pdb_00009rih_H_L
5611,2,train,0.4063645303249359,pdb_00006zlr_HHH_LLL
5612,2,train,0.350204199552536,pdb_00007k8m_A_B
5613,2,train,0.7925968766212463,pdb_00008cn9_G_F
5614,2,train,0.03246545419096947,pdb_00007rkx_D1_D2
5615,2,train,0.02552768401801586,pdb_00007t94_E1_E2
5616,2,train,0.7703381776809692,pdb_00004ag4_H_L
5617,2,train,0.8321844935417175,pdb_00004wv1_B_A
5618,2,train,0.037826187908649445,pdb_00007w55_E1_E2
5619,2,train,0.815946102142334,pdb_00006wno_E_F
5620,2,train,0.016251657158136368,pdb_00007ew1_E1_E2
5621,2,train,0.07743143290281296,pdb_00009x3z_S1_S2
5622,2,train,0.8537602424621582,pdb_00007pa7_nnn2_nnn1
5623,2,train,1.011665940284729,pdb_00009mic_H_L
5624,2,train,0.03617537394165993,pdb_00007xxh_H1_H2
5625,2,train,0.9040967226028442,pdb_00006n5d_C_D
5626,2,train,0.6911624670028687,pdb_00007wqv_L1_L2
5627,2,train,1.1255491971969604,pdb_00009lsj_E1_D2
5628,2,train,1.2312251329421997,pdb_00001osp_H_L
5629,2,train,0.5325655937194824,pdb_00007wbz_H_L
5630,2,train,0.02303118258714676,pdb_00008jpn_S1_S2
5631,2,train,1.0853288173675537,pdb_00002r56_H_L
5632,2,train,1.0658844709396362,pdb_00009yyu_H_L
5633,2,train,0.8601030111312866,pdb_00007mdj_A_B
5634,2,train,0.018380459398031235,pdb_00007vl9_S1_S2
5635,2,train,0.010797154158353806,pdb_00008xqs_S1_S2
5636,2,train,0.008481384254992008,pdb_00007eb2_N1_N2
5637,2,train,0.9409137964248657,pdb_00008y3i_I_J
5638,2,train,1.2862236499786377,pdb_00006wqo_E_F
5639,2,train,0.5743226408958435,pdb_00004zff_A_B
5640,2,train,0.5155166983604431,pdb_00006rp8_H_L
5641,2,train,0.14378339052200317,pdb_00007k61_N2_N1
5642,2,train,0.05372293293476105,pdb_00007tho_E_F
5643,2,train,0.5209211707115173,pdb_00008bec_A1_A2
5644,2,train,0.599474310874939,pdb_00005wk3_W_V
5645,2,train,0.06291747838258743,pdb_00008yna_E1_E2
5646,2,train,0.5208575129508972,pdb_00004tnw_I_O
5647,2,train,0.20283940434455872,pdb_00006x3s_K_L
5648,2,train,0.9351428747177124,pdb_00003rif_F_N
5649,2,train,0.046172432601451874,pdb_00007u0i_N1_N2
5650,2,train,0.014314771629869938,pdb_00008xqp_S1_S2
5651,2,train,0.01438464131206274,pdb_00008jbg_E1_E2
5652,2,train,0.021409424021840096,pdb_00008h2g_E1_E2
5653,2,train,0.46352294087409973,pdb_00008qh0_H_L
5654,2,train,0.894894003868103,pdb_00009ctw_D_C
5655,2,train,0.931556224822998,pdb_00009lsi_D1_C2
5656,2,train,0.7679567337036133,pdb_00001xgq_B_A
5657,2,train,0.6200370192527771,pdb_00005nh3_I_M
5658,2,train,0.10898954421281815,pdb_00003fb5_A_B
5659,2,train,0.018945153802633286,pdb_00009le2_S1_S2
5660,2,train,1.1838277578353882,pdb_00008go8_H_L
5661,2,train,1.256545066833496,pdb_00006d0u_C_D
5662,2,train,0.13019263744354248,pdb_00007xta_E1_E2
5663,2,train,1.464397668838501,pdb_00006s3d_A_B
5664,2,train,0.018146157264709473,pdb_00008y02_S1_S2
5665,2,train,0.5685611367225647,pdb_00006ii8_G_I
5666,2,train,0.03662246838212013,pdb_00009p0l_F1_F2
5667,2,train,0.13739557564258575,pdb_00008syp_N1_N2
5668,2,train,0.7317596673965454,pdb_00009ue8_U_V
5669,2,train,0.7029810547828674,pdb_00006o1f_H_L
5670,2,train,0.931902289390564,pdb_00006hxw_C_D
5671,2,train,1.1555572748184204,pdb_00005b8c_B_A
5672,2,train,1.1373465061187744,pdb_00008e8l_H_L
5673,2,train,1.4274200201034546,pdb_00007wed_H_L
5674,2,train,0.9289764165878296,pdb_00006ejg_C2_C1
5675,2,train,0.018248872831463814,pdb_00008gcm_E1_E2
5676,2,train,0.6537965536117554,pdb_00003eo1_K_J
5677,2,train,1.3259787559509277,pdb_00008ag1_H_L
5678,2,train,1.7264127731323242,pdb_00007uij_H_L
5679,2,train,0.3789348006248474,pdb_00002dqf_B_A
5680,2,train,1.366142749786377,pdb_00005c0n_C_D
5681,2,train,0.0262150876224041,pdb_00009ko4_H1_H2
5682,2,train,0.6086397767066956,pdb_00007xj9_G_F
5683,2,train,1.3702456951141357,pdb_00007ean_H_L
5684,2,train,0.02030574530363083,pdb_00008f7r_E1_E2
5685,2,train,1.5100265741348267,pdb_00009me7_J_N
5686,2,train,0.0141591876745224,pdb_00009iyb_E1_E2
5687,2,train,0.06121562421321869,pdb_00007td8_E_F
5688,2,train,0.6837748885154724,pdb_00008ulf_H_L
5689,2,train,0.162684828042984,pdb_00003a67_H_L
5690,2,train,0.022062890231609344,pdb_00007u2l_E1_E2
5691,2,train,1.2667813301086426,pdb_00001n5y_H_L
5692,2,train,0.7589175701141357,pdb_00007zmk_E_F
5693,2,train,0.877596378326416,pdb_00004gxu_M_N
5694,2,train,0.12233316898345947,pdb_00008iw9_S1_S2
5695,2,train,1.3080047369003296,pdb_00009mtl_H_L
5696,2,train,1.3492505550384521,pdb_00006s3d_C_D
5697,2,train,0.9712456464767456,pdb_00007ycl_A_B
5698,2,train,0.5388619899749756,pdb_00003b2u_Q_R
5699,2,train,0.8647262454032898,pdb_00006uig_H_L
5700,2,train,0.6628929972648621,pdb_00007m3i_H_L
5701,2,train,0.6861236095428467,pdb_00001xiw_D_C
5702,2,train,0.00548083521425724,pdb_00008id6_S1_S2
5703,2,train,0.8751395344734192,pdb_00005d1z_B_A
5704,2,train,0.010063016787171364,pdb_00008jsr_C1_C2
5705,2,train,0.7648328542709351,pdb_00003bn9_F_E
5706,2,train,1.0019322633743286,pdb_00008eed_E_F
5707,2,train,1.026706337928772,pdb_00005vig_H_L
5708,2,train,0.1434369683265686,pdb_00006x3u_K_L
5709,2,train,0.8739566206932068,pdb_00007ycn_E_F
5710,2,train,0.07442616671323776,pdb_00009wxm_D1_D2
5711,2,train,0.5235723257064819,pdb_00001xgp_B_A
5712,2,train,0.5449707508087158,pdb_00007kfx_H_L
5713,2,train,0.48434826731681824,pdb_00008smt_A_B
5714,2,train,1.0708752870559692,pdb_00009od3_H_L
5715,2,train,0.8281185626983643,pdb_00009yyu_J_N
5716,2,train,0.07304451614618301,pdb_00003stz_A_B
5717,2,train,0.42829447984695435,pdb_00004tnw_X_i
5718,2,train,0.8271192312240601,pdb_00007pa7_ooo2_ooo1
5719,2,train,0.06844828277826309,pdb_00009kt9_E1_E2
5720,2,train,1.445681095123291,pdb_00008dcm_A_B
5721,2,train,0.9963192343711853,pdb_00009me6_J_N
5722,2,train,0.707753598690033,pdb_00006z3q_H_L
5723,2,train,1.0343424081802368,pdb_00006p4b_B_A
5724,2,train,0.14468510448932648,pdb_00009j31_D1_D2
5725,2,train,0.02227977104485035,pdb_00008ejc_E1_E2
5726,2,train,0.9176795482635498,pdb_00004hjj_H2_L2
5727,2,train,0.49766626954078674,pdb_00007nx8_H_L
5728,2,train,0.02964131347835064,pdb_00008yyw_B1_B2
5729,2,train,0.7346082925796509,pdb_00003eoa_B_A
5730,2,train,2.029608726501465,pdb_00009osx_B_C
5731,2,train,0.03401680290699005,pdb_00008yh0_S1_S2
5732,2,train,0.0224391371011734,pdb_00008yuv_S1_S2
5733,2,train,0.03157602250576019,pdb_00007rgp_E1_E2
5734,2,train,0.02801918238401413,pdb_00008iz4_E1_E2
5735,2,train,0.014272601343691349,pdb_00007trp_H1_H2
5736,2,train,0.024375664070248604,pdb_00006kpg_S1_S2
5737,2,train,0.9416391253471375,pdb_00008w85_A_B
5738,2,train,0.014608307741582394,pdb_00008vvf_E1_E2
5739,2,train,0.013699555769562721,pdb_00009ego_S1_S2
5740,2,train,0.7627364993095398,pdb_00007xsc_A_B
5741,2,train,0.888303816318512,pdb_00007ua2_H1_H2
5742,2,train,0.48009973764419556,pdb_00007o7f_H_F
5743,2,train,0.6281233429908752,pdb_00008vgi_F_E
5744,2,train,0.0067674280144274235,pdb_00008vy7_D1_D2
5745,2,train,0.09326550364494324,pdb_00008zcj_E1_E2
5746,2,train,1.356200933456421,pdb_00001yy9_D_C
5747,2,train,0.7108548283576965,pdb_00001tzh_B_A
5748,2,train,0.02896200865507126,pdb_00009kvg_E1_E2
5749,2,train,0.05391218140721321,pdb_00008w8r_S1_S2
5750,2,train,0.1471157670021057,pdb_00008sps_K1_K2
5751,2,train,0.04081927612423897,pdb_00007rkm_D1_D2
5752,2,train,0.02739984355866909,pdb_00007sqo_E1_E2
5753,2,train,0.11613482236862183,pdb_00002h2p_E_F
5754,2,train,0.7451860904693604,pdb_00003vrl_H_L
5755,2,train,0.8252865076065063,pdb_00004hg4_L_M
5756,2,train,1.5339157581329346,pdb_00005d1z_D_C
5757,2,train,0.04038430005311966,pdb_00007l1v_H1_H2
5758,2,train,0.6836463212966919,pdb_00007wrv_U_V
5759,2,train,0.6573525667190552,pdb_00008y0y_E3_E2
5760,2,train,0.5788384079933167,pdb_00007m3i_A_B
5761,2,train,0.9576683044433594,pdb_00003fmg_H_L
5762,2,train,0.6721411347389221,pdb_00007whz_B_D
5763,2,train,0.5278192758560181,pdb_00008bg4_C1_C2
5764,2,train,1.0369006395339966,pdb_00008vsj_H_L
5765,2,train,0.08910848945379257,pdb_00009drx_K_L
5766,2,train,1.2105106115341187,pdb_00005lsp_H_L
5767,2,train,0.9064511656761169,pdb_00006k7o_H_L
5768,2,train,0.05874115973711014,pdb_00007w3z_H1_H2
5769,2,train,0.7555887699127197,pdb_00007e9b_H_L
5770,2,train,1.0046147108078003,pdb_00007x2w_H_L
5771,2,train,1.440168857574463,pdb_00006xq0_E_F
5772,2,train,1.0414152145385742,pdb_00007t0w_O_P
5773,2,train,0.022681133821606636,pdb_00009ijd_D1_D2
5774,2,train,2.199234962463379,pdb_00004i3r_H_L
5775,2,train,0.05886689946055412,pdb_00009xhi_D1_D2
5776,2,train,0.45864179730415344,pdb_00005ggv_H_L
5777,2,train,0.5279744863510132,pdb_00003b2v_H_L
5778,2,train,0.979195773601532,pdb_00005vqm_D_C
5779,2,train,1.2665244340896606,pdb_00003lh2_J_N
5780,2,train,0.07896790653467178,pdb_00007w7e_H1_H2
5781,2,train,0.9107268452644348,pdb_00009mqd_J_N
5782,2,train,0.04649358242750168,pdb_00008vvg_E1_E2
5783,2,train,1.6281826496124268,pdb_00007uij_A_B
5784,2,train,0.021511267870664597,pdb_00007scg_E1_E2
5785,2,train,0.489506334066391,pdb_00008vgh_F_E
5786,2,train,0.12919268012046814,pdb_00003fb8_A_B
5787,2,train,0.6509552597999573,pdb_00007srs_H_L
5788,2,train,0.9692286849021912,pdb_00007y3n_C_D
5789,2,train,0.8317543268203735,pdb_00005lsp_S_T
5790,2,train,1.0740163326263428,pdb_00007bsd_A_B
5791,2,train,0.8482410907745361,pdb_00009mkn_H_L
5792,2,train,1.4672561883926392,pdb_00009xsx_B_C
5793,2,train,0.5305171608924866,pdb_00009m0d_D_Q
5794,2,train,1.1734638214111328,pdb_00001tqb_B_C
5795,2,train,0.027744369581341743,pdb_00008t3q_N1_N2
5796,2,train,1.1916362047195435,pdb_00008zd6_K_L
5797,2,train,0.8126850724220276,pdb_00008hn7_D_C
5798,2,train,0.016306594014167786,pdb_00007s8o_E1_E2
5799,2,train,0.034467317163944244,pdb_00002vdn_H_L
5800,2,train,0.8588103652000427,pdb_00007vyr_A_B
5801,2,train,0.13640767335891724,pdb_00009ggg_S1_S2
5802,2,train,0.9829482436180115,pdb_00004xrc_B_A
5803,2,train,0.35825344920158386,pdb_00009oup_H_L
5804,2,train,1.3909610509872437,pdb_00008dwo_U_V
5805,2,train,0.622538149356842,pdb_00003nh7_H_L
5806,2,train,0.008483923971652985,pdb_00007t6b_E1_E2
5807,2,train,0.026631640270352364,pdb_00003ze0_E_F
5808,2,train,0.2882959842681885,pdb_00009nz5_B_C
5809,2,train,0.6654493808746338,pdb_00008wpy_H_L
5810,2,train,0.5793412327766418,pdb_00008jkh_M_N
5811,2,train,1.2273892164230347,pdb_00001j5o_H_L
5812,2,train,0.8297705054283142,pdb_00008dnn_E_F
5813,2,train,0.42011138796806335,pdb_00009cpv_C_D
5814,2,train,0.8977608680725098,pdb_00009atm_H_L
5815,2,train,0.046888988465070724,pdb_00007jhj_D1_D2
5816,2,train,0.014436598867177963,pdb_00002vdr_H_L
5817,2,train,0.7957967519760132,pdb_00007wvd_G_H
5818,2,train,0.041952405124902725,pdb_00008jjp_S1_S2
5819,2,train,0.0363585390150547,pdb_00009j8z_S1_S2
5820,2,train,0.3892102837562561,pdb_00008vgh_J_I
5821,2,train,0.029466908425092697,pdb_00007yfc_C1_C2
5822,2,train,1.0038403272628784,pdb_00005ggs_C_D
5823,2,train,1.0338945388793945,pdb_00008zdw_U_R
5824,2,train,0.011078305542469025,pdb_00006lfm_S1_S2
5825,2,train,0.032957177609205246,pdb_00007p02_H1_H2
5826,2,train,0.8154540061950684,pdb_00009cfg_H_L
5827,2,train,0.09140506386756897,pdb_00007k5x_M2_M1
5828,2,train,1.5329715013504028,pdb_00008kep_H_L
5829,2,train,0.893769383430481,pdb_00009b82_N_M
5830,2,train,1.0598081350326538,pdb_00001fns_H_L
5831,2,train,0.023815592750906944,pdb_00007t2h_E1_E2
5832,2,train,0.16468839347362518,pdb_00006vmk_f_e
5833,2,train,0.03200552985072136,pdb_00009vmo_S1_S2
5834,2,train,0.4872576594352722,pdb_00007klh_H_L
5835,2,train,0.6823873519897461,pdb_00008we4_H_L
5836,2,train,1.2543789148330688,pdb_00007ezv_H_L
5837,2,train,0.020094044506549835,pdb_00008gut_S1_S2
5838,2,train,1.0864853858947754,pdb_00006ek2_H1_H2
5839,2,train,0.5248178243637085,pdb_00006cw3_C_D
5840,2,train,0.7235612869262695,pdb_00004wv1_E_D
5841,2,train,1.0351558923721313,pdb_00001fsk_L_K
5842,2,train,0.7772234678268433,pdb_00007jum_I1_I2
5843,2,train,0.48071911931037903,pdb_00006yor_H_L
5844,2,train,0.018756262958049774,pdb_00008hcx_E1_E2
5845,2,train,0.2842467129230499,pdb_00009ov4_J_K
5846,2,train,0.7695430517196655,pdb_00003u30_F_E
5847,2,train,0.03302456811070442,pdb_00008ijd_S1_S2
5848,2,train,0.9064030051231384,pdb_00006wmw_M_N
5849,2,train,0.020820632576942444,pdb_00008ef6_E1_E2
5850,2,train,0.6882681846618652,pdb_00003h42_H_L
5851,2,train,0.2305600345134735,pdb_00006k5a_C_D
5852,2,train,0.3567563593387604,pdb_00009cpw_C_D
5853,2,train,0.5275575518608093,pdb_00005aam_A1_A2
5854,2,train,0.8529934287071228,pdb_00009bao_G_H
5855,2,train,0.5019904971122742,pdb_00003s36_H_L
5856,2,train,0.011545243673026562,pdb_00008jd6_D1_D2
5857,2,train,0.009297803044319153,pdb_00009vnf_E1_E2
5858,2,train,0.8366227746009827,pdb_00008zdw_L_J
5859,2,train,1.254497766494751,pdb_00006bpc_B_C
5860,2,train,1.0609983205795288,pdb_00004xhj_D_C
5861,2,train,1.2055907249450684,pdb_00009p1m_F_E
5862,2,train,1.4575079679489136,pdb_00007rxp_H_L
5863,2,train,0.4386497139930725,pdb_00007klh_I_M
5864,2,train,1.3873459100723267,pdb_00005ldn_H_L
5865,2,train,1.2812070846557617,pdb_00007r8u_HHH_LLL
5866,2,train,0.7782980799674988,pdb_00007x2i_H_L
5867,2,train,0.436668336391449,pdb_000011oq_H_L
5868,2,train,0.038173358887434006,pdb_00007xmt_S1_S2
5869,2,train,0.9709888696670532,pdb_00008wu1_H_L
5870,2,train,1.0554139614105225,pdb_00008g5b_H_L
5871,2,train,0.022472279146313667,pdb_00008efl_E1_E2
5872,2,train,0.10470307618379593,pdb_00007u0g_N1_N2
5873,2,train,0.993297815322876,pdb_00006plk_I_M
5874,2,train,0.9083335399627686,pdb_00008gs9_H_K
5875,2,train,0.014141152612864971,pdb_00009kfi_S1_S2
5876,2,train,0.21059805154800415,pdb_00006adb_C_D
5877,2,train,0.8603392839431763,pdb_00007ucq_J1_J2
5878,2,train,0.8391101360321045,pdb_00001kb5_H_L
5879,2,train,1.4969861507415771,pdb_00009ma7_B_C
5880,2,train,0.6827132105827332,pdb_00003dvn_H_L
5881,2,train,0.5110182166099548,pdb_00007pqy_B_C
5882,2,train,0.02643452398478985,pdb_00008yky_S1_S2
5883,2,train,0.9502145648002625,pdb_00009f91_A_B
5884,2,train,0.6603838205337524,pdb_00009lsi_C1_D2
5885,2,train,0.863246738910675,pdb_00008xe9_A_B
5886,2,train,0.02503916621208191,pdb_00007ew3_S1_S2
5887,2,train,1.2170708179473877,pdb_00009fys_I_M
5888,2,train,0.015082217752933502,pdb_00007rg9_E1_E2
5889,2,train,0.031644221395254135,pdb_00008iw1_S1_S2
5890,2,train,0.8003215789794922,pdb_00001e6j_H_L
5891,2,train,0.09490180015563965,pdb_00008zd1_S1_S2
5892,2,train,1.5504101514816284,pdb_00008hrd_O_P
5893,2,train,0.779062807559967,pdb_00009iz9_Q_R
5894,2,train,1.0358823537826538,pdb_00008gpu_F_G
5895,2,train,1.1451438665390015,pdb_00009n4e_O_R
5896,2,train,0.8652212023735046,pdb_00007lq7_C_D
5897,2,train,0.8970401287078857,pdb_00009mqa_J_N
5898,2,train,0.13872985541820526,pdb_00006ad8_C_D
5899,2,train,0.4986335039138794,pdb_00007ul1_H_L
5900,2,train,0.8850250840187073,pdb_00006woz_H_I
5901,2,train,0.50944983959198,pdb_00007mzk_C_D
5902,2,train,0.4401607811450958,pdb_00007qnx_H_L
5903,2,train,0.09757264703512192,pdb_00008dd3_J_I
5904,2,train,0.05485920608043671,pdb_00008e9w_E1_E2
5905,2,train,0.7858182787895203,pdb_00007f3q_C_B
5906,2,train,0.24381853640079498,pdb_00002dqe_H_L
5907,2,train,1.3731756210327148,pdb_00007t01_H_L
5908,2,train,0.05194611847400665,pdb_00008y6w_D1_D2
5909,2,train,0.04944882169365883,pdb_00008hpt_H1_H2
5910,2,train,1.19606351852417,pdb_00003lqa_H_L
5911,2,train,0.09985429793596268,pdb_00006x3z_K_L
5912,2,train,0.8306756019592285,pdb_00008znz_G_H
5913,2,train,0.01634538546204567,pdb_00008ykx_E1_E2
5914,2,train,0.027908777818083763,pdb_00007udg_E_F
5915,2,train,0.01735565811395645,pdb_00007wyb_E1_E2
5916,2,train,1.2414357662200928,pdb_00005anm_B_A
5917,2,train,0.9336950778961182,pdb_00005vqm_H_L
5918,2,train,0.8029915690422058,pdb_00007zfb_H_L
5919,2,train,0.7702893614768982,pdb_00008too_D_C
5920,2,train,0.015466030687093735,pdb_00007vv3_S1_S2
5921,2,train,1.017201542854309,pdb_00008f6o_A_B
5922,2,train,0.018012559041380882,pdb_00007xwo_E1_E2
5923,2,train,0.02406495064496994,pdb_00008hcq_E1_E2
5924,2,train,1.1070109605789185,pdb_00009cq8_G_H
5925,2,train,0.5583218932151794,pdb_00006lhq_H_L
5926,2,train,0.5182785391807556,pdb_00007zlg_H_L
5927,2,train,1.0431941747665405,pdb_00008sdh_C_D
5928,2,train,1.2447874546051025,pdb_00008bbo_H_L
5929,2,train,0.447878897190094,pdb_00008vgj_K_L
5930,2,train,0.17554883658885956,pdb_00002h2p_C_D
5931,2,train,1.1099756956100464,pdb_00007tbf_H_L
5932,2,train,0.03868120163679123,pdb_00008evi_M1_M2
5933,2,train,0.18101400136947632,pdb_00008k9k_H1_H2
5934,2,train,0.9769275784492493,pdb_00009shd_H_L
5935,2,train,0.7340368628501892,pdb_00009iw2_H_L
5936,2,train,1.2293858528137207,pdb_00009f90_A_B
5937,2,train,0.015802688896656036,pdb_00009oxa_D1_D2
5938,2,train,1.578239917755127,pdb_00006cvk_A2_A1
5939,2,train,0.6402401328086853,pdb_00008hq7_M_N
5940,2,train,0.9562838077545166,pdb_00007wph_E_D
5941,2,train,0.0604197159409523,pdb_00005j9p_A_B
5942,2,train,0.6661750078201294,pdb_00008zh7_B_C
5943,2,train,1.0292233228683472,pdb_00009h4r_H_L
5944,2,train,0.012662784196436405,pdb_00009m2f_S1_S2
5945,2,train,0.028617825359106064,pdb_00008h8j_H1_H2
5946,2,train,0.6547150611877441,pdb_00005kvf_H_L
5947,2,train,0.7447570562362671,pdb_00007yrf_F_E
5948,2,train,1.0466985702514648,pdb_00004d9r_H_L
5949,2,train,0.9663123488426208,pdb_00007t0w_H_L
5950,2,train,0.7827040553092957,pdb_00008gpy_E1_E2
5951,2,train,0.9297099113464355,pdb_00008w86_A_B
5952,2,train,0.555793046951294,pdb_00008zbb_H_L
5953,2,train,1.0300402641296387,pdb_00009os5_G_J
5954,2,train,0.9548561573028564,pdb_00006t9d_AAA_BBB
5955,2,train,0.21887916326522827,pdb_00001ic7_H_L
5956,2,train,0.024470794945955276,pdb_00007vih_E1_E2
5957,2,train,1.8705406188964844,pdb_00005dfw_H1_H2
5958,2,train,0.008086515590548515,pdb_00009j5v_S1_S2
5959,2,train,0.9019381403923035,pdb_00007x6o_C_D
5960,2,train,0.582918643951416,pdb_00009u5p_P_Q
5961,2,train,0.6616021394729614,pdb_00006z3p_H_L
5962,2,train,0.033331792801618576,pdb_00008ija_S1_S2
5963,2,train,0.020578470081090927,pdb_00007s8l_E1_E2
5964,2,train,0.5672526359558105,pdb_00007rks_I_M
5965,2,train,0.05117844045162201,pdb_00007w6p_H1_H2
5966,2,train,0.05137211084365845,pdb_00008evh_N1_N2
5967,2,train,1.0734295845031738,pdb_00009dn2_J_N
5968,2,train,0.07040423899888992,pdb_00008j21_B1_B2
5969,2,train,0.6602767109870911,pdb_00007kf0_H_L
5970,2,train,0.7566827535629272,pdb_00009jeb_A1_A2
5971,2,train,0.6528741717338562,pdb_00008vgl_H_L
5972,2,train,1.11875319480896,pdb_00009oco_H_L
5973,2,train,0.9887359738349915,pdb_00009npg_G_H
5974,2,train,0.7864915728569031,pdb_00008tx3_E_J
5975,2,train,0.012953316792845726,pdb_00007rbt_E1_E2
5976,2,train,0.538817822933197,pdb_00006ii8_H_L
5977,2,train,0.4678199291229248,pdb_00007f6y_H_L
5978,2,train,1.110143780708313,pdb_00009e3k_H_L
5979,2,train,0.8019967675209045,pdb_00001bql_H_L
5980,2,train,0.08433055877685547,pdb_00009drx_J_I
5981,2,train,0.4671728312969208,pdb_00004tsb_H_L
5982,2,train,0.03165888786315918,pdb_00009vif_S1_S2
5983,2,train,0.9611449837684631,pdb_00009oao_H_L
5984,2,train,1.1234654188156128,pdb_00004lvh_H_I
5985,2,train,0.036631323397159576,pdb_00008ubj_M2_M1
5986,2,train,0.5531147718429565,pdb_00002wuc_H_L
5987,2,train,0.5572558641433716,pdb_00006b3s_H_L
5988,2,train,0.8031836152076721,pdb_00006ww5_C_D
5989,2,train,0.025862812995910645,pdb_00003zdz_E_F
5990,2,train,0.5440455079078674,pdb_00007x66_H_L
5991,2,train,0.5667515397071838,pdb_00005yoy_I_F
5992,2,train,0.7864578366279602,pdb_00001kir_B_A
5993,2,train,1.2602988481521606,pdb_00008kdr_H_L
5994,2,train,1.049673318862915,pdb_00008d9y_F_E
5995,2,train,0.8148350715637207,pdb_00007z0y_H_L
5996,2,train,0.056518979370594025,pdb_00002exy_E_F
5997,2,train,0.770584762096405,pdb_00008sxp_H_L
5998,2,train,0.0429268479347229,pdb_00007vdm_S1_S2
5999,2,train,0.4515519142150879,pdb_00005bo1_I_M
6000,2,train,0.0191960446536541,pdb_00008i9l_H1_H2
6001,2,train,0.7025067806243896,pdb_00006dkj_H_L
6002,2,train,0.01636550761759281,pdb_00007s8p_E1_E2
6003,2,train,0.023311277851462364,pdb_00008evi_N1_N2
6004,2,train,0.05172353610396385,pdb_00008j6l_H1_H2
6005,2,train,1.4559729099273682,pdb_00004kuc_H_D
6006,2,train,0.8994197249412537,pdb_00001oak_H_L
6007,2,train,1.3396159410476685,pdb_00008gsd_H_L
6008,2,train,1.2341387271881104,pdb_00007bsc_H_L
6009,2,train,0.03283672779798508,pdb_00007uk9_E_F
6010,2,train,0.013815656304359436,pdb_00009lrd_E1_E2
6011,2,train,1.055455207824707,pdb_00002vis_B_A
6012,2,train,0.5037122964859009,pdb_00007jmo_H_L
6013,2,train,0.7355411052703857,pdb_00009dzg_H_L
6014,2,train,0.7852864861488342,pdb_00006xq2_F_E
6015,2,train,1.3047674894332886,pdb_00009mtk_H_L
6016,2,train,0.9973087310791016,pdb_00007uvs_A_B
6017,2,train,0.013928547501564026,pdb_00008x9t_S1_S2
6018,2,train,0.02885565347969532,pdb_00008y73_E1_E2
6019,2,train,0.6571896076202393,pdb_00008ywx_E_D
6020,2,train,0.8634565472602844,pdb_00007pa7_ddd2_ddd1
6021,2,train,0.00894201174378395,pdb_00008k2x_S1_S2
6022,2,train,1.3239946365356445,pdb_00008tzw_H_L
6023,2,train,0.011945055797696114,pdb_00008hnm_S1_S2
6024,2,train,0.8946585655212402,pdb_00006wtu_E_F
6025,2,train,0.06603902578353882,pdb_00002exw_E_F
6026,2,train,0.10792283713817596,pdb_00008x8l_E1_E2
6027,2,train,0.6591179966926575,pdb_00009clp_H_L
6028,2,train,0.011033572256565094,pdb_00009le1_S1_S2
6029,2,train,0.5538463592529297,pdb_00001vfb_B_A
6030,2,train,0.008539178408682346,pdb_00009uk2_E1_E2
6031,2,train,1.4179693460464478,pdb_00007ey5_B_C
6032,2,train,1.0042259693145752,pdb_00006mlm_K_L
6033,2,train,1.9005564451217651,pdb_00008cdd_E_D
6034,2,train,0.7225630879402161,pdb_00007zmk_P_Q
6035,2,train,0.028513023629784584,pdb_00009vi9_S1_S2
6036,2,train,0.9594688415527344,pdb_00009eti_H_L
6037,2,train,0.05341582000255585,pdb_00008yn4_E1_E2
6038,2,train,0.8171164393424988,pdb_00009q7b_L_M
6039,2,train,1.0185123682022095,pdb_00004lmq_E_I
6040,2,train,0.049727149307727814,pdb_00006k5i_E_F
6041,2,train,0.009655841626226902,pdb_00009cm3_N1_N2
6042,2,train,0.9267084002494812,pdb_00003v6z_C_D
6043,2,train,0.783789873123169,pdb_00008sdh_H_L
6044,2,train,0.8152126669883728,pdb_00009ma0_B_C
6045,2,train,0.010963507927954197,pdb_00009uam_E1_E2
6046,2,train,1.0712213516235352,pdb_00007u9e_H1_H2
6047,2,train,0.01079954020678997,pdb_00008xwp_D1_D2
6048,2,train,0.2713487446308136,pdb_00009oum_H_L
6049,2,train,0.7964350581169128,pdb_00009ban_E_F
6050,2,train,0.3864056468009949,pdb_00005bo1_H_L
6051,2,train,0.7613925933837891,pdb_00009cff_H_L
6052,2,train,0.4116571247577667,pdb_00007kmh_A_B
6053,2,train,0.36141690611839294,pdb_00007vgs_F_E
6054,2,train,0.45364248752593994,pdb_00008dww_Z_Y
6055,2,train,0.017931200563907623,pdb_00007t8x_E1_E2
6056,2,train,0.02976791188120842,pdb_00006xbk_S1_S2
6057,2,train,0.4299044609069824,pdb_00008dww_V_U
6058,2,train,0.7283292412757874,pdb_00008jqn_h_l
6059,2,train,0.4028376042842865,pdb_00006txz_H_L
6060,2,train,0.2536742687225342,pdb_00006w0a_A_B
6061,2,train,0.028531914576888084,pdb_00007dfl_C1_C2
6062,2,train,0.016770116984844208,pdb_00007eo4_E1_E2
6063,2,train,0.04901878163218498,pdb_00008u9s_M2_M1
6064,2,train,0.6337664723396301,pdb_00003ri5_G_K
6065,2,train,0.4848099648952484,pdb_00008i0n_H_L
6066,2,train,0.04977172240614891,pdb_00002fed_E_F
6067,2,train,1.2359755039215088,pdb_00007m7w_H_L
6068,2,train,0.7534456253051758,pdb_00009wsv_H_L
6069,2,train,0.6515217423439026,pdb_00002jix_F_A
6070,2,train,0.33897149562835693,pdb_00003b2u_N_O
6071,2,train,0.5829335451126099,pdb_00005nhr_A_B
6072,2,train,0.9961586594581604,pdb_00009npg_D_E
6073,2,train,1.287703037261963,pdb_00007ezv_M_N
6074,2,train,0.055712390691041946,pdb_00007xau_E1_E2
6075,2,train,1.1718789339065552,pdb_00001ztx_H_L
6076,2,train,0.9029430150985718,pdb_00005x8l_G_L
6077,2,train,0.02074187435209751,pdb_00007yoo_S1_S2
6078,2,train,0.7152857184410095,pdb_00007sco_E_F
6079,2,train,0.9305583834648132,pdb_00008ut2_J_I
6080,2,train,0.8117888569831848,pdb_00004n90_D_E
6081,2,train,0.011489016003906727,pdb_00008xqo_S1_S2
6082,2,train,0.009381710551679134,pdb_00008jlk_S1_S2
6083,2,train,0.697364091873169,pdb_00009ue8_E_F
6084,2,train,0.20803993940353394,pdb_00002dqg_H_L
6085,2,train,0.65215003490448,pdb_00009jy1_R_Q
6086,2,train,0.05601587891578674,pdb_00006adb_E_F
6087,2,train,1.4225280284881592,pdb_00008tp5_E_F
6088,2,train,0.02129788137972355,pdb_00008xzj_S1_S2
6089,2,train,0.7296351194381714,pdb_00007lq7_F_G
6090,2,train,1.563952922821045,pdb_00008ulj_H_L
6091,2,train,0.04808693379163742,pdb_00002vc2_H_L
6092,2,train,0.34815117716789246,pdb_00008elp_H_L
6093,2,train,0.5195437669754028,pdb_00008f2j_H_L
6094,2,train,1.047966718673706,pdb_00007lg6_K_N
6095,2,train,0.881212592124939,pdb_00007vgr_D_C
6096,2,train,1.143688678741455,pdb_00009mla_H_K
6097,2,train,0.8832588195800781,pdb_00007dm2_H_L
6098,2,train,0.8718933463096619,pdb_00009me7_I_M
6099,2,train,0.05811148136854172,pdb_00008dd2_J_I
6100,2,train,0.8253595232963562,pdb_00001fsk_I_H
6101,2,train,0.013018622994422913,pdb_00009vmn_S1_S2
6102,2,train,1.084125280380249,pdb_00009mtf_H_L
6103,2,train,0.9494141936302185,pdb_00007m42_D_C
6104,2,train,0.850493311882019,pdb_00006wtu_B_C
6105,2,train,0.0315677747130394,pdb_00008iyw_H1_H2
6106,2,train,0.015840915963053703,pdb_00006n4b_S1_S2
6107,2,train,0.6347718238830566,pdb_00001mlc_D_C
6108,2,train,0.3622875511646271,pdb_00006p4a_H_L
6109,2,train,0.03221861273050308,pdb_00008tzq_E1_E2
6110,2,train,0.017634976655244827,pdb_00009ppy_E1_E2
6111,2,train,0.6599168181419373,pdb_00001fbi_H_L
6112,2,train,0.02569926343858242,pdb_00006x3t_J_I
6113,2,train,0.014105872251093388,pdb_00007wu9_S1_S2
6114,2,train,0.7152016162872314,pdb_00002h9g_H_L
6115,2,train,0.8413003087043762,pdb_00009c6y_A_B
6116,2,train,0.8527287840843201,pdb_00005jz7_H_L
6117,2,train,0.013568231835961342,pdb_00006dde_E1_E2
6118,2,train,0.038965556770563126,pdb_00002ht3_C_D
6119,2,train,0.033139050006866455,pdb_00009j0i_S1_S2
6120,2,train,1.0705851316452026,pdb_00006ba5_H_G
6121,2,train,0.029679203405976295,pdb_00002exy_C_D
6122,2,train,0.028615841642022133,pdb_00007tpd_E_F
6123,2,train,0.7331166863441467,pdb_00007ley_D_E
6124,2,train,0.4963781237602234,pdb_00005aam_B1_B2
6125,2,train,0.522036075592041,pdb_00007zfe_J_K
6126,2,train,0.014381283894181252,pdb_00008dwc_E1_E2
6127,2,train,1.3135464191436768,pdb_00008tea_H_G
6128,2,train,0.7141559720039368,pdb_00009cq4_H_L
6129,2,train,0.9133790731430054,pdb_00009mtj_M_N
6130,2,train,0.7550045251846313,pdb_00007cgw_H_L
6131,2,train,0.5355871915817261,pdb_00007lop_B_C
6132,2,train,0.8954213261604309,pdb_00008u44_V_X
6133,2,train,0.7979390025138855,pdb_00008jin_P2_P1
6134,2,train,0.6482228636741638,pdb_00007d85_E_F
6135,2,train,0.01912933960556984,pdb_00009erx_F1_F2
6136,2,train,0.6475841999053955,pdb_00001dee_F_E
6137,2,train,0.586656928062439,pdb_00005xhv_H_L
6138,2,train,0.8304448127746582,pdb_00007uzc_E_F
6139,2,train,0.5472432374954224,pdb_00007kfw_F_G
6140,2,train,0.593776524066925,pdb_00007lop_H_L
6141,2,train,0.9115976095199585,pdb_00004v1d_A_B
6142,2,train,0.033357396721839905,pdb_00008xxh_S1_S2
6143,2,train,1.076299786567688,pdb_00005wko_K_L
6144,2,train,0.013182926923036575,pdb_00009uan_E1_E2
6145,2,train,1.1370378732681274,pdb_00007y6l_H_L
6146,2,train,0.7164592742919922,pdb_00001fdl_H_L
6147,2,train,0.9052614569664001,pdb_00009gwt_H_L
6148,2,train,0.42712050676345825,pdb_00007wnb_H_L
6149,2,train,1.3440606594085693,pdb_00008ywe_C2_C1
6150,2,train,0.5961468815803528,pdb_00009ib3_H_L
6151,2,train,0.04265784099698067,pdb_00008x8n_E1_E2
6152,2,train,1.1025347709655762,pdb_00002x7l_H_L
6153,2,train,0.03033893182873726,pdb_00007x5h_E1_E2
6154,2,train,1.5037789344787598,pdb_00007ey5_H_L
6155,2,train,0.7949236035346985,pdb_00008gy5_H_L
6156,2,train,0.4885435700416565,pdb_00007pry_A_B
6157,2,train,0.5926905870437622,pdb_00008ywe_B2_B1
6158,2,train,0.018444698303937912,pdb_00007eo2_E1_E2
6159,2,train,0.637147843837738,pdb_00008hpf_M_N
6160,2,train,0.0408959798514843,pdb_00007cvs_E_F
6161,2,train,0.9698287844657898,pdb_00009yyu_I_M
6162,2,train,0.11935295164585114,pdb_00002itd_A_B
6163,2,train,0.021450478583574295,pdb_00008i7v_E1_E2
6164,2,train,0.007835044525563717,pdb_00008y62_E1_E2
6165,2,train,0.527930736541748,pdb_00001nbz_B_A
6166,2,train,0.026242200285196304,pdb_00008wwj_E1_E2
6167,2,train,0.010148821398615837,pdb_00009b65_S1_S2
6168,2,train,0.9908079504966736,pdb_00007qnx_A_B
6169,2,train,1.121181845664978,pdb_00009lae_H_L
6170,2,train,0.9331467151641846,pdb_00009mq9_J_N
6171,2,train,0.9104263782501221,pdb_00007pa7_eee2_eee1
6172,2,train,0.957769513130188,pdb_00001tpx_B_C
6173,2,train,1.3179911375045776,pdb_00008tpa_D_E
6174,2,train,0.4999620318412781,pdb_00006w41_H_L
6175,2,train,0.04627595469355583,pdb_00008f7q_E1_E2
6176,2,train,1.525458574295044,pdb_00003lzf_H_L
6177,2,train,0.11529067158699036,pdb_00007cvt_C_D
6178,2,train,0.6607672572135925,pdb_00002eks_B_A
6179,2,train,0.5584686994552612,pdb_00009n7q_E_G
6180,2,train,0.8395055532455444,pdb_00009kve_E_G
6181,2,train,0.05700432509183884,pdb_00007k60_M2_M1
6182,2,train,1.2391409873962402,pdb_00007rr0_B_C
6183,2,train,1.1636475324630737,pdb_00003bsz_N_M
6184,2,train,1.2345281839370728,pdb_00004ubd_G_H
6185,2,train,0.022987551987171173,pdb_00002r9h_E_F
6186,2,train,0.872976541519165,pdb_00009bdh_H_L
6187,2,train,0.7408468127250671,pdb_00007jum_J1_J2
6188,2,train,1.364183783531189,pdb_00001g9n_H_L
6189,2,train,0.6524573564529419,pdb_00007sk4_D_C
6190,2,train,1.342153787612915,pdb_00009wai_E_F
6191,2,train,1.0517799854278564,pdb_00006a4k_J_N
6192,2,train,0.17315059900283813,pdb_00001j1o_H_L
6193,2,train,1.4784075021743774,pdb_00004hg4_P_Q
6194,2,train,0.08878546953201294,pdb_00003hpl_A_B
6195,2,train,0.021045269444584846,pdb_00007vie_E1_E2
6196,2,train,1.1083639860153198,pdb_00006jod_H_L
6197,2,train,0.02197391912341118,pdb_00007evy_E1_E2
6198,2,train,0.9735258221626282,pdb_00008g5a_I_M
6199,2,train,1.1752874851226807,pdb_00009vca_H_L
6200,2,train,0.03288424387574196,pdb_00008f7w_E1_E2
6201,2,train,1.5362846851348877,pdb_00008vte_D_C
6202,2,train,0.0337630920112133,pdb_00009jh3_S1_S2
6203,2,train,1.9622290134429932,pdb_00008c7h_L_K
6204,2,train,0.012882987968623638,pdb_00009lr2_S1_S2
6205,2,train,0.445465087890625,pdb_00007zfe_F_G
6206,2,train,1.1754369735717773,pdb_00009oar_B_D
6207,2,train,0.5621340274810791,pdb_00009n7q_D_F
6208,2,train,0.8102956414222717,pdb_00008e2u_H_L
6209,2,train,0.028121832758188248,pdb_00008vrn_J_I
6210,2,train,1.007765293121338,pdb_00008vk1_F_E
6211,2,train,0.4853881299495697,pdb_00009n7q_H_L
6212,2,train,0.9259654879570007,pdb_00002ybr_D_E
6213,2,train,1.4409648180007935,pdb_00006mtq_H_L
6214,2,train,0.8811905384063721,pdb_00005h35_F_G
6215,2,train,0.8251011967658997,pdb_00006a4k_K_O
6216,2,train,0.8775414824485779,pdb_00008suo_H_L
6217,2,train,1.321097493171692,pdb_00009y41_H_L
6218,2,train,0.7725566029548645,pdb_00004qci_B_A
6219,2,train,0.9636314511299133,pdb_00006ii9_H_L
6220,2,train,0.44021424651145935,pdb_00001ndm_B_A
6221,2,train,0.04151264205574989,pdb_00009yda_H1_H2
6222,2,train,0.8881197571754456,pdb_00009vhz_A_B
6223,2,train,0.9029195308685303,pdb_00007l0l_H_L
6224,2,train,0.11569628864526749,pdb_00007k78_K1_K2
6225,2,train,0.731484055519104,pdb_00006iap_H_L
6226,2,train,1.330445408821106,pdb_00007m3l_B_C
6227,2,train,0.04138714447617531,pdb_00007eq1_S1_S2
6228,2,train,1.2096203565597534,pdb_00002zcl_H_L
6229,2,train,0.7307854294776917,pdb_00008vgp_H_L
6230,2,train,0.03533949702978134,pdb_00007k5y_M2_M1
6231,2,train,0.011921553872525692,pdb_00008iu2_S1_S2
6232,2,train,0.8183150887489319,pdb_00007wk0_D_E
6233,2,train,1.3015129566192627,pdb_00008eeu_H_L
6234,2,train,0.24758869409561157,pdb_00006vmk_S_R
6235,2,train,0.7646567821502686,pdb_00009cpp_H_L
6236,2,train,1.2916419506072998,pdb_00006d0u_H_I
6237,2,train,0.806933581829071,pdb_00007ucq_K1_K2
6238,2,train,0.5082379579544067,pdb_00004tnw_J_M
6239,2,train,0.7964353561401367,pdb_00006ogx_H_L
6240,2,train,0.0403936542570591,pdb_00008yn8_E1_E2
6241,2,train,0.9000329375267029,pdb_00007zfc_H_L
6242,2,train,1.0005903244018555,pdb_00007wro_H_L
6243,2,train,0.016121938824653625,pdb_00007x10_E1_E2
6244,2,train,1.0390815734863281,pdb_00008w86_E_F
6245,2,train,0.5441115498542786,pdb_00007f7h_A_B
6246,2,train,0.055613867938518524,pdb_00007ujk_E_F
6247,2,train,1.0253770351409912,pdb_00006t3j_F_G
6248,2,train,0.9069676399230957,pdb_00009js7_J_M
6249,2,train,0.7698418498039246,pdb_00001xgr_B_A
6250,2,train,1.2148633003234863,pdb_00006gv1_H_L
6251,2,train,0.9213312864303589,pdb_00007s0x_C_D
6252,2,train,0.06154521927237511,pdb_00007k63_N2_N1
6253,2,train,1.0274215936660767,pdb_00008zd5_H_I
6254,2,train,0.45876505970954895,pdb_00007xcz_D_E
6255,2,train,0.03955703601241112,pdb_00008vfx_M2_M1
6256,2,train,0.7389602065086365,pdb_00003eo1_H_G
6257,2,train,1.4002958536148071,pdb_00003c09_C_B
6258,2,train,0.6255320310592651,pdb_00009n4f_O_P
6259,2,train,1.2427196502685547,pdb_00006xpz_E_F
6260,2,train,1.0833795070648193,pdb_00008f6l_A_B
6261,2,train,0.7753881216049194,pdb_00008gv6_G_H
6262,2,train,0.7748667001724243,pdb_00007rku_J_K
6263,2,train,0.29256898164749146,pdb_00008ihf_S1_S2
6264,2,train,0.04365945979952812,pdb_00002h2s_C_D
6265,2,train,0.15850071609020233,pdb_00001j1p_H_L
6266,2,train,0.017182188108563423,pdb_00008xzf_S1_S2
6267,2,train,0.011986020021140575,pdb_00009kfj_S1_S2
6268,2,train,0.6452844142913818,pdb_00008jqn_H_L
6269,2,train,0.050686512142419815,pdb_00002ht2_E_F
6270,2,train,0.607428789138794,pdb_00009l6c_H_L
6271,2,train,0.6068650484085083,pdb_00009lrf_H_L
6272,2,train,1.3667923212051392,pdb_00006ba5_B_A
6273,2,train,0.9037614464759827,pdb_00006uig_B_C
6274,2,train,0.038272928446531296,pdb_00007ew7_E1_E2
6275,2,train,0.4715809226036072,pdb_00007nx7_H_L
6276,2,train,0.8154701590538025,pdb_00007x6o_J_L
6277,2,train,0.038512032479047775,pdb_00002vdq_H_L
6278,2,train,0.021243419498205185,pdb_00007vuz_S1_S2
6279,2,train,0.019967323169112206,pdb_00009ik9_E1_E2
6280,2,train,0.01587747037410736,pdb_00009ldx_S1_S2
6281,2,train,1.0259935855865479,pdb_00007tp3_H_L
6282,2,train,0.4283475875854492,pdb_00006b9z_B_A
6283,2,train,0.18086129426956177,pdb_00001c08_B_A
6284,2,train,0.011040517129004002,pdb_00008zqe_S1_S2
6285,2,train,0.43793636560440063,pdb_00004zff_H_L
6286,2,train,0.8181929588317871,pdb_00004gxu_U_V
6287,2,train,0.06522426754236221,pdb_00008xjn_E1_E2
6288,2,train,0.7837411761283875,pdb_00008dnn_B_C
6289,2,train,0.04822651669383049,pdb_00007ej0_H1_H2
6290,2,train,0.5684671401977539,pdb_00009jy4_P_O
6291,2,train,0.009535277262330055,pdb_00009cgj_E1_E2
6292,2,train,0.9672303795814514,pdb_00002x7l_C_D
6293,2,train,0.029469328001141548,pdb_00003t3m_H_L
6294,2,train,0.8287414312362671,pdb_00008q6j_D_C
6295,2,train,0.5840454697608948,pdb_00004dkf_H_L
6296,2,train,0.23767897486686707,pdb_00009our_J_K
6297,2,train,0.02509082853794098,pdb_00008wwn_E1_E2
6298,2,train,0.48971590399742126,pdb_00007ch5_H_L
6299,2,train,0.7379153966903687,pdb_00004yk4_C_B
6300,2,train,1.316601276397705,pdb_00005w3e_E_G
6301,2,train,0.8296343684196472,pdb_00007rk1_C1_C2
6302,2,train,0.5117802619934082,pdb_00007zf9_A_B
6303,2,train,1.2587507963180542,pdb_00009mth_M_N
6304,2,train,0.44561782479286194,pdb_00007x1m_H_L
6305,2,train,0.02002066560089588,pdb_00008k3z_S1_S2
6306,2,train,0.06597893685102463,pdb_00002itc_A_B
6307,2,train,0.6373254060745239,pdb_00007bpk_C_D
6308,2,train,0.9482212662696838,pdb_00007t3d_O_Q
6309,2,train,0.8777952194213867,pdb_00006vc9_H_L
6310,2,train,1.0255612134933472,pdb_00004ffv_D_C
6311,2,train,0.47165030241012573,pdb_00008jel_C_D
6312,2,train,0.8414211869239807,pdb_00006k7o_F_G
6313,2,train,0.7319368124008179,pdb_00002i9l_B_A
6314,2,train,0.8706570267677307,pdb_00008bg1_G_H
6315,2,train,1.0380102396011353,pdb_00008d9y_H_G
6316,2,train,1.424771785736084,pdb_00008tfn_H_L
6317,2,train,0.28772473335266113,pdb_00004hjg_B_A
6318,2,train,0.016883304342627525,pdb_00009plo_S1_S2
6319,2,train,0.3743385672569275,pdb_00008i5h_E_F
6320,2,train,0.08578169345855713,pdb_00007m2j_A_B
6321,2,train,0.9154658913612366,pdb_00008zd5_E_F
6322,2,train,0.9879896640777588,pdb_00001nsn_H_L
6323,2,train,0.6581873297691345,pdb_00009iz9_O_P
6324,2,train,0.049583446234464645,pdb_00006k5d_E_F
6325,2,train,0.8767080903053284,pdb_00008ee8_D_C
6326,2,train,0.33100202679634094,pdb_00001xgu_B_A
6327,2,train,0.7176294922828674,pdb_00005jz7_C_D
6328,2,train,1.089681625366211,pdb_00007l7e_E_F
6329,2,train,0.021173005923628807,pdb_00004z7n_E_F
6330,2,train,1.2649435997009277,pdb_00009e3l_K_L
6331,2,train,1.2364965677261353,pdb_00008erq_H_L
6332,2,train,0.5992451906204224,pdb_00009cq4_C_D
6333,2,train,0.8148812055587769,pdb_00009hub_I_M
6334,2,train,0.02903030440211296,pdb_00007y67_S1_S2
6335,2,train,0.11033868789672852,pdb_00008zbe_E1_E2
6336,2,train,0.2207205593585968,pdb_00009zq9_I2_I1
6337,2,train,0.436084508895874,pdb_00007s0b_A_B
6338,2,train,0.8230144381523132,pdb_00007fcp_B_D
6339,2,train,0.04592864215373993,pdb_00009ns9_N1_N2
6340,2,train,1.3407360315322876,pdb_00008hgm_C_D
6341,2,train,1.0116626024246216,pdb_00007ec5_E_F
6342,2,train,1.2729523181915283,pdb_00005hbt_D_C
6343,2,train,1.153928279876709,pdb_00009j4c_H_L
6344,2,train,1.0831202268600464,pdb_00004ffw_H_L
6345,2,train,1.0978927612304688,pdb_00008hpu_H_L
6346,2,train,0.8111397624015808,pdb_00008eed_I_J
6347,2,train,0.9555563926696777,pdb_00004am0_C_D
6348,2,train,0.2320685088634491,pdb_00009zqc_I2_I1
6349,2,train,0.039572108536958694,pdb_00007trk_H1_H2
6350,2,train,1.180780053138733,pdb_00003klh_D_C
6351,2,train,0.9452333450317383,pdb_00005ugy_J_N
6352,2,train,0.07135871797800064,pdb_00006e0p_N1_N2
6353,2,train,0.415275514125824,pdb_00003rhw_J_M
6354,2,train,0.02505328133702278,pdb_00007y66_S1_S2
6355,2,train,0.878410816192627,pdb_00009npg_A_B
6356,2,train,0.7421138286590576,pdb_00007dk2_A_B
6357,2,train,0.02640211582183838,pdb_00008eit_E1_E2
6358,2,train,0.012773634865880013,pdb_00008vve_E1_E2
6359,2,train,0.7815905809402466,pdb_00007rxl_C_D
6360,2,train,1.6667343378067017,pdb_00003mj9_H_L
6361,2,train,0.4298681616783142,pdb_00005aaw_B1_B2
6362,2,train,1.1724281311035156,pdb_00004xhj_H_G
6363,2,train,0.1656046211719513,pdb_00009ge3_F1_F2
6364,2,train,0.8873736262321472,pdb_00008dwx_X_W
6365,2,train,0.3559013903141022,pdb_00006txz_K_O
6366,2,train,0.7221145033836365,pdb_00003v4p_M_N
6367,2,train,0.943364143371582,pdb_00008ol9_B_A
6368,2,train,0.17093642055988312,pdb_00008jt6_E1_E2
6369,2,train,1.1686488389968872,pdb_00003mxw_H_L
6370,2,train,0.6109218597412109,pdb_00009lae_A_B
6371,2,train,0.828713059425354,pdb_00007bbj_M_N
6372,2,train,0.7937256693840027,pdb_00008sdf_H_L
6373,2,train,0.4505093991756439,pdb_00008bcz_C_D
6374,2,train,0.018422678112983704,pdb_00009izf_S1_S2
6375,2,train,0.9523337483406067,pdb_00007rxj_H_L
6376,2,train,0.7014451622962952,pdb_00004gxu_Q_R
6377,2,train,0.40722861886024475,pdb_00008jen_A_B
6378,2,train,0.011546065099537373,pdb_00008utd_D1_D2
6379,2,train,1.2013055086135864,pdb_00008rmy_E_F
6380,2,train,0.013783403672277927,pdb_000021ag_S1_S2
6381,2,train,0.9933615326881409,pdb_00007shy_I_J
6382,2,train,0.8519127368927002,pdb_00006ogx_C_D
6383,2,train,0.010212181136012077,pdb_00007yj4_S1_S2
6384,2,train,0.6850427389144897,pdb_00008w2e_D_C
6385,2,train,0.5779730081558228,pdb_00006vvu_H_L
6386,2,train,0.02804470993578434,pdb_00008xqe_S1_S2
6387,2,train,0.8074522018432617,pdb_00009hhr_F_E
6388,2,train,0.34509938955307007,pdb_00004tnw_Y_g
6389,2,train,0.8393895030021667,pdb_00007pry_H_L
6390,2,train,0.3241777718067169,pdb_00008jen_E_F
6391,2,train,0.012904110364615917,pdb_00008jhy_S1_S2
6392,2,train,0.6982728838920593,pdb_00004dgi_H_L
6393,2,train,0.7698168754577637,pdb_00004oii_H_L
6394,2,train,0.880207359790802,pdb_00008cma_H_L
6395,2,train,0.009469419717788696,pdb_00009f33_E1_E2
6396,2,train,0.7757245898246765,pdb_00004gxu_S_T
6397,2,train,0.6036575436592102,pdb_00008h7z_F_I
6398,2,train,1.031280517578125,pdb_00005a3i_C_D
6399,2,train,0.7748439311981201,pdb_00009cfe_A_B
6400,2,train,0.8505034446716309,pdb_00007xda_B_C
6401,2,train,0.7812682390213013,pdb_00006hxw_H_L
6402,2,train,0.9325641989707947,pdb_00009ma7_F_G
6403,2,train,0.04428968206048012,pdb_00002ht4_E_F
6404,2,train,1.283120036125183,pdb_00009mth_H_L
6405,2,train,0.9314500093460083,pdb_00009h4s_X_Y
6406,2,train,0.7794986963272095,pdb_00009h4s_H_L
6407,2,train,0.4076259434223175,pdb_00009nz3_F_E
6408,2,train,1.1310840845108032,pdb_00007uzd_H_L
6409,2,train,1.4397422075271606,pdb_00006wmw_H_L
6410,2,train,0.028605537489056587,pdb_00008evg_M1_M2
6411,2,train,0.7376564741134644,pdb_00009lho_O_N
6412,2,train,0.4865073263645172,pdb_00009cpu_F_G
6413,2,train,0.012476901523768902,pdb_00008jxv_E1_E2
6414,2,train,1.1603586673736572,pdb_00006ba5_D_C
6415,2,train,0.927230954170227,pdb_00008gpu_C_D
6416,2,train,0.8423925638198853,pdb_00008f6x_F1_F2
6417,2,train,0.013068721629679203,pdb_00008dzr_E1_E2
6418,2,train,0.7650447487831116,pdb_00007rk1_D1_D2
6419,2,train,0.028910743072628975,pdb_00009iy8_S1_S2
6420,2,train,0.30700230598449707,pdb_00008w2e_F_E
6421,2,train,0.012581150978803635,pdb_00009kpe_S1_S2
6422,2,train,1.3803374767303467,pdb_00009e3h_H_L
6423,2,train,0.945747435092926,pdb_00006hjp_G_H
6424,2,train,1.0516095161437988,pdb_00007w71_H_L
6425,2,train,0.997835636138916,pdb_00008el2_H_L
6426,2,train,0.16751061379909515,pdb_00009exa_F_E
6427,2,train,0.8307508826255798,pdb_00009bt5_E_F
6428,2,train,1.2754871845245361,pdb_00008dwy_H_L
6429,2,train,0.021269258111715317,pdb_00007t6v_E1_E2
6430,2,train,1.022383689880371,pdb_00003qum_K_M
6431,2,train,0.7636885643005371,pdb_00009ctw_F_E
6432,2,train,0.9290093183517456,pdb_00006ss4_HHH_LLL
6433,2,train,0.49440526962280273,pdb_00007sts_A_B
6434,2,train,0.30333641171455383,pdb_00004tnw_F_N
6435,2,train,0.7233206629753113,pdb_00006cyf_U_T
6436,2,train,1.4166733026504517,pdb_00009ivj_H_L
6437,2,train,0.024526987224817276,pdb_00009kfk_S1_S2
6438,2,train,0.12201932817697525,pdb_00003gb7_A_B
6439,2,train,0.04163629934191704,pdb_00003ejy_C_D
6440,2,train,0.703464686870575,pdb_00006wzl_A_B
6441,2,train,0.012682116590440273,pdb_00008gag_S1_S2
6442,2,train,0.8888389468193054,pdb_00002x7l_J_K
6443,2,train,0.6347371935844421,pdb_00001g7h_B_A
6444,2,train,0.9858195781707764,pdb_00009c0v_H_L
6445,2,train,0.033584535121917725,pdb_00008j6p_S1_S2
6446,2,train,0.5020825266838074,pdb_00008jel_F_G
6447,2,train,0.6385093331336975,pdb_00002i9l_H_G
6448,2,train,0.7888233661651611,pdb_00007ahu_B_A
6449,2,train,0.7830554842948914,pdb_00007ua8_H1_H2
6450,2,train,0.6259612441062927,pdb_00003dvg_B_A
6451,2,train,0.5824477076530457,pdb_00007y7m_F_G
6452,2,train,0.5233538746833801,pdb_00003nh7_K_O
6453,2,train,0.6518867015838623,pdb_00007dk2_G_H
6454,2,train,0.6195012331008911,pdb_00001dzb_B1_B2
6455,2,train,1.089632511138916,pdb_00004u6h_A_B
6456,2,train,0.02815755270421505,pdb_00009v2n_S1_S2
6457,2,train,1.1260708570480347,pdb_00007dm1_F_E
6458,2,train,0.7766531705856323,pdb_00008cz8_A2_A1
6459,2,train,0.10391723364591599,pdb_00006x3s_J_I
6460,2,train,1.0553069114685059,pdb_00007dm1_D_C
6461,2,train,0.33286571502685547,pdb_00005aaw_K1_K2
6462,2,train,0.018574140965938568,pdb_00008jxt_E1_E2
6463,2,train,0.6479527354240417,pdb_00005xhv_P_Q
6464,2,train,0.8203982710838318,pdb_00009iru_B_A
6465,2,train,0.7808133363723755,pdb_00008sit_H_L
6466,2,train,0.6962937116622925,pdb_00008cn9_B_A
6467,2,train,0.7492812275886536,pdb_00009ci8_B_A
6468,2,train,1.039437174797058,pdb_00009sat_H_L
6469,2,train,0.7711333632469177,pdb_00004np4_H_L
6470,2,train,0.6022663116455078,pdb_00009u5p_B_C
6471,2,train,0.11398269981145859,pdb_00002dqi_H_L
6472,2,train,1.0721877813339233,pdb_00007unb_H_L
6473,2,train,0.9964584112167358,pdb_00007det_D1_D2
6474,2,train,0.7551881074905396,pdb_00008ebp_H_L
6475,2,train,0.8641283512115479,pdb_00008dce_H1_H2
6476,2,train,0.4829297363758087,pdb_00008dn6_C_D
6477,2,train,0.03396720811724663,pdb_00007ejk_H1_H2
6478,2,train,0.026733839884400368,pdb_000022es_E1_E2
6479,2,train,0.9171881675720215,pdb_00007k9z_B_A
6480,2,train,1.627942681312561,pdb_00008tzn_G_H
6481,2,train,1.2555302381515503,pdb_00009mtl_M_N
6482,2,train,1.2876766920089722,pdb_00008w5h_H_L
6483,2,train,0.5022405982017517,pdb_00003dvn_B_A
6484,2,train,0.5379626154899597,pdb_00008j26_B_A
6485,2,train,0.5237362384796143,pdb_00008jkh_H_L
6486,2,train,1.0977838039398193,pdb_00009b2m_E_F
6487,2,train,0.10521112382411957,pdb_00007u9f_E_F
6488,2,train,0.6773791313171387,pdb_00007jmw_H_L
6489,2,train,0.7085216045379639,pdb_00009lho_T_S
6490,2,train,0.42158958315849304,pdb_00008z2e_H_L
6491,2,train,0.349111407995224,pdb_00008jen_C_D
6492,2,train,0.8018534779548645,pdb_00007ua2_B1_B2
6493,2,train,0.04554685577750206,pdb_00007vla_S1_S2
6494,2,train,0.026508890092372894,pdb_00002vdm_H_L
6495,2,train,1.030491828918457,pdb_00009y0e_A_B
6496,2,train,0.9426601529121399,pdb_00009n4e_K_M
6497,2,train,0.3966858685016632,pdb_00007x1m_C_D
6498,2,train,0.43938910961151123,pdb_00007c01_H_L
6499,2,train,0.8178828954696655,pdb_00009js7_I_L
6500,2,train,1.0748040676116943,pdb_00009kve_A_B
6501,2,train,0.9774237871170044,pdb_00008khr_H_L
6502,2,train,0.01482007559388876,pdb_00008xqf_S1_S2
6503,2,train,0.7903872728347778,pdb_00008ut2_H_G
6504,2,train,1.1465332508087158,pdb_00001fj1_B_A
6505,2,train,0.011289971880614758,pdb_00007w2z_S1_S2
6506,2,train,0.8697141408920288,pdb_00008jqm_M_N
6507,2,train,0.7264666557312012,pdb_00006vvu_G_I
6508,2,train,0.557677686214447,pdb_00009lho_I_H
6509,2,train,0.7806081175804138,pdb_00006k7o_D_E
6510,2,train,0.813323438167572,pdb_00008bg5_A1_A2
6511,2,train,0.7831248044967651,pdb_00004hg4_R_S
6512,2,train,0.9257323741912842,pdb_00005wko_I_J
6513,2,train,0.8354119658470154,pdb_00004hg4_J_K
6514,2,train,0.09926886111497879,pdb_00002ht3_E_F
6515,2,train,0.9305782318115234,pdb_00007q6c_H_L
6516,2,train,0.016875367611646652,pdb_00008jlr_S1_S2
6517,2,train,0.7096052169799805,pdb_00006gv4_H_L
6518,2,train,0.9603179693222046,pdb_00005umi_H_L
6519,2,train,0.750215470790863,pdb_00002vwe_E_C
6520,2,train,0.7891523241996765,pdb_00009me5_I_M
6521,2,train,0.016729725524783134,pdb_00008jgb_S1_S2
6522,2,train,0.023709142580628395,pdb_00008h0p_E1_E2
6523,2,train,0.536410391330719,pdb_00001g7m_B_A
6524,2,train,0.4235357940196991,pdb_00003b2u_T_U
6525,2,train,0.4999573230743408,pdb_00007kfw_H_L
6526,2,train,1.0713342428207397,pdb_00009n5z_A_B
6527,2,train,0.7659133076667786,pdb_00005jz7_J_K
6528,2,train,1.1818361282348633,pdb_00007mzj_N_M
6529,2,train,0.012285766191780567,pdb_00009buy_E1_E2
6530,2,train,0.009553557261824608,pdb_00009bqj_E1_E2
6531,2,train,0.832940936088562,pdb_00007wur_G_H
6532,2,train,0.8118805289268494,pdb_00009fys_B_C
6533,2,train,0.028674602508544922,pdb_00004z7o_E_F
6534,2,train,0.7636733055114746,pdb_00008sdf_B_C
6535,2,train,0.011365748010575771,pdb_00009x20_E1_E2
6536,2,train,0.627772867679596,pdb_00001ors_B_A
6537,2,train,0.8524289131164551,pdb_00007woc_A_B
6538,2,train,0.7334566712379456,pdb_00007ubs_I1_I2
6539,2,train,0.133254274725914,pdb_00002dqj_H_L
6540,2,train,1.068814754486084,pdb_00001adq_H_L
6541,2,train,0.11089571565389633,pdb_00006x40_K_L
6542,2,train,0.8847734928131104,pdb_00007l0l_I_K
6543,2,train,0.3848170042037964,pdb_00008i5h_H_L
6544,2,train,0.007958617061376572,pdb_00007qvm_S1_S2
6545,2,train,1.298671841621399,pdb_00008tp5_H_L
6546,2,train,1.0890705585479736,pdb_00006dfi_H_L
6547,2,train,0.011781658045947552,pdb_00007uh8_E_F
6548,2,train,0.03577299416065216,pdb_00008ij3_S1_S2
6549,2,train,0.04459746927022934,pdb_00008jln_S1_S2
6550,2,train,0.6704718470573425,pdb_00009udq_F_A
6551,2,train,0.7029619216918945,pdb_00007dpm_G_H
6552,2,train,0.6178068518638611,pdb_00007yvm_C_A
6553,2,train,0.6787915825843811,pdb_00008hws_D_E
6554,2,train,0.016128668561577797,pdb_00007udh_E_F
6555,2,train,0.0977485403418541,pdb_00008ubi_N2_N1
6556,2,train,1.1716423034667969,pdb_00009hvw_H_L
6557,2,train,0.025567149743437767,pdb_00008ef5_E1_E2
6558,2,train,0.6403284072875977,pdb_00002yss_B_A
6559,2,train,0.8757246136665344,pdb_00008u4q_H_L
6560,2,train,0.26331111788749695,pdb_00008i5h_B_C
6561,2,train,0.8666993975639343,pdb_00009cpv_H_L
6562,2,train,0.5011573433876038,pdb_00007cho_H_L
6563,2,train,1.1490224599838257,pdb_00007u9w_H1_H2
6564,2,train,0.7205076813697815,pdb_00004hg4_V_W
6565,2,train,0.9204711318016052,pdb_00009npg_K_J
6566,2,train,0.11535186320543289,pdb_00006adc_C_D
6567,2,train,0.026248808950185776,pdb_00006os9_D1_D2
6568,2,train,0.558535099029541,pdb_00007x63_H_L
6569,2,train,0.9290288090705872,pdb_00007uvq_D_E
6570,2,train,0.3900800943374634,pdb_00006yor_B_C
6571,2,train,1.1776511669158936,pdb_00008gb5_I_H
6572,2,train,0.8364328145980835,pdb_00006hjp_I_J
6573,2,train,1.125127911567688,pdb_00006jep_H_L
6574,2,train,0.015517579391598701,pdb_00009ije_D1_D2
6575,2,train,0.01578788459300995,pdb_00007ubr_E_F
6576,2,train,0.033173371106386185,pdb_00007l1u_H1_H2
6577,2,train,0.608163058757782,pdb_00001tzi_B_A
6578,2,train,0.8411442637443542,pdb_00004ffw_D_C
6579,2,train,0.889376163482666,pdb_00006ban_H_G
6580,2,train,0.6397663950920105,pdb_00008eoo_H_L
6581,2,train,0.13929753005504608,pdb_00003or7_A_B
6582,2,train,1.341799020767212,pdb_00005d1z_F_E
6583,2,train,0.7306858897209167,pdb_00005ugy_I_M
6584,2,train,0.22577181458473206,pdb_00008ihi_S1_S2
6585,2,train,0.6862688064575195,pdb_00009bt5_C_D
6586,2,train,0.43716299533843994,pdb_00008as0_E_D
6587,2,train,0.01570865325629711,pdb_00007v68_S1_S2
6588,2,train,1.0865570306777954,pdb_00009e3h_J_K
6589,2,train,0.018636280670762062,pdb_00009iv1_S1_S2
6590,2,train,0.6881121397018433,pdb_00008zh7_E_F
6591,2,train,0.32642415165901184,pdb_00008wnp_B_A
6592,2,train,0.014917686581611633,pdb_00009ejz_H1_H2
6593,2,train,0.8955905437469482,pdb_00002ybr_A_B
6594,2,train,0.6982617378234863,pdb_00003g6j_F_E
6595,2,train,0.015989745035767555,pdb_00008xzh_S1_S2
6596,2,train,0.9231486916542053,pdb_00001rjl_B_A
6597,2,train,0.6116433143615723,pdb_00007zmk_S_T
6598,2,train,0.025872409343719482,pdb_00008g94_E1_E2
6599,2,train,0.5366477370262146,pdb_00009oj4_B_A
6600,2,train,0.020712032914161682,pdb_00007dw9_S1_S2
6601,2,train,0.8468441963195801,pdb_00005wko_C_D
6602,2,train,0.6177043914794922,pdb_00009ixa_H_L
6603,2,train,0.6246504187583923,pdb_00005wk3_S_R
6604,2,train,0.3791974186897278,pdb_00006b3s_F_G
6605,2,train,0.8322463035583496,pdb_00007t3d_C_D
6606,2,train,0.7357500195503235,pdb_00008tnt_E_D
6607,2,train,0.10538221895694733,pdb_00002hjf_A_B
6608,2,train,0.018694104626774788,pdb_00008t3v_N1_N2
6609,2,train,0.03259029611945152,pdb_00008k6o_S1_S2
6610,2,train,0.7762178778648376,pdb_00009og1_B_C
6611,2,train,0.35346749424934387,pdb_00003ri5_J_M
6612,2,train,0.5035995841026306,pdb_00003s37_H_L
6613,2,train,0.008415598422288895,pdb_00009k3f_S1_S2
6614,2,train,0.9925146102905273,pdb_00009mtj_H_L
6615,2,train,0.5221930146217346,pdb_00009jy4_R_Q
6616,2,train,0.4545300006866455,pdb_00007pry_F_G
6617,2,train,0.37568289041519165,pdb_00001dqj_B_A
6618,2,train,1.4815679788589478,pdb_00004g3y_H_L
6619,2,train,0.7580978274345398,pdb_00008ee8_H_L
6620,2,train,0.930513858795166,pdb_00009mqd_H_L
6621,2,train,0.6537938117980957,pdb_00001jhl_H_L
6622,2,train,0.6595867872238159,pdb_00007wwk_I_H
6623,2,train,0.016270574182271957,pdb_00007euo_S1_S2
6624,2,train,0.9065741300582886,pdb_00004f3f_B_A
6625,2,train,0.5384963154792786,pdb_00006ii4_H_L
6626,2,train,0.9934428334236145,pdb_00008bcz_H_L
6627,2,train,0.8048383593559265,pdb_00003fku_S1_S2
6628,2,train,1.0248936414718628,pdb_00007yvl_A_C
6629,2,train,1.1901519298553467,pdb_00007rco_D_C
6630,2,train,0.8198527097702026,pdb_00007x93_E_F
6631,2,train,1.0194406509399414,pdb_00008w5n_H_L
6632,2,train,0.7485447525978088,pdb_00007vyr_H_L
6633,2,train,0.8238816261291504,pdb_00003g6d_H_L
6634,2,train,0.053515948355197906,pdb_00008g05_E1_E2
6635,2,train,0.4689762592315674,pdb_00008bg4_A1_A2
6636,2,train,0.8158103823661804,pdb_00006ii9_M_N
6637,2,train,1.1627516746520996,pdb_00008dwy_V_U
6638,2,train,0.03269154950976372,pdb_00007yon_S1_S2
6639,2,train,0.7064335942268372,pdb_00004okv_C_D
6640,2,train,0.03138701245188713,pdb_00007vfx_S1_S2
6641,2,train,0.9155678153038025,pdb_00006jep_K_I
6642,2,train,0.7682893872261047,pdb_00003vrl_E_F
6643,2,train,0.7129479646682739,pdb_00004odx_H_B
6644,2,train,0.028298968449234962,pdb_00009jks_S1_S2
6645,2,train,0.7825708985328674,pdb_00007ucq_H1_H2
6646,2,train,0.01170299295336008,pdb_00009jlc_S1_S2
6647,2,train,0.4274410307407379,pdb_00007kfv_F_G
6648,2,train,0.42044544219970703,pdb_00007kfv_C_D
6649,2,train,0.0632091760635376,pdb_00009vo1_E1_E2
6650,2,train,0.02101672999560833,pdb_00009m54_S1_S2
6651,2,train,0.49946412444114685,pdb_00008i0n_I_M
6652,2,train,0.021314777433872223,pdb_00007jvr_E1_E2
6653,2,train,0.7006867527961731,pdb_00005wko_A_B
6654,2,train,0.3799726665019989,pdb_00004tsc_H_L
6655,2,train,0.022992698475718498,pdb_00009kz2_H1_H2
6656,2,train,0.08585920929908752,pdb_00002htk_C_D
6657,2,train,0.5213889479637146,pdb_00008f2j_D_F
6658,2,train,0.4374486207962036,pdb_00008smt_D_F
6659,2,train,0.024545105174183846,pdb_00009lre_E1_E2
6660,2,train,1.4427716732025146,pdb_00008ezl_H1_H2
6661,2,train,1.180712103843689,pdb_00006d0u_E_F
6662,2,train,0.9372659921646118,pdb_00007t3d_H_L
6663,2,train,0.01826188899576664,pdb_00007f9z_E1_E2
6664,2,train,0.09853963553905487,pdb_00006dzt_N1_N2
6665,2,train,0.010173950344324112,pdb_00007wy0_C1_C2
6666,2,train,0.0650450736284256,pdb_00007k60_N2_N1
6667,2,train,0.11435038596391678,pdb_00009kt8_E1_E2
6668,2,train,0.8790391683578491,pdb_00004l5f_H_L
6669,2,train,0.8871964812278748,pdb_00003wkm_I_M
6670,2,train,1.2152714729309082,pdb_00005w08_Q_R
6671,2,train,0.011171630583703518,pdb_00009vo2_S1_S2
6672,2,train,0.01505300309509039,pdb_00007w0p_S1_S2
6673,2,train,0.4739648997783661,pdb_00008q6j_B_A
6674,2,train,0.9522432684898376,pdb_00008w83_M_N
6675,2,train,0.7978888750076294,pdb_00009hh9_E_D
6676,2,train,0.9677960276603699,pdb_00007kyo_H_L
6677,2,train,1.0818954706192017,pdb_00006wtv_E_F
6678,2,train,0.0797090083360672,pdb_00008vfx_N2_N1
6679,2,train,0.8890833854675293,pdb_00009mif_H_L
6680,2,train,0.03955487906932831,pdb_00002exw_C_D
6681,2,train,0.48871052265167236,pdb_00009hhr_L_H
6682,2,train,1.3094050884246826,pdb_00009cci_B_C
6683,2,train,1.0106128454208374,pdb_00009mtl_I_J
6684,2,train,0.8558890223503113,pdb_00008dwx_Z_Y
6685,2,train,0.033515576273202896,pdb_00008ubj_N2_N1
6686,2,train,0.7024781107902527,pdb_00007wk0_A_B
6687,2,train,1.0092673301696777,pdb_00006plk_H_L
6688,2,train,0.058692071586847305,pdb_00003det_E_F
6689,2,train,0.04319685697555542,pdb_00008j19_S1_S2
6690,2,train,0.8938531279563904,pdb_00004nik_B1_B2
6691,2,train,0.042358532547950745,pdb_00008ia8_S1_S2
6692,2,train,0.03662659972906113,pdb_00008zfz_D1_D2
6693,2,train,1.0807194709777832,pdb_00009mla_I_L
6694,2,train,0.48249033093452454,pdb_00006ktr_A_B
6695,2,train,0.01632130891084671,pdb_00006crk_H1_H2
6696,2,train,0.6621109843254089,pdb_00001z3g_I_M
6697,2,train,0.035639408975839615,pdb_00007k63_M2_M1
6698,2,train,0.6604001522064209,pdb_00007zfc_A_B
6699,2,train,0.016887051984667778,pdb_00008iy5_E1_E2
6700,2,train,0.9918520450592041,pdb_00009o7g_C_D
6701,2,train,0.5303859710693359,pdb_00008txu_H_L
6702,2,train,0.9072674512863159,pdb_00009dn2_H_L
6703,2,train,0.8184041380882263,pdb_00009b82_H_L
6704,2,train,0.9268094301223755,pdb_00009hi4_A_B
6705,2,train,0.4338597357273102,pdb_00006b3s_J_K
6706,2,train,0.6695364117622375,pdb_00002iff_H_L
6707,2,train,0.658552885055542,pdb_00008ut2_L_K
6708,2,train,0.6436629891395569,pdb_00007ucq_I1_I2
6709,2,train,0.6717836856842041,pdb_00007tpj_H_L
6710,2,train,0.6792401075363159,pdb_00009fyt_I_M
6711,2,train,0.01214622799307108,pdb_00009k07_E1_E2
6712,2,train,1.3169130086898804,pdb_00002hmi_D_C
6713,2,train,0.3779774308204651,pdb_00008jel_A_B
6714,2,train,1.3900330066680908,pdb_00007xh8_B_C
6715,2,train,0.657404899597168,pdb_00007sco_H_L
6716,2,train,1.1026371717453003,pdb_00005dhx_L2_L1
6717,2,train,0.008263719268143177,pdb_00007vv5_S1_S2
6718,2,train,0.7419330477714539,pdb_00007ley_G_F
6719,2,train,0.04989580065011978,pdb_00007ra3_E1_E2
6720,2,train,0.6503433585166931,pdb_00006cyf_M_L
6721,2,train,0.6135077476501465,pdb_00008xsi_H_L
6722,2,train,0.9179000854492188,pdb_00005dhx_B2_B1
6723,2,train,0.5410580039024353,pdb_00007keo_E_F
6724,2,train,0.9555771946907043,pdb_00008dis_H_L
6725,2,train,0.01702212542295456,pdb_00009jmc_E1_E2
6726,2,train,0.7444069981575012,pdb_00009mqa_I_M
6727,2,train,0.5931904911994934,pdb_00009cpw_H_L
6728,2,train,1.5141396522521973,pdb_00008jeo_B_C
6729,2,train,1.655992865562439,pdb_00006uyn_H_L
6730,2,train,0.29697245359420776,pdb_00008f2j_A_B
6731,2,train,0.6391900181770325,pdb_00006wzm_C_D
6732,2,train,1.269043207168579,pdb_00006s3d_E_F
6733,2,train,0.9113674759864807,pdb_00008w5l_H_L
6734,2,train,0.962834358215332,pdb_00009mtf_I_J
6735,2,train,0.7269023060798645,pdb_00005w0k_E_F
6736,2,train,0.09518174827098846,pdb_00006x3w_K_L
6737,2,train,1.520777702331543,pdb_00009ml8_E_F
6738,2,train,1.3653210401535034,pdb_00006wtv_H_I
6739,2,train,0.0240247193723917,pdb_00007wq3_S1_S2
6740,2,train,1.393907070159912,pdb_00009l8z_C_B
6741,2,train,0.022998128086328506,pdb_00007trq_H1_H2
6742,2,train,0.25965532660484314,pdb_00008ihb_S1_S2
6743,2,train,0.03078337386250496,pdb_00003ejz_E_F
6744,2,train,0.0803445503115654,pdb_00008w8b_E1_E2
6745,2,train,0.03000021167099476,pdb_00008rql_S1_S2
6746,2,train,0.3065260648727417,pdb_00008jen_G_H
6747,2,train,0.0116570508107543,pdb_00009kvh_E1_E2
6748,2,train,0.8113057613372803,pdb_00008vtd_B_A
6749,2,train,1.4662766456604004,pdb_00008hrd_L_M
6750,2,train,0.024603648111224174,pdb_00007uje_E_F
6751,2,train,0.020989034324884415,pdb_00008jii_S1_S2
6752,2,train,0.532793402671814,pdb_00006z2m_B_C
6753,2,train,0.5075871348381042,pdb_00007c01_C_D
6754,2,train,0.8067582249641418,pdb_00009kze_H_L
6755,2,train,0.5651321411132812,pdb_00008vgi_K_L
6756,2,train,0.04856159910559654,pdb_00009xhh_D1_D2
6757,2,train,0.6270058155059814,pdb_00005dhy_A_B
6758,2,train,0.012319797649979591,pdb_00008zh8_S1_S2
6759,2,train,0.015733765438199043,pdb_00008yrg_E1_E2
6760,2,train,0.366435170173645,pdb_00006bah_B_A
6761,2,train,0.02561137080192566,pdb_00008fx5_H1_H2
6762,2,train,0.7185564637184143,pdb_00009ue8_I_J
6763,2,train,0.025630731135606766,pdb_00009axf_H1_H2
6764,2,train,0.07183947414159775,pdb_00008sgo_J_I
6765,2,train,0.42487895488739014,pdb_00007dfa_H_L
6766,2,train,1.0526683330535889,pdb_00007b0b_H_L
6767,2,train,0.01780729927122593,pdb_00007yu3_S1_S2
6768,2,train,0.5906157493591309,pdb_00009og2_B_C
6769,2,train,0.00946589931845665,pdb_00008k6n_S1_S2
6770,2,train,0.03841855749487877,pdb_00009izg_S1_S2
6771,2,train,0.011183538474142551,pdb_00009oxb_D1_D2
6772,2,train,0.9119333624839783,pdb_00008v5v_f_g
6773,2,train,0.4979570806026459,pdb_00009u5q_B_C
6774,2,train,0.6767013669013977,pdb_00004n90_F_G
6775,2,train,0.8590625524520874,pdb_00009c6y_C_D
6776,2,train,0.7267481088638306,pdb_00007t3d_K_N
6777,2,train,0.7371878027915955,pdb_00007rku_G_I
6778,2,train,1.1913810968399048,pdb_00008jin_B2_B1
6779,2,train,0.03900767117738724,pdb_00008i97_H1_H2
6780,2,train,0.2024870216846466,pdb_00008sid_K_L
6781,2,train,0.0820021778345108,pdb_00003iga_A_B
6782,2,train,0.9701453447341919,pdb_00006a4k_I_M
6783,2,train,0.009192866273224354,pdb_00008vy9_D1_D2
6784,2,train,0.05173175409436226,pdb_00003or6_A_B
6785,2,train,1.1561973094940186,pdb_00007jwg_A_B
6786,2,train,1.1693345308303833,pdb_00009mtm_I_J
6787,2,train,0.7478918433189392,pdb_00009ima_C_D
6788,2,train,0.7907496690750122,pdb_00008u4s_F_E
6789,2,train,0.37794560194015503,pdb_00007kfv_H_L
6790,2,train,0.7196133136749268,pdb_00007mxl_H_L
6791,2,train,1.1162437200546265,pdb_00005kov_C1_C2
6792,2,train,0.8728810548782349,pdb_00007ttx_H_L
6793,2,train,0.03022463247179985,pdb_00008xbh_S1_S2
6794,2,train,0.9248762726783752,pdb_00003ri5_F_N
6795,2,train,0.04258188605308533,pdb_00009p0k_F1_F2
6796,2,train,0.01709568314254284,pdb_00007cmv_E1_E2
6797,2,train,0.01655295491218567,pdb_00008gus_S1_S2
6798,2,train,0.7131355404853821,pdb_00004lf3_B_A
6799,2,train,0.9144355058670044,pdb_00008xcd_H_L
6800,2,train,0.6983086466789246,pdb_00006cyf_D_C
6801,2,train,0.12771785259246826,pdb_00007xk2_S1_S2
6802,2,train,0.022339284420013428,pdb_00009k3k_S1_S2
6803,2,train,0.29558712244033813,pdb_00007kfy_H_L
6804,2,train,0.2409535050392151,pdb_00003ri5_H_L
6805,2,train,0.27969351410865784,pdb_00006vmk_r_q
6806,2,train,0.7537196278572083,pdb_00004qci_H_L
6807,2,train,0.7862523198127747,pdb_00008too_G_F
6808,2,train,0.4838840067386627,pdb_00008j7e_A_B
6809,2,train,0.7699171304702759,pdb_00008f6x_E1_E2
6810,2,train,0.06730445474386215,pdb_00007tct_H_L
6811,2,train,0.01985446736216545,pdb_00007na7_N1_N2
6812,2,train,0.7199419140815735,pdb_00007qf1_C_B
6813,2,train,0.6797171235084534,pdb_00007jx3_H_L
6814,2,train,0.011243325658142567,pdb_00007xjj_S1_S2
6815,2,train,1.3800228834152222,pdb_00009bhh_T_S
6816,2,train,0.8816220164299011,pdb_00006mlm_F_G
6817,2,train,1.0022761821746826,pdb_00007k9i_H_L
6818,2,train,0.07009702920913696,pdb_00008hvi_H1_H2
6819,2,train,0.011152557097375393,pdb_00008k4s_D1_D2
6820,2,train,0.6785906553268433,pdb_00003wd5_H_L
6821,2,train,0.742888867855072,pdb_00009dru_H_L
6822,2,train,1.2511875629425049,pdb_00009ml8_H_L
6823,2,train,0.5728002786636353,pdb_00008jkf_M_N
6824,2,train,0.041058726608753204,pdb_00009ast_E1_E2
6825,2,train,0.016786735504865646,pdb_00007ys6_E1_E2
6826,2,train,0.02760532684624195,pdb_00003zdx_E_F
6827,2,train,1.1482977867126465,pdb_00006ywc_A_B
6828,2,train,0.4938957095146179,pdb_00002r0l_H_L
6829,2,train,0.02203635312616825,pdb_00007ufh_E_F
6830,2,train,0.015474067069590092,pdb_00007cmu_E1_E2
6831,2,train,1.1553497314453125,pdb_00007mxl_J_K
6832,2,train,0.5328447818756104,pdb_00007xik_H_L
6833,2,train,0.006946333684027195,pdb_00008sai_S1_S2
6834,2,train,0.29670533537864685,pdb_00009ov4_H_L
6835,2,train,0.0958891212940216,pdb_00001otu_C_D
6836,2,train,1.7069005966186523,pdb_00008v2e_A_B
6837,2,train,0.1785498708486557,pdb_00008id3_S1_S2
6838,2,train,1.4731621742248535,pdb_00006osh_H_L
6839,2,train,0.8796482682228088,pdb_00009mla_G_J
6840,2,train,1.2377506494522095,pdb_00008cz5_H_L
6841,2,train,0.45981451869010925,pdb_00001z3g_H_L
6842,2,train,0.010603376664221287,pdb_00008fn0_E1_E2
6843,2,train,0.9060316681861877,pdb_00006xy2_H_L
6844,2,train,0.8484703898429871,pdb_00008f0h_H_L
6845,2,train,0.20778892934322357,pdb_00002dqh_H_L
6846,2,train,0.5366376042366028,pdb_00003rhw_G_K
6847,2,train,0.07813702523708344,pdb_00006x3x_J_I
6848,2,train,1.0185537338256836,pdb_00007l5j_W_L
6849,2,train,0.3277685046195984,pdb_00008j8r_D_E
6850,2,train,0.8387676477432251,pdb_00009b82_I_G
6851,2,train,0.6849517822265625,pdb_00006p4b_H_L
6852,2,train,0.60687255859375,pdb_00005dhy_H_L
6853,2,train,0.023716622963547707,pdb_00008xml_S1_S2
6854,2,train,0.037426579743623734,pdb_00004fg6_E_F
6855,2,train,0.01630571112036705,pdb_00006kpf_S1_S2
6856,2,train,0.7335559725761414,pdb_00004gxu_O_P
6857,2,train,1.020607590675354,pdb_00006fax_H_L
6858,2,train,0.9666509628295898,pdb_00008g5a_J_N
6859,2,train,0.9286394715309143,pdb_00001bvk_E_D
6860,2,train,1.2791225910186768,pdb_00001eo8_H_L
6861,2,train,0.5596387982368469,pdb_00005nhr_H_L
6862,2,train,0.8373565673828125,pdb_00008uzp_H_L
6863,2,train,0.481323778629303,pdb_00008bg2_C1_C2
6864,2,train,1.086199402809143,pdb_00008zyf_H_D
6865,2,train,0.5231172442436218,pdb_00008jkh_h_l
6866,2,train,0.8893038630485535,pdb_00009me5_H_L
6867,2,train,0.013554088771343231,pdb_00007na8_N1_N2
6868,2,train,0.4684140086174011,pdb_00008dww_X_W
6869,2,train,1.0649837255477905,pdb_00001t03_H_L
6870,2,train,0.05587590113282204,pdb_00008zjg_S1_S2
6871,2,train,1.379328966140747,pdb_00009oi3_H_L
6872,2,train,0.7567161917686462,pdb_00008uzp_A_B
6873,2,train,0.7836474180221558,pdb_00004hj0_P_Q
6874,2,train,0.7920369505882263,pdb_00009mkn_J_N
6875,2,train,0.012903881259262562,pdb_00007vgz_F1_F2
6876,2,train,0.01410723477602005,pdb_00007vl8_S1_S2
6877,2,train,0.9555050134658813,pdb_00007rxj_A_B
6878,2,train,0.7572175860404968,pdb_00006k7o_B_C
6879,2,train,0.2841644287109375,pdb_00008j24_G1_G2
6880,2,train,0.6168200969696045,pdb_00008g5b_I_M
6881,2,train,0.9427078366279602,pdb_00007xrz_H_L
6882,2,train,0.6415278911590576,pdb_00001za3_B_A
6883,2,train,0.3380756080150604,pdb_00008elq_H_L
6884,2,train,0.9827150702476501,pdb_00009rip_H_L
6885,2,train,0.0312089454382658,pdb_00008h0q_E1_E2
6886,2,train,0.10397565364837646,pdb_00008uh3_E1_E2
6887,2,train,0.940710723400116,pdb_00006woz_K_L
6888,2,train,0.023448072373867035,pdb_00008sg1_E1_E2
6889,2,train,0.28957226872444153,pdb_00001ic4_H_L
6890,2,train,0.8637930154800415,pdb_00007lfa_B_D
6891,2,train,0.10204940289258957,pdb_00009vmg_S1_S2
6892,2,train,0.532936155796051,pdb_00007xeg_E_F
6893,2,train,0.4597865045070648,pdb_00001dzb_A1_A2
6894,2,train,0.19712217152118683,pdb_00006w0h_A_B
6895,2,train,0.28825777769088745,pdb_00002qr0_N_M
6896,2,train,0.8817447423934937,pdb_00006n5b_H_L
6897,2,train,0.014752134680747986,pdb_00007yac_S1_S2
6898,2,train,1.4968502521514893,pdb_00009e3l_G_H
6899,2,train,0.015418987721204758,pdb_00008iru_E1_E2
6900,2,train,0.5881253480911255,pdb_00008oz3_A_B
6901,2,train,0.025819601491093636,pdb_00008k4n_E1_E2
6902,2,train,0.46798375248908997,pdb_00007klg_H_L
6903,2,train,1.1973509788513184,pdb_00009cu7_I_M
6904,2,train,0.7903314232826233,pdb_00006h3u_I_M
6905,2,train,0.9707127809524536,pdb_00008i5i_H_L
6906,2,train,0.976970911026001,pdb_00006jhs_E_D
6907,2,train,0.433841347694397,pdb_00008tft_I_M
6908,2,train,0.0108742481097579,pdb_00009cgk_E1_E2
6909,2,train,0.39008814096450806,pdb_00006txz_I_M
6910,2,train,0.5922248959541321,pdb_00002eiz_B_A
6911,2,train,0.8596155643463135,pdb_00007det_B1_B2
6912,2,train,0.08335123211145401,pdb_00008u9s_N2_N1
6913,2,train,0.49562785029411316,pdb_00007zf8_H_L
6914,2,train,0.6240283846855164,pdb_00005x8m_B_C
6915,2,train,0.1362009197473526,pdb_00008dd3_K_L
6916,2,train,0.6607571840286255,pdb_00009mqa_H_L
6917,2,train,0.7127522230148315,pdb_00007wh8_B_A
6918,2,train,0.9218995571136475,pdb_00005kov_U1_U2
6919,2,train,0.3126472234725952,pdb_00006yz7_HHH_LLL
6920,2,train,0.6798400282859802,pdb_00009h4r_X_Y
6921,2,train,1.1431169509887695,pdb_00006flc_H_L
6922,2,train,0.7038870453834534,pdb_00008ebp_I_M
6923,2,train,1.3412951231002808,pdb_00009kve_D_F
6924,2,train,1.6019185781478882,pdb_00008s72_H_L
6925,2,train,0.017779311165213585,pdb_00009jr2_S1_S2
6926,2,train,0.025020908564329147,pdb_00003ze1_E_F
6927,2,train,0.8484134078025818,pdb_00007djz_A_B
6928,2,train,0.4231894314289093,pdb_00006xc4_X_Y
6929,2,train,0.04868689179420471,pdb_00002htl_C_D
6930,2,train,0.5567901134490967,pdb_00005xku_C_B
6931,2,train,0.05449223890900612,pdb_00006x40_J_I
6932,2,train,0.09356233477592468,pdb_00008z3q_S1_S2
6933,2,train,1.312119722366333,pdb_00009mkn_S_T
6934,2,train,1.0296915769577026,pdb_00006wtu_K_L
6935,2,train,0.4632040560245514,pdb_00005nh3_H_L
6936,2,train,0.009631259366869926,pdb_00007f4f_S1_S2
6937,2,train,0.7557739019393921,pdb_00006vja_H_L
6938,2,train,0.723002016544342,pdb_00007ley_H_I
6939,2,train,0.9350683093070984,pdb_00009mtm_M_N
6940,2,train,0.042053431272506714,pdb_00008yn9_E1_E2
6941,2,train,0.4661009609699249,pdb_00007zfe_M_N
6942,2,train,0.062310755252838135,pdb_00008ubi_M2_M1
6943,2,train,0.698149561882019,pdb_00004dkf_I_M
6944,2,train,1.1003234386444092,pdb_00007shy_K_L
6945,2,train,0.01265073474496603,pdb_00009u4y_S1_S2
6946,2,train,0.012557078152894974,pdb_00002vdk_H_L
6947,2,train,1.4148283004760742,pdb_00001iqd_B_A
6948,2,train,0.6991376280784607,pdb_00007t87_H_L
6949,2,train,0.08432652801275253,pdb_00007mhx_A_B
6950,2,train,0.11350633203983307,pdb_00006w0i_A_B
6951,2,train,0.8475372791290283,pdb_00009ci8_D_C
6952,2,train,1.5603514909744263,pdb_00008v2e_D_E
6953,2,train,1.0244321823120117,pdb_00007l7e_C_D
6954,2,train,0.008140687830746174,pdb_00008zpt_E1_E2
6955,2,train,0.03191123902797699,pdb_00008ykd_S1_S2
6956,2,train,0.21160048246383667,pdb_00006vmk_K_J
6957,2,train,0.19306525588035583,pdb_00001uac_H_L
6958,2,train,0.17967893183231354,pdb_00009ouo_H_L
6959,2,train,0.9167527556419373,pdb_00007zfb_A_B
6960,2,train,0.3383418917655945,pdb_00008wo4_B_A
6961,2,train,0.013214478269219398,pdb_00009jh5_S1_S2
6962,2,train,1.1918003559112549,pdb_00008r8k_H_L
6963,2,train,0.9629531502723694,pdb_00008u44_S_T
6964,2,train,0.011196988634765148,pdb_00008hj5_C1_C2
6965,2,train,0.08342703431844711,pdb_00002dqc_H_L
6966,2,train,1.360939860343933,pdb_00005gs0_F_E
6967,2,train,0.051349010318517685,pdb_00008xxr_S1_S2
6968,2,train,0.6498229503631592,pdb_00004hg4_N_O
6969,2,train,0.02495666593313217,pdb_00008thl_F1_F2
6970,2,train,0.017396356910467148,pdb_00007w53_E1_E2
6971,2,train,0.01956161856651306,pdb_00007wz7_C1_C2
6972,2,train,0.0165163055062294,pdb_00008yuu_S1_S2
6973,2,train,0.03666294738650322,pdb_00006k5f_E_F
6974,2,train,0.8139208555221558,pdb_00008rrn_C_D
6975,2,train,0.7440749406814575,pdb_00009cn2_B1_B2
6976,2,train,0.3341260850429535,pdb_00009ctu_D_C
6977,2,train,0.8071842789649963,pdb_00006osv_H_L
6978,2,train,0.03255387768149376,pdb_00002r9h_C_D
6979,2,train,0.024430163204669952,pdb_00008yn6_E1_E2
6980,2,train,0.00837490614503622,pdb_00008yn2_E1_E2
6981,2,train,0.014932491816580296,pdb_00008e9x_E1_E2
6982,2,train,0.6727818250656128,pdb_00008ulf_K_O
6983,2,train,1.0031884908676147,pdb_00009kvk_H_L
6984,2,train,0.6548278331756592,pdb_00004hj0_C_D
6985,2,train,0.5091573596000671,pdb_00008xse_M_N
6986,2,train,0.8110489249229431,pdb_00005d1z_G_H
6987,2,train,0.031407758593559265,pdb_00008dzp_E1_E2
6988,2,train,1.2274973392486572,pdb_00008eed_H_L
6989,2,train,0.06010477989912033,pdb_00008ihj_S1_S2
6990,2,train,0.9235272407531738,pdb_00008suo_I_M
6991,2,train,0.026558317244052887,pdb_00007wv9_S1_S2
6992,2,train,0.00806723814457655,pdb_00007uko_E_F
6993,2,train,0.00974196381866932,pdb_00008uuj_D1_D2
6994,2,train,0.9963019490242004,pdb_00008y3i_G_H
6995,2,train,1.2497570514678955,pdb_00008dwo_H_L
6996,2,train,0.8246437311172485,pdb_00009lsj_D1_E2
6997,2,train,0.02656639739871025,pdb_00009izd_S1_S2
6998,2,train,0.8884457349777222,pdb_00007whz_C_E
6999,2,train,1.1440954208374023,pdb_00004kuc_F_E
7000,2,train,0.6518950462341309,pdb_00006wzm_A_B
7001,2,train,0.1968458592891693,pdb_00009ouq_H_L
7002,2,train,0.7228624820709229,pdb_00009bbn_S_T
7003,2,train,1.3138532638549805,pdb_00008jn1_H_L
7004,2,train,0.9343326687812805,pdb_00004ogx_H_L
7005,2,train,0.01696995086967945,pdb_00007f4h_S1_S2
7006,2,train,1.2238125801086426,pdb_00006s3d_H_L
7007,2,train,0.03133358806371689,pdb_00007vig_E1_E2
7008,2,train,0.034176893532276154,pdb_00007p00_H1_H2
7009,2,train,0.015293342992663383,pdb_00007s8m_E1_E2
7010,2,train,0.5543175339698792,pdb_00009l6c_D_F
7011,2,train,0.37082597613334656,pdb_00008smt_H_L
7012,2,train,0.7146403193473816,pdb_00006n5e_H_I
7013,2,train,0.11228164285421371,pdb_00006e0p_M1_M2
7014,2,train,0.14500762522220612,pdb_00006vmk_u_t
7015,2,train,0.029188476502895355,pdb_00008xgm_S1_S2
7016,2,train,0.7190187573432922,pdb_00004f2m_C_D
7017,2,train,0.6214208006858826,pdb_00004hg4_X_Y
7018,2,train,0.7498437762260437,pdb_00007l7e_M_N
7019,2,train,0.5208938717842102,pdb_00007wsi_H_L
7020,2,train,1.0053235292434692,pdb_00006ek2_I1_I2
7021,2,train,0.23590818047523499,pdb_00002qr0_H_G
7022,2,train,0.5784195065498352,pdb_00004okv_A_B
7023,2,train,1.129069209098816,pdb_00007m7w_A_B
7024,2,train,0.4698426425457001,pdb_00007kmg_D_E
7025,2,train,0.011342012323439121,pdb_00008xgo_D1_D2
7026,2,train,0.009736139327287674,pdb_00007t96_E1_E2
7027,2,train,0.5294464826583862,pdb_00001xiw_H_G
7028,2,train,0.886229932308197,pdb_00009n8j_B_C
7029,2,train,0.9979371428489685,pdb_00005a3i_G_H
7030,2,train,0.018172405660152435,pdb_00008hnk_S1_S2
7031,2,train,0.8126642107963562,pdb_00006ii9_P_Q
7032,2,train,0.25153881311416626,pdb_00006zlr_FFF_GGG
7033,2,train,0.38571709394454956,pdb_000011ol_H_L
7034,2,train,0.7509586811065674,pdb_00009mkn_I_M
7035,2,train,0.6369341611862183,pdb_00008too_B_A
7036,2,train,1.212817907333374,pdb_00009kyz_A_B
7037,2,train,1.100946307182312,pdb_00009oea_H_L
7038,2,train,1.4762541055679321,pdb_00003h3b_C2_C1
7039,2,train,0.9242940545082092,pdb_00009os5_H_K
7040,2,train,0.9364722371101379,pdb_00009b2m_J_K
7041,2,train,0.029081707820296288,pdb_00003nid_E_F
7042,2,train,0.7769575119018555,pdb_00005xmh_H_L
7043,2,train,0.8176442384719849,pdb_00007uvq_C_B
7044,2,train,1.394703984260559,pdb_00005c0n_H_L
7045,2,train,0.9751518964767456,pdb_00002vir_B_A
7046,2,train,0.04777868464589119,pdb_00009v1h_E1_E2
7047,2,train,0.016314197331666946,pdb_00008wrb_E1_E2
7048,2,train,0.013959427364170551,pdb_00009pxv_E1_E2
7049,2,train,0.014645511284470558,pdb_00009l80_S1_S2
7050,2,train,0.946286678314209,pdb_00009ebc_G_H
7051,2,train,0.021658645942807198,pdb_00008u1u_E1_E2
7052,2,train,0.04526917263865471,pdb_00007kh0_S1_S2
7053,2,train,0.07541823387145996,pdb_00007k61_M2_M1
7054,2,train,0.8482826352119446,pdb_00006wzl_C_D
7055,2,train,0.03810655698180199,pdb_00008t3s_N1_N2
7056,2,train,0.7470698356628418,pdb_00007rxl_H_L
7057,2,train,0.8497233390808105,pdb_00008cxg_G_I
7058,2,train,0.009862098842859268,pdb_00006xox_E1_E2
7059,2,train,0.04149439558386803,pdb_00007k5y_N2_N1
7060,2,train,0.21157389879226685,pdb_00006k5f_C_D
7061,2,train,1.3919540643692017,pdb_00008g5b_J_N
7062,2,train,1.1476970911026,pdb_00004fp8_I_M
7063,2,train,0.09790301322937012,pdb_00002atk_A_B
7064,2,train,0.9287930130958557,pdb_00007uxl_A_B
7065,2,train,0.843799352645874,pdb_00007qny_A_B
7066,2,train,0.652451753616333,pdb_00001dee_D_C
7067,2,train,0.7156277298927307,pdb_00009vft_F_E
7068,2,train,0.45510610938072205,pdb_00008caf_D_C
7069,2,train,0.5041436553001404,pdb_00007zmk_G_H
7070,2,train,1.0923062562942505,pdb_00007mmo_A_B
7071,2,train,0.013208409771323204,pdb_00008j18_S1_S2
7072,2,train,0.6664100289344788,pdb_00003u30_C_B
7073,2,train,0.035162437707185745,pdb_00007xav_E1_E2
7074,2,train,0.8484801650047302,pdb_00006hjp_K_L
7075,2,train,1.1071646213531494,pdb_00007xj9_K_J
7076,2,train,0.04401281848549843,pdb_00007ukp_E_F
7077,2,train,1.0976914167404175,pdb_00006t9e_HHH_LLL
7078,2,train,0.8332954049110413,pdb_00008eoo_F_K
7079,2,train,0.7487082481384277,pdb_00007c81_H_L
7080,2,train,0.017727147787809372,pdb_00009jkt_S1_S2
7081,2,train,0.7851107716560364,pdb_00007rxi_H_L
7082,2,train,1.1466000080108643,pdb_00008zre_H_L
7083,2,train,0.01307121105492115,pdb_00007tuz_E1_E2
7084,2,train,0.881303608417511,pdb_00007m7w_E_F
7085,2,train,0.6743413805961609,pdb_00008bg3_C1_C2
7086,2,train,1.0254387855529785,pdb_00008sis_H_L
7087,2,train,0.009432457387447357,pdb_00008jlq_S1_S2
7088,2,train,0.4557693898677826,pdb_00009wb3_B_C
7089,2,train,0.8839130401611328,pdb_00001p2c_E_D
7090,2,train,1.1542575359344482,pdb_00006hga_H_L
7091,2,train,1.119434118270874,pdb_00003bsz_H_L
7092,2,train,0.716917872428894,pdb_00005wko_E_F
7093,2,train,1.1377291679382324,pdb_00008e8r_H_L
7094,2,train,0.029770253226161003,pdb_00009l79_S1_S2
7095,2,train,0.39431554079055786,pdb_00008vgh_K_L
7096,2,train,1.1233365535736084,pdb_00008xa4_C_D
7097,2,train,0.010211045853793621,pdb_00007ew4_S1_S2
7098,2,train,0.009854210540652275,pdb_00009upu_S1_S2
7099,2,train,0.624237596988678,pdb_00006pe9_E_F
7100,2,train,0.5109437704086304,pdb_00004tnw_W_f
7101,2,train,0.020006107166409492,pdb_00009iza_S1_S2
7102,2,train,0.7739687561988831,pdb_00008y3k_G_H
7103,2,train,0.020718947052955627,pdb_00008jei_S1_S2
7104,2,train,1.3015203475952148,pdb_00008tbq_A_B
7105,2,train,1.103131890296936,pdb_00008tpa_I_J
7106,2,train,0.059071000665426254,pdb_00008spu_K1_K2
7107,2,train,0.029581714421510696,pdb_00008i9s_H1_H2
7108,2,train,0.9785500168800354,pdb_00007x3c_H_L
7109,2,train,0.01340762060135603,pdb_00009d0a_E1_E2
7110,2,train,1.2726927995681763,pdb_00008bcz_A_B
7111,2,train,0.7472829818725586,pdb_00007lq7_T_U
7112,2,train,1.027669072151184,pdb_00003qwo_H_L
7113,2,train,0.7648910880088806,pdb_00007f3q_H_L
7114,2,train,0.026504116132855415,pdb_00002vdo_H_L
7115,2,train,0.8495941758155823,pdb_00008hrd_G_H
7116,2,train,0.008317641913890839,pdb_00007wz4_S1_S2
7117,2,train,0.9167008399963379,pdb_00008w5m_H_L
7118,2,train,0.5729502439498901,pdb_00007xj9_I_H
7119,2,train,1.1456507444381714,pdb_00009ml8_P_Q
7120,2,train,0.031024958938360214,pdb_00009f34_E1_E2
7121,2,train,0.8729588985443115,pdb_00009lp1_A_B
7122,2,train,0.008016055449843407,pdb_00008z7j_S1_S2
7123,2,train,0.03732621669769287,pdb_00007ydj_E1_E2
7124,2,train,0.7465068697929382,pdb_00009b82_P_O
7125,2,train,0.42564037442207336,pdb_00005aaw_A1_A2
7126,2,train,0.026386523619294167,pdb_00007u0i_K1_K2
7127,2,train,0.018191248178482056,pdb_00008jil_S1_S2
7128,2,train,0.42367100715637207,pdb_00004ioi_B_A
7129,2,train,0.5066214203834534,pdb_00003d9a_H_L
7130,2,train,0.9665935039520264,pdb_00007wph_H_L
7131,2,train,0.050980329513549805,pdb_00008jxx_E1_E2
7132,2,train,0.19007153809070587,pdb_00006vmk_V_U
7133,2,train,0.04501935467123985,pdb_00008id9_S1_S2
7134,2,train,0.009632835164666176,pdb_00007tct_E_F
7135,2,train,0.44000276923179626,pdb_00007kfw_C_D
7136,2,train,0.24134497344493866,pdb_00006z2m_H_L
7137,2,train,1.0221233367919922,pdb_00009h6u_H_L
7138,2,train,0.23487691581249237,pdb_00009nz4_F_E
7139,2,train,0.13722458481788635,pdb_00002boc_A_B
7140,2,train,1.2872477769851685,pdb_00009mtg_I_J
7141,2,train,0.5134040117263794,pdb_00007ek0_H_L
7142,2,train,0.010655445046722889,pdb_00008xqt_S1_S2
7143,2,train,0.804936945438385,pdb_00007wvl_H_L
7144,2,train,0.05973102152347565,pdb_00008j23_F1_F2
7145,2,train,1.212151050567627,pdb_00001qfu_H_L
7146,2,train,0.7778823971748352,pdb_00008w84_A_B
7147,2,train,0.6626090407371521,pdb_00009ccs_C_B
7148,2,train,1.0747348070144653,pdb_00007uvi_A_B
7149,2,train,0.40320441126823425,pdb_00007k9z_H_L
7150,2,train,1.1896108388900757,pdb_00004ut6_H_L
7151,2,train,0.9118257164955139,pdb_00007m42_B_A
7152,2,train,0.11112484335899353,pdb_00006vmk_M_L
7153,2,train,0.07758427411317825,pdb_00006e0c_M1_M2
7154,2,train,0.9995124936103821,pdb_00007lf7_A_B
7155,2,train,1.2765579223632812,pdb_00002vxq_H_L
7156,2,train,1.1158462762832642,pdb_00008tea_F_I
7157,2,train,0.7762274742126465,pdb_00005ugy_H_L
7158,2,train,0.5486856698989868,pdb_00008jkf_m_n
7159,2,train,0.6373382210731506,pdb_00008vgk_F_E
7160,2,train,1.1095861196517944,pdb_00007yh6_H_L
7161,2,train,0.2273918241262436,pdb_00009oun_H_L
7162,2,train,0.660191535949707,pdb_00007dk2_D_E
7163,2,train,0.4156491756439209,pdb_00008smt_I_J
7164,2,train,0.813205361366272,pdb_00006wtu_H_I
7165,2,train,0.35950496792793274,pdb_00003rif_G_K
7166,2,train,0.9090148210525513,pdb_00008jqs_h_l
7167,2,train,0.15448570251464844,pdb_00006x3v_K_L
7168,2,train,0.027532482519745827,pdb_00007f2o_S1_S2
7169,2,train,0.01053556427359581,pdb_00008g59_S1_S2
7170,2,train,0.7171646952629089,pdb_00003c09_H_L
7171,2,train,1.262721061706543,pdb_00009xth_B_C
7172,2,train,0.2745397090911865,pdb_00004tnw_U_h
7173,2,train,0.8538055419921875,pdb_00007f15_B1_B2
7174,2,train,1.908589482307434,pdb_00009lbw_H_L
7175,2,train,1.1585743427276611,pdb_00009e3k_J_K
7176,2,train,1.2943053245544434,pdb_00006ivz_H_L
7177,2,train,1.1002849340438843,pdb_00002ybr_G_H
7178,2,train,0.35321810841560364,pdb_00007mzh_H_L
7179,2,train,0.9848541617393494,pdb_00008z6x_B_C
7180,2,train,0.017811765894293785,pdb_00008x2k_E1_E2
7181,2,train,1.2964065074920654,pdb_00007s11_H_L
7182,2,train,0.49706462025642395,pdb_00007zmk_M_N
7183,2,train,0.755025327205658,pdb_00007bbj_H_L
7184,2,train,0.9896528720855713,pdb_00009cq7_H_I
7185,2,train,0.028941933065652847,pdb_00009w6w_E1_E2
7186,2,train,0.034425050020217896,pdb_00008gur_S1_S2
7187,2,train,0.024149145931005478,pdb_00008ejk_E1_E2
7188,2,train,0.9950753450393677,pdb_00008gpu_H_L
7189,2,train,2.2004587650299072,pdb_00005i9q_B_C
7190,2,train,0.8191964030265808,pdb_00007deu_B1_B2
7191,2,train,0.10154030472040176,pdb_00003f7y_A_B
7192,2,train,0.020374450832605362,pdb_00008jef_S1_S2
7193,2,train,0.023326929658651352,pdb_00003ze2_H_L
7194,2,train,0.03348010778427124,pdb_00007vdl_S1_S2
7195,2,train,0.6659773588180542,pdb_00001kip_B_A
7196,2,train,0.8347352743148804,pdb_00006n5d_E_F
7197,2,train,0.02459041215479374,pdb_00007e9g_D1_D2
7198,2,train,0.5965010523796082,pdb_00003rif_I_O
7199,2,train,1.0104963779449463,pdb_00009n4e_Q_P
7200,2,train,0.5029109120368958,pdb_00007xei_E_F
7201,2,train,0.6076321005821228,pdb_00006vvu_E_F
7202,2,train,0.15061262249946594,pdb_00008dd2_K_L
7203,2,train,0.8974065184593201,pdb_00006u6u_H_L
7204,2,train,0.5300023555755615,pdb_00007whz_H_L
7205,2,train,0.6840812563896179,pdb_00002i9l_D_C
7206,2,train,0.23563943803310394,pdb_00006zh9_HHH_LLL
7207,2,train,0.0800563246011734,pdb_00006x3v_J_I
7208,2,train,0.11098944395780563,pdb_00006vmk_l_k
7209,2,train,0.018929122015833855,pdb_00007ucy_E_F
7210,2,train,0.07211150228977203,pdb_00006vmk_c_b
7211,2,train,0.04347006231546402,pdb_00009jr3_S1_S2
7212,2,train,1.048710584640503,pdb_00004hg4_Z_z
7213,2,train,1.0853854417800903,pdb_00005e94_D_C
7214,2,train,0.03127779811620712,pdb_00008hqn_H1_H2
7215,2,train,1.023239016532898,pdb_00006wm9_B_C
7216,2,train,0.015515550039708614,pdb_00009j0b_S1_S2
7217,2,train,1.3071480989456177,pdb_00008jeo_E_F
7218,2,train,0.8394479155540466,pdb_00007v3g_I_M
7219,2,train,0.02234002761542797,pdb_00007t10_S1_S2
7220,2,train,0.6322733759880066,pdb_00002dd8_H_L
7221,2,train,1.0666066408157349,pdb_00006ban_B_A
7222,2,train,0.6292825937271118,pdb_00002jix_D_G
7223,2,train,1.0330876111984253,pdb_00007mzj_H_L
7224,2,train,0.31741705536842346,pdb_00008vgk_J_I
7225,2,train,0.7633598446846008,pdb_00007kn3_M_N
7226,2,train,0.6954762935638428,pdb_00009n8j_F_G
7227,2,train,0.03895225748419762,pdb_00009m55_S1_S2
7228,2,train,0.0413799062371254,pdb_00007tmz_E_F
7229,2,train,0.9680574536323547,pdb_00009b2m_H_L
7230,2,train,0.8405790328979492,pdb_00002yc1_A_B
7231,2,train,1.2357479333877563,pdb_00008hrd_C_E
7232,2,train,0.06763662397861481,pdb_00008evh_M1_M2
7233,2,train,0.737521231174469,pdb_00005jz7_G_I
7234,2,train,0.8462258577346802,pdb_00003v6z_A_B
7235,2,train,0.01710859313607216,pdb_00008ia7_E1_E2
7236,2,train,0.8624265193939209,pdb_00008dis_B_G
7237,2,train,0.06999318301677704,pdb_00009kt7_E1_E2
7238,2,train,0.3957492709159851,pdb_00007xeg_C_D
7239,2,train,0.8308534026145935,pdb_00006ww5_E_F
7240,2,train,0.2963302731513977,pdb_00002qr0_R_Q
7241,2,train,1.1584421396255493,pdb_00009mtk_I_J
7242,2,train,1.0372828245162964,pdb_00007scn_J_K
7243,2,train,0.2041141241788864,pdb_00002dqf_E_D
7244,2,train,0.016721146181225777,pdb_00009ydu_E1_E2
7245,2,train,0.9706245064735413,pdb_00008khd_H_J
7246,2,train,0.7300874590873718,pdb_00008dcc_H_L
7247,2,train,1.0891073942184448,pdb_00008e8s_H_L
7248,2,train,0.6465489268302917,pdb_00009huo_C_D
7249,2,train,0.03179047256708145,pdb_00009o36_E1_E2
7250,2,train,0.015740131959319115,pdb_00009w49_S1_S2
7251,2,train,0.03162156045436859,pdb_00007ezm_H1_H2
7252,2,train,0.7833741307258606,pdb_00008oxx_B_C
7253,2,train,0.22406728565692902,pdb_00009ouq_J_K
7254,2,train,0.0089006582275033,pdb_00009vjg_E1_E2
7255,2,train,0.7145628333091736,pdb_00007lfa_H_L
7256,2,train,0.018747564405202866,pdb_00008jgg_S1_S2
7257,2,train,0.027267951518297195,pdb_00009jkx_S1_S2
7258,2,train,0.03745730221271515,pdb_00008syp_M1_M2
7259,2,train,1.0081905126571655,pdb_00006bpa_E_F
7260,2,train,1.310502052307129,pdb_00008p5m_G_L
7261,2,train,0.8904482126235962,pdb_00008zdw_F_E
7262,2,train,0.2337811440229416,pdb_00008vgj_H_G
7263,2,train,0.056592151522636414,pdb_00002fed_C_D
7264,2,train,0.779471755027771,pdb_00007mem_G_J
7265,2,train,0.6403836607933044,pdb_00004ma8_H_L
7266,2,train,1.5468387603759766,pdb_00008w0y_A_B
7267,2,train,0.23610958456993103,pdb_00009nz3_D_C
7268,2,train,1.0055066347122192,pdb_00008go8_I_M
7269,2,train,0.44918832182884216,pdb_00006b3s_C_D
7270,2,train,0.023300249129533768,pdb_00007xa3_E1_E2
7271,2,train,0.02496996521949768,pdb_00007ukt_E_F
7272,2,train,0.3271598219871521,pdb_00001nby_B_A
7273,2,train,0.007985498756170273,pdb_00008xbe_S1_S2
7274,2,train,0.01673293113708496,pdb_00009lr1_S1_S2
7275,2,train,0.03099079057574272,pdb_00007ue0_E_F
7276,2,train,1.200238585472107,pdb_00004ubd_O_P
7277,2,train,0.606769323348999,pdb_00007vag_H_L
7278,2,train,0.007498100399971008,pdb_00007y15_S1_S2
7279,2,train,0.593725323677063,pdb_00009cia_D_C
7280,2,train,0.04518905654549599,pdb_00008ubl_M2_M1
7281,2,train,0.04859267547726631,pdb_00009p0m_F1_F2
7282,2,train,0.7062742114067078,pdb_00007u9e_B1_B2
7283,2,train,0.8019275665283203,pdb_00007kzb_H_L
7284,2,train,0.6437481045722961,pdb_00008xse_H_L
7285,2,train,0.6884680390357971,pdb_00009me6_I_M
7286,2,train,0.009194932878017426,pdb_00009ll7_S1_S2
7287,2,train,0.725183367729187,pdb_00009bao_E_F
7288,2,train,1.0715032815933228,pdb_00009bdi_C_D
7289,2,train,0.02151496522128582,pdb_00004fg6_C_D
7290,2,train,1.602879524230957,pdb_00006cvk_B2_B1
7291,2,train,0.5918273329734802,pdb_00008tui_H_L
7292,2,train,1.248175859451294,pdb_00006wtv_K_L
7293,2,train,0.03649904578924179,pdb_00003t3m_E_F
7294,2,train,0.06821086257696152,pdb_00004lcu_A_B
7295,2,train,0.7034615874290466,pdb_00006a3w_A_B
7296,2,train,0.014878814108669758,pdb_00003t3p_E_F
7297,2,train,0.5534204244613647,pdb_00009lbs_D_C
7298,2,train,0.02348705567419529,pdb_00007cvt_E_F
7299,2,train,1.0773924589157104,pdb_00004lvh_E_F
7300,2,train,0.028322523459792137,pdb_00006k41_H1_H2
7301,2,train,0.8870792388916016,pdb_00007zoz_H_L
7302,2,train,1.2732607126235962,pdb_00007kqh_C_D
7303,2,train,0.13337302207946777,pdb_00009vmp_S1_S2
7304,2,train,0.03861221671104431,pdb_00008irs_E1_E2
7305,2,train,1.119120717048645,pdb_00009oar_H_L
7306,2,train,0.6250412464141846,pdb_00007m6d_H_L
7307,2,train,1.0144660472869873,pdb_00008cii_A_B
7308,2,train,0.18977029621601105,pdb_00009zqa_I2_I1
7309,2,train,0.06362549215555191,pdb_00003det_C_D
7310,2,train,0.8202916383743286,pdb_00007ycn_C_D
7311,2,train,1.3460478782653809,pdb_00008tp5_J_K
7312,2,train,0.32870596647262573,pdb_00008wo4_D_C
7313,2,train,1.2088464498519897,pdb_00002zck_H_L
7314,2,train,0.1647271364927292,pdb_00006w0j_A_B
7315,2,train,0.7619991898536682,pdb_00008dis_A_C
7316,2,train,0.7101234793663025,pdb_00004gxu_W_X
7317,2,train,1.2228336334228516,pdb_00005w3m_E_G
7318,2,train,0.7593095302581787,pdb_00007chc_A_B
7319,2,train,0.8370535373687744,pdb_00002bdn_H_L
7320,2,train,0.976270318031311,pdb_00008yx9_G_I
7321,2,train,0.9772394895553589,pdb_00002vit_B_A
7322,2,train,0.27407652139663696,pdb_00008vgj_J_I
7323,2,train,1.2194632291793823,pdb_00008zd6_E_F
7324,2,train,0.6453349590301514,pdb_00007lq7_y_z
7325,2,train,0.028379442170262337,pdb_00008xjk_E1_E2
7326,2,train,0.9882928133010864,pdb_00005w3l_E_G
7327,2,train,1.060905933380127,pdb_00007ykj_A_D
7328,2,train,0.9522577524185181,pdb_00009azv_H_L
7329,2,train,0.9390863180160522,pdb_00008cxg_h_l
7330,2,train,0.293899267911911,pdb_00009ouo_J_K
7331,2,train,0.5996221899986267,pdb_00004ttd_H_L
7332,2,train,0.023740295320749283,pdb_00002htk_E_F
7333,2,train,0.5841140747070312,pdb_00008dww_H_L
7334,2,train,1.2706046104431152,pdb_00007mxl_A_B
7335,2,train,0.9002009630203247,pdb_00007quh_H_L
7336,2,train,0.5947297215461731,pdb_00009zqc_J2_J1
7337,2,train,0.7629633545875549,pdb_00007wur_E_F
7338,2,train,0.022195124998688698,pdb_00007t6s_E1_E2
7339,2,train,0.7257049679756165,pdb_00008dxt_H_L
7340,2,train,0.8020352125167847,pdb_00003fku_T1_T2
7341,2,train,0.3483656048774719,pdb_00007qez_E_F
7342,2,train,1.1095573902130127,pdb_00008ygs_H_L
7343,2,train,0.9168471693992615,pdb_00007yds_B_C
7344,2,train,0.8886855244636536,pdb_00007t0z_H_L
7345,2,train,0.85819411277771,pdb_00008tx3_H_L
7346,2,train,0.04500911384820938,pdb_00009k27_D1_D2
7347,2,train,0.9013717174530029,pdb_00009dm0_C_D
7348,2,train,0.7541813254356384,pdb_00007bwj_H_L
7349,2,train,1.0434099435806274,pdb_00007l5j_Y_X
7350,2,train,0.10694167017936707,pdb_00009iv6_S1_S2
7351,2,train,1.1563434600830078,pdb_00008dwy_X_W
7352,2,train,0.2464439570903778,pdb_00008sgo_K_L
7353,2,train,1.0445595979690552,pdb_00007w71_I_M
7354,2,train,0.7340090870857239,pdb_00007m7w_C_D
7355,2,train,0.05520893633365631,pdb_00004z7q_E_F
7356,2,train,0.73114013671875,pdb_00008hrd_D_F
7357,2,train,0.6069064140319824,pdb_00009cia_B_A
7358,2,train,0.024341322481632233,pdb_00002vdp_H_L
7359,2,train,0.8530162572860718,pdb_00007fcp_H_L
7360,2,train,0.975328266620636,pdb_00006woz_E_F
7361,2,train,0.05521252006292343,pdb_00002htl_E_F
7362,2,train,0.00962745025753975,pdb_00007aue_S1_S2
7363,2,train,0.025207631289958954,pdb_00007wig_S1_S2
7364,2,train,0.011758379638195038,pdb_00008hnl_S1_S2
7365,2,train,1.284584641456604,pdb_00006wex_H_L
7366,2,train,0.2892971336841583,pdb_00008vgk_K_L
7367,2,train,0.013110274448990822,pdb_00007ew2_S1_S2
7368,2,train,0.04895927011966705,pdb_00008iys_E1_E2
7369,2,train,0.9711805582046509,pdb_00007t3d_P_R
7370,2,train,0.8137040138244629,pdb_00009b82_R_Q
7371,2,train,0.0094984732568264,pdb_00008jz7_S1_S2
7372,2,train,0.38029682636260986,pdb_00008cwv_H_L
7373,2,train,0.01690986193716526,pdb_00009jeq_S1_S2
7374,2,train,0.9481881856918335,pdb_00006ejg_D2_D1
7375,2,train,0.5551685094833374,pdb_00003ri5_I_O
7376,2,train,1.1362417936325073,pdb_00007y0w_A_B
7377,2,train,0.008795255795121193,pdb_00009jh6_S1_S2
7378,2,train,0.902763843536377,pdb_00009ds1_H_L
7379,2,train,0.9022372364997864,pdb_00009mtj_I_J
7380,2,train,1.512941837310791,pdb_00005tfw_H_L
7381,2,train,0.060567233711481094,pdb_00008iec_N1_N2
7382,2,train,0.6205164194107056,pdb_00006cyf_F_E
7383,2,train,1.3486989736557007,pdb_00008w5f_H_L
7384,2,train,0.037094201892614365,pdb_00008hqm_H1_H2
7385,2,train,0.015306320041418076,pdb_00008yn7_E1_E2
7386,2,train,0.5783343315124512,pdb_00008oz3_H_L
7387,2,train,0.9708059430122375,pdb_00007zwi_E_F
7388,2,train,1.1798701286315918,pdb_00006suz_H_L
7389,2,train,0.008263484574854374,pdb_00007x2v_E1_E2
7390,2,train,0.11285237222909927,pdb_00007k78_L1_L2
7391,2,train,1.175246238708496,pdb_00009oap_H_L
7392,2,train,0.7212126851081848,pdb_00003sob_H_L
7393,2,train,0.047227997332811356,pdb_00006ad8_E_F
7394,2,train,0.7168287634849548,pdb_00008y3h_I_J
7395,2,train,0.6131803393363953,pdb_00007dpm_A_B
7396,2,train,0.8005188703536987,pdb_00007fci_H_L
7397,2,train,0.010908379219472408,pdb_00009v81_E1_E2
7398,2,train,0.5293489694595337,pdb_00009k6j_A_B
7399,2,train,0.4880310595035553,pdb_00008caf_B_A
7400,2,train,0.049447763711214066,pdb_00008efb_E1_E2
7401,2,train,1.2800959348678589,pdb_00009oi3_M_N
7402,2,train,0.7184137105941772,pdb_00008vgm_H_L
7403,2,train,1.0400992631912231,pdb_00005w3o_D_E
7404,2,train,0.03396688401699066,pdb_00008wwi_E1_E2
7405,2,train,0.7933210730552673,pdb_00009lf8_H_L
7406,2,train,1.166892170906067,pdb_00008p12_H_L
7407,2,train,0.6795742511749268,pdb_00007d6i_B_C
7408,2,train,0.7415797710418701,pdb_00006vja_I_M
7409,2,train,1.080321192741394,pdb_00006oc3_C_D
7410,2,train,0.7158337831497192,pdb_00007t3d_J_M
7411,2,train,0.013877706602215767,pdb_00008jgf_E1_E2
7412,2,train,0.5970911979675293,pdb_00007zmk_V_W
7413,2,train,0.7769566178321838,pdb_00006ban_F_E
7414,2,train,0.7654392719268799,pdb_00006xq2_C_B
7415,2,train,0.5775095224380493,pdb_00007mem_I_K
7416,2,train,0.7568438053131104,pdb_00006vgr_C_D
7417,2,train,0.03142690286040306,pdb_00009kug_H1_H2
7418,2,train,0.020198268815875053,pdb_00008ghv_S1_S2
7419,2,train,0.5589665174484253,pdb_00005cbe_C_D
7420,2,train,0.7550569772720337,pdb_00005ggt_H_L
7421,2,train,0.013400309719145298,pdb_00008xjm_E1_E2
7422,2,train,0.021242253482341766,pdb_00008e9y_E1_E2
7423,2,train,0.8377609252929688,pdb_00007ahu_H_L
7424,2,train,0.017333341762423515,pdb_00009le0_S1_S2
7425,2,train,0.7898809313774109,pdb_00007x6o_I_K
7426,2,train,0.01173353660851717,pdb_00006lfo_S1_S2
7427,2,train,0.5790038108825684,pdb_00003v4v_M_N
7428,2,train,0.19276458024978638,pdb_00009zqb_I2_I1
7429,2,train,0.010941753163933754,pdb_00008z3m_S1_S2
7430,2,train,1.1023536920547485,pdb_00009t5z_H_L
7431,2,train,0.01031463872641325,pdb_00008kfy_S1_S2
7432,2,train,1.0914164781570435,pdb_00008hq7_H_L
7433,2,train,0.8364624381065369,pdb_00005kov_K1_K2
7434,2,train,0.6243151426315308,pdb_00008hn6_C_D
7435,2,train,0.8211976289749146,pdb_00006oc3_A_B
7436,2,train,0.018950248137116432,pdb_00007yk6_S1_S2
7437,2,train,0.38298705220222473,pdb_00008f2j_I_J
7438,2,train,0.0726872980594635,pdb_00007k5x_N2_N1
7439,2,train,0.034110814332962036,pdb_00008x17_H1_H2
7440,2,train,0.9938018321990967,pdb_00008cbf_H_L
7441,2,train,0.7784366011619568,pdb_00009iz9_S_T
7442,2,train,1.0762782096862793,pdb_00002w9e_H_L
7443,2,train,0.7290920615196228,pdb_00009vfu_E_F
7444,2,train,0.6915262937545776,pdb_00009q71_K_L
7445,2,train,0.009853304363787174,pdb_00008y01_S1_S2
7446,2,train,0.026584429666399956,pdb_00009m1o_S1_S2
7447,2,train,0.5993425250053406,pdb_00007dpm_J_K
7448,2,train,0.7231062054634094,pdb_00008jio_C_B
7449,2,train,0.6535680890083313,pdb_00004m62_H_L
7450,2,train,0.02926364541053772,pdb_00003nif_E_F
7451,2,train,0.06899654865264893,pdb_00008vrn_K_L
7452,2,train,0.022919273003935814,pdb_00009b5y_N1_N2
7453,2,train,0.014128236100077629,pdb_00009vmy_E1_E2
7454,2,train,0.8293169140815735,pdb_00007yrh_F_E
7455,2,train,0.05797614902257919,pdb_00008xxz_S1_S2
7456,2,train,1.090142011642456,pdb_00009rim_H_L
7457,2,train,0.033225394785404205,pdb_00007ykd_S1_S2
7458,2,train,0.6835294961929321,pdb_00003fku_Y1_Y2
7459,2,train,0.5571802854537964,pdb_00008eqf_H_L
7460,2,train,0.795340895652771,pdb_00009f91_E_F
7461,2,train,1.373719334602356,pdb_00009leo_C_D
7462,2,train,0.8195065259933472,pdb_00007sd5_H_L
7463,2,train,0.6251839399337769,pdb_00009n4f_M_N
7464,2,train,0.16705282032489777,pdb_00009nz5_F_E
7465,2,train,0.2286411076784134,pdb_00004tnw_G_K
7466,2,train,0.13148243725299835,pdb_00009ge2_F1_F2
7467,2,train,0.6795824766159058,pdb_00008xsj_H_L
7468,2,train,0.018951890990138054,pdb_00009iqt_E1_E2
7469,2,train,0.42035213112831116,pdb_00007f6z_H_L
7470,2,train,0.5002675652503967,pdb_00006j6y_E_F
7471,2,train,0.5667770504951477,pdb_00006iap_E_D
7472,2,train,0.019306398928165436,pdb_00007exd_E1_E2
7473,2,train,0.1477881669998169,pdb_00003a6b_H_L
7474,2,train,0.410554438829422,pdb_00006txz_J_N
7475,2,train,0.028395891189575195,pdb_00008wwh_E1_E2
7476,2,train,0.8447291851043701,pdb_00008dwy_Z_Y
7477,2,train,1.156484842300415,pdb_00004f37_H_L
7478,2,train,1.2705717086791992,pdb_00009kvk_A_B
7479,2,train,0.027930285781621933,pdb_00008e9z_E1_E2
7480,2,train,0.025362391024827957,pdb_00007yk7_S1_S2
7481,2,train,0.6354180574417114,pdb_00008too_H_E
7482,2,train,0.8074877858161926,pdb_00008sit_M_N
7483,2,train,0.9222167134284973,pdb_00001tqc_B_C
7484,2,train,1.4028608798980713,pdb_00009jub_B_C
7485,2,train,0.659857451915741,pdb_00009lrh_H_L
7486,2,train,0.016135016456246376,pdb_00008xor_E1_E2
7487,2,train,1.1704039573669434,pdb_00006gff_N_M
7488,2,train,0.13307560980319977,pdb_00001ic5_H_L
7489,2,train,0.4348469376564026,pdb_00005x8l_H_M
7490,2,train,0.4896221458911896,pdb_00006kyz_B_C
7491,2,train,0.58419269323349,pdb_00007ws2_E_D
7492,2,train,0.43468379974365234,pdb_00007cjf_A_B
7493,2,train,1.1280595064163208,pdb_00008e8z_H_L
7494,2,train,0.03309383615851402,pdb_00008ubl_N2_N1
7495,2,train,0.9336430430412292,pdb_00002x7l_G_I
7496,2,train,1.0268975496292114,pdb_00007cqd_H_L
7497,2,train,0.024018367752432823,pdb_00008kfz_S1_S2
7498,2,train,1.0689777135849,pdb_00007t82_H_L
7499,2,train,1.0929081439971924,pdb_00008v52_D_C
7500,2,train,0.35124942660331726,pdb_00008hws_H_L
7501,2,train,1.1893079280853271,pdb_00003lh2_K_O
7502,2,train,0.8455671072006226,pdb_00009ebc_I_J
7503,2,train,0.798363208770752,pdb_00008gv6_I_J
7504,2,train,0.3919979929924011,pdb_00007zmk_J_K
7505,2,train,0.037977609783411026,pdb_00008z9p_S1_S2
7506,2,train,0.9483411312103271,pdb_00007y3o_H_L
7507,2,train,1.164705753326416,pdb_00007c88_A_B
7508,2,train,0.9016687870025635,pdb_00008fhy_H_L
7509,2,train,0.01664675772190094,pdb_00003nig_H_L
7510,2,train,0.21575205028057098,pdb_00008vgk_H_G
7511,2,train,0.6051024794578552,pdb_00008bg3_A1_A2
7512,2,train,0.46401169896125793,pdb_00001kiq_B_A
7513,2,train,0.15451711416244507,pdb_00006vmk_E_D
7514,2,train,1.0928003787994385,pdb_00002r29_H_L
7515,2,train,0.0338442400097847,pdb_00009upv_S1_S2
7516,2,train,0.015149768441915512,pdb_00008jbh_E1_E2
7517,2,train,0.7270153760910034,pdb_00006gku_H_L
7518,2,train,0.857753574848175,pdb_00008u4s_H_L
7519,2,train,0.8422837257385254,pdb_00008y3l_G_H
7520,2,train,0.04721623659133911,pdb_00008wwk_E1_E2
7521,2,train,0.02540600672364235,pdb_00007xat_E1_E2
7522,2,train,0.5877129435539246,pdb_00009pw4_C_D
7523,2,train,0.7475364804267883,pdb_00008cxh_h_l
7524,2,train,0.3928913176059723,pdb_00008as0_T_S
7525,2,train,0.01898159459233284,pdb_00007w40_H1_H2
7526,2,train,0.06647850573062897,pdb_00008si9_K_L
7527,2,train,0.04065670445561409,pdb_00009ejc_D1_D2
7528,2,train,0.8705580830574036,pdb_00007jx3_C_D
7529,2,train,0.561180055141449,pdb_00004dn4_H_L
7530,2,train,0.016033684834837914,pdb_00009kxs_H1_H2
7531,2,train,0.7256169319152832,pdb_00007n0u_H_L
7532,2,train,0.04368458315730095,pdb_00009ipv_S1_S2
7533,2,train,0.7724806070327759,pdb_00007rk2_D1_D2
7534,2,train,0.17830556631088257,pdb_00003fb6_A_B
7535,2,train,0.2759340703487396,pdb_00003rif_H_L
7536,2,train,0.6311682462692261,pdb_00009ue0_A_B
7537,2,train,0.9215657114982605,pdb_00007wcr_a_b
7538,2,train,0.16439886391162872,pdb_00008vgi_H_G
7539,2,train,1.0835808515548706,pdb_00009e60_H_L
7540,2,train,0.016242740675807,pdb_00009jkv_S1_S2
7541,2,train,0.03735434636473656,pdb_00001r3k_B_A
7542,2,train,0.4171701967716217,pdb_00007zf9_H_L
7543,2,train,0.843909740447998,pdb_00007l0l_G_J
7544,2,train,0.02408732660114765,pdb_00008j6d_H1_H2
7545,2,train,0.12932899594306946,pdb_00008vgj_F_E
7546,2,train,0.012339257635176182,pdb_00009b54_S1_S2
7547,2,train,0.6916543245315552,pdb_00004kht_H_L
7548,2,train,0.266883909702301,pdb_00008elo_H_L
7549,2,train,0.4754648506641388,pdb_00008j7e_C_D
7550,2,train,0.02232072502374649,pdb_00008kgg_E1_E2
7551,2,train,0.45975643396377563,pdb_00007yck_E_F
7552,2,train,1.4015605449676514,pdb_00009rii_H_L
7553,2,train,0.05500810965895653,pdb_00007e33_E1_E2
7554,2,train,0.44237324595451355,pdb_00007mzk_F_E
7555,2,train,0.05834019184112549,pdb_00008sid_J_I
7556,2,train,0.022024061530828476,pdb_00008xjo_E1_E2
7557,2,train,0.199638232588768,pdb_00002dqd_H_L
7558,2,train,1.0125679969787598,pdb_00009qub_F_E
7559,2,train,1.056290864944458,pdb_00009m7v_H_L
7560,2,train,0.019098572432994843,pdb_00006xbm_S1_S2
7561,2,train,1.1619278192520142,pdb_00006wty_H_I
7562,2,train,0.047406673431396484,pdb_00001otu_E_F
7563,2,train,0.012187645770609379,pdb_00008xxu_E1_E2
7564,2,train,0.044222958385944366,pdb_00008xos_E1_E2
7565,2,train,0.33707863092422485,pdb_00006b9y_B_A
7566,2,train,0.036044277250766754,pdb_00008x16_H1_H2
7567,2,train,0.7165510654449463,pdb_00007sco_J_K
7568,2,train,0.022085746750235558,pdb_00009l42_E1_E2
7569,2,train,1.155259370803833,pdb_00009oi3_I_J
7570,2,train,0.5559238195419312,pdb_00005yoy_R_O
7571,2,train,0.0413924902677536,pdb_00007u0g_O1_O2
7572,2,train,0.012285063043236732,pdb_00008jim_S1_S2
7573,2,train,0.7341070771217346,pdb_00008w83_E_F
7574,2,train,0.008494074456393719,pdb_00009ydv_E1_E2
7575,2,train,0.6855140328407288,pdb_00009q5v_K_J
7576,2,train,0.5533486604690552,pdb_00007eam_C_D
7577,2,train,0.611474335193634,pdb_00009hh9_I_H
7578,2,train,0.7259044051170349,pdb_00009q7b_J_K
7579,2,train,0.7213659882545471,pdb_00008kdt_H_L
7580,2,train,0.6023107767105103,pdb_00005x8l_S_N
7581,2,train,0.5575348734855652,pdb_00004odx_A_L
7582,2,train,0.701663076877594,pdb_00005xmh_D_C
7583,2,train,0.7969008684158325,pdb_00008v5v_c_e
7584,2,train,0.03252774477005005,pdb_00008evg_N1_N2
7585,2,train,0.02118520811200142,pdb_00008y71_E1_E2
7586,2,train,0.25558939576148987,pdb_00006yz7_BBB_CCC
7587,2,train,0.007809567730873823,pdb_00009ldv_S1_S2
7588,2,train,0.6108543276786804,pdb_00007sk8_D_C
7589,2,train,0.011424063704907894,pdb_00006omm_E1_E2
7590,2,train,1.311360239982605,pdb_00005hbv_D_C
7591,2,train,0.669959306716919,pdb_00001tzh_H_L
7592,2,train,0.8651065230369568,pdb_00004khx_H_L
7593,2,train,0.031310368329286575,pdb_00003ze2_E_F
7594,2,train,1.0900089740753174,pdb_00007n0a_B_A
7595,2,train,1.1539015769958496,pdb_00005mo9_H_L
7596,2,train,0.6127625703811646,pdb_00008uwz_A_B
7597,2,train,0.6361541152000427,pdb_00006dkj_A_B
7598,2,train,0.024159399792551994,pdb_00009jmd_E1_E2
7599,2,train,0.0729844942688942,pdb_00003a6c_H_L
7600,2,train,0.832910418510437,pdb_00003rhw_F_N
7601,2,train,0.6644755601882935,pdb_00003nh7_I_M
7602,2,train,1.4080222845077515,pdb_00007rco_F_E
7603,2,train,0.6112053394317627,pdb_00008jqs_H_L
7604,2,train,0.019695844501256943,pdb_00007w56_E1_E2
7605,2,train,0.9436621069908142,pdb_00009qt3_N_O
7606,2,train,1.2379913330078125,pdb_00006glx_C_D
7607,2,train,1.6503021717071533,pdb_00009n5i_H_L
7608,2,train,0.7421132922172546,pdb_00007mzn_H_L
7609,2,train,0.009676833637058735,pdb_00007t6u_E1_E2
7610,2,train,0.870750367641449,pdb_00007ycn_K_L
7611,2,train,0.8367881774902344,pdb_00007ua8_I1_I2
7612,2,train,1.1063125133514404,pdb_00008da1_B_A
7613,2,train,0.8440046906471252,pdb_00009jbq_A_B
7614,2,train,0.04404390975832939,pdb_00008wwm_E1_E2
7615,2,train,0.04725154489278793,pdb_00007vif_E1_E2
7616,2,train,1.132747769355774,pdb_00006wds_H_L
7617,2,train,1.0487009286880493,pdb_00005h35_H_I
7618,2,train,1.169170618057251,pdb_00008gsc_H_L
7619,2,train,0.012809520587325096,pdb_00009kvi_E1_E2
7620,2,train,0.6088650822639465,pdb_00006pe9_C_D
7621,2,train,1.031280755996704,pdb_00008e8y_H_L
7622,2,train,1.5237568616867065,pdb_00009e89_H_L
7623,2,train,1.007927417755127,pdb_00008dwo_S_T
7624,2,train,0.19841495156288147,pdb_00007cvs_C_D
7625,2,train,0.6203184127807617,pdb_00004ma7_H_L
7626,2,train,0.008181260898709297,pdb_00008irt_E1_E2
7627,2,train,0.4407995343208313,pdb_00007sk7_D_C
7628,2,train,0.9697568416595459,pdb_00007c88_H_L
7629,2,train,1.1983124017715454,pdb_00009ma7_D_E
7630,2,train,0.4702695906162262,pdb_00008zyt_D_Q
7631,2,train,0.41745445132255554,pdb_00009cpr_H_L
7632,2,train,0.009564674459397793,pdb_00007y12_S1_S2
7633,2,train,1.0375620126724243,pdb_00009wsx_H_L
7634,2,train,0.7435283660888672,pdb_00007ubs_J1_J2
7635,2,train,0.9196771383285522,pdb_00007xrz_B_A
7636,2,train,1.075486660003662,pdb_00005dur_B_D
7637,2,train,1.4402492046356201,pdb_00009mkn_O_P
7638,2,train,0.7772414088249207,pdb_00007ttm_H_L
7639,2,train,1.0862764120101929,pdb_00006xxv_A_B
7640,2,train,0.6431339979171753,pdb_00009jqv_H_L
7641,2,train,0.858388364315033,pdb_00004np4_I_M
7642,2,train,0.025877386331558228,pdb_00007xw9_S1_S2
7643,2,train,0.37393054366111755,pdb_00008as0_W_V
7644,2,train,0.011198146268725395,pdb_00009izh_S1_S2
7645,2,train,0.3256532549858093,pdb_00002qr0_T_S
7646,2,train,1.3553009033203125,pdb_00006mto_H_L
7647,2,train,1.4553005695343018,pdb_00006xm2_F_E
7648,2,train,0.08686944842338562,pdb_00006adc_E_F
7649,2,train,1.1980561017990112,pdb_00006d0u_K_L
7650,2,train,1.2224889993667603,pdb_00001hys_D_C
7651,2,train,1.2986557483673096,pdb_00003bgf_H_L
7652,2,train,0.009450810961425304,pdb_00007s8n_E1_E2
7653,2,train,0.013133898377418518,pdb_00007y24_S1_S2
7654,2,train,0.6199036836624146,pdb_00008cn9_L_K
7655,2,train,0.7321057915687561,pdb_00007m7b_H_L
7656,2,train,0.027155514806509018,pdb_00002vdl_H_L
7657,2,train,0.20714882016181946,pdb_00009oun_J_K
7658,2,train,0.06901423633098602,pdb_00003fb7_A_B
7659,2,train,0.006069897674024105,pdb_00007y64_S1_S2
7660,2,train,1.248361349105835,pdb_00006u9s_D_E
7661,2,train,1.039218544960022,pdb_00009cu7_J_N
7662,2,train,0.7052927613258362,pdb_00004f2m_A_B
7663,2,train,1.1382821798324585,pdb_00008fdo_A_B
7664,2,train,1.0232011079788208,pdb_00009cds_E_D
7665,2,train,0.02246052958071232,pdb_00009ik8_E1_E2
7666,2,train,0.5629698038101196,pdb_00007cdj_H_L
7667,2,train,0.7924280762672424,pdb_00006n5d_L_N
7668,2,train,0.8595201373100281,pdb_00009os5_I_L
7669,2,train,1.1611586809158325,pdb_00004xzu_A_B
7670,2,train,0.4897555410861969,pdb_00008jkf_h_l
7671,2,train,0.737736165523529,pdb_00001fj1_D_C
7672,2,train,0.053795792162418365,pdb_00008jxw_E1_E2
7673,2,train,0.7402488589286804,pdb_00009og2_D_E
7674,2,train,0.3069511950016022,pdb_00003rhw_H_L
7675,2,train,0.007379432674497366,pdb_00008zbi_F1_F2
7676,2,train,1.2046133279800415,pdb_00009mth_I_J
7677,2,train,0.5281957387924194,pdb_00008i5l_D1_D2
7678,2,train,0.5622466206550598,pdb_00007mzh_B_C
7679,2,train,0.6522790789604187,pdb_00002fjh_H_L
7680,2,train,0.5846636295318604,pdb_00009udq_I_C
7681,2,train,0.6727147698402405,pdb_00001fbi_Q_P
7682,2,train,1.1126282215118408,pdb_00007yd1_A_B
7683,2,train,1.4461501836776733,pdb_00007t4q_F_G
7684,2,train,0.7031098008155823,pdb_00007xcz_B_C
7685,2,train,0.00977027416229248,pdb_00006wwz_S1_S2
7686,2,train,0.04199788346886635,pdb_00008gcp_E1_E2
7687,2,train,0.6646504998207092,pdb_00009q7b_G_I
7688,2,train,0.43557167053222656,pdb_00008jel_I_K
7689,2,train,0.025847189128398895,pdb_00009jid_S1_S2
7690,2,train,1.407493233680725,pdb_00007yvf_C_A
7691,2,train,0.6250343322753906,pdb_00007ws7_G_F
7692,2,train,0.04688069224357605,pdb_00009cm7_N1_N2
7693,2,train,0.040498293936252594,pdb_00006k5a_E_F
7694,2,train,0.024556050077080727,pdb_00009jfy_S1_S2
7695,2,train,1.161745309829712,pdb_00004fqj_H_L
7696,2,train,0.6481953859329224,pdb_00008zh7_H_I
7697,2,train,1.0849372148513794,pdb_00009cq8_C_E
7698,2,train,0.92446368932724,pdb_00001bvk_B_A
7699,2,train,0.5038937926292419,pdb_00003v4p_H_L
7700,2,train,1.0680809020996094,pdb_00008zpq_A_B
7701,2,train,0.01980557292699814,pdb_00009ldw_S1_S2
7702,2,train,0.6905558109283447,pdb_00003g6j_H_G
7703,2,train,1.2921324968338013,pdb_00007yru_H_L
7704,2,train,0.7744198441505432,pdb_00004oii_I_M
7705,2,train,0.04559045284986496,pdb_00008ubk_N2_N1
7706,2,train,1.172218680381775,pdb_00007mkm_H_L
7707,2,train,0.38968995213508606,pdb_00007s0b_C_D
7708,2,train,0.973770797252655,pdb_00001p2c_B_A
7709,2,train,1.1003564596176147,pdb_00005t5f_H_L
7710,2,train,0.720292866230011,pdb_00001fsk_C_B
7711,2,train,1.502071738243103,pdb_00008tnn_J_I
7712,2,train,0.12903232872486115,pdb_00006x3u_J_I
7713,2,train,0.6310892701148987,pdb_00009n4f_H_L
7714,2,train,0.016264289617538452,pdb_00008jso_S1_S2
7715,2,train,0.8314219117164612,pdb_00009quw_F_E
7716,2,train,0.015844976529479027,pdb_00007d77_S1_S2
7717,2,train,0.7648590803146362,pdb_00009jeb_C1_C2
7718,2,train,0.5567710995674133,pdb_00005oca_H_L
7719,2,train,0.012935099191963673,pdb_00009pq0_E1_E2
7720,2,train,0.9369992017745972,pdb_00002oz4_H_L
7721,2,train,0.7701880931854248,pdb_00008bg5_C1_C2
7722,2,train,0.03578188270330429,pdb_00008z8a_S1_S2
7723,2,train,0.017667142674326897,pdb_00007vgy_E1_E2
7724,2,train,0.14682747423648834,pdb_00006k5d_C_D
7725,2,train,0.2438909411430359,pdb_00009ctu_F_E
7726,2,train,0.02149704098701477,pdb_00008i7w_E1_E2
7727,2,train,0.9227494597434998,pdb_00008bg1_J_K
7728,2,train,0.3474227786064148,pdb_00004tnw_V_Z
7729,2,train,0.04209285229444504,pdb_00006e0c_N1_N2
7730,2,train,0.6183983683586121,pdb_00007y6k_E1_E2
7731,2,train,0.9156110882759094,pdb_00004xnm_B_A
7732,2,train,0.640241265296936,pdb_00001xgt_B_A
7733,2,train,0.01805948279798031,pdb_00009k26_S1_S2
7734,2,train,1.1065834760665894,pdb_00009mtg_M_N
7735,2,train,0.8356675505638123,pdb_00004v1d_D_E
7736,2,train,0.6199366450309753,pdb_00008y0y_D1_D4
7737,2,train,0.11114942282438278,pdb_00003f7v_A_B
7738,2,train,1.2605081796646118,pdb_00007t7b_H_L
7739,2,train,0.030498085543513298,pdb_00008yh2_S1_S2
7740,2,train,0.025006894022226334,pdb_00009jhp_S1_S2
7741,2,train,0.4366123080253601,pdb_00007x2k_H_L
7742,2,train,0.29064998030662537,pdb_00005u6a_B_A
7743,2,train,1.0178608894348145,pdb_00006wn1_B_C
7744,2,train,0.8317275643348694,pdb_00008w83_I_J
7745,2,train,0.8341930508613586,pdb_00008g5a_H_L
7746,2,train,0.6925867199897766,pdb_00007lq7_P_Q
7747,2,train,1.49962317943573,pdb_00009rir_H_L
7748,2,train,0.6305401921272278,pdb_00008y31_B_A
7749,2,train,0.6759045720100403,pdb_00008y3h_G_H
7750,2,train,0.016462944447994232,pdb_00007xms_S1_S2
7751,2,train,0.3112965524196625,pdb_00006ad7_C_D
7752,2,train,0.9644998908042908,pdb_00003wkm_H_L
7753,2,train,0.1944921612739563,pdb_00006zlr_BBB_CCC
7754,2,train,0.30202779173851013,pdb_00004tnw_H_L
7755,2,train,0.011150103062391281,pdb_00008xgu_S1_S2
7756,2,train,0.4835070073604584,pdb_00007yck_C_D
7757,2,train,0.6820752620697021,pdb_00009tmp_H_L
7758,2,train,0.5961835384368896,pdb_00007s7i_J_N
7759,2,train,0.012498551979660988,pdb_00007vug_S1_S2
7760,2,train,0.16409297287464142,pdb_00002ht2_C_D
7761,2,train,1.2041431665420532,pdb_00008z39_H_L
7762,2,train,1.2028239965438843,pdb_00008hrd_W_X
7763,2,train,1.200412631034851,pdb_00007x3e_H_L
7764,2,train,0.01926242932677269,pdb_00009kft_S1_S2
7765,2,train,0.06166161596775055,pdb_00002fee_I_L
7766,2,train,1.0736091136932373,pdb_00008ezk_I1_I2
7767,2,train,1.435930609703064,pdb_00006xq0_B_C
7768,2,train,0.8574283719062805,pdb_00005wko_G_H
7769,2,train,1.2636927366256714,pdb_00004u6h_C_D
7770,2,train,0.641886830329895,pdb_00007dk2_J_K
7771,2,train,0.7324559092521667,pdb_00001fsk_F_E
7772,2,train,0.8080847859382629,pdb_00001orq_B_A
7773,2,train,0.9450335502624512,pdb_00006a4k_H_L
7774,2,train,0.015237503685057163,pdb_00009m8l_N1_N2
7775,2,train,0.03445586934685707,pdb_00002hlf_E_F
7776,2,train,0.5129707455635071,pdb_00009l6c_A_B
7777,2,train,0.42510461807250977,pdb_00007mjl_H_L
7778,2,train,0.5984005331993103,pdb_00001mlc_B_A
7779,2,train,0.18663741648197174,pdb_00008vgi_J_I
7780,2,train,0.015498998574912548,pdb_00007v69_S1_S2
7781,2,train,0.47838735580444336,pdb_00005yoy_P_M
7782,2,train,0.5307201147079468,pdb_00008y3k_I_J
7783,2,train,0.0312337726354599,pdb_00008thk_F1_F2
7784,2,train,1.2083706855773926,pdb_00006xm2_D_C
7785,2,train,0.06895467638969421,pdb_00001j1x_H_L
7786,2,train,0.49159082770347595,pdb_00009jy1_P_O
7787,2,train,0.022852472960948944,pdb_00001ots_C_D
7788,2,train,0.07483641803264618,pdb_00007u9v_E_F
7789,2,train,0.7438145875930786,pdb_00004hg4_T_U
7790,2,train,0.8304865956306458,pdb_00004kxz_J_I
7791,2,train,0.0239701047539711,pdb_00001ots_E_F
7792,2,train,0.0237560011446476,pdb_00007ejx_S1_S2
7793,2,train,0.04823483154177666,pdb_00008spu_N1_N2
7794,2,train,0.0391654372215271,pdb_00008j6j_H1_H2
7795,2,train,0.040486592799425125,pdb_00008xyd_E1_E2
7796,2,train,0.4530041813850403,pdb_00003b2u_J_K
7797,2,train,0.015326645225286484,pdb_00006ada_E_F
7798,2,train,0.8669639825820923,pdb_00007lq7_H_L
7799,2,train,0.01249272283166647,pdb_00003nig_E_F
7800,2,train,0.03734024614095688,pdb_00009wp9_C1_C2
7801,2,train,0.34501364827156067,pdb_00008j22_F1_F2
7802,2,train,0.013008847832679749,pdb_00007xbd_E1_E2
7803,2,train,1.5839869976043701,pdb_00004hf5_H_L
7804,2,train,0.016456114128232002,pdb_00008yn5_E1_E2
7805,2,train,0.5508044362068176,pdb_00009azr_H_L
7806,2,train,0.06002696976065636,pdb_00006oij_H1_H2
7807,2,train,0.9534618854522705,pdb_00009cu7_H_L
7808,2,train,0.09004706889390945,pdb_00006x3w_J_I
7809,2,train,0.6517043113708496,pdb_00002h9g_B_A
7810,2,train,0.646879255771637,pdb_00009iz9_M_N
7811,2,train,0.014275306835770607,pdb_00007u60_E_F
7812,2,train,0.5923508405685425,pdb_00004h88_H_L
7813,2,train,0.01764352060854435,pdb_00008y45_S1_S2
7814,2,train,0.3259821832180023,pdb_00003hfm_H_L
7815,2,train,0.3231489360332489,pdb_00006xe1_H_L
7816,2,train,0.21148811280727386,pdb_00002qr0_L_K
7817,2,train,0.021966563537716866,pdb_00008zme_E1_E2
7818,2,train,0.9870784878730774,pdb_00008d7e_D_E
7819,2,train,0.718267560005188,pdb_00008ezk_H1_H2
7820,2,train,0.11955516785383224,pdb_00007e32_E1_E2
7821,2,train,0.03211042284965515,pdb_00009izc_S1_S2
7822,2,train,0.6140393018722534,pdb_00007jum_H1_H2
7823,2,train,1.0464763641357422,pdb_00009mkn_Q_R
7824,2,train,0.96706622838974,pdb_00009mtg_H_L
7825,2,train,0.15794168412685394,pdb_00009nz4_D_C
7826,2,train,1.0767215490341187,pdb_00008uf7_B_A
7827,2,train,0.795819103717804,pdb_00008jqm_H_L
7828,2,train,0.4505405128002167,pdb_00007zmk_B_C
7829,2,train,0.5190761089324951,pdb_00006ii4_E_F
7830,2,train,0.0206779595464468,pdb_00007y89_S1_S2
7831,2,train,2.138840436935425,pdb_00008edf_H_L
7832,2,train,0.852820873260498,pdb_00009ebc_K_L
7833,2,train,0.6937339305877686,pdb_00009axl_H_L
7834,2,train,0.02515960857272148,pdb_00007u0j_N1_N2
7835,2,train,0.02682141587138176,pdb_00009u4w_S1_S2
7836,2,train,0.025184666737914085,pdb_00007sbf_E1_E2
7837,2,train,0.3748931884765625,pdb_00008as2_H_L
7838,2,train,0.6704879403114319,pdb_00007vyt_B_C
7839,2,train,0.8042681217193604,pdb_00008hn7_B_A
7840,2,train,0.6917480826377869,pdb_00009ptm_I_M
7841,2,train,0.16338682174682617,pdb_00006vmk_o_n
7842,2,train,0.9291486740112305,pdb_00008a96_K_J
7843,2,train,0.7348476648330688,pdb_00007wvd_I_J
7844,2,train,1.2260870933532715,pdb_00009e3l_I_J
7845,2,train,0.33815473318099976,pdb_00008wnp_D_C
7846,2,train,0.7092092037200928,pdb_00007vgr_F_E
7847,2,train,0.735380232334137,pdb_00008smi_H_L
7848,2,train,0.20279066264629364,pdb_00006x3t_K_L
7849,2,train,0.38752585649490356,pdb_00008as0_N_M
7850,2,train,0.01719730533659458,pdb_00007db6_E1_E2
7851,2,train,0.276213139295578,pdb_000011oo_H_L
7852,2,train,0.652967095375061,pdb_00008wpw_H_L
7853,2,train,0.5919222235679626,pdb_00007mem_H_L
7854,2,train,0.048371996730566025,pdb_00006dzt_M1_M2
7855,2,train,1.4890050888061523,pdb_00008s72_X_Y
7856,2,train,0.03014366887509823,pdb_00007x9y_S1_S2
7857,2,train,0.03305384889245033,pdb_00009m0r_S1_S2
7858,2,train,1.006928563117981,pdb_00008zre_h_l
7859,2,train,0.5296559929847717,pdb_00009q71_I_J
7860,2,train,0.06950876861810684,pdb_00008ied_N1_N2
7861,2,train,0.7756905555725098,pdb_00007upb_B_E
7862,2,train,0.58745938539505,pdb_00007wqv_N1_N2
7863,2,train,0.03714675456285477,pdb_00009bsb_E1_E2
7864,2,train,0.8399231433868408,pdb_00008yub_D_E
7865,2,train,0.8225638270378113,pdb_00008u4s_B_A
7866,2,train,0.014982503838837147,pdb_00007ydh_E1_E2
7867,2,train,0.7212191820144653,pdb_00009quw_D_C
7868,2,train,0.8251203894615173,pdb_00007zfb_C_D
7869,2,train,1.2677640914916992,pdb_00005gs0_D_C
7870,2,train,1.035379409790039,pdb_00006h3u_H_L
7871,2,train,0.06906785815954208,pdb_00008z65_S1_S2
7872,2,train,0.8884612917900085,pdb_00005y11_A_B
7873,2,train,0.053847216069698334,pdb_00002fee_J_O
7874,2,train,0.1041937842965126,pdb_00008ihh_S1_S2
7875,2,train,0.02482564188539982,pdb_00009d4z_E1_E2
7876,2,train,1.4242768287658691,pdb_00006ddv_B_A
7877,2,train,0.5552497506141663,pdb_00008hn6_A_B
7878,2,train,0.27409523725509644,pdb_00009zqa_J2_J1
7879,2,train,1.1199781894683838,pdb_00008k5g_H_L
7880,2,train,0.9108147621154785,pdb_00007l7e_O_P
7881,2,train,0.5626393556594849,pdb_00007dk0_A_B
7882,2,train,0.021952379494905472,pdb_00009k3l_S1_S2
7883,2,train,0.7346481680870056,pdb_00008cz8_C2_C1
7884,2,train,0.018338030204176903,pdb_00008j6i_H1_H2
7885,2,train,0.018108787015080452,pdb_00001ott_C_D
7886,2,train,0.5380825400352478,pdb_00009irs_S_T
7887,2,train,0.014497735537588596,pdb_00009vje_E1_E2
7888,2,train,0.8645253777503967,pdb_00007uvi_D_E
7889,2,train,0.5224044919013977,pdb_00007wqv_F1_F2
7890,2,train,0.6228222250938416,pdb_00008ulf_J_N
7891,2,train,0.6759578585624695,pdb_00006xq4_E_F
7892,2,train,0.21264562010765076,pdb_00009exa_D_C
7893,2,train,0.5591212511062622,pdb_00007m71_H_L
7894,2,train,1.074442744255066,pdb_00009zdu_H_L
7895,2,train,1.3850740194320679,pdb_00007s11_I_M
7896,2,train,0.4480958580970764,pdb_00005yoy_G_D
7897,2,train,1.3247147798538208,pdb_00009cps_H_L
7898,2,train,0.46993038058280945,pdb_00009irs_H_L
7899,2,train,0.6553947329521179,pdb_00009ib1_H_L
7900,2,train,0.065217986702919,pdb_00007trs_H1_H2
7901,2,train,0.8188696503639221,pdb_00009cct_C_B
7902,2,train,0.01841559074819088,pdb_00009m8k_N1_N2
7903,2,train,0.03678400442004204,pdb_00008ijb_S1_S2
7904,2,train,0.04665938764810562,pdb_00008dk5_N1_N2
7905,2,train,0.016632117331027985,pdb_00007ezh_H1_H2
7906,2,train,1.2096269130706787,pdb_00003qwo_A_B
7907,2,train,0.9224019646644592,pdb_00004am0_H_L
7908,2,train,0.5066710710525513,pdb_00003b2u_C_D
7908,2,train_epoch,0.577673478756695,
7908,2,validation,0.9953612651337277,
7909,3,train,0.031130792573094368,pdb_00008fn0_E1_E2
7910,3,train,1.0347764492034912,pdb_00007s0x_H_L
7911,3,train,0.02268223837018013,pdb_00007vkt_E1_E2
7912,3,train,0.021457571536302567,pdb_00008iw1_S1_S2
7913,3,train,1.1530760526657104,pdb_00006d0u_H_I
7914,3,train,0.7853015661239624,pdb_00008e2u_H_L
7915,3,train,1.257648229598999,pdb_00006s3d_A_B
7916,3,train,0.7200152277946472,pdb_00005ggt_H_L
7917,3,train,0.5307039618492126,pdb_00005aaw_F1_F2
7918,3,train,0.8165359497070312,pdb_00007xda_D_E
7919,3,train,0.6454453468322754,pdb_00008zh7_E_F
7920,3,train,0.17262239754199982,pdb_00007vgs_D_C
7921,3,train,0.021108459681272507,pdb_00007uko_E_F
7922,3,train,0.02343687042593956,pdb_00009iy8_S1_S2
7923,3,train,0.048605117946863174,pdb_00008vfx_N2_N1
7924,3,train,0.04213155061006546,pdb_00006e0p_N1_N2
7925,3,train,1.0706350803375244,pdb_00008vk1_F_E
7926,3,train,0.008715136907994747,pdb_00008jgf_E1_E2
7927,3,train,0.04126061499118805,pdb_00008yuv_S1_S2
7928,3,train,0.42568808794021606,pdb_00008dww_H_L
7929,3,train,0.2787202000617981,pdb_00005u6a_B_A
7930,3,train,0.026315977796912193,pdb_00007wz4_S1_S2
7931,3,train,0.950413703918457,pdb_00007y3n_H_L
7932,3,train,0.5853307247161865,pdb_00009ib1_H_L
7933,3,train,0.7893710136413574,pdb_00006h3u_H_L
7934,3,train,0.5222668051719666,pdb_00008jkh_h_l
7935,3,train,0.7884163856506348,pdb_00009kve_E_G
7936,3,train,0.8952337503433228,pdb_00006wtv_E_F
7937,3,train,0.7044082880020142,pdb_00006n5d_L_N
7938,3,train,0.7913087010383606,pdb_00008pwh_D_C
7939,3,train,1.0456887483596802,pdb_00001hys_D_C
7940,3,train,1.253089427947998,pdb_00006bpc_B_C
7941,3,train,0.38087281584739685,pdb_00008dww_X_W
7942,3,train,0.762384295463562,pdb_00009ue8_E_F
7943,3,train,0.07697629183530807,pdb_00008gcp_E1_E2
7944,3,train,0.78172767162323,pdb_00008fhy_H_L
7945,3,train,1.2457118034362793,pdb_00009kve_D_F
7946,3,train,0.016158953309059143,pdb_00008yn4_E1_E2
7947,3,train,0.8802180290222168,pdb_00007ycn_H_I
7948,3,train,1.0084445476531982,pdb_00008hq7_H_L
7949,3,train,1.042517066001892,pdb_00009mtl_M_N
7950,3,train,0.017421219497919083,pdb_00006k41_H1_H2
7951,3,train,2.077521800994873,pdb_00006vlw_H_L
7952,3,train,0.7190818786621094,pdb_00003c09_H_L
7953,3,train,0.9888972043991089,pdb_00001fns_H_L
7954,3,train,0.8436145782470703,pdb_00007m42_D_C
7955,3,train,0.10168667137622833,pdb_00008sgo_K_L
7956,3,train,0.20711268484592438,pdb_00008vgi_F_E
7957,3,train,0.8103452324867249,pdb_00006ogx_H_L
7958,3,train,0.05394293740391731,pdb_00009erx_F1_F2
7959,3,train,0.4347037971019745,pdb_00007zlg_H_L
7960,3,train,0.028227990493178368,pdb_00008f7w_E1_E2
7961,3,train,0.8116039037704468,pdb_00008yx9_G_I
7962,3,train,0.0315728634595871,pdb_00009j5v_S1_S2
7963,3,train,0.020396025851368904,pdb_00008xgu_S1_S2
7964,3,train,0.021384095773100853,pdb_00008hqe_H1_H2
7965,3,train,0.8562195301055908,pdb_00008u44_V_X
7966,3,train,0.6345309615135193,pdb_00004hg4_V_W
7967,3,train,0.022309595718979836,pdb_00007xwo_E1_E2
7968,3,train,0.024990437552332878,pdb_00007ucy_E_F
7969,3,train,1.2743756771087646,pdb_00008tnn_H_G
7970,3,train,0.045327167958021164,pdb_00008wrb_E1_E2
7971,3,train,0.844129741191864,pdb_00006k7o_H_L
7972,3,train,0.6112524271011353,pdb_00009iz9_M_N
7973,3,train,0.0932152196764946,pdb_00008ubi_M2_M1
7974,3,train,0.5207767486572266,pdb_00004hg4_N_O
7975,3,train,0.739595890045166,pdb_00006ba5_F_E
7976,3,train,0.5645383596420288,pdb_00009cq4_H_L
7977,3,train,0.020815718919038773,pdb_00007l1v_H1_H2
7978,3,train,0.07632950693368912,pdb_00008j21_B1_B2
7979,3,train,0.016995137557387352,pdb_00004z7q_E_F
7980,3,train,0.02110476791858673,pdb_00007ys6_E1_E2
7981,3,train,0.013920655474066734,pdb_00008ic0_E1_E2
7982,3,train,0.017788391560316086,pdb_00007wyb_E1_E2
7983,3,train,0.7728450894355774,pdb_00007kn3_M_N
7984,3,train,0.06074504181742668,pdb_00006x3z_K_L
7985,3,train,1.0450457334518433,pdb_00006jep_H_L
7986,3,train,0.25486043095588684,pdb_00006bae_B_A
7987,3,train,0.385332316160202,pdb_00009ib3_H_L
7988,3,train,0.23226960003376007,pdb_00009our_J_K
7989,3,train,0.06716732680797577,pdb_00009nz3_D_C
7990,3,train,0.07464173436164856,pdb_00009ctu_D_C
7991,3,train,0.014068769291043282,pdb_00008hsc_S1_S2
7992,3,train,0.13217662274837494,pdb_00009oup_H_L
7993,3,train,0.6382310390472412,pdb_00006ii9_P_Q
7994,3,train,0.012591294012963772,pdb_00008jim_S1_S2
7995,3,train,0.027701541781425476,pdb_00008vqy_J_I
7996,3,train,0.8573320508003235,pdb_00006gff_L_K
7997,3,train,0.03326529636979103,pdb_00002fee_I_L
7998,3,train,0.5262147188186646,pdb_00008txu_H_L
7999,3,train,0.02332651987671852,pdb_00009kft_S1_S2
8000,3,train,0.7180275321006775,pdb_00007upb_C_F
8001,3,train,0.6627609133720398,pdb_00007xsc_D_H
8002,3,train,0.008008291944861412,pdb_00008hs3_S1_S2
8003,3,train,0.9180440306663513,pdb_00007shy_I_J
8004,3,train,0.4776242673397064,pdb_00009cpr_H_L
8005,3,train,0.012957320548593998,pdb_00007yj4_S1_S2
8006,3,train,0.7637184858322144,pdb_00008w83_A_B
8007,3,train,0.1568579375743866,pdb_00006w0i_A_B
8008,3,train,0.5114890933036804,pdb_00007yvm_C_A
8009,3,train,0.992729902267456,pdb_00006hga_H_L
8010,3,train,0.9524915814399719,pdb_00007uvq_C_B
8011,3,train,0.006239468697458506,pdb_00009oxa_D1_D2
8012,3,train,0.6945789456367493,pdb_00008wu1_H_L
8013,3,train,0.9801365733146667,pdb_00009sat_H_L
8014,3,train,0.012791946530342102,pdb_00003nid_E_F
8015,3,train,1.1219578981399536,pdb_00009ml8_P_Q
8016,3,train,0.03952958062291145,pdb_00009j0b_S1_S2
8017,3,train,0.23290592432022095,pdb_00006zlr_FFF_GGG
8018,3,train,0.9248252511024475,pdb_00002oz4_H_L
8019,3,train,0.8097705245018005,pdb_00009os5_I_L
8020,3,train,0.09299150854349136,pdb_00003hpl_A_B
8021,3,train,0.6223382353782654,pdb_00007jum_J1_J2
8022,3,train,0.05350743234157562,pdb_00008jln_S1_S2
8023,3,train,0.4552071988582611,pdb_00009q71_K_L
8024,3,train,0.3923950493335724,pdb_00007s0b_A_B
8025,3,train,0.531997561454773,pdb_00008u44_S_T
8026,3,train,0.022564856335520744,pdb_00008dzp_E1_E2
8027,3,train,0.010048981755971909,pdb_00008vve_E1_E2
8028,3,train,0.04350448399782181,pdb_00003f7y_A_B
8029,3,train,1.028607726097107,pdb_00009hvw_H_L
8030,3,train,0.756750762462616,pdb_00007rk2_D1_D2
8031,3,train,0.007646194193512201,pdb_00008xqs_S1_S2
8032,3,train,0.04036219045519829,pdb_00009kfi_S1_S2
8033,3,train,0.4970799386501312,pdb_00005nhr_H_L
8034,3,train,1.2652156352996826,pdb_00002r56_I_M
8035,3,train,0.05531299486756325,pdb_00007p02_H1_H2
8036,3,train,0.5806834697723389,pdb_00003ri5_I_O
8037,3,train,0.019240789115428925,pdb_00007x10_E1_E2
8038,3,train,0.02883867546916008,pdb_00007ykd_S1_S2
8039,3,train,1.2660499811172485,pdb_00009me7_J_N
8040,3,train,0.8781339526176453,pdb_00009oap_H_L
8041,3,train,0.5240494608879089,pdb_00009udq_F_A
8042,3,train,0.5213066935539246,pdb_00007xsc_A_B
8043,3,train,0.7201030254364014,pdb_00008y3l_G_H
8044,3,train,0.025212446227669716,pdb_00009vif_S1_S2
8045,3,train,1.123828649520874,pdb_00007uzd_H_L
8046,3,train,0.9976347088813782,pdb_00008f6l_A_B
8047,3,train,1.2925620079040527,pdb_00007xh8_B_C
8048,3,train,1.138832688331604,pdb_00005lsp_S_T
8049,3,train,0.12428998202085495,pdb_00009zqb_J2_J1
8050,3,train,0.7027060389518738,pdb_00009ctw_D_C
8051,3,train,0.08473646640777588,pdb_00002dqj_H_L
8052,3,train,1.3188822269439697,pdb_00006wmw_H_L
8053,3,train,0.07081864774227142,pdb_00009exa_D_C
8054,3,train,0.4666350185871124,pdb_00007ch5_H_L
8055,3,train,1.1355419158935547,pdb_00008bcz_A_B
8056,3,train,0.8478199243545532,pdb_00005wko_C_D
8057,3,train,0.016171718016266823,pdb_00007yk6_S1_S2
8058,3,train,0.5797287225723267,pdb_00006p4b_H_L
8059,3,train,1.2134138345718384,pdb_00006wex_H_L
8060,3,train,0.579418420791626,pdb_00005x8m_B_C
8061,3,train,0.45067131519317627,pdb_00002eks_B_A
8062,3,train,1.161059856414795,pdb_00008w5h_H_L
8063,3,train,0.7809846997261047,pdb_00008sdh_C_D
8064,3,train,0.6013601422309875,pdb_00008too_H_E
8065,3,train,0.2824881076812744,pdb_00006xc4_H_L
8066,3,train,0.03743496537208557,pdb_00009m0r_S1_S2
8067,3,train,0.3420972228050232,pdb_00008jen_A_B
8068,3,train,0.015608436428010464,pdb_00007s8p_E1_E2
8069,3,train,0.4166789948940277,pdb_00008zyu_D_Q
8070,3,train,1.3882170915603638,pdb_00003h3b_C2_C1
8071,3,train,0.023485053330659866,pdb_00008k3z_S1_S2
8072,3,train,0.9441148638725281,pdb_00005vqm_H_L
8073,3,train,0.01546470820903778,pdb_00007tuz_E1_E2
8074,3,train,0.01030407939106226,pdb_00007eo4_E1_E2
8075,3,train,1.1006964445114136,pdb_00005ggs_C_D
8076,3,train,0.025214996188879013,pdb_00008j6q_S1_S2
8077,3,train,0.015977133065462112,pdb_00007t6v_E1_E2
8078,3,train,0.6525929570198059,pdb_00007ubs_I1_I2
8079,3,train,0.02985954098403454,pdb_00007ejk_H1_H2
8080,3,train,0.0069089289754629135,pdb_00006lfm_S1_S2
8081,3,train,0.8278096914291382,pdb_00007dq7_H_L
8082,3,train,0.4510401785373688,pdb_00007zf8_H_L
8083,3,train,0.93240886926651,pdb_00009cfe_A_B
8084,3,train,0.8655213713645935,pdb_00004nik_B1_B2
8085,3,train,0.012004796415567398,pdb_00007y67_S1_S2
8086,3,train,0.5756452083587646,pdb_00003fku_Y1_Y2
8087,3,train,0.47335654497146606,pdb_00007xcz_D_E
8088,3,train,0.8758758306503296,pdb_00006ejg_C2_C1
8089,3,train,0.7880889773368835,pdb_00007m42_B_A
8090,3,train,0.9653041362762451,pdb_00009cds_E_D
8091,3,train,0.6286453604698181,pdb_00006o1f_H_L
8092,3,train,0.15469937026500702,pdb_00003a6b_H_L
8093,3,train,0.011076332069933414,pdb_00009vjg_E1_E2
8094,3,train,0.29414859414100647,pdb_00007zf9_A_B
8095,3,train,0.017849063500761986,pdb_00007f9z_E1_E2
8096,3,train,0.998958170413971,pdb_00008dwo_H_L
8097,3,train,1.0293326377868652,pdb_00009yyu_H_L
8098,3,train,0.7289785742759705,pdb_00005y11_A_B
8099,3,train,0.9723725318908691,pdb_00003bsz_N_M
8100,3,train,0.7829521298408508,pdb_00007ahu_H_L
8101,3,train,1.001814365386963,pdb_00006d0u_E_F
8102,3,train,0.7998473048210144,pdb_00006a4k_I_M
8103,3,train,0.010955599136650562,pdb_00008e9x_E1_E2
8104,3,train,0.6807601451873779,pdb_00008oxx_B_C
8105,3,train,0.019314376637339592,pdb_00007ra3_E1_E2
8106,3,train,0.882535457611084,pdb_00008g5b_I_M
8107,3,train,0.7687886357307434,pdb_00007djz_A_B
8108,3,train,0.7118071913719177,pdb_00003eo1_B_A
8109,3,train,0.6485214829444885,pdb_00007mem_H_L
8110,3,train,0.4779283106327057,pdb_00008hn6_C_D
8111,3,train,0.4938460886478424,pdb_00009u5p_P_Q
8112,3,train,0.013759137131273746,pdb_00009m8l_N1_N2
8113,3,train,0.01335147861391306,pdb_00009ite_E1_E2
8114,3,train,0.7961013913154602,pdb_00008sdf_B_C
8115,3,train,0.6083829402923584,pdb_00008vtd_B_A
8116,3,train,1.298202633857727,pdb_00007r8u_HHH_LLL
8117,3,train,0.04044701159000397,pdb_00008xyk_S1_S2
8118,3,train,0.6183083057403564,pdb_00006gv4_H_L
8119,3,train,0.16876737773418427,pdb_00008vgi_K_L
8120,3,train,1.0352815389633179,pdb_00009zdu_H_L
8121,3,train,1.0380676984786987,pdb_00004ffv_H_L
8122,3,train,0.362814724445343,pdb_00007c01_H_L
8123,3,train,0.9207457304000854,pdb_00006ek2_H1_H2
8124,3,train,0.4067944288253784,pdb_00003b2v_H_L
8125,3,train,0.33879220485687256,pdb_00007cjf_A_B
8126,3,train,0.03819209709763527,pdb_00006ada_E_F
8127,3,train,1.5139144659042358,pdb_00008r4n_H_L
8128,3,train,0.010532109998166561,pdb_00009k6l_S1_S2
8129,3,train,0.03896158188581467,pdb_00008sgo_J_I
8130,3,train,0.04824846610426903,pdb_00008wwl_E1_E2
8131,3,train,0.3675234615802765,pdb_00007xei_E_F
8132,3,train,0.2985634207725525,pdb_00006b3s_C_D
8133,3,train,0.5104296207427979,pdb_00008jkh_M_N
8134,3,train,1.05434250831604,pdb_00008d9y_F_E
8135,3,train,0.9424520134925842,pdb_00009mtg_H_L
8136,3,train,0.971763551235199,pdb_00007t0w_O_P
8137,3,train,1.0285931825637817,pdb_00006gff_N_M
8138,3,train,0.04957839846611023,pdb_00008j20_B1_B2
8139,3,train,0.664232611656189,pdb_00007sco_J_K
8140,3,train,0.025866376236081123,pdb_00002vdn_H_L
8141,3,train,0.6805678606033325,pdb_00005w0k_H_L
8142,3,train,0.7229228019714355,pdb_00006ww5_E_F
8143,3,train,0.7188894152641296,pdb_00004np4_I_M
8144,3,train,0.8840445876121521,pdb_00005dhx_L2_L1
8145,3,train,0.5159395933151245,pdb_00007mem_G_J
8146,3,train,1.3636587858200073,pdb_00005anm_B_A
8147,3,train,1.055389404296875,pdb_00001n5y_H_L
8148,3,train,0.6361598372459412,pdb_00008q6j_D_C
8149,3,train,0.637515127658844,pdb_00004yk4_Z_Y
8150,3,train,0.35854876041412354,pdb_00007zmk_E_F
8151,3,train,0.1279764473438263,pdb_00001ic4_H_L
8152,3,train,0.9209423661231995,pdb_00009dn2_I_M
8153,3,train,0.2043152153491974,pdb_00002qr0_H_G
8154,3,train,0.5894559025764465,pdb_00004okv_A_B
8155,3,train,0.8261392712593079,pdb_00009lsj_D1_E2
8156,3,train,1.8168673515319824,pdb_00005i9q_B_C
8157,3,train,0.7169197797775269,pdb_00005kov_E1_E2
8158,3,train,0.48704788088798523,pdb_00007klg_H_L
8159,3,train,0.01658577285706997,pdb_00009vjf_E1_E2
8160,3,train,0.01579422689974308,pdb_00009ijd_D1_D2
8161,3,train,0.5529845952987671,pdb_00008y0y_E3_E2
8162,3,train,0.6382500529289246,pdb_00007jmw_H_L
8163,3,train,0.8136910796165466,pdb_00008ezk_H1_H2
8164,3,train,0.48314937949180603,pdb_00007vaf_H_L
8165,3,train,0.4702591001987457,pdb_00007kfx_H_L
8166,3,train,0.01108280848711729,pdb_00007t2h_E1_E2
8167,3,train,1.244523525238037,pdb_00008jeo_E_F
8168,3,train,0.4673920273780823,pdb_00001xgp_B_A
8169,3,train,0.889835774898529,pdb_00007x2w_H_L
8170,3,train,0.5102382302284241,pdb_00009jy4_P_O
8171,3,train,0.29106539487838745,pdb_00007zmk_P_Q
8172,3,train,0.0573955774307251,pdb_00008id3_S1_S2
8173,3,train,0.2524884045124054,pdb_00005u5m_B_A
8174,3,train,0.677264928817749,pdb_00007t87_H_L
8175,3,train,0.012165459804236889,pdb_00007s8n_E1_E2
8176,3,train,0.012619300745427608,pdb_00007wz7_C1_C2
8177,3,train,0.6229749321937561,pdb_00009wsx_H_L
8178,3,train,0.03514628857374191,pdb_00009ns9_N1_N2
8179,3,train,1.3503012657165527,pdb_00004xhj_H_G
8180,3,train,0.41955363750457764,pdb_00001ndm_B_A
8181,3,train,0.02092052809894085,pdb_00008dzr_E1_E2
8182,3,train,0.046492304652929306,pdb_00008xx6_S1_S2
8183,3,train,0.04376202076673508,pdb_00007f2o_S1_S2
8184,3,train,0.005156004335731268,pdb_00009jmd_E1_E2
8185,3,train,0.479328989982605,pdb_00009azr_H_L
8186,3,train,1.2577264308929443,pdb_00005w08_Q_R
8187,3,train,0.6883023977279663,pdb_00009l9o_B_C
8188,3,train,1.8665601015090942,pdb_00009osx_B_C
8189,3,train,0.1617097556591034,pdb_00009nz3_F_E
8190,3,train,0.5058818459510803,pdb_00007f6z_H_L
8191,3,train,0.05186530202627182,pdb_00008si9_J_I
8192,3,train,0.5433669686317444,pdb_00001tzh_B_A
8193,3,train,0.6225811243057251,pdb_00003nh7_K_O
8194,3,train,1.0190715789794922,pdb_00009mth_M_N
8195,3,train,0.01867223158478737,pdb_00008xxz_S1_S2
8196,3,train,0.8916650414466858,pdb_00008cbf_H_L
8197,3,train,0.6951695084571838,pdb_00007m7b_H_L
8198,3,train,0.017265910282731056,pdb_00006dde_E1_E2
8199,3,train,1.2382930517196655,pdb_00008jeo_B_C
8200,3,train,0.014672989957034588,pdb_00009vj6_E1_E2
8201,3,train,0.7647769451141357,pdb_00009n8j_H_I
8202,3,train,0.7484383583068848,pdb_00009mqa_J_N
8203,3,train,0.06636282056570053,pdb_00002ht3_C_D
8204,3,train,1.2161056995391846,pdb_00006xm2_F_E
8205,3,train,0.02787257544696331,pdb_00008efb_E1_E2
8206,3,train,0.4143325090408325,pdb_00006w0j_A_B
8207,3,train,0.03012983314692974,pdb_00008j6i_H1_H2
8208,3,train,0.6661922931671143,pdb_00008ezk_I1_I2
8209,3,train,0.9473987817764282,pdb_00009cu7_I_M
8210,3,train,0.8311457633972168,pdb_00006hjp_I_J
8211,3,train,0.01373358815908432,pdb_00008k6n_S1_S2
8212,3,train,0.37567076086997986,pdb_00007qez_E_F
8213,3,train,0.017021415755152702,pdb_00003ejy_E_F
8214,3,train,0.6583385467529297,pdb_00007bwj_H_L
8215,3,train,0.9275253415107727,pdb_00007wph_H_L
8216,3,train,0.9871581196784973,pdb_00007yh6_H_L
8217,3,train,0.031022997573018074,pdb_00007k61_M2_M1
8218,3,train,0.944828450679779,pdb_00007scn_E_F
8219,3,train,0.9802161455154419,pdb_00006t3j_F_G
8220,3,train,0.02387920580804348,pdb_00008xxh_S1_S2
8221,3,train,1.148771047592163,pdb_00001ztx_H_L
8222,3,train,1.0099453926086426,pdb_00007x3d_H_L
8223,3,train,0.7892130613327026,pdb_00004wv1_E_D
8224,3,train,0.025438133627176285,pdb_00007td8_E_F
8225,3,train,0.774164617061615,pdb_00009bt5_E_F
8226,3,train,0.7724571228027344,pdb_00008cxh_h_l
8227,3,train,0.011243599466979504,pdb_00009ldx_S1_S2
8228,3,train,0.7556649446487427,pdb_00009b82_H_L
8229,3,train,0.8647624254226685,pdb_00003v6z_C_D
8230,3,train,0.4958290457725525,pdb_00006iap_E_D
8231,3,train,0.9313698410987854,pdb_00007rco_D_C
8232,3,train,0.8458926677703857,pdb_00008f6o_A_B
8233,3,train,0.8840816020965576,pdb_00001p2c_E_D
8234,3,train,1.0408016443252563,pdb_00002vxq_H_L
8235,3,train,0.019307900220155716,pdb_00007w53_E1_E2
8236,3,train,0.807651698589325,pdb_00008uzp_H_L
8237,3,train,0.02243966795504093,pdb_00008y6w_D1_D2
8238,3,train,0.7769063711166382,pdb_00004xhj_D_C
8239,3,train,0.8477054834365845,pdb_00007wph_E_D
8240,3,train,0.3050803542137146,pdb_00007zf9_H_L
8241,3,train,0.5529187917709351,pdb_00008ulf_I_M
8242,3,train,0.028521668165922165,pdb_00008zd1_S1_S2
8243,3,train,0.7170610427856445,pdb_00006cyf_M_L
8244,3,train,0.2112410068511963,pdb_00006w0f_A_B
8245,3,train,0.8890663981437683,pdb_00007l0l_G_J
8246,3,train,0.5651385188102722,pdb_00004zff_A_B
8247,3,train,0.8750746250152588,pdb_00007b0b_H_L
8248,3,train,0.6013423800468445,pdb_00008y31_B_A
8249,3,train,1.1938539743423462,pdb_00006aru_C_B
8250,3,train,0.5898714065551758,pdb_00009pw4_C_D
8251,3,train,1.369360089302063,pdb_00008kep_H_L
8252,3,train,0.20741258561611176,pdb_00003rhw_H_L
8253,3,train,0.556075394153595,pdb_00008bg3_C1_C2
8254,3,train,0.007930067367851734,pdb_00008xqo_S1_S2
8255,3,train,0.44025367498397827,pdb_00002r0l_H_L
8256,3,train,1.0616382360458374,pdb_00007sbd_H_L
8257,3,train,0.6041392683982849,pdb_00007lq7_y_z
8258,3,train,0.9712492227554321,pdb_00009mqd_H_L
8259,3,train,0.01912371627986431,pdb_00009lrs_E1_E2
8260,3,train,0.8447329998016357,pdb_00007yds_B_C
8261,3,train,0.14386440813541412,pdb_00008vrn_K_L
8262,3,train,0.7129711508750916,pdb_00008sdf_H_L
8263,3,train,0.8579267263412476,pdb_00009hi4_A_B
8264,3,train,0.057722631841897964,pdb_00001otu_C_D
8265,3,train,0.8143376111984253,pdb_00009c6y_A_B
8266,3,train,0.7036902904510498,pdb_00008hws_D_E
8267,3,train,0.025299053639173508,pdb_00009m1o_S1_S2
8268,3,train,0.17720040678977966,pdb_00008j22_F1_F2
8269,3,train,0.06061473861336708,pdb_00009kt8_E1_E2
8270,3,train,0.8179334402084351,pdb_00007xrz_B_A
8271,3,train,0.018778517842292786,pdb_00007ej0_H1_H2
8272,3,train,0.007837058044970036,pdb_00008irt_E1_E2
8273,3,train,1.3509148359298706,pdb_00006s3d_C_D
8274,3,train,0.6526726484298706,pdb_00009cn2_B1_B2
8275,3,train,0.03516022488474846,pdb_00003or7_A_B
8276,3,train,1.0143768787384033,pdb_00001adq_H_L
8277,3,train,0.4893936216831207,pdb_00007lop_X_Y
8278,3,train,0.7605651617050171,pdb_00004kht_H_L
8279,3,train,0.6770480275154114,pdb_00006ii9_H_L
8280,3,train,1.4299671649932861,pdb_00003lzf_H_L
8281,3,train,0.040470004081726074,pdb_00009drx_J_I
8282,3,train,0.12861332297325134,pdb_00008z65_S1_S2
8283,3,train,1.0791114568710327,pdb_00009e21_H_L
8284,3,train,1.005467414855957,pdb_00006s3d_H_L
8285,3,train,0.4204219579696655,pdb_00007wbz_H_L
8286,3,train,0.01451094914227724,pdb_00007ubr_E_F
8287,3,train,0.5900143384933472,pdb_00003h42_H_L
8288,3,train,0.8270779848098755,pdb_00007l5j_W_L
8289,3,train,0.8936842679977417,pdb_00007det_D1_D2
8290,3,train,0.03375012427568436,pdb_00002r9h_E_F
8291,3,train,0.6260731816291809,pdb_00007qf1_C_B
8292,3,train,0.6170188188552856,pdb_00006cyf_D_C
8293,3,train,0.010771374218165874,pdb_00007evz_E1_E2
8294,3,train,0.5179571509361267,pdb_00009jy3_P_O
8295,3,train,0.007840574719011784,pdb_00007t6u_E1_E2
8296,3,train,0.6407384872436523,pdb_00007wwk_I_H
8297,3,train,0.01714210771024227,pdb_00007u9v_E_F
8298,3,train,1.0521786212921143,pdb_00006ba5_B_A
8299,3,train,0.6198269724845886,pdb_00007d85_B_C
8300,3,train,0.34670528769493103,pdb_000011oo_H_L
8301,3,train,0.022351982071995735,pdb_00006ad7_E_F
8302,3,train,0.024598605930805206,pdb_00008efl_E1_E2
8303,3,train,0.3480600416660309,pdb_00001dzb_B1_B2
8304,3,train,0.8497401475906372,pdb_00007uvq_D_E
8305,3,train,0.7383496165275574,pdb_00007x2o_H_L
8306,3,train,0.04895416274666786,pdb_00009w6w_E1_E2
8307,3,train,0.5634907484054565,pdb_00007sco_H_L
8308,3,train,0.08357279747724533,pdb_00008e9z_E1_E2
8309,3,train,0.007774279918521643,pdb_00007evy_E1_E2
8310,3,train,0.8038411736488342,pdb_00001yqv_H_L
8311,3,train,0.07039963454008102,pdb_00007k60_N2_N1
8312,3,train,0.5213943123817444,pdb_00009q7b_G_I
8313,3,train,0.007219073828309774,pdb_00007l8p_E_F
8314,3,train,0.028140008449554443,pdb_00008dd3_J_I
8315,3,train,0.8476755619049072,pdb_00007l7e_O_P
8316,3,train,0.008415930904448032,pdb_00007tpd_E_F
8317,3,train,0.45078015327453613,pdb_00007pqy_B_C
8318,3,train,0.35153478384017944,pdb_00005aaw_A1_A2
8319,3,train,0.8235817551612854,pdb_00006wtu_B_C
8320,3,train,0.16452455520629883,pdb_00006vmk_P_O
8321,3,train,0.013963606208562851,pdb_00007wig_S1_S2
8322,3,train,0.5188469886779785,pdb_00006ii8_H_L
8323,3,train,0.05710707604885101,pdb_00007vih_E1_E2
8324,3,train,0.5894370079040527,pdb_00008too_D_C
8325,3,train,1.6444116830825806,pdb_00006uyn_H_L
8326,3,train,1.3241039514541626,pdb_00005ldn_H_L
8327,3,train,0.012859493494033813,pdb_00007s8o_E1_E2
8328,3,train,0.0823921486735344,pdb_00006x40_K_L
8329,3,train,0.022337531670928,pdb_00008jso_S1_S2
8330,3,train,0.05485032498836517,pdb_00007cvs_C_D
8331,3,train,0.47351595759391785,pdb_00009j9z_H_L
8332,3,train,0.07124873250722885,pdb_00002h2p_C_D
8333,3,train,0.03259638696908951,pdb_00007ts0_H1_H2
8334,3,train,0.03269874304533005,pdb_00008wwm_E1_E2
8335,3,train,0.02936934493482113,pdb_00007xxh_H1_H2
8336,3,train,0.023434937000274658,pdb_00008zme_E1_E2
8337,3,train,0.9098872542381287,pdb_00009ma0_B_C
8338,3,train,0.14328570663928986,pdb_00009ouo_J_K
8339,3,train,0.6078321933746338,pdb_00006pe9_C_D
8340,3,train,0.8185749053955078,pdb_00005jz7_J_K
8341,3,train,0.021060694009065628,pdb_00009ko4_H1_H2
8342,3,train,0.53868168592453,pdb_00007t3d_C_D
8343,3,train,0.8920184969902039,pdb_00009cps_H_L
8344,3,train,0.014026593416929245,pdb_00009ydu_E1_E2
8345,3,train,0.7809793949127197,pdb_00008u4s_H_L
8346,3,train,0.8058198094367981,pdb_00007x6o_J_L
8347,3,train,0.023642390966415405,pdb_00008j6d_H1_H2
8348,3,train,0.6629287004470825,pdb_00008dcc_H_L
8349,3,train,1.199558138847351,pdb_00009e3k_H_L
8350,3,train,0.03411228582262993,pdb_00007u0j_N1_N2
8351,3,train,0.3123188614845276,pdb_00006txz_J_N
8352,3,train,0.04683666303753853,pdb_00006x3s_J_I
8353,3,train,0.015710067003965378,pdb_00007eq1_S1_S2
8354,3,train,0.025881187990307808,pdb_00008j6p_S1_S2
8355,3,train,1.8899707794189453,pdb_00008edf_H_L
8356,3,train,0.015204492956399918,pdb_00007vdm_S1_S2
8357,3,train,0.015429430641233921,pdb_00006crk_H1_H2
8358,3,train,1.107954978942871,pdb_00006t9e_HHH_LLL
8359,3,train,0.45125511288642883,pdb_00006kyz_B_C
8360,3,train,1.2729254961013794,pdb_00006q18_H_L
8361,3,train,0.5671262145042419,pdb_00009lbs_D_C
8362,3,train,0.0674024373292923,pdb_00001j1x_H_L
8363,3,train,0.6227672696113586,pdb_00009vfu_E_F
8364,3,train,1.2297366857528687,pdb_00008tpa_D_E
8365,3,train,0.014507986605167389,pdb_00008wwn_E1_E2
8366,3,train,0.6714016199111938,pdb_00007rxl_C_D
8367,3,train,0.01716124266386032,pdb_00007ew0_E1_E2
8368,3,train,0.501741886138916,pdb_00001kiq_B_A
8369,3,train,0.07333475351333618,pdb_00006vmk_o_n
8370,3,train,0.8959953784942627,pdb_00002yc1_A_B
8371,3,train,0.26074424386024475,pdb_00006yor_H_L
8372,3,train,0.04765516147017479,pdb_00003stl_A_B
8373,3,train,0.19237489998340607,pdb_00004tnw_H_L
8374,3,train,0.06346690654754639,pdb_00009nz5_F_E
8375,3,train,0.053490325808525085,pdb_00006vmk_B_A
8376,3,train,0.3497239947319031,pdb_00008as2_H_L
8377,3,train,0.5678300857543945,pdb_00008zh7_H_I
8378,3,train,0.8421684503555298,pdb_00009cfg_H_L
8379,3,train,0.718906819820404,pdb_00007x3c_H_L
8380,3,train,0.615482747554779,pdb_00004n90_H_I
8381,3,train,0.9926080107688904,pdb_00008zre_H_L
8382,3,train,0.45656731724739075,pdb_00007vad_H_L
8383,3,train,0.11356136947870255,pdb_00003rif_J_M
8384,3,train,0.9218895435333252,pdb_00008i5i_H_L
8385,3,train,1.4437861442565918,pdb_00007uij_H_L
8386,3,train,0.036248158663511276,pdb_00008sid_J_I
8387,3,train,0.024181954562664032,pdb_00009iza_S1_S2
8388,3,train,0.5394659042358398,pdb_00008xsf_H_L
8389,3,train,0.01224464550614357,pdb_00002h2s_E_F
8390,3,train,0.5186841487884521,pdb_00008bg2_C1_C2
8391,3,train,0.5977763533592224,pdb_00008u4s_B_A
8392,3,train,0.552871584892273,pdb_00009ci8_B_A
8393,3,train,0.018085697665810585,pdb_00007vgz_F1_F2
8394,3,train,0.02552906423807144,pdb_00008f7r_E1_E2
8395,3,train,0.5719615817070007,pdb_00007dpm_A_B
8396,3,train,0.026852307841181755,pdb_00007w40_H1_H2
8397,3,train,0.808624804019928,pdb_00006vc9_H_L
8398,3,train,0.015877017751336098,pdb_00009kpe_S1_S2
8399,3,train,0.02305385284125805,pdb_00008zjg_S1_S2
8400,3,train,0.6599688529968262,pdb_00007upb_B_E
8401,3,train,0.9847962856292725,pdb_00009mth_H_L
8402,3,train,0.7033560276031494,pdb_00009dru_H_L
8403,3,train,0.014335681684315205,pdb_00008x17_H1_H2
8404,3,train,0.017918534576892853,pdb_00009jkv_S1_S2
8405,3,train,0.5371738076210022,pdb_00009n4f_H_L
8406,3,train,0.6777241826057434,pdb_00009dzf_H_L
8407,3,train,0.3949650526046753,pdb_00003b2u_J_K
8408,3,train,0.40162956714630127,pdb_00008jkh_m_n
8409,3,train,0.9510681629180908,pdb_00007s0x_C_D
8410,3,train,0.014560098759829998,pdb_00009j8z_S1_S2
8411,3,train,0.7386125326156616,pdb_00002vwe_L_J
8412,3,train,0.027527766302227974,pdb_00007s8l_E1_E2
8413,3,train,0.7448158860206604,pdb_00008smi_H_L
8414,3,train,0.0186086967587471,pdb_00008h0q_E1_E2
8415,3,train,0.016606774181127548,pdb_00007ew3_S1_S2
8416,3,train,1.0265281200408936,pdb_00009mtk_I_J
8417,3,train,0.017328685149550438,pdb_00008xzh_S1_S2
8418,3,train,0.7156426310539246,pdb_00001fj1_D_C
8419,3,train,0.3993671238422394,pdb_00007zfe_F_G
8420,3,train,0.008269896730780602,pdb_00009vmn_S1_S2
8421,3,train,0.24458667635917664,pdb_00009zqa_J2_J1
8422,3,train,1.0550813674926758,pdb_00006xpz_E_F
8423,3,train,0.7325834631919861,pdb_00009vft_F_E
8424,3,train,0.6888150572776794,pdb_00009og2_D_E
8425,3,train,0.02804538793861866,pdb_00008t3v_N1_N2
8426,3,train,0.8706386089324951,pdb_00007lf7_A_B
8427,3,train,0.09633113443851471,pdb_00009nz5_B_C
8428,3,train,0.8478683233261108,pdb_00009lp1_A_B
8429,3,train,0.008891250938177109,pdb_00009upv_S1_S2
8430,3,train,0.3602587878704071,pdb_00008smt_D_F
8431,3,train,0.01269303634762764,pdb_00008xzf_S1_S2
8432,3,train,0.7827858924865723,pdb_00002x7l_G_I
8433,3,train,0.00842174980789423,pdb_00007v68_S1_S2
8434,3,train,1.7797067165374756,pdb_00005dfw_H1_H2
8435,3,train,0.4270549714565277,pdb_00008jel_F_G
8436,3,train,0.27562835812568665,pdb_00008elq_H_L
8437,3,train,0.008226730860769749,pdb_00008y01_S1_S2
8438,3,train,0.6047983765602112,pdb_00002x7l_J_K
8439,3,train,0.9940418004989624,pdb_00009bdi_H_L
8440,3,train,0.21779881417751312,pdb_00008vgk_H_G
8441,3,train,0.6581804752349854,pdb_00007zfb_J_K
8442,3,train,0.1575775444507599,pdb_00008ihb_S1_S2
8443,3,train,0.5998420119285583,pdb_00002jix_D_G
8444,3,train,0.9668751358985901,pdb_00007t82_D_C
8445,3,train,0.08373784273862839,pdb_00008jt6_E1_E2
8446,3,train,1.4423786401748657,pdb_00008s72_H_L
8447,3,train,0.7363213300704956,pdb_00007ttm_H_L
8448,3,train,1.4241678714752197,pdb_00003mj9_H_L
8449,3,train,0.7433733344078064,pdb_00006hjp_G_H
8450,3,train,0.7808268070220947,pdb_00001fsk_I_H
8451,3,train,0.009378689341247082,pdb_00007uk9_E_F
8452,3,train,0.7157339453697205,pdb_00006hjp_K_L
8453,3,train,1.9198112487792969,pdb_00008c7h_L_K
8454,3,train,0.825283944606781,pdb_00006ek2_I1_I2
8455,3,train,0.08467044681310654,pdb_00008x8n_E1_E2
8456,3,train,0.6370629668235779,pdb_00006ii4_H_L
8457,3,train,1.0590840578079224,pdb_00007cqd_I_M
8458,3,train,0.012312429025769234,pdb_00008y02_S1_S2
8459,3,train,0.48527249693870544,pdb_00008bg2_A1_A2
8460,3,train,0.8609165549278259,pdb_00008suo_H_L
8461,3,train,1.3196847438812256,pdb_00004g3y_H_L
8462,3,train,0.8793191909790039,pdb_00006ban_D_C
8463,3,train,0.19579042494297028,pdb_00006x3w_K_L
8464,3,train,0.20479388535022736,pdb_00006z2m_H_L
8465,3,train,0.995280385017395,pdb_00006wn1_B_C
8466,3,train,0.008958587422966957,pdb_00009m54_S1_S2
8467,3,train,0.0831882581114769,pdb_00006ada_C_D
8468,3,train,0.02267426997423172,pdb_00006adb_E_F
8469,3,train,0.8359439373016357,pdb_00008dwx_Z_Y
8470,3,train,0.897488534450531,pdb_00004fp8_I_M
8471,3,train,0.19736525416374207,pdb_00008vgh_K_L
8472,3,train,0.0444304384291172,pdb_00008ijb_S1_S2
8473,3,train,0.40458783507347107,pdb_00002eiz_B_A
8474,3,train,0.953748345375061,pdb_00001j5o_H_L
8475,3,train,0.7204096913337708,pdb_00006xq2_C_B
8476,3,train,0.9349541068077087,pdb_00006wm9_E_F
8477,3,train,0.03860384225845337,pdb_00009izd_S1_S2
8478,3,train,0.7085983157157898,pdb_00007ley_H_I
8479,3,train,0.01691635325551033,pdb_00009izf_S1_S2
8480,3,train,0.6606504917144775,pdb_00008w84_A_B
8481,3,train,0.9419589042663574,pdb_00005a3i_G_H
8482,3,train,0.5762079954147339,pdb_00004jpk_H_L
8483,3,train,0.6875131130218506,pdb_00004qci_H_L
8484,3,train,0.5852805972099304,pdb_00007wqv_P1_P2
8485,3,train,0.015459386631846428,pdb_00007dfl_C1_C2
8486,3,train,0.011303694918751717,pdb_00006omm_E1_E2
8487,3,train,0.5940898656845093,pdb_00006z3p_H_L
8488,3,train,0.12031219899654388,pdb_00009drx_K_L
8489,3,train,0.7973594665527344,pdb_00009quw_D_C
8490,3,train,0.24675241112709045,pdb_00006p4a_H_L
8491,3,train,0.9020562171936035,pdb_00008el2_H_L
8492,3,train,0.3615167438983917,pdb_00003b2u_Q_R
8493,3,train,0.040568653494119644,pdb_00009ggg_S1_S2
8494,3,train,1.011345624923706,pdb_00009mtm_M_N
8495,3,train,0.7442169189453125,pdb_00009jeb_A1_A2
8496,3,train,0.027106428518891335,pdb_00003ze1_E_F
8497,3,train,1.0865623950958252,pdb_00006flc_H_L
8498,3,train,0.5224084854125977,pdb_00007wqv_L1_L2
8499,3,train,0.5764150619506836,pdb_00007x63_H_L
8500,3,train,0.7294597029685974,pdb_00006k7o_D_E
8501,3,train,1.137703537940979,pdb_00001eo8_H_L
8502,3,train,0.009100510738790035,pdb_00009vj5_E1_E2
8503,3,train,0.19455835223197937,pdb_00003rif_H_L
8504,3,train,0.572027325630188,pdb_00007xj9_G_F
8505,3,train,0.841111958026886,pdb_00009h4s_X_Y
8506,3,train,0.9594995379447937,pdb_00008e8l_H_L
8507,3,train,0.011825966648757458,pdb_00008jd6_D1_D2
8508,3,train,1.0764988660812378,pdb_00008w5n_H_L
8509,3,train,0.013377052731812,pdb_00007tct_H_L
8510,3,train,0.9678881168365479,pdb_00009lsj_E1_D2
8511,3,train,0.9539223313331604,pdb_00006u6u_H_L
8512,3,train,0.7519834637641907,pdb_00006gku_H_L
8513,3,train,0.5483037829399109,pdb_00008bec_C1_C2
8514,3,train,1.0949171781539917,pdb_00003lh2_K_O
8515,3,train,0.05217877775430679,pdb_00008uwl_E1_E2
8516,3,train,0.3238840699195862,pdb_00007ejy_H_L
8517,3,train,0.780231237411499,pdb_00005wko_K_L
8518,3,train,0.6726351380348206,pdb_00008bg5_A1_A2
8519,3,train,0.26151135563850403,pdb_00008evh_N1_N2
8520,3,train,0.5971249938011169,pdb_00009h4r_X_Y
8521,3,train,0.06787491589784622,pdb_00009j31_D1_D2
8522,3,train,0.40697476267814636,pdb_00007yck_E_F
8523,3,train,1.0892977714538574,pdb_00005umi_A_B
8524,3,train,0.03031613864004612,pdb_00007x9y_S1_S2
8525,3,train,0.03523966297507286,pdb_00009k07_E1_E2
8526,3,train,0.07625900954008102,pdb_00008dd3_K_L
8527,3,train,0.7143293619155884,pdb_00007ua8_H1_H2
8528,3,train,0.04038321599364281,pdb_00009d4z_E1_E2
8529,3,train,0.05902080982923508,pdb_00008k6m_S1_S2
8530,3,train,0.18492788076400757,pdb_00006yz7_BBB_CCC
8531,3,train,0.022063015028834343,pdb_00007yk7_S1_S2
8532,3,train,0.15384413301944733,pdb_00002dqh_H_L
8533,3,train,1.4592313766479492,pdb_00009y3x_H_L
8534,3,train,0.017592882737517357,pdb_00006oij_H1_H2
8535,3,train,0.8803328275680542,pdb_00006bpa_B_C
8536,3,train,0.5509090423583984,pdb_00007ua8_I1_I2
8537,3,train,0.7071790099143982,pdb_00007vgr_F_E
8538,3,train,0.6724238395690918,pdb_00007dk0_A_B
8539,3,train,0.5465940833091736,pdb_00007cho_H_L
8540,3,train,0.922501266002655,pdb_00009ebc_G_H
8541,3,train,0.018093418329954147,pdb_00008kfy_S1_S2
8542,3,train,0.022416910156607628,pdb_00009vi9_S1_S2
8543,3,train,0.023971019312739372,pdb_00008u1u_E1_E2
8544,3,train,0.18659774959087372,pdb_00009zq9_J2_J1
8545,3,train,1.0061571598052979,pdb_00006xpz_B_C
8546,3,train,0.6864764094352722,pdb_00003eo1_K_J
8547,3,train,0.5046858191490173,pdb_00004ma7_H_L
8548,3,train,0.9140986204147339,pdb_00009mic_H_L
8549,3,train,0.041392818093299866,pdb_00008syp_M1_M2
8550,3,train,0.7296097278594971,pdb_00009mtm_H_L
8551,3,train,0.07721583545207977,pdb_00009zqa_I2_I1
8552,3,train,0.6804550886154175,pdb_00004n90_D_E
8553,3,train,0.01543310098350048,pdb_00008ia7_E1_E2
8554,3,train,0.5669323801994324,pdb_00006a3w_A_B
8555,3,train,0.7967493534088135,pdb_00008cxg_G_I
8556,3,train,1.0566420555114746,pdb_00007mzj_N_M
8557,3,train,1.0140724182128906,pdb_00007u9e_H1_H2
8558,3,train,0.4687387943267822,pdb_00001xiw_H_G
8559,3,train,0.5617851614952087,pdb_00007zfb_H_L
8560,3,train,1.2565699815750122,pdb_00006xq0_B_C
8561,3,train,0.022548409178853035,pdb_00008sps_N1_N2
8562,3,train,0.021018974483013153,pdb_00008xxx_S1_S2
8563,3,train,0.01755395717918873,pdb_00008h2g_E1_E2
8564,3,train,0.009751839563250542,pdb_00009vo0_E1_E2
8565,3,train,0.009271613322198391,pdb_00008xqf_S1_S2
8566,3,train,0.6745275855064392,pdb_00008ut2_H_G
8567,3,train,0.8670862317085266,pdb_00009mqd_J_N
8568,3,train,0.012203935533761978,pdb_00009jkx_S1_S2
8569,3,train,0.014453100971877575,pdb_00009iqt_E1_E2
8570,3,train,0.6748096346855164,pdb_00008jqn_h_l
8571,3,train,0.1420261114835739,pdb_00008jxw_E1_E2
8572,3,train,0.6855475902557373,pdb_00009ue8_M_N
8573,3,train,1.1848254203796387,pdb_00006glx_C_D
8574,3,train,0.6188352108001709,pdb_00008xse_H_L
8575,3,train,0.6931721568107605,pdb_00008gv6_G_H
8576,3,train,0.10728546231985092,pdb_00008u9s_M2_M1
8577,3,train,0.21097280085086823,pdb_00002qr0_X_W
8578,3,train,0.9458680748939514,pdb_00008uf7_B_A
8579,3,train,1.136960506439209,pdb_00007c88_H_L
8580,3,train,0.20619913935661316,pdb_00008vgj_K_L
8581,3,train,1.1477398872375488,pdb_00002r56_H_L
8582,3,train,0.6367241740226746,pdb_00009hh9_E_D
8583,3,train,0.0178933497518301,pdb_00007kh0_S1_S2
8584,3,train,0.6922155022621155,pdb_00001jhl_H_L
8585,3,train,0.0376061387360096,pdb_00007u0g_N1_N2
8586,3,train,0.5815302133560181,pdb_00008y3h_I_J
8587,3,train,0.05008646100759506,pdb_00002atk_A_B
8588,3,train,0.7797500491142273,pdb_00008f6x_F1_F2
8589,3,train,0.19336114823818207,pdb_00008elo_H_L
8590,3,train,0.01656263694167137,pdb_00009w49_S1_S2
8591,3,train,0.6108477711677551,pdb_00007tn0_H_G
8592,3,train,0.49569886922836304,pdb_00008ut2_L_K
8593,3,train,1.5772122144699097,pdb_00009rir_H_L
8594,3,train,1.0463757514953613,pdb_00007mxl_J_K
8595,3,train,0.6370387077331543,pdb_00007e9b_H_L
8596,3,train,1.0512208938598633,pdb_00008zd6_E_F
8597,3,train,0.8469940423965454,pdb_00008w85_A_B
8598,3,train,0.7174510955810547,pdb_00007m3i_A_B
8599,3,train,0.5150410532951355,pdb_00007wwk_G_F
8600,3,train,0.6144571900367737,pdb_00007rk1_D1_D2
8601,3,train,0.014660143293440342,pdb_00008xqt_S1_S2
8602,3,train,0.5106584429740906,pdb_00009n4f_M_N
8603,3,train,0.8505830764770508,pdb_00004am0_H_L
8604,3,train,0.333331823348999,pdb_00003b2u_C_D
8605,3,train,0.4167310893535614,pdb_00007jmo_H_L
8606,3,train,0.998558521270752,pdb_00005w3e_E_G
8607,3,train,0.5850515365600586,pdb_00006h3u_I_M
8608,3,train,0.9096078872680664,pdb_00008tpa_I_J
8609,3,train,1.2809854745864868,pdb_00008w0y_A_B
8610,3,train,0.8058974742889404,pdb_00004gxu_O_P
8611,3,train,0.05102965235710144,pdb_00008hvi_H1_H2
8612,3,train,1.1631962060928345,pdb_00006wtv_K_L
8613,3,train,0.8778905868530273,pdb_00008bg1_G_H
8614,3,train,0.946021318435669,pdb_00007shy_K_L
8615,3,train,1.0462391376495361,pdb_00008xa4_C_D
8616,3,train,1.038496732711792,pdb_00008dwy_X_W
8617,3,train,0.41073912382125854,pdb_00008z2e_H_L
8618,3,train,0.05376802384853363,pdb_00008dd2_K_L
8619,3,train,0.036024339497089386,pdb_00002ht3_E_F
8620,3,train,0.058384280651807785,pdb_00003fb7_A_B
8621,3,train,0.80623459815979,pdb_00007lfa_B_D
8622,3,train,1.2157762050628662,pdb_00009y41_H_L
8623,3,train,1.6841535568237305,pdb_00009lbw_H_L
8624,3,train,0.04583244398236275,pdb_00008f7x_E1_E2
8625,3,train,0.040655605494976044,pdb_00008ejk_E1_E2
8626,3,train,0.020280588418245316,pdb_00007xms_S1_S2
8627,3,train,0.5799105167388916,pdb_00009quw_F_E
8628,3,train,0.014605994336307049,pdb_00009ik8_E1_E2
8629,3,train,0.5690860748291016,pdb_00009u5p_B_C
8630,3,train,0.032080698758363724,pdb_00007w7e_H1_H2
8631,3,train,0.016749368980526924,pdb_00008dwg_E1_E2
8632,3,train,0.7195398807525635,pdb_00007uzc_E_F
8633,3,train,0.08197401463985443,pdb_00006x3z_J_I
8634,3,train,0.6589841246604919,pdb_00009dzg_H_L
8635,3,train,0.634537398815155,pdb_00002h9g_H_L
8636,3,train,0.7909802794456482,pdb_00009fys_B_C
8637,3,train,1.0441125631332397,pdb_00007uvs_D_E
8638,3,train,0.3942093551158905,pdb_00007kfv_H_L
8639,3,train,1.0173543691635132,pdb_00007bsd_H_L
8640,3,train,0.7250677943229675,pdb_00004f2m_C_D
8641,3,train,0.5883739590644836,pdb_00001dee_D_C
8642,3,train,1.0556222200393677,pdb_00009cq8_G_H
8643,3,train,0.18794932961463928,pdb_00008vgk_F_E
8644,3,train,0.011471807025372982,pdb_00007tct_E_F
8645,3,train,0.013542020693421364,pdb_00008yyx_A1_A2
8646,3,train,0.7926337718963623,pdb_00006n5d_C_D
8647,3,train,0.011851580813527107,pdb_00009iv1_S1_S2
8648,3,train,0.016033140942454338,pdb_00007cmu_E1_E2
8649,3,train,1.3616089820861816,pdb_00005d1z_F_E
8650,3,train,0.7796443700790405,pdb_00006xy2_H_L
8651,3,train,0.4958314001560211,pdb_00003s36_H_L
8652,3,train,0.6983568668365479,pdb_00008dwx_X_W
8653,3,train,0.23519471287727356,pdb_00004tnw_U_h
8654,3,train,0.6362857818603516,pdb_00005wko_I_J
8655,3,train,1.0472931861877441,pdb_00001yy9_D_C
8656,3,train,1.1444165706634521,pdb_00007t4q_F_G
8657,3,train,1.031256079673767,pdb_00007y0w_A_B
8658,3,train,0.7662734985351562,pdb_00008dis_H_L
8659,3,train,0.87986159324646,pdb_00009o7g_C_D
8660,3,train,0.0167861245572567,pdb_00003t3m_H_L
8661,3,train,1.0772855281829834,pdb_00004u6h_C_D
8662,3,train,0.005654412321746349,pdb_00009jr3_S1_S2
8663,3,train,0.48411282896995544,pdb_00007x1m_H_L
8664,3,train,0.8984578251838684,pdb_00006t9d_AAA_BBB
8665,3,train,0.024144025519490242,pdb_00008vy9_D1_D2
8666,3,train,0.01733221486210823,pdb_00008ejc_E1_E2
8667,3,train,0.02012212574481964,pdb_00007qvm_S1_S2
8668,3,train,0.3695333003997803,pdb_00007f7h_A_B
8669,3,train,0.9922536015510559,pdb_00007m7w_A_B
8670,3,train,0.02393467165529728,pdb_00009upu_S1_S2
8671,3,train,0.983517587184906,pdb_00008erq_H_L
8672,3,train,0.4397881329059601,pdb_00007nx8_H_L
8673,3,train,0.5269792079925537,pdb_00009me4_I_M
8674,3,train,0.39922472834587097,pdb_00007zmk_V_W
8675,3,train,0.8673137426376343,pdb_00007xrz_H_L
8676,3,train,0.7819316387176514,pdb_00003eoa_B_A
8677,3,train,0.6776114106178284,pdb_00006xq4_E_F
8678,3,train,0.3423353433609009,pdb_00005aaw_K1_K2
8679,3,train,0.01411380060017109,pdb_00008eit_E1_E2
8680,3,train,0.07061168551445007,pdb_00001c08_B_A
8681,3,train,0.6162917017936707,pdb_00001mlc_D_C
8682,3,train,0.1798473447561264,pdb_00008vgj_H_G
8683,3,train,0.03017534129321575,pdb_00008x16_H1_H2
8684,3,train,1.1641685962677002,pdb_00009jub_B_C
8685,3,train,0.590070903301239,pdb_00006j6y_B_C
8686,3,train,1.1596699953079224,pdb_00003c09_C_B
8687,3,train,1.172497034072876,pdb_00007ezv_M_N
8688,3,train,0.476869136095047,pdb_00001dqj_B_A
8689,3,train,0.4318929612636566,pdb_00007klg_I_M
8690,3,train,0.04298790171742439,pdb_00002ht2_E_F
8691,3,train,0.8294916152954102,pdb_00007zoz_H_L
8692,3,train,0.738459050655365,pdb_00009bt5_C_D
8693,3,train,0.01570775732398033,pdb_00009clw_N1_N2
8694,3,train,0.9064971208572388,pdb_00006d0u_K_L
8695,3,train,0.6135588884353638,pdb_00008jio_C_B
8696,3,train,0.6174876689910889,pdb_00004hg4_L_M
8697,3,train,0.46830758452415466,pdb_00007mzh_B_C
8698,3,train,0.22683091461658478,pdb_00004tnw_I_O
8699,3,train,1.5493401288986206,pdb_00009o7i_D_C
8700,3,train,0.023264257237315178,pdb_00008x8l_E1_E2
8701,3,train,1.0100525617599487,pdb_00008fdo_A_B
8702,3,train,0.8014965653419495,pdb_00008zd5_H_I
8703,3,train,0.4520982503890991,pdb_00008w2e_D_C
8704,3,train,0.02665412239730358,pdb_00002fee_J_O
8705,3,train,0.005458186846226454,pdb_00008yyw_B1_B2
8706,3,train,0.34360459446907043,pdb_00007kfv_C_D
8707,3,train,0.8307732939720154,pdb_00008zd5_K_L
8708,3,train,0.02045433782041073,pdb_00008jbg_E1_E2
8709,3,train,0.5963492393493652,pdb_00001fbi_H_L
8710,3,train,0.9301202893257141,pdb_00001tpx_B_C
8711,3,train,0.44673630595207214,pdb_00006txz_H_L
8712,3,train,0.6086731553077698,pdb_00007m6d_H_L
8713,3,train,0.013823439367115498,pdb_00008k2x_S1_S2
8714,3,train,0.01116564217954874,pdb_00008kfz_S1_S2
8715,3,train,1.2163282632827759,pdb_00007wed_H_L
8716,3,train,1.4053946733474731,pdb_00009e3l_G_H
8717,3,train,1.3465605974197388,pdb_00009ml8_E_F
8718,3,train,0.17317017912864685,pdb_00006k5f_C_D
8719,3,train,0.5089110732078552,pdb_00006ii8_G_I
8720,3,train,0.012164643965661526,pdb_00008hn8_S1_S2
8721,3,train,0.009702074341475964,pdb_00008jlq_S1_S2
8722,3,train,0.5493605136871338,pdb_00008uwz_A_B
8723,3,train,0.49340158700942993,pdb_00007rks_I_M
8724,3,train,0.3548412621021271,pdb_00007zfe_M_N
8725,3,train,0.44981828331947327,pdb_00009u5q_B_C
8726,3,train,0.916046679019928,pdb_00007q6c_H_L
8727,3,train,0.3397556245326996,pdb_00006xc4_X_Y
8728,3,train,0.024470917880535126,pdb_00009cgj_E1_E2
8729,3,train,0.8906602263450623,pdb_00007f3q_H_L
8730,3,train,1.0805546045303345,pdb_00008tea_F_I
8731,3,train,0.8947056531906128,pdb_00008khr_H_L
8732,3,train,0.015258099883794785,pdb_00009kvh_E1_E2
8733,3,train,0.39091187715530396,pdb_00008tft_I_M
8734,3,train,0.7149295210838318,pdb_00009me5_I_M
8735,3,train,0.10157027095556259,pdb_00002hjf_A_B
8736,3,train,0.08888690918684006,pdb_00007e32_E1_E2
8737,3,train,0.09408172219991684,pdb_00009wp9_C1_C2
8738,3,train,0.17265254259109497,pdb_00008evg_M1_M2
8739,3,train,0.04984981194138527,pdb_00009bsb_E1_E2
8740,3,train,0.6136316061019897,pdb_00005w3o_D_E
8741,3,train,0.10290675610303879,pdb_00006x3v_K_L
8742,3,train,0.010542124509811401,pdb_00009k3k_S1_S2
8743,3,train,0.3484514057636261,pdb_00008jen_E_F
8744,3,train,0.48990461230278015,pdb_00001xgr_B_A
8745,3,train,0.015594438649713993,pdb_00008xjm_E1_E2
8746,3,train,1.1220412254333496,pdb_00009cci_B_C
8747,3,train,0.011892106384038925,pdb_00007vuz_S1_S2
8748,3,train,0.2156430184841156,pdb_00001nbz_B_A
8749,3,train,0.6726942658424377,pdb_00007ley_G_F
8750,3,train,1.0267589092254639,pdb_00006ywc_D_E
8751,3,train,0.9196123480796814,pdb_00009l07_H_L
8752,3,train,0.3985884487628937,pdb_00003d9a_H_L
8753,3,train,0.969226598739624,pdb_00009gwt_H_L
8754,3,train,1.3791190385818481,pdb_00004hf5_H_L
8755,3,train,0.011342775076627731,pdb_00006xox_E1_E2
8756,3,train,0.390398770570755,pdb_00007zmk_B_C
8757,3,train,1.2567073106765747,pdb_00009l8z_C_B
8758,3,train,0.6822769045829773,pdb_00007v3g_I_M
8759,3,train,0.012003466486930847,pdb_00007cmv_E1_E2
8760,3,train,0.03289659693837166,pdb_00002vdo_H_L
8761,3,train,1.0775517225265503,pdb_00008zdw_F_E
8762,3,train,0.06229829415678978,pdb_00008zfz_D1_D2
8763,3,train,1.5948312282562256,pdb_00008ulj_H_L
8764,3,train,0.8960360884666443,pdb_00009t5z_H_L
8765,3,train,0.9660953879356384,pdb_00009dn2_H_L
8766,3,train,0.5679484605789185,pdb_00008vgl_E_F
8767,3,train,0.9526808261871338,pdb_00005b8c_B_A
8768,3,train,0.6668124794960022,pdb_00007eam_H_L
8769,3,train,0.9536774158477783,pdb_00007uvi_A_B
8770,3,train,0.008298608474433422,pdb_00009k3f_S1_S2
8771,3,train,0.9861080646514893,pdb_00009mla_G_J
8772,3,train,1.2175147533416748,pdb_00001rzk_H_L
8773,3,train,0.5125672221183777,pdb_00008y3k_G_H
8774,3,train,0.5129533410072327,pdb_00008bg3_A1_A2
8775,3,train,1.062332272529602,pdb_00007yd1_A_B
8776,3,train,0.010475360788404942,pdb_00009jh3_S1_S2
8777,3,train,0.7039111256599426,pdb_00007ucq_H1_H2
8778,3,train,0.027899153530597687,pdb_00008i9s_H1_H2
8779,3,train,0.804050862789154,pdb_00009mkn_I_M
8780,3,train,0.13206495344638824,pdb_00007xta_E1_E2
8781,3,train,0.0083576999604702,pdb_00008h0p_E1_E2
8782,3,train,0.7056567668914795,pdb_00003eoa_H_L
8783,3,train,1.0992252826690674,pdb_00009oi3_H_L
8784,3,train,0.5977066159248352,pdb_00008ulf_J_N
8785,3,train,0.7161495089530945,pdb_00004hg4_J_K
8786,3,train,1.0236976146697998,pdb_00007quh_H_L
8787,3,train,1.3650665283203125,pdb_00001iqd_B_A
8788,3,train,0.8800506591796875,pdb_00009mtg_M_N
8789,3,train,0.9640496969223022,pdb_00009mtk_H_L
8790,3,train,0.04147499427199364,pdb_00009v1h_E1_E2
8791,3,train,0.6777536869049072,pdb_00007dk2_G_H
8792,3,train,0.014934842474758625,pdb_00009vo2_S1_S2
8793,3,train,0.6572204828262329,pdb_00007lfa_H_L
8794,3,train,0.08321066945791245,pdb_00008iec_N1_N2
8795,3,train,0.09331614524126053,pdb_00008ied_N1_N2
8796,3,train,0.03320147469639778,pdb_00008k6o_S1_S2
8797,3,train,0.019643520936369896,pdb_00002vdk_H_L
8798,3,train,0.6746699810028076,pdb_00006k7o_B_C
8799,3,train,0.6351007223129272,pdb_00007whz_B_D
8800,3,train,0.06894824653863907,pdb_00007u0i_K1_K2
8801,3,train,1.0511503219604492,pdb_00009e3k_J_K
8802,3,train,0.006926645990461111,pdb_00009vmo_S1_S2
8803,3,train,0.7569917440414429,pdb_00007f0x_B1_B2
8804,3,train,1.3673717975616455,pdb_00005d1z_D_C
8805,3,train,0.009113730862736702,pdb_00002vdr_H_L
8806,3,train,0.09187092632055283,pdb_00002ht4_C_D
8807,3,train,0.3435625731945038,pdb_00007zmk_G_H
8808,3,train,0.6252156496047974,pdb_00007tpj_H_L
8809,3,train,1.1730221509933472,pdb_00009e3l_K_L
8810,3,train,0.007521763909608126,pdb_00007wf7_E1_E2
8811,3,train,0.5624685287475586,pdb_00008wpy_C_D
8812,3,train,0.19476817548274994,pdb_00004tnw_G_K
8813,3,train,0.2696932256221771,pdb_00008wnp_B_A
8814,3,train,0.9898147583007812,pdb_00008suo_I_M
8815,3,train,0.16561883687973022,pdb_00002dqe_H_L
8816,3,train,0.914559006690979,pdb_00007t3d_P_R
8817,3,train,0.4668116867542267,pdb_00008hn6_A_B
8818,3,train,0.315366268157959,pdb_00007kfv_F_G
8819,3,train,0.9483404755592346,pdb_00004hjj_H2_L2
8820,3,train,0.016273805871605873,pdb_00008sps_K1_K2
8821,3,train,0.00711182551458478,pdb_00003ze2_H_L
8822,3,train,1.0448381900787354,pdb_00009rii_H_L
8823,3,train,1.1312212944030762,pdb_00008gb5_I_H
8824,3,train,1.0775351524353027,pdb_00008vte_D_C
8825,3,train,1.1622320413589478,pdb_00008hrd_O_P
8826,3,train,0.3667075037956238,pdb_00008f2j_D_F
8827,3,train,1.1176185607910156,pdb_00005hbt_D_C
8828,3,train,0.0077300239354372025,pdb_00009kfj_S1_S2
8829,3,train,0.012971929274499416,pdb_00008zqe_S1_S2
8830,3,train,0.8631449341773987,pdb_00008dxt_H_L
8831,3,train,0.779468834400177,pdb_00008v5v_f_g
8832,3,train,0.9011125564575195,pdb_00005kov_I1_I2
8833,3,train,0.4410307705402374,pdb_00007kmh_A_B
8834,3,train,0.034351810812950134,pdb_00009b5y_N1_N2
8835,3,train,0.7737479209899902,pdb_00007ycn_K_L
8836,3,train,0.713906466960907,pdb_00009bao_E_F
8837,3,train,1.4181865453720093,pdb_00008ezl_H1_H2
8838,3,train,0.8739675283432007,pdb_00005ggs_A_B
8839,3,train,0.49029457569122314,pdb_00009jy3_R_Q
8840,3,train,0.10349694639444351,pdb_00002dqc_H_L
8841,3,train,0.7881399393081665,pdb_00008rrn_C_D
8842,3,train,1.0514566898345947,pdb_00004lvh_H_I
8843,3,train,0.535953938961029,pdb_00009q7b_L_M
8844,3,train,0.8498572707176208,pdb_00008w86_A_B
8845,3,train,0.012136160396039486,pdb_00008kfx_S1_S2
8846,3,train,0.2439115047454834,pdb_00006k5a_C_D
8847,3,train,0.013385718688368797,pdb_00009kvi_E1_E2
8848,3,train,1.1135809421539307,pdb_00009rim_H_L
8849,3,train,0.9567645192146301,pdb_00007dm1_D_C
8850,3,train,0.8397060036659241,pdb_00004ag4_H_L
8851,3,train,0.03156062960624695,pdb_00009ejz_H1_H2
8852,3,train,0.5358366966247559,pdb_00002h9g_B_A
8853,3,train,0.8542181253433228,pdb_00007l5j_Y_X
8854,3,train,0.9898601174354553,pdb_00004f37_F_K
8855,3,train,0.8121398091316223,pdb_00007yvl_A_C
8856,3,train,0.04214892536401749,pdb_00002hlf_E_F
8857,3,train,0.9120351076126099,pdb_00008tnt_G_F
8858,3,train,1.1644549369812012,pdb_00007yru_H_L
8859,3,train,0.010672022588551044,pdb_00009ik9_E1_E2
8860,3,train,0.5688972473144531,pdb_00008jqn_H_L
8861,3,train,0.5486253499984741,pdb_00008w83_E_F
8862,3,train,1.1816667318344116,pdb_00004ut6_H_L
8863,3,train,0.012708183377981186,pdb_00007aue_S1_S2
8864,3,train,0.04469549283385277,pdb_00001ott_C_D
8865,3,train,0.009444759227335453,pdb_00009lrd_E1_E2
8866,3,train,0.19860468804836273,pdb_00004tnw_F_N
8867,3,train,0.860968291759491,pdb_00008zd6_K_L
8868,3,train,0.8433929681777954,pdb_00004v1d_A_B
8869,3,train,1.1138824224472046,pdb_00008gsc_H_L
8870,3,train,0.5594037175178528,pdb_00005w0k_E_F
8871,3,train,1.2005510330200195,pdb_00003bgf_H_L
8872,3,train,0.00837006140500307,pdb_00007ujk_E_F
8873,3,train,0.7790619134902954,pdb_00007wh8_B_A
8874,3,train,0.5706170797348022,pdb_00008bec_A1_A2
8875,3,train,0.3933887183666229,pdb_00007s0b_C_D
8876,3,train,0.12583215534687042,pdb_00008vrn_J_I
8877,3,train,0.01406612154096365,pdb_00006kpg_S1_S2
8878,3,train,0.025347381830215454,pdb_00007vie_E1_E2
8879,3,train,0.016994262114167213,pdb_00009iyb_E1_E2
8880,3,train,0.007460692897439003,pdb_00007v69_S1_S2
8881,3,train,0.038637757301330566,pdb_00008xyd_E1_E2
8882,3,train,0.028443263843655586,pdb_00007w0p_S1_S2
8883,3,train,0.8392363786697388,pdb_00006bpa_E_F
8884,3,train,0.3912486433982849,pdb_00008pwh_B_A
8885,3,train,0.03688599914312363,pdb_00008f7q_E1_E2
8886,3,train,1.1565662622451782,pdb_00002r29_H_L
8887,3,train,0.10071659088134766,pdb_00007k63_M2_M1
8888,3,train,0.7072767615318298,pdb_00005wko_G_H
8889,3,train,0.9051638841629028,pdb_00006woz_K_L
8890,3,train,1.0284504890441895,pdb_00007zwi_E_F
8891,3,train,0.8348817229270935,pdb_00008u4q_H_L
8892,3,train,0.783247172832489,pdb_00003g6d_H_L
8893,3,train,0.5629808902740479,pdb_00007dk2_A_B
8894,3,train,0.7099242210388184,pdb_00009mtj_M_N
8895,3,train,0.5307099223136902,pdb_00008hpu_M_N
8896,3,train,1.2915345430374146,pdb_00008tp5_H_L
8897,3,train,0.017173366621136665,pdb_00007xjj_S1_S2
8898,3,train,0.5630638003349304,pdb_00007jx3_H_L
8899,3,train,0.18137747049331665,pdb_00002qr0_R_Q
8900,3,train,0.6976469159126282,pdb_00005jz7_C_D
8901,3,train,0.5547649264335632,pdb_00009h4s_H_L
8902,3,train,0.015014249831438065,pdb_00008g94_E1_E2
8903,3,train,0.6886458396911621,pdb_00005w3m_E_G
8904,3,train,0.9773808717727661,pdb_00001n6q_H_L
8905,3,train,0.7301780581474304,pdb_00007bbj_H_L
8906,3,train,1.1758953332901,pdb_00009rik_H_L
8907,3,train,0.009635360911488533,pdb_00008xxu_E1_E2
8908,3,train,0.0959366038441658,pdb_00006vmk_K_J
8909,3,train,0.9165278077125549,pdb_00006d0u_C_D
8910,3,train,1.86183762550354,pdb_00008cdd_E_D
8911,3,train,0.504942774772644,pdb_00006vvu_H_L
8912,3,train,0.45859071612358093,pdb_00008w83_M_N
8913,3,train,0.16960181295871735,pdb_00003ri5_H_L
8914,3,train,0.010253426618874073,pdb_00009p0m_F1_F2
8915,3,train,0.10052883625030518,pdb_00008ihh_S1_S2
8916,3,train,0.7452471852302551,pdb_00006woz_H_I
8917,3,train,0.3298681974411011,pdb_00008hws_H_L
8918,3,train,0.6290702223777771,pdb_00006xq2_F_E
8919,3,train,0.00803306419402361,pdb_00008xzj_S1_S2
8920,3,train,0.5284874439239502,pdb_00008h7z_F_I
8921,3,train,0.6056263446807861,pdb_00007ws7_G_F
8922,3,train,1.0294339656829834,pdb_00006mlm_F_G
8923,3,train,0.9594480991363525,pdb_00009hub_I_M
8924,3,train,0.7323088049888611,pdb_00005dhx_B2_B1
8925,3,train,0.6622874736785889,pdb_00008v5v_b_d
8926,3,train,0.5486970543861389,pdb_00007wqv_N1_N2
8927,3,train,0.9885568022727966,pdb_00008da1_B_A
8928,3,train,0.4876722991466522,pdb_00007mzj_F_E
8929,3,train,0.6785535216331482,pdb_00007lq7_F_G
8930,3,train,0.0874195545911789,pdb_00009plo_S1_S2
8931,3,train,0.7845619320869446,pdb_00006ba5_H_G
8932,3,train,0.5525893568992615,pdb_00005wko_A_B
8933,3,train,0.015036595053970814,pdb_00009l80_S1_S2
8934,3,train,0.006136396899819374,pdb_00008id4_S1_S2
8935,3,train,0.5946109294891357,pdb_00003fku_X1_X2
8936,3,train,0.8666303157806396,pdb_00008cii_A_B
8937,3,train,0.02652946300804615,pdb_00008iy5_E1_E2
8938,3,train,0.8257824182510376,pdb_00009cu7_H_L
8939,3,train,1.1012614965438843,pdb_00009ma7_D_E
8940,3,train,0.5535897016525269,pdb_00008zh7_K_L
8941,3,train,0.2782554626464844,pdb_00009our_H_L
8942,3,train,0.8199248313903809,pdb_00004oii_H_L
8943,3,train,1.015568733215332,pdb_00008dv6_C_L
8944,3,train,0.9624943733215332,pdb_00009yyu_I_M
8945,3,train,1.1335006952285767,pdb_00009qub_D_C
8946,3,train,2.1037161350250244,pdb_00004i3r_H_L
8947,3,train,0.9591394066810608,pdb_00002vit_B_A
8948,3,train,0.9215251803398132,pdb_00007mkm_H_L
8949,3,train,0.014560542069375515,pdb_00008jlk_S1_S2
8950,3,train,0.8270442485809326,pdb_00001oak_H_L
8951,3,train,0.0821310356259346,pdb_00006ad8_E_F
8952,3,train,0.3647284507751465,pdb_00008as0_W_V
8953,3,train,0.059115514159202576,pdb_00007rkx_D1_D2
8954,3,train,1.0087640285491943,pdb_00005t5f_H_L
8955,3,train,1.0135328769683838,pdb_00009npg_A_B
8956,3,train,0.012086877599358559,pdb_00007trs_H1_H2
8957,3,train,0.029790889471769333,pdb_00008ef6_E1_E2
8958,3,train,0.6494089961051941,pdb_00003g6j_H_G
8959,3,train,0.10583294928073883,pdb_00006x3x_K_L
8960,3,train,0.008686844259500504,pdb_00009izg_S1_S2
8961,3,train,0.8543859720230103,pdb_00008zdw_U_R
8962,3,train,0.7529277801513672,pdb_00006n5d_E_F
8963,3,train,0.01107543520629406,pdb_00007t94_E1_E2
8964,3,train,0.5432996153831482,pdb_00009wsv_H_L
8965,3,train,1.2859394550323486,pdb_00007ean_H_L
8966,3,train,0.30753952264785767,pdb_00008f2j_H_L
8967,3,train,0.5214049816131592,pdb_00008too_B_A
8968,3,train,0.878678560256958,pdb_00006a4k_K_O
8969,3,train,0.6976665258407593,pdb_00004gxu_W_X
8970,3,train,1.1453959941864014,pdb_00004ffw_H_L
8971,3,train,0.9285774827003479,pdb_00007mzj_H_L
8972,3,train,0.8658012747764587,pdb_00007w71_H_L
8973,3,train,0.940421998500824,pdb_00008w5l_H_L
8974,3,train,0.8695172071456909,pdb_00004xnm_B_A
8975,3,train,0.07846195250749588,pdb_00008z3q_S1_S2
8976,3,train,1.3479218482971191,pdb_00008hgm_C_D
8977,3,train,0.7866728901863098,pdb_00005d1z_G_H
8978,3,train,0.788277268409729,pdb_00007pry_C_D
8979,3,train,0.5729384422302246,pdb_00004m62_I_M
8980,3,train,0.02434069849550724,pdb_00008ij3_S1_S2
8981,3,train,0.7108808159828186,pdb_00008dwx_V_U
8982,3,train,0.5449577569961548,pdb_00009n4f_O_P
8983,3,train,1.1915823221206665,pdb_00009xth_B_C
8984,3,train,0.4533127546310425,pdb_00007nx7_H_L
8985,3,train,0.018255867063999176,pdb_00007xw9_S1_S2
8986,3,train,0.5350664854049683,pdb_00008go8_I_M
8987,3,train,0.017066381871700287,pdb_00008zpt_E1_E2
8988,3,train,0.03747434541583061,pdb_00007u0j_K1_K2
8989,3,train,0.5023610591888428,pdb_00007kmg_D_E
8990,3,train,0.15330541133880615,pdb_00003rif_G_K
8991,3,train,0.4724838137626648,pdb_00005yoy_R_O
8992,3,train,0.5806677341461182,pdb_00004h88_H_L
8993,3,train,0.008342362008988857,pdb_00007u2l_E1_E2
8994,3,train,0.01940932124853134,pdb_00008e9w_E1_E2
8995,3,train,0.02331150323152542,pdb_00002vdl_H_L
8996,3,train,0.013763200491666794,pdb_00009oxb_D1_D2
8997,3,train,0.40809565782546997,pdb_00009lbs_H_L
8998,3,train,0.6660712361335754,pdb_00005xhv_P_Q
8999,3,train,1.0357446670532227,pdb_00009oco_H_L
9000,3,train,0.8106312155723572,pdb_00008gy5_H_L
9001,3,train,1.2713017463684082,pdb_00009ma7_B_C
9002,3,train,0.3894372582435608,pdb_00009wb3_B_C
9003,3,train,0.04825127124786377,pdb_00009ipv_S1_S2
9004,3,train,0.009768083691596985,pdb_00008ykw_E1_E2
9005,3,train,0.007099866401404142,pdb_00008hnk_S1_S2
9006,3,train,0.6053252816200256,pdb_00003wkm_I_M
9007,3,train,0.011789037846028805,pdb_00009f34_E1_E2
9008,3,train,0.5619021058082581,pdb_00008j26_B_A
9009,3,train,0.6037668585777283,pdb_00007cdj_H_L
9010,3,train,0.0063234539702534676,pdb_00007na8_N1_N2
9011,3,train,0.6179509162902832,pdb_00007t3d_K_N
9012,3,train,0.637209951877594,pdb_00009ixa_H_L
9013,3,train,0.8466195464134216,pdb_00009npg_D_E
9014,3,train,0.6222776174545288,pdb_00009iw2_H_L
9015,3,train,0.7377349734306335,pdb_00008jqm_H_L
9016,3,train,0.4297966957092285,pdb_00007lop_W_V
9017,3,train,0.6961832046508789,pdb_00008y31_D_C
9018,3,train,0.9770303964614868,pdb_00006jhs_E_D
9019,3,train,0.005802163388580084,pdb_00007wv9_S1_S2
9020,3,train,0.8460080623626709,pdb_00009mqd_I_M
9021,3,train,0.8867221474647522,pdb_00006wtu_K_L
9022,3,train,0.012450680136680603,pdb_00007ej8_H1_H2
9023,3,train,0.9394967555999756,pdb_00006t9e_AAA_BBB
9024,3,train,0.00714855594560504,pdb_00009l42_E1_E2
9025,3,train,0.6112238168716431,pdb_00004np4_H_L
9026,3,train,0.5132441520690918,pdb_00003fku_S1_S2
9027,3,train,0.04836328700184822,pdb_00002h2s_C_D
9028,3,train,1.2475923299789429,pdb_00004ubd_G_H
9029,3,train,0.28347083926200867,pdb_00008smt_H_L
9030,3,train,0.7564452290534973,pdb_00008f6x_E1_E2
9031,3,train,1.0116783380508423,pdb_00008e8s_H_L
9032,3,train,0.01021102536469698,pdb_00007scg_E1_E2
9033,3,train,0.8149275183677673,pdb_00008e8r_H_L
9034,3,train,0.30654028058052063,pdb_00008as0_E_D
9035,3,train,0.6864014863967896,pdb_00006wzl_A_B
9036,3,train,0.6843817234039307,pdb_00003v6z_A_B
9037,3,train,0.015134202316403389,pdb_00006dzt_M1_M2
9038,3,train,0.42982855439186096,pdb_00004tsb_H_L
9039,3,train,0.6192932724952698,pdb_00007lq7_P_Q
9040,3,train,0.03291963413357735,pdb_00007k61_N2_N1
9041,3,train,0.895979642868042,pdb_00008jin_P2_P1
9042,3,train,0.7236218452453613,pdb_00008dnn_B_C
9043,3,train,0.008877568878233433,pdb_00008gcm_E1_E2
9044,3,train,0.05167761817574501,pdb_00006e0c_M1_M2
9045,3,train,1.0338737964630127,pdb_00009ml8_M_N
9046,3,train,0.6456354260444641,pdb_00009hhr_F_E
9047,3,train,0.6967173218727112,pdb_00008u44_U_W
9048,3,train,0.03815753012895584,pdb_00008xjn_E1_E2
9049,3,train,1.4997793436050415,pdb_00006osh_H_L
9050,3,train,0.46603360772132874,pdb_00009jy4_R_Q
9051,3,train,0.5721582770347595,pdb_00007ley_D_E
9052,3,train,0.8211458325386047,pdb_00007t0z_H_L
9053,3,train,0.7155868411064148,pdb_00009jbq_A_B
9054,3,train,0.663707971572876,pdb_00005jz7_H_L
9055,3,train,0.892371416091919,pdb_00008bcz_H_L
9056,3,train,0.03323301672935486,pdb_00008thk_F1_F2
9057,3,train,0.6305080056190491,pdb_00007mxl_H_L
9058,3,train,0.8336894512176514,pdb_00008gsd_H_L
9059,3,train,0.4473174214363098,pdb_00008j1q_B_A
9060,3,train,0.7768690586090088,pdb_00004wv1_B_A
9061,3,train,0.7532554268836975,pdb_00007k9z_B_A
9062,3,train,0.647486686706543,pdb_00008cn9_G_F
9063,3,train,0.6393041014671326,pdb_00007deu_B1_B2
9064,3,train,0.012926430441439152,pdb_00008jgg_S1_S2
9065,3,train,0.7996606826782227,pdb_00007dm2_H_L
9066,3,train,0.7244570255279541,pdb_00008rrn_H_L
9067,3,train,0.3859905004501343,pdb_00007vag_H_L
9068,3,train,0.7364864945411682,pdb_00008sit_H_L
9069,3,train,0.6462964415550232,pdb_00009mqa_H_L
9070,3,train,0.9003738164901733,pdb_00008dis_B_G
9071,3,train,0.9813004732131958,pdb_00007x3e_H_L
9072,3,train,0.4223872125148773,pdb_000011ol_H_L
9073,3,train,1.1803500652313232,pdb_00007ezv_H_L
9074,3,train,1.123744249343872,pdb_00006mto_H_L
9075,3,train,0.5354658961296082,pdb_00009tmp_H_L
9076,3,train,0.031236886978149414,pdb_00003ze0_E_F
9077,3,train,1.4236727952957153,pdb_00009e89_H_L
9078,3,train,0.035632941871881485,pdb_00009cm7_N1_N2
9079,3,train,0.4485892355442047,pdb_00008bg4_A1_A2
9080,3,train,0.4379631280899048,pdb_00008dn6_C_D
9081,3,train,0.034721024334430695,pdb_00003nig_E_F
9082,3,train,0.02320297248661518,pdb_00007u0g_O1_O2
9083,3,train,0.9445058107376099,pdb_00009lsi_D1_C2
9084,3,train,0.8427433967590332,pdb_00004ogx_H_L
9085,3,train,0.6216503381729126,pdb_00009q5v_K_J
9086,3,train,0.7491329312324524,pdb_00007xcz_B_C
9087,3,train,0.010319708846509457,pdb_00008g59_S1_S2
9088,3,train,0.6438767313957214,pdb_00009n8j_F_G
9089,3,train,0.8449961543083191,pdb_00008g5b_H_L
9090,3,train,0.11114498972892761,pdb_00002itc_A_B
9091,3,train,0.04153956472873688,pdb_00008h8j_H1_H2
9092,3,train,0.42702844738960266,pdb_00003s37_H_L
9093,3,train,0.10831065475940704,pdb_00009x3z_S1_S2
9094,3,train,1.170989751815796,pdb_00006wtv_H_I
9095,3,train,0.03525768220424652,pdb_00008ubk_N2_N1
9096,3,train,0.7115018367767334,pdb_00009cpv_H_L
9097,3,train,0.300679087638855,pdb_00009jy1_P_O
9098,3,train,0.007062278687953949,pdb_00007wy0_C1_C2
9099,3,train,0.7740387320518494,pdb_00006t3j_A_B
9100,3,train,0.008556594140827656,pdb_00007vdl_S1_S2
9101,3,train,0.5152500867843628,pdb_00007sk4_D_C
9102,3,train,0.059848833829164505,pdb_00001j1p_H_L
9103,3,train,0.8728095889091492,pdb_00007scn_H_L
9104,3,train,0.01692209579050541,pdb_00007k63_N2_N1
9105,3,train,0.04260366037487984,pdb_00007y89_S1_S2
9106,3,train,0.02475069649517536,pdb_00008hoc_S1_S2
9107,3,train,1.0082241296768188,pdb_00006ocb_H_L
9108,3,train,0.3490409851074219,pdb_00007c01_C_D
9109,3,train,0.006768228020519018,pdb_00008x9t_S1_S2
9110,3,train,1.0532629489898682,pdb_00008rmy_E_F
9111,3,train,0.7082078456878662,pdb_00009mkn_H_L
9112,3,train,0.006722092162817717,pdb_00008hcx_E1_E2
9113,3,train,0.5421544313430786,pdb_00008tx3_H_L
9114,3,train,0.015839073807001114,pdb_00009vo1_E1_E2
9115,3,train,0.24205559492111206,pdb_00006zlr_BBB_CCC
9116,3,train,0.6446808576583862,pdb_00001dee_F_E
9117,3,train,0.9994204044342041,pdb_00008dwo_U_V
9118,3,train,0.5531116724014282,pdb_00006ban_H_G
9119,3,train,0.0196739099919796,pdb_00008j6r_S1_S2
9120,3,train,0.4584035575389862,pdb_00007klh_I_M
9121,3,train,0.015059541910886765,pdb_00007u60_E_F
9122,3,train,0.01149981003254652,pdb_00008xqn_S1_S2
9123,3,train,0.0734335258603096,pdb_00008si9_K_L
9124,3,train,0.18680007755756378,pdb_00008vgj_F_E
9125,3,train,0.06520913541316986,pdb_00009kt9_E1_E2
9126,3,train,0.0193854458630085,pdb_00008jsr_C1_C2
9127,3,train,0.9355329275131226,pdb_00008hpf_H_L
9128,3,train,0.6191373467445374,pdb_00001tzh_H_L
9129,3,train,0.3133082985877991,pdb_00004dgi_H_L
9130,3,train,0.6994248628616333,pdb_00007ebz_E_F
9131,3,train,0.8666861057281494,pdb_00008zre_h_l
9132,3,train,1.3398728370666504,pdb_00004ki5_C_D
9133,3,train,0.013972261920571327,pdb_00006k5i_E_F
9134,3,train,0.9522188305854797,pdb_00008tzw_H_L
9135,3,train,0.04284253343939781,pdb_00006x3x_J_I
9136,3,train,0.012216530740261078,pdb_00009vnf_E1_E2
9137,3,train,0.3769092857837677,pdb_00007x2k_H_L
9138,3,train,0.7205714583396912,pdb_00001tqb_B_C
9139,3,train,0.010189024731516838,pdb_00002exy_E_F
9140,3,train,0.7630355954170227,pdb_00009lf8_H_L
9141,3,train,0.016491446644067764,pdb_00008kgg_E1_E2
9142,3,train,1.2489651441574097,pdb_00008tnn_J_I
9143,3,train,0.39135777950286865,pdb_00008f2j_I_J
9144,3,train,0.5297750234603882,pdb_00007zfc_A_B
9145,3,train,0.029121868312358856,pdb_00006e0p_M1_M2
9146,3,train,0.3062785267829895,pdb_00008jen_C_D
9147,3,train,0.04750998318195343,pdb_00003zdx_E_F
9148,3,train,0.008369086310267448,pdb_00007t90_E1_E2
9149,3,train,0.7424875497817993,pdb_00008dwy_Z_Y
9150,3,train,0.3111006021499634,pdb_000011oq_H_L
9151,3,train,1.1641191244125366,pdb_00005c0n_H_L
9152,3,train,0.5510895848274231,pdb_00009og2_B_C
9153,3,train,0.020631125196814537,pdb_00007k5x_M2_M1
9154,3,train,1.4455599784851074,pdb_00008v2e_A_B
9155,3,train,0.00807631853967905,pdb_00008k9k_H1_H2
9156,3,train,1.087276816368103,pdb_00009mtl_H_L
9157,3,train,0.007951514795422554,pdb_00002vdp_H_L
9158,3,train,0.888028085231781,pdb_00004f3f_B_A
9159,3,train,0.9489129185676575,pdb_00007cqd_H_L
9160,3,train,0.8558357357978821,pdb_00009me5_H_L
9161,3,train,0.6095510721206665,pdb_00008xsi_H_L
9162,3,train,0.8711845278739929,pdb_00007l0l_H_L
9163,3,train,0.59425288438797,pdb_00008cn9_B_A
9164,3,train,0.6424012780189514,pdb_00008dnn_E_F
9165,3,train,0.02918180450797081,pdb_00007jhj_D1_D2
9166,3,train,0.9070095419883728,pdb_00009atm_H_L
9167,3,train,0.14481563866138458,pdb_00009zqb_I2_I1
9168,3,train,0.015607129782438278,pdb_00007t6s_E1_E2
9169,3,train,0.011084557510912418,pdb_00009v0x_E1_E2
9170,3,train,0.12991051375865936,pdb_00008j24_G1_G2
9171,3,train,0.35770514607429504,pdb_00007b3o_H_L
9172,3,train,0.6093331575393677,pdb_00007ubs_K1_K2
9173,3,train,0.8899030685424805,pdb_00007ua2_H1_H2
9174,3,train,0.8004582524299622,pdb_00006n5b_H_L
9175,3,train,0.5121368765830994,pdb_00006lhq_H_L
9176,3,train,1.032117247581482,pdb_00002zcl_H_L
9177,3,train,0.029834605753421783,pdb_00007k60_M2_M1
9178,3,train,0.02055489644408226,pdb_00009le2_S1_S2
9179,3,train,0.9192386865615845,pdb_00009bdi_C_D
9180,3,train,1.011322259902954,pdb_00008r8k_H_L
9181,3,train,1.0792807340621948,pdb_00008tp5_J_K
9182,3,train,0.8071878552436829,pdb_00009dm0_C_D
9183,3,train,0.8103914260864258,pdb_00008bg1_J_K
9184,3,train,0.028216565027832985,pdb_00009wxm_D1_D2
9185,3,train,1.2347018718719482,pdb_00008jin_B2_B1
9186,3,train,0.4741334319114685,pdb_00009cia_B_A
9187,3,train,0.7188665270805359,pdb_00008cz8_A2_A1
9188,3,train,0.45451220870018005,pdb_00008j7e_C_D
9189,3,train,0.7628211975097656,pdb_00003bn9_F_E
9190,3,train,0.5598500370979309,pdb_00008i5l_E1_E2
9191,3,train,0.5894810557365417,pdb_00005wko_E_F
9192,3,train,0.03503124788403511,pdb_00008y73_E1_E2
9193,3,train,0.3820505440235138,pdb_00007f6y_H_L
9194,3,train,1.1300820112228394,pdb_00008p5m_G_L
9195,3,train,0.5372351408004761,pdb_00007t3d_J_M
9196,3,train,0.5666402578353882,pdb_00008eoo_H_L
9197,3,train,0.9446262121200562,pdb_00008gs9_H_K
9198,3,train,0.038544218987226486,pdb_00002fed_C_D
9199,3,train,0.1942860633134842,pdb_00006z2m_B_C
9200,3,train,0.6386258602142334,pdb_00004f2m_A_B
9201,3,train,0.1428191363811493,pdb_00009oun_J_K
9202,3,train,0.15683530271053314,pdb_00009oum_H_L
9203,3,train,0.5917176604270935,pdb_00003nh7_J_N
9204,3,train,0.5020039081573486,pdb_00008dww_Z_Y
9205,3,train,0.4938463270664215,pdb_00003fku_U1_U2
9206,3,train,1.150814175605774,pdb_00005ug0_D_C
9207,3,train,0.44320976734161377,pdb_00007mzk_C_D
9208,3,train,0.9342823624610901,pdb_00008d9y_H_G
9209,3,train,0.03195173665881157,pdb_00006xbk_S1_S2
9210,3,train,0.010387341491878033,pdb_00007d77_S1_S2
9211,3,train,0.553209125995636,pdb_00008vgm_E_F
9212,3,train,0.7992355227470398,pdb_00009b82_N_M
9213,3,train,0.012144587002694607,pdb_00008gus_S1_S2
9214,3,train,0.44920215010643005,pdb_00008zbb_H_L
9215,3,train,0.015957118943333626,pdb_00007trp_H1_H2
9216,3,train,0.022201446816325188,pdb_00007vif_E1_E2
9217,3,train,0.3423760235309601,pdb_00008wo4_D_C
9218,3,train,0.02159705013036728,pdb_00007yfd_C1_C2
9219,3,train,1.1726847887039185,pdb_00007jwg_A_B
9220,3,train,0.3109431862831116,pdb_00007zfe_J_K
9221,3,train,1.3363776206970215,pdb_00007ey5_H_L
9222,3,train,0.029636172577738762,pdb_00008vfx_M2_M1
9223,3,train,0.2219250649213791,pdb_00007m2j_A_B
9224,3,train,0.016070663928985596,pdb_00007t10_S1_S2
9225,3,train,1.3858139514923096,pdb_00008g5b_J_N
9226,3,train,0.6386398673057556,pdb_00002i9l_D_C
9227,3,train,0.8688921928405762,pdb_00008vsj_H_L
9228,3,train,0.8303622603416443,pdb_00006wmw_M_N
9229,3,train,0.9121267795562744,pdb_00005vqm_D_C
9230,3,train,0.03785107284784317,pdb_00002exw_E_F
9231,3,train,0.3499307632446289,pdb_00008zyt_D_Q
9232,3,train,0.7632020115852356,pdb_00009bbn_S_T
9233,3,train,0.6915226578712463,pdb_00006wzl_C_D
9234,3,train,0.03146114572882652,pdb_00007ezm_H1_H2
9235,3,train,1.0857924222946167,pdb_00008p12_H_L
9236,3,train,0.6623960733413696,pdb_00007w71_I_M
9237,3,train,0.5321292877197266,pdb_00001za3_B_A
9238,3,train,1.0232033729553223,pdb_00006plk_I_M
9239,3,train,0.6254198551177979,pdb_00006dkj_A_B
9240,3,train,0.79569411277771,pdb_00007f15_B1_B2
9241,3,train,1.0927106142044067,pdb_00009oea_H_L
9242,3,train,0.5559306144714355,pdb_00005nh3_H_L
9243,3,train,0.6327938437461853,pdb_00006vja_I_M
9244,3,train,0.9229391813278198,pdb_00009qt3_N_O
9245,3,train,0.6541767716407776,pdb_00009lho_T_S
9246,3,train,0.4727500379085541,pdb_00002i9l_H_G
9247,3,train,0.8086471557617188,pdb_00004v1d_D_E
9248,3,train,1.0215693712234497,pdb_00009mth_I_J
9249,3,train,0.8462063670158386,pdb_00008hrd_N_Q
9250,3,train,0.012775277718901634,pdb_00008y72_E1_E2
9251,3,train,0.011680732481181622,pdb_00008jhy_S1_S2
9252,3,train,0.7747595906257629,pdb_00007zfb_A_B
9253,3,train,0.0149506451562047,pdb_00008y45_S1_S2
9254,3,train,0.5646622776985168,pdb_00007dk2_D_E
9255,3,train,0.5596476793289185,pdb_00008txu_E_J
9256,3,train,0.22287140786647797,pdb_00002qr0_F_E
9257,3,train,0.6936690211296082,pdb_00008tnt_E_D
9258,3,train,0.37347814440727234,pdb_00007sts_A_B
9259,3,train,0.9143450260162354,pdb_00002zck_H_L
9260,3,train,0.022618331015110016,pdb_00007tmz_E_F
9261,3,train,0.3063296675682068,pdb_00008j7e_A_B
9262,3,train,0.4897627532482147,pdb_00003rhw_G_K
9263,3,train,0.4520443081855774,pdb_00006cw3_C_D
9264,3,train,0.6132214069366455,pdb_00003g6j_F_E
9265,3,train,0.893826961517334,pdb_00008hpu_H_L
9266,3,train,0.3253852128982544,pdb_00009cpu_H_L
9267,3,train,0.01805734634399414,pdb_00006k5d_E_F
9268,3,train,0.009364492259919643,pdb_00007s8m_E1_E2
9269,3,train,0.055146992206573486,pdb_00003a6c_H_L
9270,3,train,0.8050674200057983,pdb_00001fsk_F_E
9271,3,train,0.5074964761734009,pdb_00007keo_E_F
9272,3,train,0.03594418242573738,pdb_00007yon_S1_S2
9273,3,train,0.5187330842018127,pdb_00008jkh_H_L
9274,3,train,0.6286128163337708,pdb_00003p0y_H_L
9275,3,train,0.21324920654296875,pdb_00002qr0_N_M
9276,3,train,1.0346167087554932,pdb_00002ybr_G_H
9277,3,train,0.014128683134913445,pdb_00007y24_S1_S2
9278,3,train,0.009663112461566925,pdb_00009ppy_E1_E2
9279,3,train,0.8206465840339661,pdb_00009ebc_K_L
9280,3,train,0.9483597278594971,pdb_00009mtg_I_J
9281,3,train,1.0658594369888306,pdb_00008hrd_C_E
9282,3,train,0.9702572226524353,pdb_00009oi3_I_J
9283,3,train,0.7350919246673584,pdb_00008ywe_B2_B1
9284,3,train,0.3078158497810364,pdb_00006b9y_B_A
9285,3,train,0.7095533609390259,pdb_00008znz_G_H
9286,3,train,0.011801382526755333,pdb_00007yu3_S1_S2
9287,3,train,0.012387554161250591,pdb_00008j1a_S1_S2
9288,3,train,1.0597926378250122,pdb_00007s11_H_L
9289,3,train,0.18110321462154388,pdb_00008vgi_H_G
9290,3,train,0.23923833668231964,pdb_00001ua6_H_L
9291,3,train,0.5905896425247192,pdb_00007cgw_H_L
9292,3,train,0.16871990263462067,pdb_00008q6j_B_A
9293,3,train,0.34668096899986267,pdb_00006w41_H_L
9294,3,train,0.7225656509399414,pdb_00007wvd_G_H
9295,3,train,0.02830790914595127,pdb_00007sqo_E1_E2
9296,3,train,0.2854219973087311,pdb_00003b2u_T_U
9297,3,train,0.40969783067703247,pdb_00007x66_H_L
9298,3,train,0.4130432605743408,pdb_00007ul1_H_L
9299,3,train,0.07035291194915771,pdb_00008vgj_J_I
9300,3,train,0.8420977592468262,pdb_00009cu7_J_N
9301,3,train,0.007356076501309872,pdb_00007t96_E1_E2
9302,3,train,0.6863687634468079,pdb_00007tbf_D_E
9303,3,train,0.02048906311392784,pdb_00008xwp_D1_D2
9304,3,train,0.6436238884925842,pdb_00004lf3_B_A
9305,3,train,0.0457514226436615,pdb_00007l1u_H1_H2
9306,3,train,0.5613381266593933,pdb_00007ubs_J1_J2
9307,3,train,0.037498217076063156,pdb_00003fb8_A_B
9308,3,train,0.9615182876586914,pdb_00005c0n_C_D
9309,3,train,0.0826173797249794,pdb_00008dd2_J_I
9310,3,train,0.004765965044498444,pdb_00008z7j_S1_S2
9311,3,train,0.6410375237464905,pdb_00006k7o_F_G
9312,3,train,0.7327626347541809,pdb_00008a96_K_J
9313,3,train,0.1543031930923462,pdb_00006vmk_M_L
9314,3,train,0.5843366384506226,pdb_00009cpw_H_L
9315,3,train,0.20648567378520966,pdb_00007zmk_S_T
9316,3,train,0.4695764482021332,pdb_00005cbe_C_D
9317,3,train,0.021050531417131424,pdb_00006k5a_E_F
9318,3,train,0.4388914406299591,pdb_00005yoy_H_E
9319,3,train,0.793074905872345,pdb_00007y3n_C_D
9320,3,train,0.6207473278045654,pdb_00009ue8_A_B
9321,3,train,0.7367889285087585,pdb_00007c81_H_L
9322,3,train,0.3564842939376831,pdb_00003fku_T1_T2
9323,3,train,0.7826820611953735,pdb_00007x6o_I_K
9324,3,train,0.01919672265648842,pdb_00009ije_D1_D2
9325,3,train,0.6515719890594482,pdb_00007rku_J_K
9326,3,train,0.4822857975959778,pdb_00008wpw_H_L
9327,3,train,0.02681930921971798,pdb_00007ezh_H1_H2
9328,3,train,0.6407371759414673,pdb_00007m7w_E_F
9329,3,train,0.02543806843459606,pdb_00008xxr_S1_S2
9330,3,train,0.12784849107265472,pdb_00005j9p_A_B
9331,3,train,0.018857410177588463,pdb_00009lr1_S1_S2
9332,3,train,0.8371021747589111,pdb_00001rjl_B_A
9333,3,train,0.8890078663825989,pdb_00004f37_H_L
9334,3,train,0.6508302092552185,pdb_00007wvl_H_L
9335,3,train,0.580918550491333,pdb_00002fjh_H_L
9336,3,train,0.7383157014846802,pdb_00005kov_K1_K2
9337,3,train,1.0133403539657593,pdb_00005e94_D_C
9338,3,train,0.03863416239619255,pdb_00002vdm_H_L
9339,3,train,0.7180925607681274,pdb_00006wtu_H_I
9340,3,train,0.6490741968154907,pdb_00008ebp_H_L
9341,3,train,0.014318080618977547,pdb_00008t3o_N1_N2
9342,3,train,1.2720943689346313,pdb_00006ivz_H_L
9343,3,train,0.7000877857208252,pdb_00005xmh_H_L
9344,3,train,0.40646594762802124,pdb_00005yoy_G_D
9345,3,train,0.8738330006599426,pdb_00007wro_H_L
9346,3,train,0.9686166644096375,pdb_00009ml8_H_L
9347,3,train,0.02468736283481121,pdb_00008jei_S1_S2
9348,3,train,0.5084839463233948,pdb_00007xcp_H_L
9349,3,train,0.01688641496002674,pdb_00008vy7_D1_D2
9350,3,train,1.1566317081451416,pdb_00004hg4_P_Q
9351,3,train,0.772685706615448,pdb_00007pa7_ooo2_ooo1
9352,3,train,0.008087798953056335,pdb_00007yoo_S1_S2
9353,3,train,0.8662806153297424,pdb_00007rxj_H_L
9354,3,train,0.019480273127555847,pdb_00008y0n_S1_S2
9355,3,train,0.0161136444658041,pdb_00007ue0_E_F
9356,3,train,0.3329707682132721,pdb_00005yoy_Q_N
9357,3,train,0.8313201069831848,pdb_00006t9d_HHH_LLL
9358,3,train,0.4233855605125427,pdb_00002yss_B_A
9359,3,train,0.5068259835243225,pdb_00009fyt_I_M
9360,3,train,0.6750863194465637,pdb_00008w83_I_J
9361,3,train,0.005165371112525463,pdb_00007trq_H1_H2
9362,3,train,0.5227645635604858,pdb_00008y3k_I_J
9363,3,train,0.8896990418434143,pdb_00005a3i_C_D
9364,3,train,0.8112114071846008,pdb_00009iru_B_A
9365,3,train,0.7195708751678467,pdb_00007vgr_D_C
9366,3,train,1.0413225889205933,pdb_00006dfj_H_L
9367,3,train,0.8103548288345337,pdb_00008yub_A_B
9368,3,train,0.5659998655319214,pdb_00009jqv_H_L
9369,3,train,0.029863251373171806,pdb_00008y71_E1_E2
9370,3,train,0.3151499330997467,pdb_00008i5h_E_F
9371,3,train,0.7973693609237671,pdb_00006wno_E_F
9372,3,train,0.41631054878234863,pdb_00001xgu_B_A
9373,3,train,0.7262684106826782,pdb_00003wd5_H_L
9374,3,train,0.5075994729995728,pdb_00005nhr_A_B
9375,3,train,1.040230393409729,pdb_00008dv6_H_D
9376,3,train,0.4843277335166931,pdb_00009ctw_F_E
9377,3,train,0.028564440086483955,pdb_00009jhp_S1_S2
9378,3,train,0.7919807434082031,pdb_00008dwx_H_L
9379,3,train,0.017244692891836166,pdb_00008i7v_E1_E2
9380,3,train,0.9701228737831116,pdb_00009yyu_J_N
9381,3,train,0.7922071218490601,pdb_00006osv_H_L
9382,3,train,0.548190176486969,pdb_00006wzj_A_B
9383,3,train,0.009107047691941261,pdb_00008rql_S1_S2
9384,3,train,0.9758598208427429,pdb_00008sis_H_L
9385,3,train,0.02824999764561653,pdb_00008jbh_E1_E2
9386,3,train,0.4816249907016754,pdb_00007yxu_H_L
9387,3,train,0.02803332731127739,pdb_00008w8r_S1_S2
9388,3,train,0.6983123421669006,pdb_00007ucq_K1_K2
9389,3,train,0.021114006638526917,pdb_00008t3s_N1_N2
9390,3,train,1.027706503868103,pdb_00001t03_H_L
9391,3,train,0.5709863305091858,pdb_00003nh7_I_M
9392,3,train,0.25436651706695557,pdb_00003hfm_H_L
9393,3,train,0.9584001302719116,pdb_00005dur_B_D
9394,3,train,0.011232005432248116,pdb_00003ze2_E_F
9395,3,train,0.019026201218366623,pdb_00008vqy_K_L
9396,3,train,0.022045420482754707,pdb_00008ubl_M2_M1
9397,3,train,0.021331695839762688,pdb_00008xqp_S1_S2
9398,3,train,0.09102706611156464,pdb_00007xk2_S1_S2
9399,3,train,0.7179558277130127,pdb_00007ycn_E_F
9400,3,train,0.4341922998428345,pdb_00007chc_H_L
9401,3,train,0.524405837059021,pdb_00005xhv_H_L
9402,3,train,0.8120960593223572,pdb_00007rxi_H_L
9403,3,train,1.2906510829925537,pdb_00006xq0_E_F
9404,3,train,0.9209516048431396,pdb_00009mtf_H_L
9405,3,train,0.7220155596733093,pdb_00008eoo_F_K
9406,3,train,0.021218828856945038,pdb_00007vgx_S1_S2
9407,3,train,0.5906577110290527,pdb_00006vvu_J_K
9408,3,train,0.9854577779769897,pdb_00008zpq_A_B
9409,3,train,0.6821913123130798,pdb_00008g5a_J_N
9410,3,train,0.7263188362121582,pdb_00008hn7_D_C
9411,3,train,0.055150292813777924,pdb_00008zps_E1_E2
9412,3,train,0.015352037735283375,pdb_00008k9l_H1_H2
9413,3,train,0.8057214021682739,pdb_00007vyr_H_L
9414,3,train,0.6297261714935303,pdb_00007d85_E_F
9415,3,train,0.8458293080329895,pdb_00009js7_J_M
9416,3,train,0.4019329845905304,pdb_00005aaw_B1_B2
9417,3,train,0.6362254023551941,pdb_00007bpk_H_L
9418,3,train,0.8816303014755249,pdb_00007l7e_C_D
9419,3,train,0.03619765862822533,pdb_00002h2p_E_F
9420,3,train,0.023545144125819206,pdb_00006x3w_J_I
9421,3,train,0.6118208765983582,pdb_00007jum_H1_H2
9422,3,train,0.7414794564247131,pdb_00007z0y_H_L
9423,3,train,0.029525578022003174,pdb_00008dk5_N1_N2
9424,3,train,0.3677108585834503,pdb_00007mjl_H_L
9425,3,train,0.9156607985496521,pdb_00009rip_H_L
9426,3,train,0.8393760919570923,pdb_00001fdl_H_L
9427,3,train,0.010580186732113361,pdb_00008t3q_N1_N2
9428,3,train,0.6143640875816345,pdb_00007xda_B_C
9429,3,train,0.9578068852424622,pdb_00009j4c_H_L
9430,3,train,1.327965259552002,pdb_00007m3l_B_C
9431,3,train,1.108482003211975,pdb_00007u9w_H1_H2
9432,3,train,0.04330357164144516,pdb_00007xau_E1_E2
9433,3,train,0.32631003856658936,pdb_00009cia_D_C
9434,3,train,0.4155570864677429,pdb_00008dww_V_U
9435,3,train,0.8728193044662476,pdb_00009ma7_F_G
9436,3,train,0.39372017979621887,pdb_00007xeg_E_F
9437,3,train,0.1283067762851715,pdb_00006ad8_C_D
9438,3,train,0.7992252707481384,pdb_00004kxz_J_I
9439,3,train,0.20153109729290009,pdb_00001ic5_H_L
9440,3,train,0.6005085706710815,pdb_00007lq7_T_U
9441,3,train,0.07454843074083328,pdb_00003a67_H_L
9442,3,train,0.4802650809288025,pdb_00008jkf_M_N
9443,3,train,0.082683265209198,pdb_00009ouo_H_L
9444,3,train,0.028982559219002724,pdb_00007ukt_E_F
9445,3,train,0.6074068546295166,pdb_00009og1_B_C
9446,3,train,0.5779613256454468,pdb_00008too_G_F
9447,3,train,0.011780386790633202,pdb_00009jh5_S1_S2
9448,3,train,1.170778751373291,pdb_00008w5f_H_L
9449,3,train,0.827755868434906,pdb_00007ahu_B_A
9450,3,train,0.6687195301055908,pdb_00005jz7_G_I
9451,3,train,0.8619964122772217,pdb_00007woc_A_B
9452,3,train,0.0365225113928318,pdb_00008yh3_S1_S2
9453,3,train,1.1038215160369873,pdb_00008kdr_H_L
9454,3,train,0.0957542210817337,pdb_00007mhx_A_B
9455,3,train,0.840809166431427,pdb_00005d1z_B_A
9456,3,train,0.3012484312057495,pdb_00006bah_B_A
9457,3,train,0.635840892791748,pdb_00008sxp_H_L
9458,3,train,0.6327536106109619,pdb_00004oii_I_M
9459,3,train,0.4085073471069336,pdb_00009l6c_D_F
9460,3,train,0.008877366781234741,pdb_00008yky_S1_S2
9461,3,train,0.014382656663656235,pdb_00009vnz_E1_E2
9462,3,train,0.03645314648747444,pdb_00008i7w_E1_E2
9463,3,train,1.0448908805847168,pdb_00009mkn_O_P
9464,3,train,0.007429187186062336,pdb_00009le1_S1_S2
9465,3,train,1.2393122911453247,pdb_00003mxw_H_L
9466,3,train,0.023983091115951538,pdb_00009v81_E1_E2
9467,3,train,0.6810821294784546,pdb_00008f6x_D1_D2
9468,3,train,0.005401935428380966,pdb_00008hnl_S1_S2
9469,3,train,0.8067439198493958,pdb_00006ejg_D2_D1
9470,3,train,0.6818817853927612,pdb_00008rmy_B_C
9471,3,train,0.039656925946474075,pdb_00008tzq_E1_E2
9472,3,train,0.1973186582326889,pdb_00002qr0_T_S
9473,3,train,0.9692140817642212,pdb_00007t82_H_L
9474,3,train,0.7287944555282593,pdb_00007l0l_I_K
9475,3,train,0.4691992402076721,pdb_00007mzk_F_E
9476,3,train,0.008924249559640884,pdb_00007w2z_S1_S2
9477,3,train,0.5191757678985596,pdb_00005kvf_H_L
9478,3,train,0.811194896697998,pdb_00007whz_C_E
9479,3,train,0.47110307216644287,pdb_00002i9l_B_A
9480,3,train,0.7941368818283081,pdb_00002ybr_A_B
9481,3,train,1.3325589895248413,pdb_00008ag1_H_L
9482,3,train,1.0012515783309937,pdb_00006xxv_A_B
9483,3,train,0.3923076391220093,pdb_00003ri5_G_K
9484,3,train,1.0582377910614014,pdb_00007bsd_A_B
9485,3,train,0.023065274581313133,pdb_00008xx3_S1_S2
9486,3,train,0.6906632781028748,pdb_00007wk0_A_B
9487,3,train,0.888462483882904,pdb_00009cds_B_A
9488,3,train,0.008736152201890945,pdb_00008feg_F1_F2
9489,3,train,0.3439459502696991,pdb_00008smt_I_J
9490,3,train,0.45557984709739685,pdb_00005bo1_I_M
9491,3,train,0.5795524716377258,pdb_00003u30_C_B
9492,3,train,0.8147667050361633,pdb_00007fcp_H_L
9493,3,train,0.3173220753669739,pdb_00003rif_I_O
9494,3,train,0.051683224737644196,pdb_00001j1o_H_L
9495,3,train,1.8056539297103882,pdb_00008tzn_G_H
9496,3,train,0.030041158199310303,pdb_00007vdh_S1_S2
9497,3,train,0.06685074418783188,pdb_00001ott_E_F
9498,3,train,0.00784903671592474,pdb_00007t6b_E1_E2
9499,3,train,1.02164626121521,pdb_00009leo_C_D
9500,3,train,0.3604640066623688,pdb_00005nh3_I_M
9501,3,train,0.19618584215641022,pdb_00002qr0_L_K
9502,3,train,0.028053712099790573,pdb_00008hk3_H1_H2
9503,3,train,0.07596660405397415,pdb_00003or6_A_B
9504,3,train,0.008012484759092331,pdb_00003ejy_C_D
9505,3,train,0.007936636917293072,pdb_00009x20_E1_E2
9506,3,train,0.8459256291389465,pdb_00002vir_B_A
9507,3,train,0.7431597709655762,pdb_00005ugy_I_M
9508,3,train,0.03254731371998787,pdb_00003fb5_A_B
9509,3,train,0.9770786166191101,pdb_00009p1m_F_E
9510,3,train,1.0072089433670044,pdb_00009kvk_H_L
9511,3,train,0.023576131090521812,pdb_00007vig_E1_E2
9512,3,train,0.9236904382705688,pdb_00007t0w_H_L
9513,3,train,1.0956368446350098,pdb_00008khd_H_J
9514,3,train,0.007938399910926819,pdb_00007ew7_E1_E2
9515,3,train,0.021379046142101288,pdb_00009izc_S1_S2
9516,3,train,0.2378142774105072,pdb_00004tnw_Y_g
9517,3,train,0.017082570120692253,pdb_00007wu9_S1_S2
9518,3,train,0.009600003249943256,pdb_00008jil_S1_S2
9519,3,train,0.008730567991733551,pdb_00008jlr_S1_S2
9520,3,train,0.02702225372195244,pdb_00007wq3_S1_S2
9521,3,train,0.7820038795471191,pdb_00009ebc_I_J
9522,3,train,0.7313580513000488,pdb_00007l7e_E_F
9523,3,train,1.215382695198059,pdb_00008jn1_H_L
9524,3,train,0.5975242853164673,pdb_00004gxu_S_T
9525,3,train,0.02293604612350464,pdb_00009m2f_S1_S2
9526,3,train,0.49251723289489746,pdb_00003u30_F_E
9527,3,train,1.044514775276184,pdb_00006wds_H_L
9528,3,train,0.7218999266624451,pdb_00003eo1_H_G
9529,3,train,0.6918354034423828,pdb_00008g5a_H_L
9530,3,train,0.4738403856754303,pdb_00004gxu_U_V
9531,3,train,0.01849830150604248,pdb_00008yn7_E1_E2
9532,3,train,0.8040366768836975,pdb_00007zfc_H_L
9533,3,train,0.00885184109210968,pdb_00007yae_S1_S2
9534,3,train,0.012652769684791565,pdb_00009kxs_H1_H2
9535,3,train,0.0106496037915349,pdb_00009ll7_S1_S2
9536,3,train,0.07799315452575684,pdb_00009zqc_I2_I1
9537,3,train,0.5920893549919128,pdb_00006pi7_F_E
9538,3,train,0.6216650009155273,pdb_00005w3l_E_G
9539,3,train,0.12020019441843033,pdb_00009ouq_J_K
9540,3,train,1.0166382789611816,pdb_00009e60_H_L
9541,3,train,0.021736424416303635,pdb_000022es_E1_E2
9542,3,train,0.42430397868156433,pdb_00007kfw_C_D
9543,3,train,0.3163667619228363,pdb_00001xgt_B_A
9544,3,train,0.017164967954158783,pdb_00008y62_E1_E2
9545,3,train,1.1002750396728516,pdb_00008d7e_D_E
9546,3,train,0.008894572034478188,pdb_00008xbh_S1_S2
9547,3,train,0.020256849005818367,pdb_00008hj5_C1_C2
9548,3,train,0.7573887705802917,pdb_00008rmx_B_C
9549,3,train,0.8586066961288452,pdb_00007det_B1_B2
9550,3,train,0.06798087805509567,pdb_00006x3t_J_I
9551,3,train,1.3389776945114136,pdb_00008s72_X_Y
9552,3,train,0.4725686013698578,pdb_00009cpp_H_L
9553,3,train,0.006493131164461374,pdb_00007euo_S1_S2
9554,3,train,0.5145372152328491,pdb_00003rhw_F_N
9555,3,train,0.6428081393241882,pdb_00007u9e_B1_B2
9556,3,train,0.030880380421876907,pdb_00006e0c_N1_N2
9557,3,train,0.27475228905677795,pdb_00001xgq_B_A
9558,3,train,0.036696549504995346,pdb_00008iw9_S1_S2
9559,3,train,1.1598469018936157,pdb_00007yvf_C_A
9560,3,train,0.5221322178840637,pdb_00008ut2_J_I
9561,3,train,0.008388528600335121,pdb_00009vmy_E1_E2
9562,3,train,0.527386486530304,pdb_00001g7h_B_A
9563,3,train,0.007245799992233515,pdb_00009jlc_S1_S2
9564,3,train,0.021614138036966324,pdb_00007uje_E_F
9565,3,train,0.613112211227417,pdb_00004dkf_H_L
9566,3,train,0.06884007155895233,pdb_00007x5h_E1_E2
9567,3,train,0.006453864276409149,pdb_00007sbf_E1_E2
9568,3,train,0.6685016751289368,pdb_00007wvd_I_J
9569,3,train,0.5593217611312866,pdb_00005ugy_H_L
9570,3,train,0.784931480884552,pdb_00005dhy_H_L
9571,3,train,0.7689018249511719,pdb_00008hrd_G_H
9572,3,train,0.013925676234066486,pdb_00007w55_E1_E2
9573,3,train,0.18433810770511627,pdb_00006yor_B_C
9574,3,train,0.9143896698951721,pdb_00006plk_H_L
9575,3,train,0.8054137825965881,pdb_00007y3o_H_L
9576,3,train,0.030224230140447617,pdb_00008spu_K1_K2
9577,3,train,0.4978383779525757,pdb_00008caf_B_A
9578,3,train,0.8032804131507874,pdb_00007chc_A_B
9579,3,train,0.6983368396759033,pdb_00006wtu_E_F
9580,3,train,0.0049493322148919106,pdb_00009lre_E1_E2
9581,3,train,0.07917392998933792,pdb_00009iv6_S1_S2
9582,3,train,0.6889001131057739,pdb_00002x7l_C_D
9583,3,train,0.02967260777950287,pdb_00009jkt_S1_S2
9584,3,train,0.7062324285507202,pdb_00009bao_G_H
9585,3,train,0.9797530174255371,pdb_00004l5f_H_L
9586,3,train,0.5917758941650391,pdb_00007rku_G_I
9587,3,train,0.030998703092336655,pdb_00008z8a_S1_S2
9588,3,train,0.4937235116958618,pdb_00008dn7_A_B
9589,3,train,0.8655062317848206,pdb_00008w5r_H_L
9590,3,train,0.6917268633842468,pdb_00009js7_I_L
9591,3,train,0.12441196292638779,pdb_00009nz4_F_E
9592,3,train,0.7836612462997437,pdb_00002iff_H_L
9593,3,train,0.055803000926971436,pdb_00003iga_A_B
9594,3,train,1.03437340259552,pdb_00006mlm_E_I
9595,3,train,0.3409073054790497,pdb_00006b3s_H_L
9596,3,train,0.6265660524368286,pdb_00007rk2_C1_C2
9597,3,train,2.2104649543762207,pdb_00001jrh_H_L
9598,3,train,1.2073508501052856,pdb_00006k65_H_L
9599,3,train,0.6448948979377747,pdb_00008ebp_I_M
9600,3,train,0.5754151940345764,pdb_00008oz3_H_L
9601,3,train,0.01109331101179123,pdb_00007trk_H1_H2
9602,3,train,0.42190876603126526,pdb_00003ri5_F_N
9603,3,train,0.80379718542099,pdb_00008eed_I_J
9604,3,train,0.008599807508289814,pdb_00008j18_S1_S2
9605,3,train,0.7856447696685791,pdb_00007qny_A_B
9606,3,train,0.06015569344162941,pdb_00007k5y_N2_N1
9607,3,train,1.1840094327926636,pdb_00006oel_H_L
9608,3,train,0.44090986251831055,pdb_00007sk8_D_C
9609,3,train,0.9436246156692505,pdb_00009kve_A_B
9610,3,train,0.023153264075517654,pdb_00008zh8_S1_S2
9611,3,train,0.022287767380475998,pdb_000021ag_S1_S2
9612,3,train,0.6191509962081909,pdb_00006ban_B_A
9613,3,train,0.6209709048271179,pdb_00004gxu_Q_R
9614,3,train,0.6174997687339783,pdb_00003sob_H_L
9615,3,train,1.047159194946289,pdb_00003bsz_H_L
9616,3,train,0.6377854347229004,pdb_00004hg4_R_S
9617,3,train,0.24962234497070312,pdb_00003b2u_N_O
9618,3,train,0.9587122201919556,pdb_00002hmi_D_C
9619,3,train,0.9377772808074951,pdb_00006ogx_C_D
9620,3,train,0.09648685157299042,pdb_00008zbe_E1_E2
9621,3,train,0.01199797261506319,pdb_00008jgb_S1_S2
9622,3,train,0.6792514324188232,pdb_00007ycn_C_D
9623,3,train,0.10322730243206024,pdb_00006ad7_C_D
9624,3,train,0.8262698650360107,pdb_00009npg_G_H
9625,3,train,0.7206199169158936,pdb_00004hj0_C_D
9626,3,train,1.0755048990249634,pdb_00004fqj_H_L
9627,3,train,0.7673637270927429,pdb_00007x93_E_F
9628,3,train,0.823269784450531,pdb_00007kzb_H_L
9629,3,train,1.2619003057479858,pdb_00001osp_H_L
9630,3,train,0.05318841338157654,pdb_00007rkm_D1_D2
9631,3,train,0.27974823117256165,pdb_00008i5h_H_L
9632,3,train,0.7240832448005676,pdb_00005x8l_G_L
9633,3,train,0.5413798689842224,pdb_00009ue8_U_V
9634,3,train,0.06767484545707703,pdb_00008zcj_E1_E2
9635,3,train,0.13926057517528534,pdb_00002dqf_E_D
9636,3,train,0.3304961025714874,pdb_00008jen_G_H
9637,3,train,0.8586464524269104,pdb_00009mkn_S_T
9638,3,train,0.04657432809472084,pdb_00008xos_E1_E2
9639,3,train,1.0222126245498657,pdb_00008k5g_H_L
9640,3,train,0.1871752142906189,pdb_00001nby_B_A
9641,3,train,0.015121550299227238,pdb_00008jbf_E1_E2
9642,3,train,0.03065921738743782,pdb_00006dzt_N1_N2
9643,3,train,0.016026334837079048,pdb_00007vv5_S1_S2
9644,3,train,0.0155306002125144,pdb_00008xxv_E1_E2
9645,3,train,0.015389486216008663,pdb_00008ghv_S1_S2
9646,3,train,1.529622197151184,pdb_00009me6_J_N
9647,3,train,0.07759616523981094,pdb_00006adc_E_F
9648,3,train,1.0909479856491089,pdb_00006u9s_D_E
9649,3,train,0.7433426976203918,pdb_00008y3i_I_J
9650,3,train,0.0124589828774333,pdb_00009k3h_S1_S2
9651,3,train,0.027508588507771492,pdb_00007xav_E1_E2
9652,3,train,1.6981174945831299,pdb_00007uij_A_B
9653,3,train,0.8655599355697632,pdb_00009mla_H_K
9654,3,train,1.043520450592041,pdb_00004xzu_A_B
9655,3,train,0.016197025775909424,pdb_00008ubk_M2_M1
9656,3,train,0.1295105665922165,pdb_00002dqg_H_L
9657,3,train,0.23444563150405884,pdb_00006yz7_HHH_LLL
9658,3,train,0.5081890821456909,pdb_00009cpu_F_G
9659,3,train,0.8944634795188904,pdb_00007ec5_E_F
9660,3,train,0.6194504499435425,pdb_00007dpm_J_K
9661,3,train,0.025056134909391403,pdb_00003det_C_D
9662,3,train,0.7083706855773926,pdb_00008f0h_H_L
9663,3,train,0.029859131202101707,pdb_00008x2k_E1_E2
9664,3,train,0.4071701765060425,pdb_00007xik_H_L
9665,3,train,0.022850584238767624,pdb_00008ef5_E1_E2
9666,3,train,0.024727411568164825,pdb_00008wwj_E1_E2
9667,3,train,0.009158669039607048,pdb_00009uam_E1_E2
9668,3,train,0.8837679028511047,pdb_00009oao_H_L
9669,3,train,0.41999149322509766,pdb_00007xei_C_D
9670,3,train,0.023277679458260536,pdb_00007wic_S1_S2
9671,3,train,0.009572666138410568,pdb_00008jii_S1_S2
9672,3,train,0.6615478992462158,pdb_00006wtv_B_C
9673,3,train,0.013791609555482864,pdb_00009kvg_E1_E2
9674,3,train,0.2752021849155426,pdb_00006txz_K_O
9675,3,train,0.4516829252243042,pdb_00008wpw_C_D
9676,3,train,0.8753700852394104,pdb_00009mtf_M_N
9677,3,train,0.009168264456093311,pdb_00009o36_E1_E2
9678,3,train,0.9978533387184143,pdb_00003qwo_A_B
9679,3,train,0.9870535135269165,pdb_00009y0e_A_B
9680,3,train,0.6103315949440002,pdb_00005kov_C1_C2
9681,3,train,0.40089115500450134,pdb_00008jkf_h_l
9682,3,train,0.013341193087399006,pdb_00009buy_E1_E2
9683,3,train,0.10069705545902252,pdb_00006vmk_c_b
9684,3,train,0.9312431216239929,pdb_00007mdj_A_B
9685,3,train,0.008732129819691181,pdb_00008j19_S1_S2
9686,3,train,0.8537372350692749,pdb_00004hg4_Z_z
9687,3,train,0.9667630195617676,pdb_00008gpu_H_L
9688,3,train,0.017035942524671555,pdb_00007yfc_C1_C2
9689,3,train,0.4575574994087219,pdb_00007kmg_A_B
9690,3,train,0.011798569932579994,pdb_00007t8x_E1_E2
9691,3,train,0.5851712226867676,pdb_00008hrd_Y_Z
9692,3,train,0.020602500066161156,pdb_00007w57_E1_E2
9693,3,train,0.04795940965414047,pdb_00006x3u_K_L
9694,3,train,0.32401925325393677,pdb_00007mzh_H_L
9695,3,train,0.01551852747797966,pdb_00008jpn_S1_S2
9696,3,train,0.027018483728170395,pdb_00008jxx_E1_E2
9697,3,train,0.9925400018692017,pdb_00007uvs_A_B
9698,3,train,0.555577278137207,pdb_00008ywx_E_D
9699,3,train,0.26319146156311035,pdb_00007k8m_A_B
9700,3,train,0.703561007976532,pdb_00003qum_K_M
9701,3,train,0.010797636583447456,pdb_00009b65_S1_S2
9702,3,train,0.7764654159545898,pdb_00007pa7_eee2_eee1
9703,3,train,1.2048827409744263,pdb_00007lg6_K_N
9704,3,train,0.29131901264190674,pdb_00008jel_A_B
9705,3,train,0.011358987540006638,pdb_00007k78_L1_L2
9706,3,train,0.03235818073153496,pdb_00006x3v_J_I
9707,3,train,0.0074653010815382,pdb_00008xqe_S1_S2
9708,3,train,0.04796062037348747,pdb_00007e33_E1_E2
9709,3,train,0.2246660590171814,pdb_00006b3s_J_K
9710,3,train,0.0476495735347271,pdb_00008j23_F1_F2
9711,3,train,0.6504261493682861,pdb_00008y0y_D1_D4
9712,3,train,0.784196674823761,pdb_00004am0_C_D
9713,3,train,0.4226575195789337,pdb_00008txu_F_K
9714,3,train,0.022990146651864052,pdb_00002hlf_C_D
9715,3,train,0.013352824375033379,pdb_00008yh0_S1_S2
9716,3,train,0.6036065220832825,pdb_00009ptm_I_M
9717,3,train,0.5785067081451416,pdb_00006ii4_E_F
9718,3,train,1.2912527322769165,pdb_00008hrd_L_M
9719,3,train,0.6516404151916504,pdb_00005wk3_S_R
9720,3,train,0.6757313013076782,pdb_00009huo_C_D
9721,3,train,0.020747825503349304,pdb_00003fb6_A_B
9722,3,train,0.13770438730716705,pdb_00006zh9_HHH_LLL
9723,3,train,0.9736056327819824,pdb_00006dfi_H_L
9724,3,train,0.5634651780128479,pdb_00009iz9_S_T
9725,3,train,0.5766004323959351,pdb_00007s7i_J_N
9726,3,train,0.01633787527680397,pdb_00008u9s_N2_N1
9727,3,train,0.8455814123153687,pdb_00008tbb_H_L
9728,3,train,0.5653747320175171,pdb_00007dpm_D_E
9729,3,train,0.5237436294555664,pdb_00004dn4_H_L
9730,3,train,0.025731554254889488,pdb_00007k78_K1_K2
9731,3,train,0.010488315485417843,pdb_00007yac_S1_S2
9732,3,train,0.6600340008735657,pdb_00007cmk_H_L
9733,3,train,0.2803823947906494,pdb_00004tnw_X_i
9734,3,train,0.8301117420196533,pdb_00009dn2_J_N
9735,3,train,0.00982150249183178,pdb_00009ldw_S1_S2
9736,3,train,0.028099525719881058,pdb_00003stz_A_B
9737,3,train,0.011083412915468216,pdb_00009m8k_N1_N2
9738,3,train,0.8306201696395874,pdb_00009f90_A_B
9739,3,train,0.5747700929641724,pdb_00001bql_H_L
9740,3,train,0.010242314077913761,pdb_00002r9h_C_D
9741,3,train,0.7049700021743774,pdb_00006z3q_H_L
9742,3,train,0.5378056764602661,pdb_00009q7b_J_K
9743,3,train,0.14718098938465118,pdb_00002dqf_B_A
9744,3,train,0.9358487725257874,pdb_00009b2m_J_K
9745,3,train,0.024052681401371956,pdb_00008ija_S1_S2
9746,3,train,0.7626351118087769,pdb_00006n5e_E_D
9747,3,train,0.007090909406542778,pdb_00002ht4_E_F
9748,3,train,0.9767506718635559,pdb_00008zd5_E_F
9749,3,train,0.7024424076080322,pdb_00009k6y_H_L
9750,3,train,0.018804054707288742,pdb_00002exy_C_D
9751,3,train,0.0092698959633708,pdb_00002htl_E_F
9752,3,train,1.0727285146713257,pdb_00006gv1_H_L
9753,3,train,0.02235773392021656,pdb_00008evg_N1_N2
9754,3,train,0.37332066893577576,pdb_00009me6_I_M
9755,3,train,0.014742904342710972,pdb_00008evi_N1_N2
9756,3,train,0.4511421322822571,pdb_00008dn6_E_F
9757,3,train,0.15905775129795074,pdb_00006w0a_A_B
9758,3,train,0.8302331566810608,pdb_00008dwy_V_U
9759,3,train,0.5732447504997253,pdb_00006ban_F_E
9760,3,train,0.6685013771057129,pdb_00004lf3_E_D
9761,3,train,0.008485259488224983,pdb_00006n4b_S1_S2
9762,3,train,0.7988031506538391,pdb_00005umi_H_L
9763,3,train,0.5962527990341187,pdb_00007mzn_H_L
9764,3,train,0.01600003056228161,pdb_00008irs_E1_E2
9765,3,train,0.8775579929351807,pdb_00007m7w_H_L
9766,3,train,0.02068438194692135,pdb_00008xjl_E1_E2
9767,3,train,1.1032384634017944,pdb_00005lsp_H_L
9768,3,train,0.6196992993354797,pdb_00009ccs_C_B
9769,3,train,0.6398488283157349,pdb_00007sco_E_F
9770,3,train,0.123970627784729,pdb_00007cvt_C_D
9771,3,train,0.008266251534223557,pdb_00007na7_N1_N2
9772,3,train,0.021527480334043503,pdb_00007u9f_E_F
9773,3,train,0.9121817350387573,pdb_00005vig_H_L
9774,3,train,0.17823205888271332,pdb_00006b3s_F_G
9775,3,train,0.013894151896238327,pdb_00008jjp_S1_S2
9776,3,train,0.025219136849045753,pdb_00007k5x_N2_N1
9777,3,train,0.6136390566825867,pdb_00003eo1_E_D
9778,3,train,0.8682801127433777,pdb_00008e8z_H_L
9779,3,train,0.007258962374180555,pdb_00008gut_S1_S2
9780,3,train,0.02759683132171631,pdb_00007vl9_S1_S2
9781,3,train,0.018885858356952667,pdb_00003det_E_F
9782,3,train,0.5837399363517761,pdb_00009lho_O_N
9783,3,train,0.5848575830459595,pdb_00004gxu_M_N
9784,3,train,0.017664814367890358,pdb_00009kfk_S1_S2
9785,3,train,0.8110392689704895,pdb_00007wur_E_F
9786,3,train,0.09422997385263443,pdb_00007mhr_A_B
9787,3,train,0.015058592893183231,pdb_00007vgy_E1_E2
9788,3,train,0.6057306528091431,pdb_00009ima_C_D
9789,3,train,0.46425965428352356,pdb_00001kip_B_A
9790,3,train,0.45166724920272827,pdb_00008wpy_H_L
9791,3,train,1.214161992073059,pdb_00004ubd_Y_X
9792,3,train,1.0283678770065308,pdb_00008tpa_H_L
9793,3,train,0.03031104803085327,pdb_00009jed_S1_S2
9794,3,train,0.10540048778057098,pdb_00006vmk_Z_Y
9795,3,train,0.034180209040641785,pdb_00003gb7_A_B
9796,3,train,0.027677524834871292,pdb_00008wpu_E1_E2
9797,3,train,1.0672281980514526,pdb_00006jod_H_L
9798,3,train,0.013911395333707333,pdb_00007rgp_E1_E2
9799,3,train,0.014193733222782612,pdb_00006kpf_S1_S2
9800,3,train,0.906479001045227,pdb_00009od3_H_L
9801,3,train,0.8428199291229248,pdb_00007t3d_O_Q
9802,3,train,0.048649631440639496,pdb_00006k5i_C_D
9803,3,train,0.11490652710199356,pdb_00003ri5_J_M
9804,3,train,0.008110566064715385,pdb_00007y66_S1_S2
9805,3,train,0.011323381215333939,pdb_00008hnm_S1_S2
9806,3,train,0.2954689562320709,pdb_00009l6c_H_L
9807,3,train,0.7851510643959045,pdb_00006iap_H_L
9808,3,train,0.5658325552940369,pdb_00002x7l_E_F
9809,3,train,0.03695474937558174,pdb_00003t3p_E_F
9810,3,train,0.02434130385518074,pdb_00003f5w_A_B
9811,3,train,0.032976966351270676,pdb_00008id9_S1_S2
9812,3,train,0.48204025626182556,pdb_00003nh7_H_L
9813,3,train,0.027096644043922424,pdb_00009kz2_H1_H2
9814,3,train,0.03615531697869301,pdb_00009j0i_S1_S2
9815,3,train,0.8322301506996155,pdb_00006ss4_HHH_LLL
9816,3,train,0.7024325728416443,pdb_00003qwo_H_L
9817,3,train,0.0884140282869339,pdb_00006w0g_A_B
9818,3,train,0.685994029045105,pdb_00007x6o_C_D
9819,3,train,0.8671823143959045,pdb_00003fmg_H_L
9820,3,train,0.8905603289604187,pdb_00009cq8_C_E
9821,3,train,1.2415542602539062,pdb_00009vca_H_L
9822,3,train,0.021117115393280983,pdb_00008ykd_S1_S2
9823,3,train,1.249124526977539,pdb_00007rco_F_E
9824,3,train,0.5568867325782776,pdb_00008xsj_H_L
9825,3,train,1.6689850091934204,pdb_00009n5i_H_L
9826,3,train,0.7556376457214355,pdb_00007ttx_H_L
9827,3,train,0.29053664207458496,pdb_00005aaw_H1_H2
9828,3,train,0.6793668866157532,pdb_00003vrl_H_L
9829,3,train,1.0797170400619507,pdb_00007t01_H_L
9830,3,train,0.6610661745071411,pdb_00001e6j_H_L
9831,3,train,0.5079451203346252,pdb_00004m62_H_L
9832,3,train,0.5417343378067017,pdb_00007whz_H_L
9833,3,train,0.6725002527236938,pdb_00006p4b_B_A
9834,3,train,0.010427230969071388,pdb_00008yrg_E1_E2
9835,3,train,0.7068547606468201,pdb_00008eed_E_F
9836,3,train,0.009876463562250137,pdb_00009d0a_E1_E2
9837,3,train,0.019371943548321724,pdb_00008e9y_E1_E2
9838,3,train,0.6363036036491394,pdb_00007l7e_M_N
9839,3,train,0.7337065935134888,pdb_00008znz_I_J
9840,3,train,0.8164888620376587,pdb_00008cxg_h_l
9841,3,train,0.01592407561838627,pdb_00007ydh_E1_E2
9842,3,train,0.6387509703636169,pdb_00001fj1_B_A
9843,3,train,0.1058676540851593,pdb_00009oun_H_L
9844,3,train,0.026104755699634552,pdb_00009k27_D1_D2
9845,3,train,0.4648386836051941,pdb_00003fku_Z1_Z2
9846,3,train,0.009534143842756748,pdb_00009izh_S1_S2
9847,3,train,0.02072812058031559,pdb_00008thl_F1_F2
9848,3,train,0.665067732334137,pdb_00007e3o_H_L
9849,3,train,0.02834390476346016,pdb_00008yn6_E1_E2
9850,3,train,0.012509450316429138,pdb_00007rbt_E1_E2
9851,3,train,0.7488478422164917,pdb_00008sit_M_N
9852,3,train,0.04145539179444313,pdb_00001r3k_B_A
9853,3,train,0.4654914438724518,pdb_00005wk3_W_V
9854,3,train,0.3770242929458618,pdb_00009jy2_B_A
9855,3,train,0.016291029751300812,pdb_00009u4w_S1_S2
9856,3,train,0.44363507628440857,pdb_00009lho_I_H
9857,3,train,0.7901679277420044,pdb_00009shd_H_L
9858,3,train,0.7391160130500793,pdb_00008hn7_B_A
9859,3,train,0.6892369985580444,pdb_00009b82_I_G
9860,3,train,0.7246329188346863,pdb_00001tqc_B_C
9861,3,train,0.05930246040225029,pdb_00006vmk_S_R
9862,3,train,0.009883866645395756,pdb_00008hqm_H1_H2
9863,3,train,0.02771572396159172,pdb_00009ydv_E1_E2
9864,3,train,0.01748526655137539,pdb_00007e9g_D1_D2
9865,3,train,0.4819853603839874,pdb_00005oca_H_L
9866,3,train,0.115950807929039,pdb_00009nz4_D_C
9867,3,train,0.623267650604248,pdb_00003v4p_M_N
9868,3,train,0.662568986415863,pdb_00007lq7_C_D
9869,3,train,0.6947234869003296,pdb_00007vyr_A_B
9870,3,train,0.012029900215566158,pdb_00009jeq_S1_S2
9871,3,train,0.25381219387054443,pdb_00009ge3_F1_F2
9872,3,train,0.5212237238883972,pdb_00007m71_H_L
9873,3,train,0.47304481267929077,pdb_00002x7l_A_B
9874,3,train,0.4205612242221832,pdb_00005yoy_I_F
9875,3,train,0.012334780767560005,pdb_00009lr2_S1_S2
9876,3,train,1.4763872623443604,pdb_00008v2e_D_E
9877,3,train,0.5500375032424927,pdb_00007dpm_G_H
9878,3,train,0.029526900500059128,pdb_00006vmk_l_k
9879,3,train,0.8101811408996582,pdb_00009n4e_K_M
9880,3,train,0.6836718916893005,pdb_00008jqs_h_l
9881,3,train,1.126667857170105,pdb_00007s11_I_M
9882,3,train,0.02530185878276825,pdb_00004fg6_E_F
9883,3,train,0.8762656450271606,pdb_00007ycl_A_B
9884,3,train,0.42873796820640564,pdb_00009lrf_H_L
9885,3,train,0.07057514786720276,pdb_00009ctu_F_E
9886,3,train,1.1539053916931152,pdb_00009e3h_J_K
9887,3,train,0.404293954372406,pdb_00008bcz_C_D
9888,3,train,0.5254700183868408,pdb_00001z3g_H_L
9889,3,train,0.04725204035639763,pdb_00008j6l_H1_H2
9890,3,train,0.03689582645893097,pdb_00002boc_A_B
9891,3,train,0.2530842125415802,pdb_00008i5h_B_C
9892,3,train,1.0459216833114624,pdb_00008v52_D_C
9893,3,train,0.6766583919525146,pdb_00008cma_H_L
9894,3,train,1.081881046295166,pdb_00007unb_H_L
9895,3,train,1.0889172554016113,pdb_00007kqh_C_D
9896,3,train,0.33591315150260925,pdb_00001z3g_I_M
9897,3,train,0.04852960631251335,pdb_00004z7n_E_F
9898,3,train,0.7057170271873474,pdb_00007f3q_C_B
9899,3,train,0.35364606976509094,pdb_00007x1m_C_D
9900,3,train,0.025241287425160408,pdb_00008spu_N1_N2
9901,3,train,0.9017048478126526,pdb_00009cfh_H_L
9902,3,train,0.018370043486356735,pdb_00008evi_M1_M2
9903,3,train,0.05664642155170441,pdb_00008ubi_N2_N1
9904,3,train,0.5493047833442688,pdb_00008hpf_M_N
9905,3,train,0.6012385487556458,pdb_00008cz8_C2_C1
9906,3,train,0.7197631001472473,pdb_00002vis_B_A
9907,3,train,0.6629549264907837,pdb_00008zh7_B_C
9908,3,train,0.040098559111356735,pdb_00007ejx_S1_S2
9909,3,train,0.4648829400539398,pdb_00001tzi_B_A
9910,3,train,0.03965695947408676,pdb_00009k26_S1_S2
9911,3,train,0.28184086084365845,pdb_00008smt_A_B
9912,3,train,0.029740015044808388,pdb_00008xgm_S1_S2
9913,3,train,0.01563826948404312,pdb_00008xml_S1_S2
9914,3,train,0.1297043114900589,pdb_00006w0h_A_B
9915,3,train,0.034283123910427094,pdb_00001ots_C_D
9916,3,train,0.016132812947034836,pdb_00008ykx_E1_E2
9917,3,train,0.014459415338933468,pdb_00009jky_S1_S2
9918,3,train,0.519432783126831,pdb_00008hrd_D_F
9919,3,train,0.6619070172309875,pdb_00007rxl_H_L
9920,3,train,0.009137880057096481,pdb_00008tb0_F1_F2
9921,3,train,0.02047770656645298,pdb_00007uh8_E_F
9922,3,train,0.6424950957298279,pdb_00009fys_I_M
9923,3,train,0.5236015319824219,pdb_00007xj9_I_H
9924,3,train,1.1147018671035767,pdb_00009c0v_H_L
9925,3,train,0.2183380126953125,pdb_00008vgk_K_L
9926,3,train,0.8931139707565308,pdb_00005h35_F_G
9927,3,train,0.877733051776886,pdb_00006fax_H_L
9928,3,train,0.7419766187667847,pdb_00002x7l_H_L
9929,3,train,0.87913978099823,pdb_00009h6u_H_L
9930,3,train,0.8733104467391968,pdb_00008gpu_C_D
9931,3,train,0.032973967492580414,pdb_00007vuy_S1_S2
9932,3,train,0.015914510935544968,pdb_00008k4n_E1_E2
9933,3,train,0.34358853101730347,pdb_00007zmk_J_K
9934,3,train,0.7369428277015686,pdb_00007ua2_B1_B2
9935,3,train,0.0605512335896492,pdb_00001k4d_A_B
9936,3,train,0.5413562059402466,pdb_00004ma8_H_L
9937,3,train,0.010479003190994263,pdb_00008iu2_S1_S2
9938,3,train,0.016338378190994263,pdb_00008yn5_E1_E2
9939,3,train,0.025506971403956413,pdb_00009cm3_N1_N2
9940,3,train,0.4026825428009033,pdb_00003v4v_M_N
9941,3,train,0.027765601873397827,pdb_00008fx5_H1_H2
9942,3,train,0.5929714441299438,pdb_00009cff_H_L
9943,3,train,0.0096867261454463,pdb_00008yh2_S1_S2
9944,3,train,0.777990996837616,pdb_00008dis_A_C
9945,3,train,0.00959817972034216,pdb_00008xbe_S1_S2
9946,3,train,1.1033070087432861,pdb_00006s3d_E_F
9947,3,train,0.7152424454689026,pdb_00009n4e_O_R
9948,3,train,0.7130036354064941,pdb_00006vgr_C_D
9949,3,train,0.8106778264045715,pdb_00007rxj_A_B
9950,3,train,0.4875743091106415,pdb_00002wuc_H_L
9951,3,train,0.36299267411231995,pdb_00001kir_B_A
9952,3,train,0.2873641848564148,pdb_00007m6d_A_B
9953,3,train,0.01129105407744646,pdb_00008jxv_E1_E2
9954,3,train,0.3030919134616852,pdb_00004tnw_W_f
9955,3,train,0.7106308341026306,pdb_00008u4s_F_E
9956,3,train,0.6557254195213318,pdb_00009mkn_J_N
9957,3,train,0.0451185517013073,pdb_00008wwi_E1_E2
9958,3,train,0.49752047657966614,pdb_00008oz3_A_B
9959,3,train,0.7112804055213928,pdb_00007y6k_J_E3
9960,3,train,0.4949009418487549,pdb_00009n7q_E_G
9961,3,train,0.1071164608001709,pdb_00006zlr_HHH_LLL
9962,3,train,1.1621263027191162,pdb_00006wty_H_I
9963,3,train,0.5081378817558289,pdb_00007jum_I1_I2
9964,3,train,0.5271056890487671,pdb_00007wqv_F1_F2
9965,3,train,0.010731692425906658,pdb_00004fg6_C_D
9966,3,train,0.9844908714294434,pdb_00006jep_K_I
9967,3,train,0.38039690256118774,pdb_00007pry_A_B
9968,3,train,0.006479453761130571,pdb_00007ew2_S1_S2
9969,3,train,0.008382643572986126,pdb_00009jh6_S1_S2
9970,3,train,0.008545258082449436,pdb_00008hpt_H1_H2
9971,3,train,0.042013898491859436,pdb_00008evh_M1_M2
9972,3,train,0.023575540632009506,pdb_00008yuu_S1_S2
9973,3,train,0.6340609192848206,pdb_00007m3i_H_L
9974,3,train,0.5403407216072083,pdb_00005ugy_J_N
9975,3,train,0.5478473901748657,pdb_00009iz9_Q_R
9976,3,train,0.6268328428268433,pdb_00007sd5_H_L
9977,3,train,0.8481030464172363,pdb_00007scn_J_K
9978,3,train,0.0173361673951149,pdb_00007vla_S1_S2
9979,3,train,0.01770249381661415,pdb_00009f33_E1_E2
9980,3,train,0.4667772054672241,pdb_00009lrh_H_L
9981,3,train,0.8819713592529297,pdb_00004lmq_E_I
9982,3,train,0.298669695854187,pdb_00003v4p_H_L
9983,3,train,0.4704432785511017,pdb_00005xku_C_B
9984,3,train,0.8226853609085083,pdb_00006a4k_H_L
9985,3,train,0.4915156066417694,pdb_00004odx_A_L
9986,3,train,0.9795196056365967,pdb_00008xe9_A_B
9987,3,train,0.48338666558265686,pdb_00009m0d_D_Q
9988,3,train,0.8110490441322327,pdb_00009lae_H_L
9989,3,train,0.011493354104459286,pdb_00007xmt_S1_S2
9990,3,train,0.7808592915534973,pdb_00007k9i_H_L
9991,3,train,0.5190337300300598,pdb_00006wzm_A_B
9992,3,train,0.017047671601176262,pdb_00009jmc_E1_E2
9993,3,train,0.015094112604856491,pdb_00009p0l_F1_F2
9994,3,train,0.6682090759277344,pdb_00009lae_A_B
9995,3,train,0.5330538153648376,pdb_00008eqf_H_L
9996,3,train,0.3286689221858978,pdb_00007xeg_C_D
9997,3,train,0.35844892263412476,pdb_00009jy1_R_Q
9998,3,train,1.2156506776809692,pdb_00005gs0_D_C
9999,3,train,0.14959657192230225,pdb_00002dqd_H_L
10000,3,train,0.8069486021995544,pdb_00007qnx_A_B
10001,3,train,0.7200182676315308,pdb_00006hxw_C_D
10002,3,train,0.03238388150930405,pdb_00007xbd_E1_E2
10003,3,train,0.5058874487876892,pdb_00008hq7_M_N
10004,3,train,0.012256508693099022,pdb_00007x2v_E1_E2
10005,3,train,1.0878794193267822,pdb_00007si0_C_D
10006,3,train,0.013557863421738148,pdb_00008zbi_F1_F2
10007,3,train,0.2701777219772339,pdb_00004ioi_B_A
10008,3,train,0.6095671653747559,pdb_00009hhr_L_H
10009,3,train,0.6322594881057739,pdb_00006dkj_H_L
10010,3,train,0.018718190491199493,pdb_00009jks_S1_S2
10011,3,train,0.01253584399819374,pdb_00008yna_E1_E2
10012,3,train,0.8679989576339722,pdb_00007yrh_F_E
10013,3,train,0.010974842123687267,pdb_00008utd_D1_D2
10014,3,train,0.8237738013267517,pdb_00006uig_H_L
10015,3,train,1.331728219985962,pdb_00007rxp_H_L
10016,3,train,0.7948753237724304,pdb_00008v5v_c_e
10017,3,train,0.6513725519180298,pdb_00005h35_H_I
10018,3,train,0.6279479265213013,pdb_00004ttd_H_L
10019,3,train,0.8440515398979187,pdb_00009c6y_C_D
10020,3,train,1.0562717914581299,pdb_00008tp5_E_F
10021,3,train,0.9569411873817444,pdb_00007bsc_H_L
10022,3,train,0.9905818104743958,pdb_00008hrd_W_X
10023,3,train,0.7183563709259033,pdb_00009f91_E_F
10024,3,train,0.020152170211076736,pdb_00009v6o_S1_S2
10025,3,train,0.5220102667808533,pdb_00006kyz_E_F
10026,3,train,0.018322205170989037,pdb_00007udh_E_F
10027,3,train,0.1170663982629776,pdb_00006vmk_i_h
10028,3,train,0.06289368122816086,pdb_00007vgs_F_E
10029,3,train,0.7010484933853149,pdb_00008gpy_E1_E2
10030,3,train,1.0998215675354004,pdb_00004u6h_A_B
10031,3,train,0.36157381534576416,pdb_00009cpw_C_D
10032,3,train,0.13708336651325226,pdb_00004hjg_B_A
10033,3,train,0.3203616738319397,pdb_00007o7f_H_F
10034,3,train,1.3949097394943237,pdb_00006mtq_H_L
10035,3,train,0.09889192134141922,pdb_00009ov4_J_K
10036,3,train,0.6767339110374451,pdb_00007bbj_M_N
10037,3,train,0.649135947227478,pdb_00008y3i_G_H
10038,3,train,0.20228111743927002,pdb_00004tnw_J_M
10039,3,train,0.022578466683626175,pdb_00009pq0_E1_E2
10040,3,train,0.776626706123352,pdb_00009mtj_I_J
10041,3,train,0.47297030687332153,pdb_00004odx_H_B
10042,3,train,0.5983138680458069,pdb_00007wk0_D_E
10043,3,train,0.2517542541027069,pdb_00002qr0_B_A
10044,3,train,0.146539568901062,pdb_00006x3s_K_L
10045,3,train,0.6815840601921082,pdb_00009kze_H_L
10046,3,train,0.02180478349328041,pdb_00007vv3_S1_S2
10047,3,train,1.2923476696014404,pdb_00009bhh_T_S
10048,3,train,0.4626809060573578,pdb_00007sk7_D_C
10049,3,train,0.3752117455005646,pdb_00008as0_T_S
10050,3,train,0.014920336194336414,pdb_00006wwz_S1_S2
10051,3,train,0.7658815383911133,pdb_00002vwe_E_C
10052,3,train,0.5324916243553162,pdb_00008cn9_L_K
10053,3,train,0.5430499911308289,pdb_00007bpk_C_D
10054,3,train,1.1573634147644043,pdb_00009e3l_I_J
10055,3,train,0.27578598260879517,pdb_00008cwv_H_L
10056,3,train,0.9437907338142395,pdb_00007c88_A_B
10057,3,train,0.061888858675956726,pdb_00001otu_E_F
10058,3,train,0.15047821402549744,pdb_00001ic7_H_L
10059,3,train,0.9019258618354797,pdb_00006woz_E_F
10060,3,train,0.1863161325454712,pdb_00009ouq_H_L
10061,3,train,0.030262330546975136,pdb_00007eo2_E1_E2
10062,3,train,0.45321717858314514,pdb_00009n7q_D_F
10063,3,train,1.270782709121704,pdb_00009ivj_H_L
10064,3,train,0.010656466707587242,pdb_00007y15_S1_S2
10065,3,train,0.2883796691894531,pdb_00003rhw_I_O
10066,3,train,1.700646162033081,pdb_00004xzu_E_F
10067,3,train,0.6068899035453796,pdb_00003dvg_B_A
10068,3,train,0.8228124380111694,pdb_00008uzp_A_B
10069,3,train,0.9969995617866516,pdb_00007kq7_H_L
10070,3,train,0.04240132123231888,pdb_00008i9l_H1_H2
10071,3,train,0.7085903286933899,pdb_00006ww5_C_D
10072,3,train,0.1242828294634819,pdb_00009kt7_E1_E2
10073,3,train,0.012725694105029106,pdb_00008syp_N1_N2
10074,3,train,0.012812934815883636,pdb_00009kpf_S1_S2
10075,3,train,0.5564380288124084,pdb_00001ors_B_A
10076,3,train,0.009829043410718441,pdb_00007eb2_N1_N2
10077,3,train,0.6359261870384216,pdb_00004yk4_C_B
10078,3,train,0.010242452844977379,pdb_00008sai_S1_S2
10079,3,train,0.01088033989071846,pdb_00009le0_S1_S2
10080,3,train,0.4817744791507721,pdb_00008xse_M_N
10081,3,train,0.008990371599793434,pdb_00007y12_S1_S2
10082,3,train,0.028188185766339302,pdb_00009jfy_S1_S2
10083,3,train,0.04096170887351036,pdb_00003t3m_E_F
10084,3,train,0.020219257101416588,pdb_00009l79_S1_S2
10085,3,train,0.022702656686306,pdb_00006os9_D1_D2
10086,3,train,0.018944798037409782,pdb_00008xor_E1_E2
10087,3,train,0.0387563519179821,pdb_00002ht2_C_D
10088,3,train,0.9931604862213135,pdb_00009n5z_A_B
10089,3,train,0.7173516750335693,pdb_00006vja_H_L
10090,3,train,0.03220713511109352,pdb_00008g05_E1_E2
10091,3,train,0.11552078276872635,pdb_00006adb_C_D
10092,3,train,0.03725725784897804,pdb_00009v2n_S1_S2
10093,3,train,0.03400171175599098,pdb_00007srr_E1_E2
10094,3,train,0.7895281910896301,pdb_00008ee8_H_L
10095,3,train,0.8008238673210144,pdb_00001kb5_H_L
10096,3,train,0.1896265149116516,pdb_00006b9z_B_A
10097,3,train,0.02109355852007866,pdb_00008xjo_E1_E2
10098,3,train,0.008503470569849014,pdb_00007f4h_S1_S2
10099,3,train,0.11030928790569305,pdb_00008ihf_S1_S2
10100,3,train,0.024642180651426315,pdb_00008iys_E1_E2
10101,3,train,0.022517675533890724,pdb_00008ubj_N2_N1
10102,3,train,0.018747473135590553,pdb_00007y1f_E1_E2
10103,3,train,0.8824312686920166,pdb_00006wm9_B_C
10104,3,train,0.5909074544906616,pdb_00008ee8_D_C
10105,3,train,0.019243381917476654,pdb_00009vje_E1_E2
10106,3,train,0.9001629948616028,pdb_00003klh_D_C
10107,3,train,0.026207273826003075,pdb_00008ijd_S1_S2
10108,3,train,0.017479225993156433,pdb_00007vl8_S1_S2
10109,3,train,0.057611946016550064,pdb_00008uh3_E1_E2
10110,3,train,0.8438587188720703,pdb_00009mkn_Q_R
10111,3,train,0.6071991920471191,pdb_00006n5e_H_I
10112,3,train,0.9431301355361938,pdb_00008tbq_A_B
10113,3,train,1.1675889492034912,pdb_00009kvk_A_B
10114,3,train,0.788321852684021,pdb_00009mif_H_L
10115,3,train,1.1250711679458618,pdb_00005mo9_H_L
10116,3,train,0.036574047058820724,pdb_00009m55_S1_S2
10117,3,train,0.020670901983976364,pdb_00009axf_H1_H2
10118,3,train,0.9004732966423035,pdb_00005gs0_F_E
10119,3,train,0.0500815287232399,pdb_00009xhi_D1_D2
10120,3,train,0.031133759766817093,pdb_00008efo_E1_E2
10121,3,train,0.628459095954895,pdb_00008tx3_E_J
10122,3,train,0.8272877931594849,pdb_00009npg_K_J
10123,3,train,0.9457424879074097,pdb_00008e8y_H_L
10124,3,train,0.19379779696464539,pdb_00004tnw_V_Z
10125,3,train,0.05785472318530083,pdb_00008ubl_N2_N1
10126,3,train,0.7106147408485413,pdb_00009f91_A_B
10127,3,train,0.4387291371822357,pdb_00007srs_H_L
10128,3,train,0.6139113903045654,pdb_00009mqa_I_M
10129,3,train,0.02592569589614868,pdb_00008wwh_E1_E2
10130,3,train,1.2287445068359375,pdb_00008tea_H_G
10131,3,train,1.011452078819275,pdb_00009riq_H_L
10132,3,train,0.06911630183458328,pdb_00009zq9_I2_I1
10133,3,train,0.7478539943695068,pdb_00007pry_H_L
10134,3,train,0.01652085967361927,pdb_00009pxv_E1_E2
10135,3,train,1.0789824724197388,pdb_00008dcm_A_B
10136,3,train,0.7963231801986694,pdb_00007x3c_F_E
10137,3,train,0.92047119140625,pdb_00003o2d_H_L
10138,3,train,0.7729602456092834,pdb_00008yub_D_E
10139,3,train,0.11290571093559265,pdb_00006vmk_E_D
10140,3,train,0.4235127866268158,pdb_00007klh_H_L
10141,3,train,0.6159538626670837,pdb_00007d6i_B_C
10142,3,train,0.03787392005324364,pdb_00009xhh_D1_D2
10143,3,train,1.1137657165527344,pdb_00007n4j_H_L
10144,3,train,0.7060019969940186,pdb_00007wur_G_H
10145,3,train,0.02047700434923172,pdb_00007db6_E1_E2
10146,3,train,0.021622030064463615,pdb_00009cgk_E1_E2
10147,3,train,0.028426330536603928,pdb_00007w6p_H1_H2
10148,3,train,1.052167296409607,pdb_00002w9e_H_L
10149,3,train,0.015580238774418831,pdb_00006xbm_S1_S2
10150,3,train,0.01584584265947342,pdb_00009u4y_S1_S2
10151,3,train,0.025115858763456345,pdb_00003nif_E_F
10152,3,train,0.3228878676891327,pdb_00003v4v_H_L
10153,3,train,0.5012472867965698,pdb_00004tsc_H_L
10154,3,train,0.012719509191811085,pdb_00008jlj_S1_S2
10155,3,train,1.0817328691482544,pdb_00008ywe_C2_C1
10156,3,train,1.0594122409820557,pdb_00008cz5_H_L
10157,3,train,0.7783851027488708,pdb_00001orq_B_A
10158,3,train,0.4624577760696411,pdb_00003dvn_B_A
10159,3,train,0.9411095976829529,pdb_00006mlm_K_L
10160,3,train,0.6338897943496704,pdb_00006cyf_F_E
10161,3,train,0.026720033958554268,pdb_00008iz4_E1_E2
10162,3,train,0.5828805565834045,pdb_00004hg4_T_U
10163,3,train,0.017852650955319405,pdb_00002exw_C_D
10164,3,train,0.2831215560436249,pdb_00008j8r_D_E
10165,3,train,1.2578989267349243,pdb_00008z6t_B_C
10166,3,train,0.00949825905263424,pdb_00001ots_E_F
10167,3,train,0.012913238257169724,pdb_00009bqj_E1_E2
10168,3,train,0.44274550676345825,pdb_00006vvu_E_F
10169,3,train,0.8097084164619446,pdb_00004d9r_H_L
10170,3,train,0.7959755659103394,pdb_00004al8_H_L
10171,3,train,0.6926157474517822,pdb_00009b82_R_Q
10172,3,train,0.847884476184845,pdb_00009os5_H_K
10173,3,train,0.7586922645568848,pdb_00007pa7_nnn2_nnn1
10174,3,train,0.400766521692276,pdb_00009n7q_H_L
10175,3,train,0.11049886047840118,pdb_00005u5f_B_A
10176,3,train,0.819084644317627,pdb_00008gpu_F_G
10177,3,train,0.7393129467964172,pdb_00001fsk_L_K
10178,3,train,0.5451078414916992,pdb_00004dkf_I_M
10179,3,train,0.5693764686584473,pdb_00008vgp_H_L
10180,3,train,0.0107200238853693,pdb_00009k3l_S1_S2
10181,3,train,0.5253658890724182,pdb_00004ttd_C_D
10182,3,train,0.1161842793226242,pdb_00008vgh_J_I
10183,3,train,0.8762988448143005,pdb_00008siq_H_L
10184,3,train,0.2549610733985901,pdb_00007dfa_H_L
10185,3,train,0.24977342784404755,pdb_00007wnb_H_L
10186,3,train,0.23683975636959076,pdb_00008i0n_H_L
10187,3,train,0.01775476522743702,pdb_00007p00_H1_H2
10188,3,train,1.408271312713623,pdb_00007ey5_B_C
10189,3,train,0.03690163791179657,pdb_00008hbd_H1_H2
10190,3,train,0.032688163220882416,pdb_00002fed_E_F
10191,3,train,0.2905068099498749,pdb_00005aaw_D1_D2
10192,3,train,0.40433773398399353,pdb_00007kf0_H_L
10193,3,train,0.7388125658035278,pdb_00009mtj_H_L
10194,3,train,0.40299493074417114,pdb_00007k9z_H_L
10195,3,train,0.508651077747345,pdb_00009me7_I_M
10196,3,train,0.014984364621341228,pdb_00007xa3_E1_E2
10197,3,train,0.34411129355430603,pdb_00008jel_C_D
10198,3,train,0.01609613746404648,pdb_00009jr2_S1_S2
10199,3,train,0.00802557822316885,pdb_00008vvf_E1_E2
10200,3,train,0.06813417375087738,pdb_00003f7v_A_B
10201,3,train,0.7135851383209229,pdb_00008jqm_M_N
10202,3,train,0.9237916469573975,pdb_00007mmo_A_B
10203,3,train,0.7968123555183411,pdb_00007t3d_H_L
10204,3,train,0.4550556242465973,pdb_00009k6j_A_B
10205,3,train,0.3345411419868469,pdb_00008f2j_A_B
10206,3,train,0.7445364594459534,pdb_00007fcp_B_D
10207,3,train,0.8792477250099182,pdb_00002bdn_H_L
10208,3,train,0.43104222416877747,pdb_00007kfw_F_G
10209,3,train,0.016634922474622726,pdb_00002htl_C_D
10210,3,train,0.885801374912262,pdb_00008z6x_B_C
10211,3,train,0.9018234610557556,pdb_00008vk1_C_B
10212,3,train,0.5018582344055176,pdb_00007wrv_U_V
10213,3,train,1.1293408870697021,pdb_00006xm2_D_C
10214,3,train,0.7628778219223022,pdb_00009ue0_A_B
10215,3,train,0.00954557117074728,pdb_00008dwc_E1_E2
10216,3,train,0.5149762034416199,pdb_00009clp_H_L
10217,3,train,0.8586780428886414,pdb_00006ywc_A_B
10218,3,train,0.2635522484779358,pdb_00001g7m_B_A
10219,3,train,0.9693622589111328,pdb_00008w86_E_F
10220,3,train,0.5703795552253723,pdb_00008y3h_G_H
10221,3,train,0.6231410503387451,pdb_00004n90_F_G
10222,3,train,0.48987120389938354,pdb_00007rks_H_L
10223,3,train,0.5005149245262146,pdb_00007eam_C_D
10224,3,train,0.016961906105279922,pdb_00007sr8_E1_E2
10225,3,train,0.011133581399917603,pdb_00008vvg_E1_E2
10226,3,train,0.012477693147957325,pdb_00008jxt_E1_E2
10227,3,train,0.4488716125488281,pdb_00006j6y_E_F
10228,3,train,0.6718851327896118,pdb_00007pa7_ddd2_ddd1
10229,3,train,1.2761245965957642,pdb_00009leo_A_B
10230,3,train,0.0978182703256607,pdb_00006vmk_V_U
10231,3,train,0.7591784000396729,pdb_00002ybr_D_E
10232,3,train,0.39735400676727295,pdb_00007qnx_H_L
10233,3,train,0.4138859808444977,pdb_00005yoy_P_M
10234,3,train,0.40346959233283997,pdb_00007lop_B_C
10235,3,train,0.31324687600135803,pdb_00008as0_N_M
10236,3,train,0.8999919295310974,pdb_00007uvi_D_E
10237,3,train,0.2698081433773041,pdb_00008wnp_D_C
10238,3,train,0.9028046131134033,pdb_00004khx_H_L
10239,3,train,0.9031098484992981,pdb_00001nsn_H_L
10240,3,train,0.03013734519481659,pdb_00008yn2_E1_E2
10241,3,train,0.044647473841905594,pdb_00004z7o_E_F
10242,3,train,0.8341127634048462,pdb_00009b2m_H_L
10243,3,train,1.2041964530944824,pdb_00004kuc_F_E
10244,3,train,0.010885908268392086,pdb_00002htk_E_F
10245,3,train,0.35078075528144836,pdb_00005ggv_H_L
10246,3,train,0.4723622500896454,pdb_00005dhy_A_B
10247,3,train,0.565300464630127,pdb_00001mlc_B_A
10248,3,train,0.010937527753412724,pdb_00007f4f_S1_S2
10249,3,train,0.9521564841270447,pdb_00008zyf_H_D
10250,3,train,0.6214091181755066,pdb_00002fjh_B_A
10251,3,train,0.7574962973594666,pdb_00007lq7_H_L
10252,3,train,0.7133687734603882,pdb_00008sdh_H_L
10253,3,train,0.008639701642096043,pdb_00009uan_E1_E2
10254,3,train,0.026804998517036438,pdb_00009kug_H1_H2
10255,3,train,0.00854560174047947,pdb_00007ew1_E1_E2
10256,3,train,1.221015453338623,pdb_00009kyz_A_B
10257,3,train,0.5888292789459229,pdb_00002dd8_H_L
10258,3,train,0.6361863613128662,pdb_00007mem_I_K
10259,3,train,1.0188935995101929,pdb_00009mtm_I_J
10260,3,train,0.6447654962539673,pdb_00008g5a_I_M
10261,3,train,1.4191235303878784,pdb_00001g9n_H_L
10262,3,train,1.0812458992004395,pdb_00005hbv_D_C
10263,3,train,0.09767983108758926,pdb_00008sid_K_L
10264,3,train,0.023738309741020203,pdb_00008xgo_D1_D2
10265,3,train,0.08501748740673065,pdb_00008ubj_M2_M1
10266,3,train,1.160584807395935,pdb_00004ubd_O_P
10267,3,train,0.2887985110282898,pdb_00008wo4_B_A
10268,3,train,0.513826310634613,pdb_00008go8_H_L
10269,3,train,0.7287547588348389,pdb_00009axl_H_L
10270,3,train,0.026060298085212708,pdb_00008iyw_H1_H2
10271,3,train,0.0516999326646328,pdb_00006vmk_u_t
10272,3,train,0.0619218684732914,pdb_00007udg_E_F
10273,3,train,0.7307561039924622,pdb_00007yrf_F_E
10274,3,train,0.6212913990020752,pdb_00009ue8_I_J
10275,3,train,0.01646643690764904,pdb_00009yda_H1_H2
10276,3,train,0.622154176235199,pdb_00004qci_B_A
10277,3,train,0.32345110177993774,pdb_00006xe1_H_L
10278,3,train,0.5140412449836731,pdb_00004hg4_X_Y
10279,3,train,0.06890074908733368,pdb_00002dqi_H_L
10280,3,train,0.47355884313583374,pdb_00007lop_H_L
10281,3,train,0.6689237952232361,pdb_00008vgm_H_L
10282,3,train,0.44933581352233887,pdb_00008i5l_D1_D2
10283,3,train,0.7878698110580444,pdb_00001bvk_B_A
10284,3,train,0.08107353001832962,pdb_00008iru_E1_E2
10285,3,train,0.43441614508628845,pdb_00006ktr_A_B
10286,3,train,0.331599622964859,pdb_00007zmk_M_N
10287,3,train,0.07733903080224991,pdb_00007u0i_N1_N2
10288,3,train,0.9679668545722961,pdb_00004lvh_E_F
10289,3,train,0.011783021502196789,pdb_00008yn8_E1_E2
10290,3,train,0.5611425638198853,pdb_00009udq_I_C
10291,3,train,0.5309643149375916,pdb_00002jix_F_A
10292,3,train,0.6609471440315247,pdb_00009qub_F_E
10293,3,train,0.7387440204620361,pdb_00007m7w_C_D
10294,3,train,0.02700951136648655,pdb_00007y64_S1_S2
10295,3,train,0.5766609907150269,pdb_00008tui_H_L
10296,3,train,0.15790563821792603,pdb_00001uac_H_L
10297,3,train,0.7730075120925903,pdb_00009vhz_A_B
10298,3,train,0.016296355053782463,pdb_00008hqn_H1_H2
10299,3,train,0.6366000771522522,pdb_00004hj0_P_Q
10300,3,train,0.6965711116790771,pdb_00005xmh_D_C
10301,3,train,0.05437983199954033,pdb_00007tho_E_F
10302,3,train,0.05457966774702072,pdb_00008w8b_E1_E2
10303,3,train,1.159400463104248,pdb_00007xj9_K_J
10304,3,train,0.5474675297737122,pdb_00008ulf_H_L
10305,3,train,0.39158666133880615,pdb_00008vgl_H_L
10306,3,train,0.33307084441185,pdb_00008jkf_H_L
10307,3,train,0.5537571907043457,pdb_00007vyt_B_C
10308,3,train,0.02298184484243393,pdb_00007cvt_E_F
10309,3,train,0.016389593482017517,pdb_00008guq_S1_S2
10310,3,train,0.39821556210517883,pdb_00008qh0_H_L
10311,3,train,0.01792522706091404,pdb_00007xat_E1_E2
10312,3,train,0.7755168080329895,pdb_00007zfb_C_D
10313,3,train,0.5586562752723694,pdb_00007y7m_F_G
10314,3,train,0.5499393939971924,pdb_00001fsk_C_B
10315,3,train,0.020586783066391945,pdb_00009ejc_D1_D2
10316,3,train,0.37349754571914673,pdb_00005x8l_H_M
10317,3,train,0.468811959028244,pdb_00008we4_H_L
10318,3,train,0.7619335651397705,pdb_00001p2c_B_A
10319,3,train,1.019372820854187,pdb_00007tbf_H_L
10320,3,train,0.5418606400489807,pdb_00009hh9_I_H
10321,3,train,1.2031795978546143,pdb_00007t7b_H_L
10322,3,train,0.43492233753204346,pdb_00006pe9_E_F
10323,3,train,0.8642959594726562,pdb_00007n0a_B_A
10324,3,train,1.1224907636642456,pdb_00006wqo_E_F
10325,3,train,0.5663217306137085,pdb_00007ws2_E_D
10326,3,train,1.4777740240097046,pdb_00006cvk_B2_B1
10327,3,train,0.16475577652454376,pdb_00008jkf_m_n
10328,3,train,0.9496375918388367,pdb_00006oc3_A_B
10329,3,train,0.6272035241127014,pdb_00007y6k_E1_E2
10330,3,train,0.25792479515075684,pdb_00005aam_B1_B2
10331,3,train,0.738165020942688,pdb_00009os5_G_J
10332,3,train,0.5464009046554565,pdb_00007bnv_H_L
10333,3,train,1.2705026865005493,pdb_00003lqa_H_L
10334,3,train,1.1320128440856934,pdb_00007lg6_C_D
10335,3,train,0.18202008306980133,pdb_00006x3u_J_I
10336,3,train,0.011883950792253017,pdb_00007jvr_E1_E2
10337,3,train,0.530841588973999,pdb_00009iz9_O_P
10338,3,train,0.8165998458862305,pdb_00008xcd_H_L
10339,3,train,0.024990227073431015,pdb_00007rg9_E1_E2
10340,3,train,0.019004490226507187,pdb_00008xjk_E1_E2
10341,3,train,1.0241411924362183,pdb_00001qfu_H_L
10342,3,train,0.249420627951622,pdb_00008i0n_I_M
10343,3,train,0.017039917409420013,pdb_00009b54_S1_S2
10344,3,train,0.6379866003990173,pdb_00006hxw_H_L
10345,3,train,0.12042687088251114,pdb_00009ov4_H_L
10346,3,train,0.30145156383514404,pdb_00009hhr_D_G
10347,3,train,0.01149737648665905,pdb_00008uuj_D1_D2
10348,3,train,0.9069168567657471,pdb_00009oi3_M_N
10349,3,train,1.0647538900375366,pdb_00003lh2_J_N
10350,3,train,0.15499472618103027,pdb_00009zqc_J2_J1
10351,3,train,0.47251319885253906,pdb_00007wsi_H_L
10352,3,train,0.02403000369668007,pdb_00008xgs_D1_D2
10353,3,train,0.4588874876499176,pdb_00007ek0_H_L
10354,3,train,0.01650802418589592,pdb_00008hcq_E1_E2
10355,3,train,0.8147847652435303,pdb_00003wkm_H_L
10356,3,train,0.8098355531692505,pdb_00003rif_F_N
10357,3,train,0.967105507850647,pdb_00007uxl_A_B
10358,3,train,0.009540697559714317,pdb_00009uk2_E1_E2
10359,3,train,0.7350956797599792,pdb_00006xkr_H_L
10360,3,train,0.02378726936876774,pdb_00008i97_H1_H2
10361,3,train,0.6542152762413025,pdb_00009q71_I_J
10362,3,train,0.007566274609416723,pdb_00007ew4_S1_S2
10363,3,train,1.110320806503296,pdb_00007ykj_A_D
10364,3,train,0.024123642593622208,pdb_00008ia8_S1_S2
10365,3,train,0.816948413848877,pdb_00004xrc_B_A
10366,3,train,0.9708666801452637,pdb_00009oar_B_D
10367,3,train,0.07952741533517838,pdb_00006k5f_E_F
10368,3,train,0.6554799675941467,pdb_00003vrl_E_F
10369,3,train,0.5019016265869141,pdb_00006vvu_G_I
10370,3,train,0.7504056692123413,pdb_00006uig_B_C
10371,3,train,0.013652019202709198,pdb_00007vug_S1_S2
10372,3,train,1.015161156654358,pdb_00009h4r_H_L
10373,3,train,0.1169414073228836,pdb_00009ge2_F1_F2
10374,3,train,0.010250341147184372,pdb_00008jef_S1_S2
10375,3,train,0.011744800955057144,pdb_00006pt0_E1_E2
10376,3,train,0.01985546201467514,pdb_00007ydj_E1_E2
10377,3,train,1.373124122619629,pdb_00006ddv_B_A
10378,3,train,0.024292562156915665,pdb_00008id6_S1_S2
10379,3,train,0.7833331823348999,pdb_00009mla_I_L
10380,3,train,0.5908079743385315,pdb_00009cq4_C_D
10381,3,train,1.1319291591644287,pdb_00006ml8_H_L
10382,3,train,0.8676907420158386,pdb_00007x2i_H_L
10383,3,train,0.013515877537429333,pdb_00008jz7_S1_S2
10384,3,train,0.40352416038513184,pdb_00007pry_F_G
10385,3,train,0.589715838432312,pdb_00001fbi_Q_P
10386,3,train,0.021998871117830276,pdb_00002vdq_H_L
10387,3,train,0.531793475151062,pdb_00009l6c_A_B
10388,3,train,0.3474542200565338,pdb_00001dzb_A1_A2
10389,3,train,1.0663808584213257,pdb_00007y6l_H_L
10390,3,train,0.07738067954778671,pdb_00006x40_J_I
10391,3,train,0.1097351685166359,pdb_00006vmk_r_q
10392,3,train,0.08296160399913788,pdb_00006vmk_H_G
10393,3,train,1.0395716428756714,pdb_00007wcr_a_b
10394,3,train,0.5478214621543884,pdb_00006wzm_C_D
10395,3,train,0.012508356012403965,pdb_00002vc2_H_L
10396,3,train,0.8402003645896912,pdb_00008dwy_H_L
10397,3,train,1.4338178634643555,pdb_00009rih_H_L
10398,3,train,0.1102844849228859,pdb_00008vgh_F_E
10399,3,train,1.3894765377044678,pdb_00009wai_E_F
10400,3,train,0.6354444622993469,pdb_00007fci_H_L
10401,3,train,0.8069599866867065,pdb_00008zd5_B_C
10402,3,train,1.3840805292129517,pdb_00009vnp_C_A
10403,3,train,0.05855236575007439,pdb_00002itd_A_B
10404,3,train,0.31094637513160706,pdb_00009cpv_C_D
10405,3,train,0.5073132514953613,pdb_00008jqs_H_L
10406,3,train,0.3555637300014496,pdb_00006txz_I_M
10407,3,train,0.028568388894200325,pdb_00009ast_E1_E2
10408,3,train,0.022720657289028168,pdb_00008k4s_D1_D2
10409,3,train,1.0507687330245972,pdb_00008bbo_H_L
10410,3,train,1.4500207901000977,pdb_00008tfn_H_L
10411,3,train,0.016584081575274467,pdb_00008gur_S1_S2
10412,3,train,0.3125394582748413,pdb_00007kfw_H_L
10413,3,train,1.2740695476531982,pdb_00006cvk_A2_A1
10414,3,train,0.23384910821914673,pdb_00009exa_F_E
10415,3,train,0.9707366824150085,pdb_00004ffv_D_C
10416,3,train,1.0965194702148438,pdb_00008tfl_H_L
10417,3,train,0.781757116317749,pdb_00009mq9_J_N
10418,3,train,0.9425991177558899,pdb_00007mxl_A_B
10419,3,train,0.024565845727920532,pdb_00008sg1_E1_E2
10420,3,train,0.676364541053772,pdb_00008gv6_I_J
10421,3,train,0.19072166085243225,pdb_00008vgh_H_G
10422,3,train,0.7692116498947144,pdb_00009n4e_Q_P
10423,3,train,0.36969342827796936,pdb_00005bo1_H_L
10424,3,train,0.026046453043818474,pdb_00008j6j_H1_H2
10425,3,train,0.40387943387031555,pdb_00008bcz_E_F
10426,3,train,0.9246877431869507,pdb_00007lg6_J_M
10427,3,train,0.4228160083293915,pdb_00001xiw_D_C
10428,3,train,0.5503087639808655,pdb_00005x8l_S_N
10429,3,train,0.1681394726037979,pdb_00008ihi_S1_S2
10430,3,train,1.0025383234024048,pdb_00009mtl_I_J
10431,3,train,0.8048529028892517,pdb_00006oc3_C_D
10432,3,train,0.6770184636116028,pdb_00007ucq_I1_I2
10433,3,train,0.05252888426184654,pdb_00008ihj_S1_S2
10434,3,train,0.13393306732177734,pdb_00006k5d_C_D
10435,3,train,0.3938215672969818,pdb_00008jel_I_K
10436,3,train,0.6448259949684143,pdb_00009lsi_C1_D2
10437,3,train,0.9441472887992859,pdb_00008zdw_L_J
10438,3,train,0.9394065737724304,pdb_00006suz_H_L
10439,3,train,0.2731134593486786,pdb_00001vfb_B_A
10440,3,train,0.0371415838599205,pdb_00009jid_S1_S2
10441,3,train,0.6289985775947571,pdb_00009irs_S_T
10442,3,train,0.02253003418445587,pdb_00007w3z_H1_H2
10443,3,train,0.4010932743549347,pdb_00008bg4_C1_C2
10444,3,train,0.11215513944625854,pdb_00006x3t_K_L
10445,3,train,0.5248351693153381,pdb_00009ue8_Q_R
10446,3,train,0.12580841779708862,pdb_00008elp_H_L
10447,3,train,0.8641254305839539,pdb_00009bdh_H_L
10448,3,train,0.6220362186431885,pdb_00006vgr_H_L
10449,3,train,0.05305319279432297,pdb_00003ejz_E_F
10450,3,train,0.7542257905006409,pdb_00009mtf_I_J
10451,3,train,1.0463310480117798,pdb_00008z39_H_L
10452,3,train,0.028283411636948586,pdb_00003ejz_C_D
10453,3,train,0.5372624397277832,pdb_00004okv_C_D
10454,3,train,0.4991293251514435,pdb_00007tzh_A1_A2
10455,3,train,0.8360500931739807,pdb_00008dce_H1_H2
10456,3,train,0.6562172174453735,pdb_00006ii9_M_N
10457,3,train,0.5837147831916809,pdb_00001bvk_E_D
10458,3,train,0.4865838885307312,pdb_00006rp8_H_L
10459,3,train,1.0224039554595947,pdb_00007rr0_B_C
10460,3,train,0.012074306607246399,pdb_00003zdz_E_F
10461,3,train,0.5863730311393738,pdb_00007dk2_J_K
10462,3,train,0.4599927067756653,pdb_00003dvn_H_L
10463,3,train,0.06913801282644272,pdb_00008yn9_E1_E2
10464,3,train,0.02526472695171833,pdb_00008wwk_E1_E2
10465,3,train,0.01607431098818779,pdb_00007ufh_E_F
10466,3,train,1.174559473991394,pdb_00004kuc_H_D
10467,3,train,0.5996830463409424,pdb_00006cyf_U_T
10468,3,train,0.019742438569664955,pdb_00008z9p_S1_S2
10469,3,train,0.7363572120666504,pdb_00009b2m_E_F
10470,3,train,0.022073276340961456,pdb_00008gag_S1_S2
10471,3,train,0.7129732966423035,pdb_00004ffw_D_C
10472,3,train,0.3764908015727997,pdb_00009hh9_G_F
10473,3,train,0.6479942202568054,pdb_00009b82_P_O
10474,3,train,0.8313979506492615,pdb_00008ol9_B_A
10475,3,train,0.01615154556930065,pdb_00008z3m_S1_S2
10476,3,train,0.08784163743257523,pdb_00007k5y_M2_M1
10477,3,train,0.75652015209198,pdb_00009cct_C_B
10478,3,train,1.0175551176071167,pdb_00006ba5_D_C
10479,3,train,0.011698657646775246,pdb_00007cvs_E_F
10480,3,train,0.8189114332199097,pdb_00006woz_B_C
10481,3,train,0.012031957507133484,pdb_00009p0k_F1_F2
10482,3,train,1.259610652923584,pdb_00009xsx_B_C
10483,3,train,0.5537030696868896,pdb_00007ucq_J1_J2
10484,3,train,0.86513751745224,pdb_00009azv_H_L
10485,3,train,0.18933869898319244,pdb_00008vgk_J_I
10486,3,train,0.04814482480287552,pdb_00006vmk_f_e
10487,3,train,0.051547903567552567,pdb_00009vmp_S1_S2
10488,3,train,0.6172760725021362,pdb_00007n0u_H_L
10489,3,train,0.16332405805587769,pdb_00008w2e_F_E
10490,3,train,0.9981130957603455,pdb_00007tp3_H_L
10491,3,train,0.4981921911239624,pdb_00009oj4_B_A
10492,3,train,0.41551628708839417,pdb_00009wb4_B_C
10493,3,train,1.003170371055603,pdb_00007zwi_B_C
10494,3,train,0.011859242804348469,pdb_00007exd_E1_E2
10495,3,train,0.008171072229743004,pdb_00009vmg_S1_S2
10496,3,train,1.046027660369873,pdb_00008eed_H_L
10497,3,train,0.4075325131416321,pdb_00004zff_H_L
10498,3,train,0.4574896991252899,pdb_00009irs_H_L
10499,3,train,0.10544558614492416,pdb_00003rhw_J_M
10500,3,train,0.024564597755670547,pdb_00007dw9_S1_S2
10501,3,train,0.6133608818054199,pdb_00005kov_U1_U2
10502,3,train,0.7470678091049194,pdb_00008bg5_C1_C2
10503,3,train,0.5249337553977966,pdb_00009ci8_D_C
10504,3,train,0.6216984987258911,pdb_00007ubs_H1_H2
10505,3,train,0.28004521131515503,pdb_00007kfy_H_L
10506,3,train,0.7482384443283081,pdb_00007rk1_C1_C2
10507,3,train,0.512818455696106,pdb_00009rio_H_L
10508,3,train,0.37252873182296753,pdb_00007yck_C_D
10509,3,train,0.04106629267334938,pdb_00008z8b_S1_S2
10510,3,train,0.1352165788412094,pdb_00006adc_C_D
10511,3,train,0.8437747359275818,pdb_00009eti_H_L
10512,3,train,0.02309279888868332,pdb_00002htk_C_D
10513,3,train,0.7237076163291931,pdb_00009jeb_C1_C2
10514,3,train,0.0978660061955452,pdb_00008dk5_K1_K2
10515,3,train,0.014605932869017124,pdb_00007ukp_E_F
10516,3,train,0.05472500994801521,pdb_00004lcu_A_B
10517,3,train,0.8778176307678223,pdb_00007jx3_C_D
10518,3,train,0.11981496959924698,pdb_00008vgi_J_I
10519,3,train,0.8168045282363892,pdb_00006a4k_J_N
10520,3,train,0.81048184633255,pdb_00009cq7_H_I
10521,3,train,0.01685252971947193,pdb_00009ldv_S1_S2
10522,3,train,1.3868975639343262,pdb_00005tfw_H_L
10523,3,train,0.8774366974830627,pdb_00007kyo_H_L
10524,3,train,0.44756945967674255,pdb_00008caf_D_C
10525,3,train,1.0705194473266602,pdb_00008ygs_H_L
10526,3,train,0.7916358113288879,pdb_00008kdt_H_L
10527,3,train,0.9109007716178894,pdb_00008dwo_S_T
10528,3,train,0.012217757292091846,pdb_00009ego_S1_S2
10529,3,train,0.009916463866829872,pdb_00007vfx_S1_S2
10530,3,train,0.9557525515556335,pdb_00008w5m_H_L
10531,3,train,0.0216435007750988,pdb_00007w56_E1_E2
10532,3,train,0.825160801410675,pdb_00009n8j_B_C
10533,3,train,0.04732383042573929,pdb_00002bob_A_B
10534,3,train,0.8446196913719177,pdb_00009ds1_H_L
10535,3,train,0.025826139375567436,pdb_00003nig_H_L
10536,3,train,1.1830657720565796,pdb_00009e3h_H_L
10537,3,train,0.8555107712745667,pdb_00009oar_H_L
10538,3,train,1.1510474681854248,pdb_00008eeu_H_L
10539,3,train,1.0195037126541138,pdb_00009m7v_H_L
10540,3,train,0.9968332648277283,pdb_00007dm1_F_E
10541,3,train,0.26516276597976685,pdb_00005aam_A1_A2
10542,3,train,0.5249015688896179,pdb_00008ulf_K_O
10543,3,train,0.6693322658538818,pdb_00009ban_E_F
10544,3,train,0.015883708372712135,pdb_00006lfo_S1_S2
10544,3,train_epoch,0.4983728402546834,
10544,3,validation,0.9016530784693632,
10545,4,train,0.014640392735600471,pdb_00007vie_E1_E2
10546,4,train,0.32740074396133423,pdb_00001xiw_H_G
10547,4,train,0.9606037735939026,pdb_00006wn1_B_C
10548,4,train,0.012257443740963936,pdb_00006x3s_K_L
10549,4,train,0.757203221321106,pdb_00006d0u_C_D
10550,4,train,0.47349438071250916,pdb_00008zh7_E_F
10551,4,train,0.020149270072579384,pdb_00008zh8_S1_S2
10552,4,train,0.007499669212847948,pdb_00009jlc_S1_S2
10553,4,train,0.10244402289390564,pdb_00002h2p_C_D
10554,4,train,0.026001999154686928,pdb_00009j8z_S1_S2
10555,4,train,0.24888694286346436,pdb_00006b3s_H_L
10556,4,train,0.8265911340713501,pdb_00009od3_H_L
10557,4,train,0.30108878016471863,pdb_00009hh9_I_H
10558,4,train,0.1301303505897522,pdb_00006ad7_C_D
10559,4,train,0.7182515859603882,pdb_00009azv_H_L
10560,4,train,0.9847415685653687,pdb_00009l8z_C_B
10561,4,train,1.0198099613189697,pdb_00008tea_F_I
10562,4,train,0.28215157985687256,pdb_00007zfe_J_K
10563,4,train,0.09284994006156921,pdb_00006ada_C_D
10564,4,train,0.525991678237915,pdb_00007n0u_H_L
10565,4,train,0.7100880742073059,pdb_00007bsd_H_L
10566,4,train,0.4389985501766205,pdb_00006cw3_C_D
10567,4,train,0.49778103828430176,pdb_00005cbe_C_D
10568,4,train,0.8788797855377197,pdb_00009sat_H_L
10569,4,train,0.03929629176855087,pdb_00002hjf_A_B
10570,4,train,0.9470784664154053,pdb_00006wtv_K_L
10571,4,train,0.5079041719436646,pdb_00006a3w_A_B
10572,4,train,0.011630535125732422,pdb_00008gcm_E1_E2
10573,4,train,0.9558379650115967,pdb_00009kve_A_B
10574,4,train,0.4449915289878845,pdb_00009ue8_E_F
10575,4,train,1.1736888885498047,pdb_00008v2e_D_E
10576,4,train,0.6665336489677429,pdb_00007tbf_D_E
10577,4,train,0.5077325701713562,pdb_00008hpf_M_N
10578,4,train,0.014155705459415913,pdb_00007cmu_E1_E2
10579,4,train,0.020513053983449936,pdb_00003iga_A_B
10580,4,train,0.4304046928882599,pdb_00007k9z_H_L
10581,4,train,0.021405654028058052,pdb_00002atk_A_B
10582,4,train,0.029370315372943878,pdb_00007p00_H1_H2
10583,4,train,0.2865126132965088,pdb_00008smt_I_J
10584,4,train,0.29846107959747314,pdb_00009lbs_H_L
10585,4,train,1.105552077293396,pdb_00009e3l_G_H
10586,4,train,0.03590407595038414,pdb_00007y89_S1_S2
10587,4,train,1.1236376762390137,pdb_00009xth_B_C
10588,4,train,0.3154014050960541,pdb_00007yck_E_F
10589,4,train,0.022468330338597298,pdb_00007w56_E1_E2
10590,4,train,0.737941563129425,pdb_00009js7_J_M
10591,4,train,0.6957059502601624,pdb_00008dis_H_L
10592,4,train,0.2935500144958496,pdb_00006b3s_J_K
10593,4,train,0.5316339135169983,pdb_00009iw2_H_L
10594,4,train,0.013965366408228874,pdb_00009iv1_S1_S2
10595,4,train,0.6809064149856567,pdb_00008z6x_B_C
10596,4,train,0.011716906912624836,pdb_00007ew0_E1_E2
10597,4,train,0.7070831060409546,pdb_00007k9i_H_L
10598,4,train,1.1912449598312378,pdb_00001g9n_H_L
10599,4,train,0.3086158037185669,pdb_00006xe1_H_L
10600,4,train,0.5939635634422302,pdb_00009hub_I_M
10601,4,train,0.3708956241607666,pdb_00006pe9_C_D
10602,4,train,0.02723124250769615,pdb_00007k60_N2_N1
10603,4,train,0.9781137704849243,pdb_00009mth_H_L
10604,4,train,0.8863093852996826,pdb_00004u6h_A_B
10605,4,train,0.38820183277130127,pdb_00008dww_X_W
10606,4,train,1.095300316810608,pdb_00009wai_E_F
10607,4,train,0.6251562237739563,pdb_00001bql_H_L
10608,4,train,0.5766326785087585,pdb_00006ii9_M_N
10609,4,train,1.2562255859375,pdb_00001iqd_B_A
10610,4,train,0.033248718827962875,pdb_00008ejk_E1_E2
10611,4,train,1.1357884407043457,pdb_00009rii_H_L
10612,4,train,0.008821399882435799,pdb_00007t2h_E1_E2
10613,4,train,1.8391308784484863,pdb_00008edf_H_L
10614,4,train,0.007925641722977161,pdb_00007t94_E1_E2
10615,4,train,0.45328959822654724,pdb_00007klg_H_L
10616,4,train,0.57593834400177,pdb_00006wtu_E_F
10617,4,train,0.5255486369132996,pdb_00001fsk_L_K
10618,4,train,0.5384364128112793,pdb_00001tzh_H_L
10619,4,train,0.22626489400863647,pdb_00007zmk_M_N
10620,4,train,0.047012150287628174,pdb_00002fee_J_O
10621,4,train,0.6304738521575928,pdb_00006xq2_F_E
10622,4,train,0.011878031305968761,pdb_00009jr3_S1_S2
10623,4,train,0.9166750907897949,pdb_00009yyu_I_M
10624,4,train,0.6017013192176819,pdb_00004yk4_Z_Y
10625,4,train,0.04021957889199257,pdb_00002vc2_H_L
10626,4,train,0.04572257027029991,pdb_00006x3v_J_I
10627,4,train,1.3366081714630127,pdb_00009e89_H_L
10628,4,train,0.1382446140050888,pdb_00002dqd_H_L
10629,4,train,0.03665907308459282,pdb_00007k78_L1_L2
10630,4,train,0.42226144671440125,pdb_00009u5p_B_C
10631,4,train,0.13042709231376648,pdb_00002dqc_H_L
10632,4,train,0.7627353668212891,pdb_00004fp8_I_M
10633,4,train,0.5830186009407043,pdb_00007dk2_D_E
10634,4,train,0.9735658764839172,pdb_00009mtk_I_J
10635,4,train,0.5546022057533264,pdb_00006cyf_D_C
10636,4,train,0.49174657464027405,pdb_00007dk2_A_B
10637,4,train,0.09493418782949448,pdb_00009our_J_K
10638,4,train,0.032114963978528976,pdb_00009jkx_S1_S2
10639,4,train,0.6664629578590393,pdb_00007wh8_B_A
10640,4,train,0.3650251030921936,pdb_00007dk2_J_K
10641,4,train,0.38951367139816284,pdb_00009ue8_U_V
10642,4,train,0.6578253507614136,pdb_00006uig_B_C
10643,4,train,0.9659264087677002,pdb_00008d9y_F_E
10644,4,train,0.21108631789684296,pdb_00002qr0_L_K
10645,4,train,0.0456070713698864,pdb_00002r9h_C_D
10646,4,train,0.33953049778938293,pdb_00005ggv_H_L
10647,4,train,0.7231346368789673,pdb_00007uzc_E_F
10648,4,train,0.04893127828836441,pdb_00006vmk_K_J
10649,4,train,0.00763269979506731,pdb_00004z7o_E_F
10650,4,train,0.5814657807350159,pdb_00007m7w_C_D
10651,4,train,0.7563473582267761,pdb_00009oao_H_L
10652,4,train,0.8067720532417297,pdb_00007woc_A_B
10653,4,train,0.057214174419641495,pdb_00009j31_D1_D2
10654,4,train,0.009285960346460342,pdb_00003nig_H_L
10655,4,train,1.0557916164398193,pdb_00009bhh_T_S
10656,4,train,0.39489397406578064,pdb_00003fku_U1_U2
10657,4,train,0.3441353738307953,pdb_00001fsk_F_E
10658,4,train,0.4578041434288025,pdb_00007mzk_C_D
10659,4,train,0.29928192496299744,pdb_00008hws_H_L
10660,4,train,1.1185798645019531,pdb_00007t7b_H_L
10661,4,train,0.5228248834609985,pdb_00005kov_U1_U2
10662,4,train,1.0367940664291382,pdb_00006s3d_A_B
10663,4,train,0.02839191071689129,pdb_00006kpf_S1_S2
10664,4,train,0.039791595190763474,pdb_00008j6p_S1_S2
10665,4,train,0.8128230571746826,pdb_00008zyf_H_D
10666,4,train,0.6424452662467957,pdb_00008jqm_H_L
10667,4,train,0.009704750031232834,pdb_00008k9k_H1_H2
10668,4,train,0.7054181098937988,pdb_00003v6z_C_D
10669,4,train,0.596676230430603,pdb_00009mtj_H_L
10670,4,train,0.014227929525077343,pdb_00009k3k_S1_S2
10671,4,train,0.048281751573085785,pdb_00007ezh_H1_H2
10672,4,train,0.011357349343597889,pdb_00007ew4_S1_S2
10673,4,train,0.015200582332909107,pdb_00007ej8_H1_H2
10674,4,train,0.02301010861992836,pdb_00008wwi_E1_E2
10675,4,train,0.5563023686408997,pdb_00002vwe_L_J
10676,4,train,0.7429130673408508,pdb_00009cps_H_L
10677,4,train,0.032035667449235916,pdb_00009p0m_F1_F2
10678,4,train,0.8321283459663391,pdb_00002hmi_D_C
10679,4,train,0.013899770565330982,pdb_00008yh0_S1_S2
10680,4,train,1.0329595804214478,pdb_00008sis_H_L
10681,4,train,0.006737241987138987,pdb_00006k5i_E_F
10682,4,train,0.6429809927940369,pdb_00007wk0_D_E
10683,4,train,0.06672073155641556,pdb_00007cvt_C_D
10684,4,train,0.6177031397819519,pdb_00007cmk_H_L
10685,4,train,0.011962966062128544,pdb_00009lre_E1_E2
10686,4,train,0.12665410339832306,pdb_00001ic5_H_L
10687,4,train,0.007922743447124958,pdb_00008jlq_S1_S2
10688,4,train,0.3306914269924164,pdb_00008zyt_D_Q
10689,4,train,0.7468740940093994,pdb_00007x6o_C_D
10690,4,train,0.3023284375667572,pdb_00009u5q_B_C
10691,4,train,0.5531478524208069,pdb_00009fys_I_M
10692,4,train,0.0449453741312027,pdb_00008sid_K_L
10693,4,train,0.9488361477851868,pdb_00007t01_H_L
10694,4,train,0.30381298065185547,pdb_00009cpp_H_L
10695,4,train,0.267241895198822,pdb_00006w41_H_L
10696,4,train,0.005072068423032761,pdb_00008jd6_D1_D2
10697,4,train,0.03889286518096924,pdb_00007l1u_H1_H2
10698,4,train,0.48153141140937805,pdb_00009jqv_H_L
10699,4,train,0.014662419445812702,pdb_00007d77_S1_S2
10700,4,train,0.4444695711135864,pdb_00007pqy_B_C
10701,4,train,0.009278055280447006,pdb_00008xjl_E1_E2
10702,4,train,0.008356156758964062,pdb_00009cgj_E1_E2
10703,4,train,0.5291125178337097,pdb_00007xj9_I_H
10704,4,train,0.2270006686449051,pdb_00003b2u_Q_R
10705,4,train,0.013294504024088383,pdb_00009ejz_H1_H2
10706,4,train,0.011143556796014309,pdb_00007udg_E_F
10707,4,train,0.8528291583061218,pdb_00001adq_H_L
10708,4,train,0.014182939194142818,pdb_00009uan_E1_E2
10709,4,train,0.8882267475128174,pdb_00004ffw_H_L
10710,4,train,0.033082619309425354,pdb_00008ef5_E1_E2
10711,4,train,0.6772447228431702,pdb_00008yub_A_B
10712,4,train,0.3874168395996094,pdb_00007mzh_B_C
10713,4,train,0.8453431725502014,pdb_00007ua2_H1_H2
10714,4,train,0.8343592882156372,pdb_00006gff_N_M
10715,4,train,0.6680445075035095,pdb_00007wur_G_H
10716,4,train,0.011500705033540726,pdb_00006kpg_S1_S2
10717,4,train,0.6192678213119507,pdb_00007mxl_A_B
10718,4,train,0.9468150734901428,pdb_00007quh_H_L
10719,4,train,0.7122750878334045,pdb_00008a96_K_J
10720,4,train,0.7689464092254639,pdb_00008gpu_H_L
10721,4,train,0.7899637222290039,pdb_00007jwg_A_B
10722,4,train,0.8876526355743408,pdb_00009bdi_H_L
10723,4,train,0.4811568558216095,pdb_00006lhq_H_L
10724,4,train,0.09464242309331894,pdb_00008vgk_K_L
10725,4,train,0.6003084182739258,pdb_00007x2i_H_L
10726,4,train,1.1087515354156494,pdb_00009me6_J_N
10727,4,train,0.6402871012687683,pdb_00006dkj_A_B
10728,4,train,0.415730744600296,pdb_00009m0d_D_Q
10729,4,train,0.6286557912826538,pdb_00008y31_B_A
10730,4,train,0.016359541565179825,pdb_00007xwo_E1_E2
10731,4,train,0.03508285805583,pdb_00008efl_E1_E2
10732,4,train,0.7906967401504517,pdb_00007rxj_H_L
10733,4,train,0.5898887515068054,pdb_00002h9g_H_L
10734,4,train,0.07348321378231049,pdb_00008ihf_S1_S2
10735,4,train,0.8479980230331421,pdb_00006jep_K_I
10736,4,train,0.6206513047218323,pdb_00009ima_C_D
10737,4,train,0.48930037021636963,pdb_00008j26_B_A
10738,4,train,0.1920933574438095,pdb_00001ic4_H_L
10739,4,train,0.02035505697131157,pdb_00008ubj_M2_M1
10740,4,train,0.6331832408905029,pdb_00007kyo_H_L
10741,4,train,0.05357887223362923,pdb_00008ihh_S1_S2
10742,4,train,0.038843266665935516,pdb_00002h2s_C_D
10743,4,train,0.515948474407196,pdb_00004m62_I_M
10744,4,train,0.020775465294718742,pdb_00007w0p_S1_S2
10745,4,train,0.5620251297950745,pdb_00008cz8_C2_C1
10746,4,train,0.17176127433776855,pdb_00007zmk_E_F
10747,4,train,1.9898260831832886,pdb_00009osx_B_C
10748,4,train,0.05172489583492279,pdb_00003f7y_A_B
10749,4,train,1.2406855821609497,pdb_00007ey5_B_C
10750,4,train,0.8026930093765259,pdb_00008zdw_U_R
10751,4,train,0.027944417670369148,pdb_00007eq1_S1_S2
10752,4,train,0.7818881273269653,pdb_00005a3i_G_H
10753,4,train,0.008059208281338215,pdb_00008kgg_E1_E2
10754,4,train,0.42135635018348694,pdb_00007tn0_H_G
10755,4,train,0.707388162612915,pdb_00007ec5_E_F
10756,4,train,0.5923101902008057,pdb_00004gxu_S_T
10757,4,train,0.8744147419929504,pdb_00008khd_H_J
10758,4,train,0.0878097265958786,pdb_00009exa_D_C
10759,4,train,0.030336441472172737,pdb_00002r9h_E_F
10760,4,train,0.1027185320854187,pdb_00009k26_S1_S2
10761,4,train,0.7160471081733704,pdb_00008dwx_X_W
10762,4,train,0.007924037054181099,pdb_00008k4s_D1_D2
10763,4,train,0.009804006665945053,pdb_00009lr1_S1_S2
10764,4,train,0.8880825638771057,pdb_00007wro_H_L
10765,4,train,0.036588579416275024,pdb_00009j0b_S1_S2
10766,4,train,0.032502900809049606,pdb_00007wic_S1_S2
10767,4,train,0.4781668782234192,pdb_00007zf8_H_L
10768,4,train,0.6956630349159241,pdb_00007y6k_J_E3
10769,4,train,0.009823200292885303,pdb_00007ydj_E1_E2
10770,4,train,1.1178936958312988,pdb_00005ldn_H_L
10771,4,train,0.7276676893234253,pdb_00002yc1_A_B
10772,4,train,0.7480116486549377,pdb_00008suo_H_L
10773,4,train,0.9202685356140137,pdb_00009oi3_H_L
10774,4,train,0.833743155002594,pdb_00007yd1_A_B
10775,4,train,0.4340667128562927,pdb_00005bo1_I_M
10776,4,train,0.04916263744235039,pdb_00009ouo_H_L
10777,4,train,0.6725023984909058,pdb_00005umi_H_L
10778,4,train,0.027131592854857445,pdb_00008yna_E1_E2
10779,4,train,0.012387217953801155,pdb_000021ag_S1_S2
10780,4,train,0.011038484051823616,pdb_00007f9z_E1_E2
10781,4,train,0.49808886647224426,pdb_00007wqv_F1_F2
10782,4,train,0.25355401635169983,pdb_00007f6y_H_L
10783,4,train,0.027830524370074272,pdb_00009x3z_S1_S2
10784,4,train,0.00994096975773573,pdb_00006oij_H1_H2
10785,4,train,0.9621466994285583,pdb_00008tp5_J_K
10786,4,train,0.09554104506969452,pdb_00008vgk_J_I
10787,4,train,0.9850966334342957,pdb_00004f37_H_L
10788,4,train,0.46452727913856506,pdb_00006ii8_H_L
10789,4,train,0.7499486804008484,pdb_00008rmy_B_C
10790,4,train,0.01511481124907732,pdb_00007ujk_E_F
10791,4,train,0.8192575573921204,pdb_00007x3c_H_L
10792,4,train,0.009915376082062721,pdb_00007x2v_E1_E2
10793,4,train,0.23830756545066833,pdb_00007zf9_A_B
10794,4,train,0.384185254573822,pdb_00008vgp_H_L
10795,4,train,0.014107449911534786,pdb_00008hs3_S1_S2
10796,4,train,0.06266976147890091,pdb_00008j23_F1_F2
10797,4,train,0.6023492813110352,pdb_00007dpm_D_E
10798,4,train,0.9807925820350647,pdb_00008xa4_C_D
10799,4,train,0.8514471650123596,pdb_00006ejg_C2_C1
10800,4,train,0.4806649088859558,pdb_00008eqf_H_L
10801,4,train,0.04653742536902428,pdb_00001j1x_H_L
10802,4,train,0.019103875383734703,pdb_00008sg1_E1_E2
10803,4,train,0.6392247676849365,pdb_00007f15_B1_B2
10804,4,train,0.029712554067373276,pdb_00007xau_E1_E2
10805,4,train,0.8716489672660828,pdb_00007shy_I_J
10806,4,train,0.042100995779037476,pdb_00001otu_E_F
10807,4,train,0.6490766406059265,pdb_00004f2m_A_B
10808,4,train,0.005474828649312258,pdb_00002ht2_E_F
10809,4,train,0.020254530012607574,pdb_00007rg9_E1_E2
10810,4,train,0.13645808398723602,pdb_00003rhw_J_M
10811,4,train,0.5861563086509705,pdb_00004ffv_D_C
10812,4,train,0.01690923236310482,pdb_00009jh3_S1_S2
10813,4,train,0.7458558678627014,pdb_00009mtm_I_J
10814,4,train,0.39346885681152344,pdb_00008dww_V_U
10815,4,train,0.49956390261650085,pdb_00009q7b_G_I
10816,4,train,0.02127460017800331,pdb_00008i9s_H1_H2
10817,4,train,0.7710293531417847,pdb_00008fhy_H_L
10818,4,train,0.17072543501853943,pdb_00003b2v_H_L
10819,4,train,0.1559680849313736,pdb_00003b2u_C_D
10820,4,train,0.15351729094982147,pdb_00006w0j_A_B
10821,4,train,0.7000614404678345,pdb_00008zd5_K_L
10822,4,train,0.013948822394013405,pdb_00007yoo_S1_S2
10823,4,train,0.4905613958835602,pdb_00009ixa_H_L
10824,4,train,0.021826066076755524,pdb_00008hnm_S1_S2
10825,4,train,0.8103362321853638,pdb_00009me5_H_L
10826,4,train,0.086216039955616,pdb_00008zbe_E1_E2
10827,4,train,0.8252272605895996,pdb_00008dwo_H_L
10828,4,train,0.6374092698097229,pdb_00004np4_H_L
10829,4,train,0.014063426293432713,pdb_00009upv_S1_S2
10830,4,train,0.5538814067840576,pdb_00008zbb_H_L
10831,4,train,0.04321694001555443,pdb_00007srr_E1_E2
10832,4,train,0.5198611617088318,pdb_00002vwe_E_C
10833,4,train,0.7368399500846863,pdb_00008g5a_H_L
10834,4,train,0.5706815123558044,pdb_00007lq7_T_U
10835,4,train,0.5157561898231506,pdb_00008too_B_A
10836,4,train,0.8192963600158691,pdb_00007scn_E_F
10837,4,train,0.44307196140289307,pdb_00009ci8_B_A
10838,4,train,1.1081806421279907,pdb_00006ivz_H_L
10839,4,train,0.020791204646229744,pdb_00008h2g_E1_E2
10840,4,train,0.3590816855430603,pdb_00007ul1_H_L
10841,4,train,0.5573710203170776,pdb_00009mtm_M_N
10842,4,train,0.8355512619018555,pdb_00008ygs_H_L
10843,4,train,0.011265221051871777,pdb_00006k5a_E_F
10844,4,train,0.6691199541091919,pdb_00006wtv_E_F
10845,4,train,0.665372908115387,pdb_00008w5r_H_L
10846,4,train,0.048499997705221176,pdb_00007x9y_S1_S2
10847,4,train,0.01850830391049385,pdb_00008ia7_E1_E2
10848,4,train,0.6393466591835022,pdb_00007ley_G_F
10849,4,train,0.5499578714370728,pdb_00009lho_T_S
10850,4,train,0.03699804097414017,pdb_00001j1p_H_L
10851,4,train,0.1086176186800003,pdb_00007vgs_F_E
10852,4,train,0.38303086161613464,pdb_00004zff_A_B
10853,4,train,0.022648325189948082,pdb_00008efo_E1_E2
10854,4,train,0.06584803760051727,pdb_00008evg_M1_M2
10855,4,train,0.5623103976249695,pdb_00007vgr_F_E
10856,4,train,1.0008914470672607,pdb_00005ggs_A_B
10857,4,train,0.31385037302970886,pdb_00008wo4_D_C
10858,4,train,0.9024243950843811,pdb_00009e3h_J_K
10859,4,train,0.5139146447181702,pdb_00007ubs_J1_J2
10860,4,train,0.019993579015135765,pdb_00006e0c_N1_N2
10861,4,train,1.1280542612075806,pdb_00007mxl_J_K
10862,4,train,1.1560015678405762,pdb_00008w5h_H_L
10863,4,train,0.6763851642608643,pdb_00008vtd_B_A
10864,4,train,0.3403615355491638,pdb_00007vad_H_L
10865,4,train,0.07554290443658829,pdb_00007yj4_S1_S2
10866,4,train,0.06578659266233444,pdb_00009vmo_S1_S2
10867,4,train,0.4628205895423889,pdb_00008bg2_C1_C2
10868,4,train,0.04420654475688934,pdb_00007sbf_E1_E2
10869,4,train,0.49023935198783875,pdb_00002fjh_H_L
10870,4,train,0.7041570544242859,pdb_00008ee8_D_C
10871,4,train,0.009448369964957237,pdb_00008x9t_S1_S2
10872,4,train,0.039119478315114975,pdb_00007vdm_S1_S2
10873,4,train,0.0288490429520607,pdb_00009b5y_N1_N2
10874,4,train,0.9509859085083008,pdb_00009cq8_G_H
10875,4,train,0.6342793703079224,pdb_00008kdt_H_L
10876,4,train,0.03884706646203995,pdb_00007xa3_E1_E2
10877,4,train,0.8961866497993469,pdb_00009lsj_E1_D2
10878,4,train,0.9566903114318848,pdb_00005t5f_H_L
10879,4,train,1.0229588747024536,pdb_00009e21_H_L
10880,4,train,0.8269211649894714,pdb_00006woz_B_C
10881,4,train,0.4813424050807953,pdb_00002i9l_D_C
10882,4,train,0.5163880586624146,pdb_00009n4f_O_P
10883,4,train,0.3036096692085266,pdb_00009jy4_R_Q
10884,4,train,0.6237959265708923,pdb_00006wzl_C_D
10885,4,train,0.2536361813545227,pdb_00007vaf_H_L
10886,4,train,0.045259591192007065,pdb_00009w6w_E1_E2
10887,4,train,0.04045111685991287,pdb_00008ijd_S1_S2
10888,4,train,1.257179617881775,pdb_00006mtq_H_L
10889,4,train,0.8063942790031433,pdb_00008ywe_B2_B1
10890,4,train,0.021434787660837173,pdb_00007u9v_E_F
10891,4,train,0.7461228966712952,pdb_00007yrh_F_E
10892,4,train,0.8810402750968933,pdb_00007uvs_D_E
10893,4,train,0.13125455379486084,pdb_00003rif_G_K
10894,4,train,0.03870426490902901,pdb_00006x3s_J_I
10895,4,train,0.4931749999523163,pdb_00008y0y_E3_E2
10896,4,train,0.6556702852249146,pdb_00007wur_E_F
10897,4,train,0.014184674248099327,pdb_00007f4h_S1_S2
10898,4,train,0.9831421375274658,pdb_00006k65_H_L
10899,4,train,0.6455245018005371,pdb_00008zdw_F_E
10900,4,train,1.0184956789016724,pdb_00004ubd_O_P
10901,4,train,0.012093362398445606,pdb_00007yae_S1_S2
10902,4,train,0.6953330039978027,pdb_00004f3f_B_A
10903,4,train,0.9611386656761169,pdb_00005hbt_D_C
10904,4,train,0.6084840893745422,pdb_00008gv6_G_H
10905,4,train,0.00807324331253767,pdb_00009le0_S1_S2
10906,4,train,0.059495192021131516,pdb_00007k78_K1_K2
10907,4,train,0.049747567623853683,pdb_00006x3x_J_I
10908,4,train,0.05162179097533226,pdb_00006k5a_C_D
10909,4,train,0.20949934422969818,pdb_00007qez_E_F
10910,4,train,0.6370753049850464,pdb_00008sdf_H_L
10911,4,train,0.7685880661010742,pdb_00007l7e_C_D
10912,4,train,0.012914074584841728,pdb_00006lfo_S1_S2
10913,4,train,0.06069929897785187,pdb_00008zcj_E1_E2
10914,4,train,0.009549899958074093,pdb_00008xqe_S1_S2
10915,4,train,0.010886040516197681,pdb_00008yyw_B1_B2
10916,4,train,0.013370080851018429,pdb_00002ht2_C_D
10917,4,train,0.4922513961791992,pdb_00008too_H_E
10918,4,train,0.44836148619651794,pdb_00009udq_I_C
10919,4,train,1.2830570936203003,pdb_00007ey5_H_L
10920,4,train,1.5123271942138672,pdb_00009n5i_H_L
10921,4,train,0.11111003905534744,pdb_00007xta_E1_E2
10922,4,train,0.02977680042386055,pdb_00003fb5_A_B
10923,4,train,0.32409724593162537,pdb_00001xgq_B_A
10924,4,train,0.5833715796470642,pdb_00008g5a_I_M
10925,4,train,0.9484342336654663,pdb_00008eeu_H_L
10926,4,train,0.3490507900714874,pdb_00007zfe_M_N
10927,4,train,0.014476193115115166,pdb_00007ubr_E_F
10928,4,train,0.01671934686601162,pdb_00008dk5_K1_K2
10929,4,train,0.015620235353708267,pdb_00008iru_E1_E2
10930,4,train,0.009781374596059322,pdb_00007vv5_S1_S2
10931,4,train,0.013439485803246498,pdb_00007wz7_C1_C2
10932,4,train,0.4547627568244934,pdb_00005nhr_H_L
10933,4,train,0.6859170198440552,pdb_00007x6o_J_L
10934,4,train,0.4587860405445099,pdb_00007lop_H_L
10935,4,train,0.011109796352684498,pdb_00007vdl_S1_S2
10936,4,train,0.5064485669136047,pdb_00004dkf_H_L
10937,4,train,0.030829789116978645,pdb_00007l1v_H1_H2
10938,4,train,0.49190858006477356,pdb_00007wwk_G_F
10939,4,train,0.16409260034561157,pdb_00006b9z_B_A
10940,4,train,0.5932410359382629,pdb_00007xcz_B_C
10941,4,train,0.00715783704072237,pdb_00008jgg_S1_S2
10942,4,train,0.4182802736759186,pdb_00006kyz_E_F
10943,4,train,0.4040558934211731,pdb_00007nx7_H_L
10944,4,train,0.9128662347793579,pdb_00007lg6_J_M
10945,4,train,0.022399866953492165,pdb_00008jei_S1_S2
10946,4,train,0.6797206997871399,pdb_00001n5y_H_L
10947,4,train,0.42709314823150635,pdb_00009me6_I_M
10948,4,train,0.48647934198379517,pdb_00009cq4_C_D
10949,4,train,0.0991034209728241,pdb_00008dd2_K_L
10950,4,train,0.13832977414131165,pdb_00006yz7_BBB_CCC
10951,4,train,1.0951049327850342,pdb_00006xm2_F_E
10952,4,train,0.009922055527567863,pdb_00009k3l_S1_S2
10953,4,train,0.9394286274909973,pdb_00002zcl_H_L
10954,4,train,0.737497866153717,pdb_00007qnx_A_B
10955,4,train,0.7240324020385742,pdb_00009jeb_C1_C2
10956,4,train,0.7314527034759521,pdb_00007k9z_B_A
10957,4,train,1.3198211193084717,pdb_00007uij_H_L
10958,4,train,0.016710471361875534,pdb_00008irs_E1_E2
10959,4,train,0.02144397236406803,pdb_00003ejz_E_F
10960,4,train,0.03248612955212593,pdb_00009ast_E1_E2
10961,4,train,0.31642696261405945,pdb_00007s0b_C_D
10962,4,train,1.0608240365982056,pdb_00006xxv_A_B
10963,4,train,0.5676717162132263,pdb_00007jum_I1_I2
10964,4,train,0.14542889595031738,pdb_00007zmk_J_K
10965,4,train,0.43290671706199646,pdb_00007yxu_H_L
10966,4,train,0.062034811824560165,pdb_00002vdl_H_L
10967,4,train,0.3614061176776886,pdb_00006vvu_G_I
10968,4,train,0.8848459720611572,pdb_00007zwi_B_C
10969,4,train,0.038078341633081436,pdb_00001r3k_B_A
10970,4,train,0.5662230849266052,pdb_00007mzn_H_L
10971,4,train,0.007786243688315153,pdb_00007sr8_E1_E2
10972,4,train,0.6259339451789856,pdb_00008dwx_H_L
10973,4,train,0.7378568649291992,pdb_00006wmw_M_N
10974,4,train,0.015406240709125996,pdb_00009f33_E1_E2
10975,4,train,0.5876127481460571,pdb_00003g6j_H_G
10976,4,train,0.5572292804718018,pdb_00007qf1_C_B
10977,4,train,0.8411658406257629,pdb_00007b0b_H_L
10978,4,train,1.0750750303268433,pdb_00008z6t_B_C
10979,4,train,0.46298277378082275,pdb_00007rks_I_M
10980,4,train,0.14560295641422272,pdb_00005aaw_H1_H2
10981,4,train,0.9617434740066528,pdb_00006wds_H_L
10982,4,train,1.0028482675552368,pdb_00001yy9_D_C
10983,4,train,1.0145716667175293,pdb_00005dur_B_D
10984,4,train,0.008865962736308575,pdb_00007evy_E1_E2
10985,4,train,0.7466534972190857,pdb_00001kb5_H_L
10986,4,train,0.5429667830467224,pdb_00006ii4_H_L
10987,4,train,0.022004535421729088,pdb_00008dd3_J_I
10988,4,train,0.5323652029037476,pdb_00003wkm_I_M
10989,4,train,0.030318384990096092,pdb_00006ad7_E_F
10990,4,train,0.19393421709537506,pdb_00006b9y_B_A
10991,4,train,1.0250886678695679,pdb_00006wqo_E_F
10992,4,train,0.6506378054618835,pdb_00005w3l_E_G
10993,4,train,0.7389721274375916,pdb_00007ahu_B_A
10994,4,train,0.7888174057006836,pdb_00005vqm_H_L
10995,4,train,0.017471928149461746,pdb_00007ykd_S1_S2
10996,4,train,0.04565488547086716,pdb_00008ubk_N2_N1
10997,4,train,0.015378342941403389,pdb_00007rkm_D1_D2
10998,4,train,0.26878392696380615,pdb_00009me4_I_M
10999,4,train,0.4937441945075989,pdb_00005kov_K1_K2
11000,4,train,0.008410651236772537,pdb_00007t8x_E1_E2
11001,4,train,0.8756046891212463,pdb_00007wph_E_D
11002,4,train,0.542053759098053,pdb_00004dgi_H_L
11003,4,train,0.5386123061180115,pdb_00003rhw_F_N
11004,4,train,0.13322976231575012,pdb_00007lop_B_C
11005,4,train,0.9105936288833618,pdb_00002oz4_H_L
11006,4,train,0.5232194066047668,pdb_00007sk4_D_C
11007,4,train,0.03159375488758087,pdb_00007p02_H1_H2
11008,4,train,0.5339701175689697,pdb_00002h9g_B_A
11009,4,train,0.6606199145317078,pdb_00004f2m_C_D
11010,4,train,0.031881242990493774,pdb_00008evh_N1_N2
11011,4,train,0.012784569524228573,pdb_00008yn6_E1_E2
11012,4,train,0.5220426917076111,pdb_00007m71_H_L
11013,4,train,0.793083906173706,pdb_00001fj1_B_A
11014,4,train,0.8936985731124878,pdb_00008tnt_G_F
11015,4,train,1.1158555746078491,pdb_00003bgf_H_L
11016,4,train,0.8376988768577576,pdb_00008e8s_H_L
11017,4,train,0.8890611529350281,pdb_00009me7_J_N
11018,4,train,0.05069965869188309,pdb_00008dd2_J_I
11019,4,train,0.04664263501763344,pdb_00001c08_B_A
11020,4,train,0.1600784808397293,pdb_00005aam_B1_B2
11021,4,train,0.661394476890564,pdb_00009h4s_X_Y
11022,4,train,0.8405537605285645,pdb_00004nik_B1_B2
11023,4,train,0.8890634179115295,pdb_00009ds1_H_L
11024,4,train,0.02107139304280281,pdb_00008xqs_S1_S2
11025,4,train,0.3531931936740875,pdb_00001xgr_B_A
11026,4,train,0.06853123754262924,pdb_00009jkt_S1_S2
11027,4,train,0.7950132489204407,pdb_00007uvq_D_E
11028,4,train,0.04035501554608345,pdb_00008jgf_E1_E2
11029,4,train,0.59925776720047,pdb_00008ut2_J_I
11030,4,train,0.01845264807343483,pdb_00008dzp_E1_E2
11031,4,train,1.1216648817062378,pdb_00007wed_H_L
11032,4,train,0.5018531680107117,pdb_00009cia_B_A
11033,4,train,0.6665407419204712,pdb_00009jbq_A_B
11034,4,train,0.536060631275177,pdb_00008wpy_C_D
11035,4,train,1.3539119958877563,pdb_00009rir_H_L
11036,4,train,0.3650588393211365,pdb_00008ut2_H_G
11037,4,train,0.689312756061554,pdb_00009js7_I_L
11038,4,train,0.048836834728717804,pdb_00009erx_F1_F2
11039,4,train,0.5284269452095032,pdb_00007ua2_B1_B2
11040,4,train,0.046056680381298065,pdb_00003a6c_H_L
11041,4,train,0.07540249824523926,pdb_00006vmk_o_n
11042,4,train,0.0628557875752449,pdb_00006vmk_f_e
11043,4,train,0.22807516157627106,pdb_00008vgi_F_E
11044,4,train,0.02911294437944889,pdb_00008syp_M1_M2
11045,4,train,0.5904741883277893,pdb_00007ahu_H_L
11046,4,train,0.3288539946079254,pdb_00007kfv_C_D
11047,4,train,0.012578615918755531,pdb_00007yac_S1_S2
11048,4,train,1.2144250869750977,pdb_00008w0y_A_B
11049,4,train,0.6309136748313904,pdb_00004lf3_E_D
11050,4,train,0.014771273359656334,pdb_00008ykx_E1_E2
11051,4,train,0.4761171042919159,pdb_00008xsf_H_L
11052,4,train,1.052306056022644,pdb_00004fqj_H_L
11053,4,train,1.0814987421035767,pdb_00007uij_A_B
11054,4,train,0.37189996242523193,pdb_00001ndm_B_A
11055,4,train,0.7680628299713135,pdb_00009cq7_H_I
11056,4,train,0.00859041977673769,pdb_00009cgk_E1_E2
11057,4,train,0.018125105649232864,pdb_00009drx_J_I
11058,4,train,0.7776824235916138,pdb_00008uzp_A_B
11059,4,train,1.0717933177947998,pdb_00008tfl_H_L
11060,4,train,0.5369154810905457,pdb_00006wzm_A_B
11061,4,train,0.01640240103006363,pdb_00008xzj_S1_S2
11062,4,train,0.11037971079349518,pdb_00008vgj_J_I
11063,4,train,0.009662367403507233,pdb_00009v6o_S1_S2
11064,4,train,0.6944396495819092,pdb_00004am0_H_L
11065,4,train,0.29638564586639404,pdb_00001kip_B_A
11066,4,train,0.5392084717750549,pdb_00007sco_H_L
11067,4,train,0.7179021835327148,pdb_00008hrd_G_H
11068,4,train,0.02302931435406208,pdb_00002vdq_H_L
11069,4,train,1.420998215675354,pdb_00008tzn_G_H
11070,4,train,0.05958253890275955,pdb_00008w8b_E1_E2
11071,4,train,0.857751190662384,pdb_00004lmq_E_I
11072,4,train,0.11971494555473328,pdb_00008vgh_K_L
11073,4,train,0.07158248871564865,pdb_00007w7e_H1_H2
11074,4,train,0.8665299415588379,pdb_00007u9e_H1_H2
11075,4,train,0.6942916512489319,pdb_00008eed_H_L
11076,4,train,0.7479838728904724,pdb_00008w86_A_B
11077,4,train,0.2936132550239563,pdb_00006vvu_J_K
11078,4,train,0.9614953398704529,pdb_00009oco_H_L
11079,4,train,1.0990411043167114,pdb_00005mo9_H_L
11080,4,train,0.4045393168926239,pdb_00009ue8_A_B
11081,4,train,0.00825846940279007,pdb_00008vve_E1_E2
11082,4,train,0.6326096653938293,pdb_00004wv1_B_A
11083,4,train,0.5416125655174255,pdb_00008g5a_J_N
11084,4,train,0.011344279162585735,pdb_00009clw_N1_N2
11085,4,train,0.05144112557172775,pdb_00009iv6_S1_S2
11086,4,train,0.021234387531876564,pdb_00009k27_D1_D2
11087,4,train,0.719045877456665,pdb_00007pa7_ddd2_ddd1
11088,4,train,0.7915535569190979,pdb_00008zd6_K_L
11089,4,train,0.11032406985759735,pdb_00009ov4_H_L
11090,4,train,0.8813725113868713,pdb_00006d0u_K_L
11091,4,train,0.5303226113319397,pdb_00007y6k_E1_E2
11092,4,train,0.014469829387962818,pdb_00008zps_E1_E2
11093,4,train,0.880934476852417,pdb_00004ubd_G_H
11094,4,train,0.6413450241088867,pdb_00008dwo_S_T
11095,4,train,0.012237031944096088,pdb_00009x20_E1_E2
11096,4,train,0.466340035200119,pdb_00007wwk_I_H
11097,4,train,0.009313720278441906,pdb_00009vnz_E1_E2
11098,4,train,0.011696170084178448,pdb_00009u4w_S1_S2
11099,4,train,0.3033529818058014,pdb_00007kfw_F_G
11100,4,train,0.0700204074382782,pdb_00009kt8_E1_E2
11101,4,train,0.8639563918113708,pdb_00008dwy_V_U
11102,4,train,0.008233001455664635,pdb_00007evz_E1_E2
11103,4,train,0.6961681246757507,pdb_00006osv_H_L
11104,4,train,0.02519945427775383,pdb_00007xmt_S1_S2
11105,4,train,0.01109229400753975,pdb_00007w55_E1_E2
11106,4,train,0.07486123591661453,pdb_00003f5w_A_B
11107,4,train,0.9126917719841003,pdb_00006aru_C_B
11108,4,train,0.5530280470848083,pdb_00007m3i_H_L
11109,4,train,0.9423210620880127,pdb_00008d7e_D_E
11110,4,train,0.112274669110775,pdb_00002dqg_H_L
11111,4,train,0.9656890034675598,pdb_00007m7w_A_B
11112,4,train,0.6208078861236572,pdb_00002vir_B_A
11113,4,train,0.6232835054397583,pdb_00005y11_A_B
11114,4,train,0.39199554920196533,pdb_00007chc_H_L
11115,4,train,0.009062116034328938,pdb_00008hnk_S1_S2
11116,4,train,0.5284595489501953,pdb_00007s7i_J_N
11117,4,train,0.009503787383437157,pdb_00009pq0_E1_E2
11118,4,train,0.9564903974533081,pdb_00009mth_I_J
11119,4,train,0.006253816653043032,pdb_00008jil_S1_S2
11120,4,train,0.33798491954803467,pdb_00001xgp_B_A
11121,4,train,0.6936818957328796,pdb_00007vyr_A_B
11122,4,train,0.024789242073893547,pdb_00001j1o_H_L
11123,4,train,0.7868971228599548,pdb_00009mkn_O_P
11124,4,train,0.02997192181646824,pdb_00007uje_E_F
11125,4,train,0.01561620645225048,pdb_00007y64_S1_S2
11126,4,train,0.4518899619579315,pdb_00005yoy_G_D
11127,4,train,0.3945581316947937,pdb_00005nh3_I_M
11128,4,train,0.11981557309627533,pdb_00007m6d_A_B
11129,4,train,1.0899006128311157,pdb_00006wtv_H_I
11130,4,train,0.6959487795829773,pdb_00007kzb_H_L
11131,4,train,0.6318779587745667,pdb_00009b82_P_O
11132,4,train,0.4344930052757263,pdb_00007bnv_H_L
11133,4,train,0.010840448550879955,pdb_00008yn5_E1_E2
11134,4,train,1.857739806175232,pdb_00008cdd_E_D
11135,4,train,0.0065992120653390884,pdb_00009vnf_E1_E2
11136,4,train,0.0426543764770031,pdb_00007tmz_E_F
11137,4,train,0.007401256822049618,pdb_00009buy_E1_E2
11138,4,train,0.011072272434830666,pdb_00007cmv_E1_E2
11139,4,train,0.09867960214614868,pdb_00007mhr_A_B
11140,4,train,0.07694421708583832,pdb_00008ied_N1_N2
11141,4,train,1.0302814245224,pdb_00006u9s_D_E
11142,4,train,0.010027012787759304,pdb_00009vo2_S1_S2
11143,4,train,0.520916223526001,pdb_00008xsi_H_L
11144,4,train,0.5712140798568726,pdb_00005ugy_H_L
11145,4,train,0.9001775979995728,pdb_00008u44_S_T
11146,4,train,0.4021931290626526,pdb_00006wzj_A_B
11147,4,train,0.05201498419046402,pdb_00003ejz_C_D
11148,4,train,0.9130358099937439,pdb_00009rip_H_L
11149,4,train,0.5770357251167297,pdb_00007mem_G_J
11150,4,train,0.16802175343036652,pdb_00003b2u_J_K
11151,4,train,0.6578787565231323,pdb_00007xda_D_E
11152,4,train,0.05387537181377411,pdb_00007tct_E_F
11153,4,train,0.8562902808189392,pdb_00007yds_B_C
11154,4,train,0.2548520863056183,pdb_00003hfm_H_L
11155,4,train,0.5746126770973206,pdb_00004qci_B_A
11156,4,train,0.03414955362677574,pdb_00007rkx_D1_D2
11157,4,train,1.0922707319259644,pdb_00006wty_H_I
11158,4,train,1.1059808731079102,pdb_00005c0n_C_D
11159,4,train,0.6748530268669128,pdb_00002x7l_G_I
11160,4,train,0.8736587166786194,pdb_00009hi4_A_B
11161,4,train,0.013128303922712803,pdb_00007yk7_S1_S2
11162,4,train,0.455746054649353,pdb_00008we4_H_L
11163,4,train,0.7267599701881409,pdb_00005jz7_J_K
11164,4,train,0.8724899291992188,pdb_00007uvi_A_B
11165,4,train,0.01711512915790081,pdb_00008e9y_E1_E2
11166,4,train,0.5059251189231873,pdb_00009q7b_J_K
11167,4,train,0.009924305602908134,pdb_00008xor_E1_E2
11168,4,train,0.02684176154434681,pdb_00008xgu_S1_S2
11169,4,train,0.010392384603619576,pdb_00009lr2_S1_S2
11170,4,train,0.6773784756660461,pdb_00007bwj_H_L
11171,4,train,0.8351143598556519,pdb_00009shd_H_L
11172,4,train,0.4917502999305725,pdb_00009ptm_I_M
11173,4,train,0.728559136390686,pdb_00007t3d_P_R
11174,4,train,0.953732430934906,pdb_00003lh2_J_N
11175,4,train,0.006008466240018606,pdb_00008jbh_E1_E2
11176,4,train,0.03351946547627449,pdb_00002hlf_C_D
11177,4,train,0.597195565700531,pdb_00001dee_D_C
11178,4,train,0.8032659888267517,pdb_00008dce_H1_H2
11179,4,train,0.008450941182672977,pdb_00009kfj_S1_S2
11180,4,train,0.8020974397659302,pdb_00007rxi_H_L
11181,4,train,1.2073720693588257,pdb_00004xhj_H_G
11182,4,train,1.2743514776229858,pdb_00004g3y_H_L
11183,4,train,0.3452790081501007,pdb_00007yck_C_D
11184,4,train,1.1660202741622925,pdb_00006wex_H_L
11185,4,train,0.6519933938980103,pdb_00004hj0_P_Q
11186,4,train,0.03608149290084839,pdb_00007sqo_E1_E2
11187,4,train,0.018238326534628868,pdb_00009vjg_E1_E2
11188,4,train,0.1523803174495697,pdb_00008vgk_F_E
11189,4,train,0.7793838977813721,pdb_00009eti_H_L
11190,4,train,0.1565212607383728,pdb_00006w0h_A_B
11191,4,train,0.5691178441047668,pdb_00009og2_B_C
11192,4,train,0.783105194568634,pdb_00009c6y_C_D
11193,4,train,0.7150024771690369,pdb_00005nhr_A_B
11194,4,train,0.8110371828079224,pdb_00006ss4_HHH_LLL
11195,4,train,0.7101700901985168,pdb_00007jx3_C_D
11196,4,train,0.49502134323120117,pdb_00007lq7_P_Q
11197,4,train,0.7957742810249329,pdb_00009bdh_H_L
11198,4,train,0.0233851857483387,pdb_00007ejx_S1_S2
11199,4,train,0.0201971847563982,pdb_00008t3o_N1_N2
11200,4,train,0.6177107095718384,pdb_00006ii9_P_Q
11201,4,train,0.5638957619667053,pdb_00009tmp_H_L
11202,4,train,1.9882241487503052,pdb_00008c7h_L_K
11203,4,train,0.7125841975212097,pdb_00007zwi_E_F
11204,4,train,0.9170641899108887,pdb_00008cbf_H_L
11205,4,train,0.4954724609851837,pdb_00008txu_H_L
11206,4,train,0.026246780529618263,pdb_00009m1o_S1_S2
11207,4,train,0.08191507309675217,pdb_00006vmk_V_U
11208,4,train,0.7027965188026428,pdb_00008ebp_H_L
11209,4,train,0.014419746585190296,pdb_00009vo0_E1_E2
11210,4,train,0.016343217343091965,pdb_00008iys_E1_E2
11211,4,train,0.7410451173782349,pdb_00008pwh_D_C
11212,4,train,0.765347957611084,pdb_00004hg4_Z_z
11213,4,train,0.09100902825593948,pdb_00006vmk_c_b
11214,4,train,0.08875686675310135,pdb_00006w0i_A_B
11215,4,train,0.5249385833740234,pdb_00008bg3_A1_A2
11216,4,train,0.903302013874054,pdb_00009e60_H_L
11217,4,train,1.947962760925293,pdb_00006vlw_H_L
11218,4,train,0.909841775894165,pdb_00009c0v_H_L
11219,4,train,0.4618396461009979,pdb_00004m62_H_L
11220,4,train,0.6889805793762207,pdb_00007e9b_H_L
11221,4,train,1.1590346097946167,pdb_00007s11_I_M
11222,4,train,0.7265176773071289,pdb_00006xkr_H_L
11223,4,train,0.30430546402931213,pdb_00009jy4_P_O
11224,4,train,0.39535844326019287,pdb_00007zf9_H_L
11225,4,train,0.13203729689121246,pdb_00008vgj_F_E
11226,4,train,0.02681901305913925,pdb_00007yfc_C1_C2
11227,4,train,0.6603291034698486,pdb_00003sob_H_L
11228,4,train,0.5197975635528564,pdb_00007ubs_K1_K2
11229,4,train,1.0385918617248535,pdb_00009leo_C_D
11230,4,train,0.8216280937194824,pdb_00006hjp_K_L
11231,4,train,0.05773540586233139,pdb_00009xhi_D1_D2
11232,4,train,0.01312385592609644,pdb_00008xwp_D1_D2
11233,4,train,0.03333637863397598,pdb_00006vmk_B_A
11234,4,train,0.4622838497161865,pdb_00004jpk_H_L
11235,4,train,0.9104874730110168,pdb_00005b8c_B_A
11236,4,train,0.011758599430322647,pdb_00008vy7_D1_D2
11237,4,train,0.7961879968643188,pdb_00009h6u_H_L
11238,4,train,0.6303004622459412,pdb_00003vrl_E_F
11239,4,train,0.4772867262363434,pdb_00008jkf_M_N
11240,4,train,0.3219805657863617,pdb_00008i5h_E_F
11241,4,train,0.024040188640356064,pdb_00002h2s_E_F
11242,4,train,0.5689540505409241,pdb_00006cyf_F_E
11243,4,train,0.2765733003616333,pdb_00008jel_A_B
11244,4,train,0.3799495995044708,pdb_00009q71_K_L
11245,4,train,0.5820306539535522,pdb_00004n90_F_G
11246,4,train,0.010067952796816826,pdb_00009p0k_F1_F2
11247,4,train,1.0264819860458374,pdb_00006wmw_H_L
11248,4,train,1.1035411357879639,pdb_00008tea_H_G
11249,4,train,0.5427897572517395,pdb_00009ci8_D_C
11250,4,train,0.7880094647407532,pdb_00007l0l_H_L
11251,4,train,0.6289700865745544,pdb_00004gxu_M_N
11252,4,train,0.7572508454322815,pdb_00009kve_E_G
11253,4,train,1.106241226196289,pdb_00006mto_H_L
11254,4,train,0.10359495878219604,pdb_00007cvs_C_D
11255,4,train,0.5050318241119385,pdb_00008xse_H_L
11256,4,train,0.012493821792304516,pdb_00008y0n_S1_S2
11257,4,train,1.2047946453094482,pdb_00009kve_D_F
11258,4,train,0.1906508356332779,pdb_00006zh9_HHH_LLL
11259,4,train,0.6124851107597351,pdb_00007tpj_H_L
11260,4,train,0.6777504086494446,pdb_00008w83_E_F
11261,4,train,0.4386364221572876,pdb_00002x7l_C_D
11262,4,train,0.011079507879912853,pdb_00008z9p_S1_S2
11263,4,train,0.5552470684051514,pdb_00009mqa_H_L
11264,4,train,1.1680898666381836,pdb_00001rzk_H_L
11265,4,train,0.6014809012413025,pdb_00009n8j_H_I
11266,4,train,0.7623679041862488,pdb_00007fcp_H_L
11267,4,train,0.006483121775090694,pdb_00008zjg_S1_S2
11268,4,train,1.1549545526504517,pdb_00009rik_H_L
11269,4,train,0.006848068907856941,pdb_00007t90_E1_E2
11270,4,train,0.3924940228462219,pdb_00008caf_D_C
11271,4,train,0.02320716343820095,pdb_00008h0q_E1_E2
11272,4,train,0.6267290115356445,pdb_00006ban_F_E
11273,4,train,0.3035372793674469,pdb_00008dww_H_L
11274,4,train,0.6013644337654114,pdb_00003wkm_H_L
11275,4,train,1.0359044075012207,pdb_00009oi3_I_J
11276,4,train,0.5258783102035522,pdb_00008hrd_N_Q
11277,4,train,0.0211041197180748,pdb_00008hn8_S1_S2
11278,4,train,0.5445353984832764,pdb_00004okv_A_B
11279,4,train,0.6372210383415222,pdb_00009ib3_H_L
11280,4,train,1.0246502161026,pdb_00007ezv_M_N
11281,4,train,0.015169043093919754,pdb_00009jh6_S1_S2
11282,4,train,0.41248056292533875,pdb_00004tsc_H_L
11283,4,train,0.6316767334938049,pdb_00007yrf_F_E
11284,4,train,0.39141297340393066,pdb_00007x2k_H_L
11285,4,train,1.2801274061203003,pdb_00005w08_Q_R
11286,4,train,1.2090790271759033,pdb_00007t4q_F_G
11287,4,train,0.6240577697753906,pdb_00007ley_H_I
11288,4,train,0.5940596461296082,pdb_00007x3c_F_E
11289,4,train,0.008882907219231129,pdb_00009lrd_E1_E2
11290,4,train,0.014927913434803486,pdb_00007f4f_S1_S2
11291,4,train,0.009343944489955902,pdb_00008ykd_S1_S2
11292,4,train,0.606634259223938,pdb_00008u44_U_W
11293,4,train,1.286122441291809,pdb_00008jeo_B_C
11294,4,train,0.21857629716396332,pdb_00008dww_Z_Y
11295,4,train,0.40471121668815613,pdb_00009ib1_H_L
11296,4,train,0.02573506161570549,pdb_00008hbd_H1_H2
11297,4,train,0.823257327079773,pdb_00008e8l_H_L
11298,4,train,1.0230991840362549,pdb_00007sbd_H_L
11299,4,train,0.9566624760627747,pdb_00009mtl_H_L
11300,4,train,0.3554580509662628,pdb_00007nx8_H_L
11301,4,train,1.2727916240692139,pdb_00009rih_H_L
11302,4,train,0.1897786408662796,pdb_00005aaw_B1_B2
11303,4,train,0.9983471035957336,pdb_00006s3d_H_L
11304,4,train,0.005565151572227478,pdb_00009jeq_S1_S2
11305,4,train,0.5565993189811707,pdb_00008bec_A1_A2
11306,4,train,0.6512618660926819,pdb_00007ycn_C_D
11307,4,train,0.9520978331565857,pdb_00008hrd_C_E
11308,4,train,0.6384059190750122,pdb_00007m7b_H_L
11309,4,train,0.5549279451370239,pdb_00007d85_B_C
11310,4,train,0.6726641654968262,pdb_00009ue0_A_B
11311,4,train,0.4866798222064972,pdb_00004ffv_H_L
11312,4,train,1.2974103689193726,pdb_00004hf5_H_L
11313,4,train,0.6418503522872925,pdb_00008sdh_C_D
11314,4,train,0.8905653357505798,pdb_00004kuc_F_E
11315,4,train,1.0830535888671875,pdb_00009qub_D_C
11316,4,train,0.003060791874304414,pdb_00008jbf_E1_E2
11317,4,train,0.013534964062273502,pdb_00008yky_S1_S2
11318,4,train,0.011457371525466442,pdb_00008xbe_S1_S2
11319,4,train,0.727958619594574,pdb_00006woz_H_I
11320,4,train,0.7288565635681152,pdb_00006gku_H_L
11321,4,train,0.014986075460910797,pdb_00008kfy_S1_S2
11322,4,train,1.2379436492919922,pdb_00009e3l_I_J
11323,4,train,0.4072023928165436,pdb_00003rhw_I_O
11324,4,train,0.5142434239387512,pdb_00007ycn_E_F
11325,4,train,0.6675015091896057,pdb_00007ycl_A_B
11326,4,train,0.04456045478582382,pdb_00006ad8_C_D
11327,4,train,0.622786819934845,pdb_00006iap_H_L
11328,4,train,0.0076677752658724785,pdb_00008xqn_S1_S2
11329,4,train,0.8957607746124268,pdb_00008bcz_H_L
11330,4,train,0.005521617829799652,pdb_00009b65_S1_S2
11331,4,train,0.04245566576719284,pdb_00006vmk_i_h
11332,4,train,0.422972708940506,pdb_00007xeg_E_F
11333,4,train,0.40608352422714233,pdb_00008bg3_C1_C2
11334,4,train,0.5625562071800232,pdb_00008ywx_E_D
11335,4,train,0.05751072242856026,pdb_00008wwh_E1_E2
11336,4,train,0.7627397179603577,pdb_00007lfa_H_L
11337,4,train,0.03301380202174187,pdb_00006k5f_C_D
11338,4,train,0.012909398414194584,pdb_00001otu_C_D
11339,4,train,0.3806726634502411,pdb_00008bec_C1_C2
11340,4,train,0.48832279443740845,pdb_00006j6y_B_C
11341,4,train,0.016678880900144577,pdb_00002exw_C_D
11342,4,train,0.020769767463207245,pdb_00002htl_E_F
11343,4,train,0.9691104888916016,pdb_00004ubd_Y_X
11344,4,train,0.5687235593795776,pdb_00009quw_D_C
11345,4,train,0.3038581311702728,pdb_00009l6c_H_L
11346,4,train,0.7533053755760193,pdb_00006a4k_J_N
11347,4,train,0.008951323106884956,pdb_00004z7n_E_F
11348,4,train,0.03382255136966705,pdb_00007xms_S1_S2
11349,4,train,1.0166484117507935,pdb_00008gsc_H_L
11350,4,train,0.006551662925630808,pdb_00007ew3_S1_S2
11351,4,train,0.5492402911186218,pdb_00007dpm_G_H
11352,4,train,0.6019799709320068,pdb_00009b82_I_G
11353,4,train,0.06888163089752197,pdb_00009kt7_E1_E2
11354,4,train,0.6265364289283752,pdb_00002dd8_H_L
11355,4,train,0.8205403685569763,pdb_00003qum_K_M
11356,4,train,0.33882638812065125,pdb_00009cpv_C_D
11357,4,train,0.6703901886940002,pdb_00009cds_E_D
11358,4,train,0.18418322503566742,pdb_00004tnw_F_N
11359,4,train,0.22803829610347748,pdb_00006b3s_F_G
11360,4,train,0.8118242621421814,pdb_00007z0y_H_L
11361,4,train,0.009532098658382893,pdb_00007y15_S1_S2
11362,4,train,0.019526124000549316,pdb_00008zpt_E1_E2
11363,4,train,1.0696672201156616,pdb_00008f6l_A_B
11364,4,train,0.00930524617433548,pdb_00008jz7_S1_S2
11365,4,train,0.35410597920417786,pdb_00002x7l_E_F
11366,4,train,0.9581940770149231,pdb_00007c88_H_L
11367,4,train,0.6068623065948486,pdb_00006a4k_H_L
11368,4,train,0.7197011113166809,pdb_00007lq7_C_D
11369,4,train,0.2584930658340454,pdb_00007vag_H_L
11370,4,train,0.7566900253295898,pdb_00006n5e_H_I
11371,4,train,0.017901591956615448,pdb_00008y62_E1_E2
11372,4,train,0.6343178749084473,pdb_00008dwy_Z_Y
11373,4,train,0.6386609673500061,pdb_00008zd5_E_F
11374,4,train,0.48968803882598877,pdb_00008zh7_K_L
11375,4,train,0.007326492574065924,pdb_00002exw_E_F
11376,4,train,0.02774389460682869,pdb_00009yda_H1_H2
11377,4,train,0.7018779516220093,pdb_00001fns_H_L
11378,4,train,0.9604844450950623,pdb_00007kq7_H_L
11379,4,train,0.6237205862998962,pdb_00008uwz_A_B
11380,4,train,0.018842754885554314,pdb_00008ubk_M2_M1
11381,4,train,0.014034130610525608,pdb_00009ldx_S1_S2
11382,4,train,0.6614574790000916,pdb_00005jz7_H_L
11383,4,train,0.08154338598251343,pdb_00008vgh_J_I
11384,4,train,0.6897359490394592,pdb_00008e8z_H_L
11385,4,train,0.517342209815979,pdb_00004gxu_U_V
11386,4,train,0.2821222245693207,pdb_00007b3o_H_L
11387,4,train,0.005783934611827135,pdb_00009kfi_S1_S2
11388,4,train,0.39699357748031616,pdb_00007ch5_H_L
11389,4,train,0.5571800470352173,pdb_00004ttd_C_D
11390,4,train,0.7286348938941956,pdb_00009dru_H_L
11391,4,train,0.6997005343437195,pdb_00006vja_I_M
11392,4,train,0.034441400319337845,pdb_00008f7x_E1_E2
11393,4,train,0.4556090831756592,pdb_00006ban_D_C
11394,4,train,0.14714644849300385,pdb_00004tnw_I_O
11395,4,train,0.7941656708717346,pdb_00009ebc_I_J
11396,4,train,0.29823726415634155,pdb_00002x7l_H_L
11397,4,train,0.020474571734666824,pdb_00007x5h_E1_E2
11398,4,train,0.7496185302734375,pdb_00006d0u_E_F
11399,4,train,1.2511520385742188,pdb_00006cvk_A2_A1
11400,4,train,0.011251413263380527,pdb_00009ppy_E1_E2
11401,4,train,0.381154328584671,pdb_00007klh_H_L
11402,4,train,0.6835517883300781,pdb_00008sit_M_N
11403,4,train,0.8796146512031555,pdb_00006wm9_B_C
11404,4,train,0.006765532772988081,pdb_00009vj5_E1_E2
11405,4,train,0.21406298875808716,pdb_00006p4a_H_L
11406,4,train,0.7172571420669556,pdb_00008f6o_A_B
11407,4,train,0.6583338379859924,pdb_00007rku_G_I
11408,4,train,0.5538398623466492,pdb_00008y3k_G_H
11409,4,train,0.4522818922996521,pdb_00009n7q_E_G
11410,4,train,0.008215255104005337,pdb_00008yh3_S1_S2
11411,4,train,0.7895805835723877,pdb_00005d1z_G_H
11412,4,train,0.012833788990974426,pdb_00007ukp_E_F
11413,4,train,0.8903372287750244,pdb_00008cii_A_B
11414,4,train,0.7742159366607666,pdb_00009os5_G_J
11415,4,train,0.6318470239639282,pdb_00006gv4_H_L
11416,4,train,0.6275450587272644,pdb_00008znz_I_J
11417,4,train,0.01584738679230213,pdb_00009kug_H1_H2
11418,4,train,0.527268648147583,pdb_00007dk0_A_B
11419,4,train,0.01781902089715004,pdb_00008yrg_E1_E2
11420,4,train,0.35909590125083923,pdb_00008f2j_I_J
11421,4,train,0.019256986677646637,pdb_00008xxv_E1_E2
11422,4,train,0.43552520871162415,pdb_00003s36_H_L
11423,4,train,0.9660671949386597,pdb_00006jhs_E_D
11424,4,train,0.006619363557547331,pdb_00008vvg_E1_E2
11425,4,train,0.027637790888547897,pdb_00008hk3_H1_H2
11426,4,train,0.008159457705914974,pdb_00006k5f_E_F
11427,4,train,1.0403640270233154,pdb_00003bsz_H_L
11428,4,train,0.19054029881954193,pdb_00002qr0_H_G
11429,4,train,0.42470788955688477,pdb_00006ba5_F_E
11430,4,train,0.03387775272130966,pdb_00008wpu_E1_E2
11431,4,train,0.009532791562378407,pdb_00009b54_S1_S2
11432,4,train,0.9410590529441833,pdb_00001qfu_H_L
11433,4,train,0.16651643812656403,pdb_00002qr0_X_W
11434,4,train,0.7922819256782532,pdb_00006ywc_D_E
11435,4,train,0.00787060521543026,pdb_00009pxv_E1_E2
11436,4,train,0.12694083154201508,pdb_00008dd3_K_L
11437,4,train,0.6180886626243591,pdb_00009mla_G_J
11438,4,train,0.24815261363983154,pdb_00003rhw_G_K
11439,4,train,0.20813216269016266,pdb_00008smt_D_F
11440,4,train,0.014850713312625885,pdb_00008f7q_E1_E2
11441,4,train,0.81998610496521,pdb_00007m42_D_C
11442,4,train,0.7479289770126343,pdb_00008tbb_H_L
11443,4,train,0.01699391007423401,pdb_00008g59_S1_S2
11444,4,train,0.14563098549842834,pdb_00005u5f_B_A
11445,4,train,0.5019704103469849,pdb_00009iz9_M_N
11446,4,train,0.18586567044258118,pdb_00007zmk_B_C
11447,4,train,0.5570075511932373,pdb_00008bg5_C1_C2
11448,4,train,0.15372343361377716,pdb_00002dqf_B_A
11449,4,train,0.9460793733596802,pdb_00009cu7_H_L
11450,4,train,0.03026473894715309,pdb_00007vla_S1_S2
11451,4,train,0.009141507558524609,pdb_00009izf_S1_S2
11452,4,train,1.1764957904815674,pdb_00001ztx_H_L
11453,4,train,0.2158852517604828,pdb_00008jen_E_F
11454,4,train,0.0077262502163648605,pdb_00007qvm_S1_S2
11455,4,train,0.007622290402650833,pdb_00008yyx_A1_A2
11456,4,train,0.16415919363498688,pdb_00008w2e_F_E
11457,4,train,0.0053660632111132145,pdb_00007ew1_E1_E2
11458,4,train,1.1065456867218018,pdb_00002r29_H_L
11459,4,train,0.01628468744456768,pdb_00007vl9_S1_S2
11460,4,train,0.2806796133518219,pdb_00008i5h_B_C
11461,4,train,1.215112328529358,pdb_00004xzu_E_F
11462,4,train,0.7352472543716431,pdb_00006t3j_A_B
11463,4,train,0.30779707431793213,pdb_00009jy1_R_Q
11464,4,train,0.7299479246139526,pdb_00009bbn_S_T
11465,4,train,0.5829067230224609,pdb_00007vgr_D_C
11466,4,train,0.7841997146606445,pdb_00006bpa_E_F
11467,4,train,0.627003014087677,pdb_00006xq2_C_B
11468,4,train,0.00806092843413353,pdb_00009ydu_E1_E2
11469,4,train,0.8183494210243225,pdb_00009dn2_J_N
11470,4,train,0.1124226450920105,pdb_00007zmk_G_H
11471,4,train,0.04164469242095947,pdb_00009wp9_C1_C2
11472,4,train,0.015434814617037773,pdb_00008g94_E1_E2
11473,4,train,0.6934708952903748,pdb_00008u4s_B_A
11474,4,train,0.02418680675327778,pdb_00008vqy_J_I
11475,4,train,1.043917179107666,pdb_00008tpa_I_J
11476,4,train,0.01026989333331585,pdb_00008dwc_E1_E2
11477,4,train,0.5653562545776367,pdb_00001fdl_H_L
11478,4,train,0.5860966444015503,pdb_00005ugy_J_N
11479,4,train,0.9283756017684937,pdb_00009mtg_H_L
11480,4,train,0.706544041633606,pdb_00004d9r_H_L
11481,4,train,0.8183159232139587,pdb_00009mqd_J_N
11482,4,train,0.40040600299835205,pdb_00009clp_H_L
11483,4,train,0.8898823857307434,pdb_00006s3d_C_D
11484,4,train,0.37747013568878174,pdb_00009u5p_P_Q
11485,4,train,0.8122616410255432,pdb_00008hrd_O_P
11486,4,train,0.5948408246040344,pdb_00005x8l_G_L
11487,4,train,0.030129270628094673,pdb_00003or6_A_B
11488,4,train,0.03141508623957634,pdb_00009axf_H1_H2
11489,4,train,0.009188068099319935,pdb_00007eo4_E1_E2
11490,4,train,0.7040747404098511,pdb_00009mtl_M_N
11491,4,train,1.0470696687698364,pdb_00008w5n_H_L
11492,4,train,0.8957177400588989,pdb_00008vk1_F_E
11493,4,train,0.9977601766586304,pdb_00006t9e_HHH_LLL
11494,4,train,0.5173959732055664,pdb_00004yk4_C_B
11495,4,train,0.8294245600700378,pdb_00007rxj_A_B
11496,4,train,0.6881904006004333,pdb_00007pa7_nnn2_nnn1
11497,4,train,0.029616830870509148,pdb_00008wrb_E1_E2
11498,4,train,0.011449010111391544,pdb_00007u60_E_F
11499,4,train,0.013822170905768871,pdb_00007td8_E_F
11500,4,train,0.01821151003241539,pdb_00008hqe_H1_H2
11501,4,train,0.473894327878952,pdb_00005dhy_A_B
11502,4,train,0.391063392162323,pdb_00007dfa_H_L
11503,4,train,0.7662007808685303,pdb_00007mdj_A_B
11504,4,train,0.8524233102798462,pdb_00009cq8_C_E
11505,4,train,0.4608723223209381,pdb_00004ttd_H_L
11506,4,train,0.5135362148284912,pdb_00005oca_H_L
11507,4,train,0.21843552589416504,pdb_00008zyu_D_Q
11508,4,train,0.04574845731258392,pdb_00008jxx_E1_E2
11509,4,train,0.6207587122917175,pdb_00008tnt_E_D
11510,4,train,0.3621242940425873,pdb_00005bo1_H_L
11511,4,train,0.021741904318332672,pdb_00008k2x_S1_S2
11512,4,train,0.5303534269332886,pdb_00009fys_B_C
11513,4,train,0.6778703331947327,pdb_00007ucq_J1_J2
11514,4,train,1.0798534154891968,pdb_00009vca_H_L
11515,4,train,0.026499077677726746,pdb_00003det_E_F
11516,4,train,0.01419347058981657,pdb_00007xat_E1_E2
11517,4,train,1.0249483585357666,pdb_00007t82_H_L
11518,4,train,0.5897723436355591,pdb_00003p0y_H_L
11519,4,train,0.7450687289237976,pdb_00007wvl_H_L
11520,4,train,0.7353260517120361,pdb_00006ek2_I1_I2
11521,4,train,0.007695848122239113,pdb_00007ucy_E_F
11522,4,train,1.0724440813064575,pdb_00008jeo_E_F
11523,4,train,0.9814404249191284,pdb_00006dfi_H_L
11524,4,train,1.0621318817138672,pdb_00004lvh_E_F
11525,4,train,0.7915393114089966,pdb_00008cxg_h_l
11526,4,train,0.6553885340690613,pdb_00007pry_C_D
11527,4,train,0.44769784808158875,pdb_00007xj9_G_F
11528,4,train,0.5431666970252991,pdb_00008cn9_B_A
11529,4,train,0.40290552377700806,pdb_00008bg4_C1_C2
11530,4,train,0.28930941224098206,pdb_00007mzh_H_L
11531,4,train,0.17216399312019348,pdb_00003rif_J_M
11532,4,train,0.39822515845298767,pdb_00007jx3_H_L
11533,4,train,0.5749003887176514,pdb_00002bdn_H_L
11534,4,train,0.0185038223862648,pdb_00008xjo_E1_E2
11535,4,train,0.7552924752235413,pdb_00006wm9_E_F
11536,4,train,0.48523959517478943,pdb_00007m3i_A_B
11537,4,train,0.014706642366945744,pdb_00008xqo_S1_S2
11538,4,train,0.03056471422314644,pdb_00008f7w_E1_E2
11539,4,train,0.647790789604187,pdb_00008gv6_I_J
11540,4,train,0.729232132434845,pdb_00008w5l_H_L
11541,4,train,1.0770316123962402,pdb_00006cvk_B2_B1
11542,4,train,0.28455209732055664,pdb_00008z2e_H_L
11543,4,train,0.013236614875495434,pdb_00008xgm_S1_S2
11544,4,train,0.013699760660529137,pdb_00008jim_S1_S2
11545,4,train,0.7187697887420654,pdb_00009ebc_K_L
11546,4,train,0.6178842186927795,pdb_00007pa7_ooo2_ooo1
11547,4,train,0.647692084312439,pdb_00006o1f_H_L
11548,4,train,0.5618547201156616,pdb_00007ucq_K1_K2
11549,4,train,0.014373798854649067,pdb_00009m2f_S1_S2
11550,4,train,0.013285286724567413,pdb_00007ra3_E1_E2
11551,4,train,0.021113010123372078,pdb_00008wwk_E1_E2
11552,4,train,0.5067848563194275,pdb_00009fyt_I_M
11553,4,train,0.0340433195233345,pdb_00009vmg_S1_S2
11554,4,train,0.3001343607902527,pdb_00009cpr_H_L
11555,4,train,0.7418816685676575,pdb_00008yub_D_E
11556,4,train,0.5441751480102539,pdb_00008dnn_E_F
11557,4,train,0.4408973157405853,pdb_00009ctw_F_E
11558,4,train,0.0515410490334034,pdb_00008id9_S1_S2
11559,4,train,0.025254100561141968,pdb_00009vmp_S1_S2
11560,4,train,0.02171451412141323,pdb_00008yuv_S1_S2
11561,4,train,0.9081205129623413,pdb_00006fax_H_L
11562,4,train,0.006615679245442152,pdb_00003ze2_E_F
11563,4,train,0.03411721810698509,pdb_00005j9p_A_B
11564,4,train,0.2828158140182495,pdb_00009jy3_P_O
11565,4,train,0.010179377160966396,pdb_00009vmn_S1_S2
11566,4,train,0.8843335509300232,pdb_00009npg_G_H
11567,4,train,0.31304457783699036,pdb_00008bg4_A1_A2
11568,4,train,0.7116847038269043,pdb_00003eo1_B_A
11569,4,train,0.5389761328697205,pdb_00004hg4_T_U
11570,4,train,0.4769304096698761,pdb_00004hg4_R_S
11571,4,train,0.35346782207489014,pdb_00009iz9_S_T
11572,4,train,1.2081069946289062,pdb_00009ml8_E_F
11573,4,train,0.5811868906021118,pdb_00006vja_H_L
11574,4,train,0.019330358132719994,pdb_00007aue_S1_S2
11575,4,train,0.8228318095207214,pdb_00007m7w_H_L
11576,4,train,0.8142588138580322,pdb_00007lg6_C_D
11577,4,train,0.3742714822292328,pdb_00003fku_S1_S2
11578,4,train,0.7674866318702698,pdb_00008g5b_H_L
11579,4,train,0.014267261140048504,pdb_00008wwj_E1_E2
11580,4,train,0.5318390727043152,pdb_00008tx3_E_J
11581,4,train,1.831238865852356,pdb_00005i9q_B_C
11582,4,train,0.021742146462202072,pdb_00006x3w_K_L
11583,4,train,0.8982259035110474,pdb_00004ogx_H_L
11584,4,train,0.0577700212597847,pdb_00002dqf_E_D
11585,4,train,0.01987479440867901,pdb_00008y6w_D1_D2
11586,4,train,1.0954959392547607,pdb_00007yru_H_L
11587,4,train,0.5841575264930725,pdb_00008zdw_L_J
11588,4,train,0.8132540583610535,pdb_00008hn7_D_C
11589,4,train,0.8879381418228149,pdb_00008w86_E_F
11590,4,train,0.34828096628189087,pdb_00004zff_H_L
11591,4,train,0.052786555141210556,pdb_00003fb7_A_B
11592,4,train,0.8347283005714417,pdb_00009ml8_P_Q
11593,4,train,0.46626919507980347,pdb_00008i5l_E1_E2
11594,4,train,0.3245287537574768,pdb_00006kyz_B_C
11595,4,train,0.019827404990792274,pdb_00008k6o_S1_S2
11596,4,train,0.5411795973777771,pdb_00003nh7_K_O
11597,4,train,0.8807612061500549,pdb_00008ezk_I1_I2
11598,4,train,0.8156811594963074,pdb_00007uvs_A_B
11599,4,train,0.03489970043301582,pdb_00008ubi_N2_N1
11600,4,train,0.5273374915122986,pdb_00007d85_E_F
11601,4,train,0.009716890752315521,pdb_00008gut_S1_S2
11602,4,train,0.26012733578681946,pdb_00009wb4_B_C
11603,4,train,0.017298659309744835,pdb_00008tb0_F1_F2
11604,4,train,0.5614897608757019,pdb_00008w83_M_N
11605,4,train,1.0350708961486816,pdb_00008z39_H_L
11606,4,train,0.20848813652992249,pdb_00001xgt_B_A
11607,4,train,0.2944810092449188,pdb_00008txu_E_J
11608,4,train,0.5564194321632385,pdb_00007zfb_H_L
11609,4,train,0.2012500911951065,pdb_00005aaw_D1_D2
11610,4,train,0.8440995216369629,pdb_00001nsn_H_L
11611,4,train,0.025685392320156097,pdb_00006xbm_S1_S2
11612,4,train,0.16486027836799622,pdb_00001dqj_B_A
11613,4,train,0.0677218958735466,pdb_00008vgh_F_E
11614,4,train,0.4631366729736328,pdb_00009quw_F_E
11615,4,train,0.8039228916168213,pdb_00007mkm_H_L
11616,4,train,0.9149250388145447,pdb_00009n5z_A_B
11617,4,train,0.0373360700905323,pdb_00006adb_E_F
11618,4,train,0.9448423385620117,pdb_00006hga_H_L
11619,4,train,1.205786108970642,pdb_00006oel_H_L
11620,4,train,0.7424781322479248,pdb_00009oi3_M_N
11621,4,train,0.7730367183685303,pdb_00006hxw_C_D
11622,4,train,0.8542636036872864,pdb_00009p1m_F_E
11623,4,train,0.42293041944503784,pdb_00007pry_A_B
11624,4,train,0.6705136895179749,pdb_00007x2o_H_L
11625,4,train,0.015900807455182076,pdb_00008hqm_H1_H2
11626,4,train,0.8928560018539429,pdb_00006oc3_C_D
11627,4,train,1.0312426090240479,pdb_00005gs0_D_C
11628,4,train,0.3873928189277649,pdb_00005yoy_I_F
11629,4,train,0.5894946455955505,pdb_00009h4r_X_Y
11630,4,train,0.027205023914575577,pdb_00006adc_E_F
11631,4,train,0.9738197922706604,pdb_00009hvw_H_L
11632,4,train,0.8025431632995605,pdb_00004xnm_B_A
11633,4,train,0.5153793692588806,pdb_00003dvn_H_L
11634,4,train,0.5012245178222656,pdb_00007dk2_G_H
11635,4,train,0.007237303536385298,pdb_00008jef_S1_S2
11636,4,train,0.7183577418327332,pdb_00006k7o_F_G
11637,4,train,0.7947565317153931,pdb_00008e8y_H_L
11638,4,train,0.5314142107963562,pdb_00007t3d_C_D
11639,4,train,0.27839556336402893,pdb_00005yoy_Q_N
11640,4,train,0.026068031787872314,pdb_00007x10_E1_E2
11641,4,train,0.893563449382782,pdb_00009riq_H_L
11642,4,train,0.17349213361740112,pdb_00008jen_G_H
11643,4,train,0.7894039750099182,pdb_00004ag4_H_L
11644,4,train,0.18121984601020813,pdb_00006bah_B_A
11645,4,train,0.2718854546546936,pdb_00007k8m_A_B
11646,4,train,0.8903624415397644,pdb_00009cfg_H_L
11647,4,train,0.9369792938232422,pdb_00008uf7_B_A
11648,4,train,0.4761095941066742,pdb_00009cn2_B1_B2
11649,4,train,0.9265151023864746,pdb_00009kyz_A_B
11650,4,train,0.7234236001968384,pdb_00008vk1_C_B
11651,4,train,0.5550090670585632,pdb_00009lho_O_N
11652,4,train,0.4939562976360321,pdb_00007vyt_B_C
11653,4,train,0.0157849732786417,pdb_00007vgz_F1_F2
11654,4,train,0.5017842054367065,pdb_00007cdj_H_L
11655,4,train,0.8207685351371765,pdb_00008gsd_H_L
11656,4,train,0.048218853771686554,pdb_00009ggg_S1_S2
11657,4,train,1.2445460557937622,pdb_00009y41_H_L
11658,4,train,0.03621694818139076,pdb_00007u0g_N1_N2
11659,4,train,0.6353752613067627,pdb_00004hj0_C_D
11660,4,train,0.0713224932551384,pdb_00006x3z_J_I
11661,4,train,1.1417733430862427,pdb_00008gb5_I_H
11662,4,train,0.01013732049614191,pdb_00009ik8_E1_E2
11663,4,train,0.08170513063669205,pdb_00006w0a_A_B
11664,4,train,0.013837914913892746,pdb_00008vrn_J_I
11665,4,train,0.024793127551674843,pdb_00003zdx_E_F
11666,4,train,1.120735764503479,pdb_00008ywe_C2_C1
11667,4,train,0.6971935033798218,pdb_00007pa7_eee2_eee1
11668,4,train,0.37117525935173035,pdb_00006txz_I_M
11669,4,train,0.8904190063476562,pdb_00004u6h_C_D
11670,4,train,0.026035524904727936,pdb_00008t3q_N1_N2
11671,4,train,0.6195111274719238,pdb_00003eo1_K_J
11672,4,train,1.20660400390625,pdb_00008jn1_H_L
11673,4,train,0.5723703503608704,pdb_00005kvf_H_L
11674,4,train,0.04793596640229225,pdb_00008z3m_S1_S2
11675,4,train,0.018429873511195183,pdb_00003nid_E_F
11676,4,train,0.07698164135217667,pdb_00008e9z_E1_E2
11677,4,train,0.046991147100925446,pdb_00007k5y_N2_N1
11678,4,train,0.00829369481652975,pdb_00002vdm_H_L
11679,4,train,0.6486310958862305,pdb_00009mtj_M_N
11680,4,train,0.20026572048664093,pdb_00006yz7_HHH_LLL
11681,4,train,1.4203073978424072,pdb_00009vnp_C_A
11682,4,train,0.050428811460733414,pdb_00008hvi_H1_H2
11683,4,train,0.027866311371326447,pdb_00008xxz_S1_S2
11684,4,train,0.1287456750869751,pdb_00009ouq_J_K
11685,4,train,0.39286547899246216,pdb_00007f7h_A_B
11686,4,train,0.7271324396133423,pdb_00009b2m_H_L
11687,4,train,0.7017441987991333,pdb_00008v5v_f_g
11688,4,train,0.8301845788955688,pdb_00007t82_D_C
11689,4,train,0.3725076913833618,pdb_00007mzk_F_E
11690,4,train,0.38771378993988037,pdb_00006vvu_H_L
11691,4,train,0.955225944519043,pdb_00009kvk_H_L
11692,4,train,0.026517227292060852,pdb_00007t6u_E1_E2
11693,4,train,0.7023510336875916,pdb_00009vhz_A_B
11694,4,train,0.03490373119711876,pdb_00009kpf_S1_S2
11695,4,train,0.44035035371780396,pdb_00008j7e_C_D
11696,4,train,0.5300589203834534,pdb_00008h7z_F_I
11697,4,train,0.027174385264515877,pdb_00006vmk_Z_Y
11698,4,train,0.14045771956443787,pdb_00009zqa_J2_J1
11699,4,train,0.017038030549883842,pdb_00007yon_S1_S2
11700,4,train,0.10831119120121002,pdb_00009zqb_I2_I1
11701,4,train,0.5477514863014221,pdb_00009lbs_D_C
11702,4,train,1.1445484161376953,pdb_00008kdr_H_L
11703,4,train,0.7466877698898315,pdb_00008cxg_G_I
11704,4,train,0.7613695859909058,pdb_00007t3d_H_L
11705,4,train,0.6261062622070312,pdb_00009k6y_H_L
11706,4,train,0.8895942568778992,pdb_00008v52_D_C
11707,4,train,0.4038620889186859,pdb_00009oj4_B_A
11708,4,train,0.44563689827919006,pdb_00006pi7_F_E
11709,4,train,0.45699238777160645,pdb_00008bg5_A1_A2
11710,4,train,0.5294802188873291,pdb_00008too_D_C
11711,4,train,0.6779834032058716,pdb_00007mxl_H_L
11712,4,train,0.9667969346046448,pdb_00006plk_I_M
11713,4,train,0.00599654670804739,pdb_00003ze0_E_F
11714,4,train,1.1282570362091064,pdb_00006glx_C_D
11715,4,train,0.8208872675895691,pdb_00005h35_H_I
11716,4,train,0.7963173389434814,pdb_00007f3q_H_L
11717,4,train,0.8005505800247192,pdb_00004oii_H_L
11718,4,train,0.3511618971824646,pdb_00007jmo_H_L
11719,4,train,0.03391444310545921,pdb_00009v2n_S1_S2
11720,4,train,0.05484747514128685,pdb_00008jln_S1_S2
11721,4,train,0.7357120513916016,pdb_00009dn2_I_M
11722,4,train,0.09672119468450546,pdb_00006bae_B_A
11723,4,train,0.014127891510725021,pdb_00009vj6_E1_E2
11724,4,train,0.6304593682289124,pdb_00009mtj_I_J
11725,4,train,0.9759477376937866,pdb_00008dv6_H_D
11726,4,train,0.7622810006141663,pdb_00001rjl_B_A
11727,4,train,0.5187033414840698,pdb_00007lq7_y_z
11728,4,train,0.3828323185443878,pdb_00007sts_A_B
11729,4,train,0.5121751427650452,pdb_00004gxu_W_X
11730,4,train,0.7840350866317749,pdb_00007shy_K_L
11731,4,train,0.7572181224822998,pdb_00006h3u_H_L
11732,4,train,0.05181033909320831,pdb_00008sid_J_I
11733,4,train,0.463119775056839,pdb_00007jum_H1_H2
11734,4,train,0.023144913837313652,pdb_00007yu3_S1_S2
11735,4,train,0.12925958633422852,pdb_00007k60_M2_M1
11736,4,train,0.6132775545120239,pdb_00008dnn_B_C
11737,4,train,0.3172803819179535,pdb_00009iz9_O_P
11738,4,train,0.33586907386779785,pdb_00009hhr_F_E
11739,4,train,0.011533229611814022,pdb_00007vfx_S1_S2
11740,4,train,0.009690029546618462,pdb_00008ic0_E1_E2
11741,4,train,0.7487396001815796,pdb_00007zoz_H_L
11742,4,train,0.03329852223396301,pdb_00008jpn_S1_S2
11743,4,train,0.0756620317697525,pdb_00006vmk_r_q
11744,4,train,0.5598374605178833,pdb_00008sdh_H_L
11745,4,train,0.13438481092453003,pdb_00004tnw_V_Z
11746,4,train,0.9031462669372559,pdb_00008dcm_A_B
11747,4,train,0.02214498445391655,pdb_00009jhp_S1_S2
11748,4,train,0.02191578596830368,pdb_00008u1u_E1_E2
11749,4,train,0.41324302554130554,pdb_00007xcz_D_E
11750,4,train,0.9177758097648621,pdb_00007mzj_H_L
11751,4,train,0.6440117359161377,pdb_00008w83_A_B
11752,4,train,0.7298673987388611,pdb_00008dwo_U_V
11753,4,train,0.012947606854140759,pdb_00008zme_E1_E2
11754,4,train,0.7735822796821594,pdb_00009mkn_I_M
11755,4,train,0.009816981852054596,pdb_00009upu_S1_S2
11756,4,train,0.5158552527427673,pdb_00007ucq_H1_H2
11757,4,train,0.6548057198524475,pdb_00006ww5_E_F
11758,4,train,0.008474593050777912,pdb_00007rgp_E1_E2
11759,4,train,0.009441942907869816,pdb_00008k6n_S1_S2
11760,4,train,0.022673381492495537,pdb_00008xx3_S1_S2
11761,4,train,0.4226619601249695,pdb_00009l6c_A_B
11762,4,train,0.02357499673962593,pdb_00008j6r_S1_S2
11763,4,train,0.34939485788345337,pdb_00007mjl_H_L
11764,4,train,0.006752416491508484,pdb_00007ew7_E1_E2
11765,4,train,0.8829841017723083,pdb_00007uxl_A_B
11766,4,train,0.008289678022265434,pdb_00007t96_E1_E2
11767,4,train,0.02399449795484543,pdb_00008id4_S1_S2
11768,4,train,0.5419488549232483,pdb_00002i9l_B_A
11769,4,train,1.0926400423049927,pdb_00009rim_H_L
11770,4,train,0.7304077744483948,pdb_00004xzu_A_B
11771,4,train,0.6648107767105103,pdb_00002iff_H_L
11772,4,train,0.5353285670280457,pdb_00005xhv_P_Q
11773,4,train,0.25086164474487305,pdb_00007s0b_A_B
11774,4,train,0.0068183718249201775,pdb_00008y01_S1_S2
11775,4,train,0.6070387959480286,pdb_00008sdf_B_C
11776,4,train,0.7855138182640076,pdb_00005wko_C_D
11777,4,train,0.08914738893508911,pdb_00006k5i_C_D
11778,4,train,0.10338755697011948,pdb_00008sps_K1_K2
11779,4,train,0.45129507780075073,pdb_00009q7b_L_M
11780,4,train,0.09113693982362747,pdb_00005aam_A1_A2
11781,4,train,0.08988198637962341,pdb_00006yor_H_L
11782,4,train,0.8164268136024475,pdb_00005ggs_C_D
11783,4,train,0.04209471493959427,pdb_00007k5x_M2_M1
11784,4,train,0.08696619421243668,pdb_00006w0g_A_B
11785,4,train,1.2714663743972778,pdb_00003lqa_H_L
11786,4,train,0.21535706520080566,pdb_00008jel_I_K
11787,4,train,0.6044365763664246,pdb_00006wtu_H_I
11788,4,train,0.05876588821411133,pdb_00005aaw_K1_K2
11789,4,train,0.9071738719940186,pdb_00007uvi_D_E
11790,4,train,0.6128430962562561,pdb_00001orq_B_A
11791,4,train,0.6632622480392456,pdb_00008cma_H_L
11792,4,train,0.007480229251086712,pdb_00008ykw_E1_E2
11793,4,train,0.891704797744751,pdb_00007s0x_H_L
11794,4,train,0.6912774443626404,pdb_00009mqd_H_L
11795,4,train,0.018715329468250275,pdb_00008yn8_E1_E2
11796,4,train,0.24034829437732697,pdb_00002x7l_A_B
11797,4,train,0.19676320254802704,pdb_00002itc_A_B
11798,4,train,0.010567950084805489,pdb_00009uam_E1_E2
11799,4,train,0.012349111028015614,pdb_00007s8o_E1_E2
11800,4,train,0.043752964586019516,pdb_00006vmk_E_D
11801,4,train,0.6113500595092773,pdb_00008jqs_h_l
11802,4,train,0.21191978454589844,pdb_00009cia_D_C
11803,4,train,0.5576207637786865,pdb_00007tzh_A1_A2
11804,4,train,0.5150893926620483,pdb_00004dn4_H_L
11805,4,train,0.9404724836349487,pdb_00005e94_D_C
11806,4,train,0.6076729893684387,pdb_00001fj1_D_C
11807,4,train,0.5653864145278931,pdb_00009ban_E_F
11808,4,train,0.017650654539465904,pdb_00007wig_S1_S2
11809,4,train,0.03918718546628952,pdb_00006k5d_C_D
11810,4,train,0.36381906270980835,pdb_000011ol_H_L
11811,4,train,1.0262123346328735,pdb_00007unb_H_L
11812,4,train,1.063125491142273,pdb_00007s11_H_L
11813,4,train,1.120300531387329,pdb_00002r56_H_L
11814,4,train,0.011267504654824734,pdb_00009ik9_E1_E2
11815,4,train,0.8959583044052124,pdb_00009cu7_I_M
11816,4,train,1.005292296409607,pdb_00006xpz_B_C
11817,4,train,0.6813089847564697,pdb_00009og2_D_E
11818,4,train,0.2717955410480499,pdb_00008f2j_H_L
11819,4,train,0.2814631760120392,pdb_00007f6z_H_L
11820,4,train,0.6265868544578552,pdb_00008y3i_I_J
11821,4,train,1.4090070724487305,pdb_00003lzf_H_L
11822,4,train,0.34593793749809265,pdb_00007pry_F_G
11823,4,train,0.3755089044570923,pdb_00007klh_I_M
11824,4,train,0.008338910527527332,pdb_00007tuz_E1_E2
11825,4,train,0.7329058647155762,pdb_00008f6x_D1_D2
11826,4,train,0.023264460265636444,pdb_00002vdo_H_L
11827,4,train,0.022242721170186996,pdb_00009vif_S1_S2
11828,4,train,0.4572049379348755,pdb_00007t3d_J_M
11829,4,train,1.0463192462921143,pdb_00008tfn_H_L
11830,4,train,0.1059177815914154,pdb_00006vmk_P_O
11831,4,train,0.5218658447265625,pdb_00009vft_F_E
11832,4,train,0.7776495218276978,pdb_00009m7v_H_L
11833,4,train,0.6344430446624756,pdb_00007xsc_A_B
11834,4,train,0.9397538900375366,pdb_00004kuc_H_D
11835,4,train,0.4703034460544586,pdb_00008hpu_M_N
11836,4,train,0.009630653075873852,pdb_00009l80_S1_S2
11837,4,train,0.01227288506925106,pdb_00008zfz_D1_D2
11838,4,train,0.8061206936836243,pdb_00007y3n_C_D
11839,4,train,0.01049803290516138,pdb_00007eb2_N1_N2
11840,4,train,0.007944612763822079,pdb_00007ufh_E_F
11841,4,train,0.025348715484142303,pdb_00002exy_C_D
11842,4,train,1.0835357904434204,pdb_00005hbv_D_C
11843,4,train,0.00803473498672247,pdb_00007eo2_E1_E2
11844,4,train,0.006923725362867117,pdb_00007vgy_E1_E2
11845,4,train,0.18838775157928467,pdb_00007o7f_H_F
11846,4,train,0.03485054150223732,pdb_00002boc_A_B
11847,4,train,0.5476365089416504,pdb_00008tui_H_L
11848,4,train,0.8714605569839478,pdb_00008u4q_H_L
11849,4,train,0.03177756816148758,pdb_00001ott_C_D
11850,4,train,0.8604254722595215,pdb_00007wcr_a_b
11851,4,train,0.7883688807487488,pdb_00008dxt_H_L
11852,4,train,0.7260947227478027,pdb_00009dm0_C_D
11853,4,train,0.40285712480545044,pdb_00008w84_A_B
11854,4,train,0.7890244126319885,pdb_00007djz_A_B
11855,4,train,0.5043948888778687,pdb_00007wqv_P1_P2
11856,4,train,0.005441656801849604,pdb_00007wf7_E1_E2
11857,4,train,1.36309015750885,pdb_00005tfw_H_L
11858,4,train,0.3238670527935028,pdb_00009hhr_D_G
11859,4,train,0.011172294616699219,pdb_00009l42_E1_E2
11860,4,train,0.5543646216392517,pdb_00008g5b_I_M
11861,4,train,0.467989057302475,pdb_00003nh7_J_N
11862,4,train,0.006664940156042576,pdb_00008e9x_E1_E2
11863,4,train,0.2742866575717926,pdb_00006xc4_H_L
11864,4,train,0.2916296124458313,pdb_00008j8r_D_E
11865,4,train,0.3867073059082031,pdb_00009me5_I_M
11866,4,train,0.46681827306747437,pdb_00009h4s_H_L
11867,4,train,0.1758240908384323,pdb_00009zq9_J2_J1
11868,4,train,0.7669959664344788,pdb_00007scn_H_L
11869,4,train,0.28373488783836365,pdb_00003fku_X1_X2
11870,4,train,0.6722753047943115,pdb_00008jio_C_B
11871,4,train,0.031212829053401947,pdb_00006xbk_S1_S2
11872,4,train,0.4726061224937439,pdb_00007cho_H_L
11873,4,train,0.06783521175384521,pdb_00008x8n_E1_E2
11874,4,train,0.6495221853256226,pdb_00009axl_H_L
11875,4,train,1.281747817993164,pdb_00003mj9_H_L
11876,4,train,0.56508469581604,pdb_00001fsk_I_H
11877,4,train,0.5039714574813843,pdb_00009mqd_I_M
11878,4,train,0.6981214880943298,pdb_00006a4k_I_M
11879,4,train,1.1756830215454102,pdb_00007yvf_C_A
11880,4,train,0.5081291794776917,pdb_00002jix_D_G
11881,4,train,0.07023046910762787,pdb_00006x3z_K_L
11882,4,train,0.007594515569508076,pdb_00009uk2_E1_E2
11883,4,train,0.45047926902770996,pdb_00005kov_I1_I2
11884,4,train,0.7557924389839172,pdb_00009n4e_O_R
11885,4,train,0.010468753054738045,pdb_00008jlk_S1_S2
11886,4,train,0.020919155329465866,pdb_00008hqn_H1_H2
11887,4,train,0.40478402376174927,pdb_00009n7q_H_L
11888,4,train,0.010882078669965267,pdb_00009kz2_H1_H2
11889,4,train,0.009868396446108818,pdb_00007na7_N1_N2
11890,4,train,0.013254525139927864,pdb_00006lfm_S1_S2
11891,4,train,0.743148922920227,pdb_00009gwt_H_L
11892,4,train,0.6174702644348145,pdb_00007eam_C_D
11893,4,train,0.401484876871109,pdb_00008as0_W_V
11894,4,train,0.6586654782295227,pdb_00008y0y_D1_D4
11895,4,train,0.8767744898796082,pdb_00008xe9_A_B
11896,4,train,0.8536217212677002,pdb_00009mtg_I_J
11897,4,train,0.5148935914039612,pdb_00009mla_H_K
11898,4,train,0.015621745027601719,pdb_00006os9_D1_D2
11899,4,train,0.13334053754806519,pdb_00008vgi_H_G
11900,4,train,0.38059571385383606,pdb_00009k6j_A_B
11901,4,train,0.0074008433148264885,pdb_00008hj5_C1_C2
11902,4,train,0.015048881061375141,pdb_00008yn4_E1_E2
11903,4,train,0.1639503687620163,pdb_00008smt_H_L
11904,4,train,0.3188859820365906,pdb_00009jy2_B_A
11905,4,train,0.495341032743454,pdb_00008vgl_E_F
11906,4,train,0.8173664808273315,pdb_00009npg_A_B
11907,4,train,0.09596502780914307,pdb_00008vgk_H_G
11908,4,train,0.5861548185348511,pdb_00006k7o_B_C
11909,4,train,0.4509810507297516,pdb_00009q5v_K_J
11910,4,train,0.9923295378684998,pdb_00009leo_A_B
11911,4,train,0.521154522895813,pdb_00007cgw_H_L
11912,4,train,0.03698645904660225,pdb_00008z8a_S1_S2
11913,4,train,0.0273390281945467,pdb_00007trp_H1_H2
11914,4,train,0.12852320075035095,pdb_00003rif_H_L
11915,4,train,0.7172055840492249,pdb_00009dzf_H_L
11916,4,train,0.7209510207176208,pdb_00006vgr_C_D
11917,4,train,0.07365092635154724,pdb_00006dzt_N1_N2
11918,4,train,0.32326561212539673,pdb_00003nh7_H_L
11919,4,train,0.49973031878471375,pdb_00003eo1_E_D
11920,4,train,0.41719427704811096,pdb_00008wu1_H_L
11921,4,train,0.018336771056056023,pdb_00007y66_S1_S2
11922,4,train,0.5623506903648376,pdb_00009dzg_H_L
11923,4,train,0.11844687908887863,pdb_00009ge3_F1_F2
11924,4,train,0.49872270226478577,pdb_00008ulf_K_O
11925,4,train,0.014599897898733616,pdb_00009vi9_S1_S2
11926,4,train,0.3690020740032196,pdb_00008i5l_D1_D2
11927,4,train,0.9619372487068176,pdb_00006mlm_K_L
11928,4,train,1.030800223350525,pdb_00007kqh_C_D
11929,4,train,0.0446288138628006,pdb_00009ejc_D1_D2
11930,4,train,0.48845499753952026,pdb_00002fjh_B_A
11931,4,train,0.2356749325990677,pdb_00001kiq_B_A
11932,4,train,1.1946794986724854,pdb_00007r8u_HHH_LLL
11933,4,train,0.02611839398741722,pdb_00007vug_S1_S2
11934,4,train,0.9558249115943909,pdb_00007cqd_H_L
11935,4,train,0.06510189920663834,pdb_00008jt6_E1_E2
11936,4,train,0.7303934097290039,pdb_00006t3j_F_G
11937,4,train,0.5106819272041321,pdb_00008y3k_I_J
11938,4,train,0.1594540774822235,pdb_00006b3s_C_D
11939,4,train,0.10205991566181183,pdb_00003rhw_H_L
11940,4,train,0.2202504724264145,pdb_00003ri5_G_K
11941,4,train,0.3655673563480377,pdb_00005dhx_L2_L1
11942,4,train,0.7911935448646545,pdb_00005a3i_C_D
11943,4,train,0.15434899926185608,pdb_00001g7m_B_A
11944,4,train,0.11176194995641708,pdb_00009oun_H_L
11945,4,train,0.4371849000453949,pdb_00007mem_H_L
11946,4,train,0.9414400458335876,pdb_00008tp5_E_F
11947,4,train,1.4050840139389038,pdb_00006xq0_B_C
11948,4,train,0.5810486674308777,pdb_00008wpw_C_D
11949,4,train,0.04398005083203316,pdb_00009xhh_D1_D2
11950,4,train,0.765450119972229,pdb_00007w71_H_L
11951,4,train,0.025104273110628128,pdb_00003stl_A_B
11952,4,train,0.777910053730011,pdb_00008gs9_H_K
11953,4,train,0.4375649690628052,pdb_00009irs_H_L
11954,4,train,0.6562703251838684,pdb_00007x6o_I_K
11955,4,train,0.9396899938583374,pdb_00007x3d_H_L
11956,4,train,0.5478633046150208,pdb_00006ban_B_A
11957,4,train,0.12716074287891388,pdb_00004tnw_X_i
11958,4,train,0.013405188918113708,pdb_00008k3z_S1_S2
11959,4,train,0.7436549663543701,pdb_00004al8_H_L
11960,4,train,0.045384664088487625,pdb_00008iw1_S1_S2
11961,4,train,0.031040847301483154,pdb_00002vdk_H_L
11962,4,train,1.089396357536316,pdb_00008ezl_H1_H2
11963,4,train,0.13678525388240814,pdb_00008elp_H_L
11964,4,train,0.6978039145469666,pdb_00006bpa_B_C
11965,4,train,0.041944798082113266,pdb_00008y72_E1_E2
11966,4,train,0.44279226660728455,pdb_00007wqv_N1_N2
11967,4,train,0.26360148191452026,pdb_00003ri5_F_N
11968,4,train,0.4639298915863037,pdb_00008zd5_H_I
11969,4,train,0.015110705979168415,pdb_00007t6s_E1_E2
11970,4,train,0.012874574400484562,pdb_00009ije_D1_D2
11971,4,train,1.3112151622772217,pdb_00005d1z_F_E
11972,4,train,0.03840162977576256,pdb_00007u0j_N1_N2
11973,4,train,0.4445568919181824,pdb_00005xhv_H_L
11974,4,train,0.6161889433860779,pdb_00008hrd_D_F
11975,4,train,0.032770778983831406,pdb_00009m55_S1_S2
11976,4,train,0.5219732522964478,pdb_00005kov_E1_E2
11977,4,train,0.145175963640213,pdb_00001g7h_B_A
11978,4,train,0.14528587460517883,pdb_00008i5h_H_L
11979,4,train,0.6631335020065308,pdb_00007cqd_I_M
11980,4,train,0.5504422187805176,pdb_00004lf3_B_A
11981,4,train,0.0070390645414590836,pdb_00008id6_S1_S2
11982,4,train,0.41946059465408325,pdb_00008go8_I_M
11983,4,train,0.861243724822998,pdb_00008khr_H_L
11984,4,train,0.2090899646282196,pdb_00008wnp_D_C
11985,4,train,0.012485569342970848,pdb_00008i9l_H1_H2
11986,4,train,0.35365980863571167,pdb_00008bcz_C_D
11987,4,train,0.012628995813429356,pdb_00009ll7_S1_S2
11988,4,train,0.1694095879793167,pdb_00008ihi_S1_S2
11989,4,train,0.013814331032335758,pdb_00008x8l_E1_E2
11990,4,train,0.006733817048370838,pdb_00007wv9_S1_S2
11991,4,train,0.25427311658859253,pdb_00007lop_W_V
11992,4,train,0.9162419438362122,pdb_00003qwo_A_B
11993,4,train,0.017807357013225555,pdb_00003fb6_A_B
11994,4,train,0.9715551733970642,pdb_00002ybr_G_H
11995,4,train,1.096104621887207,pdb_00007rco_F_E
11996,4,train,0.40186843276023865,pdb_00002wuc_H_L
11997,4,train,0.04808316007256508,pdb_00008g05_E1_E2
11998,4,train,0.6246077418327332,pdb_00009cfe_A_B
11999,4,train,0.01364606712013483,pdb_00009j5v_S1_S2
12000,4,train,0.8125118017196655,pdb_00007ttx_H_L
12001,4,train,0.043264079838991165,pdb_00006vmk_u_t
12002,4,train,0.012150424532592297,pdb_00007xjj_S1_S2
12003,4,train,0.8878229260444641,pdb_00002zck_H_L
12004,4,train,0.2501261234283447,pdb_00001xiw_D_C
12005,4,train,0.009754481725394726,pdb_00007vdh_S1_S2
12006,4,train,0.1725519597530365,pdb_00001uac_H_L
12007,4,train,0.022872675210237503,pdb_00007jvr_E1_E2
12008,4,train,0.20831330120563507,pdb_00008jel_C_D
12009,4,train,0.14226055145263672,pdb_00008j22_F1_F2
12010,4,train,0.018115900456905365,pdb_00001ots_C_D
12011,4,train,0.5473657846450806,pdb_00004n90_H_I
12012,4,train,0.013821825385093689,pdb_00009jmd_E1_E2
12013,4,train,0.6394569277763367,pdb_00003u30_F_E
12014,4,train,0.5707607865333557,pdb_00001tqb_B_C
12015,4,train,0.012058945372700691,pdb_00007xw9_S1_S2
12016,4,train,0.5704674124717712,pdb_00008eed_I_J
12017,4,train,1.1780225038528442,pdb_00007n4j_H_L
12018,4,train,0.626261293888092,pdb_00009b82_N_M
12019,4,train,0.6042505502700806,pdb_00007wvd_G_H
12020,4,train,0.5094893574714661,pdb_00007m6d_H_L
12021,4,train,0.42922675609588623,pdb_00005dhx_B2_B1
12022,4,train,0.5585566163063049,pdb_00004qci_H_L
12023,4,train,0.02639295533299446,pdb_00008ijb_S1_S2
12024,4,train,0.9758554100990295,pdb_00007yh6_H_L
12025,4,train,0.0407179556787014,pdb_00006vmk_S_R
12026,4,train,0.87990802526474,pdb_00007ebz_E_F
12027,4,train,0.3392398953437805,pdb_00006z2m_B_C
12028,4,train,0.01731441169977188,pdb_00008dk5_N1_N2
12029,4,train,0.04391761124134064,pdb_00009m0r_S1_S2
12030,4,train,0.01747319847345352,pdb_00007ukt_E_F
12031,4,train,0.8869836926460266,pdb_00006t9d_HHH_LLL
12032,4,train,0.1753244400024414,pdb_00008f2j_A_B
12033,4,train,0.5113163590431213,pdb_00007whz_B_D
12034,4,train,0.8318380117416382,pdb_00008tp5_H_L
12035,4,train,0.42700502276420593,pdb_00005w0k_E_F
12036,4,train,0.35682135820388794,pdb_00008vgm_H_L
12037,4,train,0.9724894762039185,pdb_00007rco_D_C
12038,4,train,0.03236890956759453,pdb_00008e9w_E1_E2
12039,4,train,0.2229960411787033,pdb_00001ic7_H_L
12040,4,train,0.524516761302948,pdb_00004gxu_Q_R
12041,4,train,1.0280015468597412,pdb_00007y6l_H_L
12042,4,train,1.0610690116882324,pdb_00009oea_H_L
12043,4,train,0.31866830587387085,pdb_00008ulf_I_M
12044,4,train,0.9067609906196594,pdb_00009yyu_J_N
12045,4,train,0.3735674321651459,pdb_00007wqv_L1_L2
12046,4,train,1.3036776781082153,pdb_00006uyn_H_L
12047,4,train,0.6526742577552795,pdb_00009bt5_E_F
12048,4,train,0.5604565739631653,pdb_00008y31_D_C
12049,4,train,0.04025743901729584,pdb_00007y24_S1_S2
12050,4,train,0.925869345664978,pdb_00007dm1_D_C
12051,4,train,1.281389832496643,pdb_00008hgm_C_D
12052,4,train,0.008314809761941433,pdb_00007t10_S1_S2
12053,4,train,0.5490543842315674,pdb_00004odx_H_B
12054,4,train,0.21893569827079773,pdb_00008i0n_H_L
12055,4,train,0.02906954102218151,pdb_00009k3f_S1_S2
12056,4,train,0.6623008847236633,pdb_00007bbj_H_L
12057,4,train,0.009427424520254135,pdb_00008jxt_E1_E2
12058,4,train,0.35723885893821716,pdb_00005dhy_H_L
12059,4,train,0.9130468964576721,pdb_00007n0a_B_A
12060,4,train,0.638627290725708,pdb_00008u4s_F_E
12061,4,train,0.49855199456214905,pdb_00009cff_H_L
12062,4,train,1.1692044734954834,pdb_00007ean_H_L
12063,4,train,0.02085845172405243,pdb_00002fed_E_F
12064,4,train,0.6694998145103455,pdb_00004wv1_E_D
12065,4,train,0.9621167182922363,pdb_00004hg4_P_Q
12066,4,train,0.6861475110054016,pdb_00007zfb_C_D
12067,4,train,0.1180851012468338,pdb_00008j21_B1_B2
12068,4,train,0.03750062733888626,pdb_00008u9s_M2_M1
12069,4,train,0.5893654823303223,pdb_00009n4e_Q_P
12070,4,train,0.37382301688194275,pdb_00002r0l_H_L
12071,4,train,0.014716037549078465,pdb_00008u9s_N2_N1
12072,4,train,0.9292747378349304,pdb_00007l5j_Y_X
12073,4,train,0.16664819419384003,pdb_00001kir_B_A
12074,4,train,0.06923872232437134,pdb_00009ov4_J_K
12075,4,train,0.4042239785194397,pdb_00007mzj_F_E
12076,4,train,0.10373058170080185,pdb_00008vgj_H_G
12077,4,train,0.6870635747909546,pdb_00005wko_G_H
12078,4,train,0.7971201539039612,pdb_00007det_B1_B2
12079,4,train,0.00999034009873867,pdb_00007ys6_E1_E2
12080,4,train,0.799491822719574,pdb_00002vit_B_A
12081,4,train,0.0899764746427536,pdb_00009exa_F_E
12082,4,train,0.010108938440680504,pdb_00008jlr_S1_S2
12083,4,train,0.7545033693313599,pdb_00009npg_D_E
12084,4,train,0.6395966410636902,pdb_00009lsj_D1_E2
12085,4,train,0.059368882328271866,pdb_00007f2o_S1_S2
12086,4,train,0.03667736425995827,pdb_00009izd_S1_S2
12087,4,train,0.6864220499992371,pdb_00006n5e_E_D
12088,4,train,0.4041711091995239,pdb_00008y3h_I_J
12089,4,train,0.029783939942717552,pdb_00009jfy_S1_S2
12090,4,train,0.7735399603843689,pdb_00007chc_A_B
12091,4,train,0.6257339715957642,pdb_00007deu_B1_B2
12092,4,train,0.55821692943573,pdb_00007ws2_E_D
12093,4,train,0.6171101927757263,pdb_00006vgr_H_L
12094,4,train,0.5376046299934387,pdb_00008y3i_G_H
12095,4,train,0.6941929459571838,pdb_00008vsj_H_L
12096,4,train,0.68756103515625,pdb_00006h3u_I_M
12097,4,train,0.018779223784804344,pdb_00008i97_H1_H2
12098,4,train,0.8046882152557373,pdb_00007bsc_H_L
12099,4,train,0.023739302530884743,pdb_00006dde_E1_E2
12100,4,train,0.4794732630252838,pdb_00007rk2_C1_C2
12101,4,train,0.013330608606338501,pdb_00007tho_E_F
12102,4,train,0.4840056896209717,pdb_00007xik_H_L
12103,4,train,0.7133888006210327,pdb_00007t3d_O_Q
12104,4,train,0.7811053395271301,pdb_00008gpu_C_D
12105,4,train,0.7890523672103882,pdb_00006ek2_H1_H2
12106,4,train,0.02748871222138405,pdb_00008x16_H1_H2
12107,4,train,0.5612594485282898,pdb_00008cn9_L_K
12108,4,train,0.63287353515625,pdb_00007zfc_H_L
12109,4,train,0.7114336490631104,pdb_00007lfa_B_D
12110,4,train,0.7550162076950073,pdb_00007x3e_H_L
12111,4,train,0.01610790379345417,pdb_00007u0i_K1_K2
12112,4,train,0.9566817879676819,pdb_00003c09_C_B
12113,4,train,0.025234071537852287,pdb_00008k4n_E1_E2
12114,4,train,0.7158322930335999,pdb_00005ggt_H_L
12115,4,train,0.868973970413208,pdb_00006vc9_H_L
12116,4,train,0.6375477313995361,pdb_00007bsd_A_B
12117,4,train,0.010371312499046326,pdb_00009l79_S1_S2
12118,4,train,0.013842583633959293,pdb_00008hpt_H1_H2
12119,4,train,0.4820152521133423,pdb_00009mqa_I_M
12120,4,train,0.012860148213803768,pdb_00009kxs_H1_H2
12121,4,train,0.01621628925204277,pdb_00006vmk_l_k
12122,4,train,0.5799800157546997,pdb_00001dee_F_E
12123,4,train,0.7534685134887695,pdb_00008tbq_A_B
12124,4,train,0.4061463475227356,pdb_00007sk7_D_C
12125,4,train,0.20019930601119995,pdb_00007ejy_H_L
12126,4,train,0.016302047297358513,pdb_00007xbd_E1_E2
12127,4,train,0.016438964754343033,pdb_00007y67_S1_S2
12128,4,train,0.009445595555007458,pdb_00008k6m_S1_S2
12129,4,train,0.008722247555851936,pdb_00008gag_S1_S2
12130,4,train,1.3262548446655273,pdb_00006ddv_B_A
12131,4,train,0.012274818494915962,pdb_00009iyb_E1_E2
12132,4,train,0.3362368941307068,pdb_00008as0_N_M
12133,4,train,1.0919867753982544,pdb_00007y0w_A_B
12134,4,train,1.0410430431365967,pdb_00009ma7_D_E
12135,4,train,1.3311495780944824,pdb_00008kep_H_L
12136,4,train,0.019920922815799713,pdb_00008ij3_S1_S2
12137,4,train,0.4359952211380005,pdb_00007whz_H_L
12138,4,train,0.5331671237945557,pdb_00007ucq_I1_I2
12139,4,train,0.15227289497852325,pdb_00008vgi_K_L
12140,4,train,0.6476830244064331,pdb_00007fci_H_L
12141,4,train,0.343228816986084,pdb_00007kfv_F_G
12142,4,train,0.006774621084332466,pdb_00009vjf_E1_E2
12143,4,train,0.04051058739423752,pdb_00003fb8_A_B
12144,4,train,1.7220393419265747,pdb_00009lbw_H_L
12145,4,train,0.7057395577430725,pdb_00008cz8_A2_A1
12146,4,train,0.19770781695842743,pdb_00008jen_C_D
12147,4,train,0.8543316125869751,pdb_00006ejg_D2_D1
12148,4,train,0.019787868484854698,pdb_00007s8l_E1_E2
12149,4,train,0.7759649157524109,pdb_00003eoa_H_L
12150,4,train,0.6481342315673828,pdb_00009mif_H_L
12151,4,train,0.7145991921424866,pdb_00006t9d_AAA_BBB
12152,4,train,0.72865891456604,pdb_00009mtl_I_J
12153,4,train,0.8900606036186218,pdb_00008hrd_L_M
12154,4,train,0.0249955877661705,pdb_00007ezm_H1_H2
12155,4,train,0.5600799918174744,pdb_00008dn7_A_B
12156,4,train,0.03447563573718071,pdb_00008tzq_E1_E2
12157,4,train,0.014330876059830189,pdb_00009kvg_E1_E2
12158,4,train,0.5967356562614441,pdb_00001za3_B_A
12159,4,train,0.01151490118354559,pdb_00008xqp_S1_S2
12160,4,train,0.02748904749751091,pdb_00008wwl_E1_E2
12161,4,train,0.09040786325931549,pdb_00008jen_A_B
12162,4,train,1.012251377105713,pdb_00009e3l_K_L
12163,4,train,0.033096298575401306,pdb_00008j6i_H1_H2
12164,4,train,0.0056366147473454475,pdb_00007s8p_E1_E2
12165,4,train,0.8834326267242432,pdb_00008zre_h_l
12166,4,train,0.7341831922531128,pdb_00006hjp_G_H
12167,4,train,0.8481391668319702,pdb_00007c88_A_B
12168,4,train,0.012344318442046642,pdb_00007y1f_E1_E2
12169,4,train,0.749748706817627,pdb_00009mtf_I_J
12170,4,train,0.013965744525194168,pdb_00007vig_E1_E2
12171,4,train,0.49479275941848755,pdb_00007dpm_A_B
12172,4,train,0.8483290076255798,pdb_00007mzj_N_M
12173,4,train,0.6933801770210266,pdb_00008jin_P2_P1
12174,4,train,0.010955452919006348,pdb_00008dwg_E1_E2
12175,4,train,0.4918544292449951,pdb_00007rks_H_L
12176,4,train,0.014589519239962101,pdb_00007uk9_E_F
12177,4,train,0.03917849808931351,pdb_00004z7q_E_F
12178,4,train,0.5405901670455933,pdb_00002eks_B_A
12179,4,train,1.1982630491256714,pdb_00005d1z_D_C
12180,4,train,0.02258075773715973,pdb_00003det_C_D
12181,4,train,0.633486270904541,pdb_00007vyr_H_L
12182,4,train,0.5858747363090515,pdb_00007dq7_H_L
12183,4,train,0.4246518313884735,pdb_00004ma7_H_L
12184,4,train,0.5451479554176331,pdb_00009bt5_C_D
12185,4,train,0.023666344583034515,pdb_00008yuu_S1_S2
12186,4,train,0.024335743859410286,pdb_00008xgs_D1_D2
12187,4,train,1.0487425327301025,pdb_00004f37_F_K
12188,4,train,1.1068710088729858,pdb_00002vxq_H_L
12189,4,train,0.8816030025482178,pdb_00007q6c_H_L
12190,4,train,0.0499730221927166,pdb_00002ht3_C_D
12191,4,train,0.01637854613363743,pdb_00007vkt_E1_E2
12192,4,train,0.054606277495622635,pdb_00006x40_K_L
12193,4,train,0.03924053534865379,pdb_00009ipv_S1_S2
12194,4,train,0.7169651389122009,pdb_00007l7e_M_N
12195,4,train,1.0656545162200928,pdb_00006dfj_H_L
12196,4,train,0.007768680807203054,pdb_00008vvf_E1_E2
12197,4,train,0.16707630455493927,pdb_00004ioi_B_A
12198,4,train,0.49763786792755127,pdb_00005wko_A_B
12199,4,train,0.011758297681808472,pdb_00009lrs_E1_E2
12200,4,train,0.5688309073448181,pdb_00007bpk_C_D
12201,4,train,0.015937425196170807,pdb_00003ejy_E_F
12202,4,train,0.7056750059127808,pdb_00008f0h_H_L
12203,4,train,0.10685570538043976,pdb_00009oup_H_L
12204,4,train,0.26687437295913696,pdb_00001nbz_B_A
12205,4,train,0.3718103766441345,pdb_00008j7e_A_B
12206,4,train,0.9792383313179016,pdb_00007xj9_K_J
12207,4,train,0.44829586148262024,pdb_00008hn6_C_D
12208,4,train,0.5495579838752747,pdb_00009mla_I_L
12209,4,train,0.027437757700681686,pdb_00007k61_M2_M1
12210,4,train,0.007602174766361713,pdb_00008utd_D1_D2
12211,4,train,0.6971084475517273,pdb_00004oii_I_M
12212,4,train,0.40413808822631836,pdb_00007kf0_H_L
12213,4,train,0.23385655879974365,pdb_00001dzb_A1_A2
12214,4,train,0.5222201943397522,pdb_00007bbj_M_N
12215,4,train,0.9562996029853821,pdb_00007upb_B_E
12216,4,train,0.010704096406698227,pdb_00008zqe_S1_S2
12217,4,train,1.5005868673324585,pdb_00008ulj_H_L
12218,4,train,0.6175783276557922,pdb_00009ccs_C_B
12219,4,train,0.7147887945175171,pdb_00008q6j_D_C
12220,4,train,0.009946662001311779,pdb_00008xzf_S1_S2
12221,4,train,0.07154925912618637,pdb_00006adb_C_D
12222,4,train,0.5028398036956787,pdb_00007xsc_D_H
12223,4,train,0.6781138777732849,pdb_00007scn_J_K
12224,4,train,0.1506536900997162,pdb_00001dzb_B1_B2
12225,4,train,0.5108023881912231,pdb_00007ubs_I1_I2
12226,4,train,0.2997443675994873,pdb_00008dn6_C_D
12227,4,train,0.49958059191703796,pdb_00009bao_G_H
12228,4,train,0.047561291605234146,pdb_00007e33_E1_E2
12229,4,train,1.0139214992523193,pdb_00005lsp_H_L
12230,4,train,0.10552835464477539,pdb_00009ctu_F_E
12231,4,train,0.7367799282073975,pdb_00008ee8_H_L
12232,4,train,0.029257547110319138,pdb_00008iyw_H1_H2
12233,4,train,0.12989108264446259,pdb_00006zlr_BBB_CCC
12234,4,train,0.4399470388889313,pdb_00009lrf_H_L
12235,4,train,0.011119634844362736,pdb_00009iy8_S1_S2
12236,4,train,0.012638790532946587,pdb_00008dzr_E1_E2
12237,4,train,0.7709246873855591,pdb_00008yx9_G_I
12238,4,train,0.006842745468020439,pdb_00009v81_E1_E2
12239,4,train,0.41706883907318115,pdb_00009wsv_H_L
12240,4,train,0.8414550423622131,pdb_00004l5f_H_L
12241,4,train,0.4292823076248169,pdb_00009qub_F_E
12242,4,train,0.06709335744380951,pdb_00008sgo_J_I
12243,4,train,0.5567500591278076,pdb_00007l7e_E_F
12244,4,train,0.662533164024353,pdb_00007f0x_B1_B2
12245,4,train,0.08108968287706375,pdb_00009oum_H_L
12246,4,train,0.7844820618629456,pdb_00001n6q_H_L
12247,4,train,0.020410805940628052,pdb_00008iz4_E1_E2
12248,4,train,0.024076681584119797,pdb_00008rql_S1_S2
12249,4,train,0.043972842395305634,pdb_00003gb7_A_B
12250,4,train,0.8751591444015503,pdb_00006flc_H_L
12251,4,train,0.014276093803346157,pdb_00003ejy_C_D
12252,4,train,0.018037214875221252,pdb_00009le2_S1_S2
12253,4,train,2.1018779277801514,pdb_00004i3r_H_L
12254,4,train,1.0804837942123413,pdb_00007u9w_H1_H2
12255,4,train,0.6653048396110535,pdb_00009dn2_H_L
12256,4,train,0.011362775228917599,pdb_00007vv3_S1_S2
12257,4,train,0.01609944738447666,pdb_00008evi_M1_M2
12258,4,train,0.2897142469882965,pdb_00008w2e_D_C
12259,4,train,0.5350549221038818,pdb_00007l5j_W_L
12260,4,train,0.25017356872558594,pdb_00002eiz_B_A
12261,4,train,0.27242404222488403,pdb_00008ulf_H_L
12262,4,train,0.640297532081604,pdb_00004kxz_J_I
12263,4,train,0.515056312084198,pdb_00006wzl_A_B
12264,4,train,0.01582351326942444,pdb_00009k6l_S1_S2
12265,4,train,0.3509522080421448,pdb_00005kov_C1_C2
12266,4,train,0.5075464844703674,pdb_00005ugy_I_M
12267,4,train,0.021335488185286522,pdb_00008yn2_E1_E2
12268,4,train,0.03188425675034523,pdb_00007w6p_H1_H2
12269,4,train,0.011372639797627926,pdb_00006xox_E1_E2
12270,4,train,0.8186019062995911,pdb_00008bg1_J_K
12271,4,train,0.03871810808777809,pdb_00006vmk_H_G
12272,4,train,0.6869486570358276,pdb_00007rku_J_K
12273,4,train,0.8103963732719421,pdb_00005umi_A_B
12274,4,train,0.36594250798225403,pdb_00005yoy_H_E
12275,4,train,0.5922544002532959,pdb_00003h42_H_L
12276,4,train,0.5521513223648071,pdb_00006a4k_K_O
12277,4,train,0.7524754405021667,pdb_00003g6d_H_L
12278,4,train,0.41789743304252625,pdb_00007zlg_H_L
12279,4,train,0.018239235505461693,pdb_00007ej0_H1_H2
12280,4,train,0.5850948095321655,pdb_00006wtv_B_C
12281,4,train,1.0112584829330444,pdb_00009kvk_A_B
12282,4,train,0.01490324828773737,pdb_00009m54_S1_S2
12283,4,train,0.5285022258758545,pdb_00005wko_E_F
12284,4,train,0.8144831657409668,pdb_00006wno_E_F
12285,4,train,0.02096952684223652,pdb_00007xav_E1_E2
12286,4,train,0.1081303283572197,pdb_00005aaw_A1_A2
12287,4,train,0.43698135018348694,pdb_00009lrh_H_L
12288,4,train,0.5771650671958923,pdb_00006cyf_U_T
12289,4,train,0.024817293509840965,pdb_00006x40_J_I
12290,4,train,0.8921255469322205,pdb_00009j4c_H_L
12291,4,train,0.5230305790901184,pdb_00008hrd_Y_Z
12292,4,train,1.3114529848098755,pdb_00009ivj_H_L
12293,4,train,1.2659807205200195,pdb_00006q18_H_L
12294,4,train,0.026279164478182793,pdb_00008id3_S1_S2
12295,4,train,0.013243108987808228,pdb_00008j1a_S1_S2
12296,4,train,0.732367753982544,pdb_00003qwo_H_L
12297,4,train,0.02711932174861431,pdb_00008t3v_N1_N2
12298,4,train,0.6059420704841614,pdb_00008e2u_H_L
12299,4,train,0.4732087254524231,pdb_00004n90_D_E
12300,4,train,0.007023721467703581,pdb_00009oxb_D1_D2
12301,4,train,0.8772454857826233,pdb_00009mtk_H_L
12302,4,train,0.01267306599766016,pdb_00008zbi_F1_F2
12303,4,train,0.7568115592002869,pdb_00008rmy_E_F
12304,4,train,0.2261270135641098,pdb_00002qr0_B_A
12305,4,train,0.2268536239862442,pdb_000011oq_H_L
12306,4,train,0.48300930857658386,pdb_00008jkh_h_l
12307,4,train,1.125110387802124,pdb_00008ag1_H_L
12308,4,train,0.45220133662223816,pdb_00005wk3_W_V
12309,4,train,0.9675670266151428,pdb_00007t0w_O_P
12310,4,train,0.020734507590532303,pdb_00008gcp_E1_E2
12311,4,train,0.264034241437912,pdb_00008jel_F_G
12312,4,train,0.02888406068086624,pdb_00006x3x_K_L
12313,4,train,0.6418364644050598,pdb_00007v3g_I_M
12314,4,train,0.8289171457290649,pdb_00007s0x_C_D
12315,4,train,0.5891802310943604,pdb_00001fbi_H_L
12316,4,train,0.8433668613433838,pdb_00004hjj_H2_L2
12317,4,train,0.7526248097419739,pdb_00008rrn_H_L
12318,4,train,0.7745821475982666,pdb_00006u6u_H_L
12319,4,train,0.7073544859886169,pdb_00001p2c_E_D
12320,4,train,1.3748646974563599,pdb_00008s72_H_L
12321,4,train,0.7636522650718689,pdb_00009npg_K_J
12322,4,train,0.6550648212432861,pdb_00006n5d_E_F
12323,4,train,0.04771723970770836,pdb_00003t3m_H_L
12324,4,train,0.44447997212409973,pdb_00007yvm_C_A
12325,4,train,0.7461808919906616,pdb_00006ii9_H_L
12326,4,train,0.8591522574424744,pdb_00009oar_B_D
12327,4,train,1.152488112449646,pdb_00004ut6_H_L
12328,4,train,0.3831281065940857,pdb_00006wzm_C_D
12329,4,train,0.015100350603461266,pdb_00008syp_N1_N2
12330,4,train,0.017959732562303543,pdb_00008jso_S1_S2
12331,4,train,0.08396349847316742,pdb_00006e0c_M1_M2
12332,4,train,0.542145848274231,pdb_00009b82_H_L
12333,4,train,0.7855888605117798,pdb_00009mkn_S_T
12334,4,train,0.444329172372818,pdb_00002i9l_H_G
12335,4,train,0.6996359825134277,pdb_00008sit_H_L
12336,4,train,0.005526009015738964,pdb_00008uuj_D1_D2
12337,4,train,0.02878515236079693,pdb_00008wwn_E1_E2
12338,4,train,0.30089253187179565,pdb_00008wpy_H_L
12339,4,train,0.05895308032631874,pdb_00009oun_J_K
12340,4,train,0.4193975627422333,pdb_00008jkf_m_n
12341,4,train,0.03118041530251503,pdb_00002fee_I_L
12342,4,train,0.039939556270837784,pdb_00009drx_K_L
12343,4,train,0.8012022376060486,pdb_00006xy2_H_L
12344,4,train,0.010036380961537361,pdb_00008kfz_S1_S2
12345,4,train,0.49594035744667053,pdb_00003v4v_H_L
12346,4,train,0.45627743005752563,pdb_00009rio_H_L
12347,4,train,0.3838390111923218,pdb_00003nh7_I_M
12348,4,train,0.2095945030450821,pdb_00007ek0_H_L
12349,4,train,0.12982040643692017,pdb_00009zqc_J2_J1
12350,4,train,0.007946678437292576,pdb_00007vuz_S1_S2
12351,4,train,0.6430912017822266,pdb_00009lsi_C1_D2
12352,4,train,0.6484827995300293,pdb_00009iru_B_A
12353,4,train,0.008084575645625591,pdb_00007cvt_E_F
12354,4,train,0.882459819316864,pdb_00008hq7_H_L
12355,4,train,0.01944722980260849,pdb_00009wxm_D1_D2
12356,4,train,0.012410703115165234,pdb_00007scg_E1_E2
12357,4,train,0.010017266497015953,pdb_00009jh5_S1_S2
12358,4,train,0.78084397315979,pdb_00008tzw_H_L
12359,4,train,0.42899128794670105,pdb_00001mlc_B_A
12360,4,train,0.681416392326355,pdb_00001hys_D_C
12361,4,train,0.007573161274194717,pdb_00002ht4_C_D
12362,4,train,1.3283532857894897,pdb_00009ma7_B_C
12363,4,train,0.8990187048912048,pdb_00006xm2_D_C
12364,4,train,0.012927500531077385,pdb_00009kvi_E1_E2
12365,4,train,0.8036757111549377,pdb_00009y0e_A_B
12366,4,train,0.9647086262702942,pdb_00004khx_H_L
12367,4,train,0.5745857357978821,pdb_00009cpw_H_L
12368,4,train,0.5090579986572266,pdb_00007wrv_U_V
12369,4,train,0.11293397843837738,pdb_00009ge2_F1_F2
12370,4,train,1.199133038520813,pdb_00009y3x_H_L
12371,4,train,0.3217504024505615,pdb_00003v4v_M_N
12372,4,train,0.8904554843902588,pdb_00009lsi_D1_C2
12373,4,train,0.04091361165046692,pdb_00003hpl_A_B
12374,4,train,0.8220269083976746,pdb_00007qny_A_B
12375,4,train,0.017286183312535286,pdb_00007trs_H1_H2
12376,4,train,0.6313015222549438,pdb_00008eoo_F_K
12377,4,train,0.4819013774394989,pdb_00001z3g_H_L
12378,4,train,0.576866090297699,pdb_00009mtf_M_N
12379,4,train,0.012351215817034245,pdb_00008jhy_S1_S2
12380,4,train,0.22584755718708038,pdb_00003v4p_M_N
12381,4,train,0.46853262186050415,pdb_00009irs_S_T
12382,4,train,0.010010606609284878,pdb_00008xml_S1_S2
12383,4,train,0.6798543930053711,pdb_00009kze_H_L
12384,4,train,0.312278687953949,pdb_00007kfy_H_L
12385,4,train,0.9328723549842834,pdb_00006plk_H_L
12386,4,train,0.7713952660560608,pdb_00009lae_H_L
12387,4,train,0.4740959405899048,pdb_00008oz3_H_L
12388,4,train,0.6444153785705566,pdb_00001e6j_H_L
12389,4,train,0.4768736958503723,pdb_00001t03_H_L
12390,4,train,0.006855457555502653,pdb_00007dfl_C1_C2
12391,4,train,0.7291319966316223,pdb_00009c6y_A_B
12392,4,train,0.6179139614105225,pdb_00003c09_H_L
12393,4,train,0.4789089262485504,pdb_00007x63_H_L
12394,4,train,0.026325741782784462,pdb_00006adc_C_D
12395,4,train,0.0831286832690239,pdb_00008vgh_H_G
12396,4,train,0.6001032590866089,pdb_00007e3o_H_L
12397,4,train,0.009611536748707294,pdb_00008iu2_S1_S2
12398,4,train,0.9555701017379761,pdb_00005c0n_H_L
12399,4,train,0.6161636710166931,pdb_00006ywc_A_B
12400,4,train,0.02005896344780922,pdb_00009d4z_E1_E2
12401,4,train,0.03173258155584335,pdb_00009ko4_H1_H2
12402,4,train,0.569731593132019,pdb_00003vrl_H_L
12403,4,train,0.7096739411354065,pdb_00004v1d_D_E
12404,4,train,0.7608613967895508,pdb_00007yvl_A_C
12405,4,train,0.014015618711709976,pdb_00008xxu_E1_E2
12406,4,train,0.017604690045118332,pdb_00008gur_S1_S2
12407,4,train,0.4805854856967926,pdb_00005nh3_H_L
12408,4,train,0.02280706726014614,pdb_00007cvs_E_F
12409,4,train,0.5634934306144714,pdb_00007ycn_K_L
12410,4,train,0.6650383472442627,pdb_00004xrc_B_A
12411,4,train,0.5817532539367676,pdb_00003g6j_F_E
12412,4,train,0.506000280380249,pdb_00009q71_I_J
12413,4,train,0.05037571117281914,pdb_00003a67_H_L
12414,4,train,0.7571732997894287,pdb_00009ma0_B_C
12415,4,train,0.24604924023151398,pdb_00009me7_I_M
12416,4,train,0.4843839704990387,pdb_00007jmw_H_L
12417,4,train,0.0060700345784425735,pdb_00001ots_E_F
12418,4,train,0.008178997784852982,pdb_00007wyb_E1_E2
12419,4,train,0.3956059515476227,pdb_00001z3g_I_M
12420,4,train,0.5745686888694763,pdb_00008u4s_H_L
12421,4,train,0.9353296756744385,pdb_00005vig_H_L
12422,4,train,0.6963122487068176,pdb_00007m42_B_A
12423,4,train,0.8626790642738342,pdb_00009cu7_J_N
12424,4,train,0.5614717602729797,pdb_00009n4e_K_M
12425,4,train,0.6699015498161316,pdb_00007ua8_I1_I2
12426,4,train,1.011877179145813,pdb_00008dv6_C_L
12427,4,train,0.00897359661757946,pdb_00007ue0_E_F
12428,4,train,0.021493393927812576,pdb_00007wq3_S1_S2
12429,4,train,0.01789545640349388,pdb_00008si9_J_I
12430,4,train,0.7293649911880493,pdb_00002ybr_D_E
12431,4,train,0.7731522917747498,pdb_00003fmg_H_L
12432,4,train,0.21898534893989563,pdb_00004tnw_U_h
12433,4,train,0.49761027097702026,pdb_00006ii8_G_I
12434,4,train,0.4252293109893799,pdb_00008bcz_E_F
12435,4,train,0.010360406711697578,pdb_00009kfk_S1_S2
12436,4,train,1.0339792966842651,pdb_00009jub_B_C
12437,4,train,0.0059635522775352,pdb_00007uko_E_F
12438,4,train,0.6003254652023315,pdb_00007upb_C_F
12439,4,train,0.03603843227028847,pdb_00008uwl_E1_E2
12440,4,train,0.032165490090847015,pdb_00009p0l_F1_F2
12441,4,train,0.4017067551612854,pdb_00008qh0_H_L
12442,4,train,0.6163409948348999,pdb_00007ley_D_E
12443,4,train,0.2360912412405014,pdb_00007kfw_H_L
12444,4,train,0.5292133092880249,pdb_00008jqn_H_L
12445,4,train,0.05998237058520317,pdb_00009plo_S1_S2
12446,4,train,0.14366848766803741,pdb_00002qr0_F_E
12447,4,train,0.02228923887014389,pdb_00008xos_E1_E2
12448,4,train,0.07189039140939713,pdb_00006w0f_A_B
12449,4,train,0.029964692890644073,pdb_00007vif_E1_E2
12450,4,train,0.24178531765937805,pdb_00009zqc_I2_I1
12451,4,train,0.3939386308193207,pdb_00006p4b_H_L
12452,4,train,1.7370173931121826,pdb_00005dfw_H1_H2
12453,4,train,0.8995096683502197,pdb_00008siq_H_L
12454,4,train,0.5880215764045715,pdb_00005wko_K_L
12455,4,train,0.468690425157547,pdb_00008jkh_H_L
12456,4,train,0.038945674896240234,pdb_00006x3v_K_L
12457,4,train,0.6324970722198486,pdb_00007mmo_A_B
12458,4,train,0.08067546784877777,pdb_00008iec_N1_N2
12459,4,train,0.21610958874225616,pdb_00007wnb_H_L
12460,4,train,0.5226958990097046,pdb_00009ue8_I_J
12461,4,train,0.009319684468209743,pdb_00009kvh_E1_E2
12462,4,train,0.8366789817810059,pdb_00009e3h_H_L
12463,4,train,0.017113283276557922,pdb_00009vo1_E1_E2
12464,4,train,0.42657896876335144,pdb_00006z3p_H_L
12465,4,train,0.2085130661725998,pdb_00008smt_A_B
12466,4,train,0.309746652841568,pdb_00005yoy_P_M
12467,4,train,0.8124526143074036,pdb_00007dm1_F_E
12468,4,train,0.015257865190505981,pdb_00007vl8_S1_S2
12469,4,train,0.011468188837170601,pdb_00008yn7_E1_E2
12470,4,train,0.8555268049240112,pdb_00005d1z_B_A
12471,4,train,0.3147566318511963,pdb_00006txz_J_N
12472,4,train,0.3958126902580261,pdb_00008jqs_H_L
12473,4,train,0.7853696942329407,pdb_00009lf8_H_L
12474,4,train,0.42503735423088074,pdb_00001fbi_Q_P
12475,4,train,0.03176169842481613,pdb_00007xxh_H1_H2
12476,4,train,0.017302189022302628,pdb_00003t3m_E_F
12477,4,train,0.6800750494003296,pdb_00006ogx_H_L
12478,4,train,0.02421465702354908,pdb_00008xjn_E1_E2
12479,4,train,0.5637944936752319,pdb_00004hg4_N_O
12480,4,train,0.030908770859241486,pdb_00008xyk_S1_S2
12481,4,train,0.37407487630844116,pdb_00009bao_E_F
12482,4,train,0.027255158871412277,pdb_00002itd_A_B
12483,4,train,0.1254521906375885,pdb_00006yor_B_C
12484,4,train,0.028185594826936722,pdb_00008xyd_E1_E2
12485,4,train,1.0004768371582031,pdb_00001eo8_H_L
12486,4,train,0.874881386756897,pdb_00006mlm_F_G
12487,4,train,0.06320259720087051,pdb_00009nz3_F_E
12488,4,train,0.41832369565963745,pdb_00006ktr_A_B
12489,4,train,0.8930873870849609,pdb_00004lvh_H_I
12490,4,train,0.6994813084602356,pdb_00008hpf_H_L
12491,4,train,0.4185295104980469,pdb_00007xcp_H_L
12492,4,train,0.3199114501476288,pdb_00003fku_T1_T2
12493,4,train,0.010488644242286682,pdb_00001ott_E_F
12494,4,train,0.7191088795661926,pdb_00007zfb_A_B
12495,4,train,0.7016083598136902,pdb_00008dcc_H_L
12496,4,train,1.1056485176086426,pdb_00003mxw_H_L
12497,4,train,0.02285490743815899,pdb_00009ldw_S1_S2
12498,4,train,0.8167824745178223,pdb_00001oak_H_L
12499,4,train,0.7057290077209473,pdb_00008erq_H_L
12500,4,train,0.20478889346122742,pdb_00007zmk_S_T
12501,4,train,0.015617994591593742,pdb_00006x3t_K_L
12502,4,train,0.21194180846214294,pdb_00008wnp_B_A
12503,4,train,1.0501419305801392,pdb_00005ug0_D_C
12504,4,train,0.18316783010959625,pdb_00009zqb_J2_J1
12505,4,train,0.5931916832923889,pdb_00009ctw_D_C
12506,4,train,0.46721264719963074,pdb_00004ma8_H_L
12507,4,train,0.014870177954435349,pdb_00008k9l_H1_H2
12508,4,train,0.026717396453022957,pdb_00008j6l_H1_H2
12509,4,train,0.051224321126937866,pdb_00008jxw_E1_E2
12510,4,train,0.2584192454814911,pdb_00008wpw_H_L
12511,4,train,0.7323351502418518,pdb_00007si0_C_D
12512,4,train,0.44164350628852844,pdb_00009iz9_Q_R
12513,4,train,0.10128205269575119,pdb_00007mhx_A_B
12514,4,train,0.007710929028689861,pdb_00009d0a_E1_E2
12515,4,train,0.007251620292663574,pdb_00003ze1_E_F
12516,4,train,1.0352189540863037,pdb_00006xpz_E_F
12517,4,train,0.028664572164416313,pdb_00008j6q_S1_S2
12518,4,train,0.2232573926448822,pdb_00008pwh_B_A
12519,4,train,1.4496846199035645,pdb_00008r4n_H_L
12520,4,train,0.6114404201507568,pdb_00005w3m_E_G
12521,4,train,0.009860406629741192,pdb_00009ldv_S1_S2
12522,4,train,0.020712533965706825,pdb_00008ija_S1_S2
12523,4,train,0.02003186196088791,pdb_00008xjm_E1_E2
12524,4,train,0.01745886169373989,pdb_00003t3p_E_F
12525,4,train,0.5670583844184875,pdb_00008tx3_H_L
12526,4,train,0.0239933542907238,pdb_00008y02_S1_S2
12527,4,train,0.34227266907691956,pdb_00007srs_H_L
12528,4,train,0.014356574043631554,pdb_00009ite_E1_E2
12529,4,train,0.46328240633010864,pdb_00008too_G_F
12530,4,train,0.46822381019592285,pdb_00009l9o_B_C
12531,4,train,0.7714864611625671,pdb_00007x93_E_F
12532,4,train,1.6225568056106567,pdb_00001jrh_H_L
12533,4,train,0.3631768822669983,pdb_00007wbz_H_L
12534,4,train,0.5594106912612915,pdb_00008znz_G_H
12535,4,train,0.7603417038917542,pdb_00008w85_A_B
12536,4,train,0.7529231905937195,pdb_00009n8j_B_C
12537,4,train,0.023932205513119698,pdb_00008ubi_M2_M1
12538,4,train,0.023608118295669556,pdb_00007dw9_S1_S2
12539,4,train,0.8985450863838196,pdb_00007xrz_H_L
12540,4,train,0.748073160648346,pdb_00009oar_H_L
12541,4,train,0.9955607652664185,pdb_00007ykj_A_D
12542,4,train,0.08564655482769012,pdb_00004tnw_Y_g
12543,4,train,0.8117250204086304,pdb_00009o7g_C_D
12544,4,train,0.09963899850845337,pdb_00003or7_A_B
12545,4,train,0.014090343378484249,pdb_00009cm3_N1_N2
12546,4,train,0.4248355031013489,pdb_00009azr_H_L
12547,4,train,0.05511241778731346,pdb_00008uh3_E1_E2
12548,4,train,0.0722128227353096,pdb_00003ri5_J_M
12549,4,train,0.5195794701576233,pdb_00005w0k_H_L
12550,4,train,0.8517311811447144,pdb_00008i5i_H_L
12551,4,train,0.5313260555267334,pdb_00004odx_A_L
12552,4,train,0.3973052501678467,pdb_00009l6c_D_F
12553,4,train,0.23952293395996094,pdb_00003b2u_N_O
12554,4,train,0.012904309667646885,pdb_00009jmc_E1_E2
12555,4,train,0.007702352479100227,pdb_00008j18_S1_S2
12556,4,train,0.8753679394721985,pdb_00007whz_C_E
12557,4,train,0.010058116167783737,pdb_00009ego_S1_S2
12558,4,train,0.7199738025665283,pdb_00008hn7_B_A
12559,4,train,0.4016050100326538,pdb_00009cpu_F_G
12560,4,train,0.031109632924199104,pdb_00009jks_S1_S2
12561,4,train,0.8568574786186218,pdb_00007uvq_C_B
12562,4,train,0.27363669872283936,pdb_00003rif_I_O
12563,4,train,0.6556161046028137,pdb_00007wk0_A_B
12564,4,train,0.682426393032074,pdb_00005xmh_D_C
12565,4,train,0.026150885969400406,pdb_00009bsb_E1_E2
12566,4,train,0.38556674122810364,pdb_00004okv_C_D
12567,4,train,0.6551673412322998,pdb_00005jz7_C_D
12568,4,train,0.46631523966789246,pdb_00004gxu_O_P
12569,4,train,0.010232771746814251,pdb_00009bqj_E1_E2
12570,4,train,0.17211808264255524,pdb_00002qr0_T_S
12571,4,train,0.6832118630409241,pdb_00008uzp_H_L
12572,4,train,0.09495653957128525,pdb_00008vgj_K_L
12573,4,train,0.7214596271514893,pdb_00007y3o_H_L
12574,4,train,0.544421911239624,pdb_00007dpm_J_K
12575,4,train,0.3992091417312622,pdb_00009ue8_Q_R
12576,4,train,0.5445858836174011,pdb_00007ua8_H1_H2
12577,4,train,0.012184135615825653,pdb_00008iy5_E1_E2
12578,4,train,0.4026711583137512,pdb_00008jkh_M_N
12579,4,train,0.3797190189361572,pdb_00008dn6_E_F
12580,4,train,0.2052326500415802,pdb_00007zmk_P_Q
12581,4,train,0.02025437541306019,pdb_00007k63_N2_N1
12582,4,train,0.47703245282173157,pdb_00005xku_C_B
12583,4,train,0.008151105605065823,pdb_00009m8l_N1_N2
12584,4,train,0.0465613529086113,pdb_00006x3w_J_I
12585,4,train,0.41265490651130676,pdb_00008hn6_A_B
12586,4,train,0.012706544250249863,pdb_00008xgo_D1_D2
12587,4,train,0.006525528151541948,pdb_00008z7j_S1_S2
12588,4,train,0.5301353335380554,pdb_00008xse_M_N
12589,4,train,0.6360608339309692,pdb_00007kn3_M_N
12590,4,train,0.24853745102882385,pdb_00003v4p_H_L
12591,4,train,0.4905802309513092,pdb_00007keo_E_F
12592,4,train,0.7036608457565308,pdb_00004ffw_D_C
12593,4,train,0.417231023311615,pdb_00008ut2_L_K
12594,4,train,0.9847880601882935,pdb_00009zdu_H_L
12595,4,train,0.17713606357574463,pdb_00003b2u_T_U
12596,4,train,0.06987033039331436,pdb_00009zq9_I2_I1
12597,4,train,0.927793562412262,pdb_00009ml8_H_L
12598,4,train,0.5745537877082825,pdb_00002jix_F_A
12599,4,train,0.2837631106376648,pdb_00008txu_F_K
12600,4,train,0.018702160567045212,pdb_00007u0i_N1_N2
12601,4,train,0.006067280191928148,pdb_00008ubl_N2_N1
12602,4,train,0.8523492813110352,pdb_00008hrd_W_X
12603,4,train,0.8039565682411194,pdb_00007dm2_H_L
12604,4,train,0.022574247792363167,pdb_00009u4y_S1_S2
12605,4,train,0.161711648106575,pdb_00001ua6_H_L
12606,4,train,0.022504737600684166,pdb_00009f34_E1_E2
12607,4,train,0.1428869068622589,pdb_00007xk2_S1_S2
12608,4,train,0.008361563086509705,pdb_00008kfx_S1_S2
12609,4,train,0.011601794511079788,pdb_00006k5d_E_F
12610,4,train,0.02367520146071911,pdb_00007jhj_D1_D2
12611,4,train,1.1092380285263062,pdb_00009e3k_H_L
12612,4,train,0.4590388238430023,pdb_00006rp8_H_L
12613,4,train,0.017705237492918968,pdb_00007na8_N1_N2
12614,4,train,0.8137791156768799,pdb_00009atm_H_L
12615,4,train,0.4103848338127136,pdb_00004hg4_L_M
12616,4,train,0.1625007539987564,pdb_00004tnw_W_f
12617,4,train,0.00814320519566536,pdb_00006n4b_S1_S2
12618,4,train,0.08775753527879715,pdb_00003ri5_H_L
12619,4,train,0.016000663861632347,pdb_00007k5x_N2_N1
12620,4,train,0.030626041814684868,pdb_00007yfd_C1_C2
12621,4,train,0.5548660755157471,pdb_00008ebp_I_M
12622,4,train,0.25475987792015076,pdb_00003d9a_H_L
12623,4,train,0.535814106464386,pdb_00006z3q_H_L
12624,4,train,0.40462008118629456,pdb_00004hg4_V_W
12625,4,train,0.6756877899169922,pdb_00008f6x_E1_E2
12626,4,train,0.009177385829389095,pdb_00008feg_F1_F2
12627,4,train,0.00941704772412777,pdb_00009o36_E1_E2
12628,4,train,0.011709863319993019,pdb_00008xbh_S1_S2
12629,4,train,0.7574253678321838,pdb_00004am0_C_D
12630,4,train,0.006726542953401804,pdb_00007k61_N2_N1
12631,4,train,1.5282196998596191,pdb_00009o7i_D_C
12632,4,train,0.018965382128953934,pdb_00009jkv_S1_S2
12633,4,train,1.4275729656219482,pdb_00005anm_B_A
12634,4,train,0.6146420240402222,pdb_00005xmh_H_L
12635,4,train,0.06053544580936432,pdb_00006crk_H1_H2
12636,4,train,0.5317343473434448,pdb_00009cfh_H_L
12637,4,train,0.010565241798758507,pdb_00004fg6_C_D
12638,4,train,0.7217109799385071,pdb_00008dis_A_C
12639,4,train,0.5723685622215271,pdb_00007zfc_A_B
12640,4,train,0.746152937412262,pdb_00006ba5_D_C
12641,4,train,0.30504316091537476,pdb_00009ue8_M_N
12642,4,train,0.03840219974517822,pdb_00006wwz_S1_S2
12643,4,train,0.01715710759162903,pdb_00009k3h_S1_S2
12644,4,train,0.9408062100410461,pdb_00007tbf_H_L
12645,4,train,0.4885762631893158,pdb_00007u9e_B1_B2
12646,4,train,0.548167884349823,pdb_00009mtf_H_L
12647,4,train,0.02163924090564251,pdb_00008vqy_K_L
12648,4,train,1.0446851253509521,pdb_00008bcz_A_B
12649,4,train,0.9943732619285583,pdb_00009l07_H_L
12650,4,train,0.055559106171131134,pdb_00003f7v_A_B
12651,4,train,0.015190261416137218,pdb_00007vgx_S1_S2
12652,4,train,0.39368700981140137,pdb_00005w3e_E_G
12653,4,train,0.02068219520151615,pdb_00008hcq_E1_E2
12654,4,train,0.9420051574707031,pdb_00008bbo_H_L
12655,4,train,0.0062140231020748615,pdb_00008xqt_S1_S2
12656,4,train,0.7846657633781433,pdb_00006gff_L_K
12657,4,train,0.745073139667511,pdb_00006ml8_H_L
12658,4,train,0.049659084528684616,pdb_00009nz5_B_C
12659,4,train,0.3318161070346832,pdb_00007zfb_J_K
12660,4,train,0.044461965560913086,pdb_00007tct_H_L
12661,4,train,0.7129850387573242,pdb_00008gpy_E1_E2
12662,4,train,1.0186468362808228,pdb_00008fdo_A_B
12663,4,train,0.016436675563454628,pdb_00008spu_K1_K2
12664,4,train,0.5332087278366089,pdb_00001tqc_B_C
12665,4,train,0.7177191376686096,pdb_00007l0l_G_J
12666,4,train,1.0695514678955078,pdb_00008tpa_H_L
12667,4,train,0.7900242209434509,pdb_00009mtm_H_L
12668,4,train,0.6453657746315002,pdb_00007xrz_B_A
12669,4,train,0.7740097641944885,pdb_00009bdi_C_D
12670,4,train,0.010509168729186058,pdb_00007ydh_E1_E2
12671,4,train,0.01999756693840027,pdb_00008vy9_D1_D2
12672,4,train,0.14337918162345886,pdb_00005u5m_B_A
12673,4,train,0.9245261549949646,pdb_00008d9y_H_G
12674,4,train,0.9959098100662231,pdb_00009mth_M_N
12675,4,train,1.3431793451309204,pdb_00009xsx_B_C
12676,4,train,0.5224989056587219,pdb_00009n7q_D_F
12677,4,train,0.015234400518238544,pdb_00008si9_K_L
12678,4,train,0.007568194065243006,pdb_00007trq_H1_H2
12679,4,train,0.8571624159812927,pdb_00009qt3_N_O
12680,4,train,0.24769671261310577,pdb_00001nby_B_A
12681,4,train,0.47012650966644287,pdb_00008bg2_A1_A2
12682,4,train,0.04952085763216019,pdb_00009nz4_D_C
12683,4,train,0.3943049907684326,pdb_00008tft_I_M
12684,4,train,0.026880424469709396,pdb_00009kft_S1_S2
12685,4,train,0.5673104524612427,pdb_00008cxh_h_l
12686,4,train,0.24885530769824982,pdb_000011oo_H_L
12687,4,train,0.7899092435836792,pdb_00002ybr_A_B
12688,4,train,0.03618178889155388,pdb_00008thl_F1_F2
12689,4,train,0.4833300709724426,pdb_00001tzi_B_A
12690,4,train,0.013918142765760422,pdb_00007db6_E1_E2
12691,4,train,0.2554982304573059,pdb_00008jkf_h_l
12692,4,train,0.7419514060020447,pdb_00008smi_H_L
12693,4,train,0.014282165095210075,pdb_00002hlf_E_F
12694,4,train,0.7800371646881104,pdb_00005vqm_D_C
12695,4,train,0.7877073287963867,pdb_00008oxx_B_C
12696,4,train,0.5145800709724426,pdb_00008j1q_B_A
12697,4,train,0.8951423168182373,pdb_00008el2_H_L
12698,4,train,0.013921207748353481,pdb_00008jgb_S1_S2
12699,4,train,0.5176041126251221,pdb_00001yqv_H_L
12700,4,train,0.6455119252204895,pdb_00003u30_C_B
12701,4,train,0.11417777836322784,pdb_00006zlr_HHH_LLL
12702,4,train,0.5268904566764832,pdb_00009cq4_H_L
12703,4,train,0.9147691130638123,pdb_00003o2d_H_L
12704,4,train,0.255938857793808,pdb_00006xc4_X_Y
12705,4,train,0.5579917430877686,pdb_00007y7m_F_G
12706,4,train,0.014657773077487946,pdb_00009iza_S1_S2
12707,4,train,0.03581484779715538,pdb_00008thk_F1_F2
12708,4,train,0.010108781978487968,pdb_00008irt_E1_E2
12709,4,train,0.4860403537750244,pdb_00001tzh_B_A
12710,4,train,0.3677522838115692,pdb_00008hws_D_E
12711,4,train,0.9889529347419739,pdb_00003bsz_N_M
12712,4,train,0.36399105191230774,pdb_00009hh9_E_D
12713,4,train,0.9328327775001526,pdb_00007wph_H_L
12714,4,train,0.08553045243024826,pdb_00004hjg_B_A
12715,4,train,0.01822676509618759,pdb_00008j6d_H1_H2
12716,4,train,0.03613799810409546,pdb_00008evg_N1_N2
12717,4,train,0.8221022486686707,pdb_00006woz_K_L
12718,4,train,0.5374155044555664,pdb_00007bpk_H_L
12719,4,train,0.1306726336479187,pdb_00009ouq_H_L
12720,4,train,0.018030984327197075,pdb_00006pt0_E1_E2
12721,4,train,0.3866202235221863,pdb_00008caf_B_A
12722,4,train,0.03375372663140297,pdb_00002dqj_H_L
12723,4,train,0.02300313673913479,pdb_00008xzh_S1_S2
12724,4,train,0.022675281390547752,pdb_00009vmy_E1_E2
12725,4,train,0.028409425169229507,pdb_00004lcu_A_B
12726,4,train,0.7583452463150024,pdb_00009mkn_Q_R
12727,4,train,1.1582753658294678,pdb_00008g5b_J_N
12728,4,train,0.5405745506286621,pdb_00003dvg_B_A
12729,4,train,0.4846755564212799,pdb_00005wk3_S_R
12730,4,train,0.4528486430644989,pdb_00006j6y_E_F
12731,4,train,0.5798031091690063,pdb_00009cds_B_A
12732,4,train,0.04268665984272957,pdb_00006x3u_J_I
12733,4,train,0.8130343556404114,pdb_00008tpa_D_E
12734,4,train,0.7999724745750427,pdb_00007lq7_H_L
12735,4,train,0.009525101631879807,pdb_00007u9f_E_F
12736,4,train,0.8103870153427124,pdb_00007t0w_H_L
12737,4,train,0.05781440809369087,pdb_00008evh_M1_M2
12738,4,train,0.5076164603233337,pdb_00007eam_H_L
12739,4,train,0.4341365098953247,pdb_00007kmg_D_E
12740,4,train,0.3075697720050812,pdb_00008y3l_G_H
12741,4,train,0.7557945251464844,pdb_00007sd5_H_L
12742,4,train,0.6984736323356628,pdb_00008w83_I_J
12743,4,train,0.008402679115533829,pdb_00008eit_E1_E2
12744,4,train,0.005987967364490032,pdb_00007u0j_K1_K2
12745,4,train,0.09354658424854279,pdb_00009zqa_I2_I1
12746,4,train,0.24895110726356506,pdb_00006vvu_E_F
12747,4,train,0.5093761682510376,pdb_00009udq_F_A
12748,4,train,0.02977546863257885,pdb_00009ctu_D_C
12749,4,train,0.6749487519264221,pdb_00009lp1_A_B
12750,4,train,0.48814475536346436,pdb_00006p4b_B_A
12751,4,train,0.020800158381462097,pdb_00007wz4_S1_S2
12752,4,train,0.7047430276870728,pdb_00006hjp_I_J
12753,4,train,0.9119057059288025,pdb_00007lf7_A_B
12754,4,train,0.162820503115654,pdb_00007zmk_V_W
12755,4,train,0.39722543954849243,pdb_00005x8l_H_M
12756,4,train,0.13261961936950684,pdb_00008q6j_B_A
12757,4,train,0.7790184617042542,pdb_00008w5m_H_L
12758,4,train,0.6251853108406067,pdb_00004kht_H_L
12759,4,train,0.1255245804786682,pdb_00005aaw_F1_F2
12760,4,train,1.178829550743103,pdb_00007m3l_B_C
12761,4,train,0.6822689771652222,pdb_00009b2m_J_K
12762,4,train,0.03423817455768585,pdb_00008ubj_N2_N1
12763,4,train,0.6313441395759583,pdb_00009og1_B_C
12764,4,train,0.010523004457354546,pdb_00003nif_E_F
12765,4,train,0.6105437278747559,pdb_00006hxw_H_L
12766,4,train,0.4501975476741791,pdb_00009wsx_H_L
12767,4,train,0.6000307202339172,pdb_00003eoa_B_A
12768,4,train,0.09038596600294113,pdb_00006zlr_FFF_GGG
12769,4,train,0.013314029201865196,pdb_00006ada_E_F
12770,4,train,0.5091181397438049,pdb_00008zd5_B_C
12771,4,train,0.08703213930130005,pdb_00004tnw_J_M
12772,4,train,0.25007951259613037,pdb_00005yoy_R_O
12773,4,train,0.3445199131965637,pdb_00009hhr_L_H
12774,4,train,0.6088362336158752,pdb_00008v5v_b_d
12775,4,train,0.036276839673519135,pdb_00001k4d_A_B
12776,4,train,0.010128985159099102,pdb_00009w49_S1_S2
12777,4,train,1.085347056388855,pdb_00008p12_H_L
12778,4,train,0.39563170075416565,pdb_00007klg_I_M
12779,4,train,0.027192549780011177,pdb_00007k5y_M2_M1
12780,4,train,0.010214006528258324,pdb_00002h2p_E_F
12781,4,train,0.7867345213890076,pdb_00008dwy_X_W
12782,4,train,0.7033552527427673,pdb_00006mlm_E_I
12783,4,train,0.004828899633139372,pdb_00003ze2_H_L
12784,4,train,0.009388276375830173,pdb_00008jlj_S1_S2
12785,4,train,0.6350352168083191,pdb_00005jz7_G_I
12786,4,train,0.008434872142970562,pdb_00002vdr_H_L
12787,4,train,1.1162537336349487,pdb_00007xh8_B_C
12788,4,train,0.03217679634690285,pdb_000022es_E1_E2
12789,4,train,0.022190410643815994,pdb_00008yn9_E1_E2
12790,4,train,0.009618387557566166,pdb_00007exd_E1_E2
12791,4,train,0.666466474533081,pdb_00003wd5_H_L
12792,4,train,0.01195627823472023,pdb_00009iqt_E1_E2
12793,4,train,0.285754919052124,pdb_00007x1m_C_D
12794,4,train,0.785918653011322,pdb_00008e8r_H_L
12795,4,train,0.03223694860935211,pdb_00007uh8_E_F
12796,4,train,1.043996810913086,pdb_00008cz5_H_L
12797,4,train,0.4779421389102936,pdb_00005x8l_S_N
12798,4,train,0.025524595752358437,pdb_00006ad8_E_F
12799,4,train,0.631504476070404,pdb_00008zd6_E_F
12800,4,train,0.7079437375068665,pdb_00007sco_J_K
12801,4,train,0.01220454927533865,pdb_00009v0x_E1_E2
12802,4,train,0.7432634234428406,pdb_00008gy5_H_L
12803,4,train,0.7354445457458496,pdb_00008rrn_C_D
12804,4,train,0.006626230664551258,pdb_00007wu9_S1_S2
12805,4,train,0.011516976170241833,pdb_00007ejk_H1_H2
12806,4,train,0.6339719295501709,pdb_00009mkn_H_L
12807,4,train,0.008166396990418434,pdb_00008x2k_E1_E2
12808,4,train,0.37996628880500793,pdb_00007wsi_H_L
12809,4,train,0.595580518245697,pdb_00006d0u_H_I
12810,4,train,0.5290622115135193,pdb_00006iap_E_D
12811,4,train,0.4179795980453491,pdb_00007kmg_A_B
12812,4,train,0.04135482385754585,pdb_00009nz4_F_E
12813,4,train,0.39139288663864136,pdb_00007mem_I_K
12814,4,train,0.10412637889385223,pdb_00009our_H_L
12815,4,train,0.013364637270569801,pdb_00008xjk_E1_E2
12816,4,train,0.4806268811225891,pdb_00008vgm_E_F
12817,4,train,0.5264939665794373,pdb_00009b2m_E_F
12818,4,train,0.006199941970407963,pdb_00008fx5_H1_H2
12819,4,train,0.5038959383964539,pdb_00007d6i_B_C
12820,4,train,0.03367127850651741,pdb_00009jid_S1_S2
12821,4,train,0.009346242062747478,pdb_00008gus_S1_S2
12822,4,train,0.25019997358322144,pdb_00008as0_T_S
12823,4,train,0.7481722831726074,pdb_00009os5_I_L
12824,4,train,0.36165234446525574,pdb_00007jum_J1_J2
12825,4,train,0.27803125977516174,pdb_00006txz_K_O
12826,4,train,0.7246493101119995,pdb_00009ml8_M_N
12827,4,train,0.3757491111755371,pdb_00007xei_C_D
12828,4,train,0.02325543202459812,pdb_00008spu_N1_N2
12829,4,train,1.0336447954177856,pdb_00009cci_B_C
12830,4,train,0.06094643101096153,pdb_00003a6b_H_L
12831,4,train,0.6400995850563049,pdb_00008eed_E_F
12832,4,train,0.04370986670255661,pdb_00009izg_S1_S2
12833,4,train,0.7688080072402954,pdb_00006gv1_H_L
12834,4,train,0.4211721122264862,pdb_00003s37_H_L
12835,4,train,0.010718499310314655,pdb_00008h0p_E1_E2
12836,4,train,0.4877839982509613,pdb_00003dvn_B_A
12837,4,train,0.541259765625,pdb_00008v5v_c_e
12838,4,train,0.5771811008453369,pdb_00001bvk_E_D
12839,4,train,0.6466248631477356,pdb_00003klh_D_C
12840,4,train,0.8607066869735718,pdb_00006uig_H_L
12841,4,train,0.527564525604248,pdb_00005w3o_D_E
12842,4,train,0.21282045543193817,pdb_00007c01_H_L
12843,4,train,0.4706045687198639,pdb_00008jqn_h_l
12844,4,train,0.0978330746293068,pdb_00006z2m_H_L
12845,4,train,0.011776519939303398,pdb_00007w57_E1_E2
12846,4,train,0.739159345626831,pdb_00007l0l_I_K
12847,4,train,0.919007420539856,pdb_00006suz_H_L
12848,4,train,0.1118830218911171,pdb_00004tnw_H_L
12849,4,train,0.05849152058362961,pdb_00006vmk_M_L
12850,4,train,0.13265547156333923,pdb_00008ihj_S1_S2
12851,4,train,0.686343252658844,pdb_00006xq4_E_F
12852,4,train,0.5846522450447083,pdb_00006cyf_M_L
12853,4,train,0.550780177116394,pdb_00009pw4_C_D
12854,4,train,0.07916035503149033,pdb_00005u6a_B_A
12855,4,train,0.9344380497932434,pdb_00009t5z_H_L
12856,4,train,0.5775872468948364,pdb_00007xda_B_C
12857,4,train,0.4099304676055908,pdb_00008dwy_H_L
12858,4,train,0.7225016355514526,pdb_00007lg6_K_N
12859,4,train,0.031118430197238922,pdb_00008t3s_N1_N2
12860,4,train,0.014260204508900642,pdb_00009m8k_N1_N2
12861,4,train,0.5890285968780518,pdb_00004v1d_A_B
12862,4,train,0.5836272835731506,pdb_00007ttm_H_L
12863,4,train,0.009131680242717266,pdb_00007yk6_S1_S2
12864,4,train,0.03254085034132004,pdb_00008efb_E1_E2
12865,4,train,0.04022424295544624,pdb_00007vgs_D_C
12866,4,train,0.6116424798965454,pdb_00006k7o_H_L
12867,4,train,0.00920869130641222,pdb_00008jbg_E1_E2
12868,4,train,0.43231552839279175,pdb_00008ulf_J_N
12869,4,train,0.6186883449554443,pdb_00006ww5_C_D
12870,4,train,0.06721776723861694,pdb_00002dqe_H_L
12871,4,train,0.4677078127861023,pdb_00001mlc_D_C
12872,4,train,0.011125141754746437,pdb_00008ejc_E1_E2
12873,4,train,0.02036331221461296,pdb_00007vih_E1_E2
12874,4,train,0.0060939667746424675,pdb_00007wy0_C1_C2
12875,4,train,0.4643649160861969,pdb_00009n4f_H_L
12876,4,train,0.013816446997225285,pdb_00007kh0_S1_S2
12877,4,train,0.010729593224823475,pdb_00009oxa_D1_D2
12878,4,train,0.03361104428768158,pdb_00009cm7_N1_N2
12879,4,train,0.1583510786294937,pdb_00002qr0_R_Q
12880,4,train,1.2412391901016235,pdb_00008tnn_J_I
12881,4,train,0.0320318378508091,pdb_00008wwm_E1_E2
12882,4,train,0.5469527244567871,pdb_00008cn9_G_F
12883,4,train,1.2097736597061157,pdb_00008v2e_A_B
12884,4,train,0.5946586728096008,pdb_00008rmx_B_C
12885,4,train,0.266232967376709,pdb_00008i0n_I_M
12886,4,train,0.025895286351442337,pdb_00009izc_S1_S2
12887,4,train,0.5134283304214478,pdb_00001j5o_H_L
12888,4,train,0.02460450306534767,pdb_00008ubl_M2_M1
12889,4,train,0.6259204745292664,pdb_00001fsk_C_B
12890,4,train,0.772974967956543,pdb_00008ol9_B_A
12891,4,train,0.013114209286868572,pdb_00008sai_S1_S2
12892,4,train,0.8497999906539917,pdb_00008zre_H_L
12893,4,train,0.937277615070343,pdb_00009ma7_F_G
12894,4,train,0.1685708910226822,pdb_00007c01_C_D
12895,4,train,0.7366288304328918,pdb_00009f91_A_B
12896,4,train,0.5555865168571472,pdb_00006dkj_H_L
12897,4,train,0.009344012476503849,pdb_00007k63_M2_M1
12898,4,train,1.1670277118682861,pdb_00007ezv_H_L
12899,4,train,0.7564067840576172,pdb_00009jeb_A1_A2
12900,4,train,0.6185047626495361,pdb_00008xsj_H_L
12901,4,train,0.932092010974884,pdb_00004ki5_C_D
12902,4,train,0.6575562357902527,pdb_00007lq7_F_G
12903,4,train,0.2067425400018692,pdb_00007xeg_C_D
12904,4,train,0.2891283333301544,pdb_00006txz_H_L
12905,4,train,0.007857178337872028,pdb_00007s8m_E1_E2
12906,4,train,0.04192672297358513,pdb_00007tpd_E_F
12907,4,train,0.7910910248756409,pdb_00009mtg_M_N
12908,4,train,0.8182563781738281,pdb_00009yyu_H_L
12909,4,train,1.0718904733657837,pdb_00007uzd_H_L
12910,4,train,0.9440273642539978,pdb_00008vte_D_C
12911,4,train,0.03758566081523895,pdb_00008h8j_H1_H2
12912,4,train,0.5064346790313721,pdb_00004hg4_J_K
12913,4,train,0.76784348487854,pdb_00002w9e_H_L
12914,4,train,0.24524226784706116,pdb_00003ri5_I_O
12915,4,train,0.2470099776983261,pdb_00007t3d_K_N
12916,4,train,0.195534810423851,pdb_00008as2_H_L
12917,4,train,0.0038672848604619503,pdb_00007trk_H1_H2
12918,4,train,0.2889551818370819,pdb_00007kfv_H_L
12919,4,train,0.015046506188809872,pdb_00008jjp_S1_S2
12920,4,train,0.007639384362846613,pdb_00007w2z_S1_S2
12921,4,train,0.5861283540725708,pdb_00006wtu_B_C
12922,4,train,0.7191413640975952,pdb_00008bg1_G_H
12923,4,train,0.7340320348739624,pdb_00008u44_V_X
12924,4,train,0.7857876420021057,pdb_00009f90_A_B
12925,4,train,0.0960899293422699,pdb_00002qr0_N_M
12926,4,train,0.6441636681556702,pdb_00007f3q_C_B
12927,4,train,0.006324630230665207,pdb_00007t6v_E1_E2
12928,4,train,0.09001690149307251,pdb_00007m2j_A_B
12929,4,train,0.1295185387134552,pdb_00008vgi_J_I
12930,4,train,0.8725590705871582,pdb_00003lh2_K_O
12931,4,train,0.6225387454032898,pdb_00009h4r_H_L
12932,4,train,0.3409799635410309,pdb_00009jy3_R_Q
12933,4,train,0.9060524702072144,pdb_00004xhj_D_C
12934,4,train,0.024273859336972237,pdb_00008jsr_C1_C2
12935,4,train,0.3431268334388733,pdb_00008jkh_m_n
12936,4,train,0.7027385830879211,pdb_00008ezk_H1_H2
12937,4,train,0.3392052948474884,pdb_00004tsb_H_L
12938,4,train,0.40396204590797424,pdb_00001tpx_B_C
12939,4,train,0.720001757144928,pdb_00003bn9_F_E
12940,4,train,0.06130931153893471,pdb_00002fed_C_D
12941,4,train,0.02423723042011261,pdb_00008y73_E1_E2
12942,4,train,0.7776002287864685,pdb_00008tnn_H_G
12943,4,train,0.6598193049430847,pdb_00008dwx_Z_Y
12944,4,train,0.6393035650253296,pdb_00008jqm_M_N
12945,4,train,0.1789010614156723,pdb_00008elo_H_L
12946,4,train,0.019187578931450844,pdb_00006e0p_N1_N2
12947,4,train,1.0004159212112427,pdb_00008zpq_A_B
12948,4,train,0.037363387644290924,pdb_00002dqi_H_L
12949,4,train,1.1300220489501953,pdb_00008w5f_H_L
12950,4,train,0.005758441518992186,pdb_00008j19_S1_S2
12951,4,train,0.5808729529380798,pdb_00006wtu_K_L
12952,4,train,0.5935550332069397,pdb_00007rxl_C_D
12953,4,train,0.6366533637046814,pdb_00004np4_I_M
12954,4,train,0.02240091934800148,pdb_00008xxr_S1_S2
12955,4,train,0.026649892330169678,pdb_00002bob_A_B
12956,4,train,0.6240708827972412,pdb_00009n8j_F_G
12957,4,train,0.02052261307835579,pdb_00008xx6_S1_S2
12958,4,train,0.5125000476837158,pdb_00001jhl_H_L
12959,4,train,0.056609075516462326,pdb_00009jr2_S1_S2
12960,4,train,0.4526636302471161,pdb_00007sk8_D_C
12961,4,train,0.48332804441452026,pdb_00007sco_E_F
12962,4,train,0.5072837471961975,pdb_00008eoo_H_L
12963,4,train,0.34431856870651245,pdb_00009hh9_G_F
12964,4,train,0.43044930696487427,pdb_00007ws7_G_F
12965,4,train,0.07297749817371368,pdb_00006e0p_M1_M2
12966,4,train,0.00698406808078289,pdb_00003nig_E_F
12967,4,train,0.012940318323671818,pdb_00008z8b_S1_S2
12968,4,train,0.46561697125434875,pdb_00008y3h_G_H
12969,4,train,0.49796515703201294,pdb_00007ubs_H1_H2
12970,4,train,0.010625379160046577,pdb_00002ht3_E_F
12971,4,train,0.011858509853482246,pdb_00008y45_S1_S2
12972,4,train,0.3720458447933197,pdb_00006ban_H_G
12973,4,train,1.052988886833191,pdb_00002r56_I_M
12974,4,train,0.24349859356880188,pdb_00008f2j_D_F
12975,4,train,0.7691518664360046,pdb_00007t0z_H_L
12976,4,train,0.2248833179473877,pdb_00009cpw_C_D
12977,4,train,0.015020319260656834,pdb_00009vje_E1_E2
12978,4,train,0.02412845753133297,pdb_00007w53_E1_E2
12979,4,train,0.6627586483955383,pdb_00008hpu_H_L
12980,4,train,1.2620463371276855,pdb_00007rxp_H_L
12981,4,train,0.7006458640098572,pdb_00008xcd_H_L
12982,4,train,0.5677555799484253,pdb_00009vfu_E_F
12983,4,train,0.008818263188004494,pdb_00006omm_E1_E2
12984,4,train,0.6536459922790527,pdb_00006woz_E_F
12985,4,train,0.015960007905960083,pdb_00008sps_N1_N2
12986,4,train,1.2859008312225342,pdb_00008s72_X_Y
12987,4,train,0.009670987725257874,pdb_00008hsc_S1_S2
12988,4,train,0.5771283507347107,pdb_00007m7w_E_F
12989,4,train,0.04014971852302551,pdb_00004tnw_G_K
12990,4,train,0.583973228931427,pdb_00007rk1_C1_C2
12991,4,train,0.2983001172542572,pdb_00007zfe_F_G
12992,4,train,1.2172859907150269,pdb_00001osp_H_L
12993,4,train,0.47374531626701355,pdb_00007rk2_D1_D2
12994,4,train,1.113573431968689,pdb_00009e3k_J_K
12995,4,train,0.9831117987632751,pdb_00006s3d_E_F
12996,4,train,0.5575721859931946,pdb_00009huo_C_D
12997,4,train,0.35387668013572693,pdb_00007qnx_H_L
12998,4,train,0.11342563480138779,pdb_00002dqh_H_L
12999,4,train,0.04074808210134506,pdb_00008z65_S1_S2
13000,4,train,0.7114281058311462,pdb_00005h35_F_G
13001,4,train,0.027897587046027184,pdb_00008xxh_S1_S2
13002,4,train,0.21214835345745087,pdb_00007x1m_H_L
13003,4,train,0.030117854475975037,pdb_00008i7w_E1_E2
13004,4,train,0.01056124921888113,pdb_00007s8n_E1_E2
13005,4,train,1.001064419746399,pdb_00008k5g_H_L
13006,4,train,0.008063931949436665,pdb_00007euo_S1_S2
13007,4,train,0.15889766812324524,pdb_00008j24_G1_G2
13008,4,train,0.009083780460059643,pdb_00007y12_S1_S2
13009,4,train,0.6846370100975037,pdb_00001ors_B_A
13010,4,train,0.01732802949845791,pdb_00004fg6_E_F
13011,4,train,0.0077933669090271,pdb_00008hnl_S1_S2
13012,4,train,0.6371334195137024,pdb_00008f6x_F1_F2
13013,4,train,0.010125551372766495,pdb_00009le1_S1_S2
13014,4,train,0.6126684546470642,pdb_00007t87_H_L
13015,4,train,0.00766505254432559,pdb_00009ydv_E1_E2
13016,4,train,0.6737755537033081,pdb_00007w71_I_M
13017,4,train,0.9399074912071228,pdb_00007tp3_H_L
13018,4,train,0.03814515843987465,pdb_00009izh_S1_S2
13019,4,train,0.33693113923072815,pdb_00001xgu_B_A
13020,4,train,0.7082056999206543,pdb_00007ycn_H_I
13021,4,train,0.44434940814971924,pdb_00009n4f_M_N
13022,4,train,0.01801176369190216,pdb_00008y71_E1_E2
13023,4,train,0.008116495795547962,pdb_00007v68_S1_S2
13024,4,train,0.036562200635671616,pdb_00009j0i_S1_S2
13025,4,train,0.8709807395935059,pdb_00008da1_B_A
13026,4,train,0.018564587458968163,pdb_00009k07_E1_E2
13027,4,train,0.3618268370628357,pdb_00007kfx_H_L
13028,4,train,0.8890979290008545,pdb_00006ogx_C_D
13029,4,train,1.110843539237976,pdb_00008jin_B2_B1
13030,4,train,0.5877097845077515,pdb_00009os5_H_K
13031,4,train,0.6066951155662537,pdb_00001p2c_B_A
13032,4,train,0.044234756380319595,pdb_00008iw9_S1_S2
13033,4,train,0.008495035581290722,pdb_00009kpe_S1_S2
13034,4,train,0.06879298388957977,pdb_00009kt9_E1_E2
13035,4,train,0.29663679003715515,pdb_00008as0_E_D
13036,4,train,0.6969791054725647,pdb_00008sxp_H_L
13037,4,train,0.19122648239135742,pdb_00009jy1_P_O
13038,4,train,0.610903799533844,pdb_00009cpv_H_L
13039,4,train,0.5964899659156799,pdb_00009f91_E_F
13040,4,train,0.8031455278396606,pdb_00009mq9_J_N
13041,4,train,0.04449554532766342,pdb_00008evi_N1_N2
13042,4,train,0.4753095805644989,pdb_00002x7l_J_K
13043,4,train,0.006011836230754852,pdb_00002vdn_H_L
13044,4,train,0.015277943573892117,pdb_00007udh_E_F
13045,4,train,0.38847824931144714,pdb_00004hg4_X_Y
13046,4,train,0.07010318338871002,pdb_00007e32_E1_E2
13047,4,train,0.7945839166641235,pdb_00008suo_I_M
13048,4,train,0.03007754310965538,pdb_00008i7v_E1_E2
13049,4,train,0.02143128588795662,pdb_00008f7r_E1_E2
13050,4,train,0.7176946401596069,pdb_00003rif_F_N
13051,4,train,0.2741049528121948,pdb_00009cpu_H_L
13052,4,train,0.41554024815559387,pdb_00006pe9_E_F
13053,4,train,0.019700955599546432,pdb_00008x17_H1_H2
13054,4,train,0.022408565506339073,pdb_00007ts0_H1_H2
13055,4,train,0.017881864681839943,pdb_00007u0g_O1_O2
13056,4,train,0.6443081498146057,pdb_00007wvd_I_J
13057,4,train,0.01782911643385887,pdb_00002ht4_E_F
13058,4,train,0.01718617044389248,pdb_00008jxv_E1_E2
13059,4,train,0.7691521048545837,pdb_00002vis_B_A
13060,4,train,0.6301395297050476,pdb_00009lae_A_B
13061,4,train,0.10724898427724838,pdb_00008cwv_H_L
13062,4,train,0.8942539095878601,pdb_00006jod_H_L
13063,4,train,0.4634190797805786,pdb_00008zh7_B_C
13064,4,train,0.41565224528312683,pdb_00007cjf_A_B
13065,4,train,0.009859397076070309,pdb_00007ew2_S1_S2
13066,4,train,0.881292998790741,pdb_00005gs0_F_E
13067,4,train,0.8839423060417175,pdb_00006ocb_H_L
13068,4,train,0.3672122657299042,pdb_00007x66_H_L
13069,4,train,0.020479008555412292,pdb_00007w40_H1_H2
13070,4,train,1.0196703672409058,pdb_00006jep_H_L
13071,4,train,0.45315447449684143,pdb_00002yss_B_A
13072,4,train,0.9575313925743103,pdb_00007rr0_B_C
13073,4,train,0.42350149154663086,pdb_00009j9z_H_L
13074,4,train,0.01728886365890503,pdb_00008w8r_S1_S2
13075,4,train,0.3827919065952301,pdb_00008vgl_H_L
13076,4,train,0.00871945545077324,pdb_00007vuy_S1_S2
13077,4,train,0.01846345141530037,pdb_00003stz_A_B
13078,4,train,0.7193466424942017,pdb_00007c81_H_L
13079,4,train,0.5708383321762085,pdb_00005wko_I_J
13080,4,train,0.6155949234962463,pdb_00003eo1_H_G
13081,4,train,0.015447763726115227,pdb_00009jed_S1_S2
13082,4,train,0.019852586090564728,pdb_00002htk_C_D
13083,4,train,0.6940091252326965,pdb_00009ebc_G_H
13084,4,train,0.783659815788269,pdb_00007y3n_H_L
13085,4,train,1.6981562376022339,pdb_00006osh_H_L
13086,4,train,0.5995349287986755,pdb_00005x8m_B_C
13087,4,train,0.04412704333662987,pdb_00008elq_H_L
13088,4,train,0.32057270407676697,pdb_00008go8_H_L
13089,4,train,0.012024709023535252,pdb_00006k41_H1_H2
13090,4,train,0.4129432737827301,pdb_00009mqa_J_N
13091,4,train,0.8510198593139648,pdb_00009mic_H_L
13092,4,train,0.03862052783370018,pdb_00008vrn_K_L
13093,4,train,0.019243786111474037,pdb_00007rbt_E1_E2
13094,4,train,0.009775673970580101,pdb_00002vdp_H_L
13095,4,train,0.6133779287338257,pdb_00003v6z_A_B
13096,4,train,0.014157994650304317,pdb_00008hcx_E1_E2
13097,4,train,0.016404027119278908,pdb_00007u2l_E1_E2
13098,4,train,0.9710080623626709,pdb_00008r8k_H_L
13099,4,train,0.018002968281507492,pdb_00008z3q_S1_S2
13100,4,train,0.6037473678588867,pdb_00009mkn_J_N
13101,4,train,0.7952157855033875,pdb_00007x2w_H_L
13102,4,train,0.013700246810913086,pdb_00009v1h_E1_E2
13103,4,train,0.010831116698682308,pdb_00007v69_S1_S2
13104,4,train,0.013399235904216766,pdb_00006x3t_J_I
13105,4,train,0.015677373856306076,pdb_00008ef6_E1_E2
13106,4,train,0.012324810028076172,pdb_00008fn0_E1_E2
13107,4,train,0.7469760775566101,pdb_00007pry_H_L
13108,4,train,0.5719876289367676,pdb_00009lho_I_H
13109,4,train,0.007166385650634766,pdb_00007e9g_D1_D2
13110,4,train,0.8949882388114929,pdb_00005lsp_S_T
13111,4,train,0.6735108494758606,pdb_00007det_D1_D2
13112,4,train,0.6196361780166626,pdb_00008dwx_V_U
13113,4,train,0.33363065123558044,pdb_00008wo4_B_A
13114,4,train,0.27310529351234436,pdb_00008jkf_H_L
13115,4,train,0.714932918548584,pdb_00006ba5_B_A
13116,4,train,0.3989371955394745,pdb_00009wb3_B_C
13117,4,train,0.010483321733772755,pdb_00009ijd_D1_D2
13118,4,train,0.020139498636126518,pdb_00002htk_E_F
13119,4,train,1.2386130094528198,pdb_00003h3b_C2_C1
13120,4,train,0.006135178729891777,pdb_00002htl_C_D
13121,4,train,0.006841208320111036,pdb_00007t6b_E1_E2
13122,4,train,0.5188241600990295,pdb_00006k7o_D_E
13123,4,train,0.00822515320032835,pdb_00008ghv_S1_S2
13124,4,train,0.0171311404556036,pdb_00006dzt_M1_M2
13125,4,train,0.08315092325210571,pdb_00009ouo_J_K
13126,4,train,0.3169358968734741,pdb_00007kfw_C_D
13127,4,train,0.8442293405532837,pdb_00006t9e_AAA_BBB
13128,4,train,0.4198189973831177,pdb_00008zh7_H_I
13129,4,train,0.5159801840782166,pdb_00007l7e_O_P
13130,4,train,0.4999457597732544,pdb_00007lop_X_Y
13131,4,train,0.05404309555888176,pdb_00008ihb_S1_S2
13132,4,train,0.07499169558286667,pdb_00009nz5_F_E
13133,4,train,0.046908631920814514,pdb_00009jky_S1_S2
13134,4,train,0.6165988445281982,pdb_00009b82_R_Q
13135,4,train,0.692823588848114,pdb_00006oc3_A_B
13136,4,train,0.294308602809906,pdb_00001vfb_B_A
13137,4,train,0.6038999557495117,pdb_00006n5b_H_L
13138,4,train,0.4615895748138428,pdb_00008hq7_M_N
13139,4,train,0.25152352452278137,pdb_00003fku_Y1_Y2
13140,4,train,0.39004379510879517,pdb_00006ba5_H_G
13141,4,train,0.7480939030647278,pdb_00008gpu_F_G
13142,4,train,0.011481172405183315,pdb_00008hoc_S1_S2
13143,4,train,0.1094609722495079,pdb_00008zd1_S1_S2
13144,4,train,0.02051556669175625,pdb_00008j20_B1_B2
13145,4,train,0.06932782381772995,pdb_00009nz3_D_C
13146,4,train,0.5116676688194275,pdb_00007rk1_D1_D2
13147,4,train,1.2139091491699219,pdb_00006xq0_E_F
13148,4,train,0.6893550157546997,pdb_00009cct_C_B
13149,4,train,0.5783646702766418,pdb_00008dis_B_G
13150,4,train,0.7872554063796997,pdb_00007fcp_B_D
13151,4,train,0.9403564929962158,pdb_00009oap_H_L
13152,4,train,0.49335846304893494,pdb_00006n5d_L_N
13153,4,train,0.030129725113511086,pdb_00008ia8_S1_S2
13154,4,train,0.007236846722662449,pdb_00008vfx_N2_N1
13155,4,train,0.005475805141031742,pdb_00008jii_S1_S2
13156,4,train,0.04882672429084778,pdb_00008sgo_K_L
13157,4,train,0.022855624556541443,pdb_00008xxx_S1_S2
13158,4,train,0.0061253574676811695,pdb_00002exy_E_F
13159,4,train,0.00517759844660759,pdb_00008xqf_S1_S2
13160,4,train,0.007261650636792183,pdb_00008yh2_S1_S2
13161,4,train,0.40829917788505554,pdb_00004h88_H_L
13162,4,train,0.0052701919339597225,pdb_00008vfx_M2_M1
13163,4,train,0.038047127425670624,pdb_00006x3u_K_L
13164,4,train,0.021018391475081444,pdb_00008j6j_H1_H2
13165,4,train,1.2307374477386475,pdb_00008p5m_G_L
13166,4,train,0.059849150478839874,pdb_00009ns9_N1_N2
13167,4,train,0.006009617354720831,pdb_00008guq_S1_S2
13168,4,train,0.007514221593737602,pdb_00007l8p_E_F
13169,4,train,0.3046012818813324,pdb_00006n5d_C_D
13170,4,train,0.5626314878463745,pdb_00008oz3_A_B
13171,4,train,0.3937545716762543,pdb_00007kmh_A_B
13172,4,train,0.5431061387062073,pdb_00001bvk_B_A
13173,4,train,0.008238544687628746,pdb_00003zdz_E_F
13174,4,train,0.15291588008403778,pdb_00003fku_Z1_Z2
13175,4,train,1.108077883720398,pdb_00006bpc_B_C
13176,4,train,0.20474004745483398,pdb_00007xei_E_F
13177,4,train,0.4744264483451843,pdb_00007rxl_H_L
13178,4,train,0.6677232980728149,pdb_00004dkf_I_M
13179,4,train,0.5224292278289795,pdb_00006ii4_E_F
13180,4,train,0.0036533682141453028,pdb_00007w3z_H1_H2
13180,4,train_epoch,0.4333481446969533,
13180,4,validation,0.9538900127465074,
13181,5,train,0.9528655409812927,pdb_00009y41_H_L
13182,5,train,0.5599073767662048,pdb_00009ctw_D_C
13183,5,train,0.48011481761932373,pdb_00007lq7_F_G
13184,5,train,0.050692684948444366,pdb_00009ipv_S1_S2
13185,5,train,0.5453831553459167,pdb_00007dk2_D_E
13186,5,train,0.022293314337730408,pdb_00003fb6_A_B
13187,5,train,0.3820290267467499,pdb_00007rxl_H_L
13188,5,train,0.5907210111618042,pdb_00007f3q_C_B
13189,5,train,0.9682492017745972,pdb_00009ma7_D_E
13190,5,train,0.8590518832206726,pdb_00007ykj_A_D
13191,5,train,0.4615209400653839,pdb_00007ws7_G_F
13192,5,train,0.9011865258216858,pdb_00008khd_H_J
13193,5,train,0.6871758699417114,pdb_00003fmg_H_L
13194,5,train,0.10003159940242767,pdb_00006w0f_A_B
13195,5,train,0.8121684789657593,pdb_00009c0v_H_L
13196,5,train,0.647454559803009,pdb_00008pwh_D_C
13197,5,train,0.011208020150661469,pdb_00002fed_E_F
13198,5,train,0.2767886817455292,pdb_00008zh7_K_L
13199,5,train,0.9171172976493835,pdb_00007kqh_C_D
13200,5,train,0.501208484172821,pdb_00002fjh_B_A
13201,5,train,0.02942522056400776,pdb_00007dw9_S1_S2
13202,5,train,0.6367025971412659,pdb_00008jio_C_B
13203,5,train,1.0610634088516235,pdb_00006oel_H_L
13204,5,train,0.5438757538795471,pdb_00007pry_H_L
13205,5,train,0.9963473081588745,pdb_00006xq0_B_C
13206,5,train,0.1600881814956665,pdb_00008jkf_H_L
13207,5,train,0.03876255825161934,pdb_00008si9_J_I
13208,5,train,0.4545367956161499,pdb_00009udq_F_A
13209,5,train,0.013561947271227837,pdb_00003ejy_E_F
13210,5,train,0.09610000252723694,pdb_00008vgi_K_L
13211,5,train,0.4127679169178009,pdb_00001tqc_B_C
13212,5,train,0.07250562310218811,pdb_00006vmk_H_G
13213,5,train,0.5197820663452148,pdb_00008u44_V_X
13214,5,train,0.02059800550341606,pdb_00009p0m_F1_F2
13215,5,train,0.016457971185445786,pdb_00007ydh_E1_E2
13216,5,train,0.3798745572566986,pdb_00008y3h_I_J
13217,5,train,0.406934529542923,pdb_00001fdl_H_L
13218,5,train,0.5092607140541077,pdb_00009n8j_H_I
13219,5,train,0.313306987285614,pdb_00008bcz_C_D
13220,5,train,0.49622389674186707,pdb_00007cdj_H_L
13221,5,train,0.005610567517578602,pdb_00008x2k_E1_E2
13222,5,train,0.321916401386261,pdb_00007x2k_H_L
13223,5,train,0.03253307193517685,pdb_00009p0k_F1_F2
13224,5,train,0.5284311175346375,pdb_00006wtv_E_F
13225,5,train,0.26315179467201233,pdb_00008y3k_G_H
13226,5,train,0.010139117017388344,pdb_00009m2f_S1_S2
13227,5,train,0.807123601436615,pdb_00007fcp_H_L
13228,5,train,0.056481484323740005,pdb_00006e0c_M1_M2
13229,5,train,0.0483776330947876,pdb_00006bah_B_A
13230,5,train,0.06965846568346024,pdb_00006b9y_B_A
13231,5,train,0.004613641183823347,pdb_00002ht2_C_D
13232,5,train,0.011534296907484531,pdb_00002vdo_H_L
13233,5,train,0.5791229009628296,pdb_00007rku_J_K
13234,5,train,0.0061079366132617,pdb_00007aue_S1_S2
13235,5,train,0.5661161541938782,pdb_00009ebc_I_J
13236,5,train,1.0332099199295044,pdb_00004ubd_G_H
13237,5,train,0.0273039061576128,pdb_00009m1o_S1_S2
13238,5,train,0.4264615476131439,pdb_00008cn9_B_A
13239,5,train,0.009448478929698467,pdb_00007yj4_S1_S2
13240,5,train,0.69191575050354,pdb_00007x6o_J_L
13241,5,train,0.4225829839706421,pdb_00006ii4_E_F
13242,5,train,0.5584550499916077,pdb_00004n90_F_G
13243,5,train,0.5873233675956726,pdb_00007xda_D_E
13244,5,train,0.4092947840690613,pdb_00009b82_N_M
13245,5,train,0.41807329654693604,pdb_00008dwy_H_L
13246,5,train,0.5367048978805542,pdb_00007d85_B_C
13247,5,train,0.010908409021794796,pdb_00008ia7_E1_E2
13248,5,train,0.0027573928236961365,pdb_00007uh8_E_F
13249,5,train,0.7821527719497681,pdb_00009y0e_A_B
13250,5,train,0.029476402327418327,pdb_00007xms_S1_S2
13251,5,train,0.41884514689445496,pdb_00009mkn_I_M
13252,5,train,0.41723042726516724,pdb_00007xj9_G_F
13253,5,train,0.35332372784614563,pdb_00009q71_I_J
13254,5,train,0.5813185572624207,pdb_00004hj0_C_D
13255,5,train,0.517038106918335,pdb_00007ley_H_I
13256,5,train,0.5185691714286804,pdb_00009b2m_H_L
13257,5,train,0.029560890048742294,pdb_00008rql_S1_S2
13258,5,train,0.019136905670166016,pdb_00008dd3_J_I
13259,5,train,0.2288070023059845,pdb_00008i0n_H_L
13260,5,train,0.009198958985507488,pdb_00006os9_D1_D2
13261,5,train,0.6906819939613342,pdb_00002ybr_G_H
13262,5,train,0.4145299196243286,pdb_00007ubs_J1_J2
13263,5,train,0.2933152914047241,pdb_00008jel_I_K
13264,5,train,0.29486873745918274,pdb_00004n90_D_E
13265,5,train,0.010975084267556667,pdb_00008gur_S1_S2
13266,5,train,0.4558642506599426,pdb_00007rks_I_M
13267,5,train,1.793709397315979,pdb_00008c7h_L_K
13268,5,train,0.05069560557603836,pdb_00009ouo_H_L
13269,5,train,0.3555867373943329,pdb_00004odx_A_L
13270,5,train,0.220734104514122,pdb_00008wpy_H_L
13271,5,train,0.01315889973193407,pdb_00007p00_H1_H2
13272,5,train,0.7478750348091125,pdb_00003qum_K_M
13273,5,train,0.030599357560276985,pdb_00009xhh_D1_D2
13274,5,train,0.8173524141311646,pdb_00007cqd_I_M
13275,5,train,0.7949451804161072,pdb_00008e8r_H_L
13276,5,train,0.8327332735061646,pdb_00006wm9_E_F
13277,5,train,0.00887893047183752,pdb_00008yn9_E1_E2
13278,5,train,0.07799962162971497,pdb_00009nz4_F_E
13279,5,train,0.02481476031243801,pdb_00008uwl_E1_E2
13280,5,train,0.34404078125953674,pdb_00007klh_I_M
13281,5,train,0.5652993321418762,pdb_00006ywc_D_E
13282,5,train,0.4252091646194458,pdb_00009b82_R_Q
13283,5,train,0.9170246124267578,pdb_00008jin_B2_B1
13284,5,train,0.07122714817523956,pdb_00007e32_E1_E2
13285,5,train,0.10828035324811935,pdb_00008z65_S1_S2
13286,5,train,0.2138633280992508,pdb_00007xei_E_F
13287,5,train,0.005590040702372789,pdb_00008dk5_N1_N2
13288,5,train,0.03894155099987984,pdb_00008xgu_S1_S2
13289,5,train,0.3538465201854706,pdb_00007xj9_I_H
13290,5,train,0.5015567541122437,pdb_00008jqm_M_N
13291,5,train,0.01868305914103985,pdb_00009m8l_N1_N2
13292,5,train,0.9701215028762817,pdb_00009kve_A_B
13293,5,train,0.012367972172796726,pdb_00007x10_E1_E2
13294,5,train,0.9419810175895691,pdb_00007e9b_H_L
13295,5,train,0.019719768315553665,pdb_00008guq_S1_S2
13296,5,train,0.36115333437919617,pdb_00007ubs_H1_H2
13297,5,train,0.026355953887104988,pdb_00008xyk_S1_S2
13298,5,train,0.007552048657089472,pdb_00007uk9_E_F
13299,5,train,0.015803027898073196,pdb_00007vug_S1_S2
13300,5,train,0.4418163001537323,pdb_00009huo_C_D
13301,5,train,0.022966576740145683,pdb_00008x8l_E1_E2
13302,5,train,0.015831947326660156,pdb_00008fx5_H1_H2
13303,5,train,0.03221943601965904,pdb_00009jed_S1_S2
13304,5,train,0.5380533933639526,pdb_00008hpf_H_L
13305,5,train,0.12158667296171188,pdb_00006b3s_H_L
13306,5,train,0.01016180869191885,pdb_00003t3m_E_F
13307,5,train,0.3979143798351288,pdb_00006ba5_B_A
13308,5,train,1.1022045612335205,pdb_00007n4j_H_L
13309,5,train,0.007411540951579809,pdb_00008iy5_E1_E2
13310,5,train,0.05614255741238594,pdb_00009our_H_L
13311,5,train,0.04247520864009857,pdb_00008id9_S1_S2
13312,5,train,0.02102556824684143,pdb_00009axf_H1_H2
13313,5,train,0.029251286759972572,pdb_00008w8b_E1_E2
13314,5,train,0.01709907315671444,pdb_00008xx6_S1_S2
13315,5,train,0.4864640533924103,pdb_00009ixa_H_L
13316,5,train,0.007068738806992769,pdb_00009le1_S1_S2
13317,5,train,0.057010818272829056,pdb_00009ctu_F_E
13318,5,train,0.6988348364830017,pdb_00007kyo_H_L
13319,5,train,0.5197185277938843,pdb_00007l7e_C_D
13320,5,train,0.23305585980415344,pdb_00008jen_A_B
13321,5,train,0.781541109085083,pdb_00008f6o_A_B
13322,5,train,0.022708654403686523,pdb_00008y72_E1_E2
13323,5,train,0.01620936021208763,pdb_00008hcx_E1_E2
13324,5,train,0.4901292324066162,pdb_00008u44_U_W
13325,5,train,0.013453549705445766,pdb_00009k27_D1_D2
13326,5,train,0.0169067345559597,pdb_00008z8b_S1_S2
13327,5,train,0.07674286514520645,pdb_00003b2u_J_K
13328,5,train,0.010650785639882088,pdb_00006x3x_J_I
13329,5,train,0.6339845061302185,pdb_00008u4s_B_A
13330,5,train,0.07955146580934525,pdb_00008zbe_E1_E2
13331,5,train,0.5328830480575562,pdb_00001fsk_I_H
13332,5,train,0.02056269347667694,pdb_00008ija_S1_S2
13333,5,train,0.42747941613197327,pdb_00005bo1_I_M
13334,5,train,0.4975905418395996,pdb_00008too_D_C
13335,5,train,1.1418449878692627,pdb_00009kve_D_F
13336,5,train,0.007018566131591797,pdb_00009drx_J_I
13337,5,train,0.35875773429870605,pdb_00007nx8_H_L
13338,5,train,0.69129478931427,pdb_00007xrz_B_A
13339,5,train,0.017903028056025505,pdb_00008fn0_E1_E2
13340,5,train,0.6595261096954346,pdb_00007det_D1_D2
13341,5,train,0.22647927701473236,pdb_00007kfv_H_L
13342,5,train,1.051958680152893,pdb_00006uyn_H_L
13343,5,train,0.24001988768577576,pdb_000011oo_H_L
13344,5,train,0.021771203726530075,pdb_00007xa3_E1_E2
13345,5,train,0.4002237021923065,pdb_00009h4r_X_Y
13346,5,train,0.017953062430024147,pdb_00008k6n_S1_S2
13347,5,train,0.013939490541815758,pdb_00007ew0_E1_E2
13348,5,train,0.021280920132994652,pdb_00008yn2_E1_E2
13349,5,train,0.5942093133926392,pdb_00006t9d_AAA_BBB
13350,5,train,0.011575066484510899,pdb_00009o36_E1_E2
13351,5,train,0.017064189538359642,pdb_00007u0g_O1_O2
13352,5,train,0.022116029635071754,pdb_00009kfj_S1_S2
13353,5,train,0.5633389353752136,pdb_00006xq4_E_F
13354,5,train,0.051697276532649994,pdb_00003b2u_C_D
13355,5,train,0.6806132197380066,pdb_00009bdi_C_D
13356,5,train,0.716877281665802,pdb_00009leo_C_D
13357,5,train,0.01113959588110447,pdb_00007trk_H1_H2
13358,5,train,0.7667394280433655,pdb_00004d9r_H_L
13359,5,train,1.1764494180679321,pdb_00009bhh_T_S
13360,5,train,0.45924070477485657,pdb_00004ttd_C_D
13361,5,train,0.40551328659057617,pdb_00007l7e_O_P
13362,5,train,0.36092162132263184,pdb_00007cho_H_L
13363,5,train,0.7690038681030273,pdb_00009o7g_C_D
13364,5,train,0.0062457723543047905,pdb_00002ht3_E_F
13365,5,train,0.5675455927848816,pdb_00003wkm_I_M
13366,5,train,0.3346496522426605,pdb_00008zh7_B_C
13367,5,train,0.5667611956596375,pdb_00005x8l_G_L
13368,5,train,0.014511150307953358,pdb_00007vgy_E1_E2
13369,5,train,0.4157671630382538,pdb_00008hq7_H_L
13370,5,train,0.4997676610946655,pdb_00006n5b_H_L
13371,5,train,1.385058879852295,pdb_00009vnp_C_A
13372,5,train,0.034568801522254944,pdb_00008j6d_H1_H2
13373,5,train,0.9868965744972229,pdb_00004fqj_H_L
13374,5,train,0.018735947087407112,pdb_00008j6p_S1_S2
13375,5,train,0.5889930129051208,pdb_00008ee8_D_C
13376,5,train,1.1012380123138428,pdb_00008v2e_D_E
13377,5,train,0.40199971199035645,pdb_00009n4f_O_P
13378,5,train,0.04526054114103317,pdb_00009ov4_H_L
13379,5,train,0.13472750782966614,pdb_00006x40_K_L
13380,5,train,0.3030000925064087,pdb_00009u5q_B_C
13381,5,train,0.44945377111434937,pdb_00004m62_I_M
13382,5,train,0.25621119141578674,pdb_00006w41_H_L
13383,5,train,0.49365097284317017,pdb_00008zd5_H_I
13384,5,train,1.0306849479675293,pdb_00009e3l_I_J
13385,5,train,0.013828274793922901,pdb_00007t10_S1_S2
13386,5,train,0.6119166016578674,pdb_00008eed_H_L
13387,5,train,0.1916663646697998,pdb_00007kfv_F_G
13388,5,train,0.023108353838324547,pdb_00008iw9_S1_S2
13389,5,train,0.7868463397026062,pdb_00008w86_E_F
13390,5,train,0.015135361813008785,pdb_00008wwm_E1_E2
13391,5,train,0.6241501569747925,pdb_00006d0u_C_D
13392,5,train,0.23885968327522278,pdb_00009ge3_F1_F2
13393,5,train,0.6326451301574707,pdb_00007cqd_H_L
13394,5,train,0.03245289623737335,pdb_00007tho_E_F
13395,5,train,0.2988797724246979,pdb_00004ma8_H_L
13396,5,train,0.8519457578659058,pdb_00007c88_A_B
13397,5,train,0.02666885405778885,pdb_00008efo_E1_E2
13398,5,train,0.3825428783893585,pdb_00003s37_H_L
13399,5,train,0.008924499154090881,pdb_00009uam_E1_E2
13400,5,train,0.6482377648353577,pdb_00008dcc_H_L
13401,5,train,0.016499368473887444,pdb_00008yuu_S1_S2
13402,5,train,0.024902617558836937,pdb_00007s8m_E1_E2
13403,5,train,0.6947832107543945,pdb_00005xmh_H_L
13404,5,train,0.757790744304657,pdb_00007x3e_H_L
13405,5,train,0.6236342787742615,pdb_00006woz_B_C
13406,5,train,0.8353473544120789,pdb_00005ggs_A_B
13407,5,train,0.06784988939762115,pdb_00009nz5_B_C
13408,5,train,0.6812776923179626,pdb_00006iap_H_L
13409,5,train,0.472420871257782,pdb_00007rk1_C1_C2
13410,5,train,0.3393611013889313,pdb_00007wsi_H_L
13411,5,train,0.15316663682460785,pdb_00001ic7_H_L
13412,5,train,0.012085597962141037,pdb_00007vfx_S1_S2
13413,5,train,0.1937534064054489,pdb_00005aaw_A1_A2
13414,5,train,0.4476263225078583,pdb_00009b2m_E_F
13415,5,train,0.10082007199525833,pdb_00008vgj_F_E
13416,5,train,0.1346738338470459,pdb_00002qr0_L_K
13417,5,train,0.44220811128616333,pdb_00007ley_D_E
13418,5,train,0.0878678411245346,pdb_00008vgk_J_I
13419,5,train,0.02176131121814251,pdb_00008xxh_S1_S2
13420,5,train,0.018440784886479378,pdb_00002htk_E_F
13421,5,train,0.4772844910621643,pdb_00001fj1_D_C
13422,5,train,0.7648512721061707,pdb_00009mtg_H_L
13423,5,train,0.0086258165538311,pdb_00007v68_S1_S2
13424,5,train,0.4681988060474396,pdb_00003eo1_B_A
13425,5,train,0.007385494653135538,pdb_00007ys6_E1_E2
13426,5,train,0.6334905028343201,pdb_00008yub_D_E
13427,5,train,1.0280208587646484,pdb_00006wmw_H_L
13428,5,train,0.18539057672023773,pdb_00006b9z_B_A
13429,5,train,0.46942028403282166,pdb_00007eam_C_D
13430,5,train,0.4054640531539917,pdb_00007lop_H_L
13431,5,train,0.04660806804895401,pdb_00009xhi_D1_D2
13432,5,train,0.9695871472358704,pdb_00004kuc_F_E
13433,5,train,0.1592099368572235,pdb_00009zq9_J2_J1
13434,5,train,0.01452943217009306,pdb_00009k3k_S1_S2
13435,5,train,0.7114541530609131,pdb_00009mtm_M_N
13436,5,train,0.49283042550086975,pdb_00008xse_H_L
13437,5,train,0.33639848232269287,pdb_00005yoy_R_O
13438,5,train,1.1830097436904907,pdb_00008hgm_C_D
13439,5,train,0.9644688367843628,pdb_00008fdo_A_B
13440,5,train,0.017734508961439133,pdb_00008h0q_E1_E2
13441,5,train,0.2983463704586029,pdb_00008j7e_C_D
13442,5,train,0.031735438853502274,pdb_00003iga_A_B
13443,5,train,0.03130125254392624,pdb_00002hjf_A_B
13444,5,train,0.55028235912323,pdb_00005ugy_I_M
13445,5,train,0.9508121609687805,pdb_00002r56_I_M
13446,5,train,0.13964055478572845,pdb_00007xeg_C_D
13447,5,train,0.4720970392227173,pdb_00006ii8_H_L
13448,5,train,0.01285608671605587,pdb_00009j8z_S1_S2
13449,5,train,0.6423739194869995,pdb_00002bdn_H_L
13450,5,train,0.5701935887336731,pdb_00008dwx_V_U
13451,5,train,0.749098002910614,pdb_00009lf8_H_L
13452,5,train,0.4401375353336334,pdb_00007kmg_A_B
13453,5,train,0.41754886507987976,pdb_00006k7o_B_C
13454,5,train,0.7571018934249878,pdb_00008tpa_D_E
13455,5,train,0.391926646232605,pdb_00007kf0_H_L
13456,5,train,0.4690254330635071,pdb_00009ebc_G_H
13457,5,train,0.014995950274169445,pdb_00007jvr_E1_E2
13458,5,train,0.3944755792617798,pdb_00007rk2_C1_C2
13459,5,train,0.09954366832971573,pdb_00006w0j_A_B
13460,5,train,0.6845005750656128,pdb_00009kve_E_G
13461,5,train,0.47098273038864136,pdb_00007det_B1_B2
13462,5,train,0.36652976274490356,pdb_00003v4p_M_N
13463,5,train,0.16492421925067902,pdb_00008w2e_D_C
13464,5,train,0.34131452441215515,pdb_00009b82_H_L
13465,5,train,0.017589300870895386,pdb_00008k6o_S1_S2
13466,5,train,0.0075496104545891285,pdb_00007mhx_A_B
13467,5,train,0.10662689059972763,pdb_00003rif_H_L
13468,5,train,0.031010987237095833,pdb_00008ejc_E1_E2
13469,5,train,0.3617107570171356,pdb_00007chc_H_L
13470,5,train,0.009139887988567352,pdb_00008k3z_S1_S2
13471,5,train,0.02176746353507042,pdb_00009lr2_S1_S2
13472,5,train,0.6825653314590454,pdb_00007uzc_E_F
13473,5,train,0.8320606350898743,pdb_00009ml8_H_L
13474,5,train,0.010180371813476086,pdb_00009jh3_S1_S2
13475,5,train,0.5139834880828857,pdb_00006woz_H_I
13476,5,train,0.13373400270938873,pdb_00009zqa_J2_J1
13477,5,train,0.3022123873233795,pdb_00009ebc_K_L
13478,5,train,0.7791181206703186,pdb_00007whz_C_E
13479,5,train,0.4897122383117676,pdb_00004ffv_H_L
13480,5,train,0.13802547752857208,pdb_00008jkf_M_N
13481,5,train,0.3829153776168823,pdb_00008dwx_X_W
13482,5,train,0.5908524990081787,pdb_00009mtj_I_J
13483,5,train,0.01960950531065464,pdb_00009k3l_S1_S2
13484,5,train,0.5212458372116089,pdb_00005wko_C_D
13485,5,train,0.015639711171388626,pdb_00007w55_E1_E2
13486,5,train,0.47979140281677246,pdb_00007qf1_C_B
13487,5,train,0.2588856816291809,pdb_00001xiw_H_G
13488,5,train,0.10246770828962326,pdb_00006k5f_C_D
13489,5,train,0.479941189289093,pdb_00007y7m_F_G
13490,5,train,0.04006293788552284,pdb_00007xau_E1_E2
13491,5,train,0.6968002915382385,pdb_00009cq7_H_I
13492,5,train,0.5617862343788147,pdb_00008bg5_A1_A2
13493,5,train,0.45480379462242126,pdb_00005ugy_H_L
13494,5,train,0.7217937111854553,pdb_00008khr_H_L
13495,5,train,0.009718332439661026,pdb_00007cmu_E1_E2
13496,5,train,0.2622331380844116,pdb_00008smt_D_F
13497,5,train,0.9403218626976013,pdb_00008w5h_H_L
13498,5,train,0.657176673412323,pdb_00007ebz_E_F
13499,5,train,0.8740095496177673,pdb_00004u6h_A_B
13500,5,train,0.9011687636375427,pdb_00009e3k_H_L
13501,5,train,0.5653552412986755,pdb_00008dnn_E_F
13502,5,train,0.3475845754146576,pdb_00009oj4_B_A
13503,5,train,0.923014223575592,pdb_00007s11_I_M
13504,5,train,0.022717095911502838,pdb_00006xox_E1_E2
13505,5,train,0.6365599036216736,pdb_00007lq7_H_L
13506,5,train,0.5535017848014832,pdb_00009cpv_H_L
13507,5,train,0.005992586258798838,pdb_00008xzh_S1_S2
13508,5,train,0.2835479974746704,pdb_00009hh9_E_D
13509,5,train,0.7198030948638916,pdb_00007y6k_J_E3
13510,5,train,0.3052782118320465,pdb_00008jel_F_G
13511,5,train,0.5035548806190491,pdb_00007t87_H_L
13512,5,train,0.027696963399648666,pdb_00008ijb_S1_S2
13513,5,train,0.5150545239448547,pdb_00004f2m_A_B
13514,5,train,0.49954575300216675,pdb_00007cmk_H_L
13515,5,train,0.47426924109458923,pdb_00005w0k_E_F
13516,5,train,0.7633066773414612,pdb_00007dm2_H_L
13517,5,train,0.5477908253669739,pdb_00008tx3_E_J
13518,5,train,0.013187987729907036,pdb_00008jim_S1_S2
13519,5,train,0.01579432561993599,pdb_00007w2z_S1_S2
13520,5,train,0.022432727739214897,pdb_00008hvi_H1_H2
13521,5,train,0.660471498966217,pdb_00009mla_I_L
13522,5,train,0.08296883851289749,pdb_00006w0a_A_B
13523,5,train,0.18190109729766846,pdb_00008jkf_m_n
13524,5,train,0.3239947557449341,pdb_00009lrf_H_L
13525,5,train,0.6668243408203125,pdb_00007ycl_A_B
13526,5,train,0.029575612396001816,pdb_00008vfx_M2_M1
13527,5,train,0.5791673064231873,pdb_00002hmi_D_C
13528,5,train,0.32165026664733887,pdb_00004tsc_H_L
13529,5,train,0.035333167761564255,pdb_00003fb5_A_B
13530,5,train,0.4953097105026245,pdb_00007keo_E_F
13531,5,train,0.49828553199768066,pdb_00006wtu_H_I
13532,5,train,0.6089308261871338,pdb_00008vtd_B_A
13533,5,train,0.17117691040039062,pdb_00009cia_D_C
13534,5,train,0.010454478673636913,pdb_00009vj5_E1_E2
13535,5,train,1.1374971866607666,pdb_00005e94_D_C
13536,5,train,0.7652441263198853,pdb_00006h3u_H_L
13537,5,train,0.4392377436161041,pdb_00009lbs_D_C
13538,5,train,0.9040738940238953,pdb_00004xhj_H_G
13539,5,train,0.6323317885398865,pdb_00004am0_H_L
13540,5,train,0.757587730884552,pdb_00008a96_K_J
13541,5,train,0.3213917016983032,pdb_00007ek0_H_L
13542,5,train,0.44291165471076965,pdb_00007lq7_T_U
13543,5,train,0.6333876252174377,pdb_00009mif_H_L
13544,5,train,0.0393478088080883,pdb_00001k4d_A_B
13545,5,train,0.7441347241401672,pdb_00004v1d_D_E
13546,5,train,0.6206234693527222,pdb_00008zd5_K_L
13547,5,train,0.1680508553981781,pdb_00004tnw_Y_g
13548,5,train,0.02805456332862377,pdb_00008ubl_N2_N1
13549,5,train,0.010217342525720596,pdb_00008h0p_E1_E2
13550,5,train,0.5687147974967957,pdb_00009cpw_H_L
13551,5,train,0.012900612317025661,pdb_00008xqe_S1_S2
13552,5,train,0.47934702038764954,pdb_00009bao_E_F
13553,5,train,0.5112321376800537,pdb_00005xku_C_B
13554,5,train,0.0572349913418293,pdb_00004tnw_G_K
13555,5,train,0.48812153935432434,pdb_00008wpw_C_D
13556,5,train,0.5771397352218628,pdb_00007fci_H_L
13557,5,train,0.17305783927440643,pdb_00007zmk_M_N
13558,5,train,0.43718522787094116,pdb_00008j1q_B_A
13559,5,train,0.008469600230455399,pdb_00003nig_H_L
13560,5,train,0.8921687006950378,pdb_00008tnn_H_G
13561,5,train,0.01390520203858614,pdb_00007udg_E_F
13562,5,train,0.07391037046909332,pdb_00008dd3_K_L
13563,5,train,0.20710334181785583,pdb_00006vvu_J_K
13564,5,train,0.5029446482658386,pdb_00001p2c_E_D
13565,5,train,0.7552459239959717,pdb_00005umi_A_B
13566,5,train,0.07496719807386398,pdb_00005u6a_B_A
13567,5,train,0.4245425760746002,pdb_00002r0l_H_L
13568,5,train,0.03466101363301277,pdb_00008sg1_E1_E2
13569,5,train,0.7609195709228516,pdb_00007f3q_H_L
13570,5,train,0.3115721046924591,pdb_00005yoy_P_M
13571,5,train,0.536673903465271,pdb_00003g6j_F_E
13572,5,train,0.36133477091789246,pdb_00003dvn_B_A
13573,5,train,0.6591237187385559,pdb_00008tbq_A_B
13574,5,train,0.010531555861234665,pdb_00008z3m_S1_S2
13575,5,train,0.7379580140113831,pdb_00007pa7_eee2_eee1
13576,5,train,0.037585899233818054,pdb_00009wxm_D1_D2
13577,5,train,0.06264249980449677,pdb_00009kt8_E1_E2
13578,5,train,0.08898413181304932,pdb_00003a6b_H_L
13579,5,train,0.8189997673034668,pdb_00006suz_H_L
13580,5,train,0.14154106378555298,pdb_00005aaw_F1_F2
13581,5,train,0.38387200236320496,pdb_00008bg4_C1_C2
13582,5,train,0.6611214280128479,pdb_00007zfb_A_B
13583,5,train,0.011514267884194851,pdb_00007w57_E1_E2
13584,5,train,0.4621339738368988,pdb_00009ci8_D_C
13585,5,train,0.2526071071624756,pdb_00009jy3_R_Q
13586,5,train,0.49001073837280273,pdb_00007dpm_D_E
13587,5,train,0.46177977323532104,pdb_00004kxz_J_I
13588,5,train,0.10331978648900986,pdb_00003rif_J_M
13589,5,train,0.22562561929225922,pdb_00008vgj_K_L
13590,5,train,0.02463437058031559,pdb_00008h8j_H1_H2
13591,5,train,0.5124030113220215,pdb_00001j5o_H_L
13592,5,train,1.1649364233016968,pdb_00009y3x_H_L
13593,5,train,0.3700931966304779,pdb_00009q71_K_L
13594,5,train,0.996916651725769,pdb_00005hbt_D_C
13595,5,train,0.815834105014801,pdb_00009qt3_N_O
13596,5,train,0.23251131176948547,pdb_00006zh9_HHH_LLL
13597,5,train,0.5688223242759705,pdb_00008oxx_B_C
13598,5,train,0.0070625366643071175,pdb_00007uko_E_F
13599,5,train,0.21968473494052887,pdb_00003fku_Z1_Z2
13600,5,train,0.009301870130002499,pdb_00008hcq_E1_E2
13601,5,train,0.639312744140625,pdb_00007wh8_B_A
13602,5,train,0.02580399066209793,pdb_00008i7w_E1_E2
13603,5,train,0.0031629621516913176,pdb_00002vdq_H_L
13604,5,train,0.40830108523368835,pdb_00009n7q_H_L
13605,5,train,0.0032937133219093084,pdb_00002vdl_H_L
13606,5,train,0.02185426652431488,pdb_00008tb0_F1_F2
13607,5,train,0.24125784635543823,pdb_00009hhr_D_G
13608,5,train,0.7528225183486938,pdb_00003v6z_A_B
13609,5,train,0.0659276694059372,pdb_00005u5f_B_A
13610,5,train,0.7858104705810547,pdb_00009dm0_C_D
13611,5,train,0.014271456748247147,pdb_00008uuj_D1_D2
13612,5,train,0.16606517136096954,pdb_00001uac_H_L
13613,5,train,0.012529237195849419,pdb_00007yae_S1_S2
13614,5,train,0.6126337647438049,pdb_00004wv1_E_D
13615,5,train,0.47282952070236206,pdb_00007zfb_H_L
13616,5,train,0.6035897731781006,pdb_00006cyf_D_C
13617,5,train,0.6321271657943726,pdb_00005h35_H_I
13618,5,train,0.251109778881073,pdb_00008as0_T_S
13619,5,train,0.01761673577129841,pdb_00009vo2_S1_S2
13620,5,train,0.05297425016760826,pdb_00008evg_M1_M2
13621,5,train,0.847438395023346,pdb_00008w5m_H_L
13622,5,train,0.4837633967399597,pdb_00006wzm_C_D
13623,5,train,0.3206157088279724,pdb_00007dfa_H_L
13624,5,train,0.01269624475389719,pdb_00009k26_S1_S2
13625,5,train,0.5264467000961304,pdb_00007zfb_C_D
13626,5,train,0.07049528509378433,pdb_00006vmk_i_h
13627,5,train,0.7149584293365479,pdb_00008gy5_H_L
13628,5,train,0.013507716357707977,pdb_00008xqt_S1_S2
13629,5,train,0.35630881786346436,pdb_00006cyf_F_E
13630,5,train,0.8921961784362793,pdb_00001qfu_H_L
13631,5,train,1.2066758871078491,pdb_00008xa4_C_D
13632,5,train,0.1430310159921646,pdb_00001g7h_B_A
13633,5,train,0.556566596031189,pdb_00004lf3_B_A
13634,5,train,0.4347447156906128,pdb_00008hpu_M_N
13635,5,train,0.3487487733364105,pdb_00001t03_H_L
13636,5,train,0.06181398406624794,pdb_00007ujk_E_F
13637,5,train,0.6243720054626465,pdb_00007upb_B_E
13638,5,train,0.7543340921401978,pdb_00009bdi_H_L
13639,5,train,0.44560474157333374,pdb_00004wv1_B_A
13640,5,train,0.05472657084465027,pdb_00006w0h_A_B
13641,5,train,0.024796931073069572,pdb_00008y71_E1_E2
13642,5,train,0.017259499058127403,pdb_00007ej8_H1_H2
13643,5,train,0.4141490161418915,pdb_00007upb_C_F
13644,5,train,0.387737512588501,pdb_00007xcz_D_E
13645,5,train,0.7540538907051086,pdb_00006oc3_A_B
13646,5,train,0.31220731139183044,pdb_00007sts_A_B
13647,5,train,0.5341094732284546,pdb_00006cw3_C_D
13648,5,train,0.012010487727820873,pdb_00007s8o_E1_E2
13649,5,train,0.732938289642334,pdb_00007qny_A_B
13650,5,train,0.3344605565071106,pdb_00008dn6_E_F
13651,5,train,0.13497459888458252,pdb_00002qr0_R_Q
13652,5,train,0.562140166759491,pdb_00007m7w_E_F
13653,5,train,0.40080732107162476,pdb_00008vgm_H_L
13654,5,train,0.264806866645813,pdb_00008zh7_E_F
13655,5,train,0.6666333675384521,pdb_00008ezk_I1_I2
13656,5,train,0.5902107954025269,pdb_00007ttm_H_L
13657,5,train,0.06544055789709091,pdb_00008vgk_F_E
13658,5,train,0.3964235782623291,pdb_00005wk3_S_R
13659,5,train,0.8893488049507141,pdb_00009e21_H_L
13660,5,train,0.5011823773384094,pdb_00009mqa_H_L
13661,5,train,0.0981873869895935,pdb_00009ctu_D_C
13662,5,train,0.5549880266189575,pdb_00007ycn_K_L
13663,5,train,0.4176906943321228,pdb_00008cn9_L_K
13664,5,train,0.0029575140215456486,pdb_00007ue0_E_F
13665,5,train,0.6800520420074463,pdb_00007bsc_H_L
13666,5,train,0.02190452814102173,pdb_00008e9y_E1_E2
13667,5,train,0.027425404638051987,pdb_00009kft_S1_S2
13668,5,train,0.5072890520095825,pdb_00003vrl_E_F
13669,5,train,0.003940016496926546,pdb_00007tmz_E_F
13670,5,train,0.5206778049468994,pdb_00009cff_H_L
13671,5,train,0.02367904596030712,pdb_00008hoc_S1_S2
13672,5,train,0.8275279998779297,pdb_00007quh_H_L
13673,5,train,0.655056357383728,pdb_00006hjp_I_J
13674,5,train,0.3756060004234314,pdb_00009b82_I_G
13675,5,train,0.2233588695526123,pdb_00005yoy_I_F
13676,5,train,0.008044117130339146,pdb_00007scg_E1_E2
13677,5,train,0.6493100523948669,pdb_00009k6y_H_L
13678,5,train,0.008970062248408794,pdb_00009vjf_E1_E2
13679,5,train,0.008773582987487316,pdb_00007evy_E1_E2
13680,5,train,0.8560839295387268,pdb_00008w5n_H_L
13681,5,train,0.017294486984610558,pdb_00007xwo_E1_E2
13682,5,train,0.015973540022969246,pdb_00007trs_H1_H2
13683,5,train,0.9052687883377075,pdb_00005vig_H_L
13684,5,train,0.3061927556991577,pdb_00007ul1_H_L
13685,5,train,0.6929316520690918,pdb_00008sit_H_L
13686,5,train,1.1465809345245361,pdb_00008kep_H_L
13687,5,train,0.5473654866218567,pdb_00008dis_H_L
13688,5,train,1.0686626434326172,pdb_00008kdr_H_L
13689,5,train,0.43743887543678284,pdb_00009l6c_A_B
13690,5,train,0.3512263000011444,pdb_00009l6c_D_F
13691,5,train,0.5507909059524536,pdb_00004gxu_U_V
13692,5,train,0.4356085956096649,pdb_00006j6y_E_F
13693,5,train,0.850168764591217,pdb_00006ogx_C_D
13694,5,train,0.1110311970114708,pdb_00007xk2_S1_S2
13695,5,train,0.05735669657588005,pdb_00009nz5_F_E
13696,5,train,0.5347036123275757,pdb_00007bpk_H_L
13697,5,train,0.4114283621311188,pdb_00006ba5_D_C
13698,5,train,0.5898498296737671,pdb_00007pa7_ooo2_ooo1
13699,5,train,0.7596737146377563,pdb_00007mkm_H_L
13700,5,train,0.3829030692577362,pdb_00004zff_H_L
13701,5,train,0.8277254700660706,pdb_00008cbf_H_L
13702,5,train,0.10577547550201416,pdb_00009our_J_K
13703,5,train,0.05898774787783623,pdb_00009jkx_S1_S2
13704,5,train,0.35253527760505676,pdb_00009cfg_H_L
13705,5,train,0.13880348205566406,pdb_00009hhr_F_E
13706,5,train,0.7323290705680847,pdb_00001e6j_H_L
13707,5,train,0.5657679438591003,pdb_00007tbf_D_E
13708,5,train,0.507710337638855,pdb_00002jix_D_G
13709,5,train,0.705809473991394,pdb_00005vqm_H_L
13710,5,train,0.5519440770149231,pdb_00001tzh_H_L
13711,5,train,0.6638251543045044,pdb_00005y11_A_B
13712,5,train,1.215980052947998,pdb_00003bgf_H_L
13713,5,train,0.05977162346243858,pdb_00008vqy_K_L
13714,5,train,0.024966325610876083,pdb_00008vrn_J_I
13715,5,train,1.1392905712127686,pdb_00003mj9_H_L
13716,5,train,1.87851881980896,pdb_00004i3r_H_L
13717,5,train,0.011821410618722439,pdb_00007wz7_C1_C2
13718,5,train,0.011654689908027649,pdb_00009ldv_S1_S2
13719,5,train,0.501365602016449,pdb_00005oca_H_L
13720,5,train,0.8454910516738892,pdb_00008uf7_B_A
13721,5,train,0.009549533016979694,pdb_00008vve_E1_E2
13722,5,train,0.7400240302085876,pdb_00007k9i_H_L
13723,5,train,0.010474557988345623,pdb_00007db6_E1_E2
13724,5,train,0.010733256116509438,pdb_00009ik9_E1_E2
13725,5,train,0.5549723505973816,pdb_00007tpj_H_L
13726,5,train,0.06497935205698013,pdb_00008j22_F1_F2
13727,5,train,0.013188759796321392,pdb_00009l79_S1_S2
13728,5,train,0.26582521200180054,pdb_00008f2j_H_L
13729,5,train,0.006818715482950211,pdb_00007vl8_S1_S2
13730,5,train,0.9331718683242798,pdb_00006flc_H_L
13731,5,train,0.03919016569852829,pdb_00006crk_H1_H2
13732,5,train,0.007713626604527235,pdb_00008gut_S1_S2
13733,5,train,0.7594670653343201,pdb_00009npg_A_B
13734,5,train,0.17790032923221588,pdb_00008j8r_D_E
13735,5,train,0.8617023229598999,pdb_00007shy_I_J
13736,5,train,0.6255972981452942,pdb_00007x3d_H_L
13737,5,train,0.15487688779830933,pdb_00004tnw_V_Z
13738,5,train,0.8244490623474121,pdb_00007t82_D_C
13739,5,train,0.564602255821228,pdb_00008gv6_I_J
13740,5,train,0.00579887256026268,pdb_00006dde_E1_E2
13741,5,train,0.9488375782966614,pdb_00006s3d_A_B
13742,5,train,1.1107863187789917,pdb_00006ivz_H_L
13743,5,train,0.03214500844478607,pdb_00007l1v_H1_H2
13744,5,train,0.3531584143638611,pdb_00008caf_B_A
13745,5,train,0.7832995057106018,pdb_00009eti_H_L
13746,5,train,0.7245031595230103,pdb_00007qnx_A_B
13747,5,train,0.031437359750270844,pdb_00008u1u_E1_E2
13748,5,train,0.8293437361717224,pdb_00007uvs_A_B
13749,5,train,0.6183707118034363,pdb_00009vft_F_E
13750,5,train,0.011213889345526695,pdb_00007u9v_E_F
13751,5,train,1.2675338983535767,pdb_00008ulj_H_L
13752,5,train,0.555638313293457,pdb_00008bec_C1_C2
13753,5,train,0.32402101159095764,pdb_00006pe9_C_D
13754,5,train,0.39886289834976196,pdb_00003nh7_I_M
13755,5,train,0.49425315856933594,pdb_00003g6j_H_G
13756,5,train,0.03611459955573082,pdb_00001ott_C_D
13757,5,train,0.5519128441810608,pdb_00008y0y_D1_D4
13758,5,train,0.01506553404033184,pdb_00007u9f_E_F
13759,5,train,0.8476114869117737,pdb_00007dm1_D_C
13760,5,train,0.5493065714836121,pdb_00002vwe_E_C
13761,5,train,1.1586843729019165,pdb_00009ivj_H_L
13762,5,train,0.5529953837394714,pdb_00007dk0_A_B
13763,5,train,0.06694693118333817,pdb_00006ada_C_D
13764,5,train,0.016257230192422867,pdb_00007w53_E1_E2
13765,5,train,0.4792621433734894,pdb_00001fsk_F_E
13766,5,train,0.433780312538147,pdb_00009ue8_U_V
13767,5,train,0.7022334337234497,pdb_00007x2w_H_L
13768,5,train,0.4433349072933197,pdb_00008cn9_G_F
13769,5,train,0.9062400460243225,pdb_00008hrd_L_M
13770,5,train,0.4974045753479004,pdb_00003eo1_H_G
13771,5,train,0.11758909374475479,pdb_00003b2u_N_O
13772,5,train,0.6844965219497681,pdb_00007t0z_H_L
13773,5,train,0.06567680090665817,pdb_00006vmk_u_t
13774,5,train,0.013219920918345451,pdb_00007rkm_D1_D2
13775,5,train,0.16593874990940094,pdb_00006yz7_HHH_LLL
13776,5,train,0.20554813742637634,pdb_00005yoy_H_E
13777,5,train,0.014077851548790932,pdb_00009ite_E1_E2
13778,5,train,0.7332291603088379,pdb_00006mlm_F_G
13779,5,train,0.3292454183101654,pdb_00008ulf_I_M
13780,5,train,0.5610760450363159,pdb_00008v5v_f_g
13781,5,train,0.16698217391967773,pdb_00001kiq_B_A
13782,5,train,0.26792824268341064,pdb_00009jy4_P_O
13783,5,train,0.525083065032959,pdb_00006h3u_I_M
13784,5,train,0.5027970671653748,pdb_00007rku_G_I
13785,5,train,0.24717362225055695,pdb_00007vaf_H_L
13786,5,train,0.08768406510353088,pdb_00007cvs_C_D
13787,5,train,0.3456357717514038,pdb_00007jum_I1_I2
13788,5,train,1.1687572002410889,pdb_00008eeu_H_L
13789,5,train,0.02530048042535782,pdb_00002exy_C_D
13790,5,train,0.6271407604217529,pdb_00007wvl_H_L
13791,5,train,0.4668467044830322,pdb_00006iap_E_D
13792,5,train,0.788351833820343,pdb_00005lsp_S_T
13793,5,train,0.012718619778752327,pdb_00009f34_E1_E2
13794,5,train,0.048660364001989365,pdb_00009wp9_C1_C2
13795,5,train,0.02601269632577896,pdb_00009ko4_H1_H2
13796,5,train,0.05738898366689682,pdb_00008jt6_E1_E2
13797,5,train,0.4535500109195709,pdb_00008xse_M_N
13798,5,train,0.31612104177474976,pdb_00009ue8_Q_R
13799,5,train,0.7753807902336121,pdb_00007t0w_O_P
13800,5,train,0.6642840504646301,pdb_00007x6o_C_D
13801,5,train,0.0593397356569767,pdb_00006k5i_E_F
13802,5,train,1.0605332851409912,pdb_00006xq0_E_F
13803,5,train,0.6762492060661316,pdb_00008e8s_H_L
13804,5,train,0.7965701222419739,pdb_00009yyu_J_N
13805,5,train,0.04803003743290901,pdb_00007vgs_D_C
13806,5,train,0.29717719554901123,pdb_00002eiz_B_A
13807,5,train,0.007905829697847366,pdb_00007tct_H_L
13808,5,train,0.6892521977424622,pdb_00003bn9_F_E
13809,5,train,0.008957945741713047,pdb_00008irt_E1_E2
13810,5,train,0.09083721041679382,pdb_00009zqc_I2_I1
13811,5,train,0.522574782371521,pdb_00004dkf_H_L
13812,5,train,0.25639551877975464,pdb_00008as0_W_V
13813,5,train,0.019496135413646698,pdb_00002r9h_C_D
13814,5,train,0.012292028404772282,pdb_00009f33_E1_E2
13815,5,train,0.49136221408843994,pdb_00009mla_G_J
13816,5,train,0.5865429639816284,pdb_00004hg4_J_K
13817,5,train,0.01588364690542221,pdb_00007eo4_E1_E2
13818,5,train,0.023745765909552574,pdb_00008t3o_N1_N2
13819,5,train,0.010694442316889763,pdb_00006ad7_E_F
13820,5,train,0.4303722083568573,pdb_00005w3e_E_G
13821,5,train,0.22999529540538788,pdb_00007f6z_H_L
13822,5,train,0.6683024764060974,pdb_00008gpu_F_G
13823,5,train,0.11564356833696365,pdb_00003rhw_J_M
13824,5,train,0.011103330180048943,pdb_000021ag_S1_S2
13825,5,train,0.0066392682492733,pdb_00009upv_S1_S2
13826,5,train,0.026308482512831688,pdb_00007vdm_S1_S2
13827,5,train,0.34031766653060913,pdb_00007t3d_J_M
13828,5,train,0.598443329334259,pdb_00009og1_B_C
13829,5,train,0.008465822786092758,pdb_00008ghv_S1_S2
13830,5,train,0.03526030853390694,pdb_00009iv6_S1_S2
13831,5,train,0.008299056440591812,pdb_00009cgk_E1_E2
13832,5,train,0.5652587413787842,pdb_00007whz_B_D
13833,5,train,0.014760886318981647,pdb_00009m0r_S1_S2
13834,5,train,0.8158283829689026,pdb_00004xzu_A_B
13835,5,train,0.7310455441474915,pdb_00009dru_H_L
13836,5,train,0.4077323079109192,pdb_00006wtu_B_C
13837,5,train,0.6265439391136169,pdb_00001bql_H_L
13838,5,train,0.7068102359771729,pdb_00007yrh_F_E
13839,5,train,0.9989442229270935,pdb_00006bpc_B_C
13840,5,train,0.04321218654513359,pdb_00009j0i_S1_S2
13841,5,train,0.32450228929519653,pdb_00003s36_H_L
13842,5,train,0.060434553772211075,pdb_00007e33_E1_E2
13843,5,train,0.5410584211349487,pdb_00009mtm_H_L
13844,5,train,0.3950110673904419,pdb_00005dhx_B2_B1
13845,5,train,0.009843852370977402,pdb_00008ic0_E1_E2
13846,5,train,1.1330680847167969,pdb_00001osp_H_L
13847,5,train,0.9120063185691833,pdb_00006xpz_E_F
13848,5,train,0.39447036385536194,pdb_00009bao_G_H
13849,5,train,0.6335217356681824,pdb_00007c88_H_L
13850,5,train,0.22836370766162872,pdb_00008cwv_H_L
13851,5,train,0.09581252932548523,pdb_00006b3s_F_G
13852,5,train,0.21077552437782288,pdb_00009cpu_H_L
13853,5,train,0.8122186660766602,pdb_00009mtk_I_J
13854,5,train,0.8853057026863098,pdb_00002zcl_H_L
13855,5,train,1.129720687866211,pdb_00008g5b_J_N
13856,5,train,0.02183450572192669,pdb_00008j6r_S1_S2
13857,5,train,0.04675966873764992,pdb_00001j1o_H_L
13858,5,train,0.2186240255832672,pdb_00007zmk_V_W
13859,5,train,0.3504836857318878,pdb_00009u5p_P_Q
13860,5,train,0.41339755058288574,pdb_00005nhr_H_L
13861,5,train,0.30902397632598877,pdb_00007klg_I_M
13862,5,train,0.5988417863845825,pdb_00008erq_H_L
13863,5,train,0.6294968128204346,pdb_00008eoo_F_K
13864,5,train,0.12976182997226715,pdb_00002qr0_B_A
13865,5,train,0.6168422102928162,pdb_00008hrd_W_X
13866,5,train,0.7767151594161987,pdb_00004l5f_H_L
13867,5,train,0.7005857229232788,pdb_00008q6j_D_C
13868,5,train,0.221913143992424,pdb_00009wb4_B_C
13869,5,train,0.6227005124092102,pdb_00008f6x_D1_D2
13870,5,train,0.9238625764846802,pdb_00009mth_M_N
13871,5,train,0.33895957469940186,pdb_00008txu_H_L
13872,5,train,0.31356707215309143,pdb_00004ma7_H_L
13873,5,train,0.639272153377533,pdb_00008tnt_E_D
13874,5,train,0.018337979912757874,pdb_00008f7q_E1_E2
13875,5,train,0.4074007570743561,pdb_00009iz9_M_N
13876,5,train,0.9921833276748657,pdb_00003mxw_H_L
13877,5,train,0.352270245552063,pdb_00004gxu_O_P
13878,5,train,0.03323158994317055,pdb_00003fb7_A_B
13879,5,train,0.51349937915802,pdb_00009fys_I_M
13880,5,train,0.014335555955767632,pdb_00008jgb_S1_S2
13881,5,train,0.5716849565505981,pdb_00008hrd_O_P
13882,5,train,0.013036759570240974,pdb_00008jgf_E1_E2
13883,5,train,0.021044736728072166,pdb_00008wwi_E1_E2
13884,5,train,0.7942858338356018,pdb_00009ma7_F_G
13885,5,train,0.013457898050546646,pdb_00007ew3_S1_S2
13886,5,train,0.2238243967294693,pdb_00007x1m_C_D
13887,5,train,0.009985402226448059,pdb_00007s8p_E1_E2
13888,5,train,0.7498070001602173,pdb_00005d1z_G_H
13889,5,train,0.29586756229400635,pdb_00008y3h_G_H
13890,5,train,0.369487464427948,pdb_00001n6q_H_L
13891,5,train,1.0096631050109863,pdb_00006xxv_A_B
13892,5,train,0.6296949982643127,pdb_00009vhz_A_B
13893,5,train,0.3614412248134613,pdb_00008dis_B_G
13894,5,train,0.9356534481048584,pdb_00008bbo_H_L
13895,5,train,0.013507403433322906,pdb_00007ej0_H1_H2
13896,5,train,0.32970741391181946,pdb_00004hg4_R_S
13897,5,train,0.7397578954696655,pdb_00008tpa_H_L
13898,5,train,0.008480207063257694,pdb_00009le0_S1_S2
13899,5,train,0.8629556894302368,pdb_00007uxl_A_B
13900,5,train,0.7154819965362549,pdb_00009oar_B_D
13901,5,train,0.02477303147315979,pdb_00008iw1_S1_S2
13902,5,train,0.8178543448448181,pdb_00009cu7_H_L
13903,5,train,0.023854052647948265,pdb_00008hqe_H1_H2
13904,5,train,0.05610276386141777,pdb_00009kt7_E1_E2
13905,5,train,0.5879287123680115,pdb_00008suo_I_M
13906,5,train,0.4561171233654022,pdb_00002vit_B_A
13907,5,train,0.4892934560775757,pdb_00006n5d_C_D
13908,5,train,0.675751268863678,pdb_00008ol9_B_A
13909,5,train,0.01443757489323616,pdb_00006k5a_E_F
13910,5,train,1.0002033710479736,pdb_00003h3b_C2_C1
13911,5,train,0.19072341918945312,pdb_00007klh_H_L
13912,5,train,0.7844533920288086,pdb_00007zwi_E_F
13913,5,train,0.35847845673561096,pdb_00008dww_Z_Y
13914,5,train,0.2663160562515259,pdb_00007zfe_M_N
13915,5,train,0.024455254897475243,pdb_00008y73_E1_E2
13916,5,train,0.7577501535415649,pdb_00007uvi_D_E
13917,5,train,0.32271677255630493,pdb_00001dzb_A1_A2
13918,5,train,0.5427339673042297,pdb_00009quw_F_E
13919,5,train,1.8959484100341797,pdb_00008edf_H_L
13920,5,train,0.2747531831264496,pdb_00007kfw_H_L
13921,5,train,0.5294779539108276,pdb_00008jqn_h_l
13922,5,train,0.7222570776939392,pdb_00007x93_E_F
13923,5,train,0.014109157957136631,pdb_00007w56_E1_E2
13924,5,train,0.013829734176397324,pdb_00008jbh_E1_E2
13925,5,train,0.39215782284736633,pdb_00008qh0_H_L
13926,5,train,0.6232057213783264,pdb_00009og2_D_E
13927,5,train,0.10216791182756424,pdb_00002qr0_H_G
13928,5,train,0.41279885172843933,pdb_00005nh3_H_L
13929,5,train,0.7960470914840698,pdb_00009shd_H_L
13930,5,train,0.6001140475273132,pdb_00008e2u_H_L
13931,5,train,0.5619399547576904,pdb_00008gv6_G_H
13932,5,train,0.8348882794380188,pdb_00006uig_B_C
13933,5,train,0.5494874715805054,pdb_00007wk0_D_E
13934,5,train,0.019437188282608986,pdb_00007evz_E1_E2
13935,5,train,0.3874775767326355,pdb_00009k6j_A_B
13936,5,train,0.6981417536735535,pdb_00007t3d_P_R
13937,5,train,0.690625011920929,pdb_00006hjp_K_L
13938,5,train,0.5978224277496338,pdb_00006ii9_P_Q
13939,5,train,0.07339482009410858,pdb_00008z3q_S1_S2
13940,5,train,0.014499563723802567,pdb_00007y1f_E1_E2
13941,5,train,0.5313978791236877,pdb_00006woz_E_F
13942,5,train,0.8267056345939636,pdb_00006jhs_E_D
13943,5,train,0.23837007582187653,pdb_00008as0_E_D
13944,5,train,0.023136653006076813,pdb_00008z8a_S1_S2
13945,5,train,0.7151961326599121,pdb_00008cxg_h_l
13946,5,train,0.9136548042297363,pdb_00007y0w_A_B
13947,5,train,0.6339418292045593,pdb_00007ua8_H1_H2
13948,5,train,0.28634193539619446,pdb_00006txz_I_M
13949,5,train,0.5120867490768433,pdb_00008w84_A_B
13950,5,train,0.3853571116924286,pdb_00008bcz_E_F
13951,5,train,0.024586135521531105,pdb_00008ubk_N2_N1
13952,5,train,1.4871126413345337,pdb_00001jrh_H_L
13953,5,train,0.0905301570892334,pdb_00005aam_B1_B2
13954,5,train,0.024016495794057846,pdb_00002fee_I_L
13955,5,train,0.10460188239812851,pdb_00006vmk_P_O
13956,5,train,0.40406879782676697,pdb_00007jx3_H_L
13957,5,train,0.8352322578430176,pdb_00002w9e_H_L
13958,5,train,0.06325944513082504,pdb_00001ic5_H_L
13959,5,train,0.21479232609272003,pdb_00009u5p_B_C
13960,5,train,0.9189547896385193,pdb_00007wro_H_L
13961,5,train,0.1472332626581192,pdb_00007x1m_H_L
13962,5,train,0.22319795191287994,pdb_00009ue8_M_N
13963,5,train,0.6831185221672058,pdb_00007zfc_H_L
13964,5,train,0.6027774810791016,pdb_00009kze_H_L
13965,5,train,0.5244922637939453,pdb_00001bvk_E_D
13966,5,train,0.6642552018165588,pdb_00008zd5_B_C
13967,5,train,0.7439343333244324,pdb_00004hjj_H2_L2
13968,5,train,0.5444827675819397,pdb_00005jz7_J_K
13969,5,train,0.03784497454762459,pdb_00007k60_N2_N1
13970,5,train,0.018425293266773224,pdb_00009kz2_H1_H2
13971,5,train,1.0483119487762451,pdb_00001iqd_B_A
13972,5,train,0.3378450572490692,pdb_00005dhy_A_B
13973,5,train,0.2610178589820862,pdb_00008i0n_I_M
13974,5,train,0.014772341586649418,pdb_00008yh0_S1_S2
13975,5,train,0.08840185403823853,pdb_00003fb8_A_B
13976,5,train,0.010975181125104427,pdb_00008yh2_S1_S2
13977,5,train,0.014184783212840557,pdb_00006k5d_E_F
13978,5,train,0.93885338306427,pdb_00002oz4_H_L
13979,5,train,0.5352534651756287,pdb_00008v5v_c_e
13980,5,train,0.5085849761962891,pdb_00009pw4_C_D
13981,5,train,0.16686780750751495,pdb_00006yz7_BBB_CCC
13982,5,train,0.5238037705421448,pdb_00004gxu_Q_R
13983,5,train,0.3929990828037262,pdb_00008i5l_D1_D2
13984,5,train,1.008063554763794,pdb_00009hvw_H_L
13985,5,train,0.5367187857627869,pdb_00009mqa_I_M
13986,5,train,0.011749052442610264,pdb_00007ew1_E1_E2
13987,5,train,0.2953946888446808,pdb_00007f7h_A_B
13988,5,train,0.73368901014328,pdb_00008bg1_G_H
13989,5,train,0.26270827651023865,pdb_00006txz_H_L
13990,5,train,0.3792813718318939,pdb_00003eo1_E_D
13991,5,train,0.39532601833343506,pdb_00004tsb_H_L
13992,5,train,0.2904868721961975,pdb_00007wbz_H_L
13993,5,train,0.1899077147245407,pdb_00008jen_G_H
13994,5,train,0.808607280254364,pdb_00007tbf_H_L
13995,5,train,0.016104087233543396,pdb_00008iru_E1_E2
13996,5,train,0.010992186143994331,pdb_00007rgp_E1_E2
13997,5,train,1.1568245887756348,pdb_00005tfw_H_L
13998,5,train,0.9920051693916321,pdb_00003bsz_N_M
13999,5,train,0.011851069517433643,pdb_00009d0a_E1_E2
14000,5,train,0.34536200761795044,pdb_00009me7_I_M
14001,5,train,0.5275919437408447,pdb_00007sd5_H_L
14002,5,train,0.5677430629730225,pdb_00007xsc_D_H
14003,5,train,0.8835089206695557,pdb_00009riq_H_L
14004,5,train,0.8486947417259216,pdb_00007mzj_H_L
14005,5,train,1.1607822179794312,pdb_00007t7b_H_L
14006,5,train,0.6026894450187683,pdb_00004kht_H_L
14007,5,train,0.7226885557174683,pdb_00007l5j_W_L
14008,5,train,0.4811425507068634,pdb_00004yk4_C_B
14009,5,train,0.3697301745414734,pdb_00005w3l_E_G
14010,5,train,0.6140736937522888,pdb_00007ahu_B_A
14011,5,train,0.015216964296996593,pdb_00009lr1_S1_S2
14012,5,train,0.13887709379196167,pdb_00009me6_I_M
14013,5,train,0.013415413908660412,pdb_00009vmn_S1_S2
14014,5,train,0.7477113008499146,pdb_00008dce_H1_H2
14015,5,train,0.4528034031391144,pdb_00001tzh_B_A
14016,5,train,0.6847043037414551,pdb_00006d0u_E_F
14017,5,train,0.12797120213508606,pdb_00007m6d_A_B
14018,5,train,0.5291590094566345,pdb_00008hrd_D_F
14019,5,train,0.025490500032901764,pdb_00009jkv_S1_S2
14020,5,train,0.7134519219398499,pdb_00006t9d_HHH_LLL
14021,5,train,0.7273811101913452,pdb_00007fcp_B_D
14022,5,train,0.04890473186969757,pdb_00008jxx_E1_E2
14023,5,train,0.7123444080352783,pdb_00008uzp_H_L
14024,5,train,0.327525794506073,pdb_00006pe9_E_F
14025,5,train,0.08092807978391647,pdb_00008vgi_H_G
14026,5,train,0.6760432720184326,pdb_00007bsd_H_L
14027,5,train,0.009242862462997437,pdb_00009buy_E1_E2
14028,5,train,0.2195345163345337,pdb_00005yoy_G_D
14029,5,train,0.027779368683695793,pdb_000022es_E1_E2
14030,5,train,0.48881885409355164,pdb_00001z3g_I_M
14031,5,train,0.574611485004425,pdb_00007bbj_M_N
14032,5,train,0.684002161026001,pdb_00007kzb_H_L
14033,5,train,0.826654314994812,pdb_00006ek2_H1_H2
14034,5,train,0.7705760598182678,pdb_00004f37_F_K
14035,5,train,0.008862686343491077,pdb_00008hs3_S1_S2
14036,5,train,0.06426440179347992,pdb_00007k5x_M2_M1
14037,5,train,0.2771284282207489,pdb_00007mem_G_J
14038,5,train,0.7890039086341858,pdb_00008gsd_H_L
14039,5,train,0.3601464033126831,pdb_00006wzm_A_B
14040,5,train,0.5904695987701416,pdb_00003eoa_B_A
14041,5,train,1.269183874130249,pdb_00008s72_H_L
14042,5,train,0.05081813037395477,pdb_00007vgs_F_E
14043,5,train,1.019676923751831,pdb_00007wed_H_L
14044,5,train,0.5761057138442993,pdb_00009lsi_C1_D2
14045,5,train,0.0068340543657541275,pdb_00008sai_S1_S2
14046,5,train,0.014183084480464458,pdb_00009lrd_E1_E2
14047,5,train,0.019092248752713203,pdb_00008ijd_S1_S2
14048,5,train,0.5474736094474792,pdb_00007mzn_H_L
14049,5,train,0.06807773560285568,pdb_00006zlr_FFF_GGG
14050,5,train,0.04951127991080284,pdb_00008vfx_N2_N1
14051,5,train,0.010296915657818317,pdb_00007yoo_S1_S2
14052,5,train,0.44703149795532227,pdb_00004ffw_D_C
14053,5,train,0.6199160218238831,pdb_00008zd6_E_F
14054,5,train,0.017272550612688065,pdb_00007y64_S1_S2
14055,5,train,0.1001647561788559,pdb_00006yor_H_L
14056,5,train,0.5276846289634705,pdb_00005wko_G_H
14057,5,train,0.30911901593208313,pdb_00003klh_D_C
14058,5,train,0.0071527534164488316,pdb_00009jlc_S1_S2
14059,5,train,0.007271533831954002,pdb_00008yky_S1_S2
14060,5,train,0.04122151434421539,pdb_00006e0c_N1_N2
14061,5,train,0.01430220901966095,pdb_00009l80_S1_S2
14062,5,train,0.026203442364931107,pdb_00009ast_E1_E2
14063,5,train,0.8080551028251648,pdb_00008w85_A_B
14064,5,train,0.6440284848213196,pdb_00006gku_H_L
14065,5,train,0.007565774489194155,pdb_00007t2h_E1_E2
14066,5,train,0.45751023292541504,pdb_00006d0u_H_I
14067,5,train,0.01676124334335327,pdb_00007y24_S1_S2
14068,5,train,0.29732924699783325,pdb_00004hg4_L_M
14069,5,train,0.05650196969509125,pdb_00008hqn_H1_H2
14070,5,train,0.6312607526779175,pdb_00001fns_H_L
14071,5,train,0.7166171073913574,pdb_00004ag4_H_L
14072,5,train,0.028211627155542374,pdb_00009d4z_E1_E2
14073,5,train,0.20534609258174896,pdb_00009cia_B_A
14074,5,train,0.008044921793043613,pdb_00009kfk_S1_S2
14075,5,train,0.3097631633281708,pdb_00006ban_H_G
14076,5,train,0.31802141666412354,pdb_00002x7l_C_D
14077,5,train,0.4985400140285492,pdb_00007wqv_P1_P2
14078,5,train,0.023195791989564896,pdb_00008ubj_N2_N1
14079,5,train,0.019030770286917686,pdb_00007trp_H1_H2
14080,5,train,0.013103888370096684,pdb_00007cvs_E_F
14081,5,train,0.022949902340769768,pdb_00008jpn_S1_S2
14082,5,train,0.19172975420951843,pdb_00009jy3_P_O
14083,5,train,0.755483865737915,pdb_00007dm1_F_E
14084,5,train,0.4021069407463074,pdb_00009cq4_C_D
14085,5,train,0.7241787910461426,pdb_00007y3n_C_D
14086,5,train,0.014597241766750813,pdb_00008hj5_C1_C2
14087,5,train,0.5812976360321045,pdb_00007xcz_B_C
14088,5,train,0.011303676292300224,pdb_00006omm_E1_E2
14089,5,train,0.36614692211151123,pdb_00008hrd_G_H
14090,5,train,0.09001795947551727,pdb_00004hjg_B_A
14091,5,train,0.7727479338645935,pdb_00006ss4_HHH_LLL
14092,5,train,0.7882500886917114,pdb_00007xj9_K_J
14093,5,train,0.36802127957344055,pdb_00004fp8_I_M
14094,5,train,0.5444801449775696,pdb_00007d6i_B_C
14095,5,train,0.41123905777931213,pdb_00006z3q_H_L
14096,5,train,0.2952844500541687,pdb_00001ndm_B_A
14097,5,train,0.30183911323547363,pdb_00006wzj_A_B
14098,5,train,0.5725955963134766,pdb_00009h4r_H_L
14099,5,train,0.685785174369812,pdb_00009n4e_Q_P
14100,5,train,0.02277676947414875,pdb_00008jgg_S1_S2
14101,5,train,0.25520822405815125,pdb_00002eks_B_A
14102,5,train,1.0707615613937378,pdb_00009jub_B_C
14103,5,train,0.40177756547927856,pdb_00005w0k_H_L
14104,5,train,0.008376994170248508,pdb_00008kfz_S1_S2
14105,5,train,0.808199405670166,pdb_00007rxj_A_B
14106,5,train,0.9518499970436096,pdb_00009me6_J_N
14107,5,train,0.767044723033905,pdb_00004oii_H_L
14108,5,train,0.6056384444236755,pdb_00007x6o_I_K
14109,5,train,0.0055136242881417274,pdb_00007vif_E1_E2
14110,5,train,0.6775183081626892,pdb_00008ezk_H1_H2
14111,5,train,0.008832375518977642,pdb_00007yac_S1_S2
14112,5,train,0.5720171332359314,pdb_00006hjp_G_H
14113,5,train,0.42960599064826965,pdb_00008w83_E_F
14114,5,train,0.18516604602336884,pdb_00008wpw_H_L
14115,5,train,0.030848272144794464,pdb_00008i9s_H1_H2
14116,5,train,1.1547003984451294,pdb_00008ezl_H1_H2
14117,5,train,0.665698230266571,pdb_00008smi_H_L
14118,5,train,0.6981173753738403,pdb_00007f0x_B1_B2
14119,5,train,0.631904661655426,pdb_00009dn2_I_M
14120,5,train,0.022551190108060837,pdb_00007l1u_H1_H2
14121,5,train,0.3999965488910675,pdb_00007eam_H_L
14122,5,train,0.5225459933280945,pdb_00005xhv_H_L
14123,5,train,0.9714836478233337,pdb_00008tp5_E_F
14124,5,train,0.008931485004723072,pdb_00009ego_S1_S2
14125,5,train,0.5810983777046204,pdb_00007x3c_H_L
14126,5,train,0.41820499300956726,pdb_00009quw_D_C
14127,5,train,0.019909556955099106,pdb_00007xw9_S1_S2
14128,5,train,0.15774111449718475,pdb_00008elp_H_L
14129,5,train,0.7700130939483643,pdb_00009lae_H_L
14130,5,train,0.4506196677684784,pdb_00009cn2_B1_B2
14131,5,train,0.5893610715866089,pdb_00006vja_H_L
14132,5,train,0.21656039357185364,pdb_00007c01_H_L
14133,5,train,0.7285375595092773,pdb_00007ua2_H1_H2
14134,5,train,0.019621390849351883,pdb_00008thl_F1_F2
14135,5,train,0.02224070206284523,pdb_00008j21_B1_B2
14136,5,train,0.4174639582633972,pdb_00004gxu_M_N
14137,5,train,0.013652143999934196,pdb_00008j19_S1_S2
14138,5,train,0.94930100440979,pdb_00009oi3_I_J
14139,5,train,0.4622475206851959,pdb_00008oz3_A_B
14140,5,train,0.01006315927952528,pdb_00009jmc_E1_E2
14141,5,train,0.7505917549133301,pdb_00006xy2_H_L
14142,5,train,0.0323973223567009,pdb_00009b5y_N1_N2
14143,5,train,0.1983223259449005,pdb_00007klg_H_L
14144,5,train,0.15682600438594818,pdb_00001g7m_B_A
14145,5,train,0.6534355878829956,pdb_00004np4_I_M
14146,5,train,0.04651453346014023,pdb_00002itc_A_B
14147,5,train,0.4315939247608185,pdb_00008ut2_J_I
14148,5,train,0.12977221608161926,pdb_00009ouo_J_K
14149,5,train,0.01577574387192726,pdb_00009m8k_N1_N2
14150,5,train,0.006627386435866356,pdb_00008jsr_C1_C2
14151,5,train,0.7103152871131897,pdb_00009bbn_S_T
14152,5,train,0.3803744912147522,pdb_00008h7z_F_I
14153,5,train,0.027239985764026642,pdb_00009oum_H_L
14154,5,train,0.25978848338127136,pdb_00006xc4_X_Y
14155,5,train,0.6831905841827393,pdb_00007ec5_E_F
14156,5,train,0.01957940310239792,pdb_00007k61_M2_M1
14157,5,train,0.02147713489830494,pdb_00008z7j_S1_S2
14158,5,train,0.4446595013141632,pdb_00008tx3_H_L
14159,5,train,0.5711117386817932,pdb_00008vsj_H_L
14160,5,train,0.46395745873451233,pdb_00007vgr_F_E
14161,5,train,0.5265599489212036,pdb_00007xik_H_L
14162,5,train,0.4215478003025055,pdb_00006ktr_A_B
14163,5,train,0.8533921241760254,pdb_00005a3i_C_D
14164,5,train,0.0415639765560627,pdb_00003rif_G_K
14165,5,train,0.013216233812272549,pdb_00008jbg_E1_E2
14166,5,train,0.006813131272792816,pdb_00007v69_S1_S2
14167,5,train,0.18175022304058075,pdb_00009ptm_I_M
14168,5,train,0.11014924943447113,pdb_00002qr0_T_S
14169,5,train,0.8631177544593811,pdb_00009mtl_I_J
14170,5,train,1.2130787372589111,pdb_00004g3y_H_L
14171,5,train,0.051363762468099594,pdb_00004tnw_H_L
14172,5,train,0.02156907692551613,pdb_00008xxx_S1_S2
14173,5,train,0.9148342609405518,pdb_00007rco_D_C
14174,5,train,0.005620358511805534,pdb_00009vo1_E1_E2
14175,5,train,0.060618508607149124,pdb_00005j9p_A_B
14176,5,train,0.46920058131217957,pdb_00007zfc_A_B
14177,5,train,0.4168291687965393,pdb_00007zfb_J_K
14178,5,train,0.046796951442956924,pdb_00008evi_M1_M2
14179,5,train,0.850086510181427,pdb_00008r8k_H_L
14180,5,train,0.024859117344021797,pdb_00008j6j_H1_H2
14181,5,train,0.8506436347961426,pdb_00007m7w_A_B
14182,5,train,0.6119685173034668,pdb_00008sxp_H_L
14183,5,train,0.6824883818626404,pdb_00009oi3_M_N
14184,5,train,0.08407317847013474,pdb_00006b3s_J_K
14185,5,train,0.007671790663152933,pdb_00008kfy_S1_S2
14186,5,train,0.7507874369621277,pdb_00008xe9_A_B
14187,5,train,0.7945597767829895,pdb_00009bdh_H_L
14188,5,train,0.06963267922401428,pdb_00004tnw_F_N
14189,5,train,0.7391539812088013,pdb_00009mtg_M_N
14190,5,train,0.039606723934412,pdb_00007k63_M2_M1
14191,5,train,0.7684672474861145,pdb_00007uvs_D_E
14192,5,train,0.020633358508348465,pdb_00009j5v_S1_S2
14193,5,train,1.3470864295959473,pdb_00008r4n_H_L
14194,5,train,0.010457380674779415,pdb_00007udh_E_F
14195,5,train,0.42508575320243835,pdb_00005ggv_H_L
14196,5,train,0.6816221475601196,pdb_00008rrn_C_D
14197,5,train,0.030917473137378693,pdb_00009v1h_E1_E2
14198,5,train,0.5435642004013062,pdb_00008jkh_M_N
14199,5,train,0.15519708395004272,pdb_00001xiw_D_C
14200,5,train,0.6272667050361633,pdb_00002iff_H_L
14201,5,train,0.005125272553414106,pdb_00009k6l_S1_S2
14202,5,train,0.3406604528427124,pdb_00009cq4_H_L
14203,5,train,0.00627561379224062,pdb_00009lre_E1_E2
14204,5,train,0.025277357548475266,pdb_00008xgo_D1_D2
14205,5,train,0.9018086791038513,pdb_00007kq7_H_L
14206,5,train,0.3602919578552246,pdb_00004hg4_X_Y
14207,5,train,0.42690593004226685,pdb_00009fyt_I_M
14208,5,train,0.013884734362363815,pdb_00007vv3_S1_S2
14209,5,train,0.37742120027542114,pdb_00008w83_A_B
14210,5,train,0.00555409537628293,pdb_00008j1a_S1_S2
14211,5,train,0.004634561948478222,pdb_00009kpf_S1_S2
14212,5,train,0.016749626025557518,pdb_00008ij3_S1_S2
14213,5,train,0.005150380544364452,pdb_00008xqp_S1_S2
14214,5,train,0.6837714910507202,pdb_00009mq9_J_N
14215,5,train,0.0039689065888524055,pdb_00008u9s_M2_M1
14216,5,train,0.02373657189309597,pdb_00009yda_H1_H2
14217,5,train,0.004371818620711565,pdb_00008u9s_N2_N1
14218,5,train,0.03846351429820061,pdb_00009oun_H_L
14219,5,train,0.022437509149312973,pdb_00007vkt_E1_E2
14220,5,train,0.24725370109081268,pdb_00009ci8_B_A
14221,5,train,0.16013020277023315,pdb_00007zmk_P_Q
14222,5,train,0.9249647259712219,pdb_00008bcz_H_L
14223,5,train,0.8805682063102722,pdb_00003lh2_K_O
14224,5,train,0.05354291573166847,pdb_00008tzq_E1_E2
14225,5,train,0.365253210067749,pdb_00007x66_H_L
14226,5,train,0.3809063136577606,pdb_00007x63_H_L
14227,5,train,0.6952083110809326,pdb_00008gpy_E1_E2
14228,5,train,0.8758259415626526,pdb_00008v52_D_C
14229,5,train,0.002820145571604371,pdb_00007ukp_E_F
14230,5,train,0.5785746574401855,pdb_00006xq2_C_B
14231,5,train,0.01996779628098011,pdb_00007yfc_C1_C2
14232,5,train,0.33765095472335815,pdb_00005nh3_I_M
14233,5,train,0.00855208095163107,pdb_00006wwz_S1_S2
14234,5,train,0.004458187613636255,pdb_00003zdz_E_F
14235,5,train,0.04759736731648445,pdb_00006bae_B_A
14236,5,train,0.6659734845161438,pdb_00008ywx_E_D
14237,5,train,0.0070557622238993645,pdb_00006dzt_N1_N2
14238,5,train,0.9211305379867554,pdb_00005c0n_C_D
14239,5,train,0.010523386299610138,pdb_00006n4b_S1_S2
14240,5,train,0.0810534879565239,pdb_00006z2m_B_C
14241,5,train,0.01381429098546505,pdb_00008syp_M1_M2
14242,5,train,0.08070621639490128,pdb_00006vmk_f_e
14243,5,train,0.629593551158905,pdb_00007mmo_A_B
14244,5,train,0.007190607022494078,pdb_00003nif_E_F
14245,5,train,0.5516971945762634,pdb_00008bg5_C1_C2
14246,5,train,0.011915445327758789,pdb_00008xqs_S1_S2
14247,5,train,0.4325771629810333,pdb_00004jpk_H_L
14248,5,train,0.5690051317214966,pdb_00005jz7_H_L
14249,5,train,0.24777525663375854,pdb_00002dqf_E_D
14250,5,train,0.008416741155087948,pdb_00009ldw_S1_S2
14251,5,train,0.6546332836151123,pdb_00007wur_E_F
14252,5,train,0.016661951318383217,pdb_00007yk6_S1_S2
14253,5,train,0.8657893538475037,pdb_00005hbv_D_C
14254,5,train,0.018728503957390785,pdb_00008j6q_S1_S2
14255,5,train,0.04366368427872658,pdb_00002ht4_E_F
14256,5,train,0.6541960835456848,pdb_00008k5g_H_L
14257,5,train,0.017610792070627213,pdb_00008xjk_E1_E2
14258,5,train,0.5532729625701904,pdb_00008g5a_I_M
14259,5,train,0.8106415271759033,pdb_00006s3d_C_D
14260,5,train,0.005520370788872242,pdb_00007ew4_S1_S2
14261,5,train,0.0646442249417305,pdb_00008si9_K_L
14262,5,train,0.004647654015570879,pdb_00008jlk_S1_S2
14263,5,train,0.6471693515777588,pdb_00004f2m_C_D
14264,5,train,0.004048447124660015,pdb_00007tpd_E_F
14265,5,train,0.013262963853776455,pdb_00007vdh_S1_S2
14266,5,train,0.005986719857901335,pdb_00009jh6_S1_S2
14267,5,train,0.6418493986129761,pdb_00009os5_G_J
14268,5,train,0.005158864427357912,pdb_00009oxb_D1_D2
14269,5,train,0.6802047491073608,pdb_00008cxg_G_I
14270,5,train,0.017906827852129936,pdb_00007t6s_E1_E2
14271,5,train,0.19428911805152893,pdb_00007mzh_B_C
14272,5,train,0.1631777584552765,pdb_00008f2j_D_F
14273,5,train,0.16553597152233124,pdb_00008jel_A_B
14274,5,train,0.005061064846813679,pdb_00009cgj_E1_E2
14275,5,train,0.10399425774812698,pdb_00008elq_H_L
14276,5,train,0.04847912862896919,pdb_00006x3s_K_L
14277,5,train,0.7784403562545776,pdb_00008tnt_G_F
14278,5,train,0.4829498529434204,pdb_00008eed_I_J
14279,5,train,0.970999002456665,pdb_00009oco_H_L
14280,5,train,0.46367311477661133,pdb_00001p2c_B_A
14281,5,train,0.005013277754187584,pdb_00009ldx_S1_S2
14282,5,train,0.3998585343360901,pdb_00007sk8_D_C
14283,5,train,0.21220415830612183,pdb_00003rhw_F_N
14284,5,train,0.41998597979545593,pdb_00003fku_T1_T2
14285,5,train,0.9559913277626038,pdb_00007yh6_H_L
14286,5,train,0.026954837143421173,pdb_00006vmk_r_q
14287,5,train,0.03351787477731705,pdb_00008xxr_S1_S2
14288,5,train,0.4906214773654938,pdb_00003vrl_H_L
14289,5,train,0.03128266707062721,pdb_00006x3t_K_L
14290,5,train,0.017526574432849884,pdb_00007s8l_E1_E2
14291,5,train,0.8444787263870239,pdb_00009oap_H_L
14292,5,train,0.20711959898471832,pdb_00008i5h_E_F
14293,5,train,0.6705085039138794,pdb_00007v3g_I_M
14294,5,train,0.033388230949640274,pdb_00006x3v_J_I
14295,5,train,0.017993908375501633,pdb_00009jr2_S1_S2
14296,5,train,0.0401834174990654,pdb_00009cm7_N1_N2
14297,5,train,1.121854305267334,pdb_00006cvk_A2_A1
14298,5,train,0.048074446618556976,pdb_00008iys_E1_E2
14299,5,train,0.01993441954255104,pdb_00002r9h_E_F
14300,5,train,0.03580491989850998,pdb_00009kug_H1_H2
14301,5,train,0.35628998279571533,pdb_00008txu_F_K
14302,5,train,0.5814158320426941,pdb_00009og2_B_C
14303,5,train,0.48218831419944763,pdb_00008too_H_E
14304,5,train,0.334502249956131,pdb_00007kmh_A_B
14305,5,train,0.009159458801150322,pdb_00008dzp_E1_E2
14306,5,train,0.03361107036471367,pdb_00008f7r_E1_E2
14307,5,train,0.7608997821807861,pdb_00001rjl_B_A
14308,5,train,0.8931546807289124,pdb_00009sat_H_L
14309,5,train,0.017125915735960007,pdb_00007k63_N2_N1
14310,5,train,0.02886761911213398,pdb_00008thk_F1_F2
14311,5,train,0.6202454566955566,pdb_00006t9e_AAA_BBB
14312,5,train,0.041209906339645386,pdb_00005u5m_B_A
14313,5,train,0.9552868008613586,pdb_00006plk_I_M
14314,5,train,0.29294583201408386,pdb_00007tn0_H_G
14315,5,train,0.02575441263616085,pdb_00007f2o_S1_S2
14316,5,train,0.5274227857589722,pdb_00009lho_T_S
14317,5,train,0.5497655868530273,pdb_00009ima_C_D
14318,5,train,0.009726145304739475,pdb_00007s8n_E1_E2
14319,5,train,0.013956710696220398,pdb_00007yu3_S1_S2
14320,5,train,0.40515613555908203,pdb_00002i9l_H_G
14321,5,train,0.014302659779787064,pdb_00008xzf_S1_S2
14322,5,train,0.06762511283159256,pdb_00008j24_G1_G2
14323,5,train,0.03218410164117813,pdb_00003det_E_F
14324,5,train,0.6429645419120789,pdb_00009bt5_C_D
14325,5,train,0.027578050270676613,pdb_00008xyd_E1_E2
14326,5,train,0.46329155564308167,pdb_00001tqb_B_C
14327,5,train,0.011826924048364162,pdb_00009ll7_S1_S2
14328,5,train,0.7114272713661194,pdb_00008w86_A_B
14329,5,train,0.8268116116523743,pdb_00007t01_H_L
14330,5,train,0.7110617756843567,pdb_00006gff_N_M
14331,5,train,0.025575892999768257,pdb_00007w7e_H1_H2
14332,5,train,0.020786231383681297,pdb_00007eq1_S1_S2
14333,5,train,0.40257197618484497,pdb_00005ugy_J_N
14334,5,train,0.4229928255081177,pdb_00006j6y_B_C
14335,5,train,0.38705334067344666,pdb_00008hrd_Y_Z
14336,5,train,0.48151707649230957,pdb_00006cyf_M_L
14337,5,train,0.012961259111762047,pdb_00008evh_N1_N2
14338,5,train,0.013689788058400154,pdb_00009jeq_S1_S2
14339,5,train,0.44902530312538147,pdb_00007rk2_D1_D2
14340,5,train,0.06407347321510315,pdb_00005aaw_D1_D2
14341,5,train,0.02370319701731205,pdb_00006e0p_M1_M2
14342,5,train,0.8689329028129578,pdb_00004khx_H_L
14343,5,train,1.0060818195343018,pdb_00007mxl_J_K
14344,5,train,0.05026630312204361,pdb_00006x3z_J_I
14345,5,train,0.0623217336833477,pdb_00009nz4_D_C
14346,5,train,0.29773494601249695,pdb_00003fku_X1_X2
14347,5,train,0.03532782569527626,pdb_00009vmp_S1_S2
14348,5,train,0.012868513353168964,pdb_00009u4w_S1_S2
14349,5,train,0.55877286195755,pdb_00007wur_G_H
14350,5,train,0.0593104213476181,pdb_00009zqa_I2_I1
14351,5,train,0.2901552617549896,pdb_00002x7l_J_K
14352,5,train,0.09243982285261154,pdb_00006b3s_C_D
14353,5,train,0.005644164979457855,pdb_00002hlf_E_F
14354,5,train,0.368839830160141,pdb_00008g5a_H_L
14355,5,train,1.1100958585739136,pdb_00009o7i_D_C
14356,5,train,0.008286632597446442,pdb_00008k4s_D1_D2
14357,5,train,0.21000126004219055,pdb_00008g5a_J_N
14358,5,train,0.30402639508247375,pdb_00007jmo_H_L
14359,5,train,0.07293479889631271,pdb_00005aaw_K1_K2
14360,5,train,0.15545719861984253,pdb_00004tnw_U_h
14361,5,train,0.4656563103199005,pdb_00002wuc_H_L
14362,5,train,0.5753229260444641,pdb_00006woz_K_L
14363,5,train,0.4158906936645508,pdb_00008eoo_H_L
14364,5,train,0.015058017335832119,pdb_00009iqt_E1_E2
14365,5,train,0.06531461328268051,pdb_00006x3t_J_I
14366,5,train,0.4300079345703125,pdb_00007wqv_L1_L2
14367,5,train,0.38506880402565,pdb_00003nh7_H_L
14368,5,train,0.5495229363441467,pdb_00004hj0_P_Q
14369,5,train,0.006596615072339773,pdb_00008dd2_J_I
14370,5,train,0.3940941095352173,pdb_00006ii8_G_I
14371,5,train,0.012897090055048466,pdb_00008jlr_S1_S2
14372,5,train,0.011011342518031597,pdb_00007ejk_H1_H2
14373,5,train,0.16662287712097168,pdb_000011oq_H_L
14374,5,train,0.576607346534729,pdb_00007ttx_H_L
14375,5,train,0.5580878853797913,pdb_00007s7i_J_N
14376,5,train,0.31255239248275757,pdb_00007sk7_D_C
14377,5,train,0.5814849138259888,pdb_00006vja_I_M
14378,5,train,0.651924192905426,pdb_00008e8l_H_L
14379,5,train,0.012332221493124962,pdb_00008spu_N1_N2
14380,5,train,0.4407251179218292,pdb_00005wko_E_F
14381,5,train,0.009552398696541786,pdb_00008hnk_S1_S2
14382,5,train,0.7430238127708435,pdb_00009mqd_H_L
14383,5,train,0.8903987407684326,pdb_00008zpq_A_B
14384,5,train,0.7363471388816833,pdb_00008z6x_B_C
14385,5,train,0.8920483589172363,pdb_00008d7e_D_E
14386,5,train,0.44040048122406006,pdb_00006xq2_F_E
14387,5,train,1.9220563173294067,pdb_00006vlw_H_L
14388,5,train,0.09884502738714218,pdb_00008ihj_S1_S2
14389,5,train,0.3338014483451843,pdb_00007s0b_A_B
14390,5,train,0.006418223027139902,pdb_00008dwg_E1_E2
14391,5,train,0.028405312448740005,pdb_00008gcp_E1_E2
14392,5,train,0.9859130382537842,pdb_00006k65_H_L
14393,5,train,0.5351483225822449,pdb_00006dkj_H_L
14394,5,train,0.07417523860931396,pdb_00002qr0_X_W
14395,5,train,0.5538106560707092,pdb_00008xcd_H_L
14396,5,train,0.46188971400260925,pdb_00007sco_H_L
14397,5,train,0.46430397033691406,pdb_00004ffv_D_C
14398,5,train,0.2325899600982666,pdb_00005yoy_Q_N
14399,5,train,0.03286140039563179,pdb_00009izd_S1_S2
14400,5,train,0.24206650257110596,pdb_00008hws_H_L
14401,5,train,0.222677543759346,pdb_00002yss_B_A
14402,5,train,0.009226400405168533,pdb_00008g94_E1_E2
14403,5,train,0.028508150950074196,pdb_00008irs_E1_E2
14404,5,train,0.7171138525009155,pdb_00009me7_J_N
14405,5,train,0.005971005652099848,pdb_00009kfi_S1_S2
14406,5,train,0.48498111963272095,pdb_00006wtu_K_L
14407,5,train,0.964171290397644,pdb_00009oea_H_L
14408,5,train,0.5937702655792236,pdb_00009mtm_I_J
14409,5,train,0.5406725406646729,pdb_00009ib3_H_L
14410,5,train,0.025940705090761185,pdb_00006oij_H1_H2
14411,5,train,0.8414189219474792,pdb_00009l07_H_L
14412,5,train,0.8436987996101379,pdb_00007l0l_H_L
14413,5,train,0.25850552320480347,pdb_00008jkf_h_l
14414,5,train,0.05477799475193024,pdb_00002vc2_H_L
14415,5,train,0.8868597149848938,pdb_00005gs0_D_C
14416,5,train,0.12971000373363495,pdb_00001ua6_H_L
14417,5,train,0.010412584990262985,pdb_00009clw_N1_N2
14418,5,train,0.009415825828909874,pdb_00009w49_S1_S2
14419,5,train,0.611476719379425,pdb_00006a4k_K_O
14420,5,train,0.8013224005699158,pdb_00008tp5_H_L
14421,5,train,0.30339857935905457,pdb_00009ctw_F_E
14422,5,train,0.48823899030685425,pdb_00001fbi_Q_P
14423,5,train,0.5222604274749756,pdb_00008dwx_H_L
14424,5,train,0.7670288681983948,pdb_00009t5z_H_L
14425,5,train,0.8682100772857666,pdb_00007yd1_A_B
14426,5,train,0.6975098252296448,pdb_00007pry_C_D
14427,5,train,0.009196535684168339,pdb_00009vje_E1_E2
14428,5,train,1.5916625261306763,pdb_00009lbw_H_L
14429,5,train,0.5848196148872375,pdb_00007w71_H_L
14430,5,train,0.009679676964879036,pdb_00007wy0_C1_C2
14431,5,train,0.10475867241621017,pdb_00007o7f_H_F
14432,5,train,0.3282007575035095,pdb_00007t3d_K_N
14433,5,train,0.924157440662384,pdb_00006wds_H_L
14434,5,train,0.03648998588323593,pdb_00007srr_E1_E2
14435,5,train,0.3163061738014221,pdb_00006kyz_E_F
14436,5,train,0.36731112003326416,pdb_00009ue8_I_J
14437,5,train,0.4504297077655792,pdb_00001bvk_B_A
14438,5,train,1.019919753074646,pdb_00009rii_H_L
14439,5,train,0.010222040116786957,pdb_00007kh0_S1_S2
14440,5,train,0.8385607004165649,pdb_00006bpa_E_F
14441,5,train,0.010389246977865696,pdb_00007wv9_S1_S2
14442,5,train,0.46993857622146606,pdb_00001fsk_C_B
14443,5,train,0.09967055916786194,pdb_00009exa_D_C
14444,5,train,0.32894808053970337,pdb_00006ban_F_E
14445,5,train,0.5205512046813965,pdb_00005x8m_B_C
14446,5,train,0.13487306237220764,pdb_00007cvt_C_D
14447,5,train,1.016746163368225,pdb_00008sis_H_L
14448,5,train,0.07549626380205154,pdb_00008iec_N1_N2
14449,5,train,0.006345870438963175,pdb_00007vuy_S1_S2
14450,5,train,0.3212473392486572,pdb_00003dvn_H_L
14451,5,train,0.012085461989045143,pdb_00006lfm_S1_S2
14452,5,train,0.007508635055273771,pdb_00008yn5_E1_E2
14453,5,train,1.3865035772323608,pdb_00004hf5_H_L
14454,5,train,0.7678527235984802,pdb_00009npg_K_J
14455,5,train,0.4611695408821106,pdb_00003eo1_K_J
14456,5,train,0.010954773984849453,pdb_00009vif_S1_S2
14457,5,train,0.3379952013492584,pdb_00008tft_I_M
14458,5,train,0.13825662434101105,pdb_00006w0i_A_B
14459,5,train,0.5255651473999023,pdb_00004qci_H_L
14460,5,train,0.08644796162843704,pdb_00005aaw_B1_B2
14461,5,train,0.013817119412124157,pdb_00002vdn_H_L
14462,5,train,0.35789546370506287,pdb_00007nx7_H_L
14463,5,train,0.03212619200348854,pdb_00007w6p_H1_H2
14464,5,train,0.5633866190910339,pdb_00009mkn_H_L
14465,5,train,0.029239080846309662,pdb_00008yn6_E1_E2
14466,5,train,0.014922603033483028,pdb_00008evh_M1_M2
14467,5,train,1.3690898418426514,pdb_00007ey5_H_L
14468,5,train,0.04049011319875717,pdb_00009ouq_H_L
14469,5,train,0.382963091135025,pdb_00009iw2_H_L
14470,5,train,0.6928322911262512,pdb_00007bsd_A_B
14471,5,train,0.6222509741783142,pdb_00007y3o_H_L
14472,5,train,0.07145917415618896,pdb_00006k5i_C_D
14473,5,train,0.09157688915729523,pdb_00001j1x_H_L
14474,5,train,0.015721339732408524,pdb_00009ejz_H1_H2
14475,5,train,0.059253912419080734,pdb_00008vgk_H_G
14476,5,train,0.01469561830163002,pdb_00009ik8_E1_E2
14477,5,train,0.6597739458084106,pdb_00008hn7_D_C
14478,5,train,0.257567435503006,pdb_00008bg4_A1_A2
14479,5,train,0.6459878087043762,pdb_00009ue0_A_B
14480,5,train,0.6152744889259338,pdb_00007zwi_B_C
14481,5,train,0.009558507241308689,pdb_00008zme_E1_E2
14482,5,train,0.3204050064086914,pdb_00005w3m_E_G
14483,5,train,0.007571460213512182,pdb_00007d77_S1_S2
14484,5,train,0.2839376926422119,pdb_00007kfv_C_D
14485,5,train,0.29621487855911255,pdb_00009mkn_J_N
14486,5,train,0.012604869902133942,pdb_00008yh3_S1_S2
14487,5,train,0.6976006627082825,pdb_00009axl_H_L
14488,5,train,0.5866491794586182,pdb_00009f91_E_F
14489,5,train,0.5257219672203064,pdb_00007l7e_E_F
14490,5,train,0.7708974480628967,pdb_00008gpu_C_D
14491,5,train,0.5429834723472595,pdb_00007ley_G_F
14492,5,train,0.4735041856765747,pdb_00007wvd_G_H
14493,5,train,0.4679233729839325,pdb_00007rxl_C_D
14494,5,train,0.3225629925727844,pdb_00004h88_H_L
14495,5,train,0.7820720076560974,pdb_00009ml8_M_N
14496,5,train,0.010950957424938679,pdb_00009vj6_E1_E2
14497,5,train,0.5901694893836975,pdb_00009mtj_M_N
14498,5,train,1.2685407400131226,pdb_00006mtq_H_L
14499,5,train,0.04093689098954201,pdb_00006vmk_l_k
14500,5,train,0.07789848744869232,pdb_00008jen_E_F
14501,5,train,0.025821682065725327,pdb_00008yuv_S1_S2
14502,5,train,0.5623736381530762,pdb_00007ucq_J1_J2
14503,5,train,0.007513229735195637,pdb_00007t6v_E1_E2
14504,5,train,0.7834145426750183,pdb_00006oc3_C_D
14505,5,train,0.4010077118873596,pdb_00008caf_D_C
14506,5,train,0.005723811686038971,pdb_00008vvg_E1_E2
14507,5,train,0.4691052734851837,pdb_00006wzl_C_D
14508,5,train,0.8460451364517212,pdb_00008vk1_F_E
14509,5,train,0.7953787446022034,pdb_00007f15_B1_B2
14510,5,train,0.40201982855796814,pdb_00007cjf_A_B
14511,5,train,0.6159562468528748,pdb_00007lq7_C_D
14512,5,train,0.0069613042287528515,pdb_00008k6m_S1_S2
14513,5,train,0.5712478756904602,pdb_00009mtf_H_L
14514,5,train,0.07806850969791412,pdb_00006x40_J_I
14515,5,train,0.013168012723326683,pdb_00007x2v_E1_E2
14516,5,train,0.01437597256153822,pdb_00008spu_K1_K2
14517,5,train,0.4590454697608948,pdb_00008hq7_M_N
14518,5,train,0.619245707988739,pdb_00009cds_E_D
14519,5,train,0.024417610839009285,pdb_00007xav_E1_E2
14520,5,train,0.005361335352063179,pdb_00008k9k_H1_H2
14521,5,train,0.07686768472194672,pdb_00006z2m_H_L
14522,5,train,0.533186674118042,pdb_00007tzh_A1_A2
14523,5,train,1.1325874328613281,pdb_00004xzu_E_F
14524,5,train,0.822083055973053,pdb_00007scn_E_F
14525,5,train,0.033454202115535736,pdb_00009ggg_S1_S2
14526,5,train,0.5726408362388611,pdb_00007l5j_Y_X
14527,5,train,0.4659666419029236,pdb_00006pi7_F_E
14528,5,train,0.21057789027690887,pdb_00004dgi_H_L
14529,5,train,0.17482230067253113,pdb_00006p4a_H_L
14530,5,train,0.08054575324058533,pdb_00001ic4_H_L
14531,5,train,0.07355490326881409,pdb_00006ad8_E_F
14532,5,train,0.11451197415590286,pdb_00007zmk_B_C
14533,5,train,0.553219199180603,pdb_00004okv_A_B
14534,5,train,0.940307080745697,pdb_00008ag1_H_L
14535,5,train,0.02444484271109104,pdb_00008h2g_E1_E2
14536,5,train,0.4239238500595093,pdb_00008too_G_F
14537,5,train,0.008859721012413502,pdb_00006x3x_K_L
14538,5,train,0.7506126165390015,pdb_00008g5b_H_L
14539,5,train,0.6903417110443115,pdb_00004xrc_B_A
14540,5,train,0.5906068682670593,pdb_00003c09_H_L
14541,5,train,0.5386676788330078,pdb_00006d0u_K_L
14542,5,train,0.8850347995758057,pdb_00004lvh_H_I
14543,5,train,0.00872050505131483,pdb_00007sbf_E1_E2
14544,5,train,1.1108654737472534,pdb_00006osh_H_L
14545,5,train,0.35910338163375854,pdb_00008jkh_H_L
14546,5,train,0.881989598274231,pdb_00008fhy_H_L
14547,5,train,0.04587165638804436,pdb_00009nz3_D_C
14548,5,train,0.025162018835544586,pdb_00008f7x_E1_E2
14549,5,train,0.02060410939157009,pdb_00009uk2_E1_E2
14550,5,train,0.008036823011934757,pdb_00009vo0_E1_E2
14551,5,train,0.014128857292234898,pdb_00008w8r_S1_S2
14552,5,train,0.08708909153938293,pdb_00002dqe_H_L
14553,5,train,0.17899678647518158,pdb_00005dhy_H_L
14554,5,train,0.6394291520118713,pdb_00005h35_F_G
14555,5,train,0.31018784642219543,pdb_00007vgr_D_C
14556,5,train,1.1206560134887695,pdb_00007uij_H_L
14557,5,train,0.01665162295103073,pdb_00009jhp_S1_S2
14558,5,train,0.5555399656295776,pdb_00007l0l_I_K
14559,5,train,0.1418158859014511,pdb_00007mem_H_L
14560,5,train,0.6409593224525452,pdb_00007vyr_A_B
14561,5,train,0.027257360517978668,pdb_00007k78_L1_L2
14562,5,train,0.726168155670166,pdb_00008sdh_C_D
14563,5,train,0.6867632865905762,pdb_00008dwo_S_T
14564,5,train,0.5398328900337219,pdb_00008u4s_F_E
14565,5,train,1.2080045938491821,pdb_00009l8z_C_B
14566,5,train,0.02256651781499386,pdb_00002htk_C_D
14567,5,train,0.6105912923812866,pdb_00008gsc_H_L
14568,5,train,0.02446487545967102,pdb_00008t3q_N1_N2
14569,5,train,1.0999177694320679,pdb_00009e3l_G_H
14570,5,train,0.07644998282194138,pdb_00003stl_A_B
14571,5,train,0.024316972121596336,pdb_00007y89_S1_S2
14572,5,train,0.018704453483223915,pdb_00009izg_S1_S2
14573,5,train,0.23141327500343323,pdb_00001xgq_B_A
14574,5,train,0.2775793969631195,pdb_00009iz9_O_P
14575,5,train,0.9481255412101746,pdb_00007n0a_B_A
14576,5,train,0.012531900778412819,pdb_00003ze1_E_F
14577,5,train,0.7747316360473633,pdb_00001kb5_H_L
14578,5,train,0.6770356297492981,pdb_00006mlm_K_L
14579,5,train,0.8933249711990356,pdb_00006jod_H_L
14580,5,train,0.010839150287210941,pdb_00008xqn_S1_S2
14581,5,train,0.77920001745224,pdb_00009npg_G_H
14582,5,train,0.008355274796485901,pdb_00008y62_E1_E2
14583,5,train,0.24146834015846252,pdb_00003ri5_G_K
14584,5,train,0.10928937047719955,pdb_00002qr0_N_M
14585,5,train,0.940546989440918,pdb_00009qub_D_C
14586,5,train,0.03038257732987404,pdb_00006vmk_c_b
14587,5,train,0.8272305727005005,pdb_00006xm2_D_C
14588,5,train,0.01074192300438881,pdb_00009cm3_N1_N2
14589,5,train,0.8244082927703857,pdb_00006wtv_H_I
14590,5,train,0.012332706712186337,pdb_00007rbt_E1_E2
14591,5,train,0.22666116058826447,pdb_00008i5h_H_L
14592,5,train,0.004961160942912102,pdb_00002vdp_H_L
14593,5,train,0.41994115710258484,pdb_00009mqa_J_N
14594,5,train,1.2066409587860107,pdb_00008w0y_A_B
14595,5,train,0.08858239650726318,pdb_00001kir_B_A
14596,5,train,0.2707054615020752,pdb_00007mzh_H_L
14597,5,train,0.9228296279907227,pdb_00009cq8_G_H
14598,5,train,0.8455794453620911,pdb_00007u9e_H1_H2
14599,5,train,0.0043317461386322975,pdb_00003t3p_E_F
14600,5,train,0.4444219470024109,pdb_00005cbe_C_D
14601,5,train,0.4574820399284363,pdb_00007bbj_H_L
14602,5,train,0.02312343381345272,pdb_00008xos_E1_E2
14603,5,train,0.6961232423782349,pdb_00009cq8_C_E
14604,5,train,0.010257546789944172,pdb_00008x9t_S1_S2
14605,5,train,0.5343097448348999,pdb_00009vfu_E_F
14606,5,train,0.8702073693275452,pdb_00007lf7_A_B
14607,5,train,0.010076272301375866,pdb_00008gag_S1_S2
14608,5,train,0.2556547224521637,pdb_00004tnw_W_f
14609,5,train,0.6071358323097229,pdb_00006a4k_H_L
14610,5,train,0.9553369283676147,pdb_00002r56_H_L
14611,5,train,0.9210468530654907,pdb_00009ds1_H_L
14612,5,train,0.7877954840660095,pdb_00003o2d_H_L
14613,5,train,1.213616132736206,pdb_00001g9n_H_L
14614,5,train,0.007508206646889448,pdb_00009lrs_E1_E2
14615,5,train,0.39507633447647095,pdb_00009n4f_M_N
14616,5,train,0.6243740320205688,pdb_00009mqd_J_N
14617,5,train,0.5833161473274231,pdb_00007m71_H_L
14618,5,train,0.04785257950425148,pdb_00003f7y_A_B
14619,5,train,0.02545514889061451,pdb_00008ef5_E1_E2
14620,5,train,0.018666258081793785,pdb_00003f7v_A_B
14621,5,train,0.48749303817749023,pdb_00006ii9_H_L
14622,5,train,0.008063431829214096,pdb_00008g59_S1_S2
14623,5,train,0.5923788547515869,pdb_00009mtf_M_N
14624,5,train,0.683874249458313,pdb_00007mxl_H_L
14625,5,train,0.09214366227388382,pdb_00006yor_B_C
14626,5,train,1.115524411201477,pdb_00007unb_H_L
14627,5,train,0.02531777322292328,pdb_00009jfy_S1_S2
14628,5,train,0.738641083240509,pdb_00009me5_H_L
14629,5,train,0.008106387220323086,pdb_00009iyb_E1_E2
14630,5,train,0.7540121078491211,pdb_00003lh2_J_N
14631,5,train,0.4609721004962921,pdb_00008znz_I_J
14632,5,train,0.017794568091630936,pdb_00002itd_A_B
14633,5,train,0.3895329236984253,pdb_00008u4s_H_L
14634,5,train,0.5400173664093018,pdb_00008tui_H_L
14635,5,train,0.4848947525024414,pdb_00007dk2_A_B
14636,5,train,0.9715628623962402,pdb_00008p5m_G_L
14637,5,train,0.798882246017456,pdb_00005a3i_G_H
14638,5,train,0.03865081071853638,pdb_00002h2s_C_D
14639,5,train,0.004612399265170097,pdb_00008xxv_E1_E2
14640,5,train,0.0059807742945849895,pdb_00007w3z_H1_H2
14641,5,train,0.5883710384368896,pdb_00001dee_F_E
14642,5,train,0.017125803977251053,pdb_00008hnm_S1_S2
14643,5,train,0.6817500591278076,pdb_00009azv_H_L
14644,5,train,0.37624338269233704,pdb_00004gxu_S_T
14645,5,train,0.008156275376677513,pdb_00002fed_C_D
14646,5,train,0.718026876449585,pdb_00001oak_H_L
14647,5,train,0.2783186137676239,pdb_00008dn6_C_D
14648,5,train,0.5101327300071716,pdb_00007l7e_M_N
14649,5,train,0.006038570310920477,pdb_00007vih_E1_E2
14650,5,train,0.028823785483837128,pdb_00008efl_E1_E2
14651,5,train,0.5075259804725647,pdb_00004qci_B_A
14652,5,train,0.017287107184529305,pdb_00007m2j_A_B
14653,5,train,0.026894710958003998,pdb_00001c08_B_A
14654,5,train,0.021737411618232727,pdb_00008t3v_N1_N2
14655,5,train,1.1151978969573975,pdb_00003c09_C_B
14656,5,train,0.18158429861068726,pdb_00008q6j_B_A
14657,5,train,0.3282032310962677,pdb_00007wvd_I_J
14658,5,train,0.00617395993322134,pdb_00002vdk_H_L
14659,5,train,0.3880356550216675,pdb_00009mqd_I_M
14660,5,train,1.2243045568466187,pdb_00009rir_H_L
14661,5,train,0.5766028761863708,pdb_00008zd5_E_F
14662,5,train,0.0605648010969162,pdb_00009kt9_E1_E2
14663,5,train,0.3940107822418213,pdb_00008ulf_J_N
14664,5,train,0.1061839833855629,pdb_00007zmk_E_F
14665,5,train,0.2208741158246994,pdb_00003fku_S1_S2
14666,5,train,0.875170886516571,pdb_00009od3_H_L
14667,5,train,0.09318671375513077,pdb_00008ihf_S1_S2
14668,5,train,1.0999727249145508,pdb_00009vca_H_L
14669,5,train,0.026357628405094147,pdb_00003ejy_C_D
14670,5,train,0.015151793137192726,pdb_00009kvh_E1_E2
14671,5,train,1.0236998796463013,pdb_00002r29_H_L
14672,5,train,0.42809221148490906,pdb_00008hn6_C_D
14673,5,train,0.06646812707185745,pdb_00008kgg_E1_E2
14674,5,train,0.7848183512687683,pdb_00009js7_J_M
14675,5,train,0.42631182074546814,pdb_00004zff_A_B
14676,5,train,0.8581411838531494,pdb_00009p1m_F_E
14677,5,train,0.39355555176734924,pdb_00007yck_C_D
14678,5,train,0.6303339004516602,pdb_00008u4q_H_L
14679,5,train,0.7253803610801697,pdb_00007z0y_H_L
14680,5,train,0.02018687315285206,pdb_00008feg_F1_F2
14681,5,train,0.5847904682159424,pdb_00007rk1_D1_D2
14682,5,train,0.015603739768266678,pdb_00004fg6_E_F
14683,5,train,0.0636136457324028,pdb_00008evi_N1_N2
14684,5,train,0.035897914320230484,pdb_00008wpu_E1_E2
14685,5,train,0.8954731225967407,pdb_00008ygs_H_L
14686,5,train,0.2720682621002197,pdb_00002x7l_E_F
14687,5,train,0.6410227417945862,pdb_00006o1f_H_L
14688,5,train,0.015354621224105358,pdb_00003ejz_C_D
14689,5,train,0.0997963473200798,pdb_00008vgi_F_E
14690,5,train,0.009292037226259708,pdb_00009k3h_S1_S2
14691,5,train,0.31078633666038513,pdb_00009ue8_E_F
14692,5,train,0.9468775987625122,pdb_00005lsp_H_L
14693,5,train,0.7828059196472168,pdb_00007shy_K_L
14694,5,train,0.07572216540575027,pdb_00007sr8_E1_E2
14695,5,train,1.1407179832458496,pdb_00009rik_H_L
14696,5,train,0.5020208358764648,pdb_00007dpm_G_H
14697,5,train,0.7183507084846497,pdb_00008jin_P2_P1
14698,5,train,0.02418619766831398,pdb_00008f7w_E1_E2
14699,5,train,0.012875091284513474,pdb_00008jd6_D1_D2
14700,5,train,0.011997719295322895,pdb_00007uje_E_F
14701,5,train,0.23469297587871552,pdb_00003d9a_H_L
14702,5,train,1.2933909893035889,pdb_00005ldn_H_L
14703,5,train,0.009330329485237598,pdb_00009jmd_E1_E2
14704,5,train,0.011196166276931763,pdb_00008jxt_E1_E2
14705,5,train,0.010090851224958897,pdb_00007y66_S1_S2
14706,5,train,0.7242318391799927,pdb_00008kdt_H_L
14707,5,train,1.0943989753723145,pdb_00008jn1_H_L
14708,5,train,0.03099273517727852,pdb_00008ubj_M2_M1
14709,5,train,0.14014075696468353,pdb_00007xta_E1_E2
14710,5,train,0.011768708005547523,pdb_00007t96_E1_E2
14711,5,train,0.9523497223854065,pdb_00009zdu_H_L
14712,5,train,0.7730439305305481,pdb_00006wno_E_F
14713,5,train,0.3797749876976013,pdb_00009hh9_I_H
14714,5,train,0.6367194652557373,pdb_00006vgr_H_L
14715,5,train,0.32171979546546936,pdb_00006p4b_H_L
14716,5,train,0.4649101793766022,pdb_00009ib1_H_L
14717,5,train,0.3200099468231201,pdb_00008too_B_A
14718,5,train,0.009807289578020573,pdb_00008hnl_S1_S2
14719,5,train,0.02739950269460678,pdb_00008xxz_S1_S2
14720,5,train,0.019060902297496796,pdb_00008sgo_K_L
14721,5,train,0.008420973084867,pdb_00006kpf_S1_S2
14722,5,train,0.23990194499492645,pdb_00008zyt_D_Q
14723,5,train,0.7563504576683044,pdb_00009atm_H_L
14724,5,train,0.9597938656806946,pdb_00007ezv_M_N
14725,5,train,1.021959662437439,pdb_00007lg6_C_D
14726,5,train,0.0068411994725465775,pdb_00008vy7_D1_D2
14727,5,train,0.4044189751148224,pdb_00008dis_A_C
14728,5,train,0.004563558381050825,pdb_00007eb2_N1_N2
14729,5,train,0.29937389492988586,pdb_00007mzk_F_E
14730,5,train,0.5047346949577332,pdb_00004dkf_I_M
14731,5,train,0.14281496405601501,pdb_00004tnw_I_O
14732,5,train,0.004466329701244831,pdb_00007cvt_E_F
14733,5,train,0.10165924578905106,pdb_00002dqh_H_L
14734,5,train,0.00618730066344142,pdb_00008k2x_S1_S2
14735,5,train,0.31413352489471436,pdb_00002i9l_B_A
14736,5,train,0.47975197434425354,pdb_00008bg3_A1_A2
14737,5,train,0.6230731010437012,pdb_00007scn_H_L
14738,5,train,0.008850326761603355,pdb_00009drx_K_L
14739,5,train,0.4157906472682953,pdb_00009lrh_H_L
14740,5,train,0.3763802945613861,pdb_00008vgm_E_F
14741,5,train,0.3820006549358368,pdb_00008hpf_M_N
14742,5,train,0.3278333842754364,pdb_00007ch5_H_L
14743,5,train,0.35134491324424744,pdb_00008g5b_I_M
14744,5,train,0.4365275502204895,pdb_00007dpm_A_B
14745,5,train,0.8317164182662964,pdb_00007uvq_D_E
14746,5,train,0.1298089176416397,pdb_00002dqf_B_A
14747,5,train,0.9755284190177917,pdb_00009mth_I_J
14748,5,train,0.02498578280210495,pdb_00007ykd_S1_S2
14749,5,train,0.009851539507508278,pdb_00007wu9_S1_S2
14750,5,train,0.053766168653964996,pdb_00002qr0_F_E
14751,5,train,0.01658603735268116,pdb_00007u0g_N1_N2
14752,5,train,0.005695456173270941,pdb_00002ht4_C_D
14753,5,train,0.08919739723205566,pdb_00008jel_C_D
14754,5,train,0.0546225905418396,pdb_00009exa_F_E
14755,5,train,0.4861343801021576,pdb_00008y3l_G_H
14756,5,train,0.06141853705048561,pdb_00004tnw_J_M
14757,5,train,0.5013560056686401,pdb_00007wwk_I_H
14758,5,train,0.08869977295398712,pdb_00002dqc_H_L
14759,5,train,0.008036169223487377,pdb_00008jlj_S1_S2
14760,5,train,0.014454994350671768,pdb_00009jkt_S1_S2
14761,5,train,1.0136641263961792,pdb_00008d9y_H_G
14762,5,train,0.6503466963768005,pdb_00004hg4_Z_z
14763,5,train,0.022962097078561783,pdb_00006xbk_S1_S2
14764,5,train,0.022798003628849983,pdb_00007vdl_S1_S2
14765,5,train,0.007829258218407631,pdb_00008xx3_S1_S2
14766,5,train,0.08495396375656128,pdb_00004tnw_X_i
14767,5,train,0.012079162523150444,pdb_00008dk5_K1_K2
14768,5,train,0.519912838935852,pdb_00008wpy_C_D
14769,5,train,0.015684619545936584,pdb_00007t6b_E1_E2
14770,5,train,0.005075296852737665,pdb_00003ze2_H_L
14771,5,train,0.012980890460312366,pdb_00007euo_S1_S2
14772,5,train,0.7832447290420532,pdb_00007jwg_A_B
14773,5,train,0.43347591161727905,pdb_00001yqv_H_L
14774,5,train,0.7710133194923401,pdb_00009cu7_I_M
14775,5,train,0.5093668699264526,pdb_00007x2o_H_L
14776,5,train,0.7635248303413391,pdb_00007xrz_H_L
14777,5,train,0.012179612182080746,pdb_00007f4f_S1_S2
14778,5,train,0.43789175152778625,pdb_00002fjh_H_L
14779,5,train,0.010413582436740398,pdb_00007na7_N1_N2
14780,5,train,0.005622682627290487,pdb_00007k60_M2_M1
14781,5,train,0.19787774980068207,pdb_00003ri5_I_O
14782,5,train,0.029253078624606133,pdb_00009vmg_S1_S2
14783,5,train,0.6746668219566345,pdb_00004al8_H_L
14784,5,train,0.43346506357192993,pdb_00005xhv_P_Q
14785,5,train,0.8988631963729858,pdb_00006plk_H_L
14786,5,train,0.794743001461029,pdb_00008jeo_E_F
14787,5,train,0.3036991357803345,pdb_00006ban_D_C
14788,5,train,1.2471232414245605,pdb_00005ug0_D_C
14789,5,train,0.026202339679002762,pdb_00008yna_E1_E2
14790,5,train,0.032085221260786057,pdb_00003a67_H_L
14791,5,train,0.013363070785999298,pdb_00004lcu_A_B
14792,5,train,0.010693410411477089,pdb_00008hsc_S1_S2
14793,5,train,0.06888724863529205,pdb_00003ri5_H_L
14794,5,train,0.4364762306213379,pdb_00008jqs_H_L
14795,5,train,0.3972475230693817,pdb_00008hrd_N_Q
14796,5,train,0.638410210609436,pdb_00008d9y_F_E
14797,5,train,0.6701639294624329,pdb_00005ggt_H_L
14798,5,train,0.008078561164438725,pdb_00008k9l_H1_H2
14799,5,train,0.4702598750591278,pdb_00006a4k_I_M
14800,5,train,0.3381422162055969,pdb_00008go8_H_L
14801,5,train,0.7707446217536926,pdb_00007zoz_H_L
14802,5,train,0.5598768591880798,pdb_00007ua2_B1_B2
14803,5,train,0.7919884324073792,pdb_00007rr0_B_C
14804,5,train,0.007646414451301098,pdb_00009vnf_E1_E2
14805,5,train,0.5614417195320129,pdb_00004hg4_P_Q
14806,5,train,0.9281907081604004,pdb_00008bcz_A_B
14807,5,train,0.005497603677213192,pdb_00007vig_E1_E2
14808,5,train,0.6503474116325378,pdb_00009jeb_A1_A2
14809,5,train,0.11886364966630936,pdb_00006x3w_J_I
14810,5,train,0.011515827849507332,pdb_00008id6_S1_S2
14811,5,train,0.6671614646911621,pdb_00006ww5_C_D
14812,5,train,0.5368307828903198,pdb_00009n4e_O_R
14813,5,train,0.4465559124946594,pdb_00006cyf_U_T
14814,5,train,0.058457594364881516,pdb_00006k5d_C_D
14815,5,train,1.0037457942962646,pdb_00006wn1_B_C
14816,5,train,0.4404870867729187,pdb_00004odx_H_B
14817,5,train,0.16294734179973602,pdb_00003rhw_I_O
14818,5,train,1.1145529747009277,pdb_00008s72_X_Y
14819,5,train,0.04677840694785118,pdb_00008j23_F1_F2
14820,5,train,0.08075961470603943,pdb_00006zlr_BBB_CCC
14821,5,train,0.5347428321838379,pdb_00001za3_B_A
14822,5,train,0.37101367115974426,pdb_00003nh7_K_O
14823,5,train,0.25244230031967163,pdb_00007xcp_H_L
14824,5,train,0.019092464819550514,pdb_00008jjp_S1_S2
14825,5,train,0.3111908733844757,pdb_00007kfw_F_G
14826,5,train,0.7804479002952576,pdb_00007wcr_a_b
14827,5,train,0.7175937294960022,pdb_00007kn3_M_N
14828,5,train,0.4779145121574402,pdb_00008zbb_H_L
14829,5,train,0.3564414083957672,pdb_00005nhr_A_B
14830,5,train,0.45768553018569946,pdb_00009azr_H_L
14831,5,train,0.5397834181785583,pdb_00002dd8_H_L
14832,5,train,0.9025975465774536,pdb_00008f6l_A_B
14833,5,train,0.7508105635643005,pdb_00007yds_B_C
14834,5,train,0.8454710245132446,pdb_00009n5z_A_B
14835,5,train,0.38053297996520996,pdb_00007dk2_J_K
14836,5,train,0.009293093346059322,pdb_00006x3u_K_L
14837,5,train,0.49513012170791626,pdb_00008ut2_L_K
14838,5,train,0.21456895768642426,pdb_00002x7l_A_B
14839,5,train,0.20382888615131378,pdb_00007kfw_C_D
14840,5,train,0.0035388281103223562,pdb_00009iy8_S1_S2
14841,5,train,0.011644658632576466,pdb_00008ubi_M2_M1
14842,5,train,0.006493639200925827,pdb_00008zjg_S1_S2
14843,5,train,0.2709901034832001,pdb_00009cpu_F_G
14844,5,train,0.5570960640907288,pdb_00003u30_C_B
14845,5,train,0.01978474110364914,pdb_00007y15_S1_S2
14846,5,train,0.23485425114631653,pdb_00007c01_C_D
14847,5,train,0.5560661554336548,pdb_00007x3c_F_E
14848,5,train,0.5817552208900452,pdb_00003p0y_H_L
14849,5,train,0.005131379701197147,pdb_00007vla_S1_S2
14850,5,train,0.04647640511393547,pdb_00008ihb_S1_S2
14851,5,train,0.7412505745887756,pdb_00006wmw_M_N
14852,5,train,0.5055502653121948,pdb_00001mlc_D_C
14853,5,train,0.007656633388251066,pdb_00008dzr_E1_E2
14854,5,train,0.008572510443627834,pdb_00007qvm_S1_S2
14855,5,train,0.01258158404380083,pdb_00006x3v_K_L
14856,5,train,0.473893404006958,pdb_00007lq7_P_Q
14857,5,train,0.009990619495511055,pdb_00008sps_K1_K2
14858,5,train,1.049513578414917,pdb_00004ubd_Y_X
14859,5,train,0.005460411310195923,pdb_00003nig_E_F
14860,5,train,0.5228344798088074,pdb_00008cma_H_L
14861,5,train,0.022413229569792747,pdb_00007rkx_D1_D2
14862,5,train,0.0465775728225708,pdb_00008wwj_E1_E2
14863,5,train,0.666867196559906,pdb_00003sob_H_L
14864,5,train,0.9463688731193542,pdb_00008w5f_H_L
14865,5,train,0.5959707498550415,pdb_00006k7o_H_L
14866,5,train,0.47223830223083496,pdb_00009ccs_C_B
14867,5,train,0.4064992666244507,pdb_00007pry_F_G
14868,5,train,0.3871892988681793,pdb_00007kmg_D_E
14869,5,train,0.5394532084465027,pdb_00008eqf_H_L
14870,5,train,0.13783885538578033,pdb_00007zmk_S_T
14871,5,train,0.7614818215370178,pdb_00005umi_H_L
14872,5,train,0.9174214601516724,pdb_00007tp3_H_L
14873,5,train,0.0122437234967947,pdb_00002ht2_E_F
14874,5,train,0.06890279054641724,pdb_00008vgh_F_E
14875,5,train,0.8678102493286133,pdb_00007uzd_H_L
14876,5,train,0.6352049112319946,pdb_00008gpu_H_L
14877,5,train,0.8343630433082581,pdb_00006s3d_H_L
14878,5,train,0.028512876480817795,pdb_00008j6l_H1_H2
14879,5,train,0.47700896859169006,pdb_00004yk4_Z_Y
14880,5,train,0.1562688648700714,pdb_00001vfb_B_A
14881,5,train,0.7034998536109924,pdb_00009dzf_H_L
14882,5,train,0.00924045778810978,pdb_00008xwp_D1_D2
14883,5,train,0.008106393739581108,pdb_00007wf7_E1_E2
14884,5,train,0.6573436260223389,pdb_00008dwo_H_L
14885,5,train,0.35651376843452454,pdb_00008wo4_B_A
14886,5,train,0.41898730397224426,pdb_00006k7o_F_G
14887,5,train,0.027793485671281815,pdb_00008zd1_S1_S2
14888,5,train,0.8378396034240723,pdb_00007t0w_H_L
14889,5,train,0.6740342974662781,pdb_00008rrn_H_L
14890,5,train,0.9050928950309753,pdb_00007u9w_H1_H2
14891,5,train,0.4726356565952301,pdb_00001tzi_B_A
14892,5,train,0.7428078055381775,pdb_00009gwt_H_L
14893,5,train,0.5045890212059021,pdb_00009jeb_C1_C2
14894,5,train,0.4039883613586426,pdb_00003u30_F_E
14895,5,train,0.26784011721611023,pdb_00007zfe_J_K
14896,5,train,1.6857295036315918,pdb_00009osx_B_C
14897,5,train,0.8520261645317078,pdb_00007lg6_J_M
14898,5,train,0.9879726767539978,pdb_00001adq_H_L
14899,5,train,0.4266599714756012,pdb_00008y3i_G_H
14900,5,train,0.33015555143356323,pdb_00009jy2_B_A
14901,5,train,0.378088116645813,pdb_00009q7b_G_I
14902,5,train,0.6920894980430603,pdb_00008da1_B_A
14903,5,train,0.8018746376037598,pdb_00002zck_H_L
14904,5,train,0.11443445831537247,pdb_00009ge2_F1_F2
14905,5,train,0.7730032801628113,pdb_00008el2_H_L
14906,5,train,0.7102978229522705,pdb_00007djz_A_B
14907,5,train,0.39879804849624634,pdb_00007wrv_U_V
14908,5,train,1.0077439546585083,pdb_00006wqo_E_F
14909,5,train,0.6087555885314941,pdb_00006n5d_L_N
14910,5,train,0.5181426405906677,pdb_00007ucq_I1_I2
14911,5,train,0.7301672101020813,pdb_00007m7w_H_L
14912,5,train,0.009325665421783924,pdb_00009b54_S1_S2
14913,5,train,0.018324540928006172,pdb_00009ejc_D1_D2
14914,5,train,0.43356335163116455,pdb_00007bnv_H_L
14915,5,train,0.14066702127456665,pdb_00007zfe_F_G
14916,5,train,0.03126046806573868,pdb_00006x3z_K_L
14917,5,train,0.01620774157345295,pdb_00009upu_S1_S2
14918,5,train,0.7092376351356506,pdb_00009jbq_A_B
14919,5,train,0.2344667762517929,pdb_00008wnp_D_C
14920,5,train,0.0104463966563344,pdb_00008jso_S1_S2
14921,5,train,0.43522733449935913,pdb_00005x8l_S_N
14922,5,train,0.21757826209068298,pdb_00006k7o_D_E
14923,5,train,0.027425065636634827,pdb_00003or7_A_B
14924,5,train,0.2422504872083664,pdb_00009cpv_C_D
14925,5,train,0.06174573302268982,pdb_00009ov4_J_K
14926,5,train,0.10169520974159241,pdb_00006w0g_A_B
14927,5,train,0.012613998726010323,pdb_00007vl9_S1_S2
14928,5,train,0.3877769410610199,pdb_00007jum_H1_H2
14929,5,train,0.03325878456234932,pdb_00003ri5_J_M
14930,5,train,0.008331148885190487,pdb_00008yyx_A1_A2
14931,5,train,0.9692211151123047,pdb_00006jep_H_L
14932,5,train,0.7632153630256653,pdb_00009mkn_Q_R
14933,5,train,0.004657960496842861,pdb_00008eit_E1_E2
14934,5,train,0.3055649995803833,pdb_00007wwk_G_F
14935,5,train,0.3505065143108368,pdb_00001fsk_L_K
14936,5,train,0.8773000836372375,pdb_00009rip_H_L
14937,5,train,0.018583936616778374,pdb_00009erx_F1_F2
14938,5,train,0.3727932274341583,pdb_00003v4v_M_N
14939,5,train,0.23883721232414246,pdb_00007mem_I_K
14940,5,train,0.008631055243313313,pdb_00002ht3_C_D
14941,5,train,0.02200549654662609,pdb_00009jky_S1_S2
14942,5,train,0.019951917231082916,pdb_00008z9p_S1_S2
14943,5,train,0.5696606636047363,pdb_00008v5v_b_d
14944,5,train,0.6343095898628235,pdb_00008f6x_F1_F2
14945,5,train,0.9150002002716064,pdb_00008ywe_C2_C1
14946,5,train,0.011713694781064987,pdb_00006e0p_N1_N2
14947,5,train,0.046719666570425034,pdb_00008vgh_K_L
14948,5,train,0.7757482528686523,pdb_00008w5l_H_L
14949,5,train,0.5356249213218689,pdb_00007m3i_H_L
14950,5,train,0.15613339841365814,pdb_00008wnp_B_A
14951,5,train,0.6460299491882324,pdb_00009lp1_A_B
14952,5,train,0.03499839827418327,pdb_00007ezm_H1_H2
14953,5,train,0.022335276007652283,pdb_00008vgh_H_G
14954,5,train,0.4661281704902649,pdb_00002jix_F_A
14955,5,train,0.18099842965602875,pdb_00008smt_A_B
14956,5,train,0.7800779938697815,pdb_00003qwo_A_B
14957,5,train,0.021076878532767296,pdb_00002h2p_E_F
14958,5,train,0.12911999225616455,pdb_000011ol_H_L
14959,5,train,0.004904389381408691,pdb_00007rg9_E1_E2
14960,5,train,0.009493154473602772,pdb_00008vvf_E1_E2
14961,5,train,0.8166033625602722,pdb_00004ubd_O_P
14962,5,train,0.8719109892845154,pdb_00009yyu_H_L
14963,5,train,0.7891334891319275,pdb_00007woc_A_B
14964,5,train,0.6466800570487976,pdb_00002ybr_A_B
14965,5,train,0.2325175255537033,pdb_00005w3o_D_E
14966,5,train,0.019338060170412064,pdb_00009k07_E1_E2
14967,5,train,0.045606426894664764,pdb_00009p0l_F1_F2
14968,5,train,0.0038279620930552483,pdb_00008yyw_B1_B2
14969,5,train,0.057643260806798935,pdb_00006adc_C_D
14970,5,train,0.3869262635707855,pdb_00007k9z_H_L
14971,5,train,1.0796985626220703,pdb_00007rxp_H_L
14972,5,train,0.7598453760147095,pdb_00007b0b_H_L
14973,5,train,0.030089925974607468,pdb_00008wwn_E1_E2
14974,5,train,0.4879602789878845,pdb_00004n90_H_I
14975,5,train,0.7880797982215881,pdb_00007t82_H_L
14976,5,train,0.958034098148346,pdb_00006dfj_H_L
14977,5,train,0.023197997361421585,pdb_00008i9l_H1_H2
14978,5,train,0.7110314965248108,pdb_00004lvh_E_F
14979,5,train,0.4250079393386841,pdb_00007lq7_y_z
14980,5,train,0.3506733775138855,pdb_00007dq7_H_L
14981,5,train,0.33571183681488037,pdb_00007zf9_A_B
14982,5,train,0.714208722114563,pdb_00007y3n_H_L
14983,5,train,0.011167983524501324,pdb_00007exd_E1_E2
14984,5,train,0.16046901047229767,pdb_00006ban_B_A
14985,5,train,0.359164834022522,pdb_00006a4k_J_N
14986,5,train,0.5501865148544312,pdb_00004dn4_H_L
14987,5,train,0.43045735359191895,pdb_00007m7b_H_L
14988,5,train,1.0439757108688354,pdb_00004ut6_H_L
14989,5,train,0.018579836934804916,pdb_00008xjn_E1_E2
14990,5,train,0.7142162322998047,pdb_00008zdw_U_R
14991,5,train,0.0156685933470726,pdb_00009vmy_E1_E2
14992,5,train,0.7824639081954956,pdb_00008hrd_C_E
14993,5,train,0.783855140209198,pdb_00005vqm_D_C
14994,5,train,0.033255353569984436,pdb_00008efb_E1_E2
14995,5,train,0.049582742154598236,pdb_00006vmk_K_J
14996,5,train,0.015327037312090397,pdb_00007w0p_S1_S2
14997,5,train,0.5170605182647705,pdb_00008bg2_A1_A2
14998,5,train,0.2208884060382843,pdb_00009l6c_H_L
14999,5,train,0.09591025114059448,pdb_00003gb7_A_B
15000,5,train,0.5624881982803345,pdb_00008zd6_K_L
15001,5,train,0.8114446997642517,pdb_00004ffw_H_L
15002,5,train,0.012999868020415306,pdb_00001otu_C_D
15003,5,train,1.106408953666687,pdb_00006wex_H_L
15004,5,train,0.008902901783585548,pdb_00008zh8_S1_S2
15005,5,train,0.74898761510849,pdb_00007k9z_B_A
15006,5,train,0.3221447169780731,pdb_00007u9e_B1_B2
15007,5,train,0.03647880628705025,pdb_00009ns9_N1_N2
15008,5,train,0.45161569118499756,pdb_00009lho_I_H
15009,5,train,0.4847395718097687,pdb_00009b82_P_O
15010,5,train,0.01405143178999424,pdb_00006kpg_S1_S2
15011,5,train,0.362061083316803,pdb_00008jkh_h_l
15012,5,train,0.016401609405875206,pdb_00008hqm_H1_H2
15013,5,train,0.007673830725252628,pdb_00008e9x_E1_E2
15014,5,train,0.5096442699432373,pdb_00003h42_H_L
15015,5,train,0.47989970445632935,pdb_00009hub_I_M
15016,5,train,0.854981541633606,pdb_00007s0x_H_L
15017,5,train,0.04451741650700569,pdb_00006ad7_C_D
15018,5,train,0.018282905220985413,pdb_00008iyw_H1_H2
15019,5,train,0.43194854259490967,pdb_00003dvg_B_A
15020,5,train,0.12307819724082947,pdb_00009oun_J_K
15021,5,train,0.3853091895580292,pdb_00006p4b_B_A
15022,5,train,0.026217462494969368,pdb_00008w2e_F_E
15023,5,train,0.3752437233924866,pdb_00004hg4_V_W
15024,5,train,0.03658607602119446,pdb_00009ouq_J_K
15025,5,train,0.8414081931114197,pdb_00006gv1_H_L
15026,5,train,0.010402444750070572,pdb_00007u0i_K1_K2
15027,5,train,0.010230283252894878,pdb_00003t3m_H_L
15028,5,train,0.014332891441881657,pdb_00007vgx_S1_S2
15029,5,train,0.4222986698150635,pdb_00007pqy_B_C
15030,5,train,0.014900557696819305,pdb_00008zqe_S1_S2
15031,5,train,0.2412303239107132,pdb_00007zf9_H_L
15032,5,train,0.7822358012199402,pdb_00008dxt_H_L
15033,5,train,0.41663601994514465,pdb_00009qub_F_E
15034,5,train,0.009660144336521626,pdb_00007wyb_E1_E2
15035,5,train,0.2138630747795105,pdb_00007lop_W_V
15036,5,train,1.1920653581619263,pdb_00003lqa_H_L
15037,5,train,0.2920081317424774,pdb_00006txz_K_O
15038,5,train,0.027114026248455048,pdb_00009j31_D1_D2
15039,5,train,0.5351843237876892,pdb_00005kov_U1_U2
15040,5,train,0.020778406411409378,pdb_00002h2p_C_D
15041,5,train,1.0649867057800293,pdb_00009cci_B_C
15042,5,train,0.47833481431007385,pdb_00008ebp_H_L
15043,5,train,0.2657868266105652,pdb_00008hws_D_E
15044,5,train,0.022630931809544563,pdb_00009jid_S1_S2
15045,5,train,0.7664389610290527,pdb_00006ocb_H_L
15046,5,train,0.5351023077964783,pdb_00003eoa_H_L
15047,5,train,0.5442616939544678,pdb_00008gs9_H_K
15048,5,train,0.01440215203911066,pdb_00009bqj_E1_E2
15049,5,train,0.020000187680125237,pdb_00009zqb_J2_J1
15050,5,train,0.5392655730247498,pdb_00003v6z_C_D
15051,5,train,0.011663052253425121,pdb_00008zbi_F1_F2
15052,5,train,0.004732572007924318,pdb_00002vdm_H_L
15053,5,train,0.0114901727065444,pdb_00008xqf_S1_S2
15054,5,train,0.9947493672370911,pdb_00008tfn_H_L
15055,5,train,0.29195156693458557,pdb_00004hg4_N_O
15056,5,train,0.2152644842863083,pdb_00003hfm_H_L
15057,5,train,0.7264466881752014,pdb_00009oi3_H_L
15058,5,train,1.7555233240127563,pdb_00005dfw_H1_H2
15059,5,train,0.45251429080963135,pdb_00007m7w_C_D
15060,5,train,0.010657920502126217,pdb_00009izf_S1_S2
15061,5,train,0.5241924524307251,pdb_00009mtj_H_L
15062,5,train,0.013076990842819214,pdb_00008wwl_E1_E2
15063,5,train,0.46617886424064636,pdb_00007ws2_E_D
15064,5,train,0.8959664702415466,pdb_00008e8y_H_L
15065,5,train,0.8173530697822571,pdb_00007uvi_A_B
15066,5,train,0.027920782566070557,pdb_00003f5w_A_B
15067,5,train,0.3783610165119171,pdb_00009udq_I_C
15068,5,train,0.018228834494948387,pdb_00006x3u_J_I
15069,5,train,0.3498237431049347,pdb_00009iz9_Q_R
15070,5,train,0.515571117401123,pdb_00009jqv_H_L
15071,5,train,1.1020210981369019,pdb_00006cvk_B2_B1
15072,5,train,0.7752289772033691,pdb_00009j4c_H_L
15073,5,train,0.02030619978904724,pdb_00002boc_A_B
15074,5,train,0.5075326561927795,pdb_00008jqs_h_l
15075,5,train,0.32512208819389343,pdb_00009q7b_J_K
15076,5,train,0.7595477104187012,pdb_00004f37_H_L
15077,5,train,0.014690093696117401,pdb_00008j20_B1_B2
15078,5,train,0.6333128213882446,pdb_00009kvk_H_L
15079,5,train,0.25545912981033325,pdb_00008ulf_K_O
15080,5,train,1.1733245849609375,pdb_00003lzf_H_L
15081,5,train,0.35928189754486084,pdb_00009l9o_B_C
15082,5,train,0.9974585175514221,pdb_00007yru_H_L
15083,5,train,0.010340127162635326,pdb_00009zq9_I2_I1
15084,5,train,0.5361358523368835,pdb_00007y6k_E1_E2
15085,5,train,0.5204027891159058,pdb_00009cfh_H_L
15086,5,train,0.6323042511940002,pdb_00009mkn_O_P
15087,5,train,0.6906931400299072,pdb_00007l0l_G_J
15088,5,train,0.25675711035728455,pdb_00007jum_J1_J2
15089,5,train,0.03501935675740242,pdb_00002dqi_H_L
15090,5,train,0.3790209889411926,pdb_00005kov_K1_K2
15091,5,train,0.015330716036260128,pdb_00008y01_S1_S2
15092,5,train,0.06665276736021042,pdb_00006vmk_o_n
15093,5,train,0.043614644557237625,pdb_00001ots_E_F
15094,5,train,0.009909555315971375,pdb_00007ydj_E1_E2
15095,5,train,0.5080339908599854,pdb_00002vis_B_A
15096,5,train,0.25901514291763306,pdb_00008smt_I_J
15097,5,train,0.6552660465240479,pdb_00006xkr_H_L
15098,5,train,1.0011333227157593,pdb_00009kyz_A_B
15099,5,train,0.4509044885635376,pdb_00007ucq_H1_H2
15100,5,train,0.6612423658370972,pdb_00002ybr_D_E
15101,5,train,0.009045048616826534,pdb_00008gus_S1_S2
15102,5,train,0.009158715605735779,pdb_00003or6_A_B
15103,5,train,1.1804267168045044,pdb_00005w08_Q_R
15104,5,train,0.009652095846831799,pdb_00007ukt_E_F
15105,5,train,0.23776499927043915,pdb_00009me4_I_M
15106,5,train,1.1158126592636108,pdb_00008tea_H_G
15107,5,train,0.5266183614730835,pdb_00007c81_H_L
15108,5,train,0.2330743819475174,pdb_00008jkh_m_n
15109,5,train,0.017045889049768448,pdb_00007xmt_S1_S2
15110,5,train,0.04172421246767044,pdb_00001j1p_H_L
15111,5,train,0.029415855184197426,pdb_00008sgo_J_I
15112,5,train,0.4792436957359314,pdb_00008oz3_H_L
15113,5,train,0.3334752917289734,pdb_00006vvu_H_L
15114,5,train,0.01601039618253708,pdb_00007x5h_E1_E2
15115,5,train,0.41647014021873474,pdb_00007yxu_H_L
15116,5,train,0.01810123585164547,pdb_00009uan_E1_E2
15117,5,train,0.01754000410437584,pdb_00009jr3_S1_S2
15118,5,train,0.025187961757183075,pdb_00008ejk_E1_E2
15119,5,train,0.6468923091888428,pdb_00002h9g_H_L
15120,5,train,0.01097390241920948,pdb_00007yk7_S1_S2
15121,5,train,0.016979211941361427,pdb_00008utd_D1_D2
15122,5,train,0.012935119681060314,pdb_00008xxu_E1_E2
15123,5,train,1.2615623474121094,pdb_00005d1z_D_C
15124,5,train,0.48571673035621643,pdb_00007m3i_A_B
15125,5,train,0.2587082087993622,pdb_00003v4v_H_L
15126,5,train,0.6729218363761902,pdb_00009ma0_B_C
15127,5,train,0.16568954288959503,pdb_00008smt_H_L
15128,5,train,1.0554614067077637,pdb_00004kuc_H_D
15129,5,train,0.03730378299951553,pdb_00006vmk_E_D
15130,5,train,0.014781945385038853,pdb_00008xqo_S1_S2
15131,5,train,0.03747694194316864,pdb_00001ott_E_F
15132,5,train,0.5155863761901855,pdb_00008cxh_h_l
15133,5,train,0.4715198576450348,pdb_00009wsv_H_L
15134,5,train,0.7310315370559692,pdb_00008rmy_E_F
15135,5,train,0.544965922832489,pdb_00006t9e_HHH_LLL
15136,5,train,0.005738041829317808,pdb_00007vgz_F1_F2
15137,5,train,0.22991050779819489,pdb_00007t3d_C_D
15138,5,train,0.4763414263725281,pdb_00007ycn_C_D
15139,5,train,0.646398663520813,pdb_00008y31_D_C
15140,5,train,0.7146551012992859,pdb_00008u44_S_T
15141,5,train,0.539537250995636,pdb_00008f6x_E1_E2
15142,5,train,0.21908056735992432,pdb_00009jy1_P_O
15143,5,train,0.00559284258633852,pdb_00008xzj_S1_S2
15144,5,train,0.01833191141486168,pdb_00003zdx_E_F
15145,5,train,0.32376107573509216,pdb_00008bg3_C1_C2
15146,5,train,1.2353949546813965,pdb_00006glx_C_D
15147,5,train,0.465202659368515,pdb_00008bec_A1_A2
15148,5,train,0.5382139086723328,pdb_00007m6d_H_L
15149,5,train,0.5834501385688782,pdb_00004xnm_B_A
15150,5,train,0.8756769299507141,pdb_00007mxl_A_B
15151,5,train,0.7564675211906433,pdb_00007jx3_C_D
15152,5,train,0.08723229914903641,pdb_00007zmk_G_H
15153,5,train,0.028304893523454666,pdb_00007t94_E1_E2
15154,5,train,0.3977380692958832,pdb_00008bg2_C1_C2
15155,5,train,0.006853247992694378,pdb_00003ze0_E_F
15156,5,train,0.20824958384037018,pdb_00003b2v_H_L
15157,5,train,0.006916031241416931,pdb_00006x3s_J_I
15158,5,train,0.3741593658924103,pdb_00004m62_H_L
15159,5,train,0.21713295578956604,pdb_00008we4_H_L
15160,5,train,0.49431106448173523,pdb_00007wqv_N1_N2
15161,5,train,0.031563520431518555,pdb_00008xgs_D1_D2
15162,5,train,1.0787146091461182,pdb_00008cz5_H_L
15163,5,train,0.9587169885635376,pdb_00006aru_C_B
15164,5,train,0.24122239649295807,pdb_00008vgi_J_I
15165,5,train,0.4969402849674225,pdb_00007x2i_H_L
15166,5,train,0.5990782380104065,pdb_00009dn2_H_L
15167,5,train,0.006090171169489622,pdb_00009m54_S1_S2
15168,5,train,0.002925167791545391,pdb_00002vdr_H_L
15169,5,train,0.0329037569463253,pdb_00008jef_S1_S2
15170,5,train,0.033298954367637634,pdb_00008y0n_S1_S2
15171,5,train,0.02528073638677597,pdb_00007p02_H1_H2
15172,5,train,0.6953622102737427,pdb_00007rxi_H_L
15173,5,train,0.6021955609321594,pdb_00008sdf_B_C
15174,5,train,0.09893390536308289,pdb_00008ied_N1_N2
15175,5,train,0.013521910645067692,pdb_00009ppy_E1_E2
15176,5,train,0.008248231373727322,pdb_00008hpt_H1_H2
15177,5,train,0.017174895852804184,pdb_00009w6w_E1_E2
15178,5,train,0.23195293545722961,pdb_00008wo4_D_C
15179,5,train,0.020523609593510628,pdb_00002dqj_H_L
15180,5,train,0.8762902617454529,pdb_00009mtg_I_J
15181,5,train,0.1277645230293274,pdb_00004ioi_B_A
15182,5,train,0.013385078869760036,pdb_00007ts0_H1_H2
15183,5,train,1.7807387113571167,pdb_00008cdd_E_D
15184,5,train,0.29619649052619934,pdb_00001xgp_B_A
15185,5,train,0.6679851412773132,pdb_00006mlm_E_I
15186,5,train,0.39042162895202637,pdb_00009h4s_X_Y
15187,5,train,1.0089523792266846,pdb_00008gb5_I_H
15188,5,train,0.5869938135147095,pdb_00006hxw_C_D
15189,5,train,0.048797864466905594,pdb_00002htl_C_D
15190,5,train,1.1693565845489502,pdb_00009xsx_B_C
15191,5,train,0.5398285984992981,pdb_00007ubs_I1_I2
15192,5,train,0.35718783736228943,pdb_00009ue8_A_B
15193,5,train,0.12998777627944946,pdb_00008i5h_B_C
15194,5,train,0.1834588199853897,pdb_00009jy1_R_Q
15195,5,train,0.6904658079147339,pdb_00006s3d_E_F
15196,5,train,0.010617065243422985,pdb_00007xbd_E1_E2
15197,5,train,0.3858864903450012,pdb_00003ri5_F_N
15198,5,train,0.0199660025537014,pdb_00009b65_S1_S2
15199,5,train,0.4866652190685272,pdb_00008eed_E_F
15200,5,train,0.08301818370819092,pdb_00008vgj_H_G
15201,5,train,0.8523780703544617,pdb_00008zre_H_L
15202,5,train,0.21352820098400116,pdb_00003fku_U1_U2
15203,5,train,0.14273251593112946,pdb_00003rif_I_O
15204,5,train,1.2233966588974,pdb_00009ma7_B_C
15205,5,train,0.8073623180389404,pdb_00007wph_H_L
15206,5,train,0.4732990264892578,pdb_00009cds_B_A
15207,5,train,0.35218146443367004,pdb_00007vad_H_L
15208,5,train,0.01989115960896015,pdb_00002exy_E_F
15209,5,train,0.014151019044220448,pdb_00007vuz_S1_S2
15210,5,train,0.28836166858673096,pdb_00009j9z_H_L
15211,5,train,0.8689616322517395,pdb_00008tnn_J_I
15212,5,train,0.011582864448428154,pdb_00007yfd_C1_C2
15213,5,train,1.3074126243591309,pdb_00009rih_H_L
15214,5,train,0.35438060760498047,pdb_00008y3k_I_J
15215,5,train,0.005341458134353161,pdb_00006adc_E_F
15216,5,train,0.005745230708271265,pdb_00004fg6_C_D
15217,5,train,0.4323887825012207,pdb_00007sk4_D_C
15218,5,train,0.9137618541717529,pdb_00009e60_H_L
15219,5,train,0.010914315469563007,pdb_00009ydv_E1_E2
15220,5,train,0.006313479971140623,pdb_00001ots_C_D
15221,5,train,0.022147199138998985,pdb_00007f4h_S1_S2
15222,5,train,0.28942176699638367,pdb_00009wsx_H_L
15223,5,train,0.33916687965393066,pdb_00006xe1_H_L
15224,5,train,0.007438106928020716,pdb_00006k5f_E_F
15225,5,train,0.34850290417671204,pdb_00008y3i_I_J
15226,5,train,0.01670639030635357,pdb_00008jbf_E1_E2
15227,5,train,0.003942905459553003,pdb_00003det_C_D
15228,5,train,0.6077948808670044,pdb_00008f0h_H_L
15229,5,train,0.0033133821561932564,pdb_00009vnz_E1_E2
15230,5,train,0.45531660318374634,pdb_00008w83_I_J
15231,5,train,0.056789830327034,pdb_00003rhw_H_L
15232,5,train,0.4816347658634186,pdb_00009ban_E_F
15233,5,train,0.9806521534919739,pdb_00001rzk_H_L
15234,5,train,0.004567022435367107,pdb_00003ejz_E_F
15235,5,train,0.06293116509914398,pdb_00008syp_N1_N2
15236,5,train,0.6972699165344238,pdb_00007m42_D_C
15237,5,train,0.3884176015853882,pdb_00008dww_V_U
15238,5,train,0.018277965486049652,pdb_00007tct_E_F
15239,5,train,0.008983703330159187,pdb_00009ije_D1_D2
15240,5,train,0.5378051400184631,pdb_00001dee_D_C
15241,5,train,0.3127689063549042,pdb_00008zh7_H_I
15242,5,train,1.051467776298523,pdb_00007s11_H_L
15243,5,train,0.0036462554708123207,pdb_00002hlf_C_D
15244,5,train,0.005193830002099276,pdb_00007y67_S1_S2
15245,5,train,0.9080379605293274,pdb_00006dfi_H_L
15246,5,train,0.005895691458135843,pdb_00008hn8_S1_S2
15247,5,train,0.019624682143330574,pdb_00007u0j_K1_K2
15248,5,train,0.10480796545743942,pdb_00008jen_C_D
15249,5,train,0.03161907568573952,pdb_00003ze2_E_F
15250,5,train,0.8036585450172424,pdb_00006fax_H_L
15251,5,train,0.06039794534444809,pdb_00008zps_E1_E2
15252,5,train,0.04260154068470001,pdb_00009v2n_S1_S2
15253,5,train,0.030180560424923897,pdb_00008y6w_D1_D2
15254,5,train,0.02680906094610691,pdb_00009izc_S1_S2
15255,5,train,0.03764805197715759,pdb_00008j6i_H1_H2
15256,5,train,0.32738539576530457,pdb_00007srs_H_L
15257,5,train,0.5489950776100159,pdb_00009mtf_I_J
15258,5,train,0.05084773525595665,pdb_00008ihh_S1_S2
15259,5,train,0.044626761227846146,pdb_00006ad8_C_D
15260,5,train,0.017220843583345413,pdb_00008zfz_D1_D2
15261,5,train,0.24731136858463287,pdb_00001xgt_B_A
15262,5,train,0.056204624474048615,pdb_00007k5y_M2_M1
15263,5,train,0.010608724318444729,pdb_00008gcm_E1_E2
15264,5,train,1.0839396715164185,pdb_00007yvf_C_A
15265,5,train,0.9188281297683716,pdb_00009m7v_H_L
15266,5,train,0.011817794293165207,pdb_00009u4y_S1_S2
15267,5,train,0.6899102330207825,pdb_00004nik_B1_B2
15268,5,train,0.36484649777412415,pdb_00005x8l_H_M
15269,5,train,0.5083468556404114,pdb_00007yvm_C_A
15270,5,train,0.5789383053779602,pdb_00007vyt_B_C
15271,5,train,0.24024321138858795,pdb_00001dzb_B1_B2
15272,5,train,0.004082788247615099,pdb_00007l8p_E_F
15273,5,train,0.06826736032962799,pdb_00006zlr_HHH_LLL
15274,5,train,0.5572590231895447,pdb_00008ywe_B2_B1
15275,5,train,0.5645387768745422,pdb_00009os5_I_L
15276,5,train,0.008373687043786049,pdb_00002exw_E_F
15277,5,train,0.03357112780213356,pdb_00008wwk_E1_E2
15278,5,train,0.47474405169487,pdb_00008sdh_H_L
15279,5,train,0.01653902232646942,pdb_00009pxv_E1_E2
15280,5,train,0.6330850124359131,pdb_00005xmh_D_C
15281,5,train,1.0414308309555054,pdb_00009rim_H_L
15282,5,train,0.05017471686005592,pdb_00008vrn_K_L
15283,5,train,0.4042341113090515,pdb_00004gxu_W_X
15284,5,train,0.09949848055839539,pdb_00008x8n_E1_E2
15285,5,train,0.3523486256599426,pdb_00005wk3_W_V
15286,5,train,0.7975121736526489,pdb_00007uvq_C_B
15287,5,train,0.29767897725105286,pdb_00007mjl_H_L
15288,5,train,0.7672800421714783,pdb_00006vc9_H_L
15289,5,train,0.03430301323533058,pdb_00003a6c_H_L
15290,5,train,0.17493025958538055,pdb_00009me5_I_M
15291,5,train,0.5357443690299988,pdb_00008yub_A_B
15292,5,train,0.02325456216931343,pdb_00007w40_H1_H2
15293,5,train,0.28523722290992737,pdb_00003v4p_H_L
15294,5,train,0.009802792221307755,pdb_00008ykx_E1_E2
15295,5,train,0.9034485220909119,pdb_00008dv6_C_L
15296,5,train,0.645075798034668,pdb_00008hpu_H_L
15297,5,train,0.47019875049591064,pdb_00007rks_H_L
15298,5,train,0.6133905649185181,pdb_00008hn7_B_A
15299,5,train,1.1031676530838013,pdb_00009xth_B_C
15300,5,train,0.1645209640264511,pdb_00007kfy_H_L
15301,5,train,0.17324137687683105,pdb_00001nbz_B_A
15302,5,train,0.5003315210342407,pdb_00006wtv_B_C
15303,5,train,0.035722747445106506,pdb_00008yn8_E1_E2
15304,5,train,0.3990868926048279,pdb_00008sdf_H_L
15305,5,train,0.7562581300735474,pdb_00001yy9_D_C
15306,5,train,0.8153824210166931,pdb_00009ml8_P_Q
15307,5,train,0.028519654646515846,pdb_00007ra3_E1_E2
15308,5,train,0.012300840578973293,pdb_00009v81_E1_E2
15309,5,train,0.8068947792053223,pdb_00001nsn_H_L
15310,5,train,0.08518391847610474,pdb_00001xgu_B_A
15311,5,train,0.38467469811439514,pdb_00003rif_F_N
15312,5,train,0.00756226759403944,pdb_00007ufh_E_F
15313,5,train,0.38634738326072693,pdb_00007ubs_K1_K2
15314,5,train,0.8190814256668091,pdb_00009lsj_E1_D2
15315,5,train,0.01831543631851673,pdb_00007wz4_S1_S2
15316,5,train,0.7056387662887573,pdb_00001orq_B_A
15317,5,train,0.9323029518127441,pdb_00008tea_F_I
15318,5,train,0.02820008061826229,pdb_00008t3s_N1_N2
15319,5,train,0.6284940242767334,pdb_00007xda_B_C
15320,5,train,0.5710470080375671,pdb_00006n5e_E_D
15321,5,train,0.03148972988128662,pdb_00007sqo_E1_E2
15322,5,train,0.7272204160690308,pdb_00008w5r_H_L
15323,5,train,0.61012202501297,pdb_00006vgr_C_D
15324,5,train,0.6252375841140747,pdb_00007n0u_H_L
15325,5,train,0.9497531652450562,pdb_00006xpz_B_C
15326,5,train,0.2057431936264038,pdb_00007f6y_H_L
15327,5,train,0.2964242696762085,pdb_00006n5d_E_F
15328,5,train,0.023276453837752342,pdb_00007cmv_E1_E2
15329,5,train,0.027007099241018295,pdb_00009x3z_S1_S2
15330,5,train,0.9352530837059021,pdb_00009e3k_J_K
15331,5,train,0.9503669738769531,pdb_00005dur_B_D
15332,5,train,0.011311963200569153,pdb_00008xbh_S1_S2
15333,5,train,0.5510339736938477,pdb_00007ycn_E_F
15334,5,train,0.2987233102321625,pdb_00003nh7_J_N
15335,5,train,0.3992975354194641,pdb_00004np4_H_L
15336,5,train,0.009414750151336193,pdb_00007xjj_S1_S2
15337,5,train,0.5904021263122559,pdb_00008rmy_B_C
15338,5,train,0.46561142802238464,pdb_00006rp8_H_L
15339,5,train,0.10333356261253357,pdb_00002dqd_H_L
15340,5,train,0.2186378687620163,pdb_00007s0b_C_D
15341,5,train,0.00552339106798172,pdb_00001otu_E_F
15342,5,train,0.552875816822052,pdb_00008xsf_H_L
15343,5,train,0.007233649957925081,pdb_00007vv5_S1_S2
15344,5,train,0.659229040145874,pdb_00008jqm_H_L
15345,5,train,0.00940746534615755,pdb_00009x20_E1_E2
15346,5,train,0.7259480357170105,pdb_00007mdj_A_B
15347,5,train,0.0378822423517704,pdb_00008i97_H1_H2
15348,5,train,0.967711329460144,pdb_00008z39_H_L
15349,5,train,0.0363493375480175,pdb_00009nz3_F_E
15350,5,train,0.5953211188316345,pdb_00004lf3_E_D
15351,5,train,0.40324604511260986,pdb_00009n7q_D_F
15352,5,train,0.8979583978652954,pdb_00008z6t_B_C
15353,5,train,0.5976256132125854,pdb_00003qwo_H_L
15354,5,train,0.5672705769538879,pdb_00007cgw_H_L
15355,5,train,0.352353036403656,pdb_00001fj1_B_A
15356,5,train,1.6604896783828735,pdb_00005i9q_B_C
15357,5,train,0.4046476483345032,pdb_00009cfe_A_B
15358,5,train,0.7183447480201721,pdb_00007pa7_nnn2_nnn1
15359,5,train,0.6856156587600708,pdb_00009cct_C_B
15360,5,train,0.6052548885345459,pdb_00007deu_B1_B2
15361,5,train,0.013713193126022816,pdb_00009l42_E1_E2
15362,5,train,0.48772284388542175,pdb_00005kov_E1_E2
15363,5,train,0.3481844663619995,pdb_00008ut2_H_G
15364,5,train,0.5212383270263672,pdb_00006gv4_H_L
15365,5,train,0.01266079768538475,pdb_00007y12_S1_S2
15366,5,train,0.011294432915747166,pdb_00007tuz_E1_E2
15367,5,train,0.7862362861633301,pdb_00009lsi_D1_C2
15368,5,train,0.05977453291416168,pdb_00008ihi_S1_S2
15369,5,train,0.010009298101067543,pdb_00009le2_S1_S2
15370,5,train,1.2288130521774292,pdb_00006q18_H_L
15371,5,train,0.8741645216941833,pdb_00008i5i_H_L
15372,5,train,1.0314661264419556,pdb_00005t5f_H_L
15373,5,train,0.29057449102401733,pdb_00009m0d_D_Q
15374,5,train,0.37878698110580444,pdb_00005bo1_H_L
15375,5,train,0.8017791509628296,pdb_00009mtl_M_N
15376,5,train,1.1956472396850586,pdb_00007ey5_B_C
15377,5,train,0.49434077739715576,pdb_00008j26_B_A
15378,5,train,0.8896618485450745,pdb_00007y6l_H_L
15379,5,train,0.5851512551307678,pdb_00007xsc_A_B
15380,5,train,0.35293999314308167,pdb_00007qnx_H_L
15381,5,train,0.6510732173919678,pdb_00003wd5_H_L
15382,5,train,0.20270922780036926,pdb_00009hh9_G_F
15383,5,train,1.0328662395477295,pdb_00001eo8_H_L
15384,5,train,0.188968688249588,pdb_00005kov_I1_I2
15385,5,train,0.96357262134552,pdb_00007sbd_H_L
15386,5,train,0.5389881730079651,pdb_00008xsj_H_L
15387,5,train,0.15237146615982056,pdb_00003b2u_T_U
15388,5,train,0.2906208038330078,pdb_00006ba5_H_G
15389,5,train,0.5931202173233032,pdb_00009cps_H_L
15390,5,train,0.4931666851043701,pdb_00007dpm_J_K
15391,5,train,0.5086635947227478,pdb_00004ttd_H_L
15392,5,train,0.004690305795520544,pdb_00002h2s_E_F
15393,5,train,0.0049348073080182076,pdb_00008vy9_D1_D2
15394,5,train,0.0037896966096013784,pdb_00004z7n_E_F
15395,5,train,0.06352978199720383,pdb_00006dzt_M1_M2
15396,5,train,1.0473644733428955,pdb_00009kvk_A_B
15397,5,train,0.004820936359465122,pdb_00006pt0_E1_E2
15398,5,train,0.016435513272881508,pdb_00009plo_S1_S2
15399,5,train,0.5912602543830872,pdb_00005kvf_H_L
15400,5,train,0.21750885248184204,pdb_00007vag_H_L
15401,5,train,0.7042666077613831,pdb_00006ogx_H_L
15402,5,train,0.1371600180864334,pdb_00005kov_C1_C2
15403,5,train,0.6160182356834412,pdb_00004oii_I_M
15404,5,train,0.6939382553100586,pdb_00009lsj_D1_E2
15405,5,train,0.31715577840805054,pdb_00008wu1_H_L
15406,5,train,0.18505142629146576,pdb_00008go8_I_M
15407,5,train,0.49550822377204895,pdb_00002h9g_B_A
15408,5,train,0.14869152009487152,pdb_00008as2_H_L
15409,5,train,0.30257126688957214,pdb_00007mzk_C_D
15410,5,train,0.013968439772725105,pdb_00007ucy_E_F
15411,5,train,0.18450643122196198,pdb_00009hhr_L_H
15412,5,train,0.1458018571138382,pdb_00007ejy_H_L
15413,5,train,0.015623604878783226,pdb_00002exw_C_D
15414,5,train,0.015133252367377281,pdb_00007ubr_E_F
15415,5,train,0.5238083004951477,pdb_00009f90_A_B
15416,5,train,0.0648687332868576,pdb_00008uh3_E1_E2
15417,5,train,0.006679560523480177,pdb_00008ykd_S1_S2
15418,5,train,0.013742432929575443,pdb_00004z7o_E_F
15419,5,train,0.37255555391311646,pdb_00009cpp_H_L
15420,5,train,0.7540308833122253,pdb_00008vk1_C_B
15421,5,train,0.9998220801353455,pdb_00007t4q_F_G
15422,5,train,0.33598288893699646,pdb_00009tmp_H_L
15423,5,train,0.6899933815002441,pdb_00008sit_M_N
15424,5,train,0.061260826885700226,pdb_00008elo_H_L
15425,5,train,0.19201183319091797,pdb_00008f2j_I_J
15426,5,train,0.24030491709709167,pdb_00007xeg_E_F
15427,5,train,0.026512932032346725,pdb_00008sps_N1_N2
15428,5,train,0.6813057065010071,pdb_00005d1z_B_A
15429,5,train,0.0334363728761673,pdb_00007xxh_H1_H2
15430,5,train,0.3102448284626007,pdb_00009wb3_B_C
15431,5,train,0.5626608729362488,pdb_00005wko_K_L
15432,5,train,0.5792807340621948,pdb_00007wk0_A_B
15433,5,train,0.9015600085258484,pdb_00003bsz_H_L
15434,5,train,0.4524358808994293,pdb_00006ii4_H_L
15435,5,train,0.5753625631332397,pdb_00009iru_B_A
15436,5,train,0.5606510639190674,pdb_00008cz8_C2_C1
15437,5,train,0.010934436693787575,pdb_00007na8_N1_N2
15438,5,train,1.1677414178848267,pdb_00009wai_E_F
15439,5,train,0.7139836549758911,pdb_00007si0_C_D
15440,5,train,0.6252846717834473,pdb_00008dnn_B_C
15441,5,train,0.8306330442428589,pdb_00007rxj_H_L
15442,5,train,0.018992191180586815,pdb_00008iz4_E1_E2
15443,5,train,1.0331636667251587,pdb_00007rco_F_E
15444,5,train,0.7244603037834167,pdb_00007lfa_B_D
15445,5,train,0.026632575318217278,pdb_00002atk_A_B
15446,5,train,0.014543356373906136,pdb_00008y45_S1_S2
15447,5,train,0.8540128469467163,pdb_00008tp5_J_K
15448,5,train,0.7288715243339539,pdb_00008zdw_F_E
15449,5,train,1.413942813873291,pdb_00009e89_H_L
15450,5,train,0.4985298216342926,pdb_00008xsi_H_L
15451,5,train,0.041419412940740585,pdb_00008jln_S1_S2
15452,5,train,0.14506849646568298,pdb_00008pwh_B_A
15453,5,train,0.9896491169929504,pdb_00001ztx_H_L
15454,5,train,1.1993557214736938,pdb_00005anm_B_A
15455,5,train,0.028023120015859604,pdb_00007ezh_H1_H2
15456,5,train,0.05481819063425064,pdb_00006vmk_S_R
15457,5,train,0.14352570474147797,pdb_00007wnb_H_L
15458,5,train,0.11039277911186218,pdb_00006k5a_C_D
15459,5,train,0.01338055357336998,pdb_00008xjm_E1_E2
15460,5,train,0.010739400051534176,pdb_00007t6u_E1_E2
15461,5,train,0.5386861562728882,pdb_00007d85_E_F
15462,5,train,0.5317971110343933,pdb_00009h4s_H_L
15463,5,train,0.6802694797515869,pdb_00006ek2_I1_I2
15464,5,train,0.7503418922424316,pdb_00006uig_H_L
15465,5,train,0.8129422068595886,pdb_00005b8c_B_A
15466,5,train,0.03360418230295181,pdb_00003hpl_A_B
15467,5,train,0.8096585273742676,pdb_00004ki5_C_D
15468,5,train,0.7127780914306641,pdb_00009cu7_J_N
15469,5,train,0.7275943160057068,pdb_00007wph_E_D
15470,5,train,0.6707034111022949,pdb_00008dn7_A_B
15471,5,train,0.5152692794799805,pdb_00008jqn_H_L
15472,5,train,0.3116600215435028,pdb_00005wko_I_J
15473,5,train,0.9019648432731628,pdb_00006hga_H_L
15474,5,train,0.008080484345555305,pdb_00008j18_S1_S2
15475,5,train,0.31705138087272644,pdb_00008as0_N_M
15476,5,train,0.014022956602275372,pdb_00009vi9_S1_S2
15477,5,train,1.5371849536895752,pdb_00009n5i_H_L
15478,5,train,0.44095292687416077,pdb_00009clp_H_L
15479,5,train,0.02513313852250576,pdb_00007wic_S1_S2
15480,5,train,0.5742899775505066,pdb_00008zre_h_l
15481,5,train,0.3930574655532837,pdb_00008hn6_A_B
15482,5,train,0.07435491681098938,pdb_00008vgj_J_I
15483,5,train,0.030053945258259773,pdb_00008yn4_E1_E2
15484,5,train,0.04115530848503113,pdb_00007mhr_A_B
15485,5,train,0.45686641335487366,pdb_00007jmw_H_L
15486,5,train,0.7346280813217163,pdb_00005gs0_F_E
15487,5,train,0.5113226175308228,pdb_00001z3g_H_L
15488,5,train,0.2668018937110901,pdb_00009cpr_H_L
15489,5,train,0.01082021277397871,pdb_00009oxa_D1_D2
15490,5,train,0.5893437266349792,pdb_00007w71_I_M
15491,5,train,0.22608676552772522,pdb_00008zyu_D_Q
15492,5,train,0.04535873606801033,pdb_00002fee_J_O
15493,5,train,0.580921471118927,pdb_00009lae_A_B
15494,5,train,1.0910176038742065,pdb_00005d1z_F_E
15495,5,train,0.2515796422958374,pdb_00005wko_A_B
15496,5,train,0.5677193403244019,pdb_00009mla_H_K
15497,5,train,0.020624199882149696,pdb_00009iza_S1_S2
15498,5,train,0.01003013364970684,pdb_00009k3f_S1_S2
15499,5,train,0.252749502658844,pdb_00001kip_B_A
15500,5,train,0.7505604028701782,pdb_00009mic_H_L
15501,5,train,0.00865781307220459,pdb_00008jz7_S1_S2
15502,5,train,0.13147585093975067,pdb_00008f2j_A_B
15503,5,train,0.7344229817390442,pdb_00006u6u_H_L
15504,5,train,0.01191298384219408,pdb_00009jh5_S1_S2
15505,5,train,0.07173855602741241,pdb_00009zqb_I2_I1
15506,5,train,0.7883467674255371,pdb_00007s0x_C_D
15507,5,train,0.5534235835075378,pdb_00007bpk_C_D
15508,5,train,0.6879518032073975,pdb_00008ee8_H_L
15509,5,train,0.8337736129760742,pdb_00006t3j_A_B
15510,5,train,0.41459399461746216,pdb_00009fys_B_C
15511,5,train,0.009961605072021484,pdb_00007t90_E1_E2
15512,5,train,1.1922448873519897,pdb_00007r8u_HHH_LLL
15513,5,train,0.4052467942237854,pdb_00007lfa_H_L
15514,5,train,0.1616256684064865,pdb_00006vvu_E_F
15515,5,train,0.6316647529602051,pdb_00009js7_I_L
15516,5,train,0.0237748883664608,pdb_00008hbd_H1_H2
15517,5,train,0.6189128160476685,pdb_00004v1d_A_B
15518,5,train,0.01335136964917183,pdb_00009iv1_S1_S2
15519,5,train,0.5591536164283752,pdb_00009bt5_E_F
15520,5,train,0.014021715149283409,pdb_00008id4_S1_S2
15521,5,train,0.5659920573234558,pdb_00009n4e_K_M
15522,5,train,0.26097166538238525,pdb_00007zf8_H_L
15523,5,train,0.13013605773448944,pdb_00001nby_B_A
15524,5,train,0.8106936812400818,pdb_00009mth_H_L
15525,5,train,0.6430588364601135,pdb_00008uzp_A_B
15526,5,train,0.5379277467727661,pdb_00008dwy_V_U
15527,5,train,0.037911735475063324,pdb_00009m55_S1_S2
15528,5,train,1.1144437789916992,pdb_00007xh8_B_C
15529,5,train,0.24269314110279083,pdb_00009iz9_S_T
15530,5,train,0.7570012807846069,pdb_00006wm9_B_C
15531,5,train,0.40503790974617004,pdb_00009lho_O_N
15532,5,train,0.7792437672615051,pdb_00006ejg_D2_D1
15533,5,train,0.010023743845522404,pdb_00008xor_E1_E2
15534,5,train,0.31843727827072144,pdb_00007pry_A_B
15535,5,train,1.0403748750686646,pdb_00008p12_H_L
15536,5,train,0.765390932559967,pdb_00009c6y_A_B
15537,5,train,0.1966179758310318,pdb_00007kfx_H_L
15538,5,train,0.5948047041893005,pdb_00007ua8_I1_I2
15539,5,train,0.23672617971897125,pdb_00005aaw_H1_H2
15540,5,train,0.03542933240532875,pdb_00006vmk_Z_Y
15541,5,train,0.7625988721847534,pdb_00006jep_K_I
15542,5,train,0.27104315161705017,pdb_00006xc4_H_L
15543,5,train,0.5014575123786926,pdb_00009os5_H_K
15544,5,train,0.4399315118789673,pdb_00008uwz_A_B
15545,5,train,0.510233461856842,pdb_00006lhq_H_L
15546,5,train,0.13952377438545227,pdb_00003rhw_G_K
15547,5,train,1.0177942514419556,pdb_00009leo_A_B
15548,5,train,0.802640974521637,pdb_00008tpa_I_J
15549,5,train,0.45981740951538086,pdb_00009irs_S_T
15550,5,train,0.7579250335693359,pdb_00009hi4_A_B
15551,5,train,0.341420978307724,pdb_00008j7e_A_B
15552,5,train,0.39064866304397583,pdb_00004hg4_T_U
15553,5,train,0.6581006050109863,pdb_00007m42_B_A
15554,5,train,0.017579320818185806,pdb_00006x3w_K_L
15555,5,train,0.34249335527420044,pdb_00007mzj_F_E
15556,5,train,0.019288701936602592,pdb_00006vmk_M_L
15557,5,train,0.08115847408771515,pdb_00001dqj_B_A
15558,5,train,0.648611843585968,pdb_00007ahu_H_L
15559,5,train,0.009403854608535767,pdb_00006lfo_S1_S2
15560,5,train,0.011009414680302143,pdb_00008e9z_E1_E2
15561,5,train,0.30003786087036133,pdb_00009q7b_L_M
15562,5,train,0.45958411693573,pdb_00006ywc_A_B
15563,5,train,0.0217796228826046,pdb_00006vmk_V_U
15564,5,train,0.4885161519050598,pdb_00008cz8_A2_A1
15565,5,train,0.7438800930976868,pdb_00009yyu_I_M
15566,5,train,0.27311190962791443,pdb_00009irs_H_L
15567,5,train,0.5177518725395203,pdb_00009dn2_J_N
15568,5,train,0.0074798958376049995,pdb_00008jii_S1_S2
15569,5,train,0.03247715160250664,pdb_00008xjo_E1_E2
15570,5,train,0.008983690291643143,pdb_00007t8x_E1_E2
15571,5,train,0.4304899573326111,pdb_00006z3p_H_L
15572,5,train,1.1780986785888672,pdb_00008v2e_A_B
15573,5,train,0.41785159707069397,pdb_00008dwy_Z_Y
15574,5,train,0.2283983677625656,pdb_00002x7l_G_I
15575,5,train,0.036070454865694046,pdb_00007k78_K1_K2
15576,5,train,0.010523412376642227,pdb_00007trq_H1_H2
15577,5,train,0.46815410256385803,pdb_00008dwx_Z_Y
15578,5,train,0.13765837252140045,pdb_00009jy4_R_Q
15579,5,train,0.025809375569224358,pdb_00006xbm_S1_S2
15580,5,train,0.00966451782733202,pdb_00009izh_S1_S2
15581,5,train,0.012396671809256077,pdb_00008yrg_E1_E2
15582,5,train,0.030565336346626282,pdb_00008ef6_E1_E2
15583,5,train,0.5647786259651184,pdb_00009ml8_E_F
15584,5,train,0.008963077329099178,pdb_00008ubk_M2_M1
15585,5,train,0.01010836847126484,pdb_00007e9g_D1_D2
15586,5,train,0.028914928436279297,pdb_00006adb_C_D
15587,5,train,0.47872692346572876,pdb_00006hxw_H_L
15588,5,train,1.2321821451187134,pdb_00008tzn_G_H
15589,5,train,0.219718798995018,pdb_00006txz_J_N
15590,5,train,0.700964093208313,pdb_00007t3d_O_Q
15591,5,train,0.2546546161174774,pdb_00009q5v_K_J
15592,5,train,0.8371009230613708,pdb_00009e3h_H_L
15593,5,train,0.010330362245440483,pdb_00007u0i_N1_N2
15594,5,train,0.6330151557922363,pdb_00007scn_J_K
15595,5,train,0.9594888091087341,pdb_00002vxq_H_L
15596,5,train,0.7651761770248413,pdb_00006gff_L_K
15597,5,train,0.41454222798347473,pdb_00007yrf_F_E
15598,5,train,0.019831543788313866,pdb_00007x9y_S1_S2
15599,5,train,0.007602658588439226,pdb_00007u2l_E1_E2
15600,5,train,0.005330739542841911,pdb_00007u0j_N1_N2
15601,5,train,0.017407260835170746,pdb_00008xjl_E1_E2
15602,5,train,0.5181678533554077,pdb_00006ejg_C2_C1
15603,5,train,0.5369176268577576,pdb_00008y31_B_A
15604,5,train,0.736052393913269,pdb_00007chc_A_B
15605,5,train,0.012221628800034523,pdb_00009v0x_E1_E2
15606,5,train,0.04095281660556793,pdb_00009oup_H_L
15607,5,train,0.008919324725866318,pdb_00008evg_N1_N2
15608,5,train,0.0229763463139534,pdb_00006vmk_B_A
15609,5,train,0.8586490154266357,pdb_00007q6c_H_L
15610,5,train,0.5727210640907288,pdb_00007e3o_H_L
15611,5,train,0.5064952969551086,pdb_00009rio_H_L
15612,5,train,0.729112446308136,pdb_00006wtv_K_L
15613,5,train,0.011237863451242447,pdb_00007eo2_E1_E2
15614,5,train,0.7688890695571899,pdb_00008dcm_A_B
15615,5,train,0.3623695969581604,pdb_00008vgl_H_L
15616,5,train,0.008903481997549534,pdb_00008k4n_E1_E2
15617,5,train,0.02179793268442154,pdb_00008sid_K_L
15618,5,train,0.013147403486073017,pdb_00008id3_S1_S2
15619,5,train,0.012407665140926838,pdb_00008e9w_E1_E2
15620,5,train,0.44959142804145813,pdb_00008y0y_E3_E2
15621,5,train,0.3491925001144409,pdb_00007zlg_H_L
15622,5,train,0.030949266627430916,pdb_00001r3k_B_A
15623,5,train,0.712556004524231,pdb_00009e3h_J_K
15624,5,train,0.0055313315242528915,pdb_00008dwc_E1_E2
15625,5,train,0.3967016935348511,pdb_00009n4f_H_L
15626,5,train,0.4839509129524231,pdb_00006ii9_M_N
15627,5,train,0.009800168685615063,pdb_00008iu2_S1_S2
15628,5,train,1.0129088163375854,pdb_00008cii_A_B
15629,5,train,0.15590885281562805,pdb_00006ba5_F_E
15630,5,train,1.0016255378723145,pdb_00008tfl_H_L
15631,5,train,0.00598982535302639,pdb_00008jxv_E1_E2
15632,5,train,1.069179892539978,pdb_00006mto_H_L
15633,5,train,0.3203837275505066,pdb_00001tpx_B_C
15634,5,train,0.5905396938323975,pdb_00009mkn_S_T
15635,5,train,0.028118658810853958,pdb_00007wq3_S1_S2
15636,5,train,0.004373881500214338,pdb_00004z7q_E_F
15637,5,train,0.6884415745735168,pdb_00006bpa_B_C
15638,5,train,0.05631634593009949,pdb_00007zmk_J_K
15639,5,train,0.8133612871170044,pdb_00008tbb_H_L
15640,5,train,0.4580138325691223,pdb_00008w83_M_N
15641,5,train,0.11660986393690109,pdb_00008vqy_J_I
15642,5,train,0.5059908628463745,pdb_00007ycn_H_I
15643,5,train,0.2501920759677887,pdb_00003fku_Y1_Y2
15644,5,train,0.006603803485631943,pdb_00008xml_S1_S2
15645,5,train,0.22032979130744934,pdb_00009cpw_C_D
15646,5,train,0.6349595785140991,pdb_00008e8z_H_L
15647,5,train,0.04950859397649765,pdb_00007jhj_D1_D2
15648,5,train,0.5343495011329651,pdb_00008vgp_H_L
15649,5,train,0.2828361690044403,pdb_00006vvu_G_I
15650,5,train,0.879065215587616,pdb_00004lmq_E_I
15651,5,train,1.0803073644638062,pdb_00005mo9_H_L
15652,5,train,0.4720308482646942,pdb_00007sco_E_F
15653,5,train,0.5436809659004211,pdb_00008dwo_U_V
15654,5,train,0.5573869943618774,pdb_00006t3j_F_G
15655,5,train,0.01738034188747406,pdb_00008sid_J_I
15656,5,train,0.11922157555818558,pdb_00007xei_C_D
15657,5,train,0.28908994793891907,pdb_00007b3o_H_L
15658,5,train,0.6476974487304688,pdb_00007vyr_H_L
15659,5,train,0.6533859968185425,pdb_00008bg1_J_K
15660,5,train,0.008434105664491653,pdb_00008yn7_E1_E2
15661,5,train,0.15360195934772491,pdb_00009zqc_J2_J1
15662,5,train,0.27308326959609985,pdb_00008dww_X_W
15663,5,train,0.8989651799201965,pdb_00005c0n_H_L
15664,5,train,0.2878473103046417,pdb_00006kyz_B_C
15665,5,train,0.44746047258377075,pdb_00007t3d_H_L
15666,5,train,0.008521811105310917,pdb_00007u60_E_F
15667,5,train,0.5869079232215881,pdb_00009f91_A_B
15668,5,train,0.9479353427886963,pdb_00006xm2_F_E
15669,5,train,0.026502730324864388,pdb_00007xat_E1_E2
15670,5,train,0.006630404852330685,pdb_00008ubl_M2_M1
15671,5,train,0.8180698156356812,pdb_00004ogx_H_L
15672,5,train,0.40296676754951477,pdb_00007lop_X_Y
15673,5,train,0.2193933129310608,pdb_00008dwy_X_W
15674,5,train,0.5709200501441956,pdb_00009c6y_C_D
15675,5,train,0.17337767779827118,pdb_00005aam_A1_A2
15676,5,train,0.02371019870042801,pdb_00008i7v_E1_E2
15677,5,train,1.2086995840072632,pdb_00007ean_H_L
15678,5,train,0.3759985566139221,pdb_00007whz_H_L
15679,5,train,0.3150700628757477,pdb_00001xgr_B_A
15680,5,train,0.15785092115402222,pdb_00002x7l_H_L
15681,5,train,1.04192316532135,pdb_00009e3l_K_L
15682,5,train,1.1360747814178467,pdb_00007uij_A_B
15683,5,train,0.47148779034614563,pdb_00008ebp_I_M
15684,5,train,0.009038340300321579,pdb_00007ew2_S1_S2
15685,5,train,0.3461094796657562,pdb_00007dk2_G_H
15686,5,train,0.7189872860908508,pdb_00009mtk_H_L
15687,5,train,0.011800785548985004,pdb_00006k41_H1_H2
15688,5,train,0.026215625926852226,pdb_00006ada_E_F
15689,5,train,0.7498760223388672,pdb_00007mzj_N_M
15690,5,train,0.13498082756996155,pdb_00008vgk_K_L
15691,5,train,0.877554714679718,pdb_00008yx9_G_I
15692,5,train,0.6786633729934692,pdb_00003g6d_H_L
15693,5,train,0.0830225944519043,pdb_00002dqg_H_L
15694,5,train,0.012620331719517708,pdb_00008ubi_N2_N1
15695,5,train,0.02183104120194912,pdb_00008wwh_E1_E2
15696,5,train,0.013169246725738049,pdb_00008xgm_S1_S2
15697,5,train,0.5124657154083252,pdb_00005jz7_G_I
15698,5,train,0.5886073708534241,pdb_00002vwe_L_J
15699,5,train,1.2249013185501099,pdb_00006ddv_B_A
15700,5,train,0.011316693387925625,pdb_00008jei_S1_S2
15701,5,train,0.14487069845199585,pdb_00007qez_E_F
15702,5,train,0.011148977093398571,pdb_00009jks_S1_S2
15703,5,train,0.6471284031867981,pdb_00004am0_C_D
15704,5,train,0.5335817933082581,pdb_00008rmx_B_C
15705,5,train,0.015692686662077904,pdb_00008dd2_K_L
15706,5,train,0.6598530411720276,pdb_00007lg6_K_N
15707,5,train,0.3574398458003998,pdb_00005jz7_C_D
15708,5,train,0.029353398829698563,pdb_00008x17_H1_H2
15709,5,train,0.6616538166999817,pdb_00009mtl_H_L
15710,5,train,0.9925387501716614,pdb_00008jeo_B_C
15711,5,train,0.3824702203273773,pdb_00008z2e_H_L
15712,5,train,0.02090010792016983,pdb_00007dfl_C1_C2
15713,5,train,0.898833692073822,pdb_00004f3f_B_A
15714,5,train,0.6427615880966187,pdb_00007yvl_A_C
15715,5,train,0.44841331243515015,pdb_00001ors_B_A
15716,5,train,0.4226400554180145,pdb_00006n5e_H_I
15717,5,train,0.021779365837574005,pdb_00008zpt_E1_E2
15718,5,train,0.14053206145763397,pdb_00009lbs_H_L
15719,5,train,0.5252675414085388,pdb_00008zdw_L_J
15720,5,train,0.02125363238155842,pdb_00009ijd_D1_D2
15721,5,train,0.017105933278799057,pdb_00009pq0_E1_E2
15722,5,train,0.37487852573394775,pdb_00008i5l_E1_E2
15723,5,train,0.013709374703466892,pdb_00009vmo_S1_S2
15724,5,train,0.64713054895401,pdb_00008vte_D_C
15725,5,train,0.013041290454566479,pdb_00007f9z_E1_E2
15726,5,train,0.014701316133141518,pdb_00008ykw_E1_E2
15727,5,train,0.009530959650874138,pdb_00008xbe_S1_S2
15728,5,train,0.4574574828147888,pdb_00004okv_C_D
15729,5,train,0.008785663172602654,pdb_00008y02_S1_S2
15730,5,train,0.009811179712414742,pdb_00008kfx_S1_S2
15731,5,train,0.014295137487351894,pdb_00002htl_E_F
15732,5,train,0.1743706315755844,pdb_00008dww_H_L
15733,5,train,0.4100634753704071,pdb_00002vir_B_A
15734,5,train,0.6049819588661194,pdb_00009dzg_H_L
15735,5,train,0.10128337889909744,pdb_00008vgh_J_I
15736,5,train,0.04278739169239998,pdb_00008jxw_E1_E2
15737,5,train,0.23973262310028076,pdb_00007k8m_A_B
15738,5,train,0.6709981560707092,pdb_00008suo_H_L
15739,5,train,0.02164684236049652,pdb_00003stz_A_B
15740,5,train,0.3109734356403351,pdb_00007sco_J_K
15741,5,train,0.009485762566328049,pdb_00009kvi_E1_E2
15742,5,train,0.6339983344078064,pdb_00001n5y_H_L
15743,5,train,0.016325801610946655,pdb_00007vie_E1_E2
15744,5,train,0.06754372268915176,pdb_00003b2u_Q_R
15745,5,train,0.5074588656425476,pdb_00006dkj_A_B
15746,5,train,0.3361224830150604,pdb_00007yck_E_F
15747,5,train,0.033303529024124146,pdb_00008g05_E1_E2
15748,5,train,0.005762131884694099,pdb_00008jlq_S1_S2
15749,5,train,0.2116803377866745,pdb_00007lop_B_C
15750,5,train,0.0352330356836319,pdb_00008wrb_E1_E2
15751,5,train,0.8960583806037903,pdb_00006u9s_D_E
15752,5,train,0.006109648384153843,pdb_00009kvg_E1_E2
15753,5,train,0.0339239276945591,pdb_00008ia8_S1_S2
15754,5,train,0.0030340629164129496,pdb_00003nid_E_F
15755,5,train,0.6325137615203857,pdb_00007bwj_H_L
15756,5,train,0.0672406405210495,pdb_00008zcj_E1_E2
15757,5,train,0.6254522800445557,pdb_00001jhl_H_L
15758,5,train,0.9328755140304565,pdb_00009h6u_H_L
15759,5,train,0.4301684498786926,pdb_00008znz_G_H
15760,5,train,0.7548653483390808,pdb_00006osv_H_L
15761,5,train,0.37206047773361206,pdb_00006wzl_A_B
15762,5,train,0.005569447763264179,pdb_00007td8_E_F
15763,5,train,0.013050615787506104,pdb_00009j0b_S1_S2
15764,5,train,0.6884477734565735,pdb_00008tzw_H_L
15765,5,train,0.8858768343925476,pdb_00008zyf_H_D
15766,5,train,1.3415485620498657,pdb_00007m3l_B_C
15767,5,train,0.026651114225387573,pdb_00008hk3_H1_H2
15768,5,train,0.5201821327209473,pdb_00001fbi_H_L
15769,5,train,0.5774258971214294,pdb_00006ml8_H_L
15770,5,train,0.9514963626861572,pdb_00006wty_H_I
15771,5,train,0.015981895849108696,pdb_00009vjg_E1_E2
15772,5,train,0.015459341928362846,pdb_00009bsb_E1_E2
15773,5,train,0.012545873410999775,pdb_00007ew7_E1_E2
15774,5,train,0.667580783367157,pdb_00009oar_H_L
15775,5,train,0.3037360906600952,pdb_00008txu_E_J
15776,5,train,0.013083110563457012,pdb_00007yon_S1_S2
15777,5,train,0.6208970546722412,pdb_00006ww5_E_F
15778,5,train,0.22271288931369781,pdb_00008vgl_E_F
15779,5,train,0.01680181734263897,pdb_00007k5x_N2_N1
15780,5,train,0.017853641882538795,pdb_00007k61_N2_N1
15781,5,train,0.007997235283255577,pdb_00009kxs_H1_H2
15782,5,train,0.017726587131619453,pdb_00008jil_S1_S2
15783,5,train,0.463476300239563,pdb_00001hys_D_C
15784,5,train,0.4825986325740814,pdb_00001mlc_B_A
15785,5,train,0.20088563859462738,pdb_00005dhx_L2_L1
15786,5,train,0.7106656432151794,pdb_00005ggs_C_D
15787,5,train,0.3374049961566925,pdb_00007wqv_F1_F2
15788,5,train,0.714389979839325,pdb_00009oao_H_L
15789,5,train,0.38989534974098206,pdb_00009n7q_E_G
15790,5,train,0.7875550985336304,pdb_00004xhj_D_C
15791,5,train,0.48202887177467346,pdb_00002yc1_A_B
15792,5,train,0.004851709585636854,pdb_00007k5y_N2_N1
15793,5,train,0.6434672474861145,pdb_00007pa7_ddd2_ddd1
15794,5,train,0.006694094743579626,pdb_00009v6o_S1_S2
15795,5,train,0.5002357959747314,pdb_00006a3w_A_B
15796,5,train,0.45586416125297546,pdb_00007ucq_K1_K2
15797,5,train,0.01082220021635294,pdb_00008jhy_S1_S2
15798,5,train,0.010769680142402649,pdb_00002bob_A_B
15799,5,train,0.01481135655194521,pdb_00007ejx_S1_S2
15800,5,train,0.5714228749275208,pdb_00009b2m_J_K
15801,5,train,0.5621724724769592,pdb_00003wkm_H_L
15802,5,train,0.23877647519111633,pdb_00008ulf_H_L
15803,5,train,0.4619079828262329,pdb_00006wtu_E_F
15804,5,train,0.008387644775211811,pdb_00007wig_S1_S2
15805,5,train,0.9354822635650635,pdb_00009n8j_B_C
15806,5,train,1.0829110145568848,pdb_00007ezv_H_L
15807,5,train,0.8873645067214966,pdb_00004u6h_C_D
15808,5,train,0.5894691944122314,pdb_00009n8j_F_G
15809,5,train,0.4028095304965973,pdb_00002i9l_D_C
15810,5,train,0.006925442721694708,pdb_00009kpe_S1_S2
15811,5,train,0.8712442517280579,pdb_00008dv6_H_D
15812,5,train,0.005024150013923645,pdb_00006adb_E_F
15813,5,train,0.7555161118507385,pdb_00008siq_H_L
15814,5,train,0.030896246433258057,pdb_00008x16_H1_H2
15815,5,train,0.007121330592781305,pdb_00009ydu_E1_E2
15816,5,train,0.7215372920036316,pdb_00009npg_D_E
15816,5,train_epoch,0.38238970230104563,
15816,5,validation,0.9381644752892581,
