iteration,epoch,phase,loss,record_id
1,0,train,3.388223648071289,pdb_00005hbv_D_C
2,0,train,3.030452251434326,pdb_00009ldw_S1_S2
3,0,train,3.0724756717681885,pdb_00003eoa_B_A
4,0,train,3.0862045288085938,pdb_00009mq9_J_N
5,0,train,2.8408873081207275,pdb_00008smt_A_B
6,0,train,2.8104634284973145,pdb_00002ybr_G_H
7,0,train,2.659545660018921,pdb_00007yk6_S1_S2
8,0,train,2.8574931621551514,pdb_00004dn4_H_L
9,0,train,2.803913116455078,pdb_00008z2e_H_L
10,0,train,2.95282244682312,pdb_00007vgs_D_C
11,0,train,2.917454957962036,pdb_00007t82_H_L
12,0,train,2.8663852214813232,pdb_00009ctw_F_E
13,0,train,2.695477247238159,pdb_00006gku_H_L
14,0,train,2.7996551990509033,pdb_00006ywc_D_E
15,0,train,2.828331470489502,pdb_00009e3l_K_L
16,0,train,2.7207117080688477,pdb_00009c6y_A_B
17,0,train,2.5324270725250244,pdb_00008ijb_S1_S2
18,0,train,2.678781032562256,pdb_00006xpz_E_F
19,0,train,2.6720974445343018,pdb_00006cyf_F_E
20,0,train,2.7001230716705322,pdb_00006dkj_H_L
21,0,train,2.6467957496643066,pdb_00008zh7_H_I
22,0,train,2.685382604598999,pdb_00009ue8_Q_R
23,0,train,2.6695380210876465,pdb_00007jum_H1_H2
24,0,train,2.4918019771575928,pdb_00008hn7_D_C
25,0,train,2.688878059387207,pdb_00008dwx_X_W
26,0,train,2.603578805923462,pdb_00008vgh_F_E
27,0,train,2.5917916297912598,pdb_000011oq_H_L
28,0,train,2.7404427528381348,pdb_00007lop_H_L
29,0,train,2.0823867321014404,pdb_00007vfx_S1_S2
30,0,train,1.8913804292678833,pdb_00008iy5_E1_E2
31,0,train,2.6637496948242188,pdb_00004ma8_H_L
32,0,train,3.1008360385894775,pdb_00007ubs_I1_I2
33,0,train,2.772630214691162,pdb_00006w41_H_L
34,0,train,2.5511374473571777,pdb_00009u5p_B_C
35,0,train,2.6706018447875977,pdb_00006ban_B_A
36,0,train,2.227083683013916,pdb_00008uh3_E1_E2
37,0,train,1.8896422386169434,pdb_00008x9t_S1_S2
38,0,train,2.7256619930267334,pdb_00007bwj_H_L
39,0,train,2.7954368591308594,pdb_00004hg4_Z_z
40,0,train,2.5162901878356934,pdb_00008wu1_H_L
41,0,train,2.2251710891723633,pdb_00008wwl_E1_E2
42,0,train,2.7839195728302,pdb_00002vir_B_A
43,0,train,1.9937723875045776,pdb_00008j6p_S1_S2
44,0,train,2.466787099838257,pdb_00009u5p_P_Q
45,0,train,2.603504180908203,pdb_00007vgr_D_C
46,0,train,2.537658214569092,pdb_00006ban_D_C
47,0,train,2.5436184406280518,pdb_00006k7o_B_C
48,0,train,2.570718288421631,pdb_00006wzm_C_D
49,0,train,2.7484564781188965,pdb_00004fp8_I_M
50,0,train,2.208620548248291,pdb_00007s0b_C_D
51,0,train,2.165273904800415,pdb_00009vo0_E1_E2
52,0,train,1.837892770767212,pdb_00008k3z_S1_S2
53,0,train,2.6838297843933105,pdb_00004m62_H_L
54,0,train,1.45647394657135,pdb_00007ys6_E1_E2
55,0,train,2.361067533493042,pdb_00004gxu_O_P
56,0,train,2.817992687225342,pdb_00001r3k_B_A
57,0,train,2.677189588546753,pdb_00009ban_E_F
58,0,train,2.0832765102386475,pdb_00008j22_F1_F2
59,0,train,2.7381582260131836,pdb_00008eed_H_L
60,0,train,2.9323103427886963,pdb_00005kov_K1_K2
61,0,train,2.7951784133911133,pdb_00006e0p_M1_M2
62,0,train,1.861955165863037,pdb_00008x2k_E1_E2
63,0,train,1.3489603996276855,pdb_00009vmo_S1_S2
64,0,train,2.789038896560669,pdb_00008ygs_H_L
65,0,train,1.550506591796875,pdb_00007xat_E1_E2
66,0,train,2.4800307750701904,pdb_00008h7z_F_I
67,0,train,1.7593750953674316,pdb_00007ejk_H1_H2
68,0,train,1.6804308891296387,pdb_00009izg_S1_S2
69,0,train,1.3094230890274048,pdb_00008jef_S1_S2
70,0,train,2.379739284515381,pdb_00006vmk_B_A
71,0,train,2.150266170501709,pdb_00008i5h_E_F
72,0,train,1.0369784832000732,pdb_00007y66_S1_S2
73,0,train,1.0013644695281982,pdb_00008hn8_S1_S2
74,0,train,2.530125856399536,pdb_00008dv6_C_L
75,0,train,2.825634241104126,pdb_00006x3v_K_L
76,0,train,2.4676966667175293,pdb_00007ucq_I1_I2
77,0,train,2.184263229370117,pdb_00007dpm_D_E
78,0,train,0.9493107795715332,pdb_00009ll7_S1_S2
79,0,train,2.56003737449646,pdb_00006oc3_C_D
80,0,train,1.2622721195220947,pdb_00008gur_S1_S2
81,0,train,2.5764694213867188,pdb_00001ots_C_D
82,0,train,2.275506019592285,pdb_00007kzb_H_L
83,0,train,2.3757119178771973,pdb_00008cxg_G_I
84,0,train,2.8941895961761475,pdb_00007t0w_H_L
85,0,train,2.274595260620117,pdb_00007z0y_H_L
86,0,train,0.7426508665084839,pdb_00009lr1_S1_S2
87,0,train,2.5095791816711426,pdb_00007jum_J1_J2
88,0,train,2.231501579284668,pdb_00008zyu_D_Q
89,0,train,2.2225749492645264,pdb_00009jqv_H_L
90,0,train,2.4900426864624023,pdb_00008vgi_F_E
91,0,train,2.6168088912963867,pdb_00006ml8_H_L
92,0,train,0.6517475843429565,pdb_00009ite_E1_E2
93,0,train,2.4992523193359375,pdb_00009mtg_M_N
94,0,train,2.1598668098449707,pdb_00007srs_H_L
95,0,train,2.3889756202697754,pdb_00007ycl_A_B
96,0,train,0.6344569325447083,pdb_00008f7w_E1_E2
97,0,train,1.940717339515686,pdb_00004ttd_C_D
98,0,train,2.582616090774536,pdb_00002vis_B_A
99,0,train,2.2891392707824707,pdb_00007t3d_K_N
100,0,train,2.7395551204681396,pdb_00009me6_I_M
101,0,train,1.9107306003570557,pdb_00008id3_S1_S2
102,0,train,2.53790545463562,pdb_00007k5x_N2_N1
103,0,train,1.3162964582443237,pdb_00008z7j_S1_S2
104,0,train,2.1608633995056152,pdb_00008v52_D_C
105,0,train,2.374169111251831,pdb_00006z3q_H_L
106,0,train,0.5384715795516968,pdb_00009v81_E1_E2
107,0,train,1.1953295469284058,pdb_00008wwi_E1_E2
108,0,train,2.943181037902832,pdb_00002dqe_H_L
109,0,train,0.42870470881462097,pdb_00009kft_S1_S2
110,0,train,2.8605945110321045,pdb_00008hq7_H_L
111,0,train,2.6750259399414062,pdb_00003rif_H_L
112,0,train,2.2956888675689697,pdb_00008siq_H_L
113,0,train,1.060457706451416,pdb_00008wwm_E1_E2
114,0,train,2.601661443710327,pdb_00008y3l_G_H
115,0,train,2.3294057846069336,pdb_00008ee8_H_L
116,0,train,2.6686174869537354,pdb_00008yub_D_E
117,0,train,2.0429277420043945,pdb_00008zyt_D_Q
118,0,train,2.435281276702881,pdb_00007wed_H_L
119,0,train,0.4745524525642395,pdb_00007t6v_E1_E2
120,0,train,2.504091739654541,pdb_00008sid_K_L
121,0,train,2.101050615310669,pdb_00004dkf_H_L
122,0,train,2.2879509925842285,pdb_00009npg_K_J
123,0,train,2.6359410285949707,pdb_00005kov_U1_U2
124,0,train,2.4253687858581543,pdb_00008hgm_C_D
125,0,train,2.5861191749572754,pdb_00001xgr_B_A
126,0,train,3.0048816204071045,pdb_00009e3h_J_K
127,0,train,2.0310096740722656,pdb_00005bo1_I_M
128,0,train,2.2887327671051025,pdb_00007bpk_H_L
129,0,train,2.3979063034057617,pdb_00009npg_G_H
130,0,train,1.9568753242492676,pdb_00002qr0_R_Q
131,0,train,2.520437479019165,pdb_00009os5_I_L
132,0,train,2.306774616241455,pdb_00008gv6_G_H
133,0,train,2.3536815643310547,pdb_00003rif_G_K
134,0,train,2.4569196701049805,pdb_00006d0u_H_I
135,0,train,2.1581227779388428,pdb_00007zoz_H_L
136,0,train,2.2298173904418945,pdb_00003zdz_E_F
137,0,train,2.0291080474853516,pdb_00007pa7_ooo2_ooo1
138,0,train,2.5858633518218994,pdb_00004n90_F_G
139,0,train,2.2751376628875732,pdb_00007ahu_H_L
140,0,train,2.2798068523406982,pdb_00008vgj_F_E
141,0,train,2.429180860519409,pdb_00008xa4_C_D
142,0,train,2.6191396713256836,pdb_00002x7l_A_B
143,0,train,2.0355565547943115,pdb_00008suo_H_L
144,0,train,2.485548257827759,pdb_00007yvl_A_C
145,0,train,1.9738259315490723,pdb_00007cjf_A_B
146,0,train,1.3247705698013306,pdb_00008j23_F1_F2
147,0,train,1.8029998540878296,pdb_00004lmq_E_I
148,0,train,2.034271001815796,pdb_00008vk1_C_B
149,0,train,2.606637954711914,pdb_00007f0x_B1_B2
150,0,train,1.484616756439209,pdb_00007w3z_H1_H2
151,0,train,0.705829918384552,pdb_00007s8o_E1_E2
152,0,train,2.5075182914733887,pdb_00006wtu_E_F
153,0,train,0.579927384853363,pdb_00009lr2_S1_S2
154,0,train,1.8578048944473267,pdb_00009rip_H_L
155,0,train,1.1178854703903198,pdb_00008k9l_H1_H2
156,0,train,2.1150224208831787,pdb_00007whz_B_D
157,0,train,2.7704389095306396,pdb_00006mlm_F_G
158,0,train,2.94063401222229,pdb_00006ba5_D_C
159,0,train,0.4746131896972656,pdb_00008h0q_E1_E2
160,0,train,2.133368730545044,pdb_00009bt5_C_D
161,0,train,2.424368381500244,pdb_00001bvk_B_A
162,0,train,2.051994800567627,pdb_00007jx3_C_D
163,0,train,0.48859846591949463,pdb_00008dzp_E1_E2
164,0,train,2.438182830810547,pdb_00002dqi_H_L
165,0,train,2.571685791015625,pdb_00007mkm_H_L
166,0,train,2.6380624771118164,pdb_00008u4q_H_L
167,0,train,0.5474321842193604,pdb_00009le0_S1_S2
168,0,train,0.3916856348514557,pdb_00007evz_E1_E2
169,0,train,2.429797410964966,pdb_00003f7v_A_B
170,0,train,2.245530128479004,pdb_00006k5d_E_F
171,0,train,1.9074902534484863,pdb_00006woz_B_C
172,0,train,2.196394443511963,pdb_00007rku_J_K
173,0,train,1.1762089729309082,pdb_00009p0k_F1_F2
174,0,train,2.77219557762146,pdb_00008c7h_L_K
175,0,train,2.224580764770508,pdb_00005b8c_B_A
176,0,train,0.31339529156684875,pdb_00009k6l_S1_S2
177,0,train,0.2874719798564911,pdb_00009le1_S1_S2
178,0,train,2.227968692779541,pdb_00007vad_H_L
179,0,train,1.8988016843795776,pdb_00006b9y_B_A
180,0,train,2.0728297233581543,pdb_00009udq_I_C
181,0,train,0.2371804267168045,pdb_00008zme_E1_E2
182,0,train,2.1960599422454834,pdb_00006k5d_C_D
183,0,train,1.8686230182647705,pdb_00004ogx_H_L
184,0,train,1.9267325401306152,pdb_00006vja_H_L
185,0,train,2.4515902996063232,pdb_00009lbw_H_L
186,0,train,1.9791361093521118,pdb_00003b2v_H_L
187,0,train,2.3665432929992676,pdb_00007k60_M2_M1
188,0,train,0.9725129008293152,pdb_00008rql_S1_S2
189,0,train,2.1709275245666504,pdb_00007wqv_N1_N2
190,0,train,0.8314856886863708,pdb_00008j6d_H1_H2
191,0,train,2.650160312652588,pdb_00006wtv_H_I
192,0,train,1.7169065475463867,pdb_00007b3o_H_L
193,0,train,2.453260898590088,pdb_00009ctw_D_C
194,0,train,1.6576448678970337,pdb_00008vgp_H_L
195,0,train,2.466763496398926,pdb_00007rk1_D1_D2
196,0,train,0.4279559850692749,pdb_00009b65_S1_S2
197,0,train,0.37921690940856934,pdb_00009vnf_E1_E2
198,0,train,2.6127803325653076,pdb_00007n4j_H_L
199,0,train,0.5771105885505676,pdb_00008xxz_S1_S2
200,0,train,2.0479516983032227,pdb_00002ht2_E_F
201,0,train,1.3088148832321167,pdb_00002qr0_F_E
202,0,train,2.012331008911133,pdb_00008vgk_J_I
203,0,train,2.27554988861084,pdb_00004v1d_A_B
204,0,train,2.12066912651062,pdb_00009sat_H_L
205,0,train,2.2111616134643555,pdb_00005lsp_S_T
206,0,train,2.798577308654785,pdb_00009m7v_H_L
207,0,train,2.2292320728302,pdb_00002dqg_H_L
208,0,train,0.3480088412761688,pdb_00008dwc_E1_E2
209,0,train,0.4743422865867615,pdb_00009izc_S1_S2
210,0,train,2.0984044075012207,pdb_00008hn6_A_B
211,0,train,2.2777299880981445,pdb_00007k78_L1_L2
212,0,train,2.4421310424804688,pdb_00007mdj_A_B
213,0,train,2.0701282024383545,pdb_00009bbn_S_T
214,0,train,2.5122766494750977,pdb_00008tp5_J_K
215,0,train,0.33765462040901184,pdb_00008gut_S1_S2
216,0,train,2.4126312732696533,pdb_00007l7e_M_N
217,0,train,0.3192821443080902,pdb_00009m8k_N1_N2
218,0,train,0.4917241334915161,pdb_00009xhh_D1_D2
219,0,train,2.4357800483703613,pdb_00005kov_C1_C2
220,0,train,2.1881370544433594,pdb_00009rii_H_L
221,0,train,2.314173698425293,pdb_00006ba5_B_A
222,0,train,2.455291271209717,pdb_00007xj9_K_J
223,0,train,0.4478360116481781,pdb_00009vj6_E1_E2
224,0,train,1.8756247758865356,pdb_00002h2s_E_F
225,0,train,2.084749937057495,pdb_00001rjl_B_A
226,0,train,2.703059196472168,pdb_00009mtm_I_J
227,0,train,1.8546576499938965,pdb_00006ad8_C_D
228,0,train,0.3972727060317993,pdb_00008xgm_S1_S2
229,0,train,0.43814897537231445,pdb_00009d4z_E1_E2
230,0,train,2.3078577518463135,pdb_00009oco_H_L
231,0,train,1.7975492477416992,pdb_00006vja_I_M
232,0,train,0.27558308839797974,pdb_00008efl_E1_E2
233,0,train,1.9957009553909302,pdb_00007vag_H_L
234,0,train,0.2510426938533783,pdb_00008hk3_H1_H2
235,0,train,1.9395052194595337,pdb_00003a67_H_L
236,0,train,1.90623939037323,pdb_00007kmh_A_B
237,0,train,2.161304473876953,pdb_00006h3u_I_M
238,0,train,2.665055274963379,pdb_00009qub_F_E
239,0,train,2.556581735610962,pdb_00008dnn_E_F
240,0,train,0.1671028882265091,pdb_00008vve_E1_E2
241,0,train,2.0894153118133545,pdb_00007sco_H_L
242,0,train,1.838906168937683,pdb_00007rks_H_L
243,0,train,0.1840263158082962,pdb_00007vuy_S1_S2
244,0,train,1.9596587419509888,pdb_00008gv6_I_J
245,0,train,2.1332571506500244,pdb_00001ors_B_A
246,0,train,0.14182613790035248,pdb_00009ydv_E1_E2
247,0,train,0.133906751871109,pdb_00007euo_S1_S2
248,0,train,2.0960960388183594,pdb_00006n5e_H_I
249,0,train,2.0891494750976562,pdb_00007u9e_B1_B2
250,0,train,2.107853889465332,pdb_00009lf8_H_L
251,0,train,1.8900452852249146,pdb_00003fb7_A_B
252,0,train,0.4353888928890228,pdb_00008xjo_E1_E2
253,0,train,1.7867144346237183,pdb_00008w84_A_B
254,0,train,2.3603174686431885,pdb_00005kov_I1_I2
255,0,train,2.1360833644866943,pdb_00004hg4_J_K
256,0,train,2.4254651069641113,pdb_00008go8_H_L
257,0,train,0.15058203041553497,pdb_00009iv1_S1_S2
258,0,train,0.15603600442409515,pdb_00007ydj_E1_E2
259,0,train,0.13126803934574127,pdb_00008zbi_F1_F2
260,0,train,0.09383253753185272,pdb_00007v68_S1_S2
261,0,train,1.7353191375732422,pdb_00006kyz_B_C
262,0,train,1.7688440084457397,pdb_00007x66_H_L
263,0,train,1.953924536705017,pdb_00005wko_C_D
264,0,train,2.595191717147827,pdb_00009ov4_J_K
265,0,train,1.3335380554199219,pdb_00008i9l_H1_H2
266,0,train,2.353738307952881,pdb_00009mif_H_L
267,0,train,2.355181932449341,pdb_00009ctu_F_E
268,0,train,2.157442092895508,pdb_00009n8j_B_C
269,0,train,2.0259010791778564,pdb_00009c6y_C_D
270,0,train,2.5971341133117676,pdb_00009b2m_E_F
271,0,train,1.6996877193450928,pdb_00006pi7_F_E
272,0,train,0.1770053505897522,pdb_00009lre_E1_E2
273,0,train,2.1905405521392822,pdb_00007uzc_E_F
274,0,train,2.0813963413238525,pdb_00005w08_Q_R
275,0,train,2.2920799255371094,pdb_00009mla_H_K
276,0,train,0.15221327543258667,pdb_00009ppy_E1_E2
277,0,train,2.1339480876922607,pdb_00009n5z_A_B
278,0,train,1.9097764492034912,pdb_00002fee_I_L
279,0,train,1.3834123611450195,pdb_00002wuc_H_L
280,0,train,2.649374008178711,pdb_00008zd6_K_L
281,0,train,1.7708474397659302,pdb_00007uvq_D_E
282,0,train,2.1242551803588867,pdb_00007ycn_E_F
283,0,train,2.0974197387695312,pdb_00005aaw_B1_B2
284,0,train,1.7880518436431885,pdb_00002ybr_D_E
285,0,train,2.0791804790496826,pdb_00007rk2_D1_D2
286,0,train,0.1377016007900238,pdb_00007vug_S1_S2
287,0,train,2.177215576171875,pdb_00009dn2_J_N
288,0,train,2.180393695831299,pdb_00009zqa_I2_I1
289,0,train,2.0419864654541016,pdb_00008u44_U_W
290,0,train,2.032053232192993,pdb_00008u4s_F_E
291,0,train,2.149510145187378,pdb_00009oao_H_L
292,0,train,1.777799129486084,pdb_00006plk_H_L
293,0,train,1.6206601858139038,pdb_00008dn6_E_F
294,0,train,0.588647186756134,pdb_00007ejx_S1_S2
295,0,train,0.19793389737606049,pdb_00007ezm_H1_H2
296,0,train,2.326577663421631,pdb_00007lg6_K_N
297,0,train,1.481598138809204,pdb_00004ioi_B_A
298,0,train,2.1720130443573,pdb_00008sdh_C_D
299,0,train,1.4122141599655151,pdb_00007kfx_H_L
300,0,train,1.7643545866012573,pdb_00004hg4_X_Y
301,0,train,1.8227200508117676,pdb_00009og2_B_C
302,0,train,2.1478254795074463,pdb_00007x3c_F_E
303,0,train,2.1507673263549805,pdb_00009exa_D_C
304,0,train,1.6768760681152344,pdb_00002h2p_C_D
305,0,train,3.500718832015991,pdb_00006vlw_H_L
306,0,train,0.2864493727684021,pdb_00008x17_H1_H2
307,0,train,0.1699538230895996,pdb_00008uuj_D1_D2
308,0,train,1.954093337059021,pdb_00009js7_I_L
309,0,train,1.9051867723464966,pdb_00008yx9_G_I
310,0,train,1.7788023948669434,pdb_00007zlg_H_L
311,0,train,2.2260193824768066,pdb_00007c88_A_B
312,0,train,2.433525562286377,pdb_00007ezv_H_L
313,0,train,2.370211362838745,pdb_00006k7o_H_L
314,0,train,2.223801612854004,pdb_00008jn1_H_L
315,0,train,2.0655343532562256,pdb_00002oz4_H_L
316,0,train,1.5258924961090088,pdb_00007ul1_H_L
317,0,train,1.958509922027588,pdb_00007t0z_H_L
318,0,train,0.37995645403862,pdb_00009b5y_N1_N2
319,0,train,1.3638224601745605,pdb_00008pwh_B_A
320,0,train,2.068199634552002,pdb_00005aaw_A1_A2
321,0,train,2.626009464263916,pdb_00006p4b_B_A
322,0,train,2.394463300704956,pdb_00007m3l_B_C
323,0,train,1.68894362449646,pdb_00008bec_C1_C2
324,0,train,1.8198151588439941,pdb_00002dqf_B_A
325,0,train,1.9967243671417236,pdb_00008ubj_M2_M1
326,0,train,1.9519308805465698,pdb_00008u44_V_X
327,0,train,2.6307947635650635,pdb_00004ffw_D_C
328,0,train,0.23030027747154236,pdb_00007f4f_S1_S2
329,0,train,1.6763983964920044,pdb_00009n4f_H_L
330,0,train,0.2183515429496765,pdb_00007f4h_S1_S2
331,0,train,2.36559796333313,pdb_00008sgo_J_I
332,0,train,1.7203550338745117,pdb_00007x6o_J_L
333,0,train,1.6737933158874512,pdb_00002r9h_E_F
334,0,train,0.14544852077960968,pdb_00007y15_S1_S2
335,0,train,1.900614619255066,pdb_00008too_B_A
336,0,train,0.5820454359054565,pdb_00008i7w_E1_E2
337,0,train,1.745228886604309,pdb_00007ua8_I1_I2
338,0,train,2.207214593887329,pdb_00006x3x_J_I
339,0,train,2.6145052909851074,pdb_00009mtm_H_L
340,0,train,1.8391265869140625,pdb_00003ri5_J_M
341,0,train,1.0912011861801147,pdb_00007trk_H1_H2
342,0,train,0.12851396203041077,pdb_00007vgx_S1_S2
343,0,train,1.8779345750808716,pdb_00004h88_H_L
344,0,train,1.4723036289215088,pdb_00006gv4_H_L
345,0,train,2.2946300506591797,pdb_00002zcl_H_L
346,0,train,2.2081708908081055,pdb_00002i9l_B_A
347,0,train,2.6112148761749268,pdb_00007jwg_A_B
348,0,train,1.595625877380371,pdb_00007wvd_G_H
349,0,train,2.1817238330841064,pdb_00007l5j_Y_X
350,0,train,2.478652238845825,pdb_00007t01_H_L
351,0,train,2.4806225299835205,pdb_00002hmi_D_C
352,0,train,1.4829095602035522,pdb_00003det_C_D
353,0,train,2.032819986343384,pdb_00007scn_E_F
354,0,train,0.710260272026062,pdb_00008zbe_E1_E2
355,0,train,2.13217830657959,pdb_00006ii9_H_L
356,0,train,0.2632325291633606,pdb_00009kpf_S1_S2
357,0,train,2.155629873275757,pdb_00004xrc_B_A
358,0,train,1.8650768995285034,pdb_00007k63_M2_M1
359,0,train,2.234656810760498,pdb_00009mtf_I_J
360,0,train,2.129366397857666,pdb_00007lg6_J_M
361,0,train,1.6066703796386719,pdb_00007tn0_H_G
362,0,train,1.4299962520599365,pdb_00004hjg_B_A
363,0,train,0.2368139922618866,pdb_00007w56_E1_E2
364,0,train,0.21171772480010986,pdb_00007rbt_E1_E2
365,0,train,2.250683546066284,pdb_00008ywe_C2_C1
366,0,train,0.731275737285614,pdb_00009p0l_F1_F2
367,0,train,2.1570217609405518,pdb_00005dhy_A_B
368,0,train,0.1330680400133133,pdb_00008hnl_S1_S2
369,0,train,1.17322838306427,pdb_00005bo1_H_L
370,0,train,1.3845018148422241,pdb_00009og2_D_E
371,0,train,1.2679035663604736,pdb_00002ht4_C_D
372,0,train,2.6303329467773438,pdb_00006ywc_A_B
373,0,train,2.681478500366211,pdb_00006hga_H_L
374,0,train,2.113555908203125,pdb_00009mqd_J_N
375,0,train,0.2963888645172119,pdb_00009upv_S1_S2
376,0,train,1.7933831214904785,pdb_00008fhy_H_L
377,0,train,1.658053994178772,pdb_00003u30_F_E
378,0,train,0.7897855639457703,pdb_00008xqf_S1_S2
379,0,train,1.4704557657241821,pdb_00008iw9_S1_S2
380,0,train,2.372749090194702,pdb_00009rih_H_L
381,0,train,1.9597351551055908,pdb_00002bdn_H_L
382,0,train,1.9199198484420776,pdb_00008vgj_H_G
383,0,train,1.4255702495574951,pdb_00008gcp_E1_E2
384,0,train,1.9489107131958008,pdb_00004oii_I_M
385,0,train,2.0706000328063965,pdb_00003eo1_H_G
386,0,train,0.6326032280921936,pdb_00007w7e_H1_H2
387,0,train,1.991454005241394,pdb_00006flc_H_L
388,0,train,2.1627798080444336,pdb_00008e8z_H_L
389,0,train,1.9653794765472412,pdb_00005wko_G_H
390,0,train,0.545700192451477,pdb_00008j6q_S1_S2
391,0,train,1.9565401077270508,pdb_00008a96_K_J
392,0,train,2.0805881023406982,pdb_00009yyu_H_L
393,0,train,0.4319441020488739,pdb_00007t90_E1_E2
394,0,train,0.44116923213005066,pdb_00008i9s_H1_H2
395,0,train,1.385615587234497,pdb_00007dk2_G_H
396,0,train,2.1421077251434326,pdb_00009hvw_H_L
397,0,train,1.487842082977295,pdb_00007x6o_I_K
398,0,train,0.21706219017505646,pdb_00007v69_S1_S2
399,0,train,0.32169026136398315,pdb_00008z8b_S1_S2
400,0,train,1.7943699359893799,pdb_00006e0c_M1_M2
401,0,train,1.684506893157959,pdb_00006ada_C_D
402,0,train,1.869459629058838,pdb_00001ic4_H_L
403,0,train,1.9278452396392822,pdb_00008tx3_E_J
404,0,train,1.974041223526001,pdb_00004odx_A_L
405,0,train,1.9738551378250122,pdb_00009mkn_I_M
406,0,train,0.22543169558048248,pdb_00009kfi_S1_S2
407,0,train,0.1892995983362198,pdb_00007e9g_D1_D2
408,0,train,1.850013017654419,pdb_00006xxv_A_B
409,0,train,1.9333992004394531,pdb_00002w9e_H_L
410,0,train,1.9818845987319946,pdb_00006dfj_H_L
411,0,train,1.5482892990112305,pdb_00007cho_H_L
412,0,train,1.4757753610610962,pdb_00006xe1_H_L
413,0,train,1.341986060142517,pdb_00007xeg_C_D
414,0,train,1.8390977382659912,pdb_00005ug0_D_C
415,0,train,1.9049221277236938,pdb_00002r56_I_M
416,0,train,1.331041932106018,pdb_00003p0y_H_L
417,0,train,2.411757230758667,pdb_00006t9e_AAA_BBB
418,0,train,1.9542731046676636,pdb_00007m42_B_A
419,0,train,1.8850733041763306,pdb_00007o7f_H_F
420,0,train,2.106419324874878,pdb_00007ubs_K1_K2
421,0,train,2.0259158611297607,pdb_00009ma7_F_G
422,0,train,2.134467363357544,pdb_00008vsj_H_L
423,0,train,1.803300380706787,pdb_00007td8_E_F
424,0,train,2.1141600608825684,pdb_00009ma7_B_C
425,0,train,1.9521280527114868,pdb_00009ib3_H_L
426,0,train,2.6243462562561035,pdb_00008tnn_J_I
427,0,train,0.6217156052589417,pdb_00009vi9_S1_S2
428,0,train,0.4182993173599243,pdb_00007x5h_E1_E2
429,0,train,1.723886251449585,pdb_00007u0j_N1_N2
430,0,train,2.2697582244873047,pdb_00006xkr_H_L
431,0,train,0.3644142746925354,pdb_00007trs_H1_H2
432,0,train,1.8129299879074097,pdb_00009jeb_A1_A2
433,0,train,1.9144810438156128,pdb_00008da1_B_A
434,0,train,2.165060043334961,pdb_00008s72_X_Y
435,0,train,1.7412559986114502,pdb_00007u9w_H1_H2
436,0,train,1.9381484985351562,pdb_00006wds_H_L
437,0,train,1.9206206798553467,pdb_00007uzd_H_L
438,0,train,1.8207104206085205,pdb_00002eiz_B_A
439,0,train,0.3984989523887634,pdb_00008jxv_E1_E2
440,0,train,2.0427141189575195,pdb_00004tnw_V_Z
441,0,train,0.3245960772037506,pdb_00009x20_E1_E2
442,0,train,2.027357816696167,pdb_00008dd3_K_L
443,0,train,2.3313584327697754,pdb_00005d1z_D_C
444,0,train,1.4973739385604858,pdb_00006vmk_P_O
445,0,train,2.0978076457977295,pdb_00008eoo_H_L
446,0,train,2.2796099185943604,pdb_00005w3l_E_G
447,0,train,1.6252012252807617,pdb_00007eam_C_D
448,0,train,2.1691813468933105,pdb_00009mtf_M_N
449,0,train,0.18841396272182465,pdb_00008yh2_S1_S2
450,0,train,1.722394347190857,pdb_00008smi_H_L
451,0,train,1.4380766153335571,pdb_00009k6j_A_B
452,0,train,1.8399090766906738,pdb_00007zmk_E_F
453,0,train,1.4067482948303223,pdb_00001tzh_H_L
454,0,train,1.6865334510803223,pdb_00007k5y_M2_M1
455,0,train,1.3280086517333984,pdb_00004wv1_E_D
456,0,train,1.4016607999801636,pdb_00008we4_H_L
457,0,train,1.3311827182769775,pdb_00007tmz_E_F
458,0,train,1.6128566265106201,pdb_00009e60_H_L
459,0,train,2.3807551860809326,pdb_00009b82_I_G
460,0,train,0.9778066873550415,pdb_00002qr0_N_M
461,0,train,1.2097537517547607,pdb_00002vdq_H_L
462,0,train,2.17633056640625,pdb_00006gff_L_K
463,0,train,1.5754916667938232,pdb_00003ejz_E_F
464,0,train,1.6162418127059937,pdb_00007mem_G_J
465,0,train,1.0242410898208618,pdb_00006b9z_B_A
466,0,train,1.9914747476577759,pdb_00007t7b_H_L
467,0,train,2.478506088256836,pdb_00008gsd_H_L
468,0,train,1.7114237546920776,pdb_00006n5b_H_L
469,0,train,1.104690670967102,pdb_00007uko_E_F
470,0,train,0.21159666776657104,pdb_00008xos_E1_E2
471,0,train,0.16423755884170532,pdb_00007s8m_E1_E2
472,0,train,2.096215009689331,pdb_00007tpj_H_L
473,0,train,0.1339082568883896,pdb_00008gcm_E1_E2
474,0,train,1.0278903245925903,pdb_00008jxw_E1_E2
475,0,train,2.2827157974243164,pdb_00008hrd_N_Q
476,0,train,1.8885802030563354,pdb_00005dhx_L2_L1
477,0,train,2.246764898300171,pdb_00002iff_H_L
478,0,train,0.11856962740421295,pdb_00007na7_N1_N2
479,0,train,2.421499013900757,pdb_00008ulj_H_L
480,0,train,1.7055948972702026,pdb_00007ucq_J1_J2
481,0,train,1.961226463317871,pdb_00006ocb_H_L
482,0,train,2.141110420227051,pdb_00002x7l_H_L
483,0,train,2.177853584289551,pdb_00007l7e_O_P
484,0,train,1.5468604564666748,pdb_00008smt_D_F
485,0,train,0.17618289589881897,pdb_00007dw9_S1_S2
486,0,train,1.828744888305664,pdb_00004tnw_J_M
487,0,train,1.7714463472366333,pdb_00007wwk_G_F
488,0,train,1.4004340171813965,pdb_00002hlf_C_D
489,0,train,1.8634397983551025,pdb_00006wex_H_L
490,0,train,0.10972929745912552,pdb_00008hnk_S1_S2
491,0,train,1.7989559173583984,pdb_00005cbe_C_D
492,0,train,0.43146538734436035,pdb_00008zjg_S1_S2
493,0,train,1.8914366960525513,pdb_00008vgk_F_E
494,0,train,1.662993311882019,pdb_00009atm_H_L
495,0,train,2.0779988765716553,pdb_00009jy4_R_Q
496,0,train,0.12258424609899521,pdb_00008ef6_E1_E2
497,0,train,1.6708694696426392,pdb_00005jz7_J_K
498,0,train,1.5005450248718262,pdb_00008j26_B_A
499,0,train,1.1668078899383545,pdb_00003det_E_F
500,0,train,2.1098573207855225,pdb_00007q6c_H_L
501,0,train,0.1006837785243988,pdb_00009m54_S1_S2
502,0,train,1.8565791845321655,pdb_00006w0f_A_B
503,0,train,0.08306093513965607,pdb_00006kpf_S1_S2
504,0,train,1.1700915098190308,pdb_00004z7o_E_F
505,0,train,1.8964738845825195,pdb_00007t0w_O_P
506,0,train,1.8712276220321655,pdb_00007kyo_H_L
507,0,train,0.07509266585111618,pdb_00008jii_S1_S2
508,0,train,2.198751449584961,pdb_00008w5r_H_L
509,0,train,2.069607973098755,pdb_00004m62_I_M
510,0,train,0.9504017233848572,pdb_00007uk9_E_F
511,0,train,1.6780662536621094,pdb_00003stl_A_B
512,0,train,0.6031786203384399,pdb_00009p0m_F1_F2
513,0,train,1.0454388856887817,pdb_00002fed_C_D
514,0,train,0.11495545506477356,pdb_00009ipv_S1_S2
515,0,train,0.08558542281389236,pdb_00007eb2_N1_N2
516,0,train,0.38296669721603394,pdb_00009jks_S1_S2
517,0,train,1.9385913610458374,pdb_00002dqc_H_L
518,0,train,1.8994144201278687,pdb_00003lh2_J_N
519,0,train,0.09551842510700226,pdb_00008jso_S1_S2
520,0,train,1.7248690128326416,pdb_00007lf7_A_B
521,0,train,1.7201459407806396,pdb_00008bg1_J_K
522,0,train,1.54031240940094,pdb_00008vk1_F_E
523,0,train,1.3327555656433105,pdb_00001dee_F_E
524,0,train,0.9611031413078308,pdb_00003ze1_E_F
525,0,train,1.069313645362854,pdb_00006bae_B_A
526,0,train,1.4491463899612427,pdb_00006xc4_H_L
527,0,train,2.0567095279693604,pdb_00009ouo_J_K
528,0,train,2.1208982467651367,pdb_00008w5f_H_L
529,0,train,1.9404252767562866,pdb_00006dfi_H_L
530,0,train,2.3589494228363037,pdb_00007uvs_A_B
531,0,train,1.7169655561447144,pdb_00008vgh_J_I
532,0,train,1.5091339349746704,pdb_00006hjp_I_J
533,0,train,1.5298038721084595,pdb_00008dk5_K1_K2
534,0,train,1.6011912822723389,pdb_00009zdu_H_L
535,0,train,0.40582403540611267,pdb_00007yfd_C1_C2
536,0,train,2.3460276126861572,pdb_00006p4b_H_L
537,0,train,2.5177414417266846,pdb_00008eed_E_F
538,0,train,2.2137420177459717,pdb_00007s11_I_M
539,0,train,2.299182176589966,pdb_00007qez_E_F
540,0,train,0.14391322433948517,pdb_00009ije_D1_D2
541,0,train,1.3588577508926392,pdb_00009cpw_C_D
542,0,train,1.673338532447815,pdb_00006vgr_H_L
543,0,train,0.09865809977054596,pdb_00007ra3_E1_E2
544,0,train,1.5620149374008179,pdb_00009ccs_C_B
545,0,train,1.2620811462402344,pdb_00004wv1_B_A
546,0,train,0.07957224547863007,pdb_00007qvm_S1_S2
547,0,train,1.6017587184906006,pdb_00007tp3_H_L
548,0,train,2.893164873123169,pdb_00004ffw_H_L
549,0,train,0.08506833761930466,pdb_00007wz7_C1_C2
550,0,train,1.441572904586792,pdb_00008vgi_H_G
551,0,train,1.062137484550476,pdb_00008jen_E_F
552,0,train,1.4921480417251587,pdb_00007sts_A_B
553,0,train,0.06070585548877716,pdb_00008ykw_E1_E2
554,0,train,0.5167773962020874,pdb_00007ej0_H1_H2
555,0,train,1.4036191701889038,pdb_00006vmk_c_b
556,0,train,2.091512680053711,pdb_00006a4k_J_N
557,0,train,2.0013561248779297,pdb_00009cq8_C_E
558,0,train,0.07110748440027237,pdb_00007ew4_S1_S2
559,0,train,1.7140306234359741,pdb_00009axl_H_L
560,0,train,1.1190279722213745,pdb_00008pwh_D_C
561,0,train,1.0970864295959473,pdb_00008i5h_B_C
562,0,train,1.090166687965393,pdb_00007uje_E_F
563,0,train,1.4575388431549072,pdb_00001ic7_H_L
564,0,train,0.11286444962024689,pdb_00009l79_S1_S2
565,0,train,1.7703486680984497,pdb_00008xsf_H_L
566,0,train,1.4076400995254517,pdb_00008hws_D_E
567,0,train,0.9894480109214783,pdb_00008wnp_D_C
568,0,train,1.4846210479736328,pdb_00008bg1_G_H
569,0,train,0.065977543592453,pdb_00007t6u_E1_E2
570,0,train,1.5314548015594482,pdb_00008w86_E_F
571,0,train,1.8073252439498901,pdb_00008too_D_C
572,0,train,0.065727598965168,pdb_00007xa3_E1_E2
573,0,train,1.9741573333740234,pdb_00006x3t_J_I
574,0,train,1.0800527334213257,pdb_00007y6k_E1_E2
575,0,train,0.07768932729959488,pdb_00008jil_S1_S2
576,0,train,1.9908537864685059,pdb_00009iz9_S_T
577,0,train,1.6365517377853394,pdb_00009bao_E_F
578,0,train,1.6356009244918823,pdb_00009lsi_D1_C2
579,0,train,1.1072918176651,pdb_00008elq_H_L
580,0,train,0.08944234251976013,pdb_00008wpu_E1_E2
581,0,train,0.05695434659719467,pdb_00009o36_E1_E2
582,0,train,2.0720937252044678,pdb_00006mto_H_L
583,0,train,0.4848612844944,pdb_00008ia8_S1_S2
584,0,train,1.5240418910980225,pdb_00008vfx_M2_M1
585,0,train,0.3865794241428375,pdb_00009kug_H1_H2
586,0,train,0.35754337906837463,pdb_00009ge3_F1_F2
587,0,train,1.567612648010254,pdb_00007mem_I_K
588,0,train,2.16584849357605,pdb_00003v4p_H_L
589,0,train,2.4181764125823975,pdb_00008dwo_H_L
590,0,train,1.315202236175537,pdb_00007k61_N2_N1
591,0,train,1.9010469913482666,pdb_00009mqa_J_N
592,0,train,1.371944546699524,pdb_00007uvi_D_E
593,0,train,1.7978663444519043,pdb_00008cz8_C2_C1
594,0,train,1.0471669435501099,pdb_00008as0_T_S
595,0,train,0.24235747754573822,pdb_00007yac_S1_S2
596,0,train,0.2209428995847702,pdb_00008xwp_D1_D2
597,0,train,2.1998391151428223,pdb_00005umi_H_L
598,0,train,0.10221857577562332,pdb_00009kvg_E1_E2
599,0,train,1.54555344581604,pdb_00008txu_H_L
600,0,train,1.8846733570098877,pdb_00009lsj_E1_D2
601,0,train,2.528621196746826,pdb_00009ml8_M_N
602,0,train,2.6418371200561523,pdb_00004khx_H_L
603,0,train,1.4659228324890137,pdb_00007xj9_I_H
604,0,train,1.609015703201294,pdb_00007whz_C_E
605,0,train,0.2677235007286072,pdb_00008efb_E1_E2
606,0,train,2.103224992752075,pdb_00008f0h_H_L
607,0,train,0.1926545798778534,pdb_00008tzq_E1_E2
608,0,train,0.4679153561592102,pdb_00007rkm_D1_D2
609,0,train,1.4063843488693237,pdb_00008cma_H_L
610,0,train,1.9141926765441895,pdb_00008uwz_A_B
611,0,train,2.988799810409546,pdb_00008rmy_E_F
612,0,train,1.15946364402771,pdb_00003ze0_E_F
613,0,train,2.1852147579193115,pdb_00008zdw_L_J
614,0,train,1.4073034524917603,pdb_00008i5l_E1_E2
615,0,train,1.607701301574707,pdb_00007t3d_P_R
616,0,train,0.15643838047981262,pdb_00008xbh_S1_S2
617,0,train,0.13966700434684753,pdb_00006dde_E1_E2
618,0,train,1.4830814599990845,pdb_00004lf3_B_A
619,0,train,2.1198840141296387,pdb_00006glx_C_D
620,0,train,2.340273141860962,pdb_00009cpr_H_L
621,0,train,0.268349289894104,pdb_00009jid_S1_S2
622,0,train,0.07062052935361862,pdb_00008ghv_S1_S2
623,0,train,2.550199031829834,pdb_00003rhw_F_N
624,0,train,2.1636204719543457,pdb_00007shy_I_J
625,0,train,2.261197805404663,pdb_00009os5_G_J
626,0,train,1.8194200992584229,pdb_00006vc9_H_L
627,0,train,2.1974873542785645,pdb_00009mth_H_L
628,0,train,2.1524882316589355,pdb_00009kve_D_F
629,0,train,0.10834937542676926,pdb_00009k3h_S1_S2
630,0,train,0.10977495461702347,pdb_00009kvi_E1_E2
631,0,train,0.1073661595582962,pdb_00009pxv_E1_E2
632,0,train,0.1198134645819664,pdb_00008iec_N1_N2
633,0,train,1.695335865020752,pdb_00007dpm_J_K
634,0,train,1.9887875318527222,pdb_00004dgi_H_L
635,0,train,1.2706419229507446,pdb_00008x8n_E1_E2
636,0,train,2.0294198989868164,pdb_00006t9e_HHH_LLL
637,0,train,0.06073100492358208,pdb_00009cgk_E1_E2
638,0,train,2.019589900970459,pdb_00008z39_H_L
639,0,train,2.2588002681732178,pdb_00003qwo_H_L
640,0,train,1.1519814729690552,pdb_00007xei_E_F
641,0,train,1.4056200981140137,pdb_00003dvn_B_A
642,0,train,0.3744141459465027,pdb_00008wwh_E1_E2
643,0,train,1.3849724531173706,pdb_00006vmk_u_t
644,0,train,1.4159468412399292,pdb_00009dm0_C_D
645,0,train,1.7904400825500488,pdb_00006vvu_H_L
646,0,train,1.1230213642120361,pdb_00006j6y_B_C
647,0,train,1.9481773376464844,pdb_00006wtu_B_C
648,0,train,1.5632766485214233,pdb_00003b2u_J_K
649,0,train,1.901658535003662,pdb_00008g5a_H_L
650,0,train,1.8293037414550781,pdb_00009mtf_H_L
651,0,train,1.6799860000610352,pdb_00006ad7_C_D
652,0,train,1.4239634275436401,pdb_00003dvg_B_A
653,0,train,1.8234916925430298,pdb_00006wtu_H_I
654,0,train,2.358933210372925,pdb_00009cci_B_C
655,0,train,1.4744075536727905,pdb_00007u0g_O1_O2
656,0,train,0.34386277198791504,pdb_00008yuv_S1_S2
657,0,train,0.12588021159172058,pdb_00007exd_E1_E2
658,0,train,0.09441489726305008,pdb_00008jbf_E1_E2
659,0,train,1.1076102256774902,pdb_00007kfv_F_G
660,0,train,0.8577094078063965,pdb_00008z65_S1_S2
661,0,train,1.910239577293396,pdb_00006wty_H_I
662,0,train,1.665938377380371,pdb_00009clp_H_L
663,0,train,1.4612643718719482,pdb_00002jix_D_G
664,0,train,1.769435167312622,pdb_00009ue8_M_N
665,0,train,1.4997169971466064,pdb_00007t3d_O_Q
666,0,train,2.5041611194610596,pdb_00001tpx_B_C
667,0,train,1.196885347366333,pdb_00009dzf_H_L
668,0,train,1.7616472244262695,pdb_00009drx_J_I
669,0,train,1.4344757795333862,pdb_00001ots_E_F
670,0,train,1.836574673652649,pdb_00003fku_S1_S2
671,0,train,1.7918068170547485,pdb_00007vyt_B_C
672,0,train,1.2000747919082642,pdb_00007rks_I_M
673,0,train,0.16548801958560944,pdb_00007yj4_S1_S2
674,0,train,0.4189320206642151,pdb_00009k26_S1_S2
675,0,train,1.400614619255066,pdb_00007lq7_P_Q
676,0,train,1.6417064666748047,pdb_00008zh7_K_L
677,0,train,1.0180785655975342,pdb_00008as0_E_D
678,0,train,3.007603883743286,pdb_00004xhj_H_G
679,0,train,0.09190680086612701,pdb_00009ego_S1_S2
680,0,train,1.5859630107879639,pdb_00007zmk_V_W
681,0,train,0.9228088855743408,pdb_00007wbz_H_L
682,0,train,1.8895235061645508,pdb_00004ubd_Y_X
683,0,train,1.5666565895080566,pdb_00008w83_I_J
684,0,train,1.7925196886062622,pdb_00007w71_I_M
685,0,train,1.6662695407867432,pdb_00008y3i_I_J
686,0,train,0.11560584604740143,pdb_00009cgj_E1_E2
687,0,train,1.9736801385879517,pdb_00005wk3_W_V
688,0,train,1.0738131999969482,pdb_00006vmk_f_e
689,0,train,1.7587008476257324,pdb_00007mxl_J_K
690,0,train,0.23278610408306122,pdb_00009axf_H1_H2
691,0,train,1.9178968667984009,pdb_00007zwi_E_F
692,0,train,1.3901258707046509,pdb_00003b2u_T_U
693,0,train,1.15121591091156,pdb_00008y31_B_A
694,0,train,0.08340050280094147,pdb_00009v0x_E1_E2
695,0,train,1.4894863367080688,pdb_00006woz_E_F
696,0,train,1.2786861658096313,pdb_00003s37_H_L
697,0,train,1.6990001201629639,pdb_00007lop_X_Y
698,0,train,0.07597018778324127,pdb_00008xml_S1_S2
699,0,train,2.456878423690796,pdb_00009wsv_H_L
700,0,train,2.253223180770874,pdb_00006ban_H_G
701,0,train,1.688496708869934,pdb_00008g5a_I_M
702,0,train,1.245511531829834,pdb_00008vtd_B_A
703,0,train,0.07331288605928421,pdb_00009f34_E1_E2
704,0,train,1.8525135517120361,pdb_00007ey5_H_L
705,0,train,1.2463258504867554,pdb_00008i5i_H_L
706,0,train,1.4047826528549194,pdb_00004hg4_L_M
707,0,train,1.7830958366394043,pdb_00005ggs_C_D
708,0,train,1.321901798248291,pdb_00006b3s_C_D
709,0,train,2.208833694458008,pdb_00008hrd_O_P
710,0,train,0.051954202353954315,pdb_00007vdh_S1_S2
711,0,train,1.31703519821167,pdb_00005nh3_I_M
712,0,train,0.05195662006735802,pdb_00009uk2_E1_E2
713,0,train,2.43452787399292,pdb_00006wtv_E_F
714,0,train,0.06475851684808731,pdb_00006pt0_E1_E2
715,0,train,1.6408201456069946,pdb_00009oea_H_L
716,0,train,1.8669029474258423,pdb_00009cia_B_A
717,0,train,1.5506951808929443,pdb_00004gxu_W_X
718,0,train,1.4190460443496704,pdb_00007ucq_H1_H2
719,0,train,2.4491801261901855,pdb_00003rif_F_N
720,0,train,1.5758140087127686,pdb_00009wb4_B_C
721,0,train,1.601022481918335,pdb_00009ebc_K_L
722,0,train,2.3792243003845215,pdb_00001hys_D_C
723,0,train,1.7046115398406982,pdb_00008bg4_A1_A2
724,0,train,1.4424914121627808,pdb_00004f2m_A_B
725,0,train,1.3922752141952515,pdb_00008jin_P2_P1
726,0,train,1.2703890800476074,pdb_00004gxu_M_N
727,0,train,0.09154801815748215,pdb_00008efo_E1_E2
728,0,train,1.3074634075164795,pdb_00007wvd_I_J
729,0,train,2.002460479736328,pdb_00006a4k_K_O
730,0,train,1.5082110166549683,pdb_00006lhq_H_L
731,0,train,0.7918005585670471,pdb_00007trp_H1_H2
732,0,train,1.8747180700302124,pdb_00009jy3_P_O
733,0,train,0.9953362941741943,pdb_00008jel_A_B
734,0,train,2.0747835636138916,pdb_00001fns_H_L
735,0,train,0.4974325895309448,pdb_00008e9y_E1_E2
736,0,train,0.07258563488721848,pdb_00008hcx_E1_E2
737,0,train,2.2733261585235596,pdb_00006d0u_C_D
738,0,train,0.08962778747081757,pdb_00009l80_S1_S2
739,0,train,1.5276508331298828,pdb_00004v1d_D_E
740,0,train,0.2459765374660492,pdb_00008xxr_S1_S2
741,0,train,1.32435142993927,pdb_00007yds_B_C
742,0,train,2.032586097717285,pdb_00009wsx_H_L
743,0,train,1.7092770338058472,pdb_00008w5m_H_L
744,0,train,2.250354290008545,pdb_00006q18_H_L
745,0,train,1.5271339416503906,pdb_00009dru_H_L
746,0,train,1.6422308683395386,pdb_00007x3d_H_L
747,0,train,0.24982137978076935,pdb_00007wz4_S1_S2
748,0,train,0.10350287705659866,pdb_00007ew2_S1_S2
749,0,train,1.3886677026748657,pdb_00008dk5_N1_N2
750,0,train,0.2267702966928482,pdb_00009j0b_S1_S2
751,0,train,0.36146679520606995,pdb_00009kz2_H1_H2
752,0,train,0.08631637692451477,pdb_00008ykd_S1_S2
753,0,train,1.8060628175735474,pdb_00009our_H_L
754,0,train,1.0026464462280273,pdb_00007kfy_H_L
755,0,train,0.1946825236082077,pdb_00008wwn_E1_E2
756,0,train,0.975680410861969,pdb_00008q6j_B_A
757,0,train,2.432650566101074,pdb_00009me4_I_M
758,0,train,1.359300971031189,pdb_00001fbi_Q_P
759,0,train,1.6600719690322876,pdb_00007ykj_A_D
760,0,train,1.8112168312072754,pdb_00009cq8_G_H
761,0,train,2.0361437797546387,pdb_00007ahu_B_A
762,0,train,0.4047705829143524,pdb_00009plo_S1_S2
763,0,train,1.1075552701950073,pdb_00007sk8_D_C
764,0,train,1.1938146352767944,pdb_00003ze2_E_F
765,0,train,1.1370370388031006,pdb_00008oz3_A_B
766,0,train,0.16205084323883057,pdb_00008ykx_E1_E2
767,0,train,1.3365716934204102,pdb_00007t3d_C_D
768,0,train,1.1186567544937134,pdb_00008evg_M1_M2
769,0,train,0.12153042107820511,pdb_00009ik8_E1_E2
770,0,train,1.221651315689087,pdb_00007mzj_F_E
771,0,train,1.4437541961669922,pdb_00005w0k_E_F
772,0,train,1.0039352178573608,pdb_00007k63_N2_N1
773,0,train,1.483819842338562,pdb_00005w0k_H_L
774,0,train,0.07365596294403076,pdb_00007w55_E1_E2
775,0,train,1.852339744567871,pdb_00005aaw_H1_H2
776,0,train,0.2680113911628723,pdb_00009w6w_E1_E2
777,0,train,0.05478983744978905,pdb_00009jr3_S1_S2
778,0,train,1.4634042978286743,pdb_00007mzh_B_C
779,0,train,1.9443975687026978,pdb_00007f3q_C_B
780,0,train,1.6008445024490356,pdb_00006bpa_B_C
781,0,train,0.07911498099565506,pdb_00008iru_E1_E2
782,0,train,1.1887861490249634,pdb_00007sk7_D_C
783,0,train,1.4570354223251343,pdb_00006ww5_C_D
784,0,train,1.470371127128601,pdb_00007zmk_J_K
785,0,train,1.3242952823638916,pdb_00003wkm_I_M
786,0,train,2.2228755950927734,pdb_00004ffv_H_L
787,0,train,0.07726670801639557,pdb_00009k3f_S1_S2
788,0,train,1.2170734405517578,pdb_00008wpw_H_L
789,0,train,0.07083598524332047,pdb_00007yu3_S1_S2
790,0,train,0.20797063410282135,pdb_00007wic_S1_S2
791,0,train,1.9288756847381592,pdb_00008dis_A_C
792,0,train,1.5333017110824585,pdb_00004tnw_X_i
793,0,train,0.8842013478279114,pdb_00007u60_E_F
794,0,train,1.0400339365005493,pdb_00007c01_H_L
795,0,train,2.0229897499084473,pdb_00004xhj_D_C
796,0,train,1.9485218524932861,pdb_00003bsz_N_M
797,0,train,2.0720319747924805,pdb_00009cn2_B1_B2
798,0,train,1.4647523164749146,pdb_00009jbq_A_B
799,0,train,1.2724705934524536,pdb_00007jmo_H_L
800,0,train,1.4958792924880981,pdb_00005xmh_H_L
801,0,train,2.414990186691284,pdb_00008dwy_H_L
802,0,train,1.445401668548584,pdb_00004kxz_J_I
803,0,train,1.0813096761703491,pdb_00008bcz_C_D
804,0,train,0.18601875007152557,pdb_00008ij3_S1_S2
805,0,train,1.0393383502960205,pdb_00007x2k_H_L
806,0,train,0.08860085159540176,pdb_00008jhy_S1_S2
807,0,train,0.9512280821800232,pdb_00008jen_C_D
808,0,train,2.0656821727752686,pdb_00006oc3_A_B
809,0,train,1.5314136743545532,pdb_00007lq7_F_G
810,0,train,0.962583065032959,pdb_00007klg_H_L
811,0,train,1.1463433504104614,pdb_00009lsj_D1_E2
812,0,train,1.1223406791687012,pdb_00003nh7_J_N
813,0,train,1.5527106523513794,pdb_00006wzl_C_D
814,0,train,1.8931102752685547,pdb_00008znz_I_J
815,0,train,2.2175185680389404,pdb_00009y0e_A_B
816,0,train,1.57588791847229,pdb_00007xrz_H_L
817,0,train,0.07634289562702179,pdb_00007t6s_E1_E2
818,0,train,1.2887212038040161,pdb_00007zmk_P_Q
819,0,train,2.1081860065460205,pdb_00001qfu_H_L
820,0,train,1.664741039276123,pdb_00008hq7_M_N
821,0,train,0.06948982924222946,pdb_00009jmc_E1_E2
822,0,train,1.2558640241622925,pdb_00003b2u_Q_R
823,0,train,1.6952317953109741,pdb_00009oup_H_L
824,0,train,1.82767915725708,pdb_00006mlm_K_L
825,0,train,1.2439007759094238,pdb_00007y6k_J_E3
826,0,train,0.054812878370285034,pdb_00008k6m_S1_S2
827,0,train,0.04180514067411423,pdb_00007cmv_E1_E2
828,0,train,0.8831506371498108,pdb_00007xeg_E_F
829,0,train,1.0816338062286377,pdb_00008hpu_M_N
830,0,train,1.55157470703125,pdb_00007v3g_I_M
831,0,train,1.340732455253601,pdb_00009azr_H_L
832,0,train,1.2323594093322754,pdb_00007k9z_H_L
833,0,train,1.6298024654388428,pdb_00008dd2_K_L
834,0,train,2.4610180854797363,pdb_00008tfl_H_L
835,0,train,1.535312294960022,pdb_00007y3n_H_L
836,0,train,1.5159754753112793,pdb_00007wsi_H_L
837,0,train,1.7244164943695068,pdb_00009zq9_I2_I1
838,0,train,2.1298017501831055,pdb_00009cds_B_A
839,0,train,0.0640430748462677,pdb_00008xqn_S1_S2
840,0,train,1.5897668600082397,pdb_00009q7b_G_I
841,0,train,1.3342738151550293,pdb_00007dm2_H_L
842,0,train,1.9555591344833374,pdb_00008zdw_F_E
843,0,train,1.2912516593933105,pdb_00007bpk_C_D
844,0,train,1.6026201248168945,pdb_00008d9y_F_E
845,0,train,1.7096995115280151,pdb_00003fku_Y1_Y2
846,0,train,1.2172809839248657,pdb_00009l9o_B_C
847,0,train,1.6131659746170044,pdb_00001ott_C_D
848,0,train,2.1747336387634277,pdb_00009p1m_F_E
849,0,train,2.236772060394287,pdb_00009mtl_I_J
850,0,train,0.803634762763977,pdb_00007k8m_A_B
851,0,train,1.8951514959335327,pdb_00002i9l_H_G
852,0,train,1.91352379322052,pdb_00009kvk_H_L
853,0,train,1.9566866159439087,pdb_00009mic_H_L
854,0,train,1.5158671140670776,pdb_00009ouq_J_K
855,0,train,2.4029996395111084,pdb_00007rco_F_E
856,0,train,1.991677165031433,pdb_00009mtg_I_J
857,0,train,1.908060073852539,pdb_00002dqj_H_L
858,0,train,0.12369850277900696,pdb_00009ldv_S1_S2
859,0,train,1.3979467153549194,pdb_00008cxh_h_l
860,0,train,2.1341471672058105,pdb_00002r29_H_L
861,0,train,1.4321837425231934,pdb_00007ua2_H1_H2
862,0,train,2.5437121391296387,pdb_00006gv1_H_L
863,0,train,2.341176748275757,pdb_00008w0y_A_B
864,0,train,1.1234151124954224,pdb_00006xc4_X_Y
865,0,train,0.07609580457210541,pdb_00009vo2_S1_S2
866,0,train,0.07117930054664612,pdb_00006n4b_S1_S2
867,0,train,0.06502664089202881,pdb_00008yrg_E1_E2
868,0,train,1.3955366611480713,pdb_00003ejz_C_D
869,0,train,1.159980297088623,pdb_00002vdo_H_L
870,0,train,1.2456756830215454,pdb_00002h9g_B_A
871,0,train,2.091385841369629,pdb_00009me7_I_M
872,0,train,1.5943918228149414,pdb_00008j24_G1_G2
873,0,train,2.2532594203948975,pdb_00008z6x_B_C
874,0,train,1.6982758045196533,pdb_00007n0u_H_L
875,0,train,1.0345391035079956,pdb_00006ii8_H_L
876,0,train,0.09308501332998276,pdb_00007w40_H1_H2
877,0,train,1.5893070697784424,pdb_00003fku_X1_X2
878,0,train,1.3055781126022339,pdb_00005yoy_P_M
879,0,train,0.2728235423564911,pdb_00009jky_S1_S2
880,0,train,0.9630347490310669,pdb_00007zf8_H_L
881,0,train,1.5078330039978027,pdb_00004am0_C_D
882,0,train,1.0677099227905273,pdb_00002fed_E_F
883,0,train,1.5990055799484253,pdb_00004jpk_H_L
884,0,train,1.2424970865249634,pdb_00008txu_F_K
885,0,train,0.09820923209190369,pdb_00008xor_E1_E2
886,0,train,0.0948662981390953,pdb_00008feg_F1_F2
887,0,train,1.364993929862976,pdb_00005nh3_H_L
888,0,train,2.812775135040283,pdb_00006k65_H_L
889,0,train,1.8260983228683472,pdb_00004ffv_D_C
890,0,train,0.2523617148399353,pdb_00008xgu_S1_S2
891,0,train,1.5284509658813477,pdb_00008xcd_H_L
892,0,train,1.2967711687088013,pdb_00009cq4_C_D
893,0,train,1.4609590768814087,pdb_00009n8j_H_I
894,0,train,1.3728346824645996,pdb_00004hg4_N_O
895,0,train,0.4649849534034729,pdb_00007trq_H1_H2
896,0,train,1.9187761545181274,pdb_00008tpa_I_J
897,0,train,1.923794150352478,pdb_00007pry_C_D
898,0,train,1.836684226989746,pdb_00007rr0_B_C
899,0,train,2.1717031002044678,pdb_00006wqo_E_F
900,0,train,2.0888776779174805,pdb_00003ri5_G_K
901,0,train,1.6623979806900024,pdb_00007ec5_E_F
902,0,train,0.15119680762290955,pdb_00008k2x_S1_S2
903,0,train,1.9902219772338867,pdb_00008r4n_H_L
904,0,train,1.6118708848953247,pdb_00009lho_I_H
905,0,train,0.31378522515296936,pdb_00006k41_H1_H2
906,0,train,1.7726044654846191,pdb_00008hrd_Y_Z
907,0,train,1.941361904144287,pdb_00009hhr_F_E
908,0,train,2.2021710872650146,pdb_00008tnn_H_G
909,0,train,1.6011875867843628,pdb_00008vgl_E_F
910,0,train,1.4033993482589722,pdb_00007mem_H_L
911,0,train,0.1220308169722557,pdb_00006lfm_S1_S2
912,0,train,1.883902907371521,pdb_00005kov_E1_E2
913,0,train,1.512283205986023,pdb_00008w83_A_B
914,0,train,2.086009979248047,pdb_00008g5b_J_N
915,0,train,2.1828460693359375,pdb_00009bhh_T_S
916,0,train,0.26293709874153137,pdb_00009ejc_D1_D2
917,0,train,1.5203479528427124,pdb_00009iz9_O_P
918,0,train,2.418708562850952,pdb_00004f37_F_K
919,0,train,2.7450459003448486,pdb_00008ezl_H1_H2
920,0,train,1.6427175998687744,pdb_00001adq_H_L
921,0,train,0.22387291491031647,pdb_00009k27_D1_D2
922,0,train,2.114980697631836,pdb_00008tp5_H_L
923,0,train,0.11352098733186722,pdb_00008xxu_E1_E2
924,0,train,2.153684616088867,pdb_00004xzu_A_B
925,0,train,1.9653780460357666,pdb_00009mtl_H_L
926,0,train,2.0763792991638184,pdb_00009mkn_Q_R
927,0,train,2.0973222255706787,pdb_00009mtm_M_N
928,0,train,1.4716808795928955,pdb_00006ogx_C_D
929,0,train,1.2850308418273926,pdb_00004zff_A_B
930,0,train,1.6809077262878418,pdb_00004tnw_G_K
931,0,train,1.7669612169265747,pdb_00004xnm_B_A
932,0,train,0.07459795475006104,pdb_00008hnm_S1_S2
933,0,train,1.3296977281570435,pdb_00007wh8_B_A
934,0,train,1.0337021350860596,pdb_00004z7q_E_F
935,0,train,0.06570329517126083,pdb_00007y67_S1_S2
936,0,train,0.1033414974808693,pdb_00008t3q_N1_N2
937,0,train,1.54330575466156,pdb_00005lsp_H_L
938,0,train,1.7780803442001343,pdb_00007zfb_J_K
939,0,train,0.05567026883363724,pdb_00007db6_E1_E2
940,0,train,1.218984842300415,pdb_00006dzt_M1_M2
941,0,train,0.09435976296663284,pdb_00008hbd_H1_H2
942,0,train,1.8294180631637573,pdb_00009ebc_I_J
943,0,train,0.9705283641815186,pdb_00008cwv_H_L
944,0,train,1.3304705619812012,pdb_00006b3s_H_L
945,0,train,0.053364887833595276,pdb_00007xwo_E1_E2
946,0,train,1.2450374364852905,pdb_00004nik_B1_B2
947,0,train,1.3292232751846313,pdb_00007cgw_H_L
948,0,train,1.7254453897476196,pdb_00006t9d_HHH_LLL
949,0,train,1.5158742666244507,pdb_00008cbf_H_L
950,0,train,1.3274619579315186,pdb_00007quh_H_L
951,0,train,1.0761303901672363,pdb_00006adc_E_F
952,0,train,0.9670459628105164,pdb_00003g6j_H_G
953,0,train,1.0163261890411377,pdb_00008z3q_S1_S2
954,0,train,1.156569242477417,pdb_00008dww_Z_Y
955,0,train,1.7204314470291138,pdb_00008dwx_V_U
956,0,train,2.1165857315063477,pdb_00007ey5_B_C
957,0,train,0.31566449999809265,pdb_00008ija_S1_S2
958,0,train,1.8091284036636353,pdb_00003v4v_H_L
959,0,train,0.6187576055526733,pdb_00009vmp_S1_S2
960,0,train,1.326814889907837,pdb_00007wk0_D_E
961,0,train,0.08069531619548798,pdb_00008j1a_S1_S2
962,0,train,1.3959951400756836,pdb_00007qny_A_B
963,0,train,2.2860326766967773,pdb_00007l7e_C_D
964,0,train,1.364823579788208,pdb_00008bg4_C1_C2
965,0,train,0.8986128568649292,pdb_00007u9f_E_F
966,0,train,1.3734443187713623,pdb_00008jel_F_G
967,0,train,1.5550094842910767,pdb_00003eo1_K_J
968,0,train,1.5345916748046875,pdb_00008d7e_D_E
969,0,train,1.5915447473526,pdb_00008sid_J_I
970,0,train,1.517927885055542,pdb_00008u4s_H_L
971,0,train,0.9885784983634949,pdb_00008dn6_C_D
972,0,train,1.076574683189392,pdb_00008xse_M_N
973,0,train,2.256403684616089,pdb_00009qub_D_C
974,0,train,2.0987021923065186,pdb_00008tbq_A_B
975,0,train,1.651200294494629,pdb_00009ue8_A_B
976,0,train,0.20876331627368927,pdb_00008dzr_E1_E2
977,0,train,1.0393728017807007,pdb_00008syp_M1_M2
978,0,train,1.16093111038208,pdb_00007t3d_J_M
979,0,train,1.8149335384368896,pdb_00009mtk_H_L
980,0,train,2.092866897583008,pdb_00001xgu_B_A
981,0,train,2.3095078468322754,pdb_00006gff_N_M
982,0,train,1.7071430683135986,pdb_00009o7g_C_D
983,0,train,2.094809055328369,pdb_00008dcm_A_B
984,0,train,1.614936113357544,pdb_00009cfg_H_L
985,0,train,2.109224557876587,pdb_00007uij_H_L
986,0,train,0.10258091241121292,pdb_00008jz7_S1_S2
987,0,train,1.6587945222854614,pdb_00007det_D1_D2
988,0,train,1.710153579711914,pdb_00008vgi_K_L
989,0,train,1.556087851524353,pdb_00008y3h_G_H
990,0,train,1.132521390914917,pdb_00003g6d_H_L
991,0,train,1.2994171380996704,pdb_00009lho_T_S
992,0,train,1.77230703830719,pdb_00006xpz_B_C
993,0,train,1.3459397554397583,pdb_00006iap_E_D
994,0,train,1.166076421737671,pdb_00001tzh_B_A
995,0,train,1.1458979845046997,pdb_00002hlf_E_F
996,0,train,0.07054965943098068,pdb_00009k07_E1_E2
997,0,train,1.408729076385498,pdb_00008vgh_H_G
998,0,train,1.5395259857177734,pdb_00003rhw_J_M
999,0,train,1.96212899684906,pdb_00009rim_H_L
1000,0,train,1.4259179830551147,pdb_00006hxw_C_D
1001,0,train,0.06533139199018478,pdb_00007wy0_C1_C2
1002,0,train,0.06077983230352402,pdb_00007vv5_S1_S2
1003,0,train,1.9270962476730347,pdb_00009vca_H_L
1004,0,train,1.7344151735305786,pdb_00008cz8_A2_A1
1005,0,train,0.2726137638092041,pdb_00008h2g_E1_E2
1006,0,train,1.1282073259353638,pdb_00007xcz_D_E
1007,0,train,2.416666269302368,pdb_00004f37_H_L
1008,0,train,2.1711297035217285,pdb_00001tqb_B_C
1009,0,train,2.0273821353912354,pdb_00005c0n_H_L
1010,0,train,1.661632776260376,pdb_00007ubs_J1_J2
1011,0,train,1.5148671865463257,pdb_00008uzp_A_B
1012,0,train,0.08913764357566833,pdb_00009cm7_N1_N2
1013,0,train,1.609721064567566,pdb_00009ov4_H_L
1014,0,train,1.4081207513809204,pdb_00007lq7_C_D
1015,0,train,1.57668137550354,pdb_00009jy1_P_O
1016,0,train,1.2180746793746948,pdb_00003b2u_C_D
1017,0,train,0.9152820706367493,pdb_00003g6j_F_E
1018,0,train,0.06817808002233505,pdb_00008xzj_S1_S2
1019,0,train,0.06056385859847069,pdb_00009ijd_D1_D2
1020,0,train,1.9733994007110596,pdb_00008gsc_H_L
1021,0,train,1.1870592832565308,pdb_00008xsi_H_L
1022,0,train,1.6830949783325195,pdb_00009cu7_J_N
1023,0,train,1.3376197814941406,pdb_00006jod_H_L
1024,0,train,1.6035805940628052,pdb_00004hj0_C_D
1025,0,train,1.9745937585830688,pdb_00004u6h_C_D
1026,0,train,0.04417724534869194,pdb_00008e9x_E1_E2
1027,0,train,1.3305954933166504,pdb_00008vgl_H_L
1028,0,train,1.166415810585022,pdb_00007yvm_C_A
1029,0,train,1.3846365213394165,pdb_00003f7y_A_B
1030,0,train,1.078125,pdb_00008evi_M1_M2
1031,0,train,0.06348203122615814,pdb_00008jgf_E1_E2
1032,0,train,1.634312391281128,pdb_00003fmg_H_L
1033,0,train,1.5184093713760376,pdb_00006x3u_J_I
1034,0,train,1.9143495559692383,pdb_00009n4e_K_M
1035,0,train,1.3883657455444336,pdb_00007zfe_F_G
1036,0,train,1.6581919193267822,pdb_00008f6o_A_B
1037,0,train,1.547585368156433,pdb_00008ebp_I_M
1038,0,train,1.0010401010513306,pdb_00007f6z_H_L
1039,0,train,1.8942856788635254,pdb_00001nbz_B_A
1040,0,train,1.1422489881515503,pdb_00001k4d_A_B
1041,0,train,2.069793224334717,pdb_00009h4r_X_Y
1042,0,train,1.2968099117279053,pdb_00007yrf_F_E
1043,0,train,1.0341016054153442,pdb_00003gb7_A_B
1044,0,train,1.294492244720459,pdb_00007vaf_H_L
1045,0,train,1.2757222652435303,pdb_00002h9g_H_L
1046,0,train,0.14216704666614532,pdb_00008xyd_E1_E2
1047,0,train,1.4876039028167725,pdb_00006x3z_K_L
1048,0,train,0.06692425906658173,pdb_00008jim_S1_S2
1049,0,train,1.13551664352417,pdb_00003ejy_C_D
1050,0,train,0.8771582245826721,pdb_00003f5w_A_B
1051,0,train,0.7781081795692444,pdb_00007c01_C_D
1052,0,train,0.9515949487686157,pdb_00008zfz_D1_D2
1053,0,train,0.8309881091117859,pdb_00002exy_E_F
1054,0,train,2.8497488498687744,pdb_00008zd5_B_C
1055,0,train,1.1766457557678223,pdb_00008vqy_J_I
1056,0,train,0.48904862999916077,pdb_00007vdm_S1_S2
1057,0,train,1.113699197769165,pdb_00006x3u_K_L
1058,0,train,0.34359443187713623,pdb_00008xjn_E1_E2
1059,0,train,0.3391673266887665,pdb_00008ijd_S1_S2
1060,0,train,0.9320014119148254,pdb_00007yck_E_F
1061,0,train,2.496877670288086,pdb_00009n5i_H_L
1062,0,train,0.8721795678138733,pdb_00007m2j_A_B
1063,0,train,2.749469518661499,pdb_00005w3m_E_G
1064,0,train,0.09889940917491913,pdb_00009m2f_S1_S2
1065,0,train,1.1391173601150513,pdb_00008bg2_C1_C2
1066,0,train,1.516401767730713,pdb_00008jqm_M_N
1067,0,train,2.114572525024414,pdb_00009oar_H_L
1068,0,train,0.7261936664581299,pdb_00002exw_E_F
1069,0,train,1.4452996253967285,pdb_00008bg5_C1_C2
1070,0,train,1.7707674503326416,pdb_00005wko_K_L
1071,0,train,1.4809799194335938,pdb_00007x2w_H_L
1072,0,train,0.7073048949241638,pdb_00009wxm_D1_D2
1073,0,train,1.4221848249435425,pdb_00008vgm_H_L
1074,0,train,1.5002565383911133,pdb_00003fku_T1_T2
1075,0,train,1.7678076028823853,pdb_00007k9z_B_A
1076,0,train,1.3738621473312378,pdb_00007ua2_B1_B2
1077,0,train,1.7802435159683228,pdb_00006bpc_B_C
1078,0,train,1.4313952922821045,pdb_00008jkh_m_n
1079,0,train,1.5787644386291504,pdb_00006pe9_C_D
1080,0,train,1.6231193542480469,pdb_00006n5e_E_D
1081,0,train,1.611129879951477,pdb_00009yyu_I_M
1082,0,train,1.3018947839736938,pdb_00007y7m_F_G
1083,0,train,1.7637571096420288,pdb_00009n4e_Q_P
1084,0,train,0.5436348915100098,pdb_00008hpt_H1_H2
1085,0,train,1.3838222026824951,pdb_00008qh0_H_L
1086,0,train,1.2629201412200928,pdb_00007cvt_C_D
1087,0,train,1.306535243988037,pdb_00006t3j_A_B
1088,0,train,0.2133658081293106,pdb_00009jkt_S1_S2
1089,0,train,0.9307442903518677,pdb_00008hws_H_L
1090,0,train,1.6051502227783203,pdb_00008tea_H_G
1091,0,train,1.5562832355499268,pdb_00007l0l_I_K
1092,0,train,1.0047184228897095,pdb_00008si9_K_L
1093,0,train,1.7857311964035034,pdb_00007rco_D_C
1094,0,train,1.0506632328033447,pdb_00006ktr_A_B
1095,0,train,1.1563228368759155,pdb_00006ii4_H_L
1096,0,train,1.7563954591751099,pdb_00003bsz_H_L
1097,0,train,0.8694650530815125,pdb_00002itd_A_B
1098,0,train,1.507254719734192,pdb_00009rio_H_L
1099,0,train,1.5928348302841187,pdb_00008ulf_H_L
1100,0,train,1.5244375467300415,pdb_00006wm9_E_F
1101,0,train,2.092707872390747,pdb_00009oi3_H_L
1102,0,train,1.4628496170043945,pdb_00006wn1_B_C
1103,0,train,1.6380894184112549,pdb_00008uf7_B_A
1104,0,train,0.9932610392570496,pdb_00007u0g_N1_N2
1105,0,train,0.256300687789917,pdb_00007t2h_E1_E2
1106,0,train,1.4114317893981934,pdb_00009og1_B_C
1107,0,train,2.0411391258239746,pdb_00007l7e_E_F
1108,0,train,1.0906500816345215,pdb_00007d85_E_F
1109,0,train,1.5392227172851562,pdb_00008dv6_H_D
1110,0,train,1.4180951118469238,pdb_00001e6j_H_L
1111,0,train,0.7704805135726929,pdb_00007u0i_N1_N2
1112,0,train,0.3708619177341461,pdb_00008ejk_E1_E2
1113,0,train,2.06837797164917,pdb_00009fyt_I_M
1114,0,train,0.11701260507106781,pdb_00008yyw_B1_B2
1115,0,train,0.7770320177078247,pdb_00007cvs_E_F
1116,0,train,0.09249329566955566,pdb_00009upu_S1_S2
1117,0,train,0.9635465741157532,pdb_00007u9v_E_F
1118,0,train,0.5895554423332214,pdb_00006dzt_N1_N2
1119,0,train,1.8054019212722778,pdb_00003lh2_K_O
1120,0,train,1.4273664951324463,pdb_00007l0l_G_J
1121,0,train,0.08085201680660248,pdb_00008vy7_D1_D2
1122,0,train,1.8303098678588867,pdb_00004ubd_O_P
1123,0,train,0.07750117033720016,pdb_00009oxb_D1_D2
1124,0,train,1.351841926574707,pdb_00003rif_J_M
1125,0,train,1.5128483772277832,pdb_00009bt5_E_F
1126,0,train,1.063843011856079,pdb_00008hn7_B_A
1127,0,train,0.8189287781715393,pdb_00002boc_A_B
1128,0,train,0.3541342318058014,pdb_00007vie_E1_E2
1129,0,train,1.3950488567352295,pdb_00007xrz_B_A
1130,0,train,1.9052523374557495,pdb_00001fj1_D_C
1131,0,train,1.6716265678405762,pdb_00008vgk_K_L
1132,0,train,1.729992389678955,pdb_00006xy2_H_L
1133,0,train,1.1646639108657837,pdb_00007jx3_H_L
1134,0,train,0.09084261208772659,pdb_00007d77_S1_S2
1135,0,train,0.08034657686948776,pdb_00008sai_S1_S2
1136,0,train,1.7177025079727173,pdb_00008tpa_D_E
1137,0,train,1.016467809677124,pdb_00005ggv_H_L
1138,0,train,1.3638427257537842,pdb_00009js7_J_M
1139,0,train,1.6120041608810425,pdb_00008f6l_A_B
1140,0,train,2.398195266723633,pdb_00007mxl_A_B
1141,0,train,0.9873664379119873,pdb_00009n7q_H_L
1142,0,train,1.613943338394165,pdb_00007wph_E_D
1143,0,train,1.0444928407669067,pdb_00008f2j_A_B
1144,0,train,1.6751840114593506,pdb_00009jy3_R_Q
1145,0,train,0.8582675457000732,pdb_00007pry_A_B
1146,0,train,1.3934632539749146,pdb_00007pa7_ddd2_ddd1
1147,0,train,0.24133029580116272,pdb_00008yuu_S1_S2
1148,0,train,1.1600041389465332,pdb_00008vrn_K_L
1149,0,train,0.7941708564758301,pdb_00007nx8_H_L
1150,0,train,1.3266067504882812,pdb_00009ouq_H_L
1151,0,train,2.3265585899353027,pdb_00001n6q_H_L
1152,0,train,0.0601094551384449,pdb_00007ydh_E1_E2
1153,0,train,0.9304444789886475,pdb_00007tpd_E_F
1154,0,train,1.406935214996338,pdb_00007wro_H_L
1155,0,train,0.4863247573375702,pdb_00008iys_E1_E2
1156,0,train,1.1022628545761108,pdb_00006k5i_C_D
1157,0,train,1.604757308959961,pdb_00007mzj_H_L
1158,0,train,0.9544699788093567,pdb_00007klh_I_M
1159,0,train,1.305525541305542,pdb_00008tx3_H_L
1160,0,train,1.3311984539031982,pdb_00008dce_H1_H2
1161,0,train,1.3994916677474976,pdb_00008gpu_C_D
1162,0,train,1.8700025081634521,pdb_00009oar_B_D
1163,0,train,1.5507042407989502,pdb_00004yk4_C_B
1164,0,train,1.2577885389328003,pdb_00008gpy_E1_E2
1165,0,train,2.0866899490356445,pdb_00006zh9_HHH_LLL
1166,0,train,1.051198959350586,pdb_00006cyf_U_T
1167,0,train,0.848389744758606,pdb_00007pry_F_G
1168,0,train,1.004199743270874,pdb_00005yoy_Q_N
1169,0,train,1.4730923175811768,pdb_00009ib1_H_L
1170,0,train,2.665032148361206,pdb_00008edf_H_L
1171,0,train,1.3272817134857178,pdb_00005xku_C_B
1172,0,train,2.156167984008789,pdb_00002x7l_J_K
1173,0,train,1.5407662391662598,pdb_00004tnw_W_f
1174,0,train,1.6264841556549072,pdb_00001ua6_H_L
1175,0,train,1.0241249799728394,pdb_00009dzg_H_L
1176,0,train,0.9336259961128235,pdb_00007mzk_C_D
1177,0,train,2.141117572784424,pdb_00006h3u_H_L
1178,0,train,0.46921128034591675,pdb_00009iv6_S1_S2
1179,0,train,1.3898926973342896,pdb_00007lq7_T_U
1180,0,train,1.1587904691696167,pdb_00006xq2_C_B
1181,0,train,1.0812551975250244,pdb_00007d6i_B_C
1182,0,train,2.0087151527404785,pdb_00009oi3_I_J
1183,0,train,0.3674603998661041,pdb_00009vnz_E1_E2
1184,0,train,1.1652261018753052,pdb_00008wpy_H_L
1185,0,train,0.9437118172645569,pdb_00003iga_A_B
1186,0,train,1.6942557096481323,pdb_00006ii9_P_Q
1187,0,train,0.22030824422836304,pdb_00008jjp_S1_S2
1188,0,train,1.5867717266082764,pdb_00006ek2_H1_H2
1189,0,train,0.7705916166305542,pdb_00007ufh_E_F
1190,0,train,1.5015442371368408,pdb_00006wmw_M_N
1191,0,train,1.1239749193191528,pdb_00008bg3_A1_A2
1192,0,train,0.22196248173713684,pdb_00008z8a_S1_S2
1193,0,train,0.11158466339111328,pdb_00008jxt_E1_E2
1194,0,train,1.8715022802352905,pdb_00008suo_I_M
1195,0,train,0.09358659386634827,pdb_00009izf_S1_S2
1196,0,train,0.23198992013931274,pdb_00009iy8_S1_S2
1197,0,train,0.08436334878206253,pdb_00007yon_S1_S2
1198,0,train,1.214619517326355,pdb_00008jkh_h_l
1199,0,train,0.09997832775115967,pdb_00008w8r_S1_S2
1200,0,train,2.325676202774048,pdb_00001j5o_H_L
1201,0,train,1.930149793624878,pdb_00006yz7_BBB_CCC
1202,0,train,1.2312960624694824,pdb_00006w0a_A_B
1203,0,train,1.7725553512573242,pdb_00009mtk_I_J
1204,0,train,1.230129361152649,pdb_00009ue0_A_B
1205,0,train,1.4811440706253052,pdb_00009bdi_H_L
1206,0,train,0.09104926884174347,pdb_00008h0p_E1_E2
1207,0,train,0.08970311284065247,pdb_00009jr2_S1_S2
1208,0,train,0.07373949140310287,pdb_00007wyb_E1_E2
1209,0,train,1.0338019132614136,pdb_00004zff_H_L
1210,0,train,1.5844849348068237,pdb_00008ihj_S1_S2
1211,0,train,0.06968352198600769,pdb_00008vy9_D1_D2
1212,0,train,0.9741551280021667,pdb_00006ad7_E_F
1213,0,train,1.621574878692627,pdb_00007ttx_H_L
1214,0,train,1.4413561820983887,pdb_00003eo1_B_A
1215,0,train,2.18990159034729,pdb_00003ri5_F_N
1216,0,train,1.3725452423095703,pdb_00002eks_B_A
1217,0,train,0.9682368040084839,pdb_000011oo_H_L
1218,0,train,0.4884766936302185,pdb_00008j21_B1_B2
1219,0,train,1.118765950202942,pdb_00008dn7_A_B
1220,0,train,0.15172046422958374,pdb_00007rgp_E1_E2
1221,0,train,0.8857448101043701,pdb_00007kfw_F_G
1222,0,train,1.0852237939834595,pdb_00007xsc_D_H
1223,0,train,1.4117358922958374,pdb_00007vyr_H_L
1224,0,train,1.4916050434112549,pdb_00009riq_H_L
1225,0,train,1.339173436164856,pdb_00004yk4_Z_Y
1226,0,train,1.0543230772018433,pdb_00008i0n_I_M
1227,0,train,1.4609099626541138,pdb_00005wko_I_J
1228,0,train,2.0571584701538086,pdb_00008zre_h_l
1229,0,train,1.3216456174850464,pdb_00008w85_A_B
1230,0,train,0.46284863352775574,pdb_00008jxx_E1_E2
1231,0,train,1.0715861320495605,pdb_00007x63_H_L
1232,0,train,2.241072654724121,pdb_00003rif_I_O
1233,0,train,2.1921286582946777,pdb_00003mj9_H_L
1234,0,train,1.9251631498336792,pdb_00008tp5_E_F
1235,0,train,0.14636492729187012,pdb_00008kfx_S1_S2
1236,0,train,1.5275657176971436,pdb_00008too_H_E
1237,0,train,1.6191662549972534,pdb_00004hg4_V_W
1238,0,train,0.3833165466785431,pdb_00007yoo_S1_S2
1239,0,train,1.429781436920166,pdb_00009bao_G_H
1240,0,train,2.448141098022461,pdb_00009ml8_H_L
1241,0,train,0.06451525539159775,pdb_00009vmy_E1_E2
1242,0,train,0.22880488634109497,pdb_00007xav_E1_E2
1243,0,train,2.1900813579559326,pdb_00008kep_H_L
1244,0,train,0.9133082032203674,pdb_00005xhv_P_Q
1245,0,train,1.3224791288375854,pdb_00002yss_B_A
1246,0,train,0.22006136178970337,pdb_00008thk_F1_F2
1247,0,train,1.8440293073654175,pdb_00001kiq_B_A
1248,0,train,1.2888001203536987,pdb_00007e3o_H_L
1249,0,train,1.5452922582626343,pdb_00007wph_H_L
1250,0,train,0.09261276572942734,pdb_00008xjk_E1_E2
1251,0,train,1.0048415660858154,pdb_00008sps_K1_K2
1252,0,train,0.061748847365379333,pdb_00009kfk_S1_S2
1253,0,train,1.1246861219406128,pdb_00006x3s_J_I
1254,0,train,0.20748887956142426,pdb_00006crk_H1_H2
1255,0,train,0.17459139227867126,pdb_00007vif_E1_E2
1256,0,train,2.2665295600891113,pdb_00005dfw_H1_H2
1257,0,train,1.4133251905441284,pdb_00005ggt_H_L
1258,0,train,1.426121473312378,pdb_00008rrn_H_L
1259,0,train,1.79947829246521,pdb_00001fdl_H_L
1260,0,train,2.553638219833374,pdb_00009leo_A_B
1261,0,train,1.6393132209777832,pdb_00008y3i_G_H
1262,0,train,1.7703241109848022,pdb_00009t5z_H_L
1263,0,train,1.1615777015686035,pdb_00008jkf_m_n
1264,0,train,0.10602807998657227,pdb_00007vkt_E1_E2
1265,0,train,0.9564122557640076,pdb_00008jkh_M_N
1266,0,train,1.295005202293396,pdb_00006x3z_J_I
1267,0,train,0.3800443112850189,pdb_00009ggg_S1_S2
1268,0,train,2.036651372909546,pdb_00002x7l_E_F
1269,0,train,2.4807794094085693,pdb_00008tzn_G_H
1270,0,train,1.580703616142273,pdb_00002vxq_H_L
1271,0,train,1.9726078510284424,pdb_00009ml8_E_F
1272,0,train,2.058335304260254,pdb_00003qwo_A_B
1273,0,train,0.08288801461458206,pdb_00008iu2_S1_S2
1274,0,train,1.2758289575576782,pdb_00008w86_A_B
1275,0,train,1.5459977388381958,pdb_00008p5m_G_L
1276,0,train,1.7688010931015015,pdb_00009mth_M_N
1277,0,train,1.100677251815796,pdb_00009drx_K_L
1278,0,train,1.3219085931777954,pdb_00001uac_H_L
1279,0,train,1.1907260417938232,pdb_00007kmg_A_B
1280,0,train,1.966238260269165,pdb_00006u9s_D_E
1281,0,train,1.7382134199142456,pdb_00005hbt_D_C
1282,0,train,0.9698972105979919,pdb_00007cdj_H_L
1283,0,train,2.669110059738159,pdb_00008cdd_E_D
1284,0,train,0.9035925269126892,pdb_00006e0c_N1_N2
1285,0,train,1.6607431173324585,pdb_00007zfb_H_L
1286,0,train,1.1557201147079468,pdb_00007rxj_H_L
1287,0,train,1.615156888961792,pdb_00007m7b_H_L
1288,0,train,2.1396267414093018,pdb_00006d0u_K_L
1289,0,train,1.6092157363891602,pdb_00007uvs_D_E
1290,0,train,1.441290020942688,pdb_00001dqj_B_A
1291,0,train,1.8658447265625,pdb_00009f90_A_B
1292,0,train,0.2723298668861389,pdb_00009kxs_H1_H2
1293,0,train,1.369421362876892,pdb_00008vgm_E_F
1294,0,train,2.0619256496429443,pdb_00009e3l_G_H
1295,0,train,0.057455871254205704,pdb_00008kgg_E1_E2
1296,0,train,1.2503582239151,pdb_00007sco_J_K
1297,0,train,1.2470604181289673,pdb_00008f6x_E1_E2
1298,0,train,1.549625277519226,pdb_00006bpa_E_F
1299,0,train,1.3844966888427734,pdb_00007ycn_C_D
1300,0,train,0.1337394118309021,pdb_00007t8x_E1_E2
1301,0,train,0.9870098829269409,pdb_00008ubj_N2_N1
1302,0,train,1.9503657817840576,pdb_00008sdh_H_L
1303,0,train,1.2928494215011597,pdb_00006wno_E_F
1304,0,train,1.3328816890716553,pdb_00007f15_B1_B2
1305,0,train,1.2455759048461914,pdb_00006ss4_HHH_LLL
1306,0,train,1.788148283958435,pdb_00007x2i_H_L
1307,0,train,1.6548315286636353,pdb_00007kqh_C_D
1308,0,train,0.8653774857521057,pdb_00002qr0_T_S
1309,0,train,0.0955328643321991,pdb_00008j6j_H1_H2
1310,0,train,1.1540837287902832,pdb_00006vmk_o_n
1311,0,train,0.6013826131820679,pdb_00008x8l_E1_E2
1312,0,train,1.9564335346221924,pdb_00006jep_K_I
1313,0,train,0.8881381154060364,pdb_00008j8r_D_E
1314,0,train,0.6680724620819092,pdb_00008evh_N1_N2
1315,0,train,1.5370413064956665,pdb_00006fax_H_L
1316,0,train,2.236492156982422,pdb_00009y41_H_L
1317,0,train,0.08767170459032059,pdb_00009jmd_E1_E2
1318,0,train,1.3805793523788452,pdb_00004qci_B_A
1319,0,train,0.28869757056236267,pdb_00008jpn_S1_S2
1320,0,train,0.9370962977409363,pdb_00007ek0_H_L
1321,0,train,1.4389896392822266,pdb_00008sdf_H_L
1322,0,train,0.21286989748477936,pdb_00008yn9_E1_E2
1323,0,train,1.0838068723678589,pdb_00003u30_C_B
1324,0,train,1.5308772325515747,pdb_00007tbf_H_L
1325,0,train,0.8167805075645447,pdb_00008jel_C_D
1326,0,train,1.0378332138061523,pdb_00008jkf_M_N
1327,0,train,0.9002014994621277,pdb_00003fb6_A_B
1328,0,train,1.865515112876892,pdb_00005gs0_D_C
1329,0,train,2.120082378387451,pdb_00007y6l_H_L
1330,0,train,0.8736357092857361,pdb_00002exw_C_D
1331,0,train,0.11457018554210663,pdb_00009m8l_N1_N2
1332,0,train,1.3156664371490479,pdb_00005vig_H_L
1333,0,train,1.3045306205749512,pdb_00009oun_H_L
1334,0,train,0.8710770010948181,pdb_00002vdl_H_L
1335,0,train,1.359749674797058,pdb_00007uxl_A_B
1336,0,train,0.3436774015426636,pdb_00007x9y_S1_S2
1337,0,train,0.9663612246513367,pdb_00007zf9_H_L
1338,0,train,1.4698841571807861,pdb_00007x2o_H_L
1339,0,train,1.7618883848190308,pdb_00009l07_H_L
1340,0,train,1.050191879272461,pdb_00006cyf_M_L
1341,0,train,0.08452609181404114,pdb_00008ic0_E1_E2
1342,0,train,0.765114963054657,pdb_00003fb5_A_B
1343,0,train,0.07464715838432312,pdb_00009l42_E1_E2
1344,0,train,1.4161813259124756,pdb_00008g5b_I_M
1345,0,train,0.9011018872261047,pdb_00006bah_B_A
1346,0,train,0.24450916051864624,pdb_00009j31_D1_D2
1347,0,train,0.8706857562065125,pdb_00006cw3_C_D
1348,0,train,1.8840453624725342,pdb_00001g9n_H_L
1349,0,train,0.08445358276367188,pdb_00008y02_S1_S2
1350,0,train,0.04836548864841461,pdb_00008xqo_S1_S2
1351,0,train,1.349541425704956,pdb_00009cu7_I_M
1352,0,train,0.8358914852142334,pdb_00008ubl_M2_M1
1353,0,train,0.16806159913539886,pdb_00008hqe_H1_H2
1354,0,train,1.058255910873413,pdb_00006vmk_H_G
1355,0,train,1.8095132112503052,pdb_00009nz3_D_C
1356,0,train,0.4999062418937683,pdb_00007e33_E1_E2
1357,0,train,2.7839515209198,pdb_00004xzu_E_F
1358,0,train,1.5638898611068726,pdb_00007zfc_A_B
1359,0,train,0.7051718235015869,pdb_00008wnp_B_A
1360,0,train,1.167984962463379,pdb_00007wk0_A_B
1361,0,train,1.3918412923812866,pdb_00009nz3_F_E
1362,0,train,0.756798267364502,pdb_00002ht4_E_F
1363,0,train,0.10205454379320145,pdb_00007ew1_E1_E2
1364,0,train,0.7738807797431946,pdb_00003stz_A_B
1365,0,train,0.22820289433002472,pdb_00009jkv_S1_S2
1366,0,train,0.6360805630683899,pdb_00003or7_A_B
1367,0,train,1.2527345418930054,pdb_00007zfe_M_N
1368,0,train,1.7851879596710205,pdb_00008ut2_J_I
1369,0,train,1.4396100044250488,pdb_00007y3o_H_L
1370,0,train,0.0836411789059639,pdb_00008yn5_E1_E2
1371,0,train,1.486446738243103,pdb_00006u6u_H_L
1372,0,train,1.220285177230835,pdb_00007jmw_H_L
1373,0,train,0.7387635707855225,pdb_00002qr0_X_W
1374,0,train,0.08373748511075974,pdb_00008jlk_S1_S2
1375,0,train,1.590000867843628,pdb_00009hhr_L_H
1376,0,train,1.058134913444519,pdb_00009l6c_H_L
1377,0,train,1.4284788370132446,pdb_00002i9l_D_C
1378,0,train,1.8078969717025757,pdb_00006ivz_H_L
1379,0,train,0.902281641960144,pdb_00007sk4_D_C
1380,0,train,2.0326590538024902,pdb_00001oak_H_L
1381,0,train,1.2390859127044678,pdb_00007lfa_H_L
1382,0,train,2.1278884410858154,pdb_00006ban_F_E
1383,0,train,1.0051954984664917,pdb_00003nh7_I_M
1384,0,train,0.8317442536354065,pdb_00006vmk_M_L
1385,0,train,2.2572426795959473,pdb_00008go8_I_M
1386,0,train,2.420124053955078,pdb_00004i3r_H_L
1387,0,train,1.3522193431854248,pdb_00004okv_A_B
1388,0,train,0.9241353273391724,pdb_00008vfx_N2_N1
1389,0,train,1.1831954717636108,pdb_00008w83_M_N
1390,0,train,1.1087262630462646,pdb_00007t87_H_L
1391,0,train,1.3219586610794067,pdb_00009cq4_H_L
1392,0,train,0.772634744644165,pdb_00008elp_H_L
1393,0,train,0.17156149446964264,pdb_00007xxh_H1_H2
1394,0,train,0.9371167421340942,pdb_00003t3m_E_F
1395,0,train,0.24248875677585602,pdb_00008k9k_H1_H2
1396,0,train,1.729066252708435,pdb_00009rik_H_L
1397,0,train,1.384256362915039,pdb_00007unb_H_L
1398,0,train,1.0957108736038208,pdb_00008ihb_S1_S2
1399,0,train,0.7754670977592468,pdb_00009oj4_B_A
1400,0,train,0.6683962345123291,pdb_00007udg_E_F
1401,0,train,1.790015697479248,pdb_00006vvu_G_I
1402,0,train,2.0819358825683594,pdb_00001iqd_B_A
1403,0,train,0.9196773171424866,pdb_00007zfe_J_K
1404,0,train,1.1977609395980835,pdb_00009our_J_K
1405,0,train,0.2757797837257385,pdb_00008z9p_S1_S2
1406,0,train,1.9182865619659424,pdb_00005dhx_B2_B1
1407,0,train,1.4499670267105103,pdb_00007zmk_S_T
1408,0,train,1.5330023765563965,pdb_00001fsk_C_B
1409,0,train,0.10519316047430038,pdb_00008y45_S1_S2
1410,0,train,0.1628550887107849,pdb_00008yn2_E1_E2
1411,0,train,1.4787442684173584,pdb_00009zqa_J2_J1
1412,0,train,1.2837260961532593,pdb_00009nz5_F_E
1413,0,train,2.2074105739593506,pdb_00008hrd_L_M
1414,0,train,1.5946654081344604,pdb_00008rrn_C_D
1415,0,train,0.07763518393039703,pdb_00009bqj_E1_E2
1416,0,train,1.1090346574783325,pdb_00009udq_F_A
1417,0,train,1.153956651687622,pdb_00007qf1_C_B
1418,0,train,2.060210943222046,pdb_00008dwo_U_V
1419,0,train,0.869860827922821,pdb_00004ttd_H_L
1420,0,train,0.7410359978675842,pdb_00007tho_E_F
1421,0,train,0.15879175066947937,pdb_00008xx6_S1_S2
1422,0,train,1.1462247371673584,pdb_00006wzl_A_B
1423,0,train,0.8127177953720093,pdb_00008evg_N1_N2
1424,0,train,1.1496773958206177,pdb_00006adc_C_D
1425,0,train,1.4348795413970947,pdb_00008bcz_H_L
1426,0,train,1.1278350353240967,pdb_00008tbb_H_L
1427,0,train,1.4249671697616577,pdb_00007c81_H_L
1428,0,train,2.474745988845825,pdb_00009y3x_H_L
1429,0,train,0.32632380723953247,pdb_00008zps_E1_E2
1430,0,train,2.111053466796875,pdb_00001t03_H_L
1431,0,train,1.6461615562438965,pdb_00004lvh_E_F
1432,0,train,1.8285481929779053,pdb_00008zre_H_L
1433,0,train,1.3431285619735718,pdb_00007zfc_H_L
1434,0,train,0.9284182190895081,pdb_00008bcz_E_F
1435,0,train,0.11028461158275604,pdb_00009oxa_D1_D2
1436,0,train,1.1121995449066162,pdb_00006w0g_A_B
1437,0,train,0.08316044509410858,pdb_00007ts0_H1_H2
1438,0,train,0.6653085947036743,pdb_00002qr0_H_G
1439,0,train,1.9259228706359863,pdb_00007lop_W_V
1440,0,train,0.7906832695007324,pdb_00006k5f_C_D
1441,0,train,1.6721456050872803,pdb_00009huo_C_D
1442,0,train,1.3944898843765259,pdb_00005wko_E_F
1443,0,train,0.06525829434394836,pdb_00008xqs_S1_S2
1444,0,train,1.620316982269287,pdb_00003hfm_H_L
1445,0,train,1.4925566911697388,pdb_00005wk3_S_R
1446,0,train,1.913980484008789,pdb_00003h3b_C2_C1
1447,0,train,0.9187380075454712,pdb_00009lbs_D_C
1448,0,train,1.7676944732666016,pdb_00008bbo_H_L
1449,0,train,1.530701994895935,pdb_00005aaw_F1_F2
1450,0,train,0.7409181594848633,pdb_00004tsb_H_L
1451,0,train,1.5220707654953003,pdb_00006yor_H_L
1452,0,train,1.466516137123108,pdb_00006z2m_B_C
1453,0,train,1.4324554204940796,pdb_00008ut2_H_G
1454,0,train,0.18034617602825165,pdb_00008wwk_E1_E2
1455,0,train,0.709087610244751,pdb_00007k61_M2_M1
1456,0,train,1.370017170906067,pdb_00007wvl_H_L
1457,0,train,2.178593635559082,pdb_00009xsx_B_C
1458,0,train,1.8280726671218872,pdb_00009cds_E_D
1459,0,train,1.5096017122268677,pdb_00009j4c_H_L
1460,0,train,0.5467782616615295,pdb_00006k5i_E_F
1461,0,train,1.177177906036377,pdb_00007lfa_B_D
1462,0,train,1.45421302318573,pdb_00005ugy_H_L
1463,0,train,1.3421698808670044,pdb_00008zh7_E_F
1464,0,train,0.8910799026489258,pdb_00008bg2_A1_A2
1465,0,train,1.7722119092941284,pdb_00007n0a_B_A
1466,0,train,0.10203570127487183,pdb_00008thl_F1_F2
1467,0,train,1.8472980260849,pdb_00006oel_H_L
1468,0,train,0.10893818736076355,pdb_00008f7q_E1_E2
1469,0,train,1.1579712629318237,pdb_00005aaw_K1_K2
1470,0,train,2.0521023273468018,pdb_00008p12_H_L
1471,0,train,1.5436744689941406,pdb_00008fdo_A_B
1472,0,train,0.9306337833404541,pdb_00009n8j_F_G
1473,0,train,1.2338753938674927,pdb_00006x3w_J_I
1474,0,train,0.05913510173559189,pdb_00009buy_E1_E2
1475,0,train,0.06484190374612808,pdb_00008hoc_S1_S2
1476,0,train,1.3752046823501587,pdb_00006yor_B_C
1477,0,train,1.1281108856201172,pdb_00007m42_D_C
1478,0,train,0.051757633686065674,pdb_00008z3m_S1_S2
1479,0,train,0.9123609662055969,pdb_00008dd2_J_I
1480,0,train,1.1539287567138672,pdb_00007pa7_nnn2_nnn1
1481,0,train,0.8901966214179993,pdb_00001dee_D_C
1482,0,train,1.0371671915054321,pdb_00009lae_A_B
1483,0,train,1.1390092372894287,pdb_00007sco_E_F
1484,0,train,1.5745031833648682,pdb_00009ma7_D_E
1485,0,train,0.15720528364181519,pdb_00007jhj_D1_D2
1486,0,train,0.053315822035074234,pdb_00006kpg_S1_S2
1487,0,train,1.6784749031066895,pdb_00008bcz_A_B
1488,0,train,0.8254507184028625,pdb_00002bob_A_B
1489,0,train,1.421133279800415,pdb_00008jqm_H_L
1490,0,train,1.7836822271347046,pdb_00002x7l_G_I
1491,0,train,0.061041299253702164,pdb_00009kpe_S1_S2
1492,0,train,0.08249952644109726,pdb_00009v2n_S1_S2
1493,0,train,1.7815542221069336,pdb_00008w5l_H_L
1494,0,train,1.0722548961639404,pdb_00007wur_G_H
1495,0,train,1.1707313060760498,pdb_00007jum_I1_I2
1496,0,train,1.5154491662979126,pdb_00007scn_H_L
1497,0,train,1.173167109489441,pdb_00007f7h_A_B
1498,0,train,1.8694219589233398,pdb_00006xm2_F_E
1499,0,train,1.1381516456604004,pdb_00007vyr_A_B
1500,0,train,2.1574695110321045,pdb_00006s3d_A_B
1501,0,train,1.4559108018875122,pdb_00007ttm_H_L
1502,0,train,1.2819675207138062,pdb_00009nz4_F_E
1503,0,train,1.0566740036010742,pdb_00006cyf_D_C
1504,0,train,0.0497291274368763,pdb_00007ew3_S1_S2
1505,0,train,1.6039016246795654,pdb_00004dkf_I_M
1506,0,train,0.6884904503822327,pdb_00007uh8_E_F
1507,0,train,1.5818088054656982,pdb_00008tea_F_I
1508,0,train,0.046222832053899765,pdb_00008kfz_S1_S2
1509,0,train,1.0560023784637451,pdb_00003dvn_H_L
1510,0,train,0.8311567306518555,pdb_00002r0l_H_L
1511,0,train,1.1892107725143433,pdb_00008sxp_H_L
1512,0,train,0.4939795732498169,pdb_00003zdx_E_F
1513,0,train,0.9084128737449646,pdb_00006w0j_A_B
1514,0,train,1.283765196800232,pdb_00007ebz_E_F
1515,0,train,1.3921812772750854,pdb_00006ogx_H_L
1516,0,train,0.1137089729309082,pdb_00007jvr_E1_E2
1517,0,train,1.498732566833496,pdb_00009c0v_H_L
1518,0,train,0.0647585541009903,pdb_00008jln_S1_S2
1519,0,train,0.785010814666748,pdb_00008tft_I_M
1520,0,train,1.4661192893981934,pdb_00006p4a_H_L
1521,0,train,0.4781528413295746,pdb_00007ucy_E_F
1522,0,train,1.5710994005203247,pdb_00003lqa_H_L
1523,0,train,1.408145546913147,pdb_00009mqa_H_L
1524,0,train,0.800926685333252,pdb_00005u5f_B_A
1525,0,train,1.3514013290405273,pdb_00009cu7_H_L
1526,0,train,2.1078367233276367,pdb_00008erq_H_L
1527,0,train,1.8188821077346802,pdb_00009wai_E_F
1528,0,train,2.184560537338257,pdb_00006s3d_E_F
1529,0,train,2.1099061965942383,pdb_00008hpu_H_L
1530,0,train,1.837160348892212,pdb_00006xq0_B_C
1531,0,train,2.010709762573242,pdb_00006aru_C_B
1532,0,train,1.5183395147323608,pdb_00009k6y_H_L
1533,0,train,0.09085747599601746,pdb_00008yn7_E1_E2
1534,0,train,1.9192888736724854,pdb_00007t82_D_C
1535,0,train,1.5737916231155396,pdb_00007dm1_F_E
1536,0,train,2.1037986278533936,pdb_00008v2e_A_B
1537,0,train,1.1298128366470337,pdb_00008oz3_H_L
1538,0,train,1.5055365562438965,pdb_00009q7b_L_M
1539,0,train,0.774642825126648,pdb_00008vrn_J_I
1540,0,train,0.8932744860649109,pdb_00006vmk_Z_Y
1541,0,train,1.6918615102767944,pdb_00007m7w_E_F
1542,0,train,1.589704155921936,pdb_00009mqd_I_M
1543,0,train,1.317847490310669,pdb_00008jqn_h_l
1544,0,train,1.4658278226852417,pdb_00008khr_H_L
1545,0,train,1.4895795583724976,pdb_00006ek2_I1_I2
1546,0,train,1.1724458932876587,pdb_00007bbj_M_N
1547,0,train,1.1546534299850464,pdb_00008e2u_H_L
1548,0,train,2.516108751296997,pdb_00008z6t_B_C
1549,0,train,0.043370917439460754,pdb_00007vdl_S1_S2
1550,0,train,1.5466110706329346,pdb_00007sbd_H_L
1551,0,train,0.4452942907810211,pdb_00007tct_E_F
1552,0,train,2.2242848873138428,pdb_00007uij_A_B
1553,0,train,0.04336152598261833,pdb_00007vgz_F1_F2
1554,0,train,0.04332119971513748,pdb_000021ag_S1_S2
1555,0,train,0.050561584532260895,pdb_00008j18_S1_S2
1556,0,train,1.7680540084838867,pdb_00009e3k_H_L
1557,0,train,0.15624478459358215,pdb_00007xau_E1_E2
1558,0,train,1.4773627519607544,pdb_00006z2m_H_L
1559,0,train,0.8969499468803406,pdb_00007ch5_H_L
1560,0,train,1.5340235233306885,pdb_00007scn_J_K
1561,0,train,1.8495949506759644,pdb_00008zyf_H_D
1562,0,train,1.1156476736068726,pdb_00008jkf_h_l
1563,0,train,0.8523699641227722,pdb_00008dww_X_W
1564,0,train,0.06217385455965996,pdb_00008xxv_E1_E2
1565,0,train,1.4755585193634033,pdb_00008dis_H_L
1566,0,train,1.0868875980377197,pdb_00007lq7_y_z
1567,0,train,0.43809789419174194,pdb_00009v1h_E1_E2
1568,0,train,0.12799997627735138,pdb_00009iza_S1_S2
1569,0,train,0.35790425539016724,pdb_00007udh_E_F
1570,0,train,1.2603342533111572,pdb_00001c08_B_A
1571,0,train,1.4523123502731323,pdb_00009iz9_Q_R
1572,0,train,1.8275187015533447,pdb_00005gs0_F_E
1573,0,train,1.1452471017837524,pdb_00008sit_H_L
1574,0,train,1.1380560398101807,pdb_00009oum_H_L
1575,0,train,0.061931874603033066,pdb_00009vje_E1_E2
1576,0,train,1.6347299814224243,pdb_00007uvq_C_B
1577,0,train,1.7187910079956055,pdb_00009lae_H_L
1578,0,train,1.128448247909546,pdb_00009u5q_B_C
1579,0,train,1.532623529434204,pdb_00009xth_B_C
1580,0,train,1.529222011566162,pdb_00009n4e_O_R
1581,0,train,0.08798802644014359,pdb_00007wq3_S1_S2
1582,0,train,0.9699158072471619,pdb_00007kmg_D_E
1583,0,train,1.3513990640640259,pdb_00006hxw_H_L
1584,0,train,1.7600291967391968,pdb_00006k7o_D_E
1585,0,train,1.1863607168197632,pdb_00005d1z_B_A
1586,0,train,1.45216703414917,pdb_00009b82_H_L
1587,0,train,1.1908890008926392,pdb_00002dqd_H_L
1588,0,train,0.07490279525518417,pdb_00009jfy_S1_S2
1589,0,train,1.568627953529358,pdb_00009zq9_J2_J1
1590,0,train,1.0105994939804077,pdb_00006dkj_A_B
1591,0,train,1.8310458660125732,pdb_00005a3i_G_H
1592,0,train,0.49664053320884705,pdb_00007ukp_E_F
1593,0,train,0.8798317909240723,pdb_00007keo_E_F
1594,0,train,1.421756386756897,pdb_00007pry_H_L
1595,0,train,1.3516371250152588,pdb_00009vfu_E_F
1596,0,train,1.3627454042434692,pdb_00003fku_Z1_Z2
1597,0,train,1.5767948627471924,pdb_00001kip_B_A
1598,0,train,0.04116272181272507,pdb_00008yh0_S1_S2
1599,0,train,1.5179842710494995,pdb_00007ycn_K_L
1600,0,train,1.3964459896087646,pdb_00006a3w_A_B
1601,0,train,2.499523162841797,pdb_00008zd5_H_I
1602,0,train,0.9367327690124512,pdb_00001za3_B_A
1603,0,train,1.597878336906433,pdb_00008w5h_H_L
1604,0,train,0.17843419313430786,pdb_00008u1u_E1_E2
1605,0,train,0.6927168369293213,pdb_00004tsc_H_L
1606,0,train,0.04325421527028084,pdb_00009vj5_E1_E2
1607,0,train,0.9092215299606323,pdb_00003a6b_H_L
1608,0,train,1.438631534576416,pdb_00006wm9_B_C
1609,0,train,1.0382992029190063,pdb_00002jix_F_A
1610,0,train,1.4426549673080444,pdb_00004lvh_H_I
1611,0,train,1.4275625944137573,pdb_00009cia_D_C
1612,0,train,0.0423942506313324,pdb_00009ik9_E1_E2
1613,0,train,0.3845941126346588,pdb_00007l8p_E_F
1614,0,train,2.0131702423095703,pdb_00008hrd_W_X
1615,0,train,1.3056048154830933,pdb_00007rxl_C_D
1616,0,train,0.046586859971284866,pdb_00007vgy_E1_E2
1617,0,train,1.4047836065292358,pdb_00008vgk_H_G
1618,0,train,0.8830713033676147,pdb_00002fee_J_O
1619,0,train,0.029794475063681602,pdb_00009izh_S1_S2
1620,0,train,0.5931208729743958,pdb_00007yxu_H_L
1621,0,train,0.053398337215185165,pdb_00008y73_E1_E2
1622,0,train,1.3245717287063599,pdb_00007u9e_H1_H2
1623,0,train,1.4183332920074463,pdb_00001fsk_I_H
1624,0,train,1.7113274335861206,pdb_00001orq_B_A
1625,0,train,0.9882844686508179,pdb_00008vqy_K_L
1626,0,train,0.9782723784446716,pdb_00009j9z_H_L
1627,0,train,1.0939195156097412,pdb_00001ndm_B_A
1628,0,train,1.539803385734558,pdb_00004hj0_P_Q
1629,0,train,0.033562757074832916,pdb_00009vmn_S1_S2
1630,0,train,0.6934834122657776,pdb_00008spu_N1_N2
1631,0,train,0.27616825699806213,pdb_00007w0p_S1_S2
1632,0,train,1.0537217855453491,pdb_00007tbf_D_E
1633,0,train,1.453191876411438,pdb_00009mkn_J_N
1634,0,train,0.09885937720537186,pdb_00007rkx_D1_D2
1635,0,train,1.205263376235962,pdb_00007zfb_C_D
1636,0,train,0.795018196105957,pdb_00006rp8_H_L
1637,0,train,0.7877709865570068,pdb_00007chc_H_L
1638,0,train,0.09656068682670593,pdb_00009m1o_S1_S2
1639,0,train,1.7391589879989624,pdb_00008e8r_H_L
1640,0,train,1.474652647972107,pdb_00004qci_H_L
1641,0,train,1.6084709167480469,pdb_00009lrh_H_L
1642,0,train,1.275111198425293,pdb_00003rhw_H_L
1643,0,train,0.5392990112304688,pdb_00008spu_K1_K2
1644,0,train,0.04131083935499191,pdb_00009w49_S1_S2
1645,0,train,0.9236031770706177,pdb_00008ywx_E_D
1646,0,train,1.2097223997116089,pdb_00001z3g_I_M
1647,0,train,0.11479806154966354,pdb_00008y6w_D1_D2
1648,0,train,1.8492817878723145,pdb_00003ri5_I_O
1649,0,train,1.0623844861984253,pdb_00001dzb_A1_A2
1650,0,train,0.10483639687299728,pdb_00008y0n_S1_S2
1651,0,train,0.8656104803085327,pdb_00002atk_A_B
1652,0,train,1.2981090545654297,pdb_00008y3k_I_J
1653,0,train,0.6637686491012573,pdb_00008ubl_N2_N1
1654,0,train,0.03677754104137421,pdb_00007wv9_S1_S2
1655,0,train,0.04878583177924156,pdb_00008jlr_S1_S2
1656,0,train,0.5223721861839294,pdb_00008ubi_N2_N1
1657,0,train,0.46551716327667236,pdb_00007k5y_N2_N1
1658,0,train,0.7282607555389404,pdb_00007pqy_B_C
1659,0,train,0.5230382680892944,pdb_00002htk_C_D
1660,0,train,0.6867421865463257,pdb_00006txz_I_M
1661,0,train,0.8073756694793701,pdb_00002fjh_H_L
1662,0,train,0.628248393535614,pdb_00006j6y_E_F
1663,0,train,0.33871325850486755,pdb_00008syp_N1_N2
1664,0,train,1.0303525924682617,pdb_00004tnw_F_N
1665,0,train,0.3007657527923584,pdb_00009ejz_H1_H2
1666,0,train,2.3253896236419678,pdb_00008v2e_D_E
1667,0,train,0.814473032951355,pdb_00006x40_J_I
1668,0,train,0.04640359804034233,pdb_00007y64_S1_S2
1669,0,train,1.0026495456695557,pdb_00006iap_H_L
1670,0,train,0.08441153913736343,pdb_00008sg1_E1_E2
1671,0,train,1.3548940420150757,pdb_00008ol9_B_A
1672,0,train,0.04725431650876999,pdb_00007s8l_E1_E2
1673,0,train,0.9254088401794434,pdb_00007m71_H_L
1674,0,train,0.6544689536094666,pdb_00006ada_E_F
1675,0,train,1.0227605104446411,pdb_00003c09_H_L
1676,0,train,1.4000110626220703,pdb_00001g7m_B_A
1677,0,train,1.3178735971450806,pdb_00007cmk_H_L
1678,0,train,0.847923994064331,pdb_00008dww_H_L
1679,0,train,1.5248894691467285,pdb_00007xcz_B_C
1680,0,train,2.160562753677368,pdb_00009mla_G_J
1681,0,train,1.1939421892166138,pdb_00009npg_A_B
1682,0,train,0.054955288767814636,pdb_00008f7r_E1_E2
1683,0,train,1.2258530855178833,pdb_00009iw2_H_L
1684,0,train,0.9030027389526367,pdb_00001j1x_H_L
1685,0,train,2.0370302200317383,pdb_00008dwy_V_U
1686,0,train,0.4969099164009094,pdb_00008evi_N1_N2
1687,0,train,0.06350116431713104,pdb_00008y71_E1_E2
1688,0,train,0.039818473160266876,pdb_00006lfo_S1_S2
1689,0,train,1.1084742546081543,pdb_00009jeb_C1_C2
1690,0,train,2.1308372020721436,pdb_00008hpf_H_L
1691,0,train,0.035298921167850494,pdb_00008vvf_E1_E2
1692,0,train,0.5035275220870972,pdb_00008w8b_E1_E2
1693,0,train,1.6207820177078247,pdb_00008ulf_I_M
1694,0,train,0.7992954254150391,pdb_00009n7q_E_G
1695,0,train,1.429672360420227,pdb_00009mqd_H_L
1696,0,train,0.7563070058822632,pdb_00006x3v_J_I
1697,0,train,1.866041660308838,pdb_00009mtg_H_L
1698,0,train,1.1754189729690552,pdb_00006wzm_A_B
1699,0,train,1.6656326055526733,pdb_00007vgr_F_E
1700,0,train,1.7630279064178467,pdb_00009l8z_C_B
1701,0,train,1.3816155195236206,pdb_00007w71_H_L
1702,0,train,0.4384503662586212,pdb_00006k5f_E_F
1703,0,train,0.335499107837677,pdb_00007vih_E1_E2
1704,0,train,1.3645401000976562,pdb_00009b82_P_O
1705,0,train,1.5889438390731812,pdb_00005y11_A_B
1706,0,train,0.5844047665596008,pdb_00007mjl_H_L
1707,0,train,1.409248948097229,pdb_00006ejg_D2_D1
1708,0,train,1.6428989171981812,pdb_00007r8u_HHH_LLL
1709,0,train,0.16082926094532013,pdb_00008eit_E1_E2
1710,0,train,1.2901932001113892,pdb_00009ctu_D_C
1711,0,train,1.2798082828521729,pdb_00009q71_K_L
1712,0,train,0.13434723019599915,pdb_00008jei_S1_S2
1713,0,train,0.7796109914779663,pdb_00008jen_G_H
1714,0,train,2.241274356842041,pdb_00008jeo_B_C
1715,0,train,1.5973683595657349,pdb_00007l5j_W_L
1716,0,train,1.381837010383606,pdb_00008dis_B_G
1717,0,train,0.821966826915741,pdb_00009cpu_F_G
1718,0,train,0.05695401504635811,pdb_00009k3k_S1_S2
1719,0,train,1.258085012435913,pdb_00008ut2_L_K
1720,0,train,0.3010239899158478,pdb_00002exy_C_D
1721,0,train,0.11467088013887405,pdb_00009bsb_E1_E2
1722,0,train,1.4803386926651,pdb_00007yru_H_L
1723,0,train,0.9725295901298523,pdb_00008bg3_C1_C2
1724,0,train,1.3618775606155396,pdb_00006zlr_FFF_GGG
1725,0,train,1.5533560514450073,pdb_00009cpp_H_L
1726,0,train,0.7939496636390686,pdb_00005j9p_A_B
1727,0,train,0.11756238341331482,pdb_00009vif_S1_S2
1728,0,train,0.6251914501190186,pdb_00007cvs_C_D
1729,0,train,1.5433845520019531,pdb_00008gb5_I_H
1730,0,train,1.3482786417007446,pdb_00007zmk_M_N
1731,0,train,1.247419834136963,pdb_00004ag4_H_L
1732,0,train,0.06824798136949539,pdb_00007yae_S1_S2
1733,0,train,1.2717838287353516,pdb_00007yrh_F_E
1734,0,train,1.3535372018814087,pdb_00009cq7_H_I
1735,0,train,1.1918487548828125,pdb_00004gxu_Q_R
1736,0,train,0.0646909773349762,pdb_00009kvh_E1_E2
1737,0,train,1.3880925178527832,pdb_00009cpv_H_L
1738,0,train,0.032960254698991776,pdb_00008xbe_S1_S2
1739,0,train,1.7277897596359253,pdb_00007k9i_H_L
1740,0,train,0.035782042890787125,pdb_00008y01_S1_S2
1741,0,train,0.03496891260147095,pdb_00007vl9_S1_S2
1742,0,train,1.0534676313400269,pdb_00007mzn_H_L
1743,0,train,1.9964696168899536,pdb_00005w3o_D_E
1744,0,train,0.05238644406199455,pdb_00008f7x_E1_E2
1745,0,train,1.2967097759246826,pdb_00008u4s_B_A
1746,0,train,1.0126783847808838,pdb_00003sob_H_L
1747,0,train,0.5464147329330444,pdb_00002vdk_H_L
1748,0,train,0.8969415426254272,pdb_00005yoy_H_E
1749,0,train,1.3765718936920166,pdb_00009cfh_H_L
1750,0,train,1.139022946357727,pdb_00009q71_I_J
1751,0,train,0.2996598482131958,pdb_00009x3z_S1_S2
1752,0,train,0.2117682546377182,pdb_00009d0a_E1_E2
1753,0,train,2.203343629837036,pdb_00009fys_I_M
1754,0,train,0.022926153615117073,pdb_00007vl8_S1_S2
1755,0,train,1.484956979751587,pdb_00008w5n_H_L
1756,0,train,0.0481182262301445,pdb_00008y62_E1_E2
1757,0,train,1.2360057830810547,pdb_00008ee8_D_C
1758,0,train,0.37975865602493286,pdb_00008sps_N1_N2
1759,0,train,1.9561703205108643,pdb_00007yd1_A_B
1760,0,train,1.5555273294448853,pdb_00008tpa_H_L
1761,0,train,0.9771192073822021,pdb_00009zqb_J2_J1
1762,0,train,0.09942067414522171,pdb_00007sqo_E1_E2
1763,0,train,0.19383330643177032,pdb_00008fx5_H1_H2
1764,0,train,0.12128518521785736,pdb_00009vmg_S1_S2
1765,0,train,0.1873805820941925,pdb_00008wwj_E1_E2
1766,0,train,1.0242555141448975,pdb_00004tnw_Y_g
1767,0,train,0.747594952583313,pdb_00005u6a_B_A
1768,0,train,1.3204857110977173,pdb_00005wko_A_B
1769,0,train,1.3465584516525269,pdb_00006vvu_E_F
1770,0,train,0.6389378905296326,pdb_00008jen_A_B
1771,0,train,1.9222246408462524,pdb_00008vte_D_C
1772,0,train,0.08210671693086624,pdb_00007eo4_E1_E2
1773,0,train,1.0953795909881592,pdb_00008f6x_D1_D2
1774,0,train,0.8746248483657837,pdb_00006vmk_S_R
1775,0,train,0.07382670789957047,pdb_00007vuz_S1_S2
1776,0,train,0.06653976440429688,pdb_00008k4n_E1_E2
1777,0,train,1.2106139659881592,pdb_00001mlc_B_A
1778,0,train,0.05075807496905327,pdb_00008yyx_A1_A2
1779,0,train,1.1952717304229736,pdb_00008zh7_B_C
1780,0,train,2.7260074615478516,pdb_00001jrh_H_L
1781,0,train,0.1620459258556366,pdb_00006xbm_S1_S2
1782,0,train,1.2516090869903564,pdb_00007zmk_B_C
1783,0,train,0.026239797472953796,pdb_00008k6o_S1_S2
1784,0,train,1.6039118766784668,pdb_00007c88_H_L
1785,0,train,1.9366058111190796,pdb_00007bsd_A_B
1786,0,train,1.3935452699661255,pdb_00007det_B1_B2
1787,0,train,1.618754506111145,pdb_00008sis_H_L
1788,0,train,1.409277319908142,pdb_00007xda_B_C
1789,0,train,0.9847914576530457,pdb_00007dk2_D_E
1790,0,train,1.600229024887085,pdb_00001rzk_H_L
1791,0,train,0.9822719097137451,pdb_00008ihi_S1_S2
1792,0,train,1.468380331993103,pdb_00008ulf_J_N
1793,0,train,1.3430670499801636,pdb_00001fsk_L_K
1794,0,train,0.046519141644239426,pdb_00007ew0_E1_E2
1795,0,train,1.4902870655059814,pdb_00008v5v_c_e
1796,0,train,1.2123939990997314,pdb_00008gpu_H_L
1797,0,train,0.9566576480865479,pdb_00006w0h_A_B
1798,0,train,1.6511852741241455,pdb_00008zdw_U_R
1799,0,train,0.24149639904499054,pdb_00009izd_S1_S2
1800,0,train,0.44171011447906494,pdb_00001otu_C_D
1801,0,train,0.22283656895160675,pdb_00007t96_E1_E2
1802,0,train,1.492761254310608,pdb_00007fcp_H_L
1803,0,train,1.34730863571167,pdb_00002ybr_A_B
1804,0,train,1.671863317489624,pdb_00005umi_A_B
1805,0,train,0.04458004608750343,pdb_00008guq_S1_S2
1806,0,train,1.0565853118896484,pdb_00009nz5_B_C
1807,0,train,0.9616329669952393,pdb_00009ima_C_D
1808,0,train,0.1289416402578354,pdb_00007wig_S1_S2
1809,0,train,0.9124563336372375,pdb_00009zqb_I2_I1
1810,0,train,2.342947483062744,pdb_00009me6_J_N
1811,0,train,0.8532877564430237,pdb_00007x1m_C_D
1812,0,train,0.11860871315002441,pdb_00008hqn_H1_H2
1813,0,train,0.04358052462339401,pdb_00008jlj_S1_S2
1814,0,train,1.711602807044983,pdb_00009oi3_M_N
1815,0,train,0.050333794206380844,pdb_00008xqt_S1_S2
1816,0,train,0.9424554705619812,pdb_00008jel_I_K
1817,0,train,0.05127384513616562,pdb_00007t10_S1_S2
1818,0,train,0.6635479927062988,pdb_00008i5h_H_L
1819,0,train,1.2505452632904053,pdb_00005vqm_D_C
1820,0,train,1.6123501062393188,pdb_00009gwt_H_L
1821,0,train,0.05431550368666649,pdb_00009uam_E1_E2
1822,0,train,1.5512967109680176,pdb_00009ci8_B_A
1823,0,train,0.5544485449790955,pdb_00003t3p_E_F
1824,0,train,0.0959494560956955,pdb_00008xx3_S1_S2
1825,0,train,1.250349760055542,pdb_00009mqa_I_M
1826,0,train,0.035795118659734726,pdb_00007y1f_E1_E2
1827,0,train,0.027386199682950974,pdb_00007rg9_E1_E2
1828,0,train,0.029714031144976616,pdb_00009cm3_N1_N2
1829,0,train,1.6254984140396118,pdb_00006wtv_B_C
1830,0,train,0.3661656677722931,pdb_00002vdp_H_L
1831,0,train,1.2902956008911133,pdb_00009iru_B_A
1832,0,train,1.668709635734558,pdb_00009os5_H_K
1833,0,train,0.8484073281288147,pdb_00007nx7_H_L
1834,0,train,1.9875948429107666,pdb_00006d0u_E_F
1835,0,train,0.08516823500394821,pdb_00008yn6_E1_E2
1836,0,train,0.8575937747955322,pdb_00008wpy_C_D
1837,0,train,1.3658746480941772,pdb_00005ugy_I_M
1838,0,train,0.05877239629626274,pdb_000022es_E1_E2
1839,0,train,1.4468008279800415,pdb_00007m7w_A_B
1840,0,train,1.5527381896972656,pdb_00007pa7_eee2_eee1
1841,0,train,1.7017720937728882,pdb_00007bsc_H_L
1842,0,train,1.8953795433044434,pdb_00009quw_D_C
1843,0,train,0.8748962879180908,pdb_00007ws2_E_D
1844,0,train,1.4176751375198364,pdb_00006z3p_H_L
1845,0,train,0.02801835909485817,pdb_00007w2z_S1_S2
1846,0,train,1.1164331436157227,pdb_00002dqf_E_D
1847,0,train,0.09684821218252182,pdb_00007xbd_E1_E2
1848,0,train,1.5339571237564087,pdb_00004fqj_H_L
1849,0,train,1.2732808589935303,pdb_00006ww5_E_F
1850,0,train,1.2981157302856445,pdb_00008gpu_F_G
1851,0,train,0.0354372039437294,pdb_00009uan_E1_E2
1852,0,train,0.3185599148273468,pdb_00004z7n_E_F
1853,0,train,1.9370635747909546,pdb_00009jub_B_C
1854,0,train,1.4852688312530518,pdb_00005h35_H_I
1855,0,train,0.7831311821937561,pdb_00005u5m_B_A
1856,0,train,0.07857384532690048,pdb_00009ns9_N1_N2
1857,0,train,0.06667079031467438,pdb_00007yfc_C1_C2
1858,0,train,2.133206367492676,pdb_00001tqc_B_C
1859,0,train,0.09585628658533096,pdb_00008ied_N1_N2
1860,0,train,0.8107591867446899,pdb_00007ws7_G_F
1861,0,train,1.4776616096496582,pdb_00009azv_H_L
1862,0,train,1.7682825326919556,pdb_00004kuc_F_E
1863,0,train,1.4258922338485718,pdb_00007m7w_C_D
1864,0,train,0.0317242369055748,pdb_00008vvg_E1_E2
1865,0,train,0.2599818706512451,pdb_00003t3m_H_L
1866,0,train,0.4935556650161743,pdb_00008u9s_N2_N1
1867,0,train,1.2494394779205322,pdb_00008dxt_H_L
1868,0,train,0.9148245453834534,pdb_00008zbb_H_L
1869,0,train,2.3155369758605957,pdb_00005i9q_B_C
1870,0,train,1.2241135835647583,pdb_00007rxl_H_L
1871,0,train,1.157220721244812,pdb_00008v5v_b_d
1872,0,train,0.6600785255432129,pdb_00003fb8_A_B
1873,0,train,0.5033313632011414,pdb_00002h2s_C_D
1874,0,train,0.7445991635322571,pdb_00006ii8_G_I
1875,0,train,1.238391399383545,pdb_00008too_G_F
1876,0,train,0.9977588057518005,pdb_00007wur_E_F
1877,0,train,1.2826974391937256,pdb_00006woz_K_L
1878,0,train,0.15450353920459747,pdb_00008zcj_E1_E2
1879,0,train,1.348024845123291,pdb_00007x3c_H_L
1880,0,train,1.3271721601486206,pdb_00005h35_F_G
1881,0,train,1.164528250694275,pdb_00005vqm_H_L
1882,0,train,1.384722352027893,pdb_00005ggs_A_B
1883,0,train,1.6845606565475464,pdb_00006xm2_D_C
1884,0,train,1.0361210107803345,pdb_00002fjh_B_A
1885,0,train,1.63748037815094,pdb_00008gs9_H_K
1886,0,train,1.0022943019866943,pdb_00008wpw_C_D
1887,0,train,0.03042331524193287,pdb_00009kfj_S1_S2
1888,0,train,2.341737985610962,pdb_00006osh_H_L
1889,0,train,1.433449625968933,pdb_00007wqv_L1_L2
1890,0,train,0.04299961403012276,pdb_00008yky_S1_S2
1891,0,train,0.052377283573150635,pdb_00009m55_S1_S2
1892,0,train,1.1534409523010254,pdb_00008cxg_h_l
1893,0,train,1.2572765350341797,pdb_00008jio_C_B
1894,0,train,1.6540465354919434,pdb_00008kdr_H_L
1895,0,train,1.2989928722381592,pdb_00009mkn_H_L
1896,0,train,0.059336982667446136,pdb_00008ef5_E1_E2
1897,0,train,1.4663723707199097,pdb_00007cqd_I_M
1898,0,train,0.49406111240386963,pdb_00003nig_E_F
1899,0,train,0.7385587096214294,pdb_00002hjf_A_B
1900,0,train,1.2941087484359741,pdb_00006zlr_HHH_LLL
1901,0,train,1.5590928792953491,pdb_00005e94_D_C
1902,0,train,0.021528562530875206,pdb_00008fn0_E1_E2
1903,0,train,1.574571967124939,pdb_00006wtu_K_L
1904,0,train,0.9183511137962341,pdb_00008sgo_K_L
1905,0,train,1.0191223621368408,pdb_00008y0y_D1_D4
1906,0,train,1.2037434577941895,pdb_00007dk0_A_B
1907,0,train,0.5293466448783875,pdb_00008j20_B1_B2
1908,0,train,0.7663662433624268,pdb_00009cpv_C_D
1909,0,train,0.4200597107410431,pdb_00002htk_E_F
1910,0,train,0.030311929062008858,pdb_00007tuz_E1_E2
1911,0,train,1.596090316772461,pdb_00008tnt_G_F
1912,0,train,0.8490134477615356,pdb_00008j1q_B_A
1913,0,train,0.04330844804644585,pdb_00008irt_E1_E2
1914,0,train,1.1687431335449219,pdb_00002vwe_E_C
1915,0,train,1.3020035028457642,pdb_00006jhs_E_D
1916,0,train,0.5836934447288513,pdb_00006x3x_K_L
1917,0,train,2.072993755340576,pdb_00005tfw_H_L
1918,0,train,0.7605658173561096,pdb_00007qnx_H_L
1919,0,train,0.5563523769378662,pdb_00007s0b_A_B
1920,0,train,1.1572811603546143,pdb_00006b3s_J_K
1921,0,train,1.399374008178711,pdb_00009f91_A_B
1922,0,train,1.1507924795150757,pdb_00004gxu_S_T
1923,0,train,1.4289448261260986,pdb_00001g7h_B_A
1924,0,train,0.04008123278617859,pdb_00008hs3_S1_S2
1925,0,train,0.13488706946372986,pdb_00007y89_S1_S2
1926,0,train,0.11079654097557068,pdb_00008xgs_D1_D2
1927,0,train,0.800598680973053,pdb_00006vmk_l_k
1928,0,train,1.2893182039260864,pdb_00007zfb_A_B
1929,0,train,1.2251474857330322,pdb_00001nby_B_A
1930,0,train,1.0000666379928589,pdb_00005nhr_H_L
1931,0,train,0.07671303302049637,pdb_00008wrb_E1_E2
1932,0,train,1.288963794708252,pdb_00008vgh_K_L
1933,0,train,0.17817507684230804,pdb_00007t94_E1_E2
1934,0,train,0.5343151092529297,pdb_00002htl_C_D
1935,0,train,0.04699966683983803,pdb_00007vv3_S1_S2
1936,0,train,1.7073415517807007,pdb_00007lop_B_C
1937,0,train,0.0542624406516552,pdb_00008xzh_S1_S2
1938,0,train,0.8925817608833313,pdb_00005x8m_B_C
1939,0,train,0.9999797940254211,pdb_00008as2_H_L
1940,0,train,0.07071243971586227,pdb_00008xxh_S1_S2
1941,0,train,2.043142080307007,pdb_00009leo_C_D
1942,0,train,0.47708937525749207,pdb_00008evh_M1_M2
1943,0,train,0.15031114220619202,pdb_00006oij_H1_H2
1944,0,train,1.1901428699493408,pdb_00009cpw_H_L
1945,0,train,1.2592344284057617,pdb_00003qum_K_M
1946,0,train,1.1624821424484253,pdb_00008w83_E_F
1947,0,train,0.03934437036514282,pdb_00008hsc_S1_S2
1948,0,train,1.3502354621887207,pdb_00007s0x_C_D
1949,0,train,1.7342274188995361,pdb_00008e8y_H_L
1950,0,train,1.5707615613937378,pdb_00009dn2_I_M
1951,0,train,0.6082211136817932,pdb_00007wnb_H_L
1952,0,train,1.8453114032745361,pdb_00009mkn_O_P
1953,0,train,1.481414556503296,pdb_00008ezk_H1_H2
1954,0,train,0.8139758706092834,pdb_00007klg_I_M
1955,0,train,1.4547981023788452,pdb_00006suz_H_L
1956,0,train,0.9068793654441833,pdb_00007dk2_J_K
1957,0,train,1.5908887386322021,pdb_00008jin_B2_B1
1958,0,train,0.5827451348304749,pdb_00006x3t_K_L
1959,0,train,0.9500092267990112,pdb_00003b2u_N_O
1960,0,train,1.790579915046692,pdb_00009ptm_I_M
1961,0,train,1.7496247291564941,pdb_00002x7l_C_D
1962,0,train,1.2627681493759155,pdb_00007m3i_H_L
1963,0,train,1.6809636354446411,pdb_00003rhw_I_O
1964,0,train,1.2893918752670288,pdb_00007x93_E_F
1965,0,train,0.3116281032562256,pdb_00002ht3_C_D
1966,0,train,1.2749513387680054,pdb_00009ue8_E_F
1967,0,train,1.096143364906311,pdb_00008el2_H_L
1968,0,train,1.6063706874847412,pdb_00005mo9_H_L
1969,0,train,0.08686472475528717,pdb_00009vo1_E1_E2
1970,0,train,1.2526174783706665,pdb_00003wkm_H_L
1971,0,train,1.799497127532959,pdb_00009h4s_X_Y
1972,0,train,0.5143592953681946,pdb_00008ubk_N2_N1
1973,0,train,0.9169735908508301,pdb_00009n4f_O_P
1974,0,train,0.04147404432296753,pdb_00008j6i_H1_H2
1975,0,train,1.0691895484924316,pdb_00008sdf_B_C
1976,0,train,0.09132685512304306,pdb_00007l1u_H1_H2
1977,0,train,1.3149011135101318,pdb_00001fsk_F_E
1978,0,train,0.02680186554789543,pdb_00009jeq_S1_S2
1979,0,train,2.0793263912200928,pdb_00009cps_H_L
1980,0,train,0.3223281800746918,pdb_00006adb_E_F
1981,0,train,0.042470864951610565,pdb_00009ldx_S1_S2
1982,0,train,0.8447408080101013,pdb_00007xik_H_L
1983,0,train,1.4112130403518677,pdb_00008cii_A_B
1984,0,train,0.028018632903695107,pdb_00008jlq_S1_S2
1985,0,train,2.0943443775177,pdb_00008zd6_E_F
1986,0,train,0.027693258598446846,pdb_00008j19_S1_S2
1987,0,train,1.2909351587295532,pdb_00004n90_H_I
1988,0,train,1.2074313163757324,pdb_00009b82_R_Q
1989,0,train,1.8932881355285645,pdb_00006ddv_B_A
1990,0,train,0.029915057122707367,pdb_00009k3l_S1_S2
1991,0,train,1.2786835432052612,pdb_00005jz7_H_L
1992,0,train,0.01936778612434864,pdb_00008gag_S1_S2
1993,0,train,1.687530517578125,pdb_00006mtq_H_L
1994,0,train,0.983880877494812,pdb_00003a6c_H_L
1995,0,train,0.02800133265554905,pdb_00007y24_S1_S2
1996,0,train,1.7487423419952393,pdb_00007bsd_H_L
1997,0,train,0.11193517595529556,pdb_00007dfl_C1_C2
1998,0,train,0.7574745416641235,pdb_00009n4f_M_N
1999,0,train,1.1779506206512451,pdb_00005kvf_H_L
2000,0,train,0.028010109439492226,pdb_00006wwz_S1_S2
2001,0,train,0.6413902044296265,pdb_00008as0_N_M
2002,0,train,0.0496189184486866,pdb_00009ko4_H1_H2
2003,0,train,0.8879714012145996,pdb_00006vmk_V_U
2004,0,train,0.1082279309630394,pdb_00009kt8_E1_E2
2005,0,train,0.017364390194416046,pdb_00009vjg_E1_E2
2006,0,train,0.628088116645813,pdb_00001ic5_H_L
2007,0,train,1.2185461521148682,pdb_00006uig_H_L
2008,0,train,0.4713948667049408,pdb_00003nid_E_F
2009,0,train,1.9678704738616943,pdb_00007s11_H_L
2010,0,train,2.107556104660034,pdb_00003klh_D_C
2011,0,train,1.431377649307251,pdb_00007b0b_H_L
2012,0,train,0.043251123279333115,pdb_00008zh8_S1_S2
2013,0,train,0.10884236544370651,pdb_00009xhi_D1_D2
2014,0,train,1.031535267829895,pdb_00008tui_H_L
2015,0,train,0.9526803493499756,pdb_00008f2j_H_L
2016,0,train,1.2690669298171997,pdb_00006vvu_J_K
2017,0,train,2.1473846435546875,pdb_00004ki5_C_D
2018,0,train,1.9438670873641968,pdb_00008jeo_E_F
2019,0,train,0.02475813217461109,pdb_00007y12_S1_S2
2020,0,train,0.8681232929229736,pdb_00005yoy_I_F
2021,0,train,1.255171298980713,pdb_00004l5f_H_L
2022,0,train,1.3579480648040771,pdb_00009bdh_H_L
2023,0,train,0.424716979265213,pdb_00002vdm_H_L
2024,0,train,0.879746675491333,pdb_00007yck_C_D
2025,0,train,1.5859450101852417,pdb_00002zck_H_L
2026,0,train,1.5353224277496338,pdb_00007xda_D_E
2027,0,train,0.08771796524524689,pdb_00007p02_H1_H2
2028,0,train,1.0129677057266235,pdb_00002vwe_L_J
2029,0,train,1.146247386932373,pdb_00006hjp_K_L
2030,0,train,1.1931724548339844,pdb_00009npg_D_E
2031,0,train,0.028322482481598854,pdb_00006xox_E1_E2
2032,0,train,0.701777458190918,pdb_00002dqh_H_L
2033,0,train,1.2504194974899292,pdb_00001kb5_H_L
2034,0,train,0.7825695276260376,pdb_00008f2j_D_F
2035,0,train,0.02885090373456478,pdb_00007na8_N1_N2
2036,0,train,1.2418749332427979,pdb_00004al8_H_L
2037,0,train,0.43932706117630005,pdb_00007u0j_K1_K2
2038,0,train,0.04461286962032318,pdb_00008g59_S1_S2
2039,0,train,0.6187574863433838,pdb_00006x40_K_L
2040,0,train,0.8205126523971558,pdb_00008xsj_H_L
2041,0,train,0.05156530812382698,pdb_00008y72_E1_E2
2042,0,train,1.138865351676941,pdb_00007x6o_C_D
2043,0,train,2.1231136322021484,pdb_00005ldn_H_L
2044,0,train,0.8536544442176819,pdb_00008xse_H_L
2045,0,train,0.09169372916221619,pdb_00008yn4_E1_E2
2046,0,train,0.0621146485209465,pdb_00008hqm_H1_H2
2047,0,train,0.8895674347877502,pdb_00009zqc_I2_I1
2048,0,train,0.03307676687836647,pdb_00008t3s_N1_N2
2049,0,train,0.01686921715736389,pdb_00007s8n_E1_E2
2050,0,train,0.3644925057888031,pdb_00006ad8_E_F
2051,0,train,1.0850459337234497,pdb_00009pw4_C_D
2052,0,train,0.023952191695570946,pdb_00008k4s_D1_D2
2053,0,train,0.018937693908810616,pdb_00007f9z_E1_E2
2054,0,train,1.0137041807174683,pdb_00009lho_O_N
2055,0,train,1.2095355987548828,pdb_00004odx_H_B
2056,0,train,2.1266772747039795,pdb_00007yvf_C_A
2057,0,train,0.03325759246945381,pdb_00008utd_D1_D2
2058,0,train,1.330635905265808,pdb_00006ejg_C2_C1
2059,0,train,0.09582445025444031,pdb_00008irs_E1_E2
2060,0,train,0.2477145493030548,pdb_00006k5a_E_F
2061,0,train,1.0415315628051758,pdb_00008ywe_B2_B1
2062,0,train,0.9612566828727722,pdb_00008jqn_H_L
2063,0,train,1.1048928499221802,pdb_00001vfb_B_A
2064,0,train,0.9842029809951782,pdb_00007dfa_H_L
2065,0,train,0.023987405002117157,pdb_00007ew7_E1_E2
2066,0,train,1.8820711374282837,pdb_00008zd5_E_F
2067,0,train,1.2964577674865723,pdb_00009hh9_E_D
2068,0,train,1.7635903358459473,pdb_00005d1z_F_E
2069,0,train,0.9909017086029053,pdb_00009nz4_D_C
2070,0,train,0.06691072136163712,pdb_00008h8j_H1_H2
2071,0,train,0.6011766791343689,pdb_00008ihh_S1_S2
2072,0,train,1.5969284772872925,pdb_00001eo8_H_L
2073,0,train,0.3705670237541199,pdb_00008zd1_S1_S2
2074,0,train,2.2627947330474854,pdb_00006wtv_K_L
2075,0,train,1.3555665016174316,pdb_00007bnv_H_L
2076,0,train,0.21131840348243713,pdb_00001otu_E_F
2077,0,train,1.7503368854522705,pdb_00009ivj_H_L
2078,0,train,1.3622113466262817,pdb_00008vgj_K_L
2079,0,train,1.830691933631897,pdb_00003c09_C_B
2080,0,train,0.7479293346405029,pdb_00006vmk_K_J
2081,0,train,1.4031285047531128,pdb_00004hjj_H2_L2
2082,0,train,0.28956350684165955,pdb_00009yda_H1_H2
2083,0,train,0.18999546766281128,pdb_00009u4w_S1_S2
2084,0,train,0.7501693367958069,pdb_00008smt_H_L
2085,0,train,0.17941150069236755,pdb_00004fg6_C_D
2086,0,train,1.0254122018814087,pdb_00007x1m_H_L
2087,0,train,0.7504818439483643,pdb_00007kfw_C_D
2088,0,train,0.9951527118682861,pdb_00007xj9_G_F
2089,0,train,0.0880802571773529,pdb_00001ott_E_F
2090,0,train,1.5400606393814087,pdb_00005x8l_S_N
2091,0,train,2.0042481422424316,pdb_00009mth_I_J
2092,0,train,1.3803818225860596,pdb_00004d9r_H_L
2093,0,train,1.6654711961746216,pdb_00009e3l_I_J
2094,0,train,1.4246752262115479,pdb_00009yyu_J_N
2095,0,train,2.0770914554595947,pdb_00008rmx_B_C
2096,0,train,0.9913804531097412,pdb_00003nh7_H_L
2097,0,train,1.4319767951965332,pdb_00007rku_G_I
2098,0,train,1.0745099782943726,pdb_00007kf0_H_L
2099,0,train,1.4311398267745972,pdb_00008tzw_H_L
2100,0,train,1.6609998941421509,pdb_00004u6h_A_B
2101,0,train,1.4451178312301636,pdb_00006k7o_F_G
2102,0,train,0.9316571950912476,pdb_00008w2e_F_E
2103,0,train,1.9148995876312256,pdb_00007rxp_H_L
2104,0,train,0.7228105664253235,pdb_00008wo4_B_A
2105,0,train,1.581353783607483,pdb_00009quw_F_E
2106,0,train,0.19781334698200226,pdb_00006os9_D1_D2
2107,0,train,0.7390023469924927,pdb_00008y0y_E3_E2
2108,0,train,1.7463507652282715,pdb_00009fys_B_C
2109,0,train,0.07890664041042328,pdb_00009ydu_E1_E2
2110,0,train,1.112720251083374,pdb_00008cn9_B_A
2111,0,train,1.0764378309249878,pdb_00001z3g_H_L
2112,0,train,0.1901487559080124,pdb_00002ht3_E_F
2113,0,train,0.6232762336730957,pdb_00002qr0_L_K
2114,0,train,0.03433660417795181,pdb_00007eo2_E1_E2
2115,0,train,1.1418291330337524,pdb_00008ebp_H_L
2116,0,train,1.37662672996521,pdb_00009kve_A_B
2117,0,train,1.7667087316513062,pdb_00007ezv_M_N
2118,0,train,1.302590012550354,pdb_00008bg5_A1_A2
2119,0,train,1.551098108291626,pdb_00007si0_C_D
2120,0,train,1.275481939315796,pdb_00001yqv_H_L
2121,0,train,0.11279124021530151,pdb_00007vla_S1_S2
2122,0,train,0.8239205479621887,pdb_00008i0n_H_L
2123,0,train,1.6118758916854858,pdb_00006ii9_M_N
2124,0,train,1.5483695268630981,pdb_00007rk1_C1_C2
2125,0,train,1.2381558418273926,pdb_00008y3h_I_J
2126,0,train,0.03236454352736473,pdb_00006omm_E1_E2
2127,0,train,1.209442138671875,pdb_00009cpu_H_L
2128,0,train,1.237497329711914,pdb_00008dcc_H_L
2129,0,train,0.9501070976257324,pdb_00009ixa_H_L
2130,0,train,0.3986690938472748,pdb_00002vc2_H_L
2131,0,train,1.1145979166030884,pdb_00004oii_H_L
2132,0,train,0.6305556893348694,pdb_00008as0_W_V
2133,0,train,1.1619378328323364,pdb_00007qnx_A_B
2134,0,train,0.15365460515022278,pdb_00008xqe_S1_S2
2135,0,train,1.0558879375457764,pdb_00007f3q_H_L
2136,0,train,1.086572527885437,pdb_00004ma7_H_L
2137,0,train,0.02775406837463379,pdb_00008jgg_S1_S2
2138,0,train,2.009859800338745,pdb_00008dwy_X_W
2139,0,train,0.16061164438724518,pdb_00007cvt_E_F
2140,0,train,1.503131628036499,pdb_00001bvk_E_D
2141,0,train,1.0745234489440918,pdb_00008kdt_H_L
2142,0,train,1.340222954750061,pdb_00008dwx_H_L
2143,0,train,0.1718069314956665,pdb_00009ge2_F1_F2
2144,0,train,0.1329151690006256,pdb_00002h2p_E_F
2145,0,train,1.1679683923721313,pdb_00007y3n_C_D
2146,0,train,0.9242863059043884,pdb_00007mxl_H_L
2147,0,train,1.421757698059082,pdb_00007wcr_a_b
2148,0,train,1.302572250366211,pdb_00001p2c_E_D
2149,0,train,0.13010376691818237,pdb_00007kh0_S1_S2
2150,0,train,0.684985339641571,pdb_00006vmk_r_q
2151,0,train,1.3789578676223755,pdb_00006a4k_H_L
2152,0,train,1.0275180339813232,pdb_00003eoa_H_L
2153,0,train,1.2779425382614136,pdb_00007ycn_H_I
2154,0,train,1.979095220565796,pdb_00005c0n_C_D
2155,0,train,1.1282933950424194,pdb_00009ue8_U_V
2156,0,train,0.06219712644815445,pdb_00008g05_E1_E2
2157,0,train,0.9319286346435547,pdb_00009irs_S_T
2158,0,train,1.7214187383651733,pdb_00005dhy_H_L
2159,0,train,1.643706202507019,pdb_00007ean_H_L
2160,0,train,1.097931146621704,pdb_00005xmh_D_C
2161,0,train,0.44983935356140137,pdb_00008ihf_S1_S2
2162,0,train,1.0861332416534424,pdb_00008y3k_G_H
2163,0,train,0.6088472008705139,pdb_00007k60_N2_N1
2164,0,train,2.387019157409668,pdb_00004hf5_H_L
2165,0,train,1.2829136848449707,pdb_00007s0x_H_L
2166,0,train,1.1158738136291504,pdb_00007rxi_H_L
2167,0,train,1.1129485368728638,pdb_00007ucq_K1_K2
2168,0,train,0.5826255679130554,pdb_00006txz_K_O
2169,0,train,0.15831711888313293,pdb_00007p00_H1_H2
2170,0,train,1.9842808246612549,pdb_00008s72_H_L
2171,0,train,0.3297612965106964,pdb_00003nig_H_L
2172,0,train,1.742854356765747,pdb_00009h4r_H_L
2173,0,train,0.12814168632030487,pdb_00008xqp_S1_S2
2174,0,train,0.8519591689109802,pdb_00009exa_F_E
2175,0,train,1.5510389804840088,pdb_00009ci8_D_C
2176,0,train,0.04120878130197525,pdb_00009v6o_S1_S2
2177,0,train,0.1476760357618332,pdb_00009kt7_E1_E2
2178,0,train,0.7210290431976318,pdb_00001j1o_H_L
2179,0,train,0.07803419232368469,pdb_00008tb0_F1_F2
2180,0,train,1.9717179536819458,pdb_00009me7_J_N
2181,0,train,0.05176146700978279,pdb_00008yna_E1_E2
2182,0,train,0.7520751953125,pdb_00007mzh_H_L
2183,0,train,1.5832310914993286,pdb_00006n5d_L_N
2184,0,train,0.26644009351730347,pdb_00007xk2_S1_S2
2185,0,train,0.9917141199111938,pdb_00007ley_G_F
2186,0,train,0.5729237198829651,pdb_00002qr0_B_A
2187,0,train,0.8579774498939514,pdb_00008y31_D_C
2188,0,train,1.3102874755859375,pdb_00008uzp_H_L
2189,0,train,1.1522557735443115,pdb_00001xgt_B_A
2190,0,train,1.1726008653640747,pdb_00007uvi_A_B
2191,0,train,0.056639473885297775,pdb_00008xjm_E1_E2
2192,0,train,0.7831786274909973,pdb_00007zf9_A_B
2193,0,train,1.8163520097732544,pdb_00008ag1_H_L
2194,0,train,1.3096702098846436,pdb_00007deu_B1_B2
2195,0,train,0.9282110333442688,pdb_00007wrv_U_V
2196,0,train,1.125797986984253,pdb_00005jz7_G_I
2197,0,train,0.4908595681190491,pdb_00008ubi_M2_M1
2198,0,train,0.6274625062942505,pdb_00008elo_H_L
2199,0,train,1.4214129447937012,pdb_00008hrd_G_H
2200,0,train,0.7068470120429993,pdb_00004lcu_A_B
2201,0,train,1.1979304552078247,pdb_00006uig_B_C
2202,0,train,1.1307049989700317,pdb_00009b82_N_M
2203,0,train,1.3344007730484009,pdb_00009hi4_A_B
2204,0,train,0.04421813413500786,pdb_00009b54_S1_S2
2205,0,train,1.0256426334381104,pdb_00008txu_E_J
2206,0,train,1.8863632678985596,pdb_00009mla_I_L
2207,0,train,1.1677396297454834,pdb_00009q5v_K_J
2208,0,train,1.3669390678405762,pdb_00008khd_H_J
2209,0,train,0.31318286061286926,pdb_00002vdr_H_L
2210,0,train,0.8371208906173706,pdb_00009lsi_C1_D2
2211,0,train,0.8567267060279846,pdb_00006kyz_E_F
2212,0,train,0.8738750219345093,pdb_00007dpm_A_B
2213,0,train,0.705459475517273,pdb_00005x8l_H_M
2214,0,train,0.031247785314917564,pdb_00008jsr_C1_C2
2215,0,train,1.9393267631530762,pdb_00008rmy_B_C
2216,0,train,0.87541663646698,pdb_00008i5l_D1_D2
2217,0,train,1.2163918018341064,pdb_00001p2c_B_A
2218,0,train,0.022007491439580917,pdb_00008hcq_E1_E2
2219,0,train,0.33558225631713867,pdb_00008id9_S1_S2
2220,0,train,1.724491834640503,pdb_00007lg6_C_D
2221,0,train,1.2130722999572754,pdb_00001bql_H_L
2222,0,train,1.1815688610076904,pdb_00009me5_H_L
2223,0,train,0.027052897959947586,pdb_00009jh6_S1_S2
2224,0,train,1.0016826391220093,pdb_00008f6x_F1_F2
2225,0,train,1.3040083646774292,pdb_00007y0w_A_B
2226,0,train,0.034577611833810806,pdb_00008jgb_S1_S2
2227,0,train,1.707168698310852,pdb_00008eed_I_J
2228,0,train,0.06883398443460464,pdb_00009ast_E1_E2
2229,0,train,1.4706387519836426,pdb_00007kq7_H_L
2230,0,train,1.343209147453308,pdb_00007mzj_N_M
2231,0,train,0.9782015085220337,pdb_00005jz7_C_D
2232,0,train,1.1340339183807373,pdb_00008g5b_H_L
2233,0,train,1.0320109128952026,pdb_00003vrl_E_F
2234,0,train,1.2692055702209473,pdb_00006a4k_I_M
2235,0,train,0.03496497869491577,pdb_00007x10_E1_E2
2236,0,train,1.1031053066253662,pdb_00006vgr_C_D
2237,0,train,1.497792363166809,pdb_00008e8s_H_L
2238,0,train,0.03878433629870415,pdb_00007s8p_E1_E2
2239,0,train,0.9445904493331909,pdb_00003vrl_H_L
2240,0,train,1.7053042650222778,pdb_00009kyz_A_B
2241,0,train,0.05534200370311737,pdb_00008kfy_S1_S2
2242,0,train,1.5773676633834839,pdb_00009lp1_A_B
2243,0,train,0.0888054296374321,pdb_00008i7v_E1_E2
2244,0,train,1.0679758787155151,pdb_00009iz9_M_N
2245,0,train,1.1422232389450073,pdb_00007m3i_A_B
2246,0,train,0.9046069979667664,pdb_00008smt_I_J
2247,0,train,1.0133365392684937,pdb_00009kve_E_G
2248,0,train,0.08005575835704803,pdb_00009j0i_S1_S2
2249,0,train,1.180099606513977,pdb_00009oun_J_K
2250,0,train,1.6338368654251099,pdb_00008k5g_H_L
2251,0,train,0.8583666682243347,pdb_00006adb_C_D
2252,0,train,1.7798726558685303,pdb_00009rir_H_L
2253,0,train,1.5664235353469849,pdb_00009b2m_H_L
2254,0,train,1.3795353174209595,pdb_00009dn2_H_L
2255,0,train,0.04232931509613991,pdb_00006xbk_S1_S2
2256,0,train,0.649448573589325,pdb_00007kfw_H_L
2257,0,train,0.7933584451675415,pdb_00008tnt_E_D
2258,0,train,0.0596110038459301,pdb_00008k6n_S1_S2
2259,0,train,0.04354262724518776,pdb_00008hvi_H1_H2
2260,0,train,1.0238289833068848,pdb_00007bbj_H_L
2261,0,train,0.8921234607696533,pdb_00003nh7_K_O
2262,0,train,1.057068109512329,pdb_00007lq7_H_L
2263,0,train,0.0515085831284523,pdb_00008zqe_S1_S2
2264,0,train,1.4641865491867065,pdb_00008ezk_I1_I2
2265,0,train,1.7483826875686646,pdb_00007x3e_H_L
2266,0,train,1.281243085861206,pdb_00006n5d_E_F
2267,0,train,1.007184386253357,pdb_00008jkf_H_L
2268,0,train,1.184884786605835,pdb_00007m7w_H_L
2269,0,train,1.0451023578643799,pdb_00004tnw_U_h
2270,0,train,1.1621904373168945,pdb_00003d9a_H_L
2271,0,train,1.223276972770691,pdb_00009od3_H_L
2272,0,train,1.7793292999267578,pdb_00009mtl_M_N
2273,0,train,0.03582038730382919,pdb_00008gus_S1_S2
2274,0,train,0.13622784614562988,pdb_00007ej8_H1_H2
2275,0,train,1.8784804344177246,pdb_00003lzf_H_L
2276,0,train,0.37628376483917236,pdb_00007ukt_E_F
2277,0,train,2.251544713973999,pdb_00006uyn_H_L
2278,0,train,1.229620337486267,pdb_00009hhr_D_G
2279,0,train,0.5418253540992737,pdb_00007u0i_K1_K2
2280,0,train,1.6950347423553467,pdb_00005x8l_G_L
2281,0,train,1.1074148416519165,pdb_00007djz_A_B
2282,0,train,1.3607146739959717,pdb_00006plk_I_M
2283,0,train,0.9892986416816711,pdb_00001xgp_B_A
2284,0,train,0.9471918344497681,pdb_00007ley_D_E
2285,0,train,0.8131627440452576,pdb_00008f2j_I_J
2286,0,train,1.6153137683868408,pdb_00009bdi_C_D
2287,0,train,1.190246343612671,pdb_00009cct_C_B
2288,0,train,1.7434594631195068,pdb_00009hub_I_M
2289,0,train,0.8424739241600037,pdb_00007dk2_A_B
2290,0,train,1.22409987449646,pdb_00006woz_H_I
2291,0,train,1.467900276184082,pdb_00008eeu_H_L
2292,0,train,0.10828854143619537,pdb_00008yn8_E1_E2
2293,0,train,1.255245327949524,pdb_00003v4v_M_N
2294,0,train,1.6370514631271362,pdb_00004g3y_H_L
2295,0,train,1.4150141477584839,pdb_00007upb_B_E
2296,0,train,1.4660148620605469,pdb_00006mlm_E_I
2297,0,train,0.9028578996658325,pdb_00007eam_H_L
2298,0,train,1.4845277070999146,pdb_00007rk2_C1_C2
2299,0,train,0.7836713194847107,pdb_00006txz_J_N
2300,0,train,1.3977065086364746,pdb_00007shy_K_L
2301,0,train,1.3172370195388794,pdb_00008vgi_J_I
2302,0,train,0.09099040180444717,pdb_00007w57_E1_E2
2303,0,train,0.09974996745586395,pdb_00007ykd_S1_S2
2304,0,train,0.4497829079627991,pdb_00003ejy_E_F
2305,0,train,0.04571725055575371,pdb_00008jd6_D1_D2
2306,0,train,1.4536995887756348,pdb_00008d9y_H_G
2307,0,train,1.1192514896392822,pdb_00004hg4_R_S
2308,0,train,1.561802864074707,pdb_00006jep_H_L
2309,0,train,1.287575602531433,pdb_00005aam_B1_B2
2310,0,train,2.38107967376709,pdb_00009e3h_H_L
2311,0,train,1.1285187005996704,pdb_00007ubs_H1_H2
2312,0,train,0.06611376255750656,pdb_00007ezh_H1_H2
2313,0,train,1.1773531436920166,pdb_00006n5d_C_D
2314,0,train,1.0707045793533325,pdb_00009vhz_A_B
2315,0,train,0.40291720628738403,pdb_00008u9s_M2_M1
2316,0,train,0.03067660704255104,pdb_00009jlc_S1_S2
2317,0,train,1.2055728435516357,pdb_00001xiw_H_G
2318,0,train,0.9741525053977966,pdb_00009irs_H_L
2319,0,train,0.771369993686676,pdb_00007e9b_H_L
2320,0,train,0.9835153222084045,pdb_00003ri5_H_L
2321,0,train,0.03561769798398018,pdb_00008zpt_E1_E2
2322,0,train,1.7240089178085327,pdb_00006xq0_E_F
2323,0,train,0.7952739000320435,pdb_00007f6y_H_L
2324,0,train,2.1354684829711914,pdb_00006cvk_A2_A1
2325,0,train,1.336953043937683,pdb_00005t5f_H_L
2326,0,train,1.4793193340301514,pdb_00004ut6_H_L
2327,0,train,1.7612659931182861,pdb_00002vit_B_A
2328,0,train,1.8419345617294312,pdb_00009oap_H_L
2329,0,train,1.1362078189849854,pdb_00007dq7_H_L
2330,0,train,0.28465506434440613,pdb_00007e32_E1_E2
2331,0,train,0.02654368244111538,pdb_00009lrd_E1_E2
2332,0,train,1.0406239032745361,pdb_00008sit_M_N
2333,0,train,0.9310558438301086,pdb_00007fcp_B_D
2334,0,train,1.2167924642562866,pdb_00007woc_A_B
2335,0,train,1.071982741355896,pdb_00008gy5_H_L
2336,0,train,0.12414269894361496,pdb_00009kt9_E1_E2
2337,0,train,1.0494329929351807,pdb_00009jy1_R_Q
2338,0,train,1.2712502479553223,pdb_00009h6u_H_L
2339,0,train,0.07581562548875809,pdb_00007eq1_S1_S2
2340,0,train,1.2256029844284058,pdb_00007fci_H_L
2341,0,train,1.3669819831848145,pdb_00008r8k_H_L
2342,0,train,0.030730968341231346,pdb_00007t6b_E1_E2
2343,0,train,0.07718976587057114,pdb_00007srr_E1_E2
2344,0,train,0.8231383562088013,pdb_00009jy4_P_O
2345,0,train,0.7705897688865662,pdb_00001xiw_D_C
2346,0,train,1.799200177192688,pdb_00001fj1_B_A
2347,0,train,0.7102580666542053,pdb_00006x3w_K_L
2348,0,train,1.104256272315979,pdb_00006hjp_G_H
2349,0,train,1.1170278787612915,pdb_00004hg4_T_U
2350,0,train,0.0728142261505127,pdb_00007f2o_S1_S2
2351,0,train,0.06579174846410751,pdb_00008t3v_N1_N2
2352,0,train,1.7388299703598022,pdb_00008dwy_Z_Y
2353,0,train,0.023007024079561234,pdb_00009j5v_S1_S2
2354,0,train,1.4333943128585815,pdb_00004np4_I_M
2355,0,train,0.8285775780677795,pdb_00008dww_V_U
2356,0,train,0.5292474031448364,pdb_00006x3s_K_L
2357,0,train,0.8283034563064575,pdb_00001dzb_B1_B2
2358,0,train,1.2163766622543335,pdb_00004kht_H_L
2359,0,train,0.7369168996810913,pdb_00007klh_H_L
2360,0,train,1.262267827987671,pdb_00008dnn_B_C
2361,0,train,1.0874419212341309,pdb_00003v4p_M_N
2362,0,train,0.03792934864759445,pdb_00008hj5_C1_C2
2363,0,train,1.9324363470077515,pdb_00006ba5_H_G
2364,0,train,0.6895506978034973,pdb_00006txz_H_L
2365,0,train,0.034194305539131165,pdb_00007u2l_E1_E2
2366,0,train,1.0246878862380981,pdb_00004okv_C_D
2367,0,train,0.31559810042381287,pdb_00007xta_E1_E2
2368,0,train,0.848390519618988,pdb_00004tnw_I_O
2369,0,train,0.8924786448478699,pdb_00008hpf_M_N
2370,0,train,0.9427169561386108,pdb_00008q6j_D_C
2371,0,train,0.6004270911216736,pdb_00002itc_A_B
2372,0,train,0.01998213119804859,pdb_00007cmu_E1_E2
2373,0,train,0.9987108111381531,pdb_00001jhl_H_L
2374,0,train,2.364677906036377,pdb_00009o7i_D_C
2375,0,train,0.9664106965065002,pdb_00007xcp_H_L
2376,0,train,0.7379342317581177,pdb_00007s7i_J_N
2377,0,train,0.465011864900589,pdb_00007mhx_A_B
2378,0,train,1.107038140296936,pdb_00005aam_A1_A2
2379,0,train,1.5209258794784546,pdb_00003o2d_H_L
2380,0,train,1.3441296815872192,pdb_00008jqs_H_L
2381,0,train,0.1382390856742859,pdb_00009erx_F1_F2
2382,0,train,0.7598435878753662,pdb_00007tzh_A1_A2
2383,0,train,0.9399737119674683,pdb_00002dd8_H_L
2384,0,train,0.03232283890247345,pdb_00008jbg_E1_E2
2385,0,train,0.02982773631811142,pdb_00009iqt_E1_E2
2386,0,train,0.028815636411309242,pdb_00008id4_S1_S2
2387,0,train,0.8912896513938904,pdb_000011ol_H_L
2388,0,train,0.8790220022201538,pdb_00001tzi_B_A
2389,0,train,0.7332494258880615,pdb_00001j1p_H_L
2390,0,train,0.8367995023727417,pdb_00008jkh_H_L
2391,0,train,1.2183400392532349,pdb_00008g5a_J_N
2392,0,train,0.03253594785928726,pdb_00009jh3_S1_S2
2393,0,train,0.8892999291419983,pdb_00007wwk_I_H
2394,0,train,0.7685079574584961,pdb_00005yoy_R_O
2395,0,train,0.018943464383482933,pdb_00009jhp_S1_S2
2396,0,train,0.3428458869457245,pdb_00007tct_H_L
2397,0,train,0.9177470207214355,pdb_00007wqv_P1_P2
2398,0,train,0.6087520718574524,pdb_00007k78_K1_K2
2399,0,train,0.369877427816391,pdb_00002htl_E_F
2400,0,train,1.8171782493591309,pdb_00007mmo_A_B
2401,0,train,1.7640483379364014,pdb_00008tfn_H_L
2402,0,train,1.1303991079330444,pdb_00007l0l_H_L
2403,0,train,0.17855204641819,pdb_00004fg6_E_F
2404,0,train,0.707567036151886,pdb_00009l6c_A_B
2405,0,train,1.2163220643997192,pdb_00009hh9_I_H
2406,0,train,0.7729158997535706,pdb_00007dpm_G_H
2407,0,train,0.07250701636075974,pdb_00007xmt_S1_S2
2408,0,train,0.01400743704289198,pdb_00007xjj_S1_S2
2409,0,train,0.056373074650764465,pdb_00008xgo_D1_D2
2410,0,train,0.33975842595100403,pdb_00008ubk_M2_M1
2411,0,train,1.0079265832901,pdb_00007chc_A_B
2412,0,train,0.017517704516649246,pdb_00007xw9_S1_S2
2413,0,train,0.9851703643798828,pdb_00001mlc_D_C
2414,0,train,1.6165897846221924,pdb_00003mxw_H_L
2415,0,train,1.2779741287231445,pdb_00007upb_C_F
2416,0,train,0.6142200827598572,pdb_00007kfv_C_D
2417,0,train,1.1625747680664062,pdb_00009ebc_G_H
2418,0,train,1.4630413055419922,pdb_00005anm_B_A
2419,0,train,0.8587644696235657,pdb_00009l6c_D_F
2420,0,train,0.026356609538197517,pdb_00007x2v_E1_E2
2421,0,train,1.280525803565979,pdb_00006t9d_AAA_BBB
2422,0,train,0.8032024502754211,pdb_00006vmk_i_h
2423,0,train,0.09191510081291199,pdb_00008iz4_E1_E2
2424,0,train,0.0631059855222702,pdb_00007aue_S1_S2
2425,0,train,1.3893297910690308,pdb_00007cqd_H_L
2426,0,train,1.7766563892364502,pdb_00006ba5_F_E
2427,0,train,1.4093793630599976,pdb_00009e21_H_L
2428,0,train,0.25405383110046387,pdb_00002ht2_C_D
2429,0,train,0.7704033851623535,pdb_00007d85_B_C
2430,0,train,0.9954795241355896,pdb_00003bn9_F_E
2431,0,train,1.3867952823638916,pdb_00008e8l_H_L
2432,0,train,0.9021580815315247,pdb_00006w0i_A_B
2433,0,train,0.7975157499313354,pdb_00008hn6_C_D
2434,0,train,0.9173563122749329,pdb_00009tmp_H_L
2435,0,train,0.050578244030475616,pdb_00009pq0_E1_E2
2436,0,train,0.5573556423187256,pdb_00007kfv_H_L
2437,0,train,0.05945028364658356,pdb_00009jed_S1_S2
2438,0,train,0.11882955580949783,pdb_00009jkx_S1_S2
2439,0,train,0.9799962043762207,pdb_00007vgs_F_E
2440,0,train,1.028673529624939,pdb_00009hh9_G_F
2441,0,train,0.7309408187866211,pdb_00007m6d_H_L
2442,0,train,1.4025851488113403,pdb_00008dwx_Z_Y
2443,0,train,0.5608029365539551,pdb_00007mhr_A_B
2444,0,train,1.8592842817306519,pdb_00005w3e_E_G
2445,0,train,0.01972922682762146,pdb_00009iyb_E1_E2
2446,0,train,1.4733682870864868,pdb_00009mtj_M_N
2447,0,train,1.8918304443359375,pdb_00006s3d_H_L
2448,0,train,1.1854876279830933,pdb_00009ue8_I_J
2449,0,train,0.04992865398526192,pdb_00008xjl_E1_E2
2450,0,train,0.9471591711044312,pdb_00006xq2_F_E
2451,0,train,0.33337435126304626,pdb_00006e0p_N1_N2
2452,0,train,0.8350892663002014,pdb_00005yoy_G_D
2453,0,train,0.8905326724052429,pdb_00006b3s_F_G
2454,0,train,0.29892969131469727,pdb_00007vig_E1_E2
2455,0,train,0.9208028316497803,pdb_00009zqc_J2_J1
2456,0,train,1.529431939125061,pdb_00009e3k_J_K
2457,0,train,1.76869535446167,pdb_00008dwo_S_T
2458,0,train,0.048394445329904556,pdb_00008x16_H1_H2
2459,0,train,1.8828738927841187,pdb_00009vnp_C_A
2460,0,train,0.13883496820926666,pdb_00008jt6_E1_E2
2461,0,train,1.617393136024475,pdb_00009kvk_A_B
2462,0,train,1.4589715003967285,pdb_00003v6z_A_B
2463,0,train,1.2584962844848633,pdb_00009mtj_H_L
2464,0,train,1.6606050729751587,pdb_00001yy9_D_C
2465,0,train,0.023975053802132607,pdb_00008jbh_E1_E2
2466,0,train,1.249348759651184,pdb_00007zmk_G_H
2467,0,train,1.3012350797653198,pdb_00008zpq_A_B
2468,0,train,0.14081086218357086,pdb_00008ejc_E1_E2
2469,0,train,1.3617603778839111,pdb_00007zwi_B_C
2470,0,train,0.7345796823501587,pdb_00006vmk_E_D
2471,0,train,1.2406634092330933,pdb_00009eti_H_L
2472,0,train,1.2290388345718384,pdb_00002yc1_A_B
2473,0,train,0.049190107733011246,pdb_00008iyw_H1_H2
2474,0,train,0.3291114568710327,pdb_00007ue0_E_F
2475,0,train,0.04146590456366539,pdb_00009jh5_S1_S2
2476,0,train,1.089110255241394,pdb_00004f2m_C_D
2477,0,train,2.1964688301086426,pdb_00007t4q_F_G
2478,0,train,1.1305105686187744,pdb_00008ulf_K_O
2479,0,train,1.7987546920776367,pdb_00001n5y_H_L
2480,0,train,0.18481461703777313,pdb_00003nif_E_F
2481,0,train,0.10671062022447586,pdb_00009wp9_C1_C2
2482,0,train,0.7219488620758057,pdb_00007xei_C_D
2483,0,train,1.172605276107788,pdb_00004n90_D_E
2484,0,train,0.026700131595134735,pdb_00009f33_E1_E2
2485,0,train,0.048330094665288925,pdb_00008j6r_S1_S2
2486,0,train,0.8499574661254883,pdb_00001fbi_H_L
2487,0,train,0.9901123046875,pdb_00009ds1_H_L
2488,0,train,1.4341576099395752,pdb_00001ztx_H_L
2489,0,train,1.327985405921936,pdb_00004np4_H_L
2490,0,train,1.200582504272461,pdb_00007dm1_D_C
2491,0,train,0.9369569420814514,pdb_00003wd5_H_L
2492,0,train,1.116944670677185,pdb_00009vft_F_E
2493,0,train,1.6269662380218506,pdb_00004ubd_G_H
2494,0,train,1.1574671268463135,pdb_00009ma0_B_C
2495,0,train,1.0295741558074951,pdb_00009m0d_D_Q
2496,0,train,0.024393342435359955,pdb_00008ia7_E1_E2
2497,0,train,1.9786975383758545,pdb_00004kuc_H_D
2498,0,train,0.8678233623504639,pdb_00006k5a_C_D
2499,0,train,1.4590375423431396,pdb_00002r56_H_L
2500,0,train,1.3360505104064941,pdb_00009cfe_A_B
2501,0,train,0.6470334529876709,pdb_00008wo4_D_C
2502,0,train,1.3727494478225708,pdb_00009b2m_J_K
2503,0,train,0.15457972884178162,pdb_00002r9h_C_D
2504,0,train,0.018137643113732338,pdb_00008dwg_E1_E2
2505,0,train,1.1117843389511108,pdb_00005ugy_J_N
2506,0,train,1.1533070802688599,pdb_00009q7b_J_K
2507,0,train,0.1511414349079132,pdb_00002vdn_H_L
2508,0,train,0.8715060949325562,pdb_00007ley_H_I
2509,0,train,1.0235360860824585,pdb_00009wb3_B_C
2510,0,train,0.33961352705955505,pdb_00007k5x_M2_M1
2511,0,train,0.972886323928833,pdb_00006xq4_E_F
2512,0,train,0.044295523315668106,pdb_00009le2_S1_S2
2513,0,train,1.8598166704177856,pdb_00006s3d_C_D
2514,0,train,1.9378905296325684,pdb_00006cvk_B2_B1
2515,0,train,0.3538885712623596,pdb_00003hpl_A_B
2516,0,train,0.022202447056770325,pdb_00007evy_E1_E2
2517,0,train,0.022304797545075417,pdb_00008g94_E1_E2
2518,0,train,1.8420466184616089,pdb_00006wmw_H_L
2519,0,train,1.9832968711853027,pdb_00009ml8_P_Q
2520,0,train,1.2841943502426147,pdb_00008cn9_G_F
2521,0,train,1.8584619760513306,pdb_00004hg4_P_Q
2522,0,train,1.3117053508758545,pdb_00009qt3_N_O
2523,0,train,0.017267456278204918,pdb_00009u4y_S1_S2
2524,0,train,1.182174563407898,pdb_00003eo1_E_D
2525,0,train,0.030424397438764572,pdb_00007wf7_E1_E2
2526,0,train,1.0713144540786743,pdb_00008bec_A1_A2
2527,0,train,0.997622549533844,pdb_00009ouo_H_L
2528,0,train,0.8630858063697815,pdb_00008dd3_J_I
2529,0,train,1.9725422859191895,pdb_00008zd5_K_L
2530,0,train,1.0706981420516968,pdb_00007ua8_H1_H2
2531,0,train,0.9419230222702026,pdb_00009lbs_H_L
2532,0,train,0.011059718206524849,pdb_00007w53_E1_E2
2533,0,train,0.04146721959114075,pdb_00008uwl_E1_E2
2534,0,train,0.011148761957883835,pdb_00009clw_N1_N2
2535,0,train,0.47673580050468445,pdb_00008si9_J_I
2536,0,train,1.1781727075576782,pdb_00008v5v_f_g
2537,0,train,1.3015731573104858,pdb_00007sd5_H_L
2538,0,train,1.063241958618164,pdb_00008xe9_A_B
2539,0,train,0.8665426969528198,pdb_00003h42_H_L
2540,0,train,1.2154889106750488,pdb_00001xgq_B_A
2541,0,train,1.106365442276001,pdb_00009f91_E_F
2542,0,train,1.1203703880310059,pdb_00005aaw_D1_D2
2543,0,train,1.244883418083191,pdb_00003fku_U1_U2
2544,0,train,0.14145518839359283,pdb_00003ze2_H_L
2545,0,train,0.9525787234306335,pdb_00008caf_D_C
2546,0,train,0.042911894619464874,pdb_00009vjf_E1_E2
2547,0,train,1.4707802534103394,pdb_00009h4s_H_L
2548,0,train,1.552290439605713,pdb_00001nsn_H_L
2549,0,train,0.028068117797374725,pdb_00008yh3_S1_S2
2550,0,train,0.012476825155317783,pdb_00009lrs_E1_E2
2551,0,train,0.022552868351340294,pdb_00007wu9_S1_S2
2552,0,train,0.9686239957809448,pdb_00006pe9_E_F
2553,0,train,0.18459121882915497,pdb_00007w6p_H1_H2
2554,0,train,0.9821118712425232,pdb_00009kze_H_L
2555,0,train,1.476688265800476,pdb_00007m6d_A_B
2556,0,train,2.424865245819092,pdb_00009osx_B_C
2557,0,train,1.4224498271942139,pdb_00009mtj_I_J
2558,0,train,1.3158513307571411,pdb_00004am0_H_L
2559,0,train,0.9437832832336426,pdb_00007wqv_F1_F2
2560,0,train,0.8281289935112,pdb_00006o1f_H_L
2561,0,train,1.8225562572479248,pdb_00009mkn_S_T
2562,0,train,0.832202672958374,pdb_00008j7e_A_B
2563,0,train,1.2481958866119385,pdb_00008znz_G_H
2564,0,train,0.025598296895623207,pdb_00008xzf_S1_S2
2565,0,train,1.0635181665420532,pdb_00008oxx_B_C
2566,0,train,1.012058138847351,pdb_00006wzj_A_B
2567,0,train,0.7141891717910767,pdb_00008j7e_C_D
2568,0,train,1.0149024724960327,pdb_00004lf3_E_D
2569,0,train,0.9408482313156128,pdb_00006t3j_F_G
2570,0,train,1.865359902381897,pdb_00008hrd_C_E
2571,0,train,1.0117465257644653,pdb_00006osv_H_L
2572,0,train,1.048982858657837,pdb_00004gxu_U_V
2573,0,train,0.9087966680526733,pdb_00007xsc_A_B
2574,0,train,1.2121211290359497,pdb_00008w2e_D_C
2575,0,train,0.037677962332963943,pdb_00008id6_S1_S2
2576,0,train,0.6949716210365295,pdb_00005oca_H_L
2577,0,train,1.1618309020996094,pdb_00004f3f_B_A
2578,0,train,0.03534476459026337,pdb_00007xms_S1_S2
2579,0,train,1.2174142599105835,pdb_00008u44_S_T
2580,0,train,1.0212783813476562,pdb_00005d1z_G_H
2581,0,train,0.05535183101892471,pdb_00008i97_H1_H2
2582,0,train,0.020549440756440163,pdb_00007sbf_E1_E2
2583,0,train,1.6231967210769653,pdb_00009me5_I_M
2584,0,train,0.09376012533903122,pdb_00007sr8_E1_E2
2585,0,train,0.24495309591293335,pdb_00007ubr_E_F
2586,0,train,0.05683881416916847,pdb_00008iw1_S1_S2
2587,0,train,0.03766521066427231,pdb_00007l1v_H1_H2
2588,0,train,0.7451879382133484,pdb_00007ejy_H_L
2589,0,train,0.7553253769874573,pdb_00007whz_H_L
2590,0,train,0.7912880778312683,pdb_00009lrf_H_L
2591,0,train,1.2670562267303467,pdb_00001kir_B_A
2592,0,train,1.4304783344268799,pdb_00009shd_H_L
2593,0,train,1.0056517124176025,pdb_00007kn3_M_N
2594,0,train,0.7105947732925415,pdb_00004tnw_H_L
2595,0,train,0.4880571961402893,pdb_00003or6_A_B
2596,0,train,1.3988350629806519,pdb_00008jqs_h_l
2597,0,train,0.09785623103380203,pdb_00007ujk_E_F
2598,0,train,0.11305900663137436,pdb_00008xxx_S1_S2
2599,0,train,0.044217806309461594,pdb_00008t3o_N1_N2
2600,0,train,0.038996774703264236,pdb_00007yk7_S1_S2
2601,0,train,1.8996686935424805,pdb_00007xh8_B_C
2602,0,train,1.3523926734924316,pdb_00008hrd_D_F
2603,0,train,0.10894136875867844,pdb_00008e9z_E1_E2
2604,0,train,1.9532802104949951,pdb_00009e89_H_L
2605,0,train,1.0214637517929077,pdb_00006zlr_BBB_CCC
2606,0,train,1.3369016647338867,pdb_00007yh6_H_L
2607,0,train,0.029869472607970238,pdb_00009m0r_S1_S2
2608,0,train,1.2282156944274902,pdb_00003v6z_C_D
2609,0,train,1.3690611124038696,pdb_00008yub_A_B
2610,0,train,1.1325210332870483,pdb_00008eoo_F_K
2611,0,train,0.9345041513442993,pdb_00006yz7_HHH_LLL
2612,0,train,1.5771924257278442,pdb_00003bgf_H_L
2613,0,train,0.7657998204231262,pdb_00003s36_H_L
2614,0,train,0.10421261191368103,pdb_00009j8z_S1_S2
2615,0,train,0.955819845199585,pdb_00005nhr_A_B
2616,0,train,1.1642794609069824,pdb_00009cff_H_L
2617,0,train,1.3987712860107422,pdb_00008vgj_J_I
2618,0,train,0.09599100053310394,pdb_00008e9w_E1_E2
2619,0,train,0.7775760293006897,pdb_00009n7q_D_F
2620,0,train,1.5127651691436768,pdb_00003rhw_G_K
2621,0,train,1.4332355260849,pdb_00005dur_B_D
2622,0,train,0.8767096400260925,pdb_00005xhv_H_L
2623,0,train,1.5355294942855835,pdb_00005a3i_C_D
2624,0,train,0.7902078628540039,pdb_00008eqf_H_L
2625,0,train,0.05918017029762268,pdb_00008xyk_S1_S2
2626,0,train,1.112034797668457,pdb_00009jy2_B_A
2627,0,train,0.04754318669438362,pdb_00008j6l_H1_H2
2628,0,train,0.747145414352417,pdb_00008caf_B_A
2629,0,train,0.765791118144989,pdb_00006ii4_E_F
2630,0,train,0.6004708409309387,pdb_00007mzk_F_E
2631,0,train,0.9561561942100525,pdb_00008cn9_L_K
2632,0,train,2.141984701156616,pdb_00008cz5_H_L
2633,0,train,0.03191709145903587,pdb_00007scg_E1_E2
2634,0,train,1.4969496726989746,pdb_00001osp_H_L
2635,0,train,1.2616864442825317,pdb_00007t3d_H_L
2636,0,train,1.2016288042068481,pdb_00007rxj_A_B
2636,0,train_epoch,1.228409765936909,
2636,0,validation,1.243973420424895,
2637,1,train,1.1256085634231567,pdb_00008vgj_K_L
2638,1,train,0.6769385933876038,pdb_00002wuc_H_L
2639,1,train,1.539634346961975,pdb_00009oar_B_D
2640,1,train,0.8529521226882935,pdb_00006w0j_A_B
2641,1,train,0.7538172602653503,pdb_00006vmk_V_U
2642,1,train,1.3427377939224243,pdb_00008p5m_G_L
2643,1,train,1.3621464967727661,pdb_00003o2d_H_L
2644,1,train,0.8701333999633789,pdb_00008jel_F_G
2645,1,train,1.2918606996536255,pdb_00008ezk_I1_I2
2646,1,train,1.0814512968063354,pdb_00008y3h_G_H
2647,1,train,1.0449765920639038,pdb_00009cff_H_L
2648,1,train,0.04705372080206871,pdb_00008hsc_S1_S2
2649,1,train,1.0913227796554565,pdb_00007xrz_B_A
2650,1,train,0.6055157780647278,pdb_00008jen_C_D
2651,1,train,0.028715360909700394,pdb_00008gut_S1_S2
2652,1,train,0.07076174020767212,pdb_00009jid_S1_S2
2653,1,train,0.037193965166807175,pdb_00009vo2_S1_S2
2654,1,train,1.553566336631775,pdb_00008gb5_I_H
2655,1,train,0.025805208832025528,pdb_00007e9g_D1_D2
2656,1,train,0.8962457180023193,pdb_00007ua8_H1_H2
2657,1,train,0.8105053901672363,pdb_00007x63_H_L
2658,1,train,0.9554430842399597,pdb_00006hxw_C_D
2659,1,train,1.07142972946167,pdb_00006wno_E_F
2660,1,train,0.8223757147789001,pdb_00009og2_B_C
2661,1,train,1.04210364818573,pdb_00004gxu_U_V
2662,1,train,0.026079576462507248,pdb_00009lr1_S1_S2
2663,1,train,0.7981042265892029,pdb_00009exa_F_E
2664,1,train,1.589927315711975,pdb_00001fns_H_L
2665,1,train,1.5136243104934692,pdb_00007lg6_J_M
2666,1,train,1.2163288593292236,pdb_00008bg1_G_H
2667,1,train,0.6030455231666565,pdb_00006x3t_K_L
2668,1,train,1.1012133359909058,pdb_00009atm_H_L
2669,1,train,0.01592930592596531,pdb_00008xxu_E1_E2
2670,1,train,0.024668492376804352,pdb_00009buy_E1_E2
2671,1,train,0.886680543422699,pdb_00006zlr_BBB_CCC
2672,1,train,1.8878908157348633,pdb_00004f37_F_K
2673,1,train,0.017168842256069183,pdb_00007cmu_E1_E2
2674,1,train,1.2995926141738892,pdb_00001bvk_B_A
2675,1,train,1.9263262748718262,pdb_00008kep_H_L
2676,1,train,1.1397894620895386,pdb_00006wm9_B_C
2677,1,train,0.9713422656059265,pdb_00008ulf_I_M
2678,1,train,1.1415940523147583,pdb_00008rrn_H_L
2679,1,train,0.01653738133609295,pdb_00009iqt_E1_E2
2680,1,train,1.7247114181518555,pdb_00002x7l_H_L
2681,1,train,0.08713287860155106,pdb_00007rkm_D1_D2
2682,1,train,0.41654250025749207,pdb_00003ejy_C_D
2683,1,train,1.47724187374115,pdb_00003lqa_H_L
2684,1,train,1.4838175773620605,pdb_00007si0_C_D
2685,1,train,2.0646328926086426,pdb_00008wu1_H_L
2686,1,train,0.35861140489578247,pdb_00007xk2_S1_S2
2687,1,train,0.833060622215271,pdb_00007sk4_D_C
2688,1,train,1.188186526298523,pdb_00006oc3_A_B
2689,1,train,0.0961301401257515,pdb_00008ied_N1_N2
2690,1,train,1.1902308464050293,pdb_00002yc1_A_B
2691,1,train,0.053844351321458817,pdb_00007vuy_S1_S2
2692,1,train,0.8271546363830566,pdb_00006kyz_E_F
2693,1,train,0.11140769720077515,pdb_00008xxr_S1_S2
2694,1,train,1.5602998733520508,pdb_00009lae_H_L
2695,1,train,0.1613493412733078,pdb_00006k41_H1_H2
2696,1,train,1.159216046333313,pdb_00008u4s_H_L
2697,1,train,0.020209046080708504,pdb_00007yj4_S1_S2
2698,1,train,1.873177170753479,pdb_00009cps_H_L
2699,1,train,1.7851608991622925,pdb_00006s3d_C_D
2700,1,train,0.04511401057243347,pdb_00009lrd_E1_E2
2701,1,train,0.786197304725647,pdb_00005yoy_H_E
2702,1,train,1.407572627067566,pdb_00007c88_H_L
2703,1,train,0.04354696348309517,pdb_00007eo4_E1_E2
2704,1,train,0.7781358361244202,pdb_00007keo_E_F
2705,1,train,0.05766909196972847,pdb_00007yae_S1_S2
2706,1,train,0.08819707483053207,pdb_00007vla_S1_S2
2707,1,train,0.08902451395988464,pdb_00007trs_H1_H2
2708,1,train,1.3839361667633057,pdb_00009me7_I_M
2709,1,train,1.2994071245193481,pdb_00007t0w_O_P
2710,1,train,0.6620621681213379,pdb_00006vmk_H_G
2711,1,train,0.05644512176513672,pdb_00008e9z_E1_E2
2712,1,train,1.0022039413452148,pdb_00006ogx_H_L
2713,1,train,0.783747673034668,pdb_00008i5l_D1_D2
2714,1,train,1.1373748779296875,pdb_00007l0l_I_K
2715,1,train,1.0883855819702148,pdb_00005d1z_B_A
2716,1,train,1.3483470678329468,pdb_00009cpv_H_L
2717,1,train,1.0702890157699585,pdb_00006vvu_E_F
2718,1,train,0.9386743307113647,pdb_00008vgh_H_G
2719,1,train,0.22561296820640564,pdb_00003ze1_E_F
2720,1,train,1.7369717359542847,pdb_00008rmy_B_C
2721,1,train,0.06909265369176865,pdb_00007dw9_S1_S2
2722,1,train,0.05036036670207977,pdb_00009ldw_S1_S2
2723,1,train,0.7565010786056519,pdb_00003g6j_H_G
2724,1,train,0.9059541821479797,pdb_00008jkf_h_l
2725,1,train,0.6932262778282166,pdb_00009ctu_F_E
2726,1,train,1.2917399406433105,pdb_00009ctw_F_E
2727,1,train,0.9739153981208801,pdb_00009cct_C_B
2728,1,train,0.7971393465995789,pdb_00004dn4_H_L
2729,1,train,1.2821691036224365,pdb_00006n5b_H_L
2730,1,train,0.9614050984382629,pdb_00001dqj_B_A
2731,1,train,0.9957265853881836,pdb_00008smi_H_L
2732,1,train,0.245016947388649,pdb_00008zps_E1_E2
2733,1,train,0.019821980968117714,pdb_00009jr2_S1_S2
2734,1,train,1.089227557182312,pdb_00009cpp_H_L
2735,1,train,0.8901104927062988,pdb_00009og2_D_E
2736,1,train,0.6875550746917725,pdb_00005yoy_P_M
2737,1,train,0.8518015742301941,pdb_00009l9o_B_C
2738,1,train,1.4756118059158325,pdb_00008bbo_H_L
2739,1,train,2.2763607501983643,pdb_00008tzn_G_H
2740,1,train,0.11839978396892548,pdb_00007xta_E1_E2
2741,1,train,1.0144673585891724,pdb_00008zh7_H_I
2742,1,train,1.2117483615875244,pdb_00006u6u_H_L
2743,1,train,0.039420802146196365,pdb_00007v69_S1_S2
2744,1,train,0.7992652058601379,pdb_00006j6y_B_C
2745,1,train,1.0859878063201904,pdb_00006wm9_E_F
2746,1,train,1.0670548677444458,pdb_00001xgr_B_A
2747,1,train,1.1673071384429932,pdb_00008dwx_X_W
2748,1,train,1.130018711090088,pdb_00009b82_I_G
2749,1,train,0.07987361401319504,pdb_00008i7w_E1_E2
2750,1,train,1.2831205129623413,pdb_00009cu7_H_L
2751,1,train,1.3797506093978882,pdb_00003wkm_H_L
2752,1,train,1.3637628555297852,pdb_00007b0b_H_L
2753,1,train,1.2340530157089233,pdb_00009oea_H_L
2754,1,train,1.6022119522094727,pdb_00005dhy_A_B
2755,1,train,0.6497935652732849,pdb_00006rp8_H_L
2756,1,train,0.7774450778961182,pdb_00007ws7_G_F
2757,1,train,0.595234751701355,pdb_00004tsb_H_L
2758,1,train,1.5853362083435059,pdb_00009oi3_M_N
2759,1,train,0.029997264966368675,pdb_00009oxb_D1_D2
2760,1,train,1.0943371057510376,pdb_00006wmw_M_N
2761,1,train,0.7024220824241638,pdb_00006xe1_H_L
2762,1,train,0.9983863234519958,pdb_00004lmq_E_I
2763,1,train,0.4482676386833191,pdb_00007s0b_C_D
2764,1,train,1.2245192527770996,pdb_00002x7l_G_I
2765,1,train,0.06482599675655365,pdb_00008i7v_E1_E2
2766,1,train,0.7112663984298706,pdb_00007zf9_A_B
2767,1,train,2.2917697429656982,pdb_00004i3r_H_L
2768,1,train,0.8121633529663086,pdb_00008bec_A1_A2
2769,1,train,1.2434992790222168,pdb_00007tp3_H_L
2770,1,train,0.04198324307799339,pdb_00008xqp_S1_S2
2771,1,train,0.9927942156791687,pdb_00007ucq_I1_I2
2772,1,train,1.0113182067871094,pdb_00009ov4_H_L
2773,1,train,0.7623363137245178,pdb_00007y6k_E1_E2
2774,1,train,0.023769386112689972,pdb_00009jmd_E1_E2
2775,1,train,0.9297128915786743,pdb_00007bbj_M_N
2776,1,train,0.02959444746375084,pdb_00007x10_E1_E2
2777,1,train,0.05741674080491066,pdb_00009ko4_H1_H2
2778,1,train,0.03340626880526543,pdb_00008yh0_S1_S2
2779,1,train,1.0414055585861206,pdb_00004hg4_X_Y
2780,1,train,1.3647403717041016,pdb_00007m7w_A_B
2781,1,train,0.9570257663726807,pdb_00009jy1_R_Q
2782,1,train,1.358539342880249,pdb_00007rk2_D1_D2
2783,1,train,1.4269367456436157,pdb_00007x2o_H_L
2784,1,train,0.25319862365722656,pdb_00002ht4_E_F
2785,1,train,0.7404614090919495,pdb_00004ttd_C_D
2786,1,train,1.4621849060058594,pdb_00006xm2_D_C
2787,1,train,0.8731219172477722,pdb_00004hg4_R_S
2788,1,train,1.2578558921813965,pdb_00007uvq_C_B
2789,1,train,1.2963956594467163,pdb_00008yub_D_E
2790,1,train,1.112445592880249,pdb_00004m62_H_L
2791,1,train,1.359427809715271,pdb_00009b2m_E_F
2792,1,train,0.7909389138221741,pdb_00008tnt_E_D
2793,1,train,1.246612310409546,pdb_00009n4e_K_M
2794,1,train,0.028413018211722374,pdb_00009clw_N1_N2
2795,1,train,0.6371022462844849,pdb_00009ouo_H_L
2796,1,train,1.6567500829696655,pdb_00007t01_H_L
2797,1,train,0.04798068851232529,pdb_00008ef5_E1_E2
2798,1,train,1.4165111780166626,pdb_00003bgf_H_L
2799,1,train,1.4087262153625488,pdb_00007x3d_H_L
2800,1,train,0.25264614820480347,pdb_00007udh_E_F
2801,1,train,1.4320347309112549,pdb_00006h3u_H_L
2802,1,train,0.02388346940279007,pdb_00009b5y_N1_N2
2803,1,train,1.0705280303955078,pdb_00008gv6_I_J
2804,1,train,1.090849757194519,pdb_00008ol9_B_A
2805,1,train,0.612521767616272,pdb_00003a6b_H_L
2806,1,train,0.04754909873008728,pdb_00007qvm_S1_S2
2807,1,train,1.0279659032821655,pdb_00009mqa_I_M
2808,1,train,1.0567500591278076,pdb_00008w86_A_B
2809,1,train,1.1644964218139648,pdb_00009me6_I_M
2810,1,train,0.03580916300415993,pdb_00007na7_N1_N2
2811,1,train,1.3199423551559448,pdb_00009hvw_H_L
2812,1,train,0.6382173299789429,pdb_00006ii8_H_L
2813,1,train,0.979563295841217,pdb_00004f2m_A_B
2814,1,train,0.3740779161453247,pdb_00006dzt_M1_M2
2815,1,train,0.027766454964876175,pdb_00009le1_S1_S2
2816,1,train,0.9804696440696716,pdb_00006wzm_A_B
2817,1,train,1.4740629196166992,pdb_00003lh2_K_O
2818,1,train,1.1834219694137573,pdb_00004al8_H_L
2819,1,train,1.271044135093689,pdb_00001p2c_B_A
2820,1,train,0.8830850720405579,pdb_00006z2m_B_C
2821,1,train,1.0378973484039307,pdb_00006ww5_E_F
2822,1,train,0.9207387566566467,pdb_00008suo_H_L
2823,1,train,0.027125051245093346,pdb_00009upu_S1_S2
2824,1,train,0.6402838826179504,pdb_00009our_H_L
2825,1,train,0.6040419340133667,pdb_00006vmk_r_q
2826,1,train,1.0650877952575684,pdb_00007f15_B1_B2
2827,1,train,1.6797308921813965,pdb_00009cci_B_C
2828,1,train,0.8357324600219727,pdb_00003rif_J_M
2829,1,train,0.5687484741210938,pdb_00006vmk_f_e
2830,1,train,0.5313969850540161,pdb_00008wnp_D_C
2831,1,train,0.02029596082866192,pdb_00009vmn_S1_S2
2832,1,train,1.1181403398513794,pdb_00008g5b_I_M
2833,1,train,0.46403104066848755,pdb_00003a6c_H_L
2834,1,train,0.9949063658714294,pdb_00003vrl_E_F
2835,1,train,0.4866706132888794,pdb_00002boc_A_B
2836,1,train,1.1001451015472412,pdb_00009k6y_H_L
2837,1,train,1.5441405773162842,pdb_00009m7v_H_L
2838,1,train,0.6573736071586609,pdb_00007chc_H_L
2839,1,train,1.865522861480713,pdb_00008zd5_B_C
2840,1,train,0.01990114152431488,pdb_00006dde_E1_E2
2841,1,train,1.460940957069397,pdb_00004ffw_D_C
2842,1,train,1.7104227542877197,pdb_00001n6q_H_L
2843,1,train,0.02535903826355934,pdb_00009f33_E1_E2
2844,1,train,0.9449766874313354,pdb_00006z3q_H_L
2845,1,train,0.6682735085487366,pdb_00009ouo_J_K
2846,1,train,1.2465801239013672,pdb_00007ycn_H_I
2847,1,train,1.0908911228179932,pdb_00008ut2_J_I
2848,1,train,1.555367112159729,pdb_00002zck_H_L
2849,1,train,0.4325791895389557,pdb_00008ubk_M2_M1
2850,1,train,1.3076363801956177,pdb_00007tbf_H_L
2851,1,train,0.0763050764799118,pdb_00008i97_H1_H2
2852,1,train,0.7937530279159546,pdb_00009dzf_H_L
2853,1,train,0.03431957587599754,pdb_00008h8j_H1_H2
2854,1,train,1.1677874326705933,pdb_00009h4s_H_L
2855,1,train,0.9590110182762146,pdb_00007wur_E_F
2856,1,train,0.06350627541542053,pdb_00007t90_E1_E2
2857,1,train,0.06039296090602875,pdb_00009jky_S1_S2
2858,1,train,1.7437375783920288,pdb_00008tp5_E_F
2859,1,train,1.1913317441940308,pdb_00007mxl_J_K
2860,1,train,1.49802827835083,pdb_00004xnm_B_A
2861,1,train,1.1108767986297607,pdb_00003fku_U1_U2
2862,1,train,0.0387534536421299,pdb_00008ijb_S1_S2
2863,1,train,0.9383833408355713,pdb_00005w0k_H_L
2864,1,train,0.5798250436782837,pdb_00008jen_A_B
2865,1,train,1.126275897026062,pdb_00008vgk_K_L
2866,1,train,1.652181625366211,pdb_00004hg4_P_Q
2867,1,train,0.12459756433963776,pdb_00009plo_S1_S2
2868,1,train,0.5492739677429199,pdb_00002qr0_B_A
2869,1,train,0.030359605327248573,pdb_00008k6n_S1_S2
2870,1,train,0.07014534622430801,pdb_00009kxs_H1_H2
2871,1,train,1.088491678237915,pdb_00001bql_H_L
2872,1,train,1.2814236879348755,pdb_00005wko_K_L
2873,1,train,0.5537199974060059,pdb_00006x3t_J_I
2874,1,train,0.030533822253346443,pdb_00008uuj_D1_D2
2875,1,train,0.6967535614967346,pdb_00007xei_C_D
2876,1,train,0.03420136868953705,pdb_00008jbg_E1_E2
2877,1,train,0.6150444746017456,pdb_00007mzk_F_E
2878,1,train,0.3674519658088684,pdb_00008sid_J_I
2879,1,train,1.1826293468475342,pdb_00001kip_B_A
2880,1,train,1.0344918966293335,pdb_00008eoo_F_K
2881,1,train,1.0560485124588013,pdb_00008cbf_H_L
2882,1,train,0.442488431930542,pdb_00007mhx_A_B
2883,1,train,0.7140834331512451,pdb_00009jqv_H_L
2884,1,train,0.9135240912437439,pdb_00008g5a_I_M
2885,1,train,0.8233919143676758,pdb_00008xsj_H_L
2886,1,train,0.9285406470298767,pdb_00007vyr_H_L
2887,1,train,1.0777668952941895,pdb_00005xmh_H_L
2888,1,train,1.5482481718063354,pdb_00007m3l_B_C
2889,1,train,0.10688070207834244,pdb_00007wz4_S1_S2
2890,1,train,1.1609208583831787,pdb_00009js7_J_M
2891,1,train,1.5763170719146729,pdb_00008zd6_E_F
2892,1,train,0.7322213649749756,pdb_00006b3s_J_K
2893,1,train,0.027875328436493874,pdb_00007wv9_S1_S2
2894,1,train,0.8651465177536011,pdb_00002vwe_L_J
2895,1,train,1.1819790601730347,pdb_00006jod_H_L
2896,1,train,0.6798412799835205,pdb_00007dpm_A_B
2897,1,train,1.0942425727844238,pdb_00009eti_H_L
2898,1,train,0.09990198165178299,pdb_00008eit_E1_E2
2899,1,train,1.5072002410888672,pdb_00007bsd_A_B
2900,1,train,0.8505085706710815,pdb_00009clp_H_L
2901,1,train,1.053245186805725,pdb_00003eo1_E_D
2902,1,train,0.5528779625892639,pdb_00006vmk_i_h
2903,1,train,0.02011820115149021,pdb_00008sai_S1_S2
2904,1,train,0.9627029895782471,pdb_00004m62_I_M
2905,1,train,0.03725498914718628,pdb_00008y72_E1_E2
2906,1,train,0.05819055810570717,pdb_00008ij3_S1_S2
2907,1,train,1.069732904434204,pdb_00006t3j_A_B
2908,1,train,0.7265166640281677,pdb_00003b2u_Q_R
2909,1,train,1.2373467683792114,pdb_00007t3d_H_L
2910,1,train,0.6488414406776428,pdb_00009cpw_C_D
2911,1,train,0.10511820763349533,pdb_00007kh0_S1_S2
2912,1,train,0.41367948055267334,pdb_00006vmk_K_J
2913,1,train,0.020498506724834442,pdb_00008yn5_E1_E2
2914,1,train,0.020648783072829247,pdb_00009lr2_S1_S2
2915,1,train,2.131216526031494,pdb_00007rco_F_E
2916,1,train,0.03158515319228172,pdb_00008xos_E1_E2
2917,1,train,1.125723123550415,pdb_00008jqm_M_N
2918,1,train,1.9268566370010376,pdb_00004ki5_C_D
2919,1,train,0.9000590443611145,pdb_00007f3q_H_L
2920,1,train,1.2600798606872559,pdb_00004ffv_H_L
2921,1,train,0.9176703095436096,pdb_00008we4_H_L
2922,1,train,0.08640095591545105,pdb_00008e9y_E1_E2
2923,1,train,0.478366881608963,pdb_00002dqi_H_L
2924,1,train,0.8751690983772278,pdb_00003dvn_H_L
2925,1,train,0.9748518466949463,pdb_00007lop_X_Y
2926,1,train,1.0750283002853394,pdb_00009ue8_E_F
2927,1,train,0.7771351337432861,pdb_00008j7e_A_B
2928,1,train,0.10816337913274765,pdb_00009wp9_C1_C2
2929,1,train,0.03219825029373169,pdb_00008jlk_S1_S2
2930,1,train,1.3603938817977905,pdb_00009me5_H_L
2931,1,train,1.781551718711853,pdb_00008rmx_B_C
2932,1,train,1.0423884391784668,pdb_00007pa7_ooo2_ooo1
2933,1,train,0.04814605042338371,pdb_00007p02_H1_H2
2934,1,train,0.8459915518760681,pdb_00006adc_C_D
2935,1,train,1.1406058073043823,pdb_00004f3f_B_A
2936,1,train,0.3464689254760742,pdb_00007k63_N2_N1
2937,1,train,1.2409546375274658,pdb_00006flc_H_L
2938,1,train,0.3534720242023468,pdb_00008ihf_S1_S2
2939,1,train,1.5166192054748535,pdb_00003rif_F_N
2940,1,train,0.6783129572868347,pdb_00008bg2_C1_C2
2941,1,train,0.9368923902511597,pdb_00008i5i_H_L
2942,1,train,0.7134600877761841,pdb_00007tzh_A1_A2
2943,1,train,0.08285526931285858,pdb_00008xqf_S1_S2
2944,1,train,1.5527489185333252,pdb_00008xa4_C_D
2945,1,train,1.0776586532592773,pdb_00003eo1_H_G
2946,1,train,1.0347710847854614,pdb_00008ee8_D_C
2947,1,train,0.5003655552864075,pdb_00008iw9_S1_S2
2948,1,train,0.6933263540267944,pdb_000011oq_H_L
2949,1,train,0.05439028888940811,pdb_00009v2n_S1_S2
2950,1,train,0.052677202969789505,pdb_00008xml_S1_S2
2951,1,train,1.109863042831421,pdb_00005d1z_G_H
2952,1,train,0.4091570973396301,pdb_00008evg_N1_N2
2953,1,train,0.4330068528652191,pdb_00002hlf_E_F
2954,1,train,0.14901095628738403,pdb_00006oij_H1_H2
2955,1,train,0.06433356553316116,pdb_00007cmv_E1_E2
2956,1,train,1.0377347469329834,pdb_00008dce_H1_H2
2957,1,train,1.2252236604690552,pdb_00009j4c_H_L
2958,1,train,1.594921350479126,pdb_00002x7l_J_K
2959,1,train,0.9969089031219482,pdb_00003d9a_H_L
2960,1,train,0.8956203460693359,pdb_00003u30_C_B
2961,1,train,0.6839680671691895,pdb_00008bcz_C_D
2962,1,train,1.238093376159668,pdb_00008zd5_E_F
2963,1,train,0.04413507506251335,pdb_00009ldv_S1_S2
2964,1,train,1.4115355014801025,pdb_00008kdr_H_L
2965,1,train,1.5607640743255615,pdb_00009rir_H_L
2966,1,train,0.7413895726203918,pdb_00007vgs_F_E
2967,1,train,0.7618674039840698,pdb_00009dzg_H_L
2968,1,train,1.4873179197311401,pdb_00008sdh_C_D
2969,1,train,0.06141338124871254,pdb_00009kvg_E1_E2
2970,1,train,0.9476161003112793,pdb_00004wv1_B_A
2971,1,train,0.033691518008708954,pdb_00007ew4_S1_S2
2972,1,train,1.7783339023590088,pdb_00009mtl_I_J
2973,1,train,1.0980998277664185,pdb_00009bbn_S_T
2974,1,train,0.354916512966156,pdb_00008evi_M1_M2
2975,1,train,0.09012435376644135,pdb_00008xgo_D1_D2
2976,1,train,1.44902503490448,pdb_00004xhj_D_C
2977,1,train,1.3656350374221802,pdb_00007yru_H_L
2978,1,train,1.1224814653396606,pdb_00005ggt_H_L
2979,1,train,1.131068468093872,pdb_00001fsk_I_H
2980,1,train,0.0323721244931221,pdb_00008hnk_S1_S2
2981,1,train,0.21632477641105652,pdb_00007u0i_N1_N2
2982,1,train,0.584843099117279,pdb_00006k5i_C_D
2983,1,train,0.08974144607782364,pdb_00009vmg_S1_S2
2984,1,train,1.5153272151947021,pdb_00009quw_D_C
2985,1,train,1.0990936756134033,pdb_00009cpr_H_L
2986,1,train,1.136290192604065,pdb_00009huo_C_D
2987,1,train,0.2774313986301422,pdb_00008j21_B1_B2
2988,1,train,0.3369288146495819,pdb_00006k5d_C_D
2989,1,train,1.1729193925857544,pdb_00008zd5_K_L
2990,1,train,0.2502661943435669,pdb_00007ucy_E_F
2991,1,train,0.978143572807312,pdb_00008cn9_B_A
2992,1,train,0.860773503780365,pdb_00009fyt_I_M
2993,1,train,1.0197997093200684,pdb_00007zmk_G_H
2994,1,train,0.8382769227027893,pdb_00007wwk_G_F
2995,1,train,1.3006068468093872,pdb_00007wph_E_D
2996,1,train,0.9004458785057068,pdb_00007tbf_D_E
2997,1,train,0.07701514661312103,pdb_00007ezh_H1_H2
2998,1,train,0.8295479416847229,pdb_00009azr_H_L
2999,1,train,1.022387146949768,pdb_00009b82_P_O
3000,1,train,1.64297354221344,pdb_00005c0n_C_D
3001,1,train,0.06618861854076385,pdb_00009d4z_E1_E2
3002,1,train,0.10509311407804489,pdb_00008wwj_E1_E2
3003,1,train,1.1566694974899292,pdb_00007qnx_A_B
3004,1,train,1.0518358945846558,pdb_00006h3u_I_M
3005,1,train,1.0360180139541626,pdb_00001kir_B_A
3006,1,train,0.5416539907455444,pdb_00001ic7_H_L
3007,1,train,0.9810841083526611,pdb_00004okv_A_B
3008,1,train,0.7046504020690918,pdb_00007kmg_A_B
3009,1,train,0.5260721445083618,pdb_000011oo_H_L
3010,1,train,0.041400883346796036,pdb_00007wz7_C1_C2
3011,1,train,1.2000176906585693,pdb_00007uzd_H_L
3012,1,train,0.0399826318025589,pdb_00007xw9_S1_S2
3013,1,train,1.1141425371170044,pdb_00006fax_H_L
3014,1,train,0.7939044237136841,pdb_00008jkh_m_n
3015,1,train,1.7539823055267334,pdb_00009ivj_H_L
3016,1,train,0.21717362105846405,pdb_00008u9s_N2_N1
3017,1,train,1.0004048347473145,pdb_00009q7b_J_K
3018,1,train,0.030424920842051506,pdb_00009izh_S1_S2
3019,1,train,0.7901297807693481,pdb_00007x1m_H_L
3020,1,train,0.8558057546615601,pdb_00004lf3_E_D
3021,1,train,1.263105034828186,pdb_00006dfi_H_L
3022,1,train,0.8850586414337158,pdb_00008txu_E_J
3023,1,train,1.0037312507629395,pdb_00007c81_H_L
3024,1,train,0.6736344695091248,pdb_00006w0h_A_B
3025,1,train,1.9646657705307007,pdb_00004hf5_H_L
3026,1,train,0.03675604239106178,pdb_00008j6j_H1_H2
3027,1,train,0.01907537132501602,pdb_00008xjk_E1_E2
3028,1,train,1.0602750778198242,pdb_00007rku_J_K
3029,1,train,0.09573397040367126,pdb_00008hqe_H1_H2
3030,1,train,0.01859278790652752,pdb_00007vv5_S1_S2
3031,1,train,1.8833444118499756,pdb_00006ba5_H_G
3032,1,train,0.6814431548118591,pdb_00009ouq_J_K
3033,1,train,0.5482155084609985,pdb_00002qr0_R_Q
3034,1,train,0.2870963215827942,pdb_00001ott_C_D
3035,1,train,0.03577627241611481,pdb_00008jso_S1_S2
3036,1,train,0.027164289727807045,pdb_00008zqe_S1_S2
3037,1,train,1.2361290454864502,pdb_00008d7e_D_E
3038,1,train,1.1104108095169067,pdb_00008ee8_H_L
3039,1,train,0.02000226452946663,pdb_00008dwc_E1_E2
3040,1,train,1.4336546659469604,pdb_00003ri5_F_N
3041,1,train,0.8112492561340332,pdb_00001tzi_B_A
3042,1,train,0.9434979557991028,pdb_00001e6j_H_L
3043,1,train,1.2233637571334839,pdb_00007t0w_H_L
3044,1,train,0.7890390157699585,pdb_00006gv4_H_L
3045,1,train,1.0753004550933838,pdb_00008a96_K_J
3046,1,train,0.04903001710772514,pdb_00007sr8_E1_E2
3047,1,train,0.2583165466785431,pdb_00008ubl_N2_N1
3048,1,train,1.052925944328308,pdb_00008y3k_I_J
3049,1,train,0.04974108934402466,pdb_00007l1u_H1_H2
3050,1,train,0.27002447843551636,pdb_00003or6_A_B
3051,1,train,0.804244339466095,pdb_00007lop_H_L
3052,1,train,0.686091959476471,pdb_00007kfw_F_G
3053,1,train,0.1346011757850647,pdb_00003nif_E_F
3054,1,train,0.9984236359596252,pdb_00007k9z_B_A
3055,1,train,0.9474878907203674,pdb_00007u9e_B1_B2
3056,1,train,0.6545239090919495,pdb_00007mzj_F_E
3057,1,train,0.02242647111415863,pdb_00007evz_E1_E2
3058,1,train,0.019346337765455246,pdb_00009ydu_E1_E2
3059,1,train,0.14378653466701508,pdb_00002htk_E_F
3060,1,train,0.019063137471675873,pdb_00007s8p_E1_E2
3061,1,train,0.6201324462890625,pdb_00007jmo_H_L
3062,1,train,0.030330060049891472,pdb_00007xmt_S1_S2
3063,1,train,0.8054795265197754,pdb_00007rks_H_L
3064,1,train,0.09715492278337479,pdb_00002vdn_H_L
3065,1,train,1.7827649116516113,pdb_00008gsd_H_L
3066,1,train,0.9294097423553467,pdb_00001za3_B_A
3067,1,train,0.01770573854446411,pdb_00007vfx_S1_S2
3068,1,train,0.02956249937415123,pdb_00008hqn_H1_H2
3069,1,train,0.012135089375078678,pdb_00009ydv_E1_E2
3070,1,train,0.4248102903366089,pdb_00001j1p_H_L
3071,1,train,1.2949764728546143,pdb_00006wtv_B_C
3072,1,train,1.2170530557632446,pdb_00008cz8_A2_A1
3073,1,train,1.250280737876892,pdb_00006a4k_H_L
3074,1,train,0.9383962750434875,pdb_00007x93_E_F
3075,1,train,0.5917237997055054,pdb_00008elp_H_L
3076,1,train,0.7601569294929504,pdb_00009ib3_H_L
3077,1,train,1.3361505270004272,pdb_00008vsj_H_L
3078,1,train,0.5703573822975159,pdb_00007pry_F_G
3079,1,train,0.025660274550318718,pdb_00008zme_E1_E2
3080,1,train,1.0712132453918457,pdb_00008vgi_J_I
3081,1,train,0.9749622344970703,pdb_00009ue8_U_V
3082,1,train,1.4467523097991943,pdb_00008khd_H_J
3083,1,train,1.0554877519607544,pdb_00007w71_H_L
3084,1,train,1.359849452972412,pdb_00002vxq_H_L
3085,1,train,0.01748061738908291,pdb_00007s8m_E1_E2
3086,1,train,1.2561936378479004,pdb_00002w9e_H_L
3087,1,train,0.016240481287240982,pdb_00008j19_S1_S2
3088,1,train,0.046941909939050674,pdb_00007vif_E1_E2
3089,1,train,1.9272949695587158,pdb_00009o7i_D_C
3090,1,train,0.04158736765384674,pdb_00008jpn_S1_S2
3091,1,train,0.021628525108098984,pdb_00009upv_S1_S2
3092,1,train,0.25128087401390076,pdb_00008dk5_N1_N2
3093,1,train,0.033941611647605896,pdb_00008wrb_E1_E2
3094,1,train,0.5851553082466125,pdb_00009oum_H_L
3095,1,train,0.055450547486543655,pdb_00009ipv_S1_S2
3096,1,train,0.7818588614463806,pdb_00008bcz_E_F
3097,1,train,0.994756281375885,pdb_00006hjp_G_H
3098,1,train,0.952924370765686,pdb_00006iap_H_L
3099,1,train,1.1182974576950073,pdb_00007zfb_A_B
3100,1,train,2.174294948577881,pdb_00005i9q_B_C
3101,1,train,0.9697622060775757,pdb_00001xgp_B_A
3102,1,train,1.0021110773086548,pdb_00008f6x_D1_D2
3103,1,train,0.7534019351005554,pdb_00003h42_H_L
3104,1,train,1.097184658050537,pdb_00009ci8_B_A
3105,1,train,0.7364255785942078,pdb_00007d85_B_C
3106,1,train,0.9965287446975708,pdb_00006zh9_HHH_LLL
3107,1,train,1.0371356010437012,pdb_00009hi4_A_B
3108,1,train,0.8532882928848267,pdb_00004tnw_V_Z
3109,1,train,0.8263339400291443,pdb_00008wpw_H_L
3110,1,train,1.7611321210861206,pdb_00001n5y_H_L
3111,1,train,0.9379993081092834,pdb_00008w2e_D_C
3112,1,train,0.8779963850975037,pdb_00007jmw_H_L
3113,1,train,0.6019297242164612,pdb_00005oca_H_L
3114,1,train,0.055348340421915054,pdb_00008xgs_D1_D2
3115,1,train,0.03541838005185127,pdb_00009izd_S1_S2
3116,1,train,1.128230094909668,pdb_00005x8l_S_N
3117,1,train,1.547547459602356,pdb_00006p4b_B_A
3118,1,train,0.7718112468719482,pdb_00002fjh_H_L
3119,1,train,0.8510812520980835,pdb_00007xsc_D_H
3120,1,train,1.1206227540969849,pdb_00009cfh_H_L
3121,1,train,1.2154364585876465,pdb_00007wvl_H_L
3122,1,train,0.5776008367538452,pdb_00006w0f_A_B
3123,1,train,1.1362918615341187,pdb_00006ejg_D2_D1
3124,1,train,1.5519717931747437,pdb_00003mxw_H_L
3125,1,train,0.03535468503832817,pdb_00008y45_S1_S2
3126,1,train,1.187130093574524,pdb_00007det_D1_D2
3127,1,train,1.2307767868041992,pdb_00008vgm_E_F
3128,1,train,0.14668792486190796,pdb_00009ge3_F1_F2
3129,1,train,0.8127409219741821,pdb_00008hn7_B_A
3130,1,train,0.10761769860982895,pdb_00008k9k_H1_H2
3131,1,train,0.7105122804641724,pdb_00007cvt_C_D
3132,1,train,0.8462271094322205,pdb_00001dee_D_C
3133,1,train,0.8210435509681702,pdb_00007dk0_A_B
3134,1,train,1.2050904035568237,pdb_00009c6y_C_D
3135,1,train,1.181355595588684,pdb_00003ri5_G_K
3136,1,train,0.0571269765496254,pdb_00008t3s_N1_N2
3137,1,train,1.1278936862945557,pdb_00002oz4_H_L
3138,1,train,1.1623977422714233,pdb_00009bao_G_H
3139,1,train,1.6605563163757324,pdb_00007s11_I_M
3140,1,train,0.07374847680330276,pdb_00009ast_E1_E2
3141,1,train,0.8702987432479858,pdb_00008f6x_E1_E2
3142,1,train,0.04665832966566086,pdb_00008y6w_D1_D2
3143,1,train,0.047345660626888275,pdb_00008iyw_H1_H2
3144,1,train,1.4276639223098755,pdb_00001fdl_H_L
3145,1,train,0.23983828723430634,pdb_00007k5x_N2_N1
3146,1,train,0.21470938622951508,pdb_00007uh8_E_F
3147,1,train,0.057866595685482025,pdb_00007t96_E1_E2
3148,1,train,0.01915012113749981,pdb_00008jbf_E1_E2
3149,1,train,0.7878589630126953,pdb_00006ii4_H_L
3150,1,train,0.03493679687380791,pdb_00008yyw_B1_B2
3151,1,train,0.44816118478775024,pdb_00009oun_J_K
3152,1,train,0.2856566309928894,pdb_00003or7_A_B
3153,1,train,1.4583775997161865,pdb_00007ean_H_L
3154,1,train,0.8522242307662964,pdb_00009bao_E_F
3155,1,train,0.01883450709283352,pdb_00007vkt_E1_E2
3156,1,train,1.5328998565673828,pdb_00008z6x_B_C
3157,1,train,0.8816560506820679,pdb_00006cyf_U_T
3158,1,train,0.16770672798156738,pdb_00008spu_N1_N2
3159,1,train,0.016773276031017303,pdb_00006omm_E1_E2
3160,1,train,0.71522456407547,pdb_00008dww_H_L
3161,1,train,1.4912693500518799,pdb_00006mto_H_L
3162,1,train,1.131537914276123,pdb_00009od3_H_L
3163,1,train,1.1634612083435059,pdb_00007ttx_H_L
3164,1,train,0.8982005715370178,pdb_00006xq4_E_F
3165,1,train,0.019123459234833717,pdb_00008iru_E1_E2
3166,1,train,0.7139045000076294,pdb_00008dn6_C_D
3167,1,train,0.6588709950447083,pdb_00002r0l_H_L
3168,1,train,1.0106650590896606,pdb_00007f3q_C_B
3169,1,train,0.894669771194458,pdb_00008gy5_H_L
3170,1,train,1.5825220346450806,pdb_00007mkm_H_L
3171,1,train,0.9597335457801819,pdb_00005wk3_S_R
3172,1,train,1.6160272359848022,pdb_00005w3m_E_G
3173,1,train,1.0613805055618286,pdb_00009jy3_R_Q
3174,1,train,1.0192252397537231,pdb_00008el2_H_L
3175,1,train,1.0013507604599,pdb_00008w86_E_F
3176,1,train,1.0063008069992065,pdb_00008vgi_F_E
3177,1,train,0.009699991904199123,pdb_00007xa3_E1_E2
3178,1,train,1.0054479837417603,pdb_00004n90_F_G
3179,1,train,0.010458472184836864,pdb_00007s8n_E1_E2
3180,1,train,1.0492289066314697,pdb_00007pry_C_D
3181,1,train,0.6779391169548035,pdb_00009zq9_I2_I1
3182,1,train,0.7514722347259521,pdb_00008hn7_D_C
3183,1,train,1.0655497312545776,pdb_00008g5a_H_L
3184,1,train,0.8632333874702454,pdb_00003dvg_B_A
3185,1,train,1.1704835891723633,pdb_00007unb_H_L
3186,1,train,0.20346719026565552,pdb_00001otu_C_D
3187,1,train,0.01780886948108673,pdb_00006lfo_S1_S2
3188,1,train,0.7673007845878601,pdb_00008zyu_D_Q
3189,1,train,1.3659725189208984,pdb_00009oco_H_L
3190,1,train,1.4925520420074463,pdb_00008tpa_H_L
3191,1,train,0.6671177744865417,pdb_00008caf_D_C
3192,1,train,0.1039559617638588,pdb_00007y89_S1_S2
3193,1,train,0.04589249566197395,pdb_00006wwz_S1_S2
3194,1,train,2.036506175994873,pdb_00007uij_H_L
3195,1,train,1.413414478302002,pdb_00006xpz_B_C
3196,1,train,1.7425596714019775,pdb_00004f37_H_L
3197,1,train,0.30018773674964905,pdb_00007k61_N2_N1
3198,1,train,1.278602957725525,pdb_00007zwi_B_C
3199,1,train,0.15339814126491547,pdb_00007k5y_M2_M1
3200,1,train,0.6159173250198364,pdb_00004tnw_G_K
3201,1,train,0.1336839348077774,pdb_00007u0j_N1_N2
3202,1,train,0.07432921230792999,pdb_00007t6b_E1_E2
3203,1,train,0.8653403520584106,pdb_00009ima_C_D
3204,1,train,0.027787812054157257,pdb_00009ldx_S1_S2
3205,1,train,1.9349185228347778,pdb_00008v2e_A_B
3206,1,train,0.9766346216201782,pdb_00007m3i_H_L
3207,1,train,0.03068730980157852,pdb_00009uam_E1_E2
3208,1,train,1.5298136472702026,pdb_00005dhx_B2_B1
3209,1,train,0.566851019859314,pdb_00008as0_W_V
3210,1,train,0.6741644144058228,pdb_00006vmk_M_L
3211,1,train,0.8372722864151001,pdb_00008tui_H_L
3212,1,train,0.7755872011184692,pdb_00008sgo_K_L
3213,1,train,0.727763831615448,pdb_00003b2u_T_U
3214,1,train,1.6762827634811401,pdb_00005d1z_D_C
3215,1,train,1.2344390153884888,pdb_00007ahu_H_L
3216,1,train,0.8913866877555847,pdb_00005w0k_E_F
3217,1,train,0.8166772127151489,pdb_00007m6d_H_L
3218,1,train,1.1282199621200562,pdb_00008hrd_N_Q
3219,1,train,0.45016542077064514,pdb_00001c08_B_A
3220,1,train,0.033911630511283875,pdb_00008hnl_S1_S2
3221,1,train,0.7500148415565491,pdb_00007xj9_I_H
3222,1,train,1.391719102859497,pdb_00006wtv_E_F
3223,1,train,1.414180040359497,pdb_00009os5_I_L
3224,1,train,0.9722320437431335,pdb_00007ua2_H1_H2
3225,1,train,0.017527759075164795,pdb_00009jh5_S1_S2
3226,1,train,0.05975690111517906,pdb_00009kz2_H1_H2
3227,1,train,0.06098756939172745,pdb_00009j8z_S1_S2
3228,1,train,0.5512270927429199,pdb_00007kfy_H_L
3229,1,train,0.012037146836519241,pdb_00008hj5_C1_C2
3230,1,train,1.3503499031066895,pdb_00007ec5_E_F
3231,1,train,1.3223556280136108,pdb_00006t9e_HHH_LLL
3232,1,train,0.8987204432487488,pdb_00009mq9_J_N
3233,1,train,1.6248798370361328,pdb_00006xq0_B_C
3234,1,train,0.022958217188715935,pdb_00007rgp_E1_E2
3235,1,train,0.17748376727104187,pdb_00007cvs_E_F
3236,1,train,2.2083141803741455,pdb_00009osx_B_C
3237,1,train,1.1435816287994385,pdb_00006woz_E_F
3238,1,train,0.5977632403373718,pdb_00006ii8_G_I
3239,1,train,0.8443435430526733,pdb_00004h88_H_L
3240,1,train,1.385337233543396,pdb_00004xrc_B_A
3241,1,train,0.636798620223999,pdb_00008i5h_E_F
3242,1,train,0.6728618741035461,pdb_00007nx7_H_L
3243,1,train,1.5039920806884766,pdb_00007l7e_M_N
3244,1,train,0.833828330039978,pdb_00009jy1_P_O
3245,1,train,0.04019401594996452,pdb_00008k4s_D1_D2
3246,1,train,0.8753111362457275,pdb_00008vgl_H_L
3247,1,train,1.0979787111282349,pdb_00007u9e_H1_H2
3248,1,train,0.011984769254922867,pdb_00009oxa_D1_D2
3249,1,train,1.1850848197937012,pdb_00008uzp_A_B
3250,1,train,0.8603779673576355,pdb_00007tn0_H_G
3251,1,train,1.4741102457046509,pdb_00002vit_B_A
3252,1,train,0.012281418778002262,pdb_00007tuz_E1_E2
3253,1,train,0.022144882008433342,pdb_00007y66_S1_S2
3254,1,train,0.018174301832914352,pdb_00009k3k_S1_S2
3255,1,train,0.04352400824427605,pdb_00008wwm_E1_E2
3256,1,train,0.4571145176887512,pdb_00008sgo_J_I
3257,1,train,1.5997964143753052,pdb_00007mmo_A_B
3258,1,train,0.052855461835861206,pdb_00008xyk_S1_S2
3259,1,train,1.3651909828186035,pdb_00009kvk_H_L
3260,1,train,0.817249596118927,pdb_00002fjh_B_A
3261,1,train,0.03533655032515526,pdb_00008hk3_H1_H2
3262,1,train,0.678088366985321,pdb_00007sts_A_B
3263,1,train,0.2756817042827606,pdb_00003f7y_A_B
3264,1,train,0.0457206629216671,pdb_00008xjo_E1_E2
3265,1,train,1.1665358543395996,pdb_00009hhr_F_E
3266,1,train,0.8913082480430603,pdb_00009lsj_D1_E2
3267,1,train,0.4151323437690735,pdb_00002dqf_E_D
3268,1,train,0.8671796917915344,pdb_00007t87_H_L
3269,1,train,0.1295146495103836,pdb_00007ukt_E_F
3270,1,train,0.19913266599178314,pdb_00007k78_L1_L2
3271,1,train,0.6873769164085388,pdb_00009lbs_D_C
3272,1,train,0.19191057980060577,pdb_00004fg6_E_F
3273,1,train,0.7970898151397705,pdb_00007sco_E_F
3274,1,train,0.8345255255699158,pdb_00003u30_F_E
3275,1,train,0.8986964821815491,pdb_00008vgh_F_E
3276,1,train,0.08367840200662613,pdb_00002h2s_C_D
3277,1,train,1.5284714698791504,pdb_00006gff_N_M
3278,1,train,0.11818218976259232,pdb_00007ej8_H1_H2
3279,1,train,1.0875438451766968,pdb_00007f0x_B1_B2
3280,1,train,0.1985243409872055,pdb_00008ubl_M2_M1
3281,1,train,0.9457589983940125,pdb_00007lq7_F_G
3282,1,train,1.0306107997894287,pdb_00004yk4_C_B
3283,1,train,0.7139213681221008,pdb_00008j1q_B_A
3284,1,train,0.32041409611701965,pdb_00008vqy_K_L
3285,1,train,0.09055353701114655,pdb_00002vdp_H_L
3286,1,train,0.0656413584947586,pdb_00008xgm_S1_S2
3287,1,train,0.25871509313583374,pdb_00003fb7_A_B
3288,1,train,0.5511176586151123,pdb_00007c01_H_L
3289,1,train,0.046627435833215714,pdb_00009lrs_E1_E2
3290,1,train,0.7213386297225952,pdb_00007y7m_F_G
3291,1,train,2.0449180603027344,pdb_00009me7_J_N
3292,1,train,0.7824596762657166,pdb_00006cyf_F_E
3293,1,train,0.02946222759783268,pdb_00009bsb_E1_E2
3294,1,train,1.428014874458313,pdb_00004fqj_H_L
3295,1,train,1.1612355709075928,pdb_00007uvs_D_E
3296,1,train,0.796329915523529,pdb_00009n4f_O_P
3297,1,train,0.038884714245796204,pdb_00009ns9_N1_N2
3298,1,train,1.1601842641830444,pdb_00009mif_H_L
3299,1,train,0.9044944643974304,pdb_00008vgk_H_G
3300,1,train,1.0448869466781616,pdb_00009npg_A_B
3301,1,train,1.2617733478546143,pdb_00005lsp_S_T
3302,1,train,1.4226137399673462,pdb_00007ezv_M_N
3303,1,train,1.2481852769851685,pdb_00006t9d_HHH_LLL
3304,1,train,0.17619635164737701,pdb_00008sps_K1_K2
3305,1,train,1.4925202131271362,pdb_00009kyz_A_B
3306,1,train,0.01262332871556282,pdb_00009kfi_S1_S2
3307,1,train,0.011138979345560074,pdb_00008y02_S1_S2
3308,1,train,1.1478512287139893,pdb_00007v3g_I_M
3309,1,train,1.2353497743606567,pdb_00005wko_I_J
3310,1,train,0.5908955335617065,pdb_00007kfw_C_D
3311,1,train,0.79128497838974,pdb_00008y0y_D1_D4
3312,1,train,0.8930705785751343,pdb_00009hh9_E_D
3313,1,train,0.06744509190320969,pdb_00009k27_D1_D2
3314,1,train,0.024629732593894005,pdb_00007t6v_E1_E2
3315,1,train,0.6732919812202454,pdb_00008j8r_D_E
3316,1,train,0.9522935748100281,pdb_00007djz_A_B
3317,1,train,1.0813648700714111,pdb_00007ubs_I1_I2
3318,1,train,1.1498209238052368,pdb_00003rhw_I_O
3319,1,train,0.7761907577514648,pdb_00007jx3_H_L
3320,1,train,0.29879486560821533,pdb_00002dqj_H_L
3321,1,train,1.4087196588516235,pdb_00008d9y_F_E
3322,1,train,1.3502228260040283,pdb_00008w5r_H_L
3323,1,train,1.5590214729309082,pdb_00009mkn_Q_R
3324,1,train,1.494779109954834,pdb_00009kvk_A_B
3325,1,train,0.1298365443944931,pdb_00001ots_C_D
3326,1,train,0.8474986553192139,pdb_00001g7m_B_A
3327,1,train,1.3311269283294678,pdb_00005anm_B_A
3328,1,train,0.7611141800880432,pdb_00005u5f_B_A
3329,1,train,0.8004424571990967,pdb_00007dk2_J_K
3330,1,train,1.090509057044983,pdb_00008xe9_A_B
3331,1,train,0.8586164116859436,pdb_00007whz_B_D
3332,1,train,0.701956570148468,pdb_00005u6a_B_A
3333,1,train,0.0402938611805439,pdb_00007sqo_E1_E2
3334,1,train,1.1029362678527832,pdb_00008v5v_b_d
3335,1,train,0.7903776168823242,pdb_00008hpf_M_N
3336,1,train,0.02356477826833725,pdb_00007t10_S1_S2
3337,1,train,1.882591724395752,pdb_00008hrd_O_P
3338,1,train,0.7021514773368835,pdb_00008smt_I_J
3339,1,train,0.5437720417976379,pdb_00007kfx_H_L
3340,1,train,0.03520173579454422,pdb_00009w6w_E1_E2
3341,1,train,1.2465416193008423,pdb_00008sdh_H_L
3342,1,train,0.8197723031044006,pdb_00009lae_A_B
3343,1,train,0.7819715142250061,pdb_00007qf1_C_B
3344,1,train,0.698754072189331,pdb_00007klg_H_L
3345,1,train,0.6095777153968811,pdb_00007xcz_D_E
3346,1,train,0.8715469241142273,pdb_00006yor_H_L
3347,1,train,0.03566531091928482,pdb_00007xav_E1_E2
3348,1,train,0.6106172204017639,pdb_00007zfe_M_N
3349,1,train,0.024390175938606262,pdb_00008efb_E1_E2
3350,1,train,1.2668912410736084,pdb_00009mtj_H_L
3351,1,train,0.319457471370697,pdb_00008si9_K_L
3352,1,train,1.3597440719604492,pdb_00007x3e_H_L
3353,1,train,1.2269598245620728,pdb_00007k9i_H_L
3354,1,train,0.026039525866508484,pdb_00009jks_S1_S2
3355,1,train,0.020634280517697334,pdb_00008jii_S1_S2
3356,1,train,0.018148362636566162,pdb_00007eb2_N1_N2
3357,1,train,0.5332822799682617,pdb_00002qr0_L_K
3358,1,train,0.11702468246221542,pdb_00008ubi_N2_N1
3359,1,train,1.5856467485427856,pdb_00005d1z_F_E
3360,1,train,0.5781129002571106,pdb_00009l6c_A_B
3361,1,train,0.8508979082107544,pdb_00007mzn_H_L
3362,1,train,0.8796402812004089,pdb_00008v5v_f_g
3363,1,train,1.3197393417358398,pdb_00009mkn_O_P
3364,1,train,0.6888627409934998,pdb_00007x66_H_L
3365,1,train,0.013500981032848358,pdb_00008kfx_S1_S2
3366,1,train,0.05307941883802414,pdb_00008wwi_E1_E2
3367,1,train,1.0950075387954712,pdb_00005ugy_H_L
3368,1,train,0.987636148929596,pdb_00009n8j_H_I
3369,1,train,1.6817978620529175,pdb_00006s3d_H_L
3370,1,train,0.015742622315883636,pdb_00008vy9_D1_D2
3371,1,train,0.9578493237495422,pdb_00001xgu_B_A
3372,1,train,0.2877029776573181,pdb_00003ejz_C_D
3373,1,train,0.9102661609649658,pdb_00009jy2_B_A
3374,1,train,1.4528522491455078,pdb_00009mqd_J_N
3375,1,train,0.9550891518592834,pdb_00007bwj_H_L
3376,1,train,0.020151449367403984,pdb_00008xzf_S1_S2
3377,1,train,1.529944658279419,pdb_00003qwo_H_L
3378,1,train,0.2194606065750122,pdb_00003hpl_A_B
3379,1,train,0.011046129278838634,pdb_00008ghv_S1_S2
3380,1,train,0.8421546220779419,pdb_00008y31_D_C
3381,1,train,0.017568327486515045,pdb_00008ykd_S1_S2
3382,1,train,0.7471765279769897,pdb_00007zlg_H_L
3383,1,train,0.06951475143432617,pdb_00008zcj_E1_E2
3384,1,train,1.1395001411437988,pdb_00007rxj_A_B
3385,1,train,0.7617017030715942,pdb_00007sco_H_L
3386,1,train,1.6456477642059326,pdb_00009mth_H_L
3387,1,train,0.09025850147008896,pdb_00009xhh_D1_D2
3388,1,train,0.6855043768882751,pdb_00008j22_F1_F2
3389,1,train,0.023847972974181175,pdb_00008kgg_E1_E2
3390,1,train,0.05737330764532089,pdb_00007w3z_H1_H2
3391,1,train,0.1451362669467926,pdb_00002htl_C_D
3392,1,train,0.0929424986243248,pdb_00003det_E_F
3393,1,train,1.1611024141311646,pdb_00006vvu_G_I
3394,1,train,0.8404080271720886,pdb_00004dgi_H_L
3395,1,train,1.162899136543274,pdb_00009e60_H_L
3396,1,train,0.19177430868148804,pdb_00007u0g_O1_O2
3397,1,train,1.8441954851150513,pdb_00009cds_E_D
3398,1,train,0.029327133670449257,pdb_00007ew3_S1_S2
3399,1,train,0.9439741373062134,pdb_00006uig_B_C
3400,1,train,1.2453258037567139,pdb_00009os5_H_K
3401,1,train,1.3520129919052124,pdb_00007kqh_C_D
3402,1,train,1.0807970762252808,pdb_00007kyo_H_L
3403,1,train,0.6717841029167175,pdb_00003s37_H_L
3404,1,train,0.7950217127799988,pdb_00009nz3_F_E
3405,1,train,1.263791799545288,pdb_00008dv6_H_D
3406,1,train,0.5529831647872925,pdb_00006w0g_A_B
3407,1,train,1.4888529777526855,pdb_00004u6h_A_B
3408,1,train,0.3270169496536255,pdb_00006x3u_K_L
3409,1,train,0.5443292260169983,pdb_00007mjl_H_L
3410,1,train,0.2295057624578476,pdb_00002htl_E_F
3411,1,train,0.5672969222068787,pdb_00008jen_E_F
3412,1,train,1.2211545705795288,pdb_00009cu7_J_N
3413,1,train,0.10279842466115952,pdb_00006k5a_E_F
3414,1,train,1.766091227531433,pdb_00008go8_I_M
3415,1,train,0.18321391940116882,pdb_00007tho_E_F
3416,1,train,1.203590750694275,pdb_00007wcr_a_b
3417,1,train,0.6116347908973694,pdb_00004ma7_H_L
3418,1,train,0.9410130977630615,pdb_00007ucq_K1_K2
3419,1,train,0.11540961265563965,pdb_00004z7o_E_F
3420,1,train,1.2422609329223633,pdb_00007mzj_N_M
3421,1,train,0.6322914361953735,pdb_00008z65_S1_S2
3422,1,train,1.4984691143035889,pdb_00009mtk_H_L
3423,1,train,1.0998189449310303,pdb_00008dwx_H_L
3424,1,train,0.5671437382698059,pdb_00009zqc_I2_I1
3425,1,train,0.9330581426620483,pdb_00007pa7_nnn2_nnn1
3426,1,train,0.07733432948589325,pdb_00008z8a_S1_S2
3427,1,train,0.041109755635261536,pdb_00009uan_E1_E2
3428,1,train,0.04061703383922577,pdb_00009iv1_S1_S2
3429,1,train,0.08971229195594788,pdb_00007tpd_E_F
3430,1,train,0.6485515236854553,pdb_00003b2v_H_L
3431,1,train,0.7821328043937683,pdb_00009tmp_H_L
3432,1,train,0.05284179374575615,pdb_000022es_E1_E2
3433,1,train,1.3745307922363281,pdb_00004lvh_H_I
3434,1,train,0.14052382111549377,pdb_00007k78_K1_K2
3435,1,train,0.6782749891281128,pdb_00004tnw_X_i
3436,1,train,0.7692492604255676,pdb_00008smt_D_F
3437,1,train,0.2693500816822052,pdb_00006x3w_K_L
3438,1,train,0.8812341094017029,pdb_00009iz9_M_N
3439,1,train,1.9190701246261597,pdb_00007uij_A_B
3440,1,train,1.2479928731918335,pdb_00009qub_F_E
3441,1,train,1.7784870862960815,pdb_00008ag1_H_L
3442,1,train,1.3209513425827026,pdb_00008tpa_I_J
3443,1,train,1.0087306499481201,pdb_00007det_B1_B2
3444,1,train,0.6315964460372925,pdb_00006b9y_B_A
3445,1,train,1.101539969444275,pdb_00007wro_H_L
3446,1,train,0.05715405195951462,pdb_00008g05_E1_E2
3447,1,train,0.039264220744371414,pdb_00007xwo_E1_E2
3448,1,train,1.1827397346496582,pdb_00007t3d_K_N
3449,1,train,0.0474201962351799,pdb_00009jkx_S1_S2
3450,1,train,1.0594329833984375,pdb_00008bg1_J_K
3451,1,train,0.8410065770149231,pdb_00006iap_E_D
3452,1,train,1.4029558897018433,pdb_00008gsc_H_L
3453,1,train,1.2128595113754272,pdb_00007zfc_A_B
3454,1,train,0.695725679397583,pdb_00007ek0_H_L
3455,1,train,0.03725447505712509,pdb_00006n4b_S1_S2
3456,1,train,0.8816854953765869,pdb_00006zlr_FFF_GGG
3457,1,train,0.08236711472272873,pdb_00009xhi_D1_D2
3458,1,train,0.15003623068332672,pdb_00007udg_E_F
3459,1,train,1.5018762350082397,pdb_00005mo9_H_L
3460,1,train,0.4815159738063812,pdb_00008i5h_B_C
3461,1,train,0.9761994481086731,pdb_00007deu_B1_B2
3462,1,train,0.9721298217773438,pdb_00008znz_I_J
3463,1,train,0.1031336709856987,pdb_00007w7e_H1_H2
3464,1,train,0.7004721760749817,pdb_00005yoy_Q_N
3465,1,train,1.4146283864974976,pdb_00001nsn_H_L
3466,1,train,1.1083906888961792,pdb_00009mqd_H_L
3467,1,train,0.9134472012519836,pdb_00003bn9_F_E
3468,1,train,1.7175486087799072,pdb_00008dwo_U_V
3469,1,train,0.026399759575724602,pdb_00008wwl_E1_E2
3470,1,train,0.9494717717170715,pdb_00009b82_N_M
3471,1,train,1.1334627866744995,pdb_00007ycl_A_B
3472,1,train,0.21591362357139587,pdb_00009x3z_S1_S2
3473,1,train,0.9740111231803894,pdb_00007wqv_L1_L2
3474,1,train,1.1701674461364746,pdb_00006t9d_AAA_BBB
3475,1,train,0.675603449344635,pdb_00003rif_G_K
3476,1,train,0.7929874658584595,pdb_00007bpk_C_D
3477,1,train,0.14065033197402954,pdb_00002exy_E_F
3478,1,train,1.8645607233047485,pdb_00005ldn_H_L
3479,1,train,1.1803046464920044,pdb_00005x8l_G_L
3480,1,train,1.2092258930206299,pdb_00006oc3_C_D
3481,1,train,1.10163152217865,pdb_00007x2w_H_L
3482,1,train,0.22338566184043884,pdb_00008vrn_K_L
3483,1,train,1.2646781206130981,pdb_00007ykj_A_D
3484,1,train,0.06970250606536865,pdb_00008f7q_E1_E2
3485,1,train,1.18006432056427,pdb_00009h6u_H_L
3486,1,train,0.8211153149604797,pdb_00008vgi_K_L
3487,1,train,0.10488057881593704,pdb_00006crk_H1_H2
3488,1,train,1.2548454999923706,pdb_00007lop_B_C
3489,1,train,1.695513129234314,pdb_00005hbv_D_C
3490,1,train,0.6837645769119263,pdb_00001dzb_A1_A2
3491,1,train,1.2387449741363525,pdb_00002r29_H_L
3492,1,train,0.5110725164413452,pdb_00008as0_T_S
3493,1,train,0.7146229147911072,pdb_00008zyt_D_Q
3494,1,train,1.9644652605056763,pdb_00006uyn_H_L
3495,1,train,0.900452196598053,pdb_00009irs_S_T
3496,1,train,0.9905171990394592,pdb_00007xrz_H_L
3497,1,train,1.0458037853240967,pdb_00007fcp_H_L
3498,1,train,0.747236430644989,pdb_00008vgh_J_I
3499,1,train,1.6950623989105225,pdb_00006wmw_H_L
3500,1,train,0.060742612928152084,pdb_00009l80_S1_S2
3501,1,train,0.03640793636441231,pdb_00009uk2_E1_E2
3502,1,train,0.8311945199966431,pdb_00008vgj_F_E
3503,1,train,1.273290753364563,pdb_00004d9r_H_L
3504,1,train,0.9499934315681458,pdb_00008cma_H_L
3505,1,train,0.4236706495285034,pdb_00008sps_N1_N2
3506,1,train,0.30894654989242554,pdb_00008si9_J_I
3507,1,train,1.207694411277771,pdb_00002ybr_A_B
3508,1,train,0.9113397002220154,pdb_00009rio_H_L
3509,1,train,0.7835718393325806,pdb_00004tnw_W_f
3510,1,train,1.088429570198059,pdb_00007zmk_M_N
3511,1,train,0.08692168444395065,pdb_00003nig_E_F
3512,1,train,0.37656059861183167,pdb_00001k4d_A_B
3513,1,train,0.6143466234207153,pdb_00008w2e_F_E
3514,1,train,0.5311708450317383,pdb_00009nz4_D_C
3515,1,train,0.6378548741340637,pdb_00008smt_A_B
3516,1,train,0.9383260607719421,pdb_00007t0z_H_L
3517,1,train,1.0820746421813965,pdb_00009f91_A_B
3518,1,train,1.4025198221206665,pdb_00005ug0_D_C
3519,1,train,1.5154930353164673,pdb_00007mxl_A_B
3520,1,train,0.03066440112888813,pdb_00007eo2_E1_E2
3521,1,train,1.7353346347808838,pdb_00008r4n_H_L
3522,1,train,0.6002495288848877,pdb_00004tnw_Y_g
3523,1,train,1.0574570894241333,pdb_00004f2m_C_D
3524,1,train,1.7659951448440552,pdb_00006d0u_C_D
3525,1,train,1.4875643253326416,pdb_00008jn1_H_L
3526,1,train,0.3150208592414856,pdb_00002itc_A_B
3527,1,train,1.0694116353988647,pdb_00008dnn_E_F
3528,1,train,0.9470808506011963,pdb_00007dm2_H_L
3529,1,train,0.024394016712903976,pdb_00009m2f_S1_S2
3530,1,train,0.07343223690986633,pdb_00007xau_E1_E2
3531,1,train,0.9331269264221191,pdb_00007m42_D_C
3532,1,train,1.36544930934906,pdb_00006p4b_H_L
3533,1,train,0.9469704627990723,pdb_00002h9g_B_A
3534,1,train,1.4487959146499634,pdb_00008dwo_S_T
3535,1,train,0.55164635181427,pdb_00004tnw_I_O
3536,1,train,0.9808594584465027,pdb_00009mqd_I_M
3537,1,train,0.046468425542116165,pdb_00008irs_E1_E2
3538,1,train,0.0894908532500267,pdb_00008iz4_E1_E2
3539,1,train,0.6833407878875732,pdb_00007d85_E_F
3540,1,train,0.04048743098974228,pdb_00007ezm_H1_H2
3541,1,train,0.04992789775133133,pdb_00009izf_S1_S2
3542,1,train,0.039263322949409485,pdb_00009bqj_E1_E2
3543,1,train,0.5715716481208801,pdb_00007nx8_H_L
3544,1,train,0.5836459398269653,pdb_00007x1m_C_D
3545,1,train,0.8125544190406799,pdb_00009u5q_B_C
3546,1,train,1.7940356731414795,pdb_00006hga_H_L
3547,1,train,1.9741437435150146,pdb_00006wtv_K_L
3548,1,train,0.685004711151123,pdb_00005u5m_B_A
3549,1,train,0.9904664158821106,pdb_00008ebp_I_M
3550,1,train,0.9352449774742126,pdb_00008txu_F_K
3551,1,train,0.05918393284082413,pdb_00008yn2_E1_E2
3552,1,train,0.6177762150764465,pdb_00003b2u_C_D
3553,1,train,0.8935744762420654,pdb_00007n0u_H_L
3554,1,train,0.16699329018592834,pdb_00006ad7_E_F
3555,1,train,0.04133821651339531,pdb_00008xyd_E1_E2
3556,1,train,1.2208926677703857,pdb_00007ycn_K_L
3557,1,train,1.7627708911895752,pdb_00006s3d_E_F
3558,1,train,0.9577703475952148,pdb_00008ulf_J_N
3559,1,train,0.08279723674058914,pdb_00008fx5_H1_H2
3560,1,train,1.4727261066436768,pdb_00007l7e_E_F
3561,1,train,0.04341740533709526,pdb_00009p0m_F1_F2
3562,1,train,1.5262495279312134,pdb_00006d0u_K_L
3563,1,train,0.025109559297561646,pdb_00008x17_H1_H2
3564,1,train,0.774202823638916,pdb_00006pi7_F_E
3565,1,train,0.741287112236023,pdb_00009irs_H_L
3566,1,train,0.8079569339752197,pdb_00003nh7_H_L
3567,1,train,1.2188043594360352,pdb_00003fku_Z1_Z2
3568,1,train,0.021517613902688026,pdb_00008k2x_S1_S2
3569,1,train,1.2894116640090942,pdb_00009lsi_D1_C2
3570,1,train,0.6267099976539612,pdb_00006cw3_C_D
3571,1,train,0.08208766579627991,pdb_00008ejc_E1_E2
3572,1,train,0.31146979331970215,pdb_00008ihb_S1_S2
3573,1,train,0.019284967333078384,pdb_00009m8l_N1_N2
3574,1,train,0.9046381711959839,pdb_00007rxl_C_D
3575,1,train,0.02767944522202015,pdb_00009jkt_S1_S2
3576,1,train,0.044653553515672684,pdb_00007t94_E1_E2
3577,1,train,0.945267379283905,pdb_00008vgm_H_L
3578,1,train,0.6777001619338989,pdb_00009l6c_D_F
3579,1,train,0.9647067189216614,pdb_00003fku_S1_S2
3580,1,train,0.7649282217025757,pdb_00008jkf_m_n
3581,1,train,0.22972844541072845,pdb_00008sid_K_L
3582,1,train,0.5823377966880798,pdb_00007zfe_J_K
3583,1,train,0.8496962189674377,pdb_00002eks_B_A
3584,1,train,0.154794842004776,pdb_00009jh6_S1_S2
3585,1,train,1.0371592044830322,pdb_00003rif_I_O
3586,1,train,1.3496829271316528,pdb_00009zdu_H_L
3587,1,train,0.5878210663795471,pdb_00003s36_H_L
3588,1,train,1.0735582113265991,pdb_00008ut2_H_G
3589,1,train,0.8184359073638916,pdb_00009jy4_R_Q
3590,1,train,1.0378038883209229,pdb_00009hhr_L_H
3591,1,train,0.8032805323600769,pdb_00007yrf_F_E
3592,1,train,1.4304349422454834,pdb_00009rii_H_L
3593,1,train,0.7817288041114807,pdb_00008jio_C_B
3594,1,train,0.5393452048301697,pdb_00006txz_H_L
3595,1,train,1.324902892112732,pdb_00009e3k_J_K
3596,1,train,0.8592811226844788,pdb_00006yz7_HHH_LLL
3597,1,train,0.10948106646537781,pdb_00008h2g_E1_E2
3598,1,train,0.5242780447006226,pdb_00007kfv_H_L
3599,1,train,1.972968578338623,pdb_00008jeo_B_C
3600,1,train,1.1444820165634155,pdb_00005vqm_H_L
3601,1,train,1.0443224906921387,pdb_00004v1d_D_E
3602,1,train,0.5632192492485046,pdb_00007zfe_F_G
3603,1,train,0.9708232283592224,pdb_00005jz7_G_I
3604,1,train,0.7552050948143005,pdb_00009jy3_P_O
3605,1,train,0.5854663848876953,pdb_00008caf_B_A
3606,1,train,1.2297273874282837,pdb_00009me4_I_M
3607,1,train,0.6287489533424377,pdb_00009u5p_P_Q
3608,1,train,1.0595574378967285,pdb_00008bg5_C1_C2
3609,1,train,1.3214997053146362,pdb_00009mtf_H_L
3610,1,train,0.04714726284146309,pdb_00007vgx_S1_S2
3611,1,train,1.8514195680618286,pdb_00001hys_D_C
3612,1,train,0.959753155708313,pdb_00001kiq_B_A
3613,1,train,0.02868880145251751,pdb_00007vl9_S1_S2
3614,1,train,0.1520889848470688,pdb_00007uko_E_F
3615,1,train,1.1421928405761719,pdb_00005aaw_K1_K2
3616,1,train,0.20883089303970337,pdb_00002itd_A_B
3617,1,train,1.527306318283081,pdb_00004ubd_G_H
3618,1,train,0.8676950335502625,pdb_00009lbs_H_L
3619,1,train,1.155364751815796,pdb_00009cfg_H_L
3620,1,train,0.5779519081115723,pdb_00007ejy_H_L
3621,1,train,1.5687203407287598,pdb_00006oel_H_L
3622,1,train,1.0732455253601074,pdb_00007pry_H_L
3623,1,train,1.6088101863861084,pdb_00009mla_H_K
3624,1,train,0.15520456433296204,pdb_00003iga_A_B
3625,1,train,0.9180626273155212,pdb_00006ogx_C_D
3626,1,train,0.050467099994421005,pdb_00008f7w_E1_E2
3627,1,train,1.0087871551513672,pdb_00009npg_K_J
3628,1,train,1.3829805850982666,pdb_00007l5j_Y_X
3629,1,train,0.7503827214241028,pdb_00006z2m_H_L
3630,1,train,1.025855302810669,pdb_00003v4v_M_N
3631,1,train,1.220727562904358,pdb_00007wph_H_L
3632,1,train,1.2258930206298828,pdb_00001fj1_D_C
3633,1,train,0.025745976716279984,pdb_00009kpe_S1_S2
3634,1,train,0.18736742436885834,pdb_00007u0j_K1_K2
3635,1,train,0.8085899949073792,pdb_00008bec_C1_C2
3636,1,train,0.8609254956245422,pdb_00007lq7_P_Q
3637,1,train,1.2075848579406738,pdb_00005b8c_B_A
3638,1,train,1.4802134037017822,pdb_00005w3l_E_G
3639,1,train,1.4262052774429321,pdb_00008zre_h_l
3640,1,train,0.020783480256795883,pdb_00008zbi_F1_F2
3641,1,train,0.8582284450531006,pdb_00006xq2_C_B
3642,1,train,1.2599964141845703,pdb_00008gpu_F_G
3643,1,train,1.8716859817504883,pdb_00009leo_A_B
3644,1,train,0.9012293219566345,pdb_00007ua8_I1_I2
3645,1,train,0.9358651638031006,pdb_00007wk0_D_E
3646,1,train,1.5859460830688477,pdb_00009wai_E_F
3647,1,train,1.560600757598877,pdb_00002x7l_C_D
3648,1,train,0.09476926922798157,pdb_00009iza_S1_S2
3649,1,train,1.4964089393615723,pdb_00001j5o_H_L
3650,1,train,0.9166606664657593,pdb_00008zh7_E_F
3651,1,train,0.8250539302825928,pdb_00009udq_F_A
3652,1,train,0.16832691431045532,pdb_00002hlf_C_D
3653,1,train,0.8150519728660583,pdb_00001z3g_I_M
3654,1,train,0.06235199049115181,pdb_00007p00_H1_H2
3655,1,train,1.8427594900131226,pdb_00007t4q_F_G
3656,1,train,0.062087222933769226,pdb_00007trk_H1_H2
3657,1,train,1.5719726085662842,pdb_00005kov_U1_U2
3658,1,train,1.1305619478225708,pdb_00007xcz_B_C
3659,1,train,0.6921107172966003,pdb_00008jel_I_K
3660,1,train,1.368757963180542,pdb_00004ubd_Y_X
3661,1,train,1.526367425918579,pdb_00008erq_H_L
3662,1,train,0.5639430284500122,pdb_00008jel_C_D
3663,1,train,1.2585241794586182,pdb_00003fmg_H_L
3664,1,train,0.035938650369644165,pdb_00008xbh_S1_S2
3665,1,train,1.4883408546447754,pdb_00004kuc_F_E
3666,1,train,1.3952467441558838,pdb_00008tea_F_I
3667,1,train,0.9442418217658997,pdb_00008znz_G_H
3668,1,train,0.7972840070724487,pdb_00009cia_D_C
3669,1,train,0.032458145171403885,pdb_00007y64_S1_S2
3670,1,train,0.5862413644790649,pdb_00008hws_H_L
3671,1,train,1.3794515132904053,pdb_00002vis_B_A
3672,1,train,0.9695619940757751,pdb_00008y3k_G_H
3673,1,train,0.5692645311355591,pdb_00007mzh_H_L
3674,1,train,0.9070045948028564,pdb_00008uwz_A_B
3675,1,train,0.6603756546974182,pdb_00007kmg_D_E
3676,1,train,0.5635606050491333,pdb_00006bah_B_A
3677,1,train,0.018898626789450645,pdb_00008jz7_S1_S2
3678,1,train,0.023098783567547798,pdb_00008ia7_E1_E2
3679,1,train,0.020947735756635666,pdb_00008vy7_D1_D2
3680,1,train,0.8493120074272156,pdb_00003wd5_H_L
3681,1,train,1.0213651657104492,pdb_00009n8j_B_C
3682,1,train,0.5662922263145447,pdb_00008f2j_A_B
3683,1,train,1.1731877326965332,pdb_00002x7l_A_B
3684,1,train,0.6697657108306885,pdb_00008xse_H_L
3685,1,train,1.1092333793640137,pdb_00009ue8_I_J
3686,1,train,0.7541873455047607,pdb_00001dee_F_E
3687,1,train,0.4843437671661377,pdb_00008f2j_H_L
3688,1,train,0.10998287796974182,pdb_00002vdm_H_L
3689,1,train,1.8077738285064697,pdb_00008dwy_H_L
3690,1,train,0.06318829953670502,pdb_00007l1v_H1_H2
3691,1,train,0.06778330355882645,pdb_00002vc2_H_L
3692,1,train,0.1536191999912262,pdb_00008jt6_E1_E2
3693,1,train,0.9880713224411011,pdb_00007z0y_H_L
3694,1,train,1.1324726343154907,pdb_00008w5m_H_L
3695,1,train,0.6957892775535583,pdb_00004tnw_J_M
3696,1,train,0.01505513396114111,pdb_00009u4w_S1_S2
3697,1,train,0.7439768314361572,pdb_00009m0d_D_Q
3698,1,train,0.2998405992984772,pdb_00006x3x_K_L
3699,1,train,0.1644907295703888,pdb_00008ihh_S1_S2
3700,1,train,0.031729962676763535,pdb_00009jlc_S1_S2
3701,1,train,1.2192853689193726,pdb_00006ii9_M_N
3702,1,train,1.9154433012008667,pdb_00006ba5_D_C
3703,1,train,0.027153484523296356,pdb_00009ijd_D1_D2
3704,1,train,0.7032315731048584,pdb_00009ouq_H_L
3705,1,train,0.9580994844436646,pdb_00008sit_H_L
3706,1,train,1.4854305982589722,pdb_00009bdi_H_L
3707,1,train,1.0612428188323975,pdb_00003qum_K_M
3708,1,train,1.7467315196990967,pdb_00009kve_D_F
3709,1,train,0.8878352046012878,pdb_00003vrl_H_L
3710,1,train,0.063514843583107,pdb_00008ija_S1_S2
3711,1,train,1.3817012310028076,pdb_00008dwo_H_L
3712,1,train,0.1575494259595871,pdb_00002vdq_H_L
3713,1,train,1.0321029424667358,pdb_00007o7f_H_F
3714,1,train,0.7405049204826355,pdb_00008oz3_H_L
3715,1,train,0.6651514768600464,pdb_00006vmk_P_O
3716,1,train,0.05030915141105652,pdb_00008x2k_E1_E2
3717,1,train,1.0320396423339844,pdb_00008sdf_B_C
3718,1,train,0.17030616104602814,pdb_00006e0c_N1_N2
3719,1,train,0.047631487250328064,pdb_00008z9p_S1_S2
3720,1,train,1.7341464757919312,pdb_00002ybr_G_H
3721,1,train,0.02714439108967781,pdb_00007w56_E1_E2
3722,1,train,0.9861472249031067,pdb_00004okv_C_D
3723,1,train,1.1484264135360718,pdb_00009mtj_M_N
3724,1,train,1.1215100288391113,pdb_00006plk_I_M
3725,1,train,0.8706575632095337,pdb_00005nhr_A_B
3726,1,train,0.05752385035157204,pdb_00007jhj_D1_D2
3727,1,train,1.2590690851211548,pdb_00009mla_G_J
3728,1,train,0.07632484287023544,pdb_00007yfc_C1_C2
3729,1,train,1.1328871250152588,pdb_00005wko_E_F
3730,1,train,0.8156816363334656,pdb_00007xsc_A_B
3731,1,train,0.5441215634346008,pdb_00005ggv_H_L
3732,1,train,1.225113034248352,pdb_00009ma7_D_E
3733,1,train,0.05440354719758034,pdb_00008wwk_E1_E2
3734,1,train,0.7294067144393921,pdb_00007sk7_D_C
3735,1,train,0.6720515489578247,pdb_00008oz3_A_B
3736,1,train,0.0420418307185173,pdb_00007xat_E1_E2
3737,1,train,1.6487191915512085,pdb_00003mj9_H_L
3738,1,train,0.07721054553985596,pdb_00008hpt_H1_H2
3739,1,train,1.1600165367126465,pdb_00008hrd_Y_Z
3740,1,train,1.1031275987625122,pdb_00004hj0_P_Q
3741,1,train,0.6250419020652771,pdb_00007zf8_H_L
3742,1,train,0.053020112216472626,pdb_00009vnz_E1_E2
3743,1,train,0.9852906465530396,pdb_00006hxw_H_L
3744,1,train,0.8130590319633484,pdb_00006cyf_M_L
3745,1,train,1.1013821363449097,pdb_00008vk1_F_E
3746,1,train,0.5583876371383667,pdb_000011ol_H_L
3747,1,train,0.2634419798851013,pdb_00009j31_D1_D2
3748,1,train,1.249459147453308,pdb_00008w5h_H_L
3749,1,train,0.06693754345178604,pdb_00008y73_E1_E2
3750,1,train,1.0019575357437134,pdb_00009vft_F_E
3751,1,train,0.9275655746459961,pdb_00001nbz_B_A
3752,1,train,1.1166636943817139,pdb_00001fj1_B_A
3753,1,train,0.054204996675252914,pdb_00008uwl_E1_E2
3754,1,train,1.288097620010376,pdb_00006wds_H_L
3755,1,train,0.481270432472229,pdb_00006k5a_C_D
3756,1,train,1.4669203758239746,pdb_00008e8y_H_L
3757,1,train,0.048681534826755524,pdb_00008iy5_E1_E2
3758,1,train,0.07362678647041321,pdb_00007wq3_S1_S2
3759,1,train,1.8653948307037354,pdb_00009ml8_M_N
3760,1,train,0.6402481198310852,pdb_00005bo1_I_M
3761,1,train,0.5784218907356262,pdb_00006j6y_E_F
3762,1,train,1.1714668273925781,pdb_00007dm1_D_C
3763,1,train,0.7157742977142334,pdb_00005xhv_H_L
3764,1,train,0.022680779919028282,pdb_00007ys6_E1_E2
3765,1,train,1.0870047807693481,pdb_00002iff_H_L
3766,1,train,1.1689677238464355,pdb_00007uvs_A_B
3767,1,train,0.20256470143795013,pdb_00002vdr_H_L
3768,1,train,0.5217432379722595,pdb_00006vmk_Z_Y
3769,1,train,0.705702543258667,pdb_00009ib1_H_L
3770,1,train,1.1020172834396362,pdb_00006jep_H_L
3771,1,train,0.6718748211860657,pdb_00005nh3_H_L
3772,1,train,1.0991239547729492,pdb_00007quh_H_L
3773,1,train,0.15075379610061646,pdb_00008zbe_E1_E2
3774,1,train,1.0329190492630005,pdb_00007zfb_H_L
3775,1,train,0.011603661812841892,pdb_00008fn0_E1_E2
3776,1,train,0.018533576279878616,pdb_00008k6m_S1_S2
3777,1,train,0.018411587923765182,pdb_00007rg9_E1_E2
3778,1,train,1.405822992324829,pdb_00008ywe_C2_C1
3779,1,train,1.190948724746704,pdb_00007x3c_H_L
3780,1,train,0.9574500322341919,pdb_00005ugy_I_M
3781,1,train,0.06511519104242325,pdb_00009izg_S1_S2
3782,1,train,1.0833125114440918,pdb_00007yrh_F_E
3783,1,train,0.0795278325676918,pdb_00007w6p_H1_H2
3784,1,train,1.4329798221588135,pdb_00009shd_H_L
3785,1,train,1.1304501295089722,pdb_00009n4e_Q_P
3786,1,train,0.8691310286521912,pdb_00001tzh_B_A
3787,1,train,1.1007343530654907,pdb_00007ycn_C_D
3788,1,train,0.06418393552303314,pdb_00003nid_E_F
3789,1,train,0.015865107998251915,pdb_00007w55_E1_E2
3790,1,train,0.8418307304382324,pdb_00008sxp_H_L
3791,1,train,0.5172719955444336,pdb_00007wnb_H_L
3792,1,train,0.8200046420097351,pdb_00007dpm_G_H
3793,1,train,0.7699511647224426,pdb_00008dn6_E_F
3794,1,train,0.020767904818058014,pdb_00008y62_E1_E2
3795,1,train,0.09035476297140121,pdb_00007t8x_E1_E2
3796,1,train,0.9269111156463623,pdb_00008vgk_F_E
3797,1,train,1.6677601337432861,pdb_00008tbq_A_B
3798,1,train,0.011473828926682472,pdb_00008yh3_S1_S2
3799,1,train,0.9182860851287842,pdb_00002i9l_D_C
3800,1,train,0.012405253015458584,pdb_00006kpf_S1_S2
3801,1,train,0.018997110426425934,pdb_00009x20_E1_E2
3802,1,train,0.04375740885734558,pdb_00008hqm_H1_H2
3803,1,train,1.1482195854187012,pdb_00007y3n_C_D
3804,1,train,0.012296185828745365,pdb_00008vvg_E1_E2
3805,1,train,0.0638076439499855,pdb_00008wwn_E1_E2
3806,1,train,0.6514968872070312,pdb_00007yvm_C_A
3807,1,train,1.0403324365615845,pdb_00007zmk_V_W
3808,1,train,0.028513528406620026,pdb_00008yn6_E1_E2
3809,1,train,0.3812636137008667,pdb_00006x3w_J_I
3810,1,train,0.014169028028845787,pdb_00008id6_S1_S2
3811,1,train,0.011350816115736961,pdb_00009jfy_S1_S2
3812,1,train,1.221181035041809,pdb_00008zdw_F_E
3813,1,train,0.8860774636268616,pdb_00008ebp_H_L
3814,1,train,1.0895357131958008,pdb_00007t3d_O_Q
3815,1,train,1.1036686897277832,pdb_00002x7l_E_F
3816,1,train,0.03672054037451744,pdb_00007y12_S1_S2
3817,1,train,0.20994910597801208,pdb_00006k5f_E_F
3818,1,train,0.09990174323320389,pdb_00003zdz_E_F
3819,1,train,0.22912661731243134,pdb_00009drx_K_L
3820,1,train,0.035438790917396545,pdb_00008x16_H1_H2
3821,1,train,0.9779149293899536,pdb_00004gxu_O_P
3822,1,train,2.087808132171631,pdb_00005tfw_H_L
3823,1,train,0.018367081880569458,pdb_00009vjg_E1_E2
3824,1,train,1.2239912748336792,pdb_00008jqs_H_L
3825,1,train,0.0148026617243886,pdb_00008jil_S1_S2
3826,1,train,1.181863784790039,pdb_00006ek2_H1_H2
3827,1,train,0.043460242450237274,pdb_00008gur_S1_S2
3828,1,train,0.03323299437761307,pdb_00009j0b_S1_S2
3829,1,train,1.3430203199386597,pdb_00006t9e_AAA_BBB
3830,1,train,1.0985015630722046,pdb_00007lf7_A_B
3831,1,train,0.5975455045700073,pdb_00008f2j_I_J
3832,1,train,0.7168503999710083,pdb_00004zff_A_B
3833,1,train,0.7022344470024109,pdb_00008qh0_H_L
3834,1,train,0.7607031464576721,pdb_00006dkj_A_B
3835,1,train,0.9028099775314331,pdb_00009mqa_J_N
3836,1,train,0.15590521693229675,pdb_00008evg_M1_M2
3837,1,train,0.021661464124917984,pdb_000021ag_S1_S2
3838,1,train,0.01070760004222393,pdb_00009v0x_E1_E2
3839,1,train,1.5225085020065308,pdb_00007xj9_K_J
3840,1,train,0.710503339767456,pdb_00009zqa_J2_J1
3841,1,train,0.5533949732780457,pdb_00007kmh_A_B
3842,1,train,1.6526789665222168,pdb_00009e3l_G_H
3843,1,train,1.7592512369155884,pdb_00008s72_H_L
3844,1,train,1.0986964702606201,pdb_00006woz_K_L
3845,1,train,1.0453871488571167,pdb_00009ds1_H_L
3846,1,train,0.8838968873023987,pdb_00007ubs_J1_J2
3847,1,train,0.33281615376472473,pdb_00003stl_A_B
3848,1,train,0.02546645700931549,pdb_00008k4n_E1_E2
3849,1,train,0.5725764036178589,pdb_00007yck_E_F
3850,1,train,0.018457235768437386,pdb_00008iu2_S1_S2
3851,1,train,1.0495234727859497,pdb_00006plk_H_L
3852,1,train,1.511327862739563,pdb_00004kuc_H_D
3853,1,train,0.9312159419059753,pdb_00007tpj_H_L
3854,1,train,0.014759277924895287,pdb_00009ite_E1_E2
3855,1,train,1.4050819873809814,pdb_00009e3l_I_J
3856,1,train,0.15038610994815826,pdb_00003det_C_D
3857,1,train,0.8880795836448669,pdb_00001xgq_B_A
3858,1,train,0.537846565246582,pdb_00006ktr_A_B
3859,1,train,2.2245850563049316,pdb_00001jrh_H_L
3860,1,train,1.1662698984146118,pdb_00006wtu_H_I
3861,1,train,1.5079795122146606,pdb_00008hpu_H_L
3862,1,train,0.7172842621803284,pdb_00004qci_B_A
3863,1,train,0.646700382232666,pdb_00003b2u_J_K
3864,1,train,0.11550850421190262,pdb_00003t3p_E_F
3865,1,train,0.013480281457304955,pdb_00008jgb_S1_S2
3866,1,train,1.1580090522766113,pdb_00009npg_D_E
3867,1,train,1.011664867401123,pdb_00007rk1_D1_D2
3868,1,train,1.1264739036560059,pdb_00009c0v_H_L
3869,1,train,0.012922556139528751,pdb_00009le0_S1_S2
3870,1,train,0.8655675649642944,pdb_00008vgk_J_I
3871,1,train,1.0428245067596436,pdb_00006uig_H_L
3872,1,train,0.008525297045707703,pdb_00008ykw_E1_E2
3873,1,train,0.24049440026283264,pdb_00007k5x_M2_M1
3874,1,train,1.0948296785354614,pdb_00007lop_W_V
3875,1,train,0.9344844222068787,pdb_00004odx_A_L
3876,1,train,0.9053203463554382,pdb_00001xiw_D_C
3877,1,train,0.7767443656921387,pdb_00004gxu_W_X
3878,1,train,1.6734358072280884,pdb_00007yvf_C_A
3879,1,train,1.1110550165176392,pdb_00001adq_H_L
3880,1,train,0.938045859336853,pdb_00009ue8_A_B
3881,1,train,0.16321668028831482,pdb_00008u9s_M2_M1
3882,1,train,0.6164430379867554,pdb_00007f6z_H_L
3883,1,train,0.014761475846171379,pdb_00007wyb_E1_E2
3884,1,train,1.638210654258728,pdb_00006d0u_H_I
3885,1,train,0.01658373698592186,pdb_00009m8k_N1_N2
3886,1,train,0.9014154672622681,pdb_00007xcp_H_L
3887,1,train,1.086345911026001,pdb_00009sat_H_L
3888,1,train,0.8194569945335388,pdb_00007zmk_J_K
3889,1,train,1.5795212984085083,pdb_00008tp5_J_K
3890,1,train,1.7695034742355347,pdb_00009e3h_H_L
3891,1,train,0.7331694960594177,pdb_00005xhv_P_Q
3892,1,train,0.6984638571739197,pdb_00007cho_H_L
3893,1,train,0.05080372467637062,pdb_00008z8b_S1_S2
3894,1,train,0.09591738134622574,pdb_00002ht2_E_F
3895,1,train,0.797755777835846,pdb_00004odx_H_B
3896,1,train,0.021828649565577507,pdb_00007ts0_H1_H2
3897,1,train,0.08022831380367279,pdb_00007ue0_E_F
3898,1,train,0.05307352542877197,pdb_00007tct_H_L
3899,1,train,0.8335398435592651,pdb_00006wzl_A_B
3900,1,train,1.2204124927520752,pdb_00007l7e_O_P
3901,1,train,1.456483244895935,pdb_00009mtg_M_N
3902,1,train,0.008701810613274574,pdb_00008xqn_S1_S2
3903,1,train,0.6574782133102417,pdb_00005yoy_R_O
3904,1,train,0.866019070148468,pdb_00004ogx_H_L
3905,1,train,0.033003196120262146,pdb_00007u9v_E_F
3906,1,train,1.1502459049224854,pdb_00009cq7_H_I
3907,1,train,0.0908045843243599,pdb_00007k60_M2_M1
3908,1,train,0.17868143320083618,pdb_00009ggg_S1_S2
3909,1,train,0.8568000197410583,pdb_00007m6d_A_B
3910,1,train,0.6347150206565857,pdb_00007e9b_H_L
3911,1,train,0.04469197615981102,pdb_00008sg1_E1_E2
3912,1,train,0.7804726958274841,pdb_00008zh7_K_L
3913,1,train,0.7637803554534912,pdb_00007uzc_E_F
3914,1,train,1.0490232706069946,pdb_00008uzp_H_L
3915,1,train,1.6587598323822021,pdb_00008hrd_W_X
3916,1,train,0.722459614276886,pdb_00003g6j_F_E
3917,1,train,1.2413910627365112,pdb_00006wtu_K_L
3918,1,train,1.1190375089645386,pdb_00004lvh_E_F
3919,1,train,0.853033721446991,pdb_00009kze_H_L
3920,1,train,1.303045392036438,pdb_00006mlm_K_L
3921,1,train,1.2588567733764648,pdb_00007u9w_H1_H2
3922,1,train,0.0663032978773117,pdb_00007ejx_S1_S2
3923,1,train,0.02976972609758377,pdb_00008jgg_S1_S2
3924,1,train,1.427899718284607,pdb_00007lg6_K_N
3925,1,train,1.4755457639694214,pdb_00008dwy_Z_Y
3926,1,train,0.7909092307090759,pdb_00009j9z_H_L
3927,1,train,0.945052981376648,pdb_00007vad_H_L
3928,1,train,1.384233832359314,pdb_00005e94_D_C
3929,1,train,0.8457252383232117,pdb_00008ulf_H_L
3930,1,train,0.02524328976869583,pdb_00009vj5_E1_E2
3931,1,train,1.019208550453186,pdb_00007rk1_C1_C2
3932,1,train,0.9743332862854004,pdb_00007t3d_J_M
3933,1,train,1.0924785137176514,pdb_00006jhs_E_D
3934,1,train,1.3999035358428955,pdb_00009mth_M_N
3935,1,train,1.0262255668640137,pdb_00009n4e_O_R
3936,1,train,0.9373642802238464,pdb_00009c6y_A_B
3937,1,train,0.9178048968315125,pdb_00008ywe_B2_B1
3938,1,train,1.756749153137207,pdb_00006ba5_B_A
3939,1,train,1.0200111865997314,pdb_00007uvi_D_E
3940,1,train,0.5220352411270142,pdb_00003rhw_J_M
3941,1,train,1.0497596263885498,pdb_00008cxg_G_I
3942,1,train,1.1452549695968628,pdb_00007rk2_C1_C2
3943,1,train,1.2716739177703857,pdb_00008d9y_H_G
3944,1,train,0.031626760959625244,pdb_00007yoo_S1_S2
3945,1,train,0.5929388403892517,pdb_00008i5l_E1_E2
3946,1,train,0.4840274155139923,pdb_00008as0_N_M
3947,1,train,0.7777101397514343,pdb_00008txu_H_L
3948,1,train,0.6198233366012573,pdb_00007eam_C_D
3949,1,train,0.6614769101142883,pdb_00009cq4_C_D
3950,1,train,0.4952745735645294,pdb_00002dqc_H_L
3951,1,train,1.201135516166687,pdb_00005umi_A_B
3952,1,train,1.391129493713379,pdb_00008ygs_H_L
3953,1,train,0.025154653936624527,pdb_00008jef_S1_S2
3954,1,train,0.9810314178466797,pdb_00007wvd_G_H
3955,1,train,0.1003137081861496,pdb_00002fed_E_F
3956,1,train,1.1883739233016968,pdb_00009yyu_H_L
3957,1,train,0.5416104197502136,pdb_00007f6y_H_L
3958,1,train,0.5113469362258911,pdb_00007kfv_F_G
3959,1,train,0.3348020315170288,pdb_00002dqh_H_L
3960,1,train,0.018485601991415024,pdb_00007evy_E1_E2
3961,1,train,1.601892113685608,pdb_00009vnp_C_A
3962,1,train,1.8631821870803833,pdb_00008tnn_H_G
3963,1,train,0.6976239681243896,pdb_00004ioi_B_A
3964,1,train,1.4466241598129272,pdb_00009oi3_I_J
3965,1,train,1.0136821269989014,pdb_00007ycn_E_F
3966,1,train,0.6462176442146301,pdb_00008dww_Z_Y
3967,1,train,0.5680455565452576,pdb_00006bae_B_A
3968,1,train,1.3468691110610962,pdb_00007m7w_C_D
3969,1,train,0.0752551332116127,pdb_00007dfl_C1_C2
3970,1,train,1.450418472290039,pdb_00005hbt_D_C
3971,1,train,1.587294340133667,pdb_00008jeo_E_F
3972,1,train,0.046160515397787094,pdb_00009cm3_N1_N2
3973,1,train,1.1740596294403076,pdb_00009y0e_A_B
3974,1,train,1.0309641361236572,pdb_00008hrd_D_F
3975,1,train,0.015885375440120697,pdb_00009iy8_S1_S2
3976,1,train,0.28954604268074036,pdb_00003a67_H_L
3977,1,train,0.3156958222389221,pdb_00002dqe_H_L
3978,1,train,1.6084412336349487,pdb_00009mtm_I_J
3979,1,train,0.6331904530525208,pdb_00009n7q_D_F
3980,1,train,0.786221444606781,pdb_00007xik_H_L
3981,1,train,0.015181882306933403,pdb_00008dzr_E1_E2
3982,1,train,0.19027486443519592,pdb_00008j20_B1_B2
3983,1,train,0.1024409830570221,pdb_00008x8n_E1_E2
3984,1,train,0.6894286274909973,pdb_00005nh3_I_M
3985,1,train,1.0641417503356934,pdb_00007l7e_C_D
3986,1,train,0.11209285259246826,pdb_00007u9f_E_F
3987,1,train,0.8787229657173157,pdb_00008cn9_G_F
3988,1,train,1.1006730794906616,pdb_00009npg_G_H
3989,1,train,0.041317958384752274,pdb_00007f4h_S1_S2
3990,1,train,0.43288353085517883,pdb_00004hjg_B_A
3991,1,train,0.11230610311031342,pdb_00002fee_J_O
3992,1,train,0.9734305739402771,pdb_00006woz_B_C
3993,1,train,1.0615689754486084,pdb_00008too_H_E
3994,1,train,1.270487904548645,pdb_00005a3i_C_D
3995,1,train,1.2243380546569824,pdb_00008dwy_X_W
3996,1,train,0.047644518315792084,pdb_00003t3m_H_L
3997,1,train,0.9058420062065125,pdb_00009lho_T_S
3998,1,train,0.3120271861553192,pdb_00006x40_K_L
3999,1,train,1.4920777082443237,pdb_00006xq0_E_F
4000,1,train,0.13919609785079956,pdb_00008id3_S1_S2
4001,1,train,0.8884599208831787,pdb_00009ccs_C_B
4002,1,train,0.9264451265335083,pdb_00006gku_H_L
4003,1,train,0.03199027478694916,pdb_00008gag_S1_S2
4004,1,train,0.1788637489080429,pdb_00008uh3_E1_E2
4005,1,train,0.792868435382843,pdb_00004gxu_S_T
4006,1,train,0.20460568368434906,pdb_00006x3s_K_L
4007,1,train,1.0213840007781982,pdb_00009q7b_L_M
4008,1,train,1.3517882823944092,pdb_00006u9s_D_E
4009,1,train,0.06536728143692017,pdb_00008y01_S1_S2
4010,1,train,0.07432776689529419,pdb_00002ht3_E_F
4011,1,train,1.3330541849136353,pdb_00009h4r_H_L
4012,1,train,0.5518820285797119,pdb_00003ri5_H_L
4013,1,train,0.12636159360408783,pdb_00007vdm_S1_S2
4014,1,train,0.7715780138969421,pdb_00009pw4_C_D
4015,1,train,0.6819377541542053,pdb_00002jix_F_A
4016,1,train,0.9199291467666626,pdb_00007rxj_H_L
4017,1,train,0.7818619012832642,pdb_00002yss_B_A
4018,1,train,1.3533376455307007,pdb_00005ggs_C_D
4019,1,train,0.8927916884422302,pdb_00002i9l_B_A
4020,1,train,0.29451531171798706,pdb_00002bob_A_B
4021,1,train,0.9346794486045837,pdb_00009b82_R_Q
4022,1,train,0.5506831407546997,pdb_00002qr0_N_M
4023,1,train,1.403456449508667,pdb_00009xth_B_C
4024,1,train,0.7874912023544312,pdb_00007m3i_A_B
4025,1,train,0.05619015917181969,pdb_00002exw_E_F
4026,1,train,0.8550311923027039,pdb_00009hh9_I_H
4027,1,train,0.040326591581106186,pdb_00007t6s_E1_E2
4028,1,train,0.5791882872581482,pdb_00006vmk_B_A
4029,1,train,0.8454439043998718,pdb_00009iz9_O_P
4030,1,train,0.7470346093177795,pdb_00009hhr_D_G
4031,1,train,1.2242984771728516,pdb_00009oi3_H_L
4032,1,train,0.2027622014284134,pdb_00007u0g_N1_N2
4033,1,train,1.9182982444763184,pdb_00009y3x_H_L
4034,1,train,2.2212202548980713,pdb_00008cdd_E_D
4035,1,train,1.523544430732727,pdb_00009lsj_E1_D2
4036,1,train,1.5228495597839355,pdb_00006wex_H_L
4037,1,train,0.023915885016322136,pdb_00008jsr_C1_C2
4038,1,train,0.06686646491289139,pdb_00008f7x_E1_E2
4039,1,train,0.7175984978675842,pdb_00007mzh_B_C
4040,1,train,1.2061362266540527,pdb_00007zwi_E_F
4041,1,train,0.7059465050697327,pdb_00006kyz_B_C
4042,1,train,0.10037840902805328,pdb_00007uk9_E_F
4043,1,train,0.5633583068847656,pdb_00007pry_A_B
4044,1,train,1.0377893447875977,pdb_00007lq7_H_L
4045,1,train,1.2857681512832642,pdb_00009dn2_J_N
4046,1,train,1.3448668718338013,pdb_00007t7b_H_L
4047,1,train,0.9164044857025146,pdb_00006vgr_H_L
4048,1,train,0.8160560727119446,pdb_00008jkh_h_l
4049,1,train,0.6219998598098755,pdb_00009wb3_B_C
4050,1,train,1.6364023685455322,pdb_00006ddv_B_A
4051,1,train,0.9325853586196899,pdb_00007x6o_J_L
4052,1,train,0.6723954081535339,pdb_00006b3s_C_D
4053,1,train,0.0272784736007452,pdb_00007d77_S1_S2
4054,1,train,1.7526143789291382,pdb_00009ml8_H_L
4055,1,train,0.1461910605430603,pdb_00008syp_M1_M2
4056,1,train,1.3558390140533447,pdb_00008tfl_H_L
4057,1,train,0.7168511748313904,pdb_00007xeg_E_F
4058,1,train,0.022222526371479034,pdb_00009v81_E1_E2
4059,1,train,0.6705378293991089,pdb_00004zff_H_L
4060,1,train,0.7750504016876221,pdb_00009lho_O_N
4061,1,train,0.7757237553596497,pdb_00009cq4_H_L
4062,1,train,0.04557399824261665,pdb_00009ego_S1_S2
4063,1,train,0.9874341487884521,pdb_00008q6j_D_C
4064,1,train,0.06016496568918228,pdb_00003ejz_E_F
4065,1,train,1.031139612197876,pdb_00007ua2_B1_B2
4066,1,train,0.7706537842750549,pdb_00009q7b_G_I
4067,1,train,1.2500789165496826,pdb_00007c88_A_B
4068,1,train,1.4115941524505615,pdb_00008eeu_H_L
4069,1,train,1.1064319610595703,pdb_00004v1d_A_B
4070,1,train,0.6149917244911194,pdb_00007xeg_C_D
4071,1,train,0.015215259045362473,pdb_00009jr3_S1_S2
4072,1,train,0.8644238710403442,pdb_00009cia_B_A
4073,1,train,1.525612711906433,pdb_00009l8z_C_B
4074,1,train,1.3898413181304932,pdb_00006gff_L_K
4075,1,train,0.4909035265445709,pdb_00008elo_H_L
4076,1,train,1.0915791988372803,pdb_00007n0a_B_A
4077,1,train,1.2208771705627441,pdb_00001fsk_C_B
4078,1,train,0.15205231308937073,pdb_00008id9_S1_S2
4079,1,train,1.3985646963119507,pdb_00008tea_H_G
4080,1,train,0.8277168869972229,pdb_00008too_B_A
4081,1,train,0.3207303285598755,pdb_00006x3x_J_I
4082,1,train,0.8325705528259277,pdb_00003c09_H_L
4083,1,train,1.3199305534362793,pdb_00006jep_K_I
4084,1,train,0.03555313125252724,pdb_00008guq_S1_S2
4085,1,train,0.08454364538192749,pdb_00009k26_S1_S2
4086,1,train,0.06961215287446976,pdb_00003nig_H_L
4087,1,train,0.7178640961647034,pdb_00007mzk_C_D
4088,1,train,0.6347010731697083,pdb_00009wb4_B_C
4089,1,train,0.9870558381080627,pdb_00006hjp_K_L
4090,1,train,0.6297959089279175,pdb_00007klh_H_L
4091,1,train,0.9955659508705139,pdb_00008xcd_H_L
4092,1,train,0.8598458766937256,pdb_00006osv_H_L
4093,1,train,0.02906087227165699,pdb_00009jeq_S1_S2
4094,1,train,0.012797671370208263,pdb_00007scg_E1_E2
4095,1,train,1.7532037496566772,pdb_00006cvk_B2_B1
4096,1,train,0.6593937277793884,pdb_00008as2_H_L
4097,1,train,0.03314167633652687,pdb_00009f34_E1_E2
4098,1,train,1.5677858591079712,pdb_00005c0n_H_L
4099,1,train,0.21004006266593933,pdb_00008dd2_K_L
4100,1,train,1.0182737112045288,pdb_00005wko_G_H
4101,1,train,0.01288581918925047,pdb_00007vdl_S1_S2
4102,1,train,0.195829838514328,pdb_00006x3z_J_I
4103,1,train,0.6513803005218506,pdb_00009lrf_H_L
4104,1,train,0.049403320997953415,pdb_00007vie_E1_E2
4105,1,train,1.2261288166046143,pdb_00006a4k_I_M
4106,1,train,0.04308079928159714,pdb_00002vdl_H_L
4107,1,train,0.7157344222068787,pdb_00005xku_C_B
4108,1,train,0.46922358870506287,pdb_00008pwh_B_A
4109,1,train,0.5773590803146362,pdb_00007k9z_H_L
4110,1,train,1.183703899383545,pdb_00008v52_D_C
4111,1,train,0.0122611653059721,pdb_00008yn7_E1_E2
4112,1,train,0.7324879765510559,pdb_00005kvf_H_L
4113,1,train,0.00918332114815712,pdb_00009ije_D1_D2
4114,1,train,0.777395486831665,pdb_00001jhl_H_L
4115,1,train,0.03052847646176815,pdb_00007vih_E1_E2
4116,1,train,1.135637640953064,pdb_00006dfj_H_L
4117,1,train,0.010392142459750175,pdb_00007yk7_S1_S2
4118,1,train,0.00883115641772747,pdb_00008zpt_E1_E2
4119,1,train,1.0391041040420532,pdb_00006ss4_HHH_LLL
4120,1,train,0.8345792889595032,pdb_00008vgl_E_F
4121,1,train,0.04197549447417259,pdb_00008ejk_E1_E2
4122,1,train,0.041718002408742905,pdb_00007ykd_S1_S2
4123,1,train,0.03933272138237953,pdb_00009j0i_S1_S2
4124,1,train,1.0226341485977173,pdb_00001yqv_H_L
4125,1,train,0.032502613961696625,pdb_00007wic_S1_S2
4126,1,train,0.03548164293169975,pdb_00008jim_S1_S2
4127,1,train,0.44006702303886414,pdb_00007s0b_A_B
4128,1,train,0.9749628305435181,pdb_00008w83_I_J
4129,1,train,0.9955413341522217,pdb_00008w83_A_B
4130,1,train,1.1311999559402466,pdb_00003v6z_C_D
4131,1,train,0.0468987338244915,pdb_00009ll7_S1_S2
4132,1,train,1.0103437900543213,pdb_00008cxg_h_l
4133,1,train,1.059739351272583,pdb_00007upb_B_E
4134,1,train,0.030100585892796516,pdb_00009m54_S1_S2
4135,1,train,0.7130975723266602,pdb_00008jkf_H_L
4136,1,train,0.56630939245224,pdb_00003rif_H_L
4137,1,train,0.16026319563388824,pdb_00008vqy_J_I
4138,1,train,0.02438112534582615,pdb_00007jvr_E1_E2
4139,1,train,0.8494666814804077,pdb_00008dcc_H_L
4140,1,train,0.04367861524224281,pdb_00007trq_H1_H2
4141,1,train,0.012807773426175117,pdb_00009vnf_E1_E2
4142,1,train,1.5524213314056396,pdb_00006s3d_A_B
4143,1,train,0.018290376290678978,pdb_00007vgy_E1_E2
4144,1,train,0.858275294303894,pdb_00008kdt_H_L
4145,1,train,1.0152133703231812,pdb_00008khr_H_L
4146,1,train,0.8381245136260986,pdb_00004gxu_Q_R
4147,1,train,1.0474103689193726,pdb_00006ejg_C2_C1
4148,1,train,2.2424027919769287,pdb_00008edf_H_L
4149,1,train,0.01944062113761902,pdb_00009ppy_E1_E2
4150,1,train,0.021258747205138206,pdb_00007wu9_S1_S2
4151,1,train,0.915241539478302,pdb_00009bt5_E_F
4152,1,train,0.9668360948562622,pdb_00008oxx_B_C
4153,1,train,0.013258085586130619,pdb_00007y24_S1_S2
4154,1,train,1.0971174240112305,pdb_00008gpu_C_D
4155,1,train,1.2124093770980835,pdb_00008dis_B_G
4156,1,train,1.449910044670105,pdb_00006ywc_D_E
4157,1,train,1.0124197006225586,pdb_00008yx9_G_I
4158,1,train,1.1212373971939087,pdb_00001ztx_H_L
4159,1,train,0.9819563627243042,pdb_00007rxi_H_L
4160,1,train,0.015484215691685677,pdb_00008jgf_E1_E2
4161,1,train,1.2295082807540894,pdb_00008e8s_H_L
4162,1,train,0.903374195098877,pdb_00005wko_C_D
4163,1,train,1.344841718673706,pdb_00008tnt_G_F
4164,1,train,1.4994770288467407,pdb_00001rzk_H_L
4165,1,train,1.1656705141067505,pdb_00005aaw_A1_A2
4166,1,train,1.1350857019424438,pdb_00009ebc_K_L
4167,1,train,0.31994131207466125,pdb_00002dqd_H_L
4168,1,train,0.013493549078702927,pdb_00007wf7_E1_E2
4169,1,train,1.7598801851272583,pdb_00008zd5_H_I
4170,1,train,0.8557411432266235,pdb_00007wur_G_H
4171,1,train,1.361526370048523,pdb_00009jub_B_C
4172,1,train,1.4504343271255493,pdb_00007rr0_B_C
4173,1,train,0.5314474701881409,pdb_00006ad8_C_D
4174,1,train,0.06390143930912018,pdb_00008ia8_S1_S2
4175,1,train,0.010893906466662884,pdb_00007ydj_E1_E2
4176,1,train,0.7747957110404968,pdb_00009q71_K_L
4177,1,train,0.48432937264442444,pdb_00003ri5_J_M
4178,1,train,0.5946990847587585,pdb_00006b3s_H_L
4179,1,train,0.0528264120221138,pdb_00003ze2_E_F
4180,1,train,1.47414231300354,pdb_00009fys_I_M
4181,1,train,1.8509665727615356,pdb_00008v2e_D_E
4182,1,train,0.7119434475898743,pdb_00007dk2_A_B
4183,1,train,0.9241567850112915,pdb_00007jum_J1_J2
4184,1,train,1.031078577041626,pdb_00007y3o_H_L
4185,1,train,1.2326337099075317,pdb_00009me5_I_M
4186,1,train,0.6882748603820801,pdb_00003nh7_J_N
4187,1,train,0.144644632935524,pdb_00007e33_E1_E2
4188,1,train,0.027601294219493866,pdb_00008ic0_E1_E2
4189,1,train,0.7224237322807312,pdb_00007vgs_D_C
4190,1,train,1.0825730562210083,pdb_00006mlm_E_I
4191,1,train,0.03199007734656334,pdb_00009p0k_F1_F2
4192,1,train,1.5846151113510132,pdb_00006aru_C_B
4193,1,train,0.5068418979644775,pdb_00008i5h_H_L
4194,1,train,1.030576467514038,pdb_00007qny_A_B
4195,1,train,0.03640931472182274,pdb_00008w8r_S1_S2
4196,1,train,1.2110228538513184,pdb_00009fys_B_C
4197,1,train,0.9970719814300537,pdb_00007mem_H_L
4198,1,train,1.1491544246673584,pdb_00006xxv_A_B
4199,1,train,0.9716517925262451,pdb_00005xmh_D_C
4200,1,train,0.5616855621337891,pdb_00006vmk_c_b
4201,1,train,0.9914694428443909,pdb_00008vgj_H_G
4202,1,train,1.1786911487579346,pdb_00009h4r_X_Y
4203,1,train,0.6757037043571472,pdb_00006o1f_H_L
4204,1,train,0.05145842209458351,pdb_00008xbe_S1_S2
4205,1,train,1.045741319656372,pdb_00007l0l_G_J
4206,1,train,0.5211634039878845,pdb_00008jen_G_H
4207,1,train,0.09160122275352478,pdb_00004z7n_E_F
4208,1,train,1.6046340465545654,pdb_00009e89_H_L
4209,1,train,1.1004842519760132,pdb_00006n5d_C_D
4210,1,train,0.18148277699947357,pdb_00009vmp_S1_S2
4211,1,train,0.017675159499049187,pdb_00008g94_E1_E2
4212,1,train,1.4572159051895142,pdb_00007bsc_H_L
4213,1,train,0.01913263276219368,pdb_00009v6o_S1_S2
4214,1,train,0.05079355835914612,pdb_00008i9s_H1_H2
4215,1,train,0.013485192321240902,pdb_00008gcm_E1_E2
4216,1,train,1.3393219709396362,pdb_00005dur_B_D
4217,1,train,0.05107637122273445,pdb_00008ef6_E1_E2
4218,1,train,1.1217012405395508,pdb_00008f6l_A_B
4219,1,train,0.9517165422439575,pdb_00005wko_A_B
4220,1,train,1.4133028984069824,pdb_00009vca_H_L
4221,1,train,1.0360548496246338,pdb_00008f0h_H_L
4222,1,train,0.015668682754039764,pdb_00008jxv_E1_E2
4223,1,train,1.5237239599227905,pdb_00006gv1_H_L
4224,1,train,1.2773489952087402,pdb_00002r56_I_M
4225,1,train,0.05395791307091713,pdb_00007tct_E_F
4226,1,train,1.432642936706543,pdb_00003bsz_H_L
4227,1,train,1.0059590339660645,pdb_00001fsk_F_E
4228,1,train,0.8785290122032166,pdb_00007kzb_H_L
4229,1,train,0.8059391379356384,pdb_00007rxl_H_L
4230,1,train,1.938493013381958,pdb_00007ey5_B_C
4231,1,train,1.50117826461792,pdb_00008eed_E_F
4232,1,train,1.0843894481658936,pdb_00007mzj_H_L
4233,1,train,1.5132237672805786,pdb_00005gs0_F_E
4234,1,train,0.9837305545806885,pdb_00008v5v_c_e
4235,1,train,0.173002228140831,pdb_00008dk5_K1_K2
4236,1,train,0.9065444469451904,pdb_00005jz7_H_L
4237,1,train,0.6000822186470032,pdb_00008bg2_A1_A2
4238,1,train,1.7723857164382935,pdb_00009lbw_H_L
4239,1,train,1.0300542116165161,pdb_00009lp1_A_B
4240,1,train,1.1592236757278442,pdb_00008uf7_B_A
4241,1,train,1.008954644203186,pdb_00005umi_H_L
4242,1,train,0.6672757863998413,pdb_00001dzb_B1_B2
4243,1,train,1.199827790260315,pdb_00009riq_H_L
4244,1,train,1.426403522491455,pdb_00005w08_Q_R
4245,1,train,0.9566698670387268,pdb_00001kb5_H_L
4246,1,train,0.2890726327896118,pdb_00008vfx_M2_M1
4247,1,train,0.9607523083686829,pdb_00009iru_B_A
4248,1,train,0.7085154056549072,pdb_00002eiz_B_A
4249,1,train,0.22931306064128876,pdb_00006e0c_M1_M2
4250,1,train,0.04463054984807968,pdb_00008rql_S1_S2
4251,1,train,0.03046923689544201,pdb_00009kfk_S1_S2
4252,1,train,0.935691237449646,pdb_00007m7b_H_L
4253,1,train,1.5702314376831055,pdb_00008s72_X_Y
4254,1,train,1.26658034324646,pdb_00004hjj_H2_L2
4255,1,train,1.1608179807662964,pdb_00009yyu_J_N
4256,1,train,1.0496147871017456,pdb_00008tzw_H_L
4257,1,train,0.6354425549507141,pdb_00006w0a_A_B
4258,1,train,0.027417045086622238,pdb_00008j18_S1_S2
4259,1,train,0.03407216817140579,pdb_00009vjf_E1_E2
4260,1,train,0.5232887864112854,pdb_00006vmk_o_n
4261,1,train,0.8744269609451294,pdb_00008gv6_G_H
4262,1,train,0.0231626033782959,pdb_00007ydh_E1_E2
4263,1,train,0.9739148020744324,pdb_00006a3w_A_B
4264,1,train,0.013304248452186584,pdb_00008yh2_S1_S2
4265,1,train,0.015779713168740273,pdb_00009vj6_E1_E2
4266,1,train,0.018826566636562347,pdb_00008z3m_S1_S2
4267,1,train,0.11324461549520493,pdb_00003zdx_E_F
4268,1,train,0.4124186635017395,pdb_00002dqf_B_A
4269,1,train,0.016689680516719818,pdb_00008hn8_S1_S2
4270,1,train,0.61947101354599,pdb_00008smt_H_L
4271,1,train,0.011769608594477177,pdb_00007ew0_E1_E2
4272,1,train,0.998079240322113,pdb_00007ttm_H_L
4273,1,train,0.008994990028440952,pdb_00007yac_S1_S2
4274,1,train,0.5733300447463989,pdb_00009zqc_J2_J1
4275,1,train,0.031422749161720276,pdb_00008efl_E1_E2
4276,1,train,1.2550798654556274,pdb_00004ffv_D_C
4277,1,train,0.1817905455827713,pdb_00006x3u_J_I
4278,1,train,0.04453834146261215,pdb_00007ejk_H1_H2
4279,1,train,1.2015409469604492,pdb_00008dv6_C_L
4280,1,train,0.04888905957341194,pdb_00008gcp_E1_E2
4281,1,train,0.12778730690479279,pdb_00002h2p_E_F
4282,1,train,1.012651801109314,pdb_00006a4k_K_O
4283,1,train,0.743803858757019,pdb_00008xsi_H_L
4284,1,train,0.03128824755549431,pdb_00007uje_E_F
4285,1,train,0.020042603835463524,pdb_00008dzp_E1_E2
4286,1,train,0.7632498145103455,pdb_00008y31_B_A
4287,1,train,0.8475950360298157,pdb_00005aaw_D1_D2
4288,1,train,1.497956395149231,pdb_00009mtg_I_J
4289,1,train,1.0562093257904053,pdb_00008dwx_Z_Y
4290,1,train,1.386258840560913,pdb_00008g5b_J_N
4291,1,train,0.8046236038208008,pdb_00009jeb_A1_A2
4292,1,train,0.04931114986538887,pdb_00008xxv_E1_E2
4293,1,train,0.3217926025390625,pdb_00006k5f_C_D
4294,1,train,0.07090669870376587,pdb_00006xbk_S1_S2
4295,1,train,1.0230028629302979,pdb_00009azv_H_L
4296,1,train,1.4195789098739624,pdb_00005t5f_H_L
4297,1,train,0.09481189399957657,pdb_00002htk_C_D
4298,1,train,0.18763157725334167,pdb_00007k63_M2_M1
4299,1,train,0.9432529211044312,pdb_00007mem_I_K
4300,1,train,0.559003472328186,pdb_00008wo4_B_A
4301,1,train,0.1109214648604393,pdb_00002r9h_C_D
4302,1,train,0.5502076745033264,pdb_00007wbz_H_L
4303,1,train,0.022044649347662926,pdb_00009w49_S1_S2
4304,1,train,0.5800601840019226,pdb_00007yck_C_D
4305,1,train,1.4023263454437256,pdb_00009ptm_I_M
4306,1,train,0.015520322136580944,pdb_00007xjj_S1_S2
4307,1,train,0.037168122828006744,pdb_00009m0r_S1_S2
4308,1,train,0.5836187601089478,pdb_00007cjf_A_B
4309,1,train,0.015206048265099525,pdb_00008k6o_S1_S2
4310,1,train,1.2429486513137817,pdb_00008w5n_H_L
4311,1,train,0.9381694197654724,pdb_00009kve_E_G
4312,1,train,0.014821985736489296,pdb_00009cgj_E1_E2
4313,1,train,0.2927858233451843,pdb_00003gb7_A_B
4314,1,train,0.08775997906923294,pdb_00007xbd_E1_E2
4315,1,train,0.0682533010840416,pdb_00007ufh_E_F
4316,1,train,1.2658051252365112,pdb_00001bvk_E_D
4317,1,train,1.412064790725708,pdb_00006glx_C_D
4318,1,train,0.6164141893386841,pdb_00002jix_D_G
4319,1,train,0.017935331910848618,pdb_00006pt0_E1_E2
4320,1,train,0.7267259955406189,pdb_00008vgi_H_G
4321,1,train,0.009352551773190498,pdb_00009l42_E1_E2
4322,1,train,0.013753863051533699,pdb_00009j5v_S1_S2
4323,1,train,1.2218437194824219,pdb_00009b2m_J_K
4324,1,train,1.409225583076477,pdb_00007rco_D_C
4325,1,train,0.026475874707102776,pdb_00009k3l_S1_S2
4326,1,train,0.06395957618951797,pdb_00002fed_C_D
4327,1,train,0.8037585616111755,pdb_00009q71_I_J
4328,1,train,0.02056206949055195,pdb_00007s8l_E1_E2
4329,1,train,0.9132187962532043,pdb_00003wkm_I_M
4330,1,train,0.052893757820129395,pdb_00001otu_E_F
4331,1,train,0.6152721643447876,pdb_00002qr0_H_G
4332,1,train,1.545536756515503,pdb_00008hq7_H_L
4333,1,train,0.7430424690246582,pdb_00003dvn_B_A
4334,1,train,0.8582377433776855,pdb_00004jpk_H_L
4335,1,train,0.008630149997770786,pdb_00008ykx_E1_E2
4336,1,train,0.7779043912887573,pdb_00009ov4_J_K
4337,1,train,0.6985668540000916,pdb_00008wpy_C_D
4338,1,train,0.026197046041488647,pdb_00008xor_E1_E2
4339,1,train,1.224900245666504,pdb_00008k5g_H_L
4340,1,train,1.3359590768814087,pdb_00005kov_E1_E2
4341,1,train,0.9672957062721252,pdb_00008dwx_V_U
4342,1,train,0.4241873323917389,pdb_00001uac_H_L
4343,1,train,0.8808059096336365,pdb_00009lrh_H_L
4344,1,train,0.9572262167930603,pdb_00008ut2_L_K
4345,1,train,0.02177218720316887,pdb_00009vje_E1_E2
4346,1,train,1.1654860973358154,pdb_00008y3l_G_H
4347,1,train,0.8898972868919373,pdb_00003v4p_H_L
4348,1,train,0.593299388885498,pdb_00009n7q_E_G
4349,1,train,0.07420627772808075,pdb_00008j23_F1_F2
4350,1,train,0.01785636879503727,pdb_00007yk6_S1_S2
4351,1,train,1.2223042249679565,pdb_00005y11_A_B
4352,1,train,0.9852851629257202,pdb_00007lfa_B_D
4353,1,train,0.02569486014544964,pdb_00008y0n_S1_S2
4354,1,train,0.019939951598644257,pdb_00009k3f_S1_S2
4355,1,train,1.6261234283447266,pdb_00006ban_H_G
4356,1,train,1.139373540878296,pdb_00006xpz_E_F
4357,1,train,1.2748717069625854,pdb_00008da1_B_A
4358,1,train,0.017892412841320038,pdb_00007vgz_F1_F2
4359,1,train,1.408624529838562,pdb_00005w3e_E_G
4360,1,train,2.4876346588134766,pdb_00006vlw_H_L
4361,1,train,0.022905772551894188,pdb_00008yna_E1_E2
4362,1,train,1.1137369871139526,pdb_00007m7w_H_L
4363,1,train,0.8281100392341614,pdb_00008jqn_h_l
4364,1,train,0.0966373011469841,pdb_00004fg6_C_D
4365,1,train,1.6953049898147583,pdb_00009wsv_H_L
4366,1,train,0.7120667099952698,pdb_00008i0n_H_L
4367,1,train,0.5651094913482666,pdb_00007b3o_H_L
4368,1,train,0.17872890830039978,pdb_00009iv6_S1_S2
4369,1,train,0.8702515363693237,pdb_00005aaw_F1_F2
4370,1,train,1.2812292575836182,pdb_00005kov_K1_K2
4371,1,train,0.9657630920410156,pdb_00006w41_H_L
4372,1,train,0.012178097851574421,pdb_00008jbh_E1_E2
4373,1,train,0.0640949234366417,pdb_00008xqe_S1_S2
4374,1,train,1.4787677526474,pdb_00009mtm_H_L
4375,1,train,0.8649182319641113,pdb_00007wh8_B_A
4376,1,train,1.2704929113388062,pdb_00003rhw_F_N
4377,1,train,0.8905685544013977,pdb_00007lq7_C_D
4378,1,train,1.197085976600647,pdb_00007q6c_H_L
4379,1,train,0.7920997738838196,pdb_00009ixa_H_L
4380,1,train,1.0602350234985352,pdb_00005a3i_G_H
4381,1,train,0.6909933090209961,pdb_00007cdj_H_L
4382,1,train,0.7535766363143921,pdb_00009lsi_C1_D2
4383,1,train,0.031932979822158813,pdb_00007vv3_S1_S2
4384,1,train,0.012579573318362236,pdb_00007db6_E1_E2
4385,1,train,0.180409774184227,pdb_00003f5w_A_B
4386,1,train,0.8434533476829529,pdb_00003ri5_I_O
4387,1,train,0.07122348994016647,pdb_00002ht3_C_D
4388,1,train,0.015616619028151035,pdb_00008feg_F1_F2
4389,1,train,1.8352278470993042,pdb_00009me6_J_N
4390,1,train,1.2849843502044678,pdb_00008zyf_H_D
4391,1,train,0.9157348275184631,pdb_00004wv1_E_D
4392,1,train,0.6856310963630676,pdb_00001fbi_Q_P
4393,1,train,0.08416759967803955,pdb_00002vdk_H_L
4394,1,train,1.1293820142745972,pdb_00007t3d_P_R
4395,1,train,0.032636597752571106,pdb_00009wxm_D1_D2
4396,1,train,0.2379455417394638,pdb_00006ada_C_D
4397,1,train,0.029281556606292725,pdb_00008xzj_S1_S2
4398,1,train,0.16818371415138245,pdb_00003fb8_A_B
4399,1,train,0.8018947243690491,pdb_00001vfb_B_A
4400,1,train,0.5158268213272095,pdb_00008jel_A_B
4401,1,train,1.0856698751449585,pdb_00007zfc_H_L
4402,1,train,0.02433842420578003,pdb_00008id4_S1_S2
4403,1,train,2.0032835006713867,pdb_00008c7h_L_K
4404,1,train,0.6855403780937195,pdb_00008jkh_M_N
4405,1,train,0.11389807611703873,pdb_00007td8_E_F
4406,1,train,0.8453580141067505,pdb_00008y3h_I_J
4407,1,train,0.9930701851844788,pdb_00008u44_S_T
4408,1,train,1.0954533815383911,pdb_00006ek2_I1_I2
4409,1,train,1.2424607276916504,pdb_00009o7g_C_D
4410,1,train,1.8769029378890991,pdb_00006cvk_A2_A1
4411,1,train,0.8138678669929504,pdb_00006wzm_C_D
4412,1,train,0.8960574865341187,pdb_00006vja_I_M
4413,1,train,0.12514673173427582,pdb_00008yuu_S1_S2
4414,1,train,1.4485565423965454,pdb_00007wed_H_L
4415,1,train,1.032461166381836,pdb_00008cz8_C2_C1
4416,1,train,0.6461088061332703,pdb_00007klh_I_M
4417,1,train,0.775579035282135,pdb_00008bg3_A1_A2
4418,1,train,0.028135262429714203,pdb_00007f4f_S1_S2
4419,1,train,1.4541057348251343,pdb_00009mth_I_J
4420,1,train,1.356299638748169,pdb_00008jin_B2_B1
4421,1,train,1.3572899103164673,pdb_00003lh2_J_N
4422,1,train,0.015189003199338913,pdb_00008vve_E1_E2
4423,1,train,0.6405022740364075,pdb_00004tnw_U_h
4424,1,train,0.6396058201789856,pdb_00006b9z_B_A
4425,1,train,1.7052667140960693,pdb_00006q18_H_L
4426,1,train,1.064937949180603,pdb_00008suo_I_M
4427,1,train,0.020404035225510597,pdb_00007w40_H1_H2
4428,1,train,0.3559930622577667,pdb_00009zq9_J2_J1
4429,1,train,0.02585568092763424,pdb_00007aue_S1_S2
4430,1,train,0.7224993705749512,pdb_00007rks_I_M
4431,1,train,0.4450194537639618,pdb_00008q6j_B_A
4432,1,train,0.883452296257019,pdb_00007kn3_M_N
4433,1,train,0.6436737179756165,pdb_00006p4a_H_L
4434,1,train,1.6589062213897705,pdb_00003klh_D_C
4435,1,train,1.3013746738433838,pdb_00001yy9_D_C
4436,1,train,1.0633143186569214,pdb_00008u44_V_X
4437,1,train,1.2955288887023926,pdb_00005dhy_H_L
4438,1,train,0.017996974289417267,pdb_00007t6u_E1_E2
4439,1,train,0.04359263554215431,pdb_00008t3q_N1_N2
4440,1,train,0.07073373347520828,pdb_00008iec_N1_N2
4441,1,train,2.272160053253174,pdb_00005dfw_H1_H2
4442,1,train,0.021913966163992882,pdb_00009kvi_E1_E2
4443,1,train,0.07026409357786179,pdb_00007ej0_H1_H2
4444,1,train,0.9539878368377686,pdb_00004ma8_H_L
4445,1,train,0.9866692423820496,pdb_00008f6x_F1_F2
4446,1,train,1.154879093170166,pdb_00006n5d_E_F
4447,1,train,0.29341334104537964,pdb_00006x3v_J_I
4448,1,train,0.009975404478609562,pdb_00008xzh_S1_S2
4449,1,train,1.027512550354004,pdb_00008w85_A_B
4450,1,train,1.0622106790542603,pdb_00007m42_B_A
4451,1,train,0.7382712960243225,pdb_00008ywx_E_D
4452,1,train,1.0108697414398193,pdb_00004np4_I_M
4453,1,train,0.796919047832489,pdb_00009lho_I_H
4454,1,train,0.9771022796630859,pdb_00007x3c_F_E
4455,1,train,0.06564527004957199,pdb_00008yuv_S1_S2
4456,1,train,0.01207758765667677,pdb_00008xjl_E1_E2
4457,1,train,0.012943887151777744,pdb_00008hoc_S1_S2
4458,1,train,1.3348174095153809,pdb_00007l5j_W_L
4459,1,train,0.6085154414176941,pdb_00008xse_M_N
4460,1,train,0.9318484663963318,pdb_00004oii_H_L
4461,1,train,0.12348632514476776,pdb_00002h2p_C_D
4462,1,train,1.2441929578781128,pdb_00008dis_H_L
4463,1,train,1.5418447256088257,pdb_00006wqo_E_F
4464,1,train,0.8463414907455444,pdb_00008too_G_F
4465,1,train,0.06379225105047226,pdb_00007l8p_E_F
4466,1,train,0.8498437404632568,pdb_00004yk4_Z_Y
4467,1,train,0.409444659948349,pdb_00007k8m_A_B
4468,1,train,0.4978334605693817,pdb_00008cwv_H_L
4469,1,train,0.21523378789424896,pdb_00008ubj_M2_M1
4470,1,train,0.031962256878614426,pdb_00008gus_S1_S2
4471,1,train,0.06145056337118149,pdb_00008k3z_S1_S2
4472,1,train,1.009568214416504,pdb_00007w71_I_M
4473,1,train,0.3218359649181366,pdb_00007x9y_S1_S2
4474,1,train,0.8755109906196594,pdb_00007jum_I1_I2
4475,1,train,0.01129896193742752,pdb_00007y15_S1_S2
4476,1,train,0.49326419830322266,pdb_00006vmk_u_t
4477,1,train,0.8887730836868286,pdb_00009vhz_A_B
4478,1,train,0.2695581912994385,pdb_00003fb5_A_B
4479,1,train,0.768692672252655,pdb_00007cgw_H_L
4480,1,train,0.5585751533508301,pdb_00004ttd_H_L
4481,1,train,0.8265414834022522,pdb_00006vvu_H_L
4482,1,train,0.8205640912055969,pdb_00008bg5_A1_A2
4483,1,train,0.08776723593473434,pdb_00001r3k_B_A
4484,1,train,1.5913231372833252,pdb_00008tnn_J_I
4485,1,train,1.3358865976333618,pdb_00007t82_D_C
4486,1,train,0.17957089841365814,pdb_00006adb_C_D
4487,1,train,0.7073301076889038,pdb_00007whz_H_L
4488,1,train,0.5063190460205078,pdb_00004tnw_H_L
4489,1,train,0.803419828414917,pdb_00002dd8_H_L
4490,1,train,0.03709137812256813,pdb_00008xqo_S1_S2
4491,1,train,0.10924888402223587,pdb_00008ubi_M2_M1
4492,1,train,0.4744487404823303,pdb_00008as0_E_D
4493,1,train,0.9634833335876465,pdb_00009ma0_B_C
4494,1,train,0.6602733135223389,pdb_00002bdn_H_L
4495,1,train,1.8471505641937256,pdb_00001tqc_B_C
4496,1,train,0.8189002275466919,pdb_00008zbb_H_L
4497,1,train,0.6849876642227173,pdb_00008z2e_H_L
4498,1,train,0.6114412546157837,pdb_00008y0y_E3_E2
4499,1,train,0.9852422475814819,pdb_00004dkf_I_M
4500,1,train,0.02525452896952629,pdb_00008h0p_E1_E2
4501,1,train,0.5931484699249268,pdb_00006b3s_F_G
4502,1,train,0.7644394040107727,pdb_00004hj0_C_D
4503,1,train,1.0546356439590454,pdb_00009mkn_I_M
4504,1,train,0.8965582847595215,pdb_00007dq7_H_L
4505,1,train,1.3285375833511353,pdb_00006bpc_B_C
4506,1,train,0.0918574258685112,pdb_00006xbm_S1_S2
4507,1,train,0.05169200524687767,pdb_00008u1u_E1_E2
4508,1,train,0.018287213519215584,pdb_00008h0q_E1_E2
4509,1,train,1.095688819885254,pdb_00008f6o_A_B
4510,1,train,0.17199252545833588,pdb_00003ze2_H_L
4511,1,train,1.1971759796142578,pdb_00007pa7_eee2_eee1
4512,1,train,0.054808568209409714,pdb_00003t3m_E_F
4513,1,train,1.7231556177139282,pdb_00003h3b_C2_C1
4514,1,train,0.4275801181793213,pdb_00008ihi_S1_S2
4515,1,train,1.6620219945907593,pdb_00009mtl_H_L
4516,1,train,0.826501727104187,pdb_00005aaw_B1_B2
4517,1,train,0.42141491174697876,pdb_00006txz_I_M
4518,1,train,1.2870233058929443,pdb_00002r56_H_L
4519,1,train,0.04381389915943146,pdb_00008j6i_H1_H2
4520,1,train,0.7212551236152649,pdb_00007vyt_B_C
4521,1,train,0.7687074542045593,pdb_00006pe9_C_D
4522,1,train,0.8277776837348938,pdb_00009oj4_B_A
4523,1,train,1.1889545917510986,pdb_00007y0w_A_B
4524,1,train,1.1331684589385986,pdb_00007woc_A_B
4525,1,train,0.946212649345398,pdb_00004kxz_J_I
4526,1,train,0.2709895670413971,pdb_00008jxw_E1_E2
4527,1,train,0.9638402462005615,pdb_00008siq_H_L
4528,1,train,1.2660757303237915,pdb_00001orq_B_A
4529,1,train,0.9311856627464294,pdb_00003rhw_G_K
4530,1,train,0.8991878032684326,pdb_00008dnn_B_C
4531,1,train,0.7404244542121887,pdb_00007lq7_y_z
4532,1,train,0.8437001705169678,pdb_00004n90_H_I
4533,1,train,1.1538411378860474,pdb_00006wtu_E_F
4534,1,train,0.021566998213529587,pdb_00008kfy_S1_S2
4535,1,train,1.1268134117126465,pdb_00009cu7_I_M
4536,1,train,0.04231317341327667,pdb_00009b65_S1_S2
4537,1,train,1.5744571685791016,pdb_00009ma7_B_C
4538,1,train,1.1828854084014893,pdb_00007yh6_H_L
4539,1,train,0.8463501334190369,pdb_00007zmk_B_C
4540,1,train,0.7384623289108276,pdb_00007kf0_H_L
4541,1,train,0.13754142820835114,pdb_00004lcu_A_B
4542,1,train,0.883592426776886,pdb_00006yor_B_C
4543,1,train,1.474836826324463,pdb_00008tfn_H_L
4544,1,train,1.2250373363494873,pdb_00008go8_H_L
4545,1,train,0.6118240356445312,pdb_00009n7q_H_L
4546,1,train,1.0966260433197021,pdb_00006k7o_D_E
4547,1,train,0.7289633750915527,pdb_00009n4f_H_L
4548,1,train,0.9193046689033508,pdb_00004oii_I_M
4549,1,train,0.0387297198176384,pdb_00008j6l_H1_H2
4550,1,train,0.047753799706697464,pdb_00008t3o_N1_N2
4551,1,train,1.0782532691955566,pdb_00009ctw_D_C
4552,1,train,0.9910998940467834,pdb_00007xda_B_C
4553,1,train,1.1384568214416504,pdb_00008gs9_H_K
4554,1,train,0.7998169660568237,pdb_00009jbq_A_B
4555,1,train,0.01670188084244728,pdb_00007v68_S1_S2
4556,1,train,1.223148226737976,pdb_00004khx_H_L
4557,1,train,1.2574009895324707,pdb_00009mtf_M_N
4558,1,train,1.4169343709945679,pdb_00006ban_F_E
4559,1,train,0.06910484284162521,pdb_00008z7j_S1_S2
4560,1,train,1.062877893447876,pdb_00004np4_H_L
4561,1,train,1.2009754180908203,pdb_00007dm1_F_E
4562,1,train,0.7407217621803284,pdb_00007zmk_P_Q
4563,1,train,0.09107865393161774,pdb_00008zd1_S1_S2
4564,1,train,1.353778600692749,pdb_00007cqd_H_L
4565,1,train,0.32551005482673645,pdb_00008dd3_K_L
4566,1,train,0.8674711585044861,pdb_00009iw2_H_L
4567,1,train,0.7534198760986328,pdb_00008bg4_C1_C2
4568,1,train,0.7980781197547913,pdb_00007d6i_B_C
4569,1,train,0.5505252480506897,pdb_00007c01_C_D
4570,1,train,0.8810409307479858,pdb_00005jz7_J_K
4571,1,train,0.6975917220115662,pdb_00003nh7_I_M
4572,1,train,0.17505225539207458,pdb_00007cvs_C_D
4573,1,train,0.7790310382843018,pdb_00007bbj_H_L
4574,1,train,0.1701495349407196,pdb_00006x40_J_I
4575,1,train,0.05313456058502197,pdb_00008thk_F1_F2
4576,1,train,0.05028417706489563,pdb_00008xx3_S1_S2
4577,1,train,0.018639378249645233,pdb_00009k6l_S1_S2
4578,1,train,0.6375682950019836,pdb_00006yz7_BBB_CCC
4579,1,train,0.03143042325973511,pdb_00008xxh_S1_S2
4580,1,train,0.9170733690261841,pdb_00008e2u_H_L
4581,1,train,1.2025784254074097,pdb_00009yyu_I_M
4582,1,train,0.46609556674957275,pdb_00006vmk_l_k
4583,1,train,1.0135577917099,pdb_00009mkn_J_N
4584,1,train,1.3239513635635376,pdb_00001tpx_B_C
4585,1,train,1.1167320013046265,pdb_00005kov_C1_C2
4586,1,train,0.11321225017309189,pdb_00006dzt_N1_N2
4587,1,train,0.033318549394607544,pdb_00008efo_E1_E2
4588,1,train,1.78537917137146,pdb_00004xzu_A_B
4589,1,train,1.3382431268692017,pdb_00004ffw_H_L
4590,1,train,0.02651452086865902,pdb_00007vug_S1_S2
4591,1,train,0.6614739298820496,pdb_00009iz9_Q_R
4592,1,train,0.8397640585899353,pdb_00005wk3_W_V
4593,1,train,0.8112587928771973,pdb_00007vyr_A_B
4594,1,train,0.9957103729248047,pdb_00008cxh_h_l
4595,1,train,0.9439445734024048,pdb_00009cpw_H_L
4596,1,train,0.046409741044044495,pdb_00008g59_S1_S2
4597,1,train,0.18208225071430206,pdb_00008zfz_D1_D2
4598,1,train,0.18605785071849823,pdb_00002ht4_C_D
4599,1,train,0.9055198431015015,pdb_00007bnv_H_L
4600,1,train,0.733517050743103,pdb_00003g6d_H_L
4601,1,train,1.0326809883117676,pdb_00008gpu_H_L
4602,1,train,0.013050447218120098,pdb_00009kfj_S1_S2
4603,1,train,1.227005958557129,pdb_00009dn2_I_M
4604,1,train,0.917554497718811,pdb_00003eo1_B_A
4605,1,train,0.6633726954460144,pdb_00008j7e_C_D
4606,1,train,0.04622780531644821,pdb_00008hnm_S1_S2
4607,1,train,0.8056836128234863,pdb_00007eam_H_L
4608,1,train,0.8276998400688171,pdb_00001xgt_B_A
4609,1,train,0.7653597593307495,pdb_00008vgp_H_L
4610,1,train,0.3493750989437103,pdb_00001ua6_H_L
4611,1,train,0.06174563243985176,pdb_00008xx6_S1_S2
4612,1,train,0.7489541172981262,pdb_00006lhq_H_L
4613,1,train,0.9254132509231567,pdb_00007fcp_B_D
4614,1,train,0.7242370247840881,pdb_00002h9g_H_L
4615,1,train,0.051261406391859055,pdb_00009ik8_E1_E2
4616,1,train,0.6729447841644287,pdb_00009iz9_S_T
4617,1,train,1.3997069597244263,pdb_00001t03_H_L
4618,1,train,0.057508617639541626,pdb_00009cm7_N1_N2
4619,1,train,1.5709853172302246,pdb_00008zd6_K_L
4620,1,train,1.4945193529129028,pdb_00003qwo_A_B
4621,1,train,1.1531617641448975,pdb_00008u4q_H_L
4622,1,train,0.6512137651443481,pdb_00005aam_B1_B2
4623,1,train,1.1635863780975342,pdb_00007scn_E_F
4624,1,train,0.016342224553227425,pdb_00008hs3_S1_S2
4625,1,train,0.46767520904541016,pdb_00002qr0_F_E
4626,1,train,1.1031713485717773,pdb_00006a4k_J_N
4627,1,train,0.1820041835308075,pdb_00006x3v_K_L
4628,1,train,0.8256500959396362,pdb_00006xq2_F_E
4629,1,train,1.0911248922348022,pdb_00008bcz_H_L
4630,1,train,1.2290496826171875,pdb_00006bpa_E_F
4631,1,train,0.022560201585292816,pdb_00009jmc_E1_E2
4632,1,train,0.9916901588439941,pdb_00007mem_G_J
4633,1,train,1.33344566822052,pdb_00005dhx_L2_L1
4634,1,train,0.9498608708381653,pdb_00007x2i_H_L
4635,1,train,1.3312269449234009,pdb_00005w3o_D_E
4636,1,train,1.0476255416870117,pdb_00001fsk_L_K
4637,1,train,0.4650912880897522,pdb_00006txz_J_N
4638,1,train,0.49069440364837646,pdb_00007kfv_C_D
4639,1,train,0.9383223652839661,pdb_00007ucq_J1_J2
4640,1,train,0.8999764323234558,pdb_00001ors_B_A
4641,1,train,0.6615326404571533,pdb_00009n4f_M_N
4642,1,train,0.708494246006012,pdb_00003p0y_H_L
4643,1,train,1.2361133098602295,pdb_00007kq7_H_L
4644,1,train,0.10333523154258728,pdb_00009kt8_E1_E2
4645,1,train,1.0888499021530151,pdb_00008yub_A_B
4646,1,train,0.02057873271405697,pdb_00007u2l_E1_E2
4647,1,train,0.8812808990478516,pdb_00007x6o_C_D
4648,1,train,0.9477939605712891,pdb_00007pa7_ddd2_ddd1
4649,1,train,1.5955655574798584,pdb_00008hrd_L_M
4650,1,train,0.8079748153686523,pdb_00002vwe_E_C
4651,1,train,1.1090081930160522,pdb_00008jqm_H_L
4652,1,train,0.017528878524899483,pdb_00008jxt_E1_E2
4653,1,train,0.03612286597490311,pdb_00007vig_E1_E2
4654,1,train,0.32279250025749207,pdb_00001ic5_H_L
4655,1,train,0.8640022873878479,pdb_00007fci_H_L
4656,1,train,1.2207626104354858,pdb_00005lsp_H_L
4657,1,train,0.025491435080766678,pdb_00009u4y_S1_S2
4658,1,train,0.07530838996171951,pdb_00008yn9_E1_E2
4659,1,train,0.8108742833137512,pdb_00008sdf_H_L
4660,1,train,1.0338057279586792,pdb_00009rip_H_L
4661,1,train,1.4425643682479858,pdb_00006xm2_F_E
4662,1,train,0.9267057776451111,pdb_00008gpy_E1_E2
4663,1,train,0.699955940246582,pdb_00008wpw_C_D
4664,1,train,1.1547447443008423,pdb_00001qfu_H_L
4665,1,train,1.5155067443847656,pdb_00007ey5_H_L
4666,1,train,0.0635632872581482,pdb_00008wwh_E1_E2
4667,1,train,0.9538348913192749,pdb_00007xda_D_E
4668,1,train,0.5012004375457764,pdb_00006vmk_S_R
4669,1,train,0.05325816571712494,pdb_00007eq1_S1_S2
4670,1,train,1.0652649402618408,pdb_00008g5a_J_N
4671,1,train,1.1242576837539673,pdb_00006ocb_H_L
4672,1,train,0.026624808087944984,pdb_00007xxh_H1_H2
4673,1,train,1.3716201782226562,pdb_00007s11_H_L
4674,1,train,0.872688353061676,pdb_00007zfb_J_K
4675,1,train,0.03466835990548134,pdb_00007ra3_E1_E2
4676,1,train,0.6383875012397766,pdb_00008bg3_C1_C2
4677,1,train,1.6374298334121704,pdb_00009bhh_T_S
4678,1,train,0.9968017339706421,pdb_00009quw_F_E
4679,1,train,0.03254079446196556,pdb_00008j6r_S1_S2
4680,1,train,0.5004839897155762,pdb_00006xc4_X_Y
4681,1,train,0.8566365242004395,pdb_00001mlc_B_A
4682,1,train,0.023306427523493767,pdb_00008yky_S1_S2
4683,1,train,0.022048121318221092,pdb_00009cgk_E1_E2
4684,1,train,0.13808411359786987,pdb_00008ihj_S1_S2
4685,1,train,1.152719497680664,pdb_00007zoz_H_L
4686,1,train,1.0425093173980713,pdb_00009qt3_N_O
4687,1,train,1.047365427017212,pdb_00006k7o_F_G
4688,1,train,0.5397520661354065,pdb_00007ul1_H_L
4689,1,train,0.8646379709243774,pdb_00008wpy_H_L
4690,1,train,0.030407721176743507,pdb_00007yon_S1_S2
4691,1,train,0.87873375415802,pdb_00008w83_M_N
4692,1,train,0.7233603596687317,pdb_00001g7h_B_A
4693,1,train,0.05320242792367935,pdb_00008wpu_E1_E2
4694,1,train,0.8106062412261963,pdb_00009axl_H_L
4695,1,train,0.8804990649223328,pdb_00008vgh_K_L
4696,1,train,1.3274571895599365,pdb_00004u6h_C_D
4697,1,train,1.804451823234558,pdb_00009ml8_E_F
4698,1,train,0.42840108275413513,pdb_00006xc4_H_L
4699,1,train,0.8109461069107056,pdb_00007t3d_C_D
4700,1,train,0.8088579177856445,pdb_00006k7o_B_C
4701,1,train,0.4643867611885071,pdb_00006vmk_E_D
4702,1,train,0.01482237596064806,pdb_00009ik9_E1_E2
4703,1,train,0.018050823360681534,pdb_00009iyb_E1_E2
4704,1,train,0.827454149723053,pdb_00004n90_D_E
4705,1,train,0.7896086573600769,pdb_00001nby_B_A
4706,1,train,0.01103889849036932,pdb_00008hcx_E1_E2
4707,1,train,1.0333536863327026,pdb_00009h4s_X_Y
4708,1,train,0.8860422372817993,pdb_00007zmk_E_F
4709,1,train,1.3363494873046875,pdb_00008bcz_A_B
4710,1,train,1.7283321619033813,pdb_00008cz5_H_L
4711,1,train,0.9583100080490112,pdb_00007ahu_B_A
4712,1,train,1.3936653137207031,pdb_00008dcm_A_B
4713,1,train,0.8943973779678345,pdb_00009og1_B_C
4714,1,train,1.5570396184921265,pdb_00005gs0_D_C
4715,1,train,1.1799237728118896,pdb_00006bpa_B_C
4716,1,train,0.44147980213165283,pdb_00007mhr_A_B
4717,1,train,0.38791581988334656,pdb_00008wnp_B_A
4718,1,train,0.09173405915498734,pdb_00006adc_E_F
4719,1,train,1.0488923788070679,pdb_00009n5z_A_B
4720,1,train,1.5556367635726929,pdb_00009leo_C_D
4721,1,train,0.019266337156295776,pdb_00007ew7_E1_E2
4722,1,train,1.2283767461776733,pdb_00006wty_H_I
4723,1,train,0.0170858483761549,pdb_00007y67_S1_S2
4724,1,train,1.1396297216415405,pdb_00009wsx_H_L
4725,1,train,1.403030514717102,pdb_00007rxp_H_L
4726,1,train,1.4330463409423828,pdb_00008hgm_C_D
4727,1,train,0.022989114746451378,pdb_00009jed_S1_S2
4728,1,train,0.1984984129667282,pdb_00009ge2_F1_F2
4729,1,train,0.7667604684829712,pdb_00007wwk_I_H
4730,1,train,0.010203206911683083,pdb_00009pq0_E1_E2
4731,1,train,0.04098019376397133,pdb_00008jjp_S1_S2
4732,1,train,0.2020140141248703,pdb_00008vrn_J_I
4733,1,train,0.011959238909184933,pdb_00007y1f_E1_E2
4734,1,train,0.8243058323860168,pdb_00005jz7_C_D
4735,1,train,0.8497604727745056,pdb_00006cyf_D_C
4736,1,train,0.8423333764076233,pdb_00009vfu_E_F
4737,1,train,0.9469068646430969,pdb_00008tx3_E_J
4738,1,train,0.0345272459089756,pdb_00008xxx_S1_S2
4739,1,train,0.007912099361419678,pdb_00007euo_S1_S2
4740,1,train,0.10934081673622131,pdb_00002fee_I_L
4741,1,train,0.2114367038011551,pdb_00001j1x_H_L
4742,1,train,1.2240102291107178,pdb_00009oar_H_L
4743,1,train,0.712335467338562,pdb_00007y6k_J_E3
4744,1,train,0.21388576924800873,pdb_00001ic4_H_L
4745,1,train,0.7041345238685608,pdb_00007dpm_D_E
4746,1,train,0.01662234030663967,pdb_00007ew1_E1_E2
4747,1,train,0.2187538594007492,pdb_00008dd2_J_I
4748,1,train,0.6257678866386414,pdb_00008hn6_A_B
4749,1,train,2.0274033546447754,pdb_00004xzu_E_F
4750,1,train,0.8076244592666626,pdb_00007ucq_H1_H2
4751,1,train,0.5498757362365723,pdb_00007kfw_H_L
4752,1,train,1.464760184288025,pdb_00004ubd_O_P
4753,1,train,1.2673687934875488,pdb_00008zre_H_L
4754,1,train,0.758383572101593,pdb_00009udq_I_C
4755,1,train,0.766762912273407,pdb_00008tx3_H_L
4756,1,train,0.9126853346824646,pdb_00007vaf_H_L
4757,1,train,0.059673089534044266,pdb_00008hbd_H1_H2
4758,1,train,0.26421260833740234,pdb_00008evh_N1_N2
4759,1,train,0.9405894875526428,pdb_00008zh7_B_C
4760,1,train,1.4631600379943848,pdb_00009ml8_P_Q
4761,1,train,0.6366528272628784,pdb_00007zf9_H_L
4762,1,train,0.055105239152908325,pdb_00007w0p_S1_S2
4763,1,train,0.7641638517379761,pdb_00007wqv_F1_F2
4764,1,train,0.9169309735298157,pdb_00003eoa_B_A
4765,1,train,1.5961977243423462,pdb_00004xhj_H_G
4766,1,train,0.6335524916648865,pdb_00003nh7_K_O
4767,1,train,0.020170852541923523,pdb_00009axf_H1_H2
4768,1,train,1.4717485904693604,pdb_00008tp5_H_L
4769,1,train,1.1605592966079712,pdb_00009ci8_D_C
4770,1,train,0.7102257609367371,pdb_00008xsf_H_L
4771,1,train,0.877189040184021,pdb_00009jy4_P_O
4772,1,train,0.13073311746120453,pdb_00008vfx_N2_N1
4773,1,train,0.7486526370048523,pdb_00008w84_A_B
4774,1,train,1.235188364982605,pdb_00007s0x_C_D
4775,1,train,1.698425054550171,pdb_00006wtv_H_I
4776,1,train,1.2647212743759155,pdb_00009p1m_F_E
4777,1,train,0.027272729203104973,pdb_00008xjm_E1_E2
4778,1,train,0.79909747838974,pdb_00002i9l_H_G
4779,1,train,0.7095204591751099,pdb_00009l6c_H_L
4780,1,train,1.3227593898773193,pdb_00009ma7_F_G
4781,1,train,0.08481176197528839,pdb_00008e9w_E1_E2
4782,1,train,0.5519243478775024,pdb_00005x8l_H_M
4783,1,train,0.9128394722938538,pdb_00006dkj_H_L
4784,1,train,1.0278340578079224,pdb_00006vvu_J_K
4785,1,train,0.9552820920944214,pdb_00008u4s_F_E
4786,1,train,0.6612212061882019,pdb_00007dfa_H_L
4787,1,train,1.3875938653945923,pdb_00009f90_A_B
4788,1,train,0.6815836429595947,pdb_00007ws2_E_D
4789,1,train,0.357899010181427,pdb_00009zqb_J2_J1
4790,1,train,1.60464608669281,pdb_00007ezv_H_L
4791,1,train,1.1693257093429565,pdb_00006mlm_F_G
4792,1,train,1.4379620552062988,pdb_00009mtk_I_J
4793,1,train,1.1490139961242676,pdb_00009cfe_A_B
4794,1,train,0.05286649242043495,pdb_00007yfd_C1_C2
4795,1,train,0.8688279986381531,pdb_00009ue0_A_B
4796,1,train,1.386459231376648,pdb_00008z39_H_L
4797,1,train,0.8226788640022278,pdb_00008jin_P2_P1
4798,1,train,1.4200160503387451,pdb_00007yd1_A_B
4799,1,train,1.1212434768676758,pdb_00002ybr_D_E
4800,1,train,0.16926319897174835,pdb_00003ejy_E_F
4801,1,train,0.019935768097639084,pdb_00006lfm_S1_S2
4802,1,train,0.24780181050300598,pdb_00008dd3_J_I
4803,1,train,0.970003068447113,pdb_00006woz_H_I
4804,1,train,1.1548082828521729,pdb_00008fdo_A_B
4805,1,train,0.016152434051036835,pdb_00009b54_S1_S2
4806,1,train,0.6761663556098938,pdb_00007xei_E_F
4807,1,train,1.4593757390975952,pdb_00008eed_H_L
4808,1,train,0.039103101938962936,pdb_00009jkv_S1_S2
4809,1,train,0.010983246378600597,pdb_00008jlj_S1_S2
4810,1,train,0.010505744256079197,pdb_00007t2h_E1_E2
4811,1,train,0.6681981682777405,pdb_00007wsi_H_L
4812,1,train,1.4671704769134521,pdb_00009e3l_K_L
4813,1,train,1.2076328992843628,pdb_00008r8k_H_L
4814,1,train,0.6521250605583191,pdb_00008hpu_M_N
4815,1,train,0.6432386040687561,pdb_00005x8m_B_C
4816,1,train,1.6255919933319092,pdb_00001g9n_H_L
4817,1,train,0.8191086649894714,pdb_00008cn9_L_K
4818,1,train,0.024674875661730766,pdb_00008tb0_F1_F2
4819,1,train,1.06158447265625,pdb_00003fku_Y1_Y2
4820,1,train,0.24682238698005676,pdb_00008ubj_N2_N1
4821,1,train,0.8415275812149048,pdb_00007srs_H_L
4822,1,train,0.6268576383590698,pdb_00007klg_I_M
4823,1,train,0.1016254797577858,pdb_00009drx_J_I
4824,1,train,1.2154406309127808,pdb_00009cq8_C_E
4825,1,train,1.2834081649780273,pdb_00004ut6_H_L
4826,1,train,0.8710839748382568,pdb_00009b82_H_L
4827,1,train,0.5668252110481262,pdb_00005bo1_H_L
4828,1,train,0.03189698979258537,pdb_00009vmo_S1_S2
4829,1,train,0.07487121969461441,pdb_00007ujk_E_F
4830,1,train,1.2741843461990356,pdb_00009cds_B_A
4831,1,train,1.1177284717559814,pdb_00007scn_J_K
4832,1,train,0.19992563128471375,pdb_00006ad7_C_D
4833,1,train,1.0568366050720215,pdb_00008cii_A_B
4834,1,train,0.020962974056601524,pdb_00007exd_E1_E2
4835,1,train,1.7366963624954224,pdb_00009rih_H_L
4836,1,train,0.9275191426277161,pdb_00009lf8_H_L
4837,1,train,0.8086251020431519,pdb_00007ubs_K1_K2
4838,1,train,0.1728765219449997,pdb_00002hjf_A_B
4839,1,train,0.6162665486335754,pdb_00008dww_X_W
4840,1,train,0.8768764138221741,pdb_00008sit_M_N
4841,1,train,0.02763305976986885,pdb_00008f7r_E1_E2
4842,1,train,0.4766668677330017,pdb_00008tft_I_M
4843,1,train,1.1392639875411987,pdb_00007m7w_E_F
4844,1,train,0.6414210200309753,pdb_00007xj9_G_F
4845,1,train,0.05436038598418236,pdb_00002vdo_H_L
4846,1,train,0.03309498727321625,pdb_00009yda_H1_H2
4847,1,train,0.02284984104335308,pdb_00009p0l_F1_F2
4848,1,train,0.29740792512893677,pdb_00002dqg_H_L
4849,1,train,0.7184126973152161,pdb_00005yoy_I_F
4850,1,train,1.1271593570709229,pdb_00008sis_H_L
4851,1,train,0.8957123160362244,pdb_00009ue8_Q_R
4852,1,train,1.364266276359558,pdb_00006ivz_H_L
4853,1,train,0.019384460523724556,pdb_00008xqs_S1_S2
4854,1,train,1.355753779411316,pdb_00009mtg_H_L
4855,1,train,0.5924510359764099,pdb_00006zlr_HHH_LLL
4856,1,train,0.0772605836391449,pdb_00006ada_E_F
4857,1,train,1.1553281545639038,pdb_00005h35_F_G
4858,1,train,0.019869660958647728,pdb_00008xwp_D1_D2
4859,1,train,1.1017162799835205,pdb_00005ggs_A_B
4860,1,train,1.0525922775268555,pdb_00006ii9_H_L
4861,1,train,0.7728089690208435,pdb_00008w83_E_F
4862,1,train,0.5105177760124207,pdb_00004tsc_H_L
4863,1,train,0.8471146821975708,pdb_00006k7o_H_L
4864,1,train,0.008301387540996075,pdb_00007vdh_S1_S2
4865,1,train,0.8557613492012024,pdb_00005h35_H_I
4866,1,train,0.9174337983131409,pdb_00009f91_E_F
4867,1,train,0.037607789039611816,pdb_00007w57_E1_E2
4868,1,train,1.0408202409744263,pdb_00005vig_H_L
4869,1,train,0.7090901136398315,pdb_00009exa_D_C
4870,1,train,1.3219386339187622,pdb_00006suz_H_L
4871,1,train,1.1040443181991577,pdb_00006wn1_B_C
4872,1,train,0.9491608738899231,pdb_00007vgr_D_C
4873,1,train,1.348166823387146,pdb_00009mtl_M_N
4874,1,train,0.9367924332618713,pdb_00006hjp_I_J
4875,1,train,0.9961692690849304,pdb_00008y3i_I_J
4876,1,train,0.8914976119995117,pdb_00007whz_C_E
4877,1,train,0.01809414103627205,pdb_00007x2v_E1_E2
4878,1,train,1.9950529336929321,pdb_00006osh_H_L
4879,1,train,1.3273921012878418,pdb_00001eo8_H_L
4880,1,train,1.391919493675232,pdb_00009qub_D_C
4881,1,train,0.5325583815574646,pdb_00002qr0_X_W
4882,1,train,1.2642226219177246,pdb_00007shy_K_L
4883,1,train,1.7069072723388672,pdb_00009n5i_H_L
4884,1,train,0.7665286660194397,pdb_00006vja_H_L
4885,1,train,0.6417366862297058,pdb_00007s7i_J_N
4886,1,train,0.03603856638073921,pdb_00008tzq_E1_E2
4887,1,train,0.24226945638656616,pdb_00001j1o_H_L
4888,1,train,0.06563160568475723,pdb_00008hvi_H1_H2
4889,1,train,0.03558357432484627,pdb_00008vvf_E1_E2
4890,1,train,1.0669565200805664,pdb_00004am0_C_D
4891,1,train,0.7568567395210266,pdb_00008ulf_K_O
4892,1,train,0.8455779552459717,pdb_00003v6z_A_B
4893,1,train,0.851171612739563,pdb_00007chc_A_B
4894,1,train,0.03088158182799816,pdb_00009vi9_S1_S2
4895,1,train,0.42525285482406616,pdb_00006txz_K_O
4896,1,train,0.8459965586662292,pdb_00007qez_E_F
4897,1,train,0.013088840991258621,pdb_00008utd_D1_D2
4898,1,train,0.8864803910255432,pdb_00007cmk_H_L
4899,1,train,0.7528496980667114,pdb_00001xiw_H_G
4900,1,train,0.0419742725789547,pdb_00008zjg_S1_S2
4901,1,train,0.8210843205451965,pdb_00007sk8_D_C
4902,1,train,0.14236553013324738,pdb_00008w8b_E1_E2
4903,1,train,0.06634797900915146,pdb_00009kt9_E1_E2
4904,1,train,0.9400211572647095,pdb_00003fku_T1_T2
4905,1,train,0.016086174175143242,pdb_00007xms_S1_S2
4906,1,train,0.9064188003540039,pdb_00003fku_X1_X2
4907,1,train,1.5226932764053345,pdb_00006ba5_F_E
4908,1,train,0.9316392540931702,pdb_00004kht_H_L
4909,1,train,0.11860901862382889,pdb_00008iys_E1_E2
4910,1,train,0.025929298251867294,pdb_00007wig_S1_S2
4911,1,train,0.04036076366901398,pdb_00009m55_S1_S2
4912,1,train,0.05437200888991356,pdb_00008ijd_S1_S2
4913,1,train,0.12590305507183075,pdb_00007e32_E1_E2
4914,1,train,0.7884057760238647,pdb_00008vtd_B_A
4915,1,train,0.026120634749531746,pdb_00008i9l_H1_H2
4916,1,train,0.01739640161395073,pdb_00009jhp_S1_S2
4917,1,train,0.03603381663560867,pdb_00009v1h_E1_E2
4918,1,train,0.872663140296936,pdb_00007x6o_I_K
4919,1,train,0.06516602635383606,pdb_00009kt7_E1_E2
4920,1,train,0.015964705497026443,pdb_00007w53_E1_E2
4921,1,train,0.015644961968064308,pdb_00007ew2_S1_S2
4922,1,train,0.886667013168335,pdb_00004l5f_H_L
4923,1,train,2.125232696533203,pdb_00008ezl_H1_H2
4924,1,train,0.9236467480659485,pdb_00006z3p_H_L
4925,1,train,0.09284548461437225,pdb_00007ukp_E_F
4926,1,train,0.07778720557689667,pdb_00007ubr_E_F
4927,1,train,1.3265740871429443,pdb_00007sbd_H_L
4928,1,train,0.9321718215942383,pdb_00006ww5_C_D
4929,1,train,0.9521471858024597,pdb_00007sd5_H_L
4930,1,train,0.6391728520393372,pdb_00009oup_H_L
4931,1,train,0.012664446607232094,pdb_00007vuz_S1_S2
4932,1,train,1.1528246402740479,pdb_00009mtf_I_J
4933,1,train,0.1439225971698761,pdb_00007m2j_A_B
4934,1,train,0.10422667860984802,pdb_00006k5d_E_F
4935,1,train,1.6814305782318115,pdb_00006k65_H_L
4936,1,train,1.1181323528289795,pdb_00009ebc_G_H
4937,1,train,0.01892082579433918,pdb_00008xqt_S1_S2
4938,1,train,0.8003783822059631,pdb_00003v4p_M_N
4939,1,train,0.6417220830917358,pdb_00007qnx_H_L
4940,1,train,1.4025684595108032,pdb_00007xh8_B_C
4941,1,train,0.38558658957481384,pdb_00008j24_G1_G2
4942,1,train,0.565039873123169,pdb_00009cpu_H_L
4943,1,train,0.9113654494285583,pdb_00006ii9_P_Q
4944,1,train,1.074086308479309,pdb_00008u44_U_W
4945,1,train,0.6317606568336487,pdb_00007f7h_A_B
4946,1,train,1.0423340797424316,pdb_00007uxl_A_B
4947,1,train,0.7012128233909607,pdb_00004dkf_H_L
4948,1,train,0.5457878708839417,pdb_00009zqb_I2_I1
4949,1,train,0.0327332429587841,pdb_00008j1a_S1_S2
4950,1,train,1.1379843950271606,pdb_00008zpq_A_B
4951,1,train,1.1159461736679077,pdb_00009mtj_I_J
4952,1,train,0.9497312307357788,pdb_00004hg4_N_O
4953,1,train,0.09770682454109192,pdb_00006e0p_N1_N2
4954,1,train,1.3725512027740479,pdb_00009mla_I_L
4955,1,train,0.016589604318141937,pdb_00008jd6_D1_D2
4956,1,train,0.06650657951831818,pdb_00008j6d_H1_H2
4957,1,train,0.6071935296058655,pdb_00001z3g_H_L
4958,1,train,0.8177180886268616,pdb_00004hg4_T_U
4959,1,train,1.2804687023162842,pdb_00009rim_H_L
4960,1,train,1.108744740486145,pdb_00009hub_I_M
4961,1,train,0.8137980103492737,pdb_00009ue8_M_N
4962,1,train,1.1486256122589111,pdb_00009os5_G_J
4963,1,train,1.0106499195098877,pdb_00006n5e_H_I
4964,1,train,0.0993553176522255,pdb_00002ht2_C_D
4965,1,train,1.1648672819137573,pdb_00008zdw_U_R
4966,1,train,0.2549676299095154,pdb_00006x3s_J_I
4967,1,train,1.3394272327423096,pdb_00008e8l_H_L
4968,1,train,0.8235068321228027,pdb_00004hg4_J_K
4969,1,train,1.6314219236373901,pdb_00009e3h_J_K
4970,1,train,1.0034308433532715,pdb_00009js7_I_L
4971,1,train,1.5575306415557861,pdb_00006mtq_H_L
4972,1,train,0.02240053005516529,pdb_00009kvh_E1_E2
4973,1,train,0.024589430540800095,pdb_00006xox_E1_E2
4974,1,train,0.9325929880142212,pdb_00003eoa_H_L
4975,1,train,0.9499747157096863,pdb_00009bt5_C_D
4976,1,train,0.10101330280303955,pdb_00009d0a_E1_E2
4977,1,train,1.3330260515213013,pdb_00008tpa_D_E
4978,1,train,1.3262250423431396,pdb_00009mtm_M_N
4979,1,train,1.0191622972488403,pdb_00009ban_E_F
4980,1,train,0.9316374063491821,pdb_00009mkn_H_L
4981,1,train,1.002063512802124,pdb_00004hg4_Z_z
4982,1,train,0.5676121115684509,pdb_00007x2k_H_L
4983,1,train,0.7722542881965637,pdb_00004lf3_B_A
4984,1,train,0.7186328172683716,pdb_00005nhr_H_L
4985,1,train,1.3198208808898926,pdb_00006ywc_A_B
4986,1,train,1.2816215753555298,pdb_00002zcl_H_L
4987,1,train,0.7985982298851013,pdb_00007jum_H1_H2
4988,1,train,1.11404550075531,pdb_00001oak_H_L
4989,1,train,0.18724599480628967,pdb_00008z3q_S1_S2
4990,1,train,0.902757465839386,pdb_00009bdh_H_L
4991,1,train,0.7901847958564758,pdb_00009dru_H_L
4992,1,train,0.6516479253768921,pdb_00005cbe_C_D
4993,1,train,1.0768336057662964,pdb_00008ezk_H1_H2
4994,1,train,0.027097418904304504,pdb_00009pxv_E1_E2
4995,1,train,0.9198197722434998,pdb_00006t3j_F_G
4996,1,train,0.6433783769607544,pdb_00004hg4_L_M
4997,1,train,1.4570527076721191,pdb_00007lg6_C_D
4998,1,train,0.5291685461997986,pdb_00009cpu_F_G
4999,1,train,0.5530595779418945,pdb_00007ch5_H_L
5000,1,train,1.4259629249572754,pdb_00009e21_H_L
5001,1,train,0.6551122665405273,pdb_00009nz3_D_C
5002,1,train,0.9137000441551208,pdb_00006wzl_C_D
5003,1,train,0.014645316638052464,pdb_00008jlr_S1_S2
5004,1,train,1.1973936557769775,pdb_00009mic_H_L
5005,1,train,1.1927571296691895,pdb_00008w5l_H_L
5006,1,train,0.2702651917934418,pdb_00007u0i_K1_K2
5007,1,train,0.19286870956420898,pdb_00008syp_N1_N2
5008,1,train,1.441285490989685,pdb_00008dwy_V_U
5009,1,train,1.568912386894226,pdb_00003lzf_H_L
5010,1,train,1.2946397066116333,pdb_00001osp_H_L
5011,1,train,0.10186230391263962,pdb_00007tmz_E_F
5012,1,train,0.02666471339762211,pdb_00009l79_S1_S2
5013,1,train,0.9050847291946411,pdb_00008vgj_J_I
5014,1,train,0.07544150948524475,pdb_00008xjn_E1_E2
5015,1,train,0.4038161337375641,pdb_00008wo4_D_C
5016,1,train,0.9040167927742004,pdb_00009t5z_H_L
5017,1,train,0.709615170955658,pdb_00008hq7_M_N
5018,1,train,0.7395399808883667,pdb_00007dpm_J_K
5019,1,train,0.49602097272872925,pdb_00004tnw_F_N
5020,1,train,0.05977042391896248,pdb_00008x8l_E1_E2
5021,1,train,0.0318637453019619,pdb_00008j6p_S1_S2
5022,1,train,0.9598960280418396,pdb_00007lfa_H_L
5023,1,train,0.362204372882843,pdb_00009cpv_C_D
5024,1,train,1.1156188249588013,pdb_00007cqd_I_M
5025,1,train,0.9021140336990356,pdb_00008jqn_H_L
5026,1,train,1.0341839790344238,pdb_00006xkr_H_L
5027,1,train,0.057070646435022354,pdb_00008thl_F1_F2
5028,1,train,0.7961693406105042,pdb_00009n8j_F_G
5029,1,train,0.123389832675457,pdb_00003stz_A_B
5030,1,train,1.3754298686981201,pdb_00006ban_D_C
5031,1,train,0.9562784433364868,pdb_00007l0l_H_L
5032,1,train,0.04970910772681236,pdb_00008iw1_S1_S2
5033,1,train,0.09927438199520111,pdb_00003fb6_A_B
5034,1,train,0.5223828554153442,pdb_00007yxu_H_L
5035,1,train,0.792698085308075,pdb_00007zmk_S_T
5036,1,train,0.9092975854873657,pdb_00006n5e_E_D
5037,1,train,0.9390223622322083,pdb_00007jx3_C_D
5038,1,train,0.775973379611969,pdb_00003sob_H_L
5039,1,train,0.787579357624054,pdb_00008dn7_A_B
5040,1,train,0.029909644275903702,pdb_00009vif_S1_S2
5041,1,train,1.2469091415405273,pdb_00007yvl_A_C
5042,1,train,1.1255422830581665,pdb_00009b2m_H_L
5043,1,train,0.04554427042603493,pdb_00007srr_E1_E2
5044,1,train,1.5888711214065552,pdb_00004fp8_I_M
5045,1,train,0.024726973846554756,pdb_00007f2o_S1_S2
5046,1,train,0.027357803657650948,pdb_00009k07_E1_E2
5047,1,train,0.8314899802207947,pdb_00006vgr_C_D
5048,1,train,0.8446967601776123,pdb_00001tzh_H_L
5049,1,train,0.46232709288597107,pdb_00009nz5_B_C
5050,1,train,0.10519813746213913,pdb_00007k61_M2_M1
5051,1,train,0.6360250115394592,pdb_00007wrv_U_V
5052,1,train,0.8796454071998596,pdb_00009dm0_C_D
5053,1,train,0.024308107793331146,pdb_00007vl8_S1_S2
5054,1,train,1.0010738372802734,pdb_00001rjl_B_A
5055,1,train,0.6354912519454956,pdb_00008hn6_C_D
5056,1,train,0.4196537435054779,pdb_00003hfm_H_L
5057,1,train,0.7617214918136597,pdb_00005aam_A1_A2
5058,1,train,0.046130139380693436,pdb_00008jln_S1_S2
5059,1,train,1.1793183088302612,pdb_00009gwt_H_L
5060,1,train,1.1395419836044312,pdb_00009cq8_G_H
5061,1,train,0.609148383140564,pdb_00005yoy_G_D
5062,1,train,0.0255186278373003,pdb_00006kpg_S1_S2
5063,1,train,0.017299963161349297,pdb_00008yyx_A1_A2
5064,1,train,0.43194541335105896,pdb_00002qr0_T_S
5065,1,train,1.3624072074890137,pdb_00007shy_I_J
5066,1,train,0.03419561684131622,pdb_00008jei_S1_S2
5067,1,train,0.14028549194335938,pdb_00002r9h_E_F
5068,1,train,0.015719862654805183,pdb_00008irt_E1_E2
5069,1,train,0.992206871509552,pdb_00004qci_H_L
5070,1,train,1.2639704942703247,pdb_00006ml8_H_L
5071,1,train,0.059033360332250595,pdb_00007u60_E_F
5072,1,train,0.8126063346862793,pdb_00007ley_G_F
5073,1,train,0.021698882803320885,pdb_00009k3h_S1_S2
5074,1,train,1.0774576663970947,pdb_00009l07_H_L
5075,1,train,0.7289289832115173,pdb_00007ubs_H1_H2
5076,1,train,1.0093586444854736,pdb_00009ebc_I_J
5077,1,train,1.50834321975708,pdb_00008w0y_A_B
5078,1,train,0.03343440219759941,pdb_00008j6q_S1_S2
5079,1,train,0.5302979350090027,pdb_00009our_J_K
5080,1,train,0.902933657169342,pdb_00009q5v_K_J
5081,1,train,0.019324636086821556,pdb_00009le2_S1_S2
5082,1,train,1.2732690572738647,pdb_00008rmy_E_F
5083,1,train,0.6893998980522156,pdb_00007ley_D_E
5084,1,train,0.38463348150253296,pdb_00009nz4_F_E
5085,1,train,0.7795490026473999,pdb_00007wqv_N1_N2
5086,1,train,0.0726538896560669,pdb_00008ubk_N2_N1
5087,1,train,1.24800705909729,pdb_00001p2c_E_D
5088,1,train,0.8690540790557861,pdb_00005ugy_J_N
5089,1,train,0.5638102293014526,pdb_00007pqy_B_C
5090,1,train,0.09641672670841217,pdb_00003f7v_A_B
5091,1,train,0.03490028902888298,pdb_00008xgu_S1_S2
5092,1,train,1.6078016757965088,pdb_00001iqd_B_A
5093,1,train,1.3838527202606201,pdb_00007r8u_HHH_LLL
5094,1,train,0.03210931643843651,pdb_00008k9l_H1_H2
5095,1,train,1.0399413108825684,pdb_00007zfb_C_D
5096,1,train,0.012686828151345253,pdb_00009o36_E1_E2
5097,1,train,1.5174949169158936,pdb_00004g3y_H_L
5098,1,train,0.035050395876169205,pdb_00007rkx_D1_D2
5099,1,train,0.03917209804058075,pdb_00009erx_F1_F2
5100,1,train,1.4499479532241821,pdb_00007jwg_A_B
5101,1,train,0.7867053151130676,pdb_00007dk2_D_E
5102,1,train,0.7978923320770264,pdb_00007mxl_H_L
5103,1,train,0.019565097987651825,pdb_00009izc_S1_S2
5104,1,train,0.24972759187221527,pdb_00001ots_E_F
5105,1,train,0.855137825012207,pdb_00004hg4_V_W
5106,1,train,0.9695730209350586,pdb_00007yds_B_C
5107,1,train,0.5643055438995361,pdb_00008f2j_D_F
5108,1,train,0.02576461434364319,pdb_00008hcq_E1_E2
5109,1,train,0.869217574596405,pdb_00007wvd_I_J
5110,1,train,0.6118537783622742,pdb_00009u5p_B_C
5111,1,train,0.3462994396686554,pdb_00006x3z_K_L
5112,1,train,0.3341740071773529,pdb_00009zqa_I2_I1
5113,1,train,0.019017912447452545,pdb_00009jh3_S1_S2
5114,1,train,1.0088744163513184,pdb_00009oao_H_L
5115,1,train,0.048677828162908554,pdb_00007k5y_N2_N1
5116,1,train,0.07434210926294327,pdb_00006e0p_M1_M2
5117,1,train,0.032355885952711105,pdb_00003ze0_E_F
5118,1,train,0.7239668369293213,pdb_00006pe9_E_F
5119,1,train,0.021322747692465782,pdb_00007f9z_E1_E2
5120,1,train,0.007365735713392496,pdb_00008jlq_S1_S2
5121,1,train,0.8723975419998169,pdb_00004gxu_M_N
5122,1,train,0.028872109949588776,pdb_00009kug_H1_H2
5123,1,train,0.009862796403467655,pdb_00007s8o_E1_E2
5124,1,train,1.1181561946868896,pdb_00006ban_B_A
5125,1,train,0.10660312324762344,pdb_00002atk_A_B
5126,1,train,0.6189521551132202,pdb_00008dww_V_U
5127,1,train,0.08909449726343155,pdb_00005j9p_A_B
5128,1,train,0.9173675179481506,pdb_00003eo1_K_J
5129,1,train,1.2945793867111206,pdb_00003c09_C_B
5130,1,train,0.11449301987886429,pdb_00007cvt_E_F
5131,1,train,0.012676523998379707,pdb_00008kfz_S1_S2
5132,1,train,1.5464226007461548,pdb_00008hrd_C_E
5133,1,train,0.9526159763336182,pdb_00004am0_H_L
5134,1,train,0.012861126102507114,pdb_00008yrg_E1_E2
5135,1,train,1.752234935760498,pdb_00009xsx_B_C
5136,1,train,1.3950018882751465,pdb_00008w5f_H_L
5137,1,train,0.9535383582115173,pdb_00005vqm_D_C
5138,1,train,0.013258790597319603,pdb_00006os9_D1_D2
5139,1,train,0.08182626962661743,pdb_00006ad8_E_F
5140,1,train,1.2052875757217407,pdb_00009dn2_H_L
5141,1,train,1.2097604274749756,pdb_00008e8r_H_L
5142,1,train,0.46932852268218994,pdb_00008elq_H_L
5143,1,train,1.0225216150283813,pdb_00008rrn_C_D
5144,1,train,1.5086780786514282,pdb_00008p12_H_L
5145,1,train,0.7741978168487549,pdb_00001mlc_D_C
5146,1,train,0.989442765712738,pdb_00006xy2_H_L
5147,1,train,1.315125823020935,pdb_00009oap_H_L
5148,1,train,0.011905589140951633,pdb_00007wy0_C1_C2
5149,1,train,0.9606660008430481,pdb_00008fhy_H_L
5150,1,train,0.9555469155311584,pdb_00008hws_D_E
5151,1,train,0.6367436647415161,pdb_00008eqf_H_L
5152,1,train,0.06807488948106766,pdb_00009vo0_E1_E2
5153,1,train,0.8140555620193481,pdb_00008too_D_C
5154,1,train,1.2689971923828125,pdb_00009e3k_H_L
5155,1,train,0.032908812165260315,pdb_00009m1o_S1_S2
5156,1,train,0.0516369491815567,pdb_00008yn8_E1_E2
5157,1,train,0.5456609129905701,pdb_00003b2u_N_O
5158,1,train,0.779707670211792,pdb_00007ley_H_I
5159,1,train,0.010257095098495483,pdb_00007w2z_S1_S2
5160,1,train,0.665564775466919,pdb_00008jkh_H_L
5161,1,train,0.7446994185447693,pdb_00008jkf_M_N
5162,1,train,0.7228052616119385,pdb_00005aaw_H1_H2
5163,1,train,1.5758287906646729,pdb_00008vte_D_C
5164,1,train,1.0337355136871338,pdb_00007s0x_H_L
5165,1,train,1.5117610692977905,pdb_00002hmi_D_C
5166,1,train,0.8059915900230408,pdb_00009cn2_B1_B2
5167,1,train,1.620612382888794,pdb_00008ulj_H_L
5168,1,train,0.03783314302563667,pdb_00007trp_H1_H2
5169,1,train,1.0907992124557495,pdb_00007y3n_H_L
5170,1,train,0.6502179503440857,pdb_00008j26_B_A
5171,1,train,1.1375961303710938,pdb_00009kve_A_B
5172,1,train,0.7242279052734375,pdb_00007dk2_G_H
5173,1,train,0.9466120004653931,pdb_00008u4s_B_A
5174,1,train,1.2713274955749512,pdb_00007t82_H_L
5175,1,train,0.023080887272953987,pdb_00009vmy_E1_E2
5176,1,train,0.9776261448860168,pdb_00008tbb_H_L
5177,1,train,0.020400790497660637,pdb_00008x9t_S1_S2
5178,1,train,0.02231515944004059,pdb_00009ejc_D1_D2
5179,1,train,0.4645332992076874,pdb_00006w0i_A_B
5180,1,train,0.02748676761984825,pdb_00009ejz_H1_H2
5181,1,train,0.9810954332351685,pdb_00007uvi_A_B
5182,1,train,0.10811349749565125,pdb_00008evi_N1_N2
5183,1,train,0.04555727168917656,pdb_00008evh_M1_M2
5184,1,train,1.4282811880111694,pdb_00007n4j_H_L
5185,1,train,1.8822685480117798,pdb_00008z6t_B_C
5186,1,train,0.7091769576072693,pdb_00009k6j_A_B
5187,1,train,0.8036020398139954,pdb_00009mqa_H_L
5188,1,train,0.021518176421523094,pdb_00009kft_S1_S2
5189,1,train,0.10683976858854294,pdb_00002h2s_E_F
5190,1,train,0.8264646530151367,pdb_00007uvq_D_E
5191,1,train,0.07532660663127899,pdb_00006k5i_E_F
5192,1,train,1.379952311515808,pdb_00007y6l_H_L
5193,1,train,1.343074917793274,pdb_00007bsd_H_L
5194,1,train,0.7865723967552185,pdb_00007lq7_T_U
5195,1,train,0.03744484856724739,pdb_00008t3v_N1_N2
5196,1,train,0.10274681448936462,pdb_00007k60_N2_N1
5197,1,train,1.0626014471054077,pdb_00008zdw_L_J
5198,1,train,0.38935527205467224,pdb_00009nz5_F_E
5199,1,train,0.03903260454535484,pdb_00008y71_E1_E2
5200,1,train,1.066852331161499,pdb_00008dis_A_C
5201,1,train,1.0634559392929077,pdb_00006vc9_H_L
5202,1,train,0.9141284227371216,pdb_00008jqs_h_l
5203,1,train,0.16520851850509644,pdb_00008jxx_E1_E2
5204,1,train,0.0655803307890892,pdb_00008spu_K1_K2
5205,1,train,1.0749870538711548,pdb_00007upb_C_F
5206,1,train,0.7456939220428467,pdb_00007sco_J_K
5207,1,train,0.02311454527080059,pdb_00009lre_E1_E2
5208,1,train,0.05593234673142433,pdb_00008yn4_E1_E2
5209,1,train,1.3197708129882812,pdb_00001tqb_B_C
5210,1,train,1.26658034324646,pdb_00009rik_H_L
5211,1,train,0.6090759038925171,pdb_00007m71_H_L
5212,1,train,0.5829945206642151,pdb_00008bg4_A1_A2
5213,1,train,1.1550395488739014,pdb_00008e8z_H_L
5214,1,train,1.4675296545028687,pdb_00009mkn_S_T
5215,1,train,1.356468915939331,pdb_00006d0u_E_F
5216,1,train,0.6123932003974915,pdb_00006ii4_E_F
5217,1,train,0.046977490186691284,pdb_00007x5h_E1_E2
5218,1,train,0.45541590452194214,pdb_00009ctu_D_C
5219,1,train,1.4884432554244995,pdb_00009y41_H_L
5220,1,train,0.9589200615882874,pdb_00007vgr_F_E
5221,1,train,0.7246532440185547,pdb_00006wzj_A_B
5222,1,train,0.7799241542816162,pdb_00008i0n_I_M
5223,1,train,0.023978495970368385,pdb_00007na8_N1_N2
5224,1,train,1.2910929918289185,pdb_00003bsz_N_M
5225,1,train,0.05603862926363945,pdb_00009vo1_E1_E2
5226,1,train,0.7503355145454407,pdb_00003v4v_H_L
5227,1,train,1.0592315196990967,pdb_00008y3i_G_H
5228,1,train,0.9982513785362244,pdb_00007scn_H_L
5229,1,train,0.7437880635261536,pdb_00001fbi_H_L
5230,1,train,0.972762942314148,pdb_00006n5d_L_N
5231,1,train,0.65888512134552,pdb_00008h7z_F_I
5232,1,train,0.03815328702330589,pdb_00008dwg_E1_E2
5233,1,train,0.013875644654035568,pdb_00007yu3_S1_S2
5234,1,train,0.578724205493927,pdb_00007e3o_H_L
5235,1,train,0.03242114558815956,pdb_00008xxz_S1_S2
5236,1,train,1.0127646923065186,pdb_00008hrd_G_H
5237,1,train,0.8841336369514465,pdb_00008dxt_H_L
5238,1,train,0.7359131574630737,pdb_00007vag_H_L
5239,1,train,0.014859780669212341,pdb_00007sbf_E1_E2
5240,1,train,1.1052627563476562,pdb_00008hpf_H_L
5241,1,train,0.031132299453020096,pdb_00006adb_E_F
5242,1,train,0.8693519830703735,pdb_00007rku_G_I
5243,1,train,0.021158410236239433,pdb_00008jhy_S1_S2
5244,1,train,1.0386121273040771,pdb_00006wtu_B_C
5245,1,train,1.2353196144104004,pdb_00002vir_B_A
5246,1,train,1.1485742330551147,pdb_00008vk1_C_B
5247,1,train,0.029306279495358467,pdb_00002exw_C_D
5248,1,train,0.5259878039360046,pdb_00001ndm_B_A
5249,1,train,0.032957158982753754,pdb_00001ott_E_F
5250,1,train,0.9202941656112671,pdb_00007ebz_E_F
5251,1,train,0.9489389657974243,pdb_00004ag4_H_L
5252,1,train,0.7788310647010803,pdb_00009jeb_C1_C2
5253,1,train,0.009449531324207783,pdb_00007rbt_E1_E2
5254,1,train,0.025951487943530083,pdb_00008e9x_E1_E2
5255,1,train,0.7002497315406799,pdb_00007wqv_P1_P2
5256,1,train,0.8912001252174377,pdb_00008pwh_D_C
5257,1,train,1.248206615447998,pdb_00009bdi_C_D
5258,1,train,0.841809868812561,pdb_00007wk0_A_B
5259,1,train,1.1752312183380127,pdb_00007mdj_A_B
5260,1,train,0.04219454154372215,pdb_00002exy_C_D
5261,1,train,0.9081791639328003,pdb_00008g5b_H_L
5262,1,train,0.5993442535400391,pdb_00003rhw_H_L
5263,1,train,0.013593131676316261,pdb_00008zh8_S1_S2
5264,1,train,0.6051439046859741,pdb_00007bpk_H_L
5265,1,train,0.6413499116897583,pdb_00008eoo_H_L
5266,1,train,0.5416024923324585,pdb_00009oun_H_L
5267,1,train,1.3030048608779907,pdb_00008eed_I_J
5268,1,train,0.9201489686965942,pdb_00004nik_B1_B2
5269,1,train,0.03567759320139885,pdb_00009kpf_S1_S2
5270,1,train,0.1684681922197342,pdb_00004z7q_E_F
5271,1,train,0.8819491267204285,pdb_00009hh9_G_F
5272,1,train,1.1675665378570557,pdb_00005kov_I1_I2
5272,1,train_epoch,0.7383895021690514,
5272,1,validation,1.0575941943309524,
5273,2,train,0.9166529774665833,pdb_00007uvs_D_E
5274,2,train,0.4051201343536377,pdb_00002qr0_X_W
5275,2,train,1.1965861320495605,pdb_00009mtf_M_N
5276,2,train,0.9229379296302795,pdb_00006vvu_J_K
5277,2,train,0.8832511901855469,pdb_00009l07_H_L
5278,2,train,0.6242043375968933,pdb_00008dn7_A_B
5279,2,train,0.7617388367652893,pdb_00006vgr_H_L
5280,2,train,1.203874111175537,pdb_00007zwi_B_C
5281,2,train,1.190748691558838,pdb_00009rik_H_L
5282,2,train,1.0688722133636475,pdb_00006bpa_B_C
5283,2,train,0.5525211095809937,pdb_00007wqv_P1_P2
5284,2,train,1.3771249055862427,pdb_00007x3d_H_L
5285,2,train,0.13590824604034424,pdb_00003f5w_A_B
5286,2,train,1.062595248222351,pdb_00007kq7_H_L
5287,2,train,0.04777364432811737,pdb_00008j6r_S1_S2
5288,2,train,0.47907087206840515,pdb_00006vmk_H_G
5289,2,train,1.0462079048156738,pdb_00008hpf_H_L
5290,2,train,0.4825652539730072,pdb_00009our_H_L
5291,2,train,0.07398034632205963,pdb_00007t90_E1_E2
5292,2,train,0.04521474987268448,pdb_00009k3h_S1_S2
5293,2,train,0.3776514530181885,pdb_00006vmk_P_O
5294,2,train,0.8630295395851135,pdb_00004lf3_E_D
5295,2,train,0.6959478855133057,pdb_00008txu_F_K
5296,2,train,1.057908296585083,pdb_00009bdi_H_L
5297,2,train,0.7264575362205505,pdb_00004m62_I_M
5298,2,train,0.24628688395023346,pdb_00006x3x_K_L
5299,2,train,0.7614499926567078,pdb_00007ubs_K1_K2
5300,2,train,0.8185970783233643,pdb_00006n5e_E_D
5301,2,train,0.5624446272850037,pdb_00007vad_H_L
5302,2,train,0.6093506813049316,pdb_00008jkf_H_L
5303,2,train,0.5953420400619507,pdb_00008bg2_A1_A2
5304,2,train,0.9551137685775757,pdb_00008siq_H_L
5305,2,train,1.5706052780151367,pdb_00009vnp_C_A
5306,2,train,1.1326409578323364,pdb_00008rmx_B_C
5307,2,train,1.164989709854126,pdb_00008dv6_C_L
5308,2,train,0.018260279670357704,pdb_00008xyk_S1_S2
5309,2,train,0.9379807114601135,pdb_00007x2o_H_L
5310,2,train,0.39117830991744995,pdb_00001ua6_H_L
5311,2,train,0.8207910656929016,pdb_00007tbf_D_E
5312,2,train,0.024593543261289597,pdb_00008y0n_S1_S2
5313,2,train,0.7973840832710266,pdb_00004n90_H_I
5314,2,train,0.6570008397102356,pdb_00008wpw_C_D
5315,2,train,0.9023032188415527,pdb_00003eo1_B_A
5316,2,train,0.8919902443885803,pdb_00009jy3_P_O
5317,2,train,0.056267548352479935,pdb_00007srr_E1_E2
5318,2,train,0.5570964813232422,pdb_00005yoy_Q_N
5319,2,train,0.7365255355834961,pdb_00007lop_W_V
5320,2,train,0.061067238450050354,pdb_00009ite_E1_E2
5321,2,train,0.04273619130253792,pdb_00008k9l_H1_H2
5322,2,train,1.0072346925735474,pdb_00008vk1_C_B
5323,2,train,0.9392754435539246,pdb_00008w83_A_B
5324,2,train,0.5920141339302063,pdb_00009wb4_B_C
5325,2,train,0.6878486275672913,pdb_00007ebz_E_F
5326,2,train,0.6710855960845947,pdb_00008vgh_H_G
5327,2,train,2.059746742248535,pdb_00001jrh_H_L
5328,2,train,0.18814916908740997,pdb_00006x3z_J_I
5329,2,train,0.10183350741863251,pdb_00007u0j_K1_K2
5330,2,train,0.18508274853229523,pdb_00009lrs_E1_E2
5331,2,train,1.5620142221450806,pdb_00009ml8_M_N
5332,2,train,0.64673912525177,pdb_00008hpu_M_N
5333,2,train,0.6087960004806519,pdb_00005aaw_H1_H2
5334,2,train,0.6516726016998291,pdb_00007dpm_D_E
5335,2,train,0.9286802411079407,pdb_00007scn_H_L
5336,2,train,1.476865530014038,pdb_00009y3x_H_L
5337,2,train,1.371513843536377,pdb_00007n4j_H_L
5338,2,train,0.6985383629798889,pdb_00003nh7_J_N
5339,2,train,1.3174890279769897,pdb_00007lg6_C_D
5340,2,train,0.12374906986951828,pdb_00008hn8_S1_S2
5341,2,train,0.8942891359329224,pdb_00008rmy_B_C
5342,2,train,0.847972571849823,pdb_00007pry_C_D
5343,2,train,0.01585066132247448,pdb_00009vj5_E1_E2
5344,2,train,0.34767240285873413,pdb_00006vmk_i_h
5345,2,train,0.1179811879992485,pdb_00008si9_J_I
5346,2,train,0.01663535088300705,pdb_00008hoc_S1_S2
5347,2,train,0.27357015013694763,pdb_00006w0f_A_B
5348,2,train,0.049108829349279404,pdb_00008xx6_S1_S2
5349,2,train,0.04721778258681297,pdb_00002h2s_E_F
5350,2,train,0.5480324625968933,pdb_00007e3o_H_L
5351,2,train,0.998607337474823,pdb_00008dwx_H_L
5352,2,train,1.482686996459961,pdb_00006k65_H_L
5353,2,train,0.013557525351643562,pdb_00008hs3_S1_S2
5354,2,train,0.7284607887268066,pdb_00007x3c_F_E
5355,2,train,0.7607668042182922,pdb_00004yk4_Z_Y
5356,2,train,1.3996546268463135,pdb_00001n6q_H_L
5357,2,train,0.7335106134414673,pdb_00007lop_X_Y
5358,2,train,0.009247140027582645,pdb_00007evz_E1_E2
5359,2,train,1.2979629039764404,pdb_00008tfl_H_L
5360,2,train,0.7677121758460999,pdb_00007m6d_A_B
5361,2,train,0.5539230704307556,pdb_00006kyz_E_F
5362,2,train,1.0042366981506348,pdb_00005ggs_A_B
5363,2,train,0.9809253811836243,pdb_00008tbb_H_L
5364,2,train,1.1081337928771973,pdb_00006ywc_D_E
5365,2,train,0.788284182548523,pdb_00008y31_D_C
5366,2,train,0.5932586789131165,pdb_00007kmg_A_B
5367,2,train,0.043597009032964706,pdb_00008hbd_H1_H2
5368,2,train,0.8857085704803467,pdb_00009jy2_B_A
5369,2,train,0.7237018346786499,pdb_00008ulf_I_M
5370,2,train,0.15802402794361115,pdb_00003stl_A_B
5371,2,train,0.027959555387496948,pdb_00008id4_S1_S2
5372,2,train,0.6204052567481995,pdb_00007dq7_H_L
5373,2,train,0.7996460795402527,pdb_00009rio_H_L
5374,2,train,0.038296349346637726,pdb_00008y72_E1_E2
5375,2,train,0.7662563323974609,pdb_00006pi7_F_E
5376,2,train,0.01830759085714817,pdb_00007vuy_S1_S2
5377,2,train,0.6734589338302612,pdb_00004jpk_H_L
5378,2,train,0.6813713908195496,pdb_00007y6k_J_E3
5379,2,train,2.2426700592041016,pdb_00004xzu_E_F
5380,2,train,0.5761586427688599,pdb_00008txu_E_J
5381,2,train,0.6314515471458435,pdb_00007ejy_H_L
5382,2,train,0.04450025409460068,pdb_00008wpu_E1_E2
5383,2,train,1.1331088542938232,pdb_00009e21_H_L
5384,2,train,0.8911611437797546,pdb_00007zfb_J_K
5385,2,train,0.01805993542075157,pdb_00009v0x_E1_E2
5386,2,train,1.2038179636001587,pdb_00006ba5_F_E
5387,2,train,0.48115721344947815,pdb_00008bcz_E_F
5388,2,train,1.2369107007980347,pdb_00006xpz_B_C
5389,2,train,1.3778321743011475,pdb_00007bsd_H_L
5390,2,train,0.9584111571311951,pdb_00003fku_X1_X2
5391,2,train,1.103630542755127,pdb_00008dv6_H_D
5392,2,train,0.0540938563644886,pdb_00008j6q_S1_S2
5393,2,train,0.029241489246487617,pdb_00008t3o_N1_N2
5394,2,train,0.0409238375723362,pdb_00008xgs_D1_D2
5395,2,train,0.6236895322799683,pdb_00008wpy_C_D
5396,2,train,1.8395450115203857,pdb_00008r4n_H_L
5397,2,train,0.6358382701873779,pdb_00007wwk_G_F
5398,2,train,0.9915061593055725,pdb_00008v5v_b_d
5399,2,train,2.2256994247436523,pdb_00006vlw_H_L
5400,2,train,0.4854740798473358,pdb_00005aaw_D1_D2
5401,2,train,0.9542074203491211,pdb_00008f6x_D1_D2
5402,2,train,0.017012467607855797,pdb_00006pt0_E1_E2
5403,2,train,0.5885588526725769,pdb_00004ttd_C_D
5404,2,train,0.02233678661286831,pdb_00008xx3_S1_S2
5405,2,train,0.8165394067764282,pdb_00009ue8_Q_R
5406,2,train,0.6764369606971741,pdb_00007eam_H_L
5407,2,train,0.01579342409968376,pdb_00007y1f_E1_E2
5408,2,train,0.7409788370132446,pdb_00003fku_U1_U2
5409,2,train,0.01785740628838539,pdb_00008hsc_S1_S2
5410,2,train,1.0837788581848145,pdb_00005umi_A_B
5411,2,train,1.2889961004257202,pdb_00009mtm_H_L
5412,2,train,1.6451209783554077,pdb_00008tnn_H_G
5413,2,train,0.019630784168839455,pdb_00008xxv_E1_E2
5414,2,train,1.284021258354187,pdb_00008tpa_H_L
5415,2,train,1.208827257156372,pdb_00004f37_F_K
5416,2,train,0.7931403517723083,pdb_00003eo1_E_D
5417,2,train,1.08953058719635,pdb_00007y3n_H_L
5418,2,train,0.01705109514296055,pdb_00009vj6_E1_E2
5419,2,train,0.015964535996317863,pdb_00009jed_S1_S2
5420,2,train,1.0239500999450684,pdb_00007lg6_J_M
5421,2,train,0.8766974806785583,pdb_00007upb_C_F
5422,2,train,1.3381115198135376,pdb_00002x7l_E_F
5423,2,train,0.653581440448761,pdb_00008i5l_E1_E2
5424,2,train,0.6201266646385193,pdb_00007xei_C_D
5425,2,train,0.07757959514856339,pdb_00003ejz_C_D
5426,2,train,0.7530364990234375,pdb_00009dzf_H_L
5427,2,train,1.0868805646896362,pdb_00009me4_I_M
5428,2,train,0.01216042973101139,pdb_00009k6l_S1_S2
5429,2,train,0.41388648748397827,pdb_00006xc4_H_L
5430,2,train,0.5750146508216858,pdb_00006j6y_B_C
5431,2,train,1.0720138549804688,pdb_00008u44_U_W
5432,2,train,1.08998441696167,pdb_00006mlm_E_I
5433,2,train,0.6191366314888,pdb_00007d85_B_C
5434,2,train,0.055479515343904495,pdb_00007ej8_H1_H2
5435,2,train,1.2833834886550903,pdb_00008zd5_B_C
5436,2,train,0.039088498800992966,pdb_00009jky_S1_S2
5437,2,train,1.075840950012207,pdb_00008w5r_H_L
5438,2,train,0.8350456953048706,pdb_00008vgm_E_F
5439,2,train,0.9833114743232727,pdb_00005kov_E1_E2
5440,2,train,1.4535415172576904,pdb_00008z6t_B_C
5441,2,train,0.3468366861343384,pdb_00006k5i_C_D
5442,2,train,0.9855145812034607,pdb_00004al8_H_L
5443,2,train,0.034163422882556915,pdb_00008f7x_E1_E2
5444,2,train,0.6897114515304565,pdb_00005u5f_B_A
5445,2,train,0.9189091920852661,pdb_00007scn_E_F
5446,2,train,0.023486478254199028,pdb_00008xjl_E1_E2
5447,2,train,0.9766297936439514,pdb_00008yub_A_B
5448,2,train,0.8837898373603821,pdb_00008pwh_D_C
5449,2,train,0.15051482617855072,pdb_00006ad7_E_F
5450,2,train,0.5936481356620789,pdb_00008j1q_B_A
5451,2,train,1.3065078258514404,pdb_00009cds_B_A
5452,2,train,0.02296704240143299,pdb_00008wwl_E1_E2
5453,2,train,1.2947437763214111,pdb_00004ffv_H_L
5454,2,train,1.2625665664672852,pdb_00008zd5_K_L
5455,2,train,0.9883338809013367,pdb_00006ban_D_C
5456,2,train,0.8173993229866028,pdb_00007tn0_H_G
5457,2,train,0.0757213905453682,pdb_00008zps_E1_E2
5458,2,train,1.1510974168777466,pdb_00006dfj_H_L
5459,2,train,1.1236234903335571,pdb_00003o2d_H_L
5460,2,train,0.02068065106868744,pdb_00007yae_S1_S2
5461,2,train,0.5064454078674316,pdb_00007b3o_H_L
5462,2,train,0.25577569007873535,pdb_00008ubk_M2_M1
5463,2,train,1.3593482971191406,pdb_00008tnt_G_F
5464,2,train,0.44497862458229065,pdb_00002qr0_F_E
5465,2,train,0.0170039813965559,pdb_00008jlj_S1_S2
5466,2,train,0.013366340659558773,pdb_00008ykw_E1_E2
5467,2,train,0.565342903137207,pdb_00005aaw_F1_F2
5468,2,train,0.2313222736120224,pdb_00008vqy_J_I
5469,2,train,1.4579391479492188,pdb_00001rzk_H_L
5470,2,train,0.7480514645576477,pdb_00006xkr_H_L
5471,2,train,0.8761267066001892,pdb_00008rrn_H_L
5472,2,train,1.2646156549453735,pdb_00006gff_L_K
5473,2,train,1.5436909198760986,pdb_00006q18_H_L
5474,2,train,0.047092780470848083,pdb_00009vnz_E1_E2
5475,2,train,0.009923246689140797,pdb_00008yyx_A1_A2
5476,2,train,1.0143299102783203,pdb_00007xda_D_E
5477,2,train,0.6633908748626709,pdb_00007vaf_H_L
5478,2,train,0.9405900835990906,pdb_00008hrd_N_Q
5479,2,train,0.6093297600746155,pdb_00008vgl_E_F
5480,2,train,0.03244970366358757,pdb_00008efo_E1_E2
5481,2,train,0.26244625449180603,pdb_00009zqb_J2_J1
5482,2,train,1.1464571952819824,pdb_00007t82_D_C
5483,2,train,0.05102657899260521,pdb_00007l8p_E_F
5484,2,train,0.008068716153502464,pdb_00008feg_F1_F2
5485,2,train,0.8809592127799988,pdb_00005w0k_H_L
5486,2,train,0.7709506750106812,pdb_00009l9o_B_C
5487,2,train,1.3454266786575317,pdb_00006ml8_H_L
5488,2,train,0.6889769434928894,pdb_00008dn6_E_F
5489,2,train,0.8769651651382446,pdb_00006t3j_A_B
5490,2,train,0.6968101263046265,pdb_00006wzj_A_B
5491,2,train,0.011308061890304089,pdb_00008yh3_S1_S2
5492,2,train,0.48886969685554504,pdb_00007vgs_D_C
5493,2,train,0.4591885507106781,pdb_00007yxu_H_L
5494,2,train,1.0926437377929688,pdb_00009mqd_I_M
5495,2,train,0.011528133414685726,pdb_00009kpf_S1_S2
5496,2,train,0.031884174793958664,pdb_00007sr8_E1_E2
5497,2,train,0.8933691382408142,pdb_00009ue8_M_N
5498,2,train,0.03161429613828659,pdb_00007yfd_C1_C2
5499,2,train,0.6244605779647827,pdb_00009cpu_H_L
5500,2,train,0.9329746961593628,pdb_00007cmk_H_L
5501,2,train,0.7426861524581909,pdb_00007xcp_H_L
5502,2,train,0.8535222411155701,pdb_00005kov_I1_I2
5503,2,train,0.6902726292610168,pdb_00007ubs_H1_H2
5504,2,train,1.252022624015808,pdb_00002r56_I_M
5505,2,train,0.5726845264434814,pdb_00008zyu_D_Q
5506,2,train,1.0563616752624512,pdb_00007si0_C_D
5507,2,train,0.37893176078796387,pdb_00006vmk_Z_Y
5508,2,train,0.10308536887168884,pdb_00008dk5_K1_K2
5509,2,train,1.6426764726638794,pdb_00009leo_A_B
5510,2,train,0.6222929358482361,pdb_00007rk2_C1_C2
5511,2,train,0.9674732089042664,pdb_00007s0x_H_L
5512,2,train,0.47543561458587646,pdb_00008pwh_B_A
5513,2,train,0.8216277360916138,pdb_00003eoa_H_L
5514,2,train,0.3635685443878174,pdb_00002qr0_B_A
5515,2,train,1.0152899026870728,pdb_00006wm9_E_F
5516,2,train,0.28415414690971375,pdb_00007mhr_A_B
5517,2,train,0.021210968494415283,pdb_00007w57_E1_E2
5518,2,train,0.012644296512007713,pdb_00008k6m_S1_S2
5519,2,train,0.6540414094924927,pdb_00008jkh_m_n
5520,2,train,0.774825394153595,pdb_00002vwe_L_J
5521,2,train,0.8591777086257935,pdb_00008znz_I_J
5522,2,train,0.037627942860126495,pdb_00008hqe_H1_H2
5523,2,train,0.017122412100434303,pdb_00008jbf_E1_E2
5524,2,train,0.583150327205658,pdb_00007klg_I_M
5525,2,train,0.6492307782173157,pdb_00007bpk_H_L
5526,2,train,1.1125118732452393,pdb_00006woz_B_C
5527,2,train,1.1683541536331177,pdb_00006t9d_HHH_LLL
5528,2,train,0.6749703884124756,pdb_00007xsc_D_H
5529,2,train,0.02964814566075802,pdb_00007wic_S1_S2
5530,2,train,0.9817191362380981,pdb_00009cfh_H_L
5531,2,train,0.012937326915562153,pdb_00007vdh_S1_S2
5532,2,train,0.497463583946228,pdb_00005u5m_B_A
5533,2,train,0.05123598501086235,pdb_00008hk3_H1_H2
5534,2,train,1.0188404321670532,pdb_00008dwx_V_U
5535,2,train,0.14648303389549255,pdb_00002hlf_C_D
5536,2,train,1.39315664768219,pdb_00006oel_H_L
5537,2,train,1.9514532089233398,pdb_00009o7i_D_C
5538,2,train,0.7317606806755066,pdb_00009hh9_G_F
5539,2,train,1.3751791715621948,pdb_00004ki5_C_D
5540,2,train,1.197251558303833,pdb_00005ug0_D_C
5541,2,train,1.3777166604995728,pdb_00004ubd_Y_X
5542,2,train,0.014397728256881237,pdb_00008kfx_S1_S2
5543,2,train,0.011347106657922268,pdb_00008xqn_S1_S2
5544,2,train,0.1446220427751541,pdb_00003ejy_E_F
5545,2,train,0.8866341710090637,pdb_00009ue8_A_B
5546,2,train,0.8105425834655762,pdb_00002fjh_B_A
5547,2,train,1.4477041959762573,pdb_00009qub_D_C
5548,2,train,0.05968218296766281,pdb_00002ht4_C_D
5549,2,train,0.39010462164878845,pdb_00006vmk_B_A
5550,2,train,1.067144513130188,pdb_00007sbd_H_L
5551,2,train,0.6149786710739136,pdb_00005yoy_H_E
5552,2,train,0.19406390190124512,pdb_00002bob_A_B
5553,2,train,0.02281792275607586,pdb_00008dwg_E1_E2
5554,2,train,0.7938135862350464,pdb_00009jy3_R_Q
5555,2,train,0.5359945297241211,pdb_00003rif_J_M
5556,2,train,0.010708424262702465,pdb_00007ew0_E1_E2
5557,2,train,0.012632946483790874,pdb_00008ic0_E1_E2
5558,2,train,0.035355374217033386,pdb_00008z8b_S1_S2
5559,2,train,1.0905861854553223,pdb_00002x7l_A_B
5560,2,train,1.3023239374160767,pdb_00006aru_C_B
5561,2,train,0.01253735926002264,pdb_00007vkt_E1_E2
5562,2,train,1.2167683839797974,pdb_00007cqd_I_M
5563,2,train,0.9733231663703918,pdb_00009k6y_H_L
5564,2,train,0.6751903295516968,pdb_00003p0y_H_L
5565,2,train,0.6324374675750732,pdb_00007mzj_F_E
5566,2,train,0.765789270401001,pdb_00007bnv_H_L
5567,2,train,0.6539116501808167,pdb_00009j9z_H_L
5568,2,train,0.03185049071907997,pdb_00008tb0_F1_F2
5569,2,train,0.22551453113555908,pdb_00006ada_C_D
5570,2,train,0.6392735242843628,pdb_00009lbs_H_L
5571,2,train,1.0968276262283325,pdb_00009riq_H_L
5572,2,train,0.1663343459367752,pdb_00001k4d_A_B
5573,2,train,0.10668287426233292,pdb_00008sps_N1_N2
5574,2,train,0.014488272368907928,pdb_00008j1a_S1_S2
5575,2,train,0.18299412727355957,pdb_00009zq9_J2_J1
5576,2,train,0.21092315018177032,pdb_00006w0g_A_B
5577,2,train,0.4049864411354065,pdb_00006bae_B_A
5578,2,train,0.7087866067886353,pdb_00003fku_Z1_Z2
5579,2,train,0.6861978769302368,pdb_00003v4v_H_L
5580,2,train,0.010302659124135971,pdb_00009v6o_S1_S2
5581,2,train,0.024230074137449265,pdb_00007vgx_S1_S2
5582,2,train,0.6529062986373901,pdb_00007rks_H_L
5583,2,train,0.020928772166371346,pdb_00007wf7_E1_E2
5584,2,train,0.22257129848003387,pdb_00008vqy_K_L
5585,2,train,0.7206423282623291,pdb_00008xsf_H_L
5586,2,train,0.009830867871642113,pdb_00009clw_N1_N2
5587,2,train,0.6010649800300598,pdb_00007tzh_A1_A2
5588,2,train,0.6947782039642334,pdb_00003rhw_I_O
5589,2,train,1.2189280986785889,pdb_00007ycn_H_I
5590,2,train,0.009348529390990734,pdb_00007ts0_H1_H2
5591,2,train,1.1897990703582764,pdb_00006t9e_AAA_BBB
5592,2,train,0.8160969614982605,pdb_00008hrd_Y_Z
5593,2,train,0.04065624997019768,pdb_00008xxx_S1_S2
5594,2,train,0.8412180542945862,pdb_00007f0x_B1_B2
5595,2,train,0.025907693430781364,pdb_00009vo0_E1_E2
5596,2,train,0.11562805622816086,pdb_00001ott_E_F
5597,2,train,0.04038587957620621,pdb_00008uwl_E1_E2
5598,2,train,0.018279610201716423,pdb_00009vjf_E1_E2
5599,2,train,0.9140480756759644,pdb_00009n8j_H_I
5600,2,train,0.7712010741233826,pdb_00009hhr_D_G
5601,2,train,1.0182799100875854,pdb_00006wtv_B_C
5602,2,train,1.083919882774353,pdb_00006ocb_H_L
5603,2,train,0.010496629402041435,pdb_00008guq_S1_S2
5604,2,train,0.09154348075389862,pdb_00008j20_B1_B2
5605,2,train,1.1009234189987183,pdb_00009dn2_I_M
5606,2,train,0.5175442099571228,pdb_00007chc_H_L
5607,2,train,0.7768343687057495,pdb_00008zh7_K_L
5608,2,train,1.0103131532669067,pdb_00001yqv_H_L
5609,2,train,0.6679425239562988,pdb_00008bec_C1_C2
5610,2,train,1.5312663316726685,pdb_00009rih_H_L
5611,2,train,0.5423126816749573,pdb_00006zlr_HHH_LLL
5612,2,train,0.40806931257247925,pdb_00007k8m_A_B
5613,2,train,0.8589227199554443,pdb_00008cn9_G_F
5614,2,train,0.04713892191648483,pdb_00007rkx_D1_D2
5615,2,train,0.06449033319950104,pdb_00007t94_E1_E2
5616,2,train,0.8069924116134644,pdb_00004ag4_H_L
5617,2,train,0.8975354433059692,pdb_00004wv1_B_A
5618,2,train,0.030312633141875267,pdb_00007w55_E1_E2
5619,2,train,0.8752726316452026,pdb_00006wno_E_F
5620,2,train,0.017661968246102333,pdb_00007ew1_E1_E2
5621,2,train,0.06442252546548843,pdb_00009x3z_S1_S2
5622,2,train,0.9063420295715332,pdb_00007pa7_nnn2_nnn1
5623,2,train,1.04256010055542,pdb_00009mic_H_L
5624,2,train,0.05299754813313484,pdb_00007xxh_H1_H2
5625,2,train,0.9568431377410889,pdb_00006n5d_C_D
5626,2,train,0.6645836234092712,pdb_00007wqv_L1_L2
5627,2,train,1.151534914970398,pdb_00009lsj_E1_D2
5628,2,train,1.3082793951034546,pdb_00001osp_H_L
5629,2,train,0.4974839687347412,pdb_00007wbz_H_L
5630,2,train,0.030075151473283768,pdb_00008jpn_S1_S2
5631,2,train,1.1108973026275635,pdb_00002r56_H_L
5632,2,train,1.1597980260849,pdb_00009yyu_H_L
5633,2,train,0.9172965288162231,pdb_00007mdj_A_B
5634,2,train,0.015543101355433464,pdb_00007vl9_S1_S2
5635,2,train,0.02617722563445568,pdb_00008xqs_S1_S2
5636,2,train,0.01598219946026802,pdb_00007eb2_N1_N2
5637,2,train,0.8931729793548584,pdb_00008y3i_I_J
5638,2,train,1.2889643907546997,pdb_00006wqo_E_F
5639,2,train,0.6420276165008545,pdb_00004zff_A_B
5640,2,train,0.5507423877716064,pdb_00006rp8_H_L
5641,2,train,0.1213441789150238,pdb_00007k61_N2_N1
5642,2,train,0.10783214867115021,pdb_00007tho_E_F
5643,2,train,0.5974310040473938,pdb_00008bec_A1_A2
5644,2,train,0.5743346810340881,pdb_00005wk3_W_V
5645,2,train,0.06686151772737503,pdb_00008yna_E1_E2
5646,2,train,0.5027520060539246,pdb_00004tnw_I_O
5647,2,train,0.13442641496658325,pdb_00006x3s_K_L
5648,2,train,1.1395106315612793,pdb_00003rif_F_N
5649,2,train,0.05028950795531273,pdb_00007u0i_N1_N2
5650,2,train,0.019722115248441696,pdb_00008xqp_S1_S2
5651,2,train,0.04813750088214874,pdb_00008jbg_E1_E2
5652,2,train,0.015984920784831047,pdb_00008h2g_E1_E2
5653,2,train,0.4813564717769623,pdb_00008qh0_H_L
5654,2,train,1.0672931671142578,pdb_00009ctw_D_C
5655,2,train,0.8841626644134521,pdb_00009lsi_D1_C2
5656,2,train,0.7885034680366516,pdb_00001xgq_B_A
5657,2,train,0.6803104281425476,pdb_00005nh3_I_M
5658,2,train,0.08559171110391617,pdb_00003fb5_A_B
5659,2,train,0.01941797323524952,pdb_00009le2_S1_S2
5660,2,train,0.9857518672943115,pdb_00008go8_H_L
5661,2,train,1.2511581182479858,pdb_00006d0u_C_D
5662,2,train,0.0692991241812706,pdb_00007xta_E1_E2
5663,2,train,1.585252285003662,pdb_00006s3d_A_B
5664,2,train,0.017878828570246696,pdb_00008y02_S1_S2
5665,2,train,0.5435004234313965,pdb_00006ii8_G_I
5666,2,train,0.07161792367696762,pdb_00009p0l_F1_F2
5667,2,train,0.06180797517299652,pdb_00008syp_N1_N2
5668,2,train,0.7976914644241333,pdb_00009ue8_U_V
5669,2,train,0.6972226500511169,pdb_00006o1f_H_L
5670,2,train,0.9380776286125183,pdb_00006hxw_C_D
5671,2,train,1.137277364730835,pdb_00005b8c_B_A
5672,2,train,1.1915992498397827,pdb_00008e8l_H_L
5673,2,train,1.4791334867477417,pdb_00007wed_H_L
5674,2,train,1.1482785940170288,pdb_00006ejg_C2_C1
5675,2,train,0.01590011641383171,pdb_00008gcm_E1_E2
5676,2,train,0.7562169432640076,pdb_00003eo1_K_J
5677,2,train,1.4028571844100952,pdb_00008ag1_H_L
5678,2,train,1.747563362121582,pdb_00007uij_H_L
5679,2,train,0.36762651801109314,pdb_00002dqf_B_A
5680,2,train,1.427498698234558,pdb_00005c0n_C_D
5681,2,train,0.036856185644865036,pdb_00009ko4_H1_H2
5682,2,train,0.6962308883666992,pdb_00007xj9_G_F
5683,2,train,1.4653667211532593,pdb_00007ean_H_L
5684,2,train,0.038720276206731796,pdb_00008f7r_E1_E2
5685,2,train,1.4941283464431763,pdb_00009me7_J_N
5686,2,train,0.015595057047903538,pdb_00009iyb_E1_E2
5687,2,train,0.08808361738920212,pdb_00007td8_E_F
5688,2,train,0.7231581211090088,pdb_00008ulf_H_L
5689,2,train,0.17520466446876526,pdb_00003a67_H_L
5690,2,train,0.01506302785128355,pdb_00007u2l_E1_E2
5691,2,train,1.341791033744812,pdb_00001n5y_H_L
5692,2,train,0.8664419651031494,pdb_00007zmk_E_F
5693,2,train,0.8975721001625061,pdb_00004gxu_M_N
5694,2,train,0.15841688215732574,pdb_00008iw9_S1_S2
5695,2,train,1.38278329372406,pdb_00009mtl_H_L
5696,2,train,1.30050528049469,pdb_00006s3d_C_D
5697,2,train,1.1149091720581055,pdb_00007ycl_A_B
5698,2,train,0.5860053896903992,pdb_00003b2u_Q_R
5699,2,train,0.8708927035331726,pdb_00006uig_H_L
5700,2,train,0.6795728206634521,pdb_00007m3i_H_L
5701,2,train,0.7294209003448486,pdb_00001xiw_D_C
5702,2,train,0.011209993623197079,pdb_00008id6_S1_S2
5703,2,train,0.9633969068527222,pdb_00005d1z_B_A
5704,2,train,0.010990003123879433,pdb_00008jsr_C1_C2
5705,2,train,0.820796549320221,pdb_00003bn9_F_E
5706,2,train,1.026163101196289,pdb_00008eed_E_F
5707,2,train,0.9754748940467834,pdb_00005vig_H_L
5708,2,train,0.12129519134759903,pdb_00006x3u_K_L
5709,2,train,0.8665180802345276,pdb_00007ycn_E_F
5710,2,train,0.040551286190748215,pdb_00009wxm_D1_D2
5711,2,train,0.4316476881504059,pdb_00001xgp_B_A
5712,2,train,0.5410489439964294,pdb_00007kfx_H_L
5713,2,train,0.555367112159729,pdb_00008smt_A_B
5714,2,train,1.0382963418960571,pdb_00009od3_H_L
5715,2,train,0.9515904188156128,pdb_00009yyu_J_N
5716,2,train,0.09966576099395752,pdb_00003stz_A_B
5717,2,train,0.5261973142623901,pdb_00004tnw_X_i
5718,2,train,0.8589009046554565,pdb_00007pa7_ooo2_ooo1
5719,2,train,0.0727841705083847,pdb_00009kt9_E1_E2
5720,2,train,1.3615306615829468,pdb_00008dcm_A_B
5721,2,train,1.1848713159561157,pdb_00009me6_J_N
5722,2,train,0.7573999166488647,pdb_00006z3q_H_L
5723,2,train,1.0560756921768188,pdb_00006p4b_B_A
5724,2,train,0.12259483337402344,pdb_00009j31_D1_D2
5725,2,train,0.06967942416667938,pdb_00008ejc_E1_E2
5726,2,train,0.9551616311073303,pdb_00004hjj_H2_L2
5727,2,train,0.48861679434776306,pdb_00007nx8_H_L
5728,2,train,0.023413395509123802,pdb_00008yyw_B1_B2
5729,2,train,0.7662286162376404,pdb_00003eoa_B_A
5730,2,train,2.175048589706421,pdb_00009osx_B_C
5731,2,train,0.03955911844968796,pdb_00008yh0_S1_S2
5732,2,train,0.018511749804019928,pdb_00008yuv_S1_S2
5733,2,train,0.022940469905734062,pdb_00007rgp_E1_E2
5734,2,train,0.027365200221538544,pdb_00008iz4_E1_E2
5735,2,train,0.03494368493556976,pdb_00007trp_H1_H2
5736,2,train,0.0283537358045578,pdb_00006kpg_S1_S2
5737,2,train,1.0189098119735718,pdb_00008w85_A_B
5738,2,train,0.02033645659685135,pdb_00008vvf_E1_E2
5739,2,train,0.011946648359298706,pdb_00009ego_S1_S2
5740,2,train,0.7640749216079712,pdb_00007xsc_A_B
5741,2,train,0.8750634789466858,pdb_00007ua2_H1_H2
5742,2,train,0.5217077136039734,pdb_00007o7f_H_F
5743,2,train,0.8722335696220398,pdb_00008vgi_F_E
5744,2,train,0.007722164504230022,pdb_00008vy7_D1_D2
5745,2,train,0.07955905050039291,pdb_00008zcj_E1_E2
5746,2,train,1.2744319438934326,pdb_00001yy9_D_C
5747,2,train,0.7912951111793518,pdb_00001tzh_B_A
5748,2,train,0.019913287833333015,pdb_00009kvg_E1_E2
5749,2,train,0.028872596099972725,pdb_00008w8r_S1_S2
5750,2,train,0.09310820698738098,pdb_00008sps_K1_K2
5751,2,train,0.0526648610830307,pdb_00007rkm_D1_D2
5752,2,train,0.024075912311673164,pdb_00007sqo_E1_E2
5753,2,train,0.16894012689590454,pdb_00002h2p_E_F
5754,2,train,0.8324180245399475,pdb_00003vrl_H_L
5755,2,train,0.8105557560920715,pdb_00004hg4_L_M
5756,2,train,1.5802675485610962,pdb_00005d1z_D_C
5757,2,train,0.0384187176823616,pdb_00007l1v_H1_H2
5758,2,train,0.6623464822769165,pdb_00007wrv_U_V
5759,2,train,0.6667619347572327,pdb_00008y0y_E3_E2
5760,2,train,0.5786020755767822,pdb_00007m3i_A_B
5761,2,train,1.008337140083313,pdb_00003fmg_H_L
5762,2,train,0.7152876257896423,pdb_00007whz_B_D
5763,2,train,0.4962370991706848,pdb_00008bg4_C1_C2
5764,2,train,0.9637541174888611,pdb_00008vsj_H_L
5765,2,train,0.11539298295974731,pdb_00009drx_K_L
5766,2,train,1.1587973833084106,pdb_00005lsp_H_L
5767,2,train,0.9322906136512756,pdb_00006k7o_H_L
5768,2,train,0.03560962155461311,pdb_00007w3z_H1_H2
5769,2,train,0.6949407458305359,pdb_00007e9b_H_L
5770,2,train,1.0747075080871582,pdb_00007x2w_H_L
5771,2,train,1.3743367195129395,pdb_00006xq0_E_F
5772,2,train,1.0647475719451904,pdb_00007t0w_O_P
5773,2,train,0.027546817436814308,pdb_00009ijd_D1_D2
5774,2,train,2.2442328929901123,pdb_00004i3r_H_L
5775,2,train,0.06158827617764473,pdb_00009xhi_D1_D2
5776,2,train,0.4976191520690918,pdb_00005ggv_H_L
5777,2,train,0.5208011865615845,pdb_00003b2v_H_L
5778,2,train,0.9505077004432678,pdb_00005vqm_D_C
5779,2,train,1.3597028255462646,pdb_00003lh2_J_N
5780,2,train,0.032075587660074234,pdb_00007w7e_H1_H2
5781,2,train,0.9070795774459839,pdb_00009mqd_J_N
5782,2,train,0.037179309874773026,pdb_00008vvg_E1_E2
5783,2,train,1.71052885055542,pdb_00007uij_A_B
5784,2,train,0.039032258093357086,pdb_00007scg_E1_E2
5785,2,train,0.6585202813148499,pdb_00008vgh_F_E
5786,2,train,0.10489098727703094,pdb_00003fb8_A_B
5787,2,train,0.7630506753921509,pdb_00007srs_H_L
5788,2,train,0.9290605187416077,pdb_00007y3n_C_D
5789,2,train,0.8586569428443909,pdb_00005lsp_S_T
5790,2,train,1.1214663982391357,pdb_00007bsd_A_B
5791,2,train,0.8707428574562073,pdb_00009mkn_H_L
5792,2,train,1.4372403621673584,pdb_00009xsx_B_C
5793,2,train,0.6637257933616638,pdb_00009m0d_D_Q
5794,2,train,1.0814393758773804,pdb_00001tqb_B_C
5795,2,train,0.025822732597589493,pdb_00008t3q_N1_N2
5796,2,train,1.1827601194381714,pdb_00008zd6_K_L
5797,2,train,0.8202626705169678,pdb_00008hn7_D_C
5798,2,train,0.009421654976904392,pdb_00007s8o_E1_E2
5799,2,train,0.047497689723968506,pdb_00002vdn_H_L
5800,2,train,0.8261121511459351,pdb_00007vyr_A_B
5801,2,train,0.0876246839761734,pdb_00009ggg_S1_S2
5802,2,train,1.0391018390655518,pdb_00004xrc_B_A
5803,2,train,0.4687047302722931,pdb_00009oup_H_L
5804,2,train,1.631882667541504,pdb_00008dwo_U_V
5805,2,train,0.6141688823699951,pdb_00003nh7_H_L
5806,2,train,0.01383159775286913,pdb_00007t6b_E1_E2
5807,2,train,0.04771474748849869,pdb_00003ze0_E_F
5808,2,train,0.4660240113735199,pdb_00009nz5_B_C
5809,2,train,0.6474212408065796,pdb_00008wpy_H_L
5810,2,train,0.6576194763183594,pdb_00008jkh_M_N
5811,2,train,1.3807960748672485,pdb_00001j5o_H_L
5812,2,train,0.8170763254165649,pdb_00008dnn_E_F
5813,2,train,0.5048796534538269,pdb_00009cpv_C_D
5814,2,train,0.9815391898155212,pdb_00009atm_H_L
5815,2,train,0.08950331062078476,pdb_00007jhj_D1_D2
5816,2,train,0.037031520158052444,pdb_00002vdr_H_L
5817,2,train,0.8263258337974548,pdb_00007wvd_G_H
5818,2,train,0.04551756754517555,pdb_00008jjp_S1_S2
5819,2,train,0.03866572305560112,pdb_00009j8z_S1_S2
5820,2,train,0.5398876667022705,pdb_00008vgh_J_I
5821,2,train,0.02872297912836075,pdb_00007yfc_C1_C2
5822,2,train,1.0886727571487427,pdb_00005ggs_C_D
5823,2,train,1.0622563362121582,pdb_00008zdw_U_R
5824,2,train,0.01686806231737137,pdb_00006lfm_S1_S2
5825,2,train,0.04090651869773865,pdb_00007p02_H1_H2
5826,2,train,0.9041080474853516,pdb_00009cfg_H_L
5827,2,train,0.12265271693468094,pdb_00007k5x_M2_M1
5828,2,train,1.6023513078689575,pdb_00008kep_H_L
5829,2,train,0.8919963240623474,pdb_00009b82_N_M
5830,2,train,1.0787773132324219,pdb_00001fns_H_L
5831,2,train,0.03061443194746971,pdb_00007t2h_E1_E2
5832,2,train,0.410709947347641,pdb_00006vmk_f_e
5833,2,train,0.05343274027109146,pdb_00009vmo_S1_S2
5834,2,train,0.6437368988990784,pdb_00007klh_H_L
5835,2,train,0.6623260974884033,pdb_00008we4_H_L
5836,2,train,1.30279541015625,pdb_00007ezv_H_L
5837,2,train,0.018068965524435043,pdb_00008gut_S1_S2
5838,2,train,1.082187533378601,pdb_00006ek2_H1_H2
5839,2,train,0.7157461047172546,pdb_00006cw3_C_D
5840,2,train,0.8171343803405762,pdb_00004wv1_E_D
5841,2,train,0.9623165726661682,pdb_00001fsk_L_K
5842,2,train,0.766356348991394,pdb_00007jum_I1_I2
5843,2,train,0.668759286403656,pdb_00006yor_H_L
5844,2,train,0.013833800330758095,pdb_00008hcx_E1_E2
5845,2,train,0.3574376106262207,pdb_00009ov4_J_K
5846,2,train,0.7339440584182739,pdb_00003u30_F_E
5847,2,train,0.043977268040180206,pdb_00008ijd_S1_S2
5848,2,train,0.9044808745384216,pdb_00006wmw_M_N
5849,2,train,0.030062668025493622,pdb_00008ef6_E1_E2
5850,2,train,0.802202045917511,pdb_00003h42_H_L
5851,2,train,0.27845537662506104,pdb_00006k5a_C_D
5852,2,train,0.4647757112979889,pdb_00009cpw_C_D
5853,2,train,0.525611400604248,pdb_00005aam_A1_A2
5854,2,train,0.8491151928901672,pdb_00009bao_G_H
5855,2,train,0.5811555981636047,pdb_00003s36_H_L
5856,2,train,0.014107393100857735,pdb_00008jd6_D1_D2
5857,2,train,0.008831672370433807,pdb_00009vnf_E1_E2
5858,2,train,0.7995724678039551,pdb_00008zdw_L_J
5859,2,train,1.404261827468872,pdb_00006bpc_B_C
5860,2,train,1.1144238710403442,pdb_00004xhj_D_C
5861,2,train,1.15178382396698,pdb_00009p1m_F_E
5862,2,train,1.3350881338119507,pdb_00007rxp_H_L
5863,2,train,0.5422978401184082,pdb_00007klh_I_M
5864,2,train,1.4660016298294067,pdb_00005ldn_H_L
5865,2,train,1.174207091331482,pdb_00007r8u_HHH_LLL
5866,2,train,0.7753484845161438,pdb_00007x2i_H_L
5867,2,train,0.39299169182777405,pdb_000011oq_H_L
5868,2,train,0.04579984024167061,pdb_00007xmt_S1_S2
5869,2,train,1.0161030292510986,pdb_00008wu1_H_L
5870,2,train,1.105551838874817,pdb_00008g5b_H_L
5871,2,train,0.021743442863225937,pdb_00008efl_E1_E2
5872,2,train,0.05119471251964569,pdb_00007u0g_N1_N2
5873,2,train,1.0853307247161865,pdb_00006plk_I_M
5874,2,train,1.0041707754135132,pdb_00008gs9_H_K
5875,2,train,0.0304242093116045,pdb_00009kfi_S1_S2
5876,2,train,0.24373875558376312,pdb_00006adb_C_D
5877,2,train,0.8441232442855835,pdb_00007ucq_J1_J2
5878,2,train,0.9342024922370911,pdb_00001kb5_H_L
5879,2,train,1.5238770246505737,pdb_00009ma7_B_C
5880,2,train,0.6663628816604614,pdb_00003dvn_H_L
5881,2,train,0.4935680329799652,pdb_00007pqy_B_C
5882,2,train,0.11063411086797714,pdb_00008yky_S1_S2
5883,2,train,0.8865772485733032,pdb_00009f91_A_B
5884,2,train,0.6899440884590149,pdb_00009lsi_C1_D2
5885,2,train,0.8701650500297546,pdb_00008xe9_A_B
5886,2,train,0.019069816917181015,pdb_00007ew3_S1_S2
5887,2,train,1.083889126777649,pdb_00009fys_I_M
5888,2,train,0.014816215261816978,pdb_00007rg9_E1_E2
5889,2,train,0.023013290017843246,pdb_00008iw1_S1_S2
5890,2,train,0.8696572184562683,pdb_00001e6j_H_L
5891,2,train,0.06651408970355988,pdb_00008zd1_S1_S2
5892,2,train,1.6000018119812012,pdb_00008hrd_O_P
5893,2,train,0.7705627083778381,pdb_00009iz9_Q_R
5894,2,train,1.2071022987365723,pdb_00008gpu_F_G
5895,2,train,1.101011037826538,pdb_00009n4e_O_R
5896,2,train,0.865312933921814,pdb_00007lq7_C_D
5897,2,train,0.9218974709510803,pdb_00009mqa_J_N
5898,2,train,0.1155877560377121,pdb_00006ad8_C_D
5899,2,train,0.520486056804657,pdb_00007ul1_H_L
5900,2,train,0.9218866229057312,pdb_00006woz_H_I
5901,2,train,0.566580057144165,pdb_00007mzk_C_D
5902,2,train,0.49295473098754883,pdb_00007qnx_H_L
5903,2,train,0.14373846352100372,pdb_00008dd3_J_I
5904,2,train,0.08988109230995178,pdb_00008e9w_E1_E2
5905,2,train,0.8778612017631531,pdb_00007f3q_C_B
5906,2,train,0.22185614705085754,pdb_00002dqe_H_L
5907,2,train,1.3360176086425781,pdb_00007t01_H_L
5908,2,train,0.05935728922486305,pdb_00008y6w_D1_D2
5909,2,train,0.03565264865756035,pdb_00008hpt_H1_H2
5910,2,train,1.3662415742874146,pdb_00003lqa_H_L
5911,2,train,0.1302180141210556,pdb_00006x3z_K_L
5912,2,train,0.8720784187316895,pdb_00008znz_G_H
5913,2,train,0.017442889511585236,pdb_00008ykx_E1_E2
5914,2,train,0.048343826085329056,pdb_00007udg_E_F
5915,2,train,0.037152018398046494,pdb_00007wyb_E1_E2
5916,2,train,1.2557148933410645,pdb_00005anm_B_A
5917,2,train,0.8579082489013672,pdb_00005vqm_H_L
5918,2,train,0.8332352638244629,pdb_00007zfb_H_L
5919,2,train,0.7601622343063354,pdb_00008too_D_C
5920,2,train,0.018410000950098038,pdb_00007vv3_S1_S2
5921,2,train,1.026321530342102,pdb_00008f6o_A_B
5922,2,train,0.027162393555045128,pdb_00007xwo_E1_E2
5923,2,train,0.026883091777563095,pdb_00008hcq_E1_E2
5924,2,train,1.2109827995300293,pdb_00009cq8_G_H
5925,2,train,0.606293797492981,pdb_00006lhq_H_L
5926,2,train,0.7301663756370544,pdb_00007zlg_H_L
5927,2,train,1.1139256954193115,pdb_00008sdh_C_D
5928,2,train,1.2630141973495483,pdb_00008bbo_H_L
5929,2,train,0.7299419045448303,pdb_00008vgj_K_L
5930,2,train,0.08392918854951859,pdb_00002h2p_C_D
5931,2,train,1.0907073020935059,pdb_00007tbf_H_L
5932,2,train,0.08711939305067062,pdb_00008evi_M1_M2
5933,2,train,0.04587279632687569,pdb_00008k9k_H1_H2
5934,2,train,1.08716881275177,pdb_00009shd_H_L
5935,2,train,0.6842710375785828,pdb_00009iw2_H_L
5936,2,train,1.279937982559204,pdb_00009f90_A_B
5937,2,train,0.01662679947912693,pdb_00009oxa_D1_D2
5938,2,train,1.746446967124939,pdb_00006cvk_A2_A1
5939,2,train,0.6982933878898621,pdb_00008hq7_M_N
5940,2,train,1.0543646812438965,pdb_00007wph_E_D
5941,2,train,0.06712441891431808,pdb_00005j9p_A_B
5942,2,train,0.6819344758987427,pdb_00008zh7_B_C
5943,2,train,1.0358999967575073,pdb_00009h4r_H_L
5944,2,train,0.023093800991773605,pdb_00009m2f_S1_S2
5945,2,train,0.036807335913181305,pdb_00008h8j_H1_H2
5946,2,train,0.7552923560142517,pdb_00005kvf_H_L
5947,2,train,0.8082749843597412,pdb_00007yrf_F_E
5948,2,train,1.0773093700408936,pdb_00004d9r_H_L
5949,2,train,0.9587939977645874,pdb_00007t0w_H_L
5950,2,train,0.8689740896224976,pdb_00008gpy_E1_E2
5951,2,train,0.9177061915397644,pdb_00008w86_A_B
5952,2,train,0.6381180286407471,pdb_00008zbb_H_L
5953,2,train,1.154808521270752,pdb_00009os5_G_J
5954,2,train,1.0155106782913208,pdb_00006t9d_AAA_BBB
5955,2,train,0.35438039898872375,pdb_00001ic7_H_L
5956,2,train,0.015451896004378796,pdb_00007vih_E1_E2
5957,2,train,1.9447295665740967,pdb_00005dfw_H1_H2
5958,2,train,0.016193268820643425,pdb_00009j5v_S1_S2
5959,2,train,0.9015606641769409,pdb_00007x6o_C_D
5960,2,train,0.6210164427757263,pdb_00009u5p_P_Q
5961,2,train,0.6885964870452881,pdb_00006z3p_H_L
5962,2,train,0.03799337148666382,pdb_00008ija_S1_S2
5963,2,train,0.021976953372359276,pdb_00007s8l_E1_E2
5964,2,train,0.6259468793869019,pdb_00007rks_I_M
5965,2,train,0.05106399953365326,pdb_00007w6p_H1_H2
5966,2,train,0.06441935151815414,pdb_00008evh_N1_N2
5967,2,train,1.1094013452529907,pdb_00009dn2_J_N
5968,2,train,0.05479155480861664,pdb_00008j21_B1_B2
5969,2,train,0.6731232404708862,pdb_00007kf0_H_L
5970,2,train,0.727416455745697,pdb_00009jeb_A1_A2
5971,2,train,0.6459082365036011,pdb_00008vgl_H_L
5972,2,train,1.176938533782959,pdb_00009oco_H_L
5973,2,train,1.0613385438919067,pdb_00009npg_G_H
5974,2,train,0.7224944233894348,pdb_00008tx3_E_J
5975,2,train,0.01350695826113224,pdb_00007rbt_E1_E2
5976,2,train,0.5535151362419128,pdb_00006ii8_H_L
5977,2,train,0.5821470618247986,pdb_00007f6y_H_L
5978,2,train,1.1317850351333618,pdb_00009e3k_H_L
5979,2,train,0.7853605151176453,pdb_00001bql_H_L
5980,2,train,0.10728327184915543,pdb_00009drx_J_I
5981,2,train,0.4702753722667694,pdb_00004tsb_H_L
5982,2,train,0.04557471722364426,pdb_00009vif_S1_S2
5983,2,train,0.9862635135650635,pdb_00009oao_H_L
5984,2,train,1.1537187099456787,pdb_00004lvh_H_I
5985,2,train,0.09461899846792221,pdb_00008ubj_M2_M1
5986,2,train,0.6145577430725098,pdb_00002wuc_H_L
5987,2,train,0.6255086660385132,pdb_00006b3s_H_L
5988,2,train,0.8956384062767029,pdb_00006ww5_C_D
5989,2,train,0.03446066007018089,pdb_00003zdz_E_F
5990,2,train,0.5284389853477478,pdb_00007x66_H_L
5991,2,train,0.5594180822372437,pdb_00005yoy_I_F
5992,2,train,0.7625172138214111,pdb_00001kir_B_A
5993,2,train,1.2964649200439453,pdb_00008kdr_H_L
5994,2,train,1.1614083051681519,pdb_00008d9y_F_E
5995,2,train,0.8517458438873291,pdb_00007z0y_H_L
5996,2,train,0.03304286301136017,pdb_00002exy_E_F
5997,2,train,0.7702532410621643,pdb_00008sxp_H_L
5998,2,train,0.041158538311719894,pdb_00007vdm_S1_S2
5999,2,train,0.47398141026496887,pdb_00005bo1_I_M
6000,2,train,0.01637553796172142,pdb_00008i9l_H1_H2
6001,2,train,0.7243369221687317,pdb_00006dkj_H_L
6002,2,train,0.014673778787255287,pdb_00007s8p_E1_E2
6003,2,train,0.054799940437078476,pdb_00008evi_N1_N2
6004,2,train,0.027889074757695198,pdb_00008j6l_H1_H2
6005,2,train,1.5122191905975342,pdb_00004kuc_H_D
6006,2,train,0.9132982492446899,pdb_00001oak_H_L
6007,2,train,1.0862911939620972,pdb_00008gsd_H_L
6008,2,train,1.203505516052246,pdb_00007bsc_H_L
6009,2,train,0.02647881768643856,pdb_00007uk9_E_F
6010,2,train,0.012389302253723145,pdb_00009lrd_E1_E2
6011,2,train,1.0855884552001953,pdb_00002vis_B_A
6012,2,train,0.5560234785079956,pdb_00007jmo_H_L
6013,2,train,0.7969386577606201,pdb_00009dzg_H_L
6014,2,train,0.809176504611969,pdb_00006xq2_F_E
6015,2,train,1.3548532724380493,pdb_00009mtk_H_L
6016,2,train,1.1480151414871216,pdb_00007uvs_A_B
6017,2,train,0.01819702796638012,pdb_00008x9t_S1_S2
6018,2,train,0.022564755752682686,pdb_00008y73_E1_E2
6019,2,train,0.6501080393791199,pdb_00008ywx_E_D
6020,2,train,0.856777012348175,pdb_00007pa7_ddd2_ddd1
6021,2,train,0.009122113697230816,pdb_00008k2x_S1_S2
6022,2,train,1.2062301635742188,pdb_00008tzw_H_L
6023,2,train,0.011492165736854076,pdb_00008hnm_S1_S2
6024,2,train,0.9471097588539124,pdb_00006wtu_E_F
6025,2,train,0.07354084402322769,pdb_00002exw_E_F
6026,2,train,0.036904655396938324,pdb_00008x8l_E1_E2
6027,2,train,0.6583272218704224,pdb_00009clp_H_L
6028,2,train,0.007840389385819435,pdb_00009le1_S1_S2
6029,2,train,0.548948347568512,pdb_00001vfb_B_A
6030,2,train,0.01260717399418354,pdb_00009uk2_E1_E2
6031,2,train,1.5714620351791382,pdb_00007ey5_B_C
6032,2,train,1.052396535873413,pdb_00006mlm_K_L
6033,2,train,2.055631637573242,pdb_00008cdd_E_D
6034,2,train,0.8624749183654785,pdb_00007zmk_P_Q
6035,2,train,0.01988978683948517,pdb_00009vi9_S1_S2
6036,2,train,1.0176125764846802,pdb_00009eti_H_L
6037,2,train,0.05240187793970108,pdb_00008yn4_E1_E2
6038,2,train,0.8438249230384827,pdb_00009q7b_L_M
6039,2,train,1.0186688899993896,pdb_00004lmq_E_I
6040,2,train,0.060212817043066025,pdb_00006k5i_E_F
6041,2,train,0.006897865794599056,pdb_00009cm3_N1_N2
6042,2,train,0.9674164652824402,pdb_00003v6z_C_D
6043,2,train,0.9254595637321472,pdb_00008sdh_H_L
6044,2,train,0.8627886772155762,pdb_00009ma0_B_C
6045,2,train,0.006269387900829315,pdb_00009uam_E1_E2
6046,2,train,1.1198779344558716,pdb_00007u9e_H1_H2
6047,2,train,0.010720408521592617,pdb_00008xwp_D1_D2
6048,2,train,0.3807471692562103,pdb_00009oum_H_L
6049,2,train,0.8007569313049316,pdb_00009ban_E_F
6050,2,train,0.483654260635376,pdb_00005bo1_H_L
6051,2,train,0.7985367178916931,pdb_00009cff_H_L
6052,2,train,0.48493117094039917,pdb_00007kmh_A_B
6053,2,train,0.4267331063747406,pdb_00007vgs_F_E
6054,2,train,0.599602460861206,pdb_00008dww_Z_Y
6055,2,train,0.05049517750740051,pdb_00007t8x_E1_E2
6056,2,train,0.052446503192186356,pdb_00006xbk_S1_S2
6057,2,train,0.5016754269599915,pdb_00008dww_V_U
6058,2,train,0.7701923251152039,pdb_00008jqn_h_l
6059,2,train,0.44254958629608154,pdb_00006txz_H_L
6060,2,train,0.29812541604042053,pdb_00006w0a_A_B
6061,2,train,0.06431139260530472,pdb_00007dfl_C1_C2
6062,2,train,0.024842310696840286,pdb_00007eo4_E1_E2
6063,2,train,0.06432066857814789,pdb_00008u9s_M2_M1
6064,2,train,0.7125144004821777,pdb_00003ri5_G_K
6065,2,train,0.6349919438362122,pdb_00008i0n_H_L
6066,2,train,0.05844784900546074,pdb_00002fed_E_F
6067,2,train,1.1591782569885254,pdb_00007m7w_H_L
6068,2,train,1.0033589601516724,pdb_00009wsv_H_L
6069,2,train,0.7233254313468933,pdb_00002jix_F_A
6070,2,train,0.433578222990036,pdb_00003b2u_N_O
6071,2,train,0.6792964339256287,pdb_00005nhr_A_B
6072,2,train,0.9694393277168274,pdb_00009npg_D_E
6073,2,train,1.2137246131896973,pdb_00007ezv_M_N
6074,2,train,0.07363035529851913,pdb_00007xau_E1_E2
6075,2,train,1.1583493947982788,pdb_00001ztx_H_L
6076,2,train,0.8698440194129944,pdb_00005x8l_G_L
6077,2,train,0.013640902005136013,pdb_00007yoo_S1_S2
6078,2,train,0.7184963226318359,pdb_00007sco_E_F
6079,2,train,0.9601519107818604,pdb_00008ut2_J_I
6080,2,train,0.7648206949234009,pdb_00004n90_D_E
6081,2,train,0.010156678035855293,pdb_00008xqo_S1_S2
6082,2,train,0.026325203478336334,pdb_00008jlk_S1_S2
6083,2,train,0.8135746121406555,pdb_00009ue8_E_F
6084,2,train,0.1899982988834381,pdb_00002dqg_H_L
6085,2,train,0.7401204705238342,pdb_00009jy1_R_Q
6086,2,train,0.06067495420575142,pdb_00006adb_E_F
6087,2,train,1.3476489782333374,pdb_00008tp5_E_F
6088,2,train,0.019863314926624298,pdb_00008xzj_S1_S2
6089,2,train,0.7822904586791992,pdb_00007lq7_F_G
6090,2,train,1.4898203611373901,pdb_00008ulj_H_L
6091,2,train,0.07821811735630035,pdb_00002vc2_H_L
6092,2,train,0.404009610414505,pdb_00008elp_H_L
6093,2,train,0.5543953776359558,pdb_00008f2j_H_L
6094,2,train,1.2770010232925415,pdb_00007lg6_K_N
6095,2,train,0.8322953581809998,pdb_00007vgr_D_C
6096,2,train,1.2102298736572266,pdb_00009mla_H_K
6097,2,train,0.8841299414634705,pdb_00007dm2_H_L
6098,2,train,0.8249560594558716,pdb_00009me7_I_M
6099,2,train,0.1267894208431244,pdb_00008dd2_J_I
6100,2,train,0.926872968673706,pdb_00001fsk_I_H
6101,2,train,0.011537816375494003,pdb_00009vmn_S1_S2
6102,2,train,1.0944892168045044,pdb_00009mtf_H_L
6103,2,train,0.897328794002533,pdb_00007m42_D_C
6104,2,train,0.9104974865913391,pdb_00006wtu_B_C
6105,2,train,0.048562608659267426,pdb_00008iyw_H1_H2
6106,2,train,0.018291987478733063,pdb_00006n4b_S1_S2
6107,2,train,0.649731457233429,pdb_00001mlc_D_C
6108,2,train,0.4380084276199341,pdb_00006p4a_H_L
6109,2,train,0.03400680795311928,pdb_00008tzq_E1_E2
6110,2,train,0.0190559234470129,pdb_00009ppy_E1_E2
6111,2,train,0.7636650800704956,pdb_00001fbi_H_L
6112,2,train,0.09146088361740112,pdb_00006x3t_J_I
6113,2,train,0.015324948355555534,pdb_00007wu9_S1_S2
6114,2,train,0.8328374028205872,pdb_00002h9g_H_L
6115,2,train,0.9523259401321411,pdb_00009c6y_A_B
6116,2,train,0.8003135323524475,pdb_00005jz7_H_L
6117,2,train,0.009015952236950397,pdb_00006dde_E1_E2
6118,2,train,0.02153690531849861,pdb_00002ht3_C_D
6119,2,train,0.045795515179634094,pdb_00009j0i_S1_S2
6120,2,train,1.2025177478790283,pdb_00006ba5_H_G
6121,2,train,0.01569673977792263,pdb_00002exy_C_D
6122,2,train,0.06905745714902878,pdb_00007tpd_E_F
6123,2,train,0.757032036781311,pdb_00007ley_D_E
6124,2,train,0.5064870715141296,pdb_00005aam_B1_B2
6125,2,train,0.5238229036331177,pdb_00007zfe_J_K
6126,2,train,0.023032212629914284,pdb_00008dwc_E1_E2
6127,2,train,1.288475751876831,pdb_00008tea_H_G
6128,2,train,0.7580671310424805,pdb_00009cq4_H_L
6129,2,train,0.9102905988693237,pdb_00009mtj_M_N
6130,2,train,0.846914529800415,pdb_00007cgw_H_L
6131,2,train,0.6704266667366028,pdb_00007lop_B_C
6132,2,train,0.9262925386428833,pdb_00008u44_V_X
6133,2,train,0.7259806990623474,pdb_00008jin_P2_P1
6134,2,train,0.6689121127128601,pdb_00007d85_E_F
6135,2,train,0.03388621658086777,pdb_00009erx_F1_F2
6136,2,train,0.6288533210754395,pdb_00001dee_F_E
6137,2,train,0.611247718334198,pdb_00005xhv_H_L
6138,2,train,0.8096560835838318,pdb_00007uzc_E_F
6139,2,train,0.5532258152961731,pdb_00007kfw_F_G
6140,2,train,0.6188229918479919,pdb_00007lop_H_L
6141,2,train,0.9643080234527588,pdb_00004v1d_A_B
6142,2,train,0.026982750743627548,pdb_00008xxh_S1_S2
6143,2,train,1.0454968214035034,pdb_00005wko_K_L
6144,2,train,0.0127005185931921,pdb_00009uan_E1_E2
6145,2,train,1.296242117881775,pdb_00007y6l_H_L
6146,2,train,0.8257521390914917,pdb_00001fdl_H_L
6147,2,train,0.9883669018745422,pdb_00009gwt_H_L
6148,2,train,0.4426896870136261,pdb_00007wnb_H_L
6149,2,train,1.356543779373169,pdb_00008ywe_C2_C1
6150,2,train,0.6573311686515808,pdb_00009ib3_H_L
6151,2,train,0.024146782234311104,pdb_00008x8n_E1_E2
6152,2,train,1.1458914279937744,pdb_00002x7l_H_L
6153,2,train,0.03393809497356415,pdb_00007x5h_E1_E2
6154,2,train,1.4945735931396484,pdb_00007ey5_H_L
6155,2,train,0.7900469899177551,pdb_00008gy5_H_L
6156,2,train,0.5429837703704834,pdb_00007pry_A_B
6157,2,train,0.6390146613121033,pdb_00008ywe_B2_B1
6158,2,train,0.010537986643612385,pdb_00007eo2_E1_E2
6159,2,train,0.695096492767334,pdb_00008hpf_M_N
6160,2,train,0.027246035635471344,pdb_00007cvs_E_F
6161,2,train,0.982803463935852,pdb_00009yyu_I_M
6162,2,train,0.12470194697380066,pdb_00002itd_A_B
6163,2,train,0.028226932510733604,pdb_00008i7v_E1_E2
6164,2,train,0.00833943672478199,pdb_00008y62_E1_E2
6165,2,train,0.530047595500946,pdb_00001nbz_B_A
6166,2,train,0.025820603594183922,pdb_00008wwj_E1_E2
6167,2,train,0.01217706874012947,pdb_00009b65_S1_S2
6168,2,train,1.0169168710708618,pdb_00007qnx_A_B
6169,2,train,1.2610695362091064,pdb_00009lae_H_L
6170,2,train,0.9738086462020874,pdb_00009mq9_J_N
6171,2,train,0.9430707693099976,pdb_00007pa7_eee2_eee1
6172,2,train,0.9729918241500854,pdb_00001tpx_B_C
6173,2,train,1.3776825666427612,pdb_00008tpa_D_E
6174,2,train,0.5413973927497864,pdb_00006w41_H_L
6175,2,train,0.04389742389321327,pdb_00008f7q_E1_E2
6176,2,train,1.4804483652114868,pdb_00003lzf_H_L
6177,2,train,0.11688467860221863,pdb_00007cvt_C_D
6178,2,train,0.6686351895332336,pdb_00002eks_B_A
6179,2,train,0.5490735173225403,pdb_00009n7q_E_G
6180,2,train,0.8711805939674377,pdb_00009kve_E_G
6181,2,train,0.11368275433778763,pdb_00007k60_M2_M1
6182,2,train,1.2470555305480957,pdb_00007rr0_B_C
6183,2,train,1.2387919425964355,pdb_00003bsz_N_M
6184,2,train,1.3807569742202759,pdb_00004ubd_G_H
6185,2,train,0.03235608711838722,pdb_00002r9h_E_F
6186,2,train,0.8804017305374146,pdb_00009bdh_H_L
6187,2,train,0.7498563528060913,pdb_00007jum_J1_J2
6188,2,train,1.314990520477295,pdb_00001g9n_H_L
6189,2,train,0.7354046702384949,pdb_00007sk4_D_C
6190,2,train,1.4139209985733032,pdb_00009wai_E_F
6191,2,train,1.0849801301956177,pdb_00006a4k_J_N
6192,2,train,0.1734510064125061,pdb_00001j1o_H_L
6193,2,train,1.3540942668914795,pdb_00004hg4_P_Q
6194,2,train,0.07316809147596359,pdb_00003hpl_A_B
6195,2,train,0.02486102096736431,pdb_00007vie_E1_E2
6196,2,train,0.9820837378501892,pdb_00006jod_H_L
6197,2,train,0.02392098866403103,pdb_00007evy_E1_E2
6198,2,train,0.9830686450004578,pdb_00008g5a_I_M
6199,2,train,1.2119369506835938,pdb_00009vca_H_L
6200,2,train,0.029177796095609665,pdb_00008f7w_E1_E2
6201,2,train,1.3723762035369873,pdb_00008vte_D_C
6202,2,train,0.015645219013094902,pdb_00009jh3_S1_S2
6203,2,train,2.154873847961426,pdb_00008c7h_L_K
6204,2,train,0.016343669965863228,pdb_00009lr2_S1_S2
6205,2,train,0.4980280101299286,pdb_00007zfe_F_G
6206,2,train,1.2085164785385132,pdb_00009oar_B_D
6207,2,train,0.5147788524627686,pdb_00009n7q_D_F
6208,2,train,0.8055210709571838,pdb_00008e2u_H_L
6209,2,train,0.14334747195243835,pdb_00008vrn_J_I
6210,2,train,1.0485107898712158,pdb_00008vk1_F_E
6211,2,train,0.4815537929534912,pdb_00009n7q_H_L
6212,2,train,1.0117229223251343,pdb_00002ybr_D_E
6213,2,train,1.4488688707351685,pdb_00006mtq_H_L
6214,2,train,0.8657161593437195,pdb_00005h35_F_G
6215,2,train,0.8529296517372131,pdb_00006a4k_K_O
6216,2,train,0.8716796636581421,pdb_00008suo_H_L
6217,2,train,1.3586019277572632,pdb_00009y41_H_L
6218,2,train,0.6678867936134338,pdb_00004qci_B_A
6219,2,train,0.9914686679840088,pdb_00006ii9_H_L
6220,2,train,0.4556587338447571,pdb_00001ndm_B_A
6221,2,train,0.039839502424001694,pdb_00009yda_H1_H2
6222,2,train,0.874724268913269,pdb_00009vhz_A_B
6223,2,train,0.9045730233192444,pdb_00007l0l_H_L
6224,2,train,0.05208997428417206,pdb_00007k78_K1_K2
6225,2,train,0.7859958410263062,pdb_00006iap_H_L
6226,2,train,1.3856117725372314,pdb_00007m3l_B_C
6227,2,train,0.03275454789400101,pdb_00007eq1_S1_S2
6228,2,train,1.2514642477035522,pdb_00002zcl_H_L
6229,2,train,0.7460350394248962,pdb_00008vgp_H_L
6230,2,train,0.05090852826833725,pdb_00007k5y_M2_M1
6231,2,train,0.013138243928551674,pdb_00008iu2_S1_S2
6232,2,train,0.7532963752746582,pdb_00007wk0_D_E
6233,2,train,1.290591835975647,pdb_00008eeu_H_L
6234,2,train,0.41124653816223145,pdb_00006vmk_S_R
6235,2,train,0.8106537461280823,pdb_00009cpp_H_L
6236,2,train,1.4624899625778198,pdb_00006d0u_H_I
6237,2,train,0.811571478843689,pdb_00007ucq_K1_K2
6238,2,train,0.5265491008758545,pdb_00004tnw_J_M
6239,2,train,0.801209032535553,pdb_00006ogx_H_L
6240,2,train,0.026834387332201004,pdb_00008yn8_E1_E2
6241,2,train,0.9551702737808228,pdb_00007zfc_H_L
6242,2,train,1.0094716548919678,pdb_00007wro_H_L
6243,2,train,0.015810688957571983,pdb_00007x10_E1_E2
6244,2,train,0.9867146015167236,pdb_00008w86_E_F
6245,2,train,0.5852646231651306,pdb_00007f7h_A_B
6246,2,train,0.07013830542564392,pdb_00007ujk_E_F
6247,2,train,1.045170545578003,pdb_00006t3j_F_G
6248,2,train,0.9882258176803589,pdb_00009js7_J_M
6249,2,train,0.6018306016921997,pdb_00001xgr_B_A
6250,2,train,1.259374976158142,pdb_00006gv1_H_L
6251,2,train,0.9862510561943054,pdb_00007s0x_C_D
6252,2,train,0.053082894533872604,pdb_00007k63_N2_N1
6253,2,train,1.4154523611068726,pdb_00008zd5_H_I
6254,2,train,0.5152236819267273,pdb_00007xcz_D_E
6255,2,train,0.052472855895757675,pdb_00008vfx_M2_M1
6256,2,train,0.7692860960960388,pdb_00003eo1_H_G
6257,2,train,0.9509152770042419,pdb_00003c09_C_B
6258,2,train,0.7273405194282532,pdb_00009n4f_O_P
6259,2,train,1.221342921257019,pdb_00006xpz_E_F
6260,2,train,1.2043211460113525,pdb_00008f6l_A_B
6261,2,train,0.8451181054115295,pdb_00008gv6_G_H
6262,2,train,0.8787466287612915,pdb_00007rku_J_K
6263,2,train,0.2463294267654419,pdb_00008ihf_S1_S2
6264,2,train,0.1898861676454544,pdb_00002h2s_C_D
6265,2,train,0.15141013264656067,pdb_00001j1p_H_L
6266,2,train,0.011698255315423012,pdb_00008xzf_S1_S2
6267,2,train,0.011257989332079887,pdb_00009kfj_S1_S2
6268,2,train,0.6156328916549683,pdb_00008jqn_H_L
6269,2,train,0.03096219338476658,pdb_00002ht2_E_F
6270,2,train,0.7450734972953796,pdb_00009l6c_H_L
6271,2,train,0.6208778619766235,pdb_00009lrf_H_L
6272,2,train,1.448196530342102,pdb_00006ba5_B_A
6273,2,train,0.8415625095367432,pdb_00006uig_B_C
6274,2,train,0.031127234920859337,pdb_00007ew7_E1_E2
6275,2,train,0.46257248520851135,pdb_00007nx7_H_L
6276,2,train,0.8058573007583618,pdb_00007x6o_J_L
6277,2,train,0.036731377243995667,pdb_00002vdq_H_L
6278,2,train,0.03232370316982269,pdb_00007vuz_S1_S2
6279,2,train,0.022684907540678978,pdb_00009ik9_E1_E2
6280,2,train,0.018884604796767235,pdb_00009ldx_S1_S2
6281,2,train,1.0756887197494507,pdb_00007tp3_H_L
6282,2,train,0.5941121578216553,pdb_00006b9z_B_A
6283,2,train,0.13457432389259338,pdb_00001c08_B_A
6284,2,train,0.013974365778267384,pdb_00008zqe_S1_S2
6285,2,train,0.5992404818534851,pdb_00004zff_H_L
6286,2,train,0.8894318342208862,pdb_00004gxu_U_V
6287,2,train,0.0542960949242115,pdb_00008xjn_E1_E2
6288,2,train,0.8075045347213745,pdb_00008dnn_B_C
6289,2,train,0.04451777786016464,pdb_00007ej0_H1_H2
6290,2,train,0.7151751518249512,pdb_00009jy4_P_O
6291,2,train,0.010868143290281296,pdb_00009cgj_E1_E2
6292,2,train,1.0723265409469604,pdb_00002x7l_C_D
6293,2,train,0.020999334752559662,pdb_00003t3m_H_L
6294,2,train,0.8383241891860962,pdb_00008q6j_D_C
6295,2,train,0.6426147222518921,pdb_00004dkf_H_L
6296,2,train,0.3309100270271301,pdb_00009our_J_K
6297,2,train,0.020731395110487938,pdb_00008wwn_E1_E2
6298,2,train,0.46151483058929443,pdb_00007ch5_H_L
6299,2,train,0.6954209804534912,pdb_00004yk4_C_B
6300,2,train,1.3231130838394165,pdb_00005w3e_E_G
6301,2,train,0.9189936518669128,pdb_00007rk1_C1_C2
6302,2,train,0.5965645909309387,pdb_00007zf9_A_B
6303,2,train,1.35591721534729,pdb_00009mth_M_N
6304,2,train,0.49154427647590637,pdb_00007x1m_H_L
6305,2,train,0.03454560041427612,pdb_00008k3z_S1_S2
6306,2,train,0.05838298425078392,pdb_00002itc_A_B
6307,2,train,0.7100164890289307,pdb_00007bpk_C_D
6308,2,train,1.1106081008911133,pdb_00007t3d_O_Q
6309,2,train,1.039902925491333,pdb_00006vc9_H_L
6310,2,train,1.2220298051834106,pdb_00004ffv_D_C
6311,2,train,0.5673078298568726,pdb_00008jel_C_D
6312,2,train,0.8810799717903137,pdb_00006k7o_F_G
6313,2,train,0.7080770134925842,pdb_00002i9l_B_A
6314,2,train,0.9240922331809998,pdb_00008bg1_G_H
6315,2,train,1.0793023109436035,pdb_00008d9y_H_G
6316,2,train,1.4280918836593628,pdb_00008tfn_H_L
6317,2,train,0.5091444849967957,pdb_00004hjg_B_A
6318,2,train,0.03219355642795563,pdb_00009plo_S1_S2
6319,2,train,0.4113163352012634,pdb_00008i5h_E_F
6320,2,train,0.04822521284222603,pdb_00007m2j_A_B
6321,2,train,1.1641350984573364,pdb_00008zd5_E_F
6322,2,train,1.0659682750701904,pdb_00001nsn_H_L
6323,2,train,0.7015107870101929,pdb_00009iz9_O_P
6324,2,train,0.051555175334215164,pdb_00006k5d_E_F
6325,2,train,0.7793078422546387,pdb_00008ee8_D_C
6326,2,train,0.3265936076641083,pdb_00001xgu_B_A
6327,2,train,0.724820613861084,pdb_00005jz7_C_D
6328,2,train,1.1341768503189087,pdb_00007l7e_E_F
6329,2,train,0.03335361182689667,pdb_00004z7n_E_F
6330,2,train,1.3715579509735107,pdb_00009e3l_K_L
6331,2,train,1.2400344610214233,pdb_00008erq_H_L
6332,2,train,0.5926719307899475,pdb_00009cq4_C_D
6333,2,train,0.857977569103241,pdb_00009hub_I_M
6334,2,train,0.034677982330322266,pdb_00007y67_S1_S2
6335,2,train,0.1193740963935852,pdb_00008zbe_E1_E2
6336,2,train,0.34281596541404724,pdb_00009zq9_I2_I1
6337,2,train,0.38651204109191895,pdb_00007s0b_A_B
6338,2,train,0.8223608136177063,pdb_00007fcp_B_D
6339,2,train,0.0419539138674736,pdb_00009ns9_N1_N2
6340,2,train,1.3089380264282227,pdb_00008hgm_C_D
6341,2,train,1.0046429634094238,pdb_00007ec5_E_F
6342,2,train,1.4854077100753784,pdb_00005hbt_D_C
6343,2,train,1.0836796760559082,pdb_00009j4c_H_L
6344,2,train,1.2722678184509277,pdb_00004ffw_H_L
6345,2,train,1.0405621528625488,pdb_00008hpu_H_L
6346,2,train,0.9727044105529785,pdb_00008eed_I_J
6347,2,train,1.1014271974563599,pdb_00004am0_C_D
6348,2,train,0.33400604128837585,pdb_00009zqc_I2_I1
6349,2,train,0.03725798800587654,pdb_00007trk_H1_H2
6350,2,train,1.2154152393341064,pdb_00003klh_D_C
6351,2,train,0.9341170191764832,pdb_00005ugy_J_N
6352,2,train,0.06948210299015045,pdb_00006e0p_N1_N2
6353,2,train,0.4148428440093994,pdb_00003rhw_J_M
6354,2,train,0.029280338436365128,pdb_00007y66_S1_S2
6355,2,train,0.9003332257270813,pdb_00009npg_A_B
6356,2,train,0.7170880436897278,pdb_00007dk2_A_B
6357,2,train,0.0142997857183218,pdb_00008eit_E1_E2
6358,2,train,0.00949171930551529,pdb_00008vve_E1_E2
6359,2,train,0.7576147317886353,pdb_00007rxl_C_D
6360,2,train,1.669263243675232,pdb_00003mj9_H_L
6361,2,train,0.5585600733757019,pdb_00005aaw_B1_B2
6362,2,train,1.210520625114441,pdb_00004xhj_H_G
6363,2,train,0.140142023563385,pdb_00009ge3_F1_F2
6364,2,train,0.86045241355896,pdb_00008dwx_X_W
6365,2,train,0.3913552761077881,pdb_00006txz_K_O
6366,2,train,0.6571584343910217,pdb_00003v4p_M_N
6367,2,train,0.8481464385986328,pdb_00008ol9_B_A
6368,2,train,0.10721863061189651,pdb_00008jt6_E1_E2
6369,2,train,1.2262928485870361,pdb_00003mxw_H_L
6370,2,train,0.6685988903045654,pdb_00009lae_A_B
6371,2,train,0.8953694105148315,pdb_00007bbj_M_N
6372,2,train,0.8773832321166992,pdb_00008sdf_H_L
6373,2,train,0.490394651889801,pdb_00008bcz_C_D
6374,2,train,0.017702482640743256,pdb_00009izf_S1_S2
6375,2,train,0.8959464430809021,pdb_00007rxj_H_L
6376,2,train,0.7132000923156738,pdb_00004gxu_Q_R
6377,2,train,0.4841514825820923,pdb_00008jen_A_B
6378,2,train,0.027047475799918175,pdb_00008utd_D1_D2
6379,2,train,1.356369972229004,pdb_00008rmy_E_F
6380,2,train,0.010020227171480656,pdb_000021ag_S1_S2
6381,2,train,1.1916924715042114,pdb_00007shy_I_J
6382,2,train,0.9011659622192383,pdb_00006ogx_C_D
6383,2,train,0.008870556950569153,pdb_00007yj4_S1_S2
6384,2,train,0.6768462657928467,pdb_00008w2e_D_C
6385,2,train,0.8974685072898865,pdb_00006vvu_H_L
6386,2,train,0.041458774358034134,pdb_00008xqe_S1_S2
6387,2,train,0.7567356824874878,pdb_00009hhr_F_E
6388,2,train,0.5003602504730225,pdb_00004tnw_Y_g
6389,2,train,0.8914088010787964,pdb_00007pry_H_L
6390,2,train,0.45592862367630005,pdb_00008jen_E_F
6391,2,train,0.013729394413530827,pdb_00008jhy_S1_S2
6392,2,train,0.7335487008094788,pdb_00004dgi_H_L
6393,2,train,0.8656671047210693,pdb_00004oii_H_L
6394,2,train,0.8607838749885559,pdb_00008cma_H_L
6395,2,train,0.018196042627096176,pdb_00009f33_E1_E2
6396,2,train,0.7385229468345642,pdb_00004gxu_S_T
6397,2,train,0.5831688642501831,pdb_00008h7z_F_I
6398,2,train,1.1893821954727173,pdb_00005a3i_C_D
6399,2,train,0.8270463347434998,pdb_00009cfe_A_B
6400,2,train,0.9179902672767639,pdb_00007xda_B_C
6401,2,train,0.8196192979812622,pdb_00006hxw_H_L
6402,2,train,1.0911426544189453,pdb_00009ma7_F_G
6403,2,train,0.030045462772250175,pdb_00002ht4_E_F
6404,2,train,1.4573813676834106,pdb_00009mth_H_L
6405,2,train,1.0516188144683838,pdb_00009h4s_X_Y
6406,2,train,0.9347674250602722,pdb_00009h4s_H_L
6407,2,train,0.394416481256485,pdb_00009nz3_F_E
6408,2,train,1.1012804508209229,pdb_00007uzd_H_L
6409,2,train,1.6082440614700317,pdb_00006wmw_H_L
6410,2,train,0.06106345355510712,pdb_00008evg_M1_M2
6411,2,train,0.8208603262901306,pdb_00009lho_O_N
6412,2,train,0.5294739007949829,pdb_00009cpu_F_G
6413,2,train,0.015828242525458336,pdb_00008jxv_E1_E2
6414,2,train,1.2950416803359985,pdb_00006ba5_D_C
6415,2,train,1.041150689125061,pdb_00008gpu_C_D
6416,2,train,0.9158066511154175,pdb_00008f6x_F1_F2
6417,2,train,0.01828829012811184,pdb_00008dzr_E1_E2
6418,2,train,0.7713186740875244,pdb_00007rk1_D1_D2
6419,2,train,0.036507587879896164,pdb_00009iy8_S1_S2
6420,2,train,0.5265645384788513,pdb_00008w2e_F_E
6421,2,train,0.02433665283024311,pdb_00009kpe_S1_S2
6422,2,train,1.516767978668213,pdb_00009e3h_H_L
6423,2,train,0.9638335704803467,pdb_00006hjp_G_H
6424,2,train,1.0799174308776855,pdb_00007w71_H_L
6425,2,train,0.9722713232040405,pdb_00008el2_H_L
6426,2,train,0.3866833746433258,pdb_00009exa_F_E
6427,2,train,0.8400560617446899,pdb_00009bt5_E_F
6428,2,train,1.2657557725906372,pdb_00008dwy_H_L
6429,2,train,0.016201235353946686,pdb_00007t6v_E1_E2
6430,2,train,0.9736040234565735,pdb_00003qum_K_M
6431,2,train,0.8535220623016357,pdb_00009ctw_F_E
6432,2,train,0.9136863350868225,pdb_00006ss4_HHH_LLL
6433,2,train,0.49560829997062683,pdb_00007sts_A_B
6434,2,train,0.39708682894706726,pdb_00004tnw_F_N
6435,2,train,0.7649154663085938,pdb_00006cyf_U_T
6436,2,train,1.5143320560455322,pdb_00009ivj_H_L
6437,2,train,0.056324105709791183,pdb_00009kfk_S1_S2
6438,2,train,0.1348622739315033,pdb_00003gb7_A_B
6439,2,train,0.0968814492225647,pdb_00003ejy_C_D
6440,2,train,0.7701417207717896,pdb_00006wzl_A_B
6441,2,train,0.019850315526127815,pdb_00008gag_S1_S2
6442,2,train,0.9970505833625793,pdb_00002x7l_J_K
6443,2,train,0.6676051020622253,pdb_00001g7h_B_A
6444,2,train,0.9555957317352295,pdb_00009c0v_H_L
6445,2,train,0.06538447737693787,pdb_00008j6p_S1_S2
6446,2,train,0.5895209908485413,pdb_00008jel_F_G
6447,2,train,0.7266269326210022,pdb_00002i9l_H_G
6448,2,train,0.8743318319320679,pdb_00007ahu_B_A
6449,2,train,0.7855547070503235,pdb_00007ua8_H1_H2
6450,2,train,0.6652612686157227,pdb_00003dvg_B_A
6451,2,train,0.580125093460083,pdb_00007y7m_F_G
6452,2,train,0.6044080257415771,pdb_00003nh7_K_O
6453,2,train,0.6673079133033752,pdb_00007dk2_G_H
6454,2,train,0.8632737994194031,pdb_00001dzb_B1_B2
6455,2,train,1.259477138519287,pdb_00004u6h_A_B
6456,2,train,0.02905960939824581,pdb_00009v2n_S1_S2
6457,2,train,1.123029112815857,pdb_00007dm1_F_E
6458,2,train,0.7856906652450562,pdb_00008cz8_A2_A1
6459,2,train,0.09615039080381393,pdb_00006x3s_J_I
6460,2,train,1.0523889064788818,pdb_00007dm1_D_C
6461,2,train,0.5476750731468201,pdb_00005aaw_K1_K2
6462,2,train,0.016324151307344437,pdb_00008jxt_E1_E2
6463,2,train,0.6596700549125671,pdb_00005xhv_P_Q
6464,2,train,0.9235379099845886,pdb_00009iru_B_A
6465,2,train,0.862888514995575,pdb_00008sit_H_L
6466,2,train,0.7383669018745422,pdb_00008cn9_B_A
6467,2,train,0.9535902738571167,pdb_00009ci8_B_A
6468,2,train,1.0285552740097046,pdb_00009sat_H_L
6469,2,train,0.7832705974578857,pdb_00004np4_H_L
6470,2,train,0.5995078086853027,pdb_00009u5p_B_C
6471,2,train,0.15233828127384186,pdb_00002dqi_H_L
6472,2,train,1.142752766609192,pdb_00007unb_H_L
6473,2,train,0.9603500962257385,pdb_00007det_D1_D2
6474,2,train,0.7662292122840881,pdb_00008ebp_H_L
6475,2,train,0.8923396468162537,pdb_00008dce_H1_H2
6476,2,train,0.5411131381988525,pdb_00008dn6_C_D
6477,2,train,0.0226763803511858,pdb_00007ejk_H1_H2
6478,2,train,0.0178650114685297,pdb_000022es_E1_E2
6479,2,train,0.893218457698822,pdb_00007k9z_B_A
6480,2,train,1.9657219648361206,pdb_00008tzn_G_H
6481,2,train,1.3597837686538696,pdb_00009mtl_M_N
6482,2,train,1.3638784885406494,pdb_00008w5h_H_L
6483,2,train,0.5402965545654297,pdb_00003dvn_B_A
6484,2,train,0.5191110372543335,pdb_00008j26_B_A
6485,2,train,0.5902925133705139,pdb_00008jkh_H_L
6486,2,train,1.0632253885269165,pdb_00009b2m_E_F
6487,2,train,0.10871578007936478,pdb_00007u9f_E_F
6488,2,train,0.691663920879364,pdb_00007jmw_H_L
6489,2,train,0.6890214085578918,pdb_00009lho_T_S
6490,2,train,0.46467339992523193,pdb_00008z2e_H_L
6491,2,train,0.45843327045440674,pdb_00008jen_C_D
6492,2,train,0.8934009075164795,pdb_00007ua2_B1_B2
6493,2,train,0.051164280623197556,pdb_00007vla_S1_S2
6494,2,train,0.04861161485314369,pdb_00002vdm_H_L
6495,2,train,1.0898383855819702,pdb_00009y0e_A_B
6496,2,train,1.1155515909194946,pdb_00009n4e_K_M
6497,2,train,0.37551653385162354,pdb_00007x1m_C_D
6498,2,train,0.48523613810539246,pdb_00007c01_H_L
6499,2,train,0.8906224966049194,pdb_00009js7_I_L
6500,2,train,1.0354939699172974,pdb_00009kve_A_B
6501,2,train,0.9717333912849426,pdb_00008khr_H_L
6502,2,train,0.019304119050502777,pdb_00008xqf_S1_S2
6503,2,train,0.8824144601821899,pdb_00008ut2_H_G
6504,2,train,1.1894701719284058,pdb_00001fj1_B_A
6505,2,train,0.011268156580626965,pdb_00007w2z_S1_S2
6506,2,train,0.8556013107299805,pdb_00008jqm_M_N
6507,2,train,0.7799475789070129,pdb_00006vvu_G_I
6508,2,train,0.6050005555152893,pdb_00009lho_I_H
6509,2,train,0.8562575578689575,pdb_00006k7o_D_E
6510,2,train,0.7707177996635437,pdb_00008bg5_A1_A2
6511,2,train,0.8119144439697266,pdb_00004hg4_R_S
6512,2,train,0.8779696226119995,pdb_00005wko_I_J
6513,2,train,0.852590024471283,pdb_00004hg4_J_K
6514,2,train,0.08165861666202545,pdb_00002ht3_E_F
6515,2,train,0.9562945365905762,pdb_00007q6c_H_L
6516,2,train,0.016048962250351906,pdb_00008jlr_S1_S2
6517,2,train,0.6962099075317383,pdb_00006gv4_H_L
6518,2,train,0.9171064496040344,pdb_00005umi_H_L
6519,2,train,0.762488603591919,pdb_00002vwe_E_C
6520,2,train,0.7909218668937683,pdb_00009me5_I_M
6521,2,train,0.01952996477484703,pdb_00008jgb_S1_S2
6522,2,train,0.02225971780717373,pdb_00008h0p_E1_E2
6523,2,train,0.561832845211029,pdb_00001g7m_B_A
6524,2,train,0.5424011945724487,pdb_00003b2u_T_U
6525,2,train,0.5067570805549622,pdb_00007kfw_H_L
6526,2,train,1.031977891921997,pdb_00009n5z_A_B
6527,2,train,0.7416077256202698,pdb_00005jz7_J_K
6528,2,train,1.2118033170700073,pdb_00007mzj_N_M
6529,2,train,0.013795197941362858,pdb_00009buy_E1_E2
6530,2,train,0.011296004988253117,pdb_00009bqj_E1_E2
6531,2,train,0.8323276042938232,pdb_00007wur_G_H
6532,2,train,0.7609415650367737,pdb_00009fys_B_C
6533,2,train,0.032077908515930176,pdb_00004z7o_E_F
6534,2,train,0.8529909253120422,pdb_00008sdf_B_C
6535,2,train,0.01403091475367546,pdb_00009x20_E1_E2
6536,2,train,0.6000010967254639,pdb_00001ors_B_A
6537,2,train,0.9370527863502502,pdb_00007woc_A_B
6538,2,train,0.7714167237281799,pdb_00007ubs_I1_I2
6539,2,train,0.11665556579828262,pdb_00002dqj_H_L
6540,2,train,1.087058663368225,pdb_00001adq_H_L
6541,2,train,0.17744189500808716,pdb_00006x40_K_L
6542,2,train,0.8834976553916931,pdb_00007l0l_I_K
6543,2,train,0.4103526771068573,pdb_00008i5h_H_L
6544,2,train,0.010896225459873676,pdb_00007qvm_S1_S2
6545,2,train,1.3403581380844116,pdb_00008tp5_H_L
6546,2,train,1.082945466041565,pdb_00006dfi_H_L
6547,2,train,0.038550760596990585,pdb_00007uh8_E_F
6548,2,train,0.031586065888404846,pdb_00008ij3_S1_S2
6549,2,train,0.044458482414484024,pdb_00008jln_S1_S2
6550,2,train,0.6709052920341492,pdb_00009udq_F_A
6551,2,train,0.6852992177009583,pdb_00007dpm_G_H
6552,2,train,0.5861372947692871,pdb_00007yvm_C_A
6553,2,train,0.7457799315452576,pdb_00008hws_D_E
6554,2,train,0.02396879345178604,pdb_00007udh_E_F
6555,2,train,0.14777438342571259,pdb_00008ubi_N2_N1
6556,2,train,1.2703683376312256,pdb_00009hvw_H_L
6557,2,train,0.02639925293624401,pdb_00008ef5_E1_E2
6558,2,train,0.6540738344192505,pdb_00002yss_B_A
6559,2,train,0.94256591796875,pdb_00008u4q_H_L
6560,2,train,0.30339983105659485,pdb_00008i5h_B_C
6561,2,train,0.954409658908844,pdb_00009cpv_H_L
6562,2,train,0.4893389344215393,pdb_00007cho_H_L
6563,2,train,1.1762272119522095,pdb_00007u9w_H1_H2
6564,2,train,0.6500786542892456,pdb_00004hg4_V_W
6565,2,train,0.8545675277709961,pdb_00009npg_K_J
6566,2,train,0.2527783513069153,pdb_00006adc_C_D
6567,2,train,0.03183983266353607,pdb_00006os9_D1_D2
6568,2,train,0.5342649221420288,pdb_00007x63_H_L
6569,2,train,0.8819551467895508,pdb_00007uvq_D_E
6570,2,train,0.5629547834396362,pdb_00006yor_B_C
6571,2,train,1.24336838722229,pdb_00008gb5_I_H
6572,2,train,0.8617494702339172,pdb_00006hjp_I_J
6573,2,train,1.1558239459991455,pdb_00006jep_H_L
6574,2,train,0.023035116493701935,pdb_00009ije_D1_D2
6575,2,train,0.09676124155521393,pdb_00007ubr_E_F
6576,2,train,0.02363162487745285,pdb_00007l1u_H1_H2
6577,2,train,0.705295205116272,pdb_00001tzi_B_A
6578,2,train,0.9786527156829834,pdb_00004ffw_D_C
6579,2,train,1.012505292892456,pdb_00006ban_H_G
6580,2,train,0.6593686938285828,pdb_00008eoo_H_L
6581,2,train,0.17416521906852722,pdb_00003or7_A_B
6582,2,train,1.3229098320007324,pdb_00005d1z_F_E
6583,2,train,0.7454368472099304,pdb_00005ugy_I_M
6584,2,train,0.1843884438276291,pdb_00008ihi_S1_S2
6585,2,train,0.7042774558067322,pdb_00009bt5_C_D
6586,2,train,0.47672319412231445,pdb_00008as0_E_D
6587,2,train,0.014505449682474136,pdb_00007v68_S1_S2
6588,2,train,1.184131145477295,pdb_00009e3h_J_K
6589,2,train,0.022215913981199265,pdb_00009iv1_S1_S2
6590,2,train,0.8104029297828674,pdb_00008zh7_E_F
6591,2,train,0.3621109127998352,pdb_00008wnp_B_A
6592,2,train,0.016587497666478157,pdb_00009ejz_H1_H2
6593,2,train,0.9447657465934753,pdb_00002ybr_A_B
6594,2,train,0.7697732448577881,pdb_00003g6j_F_E
6595,2,train,0.016774168238043785,pdb_00008xzh_S1_S2
6596,2,train,0.8949031233787537,pdb_00001rjl_B_A
6597,2,train,0.8080036044120789,pdb_00007zmk_S_T
6598,2,train,0.01627390831708908,pdb_00008g94_E1_E2
6599,2,train,0.6331065893173218,pdb_00009oj4_B_A
6600,2,train,0.031980689615011215,pdb_00007dw9_S1_S2
6601,2,train,0.8378952741622925,pdb_00005wko_C_D
6602,2,train,0.6517954468727112,pdb_00009ixa_H_L
6603,2,train,0.7107769846916199,pdb_00005wk3_S_R
6604,2,train,0.4248797595500946,pdb_00006b3s_F_G
6605,2,train,0.9320830702781677,pdb_00007t3d_C_D
6606,2,train,0.7002416253089905,pdb_00008tnt_E_D
6607,2,train,0.07051154226064682,pdb_00002hjf_A_B
6608,2,train,0.017168782651424408,pdb_00008t3v_N1_N2
6609,2,train,0.022551169618964195,pdb_00008k6o_S1_S2
6610,2,train,0.725782036781311,pdb_00009og1_B_C
6611,2,train,0.39342883229255676,pdb_00003ri5_J_M
6612,2,train,0.5088203549385071,pdb_00003s37_H_L
6613,2,train,0.018524711951613426,pdb_00009k3f_S1_S2
6614,2,train,1.0225625038146973,pdb_00009mtj_H_L
6615,2,train,0.5442162156105042,pdb_00009jy4_R_Q
6616,2,train,0.47007665038108826,pdb_00007pry_F_G
6617,2,train,0.3784598410129547,pdb_00001dqj_B_A
6618,2,train,1.3727190494537354,pdb_00004g3y_H_L
6619,2,train,0.7610011696815491,pdb_00008ee8_H_L
6620,2,train,0.9159854054450989,pdb_00009mqd_H_L
6621,2,train,0.674996554851532,pdb_00001jhl_H_L
6622,2,train,0.6874443888664246,pdb_00007wwk_I_H
6623,2,train,0.015409454703330994,pdb_00007euo_S1_S2
6624,2,train,0.8719286918640137,pdb_00004f3f_B_A
6625,2,train,0.5641854405403137,pdb_00006ii4_H_L
6626,2,train,1.045146107673645,pdb_00008bcz_H_L
6627,2,train,0.8820717334747314,pdb_00003fku_S1_S2
6628,2,train,0.9988811016082764,pdb_00007yvl_A_C
6629,2,train,1.245274305343628,pdb_00007rco_D_C
6630,2,train,0.8322514891624451,pdb_00007x93_E_F
6631,2,train,1.1188808679580688,pdb_00008w5n_H_L
6632,2,train,0.7749792337417603,pdb_00007vyr_H_L
6633,2,train,0.816074788570404,pdb_00003g6d_H_L
6634,2,train,0.08228730410337448,pdb_00008g05_E1_E2
6635,2,train,0.5107066035270691,pdb_00008bg4_A1_A2
6636,2,train,0.8936846256256104,pdb_00006ii9_M_N
6637,2,train,1.0665048360824585,pdb_00008dwy_V_U
6638,2,train,0.03785117343068123,pdb_00007yon_S1_S2
6639,2,train,0.7805086970329285,pdb_00004okv_C_D
6640,2,train,0.015616205520927906,pdb_00007vfx_S1_S2
6641,2,train,0.9095935821533203,pdb_00006jep_K_I
6642,2,train,0.7536137104034424,pdb_00003vrl_E_F
6643,2,train,0.6959835886955261,pdb_00004odx_H_B
6644,2,train,0.02588782273232937,pdb_00009jks_S1_S2
6645,2,train,0.7760201692581177,pdb_00007ucq_H1_H2
6646,2,train,0.0182173028588295,pdb_00009jlc_S1_S2
6647,2,train,0.44484180212020874,pdb_00007kfv_F_G
6648,2,train,0.4405219554901123,pdb_00007kfv_C_D
6649,2,train,0.014282493852078915,pdb_00009vo1_E1_E2
6650,2,train,0.03144877031445503,pdb_00009m54_S1_S2
6651,2,train,0.5533812642097473,pdb_00008i0n_I_M
6652,2,train,0.014486247673630714,pdb_00007jvr_E1_E2
6653,2,train,0.7451649904251099,pdb_00005wko_A_B
6654,2,train,0.40055665373802185,pdb_00004tsc_H_L
6655,2,train,0.027666185051202774,pdb_00009kz2_H1_H2
6656,2,train,0.09359060972929001,pdb_00002htk_C_D
6657,2,train,0.5170317888259888,pdb_00008f2j_D_F
6658,2,train,0.5351051688194275,pdb_00008smt_D_F
6659,2,train,0.016809692606329918,pdb_00009lre_E1_E2
6660,2,train,1.365418791770935,pdb_00008ezl_H1_H2
6661,2,train,1.3824710845947266,pdb_00006d0u_E_F
6662,2,train,0.9460506439208984,pdb_00007t3d_H_L
6663,2,train,0.019629042595624924,pdb_00007f9z_E1_E2
6664,2,train,0.06428229808807373,pdb_00006dzt_N1_N2
6665,2,train,0.013929780572652817,pdb_00007wy0_C1_C2
6666,2,train,0.08986791968345642,pdb_00007k60_N2_N1
6667,2,train,0.07553441822528839,pdb_00009kt8_E1_E2
6668,2,train,0.8629804253578186,pdb_00004l5f_H_L
6669,2,train,0.8335781693458557,pdb_00003wkm_I_M
6670,2,train,1.317517638206482,pdb_00005w08_Q_R
6671,2,train,0.006188346538692713,pdb_00009vo2_S1_S2
6672,2,train,0.017963433638215065,pdb_00007w0p_S1_S2
6673,2,train,0.6543731093406677,pdb_00008q6j_B_A
6674,2,train,0.9349772930145264,pdb_00008w83_M_N
6675,2,train,0.7129054665565491,pdb_00009hh9_E_D
6676,2,train,1.0049904584884644,pdb_00007kyo_H_L
6677,2,train,1.1535327434539795,pdb_00006wtv_E_F
6678,2,train,0.058560729026794434,pdb_00008vfx_N2_N1
6679,2,train,0.9060115218162537,pdb_00009mif_H_L
6680,2,train,0.022343246266245842,pdb_00002exw_C_D
6681,2,train,0.4898882806301117,pdb_00009hhr_L_H
6682,2,train,1.3291887044906616,pdb_00009cci_B_C
6683,2,train,1.1649426221847534,pdb_00009mtl_I_J
6684,2,train,0.8381180167198181,pdb_00008dwx_Z_Y
6685,2,train,0.04512052237987518,pdb_00008ubj_N2_N1
6686,2,train,0.7240205407142639,pdb_00007wk0_A_B
6687,2,train,1.025229811668396,pdb_00006plk_H_L
6688,2,train,0.03650347888469696,pdb_00003det_E_F
6689,2,train,0.016411105170845985,pdb_00008j19_S1_S2
6690,2,train,0.8539771437644958,pdb_00004nik_B1_B2
6691,2,train,0.028528152033686638,pdb_00008ia8_S1_S2
6692,2,train,0.09369675815105438,pdb_00008zfz_D1_D2
6693,2,train,1.1092396974563599,pdb_00009mla_I_L
6694,2,train,0.5086170434951782,pdb_00006ktr_A_B
6695,2,train,0.008164288476109505,pdb_00006crk_H1_H2
6696,2,train,0.6933472752571106,pdb_00001z3g_I_M
6697,2,train,0.03345911204814911,pdb_00007k63_M2_M1
6698,2,train,0.8340353965759277,pdb_00007zfc_A_B
6699,2,train,0.010511551052331924,pdb_00008iy5_E1_E2
6700,2,train,0.9692512154579163,pdb_00009o7g_C_D
6701,2,train,0.6157830357551575,pdb_00008txu_H_L
6702,2,train,0.9822142720222473,pdb_00009dn2_H_L
6703,2,train,0.8287744522094727,pdb_00009b82_H_L
6704,2,train,0.8991177082061768,pdb_00009hi4_A_B
6705,2,train,0.47172117233276367,pdb_00006b3s_J_K
6706,2,train,0.7799884080886841,pdb_00002iff_H_L
6707,2,train,0.6446936130523682,pdb_00008ut2_L_K
6708,2,train,0.6888637542724609,pdb_00007ucq_I1_I2
6709,2,train,0.8316207528114319,pdb_00007tpj_H_L
6710,2,train,0.712992250919342,pdb_00009fyt_I_M
6711,2,train,0.012886152602732182,pdb_00009k07_E1_E2
6712,2,train,1.312956690788269,pdb_00002hmi_D_C
6713,2,train,0.5103546380996704,pdb_00008jel_A_B
6714,2,train,1.471846103668213,pdb_00007xh8_B_C
6715,2,train,0.7713234424591064,pdb_00007sco_H_L
6716,2,train,1.1197826862335205,pdb_00005dhx_L2_L1
6717,2,train,0.007037848234176636,pdb_00007vv5_S1_S2
6718,2,train,0.7700571417808533,pdb_00007ley_G_F
6719,2,train,0.033770039677619934,pdb_00007ra3_E1_E2
6720,2,train,0.7236405611038208,pdb_00006cyf_M_L
6721,2,train,0.5652785301208496,pdb_00008xsi_H_L
6722,2,train,0.943416178226471,pdb_00005dhx_B2_B1
6723,2,train,0.6489037275314331,pdb_00007keo_E_F
6724,2,train,1.0413227081298828,pdb_00008dis_H_L
6725,2,train,0.011997772380709648,pdb_00009jmc_E1_E2
6726,2,train,0.6913800239562988,pdb_00009mqa_I_M
6727,2,train,0.7396881580352783,pdb_00009cpw_H_L
6728,2,train,1.6374133825302124,pdb_00008jeo_B_C
6729,2,train,1.6367840766906738,pdb_00006uyn_H_L
6730,2,train,0.326205849647522,pdb_00008f2j_A_B
6731,2,train,0.7308793067932129,pdb_00006wzm_C_D
6732,2,train,1.4293196201324463,pdb_00006s3d_E_F
6733,2,train,0.9460183382034302,pdb_00008w5l_H_L
6734,2,train,0.9943690299987793,pdb_00009mtf_I_J
6735,2,train,0.7114642262458801,pdb_00005w0k_E_F
6736,2,train,0.12240715324878693,pdb_00006x3w_K_L
6737,2,train,1.571129322052002,pdb_00009ml8_E_F
6738,2,train,1.4092856645584106,pdb_00006wtv_H_I
6739,2,train,0.022305887192487717,pdb_00007wq3_S1_S2
6740,2,train,1.4532532691955566,pdb_00009l8z_C_B
6741,2,train,0.019039364531636238,pdb_00007trq_H1_H2
6742,2,train,0.2049071341753006,pdb_00008ihb_S1_S2
6743,2,train,0.03221660107374191,pdb_00003ejz_E_F
6744,2,train,0.1030188724398613,pdb_00008w8b_E1_E2
6745,2,train,0.03853799030184746,pdb_00008rql_S1_S2
6746,2,train,0.3561329245567322,pdb_00008jen_G_H
6747,2,train,0.020151758566498756,pdb_00009kvh_E1_E2
6748,2,train,0.7637028098106384,pdb_00008vtd_B_A
6749,2,train,1.3443701267242432,pdb_00008hrd_L_M
6750,2,train,0.04815950617194176,pdb_00007uje_E_F
6751,2,train,0.01390951406210661,pdb_00008jii_S1_S2
6752,2,train,0.5446270108222961,pdb_00006z2m_B_C
6753,2,train,0.5195908546447754,pdb_00007c01_C_D
6754,2,train,0.7880258560180664,pdb_00009kze_H_L
6755,2,train,0.8529035449028015,pdb_00008vgi_K_L
6756,2,train,0.06925641000270844,pdb_00009xhh_D1_D2
6757,2,train,0.7356263995170593,pdb_00005dhy_A_B
6758,2,train,0.021495452150702477,pdb_00008zh8_S1_S2
6759,2,train,0.015606802888214588,pdb_00008yrg_E1_E2
6760,2,train,0.5527244210243225,pdb_00006bah_B_A
6761,2,train,0.09170982241630554,pdb_00008fx5_H1_H2
6762,2,train,0.77845299243927,pdb_00009ue8_I_J
6763,2,train,0.03589369356632233,pdb_00009axf_H1_H2
6764,2,train,0.10221114754676819,pdb_00008sgo_J_I
6765,2,train,0.5661255717277527,pdb_00007dfa_H_L
6766,2,train,1.022629976272583,pdb_00007b0b_H_L
6767,2,train,0.016109220683574677,pdb_00007yu3_S1_S2
6768,2,train,0.6757530570030212,pdb_00009og2_B_C
6769,2,train,0.02996230125427246,pdb_00008k6n_S1_S2
6770,2,train,0.0355357751250267,pdb_00009izg_S1_S2
6771,2,train,0.02230161614716053,pdb_00009oxb_D1_D2
6772,2,train,0.8734549880027771,pdb_00008v5v_f_g
6773,2,train,0.5827884674072266,pdb_00009u5q_B_C
6774,2,train,0.6691298484802246,pdb_00004n90_F_G
6775,2,train,0.7649956345558167,pdb_00009c6y_C_D
6776,2,train,0.8542296290397644,pdb_00007t3d_K_N
6777,2,train,0.7483391165733337,pdb_00007rku_G_I
6778,2,train,1.2782920598983765,pdb_00008jin_B2_B1
6779,2,train,0.046843141317367554,pdb_00008i97_H1_H2
6780,2,train,0.14929063618183136,pdb_00008sid_K_L
6781,2,train,0.10405826568603516,pdb_00003iga_A_B
6782,2,train,0.9593827724456787,pdb_00006a4k_I_M
6783,2,train,0.012203407473862171,pdb_00008vy9_D1_D2
6784,2,train,0.04252965375781059,pdb_00003or6_A_B
6785,2,train,1.137976884841919,pdb_00007jwg_A_B
6786,2,train,1.2483088970184326,pdb_00009mtm_I_J
6787,2,train,0.7336487174034119,pdb_00009ima_C_D
6788,2,train,0.8659664392471313,pdb_00008u4s_F_E
6789,2,train,0.40559425950050354,pdb_00007kfv_H_L
6790,2,train,0.7944892644882202,pdb_00007mxl_H_L
6791,2,train,1.151931643486023,pdb_00005kov_C1_C2
6792,2,train,0.8972175717353821,pdb_00007ttx_H_L
6793,2,train,0.014454299584031105,pdb_00008xbh_S1_S2
6794,2,train,0.9551438093185425,pdb_00003ri5_F_N
6795,2,train,0.03625614568591118,pdb_00009p0k_F1_F2
6796,2,train,0.019886648282408714,pdb_00007cmv_E1_E2
6797,2,train,0.014847174286842346,pdb_00008gus_S1_S2
6798,2,train,0.7151308655738831,pdb_00004lf3_B_A
6799,2,train,0.8715075850486755,pdb_00008xcd_H_L
6800,2,train,0.7519762516021729,pdb_00006cyf_D_C
6801,2,train,0.0692281499505043,pdb_00007xk2_S1_S2
6802,2,train,0.020970148965716362,pdb_00009k3k_S1_S2
6803,2,train,0.3739812970161438,pdb_00007kfy_H_L
6804,2,train,0.3582689166069031,pdb_00003ri5_H_L
6805,2,train,0.4966713786125183,pdb_00006vmk_r_q
6806,2,train,0.8115278482437134,pdb_00004qci_H_L
6807,2,train,0.7091023921966553,pdb_00008too_G_F
6808,2,train,0.5934052467346191,pdb_00008j7e_A_B
6809,2,train,0.8965251445770264,pdb_00008f6x_E1_E2
6810,2,train,0.07296531647443771,pdb_00007tct_H_L
6811,2,train,0.01576831378042698,pdb_00007na7_N1_N2
6812,2,train,0.6753617525100708,pdb_00007qf1_C_B
6813,2,train,0.7533079981803894,pdb_00007jx3_H_L
6814,2,train,0.017468951642513275,pdb_00007xjj_S1_S2
6815,2,train,1.2958319187164307,pdb_00009bhh_T_S
6816,2,train,0.9807252287864685,pdb_00006mlm_F_G
6817,2,train,1.0155744552612305,pdb_00007k9i_H_L
6818,2,train,0.07635330408811569,pdb_00008hvi_H1_H2
6819,2,train,0.013759481720626354,pdb_00008k4s_D1_D2
6820,2,train,0.6736643314361572,pdb_00003wd5_H_L
6821,2,train,0.761023998260498,pdb_00009dru_H_L
6822,2,train,1.2762060165405273,pdb_00009ml8_H_L
6823,2,train,0.666657567024231,pdb_00008jkf_M_N
6824,2,train,0.03368145227432251,pdb_00009ast_E1_E2
6825,2,train,0.016529278829693794,pdb_00007ys6_E1_E2
6826,2,train,0.051325224339962006,pdb_00003zdx_E_F
6827,2,train,1.2670618295669556,pdb_00006ywc_A_B
6828,2,train,0.608308732509613,pdb_00002r0l_H_L
6829,2,train,0.034068167209625244,pdb_00007ufh_E_F
6830,2,train,0.013117042370140553,pdb_00007cmu_E1_E2
6831,2,train,1.1693220138549805,pdb_00007mxl_J_K
6832,2,train,0.6123232841491699,pdb_00007xik_H_L
6833,2,train,0.016565978527069092,pdb_00008sai_S1_S2
6834,2,train,0.3758164048194885,pdb_00009ov4_H_L
6835,2,train,0.08726337552070618,pdb_00001otu_C_D
6836,2,train,1.9726636409759521,pdb_00008v2e_A_B
6837,2,train,0.13002759218215942,pdb_00008id3_S1_S2
6838,2,train,1.8705296516418457,pdb_00006osh_H_L
6839,2,train,0.96641606092453,pdb_00009mla_G_J
6840,2,train,1.341042160987854,pdb_00008cz5_H_L
6841,2,train,0.49428996443748474,pdb_00001z3g_H_L
6842,2,train,0.01421821303665638,pdb_00008fn0_E1_E2
6843,2,train,0.8308568000793457,pdb_00006xy2_H_L
6844,2,train,0.7757880687713623,pdb_00008f0h_H_L
6845,2,train,0.2626674473285675,pdb_00002dqh_H_L
6846,2,train,0.6777869462966919,pdb_00003rhw_G_K
6847,2,train,0.10063113272190094,pdb_00006x3x_J_I
6848,2,train,1.1899338960647583,pdb_00007l5j_W_L
6849,2,train,0.503977358341217,pdb_00008j8r_D_E
6850,2,train,0.809425950050354,pdb_00009b82_I_G
6851,2,train,0.9028697609901428,pdb_00006p4b_H_L
6852,2,train,0.7664970755577087,pdb_00005dhy_H_L
6853,2,train,0.027010513469576836,pdb_00008xml_S1_S2
6854,2,train,0.07061687111854553,pdb_00004fg6_E_F
6855,2,train,0.021046923473477364,pdb_00006kpf_S1_S2
6856,2,train,0.7720645666122437,pdb_00004gxu_O_P
6857,2,train,0.9989368915557861,pdb_00006fax_H_L
6858,2,train,0.9489948153495789,pdb_00008g5a_J_N
6859,2,train,1.073256015777588,pdb_00001bvk_E_D
6860,2,train,1.2081021070480347,pdb_00001eo8_H_L
6861,2,train,0.6358712315559387,pdb_00005nhr_H_L
6862,2,train,0.935467541217804,pdb_00008uzp_H_L
6863,2,train,0.4931774139404297,pdb_00008bg2_C1_C2
6864,2,train,0.9588519334793091,pdb_00008zyf_H_D
6865,2,train,0.5796532034873962,pdb_00008jkh_h_l
6866,2,train,0.9434371590614319,pdb_00009me5_H_L
6867,2,train,0.017858847975730896,pdb_00007na8_N1_N2
6868,2,train,0.5693982243537903,pdb_00008dww_X_W
6869,2,train,1.2488853931427002,pdb_00001t03_H_L
6870,2,train,0.02890380658209324,pdb_00008zjg_S1_S2
6871,2,train,1.2734744548797607,pdb_00009oi3_H_L
6872,2,train,0.7405776381492615,pdb_00008uzp_A_B
6873,2,train,0.7889474630355835,pdb_00004hj0_P_Q
6874,2,train,0.8214757442474365,pdb_00009mkn_J_N
6875,2,train,0.022838246077299118,pdb_00007vgz_F1_F2
6876,2,train,0.011413506232202053,pdb_00007vl8_S1_S2
6877,2,train,0.9743818044662476,pdb_00007rxj_A_B
6878,2,train,0.79466712474823,pdb_00006k7o_B_C
6879,2,train,0.37995898723602295,pdb_00008j24_G1_G2
6880,2,train,0.6466590762138367,pdb_00008g5b_I_M
6881,2,train,0.9856743216514587,pdb_00007xrz_H_L
6882,2,train,0.7088629603385925,pdb_00001za3_B_A
6883,2,train,0.3337279260158539,pdb_00008elq_H_L
6884,2,train,1.0565916299819946,pdb_00009rip_H_L
6885,2,train,0.014372779987752438,pdb_00008h0q_E1_E2
6886,2,train,0.07764524221420288,pdb_00008uh3_E1_E2
6887,2,train,1.0361849069595337,pdb_00006woz_K_L
6888,2,train,0.027451246976852417,pdb_00008sg1_E1_E2
6889,2,train,0.2105993628501892,pdb_00001ic4_H_L
6890,2,train,1.005155086517334,pdb_00007lfa_B_D
6891,2,train,0.07942841947078705,pdb_00009vmg_S1_S2
6892,2,train,0.5561643242835999,pdb_00007xeg_E_F
6893,2,train,0.6016620993614197,pdb_00001dzb_A1_A2
6894,2,train,0.5195505619049072,pdb_00006w0h_A_B
6895,2,train,0.4275541603565216,pdb_00002qr0_N_M
6896,2,train,0.9606835246086121,pdb_00006n5b_H_L
6897,2,train,0.05621561408042908,pdb_00007yac_S1_S2
6898,2,train,1.492475986480713,pdb_00009e3l_G_H
6899,2,train,0.022907989099621773,pdb_00008iru_E1_E2
6900,2,train,0.5795992016792297,pdb_00008oz3_A_B
6901,2,train,0.013190727680921555,pdb_00008k4n_E1_E2
6902,2,train,0.5222890377044678,pdb_00007klg_H_L
6903,2,train,1.214072346687317,pdb_00009cu7_I_M
6904,2,train,0.7931124567985535,pdb_00006h3u_I_M
6905,2,train,0.9664933085441589,pdb_00008i5i_H_L
6906,2,train,1.0568054914474487,pdb_00006jhs_E_D
6907,2,train,0.49579310417175293,pdb_00008tft_I_M
6908,2,train,0.010282585397362709,pdb_00009cgk_E1_E2
6909,2,train,0.4241904318332672,pdb_00006txz_I_M
6910,2,train,0.5752110481262207,pdb_00002eiz_B_A
6911,2,train,0.8727928996086121,pdb_00007det_B1_B2
6912,2,train,0.2073558121919632,pdb_00008u9s_N2_N1
6913,2,train,0.48786935210227966,pdb_00007zf8_H_L
6914,2,train,0.6223595142364502,pdb_00005x8m_B_C
6915,2,train,0.15396542847156525,pdb_00008dd3_K_L
6916,2,train,0.7036818265914917,pdb_00009mqa_H_L
6917,2,train,0.7601995468139648,pdb_00007wh8_B_A
6918,2,train,1.061094880104065,pdb_00005kov_U1_U2
6919,2,train,0.47946596145629883,pdb_00006yz7_HHH_LLL
6920,2,train,0.804893970489502,pdb_00009h4r_X_Y
6921,2,train,1.1082876920700073,pdb_00006flc_H_L
6922,2,train,0.7381486892700195,pdb_00008ebp_I_M
6923,2,train,1.3511767387390137,pdb_00009kve_D_F
6924,2,train,1.716164469718933,pdb_00008s72_H_L
6925,2,train,0.020327085629105568,pdb_00009jr2_S1_S2
6926,2,train,0.04669196531176567,pdb_00003ze1_E_F
6927,2,train,0.7355016469955444,pdb_00007djz_A_B
6928,2,train,0.4401322901248932,pdb_00006xc4_X_Y
6929,2,train,0.1559171825647354,pdb_00002htl_C_D
6930,2,train,0.5456169843673706,pdb_00005xku_C_B
6931,2,train,0.1059989333152771,pdb_00006x40_J_I
6932,2,train,0.10573923587799072,pdb_00008z3q_S1_S2
6933,2,train,1.3127601146697998,pdb_00009mkn_S_T
6934,2,train,1.0296238660812378,pdb_00006wtu_K_L
6935,2,train,0.5655769109725952,pdb_00005nh3_H_L
6936,2,train,0.01287416834384203,pdb_00007f4f_S1_S2
6937,2,train,0.7414698004722595,pdb_00006vja_H_L
6938,2,train,0.7668721079826355,pdb_00007ley_H_I
6939,2,train,1.1427346467971802,pdb_00009mtm_M_N
6940,2,train,0.07231812924146652,pdb_00008yn9_E1_E2
6941,2,train,0.44779330492019653,pdb_00007zfe_M_N
6942,2,train,0.07148870825767517,pdb_00008ubi_M2_M1
6943,2,train,0.7244786024093628,pdb_00004dkf_I_M
6944,2,train,0.9370626211166382,pdb_00007shy_K_L
6945,2,train,0.008099857717752457,pdb_00009u4y_S1_S2
6946,2,train,0.04619733989238739,pdb_00002vdk_H_L
6947,2,train,1.3545595407485962,pdb_00001iqd_B_A
6948,2,train,0.668213427066803,pdb_00007t87_H_L
6949,2,train,0.1143125668168068,pdb_00007mhx_A_B
6950,2,train,0.22819721698760986,pdb_00006w0i_A_B
6951,2,train,0.7651035785675049,pdb_00009ci8_D_C
6952,2,train,1.7085838317871094,pdb_00008v2e_D_E
6953,2,train,1.0726649761199951,pdb_00007l7e_C_D
6954,2,train,0.012362903915345669,pdb_00008zpt_E1_E2
6955,2,train,0.014664413407444954,pdb_00008ykd_S1_S2
6956,2,train,0.42879101634025574,pdb_00006vmk_K_J
6957,2,train,0.2585088610649109,pdb_00001uac_H_L
6958,2,train,0.3868657350540161,pdb_00009ouo_H_L
6959,2,train,0.9043365716934204,pdb_00007zfb_A_B
6960,2,train,0.4213605225086212,pdb_00008wo4_B_A
6961,2,train,0.012811295688152313,pdb_00009jh5_S1_S2
6962,2,train,1.197807788848877,pdb_00008r8k_H_L
6963,2,train,0.8526095747947693,pdb_00008u44_S_T
6964,2,train,0.012996107339859009,pdb_00008hj5_C1_C2
6965,2,train,0.12110092490911484,pdb_00002dqc_H_L
6966,2,train,1.432056188583374,pdb_00005gs0_F_E
6967,2,train,0.04747011512517929,pdb_00008xxr_S1_S2
6968,2,train,0.7197679877281189,pdb_00004hg4_N_O
6969,2,train,0.036105550825595856,pdb_00008thl_F1_F2
6970,2,train,0.025199044495821,pdb_00007w53_E1_E2
6971,2,train,0.02274598367512226,pdb_00007wz7_C1_C2
6972,2,train,0.01893344521522522,pdb_00008yuu_S1_S2
6973,2,train,0.14862096309661865,pdb_00006k5f_E_F
6974,2,train,0.9052653908729553,pdb_00008rrn_C_D
6975,2,train,0.7749197483062744,pdb_00009cn2_B1_B2
6976,2,train,0.36544057726860046,pdb_00009ctu_D_C
6977,2,train,0.804265558719635,pdb_00006osv_H_L
6978,2,train,0.04477803781628609,pdb_00002r9h_C_D
6979,2,train,0.018812410533428192,pdb_00008yn6_E1_E2
6980,2,train,0.014568513259291649,pdb_00008yn2_E1_E2
6981,2,train,0.012846429832279682,pdb_00008e9x_E1_E2
6982,2,train,0.594667911529541,pdb_00008ulf_K_O
6983,2,train,1.139180064201355,pdb_00009kvk_H_L
6984,2,train,0.6862148642539978,pdb_00004hj0_C_D
6985,2,train,0.5495916604995728,pdb_00008xse_M_N
6986,2,train,0.8820981383323669,pdb_00005d1z_G_H
6987,2,train,0.0401659794151783,pdb_00008dzp_E1_E2
6988,2,train,1.1157692670822144,pdb_00008eed_H_L
6989,2,train,0.09371054917573929,pdb_00008ihj_S1_S2
6990,2,train,0.8838984370231628,pdb_00008suo_I_M
6991,2,train,0.01984463259577751,pdb_00007wv9_S1_S2
6992,2,train,0.07989471405744553,pdb_00007uko_E_F
6993,2,train,0.01186320185661316,pdb_00008uuj_D1_D2
6994,2,train,1.053155779838562,pdb_00008y3i_G_H
6995,2,train,1.3671860694885254,pdb_00008dwo_H_L
6996,2,train,0.8494974970817566,pdb_00009lsj_D1_E2
6997,2,train,0.03194521740078926,pdb_00009izd_S1_S2
6998,2,train,0.921696662902832,pdb_00007whz_C_E
6999,2,train,1.3661370277404785,pdb_00004kuc_F_E
7000,2,train,0.7128245830535889,pdb_00006wzm_A_B
7001,2,train,0.2049737423658371,pdb_00009ouq_H_L
7002,2,train,0.7484564185142517,pdb_00009bbn_S_T
7003,2,train,1.3438189029693604,pdb_00008jn1_H_L
7004,2,train,0.8493434190750122,pdb_00004ogx_H_L
7005,2,train,0.01815730147063732,pdb_00007f4h_S1_S2
7006,2,train,1.3327409029006958,pdb_00006s3d_H_L
7007,2,train,0.059137195348739624,pdb_00007vig_E1_E2
7008,2,train,0.02983844466507435,pdb_00007p00_H1_H2
7009,2,train,0.024351032450795174,pdb_00007s8m_E1_E2
7010,2,train,0.6240999698638916,pdb_00009l6c_D_F
7011,2,train,0.51044100522995,pdb_00008smt_H_L
7012,2,train,0.7965036630630493,pdb_00006n5e_H_I
7013,2,train,0.1799883097410202,pdb_00006e0p_M1_M2
7014,2,train,0.39749500155448914,pdb_00006vmk_u_t
7015,2,train,0.02087608352303505,pdb_00008xgm_S1_S2
7016,2,train,0.7333224415779114,pdb_00004f2m_C_D
7017,2,train,0.6928462982177734,pdb_00004hg4_X_Y
7018,2,train,0.7886812090873718,pdb_00007l7e_M_N
7019,2,train,0.6701281070709229,pdb_00007wsi_H_L
7020,2,train,0.9761865735054016,pdb_00006ek2_I1_I2
7021,2,train,0.4326387345790863,pdb_00002qr0_H_G
7022,2,train,0.6966445446014404,pdb_00004okv_A_B
7023,2,train,1.0982675552368164,pdb_00007m7w_A_B
7024,2,train,0.4941662847995758,pdb_00007kmg_D_E
7025,2,train,0.017562400549650192,pdb_00008xgo_D1_D2
7026,2,train,0.02179804816842079,pdb_00007t96_E1_E2
7027,2,train,0.6009469032287598,pdb_00001xiw_H_G
7028,2,train,0.8495493531227112,pdb_00009n8j_B_C
7029,2,train,1.0844502449035645,pdb_00005a3i_G_H
7030,2,train,0.022993054240942,pdb_00008hnk_S1_S2
7031,2,train,0.883404552936554,pdb_00006ii9_P_Q
7032,2,train,0.3518883287906647,pdb_00006zlr_FFF_GGG
7033,2,train,0.43140456080436707,pdb_000011ol_H_L
7034,2,train,0.7945445775985718,pdb_00009mkn_I_M
7035,2,train,0.641306459903717,pdb_00008too_B_A
7036,2,train,1.3221709728240967,pdb_00009kyz_A_B
7037,2,train,1.1398019790649414,pdb_00009oea_H_L
7038,2,train,1.5668895244598389,pdb_00003h3b_C2_C1
7039,2,train,0.902104914188385,pdb_00009os5_H_K
7040,2,train,1.1364091634750366,pdb_00009b2m_J_K
7041,2,train,0.03735460340976715,pdb_00003nid_E_F
7042,2,train,0.7986120581626892,pdb_00005xmh_H_L
7043,2,train,1.0680466890335083,pdb_00007uvq_C_B
7044,2,train,1.4934115409851074,pdb_00005c0n_H_L
7045,2,train,0.9766814708709717,pdb_00002vir_B_A
7046,2,train,0.08632326871156693,pdb_00009v1h_E1_E2
7047,2,train,0.023353073745965958,pdb_00008wrb_E1_E2
7048,2,train,0.012347989715635777,pdb_00009pxv_E1_E2
7049,2,train,0.01608322374522686,pdb_00009l80_S1_S2
7050,2,train,1.080342173576355,pdb_00009ebc_G_H
7051,2,train,0.02316812239587307,pdb_00008u1u_E1_E2
7052,2,train,0.024386905133724213,pdb_00007kh0_S1_S2
7053,2,train,0.15940599143505096,pdb_00007k61_M2_M1
7054,2,train,0.8190617561340332,pdb_00006wzl_C_D
7055,2,train,0.03572380542755127,pdb_00008t3s_N1_N2
7056,2,train,0.723257839679718,pdb_00007rxl_H_L
7057,2,train,0.9029768109321594,pdb_00008cxg_G_I
7058,2,train,0.010595627129077911,pdb_00006xox_E1_E2
7059,2,train,0.03293444588780403,pdb_00007k5y_N2_N1
7060,2,train,0.27696555852890015,pdb_00006k5f_C_D
7061,2,train,1.47164785861969,pdb_00008g5b_J_N
7062,2,train,1.271464467048645,pdb_00004fp8_I_M
7063,2,train,0.09927086532115936,pdb_00002atk_A_B
7064,2,train,0.9352633357048035,pdb_00007uxl_A_B
7065,2,train,0.8771838545799255,pdb_00007qny_A_B
7066,2,train,0.6538200378417969,pdb_00001dee_D_C
7067,2,train,0.702850878238678,pdb_00009vft_F_E
7068,2,train,0.5661906003952026,pdb_00008caf_D_C
7069,2,train,0.7430840730667114,pdb_00007zmk_G_H
7070,2,train,1.0526736974716187,pdb_00007mmo_A_B
7071,2,train,0.005575374700129032,pdb_00008j18_S1_S2
7072,2,train,0.7822359800338745,pdb_00003u30_C_B
7073,2,train,0.02441544644534588,pdb_00007xav_E1_E2
7074,2,train,0.8756420016288757,pdb_00006hjp_K_L
7075,2,train,1.1853981018066406,pdb_00007xj9_K_J
7076,2,train,0.02090647630393505,pdb_00007ukp_E_F
7077,2,train,1.1069124937057495,pdb_00006t9e_HHH_LLL
7078,2,train,0.843695342540741,pdb_00008eoo_F_K
7079,2,train,0.7953817248344421,pdb_00007c81_H_L
7080,2,train,0.01515955850481987,pdb_00009jkt_S1_S2
7081,2,train,0.8949106335639954,pdb_00007rxi_H_L
7082,2,train,1.2497128248214722,pdb_00008zre_H_L
7083,2,train,0.014171953313052654,pdb_00007tuz_E1_E2
7084,2,train,0.8913994431495667,pdb_00007m7w_E_F
7085,2,train,0.6910434365272522,pdb_00008bg3_C1_C2
7086,2,train,1.1094025373458862,pdb_00008sis_H_L
7087,2,train,0.010456392541527748,pdb_00008jlq_S1_S2
7088,2,train,0.5785935521125793,pdb_00009wb3_B_C
7089,2,train,1.025200366973877,pdb_00001p2c_E_D
7090,2,train,1.1778473854064941,pdb_00006hga_H_L
7091,2,train,1.1611406803131104,pdb_00003bsz_H_L
7092,2,train,0.8750757575035095,pdb_00005wko_E_F
7093,2,train,1.2673895359039307,pdb_00008e8r_H_L
7094,2,train,0.025318214669823647,pdb_00009l79_S1_S2
7095,2,train,0.7592504024505615,pdb_00008vgh_K_L
7096,2,train,1.1363264322280884,pdb_00008xa4_C_D
7097,2,train,0.012232275679707527,pdb_00007ew4_S1_S2
7098,2,train,0.010347582399845123,pdb_00009upu_S1_S2
7099,2,train,0.6983487606048584,pdb_00006pe9_E_F
7100,2,train,0.6373513340950012,pdb_00004tnw_W_f
7101,2,train,0.020641736686229706,pdb_00009iza_S1_S2
7102,2,train,0.7677882313728333,pdb_00008y3k_G_H
7103,2,train,0.02494947798550129,pdb_00008jei_S1_S2
7104,2,train,1.0945833921432495,pdb_00008tbq_A_B
7105,2,train,1.1927943229675293,pdb_00008tpa_I_J
7106,2,train,0.08910968899726868,pdb_00008spu_K1_K2
7107,2,train,0.04125455766916275,pdb_00008i9s_H1_H2
7108,2,train,0.9517234563827515,pdb_00007x3c_H_L
7109,2,train,0.010715675540268421,pdb_00009d0a_E1_E2
7110,2,train,1.155141830444336,pdb_00008bcz_A_B
7111,2,train,0.7298186421394348,pdb_00007lq7_T_U
7112,2,train,1.20515775680542,pdb_00003qwo_H_L
7113,2,train,0.7554939389228821,pdb_00007f3q_H_L
7114,2,train,0.03291013464331627,pdb_00002vdo_H_L
7115,2,train,0.8232995271682739,pdb_00008hrd_G_H
7116,2,train,0.014342186972498894,pdb_00007wz4_S1_S2
7117,2,train,0.8695387244224548,pdb_00008w5m_H_L
7118,2,train,0.5552238821983337,pdb_00007xj9_I_H
7119,2,train,1.2962502241134644,pdb_00009ml8_P_Q
7120,2,train,0.029209831729531288,pdb_00009f34_E1_E2
7121,2,train,0.9085549712181091,pdb_00009lp1_A_B
7122,2,train,0.007899625226855278,pdb_00008z7j_S1_S2
7123,2,train,0.02061360515654087,pdb_00007ydj_E1_E2
7124,2,train,0.7844982147216797,pdb_00009b82_P_O
7125,2,train,0.576436460018158,pdb_00005aaw_A1_A2
7126,2,train,0.06700830906629562,pdb_00007u0i_K1_K2
7127,2,train,0.013573253527283669,pdb_00008jil_S1_S2
7128,2,train,0.5402912497520447,pdb_00004ioi_B_A
7129,2,train,0.6491916179656982,pdb_00003d9a_H_L
7130,2,train,0.9508978128433228,pdb_00007wph_H_L
7131,2,train,0.0737694650888443,pdb_00008jxx_E1_E2
7132,2,train,0.3179277777671814,pdb_00006vmk_V_U
7133,2,train,0.0577748566865921,pdb_00008id9_S1_S2
7134,2,train,0.014865709468722343,pdb_00007tct_E_F
7135,2,train,0.4411828815937042,pdb_00007kfw_C_D
7136,2,train,0.3799164891242981,pdb_00006z2m_H_L
7137,2,train,1.0084564685821533,pdb_00009h6u_H_L
7138,2,train,0.3682880103588104,pdb_00009nz4_F_E
7139,2,train,0.07105676084756851,pdb_00002boc_A_B
7140,2,train,1.2954559326171875,pdb_00009mtg_I_J
7141,2,train,0.5446386933326721,pdb_00007ek0_H_L
7142,2,train,0.06683046370744705,pdb_00008xqt_S1_S2
7143,2,train,0.7441558837890625,pdb_00007wvl_H_L
7144,2,train,0.05377513915300369,pdb_00008j23_F1_F2
7145,2,train,1.1307648420333862,pdb_00001qfu_H_L
7146,2,train,0.8781489729881287,pdb_00008w84_A_B
7147,2,train,0.7287689447402954,pdb_00009ccs_C_B
7148,2,train,1.0349723100662231,pdb_00007uvi_A_B
7149,2,train,0.4189406633377075,pdb_00007k9z_H_L
7150,2,train,1.3126078844070435,pdb_00004ut6_H_L
7151,2,train,0.9062473773956299,pdb_00007m42_B_A
7152,2,train,0.22166182100772858,pdb_00006vmk_M_L
7153,2,train,0.05122243985533714,pdb_00006e0c_M1_M2
7154,2,train,0.9079440236091614,pdb_00007lf7_A_B
7155,2,train,1.0826393365859985,pdb_00002vxq_H_L
7156,2,train,1.1238993406295776,pdb_00008tea_F_I
7157,2,train,0.8352267742156982,pdb_00005ugy_H_L
7158,2,train,0.6521123051643372,pdb_00008jkf_m_n
7159,2,train,0.785559356212616,pdb_00008vgk_F_E
7160,2,train,1.1089493036270142,pdb_00007yh6_H_L
7161,2,train,0.4427470862865448,pdb_00009oun_H_L
7162,2,train,0.6620160937309265,pdb_00007dk2_D_E
7163,2,train,0.43928030133247375,pdb_00008smt_I_J
7164,2,train,0.8927269577980042,pdb_00006wtu_H_I
7165,2,train,0.3666112720966339,pdb_00003rif_G_K
7166,2,train,0.8414878249168396,pdb_00008jqs_h_l
7167,2,train,0.11170057207345963,pdb_00006x3v_K_L
7168,2,train,0.027081776410341263,pdb_00007f2o_S1_S2
7169,2,train,0.0206204392015934,pdb_00008g59_S1_S2
7170,2,train,0.6915600299835205,pdb_00003c09_H_L
7171,2,train,1.232094645500183,pdb_00009xth_B_C
7172,2,train,0.3388160467147827,pdb_00004tnw_U_h
7173,2,train,0.9288796782493591,pdb_00007f15_B1_B2
7174,2,train,1.8778687715530396,pdb_00009lbw_H_L
7175,2,train,1.1327117681503296,pdb_00009e3k_J_K
7176,2,train,1.3258962631225586,pdb_00006ivz_H_L
7177,2,train,0.9712533354759216,pdb_00002ybr_G_H
7178,2,train,0.4037848711013794,pdb_00007mzh_H_L
7179,2,train,0.9501965045928955,pdb_00008z6x_B_C
7180,2,train,0.03455940634012222,pdb_00008x2k_E1_E2
7181,2,train,1.380336880683899,pdb_00007s11_H_L
7182,2,train,0.7027241587638855,pdb_00007zmk_M_N
7183,2,train,0.746924638748169,pdb_00007bbj_H_L
7184,2,train,0.9128820300102234,pdb_00009cq7_H_I
7185,2,train,0.036328915506601334,pdb_00009w6w_E1_E2
7186,2,train,0.026398027315735817,pdb_00008gur_S1_S2
7187,2,train,0.03436167910695076,pdb_00008ejk_E1_E2
7188,2,train,1.0084868669509888,pdb_00008gpu_H_L
7189,2,train,2.0063443183898926,pdb_00005i9q_B_C
7190,2,train,0.7596756815910339,pdb_00007deu_B1_B2
7191,2,train,0.07077711075544357,pdb_00003f7y_A_B
7192,2,train,0.017076615244150162,pdb_00008jef_S1_S2
7193,2,train,0.03628621995449066,pdb_00003ze2_H_L
7194,2,train,0.019588245078921318,pdb_00007vdl_S1_S2
7195,2,train,0.6998504400253296,pdb_00001kip_B_A
7196,2,train,0.9393481016159058,pdb_00006n5d_E_F
7197,2,train,0.024698439985513687,pdb_00007e9g_D1_D2
7198,2,train,0.7754338383674622,pdb_00003rif_I_O
7199,2,train,0.9803245663642883,pdb_00009n4e_Q_P
7200,2,train,0.5742902159690857,pdb_00007xei_E_F
7201,2,train,0.7866475582122803,pdb_00006vvu_E_F
7202,2,train,0.12167786061763763,pdb_00008dd2_K_L
7203,2,train,0.8898925185203552,pdb_00006u6u_H_L
7204,2,train,0.5941540598869324,pdb_00007whz_H_L
7205,2,train,0.6793976426124573,pdb_00002i9l_D_C
7206,2,train,0.32239100337028503,pdb_00006zh9_HHH_LLL
7207,2,train,0.08244606852531433,pdb_00006x3v_J_I
7208,2,train,0.23457497358322144,pdb_00006vmk_l_k
7209,2,train,0.016461078077554703,pdb_00007ucy_E_F
7210,2,train,0.21520282328128815,pdb_00006vmk_c_b
7211,2,train,0.026488758623600006,pdb_00009jr3_S1_S2
7212,2,train,1.0260255336761475,pdb_00004hg4_Z_z
7213,2,train,1.2845677137374878,pdb_00005e94_D_C
7214,2,train,0.045446280390024185,pdb_00008hqn_H1_H2
7215,2,train,0.9992952942848206,pdb_00006wm9_B_C
7216,2,train,0.01831432618200779,pdb_00009j0b_S1_S2
7217,2,train,1.2724274396896362,pdb_00008jeo_E_F
7218,2,train,0.8844556212425232,pdb_00007v3g_I_M
7219,2,train,0.017940856516361237,pdb_00007t10_S1_S2
7220,2,train,0.5895413160324097,pdb_00002dd8_H_L
7221,2,train,1.043931007385254,pdb_00006ban_B_A
7222,2,train,0.5360411405563354,pdb_00002jix_D_G
7223,2,train,1.0246108770370483,pdb_00007mzj_H_L
7224,2,train,0.5208821296691895,pdb_00008vgk_J_I
7225,2,train,0.8213972449302673,pdb_00007kn3_M_N
7226,2,train,0.7604578137397766,pdb_00009n8j_F_G
7227,2,train,0.04121462628245354,pdb_00009m55_S1_S2
7228,2,train,0.046731337904930115,pdb_00007tmz_E_F
7229,2,train,0.9805909991264343,pdb_00009b2m_H_L
7230,2,train,0.8169325590133667,pdb_00002yc1_A_B
7231,2,train,1.2538179159164429,pdb_00008hrd_C_E
7232,2,train,0.10465087741613388,pdb_00008evh_M1_M2
7233,2,train,0.7064513564109802,pdb_00005jz7_G_I
7234,2,train,0.8055098056793213,pdb_00003v6z_A_B
7235,2,train,0.014453134499490261,pdb_00008ia7_E1_E2
7236,2,train,0.8998792171478271,pdb_00008dis_B_G
7237,2,train,0.07281093299388885,pdb_00009kt7_E1_E2
7238,2,train,0.4645143747329712,pdb_00007xeg_C_D
7239,2,train,0.9131723046302795,pdb_00006ww5_E_F
7240,2,train,0.4687233865261078,pdb_00002qr0_R_Q
7241,2,train,1.275199055671692,pdb_00009mtk_I_J
7242,2,train,1.0560307502746582,pdb_00007scn_J_K
7243,2,train,0.1684189736843109,pdb_00002dqf_E_D
7244,2,train,0.02222132682800293,pdb_00009ydu_E1_E2
7245,2,train,1.0202704668045044,pdb_00008khd_H_J
7246,2,train,0.7260194420814514,pdb_00008dcc_H_L
7247,2,train,1.0801602602005005,pdb_00008e8s_H_L
7248,2,train,0.6899896264076233,pdb_00009huo_C_D
7249,2,train,0.013798598200082779,pdb_00009o36_E1_E2
7250,2,train,0.015075289644300938,pdb_00009w49_S1_S2
7251,2,train,0.030649788677692413,pdb_00007ezm_H1_H2
7252,2,train,0.8532618284225464,pdb_00008oxx_B_C
7253,2,train,0.26390188932418823,pdb_00009ouq_J_K
7254,2,train,0.014026634395122528,pdb_00009vjg_E1_E2
7255,2,train,0.8018956780433655,pdb_00007lfa_H_L
7256,2,train,0.023706333711743355,pdb_00008jgg_S1_S2
7257,2,train,0.02316434681415558,pdb_00009jkx_S1_S2
7258,2,train,0.046351660043001175,pdb_00008syp_M1_M2
7259,2,train,1.064981460571289,pdb_00006bpa_E_F
7260,2,train,1.3786152601242065,pdb_00008p5m_G_L
7261,2,train,0.8966546654701233,pdb_00008zdw_F_E
7262,2,train,0.5093279480934143,pdb_00008vgj_H_G
7263,2,train,0.05591819807887077,pdb_00002fed_C_D
7264,2,train,0.889870285987854,pdb_00007mem_G_J
7265,2,train,0.7072914242744446,pdb_00004ma8_H_L
7266,2,train,1.5053836107254028,pdb_00008w0y_A_B
7267,2,train,0.21614766120910645,pdb_00009nz3_D_C
7268,2,train,0.8237521648406982,pdb_00008go8_I_M
7269,2,train,0.4624612033367157,pdb_00006b3s_C_D
7270,2,train,0.015121369622647762,pdb_00007xa3_E1_E2
7271,2,train,0.06526852399110794,pdb_00007ukt_E_F
7272,2,train,0.384011447429657,pdb_00001nby_B_A
7273,2,train,0.010779100470244884,pdb_00008xbe_S1_S2
7274,2,train,0.02779058925807476,pdb_00009lr1_S1_S2
7275,2,train,0.020172327756881714,pdb_00007ue0_E_F
7276,2,train,1.2929704189300537,pdb_00004ubd_O_P
7277,2,train,0.6312384009361267,pdb_00007vag_H_L
7278,2,train,0.009280899539589882,pdb_00007y15_S1_S2
7279,2,train,0.5877457857131958,pdb_00009cia_D_C
7280,2,train,0.03718601539731026,pdb_00008ubl_M2_M1
7281,2,train,0.03029647469520569,pdb_00009p0m_F1_F2
7282,2,train,0.7908402681350708,pdb_00007u9e_B1_B2
7283,2,train,0.8029045462608337,pdb_00007kzb_H_L
7284,2,train,0.5773105025291443,pdb_00008xse_H_L
7285,2,train,0.6861297488212585,pdb_00009me6_I_M
7286,2,train,0.011272896081209183,pdb_00009ll7_S1_S2
7287,2,train,0.7729604244232178,pdb_00009bao_E_F
7288,2,train,1.092596173286438,pdb_00009bdi_C_D
7289,2,train,0.05858428776264191,pdb_00004fg6_C_D
7290,2,train,1.6276391744613647,pdb_00006cvk_B2_B1
7291,2,train,0.5502830147743225,pdb_00008tui_H_L
7292,2,train,1.0987322330474854,pdb_00006wtv_K_L
7293,2,train,0.013742413371801376,pdb_00003t3m_E_F
7294,2,train,0.04369846731424332,pdb_00004lcu_A_B
7295,2,train,0.7024492025375366,pdb_00006a3w_A_B
7296,2,train,0.01257458794862032,pdb_00003t3p_E_F
7297,2,train,0.5488589406013489,pdb_00009lbs_D_C
7298,2,train,0.014955336228013039,pdb_00007cvt_E_F
7299,2,train,1.1603169441223145,pdb_00004lvh_E_F
7300,2,train,0.0222383514046669,pdb_00006k41_H1_H2
7301,2,train,1.1026867628097534,pdb_00007zoz_H_L
7302,2,train,1.2191072702407837,pdb_00007kqh_C_D
7303,2,train,0.1369493007659912,pdb_00009vmp_S1_S2
7304,2,train,0.024118585512042046,pdb_00008irs_E1_E2
7305,2,train,1.0577363967895508,pdb_00009oar_H_L
7306,2,train,0.6200956106185913,pdb_00007m6d_H_L
7307,2,train,0.9715131521224976,pdb_00008cii_A_B
7308,2,train,0.24017417430877686,pdb_00009zqa_I2_I1
7309,2,train,0.04014169052243233,pdb_00003det_C_D
7310,2,train,0.852760910987854,pdb_00007ycn_C_D
7311,2,train,1.2067993879318237,pdb_00008tp5_J_K
7312,2,train,0.34702131152153015,pdb_00008wo4_D_C
7313,2,train,1.1356964111328125,pdb_00002zck_H_L
7314,2,train,0.238446444272995,pdb_00006w0j_A_B
7315,2,train,0.8056011199951172,pdb_00008dis_A_C
7316,2,train,0.7841904759407043,pdb_00004gxu_W_X
7317,2,train,1.303884506225586,pdb_00005w3m_E_G
7318,2,train,0.7807886600494385,pdb_00007chc_A_B
7319,2,train,0.7731252908706665,pdb_00002bdn_H_L
7320,2,train,0.9351535439491272,pdb_00008yx9_G_I
7321,2,train,1.0382952690124512,pdb_00002vit_B_A
7322,2,train,0.452689528465271,pdb_00008vgj_J_I
7323,2,train,1.2156341075897217,pdb_00008zd6_E_F
7324,2,train,0.6732488870620728,pdb_00007lq7_y_z
7325,2,train,0.08390682190656662,pdb_00008xjk_E1_E2
7326,2,train,0.8410296440124512,pdb_00005w3l_E_G
7327,2,train,1.150983452796936,pdb_00007ykj_A_D
7328,2,train,0.9280967116355896,pdb_00009azv_H_L
7329,2,train,0.8717683553695679,pdb_00008cxg_h_l
7330,2,train,0.22236917912960052,pdb_00009ouo_J_K
7331,2,train,0.5913826823234558,pdb_00004ttd_H_L
7332,2,train,0.035092879086732864,pdb_00002htk_E_F
7333,2,train,0.5943350195884705,pdb_00008dww_H_L
7334,2,train,1.4462809562683105,pdb_00007mxl_A_B
7335,2,train,0.9149662852287292,pdb_00007quh_H_L
7336,2,train,0.60389643907547,pdb_00009zqc_J2_J1
7337,2,train,0.8229683041572571,pdb_00007wur_E_F
7338,2,train,0.009666246362030506,pdb_00007t6s_E1_E2
7339,2,train,0.7827653288841248,pdb_00008dxt_H_L
7340,2,train,0.9093883037567139,pdb_00003fku_T1_T2
7341,2,train,0.6420496702194214,pdb_00007qez_E_F
7342,2,train,1.1860780715942383,pdb_00008ygs_H_L
7343,2,train,0.9168473482131958,pdb_00007yds_B_C
7344,2,train,0.7984060645103455,pdb_00007t0z_H_L
7345,2,train,0.8322175741195679,pdb_00008tx3_H_L
7346,2,train,0.03568074107170105,pdb_00009k27_D1_D2
7347,2,train,0.8007454872131348,pdb_00009dm0_C_D
7348,2,train,0.6743366718292236,pdb_00007bwj_H_L
7349,2,train,1.0234955549240112,pdb_00007l5j_Y_X
7350,2,train,0.08246161788702011,pdb_00009iv6_S1_S2
7351,2,train,1.2961535453796387,pdb_00008dwy_X_W
7352,2,train,0.19854582846164703,pdb_00008sgo_K_L
7353,2,train,0.9989001154899597,pdb_00007w71_I_M
7354,2,train,0.7454233169555664,pdb_00007m7w_C_D
7355,2,train,0.06414292007684708,pdb_00004z7q_E_F
7356,2,train,0.8039329648017883,pdb_00008hrd_D_F
7357,2,train,0.6573612689971924,pdb_00009cia_B_A
7358,2,train,0.03879202529788017,pdb_00002vdp_H_L
7359,2,train,0.9240294694900513,pdb_00007fcp_H_L
7360,2,train,0.9701878428459167,pdb_00006woz_E_F
7361,2,train,0.029678689315915108,pdb_00002htl_E_F
7362,2,train,0.022574231028556824,pdb_00007aue_S1_S2
7363,2,train,0.017398448660969734,pdb_00007wig_S1_S2
7364,2,train,0.018513869494199753,pdb_00008hnl_S1_S2
7365,2,train,1.3718762397766113,pdb_00006wex_H_L
7366,2,train,0.4950392246246338,pdb_00008vgk_K_L
7367,2,train,0.010416094213724136,pdb_00007ew2_S1_S2
7368,2,train,0.0779239609837532,pdb_00008iys_E1_E2
7369,2,train,0.934181272983551,pdb_00007t3d_P_R
7370,2,train,0.7957668304443359,pdb_00009b82_R_Q
7371,2,train,0.010510211810469627,pdb_00008jz7_S1_S2
7372,2,train,0.40510475635528564,pdb_00008cwv_H_L
7373,2,train,0.01593155227601528,pdb_00009jeq_S1_S2
7374,2,train,1.1683846712112427,pdb_00006ejg_D2_D1
7375,2,train,0.5929770469665527,pdb_00003ri5_I_O
7376,2,train,1.0797760486602783,pdb_00007y0w_A_B
7377,2,train,0.012739691883325577,pdb_00009jh6_S1_S2
7378,2,train,0.9360687136650085,pdb_00009ds1_H_L
7379,2,train,0.9751231670379639,pdb_00009mtj_I_J
7380,2,train,1.610872745513916,pdb_00005tfw_H_L
7381,2,train,0.07208386063575745,pdb_00008iec_N1_N2
7382,2,train,0.7235751152038574,pdb_00006cyf_F_E
7383,2,train,1.361912727355957,pdb_00008w5f_H_L
7384,2,train,0.04671608284115791,pdb_00008hqm_H1_H2
7385,2,train,0.008399221114814281,pdb_00008yn7_E1_E2
7386,2,train,0.6061576008796692,pdb_00008oz3_H_L
7387,2,train,0.9644769430160522,pdb_00007zwi_E_F
7388,2,train,1.0858218669891357,pdb_00006suz_H_L
7389,2,train,0.011478181928396225,pdb_00007x2v_E1_E2
7390,2,train,0.11766695231199265,pdb_00007k78_L1_L2
7391,2,train,1.1522085666656494,pdb_00009oap_H_L
7392,2,train,0.7368476390838623,pdb_00003sob_H_L
7393,2,train,0.02324141189455986,pdb_00006ad8_E_F
7394,2,train,0.7616506814956665,pdb_00008y3h_I_J
7395,2,train,0.6457253098487854,pdb_00007dpm_A_B
7396,2,train,0.8174647092819214,pdb_00007fci_H_L
7397,2,train,0.012766147032380104,pdb_00009v81_E1_E2
7398,2,train,0.5396853089332581,pdb_00009k6j_A_B
7399,2,train,0.5503000617027283,pdb_00008caf_B_A
7400,2,train,0.05047987028956413,pdb_00008efb_E1_E2
7401,2,train,1.211448311805725,pdb_00009oi3_M_N
7402,2,train,0.7615166306495667,pdb_00008vgm_H_L
7403,2,train,0.7097699642181396,pdb_00005w3o_D_E
7404,2,train,0.03129751980304718,pdb_00008wwi_E1_E2
7405,2,train,0.9199580550193787,pdb_00009lf8_H_L
7406,2,train,1.2741585969924927,pdb_00008p12_H_L
7407,2,train,0.6159209609031677,pdb_00007d6i_B_C
7408,2,train,0.6721054911613464,pdb_00006vja_I_M
7409,2,train,1.008143424987793,pdb_00006oc3_C_D
7410,2,train,0.7227163910865784,pdb_00007t3d_J_M
7411,2,train,0.013597247190773487,pdb_00008jgf_E1_E2
7412,2,train,0.7581576704978943,pdb_00007zmk_V_W
7413,2,train,0.9527648091316223,pdb_00006ban_F_E
7414,2,train,0.7276976108551025,pdb_00006xq2_C_B
7415,2,train,0.6540279984474182,pdb_00007mem_I_K
7416,2,train,0.7678201794624329,pdb_00006vgr_C_D
7417,2,train,0.03703698888421059,pdb_00009kug_H1_H2
7418,2,train,0.028056826442480087,pdb_00008ghv_S1_S2
7419,2,train,0.5574502944946289,pdb_00005cbe_C_D
7420,2,train,0.7318139672279358,pdb_00005ggt_H_L
7421,2,train,0.014423524029552937,pdb_00008xjm_E1_E2
7422,2,train,0.012149033136665821,pdb_00008e9y_E1_E2
7423,2,train,0.7839723229408264,pdb_00007ahu_H_L
7424,2,train,0.0177441593259573,pdb_00009le0_S1_S2
7425,2,train,0.8104665279388428,pdb_00007x6o_I_K
7426,2,train,0.016822611913084984,pdb_00006lfo_S1_S2
7427,2,train,0.6569831371307373,pdb_00003v4v_M_N
7428,2,train,0.1348385363817215,pdb_00009zqb_I2_I1
7429,2,train,0.016143588349223137,pdb_00008z3m_S1_S2
7430,2,train,0.9168922305107117,pdb_00009t5z_H_L
7431,2,train,0.012296794913709164,pdb_00008kfy_S1_S2
7432,2,train,1.0877118110656738,pdb_00008hq7_H_L
7433,2,train,0.9847602844238281,pdb_00005kov_K1_K2
7434,2,train,0.5710801482200623,pdb_00008hn6_C_D
7435,2,train,0.8759557604789734,pdb_00006oc3_A_B
7436,2,train,0.015877531841397285,pdb_00007yk6_S1_S2
7437,2,train,0.5104035139083862,pdb_00008f2j_I_J
7438,2,train,0.07234220206737518,pdb_00007k5x_N2_N1
7439,2,train,0.036167409271001816,pdb_00008x17_H1_H2
7440,2,train,1.0046751499176025,pdb_00008cbf_H_L
7441,2,train,0.710193932056427,pdb_00009iz9_S_T
7442,2,train,1.0095666646957397,pdb_00002w9e_H_L
7443,2,train,0.7397738695144653,pdb_00009vfu_E_F
7444,2,train,0.785330593585968,pdb_00009q71_K_L
7445,2,train,0.008377786725759506,pdb_00008y01_S1_S2
7446,2,train,0.03717096894979477,pdb_00009m1o_S1_S2
7447,2,train,0.5886055827140808,pdb_00007dpm_J_K
7448,2,train,0.7460384368896484,pdb_00008jio_C_B
7449,2,train,0.6731794476509094,pdb_00004m62_H_L
7450,2,train,0.019098302349448204,pdb_00003nif_E_F
7451,2,train,0.13476325571537018,pdb_00008vrn_K_L
7452,2,train,0.029913030564785004,pdb_00009b5y_N1_N2
7453,2,train,0.006671201437711716,pdb_00009vmy_E1_E2
7454,2,train,0.9839863181114197,pdb_00007yrh_F_E
7455,2,train,0.03214707225561142,pdb_00008xxz_S1_S2
7456,2,train,1.1785966157913208,pdb_00009rim_H_L
7457,2,train,0.03458871692419052,pdb_00007ykd_S1_S2
7458,2,train,0.7923307418823242,pdb_00003fku_Y1_Y2
7459,2,train,0.572736918926239,pdb_00008eqf_H_L
7460,2,train,0.8086393475532532,pdb_00009f91_E_F
7461,2,train,1.3497997522354126,pdb_00009leo_C_D
7462,2,train,0.7471571564674377,pdb_00007sd5_H_L
7463,2,train,0.6163713932037354,pdb_00009n4f_M_N
7464,2,train,0.3409663438796997,pdb_00009nz5_F_E
7465,2,train,0.3617743253707886,pdb_00004tnw_G_K
7466,2,train,0.15404893457889557,pdb_00009ge2_F1_F2
7467,2,train,0.6363124251365662,pdb_00008xsj_H_L
7468,2,train,0.014060361310839653,pdb_00009iqt_E1_E2
7469,2,train,0.46759459376335144,pdb_00007f6z_H_L
7470,2,train,0.5011469125747681,pdb_00006j6y_E_F
7471,2,train,0.6078123450279236,pdb_00006iap_E_D
7472,2,train,0.027110420167446136,pdb_00007exd_E1_E2
7473,2,train,0.10345658659934998,pdb_00003a6b_H_L
7474,2,train,0.34877318143844604,pdb_00006txz_J_N
7475,2,train,0.06062221899628639,pdb_00008wwh_E1_E2
7476,2,train,1.0281920433044434,pdb_00008dwy_Z_Y
7477,2,train,1.294464111328125,pdb_00004f37_H_L
7478,2,train,1.2384521961212158,pdb_00009kvk_A_B
7479,2,train,0.010548040270805359,pdb_00008e9z_E1_E2
7480,2,train,0.01752259023487568,pdb_00007yk7_S1_S2
7481,2,train,0.6312704086303711,pdb_00008too_H_E
7482,2,train,0.757506251335144,pdb_00008sit_M_N
7483,2,train,1.0102367401123047,pdb_00001tqc_B_C
7484,2,train,1.381528615951538,pdb_00009jub_B_C
7485,2,train,0.5377188920974731,pdb_00009lrh_H_L
7486,2,train,0.011617849580943584,pdb_00008xor_E1_E2
7487,2,train,1.1382510662078857,pdb_00006gff_N_M
7488,2,train,0.12988170981407166,pdb_00001ic5_H_L
7489,2,train,0.5318261384963989,pdb_00005x8l_H_M
7490,2,train,0.5153594613075256,pdb_00006kyz_B_C
7491,2,train,0.625687301158905,pdb_00007ws2_E_D
7492,2,train,0.4013524651527405,pdb_00007cjf_A_B
7493,2,train,1.1331673860549927,pdb_00008e8z_H_L
7494,2,train,0.11336579918861389,pdb_00008ubl_N2_N1
7495,2,train,1.0446642637252808,pdb_00002x7l_G_I
7496,2,train,1.112953543663025,pdb_00007cqd_H_L
7497,2,train,0.011233890429139137,pdb_00008kfz_S1_S2
7498,2,train,1.1410084962844849,pdb_00007t82_H_L
7499,2,train,1.0978716611862183,pdb_00008v52_D_C
7500,2,train,0.3931983709335327,pdb_00008hws_H_L
7501,2,train,1.1407008171081543,pdb_00003lh2_K_O
7502,2,train,0.8360949754714966,pdb_00009ebc_I_J
7503,2,train,0.8737448453903198,pdb_00008gv6_I_J
7504,2,train,0.6409218907356262,pdb_00007zmk_J_K
7505,2,train,0.023070866242051125,pdb_00008z9p_S1_S2
7506,2,train,0.8807734847068787,pdb_00007y3o_H_L
7507,2,train,1.2693274021148682,pdb_00007c88_A_B
7508,2,train,0.8633803129196167,pdb_00008fhy_H_L
7509,2,train,0.059352707117795944,pdb_00003nig_H_L
7510,2,train,0.48226675391197205,pdb_00008vgk_H_G
7511,2,train,0.659773588180542,pdb_00008bg3_A1_A2
7512,2,train,0.5209989547729492,pdb_00001kiq_B_A
7513,2,train,0.3872712552547455,pdb_00006vmk_E_D
7514,2,train,1.3102761507034302,pdb_00002r29_H_L
7515,2,train,0.016042552888393402,pdb_00009upv_S1_S2
7516,2,train,0.014229798689484596,pdb_00008jbh_E1_E2
7517,2,train,0.813373863697052,pdb_00006gku_H_L
7518,2,train,0.8102826476097107,pdb_00008u4s_H_L
7519,2,train,0.8838509917259216,pdb_00008y3l_G_H
7520,2,train,0.025771435350179672,pdb_00008wwk_E1_E2
7521,2,train,0.036629144102334976,pdb_00007xat_E1_E2
7522,2,train,0.5673055648803711,pdb_00009pw4_C_D
7523,2,train,0.7505109906196594,pdb_00008cxh_h_l
7524,2,train,0.4072100818157196,pdb_00008as0_T_S
7525,2,train,0.010851955972611904,pdb_00007w40_H1_H2
7526,2,train,0.07676228880882263,pdb_00008si9_K_L
7527,2,train,0.023549897596240044,pdb_00009ejc_D1_D2
7528,2,train,0.8284986615180969,pdb_00007jx3_C_D
7529,2,train,0.5477128624916077,pdb_00004dn4_H_L
7530,2,train,0.020002231001853943,pdb_00009kxs_H1_H2
7531,2,train,0.8296955227851868,pdb_00007n0u_H_L
7532,2,train,0.0526372566819191,pdb_00009ipv_S1_S2
7533,2,train,0.8466899394989014,pdb_00007rk2_D1_D2
7534,2,train,0.09401596337556839,pdb_00003fb6_A_B
7535,2,train,0.3050016462802887,pdb_00003rif_H_L
7536,2,train,0.6443198919296265,pdb_00009ue0_A_B
7537,2,train,1.101511836051941,pdb_00007wcr_a_b
7538,2,train,0.37734001874923706,pdb_00008vgi_H_G
7539,2,train,1.136235237121582,pdb_00009e60_H_L
7540,2,train,0.01452985592186451,pdb_00009jkv_S1_S2
7541,2,train,0.04954458028078079,pdb_00001r3k_B_A
7542,2,train,0.49609825015068054,pdb_00007zf9_H_L
7543,2,train,0.8456558585166931,pdb_00007l0l_G_J
7544,2,train,0.01460975967347622,pdb_00008j6d_H1_H2
7545,2,train,0.28296297788619995,pdb_00008vgj_F_E
7546,2,train,0.014924570918083191,pdb_00009b54_S1_S2
7547,2,train,0.7053293585777283,pdb_00004kht_H_L
7548,2,train,0.29424333572387695,pdb_00008elo_H_L
7549,2,train,0.6562207937240601,pdb_00008j7e_C_D
7550,2,train,0.02666904218494892,pdb_00008kgg_E1_E2
7551,2,train,0.5024973750114441,pdb_00007yck_E_F
7552,2,train,1.1712523698806763,pdb_00009rii_H_L
7553,2,train,0.07301022857427597,pdb_00007e33_E1_E2
7554,2,train,0.4583108723163605,pdb_00007mzk_F_E
7555,2,train,0.05103456601500511,pdb_00008sid_J_I
7556,2,train,0.017888179048895836,pdb_00008xjo_E1_E2
7557,2,train,0.10252013057470322,pdb_00002dqd_H_L
7558,2,train,1.0353672504425049,pdb_00009qub_F_E
7559,2,train,1.208622932434082,pdb_00009m7v_H_L
7560,2,train,0.018420934677124023,pdb_00006xbm_S1_S2
7561,2,train,1.1814934015274048,pdb_00006wty_H_I
7562,2,train,0.04908762872219086,pdb_00001otu_E_F
7563,2,train,0.0176481194794178,pdb_00008xxu_E1_E2
7564,2,train,0.03802558779716492,pdb_00008xos_E1_E2
7565,2,train,0.5141285061836243,pdb_00006b9y_B_A
7566,2,train,0.035274479538202286,pdb_00008x16_H1_H2
7567,2,train,0.7689788937568665,pdb_00007sco_J_K
7568,2,train,0.01825159601867199,pdb_00009l42_E1_E2
7569,2,train,1.1427165269851685,pdb_00009oi3_I_J
7570,2,train,0.6053347587585449,pdb_00005yoy_R_O
7571,2,train,0.11445047706365585,pdb_00007u0g_O1_O2
7572,2,train,0.013419641181826591,pdb_00008jim_S1_S2
7573,2,train,0.7933449149131775,pdb_00008w83_E_F
7574,2,train,0.011313995346426964,pdb_00009ydv_E1_E2
7575,2,train,0.8749101161956787,pdb_00009q5v_K_J
7576,2,train,0.6457377076148987,pdb_00007eam_C_D
7577,2,train,0.7592280507087708,pdb_00009hh9_I_H
7578,2,train,0.8393475413322449,pdb_00009q7b_J_K
7579,2,train,0.7427658438682556,pdb_00008kdt_H_L
7580,2,train,0.7780700922012329,pdb_00005x8l_S_N
7581,2,train,0.5933278203010559,pdb_00004odx_A_L
7582,2,train,0.798676609992981,pdb_00005xmh_D_C
7583,2,train,0.7969422936439514,pdb_00008v5v_c_e
7584,2,train,0.04512709006667137,pdb_00008evg_N1_N2
7585,2,train,0.023144589737057686,pdb_00008y71_E1_E2
7586,2,train,0.3741391599178314,pdb_00006yz7_BBB_CCC
7587,2,train,0.013299851678311825,pdb_00009ldv_S1_S2
7588,2,train,0.7100887894630432,pdb_00007sk8_D_C
7589,2,train,0.01031932607293129,pdb_00006omm_E1_E2
7590,2,train,1.4536665678024292,pdb_00005hbv_D_C
7591,2,train,0.7138872146606445,pdb_00001tzh_H_L
7592,2,train,0.935528576374054,pdb_00004khx_H_L
7593,2,train,0.012416996993124485,pdb_00003ze2_E_F
7594,2,train,1.0556272268295288,pdb_00007n0a_B_A
7595,2,train,1.2179362773895264,pdb_00005mo9_H_L
7596,2,train,0.6605163216590881,pdb_00008uwz_A_B
7597,2,train,0.669559895992279,pdb_00006dkj_A_B
7598,2,train,0.026077959686517715,pdb_00009jmd_E1_E2
7599,2,train,0.05979203060269356,pdb_00003a6c_H_L
7600,2,train,0.8628370761871338,pdb_00003rhw_F_N
7601,2,train,0.6747967004776001,pdb_00003nh7_I_M
7602,2,train,1.3447318077087402,pdb_00007rco_F_E
7603,2,train,0.7718586325645447,pdb_00008jqs_H_L
7604,2,train,0.03327738121151924,pdb_00007w56_E1_E2
7605,2,train,0.9658542275428772,pdb_00009qt3_N_O
7606,2,train,1.1920760869979858,pdb_00006glx_C_D
7607,2,train,1.7585945129394531,pdb_00009n5i_H_L
7608,2,train,0.7142595648765564,pdb_00007mzn_H_L
7609,2,train,0.006045693997293711,pdb_00007t6u_E1_E2
7610,2,train,0.8123712539672852,pdb_00007ycn_K_L
7611,2,train,0.8225532174110413,pdb_00007ua8_I1_I2
7612,2,train,1.141709804534912,pdb_00008da1_B_A
7613,2,train,0.7987301349639893,pdb_00009jbq_A_B
7614,2,train,0.07080522179603577,pdb_00008wwm_E1_E2
7615,2,train,0.013082588091492653,pdb_00007vif_E1_E2
7616,2,train,1.1741712093353271,pdb_00006wds_H_L
7617,2,train,1.0457202196121216,pdb_00005h35_H_I
7618,2,train,1.1793341636657715,pdb_00008gsc_H_L
7619,2,train,0.014889610931277275,pdb_00009kvi_E1_E2
7620,2,train,0.608279824256897,pdb_00006pe9_C_D
7621,2,train,1.0841602087020874,pdb_00008e8y_H_L
7622,2,train,1.4765996932983398,pdb_00009e89_H_L
7623,2,train,1.1118929386138916,pdb_00008dwo_S_T
7624,2,train,0.21668943762779236,pdb_00007cvs_C_D
7625,2,train,0.6414909958839417,pdb_00004ma7_H_L
7626,2,train,0.008866308256983757,pdb_00008irt_E1_E2
7627,2,train,0.6338079571723938,pdb_00007sk7_D_C
7628,2,train,1.024030089378357,pdb_00007c88_H_L
7629,2,train,1.1018096208572388,pdb_00009ma7_D_E
7630,2,train,0.5447831153869629,pdb_00008zyt_D_Q
7631,2,train,0.7190107703208923,pdb_00009cpr_H_L
7632,2,train,0.010443846695125103,pdb_00007y12_S1_S2
7633,2,train,0.8006499409675598,pdb_00009wsx_H_L
7634,2,train,0.727835476398468,pdb_00007ubs_J1_J2
7635,2,train,0.9465819001197815,pdb_00007xrz_B_A
7636,2,train,1.2521438598632812,pdb_00005dur_B_D
7637,2,train,1.2673797607421875,pdb_00009mkn_O_P
7638,2,train,0.7902940511703491,pdb_00007ttm_H_L
7639,2,train,1.090075135231018,pdb_00006xxv_A_B
7640,2,train,0.671741783618927,pdb_00009jqv_H_L
7641,2,train,0.8216298818588257,pdb_00004np4_I_M
7642,2,train,0.01848861388862133,pdb_00007xw9_S1_S2
7643,2,train,0.41395214200019836,pdb_00008as0_W_V
7644,2,train,0.010133758187294006,pdb_00009izh_S1_S2
7645,2,train,0.3428271412849426,pdb_00002qr0_T_S
7646,2,train,1.3156945705413818,pdb_00006mto_H_L
7647,2,train,1.3959773778915405,pdb_00006xm2_F_E
7648,2,train,0.07879496365785599,pdb_00006adc_E_F
7649,2,train,1.2365362644195557,pdb_00006d0u_K_L
7650,2,train,1.274519920349121,pdb_00001hys_D_C
7651,2,train,1.231317162513733,pdb_00003bgf_H_L
7652,2,train,0.01956334337592125,pdb_00007s8n_E1_E2
7653,2,train,0.018557108938694,pdb_00007y24_S1_S2
7654,2,train,0.6754208207130432,pdb_00008cn9_L_K
7655,2,train,0.7837214469909668,pdb_00007m7b_H_L
7656,2,train,0.018048685044050217,pdb_00002vdl_H_L
7657,2,train,0.3079955279827118,pdb_00009oun_J_K
7658,2,train,0.1260589361190796,pdb_00003fb7_A_B
7659,2,train,0.012573566287755966,pdb_00007y64_S1_S2
7660,2,train,1.3082454204559326,pdb_00006u9s_D_E
7661,2,train,1.042952537536621,pdb_00009cu7_J_N
7662,2,train,0.718171238899231,pdb_00004f2m_A_B
7663,2,train,1.0972603559494019,pdb_00008fdo_A_B
7664,2,train,1.1815416812896729,pdb_00009cds_E_D
7665,2,train,0.012190809473395348,pdb_00009ik8_E1_E2
7666,2,train,0.6034826636314392,pdb_00007cdj_H_L
7667,2,train,0.7444450259208679,pdb_00006n5d_L_N
7668,2,train,0.7797795534133911,pdb_00009os5_I_L
7669,2,train,1.131899118423462,pdb_00004xzu_A_B
7670,2,train,0.48956647515296936,pdb_00008jkf_h_l
7671,2,train,0.7370220422744751,pdb_00001fj1_D_C
7672,2,train,0.07939674705266953,pdb_00008jxw_E1_E2
7673,2,train,0.7098456025123596,pdb_00009og2_D_E
7674,2,train,0.39346545934677124,pdb_00003rhw_H_L
7675,2,train,0.008644049055874348,pdb_00008zbi_F1_F2
7676,2,train,1.241251826286316,pdb_00009mth_I_J
7677,2,train,0.5299528241157532,pdb_00008i5l_D1_D2
7678,2,train,0.5340790748596191,pdb_00007mzh_B_C
7679,2,train,0.6467937231063843,pdb_00002fjh_H_L
7680,2,train,0.6520701050758362,pdb_00009udq_I_C
7681,2,train,0.6692735552787781,pdb_00001fbi_Q_P
7682,2,train,1.1833984851837158,pdb_00007yd1_A_B
7683,2,train,1.4047904014587402,pdb_00007t4q_F_G
7684,2,train,0.6561436653137207,pdb_00007xcz_B_C
7685,2,train,0.033720988780260086,pdb_00006wwz_S1_S2
7686,2,train,0.05805625021457672,pdb_00008gcp_E1_E2
7687,2,train,0.6448104381561279,pdb_00009q7b_G_I
7688,2,train,0.5263814926147461,pdb_00008jel_I_K
7689,2,train,0.03836623579263687,pdb_00009jid_S1_S2
7690,2,train,1.4433867931365967,pdb_00007yvf_C_A
7691,2,train,0.6230041980743408,pdb_00007ws7_G_F
7692,2,train,0.042467717081308365,pdb_00009cm7_N1_N2
7693,2,train,0.10455013811588287,pdb_00006k5a_E_F
7694,2,train,0.032148584723472595,pdb_00009jfy_S1_S2
7695,2,train,1.1970691680908203,pdb_00004fqj_H_L
7696,2,train,0.7239929437637329,pdb_00008zh7_H_I
7697,2,train,1.1792261600494385,pdb_00009cq8_C_E
7698,2,train,0.814045250415802,pdb_00001bvk_B_A
7699,2,train,0.584518313407898,pdb_00003v4p_H_L
7700,2,train,1.096850872039795,pdb_00008zpq_A_B
7701,2,train,0.010540884919464588,pdb_00009ldw_S1_S2
7702,2,train,0.7088152170181274,pdb_00003g6j_H_G
7703,2,train,1.0771706104278564,pdb_00007yru_H_L
7704,2,train,0.8112935423851013,pdb_00004oii_I_M
7705,2,train,0.08167130500078201,pdb_00008ubk_N2_N1
7706,2,train,1.1483815908432007,pdb_00007mkm_H_L
7707,2,train,0.39616161584854126,pdb_00007s0b_C_D
7708,2,train,0.9525110721588135,pdb_00001p2c_B_A
7709,2,train,1.1146138906478882,pdb_00005t5f_H_L
7710,2,train,0.8599342703819275,pdb_00001fsk_C_B
7711,2,train,1.4594544172286987,pdb_00008tnn_J_I
7712,2,train,0.062124233692884445,pdb_00006x3u_J_I
7713,2,train,0.6282777190208435,pdb_00009n4f_H_L
7714,2,train,0.018280908465385437,pdb_00008jso_S1_S2
7715,2,train,0.7772454619407654,pdb_00009quw_F_E
7716,2,train,0.009526174515485764,pdb_00007d77_S1_S2
7717,2,train,0.7238759398460388,pdb_00009jeb_C1_C2
7718,2,train,0.535098671913147,pdb_00005oca_H_L
7719,2,train,0.013985292986035347,pdb_00009pq0_E1_E2
7720,2,train,1.034874439239502,pdb_00002oz4_H_L
7721,2,train,0.7612219452857971,pdb_00008bg5_C1_C2
7722,2,train,0.02654227428138256,pdb_00008z8a_S1_S2
7723,2,train,0.02092141844332218,pdb_00007vgy_E1_E2
7724,2,train,0.22118796408176422,pdb_00006k5d_C_D
7725,2,train,0.3238410949707031,pdb_00009ctu_F_E
7726,2,train,0.024249259382486343,pdb_00008i7w_E1_E2
7727,2,train,0.8841023445129395,pdb_00008bg1_J_K
7728,2,train,0.47127828001976013,pdb_00004tnw_V_Z
7729,2,train,0.03257361799478531,pdb_00006e0c_N1_N2
7730,2,train,0.6424357295036316,pdb_00007y6k_E1_E2
7731,2,train,0.975430965423584,pdb_00004xnm_B_A
7732,2,train,0.5576151609420776,pdb_00001xgt_B_A
7733,2,train,0.016759030520915985,pdb_00009k26_S1_S2
7734,2,train,1.2922879457473755,pdb_00009mtg_M_N
7735,2,train,0.8389820456504822,pdb_00004v1d_D_E
7736,2,train,0.6097352504730225,pdb_00008y0y_D1_D4
7737,2,train,0.09599900245666504,pdb_00003f7v_A_B
7738,2,train,1.3871880769729614,pdb_00007t7b_H_L
7739,2,train,0.016906172037124634,pdb_00008yh2_S1_S2
7740,2,train,0.025748319923877716,pdb_00009jhp_S1_S2
7741,2,train,0.48413383960723877,pdb_00007x2k_H_L
7742,2,train,0.5450457334518433,pdb_00005u6a_B_A
7743,2,train,1.0920575857162476,pdb_00006wn1_B_C
7744,2,train,0.8167365193367004,pdb_00008w83_I_J
7745,2,train,0.9273277521133423,pdb_00008g5a_H_L
7746,2,train,0.6650149822235107,pdb_00007lq7_P_Q
7747,2,train,1.5177000761032104,pdb_00009rir_H_L
7748,2,train,0.7230858206748962,pdb_00008y31_B_A
7749,2,train,0.7189374566078186,pdb_00008y3h_G_H
7750,2,train,0.017667895182967186,pdb_00007xms_S1_S2
7751,2,train,0.18372204899787903,pdb_00006ad7_C_D
7752,2,train,1.059062123298645,pdb_00003wkm_H_L
7753,2,train,0.44861137866973877,pdb_00006zlr_BBB_CCC
7754,2,train,0.2961713373661041,pdb_00004tnw_H_L
7755,2,train,0.01485054288059473,pdb_00008xgu_S1_S2
7756,2,train,0.5111386179924011,pdb_00007yck_C_D
7757,2,train,0.7107269167900085,pdb_00009tmp_H_L
7758,2,train,0.5521392226219177,pdb_00007s7i_J_N
7759,2,train,0.017704758793115616,pdb_00007vug_S1_S2
7760,2,train,0.06128981336951256,pdb_00002ht2_C_D
7761,2,train,1.1639859676361084,pdb_00008z39_H_L
7762,2,train,1.295764684677124,pdb_00008hrd_W_X
7763,2,train,1.1352896690368652,pdb_00007x3e_H_L
7764,2,train,0.014345049858093262,pdb_00009kft_S1_S2
7765,2,train,0.0381515771150589,pdb_00002fee_I_L
7766,2,train,0.9724122285842896,pdb_00008ezk_I1_I2
7767,2,train,1.4542222023010254,pdb_00006xq0_B_C
7768,2,train,0.876308798789978,pdb_00005wko_G_H
7769,2,train,1.1980767250061035,pdb_00004u6h_C_D
7770,2,train,0.6616044640541077,pdb_00007dk2_J_K
7771,2,train,0.7603366374969482,pdb_00001fsk_F_E
7772,2,train,0.8874536752700806,pdb_00001orq_B_A
7773,2,train,0.9887900948524475,pdb_00006a4k_H_L
7774,2,train,0.015790341421961784,pdb_00009m8l_N1_N2
7775,2,train,0.026492401957511902,pdb_00002hlf_E_F
7776,2,train,0.46496590971946716,pdb_00009l6c_A_B
7777,2,train,0.42393484711647034,pdb_00007mjl_H_L
7778,2,train,0.6208087801933289,pdb_00001mlc_B_A
7779,2,train,0.5166264176368713,pdb_00008vgi_J_I
7780,2,train,0.01768418960273266,pdb_00007v69_S1_S2
7781,2,train,0.48954707384109497,pdb_00005yoy_P_M
7782,2,train,0.5928375720977783,pdb_00008y3k_I_J
7783,2,train,0.023061644285917282,pdb_00008thk_F1_F2
7784,2,train,1.2519335746765137,pdb_00006xm2_D_C
7785,2,train,0.11035900563001633,pdb_00001j1x_H_L
7786,2,train,0.6372729539871216,pdb_00009jy1_P_O
7787,2,train,0.027851581573486328,pdb_00001ots_C_D
7788,2,train,0.03268495202064514,pdb_00007u9v_E_F
7789,2,train,0.7368476390838623,pdb_00004hg4_T_U
7790,2,train,0.8655300140380859,pdb_00004kxz_J_I
7791,2,train,0.016788652166724205,pdb_00001ots_E_F
7792,2,train,0.016393117606639862,pdb_00007ejx_S1_S2
7793,2,train,0.039917103946208954,pdb_00008spu_N1_N2
7794,2,train,0.038176897913217545,pdb_00008j6j_H1_H2
7795,2,train,0.04197831451892853,pdb_00008xyd_E1_E2
7796,2,train,0.49721598625183105,pdb_00003b2u_J_K
7797,2,train,0.019100062549114227,pdb_00006ada_E_F
7798,2,train,0.8250771760940552,pdb_00007lq7_H_L
7799,2,train,0.036675162613391876,pdb_00003nig_E_F
7800,2,train,0.04892671853303909,pdb_00009wp9_C1_C2
7801,2,train,0.34887412190437317,pdb_00008j22_F1_F2
7802,2,train,0.014131801202893257,pdb_00007xbd_E1_E2
7803,2,train,1.7294893264770508,pdb_00004hf5_H_L
7804,2,train,0.030664239078760147,pdb_00008yn5_E1_E2
7805,2,train,0.5392941832542419,pdb_00009azr_H_L
7806,2,train,0.07461856305599213,pdb_00006oij_H1_H2
7807,2,train,0.9302374124526978,pdb_00009cu7_H_L
7808,2,train,0.05774373188614845,pdb_00006x3w_J_I
7809,2,train,0.6986785531044006,pdb_00002h9g_B_A
7810,2,train,0.6441085934638977,pdb_00009iz9_M_N
7811,2,train,0.02017161063849926,pdb_00007u60_E_F
7812,2,train,0.5720116496086121,pdb_00004h88_H_L
7813,2,train,0.018010860309004784,pdb_00008y45_S1_S2
7814,2,train,0.4077180325984955,pdb_00003hfm_H_L
7815,2,train,0.3990137577056885,pdb_00006xe1_H_L
7816,2,train,0.3331635594367981,pdb_00002qr0_L_K
7817,2,train,0.037322960793972015,pdb_00008zme_E1_E2
7818,2,train,1.1361712217330933,pdb_00008d7e_D_E
7819,2,train,0.8106817603111267,pdb_00008ezk_H1_H2
7820,2,train,0.129069522023201,pdb_00007e32_E1_E2
7821,2,train,0.04278581216931343,pdb_00009izc_S1_S2
7822,2,train,0.7325161695480347,pdb_00007jum_H1_H2
7823,2,train,1.0515837669372559,pdb_00009mkn_Q_R
7824,2,train,1.013674259185791,pdb_00009mtg_H_L
7825,2,train,0.22030161321163177,pdb_00009nz4_D_C
7826,2,train,1.0755685567855835,pdb_00008uf7_B_A
7827,2,train,0.8409729599952698,pdb_00008jqm_H_L
7828,2,train,0.6693295240402222,pdb_00007zmk_B_C
7829,2,train,0.5341110229492188,pdb_00006ii4_E_F
7830,2,train,0.048482172191143036,pdb_00007y89_S1_S2
7831,2,train,2.0778589248657227,pdb_00008edf_H_L
7832,2,train,0.8433424830436707,pdb_00009ebc_K_L
7833,2,train,0.7650037407875061,pdb_00009axl_H_L
7834,2,train,0.030220115557312965,pdb_00007u0j_N1_N2
7835,2,train,0.043548788875341415,pdb_00009u4w_S1_S2
7836,2,train,0.05116616562008858,pdb_00007sbf_E1_E2
7837,2,train,0.5265451073646545,pdb_00008as2_H_L
7838,2,train,0.5708279013633728,pdb_00007vyt_B_C
7839,2,train,0.8048114776611328,pdb_00008hn7_B_A
7840,2,train,0.8144946694374084,pdb_00009ptm_I_M
7841,2,train,0.4519885182380676,pdb_00006vmk_o_n
7842,2,train,0.901250958442688,pdb_00008a96_K_J
7843,2,train,0.7428577542304993,pdb_00007wvd_I_J
7844,2,train,1.4328240156173706,pdb_00009e3l_I_J
7845,2,train,0.33592602610588074,pdb_00008wnp_D_C
7846,2,train,0.7835007905960083,pdb_00007vgr_F_E
7847,2,train,0.688508927822113,pdb_00008smi_H_L
7848,2,train,0.07181406021118164,pdb_00006x3t_K_L
7849,2,train,0.3898502588272095,pdb_00008as0_N_M
7850,2,train,0.010785837657749653,pdb_00007db6_E1_E2
7851,2,train,0.3881381154060364,pdb_000011oo_H_L
7852,2,train,0.7174412608146667,pdb_00008wpw_H_L
7853,2,train,0.712695300579071,pdb_00007mem_H_L
7854,2,train,0.04877213388681412,pdb_00006dzt_M1_M2
7855,2,train,1.4947078227996826,pdb_00008s72_X_Y
7856,2,train,0.05833222344517708,pdb_00007x9y_S1_S2
7857,2,train,0.03611878678202629,pdb_00009m0r_S1_S2
7858,2,train,1.097885251045227,pdb_00008zre_h_l
7859,2,train,0.616597592830658,pdb_00009q71_I_J
7860,2,train,0.09702978283166885,pdb_00008ied_N1_N2
7861,2,train,0.9172577857971191,pdb_00007upb_B_E
7862,2,train,0.7003498673439026,pdb_00007wqv_N1_N2
7863,2,train,0.031226815655827522,pdb_00009bsb_E1_E2
7864,2,train,0.8169095516204834,pdb_00008yub_D_E
7865,2,train,0.7861021757125854,pdb_00008u4s_B_A
7866,2,train,0.018400007858872414,pdb_00007ydh_E1_E2
7867,2,train,0.633265495300293,pdb_00009quw_D_C
7868,2,train,0.831450879573822,pdb_00007zfb_C_D
7869,2,train,1.3466408252716064,pdb_00005gs0_D_C
7870,2,train,1.0436800718307495,pdb_00006h3u_H_L
7871,2,train,0.10473103076219559,pdb_00008z65_S1_S2
7872,2,train,0.7569384574890137,pdb_00005y11_A_B
7873,2,train,0.023373844102025032,pdb_00002fee_J_O
7874,2,train,0.15031807124614716,pdb_00008ihh_S1_S2
7875,2,train,0.036747243255376816,pdb_00009d4z_E1_E2
7876,2,train,1.4845455884933472,pdb_00006ddv_B_A
7877,2,train,0.5918602347373962,pdb_00008hn6_A_B
7878,2,train,0.28966963291168213,pdb_00009zqa_J2_J1
7879,2,train,1.1065587997436523,pdb_00008k5g_H_L
7880,2,train,0.9790125489234924,pdb_00007l7e_O_P
7881,2,train,0.603826642036438,pdb_00007dk0_A_B
7882,2,train,0.028714822605252266,pdb_00009k3l_S1_S2
7883,2,train,0.7106887102127075,pdb_00008cz8_C2_C1
7884,2,train,0.021521590650081635,pdb_00008j6i_H1_H2
7885,2,train,0.02952178753912449,pdb_00001ott_C_D
7886,2,train,0.6557988524436951,pdb_00009irs_S_T
7887,2,train,0.022118180990219116,pdb_00009vje_E1_E2
7888,2,train,0.9437143802642822,pdb_00007uvi_D_E
7889,2,train,0.5494673252105713,pdb_00007wqv_F1_F2
7890,2,train,0.6735293865203857,pdb_00008ulf_J_N
7891,2,train,0.700387716293335,pdb_00006xq4_E_F
7892,2,train,0.23020347952842712,pdb_00009exa_D_C
7893,2,train,0.5403000116348267,pdb_00007m71_H_L
7894,2,train,1.1180609464645386,pdb_00009zdu_H_L
7895,2,train,1.343076229095459,pdb_00007s11_I_M
7896,2,train,0.4743257462978363,pdb_00005yoy_G_D
7897,2,train,0.9820387959480286,pdb_00009cps_H_L
7898,2,train,0.5324843525886536,pdb_00009irs_H_L
7899,2,train,0.7172357439994812,pdb_00009ib1_H_L
7900,2,train,0.10690866410732269,pdb_00007trs_H1_H2
7901,2,train,0.8272669315338135,pdb_00009cct_C_B
7902,2,train,0.017973748967051506,pdb_00009m8k_N1_N2
7903,2,train,0.04097115248441696,pdb_00008ijb_S1_S2
7904,2,train,0.04271220415830612,pdb_00008dk5_N1_N2
7905,2,train,0.021390095353126526,pdb_00007ezh_H1_H2
7906,2,train,1.1777044534683228,pdb_00003qwo_A_B
7907,2,train,0.9390335083007812,pdb_00004am0_H_L
7908,2,train,0.49840396642684937,pdb_00003b2u_C_D
7908,2,train_epoch,0.6068310217436528,
7908,2,validation,0.9938787991801897,
7909,3,train,0.025372955948114395,pdb_00008fn0_E1_E2
7910,3,train,0.9502989649772644,pdb_00007s0x_H_L
7911,3,train,0.016689669340848923,pdb_00007vkt_E1_E2
7912,3,train,0.018655352294445038,pdb_00008iw1_S1_S2
7913,3,train,1.167164921760559,pdb_00006d0u_H_I
7914,3,train,0.7519311308860779,pdb_00008e2u_H_L
7915,3,train,1.3026790618896484,pdb_00006s3d_A_B
7916,3,train,0.7063486576080322,pdb_00005ggt_H_L
7917,3,train,0.735293447971344,pdb_00005aaw_F1_F2
7918,3,train,0.677544116973877,pdb_00007xda_D_E
7919,3,train,0.6252164244651794,pdb_00008zh7_E_F
7920,3,train,0.11713527143001556,pdb_00007vgs_D_C
7921,3,train,0.0584501214325428,pdb_00007uko_E_F
7922,3,train,0.13978227972984314,pdb_00009iy8_S1_S2
7923,3,train,0.02894390933215618,pdb_00008vfx_N2_N1
7924,3,train,0.025499267503619194,pdb_00006e0p_N1_N2
7925,3,train,0.940290629863739,pdb_00008vk1_F_E
7926,3,train,0.014602651819586754,pdb_00008jgf_E1_E2
7927,3,train,0.0935664102435112,pdb_00008yuv_S1_S2
7928,3,train,0.5419524312019348,pdb_00008dww_H_L
7929,3,train,0.4895215630531311,pdb_00005u6a_B_A
7930,3,train,0.04572306200861931,pdb_00007wz4_S1_S2
7931,3,train,0.9257678389549255,pdb_00007y3n_H_L
7932,3,train,0.48058152198791504,pdb_00009ib1_H_L
7933,3,train,0.8214259743690491,pdb_00006h3u_H_L
7934,3,train,0.5682814121246338,pdb_00008jkh_h_l
7935,3,train,0.7263453602790833,pdb_00009kve_E_G
7936,3,train,1.0026813745498657,pdb_00006wtv_E_F
7937,3,train,0.6768852472305298,pdb_00006n5d_L_N
7938,3,train,0.8454577326774597,pdb_00008pwh_D_C
7939,3,train,1.172448992729187,pdb_00001hys_D_C
7940,3,train,1.202467918395996,pdb_00006bpc_B_C
7941,3,train,0.40990668535232544,pdb_00008dww_X_W
7942,3,train,0.8124043941497803,pdb_00009ue8_E_F
7943,3,train,0.06585840880870819,pdb_00008gcp_E1_E2
7944,3,train,0.8752602934837341,pdb_00008fhy_H_L
7945,3,train,1.3376144170761108,pdb_00009kve_D_F
7946,3,train,0.06136355921626091,pdb_00008yn4_E1_E2
7947,3,train,0.9426739811897278,pdb_00007ycn_H_I
7948,3,train,0.9393894076347351,pdb_00008hq7_H_L
7949,3,train,1.1537220478057861,pdb_00009mtl_M_N
7950,3,train,0.030859118327498436,pdb_00006k41_H1_H2
7951,3,train,2.1244418621063232,pdb_00006vlw_H_L
7952,3,train,0.6949706077575684,pdb_00003c09_H_L
7953,3,train,0.8417234420776367,pdb_00001fns_H_L
7954,3,train,0.7954419255256653,pdb_00007m42_D_C
7955,3,train,0.05226730555295944,pdb_00008sgo_K_L
7956,3,train,0.5893788933753967,pdb_00008vgi_F_E
7957,3,train,0.8107485771179199,pdb_00006ogx_H_L
7958,3,train,0.041485026478767395,pdb_00009erx_F1_F2
7959,3,train,0.6467741131782532,pdb_00007zlg_H_L
7960,3,train,0.027036940678954124,pdb_00008f7w_E1_E2
7961,3,train,0.6992412805557251,pdb_00008yx9_G_I
7962,3,train,0.01635841652750969,pdb_00009j5v_S1_S2
7963,3,train,0.03513981029391289,pdb_00008xgu_S1_S2
7964,3,train,0.033941593021154404,pdb_00008hqe_H1_H2
7965,3,train,0.892885684967041,pdb_00008u44_V_X
7966,3,train,0.7257082462310791,pdb_00004hg4_V_W
7967,3,train,0.015739504247903824,pdb_00007xwo_E1_E2
7968,3,train,0.06589532643556595,pdb_00007ucy_E_F
7969,3,train,1.255529522895813,pdb_00008tnn_H_G
7970,3,train,0.03043515980243683,pdb_00008wrb_E1_E2
7971,3,train,0.8475490212440491,pdb_00006k7o_H_L
7972,3,train,0.5946068167686462,pdb_00009iz9_M_N
7973,3,train,0.04372040182352066,pdb_00008ubi_M2_M1
7974,3,train,0.5796365737915039,pdb_00004hg4_N_O
7975,3,train,0.989676833152771,pdb_00006ba5_F_E
7976,3,train,0.625783383846283,pdb_00009cq4_H_L
7977,3,train,0.0353015661239624,pdb_00007l1v_H1_H2
7978,3,train,0.05214475840330124,pdb_00008j21_B1_B2
7979,3,train,0.014409659430384636,pdb_00004z7q_E_F
7980,3,train,0.020575765520334244,pdb_00007ys6_E1_E2
7981,3,train,0.02174670808017254,pdb_00008ic0_E1_E2
7982,3,train,0.018016407266259193,pdb_00007wyb_E1_E2
7983,3,train,0.8180326819419861,pdb_00007kn3_M_N
7984,3,train,0.09300779551267624,pdb_00006x3z_K_L
7985,3,train,1.1521886587142944,pdb_00006jep_H_L
7986,3,train,0.4077382981777191,pdb_00006bae_B_A
7987,3,train,0.506637692451477,pdb_00009ib3_H_L
7988,3,train,0.4371926784515381,pdb_00009our_J_K
7989,3,train,0.1831376552581787,pdb_00009nz3_D_C
7990,3,train,0.1435198187828064,pdb_00009ctu_D_C
7991,3,train,0.010272984392940998,pdb_00008hsc_S1_S2
7992,3,train,0.12498819828033447,pdb_00009oup_H_L
7993,3,train,0.7426443099975586,pdb_00006ii9_P_Q
7994,3,train,0.010683847591280937,pdb_00008jim_S1_S2
7995,3,train,0.04605230689048767,pdb_00008vqy_J_I
7996,3,train,0.958317220211029,pdb_00006gff_L_K
7997,3,train,0.02867194637656212,pdb_00002fee_I_L
7998,3,train,0.5916738510131836,pdb_00008txu_H_L
7999,3,train,0.024395432323217392,pdb_00009kft_S1_S2
8000,3,train,0.9010865688323975,pdb_00007upb_C_F
8001,3,train,0.5590404272079468,pdb_00007xsc_D_H
8002,3,train,0.0072369384579360485,pdb_00008hs3_S1_S2
8003,3,train,1.1332945823669434,pdb_00007shy_I_J
8004,3,train,0.5485666990280151,pdb_00009cpr_H_L
8005,3,train,0.01973055861890316,pdb_00007yj4_S1_S2
8006,3,train,0.8907672166824341,pdb_00008w83_A_B
8007,3,train,0.12542900443077087,pdb_00006w0i_A_B
8008,3,train,0.5539997220039368,pdb_00007yvm_C_A
8009,3,train,1.0719459056854248,pdb_00006hga_H_L
8010,3,train,0.9220682382583618,pdb_00007uvq_C_B
8011,3,train,0.011833186261355877,pdb_00009oxa_D1_D2
8012,3,train,0.7761045098304749,pdb_00008wu1_H_L
8013,3,train,1.0439847707748413,pdb_00009sat_H_L
8014,3,train,0.043680109083652496,pdb_00003nid_E_F
8015,3,train,1.328672170639038,pdb_00009ml8_P_Q
8016,3,train,0.023972464725375175,pdb_00009j0b_S1_S2
8017,3,train,0.23187293112277985,pdb_00006zlr_FFF_GGG
8018,3,train,0.9357592463493347,pdb_00002oz4_H_L
8019,3,train,0.937913715839386,pdb_00009os5_I_L
8020,3,train,0.09947343170642853,pdb_00003hpl_A_B
8021,3,train,0.6574891805648804,pdb_00007jum_J1_J2
8022,3,train,0.047491855919361115,pdb_00008jln_S1_S2
8023,3,train,0.5504032373428345,pdb_00009q71_K_L
8024,3,train,0.39526307582855225,pdb_00007s0b_A_B
8025,3,train,0.6783632040023804,pdb_00008u44_S_T
8026,3,train,0.00928536057472229,pdb_00008dzp_E1_E2
8027,3,train,0.015299343504011631,pdb_00008vve_E1_E2
8028,3,train,0.03476883843541145,pdb_00003f7y_A_B
8029,3,train,1.1242575645446777,pdb_00009hvw_H_L
8030,3,train,0.6675954461097717,pdb_00007rk2_D1_D2
8031,3,train,0.011023439466953278,pdb_00008xqs_S1_S2
8032,3,train,0.01698572188615799,pdb_00009kfi_S1_S2
8033,3,train,0.5217171907424927,pdb_00005nhr_H_L
8034,3,train,1.203542947769165,pdb_00002r56_I_M
8035,3,train,0.03114481270313263,pdb_00007p02_H1_H2
8036,3,train,0.5342050790786743,pdb_00003ri5_I_O
8037,3,train,0.012629212811589241,pdb_00007x10_E1_E2
8038,3,train,0.029283765703439713,pdb_00007ykd_S1_S2
8039,3,train,1.4286078214645386,pdb_00009me7_J_N
8040,3,train,0.9833939075469971,pdb_00009oap_H_L
8041,3,train,0.5857105851173401,pdb_00009udq_F_A
8042,3,train,0.5148059129714966,pdb_00007xsc_A_B
8043,3,train,0.8431788682937622,pdb_00008y3l_G_H
8044,3,train,0.020523875951766968,pdb_00009vif_S1_S2
8045,3,train,1.0023202896118164,pdb_00007uzd_H_L
8046,3,train,1.1146609783172607,pdb_00008f6l_A_B
8047,3,train,1.367327094078064,pdb_00007xh8_B_C
8048,3,train,1.1486244201660156,pdb_00005lsp_S_T
8049,3,train,0.26844409108161926,pdb_00009zqb_J2_J1
8050,3,train,0.7517519593238831,pdb_00009ctw_D_C
8051,3,train,0.09373248368501663,pdb_00002dqj_H_L
8052,3,train,1.282258152961731,pdb_00006wmw_H_L
8053,3,train,0.16662803292274475,pdb_00009exa_D_C
8054,3,train,0.47287803888320923,pdb_00007ch5_H_L
8055,3,train,1.1293134689331055,pdb_00008bcz_A_B
8056,3,train,0.8728166818618774,pdb_00005wko_C_D
8057,3,train,0.014736965298652649,pdb_00007yk6_S1_S2
8058,3,train,0.7265140414237976,pdb_00006p4b_H_L
8059,3,train,1.2921301126480103,pdb_00006wex_H_L
8060,3,train,0.5803239941596985,pdb_00005x8m_B_C
8061,3,train,0.5295634865760803,pdb_00002eks_B_A
8062,3,train,1.288981556892395,pdb_00008w5h_H_L
8063,3,train,0.8370299339294434,pdb_00008sdh_C_D
8064,3,train,0.6233317852020264,pdb_00008too_H_E
8065,3,train,0.42066240310668945,pdb_00006xc4_H_L
8066,3,train,0.02205510064959526,pdb_00009m0r_S1_S2
8067,3,train,0.45062312483787537,pdb_00008jen_A_B
8068,3,train,0.020932523533701897,pdb_00007s8p_E1_E2
8069,3,train,0.6191681623458862,pdb_00008zyu_D_Q
8070,3,train,1.4504567384719849,pdb_00003h3b_C2_C1
8071,3,train,0.04574977234005928,pdb_00008k3z_S1_S2
8072,3,train,0.906611442565918,pdb_00005vqm_H_L
8073,3,train,0.014919780194759369,pdb_00007tuz_E1_E2
8074,3,train,0.0130997896194458,pdb_00007eo4_E1_E2
8075,3,train,1.0156636238098145,pdb_00005ggs_C_D
8076,3,train,0.029977453872561455,pdb_00008j6q_S1_S2
8077,3,train,0.014822052791714668,pdb_00007t6v_E1_E2
8078,3,train,0.7235201001167297,pdb_00007ubs_I1_I2
8079,3,train,0.02394738793373108,pdb_00007ejk_H1_H2
8080,3,train,0.010094246827065945,pdb_00006lfm_S1_S2
8081,3,train,0.857154369354248,pdb_00007dq7_H_L
8082,3,train,0.4630080461502075,pdb_00007zf8_H_L
8083,3,train,0.9194638729095459,pdb_00009cfe_A_B
8084,3,train,0.9258661270141602,pdb_00004nik_B1_B2
8085,3,train,0.016409607604146004,pdb_00007y67_S1_S2
8086,3,train,0.8381999731063843,pdb_00003fku_Y1_Y2
8087,3,train,0.5185739398002625,pdb_00007xcz_D_E
8088,3,train,1.019504427909851,pdb_00006ejg_C2_C1
8089,3,train,0.7719141840934753,pdb_00007m42_B_A
8090,3,train,0.9599363803863525,pdb_00009cds_E_D
8091,3,train,0.6127185821533203,pdb_00006o1f_H_L
8092,3,train,0.4234282076358795,pdb_00003a6b_H_L
8093,3,train,0.008747276850044727,pdb_00009vjg_E1_E2
8094,3,train,0.3621208667755127,pdb_00007zf9_A_B
8095,3,train,0.013611533679068089,pdb_00007f9z_E1_E2
8096,3,train,1.1987888813018799,pdb_00008dwo_H_L
8097,3,train,0.9962401390075684,pdb_00009yyu_H_L
8098,3,train,0.6477124094963074,pdb_00005y11_A_B
8099,3,train,0.9801815748214722,pdb_00003bsz_N_M
8100,3,train,0.7753317356109619,pdb_00007ahu_H_L
8101,3,train,1.0380150079727173,pdb_00006d0u_E_F
8102,3,train,0.9689338803291321,pdb_00006a4k_I_M
8103,3,train,0.01363886334002018,pdb_00008e9x_E1_E2
8104,3,train,0.7326192259788513,pdb_00008oxx_B_C
8105,3,train,0.012295111082494259,pdb_00007ra3_E1_E2
8106,3,train,0.7652731537818909,pdb_00008g5b_I_M
8107,3,train,0.7194470763206482,pdb_00007djz_A_B
8108,3,train,0.7397944927215576,pdb_00003eo1_B_A
8109,3,train,0.800582230091095,pdb_00007mem_H_L
8110,3,train,0.49555012583732605,pdb_00008hn6_C_D
8111,3,train,0.5535119771957397,pdb_00009u5p_P_Q
8112,3,train,0.0096544548869133,pdb_00009m8l_N1_N2
8113,3,train,0.012049795128405094,pdb_00009ite_E1_E2
8114,3,train,0.8026885986328125,pdb_00008sdf_B_C
8115,3,train,0.6947173476219177,pdb_00008vtd_B_A
8116,3,train,1.2620242834091187,pdb_00007r8u_HHH_LLL
8117,3,train,0.03591984137892723,pdb_00008xyk_S1_S2
8118,3,train,0.6097593307495117,pdb_00006gv4_H_L
8119,3,train,0.49882233142852783,pdb_00008vgi_K_L
8120,3,train,1.0455996990203857,pdb_00009zdu_H_L
8121,3,train,1.0689198970794678,pdb_00004ffv_H_L
8122,3,train,0.4021095037460327,pdb_00007c01_H_L
8123,3,train,1.0184309482574463,pdb_00006ek2_H1_H2
8124,3,train,0.45594337582588196,pdb_00003b2v_H_L
8125,3,train,0.3409790098667145,pdb_00007cjf_A_B
8126,3,train,0.082102470099926,pdb_00006ada_E_F
8127,3,train,1.828023076057434,pdb_00008r4n_H_L
8128,3,train,0.019084151834249496,pdb_00009k6l_S1_S2
8129,3,train,0.13469795882701874,pdb_00008sgo_J_I
8130,3,train,0.048343393951654434,pdb_00008wwl_E1_E2
8131,3,train,0.4944017827510834,pdb_00007xei_E_F
8132,3,train,0.3372694253921509,pdb_00006b3s_C_D
8133,3,train,0.5867683291435242,pdb_00008jkh_M_N
8134,3,train,1.1182222366333008,pdb_00008d9y_F_E
8135,3,train,1.0191452503204346,pdb_00009mtg_H_L
8136,3,train,1.0132465362548828,pdb_00007t0w_O_P
8137,3,train,0.9321696758270264,pdb_00006gff_N_M
8138,3,train,0.05196833238005638,pdb_00008j20_B1_B2
8139,3,train,0.6449019312858582,pdb_00007sco_J_K
8140,3,train,0.05074915662407875,pdb_00002vdn_H_L
8141,3,train,0.699860692024231,pdb_00005w0k_H_L
8142,3,train,0.7759513854980469,pdb_00006ww5_E_F
8143,3,train,0.7395531535148621,pdb_00004np4_I_M
8144,3,train,1.0264041423797607,pdb_00005dhx_L2_L1
8145,3,train,0.6622185707092285,pdb_00007mem_G_J
8146,3,train,1.2985363006591797,pdb_00005anm_B_A
8147,3,train,1.0440973043441772,pdb_00001n5y_H_L
8148,3,train,0.7277278900146484,pdb_00008q6j_D_C
8149,3,train,0.6385347843170166,pdb_00004yk4_Z_Y
8150,3,train,0.662763774394989,pdb_00007zmk_E_F
8151,3,train,0.19227319955825806,pdb_00001ic4_H_L
8152,3,train,1.0151276588439941,pdb_00009dn2_I_M
8153,3,train,0.339164137840271,pdb_00002qr0_H_G
8154,3,train,0.6130653619766235,pdb_00004okv_A_B
8155,3,train,0.8345108032226562,pdb_00009lsj_D1_E2
8156,3,train,1.9293326139450073,pdb_00005i9q_B_C
8157,3,train,0.8691790699958801,pdb_00005kov_E1_E2
8158,3,train,0.5519473552703857,pdb_00007klg_H_L
8159,3,train,0.0155019611120224,pdb_00009vjf_E1_E2
8160,3,train,0.02353898622095585,pdb_00009ijd_D1_D2
8161,3,train,0.6115953922271729,pdb_00008y0y_E3_E2
8162,3,train,0.6975381970405579,pdb_00007jmw_H_L
8163,3,train,0.8673737049102783,pdb_00008ezk_H1_H2
8164,3,train,0.6733563542366028,pdb_00007vaf_H_L
8165,3,train,0.5116943120956421,pdb_00007kfx_H_L
8166,3,train,0.013596005737781525,pdb_00007t2h_E1_E2
8167,3,train,1.275139331817627,pdb_00008jeo_E_F
8168,3,train,0.6016920804977417,pdb_00001xgp_B_A
8169,3,train,0.9220348000526428,pdb_00007x2w_H_L
8170,3,train,0.5917661786079407,pdb_00009jy4_P_O
8171,3,train,0.5292903780937195,pdb_00007zmk_P_Q
8172,3,train,0.09871723502874374,pdb_00008id3_S1_S2
8173,3,train,0.4605436325073242,pdb_00005u5m_B_A
8174,3,train,0.578165590763092,pdb_00007t87_H_L
8175,3,train,0.011561539955437183,pdb_00007s8n_E1_E2
8176,3,train,0.0122801773250103,pdb_00007wz7_C1_C2
8177,3,train,0.7356001734733582,pdb_00009wsx_H_L
8178,3,train,0.050026219338178635,pdb_00009ns9_N1_N2
8179,3,train,1.1724025011062622,pdb_00004xhj_H_G
8180,3,train,0.4992794990539551,pdb_00001ndm_B_A
8181,3,train,0.030993293970823288,pdb_00008dzr_E1_E2
8182,3,train,0.034707244485616684,pdb_00008xx6_S1_S2
8183,3,train,0.04925025254487991,pdb_00007f2o_S1_S2
8184,3,train,0.0069792615249753,pdb_00009jmd_E1_E2
8185,3,train,0.5395734906196594,pdb_00009azr_H_L
8186,3,train,1.3546849489212036,pdb_00005w08_Q_R
8187,3,train,0.7005446553230286,pdb_00009l9o_B_C
8188,3,train,2.143068313598633,pdb_00009osx_B_C
8189,3,train,0.19329573214054108,pdb_00009nz3_F_E
8190,3,train,0.47047045826911926,pdb_00007f6z_H_L
8191,3,train,0.18278127908706665,pdb_00008si9_J_I
8192,3,train,0.6118700504302979,pdb_00001tzh_B_A
8193,3,train,0.6478758454322815,pdb_00003nh7_K_O
8194,3,train,1.2374646663665771,pdb_00009mth_M_N
8195,3,train,0.02362007088959217,pdb_00008xxz_S1_S2
8196,3,train,0.9422407150268555,pdb_00008cbf_H_L
8197,3,train,0.6638063192367554,pdb_00007m7b_H_L
8198,3,train,0.012189546599984169,pdb_00006dde_E1_E2
8199,3,train,1.1334261894226074,pdb_00008jeo_B_C
8200,3,train,0.015732308849692345,pdb_00009vj6_E1_E2
8201,3,train,0.7467246651649475,pdb_00009n8j_H_I
8202,3,train,0.680528998374939,pdb_00009mqa_J_N
8203,3,train,0.03766227886080742,pdb_00002ht3_C_D
8204,3,train,1.2160558700561523,pdb_00006xm2_F_E
8205,3,train,0.034373365342617035,pdb_00008efb_E1_E2
8206,3,train,0.2410777509212494,pdb_00006w0j_A_B
8207,3,train,0.026129698380827904,pdb_00008j6i_H1_H2
8208,3,train,0.7111829519271851,pdb_00008ezk_I1_I2
8209,3,train,0.9061306118965149,pdb_00009cu7_I_M
8210,3,train,0.8830053806304932,pdb_00006hjp_I_J
8211,3,train,0.007660393603146076,pdb_00008k6n_S1_S2
8212,3,train,0.4377557039260864,pdb_00007qez_E_F
8213,3,train,0.021180439740419388,pdb_00003ejy_E_F
8214,3,train,0.656028151512146,pdb_00007bwj_H_L
8215,3,train,0.8990827202796936,pdb_00007wph_H_L
8216,3,train,1.0496538877487183,pdb_00007yh6_H_L
8217,3,train,0.08438720554113388,pdb_00007k61_M2_M1
8218,3,train,0.9959316849708557,pdb_00007scn_E_F
8219,3,train,0.9128385782241821,pdb_00006t3j_F_G
8220,3,train,0.020649002864956856,pdb_00008xxh_S1_S2
8221,3,train,1.1297096014022827,pdb_00001ztx_H_L
8222,3,train,1.1159920692443848,pdb_00007x3d_H_L
8223,3,train,0.9132218360900879,pdb_00004wv1_E_D
8224,3,train,0.06317372620105743,pdb_00007td8_E_F
8225,3,train,0.6706377267837524,pdb_00009bt5_E_F
8226,3,train,0.807080864906311,pdb_00008cxh_h_l
8227,3,train,0.00775552075356245,pdb_00009ldx_S1_S2
8228,3,train,0.8061096668243408,pdb_00009b82_H_L
8229,3,train,0.8705629110336304,pdb_00003v6z_C_D
8230,3,train,0.5129827260971069,pdb_00006iap_E_D
8231,3,train,1.1205826997756958,pdb_00007rco_D_C
8232,3,train,0.9220757484436035,pdb_00008f6o_A_B
8233,3,train,0.9419981241226196,pdb_00001p2c_E_D
8234,3,train,1.106480360031128,pdb_00002vxq_H_L
8235,3,train,0.016163315623998642,pdb_00007w53_E1_E2
8236,3,train,0.8510445356369019,pdb_00008uzp_H_L
8237,3,train,0.01802321895956993,pdb_00008y6w_D1_D2
8238,3,train,0.8833051323890686,pdb_00004xhj_D_C
8239,3,train,0.791505753993988,pdb_00007wph_E_D
8240,3,train,0.404998242855072,pdb_00007zf9_H_L
8241,3,train,0.7187179923057556,pdb_00008ulf_I_M
8242,3,train,0.05512434244155884,pdb_00008zd1_S1_S2
8243,3,train,0.7607327699661255,pdb_00006cyf_M_L
8244,3,train,0.2097063809633255,pdb_00006w0f_A_B
8245,3,train,0.8637567758560181,pdb_00007l0l_G_J
8246,3,train,0.6671059727668762,pdb_00004zff_A_B
8247,3,train,0.9104321002960205,pdb_00007b0b_H_L
8248,3,train,0.6922181248664856,pdb_00008y31_B_A
8249,3,train,1.1288729906082153,pdb_00006aru_C_B
8250,3,train,0.6264111995697021,pdb_00009pw4_C_D
8251,3,train,1.3466284275054932,pdb_00008kep_H_L
8252,3,train,0.30366888642311096,pdb_00003rhw_H_L
8253,3,train,0.5839328169822693,pdb_00008bg3_C1_C2
8254,3,train,0.010055461898446083,pdb_00008xqo_S1_S2
8255,3,train,0.4995037615299225,pdb_00002r0l_H_L
8256,3,train,1.0909795761108398,pdb_00007sbd_H_L
8257,3,train,0.6816367506980896,pdb_00007lq7_y_z
8258,3,train,0.954860270023346,pdb_00009mqd_H_L
8259,3,train,0.0257588941603899,pdb_00009lrs_E1_E2
8260,3,train,0.8892517685890198,pdb_00007yds_B_C
8261,3,train,0.1824386566877365,pdb_00008vrn_K_L
8262,3,train,0.7332989573478699,pdb_00008sdf_H_L
8263,3,train,0.8468837738037109,pdb_00009hi4_A_B
8264,3,train,0.06990610808134079,pdb_00001otu_C_D
8265,3,train,0.901913046836853,pdb_00009c6y_A_B
8266,3,train,0.7361133098602295,pdb_00008hws_D_E
8267,3,train,0.032759055495262146,pdb_00009m1o_S1_S2
8268,3,train,0.16087274253368378,pdb_00008j22_F1_F2
8269,3,train,0.06856565177440643,pdb_00009kt8_E1_E2
8270,3,train,0.753333330154419,pdb_00007xrz_B_A
8271,3,train,0.025234058499336243,pdb_00007ej0_H1_H2
8272,3,train,0.009105216711759567,pdb_00008irt_E1_E2
8273,3,train,1.4300360679626465,pdb_00006s3d_C_D
8274,3,train,0.5960636734962463,pdb_00009cn2_B1_B2
8275,3,train,0.11722847074270248,pdb_00003or7_A_B
8276,3,train,1.0035974979400635,pdb_00001adq_H_L
8277,3,train,0.6035141944885254,pdb_00007lop_X_Y
8278,3,train,0.8032928705215454,pdb_00004kht_H_L
8279,3,train,0.7930057644844055,pdb_00006ii9_H_L
8280,3,train,1.6273133754730225,pdb_00003lzf_H_L
8281,3,train,0.02851083315908909,pdb_00009drx_J_I
8282,3,train,0.09077373147010803,pdb_00008z65_S1_S2
8283,3,train,1.072203516960144,pdb_00009e21_H_L
8284,3,train,1.0371078252792358,pdb_00006s3d_H_L
8285,3,train,0.4287331700325012,pdb_00007wbz_H_L
8286,3,train,0.01982058398425579,pdb_00007ubr_E_F
8287,3,train,0.6455923914909363,pdb_00003h42_H_L
8288,3,train,0.8895207047462463,pdb_00007l5j_W_L
8289,3,train,0.7862638235092163,pdb_00007det_D1_D2
8290,3,train,0.03234463557600975,pdb_00002r9h_E_F
8291,3,train,0.5515817403793335,pdb_00007qf1_C_B
8292,3,train,0.6532248854637146,pdb_00006cyf_D_C
8293,3,train,0.01134039182215929,pdb_00007evz_E1_E2
8294,3,train,0.6986569762229919,pdb_00009jy3_P_O
8295,3,train,0.007706032134592533,pdb_00007t6u_E1_E2
8296,3,train,0.5895460844039917,pdb_00007wwk_I_H
8297,3,train,0.029399551451206207,pdb_00007u9v_E_F
8298,3,train,1.2485589981079102,pdb_00006ba5_B_A
8299,3,train,0.6491606831550598,pdb_00007d85_B_C
8300,3,train,0.34337690472602844,pdb_000011oo_H_L
8301,3,train,0.03559902682900429,pdb_00006ad7_E_F
8302,3,train,0.021604172885417938,pdb_00008efl_E1_E2
8303,3,train,0.40370944142341614,pdb_00001dzb_B1_B2
8304,3,train,0.8226974010467529,pdb_00007uvq_D_E
8305,3,train,0.739668607711792,pdb_00007x2o_H_L
8306,3,train,0.022628476843237877,pdb_00009w6w_E1_E2
8307,3,train,0.6329104900360107,pdb_00007sco_H_L
8308,3,train,0.021507926285266876,pdb_00008e9z_E1_E2
8309,3,train,0.008154192008078098,pdb_00007evy_E1_E2
8310,3,train,0.8933639526367188,pdb_00001yqv_H_L
8311,3,train,0.11271000653505325,pdb_00007k60_N2_N1
8312,3,train,0.6177043318748474,pdb_00009q7b_G_I
8313,3,train,0.013445478864014149,pdb_00007l8p_E_F
8314,3,train,0.10442708432674408,pdb_00008dd3_J_I
8315,3,train,0.9503154754638672,pdb_00007l7e_O_P
8316,3,train,0.02297092229127884,pdb_00007tpd_E_F
8317,3,train,0.5678677558898926,pdb_00007pqy_B_C
8318,3,train,0.5052382349967957,pdb_00005aaw_A1_A2
8319,3,train,0.9395869374275208,pdb_00006wtu_B_C
8320,3,train,0.34989461302757263,pdb_00006vmk_P_O
8321,3,train,0.03195129707455635,pdb_00007wig_S1_S2
8322,3,train,0.4942912757396698,pdb_00006ii8_H_L
8323,3,train,0.025719335302710533,pdb_00007vih_E1_E2
8324,3,train,0.581559956073761,pdb_00008too_D_C
8325,3,train,1.4446712732315063,pdb_00006uyn_H_L
8326,3,train,1.209206461906433,pdb_00005ldn_H_L
8327,3,train,0.016639193519949913,pdb_00007s8o_E1_E2
8328,3,train,0.11788294464349747,pdb_00006x40_K_L
8329,3,train,0.015659721568226814,pdb_00008jso_S1_S2
8330,3,train,0.3536785840988159,pdb_00007cvs_C_D
8331,3,train,0.6018406748771667,pdb_00009j9z_H_L
8332,3,train,0.0845610573887825,pdb_00002h2p_C_D
8333,3,train,0.027984971180558205,pdb_00007ts0_H1_H2
8334,3,train,0.037495486438274384,pdb_00008wwm_E1_E2
8335,3,train,0.032353632152080536,pdb_00007xxh_H1_H2
8336,3,train,0.028556661680340767,pdb_00008zme_E1_E2
8337,3,train,0.8092302083969116,pdb_00009ma0_B_C
8338,3,train,0.3965614140033722,pdb_00009ouo_J_K
8339,3,train,0.5961505770683289,pdb_00006pe9_C_D
8340,3,train,0.726057767868042,pdb_00005jz7_J_K
8341,3,train,0.030408527702093124,pdb_00009ko4_H1_H2
8342,3,train,0.6566881537437439,pdb_00007t3d_C_D
8343,3,train,0.8769132494926453,pdb_00009cps_H_L
8344,3,train,0.01755415089428425,pdb_00009ydu_E1_E2
8345,3,train,0.7461879849433899,pdb_00008u4s_H_L
8346,3,train,0.8230975866317749,pdb_00007x6o_J_L
8347,3,train,0.018114281818270683,pdb_00008j6d_H1_H2
8348,3,train,0.6652673482894897,pdb_00008dcc_H_L
8349,3,train,1.2002757787704468,pdb_00009e3k_H_L
8350,3,train,0.10794493556022644,pdb_00007u0j_N1_N2
8351,3,train,0.367138534784317,pdb_00006txz_J_N
8352,3,train,0.07422344386577606,pdb_00006x3s_J_I
8353,3,train,0.033233024179935455,pdb_00007eq1_S1_S2
8354,3,train,0.029587743803858757,pdb_00008j6p_S1_S2
8355,3,train,1.9693500995635986,pdb_00008edf_H_L
8356,3,train,0.015786675736308098,pdb_00007vdm_S1_S2
8357,3,train,0.03157775476574898,pdb_00006crk_H1_H2
8358,3,train,1.0835657119750977,pdb_00006t9e_HHH_LLL
8359,3,train,0.5358855724334717,pdb_00006kyz_B_C
8360,3,train,1.3534578084945679,pdb_00006q18_H_L
8361,3,train,0.47222673892974854,pdb_00009lbs_D_C
8362,3,train,0.10004377365112305,pdb_00001j1x_H_L
8363,3,train,0.6640310883522034,pdb_00009vfu_E_F
8364,3,train,1.0769604444503784,pdb_00008tpa_D_E
8365,3,train,0.024158557876944542,pdb_00008wwn_E1_E2
8366,3,train,0.650098443031311,pdb_00007rxl_C_D
8367,3,train,0.014757826924324036,pdb_00007ew0_E1_E2
8368,3,train,0.5803230404853821,pdb_00001kiq_B_A
8369,3,train,0.27817830443382263,pdb_00006vmk_o_n
8370,3,train,0.9088656902313232,pdb_00002yc1_A_B
8371,3,train,0.3075079917907715,pdb_00006yor_H_L
8372,3,train,0.07432246953248978,pdb_00003stl_A_B
8373,3,train,0.31215134263038635,pdb_00004tnw_H_L
8374,3,train,0.12454444169998169,pdb_00009nz5_F_E
8375,3,train,0.2048659324645996,pdb_00006vmk_B_A
8376,3,train,0.484187513589859,pdb_00008as2_H_L
8377,3,train,0.5546519756317139,pdb_00008zh7_H_I
8378,3,train,0.9535638093948364,pdb_00009cfg_H_L
8379,3,train,0.8463246822357178,pdb_00007x3c_H_L
8380,3,train,0.691173255443573,pdb_00004n90_H_I
8381,3,train,0.9646416306495667,pdb_00008zre_H_L
8382,3,train,0.5506248474121094,pdb_00007vad_H_L
8383,3,train,0.1870759278535843,pdb_00003rif_J_M
8384,3,train,0.9583171010017395,pdb_00008i5i_H_L
8385,3,train,1.66828191280365,pdb_00007uij_H_L
8386,3,train,0.04520939290523529,pdb_00008sid_J_I
8387,3,train,0.01240522786974907,pdb_00009iza_S1_S2
8388,3,train,0.5768299698829651,pdb_00008xsf_H_L
8389,3,train,0.08931536972522736,pdb_00002h2s_E_F
8390,3,train,0.5041251182556152,pdb_00008bg2_C1_C2
8391,3,train,0.6600497961044312,pdb_00008u4s_B_A
8392,3,train,0.5635342001914978,pdb_00009ci8_B_A
8393,3,train,0.03187880665063858,pdb_00007vgz_F1_F2
8394,3,train,0.0313362218439579,pdb_00008f7r_E1_E2
8395,3,train,0.6891990900039673,pdb_00007dpm_A_B
8396,3,train,0.015840185806155205,pdb_00007w40_H1_H2
8397,3,train,0.8807051777839661,pdb_00006vc9_H_L
8398,3,train,0.025562521070241928,pdb_00009kpe_S1_S2
8399,3,train,0.01212505903095007,pdb_00008zjg_S1_S2
8400,3,train,0.856418251991272,pdb_00007upb_B_E
8401,3,train,1.1788091659545898,pdb_00009mth_H_L
8402,3,train,0.707097053527832,pdb_00009dru_H_L
8403,3,train,0.022304795682430267,pdb_00008x17_H1_H2
8404,3,train,0.016484443098306656,pdb_00009jkv_S1_S2
8405,3,train,0.5487748384475708,pdb_00009n4f_H_L
8406,3,train,0.6709237694740295,pdb_00009dzf_H_L
8407,3,train,0.3915000855922699,pdb_00003b2u_J_K
8408,3,train,0.4672606587409973,pdb_00008jkh_m_n
8409,3,train,0.8782317638397217,pdb_00007s0x_C_D
8410,3,train,0.01862342283129692,pdb_00009j8z_S1_S2
8411,3,train,0.8232392072677612,pdb_00002vwe_L_J
8412,3,train,0.016436591744422913,pdb_00007s8l_E1_E2
8413,3,train,0.7447174191474915,pdb_00008smi_H_L
8414,3,train,0.016195321455597878,pdb_00008h0q_E1_E2
8415,3,train,0.016407525166869164,pdb_00007ew3_S1_S2
8416,3,train,1.1512421369552612,pdb_00009mtk_I_J
8417,3,train,0.015190081670880318,pdb_00008xzh_S1_S2
8418,3,train,0.7854320406913757,pdb_00001fj1_D_C
8419,3,train,0.4313564896583557,pdb_00007zfe_F_G
8420,3,train,0.008519316092133522,pdb_00009vmn_S1_S2
8421,3,train,0.19853612780570984,pdb_00009zqa_J2_J1
8422,3,train,1.0792546272277832,pdb_00006xpz_E_F
8423,3,train,0.7119625806808472,pdb_00009vft_F_E
8424,3,train,0.6368386745452881,pdb_00009og2_D_E
8425,3,train,0.022430941462516785,pdb_00008t3v_N1_N2
8426,3,train,0.950391948223114,pdb_00007lf7_A_B
8427,3,train,0.197780042886734,pdb_00009nz5_B_C
8428,3,train,0.6763585209846497,pdb_00009lp1_A_B
8429,3,train,0.018497435376048088,pdb_00009upv_S1_S2
8430,3,train,0.39283859729766846,pdb_00008smt_D_F
8431,3,train,0.008045650087296963,pdb_00008xzf_S1_S2
8432,3,train,0.8618370890617371,pdb_00002x7l_G_I
8433,3,train,0.011450057849287987,pdb_00007v68_S1_S2
8434,3,train,1.7585355043411255,pdb_00005dfw_H1_H2
8435,3,train,0.619269073009491,pdb_00008jel_F_G
8436,3,train,0.27902981638908386,pdb_00008elq_H_L
8437,3,train,0.009834091179072857,pdb_00008y01_S1_S2
8438,3,train,0.7187331914901733,pdb_00002x7l_J_K
8439,3,train,1.1408427953720093,pdb_00009bdi_H_L
8440,3,train,0.4598338007926941,pdb_00008vgk_H_G
8441,3,train,0.7565087080001831,pdb_00007zfb_J_K
8442,3,train,0.10996825993061066,pdb_00008ihb_S1_S2
8443,3,train,0.5973823070526123,pdb_00002jix_D_G
8444,3,train,1.1064475774765015,pdb_00007t82_D_C
8445,3,train,0.06467769294977188,pdb_00008jt6_E1_E2
8446,3,train,1.481284499168396,pdb_00008s72_H_L
8447,3,train,0.7804643511772156,pdb_00007ttm_H_L
8448,3,train,1.3434724807739258,pdb_00003mj9_H_L
8449,3,train,0.8136911392211914,pdb_00006hjp_G_H
8450,3,train,0.9006335735321045,pdb_00001fsk_I_H
8451,3,train,0.030085016041994095,pdb_00007uk9_E_F
8452,3,train,0.7198277115821838,pdb_00006hjp_K_L
8453,3,train,2.041456937789917,pdb_00008c7h_L_K
8454,3,train,0.8781198859214783,pdb_00006ek2_I1_I2
8455,3,train,0.16110487282276154,pdb_00008x8n_E1_E2
8456,3,train,0.5837461352348328,pdb_00006ii4_H_L
8457,3,train,1.0795073509216309,pdb_00007cqd_I_M
8458,3,train,0.017852094024419785,pdb_00008y02_S1_S2
8459,3,train,0.4492153525352478,pdb_00008bg2_A1_A2
8460,3,train,0.7964228391647339,pdb_00008suo_H_L
8461,3,train,1.3228089809417725,pdb_00004g3y_H_L
8462,3,train,1.0575714111328125,pdb_00006ban_D_C
8463,3,train,0.07056324928998947,pdb_00006x3w_K_L
8464,3,train,0.2964406907558441,pdb_00006z2m_H_L
8465,3,train,0.942327082157135,pdb_00006wn1_B_C
8466,3,train,0.016359418630599976,pdb_00009m54_S1_S2
8467,3,train,0.128106027841568,pdb_00006ada_C_D
8468,3,train,0.037445176392793655,pdb_00006adb_E_F
8469,3,train,0.9172243475914001,pdb_00008dwx_Z_Y
8470,3,train,1.092512607574463,pdb_00004fp8_I_M
8471,3,train,0.364801824092865,pdb_00008vgh_K_L
8472,3,train,0.057561520487070084,pdb_00008ijb_S1_S2
8473,3,train,0.5687392950057983,pdb_00002eiz_B_A
8474,3,train,1.1047163009643555,pdb_00001j5o_H_L
8475,3,train,0.7097769975662231,pdb_00006xq2_C_B
8476,3,train,0.8714650869369507,pdb_00006wm9_E_F
8477,3,train,0.035235028713941574,pdb_00009izd_S1_S2
8478,3,train,0.7629685401916504,pdb_00007ley_H_I
8479,3,train,0.009707978926599026,pdb_00009izf_S1_S2
8480,3,train,0.6838571429252625,pdb_00008w84_A_B
8481,3,train,1.005083680152893,pdb_00005a3i_G_H
8482,3,train,0.7200495600700378,pdb_00004jpk_H_L
8483,3,train,0.7078232169151306,pdb_00004qci_H_L
8484,3,train,0.5660966038703918,pdb_00007wqv_P1_P2
8485,3,train,0.013066817075014114,pdb_00007dfl_C1_C2
8486,3,train,0.009151924401521683,pdb_00006omm_E1_E2
8487,3,train,0.6025317311286926,pdb_00006z3p_H_L
8488,3,train,0.04357924312353134,pdb_00009drx_K_L
8489,3,train,0.7284639477729797,pdb_00009quw_D_C
8490,3,train,0.3727008104324341,pdb_00006p4a_H_L
8491,3,train,0.946161687374115,pdb_00008el2_H_L
8492,3,train,0.4599887430667877,pdb_00003b2u_Q_R
8493,3,train,0.03043541871011257,pdb_00009ggg_S1_S2
8494,3,train,1.026201844215393,pdb_00009mtm_M_N
8495,3,train,0.7722746729850769,pdb_00009jeb_A1_A2
8496,3,train,0.0394052118062973,pdb_00003ze1_E_F
8497,3,train,1.0736384391784668,pdb_00006flc_H_L
8498,3,train,0.557911217212677,pdb_00007wqv_L1_L2
8499,3,train,0.6036174893379211,pdb_00007x63_H_L
8500,3,train,0.8177067041397095,pdb_00006k7o_D_E
8501,3,train,1.1915299892425537,pdb_00001eo8_H_L
8502,3,train,0.01873813569545746,pdb_00009vj5_E1_E2
8503,3,train,0.2570154666900635,pdb_00003rif_H_L
8504,3,train,0.5656346082687378,pdb_00007xj9_G_F
8505,3,train,0.8871171474456787,pdb_00009h4s_X_Y
8506,3,train,1.1698863506317139,pdb_00008e8l_H_L
8507,3,train,0.010617310181260109,pdb_00008jd6_D1_D2
8508,3,train,1.1039354801177979,pdb_00008w5n_H_L
8509,3,train,0.023119574412703514,pdb_00007tct_H_L
8510,3,train,1.0463781356811523,pdb_00009lsj_E1_D2
8511,3,train,0.892746090888977,pdb_00006u6u_H_L
8512,3,train,0.8129908442497253,pdb_00006gku_H_L
8513,3,train,0.6077389121055603,pdb_00008bec_C1_C2
8514,3,train,1.1797114610671997,pdb_00003lh2_K_O
8515,3,train,0.06771766394376755,pdb_00008uwl_E1_E2
8516,3,train,0.43262842297554016,pdb_00007ejy_H_L
8517,3,train,0.8033520579338074,pdb_00005wko_K_L
8518,3,train,0.6401184797286987,pdb_00008bg5_A1_A2
8519,3,train,0.07474090903997421,pdb_00008evh_N1_N2
8520,3,train,0.6385738849639893,pdb_00009h4r_X_Y
8521,3,train,0.08831828087568283,pdb_00009j31_D1_D2
8522,3,train,0.44224652647972107,pdb_00007yck_E_F
8523,3,train,1.0546936988830566,pdb_00005umi_A_B
8524,3,train,0.027664022520184517,pdb_00007x9y_S1_S2
8525,3,train,0.012503615580499172,pdb_00009k07_E1_E2
8526,3,train,0.04334971681237221,pdb_00008dd3_K_L
8527,3,train,0.7247648239135742,pdb_00007ua8_H1_H2
8528,3,train,0.022659365087747574,pdb_00009d4z_E1_E2
8529,3,train,0.013668865896761417,pdb_00008k6m_S1_S2
8530,3,train,0.3111240565776825,pdb_00006yz7_BBB_CCC
8531,3,train,0.005703721661120653,pdb_00007yk7_S1_S2
8532,3,train,0.14990617334842682,pdb_00002dqh_H_L
8533,3,train,1.4817677736282349,pdb_00009y3x_H_L
8534,3,train,0.04467834159731865,pdb_00006oij_H1_H2
8535,3,train,0.9261048436164856,pdb_00006bpa_B_C
8536,3,train,0.5375012755393982,pdb_00007ua8_I1_I2
8537,3,train,0.7366788387298584,pdb_00007vgr_F_E
8538,3,train,0.6178920269012451,pdb_00007dk0_A_B
8539,3,train,0.5290645360946655,pdb_00007cho_H_L
8540,3,train,0.980972170829773,pdb_00009ebc_G_H
8541,3,train,0.016410302370786667,pdb_00008kfy_S1_S2
8542,3,train,0.01758217252790928,pdb_00009vi9_S1_S2
8543,3,train,0.015418353490531445,pdb_00008u1u_E1_E2
8544,3,train,0.11128900200128555,pdb_00009zq9_J2_J1
8545,3,train,0.8882560133934021,pdb_00006xpz_B_C
8546,3,train,0.7546572089195251,pdb_00003eo1_K_J
8547,3,train,0.6504981517791748,pdb_00004ma7_H_L
8548,3,train,0.9821792840957642,pdb_00009mic_H_L
8549,3,train,0.036697156727313995,pdb_00008syp_M1_M2
8550,3,train,0.8626924157142639,pdb_00009mtm_H_L
8551,3,train,0.0521208755671978,pdb_00009zqa_I2_I1
8552,3,train,0.665634274482727,pdb_00004n90_D_E
8553,3,train,0.013065115548670292,pdb_00008ia7_E1_E2
8554,3,train,0.589813768863678,pdb_00006a3w_A_B
8555,3,train,0.8844361305236816,pdb_00008cxg_G_I
8556,3,train,1.0119240283966064,pdb_00007mzj_N_M
8557,3,train,1.0350394248962402,pdb_00007u9e_H1_H2
8558,3,train,0.5260041952133179,pdb_00001xiw_H_G
8559,3,train,0.6192845702171326,pdb_00007zfb_H_L
8560,3,train,1.2353601455688477,pdb_00006xq0_B_C
8561,3,train,0.028411271050572395,pdb_00008sps_N1_N2
8562,3,train,0.013258740305900574,pdb_00008xxx_S1_S2
8563,3,train,0.012018688023090363,pdb_00008h2g_E1_E2
8564,3,train,0.008874673396348953,pdb_00009vo0_E1_E2
8565,3,train,0.011482548899948597,pdb_00008xqf_S1_S2
8566,3,train,0.7014457583427429,pdb_00008ut2_H_G
8567,3,train,0.9369737505912781,pdb_00009mqd_J_N
8568,3,train,0.007089565973728895,pdb_00009jkx_S1_S2
8569,3,train,0.019031982868909836,pdb_00009iqt_E1_E2
8570,3,train,0.722466766834259,pdb_00008jqn_h_l
8571,3,train,0.10649929195642471,pdb_00008jxw_E1_E2
8572,3,train,0.7964577674865723,pdb_00009ue8_M_N
8573,3,train,1.177975058555603,pdb_00006glx_C_D
8574,3,train,0.5519936680793762,pdb_00008xse_H_L
8575,3,train,0.768678605556488,pdb_00008gv6_G_H
8576,3,train,0.057491861283779144,pdb_00008u9s_M2_M1
8577,3,train,0.43847090005874634,pdb_00002qr0_X_W
8578,3,train,0.9116206169128418,pdb_00008uf7_B_A
8579,3,train,1.033598780632019,pdb_00007c88_H_L
8580,3,train,0.38366416096687317,pdb_00008vgj_K_L
8581,3,train,1.056800365447998,pdb_00002r56_H_L
8582,3,train,0.6415365934371948,pdb_00009hh9_E_D
8583,3,train,0.040368493646383286,pdb_00007kh0_S1_S2
8584,3,train,0.7029218077659607,pdb_00001jhl_H_L
8585,3,train,0.07388389855623245,pdb_00007u0g_N1_N2
8586,3,train,0.6554595232009888,pdb_00008y3h_I_J
8587,3,train,0.09324246644973755,pdb_00002atk_A_B
8588,3,train,0.7982363104820251,pdb_00008f6x_F1_F2
8589,3,train,0.2565755546092987,pdb_00008elo_H_L
8590,3,train,0.06554914265871048,pdb_00009w49_S1_S2
8591,3,train,0.6660523414611816,pdb_00007tn0_H_G
8592,3,train,0.5310924053192139,pdb_00008ut2_L_K
8593,3,train,1.4476332664489746,pdb_00009rir_H_L
8594,3,train,0.9957363605499268,pdb_00007mxl_J_K
8595,3,train,0.6935420632362366,pdb_00007e9b_H_L
8596,3,train,1.0339791774749756,pdb_00008zd6_E_F
8597,3,train,0.9115503430366516,pdb_00008w85_A_B
8598,3,train,0.6349543929100037,pdb_00007m3i_A_B
8599,3,train,0.49621108174324036,pdb_00007wwk_G_F
8600,3,train,0.663297712802887,pdb_00007rk1_D1_D2
8601,3,train,0.008611740544438362,pdb_00008xqt_S1_S2
8602,3,train,0.5991196632385254,pdb_00009n4f_M_N
8603,3,train,0.846960723400116,pdb_00004am0_H_L
8604,3,train,0.3293626010417938,pdb_00003b2u_C_D
8605,3,train,0.49079540371894836,pdb_00007jmo_H_L
8606,3,train,1.1967267990112305,pdb_00005w3e_E_G
8607,3,train,0.5838660597801208,pdb_00006h3u_I_M
8608,3,train,1.106383204460144,pdb_00008tpa_I_J
8609,3,train,1.382232904434204,pdb_00008w0y_A_B
8610,3,train,0.8171009421348572,pdb_00004gxu_O_P
8611,3,train,0.0394035205245018,pdb_00008hvi_H1_H2
8612,3,train,1.0623152256011963,pdb_00006wtv_K_L
8613,3,train,0.851749062538147,pdb_00008bg1_G_H
8614,3,train,0.9865363240242004,pdb_00007shy_K_L
8615,3,train,1.0070658922195435,pdb_00008xa4_C_D
8616,3,train,1.1006734371185303,pdb_00008dwy_X_W
8617,3,train,0.41812336444854736,pdb_00008z2e_H_L
8618,3,train,0.045757438987493515,pdb_00008dd2_K_L
8619,3,train,0.07608199119567871,pdb_00002ht3_E_F
8620,3,train,0.07547257095575333,pdb_00003fb7_A_B
8621,3,train,0.7452739477157593,pdb_00007lfa_B_D
8622,3,train,1.2794413566589355,pdb_00009y41_H_L
8623,3,train,1.8329766988754272,pdb_00009lbw_H_L
8624,3,train,0.043794818222522736,pdb_00008f7x_E1_E2
8625,3,train,0.03083314187824726,pdb_00008ejk_E1_E2
8626,3,train,0.01458360068500042,pdb_00007xms_S1_S2
8627,3,train,0.6457847356796265,pdb_00009quw_F_E
8628,3,train,0.02210947871208191,pdb_00009ik8_E1_E2
8629,3,train,0.5311687588691711,pdb_00009u5p_B_C
8630,3,train,0.038585592061281204,pdb_00007w7e_H1_H2
8631,3,train,0.01473279483616352,pdb_00008dwg_E1_E2
8632,3,train,0.7618387937545776,pdb_00007uzc_E_F
8633,3,train,0.05409304425120354,pdb_00006x3z_J_I
8634,3,train,0.6396494507789612,pdb_00009dzg_H_L
8635,3,train,0.7148058414459229,pdb_00002h9g_H_L
8636,3,train,0.772607147693634,pdb_00009fys_B_C
8637,3,train,0.9124108552932739,pdb_00007uvs_D_E
8638,3,train,0.421293169260025,pdb_00007kfv_H_L
8639,3,train,1.131500482559204,pdb_00007bsd_H_L
8640,3,train,0.7027777433395386,pdb_00004f2m_C_D
8641,3,train,0.6362873315811157,pdb_00001dee_D_C
8642,3,train,1.011683702468872,pdb_00009cq8_G_H
8643,3,train,0.40628597140312195,pdb_00008vgk_F_E
8644,3,train,0.025718552991747856,pdb_00007tct_E_F
8645,3,train,0.011689785867929459,pdb_00008yyx_A1_A2
8646,3,train,0.7534078359603882,pdb_00006n5d_C_D
8647,3,train,0.01605384424328804,pdb_00009iv1_S1_S2
8648,3,train,0.02201695926487446,pdb_00007cmu_E1_E2
8649,3,train,1.4210679531097412,pdb_00005d1z_F_E
8650,3,train,0.8704407811164856,pdb_00006xy2_H_L
8651,3,train,0.6467629671096802,pdb_00003s36_H_L
8652,3,train,0.7412487268447876,pdb_00008dwx_X_W
8653,3,train,0.3333466351032257,pdb_00004tnw_U_h
8654,3,train,0.7327803373336792,pdb_00005wko_I_J
8655,3,train,1.1477463245391846,pdb_00001yy9_D_C
8656,3,train,1.1421149969100952,pdb_00007t4q_F_G
8657,3,train,1.1114286184310913,pdb_00007y0w_A_B
8658,3,train,0.9627968668937683,pdb_00008dis_H_L
8659,3,train,0.9088966846466064,pdb_00009o7g_C_D
8660,3,train,0.023273568600416183,pdb_00003t3m_H_L
8661,3,train,1.213513970375061,pdb_00004u6h_C_D
8662,3,train,0.01323844213038683,pdb_00009jr3_S1_S2
8663,3,train,0.6463860273361206,pdb_00007x1m_H_L
8664,3,train,1.0013881921768188,pdb_00006t9d_AAA_BBB
8665,3,train,0.01554345153272152,pdb_00008vy9_D1_D2
8666,3,train,0.03149023279547691,pdb_00008ejc_E1_E2
8667,3,train,0.019117651507258415,pdb_00007qvm_S1_S2
8668,3,train,0.48225343227386475,pdb_00007f7h_A_B
8669,3,train,1.0667082071304321,pdb_00007m7w_A_B
8670,3,train,0.011386086232960224,pdb_00009upu_S1_S2
8671,3,train,1.072217345237732,pdb_00008erq_H_L
8672,3,train,0.5137751698493958,pdb_00007nx8_H_L
8673,3,train,0.6127852201461792,pdb_00009me4_I_M
8674,3,train,0.6469813585281372,pdb_00007zmk_V_W
8675,3,train,0.7783312201499939,pdb_00007xrz_H_L
8676,3,train,0.7976337671279907,pdb_00003eoa_B_A
8677,3,train,0.6763502359390259,pdb_00006xq4_E_F
8678,3,train,0.4609491527080536,pdb_00005aaw_K1_K2
8679,3,train,0.027812166139483452,pdb_00008eit_E1_E2
8680,3,train,0.15730993449687958,pdb_00001c08_B_A
8681,3,train,0.6615362167358398,pdb_00001mlc_D_C
8682,3,train,0.3002099096775055,pdb_00008vgj_H_G
8683,3,train,0.029975097626447678,pdb_00008x16_H1_H2
8684,3,train,1.5828886032104492,pdb_00009jub_B_C
8685,3,train,0.5985771417617798,pdb_00006j6y_B_C
8686,3,train,0.9681704640388489,pdb_00003c09_C_B
8687,3,train,1.1172245740890503,pdb_00007ezv_M_N
8688,3,train,0.4400365352630615,pdb_00001dqj_B_A
8689,3,train,0.5938178300857544,pdb_00007klg_I_M
8690,3,train,0.09121040999889374,pdb_00002ht2_E_F
8691,3,train,1.0359617471694946,pdb_00007zoz_H_L
8692,3,train,0.6957229375839233,pdb_00009bt5_C_D
8693,3,train,0.023990068584680557,pdb_00009clw_N1_N2
8694,3,train,1.0227618217468262,pdb_00006d0u_K_L
8695,3,train,0.6242198944091797,pdb_00008jio_C_B
8696,3,train,0.6834006309509277,pdb_00004hg4_L_M
8697,3,train,0.41830334067344666,pdb_00007mzh_B_C
8698,3,train,0.2775794565677643,pdb_00004tnw_I_O
8699,3,train,1.7117999792099,pdb_00009o7i_D_C
8700,3,train,0.12781961262226105,pdb_00008x8l_E1_E2
8701,3,train,1.0431309938430786,pdb_00008fdo_A_B
8702,3,train,1.0301753282546997,pdb_00008zd5_H_I
8703,3,train,0.4916437864303589,pdb_00008w2e_D_C
8704,3,train,0.0734577551484108,pdb_00002fee_J_O
8705,3,train,0.012275946326553822,pdb_00008yyw_B1_B2
8706,3,train,0.40778765082359314,pdb_00007kfv_C_D
8707,3,train,0.6513242721557617,pdb_00008zd5_K_L
8708,3,train,0.014415138401091099,pdb_00008jbg_E1_E2
8709,3,train,0.6477973461151123,pdb_00001fbi_H_L
8710,3,train,0.9535128474235535,pdb_00001tpx_B_C
8711,3,train,0.4625752866268158,pdb_00006txz_H_L
8712,3,train,0.555509090423584,pdb_00007m6d_H_L
8713,3,train,0.019852379336953163,pdb_00008k2x_S1_S2
8714,3,train,0.0091862129047513,pdb_00008kfz_S1_S2
8715,3,train,1.08127760887146,pdb_00007wed_H_L
8716,3,train,1.2914013862609863,pdb_00009e3l_G_H
8717,3,train,1.4847429990768433,pdb_00009ml8_E_F
8718,3,train,0.11060802638530731,pdb_00006k5f_C_D
8719,3,train,0.5480731129646301,pdb_00006ii8_G_I
8720,3,train,0.01578267104923725,pdb_00008hn8_S1_S2
8721,3,train,0.0062780482694506645,pdb_00008jlq_S1_S2
8722,3,train,0.7554405927658081,pdb_00008uwz_A_B
8723,3,train,0.6283069252967834,pdb_00007rks_I_M
8724,3,train,0.370405912399292,pdb_00007zfe_M_N
8725,3,train,0.4530394375324249,pdb_00009u5q_B_C
8726,3,train,0.9340988397598267,pdb_00007q6c_H_L
8727,3,train,0.38124921917915344,pdb_00006xc4_X_Y
8728,3,train,0.009333861991763115,pdb_00009cgj_E1_E2
8729,3,train,0.7953546047210693,pdb_00007f3q_H_L
8730,3,train,1.1617711782455444,pdb_00008tea_F_I
8731,3,train,0.917856752872467,pdb_00008khr_H_L
8732,3,train,0.020377542823553085,pdb_00009kvh_E1_E2
8733,3,train,0.4137597978115082,pdb_00008tft_I_M
8734,3,train,0.575143575668335,pdb_00009me5_I_M
8735,3,train,0.0882389023900032,pdb_00002hjf_A_B
8736,3,train,0.040077317506074905,pdb_00007e32_E1_E2
8737,3,train,0.060032475739717484,pdb_00009wp9_C1_C2
8738,3,train,0.04896644130349159,pdb_00008evg_M1_M2
8739,3,train,0.020780332386493683,pdb_00009bsb_E1_E2
8740,3,train,0.7891476154327393,pdb_00005w3o_D_E
8741,3,train,0.05584259703755379,pdb_00006x3v_K_L
8742,3,train,0.019812069833278656,pdb_00009k3k_S1_S2
8743,3,train,0.46143612265586853,pdb_00008jen_E_F
8744,3,train,0.5139943361282349,pdb_00001xgr_B_A
8745,3,train,0.012382096610963345,pdb_00008xjm_E1_E2
8746,3,train,1.2015920877456665,pdb_00009cci_B_C
8747,3,train,0.017208551988005638,pdb_00007vuz_S1_S2
8748,3,train,0.16964513063430786,pdb_00001nbz_B_A
8749,3,train,0.6834386587142944,pdb_00007ley_G_F
8750,3,train,1.0815343856811523,pdb_00006ywc_D_E
8751,3,train,0.8766436576843262,pdb_00009l07_H_L
8752,3,train,0.3952887952327728,pdb_00003d9a_H_L
8753,3,train,0.9595960974693298,pdb_00009gwt_H_L
8754,3,train,1.5298899412155151,pdb_00004hf5_H_L
8755,3,train,0.01787673309445381,pdb_00006xox_E1_E2
8756,3,train,0.5121773481369019,pdb_00007zmk_B_C
8757,3,train,1.2964805364608765,pdb_00009l8z_C_B
8758,3,train,0.7521356344223022,pdb_00007v3g_I_M
8759,3,train,0.015152000822126865,pdb_00007cmv_E1_E2
8760,3,train,0.04118392989039421,pdb_00002vdo_H_L
8761,3,train,1.0750555992126465,pdb_00008zdw_F_E
8762,3,train,0.0572466142475605,pdb_00008zfz_D1_D2
8763,3,train,1.4731895923614502,pdb_00008ulj_H_L
8764,3,train,0.8365166187286377,pdb_00009t5z_H_L
8765,3,train,1.0699912309646606,pdb_00009dn2_H_L
8766,3,train,0.6522433757781982,pdb_00008vgl_E_F
8767,3,train,1.0151070356369019,pdb_00005b8c_B_A
8768,3,train,0.5555583238601685,pdb_00007eam_H_L
8769,3,train,0.9685398936271667,pdb_00007uvi_A_B
8770,3,train,0.009166371077299118,pdb_00009k3f_S1_S2
8771,3,train,0.9620028138160706,pdb_00009mla_G_J
8772,3,train,1.3106812238693237,pdb_00001rzk_H_L
8773,3,train,0.6292584538459778,pdb_00008y3k_G_H
8774,3,train,0.5407606959342957,pdb_00008bg3_A1_A2
8775,3,train,1.0817674398422241,pdb_00007yd1_A_B
8776,3,train,0.007973121479153633,pdb_00009jh3_S1_S2
8777,3,train,0.7631949186325073,pdb_00007ucq_H1_H2
8778,3,train,0.06162239983677864,pdb_00008i9s_H1_H2
8779,3,train,0.7969337105751038,pdb_00009mkn_I_M
8780,3,train,0.09717833995819092,pdb_00007xta_E1_E2
8781,3,train,0.012967134825885296,pdb_00008h0p_E1_E2
8782,3,train,0.7477983236312866,pdb_00003eoa_H_L
8783,3,train,1.1226716041564941,pdb_00009oi3_H_L
8784,3,train,0.568417489528656,pdb_00008ulf_J_N
8785,3,train,0.7011927366256714,pdb_00004hg4_J_K
8786,3,train,0.9200883507728577,pdb_00007quh_H_L
8787,3,train,1.2372630834579468,pdb_00001iqd_B_A
8788,3,train,0.9738193154335022,pdb_00009mtg_M_N
8789,3,train,1.1052029132843018,pdb_00009mtk_H_L
8790,3,train,0.02489912509918213,pdb_00009v1h_E1_E2
8791,3,train,0.6175328493118286,pdb_00007dk2_G_H
8792,3,train,0.009026194922626019,pdb_00009vo2_S1_S2
8793,3,train,0.6865454912185669,pdb_00007lfa_H_L
8794,3,train,0.07600891590118408,pdb_00008iec_N1_N2
8795,3,train,0.07548001408576965,pdb_00008ied_N1_N2
8796,3,train,0.015270338393747807,pdb_00008k6o_S1_S2
8797,3,train,0.01482549961656332,pdb_00002vdk_H_L
8798,3,train,0.7518060207366943,pdb_00006k7o_B_C
8799,3,train,0.619621992111206,pdb_00007whz_B_D
8800,3,train,0.03434910625219345,pdb_00007u0i_K1_K2
8801,3,train,1.0862432718276978,pdb_00009e3k_J_K
8802,3,train,0.010780463926494122,pdb_00009vmo_S1_S2
8803,3,train,0.8034461736679077,pdb_00007f0x_B1_B2
8804,3,train,1.3701270818710327,pdb_00005d1z_D_C
8805,3,train,0.016374832019209862,pdb_00002vdr_H_L
8806,3,train,0.10831091552972794,pdb_00002ht4_C_D
8807,3,train,0.4516458213329315,pdb_00007zmk_G_H
8808,3,train,0.7571472525596619,pdb_00007tpj_H_L
8809,3,train,1.2246389389038086,pdb_00009e3l_K_L
8810,3,train,0.007991107180714607,pdb_00007wf7_E1_E2
8811,3,train,0.5889236330986023,pdb_00008wpy_C_D
8812,3,train,0.205277681350708,pdb_00004tnw_G_K
8813,3,train,0.27869999408721924,pdb_00008wnp_B_A
8814,3,train,1.0391710996627808,pdb_00008suo_I_M
8815,3,train,0.1750398725271225,pdb_00002dqe_H_L
8816,3,train,0.946018636226654,pdb_00007t3d_P_R
8817,3,train,0.4955150783061981,pdb_00008hn6_A_B
8818,3,train,0.35813674330711365,pdb_00007kfv_F_G
8819,3,train,0.931287944316864,pdb_00004hjj_H2_L2
8820,3,train,0.03392349183559418,pdb_00008sps_K1_K2
8821,3,train,0.016384968534111977,pdb_00003ze2_H_L
8822,3,train,0.9722022414207458,pdb_00009rii_H_L
8823,3,train,1.2760319709777832,pdb_00008gb5_I_H
8824,3,train,1.1054134368896484,pdb_00008vte_D_C
8825,3,train,1.1828871965408325,pdb_00008hrd_O_P
8826,3,train,0.4454598128795624,pdb_00008f2j_D_F
8827,3,train,1.3212019205093384,pdb_00005hbt_D_C
8828,3,train,0.016108587384223938,pdb_00009kfj_S1_S2
8829,3,train,0.01830306276679039,pdb_00008zqe_S1_S2
8830,3,train,0.8294771909713745,pdb_00008dxt_H_L
8831,3,train,0.8164596557617188,pdb_00008v5v_f_g
8832,3,train,0.8756251335144043,pdb_00005kov_I1_I2
8833,3,train,0.5129613876342773,pdb_00007kmh_A_B
8834,3,train,0.049255356192588806,pdb_00009b5y_N1_N2
8835,3,train,0.7450892329216003,pdb_00007ycn_K_L
8836,3,train,0.6922039985656738,pdb_00009bao_E_F
8837,3,train,1.5374523401260376,pdb_00008ezl_H1_H2
8838,3,train,0.8310633897781372,pdb_00005ggs_A_B
8839,3,train,0.4787660539150238,pdb_00009jy3_R_Q
8840,3,train,0.10315339267253876,pdb_00002dqc_H_L
8841,3,train,0.8025574684143066,pdb_00008rrn_C_D
8842,3,train,1.196108341217041,pdb_00004lvh_H_I
8843,3,train,0.611333429813385,pdb_00009q7b_L_M
8844,3,train,0.860254168510437,pdb_00008w86_A_B
8845,3,train,0.009574427269399166,pdb_00008kfx_S1_S2
8846,3,train,0.08190328627824783,pdb_00006k5a_C_D
8847,3,train,0.01593766175210476,pdb_00009kvi_E1_E2
8848,3,train,1.1333134174346924,pdb_00009rim_H_L
8849,3,train,0.9943450093269348,pdb_00007dm1_D_C
8850,3,train,0.7806727886199951,pdb_00004ag4_H_L
8851,3,train,0.014029579237103462,pdb_00009ejz_H1_H2
8852,3,train,0.5889489054679871,pdb_00002h9g_B_A
8853,3,train,0.8476629257202148,pdb_00007l5j_Y_X
8854,3,train,1.056504487991333,pdb_00004f37_F_K
8855,3,train,0.879158079624176,pdb_00007yvl_A_C
8856,3,train,0.03746383264660835,pdb_00002hlf_E_F
8857,3,train,1.1228160858154297,pdb_00008tnt_G_F
8858,3,train,1.1348875761032104,pdb_00007yru_H_L
8859,3,train,0.015310747548937798,pdb_00009ik9_E1_E2
8860,3,train,0.6448760628700256,pdb_00008jqn_H_L
8861,3,train,0.7050859332084656,pdb_00008w83_E_F
8862,3,train,1.2053494453430176,pdb_00004ut6_H_L
8863,3,train,0.015369191765785217,pdb_00007aue_S1_S2
8864,3,train,0.024225948378443718,pdb_00001ott_C_D
8865,3,train,0.010373275727033615,pdb_00009lrd_E1_E2
8866,3,train,0.22497379779815674,pdb_00004tnw_F_N
8867,3,train,0.7655434012413025,pdb_00008zd6_K_L
8868,3,train,0.864389955997467,pdb_00004v1d_A_B
8869,3,train,1.1021291017532349,pdb_00008gsc_H_L
8870,3,train,0.5952801704406738,pdb_00005w0k_E_F
8871,3,train,1.2564772367477417,pdb_00003bgf_H_L
8872,3,train,0.023101160302758217,pdb_00007ujk_E_F
8873,3,train,0.6680968403816223,pdb_00007wh8_B_A
8874,3,train,0.590756356716156,pdb_00008bec_A1_A2
8875,3,train,0.4161933660507202,pdb_00007s0b_C_D
8876,3,train,0.08121886849403381,pdb_00008vrn_J_I
8877,3,train,0.008199787698686123,pdb_00006kpg_S1_S2
8878,3,train,0.013788244687020779,pdb_00007vie_E1_E2
8879,3,train,0.013603473082184792,pdb_00009iyb_E1_E2
8880,3,train,0.007761563174426556,pdb_00007v69_S1_S2
8881,3,train,0.024622751399874687,pdb_00008xyd_E1_E2
8882,3,train,0.024797895923256874,pdb_00007w0p_S1_S2
8883,3,train,0.9677062630653381,pdb_00006bpa_E_F
8884,3,train,0.5282050371170044,pdb_00008pwh_B_A
8885,3,train,0.02314010076224804,pdb_00008f7q_E1_E2
8886,3,train,0.9361668229103088,pdb_00002r29_H_L
8887,3,train,0.06398995965719223,pdb_00007k63_M2_M1
8888,3,train,0.6678453087806702,pdb_00005wko_G_H
8889,3,train,0.9010863900184631,pdb_00006woz_K_L
8890,3,train,0.9713215827941895,pdb_00007zwi_E_F
8891,3,train,0.8870539665222168,pdb_00008u4q_H_L
8892,3,train,0.8294233083724976,pdb_00003g6d_H_L
8893,3,train,0.5716313123703003,pdb_00007dk2_A_B
8894,3,train,0.8218477368354797,pdb_00009mtj_M_N
8895,3,train,0.5597895383834839,pdb_00008hpu_M_N
8896,3,train,1.3102246522903442,pdb_00008tp5_H_L
8897,3,train,0.017143454402685165,pdb_00007xjj_S1_S2
8898,3,train,0.7257696390151978,pdb_00007jx3_H_L
8899,3,train,0.370333731174469,pdb_00002qr0_R_Q
8900,3,train,0.6929075121879578,pdb_00005jz7_C_D
8901,3,train,0.6979312896728516,pdb_00009h4s_H_L
8902,3,train,0.02344442345201969,pdb_00008g94_E1_E2
8903,3,train,0.7894823551177979,pdb_00005w3m_E_G
8904,3,train,0.9670248627662659,pdb_00001n6q_H_L
8905,3,train,0.76202791929245,pdb_00007bbj_H_L
8906,3,train,1.2949656248092651,pdb_00009rik_H_L
8907,3,train,0.013481494970619678,pdb_00008xxu_E1_E2
8908,3,train,0.3271577060222626,pdb_00006vmk_K_J
8909,3,train,1.0401893854141235,pdb_00006d0u_C_D
8910,3,train,2.012402296066284,pdb_00008cdd_E_D
8911,3,train,0.6479660272598267,pdb_00006vvu_H_L
8912,3,train,0.5925466418266296,pdb_00008w83_M_N
8913,3,train,0.16667574644088745,pdb_00003ri5_H_L
8914,3,train,0.02291056700050831,pdb_00009p0m_F1_F2
8915,3,train,0.14507366716861725,pdb_00008ihh_S1_S2
8916,3,train,0.7816705703735352,pdb_00006woz_H_I
8917,3,train,0.3742360770702362,pdb_00008hws_H_L
8918,3,train,0.6658095121383667,pdb_00006xq2_F_E
8919,3,train,0.006904472131282091,pdb_00008xzj_S1_S2
8920,3,train,0.5490646362304688,pdb_00008h7z_F_I
8921,3,train,0.6530295610427856,pdb_00007ws7_G_F
8922,3,train,0.9442660212516785,pdb_00006mlm_F_G
8923,3,train,0.7945934534072876,pdb_00009hub_I_M
8924,3,train,0.8945478796958923,pdb_00005dhx_B2_B1
8925,3,train,0.6532314419746399,pdb_00008v5v_b_d
8926,3,train,0.5516151785850525,pdb_00007wqv_N1_N2
8927,3,train,1.0482571125030518,pdb_00008da1_B_A
8928,3,train,0.49282801151275635,pdb_00007mzj_F_E
8929,3,train,0.703904390335083,pdb_00007lq7_F_G
8930,3,train,0.015419957228004932,pdb_00009plo_S1_S2
8931,3,train,0.8634440302848816,pdb_00006ba5_H_G
8932,3,train,0.6311348080635071,pdb_00005wko_A_B
8933,3,train,0.005905716679990292,pdb_00009l80_S1_S2
8934,3,train,0.007632373832166195,pdb_00008id4_S1_S2
8935,3,train,0.73252934217453,pdb_00003fku_X1_X2
8936,3,train,0.9470546841621399,pdb_00008cii_A_B
8937,3,train,0.02937508188188076,pdb_00008iy5_E1_E2
8938,3,train,0.9187759160995483,pdb_00009cu7_H_L
8939,3,train,1.1890804767608643,pdb_00009ma7_D_E
8940,3,train,0.5331650972366333,pdb_00008zh7_K_L
8941,3,train,0.24567292630672455,pdb_00009our_H_L
8942,3,train,0.7954267263412476,pdb_00004oii_H_L
8943,3,train,1.2041282653808594,pdb_00008dv6_C_L
8944,3,train,1.0203853845596313,pdb_00009yyu_I_M
8945,3,train,0.9585900902748108,pdb_00009qub_D_C
8946,3,train,2.1278576850891113,pdb_00004i3r_H_L
8947,3,train,0.9977731108665466,pdb_00002vit_B_A
8948,3,train,1.145134449005127,pdb_00007mkm_H_L
8949,3,train,0.02170245535671711,pdb_00008jlk_S1_S2
8950,3,train,0.7678099870681763,pdb_00001oak_H_L
8951,3,train,0.027254218235611916,pdb_00006ad8_E_F
8952,3,train,0.47174444794654846,pdb_00008as0_W_V
8953,3,train,0.04548846185207367,pdb_00007rkx_D1_D2
8954,3,train,0.9738965034484863,pdb_00005t5f_H_L
8955,3,train,1.0607860088348389,pdb_00009npg_A_B
8956,3,train,0.036824338138103485,pdb_00007trs_H1_H2
8957,3,train,0.030019253492355347,pdb_00008ef6_E1_E2
8958,3,train,0.7639280557632446,pdb_00003g6j_H_G
8959,3,train,0.08958553522825241,pdb_00006x3x_K_L
8960,3,train,0.015183443203568459,pdb_00009izg_S1_S2
8961,3,train,0.8291503190994263,pdb_00008zdw_U_R
8962,3,train,0.7086352109909058,pdb_00006n5d_E_F
8963,3,train,0.020731810480356216,pdb_00007t94_E1_E2
8964,3,train,0.8462983965873718,pdb_00009wsv_H_L
8965,3,train,1.2473584413528442,pdb_00007ean_H_L
8966,3,train,0.4455220103263855,pdb_00008f2j_H_L
8967,3,train,0.5848364233970642,pdb_00008too_B_A
8968,3,train,0.9528594017028809,pdb_00006a4k_K_O
8969,3,train,0.7200981974601746,pdb_00004gxu_W_X
8970,3,train,1.2478264570236206,pdb_00004ffw_H_L
8971,3,train,0.9973426461219788,pdb_00007mzj_H_L
8972,3,train,0.8980879783630371,pdb_00007w71_H_L
8973,3,train,0.9541750550270081,pdb_00008w5l_H_L
8974,3,train,0.9123872518539429,pdb_00004xnm_B_A
8975,3,train,0.07541254162788391,pdb_00008z3q_S1_S2
8976,3,train,1.320363998413086,pdb_00008hgm_C_D
8977,3,train,0.8647928237915039,pdb_00005d1z_G_H
8978,3,train,0.8275155425071716,pdb_00007pry_C_D
8979,3,train,0.6302202939987183,pdb_00004m62_I_M
8980,3,train,0.04591773450374603,pdb_00008ij3_S1_S2
8981,3,train,0.7231128811836243,pdb_00008dwx_V_U
8982,3,train,0.5749257206916809,pdb_00009n4f_O_P
8983,3,train,1.1922056674957275,pdb_00009xth_B_C
8984,3,train,0.4485730826854706,pdb_00007nx7_H_L
8985,3,train,0.025679321959614754,pdb_00007xw9_S1_S2
8986,3,train,0.9186654686927795,pdb_00008go8_I_M
8987,3,train,0.022549433633685112,pdb_00008zpt_E1_E2
8988,3,train,0.07009296119213104,pdb_00007u0j_K1_K2
8989,3,train,0.5227274298667908,pdb_00007kmg_D_E
8990,3,train,0.31070393323898315,pdb_00003rif_G_K
8991,3,train,0.5080997943878174,pdb_00005yoy_R_O
8992,3,train,0.752615213394165,pdb_00004h88_H_L
8993,3,train,0.028514785692095757,pdb_00007u2l_E1_E2
8994,3,train,0.01861431635916233,pdb_00008e9w_E1_E2
8995,3,train,0.05707498639822006,pdb_00002vdl_H_L
8996,3,train,0.01957537792623043,pdb_00009oxb_D1_D2
8997,3,train,0.5709184408187866,pdb_00009lbs_H_L
8998,3,train,0.6740471720695496,pdb_00005xhv_P_Q
8999,3,train,1.1356453895568848,pdb_00009oco_H_L
9000,3,train,0.773418128490448,pdb_00008gy5_H_L
9001,3,train,1.3979960680007935,pdb_00009ma7_B_C
9002,3,train,0.4230601191520691,pdb_00009wb3_B_C
9003,3,train,0.04438716918230057,pdb_00009ipv_S1_S2
9004,3,train,0.009893353097140789,pdb_00008ykw_E1_E2
9005,3,train,0.00850017461925745,pdb_00008hnk_S1_S2
9006,3,train,0.7863366603851318,pdb_00003wkm_I_M
9007,3,train,0.01082028541713953,pdb_00009f34_E1_E2
9008,3,train,0.5085053443908691,pdb_00008j26_B_A
9009,3,train,0.6171150207519531,pdb_00007cdj_H_L
9010,3,train,0.00506672402843833,pdb_00007na8_N1_N2
9011,3,train,0.6953816413879395,pdb_00007t3d_K_N
9012,3,train,0.5531730055809021,pdb_00009ixa_H_L
9013,3,train,0.8236020803451538,pdb_00009npg_D_E
9014,3,train,0.5532475113868713,pdb_00009iw2_H_L
9015,3,train,0.6903797388076782,pdb_00008jqm_H_L
9016,3,train,0.5958698391914368,pdb_00007lop_W_V
9017,3,train,0.6405532956123352,pdb_00008y31_D_C
9018,3,train,0.975365936756134,pdb_00006jhs_E_D
9019,3,train,0.06995019316673279,pdb_00007wv9_S1_S2
9020,3,train,0.6947556138038635,pdb_00009mqd_I_M
9021,3,train,0.9224514365196228,pdb_00006wtu_K_L
9022,3,train,0.028088035061955452,pdb_00007ej8_H1_H2
9023,3,train,1.0406278371810913,pdb_00006t9e_AAA_BBB
9024,3,train,0.008294660598039627,pdb_00009l42_E1_E2
9025,3,train,0.6609806418418884,pdb_00004np4_H_L
9026,3,train,0.699706494808197,pdb_00003fku_S1_S2
9027,3,train,0.07646246999502182,pdb_00002h2s_C_D
9028,3,train,1.4682739973068237,pdb_00004ubd_G_H
9029,3,train,0.3614111542701721,pdb_00008smt_H_L
9030,3,train,0.7620349526405334,pdb_00008f6x_E1_E2
9031,3,train,1.0635952949523926,pdb_00008e8s_H_L
9032,3,train,0.008319842629134655,pdb_00007scg_E1_E2
9033,3,train,1.0450835227966309,pdb_00008e8r_H_L
9034,3,train,0.3795095384120941,pdb_00008as0_E_D
9035,3,train,0.779154360294342,pdb_00006wzl_A_B
9036,3,train,0.7333703637123108,pdb_00003v6z_A_B
9037,3,train,0.02804475463926792,pdb_00006dzt_M1_M2
9038,3,train,0.4390832483768463,pdb_00004tsb_H_L
9039,3,train,0.6334303021430969,pdb_00007lq7_P_Q
9040,3,train,0.08728457987308502,pdb_00007k61_N2_N1
9041,3,train,0.8297891020774841,pdb_00008jin_P2_P1
9042,3,train,0.7610073685646057,pdb_00008dnn_B_C
9043,3,train,0.015645714476704597,pdb_00008gcm_E1_E2
9044,3,train,0.06370564550161362,pdb_00006e0c_M1_M2
9045,3,train,1.2003743648529053,pdb_00009ml8_M_N
9046,3,train,0.7451420426368713,pdb_00009hhr_F_E
9047,3,train,0.9121556282043457,pdb_00008u44_U_W
9048,3,train,0.04456917196512222,pdb_00008xjn_E1_E2
9049,3,train,1.676819920539856,pdb_00006osh_H_L
9050,3,train,0.5069702863693237,pdb_00009jy4_R_Q
9051,3,train,0.6434322595596313,pdb_00007ley_D_E
9052,3,train,0.7858077883720398,pdb_00007t0z_H_L
9053,3,train,0.701438307762146,pdb_00009jbq_A_B
9054,3,train,0.6112713813781738,pdb_00005jz7_H_L
9055,3,train,1.0391223430633545,pdb_00008bcz_H_L
9056,3,train,0.02711779810488224,pdb_00008thk_F1_F2
9057,3,train,0.6421052813529968,pdb_00007mxl_H_L
9058,3,train,0.8006560206413269,pdb_00008gsd_H_L
9059,3,train,0.4493160545825958,pdb_00008j1q_B_A
9060,3,train,0.7672786712646484,pdb_00004wv1_B_A
9061,3,train,0.8007335066795349,pdb_00007k9z_B_A
9062,3,train,0.7952801585197449,pdb_00008cn9_G_F
9063,3,train,0.7202757596969604,pdb_00007deu_B1_B2
9064,3,train,0.01267429068684578,pdb_00008jgg_S1_S2
9065,3,train,0.8338867425918579,pdb_00007dm2_H_L
9066,3,train,0.7555376887321472,pdb_00008rrn_H_L
9067,3,train,0.5281558632850647,pdb_00007vag_H_L
9068,3,train,0.773373544216156,pdb_00008sit_H_L
9069,3,train,0.6536394357681274,pdb_00009mqa_H_L
9070,3,train,0.8433358669281006,pdb_00008dis_B_G
9071,3,train,1.0749454498291016,pdb_00007x3e_H_L
9072,3,train,0.37839096784591675,pdb_000011ol_H_L
9073,3,train,1.1448042392730713,pdb_00007ezv_H_L
9074,3,train,1.161629557609558,pdb_00006mto_H_L
9075,3,train,0.7002607583999634,pdb_00009tmp_H_L
9076,3,train,0.031516626477241516,pdb_00003ze0_E_F
9077,3,train,1.3456614017486572,pdb_00009e89_H_L
9078,3,train,0.04013656824827194,pdb_00009cm7_N1_N2
9079,3,train,0.47165942192077637,pdb_00008bg4_A1_A2
9080,3,train,0.528698742389679,pdb_00008dn6_C_D
9081,3,train,0.023431042209267616,pdb_00003nig_E_F
9082,3,train,0.12658022344112396,pdb_00007u0g_O1_O2
9083,3,train,1.0568591356277466,pdb_00009lsi_D1_C2
9084,3,train,0.8028651475906372,pdb_00004ogx_H_L
9085,3,train,0.6328427791595459,pdb_00009q5v_K_J
9086,3,train,0.7380476593971252,pdb_00007xcz_B_C
9087,3,train,0.01687256060540676,pdb_00008g59_S1_S2
9088,3,train,0.7163140177726746,pdb_00009n8j_F_G
9089,3,train,0.9458184838294983,pdb_00008g5b_H_L
9090,3,train,0.11160045862197876,pdb_00002itc_A_B
9091,3,train,0.030884496867656708,pdb_00008h8j_H1_H2
9092,3,train,0.5097620487213135,pdb_00003s37_H_L
9093,3,train,0.024168217554688454,pdb_00009x3z_S1_S2
9094,3,train,1.3166130781173706,pdb_00006wtv_H_I
9095,3,train,0.04010149464011192,pdb_00008ubk_N2_N1
9096,3,train,0.6709834337234497,pdb_00009cpv_H_L
9097,3,train,0.4395792484283447,pdb_00009jy1_P_O
9098,3,train,0.012820478528738022,pdb_00007wy0_C1_C2
9099,3,train,0.7928956151008606,pdb_00006t3j_A_B
9100,3,train,0.016509121283888817,pdb_00007vdl_S1_S2
9101,3,train,0.7224781513214111,pdb_00007sk4_D_C
9102,3,train,0.06753416359424591,pdb_00001j1p_H_L
9103,3,train,0.9349344372749329,pdb_00007scn_H_L
9104,3,train,0.014283522963523865,pdb_00007k63_N2_N1
9105,3,train,0.04358166083693504,pdb_00007y89_S1_S2
9106,3,train,0.013030845671892166,pdb_00008hoc_S1_S2
9107,3,train,0.9536579251289368,pdb_00006ocb_H_L
9108,3,train,0.37875598669052124,pdb_00007c01_C_D
9109,3,train,0.008384441025555134,pdb_00008x9t_S1_S2
9110,3,train,0.8840079307556152,pdb_00008rmy_E_F
9111,3,train,0.8088201880455017,pdb_00009mkn_H_L
9112,3,train,0.010357711464166641,pdb_00008hcx_E1_E2
9113,3,train,0.7895545363426208,pdb_00008tx3_H_L
9114,3,train,0.027553483843803406,pdb_00009vo1_E1_E2
9115,3,train,0.4136796295642853,pdb_00006zlr_BBB_CCC
9116,3,train,0.6829342246055603,pdb_00001dee_F_E
9117,3,train,1.1008808612823486,pdb_00008dwo_U_V
9118,3,train,0.831717312335968,pdb_00006ban_H_G
9119,3,train,0.027757104486227036,pdb_00008j6r_S1_S2
9120,3,train,0.5395323634147644,pdb_00007klh_I_M
9121,3,train,0.022253163158893585,pdb_00007u60_E_F
9122,3,train,0.010389557108283043,pdb_00008xqn_S1_S2
9123,3,train,0.08535568416118622,pdb_00008si9_K_L
9124,3,train,0.4068511724472046,pdb_00008vgj_F_E
9125,3,train,0.10267797112464905,pdb_00009kt9_E1_E2
9126,3,train,0.014782343059778214,pdb_00008jsr_C1_C2
9127,3,train,0.8321187496185303,pdb_00008hpf_H_L
9128,3,train,0.6623276472091675,pdb_00001tzh_H_L
9129,3,train,0.5036531686782837,pdb_00004dgi_H_L
9130,3,train,0.7908995151519775,pdb_00007ebz_E_F
9131,3,train,0.8141180872917175,pdb_00008zre_h_l
9132,3,train,1.6005885601043701,pdb_00004ki5_C_D
9133,3,train,0.016162745654582977,pdb_00006k5i_E_F
9134,3,train,0.9670733213424683,pdb_00008tzw_H_L
9135,3,train,0.04613937810063362,pdb_00006x3x_J_I
9136,3,train,0.009677073918282986,pdb_00009vnf_E1_E2
9137,3,train,0.364572137594223,pdb_00007x2k_H_L
9138,3,train,0.8660075068473816,pdb_00001tqb_B_C
9139,3,train,0.04403515160083771,pdb_00002exy_E_F
9140,3,train,0.7763299345970154,pdb_00009lf8_H_L
9141,3,train,0.013771655037999153,pdb_00008kgg_E1_E2
9142,3,train,1.2703096866607666,pdb_00008tnn_J_I
9143,3,train,0.4423750638961792,pdb_00008f2j_I_J
9144,3,train,0.5467448830604553,pdb_00007zfc_A_B
9145,3,train,0.08069758862257004,pdb_00006e0p_M1_M2
9146,3,train,0.4553806483745575,pdb_00008jen_C_D
9147,3,train,0.07054304331541061,pdb_00003zdx_E_F
9148,3,train,0.020174048840999603,pdb_00007t90_E1_E2
9149,3,train,0.8480894565582275,pdb_00008dwy_Z_Y
9150,3,train,0.2700294554233551,pdb_000011oq_H_L
9151,3,train,1.4794691801071167,pdb_00005c0n_H_L
9152,3,train,0.5911290049552917,pdb_00009og2_B_C
9153,3,train,0.057467199862003326,pdb_00007k5x_M2_M1
9154,3,train,1.5812382698059082,pdb_00008v2e_A_B
9155,3,train,0.011106117628514767,pdb_00008k9k_H1_H2
9156,3,train,1.3122341632843018,pdb_00009mtl_H_L
9157,3,train,0.0250956229865551,pdb_00002vdp_H_L
9158,3,train,0.9030380249023438,pdb_00004f3f_B_A
9159,3,train,1.06913161277771,pdb_00007cqd_H_L
9160,3,train,0.8067871332168579,pdb_00009me5_H_L
9161,3,train,0.5188199877738953,pdb_00008xsi_H_L
9162,3,train,0.8394612669944763,pdb_00007l0l_H_L
9163,3,train,0.679172694683075,pdb_00008cn9_B_A
9164,3,train,0.7424955368041992,pdb_00008dnn_E_F
9165,3,train,0.02024104632437229,pdb_00007jhj_D1_D2
9166,3,train,0.9636292457580566,pdb_00009atm_H_L
9167,3,train,0.12461777776479721,pdb_00009zqb_I2_I1
9168,3,train,0.030567942187190056,pdb_00007t6s_E1_E2
9169,3,train,0.019216427579522133,pdb_00009v0x_E1_E2
9170,3,train,0.17623820900917053,pdb_00008j24_G1_G2
9171,3,train,0.37625983357429504,pdb_00007b3o_H_L
9172,3,train,0.6655682921409607,pdb_00007ubs_K1_K2
9173,3,train,0.9422939419746399,pdb_00007ua2_H1_H2
9174,3,train,0.8033350110054016,pdb_00006n5b_H_L
9175,3,train,0.5598713755607605,pdb_00006lhq_H_L
9176,3,train,1.1123332977294922,pdb_00002zcl_H_L
9177,3,train,0.017588166519999504,pdb_00007k60_M2_M1
9178,3,train,0.023703133687376976,pdb_00009le2_S1_S2
9179,3,train,1.006101369857788,pdb_00009bdi_C_D
9180,3,train,1.063765525817871,pdb_00008r8k_H_L
9181,3,train,1.2233730554580688,pdb_00008tp5_J_K
9182,3,train,0.8187544941902161,pdb_00009dm0_C_D
9183,3,train,0.8500052690505981,pdb_00008bg1_J_K
9184,3,train,0.035713087767362595,pdb_00009wxm_D1_D2
9185,3,train,1.1204954385757446,pdb_00008jin_B2_B1
9186,3,train,0.4568737745285034,pdb_00009cia_B_A
9187,3,train,0.6600591540336609,pdb_00008cz8_A2_A1
9188,3,train,0.6067578196525574,pdb_00008j7e_C_D
9189,3,train,0.7164542078971863,pdb_00003bn9_F_E
9190,3,train,0.4988649785518646,pdb_00008i5l_E1_E2
9191,3,train,0.6275400519371033,pdb_00005wko_E_F
9192,3,train,0.03730358928442001,pdb_00008y73_E1_E2
9193,3,train,0.4022737145423889,pdb_00007f6y_H_L
9194,3,train,1.2764242887496948,pdb_00008p5m_G_L
9195,3,train,0.661324143409729,pdb_00007t3d_J_M
9196,3,train,0.5180274248123169,pdb_00008eoo_H_L
9197,3,train,0.9194526672363281,pdb_00008gs9_H_K
9198,3,train,0.04074249416589737,pdb_00002fed_C_D
9199,3,train,0.2902028262615204,pdb_00006z2m_B_C
9200,3,train,0.7686390280723572,pdb_00004f2m_A_B
9201,3,train,0.1941225677728653,pdb_00009oun_J_K
9202,3,train,0.2056172639131546,pdb_00009oum_H_L
9203,3,train,0.6134901642799377,pdb_00003nh7_J_N
9204,3,train,0.6738531589508057,pdb_00008dww_Z_Y
9205,3,train,0.6495125889778137,pdb_00003fku_U1_U2
9206,3,train,1.1963787078857422,pdb_00005ug0_D_C
9207,3,train,0.4582471549510956,pdb_00007mzk_C_D
9208,3,train,0.9430148601531982,pdb_00008d9y_H_G
9209,3,train,0.024892393499612808,pdb_00006xbk_S1_S2
9210,3,train,0.01023939810693264,pdb_00007d77_S1_S2
9211,3,train,0.6723302006721497,pdb_00008vgm_E_F
9212,3,train,0.7351566553115845,pdb_00009b82_N_M
9213,3,train,0.020675670355558395,pdb_00008gus_S1_S2
9214,3,train,0.6016213893890381,pdb_00008zbb_H_L
9215,3,train,0.038974545896053314,pdb_00007trp_H1_H2
9216,3,train,0.027508273720741272,pdb_00007vif_E1_E2
9217,3,train,0.3639492094516754,pdb_00008wo4_D_C
9218,3,train,0.017718395218253136,pdb_00007yfd_C1_C2
9219,3,train,0.9769957065582275,pdb_00007jwg_A_B
9220,3,train,0.38916856050491333,pdb_00007zfe_J_K
9221,3,train,1.347806453704834,pdb_00007ey5_H_L
9222,3,train,0.054568249732255936,pdb_00008vfx_M2_M1
9223,3,train,0.10889725387096405,pdb_00007m2j_A_B
9224,3,train,0.023165177553892136,pdb_00007t10_S1_S2
9225,3,train,1.2574318647384644,pdb_00008g5b_J_N
9226,3,train,0.5880661010742188,pdb_00002i9l_D_C
9227,3,train,0.8076829314231873,pdb_00008vsj_H_L
9228,3,train,0.7841420769691467,pdb_00006wmw_M_N
9229,3,train,0.9498156309127808,pdb_00005vqm_D_C
9230,3,train,0.028783006593585014,pdb_00002exw_E_F
9231,3,train,0.4454420506954193,pdb_00008zyt_D_Q
9232,3,train,0.7372438907623291,pdb_00009bbn_S_T
9233,3,train,0.7343787550926208,pdb_00006wzl_C_D
9234,3,train,0.025668498128652573,pdb_00007ezm_H1_H2
9235,3,train,1.0685844421386719,pdb_00008p12_H_L
9236,3,train,0.8312974572181702,pdb_00007w71_I_M
9237,3,train,0.6080794930458069,pdb_00001za3_B_A
9238,3,train,1.0531121492385864,pdb_00006plk_I_M
9239,3,train,0.6911526322364807,pdb_00006dkj_A_B
9240,3,train,0.8068837523460388,pdb_00007f15_B1_B2
9241,3,train,1.093611717224121,pdb_00009oea_H_L
9242,3,train,0.6860660910606384,pdb_00005nh3_H_L
9243,3,train,0.6839649677276611,pdb_00006vja_I_M
9244,3,train,0.9469191431999207,pdb_00009qt3_N_O
9245,3,train,0.6856502890586853,pdb_00009lho_T_S
9246,3,train,0.42419737577438354,pdb_00002i9l_H_G
9247,3,train,0.7805615067481995,pdb_00004v1d_D_E
9248,3,train,1.173141360282898,pdb_00009mth_I_J
9249,3,train,0.8035787343978882,pdb_00008hrd_N_Q
9250,3,train,0.017875701189041138,pdb_00008y72_E1_E2
9251,3,train,0.012270653620362282,pdb_00008jhy_S1_S2
9252,3,train,0.8320711255073547,pdb_00007zfb_A_B
9253,3,train,0.01102985255420208,pdb_00008y45_S1_S2
9254,3,train,0.602851152420044,pdb_00007dk2_D_E
9255,3,train,0.5127113461494446,pdb_00008txu_E_J
9256,3,train,0.3390968441963196,pdb_00002qr0_F_E
9257,3,train,0.7111526727676392,pdb_00008tnt_E_D
9258,3,train,0.3827720582485199,pdb_00007sts_A_B
9259,3,train,0.9339330792427063,pdb_00002zck_H_L
9260,3,train,0.04009242355823517,pdb_00007tmz_E_F
9261,3,train,0.4000783860683441,pdb_00008j7e_A_B
9262,3,train,0.4999407231807709,pdb_00003rhw_G_K
9263,3,train,0.6026607155799866,pdb_00006cw3_C_D
9264,3,train,0.6588309407234192,pdb_00003g6j_F_E
9265,3,train,0.7717440128326416,pdb_00008hpu_H_L
9266,3,train,0.2949835956096649,pdb_00009cpu_H_L
9267,3,train,0.025668634101748466,pdb_00006k5d_E_F
9268,3,train,0.009217665530741215,pdb_00007s8m_E1_E2
9269,3,train,0.0629797875881195,pdb_00003a6c_H_L
9270,3,train,0.8222672939300537,pdb_00001fsk_F_E
9271,3,train,0.5098671913146973,pdb_00007keo_E_F
9272,3,train,0.04075038805603981,pdb_00007yon_S1_S2
9273,3,train,0.5852675437927246,pdb_00008jkh_H_L
9274,3,train,0.6628091931343079,pdb_00003p0y_H_L
9275,3,train,0.23569974303245544,pdb_00002qr0_N_M
9276,3,train,1.1350611448287964,pdb_00002ybr_G_H
9277,3,train,0.01423612143844366,pdb_00007y24_S1_S2
9278,3,train,0.009361494332551956,pdb_00009ppy_E1_E2
9279,3,train,0.9512759447097778,pdb_00009ebc_K_L
9280,3,train,1.172814130783081,pdb_00009mtg_I_J
9281,3,train,1.1110926866531372,pdb_00008hrd_C_E
9282,3,train,0.9407958388328552,pdb_00009oi3_I_J
9283,3,train,0.7596713304519653,pdb_00008ywe_B2_B1
9284,3,train,0.3766888678073883,pdb_00006b9y_B_A
9285,3,train,0.8253109455108643,pdb_00008znz_G_H
9286,3,train,0.02280346117913723,pdb_00007yu3_S1_S2
9287,3,train,0.01996290124952793,pdb_00008j1a_S1_S2
9288,3,train,1.1530859470367432,pdb_00007s11_H_L
9289,3,train,0.4088071882724762,pdb_00008vgi_H_G
9290,3,train,0.24233883619308472,pdb_00001ua6_H_L
9291,3,train,0.6160175204277039,pdb_00007cgw_H_L
9292,3,train,0.3118714392185211,pdb_00008q6j_B_A
9293,3,train,0.393911749124527,pdb_00006w41_H_L
9294,3,train,0.7596240043640137,pdb_00007wvd_G_H
9295,3,train,0.022114424034953117,pdb_00007sqo_E1_E2
9296,3,train,0.3691725432872772,pdb_00003b2u_T_U
9297,3,train,0.4234920144081116,pdb_00007x66_H_L
9298,3,train,0.3459993600845337,pdb_00007ul1_H_L
9299,3,train,0.229030042886734,pdb_00008vgj_J_I
9300,3,train,0.8036115169525146,pdb_00009cu7_J_N
9301,3,train,0.022384479641914368,pdb_00007t96_E1_E2
9302,3,train,0.709027111530304,pdb_00007tbf_D_E
9303,3,train,0.025203635916113853,pdb_00008xwp_D1_D2
9304,3,train,0.7100391983985901,pdb_00004lf3_B_A
9305,3,train,0.045344654470682144,pdb_00007l1u_H1_H2
9306,3,train,0.6262208819389343,pdb_00007ubs_J1_J2
9307,3,train,0.12387305498123169,pdb_00003fb8_A_B
9308,3,train,1.199419379234314,pdb_00005c0n_C_D
9309,3,train,0.08326898515224457,pdb_00008dd2_J_I
9310,3,train,0.01166433934122324,pdb_00008z7j_S1_S2
9311,3,train,0.8134933710098267,pdb_00006k7o_F_G
9312,3,train,0.7495682239532471,pdb_00008a96_K_J
9313,3,train,0.3235841691493988,pdb_00006vmk_M_L
9314,3,train,0.5840870141983032,pdb_00009cpw_H_L
9315,3,train,0.5110539793968201,pdb_00007zmk_S_T
9316,3,train,0.4658311605453491,pdb_00005cbe_C_D
9317,3,train,0.020018482580780983,pdb_00006k5a_E_F
9318,3,train,0.47628241777420044,pdb_00005yoy_H_E
9319,3,train,0.8241336941719055,pdb_00007y3n_C_D
9320,3,train,0.7399978637695312,pdb_00009ue8_A_B
9321,3,train,0.6853447556495667,pdb_00007c81_H_L
9322,3,train,0.5417937636375427,pdb_00003fku_T1_T2
9323,3,train,0.7849631309509277,pdb_00007x6o_I_K
9324,3,train,0.017167389392852783,pdb_00009ije_D1_D2
9325,3,train,0.6432501673698425,pdb_00007rku_J_K
9326,3,train,0.661338746547699,pdb_00008wpw_H_L
9327,3,train,0.024370135739445686,pdb_00007ezh_H1_H2
9328,3,train,0.660352885723114,pdb_00007m7w_E_F
9329,3,train,0.03165904060006142,pdb_00008xxr_S1_S2
9330,3,train,0.060394287109375,pdb_00005j9p_A_B
9331,3,train,0.017885204404592514,pdb_00009lr1_S1_S2
9332,3,train,0.8022550940513611,pdb_00001rjl_B_A
9333,3,train,0.9671577215194702,pdb_00004f37_H_L
9334,3,train,0.671116828918457,pdb_00007wvl_H_L
9335,3,train,0.6376225352287292,pdb_00002fjh_H_L
9336,3,train,0.8182117938995361,pdb_00005kov_K1_K2
9337,3,train,1.0895792245864868,pdb_00005e94_D_C
9338,3,train,0.02867886796593666,pdb_00002vdm_H_L
9339,3,train,0.8247361183166504,pdb_00006wtu_H_I
9340,3,train,0.8012651205062866,pdb_00008ebp_H_L
9341,3,train,0.023690184578299522,pdb_00008t3o_N1_N2
9342,3,train,1.214853286743164,pdb_00006ivz_H_L
9343,3,train,0.7275148630142212,pdb_00005xmh_H_L
9344,3,train,0.4045201241970062,pdb_00005yoy_G_D
9345,3,train,0.9498624801635742,pdb_00007wro_H_L
9346,3,train,1.0906193256378174,pdb_00009ml8_H_L
9347,3,train,0.018950898200273514,pdb_00008jei_S1_S2
9348,3,train,0.5862444043159485,pdb_00007xcp_H_L
9349,3,train,0.021320492029190063,pdb_00008vy7_D1_D2
9350,3,train,1.2117513418197632,pdb_00004hg4_P_Q
9351,3,train,0.787420928478241,pdb_00007pa7_ooo2_ooo1
9352,3,train,0.009394618682563305,pdb_00007yoo_S1_S2
9353,3,train,0.8306902050971985,pdb_00007rxj_H_L
9354,3,train,0.014955146238207817,pdb_00008y0n_S1_S2
9355,3,train,0.024854594841599464,pdb_00007ue0_E_F
9356,3,train,0.32662978768348694,pdb_00005yoy_Q_N
9357,3,train,0.8750811219215393,pdb_00006t9d_HHH_LLL
9358,3,train,0.57530277967453,pdb_00002yss_B_A
9359,3,train,0.637627363204956,pdb_00009fyt_I_M
9360,3,train,0.7776989340782166,pdb_00008w83_I_J
9361,3,train,0.00982031598687172,pdb_00007trq_H1_H2
9362,3,train,0.6138629913330078,pdb_00008y3k_I_J
9363,3,train,0.9822477698326111,pdb_00005a3i_C_D
9364,3,train,0.8366509675979614,pdb_00009iru_B_A
9365,3,train,0.6854016780853271,pdb_00007vgr_D_C
9366,3,train,1.0555375814437866,pdb_00006dfj_H_L
9367,3,train,0.7503231167793274,pdb_00008yub_A_B
9368,3,train,0.5743632316589355,pdb_00009jqv_H_L
9369,3,train,0.04458875209093094,pdb_00008y71_E1_E2
9370,3,train,0.3974863290786743,pdb_00008i5h_E_F
9371,3,train,0.8077155351638794,pdb_00006wno_E_F
9372,3,train,0.47675570845603943,pdb_00001xgu_B_A
9373,3,train,0.6946283578872681,pdb_00003wd5_H_L
9374,3,train,0.6282865405082703,pdb_00005nhr_A_B
9375,3,train,1.0635181665420532,pdb_00008dv6_H_D
9376,3,train,0.49834513664245605,pdb_00009ctw_F_E
9377,3,train,0.01837979629635811,pdb_00009jhp_S1_S2
9378,3,train,0.7154108285903931,pdb_00008dwx_H_L
9379,3,train,0.013374678790569305,pdb_00008i7v_E1_E2
9380,3,train,0.9374315142631531,pdb_00009yyu_J_N
9381,3,train,0.7963053584098816,pdb_00006osv_H_L
9382,3,train,0.5774481892585754,pdb_00006wzj_A_B
9383,3,train,0.01699168048799038,pdb_00008rql_S1_S2
9384,3,train,0.9573361277580261,pdb_00008sis_H_L
9385,3,train,0.018580973148345947,pdb_00008jbh_E1_E2
9386,3,train,0.4910672605037689,pdb_00007yxu_H_L
9387,3,train,0.02555179037153721,pdb_00008w8r_S1_S2
9388,3,train,0.7794917821884155,pdb_00007ucq_K1_K2
9389,3,train,0.020928340032696724,pdb_00008t3s_N1_N2
9390,3,train,1.0394890308380127,pdb_00001t03_H_L
9391,3,train,0.5881608724594116,pdb_00003nh7_I_M
9392,3,train,0.3813352882862091,pdb_00003hfm_H_L
9393,3,train,1.0122921466827393,pdb_00005dur_B_D
9394,3,train,0.01989785209298134,pdb_00003ze2_E_F
9395,3,train,0.03890334069728851,pdb_00008vqy_K_L
9396,3,train,0.03826693072915077,pdb_00008ubl_M2_M1
9397,3,train,0.01594248041510582,pdb_00008xqp_S1_S2
9398,3,train,0.14233769476413727,pdb_00007xk2_S1_S2
9399,3,train,0.7324668765068054,pdb_00007ycn_E_F
9400,3,train,0.46524226665496826,pdb_00007chc_H_L
9401,3,train,0.6385142803192139,pdb_00005xhv_H_L
9402,3,train,0.8961573243141174,pdb_00007rxi_H_L
9403,3,train,1.3319571018218994,pdb_00006xq0_E_F
9404,3,train,1.0206217765808105,pdb_00009mtf_H_L
9405,3,train,0.7665717005729675,pdb_00008eoo_F_K
9406,3,train,0.01837087981402874,pdb_00007vgx_S1_S2
9407,3,train,0.6643980145454407,pdb_00006vvu_J_K
9408,3,train,0.95209801197052,pdb_00008zpq_A_B
9409,3,train,0.7138054966926575,pdb_00008g5a_J_N
9410,3,train,0.7462577223777771,pdb_00008hn7_D_C
9411,3,train,0.03953373059630394,pdb_00008zps_E1_E2
9412,3,train,0.03498562425374985,pdb_00008k9l_H1_H2
9413,3,train,0.8617570996284485,pdb_00007vyr_H_L
9414,3,train,0.6705125570297241,pdb_00007d85_E_F
9415,3,train,0.8525469303131104,pdb_00009js7_J_M
9416,3,train,0.5213751792907715,pdb_00005aaw_B1_B2
9417,3,train,0.6956682801246643,pdb_00007bpk_H_L
9418,3,train,0.9020509719848633,pdb_00007l7e_C_D
9419,3,train,0.041400741785764694,pdb_00002h2p_E_F
9420,3,train,0.065272755920887,pdb_00006x3w_J_I
9421,3,train,0.6789568662643433,pdb_00007jum_H1_H2
9422,3,train,0.8134533762931824,pdb_00007z0y_H_L
9423,3,train,0.03226218372583389,pdb_00008dk5_N1_N2
9424,3,train,0.3579608201980591,pdb_00007mjl_H_L
9425,3,train,0.9926661252975464,pdb_00009rip_H_L
9426,3,train,0.7468283772468567,pdb_00001fdl_H_L
9427,3,train,0.020068179816007614,pdb_00008t3q_N1_N2
9428,3,train,0.6225429177284241,pdb_00007xda_B_C
9429,3,train,0.9588350653648376,pdb_00009j4c_H_L
9430,3,train,1.262571096420288,pdb_00007m3l_B_C
9431,3,train,1.1706523895263672,pdb_00007u9w_H1_H2
9432,3,train,0.040919963270425797,pdb_00007xau_E1_E2
9433,3,train,0.46923452615737915,pdb_00009cia_D_C
9434,3,train,0.5528671741485596,pdb_00008dww_V_U
9435,3,train,0.989115834236145,pdb_00009ma7_F_G
9436,3,train,0.4784783720970154,pdb_00007xeg_E_F
9437,3,train,0.10079783946275711,pdb_00006ad8_C_D
9438,3,train,0.7873344421386719,pdb_00004kxz_J_I
9439,3,train,0.14650626480579376,pdb_00001ic5_H_L
9440,3,train,0.629890501499176,pdb_00007lq7_T_U
9441,3,train,0.08543425053358078,pdb_00003a67_H_L
9442,3,train,0.5850158929824829,pdb_00008jkf_M_N
9443,3,train,0.08321600407361984,pdb_00009ouo_H_L
9444,3,train,0.010324214585125446,pdb_00007ukt_E_F
9445,3,train,0.6862795948982239,pdb_00009og1_B_C
9446,3,train,0.5003811717033386,pdb_00008too_G_F
9447,3,train,0.01140298880636692,pdb_00009jh5_S1_S2
9448,3,train,1.2189548015594482,pdb_00008w5f_H_L
9449,3,train,0.7791534066200256,pdb_00007ahu_B_A
9450,3,train,0.6504809260368347,pdb_00005jz7_G_I
9451,3,train,0.8261239528656006,pdb_00007woc_A_B
9452,3,train,0.01362025085836649,pdb_00008yh3_S1_S2
9453,3,train,1.1042274236679077,pdb_00008kdr_H_L
9454,3,train,0.029211008921265602,pdb_00007mhx_A_B
9455,3,train,0.8301408290863037,pdb_00005d1z_B_A
9456,3,train,0.3712913990020752,pdb_00006bah_B_A
9457,3,train,0.6411378979682922,pdb_00008sxp_H_L
9458,3,train,0.7862889170646667,pdb_00004oii_I_M
9459,3,train,0.45123767852783203,pdb_00009l6c_D_F
9460,3,train,0.009375477209687233,pdb_00008yky_S1_S2
9461,3,train,0.03926717862486839,pdb_00009vnz_E1_E2
9462,3,train,0.03252338618040085,pdb_00008i7w_E1_E2
9463,3,train,1.1617759466171265,pdb_00009mkn_O_P
9464,3,train,0.009093214757740498,pdb_00009le1_S1_S2
9465,3,train,1.125235676765442,pdb_00003mxw_H_L
9466,3,train,0.01928841695189476,pdb_00009v81_E1_E2
9467,3,train,0.7307696342468262,pdb_00008f6x_D1_D2
9468,3,train,0.01034946832805872,pdb_00008hnl_S1_S2
9469,3,train,0.8729150891304016,pdb_00006ejg_D2_D1
9470,3,train,0.7762871980667114,pdb_00008rmy_B_C
9471,3,train,0.044189706444740295,pdb_00008tzq_E1_E2
9472,3,train,0.3393022119998932,pdb_00002qr0_T_S
9473,3,train,1.036447286605835,pdb_00007t82_H_L
9474,3,train,0.756132960319519,pdb_00007l0l_I_K
9475,3,train,0.4360600709915161,pdb_00007mzk_F_E
9476,3,train,0.031849976629018784,pdb_00007w2z_S1_S2
9477,3,train,0.5661324858665466,pdb_00005kvf_H_L
9478,3,train,0.8413085341453552,pdb_00007whz_C_E
9479,3,train,0.44724369049072266,pdb_00002i9l_B_A
9480,3,train,0.8103317022323608,pdb_00002ybr_A_B
9481,3,train,1.3573976755142212,pdb_00008ag1_H_L
9482,3,train,0.9873386025428772,pdb_00006xxv_A_B
9483,3,train,0.3577112853527069,pdb_00003ri5_G_K
9484,3,train,1.1050976514816284,pdb_00007bsd_A_B
9485,3,train,0.025235556066036224,pdb_00008xx3_S1_S2
9486,3,train,0.6883388757705688,pdb_00007wk0_A_B
9487,3,train,0.984655499458313,pdb_00009cds_B_A
9488,3,train,0.008674414828419685,pdb_00008feg_F1_F2
9489,3,train,0.4677475094795227,pdb_00008smt_I_J
9490,3,train,0.4456157088279724,pdb_00005bo1_I_M
9491,3,train,0.618423342704773,pdb_00003u30_C_B
9492,3,train,0.8050919771194458,pdb_00007fcp_H_L
9493,3,train,0.29803112149238586,pdb_00003rif_I_O
9494,3,train,0.08994073420763016,pdb_00001j1o_H_L
9495,3,train,1.9491723775863647,pdb_00008tzn_G_H
9496,3,train,0.021502036601305008,pdb_00007vdh_S1_S2
9497,3,train,0.01746814139187336,pdb_00001ott_E_F
9498,3,train,0.009684677235782146,pdb_00007t6b_E1_E2
9499,3,train,1.079147219657898,pdb_00009leo_C_D
9500,3,train,0.4710969030857086,pdb_00005nh3_I_M
9501,3,train,0.23328827321529388,pdb_00002qr0_L_K
9502,3,train,0.025023119524121284,pdb_00008hk3_H1_H2
9503,3,train,0.034965258091688156,pdb_00003or6_A_B
9504,3,train,0.011579634621739388,pdb_00003ejy_C_D
9505,3,train,0.008261126466095448,pdb_00009x20_E1_E2
9506,3,train,0.8931195139884949,pdb_00002vir_B_A
9507,3,train,0.7984914779663086,pdb_00005ugy_I_M
9508,3,train,0.0303978119045496,pdb_00003fb5_A_B
9509,3,train,1.1795779466629028,pdb_00009p1m_F_E
9510,3,train,1.164597988128662,pdb_00009kvk_H_L
9511,3,train,0.008008968085050583,pdb_00007vig_E1_E2
9512,3,train,0.8978068828582764,pdb_00007t0w_H_L
9513,3,train,1.01982581615448,pdb_00008khd_H_J
9514,3,train,0.0072702341713011265,pdb_00007ew7_E1_E2
9515,3,train,0.03290034830570221,pdb_00009izc_S1_S2
9516,3,train,0.36199823021888733,pdb_00004tnw_Y_g
9517,3,train,0.010011455044150352,pdb_00007wu9_S1_S2
9518,3,train,0.009718718938529491,pdb_00008jil_S1_S2
9519,3,train,0.009991123341023922,pdb_00008jlr_S1_S2
9520,3,train,0.01902681402862072,pdb_00007wq3_S1_S2
9521,3,train,0.843320369720459,pdb_00009ebc_I_J
9522,3,train,0.7766963839530945,pdb_00007l7e_E_F
9523,3,train,1.2282739877700806,pdb_00008jn1_H_L
9524,3,train,0.7129561901092529,pdb_00004gxu_S_T
9525,3,train,0.032263532280921936,pdb_00009m2f_S1_S2
9526,3,train,0.5293536186218262,pdb_00003u30_F_E
9527,3,train,1.00752854347229,pdb_00006wds_H_L
9528,3,train,0.7110238671302795,pdb_00003eo1_H_G
9529,3,train,0.6777355670928955,pdb_00008g5a_H_L
9530,3,train,0.5865108370780945,pdb_00004gxu_U_V
9531,3,train,0.016647327691316605,pdb_00008yn7_E1_E2
9532,3,train,0.835695207118988,pdb_00007zfc_H_L
9533,3,train,0.008632360957562923,pdb_00007yae_S1_S2
9534,3,train,0.009567423723638058,pdb_00009kxs_H1_H2
9535,3,train,0.009341207332909107,pdb_00009ll7_S1_S2
9536,3,train,0.1546616554260254,pdb_00009zqc_I2_I1
9537,3,train,0.6650044322013855,pdb_00006pi7_F_E
9538,3,train,0.9188122153282166,pdb_00005w3l_E_G
9539,3,train,0.1901678889989853,pdb_00009ouq_J_K
9540,3,train,1.0787101984024048,pdb_00009e60_H_L
9541,3,train,0.027209142223000526,pdb_000022es_E1_E2
9542,3,train,0.4699341654777527,pdb_00007kfw_C_D
9543,3,train,0.4860617220401764,pdb_00001xgt_B_A
9544,3,train,0.015219897963106632,pdb_00008y62_E1_E2
9545,3,train,1.058761715888977,pdb_00008d7e_D_E
9546,3,train,0.008182493969798088,pdb_00008xbh_S1_S2
9547,3,train,0.017857572063803673,pdb_00008hj5_C1_C2
9548,3,train,0.6040107607841492,pdb_00008rmx_B_C
9549,3,train,0.8066561222076416,pdb_00007det_B1_B2
9550,3,train,0.06365309655666351,pdb_00006x3t_J_I
9551,3,train,1.4309247732162476,pdb_00008s72_X_Y
9552,3,train,0.5309903025627136,pdb_00009cpp_H_L
9553,3,train,0.00666495505720377,pdb_00007euo_S1_S2
9554,3,train,0.6951208114624023,pdb_00003rhw_F_N
9555,3,train,0.6093826293945312,pdb_00007u9e_B1_B2
9556,3,train,0.07383875548839569,pdb_00006e0c_N1_N2
9557,3,train,0.18459859490394592,pdb_00001xgq_B_A
9558,3,train,0.07377379387617111,pdb_00008iw9_S1_S2
9559,3,train,1.1446725130081177,pdb_00007yvf_C_A
9560,3,train,0.671352207660675,pdb_00008ut2_J_I
9561,3,train,0.008977835066616535,pdb_00009vmy_E1_E2
9562,3,train,0.5211631059646606,pdb_00001g7h_B_A
9563,3,train,0.009954542852938175,pdb_00009jlc_S1_S2
9564,3,train,0.07173933833837509,pdb_00007uje_E_F
9565,3,train,0.5237520337104797,pdb_00004dkf_H_L
9566,3,train,0.04731820523738861,pdb_00007x5h_E1_E2
9567,3,train,0.00867794081568718,pdb_00007sbf_E1_E2
9568,3,train,0.7275676131248474,pdb_00007wvd_I_J
9569,3,train,0.624721884727478,pdb_00005ugy_H_L
9570,3,train,0.8612170219421387,pdb_00005dhy_H_L
9571,3,train,0.8228591084480286,pdb_00008hrd_G_H
9572,3,train,0.014569664373993874,pdb_00007w55_E1_E2
9573,3,train,0.2523774206638336,pdb_00006yor_B_C
9574,3,train,0.9952847361564636,pdb_00006plk_H_L
9575,3,train,0.8263367414474487,pdb_00007y3o_H_L
9576,3,train,0.03105086460709572,pdb_00008spu_K1_K2
9577,3,train,0.48604968190193176,pdb_00008caf_B_A
9578,3,train,0.7580907344818115,pdb_00007chc_A_B
9579,3,train,0.7591067552566528,pdb_00006wtu_E_F
9580,3,train,0.016568204388022423,pdb_00009lre_E1_E2
9581,3,train,0.09967123717069626,pdb_00009iv6_S1_S2
9582,3,train,0.6859166026115417,pdb_00002x7l_C_D
9583,3,train,0.026500510051846504,pdb_00009jkt_S1_S2
9584,3,train,0.8057501316070557,pdb_00009bao_G_H
9585,3,train,1.0322840213775635,pdb_00004l5f_H_L
9586,3,train,0.6622099280357361,pdb_00007rku_G_I
9587,3,train,0.018384205177426338,pdb_00008z8a_S1_S2
9588,3,train,0.5534272789955139,pdb_00008dn7_A_B
9589,3,train,0.8753984570503235,pdb_00008w5r_H_L
9590,3,train,0.7420639395713806,pdb_00009js7_I_L
9591,3,train,0.23185138404369354,pdb_00009nz4_F_E
9592,3,train,0.8607767820358276,pdb_00002iff_H_L
9593,3,train,0.05348256602883339,pdb_00003iga_A_B
9594,3,train,1.0169209241867065,pdb_00006mlm_E_I
9595,3,train,0.37168315052986145,pdb_00006b3s_H_L
9596,3,train,0.6511378288269043,pdb_00007rk2_C1_C2
9597,3,train,1.9146901369094849,pdb_00001jrh_H_L
9598,3,train,1.0953094959259033,pdb_00006k65_H_L
9599,3,train,0.6855941414833069,pdb_00008ebp_I_M
9600,3,train,0.5473288297653198,pdb_00008oz3_H_L
9601,3,train,0.012781902216374874,pdb_00007trk_H1_H2
9602,3,train,0.46425899863243103,pdb_00003ri5_F_N
9603,3,train,0.9056016802787781,pdb_00008eed_I_J
9604,3,train,0.011859252117574215,pdb_00008j18_S1_S2
9605,3,train,0.7778816223144531,pdb_00007qny_A_B
9606,3,train,0.05977409705519676,pdb_00007k5y_N2_N1
9607,3,train,1.239032506942749,pdb_00006oel_H_L
9608,3,train,0.6513121128082275,pdb_00007sk8_D_C
9609,3,train,1.0183387994766235,pdb_00009kve_A_B
9610,3,train,0.025096753612160683,pdb_00008zh8_S1_S2
9611,3,train,0.027387145906686783,pdb_000021ag_S1_S2
9612,3,train,0.867003858089447,pdb_00006ban_B_A
9613,3,train,0.6963378190994263,pdb_00004gxu_Q_R
9614,3,train,0.6680149435997009,pdb_00003sob_H_L
9615,3,train,1.1002517938613892,pdb_00003bsz_H_L
9616,3,train,0.6494789719581604,pdb_00004hg4_R_S
9617,3,train,0.3284722864627838,pdb_00003b2u_N_O
9618,3,train,0.9852167367935181,pdb_00002hmi_D_C
9619,3,train,0.8941327929496765,pdb_00006ogx_C_D
9620,3,train,0.10027354210615158,pdb_00008zbe_E1_E2
9621,3,train,0.011141952127218246,pdb_00008jgb_S1_S2
9622,3,train,0.7281934022903442,pdb_00007ycn_C_D
9623,3,train,0.20946277678012848,pdb_00006ad7_C_D
9624,3,train,0.898216187953949,pdb_00009npg_G_H
9625,3,train,0.7060788869857788,pdb_00004hj0_C_D
9626,3,train,1.1743260622024536,pdb_00004fqj_H_L
9627,3,train,0.8250555396080017,pdb_00007x93_E_F
9628,3,train,0.8459216952323914,pdb_00007kzb_H_L
9629,3,train,1.2345731258392334,pdb_00001osp_H_L
9630,3,train,0.024283261969685555,pdb_00007rkm_D1_D2
9631,3,train,0.37074241042137146,pdb_00008i5h_H_L
9632,3,train,0.8110822439193726,pdb_00005x8l_G_L
9633,3,train,0.8013960123062134,pdb_00009ue8_U_V
9634,3,train,0.06689624488353729,pdb_00008zcj_E1_E2
9635,3,train,0.21795572340488434,pdb_00002dqf_E_D
9636,3,train,0.46153849363327026,pdb_00008jen_G_H
9637,3,train,0.9235323071479797,pdb_00009mkn_S_T
9638,3,train,0.020214341580867767,pdb_00008xos_E1_E2
9639,3,train,0.9938749670982361,pdb_00008k5g_H_L
9640,3,train,0.20217086374759674,pdb_00001nby_B_A
9641,3,train,0.02042870968580246,pdb_00008jbf_E1_E2
9642,3,train,0.12051555514335632,pdb_00006dzt_N1_N2
9643,3,train,0.0196206197142601,pdb_00007vv5_S1_S2
9644,3,train,0.017555566504597664,pdb_00008xxv_E1_E2
9645,3,train,0.013637816533446312,pdb_00008ghv_S1_S2
9646,3,train,1.4212347269058228,pdb_00009me6_J_N
9647,3,train,0.05104260519146919,pdb_00006adc_E_F
9648,3,train,1.0159647464752197,pdb_00006u9s_D_E
9649,3,train,0.8381826877593994,pdb_00008y3i_I_J
9650,3,train,0.009959741495549679,pdb_00009k3h_S1_S2
9651,3,train,0.03722818195819855,pdb_00007xav_E1_E2
9652,3,train,1.7653422355651855,pdb_00007uij_A_B
9653,3,train,0.9266126155853271,pdb_00009mla_H_K
9654,3,train,1.103991985321045,pdb_00004xzu_A_B
9655,3,train,0.07229330390691757,pdb_00008ubk_M2_M1
9656,3,train,0.1027706041932106,pdb_00002dqg_H_L
9657,3,train,0.27040067315101624,pdb_00006yz7_HHH_LLL
9658,3,train,0.47010889649391174,pdb_00009cpu_F_G
9659,3,train,0.8190987706184387,pdb_00007ec5_E_F
9660,3,train,0.7278240919113159,pdb_00007dpm_J_K
9661,3,train,0.052344910800457,pdb_00003det_C_D
9662,3,train,0.684500515460968,pdb_00008f0h_H_L
9663,3,train,0.02678701840341091,pdb_00008x2k_E1_E2
9664,3,train,0.4473212957382202,pdb_00007xik_H_L
9665,3,train,0.027893655002117157,pdb_00008ef5_E1_E2
9666,3,train,0.03562513738870621,pdb_00008wwj_E1_E2
9667,3,train,0.006601065397262573,pdb_00009uam_E1_E2
9668,3,train,0.8306874632835388,pdb_00009oao_H_L
9669,3,train,0.43983668088912964,pdb_00007xei_C_D
9670,3,train,0.03054087609052658,pdb_00007wic_S1_S2
9671,3,train,0.022967467084527016,pdb_00008jii_S1_S2
9672,3,train,0.685823917388916,pdb_00006wtv_B_C
9673,3,train,0.01013126689940691,pdb_00009kvg_E1_E2
9674,3,train,0.4154748320579529,pdb_00006txz_K_O
9675,3,train,0.4258611798286438,pdb_00008wpw_C_D
9676,3,train,0.9371052384376526,pdb_00009mtf_M_N
9677,3,train,0.01273534819483757,pdb_00009o36_E1_E2
9678,3,train,1.219066858291626,pdb_00003qwo_A_B
9679,3,train,1.05906343460083,pdb_00009y0e_A_B
9680,3,train,0.7082756161689758,pdb_00005kov_C1_C2
9681,3,train,0.5248420238494873,pdb_00008jkf_h_l
9682,3,train,0.011594465002417564,pdb_00009buy_E1_E2
9683,3,train,0.33816197514533997,pdb_00006vmk_c_b
9684,3,train,0.8355039954185486,pdb_00007mdj_A_B
9685,3,train,0.01752520352602005,pdb_00008j19_S1_S2
9686,3,train,0.7309438586235046,pdb_00004hg4_Z_z
9687,3,train,0.9751726388931274,pdb_00008gpu_H_L
9688,3,train,0.016748985275626183,pdb_00007yfc_C1_C2
9689,3,train,0.4667730927467346,pdb_00007kmg_A_B
9690,3,train,0.009208306670188904,pdb_00007t8x_E1_E2
9691,3,train,0.6911903023719788,pdb_00008hrd_Y_Z
9692,3,train,0.02137303352355957,pdb_00007w57_E1_E2
9693,3,train,0.12009899318218231,pdb_00006x3u_K_L
9694,3,train,0.3718706965446472,pdb_00007mzh_H_L
9695,3,train,0.013938738033175468,pdb_00008jpn_S1_S2
9696,3,train,0.02550562098622322,pdb_00008jxx_E1_E2
9697,3,train,1.031411051750183,pdb_00007uvs_A_B
9698,3,train,0.5824549794197083,pdb_00008ywx_E_D
9699,3,train,0.26920729875564575,pdb_00007k8m_A_B
9700,3,train,0.8543906211853027,pdb_00003qum_K_M
9701,3,train,0.008896998129785061,pdb_00009b65_S1_S2
9702,3,train,0.8633991479873657,pdb_00007pa7_eee2_eee1
9703,3,train,1.2925708293914795,pdb_00007lg6_K_N
9704,3,train,0.39156004786491394,pdb_00008jel_A_B
9705,3,train,0.06727475672960281,pdb_00007k78_L1_L2
9706,3,train,0.06628366559743881,pdb_00006x3v_J_I
9707,3,train,0.019959108904004097,pdb_00008xqe_S1_S2
9708,3,train,0.052576035261154175,pdb_00007e33_E1_E2
9709,3,train,0.29594701528549194,pdb_00006b3s_J_K
9710,3,train,0.04840065538883209,pdb_00008j23_F1_F2
9711,3,train,0.6706200838088989,pdb_00008y0y_D1_D4
9712,3,train,0.8368449211120605,pdb_00004am0_C_D
9713,3,train,0.5424807071685791,pdb_00008txu_F_K
9714,3,train,0.024584775790572166,pdb_00002hlf_C_D
9715,3,train,0.015100699849426746,pdb_00008yh0_S1_S2
9716,3,train,0.7280675768852234,pdb_00009ptm_I_M
9717,3,train,0.569219708442688,pdb_00006ii4_E_F
9718,3,train,1.1695882081985474,pdb_00008hrd_L_M
9719,3,train,0.6334697008132935,pdb_00005wk3_S_R
9720,3,train,0.6726707816123962,pdb_00009huo_C_D
9721,3,train,0.054108623415231705,pdb_00003fb6_A_B
9722,3,train,0.22718052566051483,pdb_00006zh9_HHH_LLL
9723,3,train,1.0480901002883911,pdb_00006dfi_H_L
9724,3,train,0.5738214254379272,pdb_00009iz9_S_T
9725,3,train,0.651291012763977,pdb_00007s7i_J_N
9726,3,train,0.03398717939853668,pdb_00008u9s_N2_N1
9727,3,train,0.920118510723114,pdb_00008tbb_H_L
9728,3,train,0.5825421214103699,pdb_00007dpm_D_E
9729,3,train,0.5260042548179626,pdb_00004dn4_H_L
9730,3,train,0.04223150387406349,pdb_00007k78_K1_K2
9731,3,train,0.020529622212052345,pdb_00007yac_S1_S2
9732,3,train,0.6506384015083313,pdb_00007cmk_H_L
9733,3,train,0.40912219882011414,pdb_00004tnw_X_i
9734,3,train,0.9887207746505737,pdb_00009dn2_J_N
9735,3,train,0.014678927138447762,pdb_00009ldw_S1_S2
9736,3,train,0.031991083174943924,pdb_00003stz_A_B
9737,3,train,0.01105547696352005,pdb_00009m8k_N1_N2
9738,3,train,0.9156473875045776,pdb_00009f90_A_B
9739,3,train,0.6943015456199646,pdb_00001bql_H_L
9740,3,train,0.02506856992840767,pdb_00002r9h_C_D
9741,3,train,0.5543474555015564,pdb_00006z3q_H_L
9742,3,train,0.6453538537025452,pdb_00009q7b_J_K
9743,3,train,0.12279430776834488,pdb_00002dqf_B_A
9744,3,train,0.9658980369567871,pdb_00009b2m_J_K
9745,3,train,0.02070947363972664,pdb_00008ija_S1_S2
9746,3,train,0.7315885424613953,pdb_00006n5e_E_D
9747,3,train,0.010607937350869179,pdb_00002ht4_E_F
9748,3,train,0.6972540020942688,pdb_00008zd5_E_F
9749,3,train,0.6664621233940125,pdb_00009k6y_H_L
9750,3,train,0.010932576842606068,pdb_00002exy_C_D
9751,3,train,0.012774903327226639,pdb_00002htl_E_F
9752,3,train,1.1856603622436523,pdb_00006gv1_H_L
9753,3,train,0.029509902000427246,pdb_00008evg_N1_N2
9754,3,train,0.41768455505371094,pdb_00009me6_I_M
9755,3,train,0.014960234984755516,pdb_00008evi_N1_N2
9756,3,train,0.5846617221832275,pdb_00008dn6_E_F
9757,3,train,0.19511644542217255,pdb_00006w0a_A_B
9758,3,train,0.8348219990730286,pdb_00008dwy_V_U
9759,3,train,0.5771944522857666,pdb_00006ban_F_E
9760,3,train,0.6498405337333679,pdb_00004lf3_E_D
9761,3,train,0.006576618645340204,pdb_00006n4b_S1_S2
9762,3,train,0.8195536732673645,pdb_00005umi_H_L
9763,3,train,0.6368489861488342,pdb_00007mzn_H_L
9764,3,train,0.018790950998663902,pdb_00008irs_E1_E2
9765,3,train,0.8370488882064819,pdb_00007m7w_H_L
9766,3,train,0.014148486778140068,pdb_00008xjl_E1_E2
9767,3,train,1.1352460384368896,pdb_00005lsp_H_L
9768,3,train,0.6961514353752136,pdb_00009ccs_C_B
9769,3,train,0.5836361646652222,pdb_00007sco_E_F
9770,3,train,0.1183481514453888,pdb_00007cvt_C_D
9771,3,train,0.008316301740705967,pdb_00007na7_N1_N2
9772,3,train,0.07235359400510788,pdb_00007u9f_E_F
9773,3,train,0.9823846220970154,pdb_00005vig_H_L
9774,3,train,0.26583561301231384,pdb_00006b3s_F_G
9775,3,train,0.022325582802295685,pdb_00008jjp_S1_S2
9776,3,train,0.04435833916068077,pdb_00007k5x_N2_N1
9777,3,train,0.663936972618103,pdb_00003eo1_E_D
9778,3,train,1.0407572984695435,pdb_00008e8z_H_L
9779,3,train,0.010397129692137241,pdb_00008gut_S1_S2
9780,3,train,0.018456464633345604,pdb_00007vl9_S1_S2
9781,3,train,0.024397902190685272,pdb_00003det_E_F
9782,3,train,0.7029762864112854,pdb_00009lho_O_N
9783,3,train,0.6813060641288757,pdb_00004gxu_M_N
9784,3,train,0.016066234558820724,pdb_00009kfk_S1_S2
9785,3,train,0.7759841680526733,pdb_00007wur_E_F
9786,3,train,0.12932443618774414,pdb_00007mhr_A_B
9787,3,train,0.01619090512394905,pdb_00007vgy_E1_E2
9788,3,train,0.5420789122581482,pdb_00009ima_C_D
9789,3,train,0.5084017515182495,pdb_00001kip_B_A
9790,3,train,0.5747104287147522,pdb_00008wpy_H_L
9791,3,train,1.3387064933776855,pdb_00004ubd_Y_X
9792,3,train,1.1180998086929321,pdb_00008tpa_H_L
9793,3,train,0.023033851757645607,pdb_00009jed_S1_S2
9794,3,train,0.26328423619270325,pdb_00006vmk_Z_Y
9795,3,train,0.09814010560512543,pdb_00003gb7_A_B
9796,3,train,0.05349498987197876,pdb_00008wpu_E1_E2
9797,3,train,0.9717245697975159,pdb_00006jod_H_L
9798,3,train,0.012340258806943893,pdb_00007rgp_E1_E2
9799,3,train,0.010504473932087421,pdb_00006kpf_S1_S2
9800,3,train,0.8930749893188477,pdb_00009od3_H_L
9801,3,train,0.8374137282371521,pdb_00007t3d_O_Q
9802,3,train,0.14473514258861542,pdb_00006k5i_C_D
9803,3,train,0.23932604491710663,pdb_00003ri5_J_M
9804,3,train,0.015437619760632515,pdb_00007y66_S1_S2
9805,3,train,0.0076117427088320255,pdb_00008hnm_S1_S2
9806,3,train,0.40291711688041687,pdb_00009l6c_H_L
9807,3,train,0.7590495347976685,pdb_00006iap_H_L
9808,3,train,0.5718581676483154,pdb_00002x7l_E_F
9809,3,train,0.022061070427298546,pdb_00003t3p_E_F
9810,3,train,0.02878076769411564,pdb_00003f5w_A_B
9811,3,train,0.05604923889040947,pdb_00008id9_S1_S2
9812,3,train,0.5965046882629395,pdb_00003nh7_H_L
9813,3,train,0.03891529515385628,pdb_00009kz2_H1_H2
9814,3,train,0.05709492415189743,pdb_00009j0i_S1_S2
9815,3,train,0.9089095592498779,pdb_00006ss4_HHH_LLL
9816,3,train,0.7493767738342285,pdb_00003qwo_H_L
9817,3,train,0.06296609342098236,pdb_00006w0g_A_B
9818,3,train,0.6445395946502686,pdb_00007x6o_C_D
9819,3,train,0.9109432697296143,pdb_00003fmg_H_L
9820,3,train,1.0291197299957275,pdb_00009cq8_C_E
9821,3,train,1.211834192276001,pdb_00009vca_H_L
9822,3,train,0.01723880134522915,pdb_00008ykd_S1_S2
9823,3,train,1.423996925354004,pdb_00007rco_F_E
9824,3,train,0.5740335583686829,pdb_00008xsj_H_L
9825,3,train,1.7605910301208496,pdb_00009n5i_H_L
9826,3,train,0.7951148748397827,pdb_00007ttx_H_L
9827,3,train,0.48741963505744934,pdb_00005aaw_H1_H2
9828,3,train,0.7498888969421387,pdb_00003vrl_H_L
9829,3,train,1.0131646394729614,pdb_00007t01_H_L
9830,3,train,0.7715194225311279,pdb_00001e6j_H_L
9831,3,train,0.577538788318634,pdb_00004m62_H_L
9832,3,train,0.5508205890655518,pdb_00007whz_H_L
9833,3,train,0.8807457089424133,pdb_00006p4b_B_A
9834,3,train,0.023690758273005486,pdb_00008yrg_E1_E2
9835,3,train,0.8439339995384216,pdb_00008eed_E_F
9836,3,train,0.01917600817978382,pdb_00009d0a_E1_E2
9837,3,train,0.04760044440627098,pdb_00008e9y_E1_E2
9838,3,train,0.7957682013511658,pdb_00007l7e_M_N
9839,3,train,0.7095314264297485,pdb_00008znz_I_J
9840,3,train,0.8550924062728882,pdb_00008cxg_h_l
9841,3,train,0.01884576864540577,pdb_00007ydh_E1_E2
9842,3,train,0.7623398900032043,pdb_00001fj1_B_A
9843,3,train,0.1342764049768448,pdb_00009oun_H_L
9844,3,train,0.024419695138931274,pdb_00009k27_D1_D2
9845,3,train,0.5327823162078857,pdb_00003fku_Z1_Z2
9846,3,train,0.011064458638429642,pdb_00009izh_S1_S2
9847,3,train,0.022206712514162064,pdb_00008thl_F1_F2
9848,3,train,0.5828648209571838,pdb_00007e3o_H_L
9849,3,train,0.01807345263659954,pdb_00008yn6_E1_E2
9850,3,train,0.017710935324430466,pdb_00007rbt_E1_E2
9851,3,train,0.7469111680984497,pdb_00008sit_M_N
9852,3,train,0.03997091203927994,pdb_00001r3k_B_A
9853,3,train,0.4758872985839844,pdb_00005wk3_W_V
9854,3,train,0.4953678548336029,pdb_00009jy2_B_A
9855,3,train,0.019530219957232475,pdb_00009u4w_S1_S2
9856,3,train,0.5387641191482544,pdb_00009lho_I_H
9857,3,train,0.9145686030387878,pdb_00009shd_H_L
9858,3,train,0.7168313264846802,pdb_00008hn7_B_A
9859,3,train,0.6884668469429016,pdb_00009b82_I_G
9860,3,train,0.7346609830856323,pdb_00001tqc_B_C
9861,3,train,0.2634778916835785,pdb_00006vmk_S_R
9862,3,train,0.01733505167067051,pdb_00008hqm_H1_H2
9863,3,train,0.018138380721211433,pdb_00009ydv_E1_E2
9864,3,train,0.020285775884985924,pdb_00007e9g_D1_D2
9865,3,train,0.4936126470565796,pdb_00005oca_H_L
9866,3,train,0.18348275125026703,pdb_00009nz4_D_C
9867,3,train,0.6946361064910889,pdb_00003v4p_M_N
9868,3,train,0.7505068778991699,pdb_00007lq7_C_D
9869,3,train,0.7068993449211121,pdb_00007vyr_A_B
9870,3,train,0.011609155684709549,pdb_00009jeq_S1_S2
9871,3,train,0.18934398889541626,pdb_00009ge3_F1_F2
9872,3,train,0.5542002320289612,pdb_00007m71_H_L
9873,3,train,0.5899587869644165,pdb_00002x7l_A_B
9874,3,train,0.43223825097084045,pdb_00005yoy_I_F
9875,3,train,0.014298965223133564,pdb_00009lr2_S1_S2
9876,3,train,1.6285418272018433,pdb_00008v2e_D_E
9877,3,train,0.5671501159667969,pdb_00007dpm_G_H
9878,3,train,0.16888411343097687,pdb_00006vmk_l_k
9879,3,train,0.8612897396087646,pdb_00009n4e_K_M
9880,3,train,0.7706214189529419,pdb_00008jqs_h_l
9881,3,train,1.1215240955352783,pdb_00007s11_I_M
9882,3,train,0.01620548591017723,pdb_00004fg6_E_F
9883,3,train,0.7539055347442627,pdb_00007ycl_A_B
9884,3,train,0.46957769989967346,pdb_00009lrf_H_L
9885,3,train,0.17217816412448883,pdb_00009ctu_F_E
9886,3,train,1.2303591966629028,pdb_00009e3h_J_K
9887,3,train,0.39463117718696594,pdb_00008bcz_C_D
9888,3,train,0.5634922385215759,pdb_00001z3g_H_L
9889,3,train,0.025212343782186508,pdb_00008j6l_H1_H2
9890,3,train,0.0277849268168211,pdb_00002boc_A_B
9891,3,train,0.3306676149368286,pdb_00008i5h_B_C
9892,3,train,1.064784288406372,pdb_00008v52_D_C
9893,3,train,0.7081880569458008,pdb_00008cma_H_L
9894,3,train,1.095261812210083,pdb_00007unb_H_L
9895,3,train,1.1193231344223022,pdb_00007kqh_C_D
9896,3,train,0.36109715700149536,pdb_00001z3g_I_M
9897,3,train,0.018183071166276932,pdb_00004z7n_E_F
9898,3,train,0.7374816536903381,pdb_00007f3q_C_B
9899,3,train,0.40006545186042786,pdb_00007x1m_C_D
9900,3,train,0.05914181470870972,pdb_00008spu_N1_N2
9901,3,train,0.9125993251800537,pdb_00009cfh_H_L
9902,3,train,0.020340021699666977,pdb_00008evi_M1_M2
9903,3,train,0.01815778762102127,pdb_00008ubi_N2_N1
9904,3,train,0.506216287612915,pdb_00008hpf_M_N
9905,3,train,0.6455857157707214,pdb_00008cz8_C2_C1
9906,3,train,0.7582589983940125,pdb_00002vis_B_A
9907,3,train,0.749683678150177,pdb_00008zh7_B_C
9908,3,train,0.02968594618141651,pdb_00007ejx_S1_S2
9909,3,train,0.6446875333786011,pdb_00001tzi_B_A
9910,3,train,0.028732769191265106,pdb_00009k26_S1_S2
9911,3,train,0.3980047404766083,pdb_00008smt_A_B
9912,3,train,0.03613930195569992,pdb_00008xgm_S1_S2
9913,3,train,0.014475703239440918,pdb_00008xml_S1_S2
9914,3,train,0.20249594748020172,pdb_00006w0h_A_B
9915,3,train,0.03173808008432388,pdb_00001ots_C_D
9916,3,train,0.013108317740261555,pdb_00008ykx_E1_E2
9917,3,train,0.013243688270449638,pdb_00009jky_S1_S2
9918,3,train,0.680858850479126,pdb_00008hrd_D_F
9919,3,train,0.7399280667304993,pdb_00007rxl_H_L
9920,3,train,0.008501595817506313,pdb_00008tb0_F1_F2
9921,3,train,0.023915840312838554,pdb_00007uh8_E_F
9922,3,train,0.6938770413398743,pdb_00009fys_I_M
9923,3,train,0.5108382701873779,pdb_00007xj9_I_H
9924,3,train,0.9842875599861145,pdb_00009c0v_H_L
9925,3,train,0.44331350922584534,pdb_00008vgk_K_L
9926,3,train,0.8181171417236328,pdb_00005h35_F_G
9927,3,train,0.9388362169265747,pdb_00006fax_H_L
9928,3,train,0.4287734627723694,pdb_00002x7l_H_L
9929,3,train,0.8815317153930664,pdb_00009h6u_H_L
9930,3,train,0.9853527545928955,pdb_00008gpu_C_D
9931,3,train,0.03229077532887459,pdb_00007vuy_S1_S2
9932,3,train,0.013462712056934834,pdb_00008k4n_E1_E2
9933,3,train,0.6904536485671997,pdb_00007zmk_J_K
9934,3,train,0.7584589123725891,pdb_00007ua2_B1_B2
9935,3,train,0.17228077352046967,pdb_00001k4d_A_B
9936,3,train,0.5851767659187317,pdb_00004ma8_H_L
9937,3,train,0.010982985608279705,pdb_00008iu2_S1_S2
9938,3,train,0.02411567233502865,pdb_00008yn5_E1_E2
9939,3,train,0.026696475222706795,pdb_00009cm3_N1_N2
9940,3,train,0.47100940346717834,pdb_00003v4v_M_N
9941,3,train,0.011930042877793312,pdb_00008fx5_H1_H2
9942,3,train,0.7512980699539185,pdb_00009cff_H_L
9943,3,train,0.011140760965645313,pdb_00008yh2_S1_S2
9944,3,train,0.8629534244537354,pdb_00008dis_A_C
9945,3,train,0.012776804156601429,pdb_00008xbe_S1_S2
9946,3,train,1.3975677490234375,pdb_00006s3d_E_F
9947,3,train,0.7468780279159546,pdb_00009n4e_O_R
9948,3,train,0.6889957189559937,pdb_00006vgr_C_D
9949,3,train,0.8564546704292297,pdb_00007rxj_A_B
9950,3,train,0.618091881275177,pdb_00002wuc_H_L
9951,3,train,0.45295679569244385,pdb_00001kir_B_A
9952,3,train,0.5168378949165344,pdb_00007m6d_A_B
9953,3,train,0.012093021534383297,pdb_00008jxv_E1_E2
9954,3,train,0.3633744418621063,pdb_00004tnw_W_f
9955,3,train,0.7520442008972168,pdb_00008u4s_F_E
9956,3,train,0.770738959312439,pdb_00009mkn_J_N
9957,3,train,0.05965377762913704,pdb_00008wwi_E1_E2
9958,3,train,0.5478888154029846,pdb_00008oz3_A_B
9959,3,train,0.6995518803596497,pdb_00007y6k_J_E3
9960,3,train,0.5270749926567078,pdb_00009n7q_E_G
9961,3,train,0.22021740674972534,pdb_00006zlr_HHH_LLL
9962,3,train,1.1851013898849487,pdb_00006wty_H_I
9963,3,train,0.5203424692153931,pdb_00007jum_I1_I2
9964,3,train,0.48630839586257935,pdb_00007wqv_F1_F2
9965,3,train,0.03175083547830582,pdb_00004fg6_C_D
9966,3,train,1.021596908569336,pdb_00006jep_K_I
9967,3,train,0.39338186383247375,pdb_00007pry_A_B
9968,3,train,0.004902483895421028,pdb_00007ew2_S1_S2
9969,3,train,0.007159159518778324,pdb_00009jh6_S1_S2
9970,3,train,0.02478012442588806,pdb_00008hpt_H1_H2
9971,3,train,0.11695096641778946,pdb_00008evh_M1_M2
9972,3,train,0.03117888607084751,pdb_00008yuu_S1_S2
9973,3,train,0.6595504879951477,pdb_00007m3i_H_L
9974,3,train,0.6506592035293579,pdb_00005ugy_J_N
9975,3,train,0.5392011404037476,pdb_00009iz9_Q_R
9976,3,train,0.6824511885643005,pdb_00007sd5_H_L
9977,3,train,0.9397345781326294,pdb_00007scn_J_K
9978,3,train,0.017630165442824364,pdb_00007vla_S1_S2
9979,3,train,0.017672577872872353,pdb_00009f33_E1_E2
9980,3,train,0.440293550491333,pdb_00009lrh_H_L
9981,3,train,0.9872892498970032,pdb_00004lmq_E_I
9982,3,train,0.41720277070999146,pdb_00003v4p_H_L
9983,3,train,0.5057206749916077,pdb_00005xku_C_B
9984,3,train,0.9243082404136658,pdb_00006a4k_H_L
9985,3,train,0.5987114310264587,pdb_00004odx_A_L
9986,3,train,0.8788049221038818,pdb_00008xe9_A_B
9987,3,train,0.5572358965873718,pdb_00009m0d_D_Q
9988,3,train,1.0129867792129517,pdb_00009lae_H_L
9989,3,train,0.013482026755809784,pdb_00007xmt_S1_S2
9990,3,train,0.7438381910324097,pdb_00007k9i_H_L
9991,3,train,0.635398805141449,pdb_00006wzm_A_B
9992,3,train,0.02797587402164936,pdb_00009jmc_E1_E2
9993,3,train,0.018282568082213402,pdb_00009p0l_F1_F2
9994,3,train,0.6547067165374756,pdb_00009lae_A_B
9995,3,train,0.5763564705848694,pdb_00008eqf_H_L
9996,3,train,0.41823357343673706,pdb_00007xeg_C_D
9997,3,train,0.46158498525619507,pdb_00009jy1_R_Q
9998,3,train,1.2593305110931396,pdb_00005gs0_D_C
9999,3,train,0.10330579429864883,pdb_00002dqd_H_L
10000,3,train,0.8089561462402344,pdb_00007qnx_A_B
10001,3,train,0.742419958114624,pdb_00006hxw_C_D
10002,3,train,0.013416348025202751,pdb_00007xbd_E1_E2
10003,3,train,0.5279622077941895,pdb_00008hq7_M_N
10004,3,train,0.015717223286628723,pdb_00007x2v_E1_E2
10005,3,train,1.0933287143707275,pdb_00007si0_C_D
10006,3,train,0.01379142515361309,pdb_00008zbi_F1_F2
10007,3,train,0.4222410023212433,pdb_00004ioi_B_A
10008,3,train,0.5805760025978088,pdb_00009hhr_L_H
10009,3,train,0.6427761316299438,pdb_00006dkj_H_L
10010,3,train,0.010457336902618408,pdb_00009jks_S1_S2
10011,3,train,0.02123373933136463,pdb_00008yna_E1_E2
10012,3,train,0.866337776184082,pdb_00007yrh_F_E
10013,3,train,0.01575830765068531,pdb_00008utd_D1_D2
10014,3,train,0.7680321335792542,pdb_00006uig_H_L
10015,3,train,1.2786579132080078,pdb_00007rxp_H_L
10016,3,train,0.7763739824295044,pdb_00008v5v_c_e
10017,3,train,0.7200128436088562,pdb_00005h35_H_I
10018,3,train,0.5942358374595642,pdb_00004ttd_H_L
10019,3,train,0.8723310232162476,pdb_00009c6y_C_D
10020,3,train,1.1667858362197876,pdb_00008tp5_E_F
10021,3,train,0.9698467254638672,pdb_00007bsc_H_L
10022,3,train,1.0878578424453735,pdb_00008hrd_W_X
10023,3,train,0.7694477438926697,pdb_00009f91_E_F
10024,3,train,0.01783943362534046,pdb_00009v6o_S1_S2
10025,3,train,0.54723060131073,pdb_00006kyz_E_F
10026,3,train,0.04862724617123604,pdb_00007udh_E_F
10027,3,train,0.24457649886608124,pdb_00006vmk_i_h
10028,3,train,0.14860917627811432,pdb_00007vgs_F_E
10029,3,train,0.7451136112213135,pdb_00008gpy_E1_E2
10030,3,train,1.073622465133667,pdb_00004u6h_A_B
10031,3,train,0.35371413826942444,pdb_00009cpw_C_D
10032,3,train,0.335750937461853,pdb_00004hjg_B_A
10033,3,train,0.8310717940330505,pdb_00007o7f_H_F
10034,3,train,1.2343608140945435,pdb_00006mtq_H_L
10035,3,train,0.10920149087905884,pdb_00009ov4_J_K
10036,3,train,0.7502360343933105,pdb_00007bbj_M_N
10037,3,train,0.840211808681488,pdb_00008y3i_G_H
10038,3,train,0.17746973037719727,pdb_00004tnw_J_M
10039,3,train,0.007725892122834921,pdb_00009pq0_E1_E2
10040,3,train,0.9682742357254028,pdb_00009mtj_I_J
10041,3,train,0.49955084919929504,pdb_00004odx_H_B
10042,3,train,0.6794971227645874,pdb_00007wk0_D_E
10043,3,train,0.2531667649745941,pdb_00002qr0_B_A
10044,3,train,0.06558135896921158,pdb_00006x3s_K_L
10045,3,train,0.6869794130325317,pdb_00009kze_H_L
10046,3,train,0.015626486390829086,pdb_00007vv3_S1_S2
10047,3,train,1.4327095746994019,pdb_00009bhh_T_S
10048,3,train,0.5513260960578918,pdb_00007sk7_D_C
10049,3,train,0.39203983545303345,pdb_00008as0_T_S
10050,3,train,0.014378036372363567,pdb_00006wwz_S1_S2
10051,3,train,0.7387353777885437,pdb_00002vwe_E_C
10052,3,train,0.6136711835861206,pdb_00008cn9_L_K
10053,3,train,0.5895681977272034,pdb_00007bpk_C_D
10054,3,train,1.2073233127593994,pdb_00009e3l_I_J
10055,3,train,0.2975020706653595,pdb_00008cwv_H_L
10056,3,train,1.0388243198394775,pdb_00007c88_A_B
10057,3,train,0.026538671925663948,pdb_00001otu_E_F
10058,3,train,0.18688519299030304,pdb_00001ic7_H_L
10059,3,train,0.9028752446174622,pdb_00006woz_E_F
10060,3,train,0.09161770343780518,pdb_00009ouq_H_L
10061,3,train,0.006018651649355888,pdb_00007eo2_E1_E2
10062,3,train,0.4704548418521881,pdb_00009n7q_D_F
10063,3,train,1.4294971227645874,pdb_00009ivj_H_L
10064,3,train,0.009713162668049335,pdb_00007y15_S1_S2
10065,3,train,0.3794856667518616,pdb_00003rhw_I_O
10066,3,train,1.8866831064224243,pdb_00004xzu_E_F
10067,3,train,0.6031365990638733,pdb_00003dvg_B_A
10068,3,train,0.8525452613830566,pdb_00008uzp_A_B
10069,3,train,1.003000259399414,pdb_00007kq7_H_L
10070,3,train,0.034576788544654846,pdb_00008i9l_H1_H2
10071,3,train,0.7722682952880859,pdb_00006ww5_C_D
10072,3,train,0.06676971912384033,pdb_00009kt7_E1_E2
10073,3,train,0.07720939815044403,pdb_00008syp_N1_N2
10074,3,train,0.0064946869388222694,pdb_00009kpf_S1_S2
10075,3,train,0.6160714030265808,pdb_00001ors_B_A
10076,3,train,0.007582272868603468,pdb_00007eb2_N1_N2
10077,3,train,0.6829861998558044,pdb_00004yk4_C_B
10078,3,train,0.007735121063888073,pdb_00008sai_S1_S2
10079,3,train,0.007225959096103907,pdb_00009le0_S1_S2
10080,3,train,0.4674626588821411,pdb_00008xse_M_N
10081,3,train,0.009161853231489658,pdb_00007y12_S1_S2
10082,3,train,0.025794945657253265,pdb_00009jfy_S1_S2
10083,3,train,0.04961689934134483,pdb_00003t3m_E_F
10084,3,train,0.011706952005624771,pdb_00009l79_S1_S2
10085,3,train,0.017052296549081802,pdb_00006os9_D1_D2
10086,3,train,0.021741118282079697,pdb_00008xor_E1_E2
10087,3,train,0.04342453181743622,pdb_00002ht2_C_D
10088,3,train,0.9542146325111389,pdb_00009n5z_A_B
10089,3,train,0.6826261281967163,pdb_00006vja_H_L
10090,3,train,0.030169079080224037,pdb_00008g05_E1_E2
10091,3,train,0.06424790620803833,pdb_00006adb_C_D
10092,3,train,0.0389384850859642,pdb_00009v2n_S1_S2
10093,3,train,0.03796475753188133,pdb_00007srr_E1_E2
10094,3,train,0.8155233263969421,pdb_00008ee8_H_L
10095,3,train,0.8202323913574219,pdb_00001kb5_H_L
10096,3,train,0.2824391722679138,pdb_00006b9z_B_A
10097,3,train,0.0181365255266428,pdb_00008xjo_E1_E2
10098,3,train,0.01009295228868723,pdb_00007f4h_S1_S2
10099,3,train,0.1283135712146759,pdb_00008ihf_S1_S2
10100,3,train,0.016789637506008148,pdb_00008iys_E1_E2
10101,3,train,0.08982160687446594,pdb_00008ubj_N2_N1
10102,3,train,0.019168538972735405,pdb_00007y1f_E1_E2
10103,3,train,0.9524274468421936,pdb_00006wm9_B_C
10104,3,train,0.6576646566390991,pdb_00008ee8_D_C
10105,3,train,0.02673042006790638,pdb_00009vje_E1_E2
10106,3,train,1.0235650539398193,pdb_00003klh_D_C
10107,3,train,0.04739650338888168,pdb_00008ijd_S1_S2
10108,3,train,0.016661642119288445,pdb_00007vl8_S1_S2
10109,3,train,0.05889814347028732,pdb_00008uh3_E1_E2
10110,3,train,0.9731914401054382,pdb_00009mkn_Q_R
10111,3,train,0.6265448331832886,pdb_00006n5e_H_I
10112,3,train,1.0531251430511475,pdb_00008tbq_A_B
10113,3,train,1.2584302425384521,pdb_00009kvk_A_B
10114,3,train,0.8576556444168091,pdb_00009mif_H_L
10115,3,train,1.0828535556793213,pdb_00005mo9_H_L
10116,3,train,0.04299080744385719,pdb_00009m55_S1_S2
10117,3,train,0.01711452007293701,pdb_00009axf_H1_H2
10118,3,train,1.0657678842544556,pdb_00005gs0_F_E
10119,3,train,0.0377531573176384,pdb_00009xhi_D1_D2
10120,3,train,0.026803994551301003,pdb_00008efo_E1_E2
10121,3,train,0.6859413981437683,pdb_00008tx3_E_J
10122,3,train,0.9096449613571167,pdb_00009npg_K_J
10123,3,train,1.1488101482391357,pdb_00008e8y_H_L
10124,3,train,0.26184403896331787,pdb_00004tnw_V_Z
10125,3,train,0.0458858348429203,pdb_00008ubl_N2_N1
10126,3,train,0.6989305019378662,pdb_00009f91_A_B
10127,3,train,0.536124587059021,pdb_00007srs_H_L
10128,3,train,0.66378253698349,pdb_00009mqa_I_M
10129,3,train,0.024350853636860847,pdb_00008wwh_E1_E2
10130,3,train,1.205069899559021,pdb_00008tea_H_G
10131,3,train,1.0010837316513062,pdb_00009riq_H_L
10132,3,train,0.060781169682741165,pdb_00009zq9_I2_I1
10133,3,train,0.7781213521957397,pdb_00007pry_H_L
10134,3,train,0.013400668278336525,pdb_00009pxv_E1_E2
10135,3,train,1.0092864036560059,pdb_00008dcm_A_B
10136,3,train,0.8922292590141296,pdb_00007x3c_F_E
10137,3,train,0.9216599464416504,pdb_00003o2d_H_L
10138,3,train,0.7378361225128174,pdb_00008yub_D_E
10139,3,train,0.25814610719680786,pdb_00006vmk_E_D
10140,3,train,0.4861315190792084,pdb_00007klh_H_L
10141,3,train,0.6541591882705688,pdb_00007d6i_B_C
10142,3,train,0.03539469465613365,pdb_00009xhh_D1_D2
10143,3,train,1.157615065574646,pdb_00007n4j_H_L
10144,3,train,0.714968204498291,pdb_00007wur_G_H
10145,3,train,0.015816878527402878,pdb_00007db6_E1_E2
10146,3,train,0.019988935440778732,pdb_00009cgk_E1_E2
10147,3,train,0.030786000192165375,pdb_00007w6p_H1_H2
10148,3,train,0.9694089889526367,pdb_00002w9e_H_L
10149,3,train,0.02999342791736126,pdb_00006xbm_S1_S2
10150,3,train,0.019062109291553497,pdb_00009u4y_S1_S2
10151,3,train,0.09614978730678558,pdb_00003nif_E_F
10152,3,train,0.5104334354400635,pdb_00003v4v_H_L
10153,3,train,0.4958275556564331,pdb_00004tsc_H_L
10154,3,train,0.016676075756549835,pdb_00008jlj_S1_S2
10155,3,train,1.1336474418640137,pdb_00008ywe_C2_C1
10156,3,train,1.0091816186904907,pdb_00008cz5_H_L
10157,3,train,0.7756600379943848,pdb_00001orq_B_A
10158,3,train,0.505324125289917,pdb_00003dvn_B_A
10159,3,train,0.8736476302146912,pdb_00006mlm_K_L
10160,3,train,0.6711390018463135,pdb_00006cyf_F_E
10161,3,train,0.023136697709560394,pdb_00008iz4_E1_E2
10162,3,train,0.6389888525009155,pdb_00004hg4_T_U
10163,3,train,0.037167396396398544,pdb_00002exw_C_D
10164,3,train,0.4154894948005676,pdb_00008j8r_D_E
10165,3,train,1.354779839515686,pdb_00008z6t_B_C
10166,3,train,0.020807912573218346,pdb_00001ots_E_F
10167,3,train,0.011657368391752243,pdb_00009bqj_E1_E2
10168,3,train,0.5503891706466675,pdb_00006vvu_E_F
10169,3,train,0.8347830176353455,pdb_00004d9r_H_L
10170,3,train,0.8897588849067688,pdb_00004al8_H_L
10171,3,train,0.6791733503341675,pdb_00009b82_R_Q
10172,3,train,0.7588924169540405,pdb_00009os5_H_K
10173,3,train,0.8101365566253662,pdb_00007pa7_nnn2_nnn1
10174,3,train,0.44915252923965454,pdb_00009n7q_H_L
10175,3,train,0.23097005486488342,pdb_00005u5f_B_A
10176,3,train,0.9013960361480713,pdb_00008gpu_F_G
10177,3,train,0.746668815612793,pdb_00001fsk_L_K
10178,3,train,0.5925676226615906,pdb_00004dkf_I_M
10179,3,train,0.7163628339767456,pdb_00008vgp_H_L
10180,3,train,0.014618368819355965,pdb_00009k3l_S1_S2
10181,3,train,0.5000371336936951,pdb_00004ttd_C_D
10182,3,train,0.23872192203998566,pdb_00008vgh_J_I
10183,3,train,0.7690661549568176,pdb_00008siq_H_L
10184,3,train,0.3737710118293762,pdb_00007dfa_H_L
10185,3,train,0.338622510433197,pdb_00007wnb_H_L
10186,3,train,0.3616648316383362,pdb_00008i0n_H_L
10187,3,train,0.025805041193962097,pdb_00007p00_H1_H2
10188,3,train,1.4617681503295898,pdb_00007ey5_B_C
10189,3,train,0.034048307687044144,pdb_00008hbd_H1_H2
10190,3,train,0.01913072168827057,pdb_00002fed_E_F
10191,3,train,0.5586646795272827,pdb_00005aaw_D1_D2
10192,3,train,0.48127415776252747,pdb_00007kf0_H_L
10193,3,train,0.8256261944770813,pdb_00009mtj_H_L
10194,3,train,0.4956343173980713,pdb_00007k9z_H_L
10195,3,train,0.6486992239952087,pdb_00009me7_I_M
10196,3,train,0.013470190577208996,pdb_00007xa3_E1_E2
10197,3,train,0.5189201831817627,pdb_00008jel_C_D
10198,3,train,0.00809540506452322,pdb_00009jr2_S1_S2
10199,3,train,0.012499532662332058,pdb_00008vvf_E1_E2
10200,3,train,0.08528981357812881,pdb_00003f7v_A_B
10201,3,train,0.7778524160385132,pdb_00008jqm_M_N
10202,3,train,0.8172944784164429,pdb_00007mmo_A_B
10203,3,train,0.8632250428199768,pdb_00007t3d_H_L
10204,3,train,0.48794373869895935,pdb_00009k6j_A_B
10205,3,train,0.4564868211746216,pdb_00008f2j_A_B
10206,3,train,0.8240875601768494,pdb_00007fcp_B_D
10207,3,train,0.7550262808799744,pdb_00002bdn_H_L
10208,3,train,0.4380854368209839,pdb_00007kfw_F_G
10209,3,train,0.017575982958078384,pdb_00002htl_C_D
10210,3,train,0.8126437067985535,pdb_00008z6x_B_C
10211,3,train,1.0664458274841309,pdb_00008vk1_C_B
10212,3,train,0.6085445284843445,pdb_00007wrv_U_V
10213,3,train,1.3546806573867798,pdb_00006xm2_D_C
10214,3,train,0.6792290210723877,pdb_00009ue0_A_B
10215,3,train,0.008276441134512424,pdb_00008dwc_E1_E2
10216,3,train,0.49608105421066284,pdb_00009clp_H_L
10217,3,train,0.7703576683998108,pdb_00006ywc_A_B
10218,3,train,0.4697536826133728,pdb_00001g7m_B_A
10219,3,train,1.0343823432922363,pdb_00008w86_E_F
10220,3,train,0.6659367084503174,pdb_00008y3h_G_H
10221,3,train,0.6137140989303589,pdb_00004n90_F_G
10222,3,train,0.5610336065292358,pdb_00007rks_H_L
10223,3,train,0.46780601143836975,pdb_00007eam_C_D
10224,3,train,0.012883273884654045,pdb_00007sr8_E1_E2
10225,3,train,0.013325783424079418,pdb_00008vvg_E1_E2
10226,3,train,0.011300727725028992,pdb_00008jxt_E1_E2
10227,3,train,0.503159761428833,pdb_00006j6y_E_F
10228,3,train,0.7258976101875305,pdb_00007pa7_ddd2_ddd1
10229,3,train,1.3500217199325562,pdb_00009leo_A_B
10230,3,train,0.20919053256511688,pdb_00006vmk_V_U
10231,3,train,0.8211888074874878,pdb_00002ybr_D_E
10232,3,train,0.4459831714630127,pdb_00007qnx_H_L
10233,3,train,0.45699962973594666,pdb_00005yoy_P_M
10234,3,train,0.42844900488853455,pdb_00007lop_B_C
10235,3,train,0.34915032982826233,pdb_00008as0_N_M
10236,3,train,0.9233583211898804,pdb_00007uvi_D_E
10237,3,train,0.2643386721611023,pdb_00008wnp_D_C
10238,3,train,0.9226526618003845,pdb_00004khx_H_L
10239,3,train,0.8247866034507751,pdb_00001nsn_H_L
10240,3,train,0.02615588903427124,pdb_00008yn2_E1_E2
10241,3,train,0.019521480426192284,pdb_00004z7o_E_F
10242,3,train,0.7944898009300232,pdb_00009b2m_H_L
10243,3,train,1.2241443395614624,pdb_00004kuc_F_E
10244,3,train,0.027258286252617836,pdb_00002htk_E_F
10245,3,train,0.39999645948410034,pdb_00005ggv_H_L
10246,3,train,0.589178740978241,pdb_00005dhy_A_B
10247,3,train,0.5182570219039917,pdb_00001mlc_B_A
10248,3,train,0.015445489436388016,pdb_00007f4f_S1_S2
10249,3,train,0.8780816793441772,pdb_00008zyf_H_D
10250,3,train,0.7697961330413818,pdb_00002fjh_B_A
10251,3,train,0.7383106350898743,pdb_00007lq7_H_L
10252,3,train,0.682745635509491,pdb_00008sdh_H_L
10253,3,train,0.014438186772167683,pdb_00009uan_E1_E2
10254,3,train,0.020834844559431076,pdb_00009kug_H1_H2
10255,3,train,0.01402970589697361,pdb_00007ew1_E1_E2
10256,3,train,1.1355856657028198,pdb_00009kyz_A_B
10257,3,train,0.6172145009040833,pdb_00002dd8_H_L
10258,3,train,0.7992854118347168,pdb_00007mem_I_K
10259,3,train,0.9581032395362854,pdb_00009mtm_I_J
10260,3,train,0.7434950470924377,pdb_00008g5a_I_M
10261,3,train,1.4417946338653564,pdb_00001g9n_H_L
10262,3,train,1.1767609119415283,pdb_00005hbv_D_C
10263,3,train,0.07847663760185242,pdb_00008sid_K_L
10264,3,train,0.023362072184681892,pdb_00008xgo_D1_D2
10265,3,train,0.06639032810926437,pdb_00008ubj_M2_M1
10266,3,train,1.1720846891403198,pdb_00004ubd_O_P
10267,3,train,0.3945102393627167,pdb_00008wo4_B_A
10268,3,train,0.6125023365020752,pdb_00008go8_H_L
10269,3,train,0.7632158994674683,pdb_00009axl_H_L
10270,3,train,0.02214912883937359,pdb_00008iyw_H1_H2
10271,3,train,0.19740518927574158,pdb_00006vmk_u_t
10272,3,train,0.023000366985797882,pdb_00007udg_E_F
10273,3,train,0.7155976295471191,pdb_00007yrf_F_E
10274,3,train,0.6998095512390137,pdb_00009ue8_I_J
10275,3,train,0.017644010484218597,pdb_00009yda_H1_H2
10276,3,train,0.5941585898399353,pdb_00004qci_B_A
10277,3,train,0.31558874249458313,pdb_00006xe1_H_L
10278,3,train,0.6022734045982361,pdb_00004hg4_X_Y
10279,3,train,0.061189018189907074,pdb_00002dqi_H_L
10280,3,train,0.506666362285614,pdb_00007lop_H_L
10281,3,train,0.6292400360107422,pdb_00008vgm_H_L
10282,3,train,0.4986536204814911,pdb_00008i5l_D1_D2
10283,3,train,0.9361650347709656,pdb_00001bvk_B_A
10284,3,train,0.05679740384221077,pdb_00008iru_E1_E2
10285,3,train,0.4450865685939789,pdb_00006ktr_A_B
10286,3,train,0.546235978603363,pdb_00007zmk_M_N
10287,3,train,0.056415606290102005,pdb_00007u0i_N1_N2
10288,3,train,1.1346781253814697,pdb_00004lvh_E_F
10289,3,train,0.011578507721424103,pdb_00008yn8_E1_E2
10290,3,train,0.5531875491142273,pdb_00009udq_I_C
10291,3,train,0.6125678420066833,pdb_00002jix_F_A
10292,3,train,0.6934418678283691,pdb_00009qub_F_E
10293,3,train,0.7135931849479675,pdb_00007m7w_C_D
10294,3,train,0.029975730925798416,pdb_00007y64_S1_S2
10295,3,train,0.5522280931472778,pdb_00008tui_H_L
10296,3,train,0.1863337606191635,pdb_00001uac_H_L
10297,3,train,0.7847744822502136,pdb_00009vhz_A_B
10298,3,train,0.10024291276931763,pdb_00008hqn_H1_H2
10299,3,train,0.6387194395065308,pdb_00004hj0_P_Q
10300,3,train,0.7045170068740845,pdb_00005xmh_D_C
10301,3,train,0.016497261822223663,pdb_00007tho_E_F
10302,3,train,0.15477576851844788,pdb_00008w8b_E1_E2
10303,3,train,1.1479085683822632,pdb_00007xj9_K_J
10304,3,train,0.5140889883041382,pdb_00008ulf_H_L
10305,3,train,0.4942384362220764,pdb_00008vgl_H_L
10306,3,train,0.516611635684967,pdb_00008jkf_H_L
10307,3,train,0.6042263507843018,pdb_00007vyt_B_C
10308,3,train,0.033136382699012756,pdb_00007cvt_E_F
10309,3,train,0.016855420544743538,pdb_00008guq_S1_S2
10310,3,train,0.39350736141204834,pdb_00008qh0_H_L
10311,3,train,0.05798402056097984,pdb_00007xat_E1_E2
10312,3,train,0.8359971642494202,pdb_00007zfb_C_D
10313,3,train,0.5107797980308533,pdb_00007y7m_F_G
10314,3,train,0.5973921418190002,pdb_00001fsk_C_B
10315,3,train,0.02555892989039421,pdb_00009ejc_D1_D2
10316,3,train,0.4744182527065277,pdb_00005x8l_H_M
10317,3,train,0.6373212337493896,pdb_00008we4_H_L
10318,3,train,0.7030957937240601,pdb_00001p2c_B_A
10319,3,train,0.8755705952644348,pdb_00007tbf_H_L
10320,3,train,0.5325604677200317,pdb_00009hh9_I_H
10321,3,train,1.1449005603790283,pdb_00007t7b_H_L
10322,3,train,0.5776553153991699,pdb_00006pe9_E_F
10323,3,train,1.0913163423538208,pdb_00007n0a_B_A
10324,3,train,1.0424591302871704,pdb_00006wqo_E_F
10325,3,train,0.5726184844970703,pdb_00007ws2_E_D
10326,3,train,1.4870582818984985,pdb_00006cvk_B2_B1
10327,3,train,0.3379381597042084,pdb_00008jkf_m_n
10328,3,train,0.9565631747245789,pdb_00006oc3_A_B
10329,3,train,0.626172661781311,pdb_00007y6k_E1_E2
10330,3,train,0.43770286440849304,pdb_00005aam_B1_B2
10331,3,train,0.7402561902999878,pdb_00009os5_G_J
10332,3,train,0.5470783710479736,pdb_00007bnv_H_L
10333,3,train,1.2853823900222778,pdb_00003lqa_H_L
10334,3,train,1.2472401857376099,pdb_00007lg6_C_D
10335,3,train,0.07639093697071075,pdb_00006x3u_J_I
10336,3,train,0.021225905045866966,pdb_00007jvr_E1_E2
10337,3,train,0.5513547658920288,pdb_00009iz9_O_P
10338,3,train,0.8641462922096252,pdb_00008xcd_H_L
10339,3,train,0.015466205775737762,pdb_00007rg9_E1_E2
10340,3,train,0.0160538163036108,pdb_00008xjk_E1_E2
10341,3,train,0.9523316025733948,pdb_00001qfu_H_L
10342,3,train,0.41740891337394714,pdb_00008i0n_I_M
10343,3,train,0.02426769770681858,pdb_00009b54_S1_S2
10344,3,train,0.6466955542564392,pdb_00006hxw_H_L
10345,3,train,0.13665825128555298,pdb_00009ov4_H_L
10346,3,train,0.36244848370552063,pdb_00009hhr_D_G
10347,3,train,0.00883557740598917,pdb_00008uuj_D1_D2
10348,3,train,0.9740915894508362,pdb_00009oi3_M_N
10349,3,train,1.0408161878585815,pdb_00003lh2_J_N
10350,3,train,0.225760355591774,pdb_00009zqc_J2_J1
10351,3,train,0.5628207325935364,pdb_00007wsi_H_L
10352,3,train,0.02338607981801033,pdb_00008xgs_D1_D2
10353,3,train,0.43071791529655457,pdb_00007ek0_H_L
10354,3,train,0.01106729730963707,pdb_00008hcq_E1_E2
10355,3,train,0.8608322143554688,pdb_00003wkm_H_L
10356,3,train,0.9437615275382996,pdb_00003rif_F_N
10357,3,train,1.0014798641204834,pdb_00007uxl_A_B
10358,3,train,0.011549408547580242,pdb_00009uk2_E1_E2
10359,3,train,0.6298089623451233,pdb_00006xkr_H_L
10360,3,train,0.0286543145775795,pdb_00008i97_H1_H2
10361,3,train,0.684197187423706,pdb_00009q71_I_J
10362,3,train,0.009966641664505005,pdb_00007ew4_S1_S2
10363,3,train,1.0845946073532104,pdb_00007ykj_A_D
10364,3,train,0.0210084468126297,pdb_00008ia8_S1_S2
10365,3,train,0.9167695641517639,pdb_00004xrc_B_A
10366,3,train,0.9800800085067749,pdb_00009oar_B_D
10367,3,train,0.09008888155221939,pdb_00006k5f_E_F
10368,3,train,0.6602276563644409,pdb_00003vrl_E_F
10369,3,train,0.5898993015289307,pdb_00006vvu_G_I
10370,3,train,0.7559107542037964,pdb_00006uig_B_C
10371,3,train,0.01198546588420868,pdb_00007vug_S1_S2
10372,3,train,0.9732683300971985,pdb_00009h4r_H_L
10373,3,train,0.16424161195755005,pdb_00009ge2_F1_F2
10374,3,train,0.008627637289464474,pdb_00008jef_S1_S2
10375,3,train,0.018711360171437263,pdb_00006pt0_E1_E2
10376,3,train,0.02569180727005005,pdb_00007ydj_E1_E2
10377,3,train,1.5348756313323975,pdb_00006ddv_B_A
10378,3,train,0.026094134896993637,pdb_00008id6_S1_S2
10379,3,train,0.8434431552886963,pdb_00009mla_I_L
10380,3,train,0.5824223160743713,pdb_00009cq4_C_D
10381,3,train,1.1603705883026123,pdb_00006ml8_H_L
10382,3,train,0.785405158996582,pdb_00007x2i_H_L
10383,3,train,0.022458285093307495,pdb_00008jz7_S1_S2
10384,3,train,0.42777949571609497,pdb_00007pry_F_G
10385,3,train,0.6696786880493164,pdb_00001fbi_Q_P
10386,3,train,0.026658780872821808,pdb_00002vdq_H_L
10387,3,train,0.5636828541755676,pdb_00009l6c_A_B
10388,3,train,0.4743499457836151,pdb_00001dzb_A1_A2
10389,3,train,1.1963739395141602,pdb_00007y6l_H_L
10390,3,train,0.07386144250631332,pdb_00006x40_J_I
10391,3,train,0.25129440426826477,pdb_00006vmk_r_q
10392,3,train,0.2551850974559784,pdb_00006vmk_H_G
10393,3,train,1.065656065940857,pdb_00007wcr_a_b
10394,3,train,0.6170227527618408,pdb_00006wzm_C_D
10395,3,train,0.024376172572374344,pdb_00002vc2_H_L
10396,3,train,0.8727125525474548,pdb_00008dwy_H_L
10397,3,train,1.455233097076416,pdb_00009rih_H_L
10398,3,train,0.29420197010040283,pdb_00008vgh_F_E
10399,3,train,1.4234669208526611,pdb_00009wai_E_F
10400,3,train,0.6310064196586609,pdb_00007fci_H_L
10401,3,train,0.7694212198257446,pdb_00008zd5_B_C
10402,3,train,1.4321868419647217,pdb_00009vnp_C_A
10403,3,train,0.13470058143138885,pdb_00002itd_A_B
10404,3,train,0.40491876006126404,pdb_00009cpv_C_D
10405,3,train,0.5585337281227112,pdb_00008jqs_H_L
10406,3,train,0.373696506023407,pdb_00006txz_I_M
10407,3,train,0.03800404444336891,pdb_00009ast_E1_E2
10408,3,train,0.01106331031769514,pdb_00008k4s_D1_D2
10409,3,train,1.1219874620437622,pdb_00008bbo_H_L
10410,3,train,1.16187584400177,pdb_00008tfn_H_L
10411,3,train,0.04615238681435585,pdb_00008gur_S1_S2
10412,3,train,0.40595993399620056,pdb_00007kfw_H_L
10413,3,train,1.4262773990631104,pdb_00006cvk_A2_A1
10414,3,train,0.253058522939682,pdb_00009exa_F_E
10415,3,train,0.9962550401687622,pdb_00004ffv_D_C
10416,3,train,1.1398144960403442,pdb_00008tfl_H_L
10417,3,train,0.7980133295059204,pdb_00009mq9_J_N
10418,3,train,0.7999734282493591,pdb_00007mxl_A_B
10419,3,train,0.027439123019576073,pdb_00008sg1_E1_E2
10420,3,train,0.697605311870575,pdb_00008gv6_I_J
10421,3,train,0.2626931071281433,pdb_00008vgh_H_G
10422,3,train,0.7476527690887451,pdb_00009n4e_Q_P
10423,3,train,0.47335201501846313,pdb_00005bo1_H_L
10424,3,train,0.015476617962121964,pdb_00008j6j_H1_H2
10425,3,train,0.4159798324108124,pdb_00008bcz_E_F
10426,3,train,0.9233918190002441,pdb_00007lg6_J_M
10427,3,train,0.49655526876449585,pdb_00001xiw_D_C
10428,3,train,0.6263044476509094,pdb_00005x8l_S_N
10429,3,train,0.09920017421245575,pdb_00008ihi_S1_S2
10430,3,train,1.0839582681655884,pdb_00009mtl_I_J
10431,3,train,0.7929481267929077,pdb_00006oc3_C_D
10432,3,train,0.7588320970535278,pdb_00007ucq_I1_I2
10433,3,train,0.04815938323736191,pdb_00008ihj_S1_S2
10434,3,train,0.17423561215400696,pdb_00006k5d_C_D
10435,3,train,0.45003223419189453,pdb_00008jel_I_K
10436,3,train,0.6225141286849976,pdb_00009lsi_C1_D2
10437,3,train,0.8057573437690735,pdb_00008zdw_L_J
10438,3,train,0.9386889338493347,pdb_00006suz_H_L
10439,3,train,0.4014643728733063,pdb_00001vfb_B_A
10440,3,train,0.05050748586654663,pdb_00009jid_S1_S2
10441,3,train,0.6610107421875,pdb_00009irs_S_T
10442,3,train,0.01941836066544056,pdb_00007w3z_H1_H2
10443,3,train,0.44235631823539734,pdb_00008bg4_C1_C2
10444,3,train,0.1612926572561264,pdb_00006x3t_K_L
10445,3,train,0.7384275794029236,pdb_00009ue8_Q_R
10446,3,train,0.22533831000328064,pdb_00008elp_H_L
10447,3,train,0.8329766392707825,pdb_00009bdh_H_L
10448,3,train,0.6471990346908569,pdb_00006vgr_H_L
10449,3,train,0.2064737230539322,pdb_00003ejz_E_F
10450,3,train,0.9181305766105652,pdb_00009mtf_I_J
10451,3,train,0.967725396156311,pdb_00008z39_H_L
10452,3,train,0.06022423133254051,pdb_00003ejz_C_D
10453,3,train,0.6365101337432861,pdb_00004okv_C_D
10454,3,train,0.5355491042137146,pdb_00007tzh_A1_A2
10455,3,train,0.8150395154953003,pdb_00008dce_H1_H2
10456,3,train,0.6769760251045227,pdb_00006ii9_M_N
10457,3,train,0.6790117025375366,pdb_00001bvk_E_D
10458,3,train,0.5176984071731567,pdb_00006rp8_H_L
10459,3,train,1.0733237266540527,pdb_00007rr0_B_C
10460,3,train,0.010058240965008736,pdb_00003zdz_E_F
10461,3,train,0.58883136510849,pdb_00007dk2_J_K
10462,3,train,0.522538959980011,pdb_00003dvn_H_L
10463,3,train,0.057303834706544876,pdb_00008yn9_E1_E2
10464,3,train,0.0508851483464241,pdb_00008wwk_E1_E2
10465,3,train,0.02009311504662037,pdb_00007ufh_E_F
10466,3,train,1.520760416984558,pdb_00004kuc_H_D
10467,3,train,0.6456953883171082,pdb_00006cyf_U_T
10468,3,train,0.019412782043218613,pdb_00008z9p_S1_S2
10469,3,train,0.8353942632675171,pdb_00009b2m_E_F
10470,3,train,0.013194135390222073,pdb_00008gag_S1_S2
10471,3,train,0.8056029677391052,pdb_00004ffw_D_C
10472,3,train,0.42964065074920654,pdb_00009hh9_G_F
10473,3,train,0.6367830038070679,pdb_00009b82_P_O
10474,3,train,0.8389602303504944,pdb_00008ol9_B_A
10475,3,train,0.04794267192482948,pdb_00008z3m_S1_S2
10476,3,train,0.07392505556344986,pdb_00007k5y_M2_M1
10477,3,train,0.7716648578643799,pdb_00009cct_C_B
10478,3,train,1.1728157997131348,pdb_00006ba5_D_C
10479,3,train,0.025496015325188637,pdb_00007cvs_E_F
10480,3,train,0.8376496434211731,pdb_00006woz_B_C
10481,3,train,0.016583258286118507,pdb_00009p0k_F1_F2
10482,3,train,1.4404951333999634,pdb_00009xsx_B_C
10483,3,train,0.597592830657959,pdb_00007ucq_J1_J2
10484,3,train,0.9255627393722534,pdb_00009azv_H_L
10485,3,train,0.31203413009643555,pdb_00008vgk_J_I
10486,3,train,0.1571349799633026,pdb_00006vmk_f_e
10487,3,train,0.04158952087163925,pdb_00009vmp_S1_S2
10488,3,train,0.6716760993003845,pdb_00007n0u_H_L
10489,3,train,0.2685467302799225,pdb_00008w2e_F_E
10490,3,train,1.0850341320037842,pdb_00007tp3_H_L
10491,3,train,0.6530082821846008,pdb_00009oj4_B_A
10492,3,train,0.47256091237068176,pdb_00009wb4_B_C
10493,3,train,0.940333902835846,pdb_00007zwi_B_C
10494,3,train,0.016162462532520294,pdb_00007exd_E1_E2
10495,3,train,0.008205008693039417,pdb_00009vmg_S1_S2
10496,3,train,1.0357905626296997,pdb_00008eed_H_L
10497,3,train,0.5046519637107849,pdb_00004zff_H_L
10498,3,train,0.43293890357017517,pdb_00009irs_H_L
10499,3,train,0.19148853421211243,pdb_00003rhw_J_M
10500,3,train,0.022467315196990967,pdb_00007dw9_S1_S2
10501,3,train,0.7026228904724121,pdb_00005kov_U1_U2
10502,3,train,0.7095537781715393,pdb_00008bg5_C1_C2
10503,3,train,0.6971117854118347,pdb_00009ci8_D_C
10504,3,train,0.6938920021057129,pdb_00007ubs_H1_H2
10505,3,train,0.34040185809135437,pdb_00007kfy_H_L
10506,3,train,0.7940110564231873,pdb_00007rk1_C1_C2
10507,3,train,0.6125542521476746,pdb_00009rio_H_L
10508,3,train,0.4264620244503021,pdb_00007yck_C_D
10509,3,train,0.026199018582701683,pdb_00008z8b_S1_S2
10510,3,train,0.09443982690572739,pdb_00006adc_C_D
10511,3,train,0.8933020830154419,pdb_00009eti_H_L
10512,3,train,0.0289615448564291,pdb_00002htk_C_D
10513,3,train,0.6809011101722717,pdb_00009jeb_C1_C2
10514,3,train,0.08899581432342529,pdb_00008dk5_K1_K2
10515,3,train,0.02719178795814514,pdb_00007ukp_E_F
10516,3,train,0.07152886688709259,pdb_00004lcu_A_B
10517,3,train,0.801109254360199,pdb_00007jx3_C_D
10518,3,train,0.2160155475139618,pdb_00008vgi_J_I
10519,3,train,0.8706784844398499,pdb_00006a4k_J_N
10520,3,train,0.8752825260162354,pdb_00009cq7_H_I
10521,3,train,0.01271682046353817,pdb_00009ldv_S1_S2
10522,3,train,1.46195387840271,pdb_00005tfw_H_L
10523,3,train,0.8170050978660583,pdb_00007kyo_H_L
10524,3,train,0.504696249961853,pdb_00008caf_D_C
10525,3,train,1.026193380355835,pdb_00008ygs_H_L
10526,3,train,0.728347659111023,pdb_00008kdt_H_L
10527,3,train,1.1020984649658203,pdb_00008dwo_S_T
10528,3,train,0.013479186221957207,pdb_00009ego_S1_S2
10529,3,train,0.009159468114376068,pdb_00007vfx_S1_S2
10530,3,train,0.9512447118759155,pdb_00008w5m_H_L
10531,3,train,0.0098110968247056,pdb_00007w56_E1_E2
10532,3,train,0.8054877519607544,pdb_00009n8j_B_C
10533,3,train,0.08425337821245193,pdb_00002bob_A_B
10534,3,train,0.8711135387420654,pdb_00009ds1_H_L
10535,3,train,0.032787974923849106,pdb_00003nig_H_L
10536,3,train,1.1725823879241943,pdb_00009e3h_H_L
10537,3,train,0.8666151762008667,pdb_00009oar_H_L
10538,3,train,1.18937349319458,pdb_00008eeu_H_L
10539,3,train,0.9363922476768494,pdb_00009m7v_H_L
10540,3,train,0.928737461566925,pdb_00007dm1_F_E
10541,3,train,0.4076940417289734,pdb_00005aam_A1_A2
10542,3,train,0.5142856240272522,pdb_00008ulf_K_O
10543,3,train,0.6766692399978638,pdb_00009ban_E_F
10544,3,train,0.00916976947337389,pdb_00006lfo_S1_S2
10544,3,train_epoch,0.5307570913174487,
10544,3,validation,0.910679263373216,
10545,4,train,0.017584381625056267,pdb_00007vie_E1_E2
10546,4,train,0.3529362678527832,pdb_00001xiw_H_G
10547,4,train,1.0091872215270996,pdb_00006wn1_B_C
10548,4,train,0.04037324711680412,pdb_00006x3s_K_L
10549,4,train,1.0623950958251953,pdb_00006d0u_C_D
10550,4,train,0.5516523718833923,pdb_00008zh7_E_F
10551,4,train,0.018478762358427048,pdb_00008zh8_S1_S2
10552,4,train,0.007854263298213482,pdb_00009jlc_S1_S2
10553,4,train,0.01655513420701027,pdb_00002h2p_C_D
10554,4,train,0.025130905210971832,pdb_00009j8z_S1_S2
10555,4,train,0.2945011854171753,pdb_00006b3s_H_L
10556,4,train,0.8646402359008789,pdb_00009od3_H_L
10557,4,train,0.3267148435115814,pdb_00009hh9_I_H
10558,4,train,0.04503706097602844,pdb_00006ad7_C_D
10559,4,train,0.7516403198242188,pdb_00009azv_H_L
10560,4,train,1.075287103652954,pdb_00009l8z_C_B
10561,4,train,1.0378080606460571,pdb_00008tea_F_I
10562,4,train,0.4229007363319397,pdb_00007zfe_J_K
10563,4,train,0.06612732261419296,pdb_00006ada_C_D
10564,4,train,0.6113432049751282,pdb_00007n0u_H_L
10565,4,train,0.8894391655921936,pdb_00007bsd_H_L
10566,4,train,0.5026099681854248,pdb_00006cw3_C_D
10567,4,train,0.45850977301597595,pdb_00005cbe_C_D
10568,4,train,0.9432258605957031,pdb_00009sat_H_L
10569,4,train,0.04422036185860634,pdb_00002hjf_A_B
10570,4,train,0.926646888256073,pdb_00006wtv_K_L
10571,4,train,0.5139787197113037,pdb_00006a3w_A_B
10572,4,train,0.015350819565355778,pdb_00008gcm_E1_E2
10573,4,train,0.9526751041412354,pdb_00009kve_A_B
10574,4,train,0.6222478747367859,pdb_00009ue8_E_F
10575,4,train,1.2740625143051147,pdb_00008v2e_D_E
10576,4,train,0.6289599537849426,pdb_00007tbf_D_E
10577,4,train,0.5541191697120667,pdb_00008hpf_M_N
10578,4,train,0.011608445085585117,pdb_00007cmu_E1_E2
10579,4,train,0.025965960696339607,pdb_00003iga_A_B
10580,4,train,0.47108766436576843,pdb_00007k9z_H_L
10581,4,train,0.03042599931359291,pdb_00002atk_A_B
10582,4,train,0.022791605442762375,pdb_00007p00_H1_H2
10583,4,train,0.4134775698184967,pdb_00008smt_I_J
10584,4,train,0.6205459237098694,pdb_00009lbs_H_L
10585,4,train,1.2173359394073486,pdb_00009e3l_G_H
10586,4,train,0.021560022607445717,pdb_00007y89_S1_S2
10587,4,train,1.2431247234344482,pdb_00009xth_B_C
10588,4,train,0.3447684943675995,pdb_00007yck_E_F
10589,4,train,0.009719105437397957,pdb_00007w56_E1_E2
10590,4,train,0.7832419872283936,pdb_00009js7_J_M
10591,4,train,0.8864871859550476,pdb_00008dis_H_L
10592,4,train,0.3289933204650879,pdb_00006b3s_J_K
10593,4,train,0.5115593075752258,pdb_00009iw2_H_L
10594,4,train,0.008051428943872452,pdb_00009iv1_S1_S2
10595,4,train,0.654244601726532,pdb_00008z6x_B_C
10596,4,train,0.019323932006955147,pdb_00007ew0_E1_E2
10597,4,train,0.8240806460380554,pdb_00007k9i_H_L
10598,4,train,1.2022169828414917,pdb_00001g9n_H_L
10599,4,train,0.3075309693813324,pdb_00006xe1_H_L
10600,4,train,0.5964498519897461,pdb_00009hub_I_M
10601,4,train,0.49017903208732605,pdb_00006pe9_C_D
10602,4,train,0.06280192732810974,pdb_00007k60_N2_N1
10603,4,train,1.1437145471572876,pdb_00009mth_H_L
10604,4,train,1.0203629732131958,pdb_00004u6h_A_B
10605,4,train,0.5091851949691772,pdb_00008dww_X_W
10606,4,train,1.1409562826156616,pdb_00009wai_E_F
10607,4,train,0.7086113095283508,pdb_00001bql_H_L
10608,4,train,0.6662759184837341,pdb_00006ii9_M_N
10609,4,train,1.2072672843933105,pdb_00001iqd_B_A
10610,4,train,0.037897739559412,pdb_00008ejk_E1_E2
10611,4,train,0.9733523726463318,pdb_00009rii_H_L
10612,4,train,0.0091447364538908,pdb_00007t2h_E1_E2
10613,4,train,1.8665297031402588,pdb_00008edf_H_L
10614,4,train,0.0073192426934838295,pdb_00007t94_E1_E2
10615,4,train,0.5801637768745422,pdb_00007klg_H_L
10616,4,train,0.7113299369812012,pdb_00006wtu_E_F
10617,4,train,0.6804065108299255,pdb_00001fsk_L_K
10618,4,train,0.5970767140388489,pdb_00001tzh_H_L
10619,4,train,0.6088571548461914,pdb_00007zmk_M_N
10620,4,train,0.055387116968631744,pdb_00002fee_J_O
10621,4,train,0.6308512687683105,pdb_00006xq2_F_E
10622,4,train,0.01549829263240099,pdb_00009jr3_S1_S2
10623,4,train,0.973668098449707,pdb_00009yyu_I_M
10624,4,train,0.6118214726448059,pdb_00004yk4_Z_Y
10625,4,train,0.008443852886557579,pdb_00002vc2_H_L
10626,4,train,0.04366150125861168,pdb_00006x3v_J_I
10627,4,train,1.3737279176712036,pdb_00009e89_H_L
10628,4,train,0.08786291629076004,pdb_00002dqd_H_L
10629,4,train,0.028452252969145775,pdb_00007k78_L1_L2
10630,4,train,0.44827109575271606,pdb_00009u5p_B_C
10631,4,train,0.1206565722823143,pdb_00002dqc_H_L
10632,4,train,0.8305029273033142,pdb_00004fp8_I_M
10633,4,train,0.6118366122245789,pdb_00007dk2_D_E
10634,4,train,1.0357191562652588,pdb_00009mtk_I_J
10635,4,train,0.5895905494689941,pdb_00006cyf_D_C
10636,4,train,0.5012665390968323,pdb_00007dk2_A_B
10637,4,train,0.10941120982170105,pdb_00009our_J_K
10638,4,train,0.028096305206418037,pdb_00009jkx_S1_S2
10639,4,train,0.6141851544380188,pdb_00007wh8_B_A
10640,4,train,0.4109649956226349,pdb_00007dk2_J_K
10641,4,train,0.45829564332962036,pdb_00009ue8_U_V
10642,4,train,0.709147572517395,pdb_00006uig_B_C
10643,4,train,1.0265488624572754,pdb_00008d9y_F_E
10644,4,train,0.29892343282699585,pdb_00002qr0_L_K
10645,4,train,0.013766833581030369,pdb_00002r9h_C_D
10646,4,train,0.4056337773799896,pdb_00005ggv_H_L
10647,4,train,0.7388052344322205,pdb_00007uzc_E_F
10648,4,train,0.18484623730182648,pdb_00006vmk_K_J
10649,4,train,0.030493412166833878,pdb_00004z7o_E_F
10650,4,train,0.6262561678886414,pdb_00007m7w_C_D
10651,4,train,0.8067789673805237,pdb_00009oao_H_L
10652,4,train,0.8429715633392334,pdb_00007woc_A_B
10653,4,train,0.033532459288835526,pdb_00009j31_D1_D2
10654,4,train,0.008406653068959713,pdb_00003nig_H_L
10655,4,train,1.1233640909194946,pdb_00009bhh_T_S
10656,4,train,0.6292109489440918,pdb_00003fku_U1_U2
10657,4,train,0.4873269200325012,pdb_00001fsk_F_E
10658,4,train,0.5383230447769165,pdb_00007mzk_C_D
10659,4,train,0.38283485174179077,pdb_00008hws_H_L
10660,4,train,1.2059240341186523,pdb_00007t7b_H_L
10661,4,train,0.5206029415130615,pdb_00005kov_U1_U2
10662,4,train,1.1658790111541748,pdb_00006s3d_A_B
10663,4,train,0.014216097071766853,pdb_00006kpf_S1_S2
10664,4,train,0.010848870500922203,pdb_00008j6p_S1_S2
10665,4,train,0.9488171935081482,pdb_00008zyf_H_D
10666,4,train,0.6810601353645325,pdb_00008jqm_H_L
10667,4,train,0.005528642330318689,pdb_00008k9k_H1_H2
10668,4,train,0.7545037865638733,pdb_00003v6z_C_D
10669,4,train,0.8206565976142883,pdb_00009mtj_H_L
10670,4,train,0.022680731490254402,pdb_00009k3k_S1_S2
10671,4,train,0.03141634166240692,pdb_00007ezh_H1_H2
10672,4,train,0.008679460734128952,pdb_00007ew4_S1_S2
10673,4,train,0.015632597729563713,pdb_00007ej8_H1_H2
10674,4,train,0.03128504380583763,pdb_00008wwi_E1_E2
10675,4,train,0.7011591196060181,pdb_00002vwe_L_J
10676,4,train,0.7805496454238892,pdb_00009cps_H_L
10677,4,train,0.007525378838181496,pdb_00009p0m_F1_F2
10678,4,train,0.9709227681159973,pdb_00002hmi_D_C
10679,4,train,0.013189902529120445,pdb_00008yh0_S1_S2
10680,4,train,0.9590421915054321,pdb_00008sis_H_L
10681,4,train,0.029056569561362267,pdb_00006k5i_E_F
10682,4,train,0.574658215045929,pdb_00007wk0_D_E
10683,4,train,0.07866734266281128,pdb_00007cvt_C_D
10684,4,train,0.6004254221916199,pdb_00007cmk_H_L
10685,4,train,0.012336608953773975,pdb_00009lre_E1_E2
10686,4,train,0.08783125132322311,pdb_00001ic5_H_L
10687,4,train,0.01414386834949255,pdb_00008jlq_S1_S2
10688,4,train,0.4349234700202942,pdb_00008zyt_D_Q
10689,4,train,0.6977629661560059,pdb_00007x6o_C_D
10690,4,train,0.418302446603775,pdb_00009u5q_B_C
10691,4,train,0.5594635605812073,pdb_00009fys_I_M
10692,4,train,0.0654018372297287,pdb_00008sid_K_L
10693,4,train,0.9511755108833313,pdb_00007t01_H_L
10694,4,train,0.4117996096611023,pdb_00009cpp_H_L
10695,4,train,0.2857357859611511,pdb_00006w41_H_L
10696,4,train,0.005850412417203188,pdb_00008jd6_D1_D2
10697,4,train,0.04055275395512581,pdb_00007l1u_H1_H2
10698,4,train,0.5696254372596741,pdb_00009jqv_H_L
10699,4,train,0.011493858881294727,pdb_00007d77_S1_S2
10700,4,train,0.36768728494644165,pdb_00007pqy_B_C
10701,4,train,0.012807129882276058,pdb_00008xjl_E1_E2
10702,4,train,0.00917936023324728,pdb_00009cgj_E1_E2
10703,4,train,0.5743298530578613,pdb_00007xj9_I_H
10704,4,train,0.2759109437465668,pdb_00003b2u_Q_R
10705,4,train,0.014171024784445763,pdb_00009ejz_H1_H2
10706,4,train,0.02172774262726307,pdb_00007udg_E_F
10707,4,train,0.9118118286132812,pdb_00001adq_H_L
10708,4,train,0.007767122704535723,pdb_00009uan_E1_E2
10709,4,train,1.064792275428772,pdb_00004ffw_H_L
10710,4,train,0.0341874398291111,pdb_00008ef5_E1_E2
10711,4,train,0.7049359083175659,pdb_00008yub_A_B
10712,4,train,0.3911651372909546,pdb_00007mzh_B_C
10713,4,train,0.8367834091186523,pdb_00007ua2_H1_H2
10714,4,train,0.9525909423828125,pdb_00006gff_N_M
10715,4,train,0.6852913498878479,pdb_00007wur_G_H
10716,4,train,0.012618961744010448,pdb_00006kpg_S1_S2
10717,4,train,0.75190669298172,pdb_00007mxl_A_B
10718,4,train,0.8503542542457581,pdb_00007quh_H_L
10719,4,train,0.7355086803436279,pdb_00008a96_K_J
10720,4,train,0.9048836827278137,pdb_00008gpu_H_L
10721,4,train,0.7092190384864807,pdb_00007jwg_A_B
10722,4,train,0.9876549243927002,pdb_00009bdi_H_L
10723,4,train,0.46873167157173157,pdb_00006lhq_H_L
10724,4,train,0.2905995845794678,pdb_00008vgk_K_L
10725,4,train,0.6020796895027161,pdb_00007x2i_H_L
10726,4,train,1.2678437232971191,pdb_00009me6_J_N
10727,4,train,0.6618162989616394,pdb_00006dkj_A_B
10728,4,train,0.4489634335041046,pdb_00009m0d_D_Q
10729,4,train,0.6719188094139099,pdb_00008y31_B_A
10730,4,train,0.01662529818713665,pdb_00007xwo_E1_E2
10731,4,train,0.01675412245094776,pdb_00008efl_E1_E2
10732,4,train,0.7967742681503296,pdb_00007rxj_H_L
10733,4,train,0.6706402897834778,pdb_00002h9g_H_L
10734,4,train,0.045727334916591644,pdb_00008ihf_S1_S2
10735,4,train,0.8894473314285278,pdb_00006jep_K_I
10736,4,train,0.5928822755813599,pdb_00009ima_C_D
10737,4,train,0.5006482601165771,pdb_00008j26_B_A
10738,4,train,0.14516040682792664,pdb_00001ic4_H_L
10739,4,train,0.06572049111127853,pdb_00008ubj_M2_M1
10740,4,train,0.6696021556854248,pdb_00007kyo_H_L
10741,4,train,0.02116922289133072,pdb_00008ihh_S1_S2
10742,4,train,0.01556750200688839,pdb_00002h2s_C_D
10743,4,train,0.564839780330658,pdb_00004m62_I_M
10744,4,train,0.010152307339012623,pdb_00007w0p_S1_S2
10745,4,train,0.6078174114227295,pdb_00008cz8_C2_C1
10746,4,train,0.4487934410572052,pdb_00007zmk_E_F
10747,4,train,2.00714111328125,pdb_00009osx_B_C
10748,4,train,0.02811531350016594,pdb_00003f7y_A_B
10749,4,train,1.265075445175171,pdb_00007ey5_B_C
10750,4,train,0.8990569710731506,pdb_00008zdw_U_R
10751,4,train,0.018018072471022606,pdb_00007eq1_S1_S2
10752,4,train,0.8280651569366455,pdb_00005a3i_G_H
10753,4,train,0.008098258636891842,pdb_00008kgg_E1_E2
10754,4,train,0.6708639860153198,pdb_00007tn0_H_G
10755,4,train,0.6920982003211975,pdb_00007ec5_E_F
10756,4,train,0.6547571420669556,pdb_00004gxu_S_T
10757,4,train,0.9451372027397156,pdb_00008khd_H_J
10758,4,train,0.20539937913417816,pdb_00009exa_D_C
10759,4,train,0.013379937969148159,pdb_00002r9h_E_F
10760,4,train,0.03084752708673477,pdb_00009k26_S1_S2
10761,4,train,0.7866019606590271,pdb_00008dwx_X_W
10762,4,train,0.006783921737223864,pdb_00008k4s_D1_D2
10763,4,train,0.010523454286158085,pdb_00009lr1_S1_S2
10764,4,train,0.946407675743103,pdb_00007wro_H_L
10765,4,train,0.03244326636195183,pdb_00009j0b_S1_S2
10766,4,train,0.025874074548482895,pdb_00007wic_S1_S2
10767,4,train,0.4315110146999359,pdb_00007zf8_H_L
10768,4,train,0.7319155931472778,pdb_00007y6k_J_E3
10769,4,train,0.015357224270701408,pdb_00007ydj_E1_E2
10770,4,train,1.1501944065093994,pdb_00005ldn_H_L
10771,4,train,0.890579104423523,pdb_00002yc1_A_B
10772,4,train,0.7326042056083679,pdb_00008suo_H_L
10773,4,train,0.9172853231430054,pdb_00009oi3_H_L
10774,4,train,0.7711114883422852,pdb_00007yd1_A_B
10775,4,train,0.43496429920196533,pdb_00005bo1_I_M
10776,4,train,0.08298498392105103,pdb_00009ouo_H_L
10777,4,train,0.8204604983329773,pdb_00005umi_H_L
10778,4,train,0.02112845703959465,pdb_00008yna_E1_E2
10779,4,train,0.027651458978652954,pdb_000021ag_S1_S2
10780,4,train,0.019272422417998314,pdb_00007f9z_E1_E2
10781,4,train,0.572216808795929,pdb_00007wqv_F1_F2
10782,4,train,0.38374748826026917,pdb_00007f6y_H_L
10783,4,train,0.03746805712580681,pdb_00009x3z_S1_S2
10784,4,train,0.015649044886231422,pdb_00006oij_H1_H2
10785,4,train,1.0556896924972534,pdb_00008tp5_J_K
10786,4,train,0.23539359867572784,pdb_00008vgk_J_I
10787,4,train,0.9753996133804321,pdb_00004f37_H_L
10788,4,train,0.5081601738929749,pdb_00006ii8_H_L
10789,4,train,0.7022886872291565,pdb_00008rmy_B_C
10790,4,train,0.07401423901319504,pdb_00007ujk_E_F
10791,4,train,0.862663745880127,pdb_00007x3c_H_L
10792,4,train,0.007045852020382881,pdb_00007x2v_E1_E2
10793,4,train,0.3094097077846527,pdb_00007zf9_A_B
10794,4,train,0.4833887815475464,pdb_00008vgp_H_L
10795,4,train,0.013535472564399242,pdb_00008hs3_S1_S2
10796,4,train,0.07003502547740936,pdb_00008j23_F1_F2
10797,4,train,0.6609622836112976,pdb_00007dpm_D_E
10798,4,train,1.0504955053329468,pdb_00008xa4_C_D
10799,4,train,0.8956922888755798,pdb_00006ejg_C2_C1
10800,4,train,0.5594647526741028,pdb_00008eqf_H_L
10801,4,train,0.044533614069223404,pdb_00001j1x_H_L
10802,4,train,0.02461090497672558,pdb_00008sg1_E1_E2
10803,4,train,0.7774723768234253,pdb_00007f15_B1_B2
10804,4,train,0.02755439467728138,pdb_00007xau_E1_E2
10805,4,train,0.8965299129486084,pdb_00007shy_I_J
10806,4,train,0.025004927068948746,pdb_00001otu_E_F
10807,4,train,0.6823312640190125,pdb_00004f2m_A_B
10808,4,train,0.01244649663567543,pdb_00002ht2_E_F
10809,4,train,0.01335912011563778,pdb_00007rg9_E1_E2
10810,4,train,0.22794197499752045,pdb_00003rhw_J_M
10811,4,train,0.6386245489120483,pdb_00004ffv_D_C
10812,4,train,0.012680369429290295,pdb_00009jh3_S1_S2
10813,4,train,0.9194087982177734,pdb_00009mtm_I_J
10814,4,train,0.46998491883277893,pdb_00008dww_V_U
10815,4,train,0.6499699950218201,pdb_00009q7b_G_I
10816,4,train,0.02198638580739498,pdb_00008i9s_H1_H2
10817,4,train,0.8042725324630737,pdb_00008fhy_H_L
10818,4,train,0.2537902891635895,pdb_00003b2v_H_L
10819,4,train,0.20998094975948334,pdb_00003b2u_C_D
10820,4,train,0.12592925131320953,pdb_00006w0j_A_B
10821,4,train,0.9261921048164368,pdb_00008zd5_K_L
10822,4,train,0.012426428496837616,pdb_00007yoo_S1_S2
10823,4,train,0.49540209770202637,pdb_00009ixa_H_L
10824,4,train,0.0163347776979208,pdb_00008hnm_S1_S2
10825,4,train,0.8753505945205688,pdb_00009me5_H_L
10826,4,train,0.09279461205005646,pdb_00008zbe_E1_E2
10827,4,train,0.8830444812774658,pdb_00008dwo_H_L
10828,4,train,0.6774466633796692,pdb_00004np4_H_L
10829,4,train,0.012063366360962391,pdb_00009upv_S1_S2
10830,4,train,0.7058025002479553,pdb_00008zbb_H_L
10831,4,train,0.05103381723165512,pdb_00007srr_E1_E2
10832,4,train,0.5444664359092712,pdb_00002vwe_E_C
10833,4,train,0.741876482963562,pdb_00008g5a_H_L
10834,4,train,0.6582158207893372,pdb_00007lq7_T_U
10835,4,train,0.5491950511932373,pdb_00008too_B_A
10836,4,train,0.8665259480476379,pdb_00007scn_E_F
10837,4,train,0.5920159816741943,pdb_00009ci8_B_A
10838,4,train,1.183562994003296,pdb_00006ivz_H_L
10839,4,train,0.017197260633111,pdb_00008h2g_E1_E2
10840,4,train,0.3582497537136078,pdb_00007ul1_H_L
10841,4,train,0.5969512462615967,pdb_00009mtm_M_N
10842,4,train,0.870411217212677,pdb_00008ygs_H_L
10843,4,train,0.045149680227041245,pdb_00006k5a_E_F
10844,4,train,0.8251725435256958,pdb_00006wtv_E_F
10845,4,train,0.7280294895172119,pdb_00008w5r_H_L
10846,4,train,0.029494766145944595,pdb_00007x9y_S1_S2
10847,4,train,0.016927139833569527,pdb_00008ia7_E1_E2
10848,4,train,0.6198484301567078,pdb_00007ley_G_F
10849,4,train,0.6369263529777527,pdb_00009lho_T_S
10850,4,train,0.07186946272850037,pdb_00001j1p_H_L
10851,4,train,0.1690922975540161,pdb_00007vgs_F_E
10852,4,train,0.4717544913291931,pdb_00004zff_A_B
10853,4,train,0.029089802876114845,pdb_00008efo_E1_E2
10854,4,train,0.058765508234500885,pdb_00008evg_M1_M2
10855,4,train,0.7773724794387817,pdb_00007vgr_F_E
10856,4,train,0.9238872528076172,pdb_00005ggs_A_B
10857,4,train,0.33046847581863403,pdb_00008wo4_D_C
10858,4,train,0.9894240498542786,pdb_00009e3h_J_K
10859,4,train,0.5770320296287537,pdb_00007ubs_J1_J2
10860,4,train,0.034824077039957047,pdb_00006e0c_N1_N2
10861,4,train,1.051966905593872,pdb_00007mxl_J_K
10862,4,train,1.2243238687515259,pdb_00008w5h_H_L
10863,4,train,0.6822963953018188,pdb_00008vtd_B_A
10864,4,train,0.5167493224143982,pdb_00007vad_H_L
10865,4,train,0.011500327847898006,pdb_00007yj4_S1_S2
10866,4,train,0.018461154773831367,pdb_00009vmo_S1_S2
10867,4,train,0.48541417717933655,pdb_00008bg2_C1_C2
10868,4,train,0.011171133257448673,pdb_00007sbf_E1_E2
10869,4,train,0.5717979669570923,pdb_00002fjh_H_L
10870,4,train,0.7632516622543335,pdb_00008ee8_D_C
10871,4,train,0.019325194880366325,pdb_00008x9t_S1_S2
10872,4,train,0.011666685342788696,pdb_00007vdm_S1_S2
10873,4,train,0.016539085656404495,pdb_00009b5y_N1_N2
10874,4,train,0.9449585676193237,pdb_00009cq8_G_H
10875,4,train,0.654297411441803,pdb_00008kdt_H_L
10876,4,train,0.008593302220106125,pdb_00007xa3_E1_E2
10877,4,train,0.955934464931488,pdb_00009lsj_E1_D2
10878,4,train,1.0883737802505493,pdb_00005t5f_H_L
10879,4,train,1.0321890115737915,pdb_00009e21_H_L
10880,4,train,0.8407643437385559,pdb_00006woz_B_C
10881,4,train,0.4907350242137909,pdb_00002i9l_D_C
10882,4,train,0.6236893534660339,pdb_00009n4f_O_P
10883,4,train,0.4181827902793884,pdb_00009jy4_R_Q
10884,4,train,0.7270973920822144,pdb_00006wzl_C_D
10885,4,train,0.3574681878089905,pdb_00007vaf_H_L
10886,4,train,0.05038464441895485,pdb_00009w6w_E1_E2
10887,4,train,0.037213440984487534,pdb_00008ijd_S1_S2
10888,4,train,1.2004849910736084,pdb_00006mtq_H_L
10889,4,train,0.6967382431030273,pdb_00008ywe_B2_B1
10890,4,train,0.023201653733849525,pdb_00007u9v_E_F
10891,4,train,0.7625779509544373,pdb_00007yrh_F_E
10892,4,train,0.7683266401290894,pdb_00007uvs_D_E
10893,4,train,0.12886540591716766,pdb_00003rif_G_K
10894,4,train,0.11662056297063828,pdb_00006x3s_J_I
10895,4,train,0.5644088387489319,pdb_00008y0y_E3_E2
10896,4,train,0.674889326095581,pdb_00007wur_E_F
10897,4,train,0.0118578365072608,pdb_00007f4h_S1_S2
10898,4,train,1.0245821475982666,pdb_00006k65_H_L
10899,4,train,0.6199273467063904,pdb_00008zdw_F_E
10900,4,train,1.1051291227340698,pdb_00004ubd_O_P
10901,4,train,0.009784815832972527,pdb_00007yae_S1_S2
10902,4,train,0.8255698084831238,pdb_00004f3f_B_A
10903,4,train,1.0158007144927979,pdb_00005hbt_D_C
10904,4,train,0.6930851936340332,pdb_00008gv6_G_H
10905,4,train,0.006937992759048939,pdb_00009le0_S1_S2
10906,4,train,0.021250776946544647,pdb_00007k78_K1_K2
10907,4,train,0.045177388936281204,pdb_00006x3x_J_I
10908,4,train,0.09724795818328857,pdb_00006k5a_C_D
10909,4,train,0.42010340094566345,pdb_00007qez_E_F
10910,4,train,0.6901010274887085,pdb_00008sdf_H_L
10911,4,train,0.7696073055267334,pdb_00007l7e_C_D
10912,4,train,0.009118154644966125,pdb_00006lfo_S1_S2
10913,4,train,0.06114911660552025,pdb_00008zcj_E1_E2
10914,4,train,0.005861531011760235,pdb_00008xqe_S1_S2
10915,4,train,0.008405379019677639,pdb_00008yyw_B1_B2
10916,4,train,0.017144501209259033,pdb_00002ht2_C_D
10917,4,train,0.45704180002212524,pdb_00008too_H_E
10918,4,train,0.5790660977363586,pdb_00009udq_I_C
10919,4,train,1.310920238494873,pdb_00007ey5_H_L
10920,4,train,1.5531028509140015,pdb_00009n5i_H_L
10921,4,train,0.04266025498509407,pdb_00007xta_E1_E2
10922,4,train,0.05004851147532463,pdb_00003fb5_A_B
10923,4,train,0.4065113961696625,pdb_00001xgq_B_A
10924,4,train,0.5706865787506104,pdb_00008g5a_I_M
10925,4,train,0.9893946051597595,pdb_00008eeu_H_L
10926,4,train,0.40940889716148376,pdb_00007zfe_M_N
10927,4,train,0.009607682004570961,pdb_00007ubr_E_F
10928,4,train,0.04439978301525116,pdb_00008dk5_K1_K2
10929,4,train,0.013783258385956287,pdb_00008iru_E1_E2
10930,4,train,0.01578163169324398,pdb_00007vv5_S1_S2
10931,4,train,0.010124635882675648,pdb_00007wz7_C1_C2
10932,4,train,0.5189246535301208,pdb_00005nhr_H_L
10933,4,train,0.6876343488693237,pdb_00007x6o_J_L
10934,4,train,0.49647098779678345,pdb_00007lop_H_L
10935,4,train,0.0063981590792536736,pdb_00007vdl_S1_S2
10936,4,train,0.5275400280952454,pdb_00004dkf_H_L
10937,4,train,0.024372326210141182,pdb_00007l1v_H1_H2
10938,4,train,0.4600108861923218,pdb_00007wwk_G_F
10939,4,train,0.3662063479423523,pdb_00006b9z_B_A
10940,4,train,0.714875340461731,pdb_00007xcz_B_C
10941,4,train,0.00910295732319355,pdb_00008jgg_S1_S2
10942,4,train,0.43365612626075745,pdb_00006kyz_E_F
10943,4,train,0.46226805448532104,pdb_00007nx7_H_L
10944,4,train,1.2451826333999634,pdb_00007lg6_J_M
10945,4,train,0.02933262474834919,pdb_00008jei_S1_S2
10946,4,train,0.7272571325302124,pdb_00001n5y_H_L
10947,4,train,0.4137948155403137,pdb_00009me6_I_M
10948,4,train,0.5132043361663818,pdb_00009cq4_C_D
10949,4,train,0.023841245099902153,pdb_00008dd2_K_L
10950,4,train,0.20466944575309753,pdb_00006yz7_BBB_CCC
10951,4,train,1.2457393407821655,pdb_00006xm2_F_E
10952,4,train,0.014080568216741085,pdb_00009k3l_S1_S2
10953,4,train,1.0471696853637695,pdb_00002zcl_H_L
10954,4,train,0.834114134311676,pdb_00007qnx_A_B
10955,4,train,0.7343037128448486,pdb_00009jeb_C1_C2
10956,4,train,0.7366575002670288,pdb_00007k9z_B_A
10957,4,train,1.3299323320388794,pdb_00007uij_H_L
10958,4,train,0.01771489717066288,pdb_00008irs_E1_E2
10959,4,train,0.029965030029416084,pdb_00003ejz_E_F
10960,4,train,0.042652491480112076,pdb_00009ast_E1_E2
10961,4,train,0.430487722158432,pdb_00007s0b_C_D
10962,4,train,1.0637816190719604,pdb_00006xxv_A_B
10963,4,train,0.6211227178573608,pdb_00007jum_I1_I2
10964,4,train,0.5276593565940857,pdb_00007zmk_J_K
10965,4,train,0.4498346149921417,pdb_00007yxu_H_L
10966,4,train,0.02417471632361412,pdb_00002vdl_H_L
10967,4,train,0.6895567178726196,pdb_00006vvu_G_I
10968,4,train,0.7612212896347046,pdb_00007zwi_B_C
10969,4,train,0.03167203068733215,pdb_00001r3k_B_A
10970,4,train,0.6203379034996033,pdb_00007mzn_H_L
10971,4,train,0.005747140385210514,pdb_00007sr8_E1_E2
10972,4,train,0.6389293074607849,pdb_00008dwx_H_L
10973,4,train,0.8328210711479187,pdb_00006wmw_M_N
10974,4,train,0.014097902923822403,pdb_00009f33_E1_E2
10975,4,train,0.6807048916816711,pdb_00003g6j_H_G
10976,4,train,0.5798270106315613,pdb_00007qf1_C_B
10977,4,train,0.8208589553833008,pdb_00007b0b_H_L
10978,4,train,0.9356661438941956,pdb_00008z6t_B_C
10979,4,train,0.5263282060623169,pdb_00007rks_I_M
10980,4,train,0.435186505317688,pdb_00005aaw_H1_H2
10981,4,train,1.0103020668029785,pdb_00006wds_H_L
10982,4,train,1.2123948335647583,pdb_00001yy9_D_C
10983,4,train,1.0300383567810059,pdb_00005dur_B_D
10984,4,train,0.014332530088722706,pdb_00007evy_E1_E2
10985,4,train,0.7246811985969543,pdb_00001kb5_H_L
10986,4,train,0.535788357257843,pdb_00006ii4_H_L
10987,4,train,0.023265013471245766,pdb_00008dd3_J_I
10988,4,train,0.7054901719093323,pdb_00003wkm_I_M
10989,4,train,0.06672345101833344,pdb_00006ad7_E_F
10990,4,train,0.28884604573249817,pdb_00006b9y_B_A
10991,4,train,1.026380181312561,pdb_00006wqo_E_F
10992,4,train,0.772244930267334,pdb_00005w3l_E_G
10993,4,train,0.8260117173194885,pdb_00007ahu_B_A
10994,4,train,0.877281904220581,pdb_00005vqm_H_L
10995,4,train,0.024516712874174118,pdb_00007ykd_S1_S2
10996,4,train,0.07102305442094803,pdb_00008ubk_N2_N1
10997,4,train,0.030799150466918945,pdb_00007rkm_D1_D2
10998,4,train,0.3116227090358734,pdb_00009me4_I_M
10999,4,train,0.5366659760475159,pdb_00005kov_K1_K2
11000,4,train,0.007399337831884623,pdb_00007t8x_E1_E2
11001,4,train,0.9575877785682678,pdb_00007wph_E_D
11002,4,train,0.6369818449020386,pdb_00004dgi_H_L
11003,4,train,0.6270593404769897,pdb_00003rhw_F_N
11004,4,train,0.3213592767715454,pdb_00007lop_B_C
11005,4,train,0.8160043358802795,pdb_00002oz4_H_L
11006,4,train,0.5989416837692261,pdb_00007sk4_D_C
11007,4,train,0.019568871706724167,pdb_00007p02_H1_H2
11008,4,train,0.5139709711074829,pdb_00002h9g_B_A
11009,4,train,0.6516898274421692,pdb_00004f2m_C_D
11010,4,train,0.04356430843472481,pdb_00008evh_N1_N2
11011,4,train,0.018322652205824852,pdb_00008yn6_E1_E2
11012,4,train,0.48003754019737244,pdb_00007m71_H_L
11013,4,train,0.8101050853729248,pdb_00001fj1_B_A
11014,4,train,1.13528573513031,pdb_00008tnt_G_F
11015,4,train,1.2587307691574097,pdb_00003bgf_H_L
11016,4,train,1.0553041696548462,pdb_00008e8s_H_L
11017,4,train,1.2286510467529297,pdb_00009me7_J_N
11018,4,train,0.09666376560926437,pdb_00008dd2_J_I
11019,4,train,0.08651576936244965,pdb_00001c08_B_A
11020,4,train,0.3817909359931946,pdb_00005aam_B1_B2
11021,4,train,0.8188769221305847,pdb_00009h4s_X_Y
11022,4,train,0.8876640796661377,pdb_00004nik_B1_B2
11023,4,train,0.8797529339790344,pdb_00009ds1_H_L
11024,4,train,0.035417404025793076,pdb_00008xqs_S1_S2
11025,4,train,0.396838515996933,pdb_00001xgr_B_A
11026,4,train,0.02828001044690609,pdb_00009jkt_S1_S2
11027,4,train,0.8141666054725647,pdb_00007uvq_D_E
11028,4,train,0.02105824463069439,pdb_00008jgf_E1_E2
11029,4,train,0.6384633183479309,pdb_00008ut2_J_I
11030,4,train,0.023047905415296555,pdb_00008dzp_E1_E2
11031,4,train,1.1643786430358887,pdb_00007wed_H_L
11032,4,train,0.6846692562103271,pdb_00009cia_B_A
11033,4,train,0.8152298927307129,pdb_00009jbq_A_B
11034,4,train,0.5871127843856812,pdb_00008wpy_C_D
11035,4,train,1.391130805015564,pdb_00009rir_H_L
11036,4,train,0.47895076870918274,pdb_00008ut2_H_G
11037,4,train,0.7706794738769531,pdb_00009js7_I_L
11038,4,train,0.06841304153203964,pdb_00009erx_F1_F2
11039,4,train,0.7204186320304871,pdb_00007ua2_B1_B2
11040,4,train,0.05680789053440094,pdb_00003a6c_H_L
11041,4,train,0.20341826975345612,pdb_00006vmk_o_n
11042,4,train,0.17492936551570892,pdb_00006vmk_f_e
11043,4,train,0.26249173283576965,pdb_00008vgi_F_E
11044,4,train,0.040666792541742325,pdb_00008syp_M1_M2
11045,4,train,0.6211074590682983,pdb_00007ahu_H_L
11046,4,train,0.4182322919368744,pdb_00007kfv_C_D
11047,4,train,0.011648637242615223,pdb_00007yac_S1_S2
11048,4,train,1.2395318746566772,pdb_00008w0y_A_B
11049,4,train,0.6312196254730225,pdb_00004lf3_E_D
11050,4,train,0.013890529051423073,pdb_00008ykx_E1_E2
11051,4,train,0.4968196153640747,pdb_00008xsf_H_L
11052,4,train,1.083802342414856,pdb_00004fqj_H_L
11053,4,train,1.382169485092163,pdb_00007uij_A_B
11054,4,train,0.3162921667098999,pdb_00001ndm_B_A
11055,4,train,0.8342586755752563,pdb_00009cq7_H_I
11056,4,train,0.011462499387562275,pdb_00009cgk_E1_E2
11057,4,train,0.02355312742292881,pdb_00009drx_J_I
11058,4,train,0.8571584820747375,pdb_00008uzp_A_B
11059,4,train,0.8977422118186951,pdb_00008tfl_H_L
11060,4,train,0.6299691796302795,pdb_00006wzm_A_B
11061,4,train,0.009972228668630123,pdb_00008xzj_S1_S2
11062,4,train,0.18798069655895233,pdb_00008vgj_J_I
11063,4,train,0.020715437829494476,pdb_00009v6o_S1_S2
11064,4,train,0.7596896290779114,pdb_00004am0_H_L
11065,4,train,0.5545289516448975,pdb_00001kip_B_A
11066,4,train,0.5885545015335083,pdb_00007sco_H_L
11067,4,train,0.759950578212738,pdb_00008hrd_G_H
11068,4,train,0.014120187610387802,pdb_00002vdq_H_L
11069,4,train,1.632234811782837,pdb_00008tzn_G_H
11070,4,train,0.1355951577425003,pdb_00008w8b_E1_E2
11071,4,train,0.8812422156333923,pdb_00004lmq_E_I
11072,4,train,0.1665993630886078,pdb_00008vgh_K_L
11073,4,train,0.07689555734395981,pdb_00007w7e_H1_H2
11074,4,train,1.0100977420806885,pdb_00007u9e_H1_H2
11075,4,train,0.9126232266426086,pdb_00008eed_H_L
11076,4,train,0.8680976033210754,pdb_00008w86_A_B
11077,4,train,0.32911473512649536,pdb_00006vvu_J_K
11078,4,train,1.1040666103363037,pdb_00009oco_H_L
11079,4,train,1.0777894258499146,pdb_00005mo9_H_L
11080,4,train,0.6118449568748474,pdb_00009ue8_A_B
11081,4,train,0.00877292174845934,pdb_00008vve_E1_E2
11082,4,train,0.7851541042327881,pdb_00004wv1_B_A
11083,4,train,0.5038726329803467,pdb_00008g5a_J_N
11084,4,train,0.00739916181191802,pdb_00009clw_N1_N2
11085,4,train,0.09072626382112503,pdb_00009iv6_S1_S2
11086,4,train,0.031411007046699524,pdb_00009k27_D1_D2
11087,4,train,0.7566754817962646,pdb_00007pa7_ddd2_ddd1
11088,4,train,0.9678131937980652,pdb_00008zd6_K_L
11089,4,train,0.19781829416751862,pdb_00009ov4_H_L
11090,4,train,0.9585369825363159,pdb_00006d0u_K_L
11091,4,train,0.5527380704879761,pdb_00007y6k_E1_E2
11092,4,train,0.061066269874572754,pdb_00008zps_E1_E2
11093,4,train,1.0517823696136475,pdb_00004ubd_G_H
11094,4,train,0.8031735420227051,pdb_00008dwo_S_T
11095,4,train,0.01534290425479412,pdb_00009x20_E1_E2
11096,4,train,0.4460979402065277,pdb_00007wwk_I_H
11097,4,train,0.016753079369664192,pdb_00009vnz_E1_E2
11098,4,train,0.011923402547836304,pdb_00009u4w_S1_S2
11099,4,train,0.3534599542617798,pdb_00007kfw_F_G
11100,4,train,0.07124443352222443,pdb_00009kt8_E1_E2
11101,4,train,0.8172109723091125,pdb_00008dwy_V_U
11102,4,train,0.016996409744024277,pdb_00007evz_E1_E2
11103,4,train,0.7238610982894897,pdb_00006osv_H_L
11104,4,train,0.02324482798576355,pdb_00007xmt_S1_S2
11105,4,train,0.016272788867354393,pdb_00007w55_E1_E2
11106,4,train,0.09672968089580536,pdb_00003f5w_A_B
11107,4,train,1.0089008808135986,pdb_00006aru_C_B
11108,4,train,0.6262027621269226,pdb_00007m3i_H_L
11109,4,train,0.9970445036888123,pdb_00008d7e_D_E
11110,4,train,0.10088101029396057,pdb_00002dqg_H_L
11111,4,train,0.9143091440200806,pdb_00007m7w_A_B
11112,4,train,0.7242641448974609,pdb_00002vir_B_A
11113,4,train,0.6840198636054993,pdb_00005y11_A_B
11114,4,train,0.34339675307273865,pdb_00007chc_H_L
11115,4,train,0.012058447115123272,pdb_00008hnk_S1_S2
11116,4,train,0.5621164441108704,pdb_00007s7i_J_N
11117,4,train,0.010258016176521778,pdb_00009pq0_E1_E2
11118,4,train,1.1193357706069946,pdb_00009mth_I_J
11119,4,train,0.013071748428046703,pdb_00008jil_S1_S2
11120,4,train,0.28791093826293945,pdb_00001xgp_B_A
11121,4,train,0.7857574820518494,pdb_00007vyr_A_B
11122,4,train,0.05315113440155983,pdb_00001j1o_H_L
11123,4,train,0.922227680683136,pdb_00009mkn_O_P
11124,4,train,0.01988503336906433,pdb_00007uje_E_F
11125,4,train,0.013779537752270699,pdb_00007y64_S1_S2
11126,4,train,0.5345461964607239,pdb_00005yoy_G_D
11127,4,train,0.5659737586975098,pdb_00005nh3_I_M
11128,4,train,0.3201967179775238,pdb_00007m6d_A_B
11129,4,train,1.076973795890808,pdb_00006wtv_H_I
11130,4,train,0.7738954424858093,pdb_00007kzb_H_L
11131,4,train,0.6447135806083679,pdb_00009b82_P_O
11132,4,train,0.4169885814189911,pdb_00007bnv_H_L
11133,4,train,0.009513412602245808,pdb_00008yn5_E1_E2
11134,4,train,1.7000147104263306,pdb_00008cdd_E_D
11135,4,train,0.008663722313940525,pdb_00009vnf_E1_E2
11136,4,train,0.01042953785508871,pdb_00007tmz_E_F
11137,4,train,0.010087746195495129,pdb_00009buy_E1_E2
11138,4,train,0.009788451716303825,pdb_00007cmv_E1_E2
11139,4,train,0.15838325023651123,pdb_00007mhr_A_B
11140,4,train,0.0985487550497055,pdb_00008ied_N1_N2
11141,4,train,1.020104169845581,pdb_00006u9s_D_E
11142,4,train,0.00649989815428853,pdb_00009vo2_S1_S2
11143,4,train,0.4300672709941864,pdb_00008xsi_H_L
11144,4,train,0.6018834710121155,pdb_00005ugy_H_L
11145,4,train,0.9848517775535583,pdb_00008u44_S_T
11146,4,train,0.5301905870437622,pdb_00006wzj_A_B
11147,4,train,0.014336708001792431,pdb_00003ejz_C_D
11148,4,train,1.0289499759674072,pdb_00009rip_H_L
11149,4,train,0.6991165280342102,pdb_00007mem_G_J
11150,4,train,0.2682086229324341,pdb_00003b2u_J_K
11151,4,train,0.635499894618988,pdb_00007xda_D_E
11152,4,train,0.05533575266599655,pdb_00007tct_E_F
11153,4,train,0.9383701086044312,pdb_00007yds_B_C
11154,4,train,0.4020209312438965,pdb_00003hfm_H_L
11155,4,train,0.5812178254127502,pdb_00004qci_B_A
11156,4,train,0.03430319204926491,pdb_00007rkx_D1_D2
11157,4,train,1.171775221824646,pdb_00006wty_H_I
11158,4,train,1.3238953351974487,pdb_00005c0n_C_D
11159,4,train,0.6839110851287842,pdb_00002x7l_G_I
11160,4,train,0.686827540397644,pdb_00009hi4_A_B
11161,4,train,0.011150316335260868,pdb_00007yk7_S1_S2
11162,4,train,0.6644932627677917,pdb_00008we4_H_L
11163,4,train,0.6808549165725708,pdb_00005jz7_J_K
11164,4,train,0.9187160730361938,pdb_00007uvi_A_B
11165,4,train,0.01609291322529316,pdb_00008e9y_E1_E2
11166,4,train,0.7031557559967041,pdb_00009q7b_J_K
11167,4,train,0.010919648222625256,pdb_00008xor_E1_E2
11168,4,train,0.023628726601600647,pdb_00008xgu_S1_S2
11169,4,train,0.009228257462382317,pdb_00009lr2_S1_S2
11170,4,train,0.6646667718887329,pdb_00007bwj_H_L
11171,4,train,0.7725193500518799,pdb_00009shd_H_L
11172,4,train,0.4099547564983368,pdb_00009ptm_I_M
11173,4,train,0.7987661957740784,pdb_00007t3d_P_R
11174,4,train,1.1155028343200684,pdb_00003lh2_J_N
11175,4,train,0.011926609091460705,pdb_00008jbh_E1_E2
11176,4,train,0.04626108333468437,pdb_00002hlf_C_D
11177,4,train,0.6004050374031067,pdb_00001dee_D_C
11178,4,train,0.7864200472831726,pdb_00008dce_H1_H2
11179,4,train,0.008052770048379898,pdb_00009kfj_S1_S2
11180,4,train,0.8318499326705933,pdb_00007rxi_H_L
11181,4,train,1.062886357307434,pdb_00004xhj_H_G
11182,4,train,1.3025845289230347,pdb_00004g3y_H_L
11183,4,train,0.37226757407188416,pdb_00007yck_C_D
11184,4,train,1.2384827136993408,pdb_00006wex_H_L
11185,4,train,0.6429808139801025,pdb_00004hj0_P_Q
11186,4,train,0.03624395653605461,pdb_00007sqo_E1_E2
11187,4,train,0.017105862498283386,pdb_00009vjg_E1_E2
11188,4,train,0.3052147924900055,pdb_00008vgk_F_E
11189,4,train,0.8267492651939392,pdb_00009eti_H_L
11190,4,train,0.09426934272050858,pdb_00006w0h_A_B
11191,4,train,0.6067607998847961,pdb_00009og2_B_C
11192,4,train,0.7416962385177612,pdb_00009c6y_C_D
11193,4,train,0.5045357942581177,pdb_00005nhr_A_B
11194,4,train,0.8965947031974792,pdb_00006ss4_HHH_LLL
11195,4,train,0.7133088707923889,pdb_00007jx3_C_D
11196,4,train,0.6255307197570801,pdb_00007lq7_P_Q
11197,4,train,0.6633975505828857,pdb_00009bdh_H_L
11198,4,train,0.02802346833050251,pdb_00007ejx_S1_S2
11199,4,train,0.022378981113433838,pdb_00008t3o_N1_N2
11200,4,train,0.7096959352493286,pdb_00006ii9_P_Q
11201,4,train,0.7226721048355103,pdb_00009tmp_H_L
11202,4,train,1.7918974161148071,pdb_00008c7h_L_K
11203,4,train,0.7386268973350525,pdb_00007zwi_E_F
11204,4,train,0.8987692594528198,pdb_00008cbf_H_L
11205,4,train,0.5296404361724854,pdb_00008txu_H_L
11206,4,train,0.021204302087426186,pdb_00009m1o_S1_S2
11207,4,train,0.2500193119049072,pdb_00006vmk_V_U
11208,4,train,0.6883268356323242,pdb_00008ebp_H_L
11209,4,train,0.012534124776721,pdb_00009vo0_E1_E2
11210,4,train,0.02931853197515011,pdb_00008iys_E1_E2
11211,4,train,0.8232399225234985,pdb_00008pwh_D_C
11212,4,train,0.956977128982544,pdb_00004hg4_Z_z
11213,4,train,0.08624997735023499,pdb_00006vmk_c_b
11214,4,train,0.15058299899101257,pdb_00006w0i_A_B
11215,4,train,0.5937079787254333,pdb_00008bg3_A1_A2
11216,4,train,0.9869585037231445,pdb_00009e60_H_L
11217,4,train,2.1651012897491455,pdb_00006vlw_H_L
11218,4,train,0.9627484083175659,pdb_00009c0v_H_L
11219,4,train,0.45688876509666443,pdb_00004m62_H_L
11220,4,train,0.627200722694397,pdb_00007e9b_H_L
11221,4,train,1.0859335660934448,pdb_00007s11_I_M
11222,4,train,0.6511884331703186,pdb_00006xkr_H_L
11223,4,train,0.5074720978736877,pdb_00009jy4_P_O
11224,4,train,0.47746536135673523,pdb_00007zf9_H_L
11225,4,train,0.16397596895694733,pdb_00008vgj_F_E
11226,4,train,0.026106787845492363,pdb_00007yfc_C1_C2
11227,4,train,0.724805474281311,pdb_00003sob_H_L
11228,4,train,0.6066864728927612,pdb_00007ubs_K1_K2
11229,4,train,0.8664907813072205,pdb_00009leo_C_D
11230,4,train,0.8606629371643066,pdb_00006hjp_K_L
11231,4,train,0.04319412633776665,pdb_00009xhi_D1_D2
11232,4,train,0.010183426551520824,pdb_00008xwp_D1_D2
11233,4,train,0.08809693157672882,pdb_00006vmk_B_A
11234,4,train,0.5311887264251709,pdb_00004jpk_H_L
11235,4,train,0.9445770382881165,pdb_00005b8c_B_A
11236,4,train,0.023953450843691826,pdb_00008vy7_D1_D2
11237,4,train,0.8327915072441101,pdb_00009h6u_H_L
11238,4,train,0.6248813271522522,pdb_00003vrl_E_F
11239,4,train,0.5195343494415283,pdb_00008jkf_M_N
11240,4,train,0.37463802099227905,pdb_00008i5h_E_F
11241,4,train,0.010052381083369255,pdb_00002h2s_E_F
11242,4,train,0.6815176010131836,pdb_00006cyf_F_E
11243,4,train,0.44945958256721497,pdb_00008jel_A_B
11244,4,train,0.4917411804199219,pdb_00009q71_K_L
11245,4,train,0.6252574324607849,pdb_00004n90_F_G
11246,4,train,0.017522946000099182,pdb_00009p0k_F1_F2
11247,4,train,1.1227644681930542,pdb_00006wmw_H_L
11248,4,train,1.1863791942596436,pdb_00008tea_H_G
11249,4,train,0.49859264492988586,pdb_00009ci8_D_C
11250,4,train,0.8129699230194092,pdb_00007l0l_H_L
11251,4,train,0.7021689414978027,pdb_00004gxu_M_N
11252,4,train,0.7675976157188416,pdb_00009kve_E_G
11253,4,train,1.0876712799072266,pdb_00006mto_H_L
11254,4,train,0.09427895396947861,pdb_00007cvs_C_D
11255,4,train,0.5116750001907349,pdb_00008xse_H_L
11256,4,train,0.010053220205008984,pdb_00008y0n_S1_S2
11257,4,train,1.253974437713623,pdb_00009kve_D_F
11258,4,train,0.3387640714645386,pdb_00006zh9_HHH_LLL
11259,4,train,0.6931425333023071,pdb_00007tpj_H_L
11260,4,train,0.7601242661476135,pdb_00008w83_E_F
11261,4,train,0.5213978886604309,pdb_00002x7l_C_D
11262,4,train,0.012595427222549915,pdb_00008z9p_S1_S2
11263,4,train,0.6467574238777161,pdb_00009mqa_H_L
11264,4,train,1.1376501321792603,pdb_00001rzk_H_L
11265,4,train,0.6170720458030701,pdb_00009n8j_H_I
11266,4,train,0.7655262351036072,pdb_00007fcp_H_L
11267,4,train,0.010882698930799961,pdb_00008zjg_S1_S2
11268,4,train,1.193160057067871,pdb_00009rik_H_L
11269,4,train,0.010349883697926998,pdb_00007t90_E1_E2
11270,4,train,0.45556971430778503,pdb_00008caf_D_C
11271,4,train,0.020678861066699028,pdb_00008h0q_E1_E2
11272,4,train,0.6311095952987671,pdb_00006ban_F_E
11273,4,train,0.4224433898925781,pdb_00008dww_H_L
11274,4,train,0.8777404427528381,pdb_00003wkm_H_L
11275,4,train,0.9476431608200073,pdb_00009oi3_I_J
11276,4,train,0.7049449682235718,pdb_00008hrd_N_Q
11277,4,train,0.018391676247119904,pdb_00008hn8_S1_S2
11278,4,train,0.6078647375106812,pdb_00004okv_A_B
11279,4,train,0.591489851474762,pdb_00009ib3_H_L
11280,4,train,1.0604311227798462,pdb_00007ezv_M_N
11281,4,train,0.018059682101011276,pdb_00009jh6_S1_S2
11282,4,train,0.3949122726917267,pdb_00004tsc_H_L
11283,4,train,0.5848059058189392,pdb_00007yrf_F_E
11284,4,train,0.41388458013534546,pdb_00007x2k_H_L
11285,4,train,1.2191861867904663,pdb_00005w08_Q_R
11286,4,train,1.2796683311462402,pdb_00007t4q_F_G
11287,4,train,0.6649734377861023,pdb_00007ley_H_I
11288,4,train,0.6504374146461487,pdb_00007x3c_F_E
11289,4,train,0.00946282409131527,pdb_00009lrd_E1_E2
11290,4,train,0.014233587309718132,pdb_00007f4f_S1_S2
11291,4,train,0.007495502009987831,pdb_00008ykd_S1_S2
11292,4,train,0.7470800876617432,pdb_00008u44_U_W
11293,4,train,1.2565028667449951,pdb_00008jeo_B_C
11294,4,train,0.3293760120868683,pdb_00008dww_Z_Y
11295,4,train,0.5134804248809814,pdb_00009ib1_H_L
11296,4,train,0.020950039848685265,pdb_00008hbd_H1_H2
11297,4,train,1.0010021924972534,pdb_00008e8l_H_L
11298,4,train,1.2444690465927124,pdb_00007sbd_H_L
11299,4,train,1.0535138845443726,pdb_00009mtl_H_L
11300,4,train,0.4097750186920166,pdb_00007nx8_H_L
11301,4,train,1.285617709159851,pdb_00009rih_H_L
11302,4,train,0.22464019060134888,pdb_00005aaw_B1_B2
11303,4,train,1.140911340713501,pdb_00006s3d_H_L
11304,4,train,0.013251544907689095,pdb_00009jeq_S1_S2
11305,4,train,0.5427778959274292,pdb_00008bec_A1_A2
11306,4,train,0.6895545125007629,pdb_00007ycn_C_D
11307,4,train,1.220418930053711,pdb_00008hrd_C_E
11308,4,train,0.5951578617095947,pdb_00007m7b_H_L
11309,4,train,0.6228537559509277,pdb_00007d85_B_C
11310,4,train,0.7321900129318237,pdb_00009ue0_A_B
11311,4,train,0.7210556864738464,pdb_00004ffv_H_L
11312,4,train,1.413326621055603,pdb_00004hf5_H_L
11313,4,train,0.7484681010246277,pdb_00008sdh_C_D
11314,4,train,1.122921347618103,pdb_00004kuc_F_E
11315,4,train,1.0235247611999512,pdb_00009qub_D_C
11316,4,train,0.006397263612598181,pdb_00008jbf_E1_E2
11317,4,train,0.008435100317001343,pdb_00008yky_S1_S2
11318,4,train,0.009236203506588936,pdb_00008xbe_S1_S2
11319,4,train,0.8691498041152954,pdb_00006woz_H_I
11320,4,train,0.7216948866844177,pdb_00006gku_H_L
11321,4,train,0.008024211041629314,pdb_00008kfy_S1_S2
11322,4,train,1.1226921081542969,pdb_00009e3l_I_J
11323,4,train,0.45051801204681396,pdb_00003rhw_I_O
11324,4,train,0.5734769105911255,pdb_00007ycn_E_F
11325,4,train,0.6739288568496704,pdb_00007ycl_A_B
11326,4,train,0.041476551443338394,pdb_00006ad8_C_D
11327,4,train,0.6454611420631409,pdb_00006iap_H_L
11328,4,train,0.010801809839904308,pdb_00008xqn_S1_S2
11329,4,train,0.8538973927497864,pdb_00008bcz_H_L
11330,4,train,0.009676811285316944,pdb_00009b65_S1_S2
11331,4,train,0.13391801714897156,pdb_00006vmk_i_h
11332,4,train,0.4413045644760132,pdb_00007xeg_E_F
11333,4,train,0.48310649394989014,pdb_00008bg3_C1_C2
11334,4,train,0.613579511642456,pdb_00008ywx_E_D
11335,4,train,0.04747868329286575,pdb_00008wwh_E1_E2
11336,4,train,0.7379139065742493,pdb_00007lfa_H_L
11337,4,train,0.023761343210935593,pdb_00006k5f_C_D
11338,4,train,0.027392521500587463,pdb_00001otu_C_D
11339,4,train,0.3863883316516876,pdb_00008bec_C1_C2
11340,4,train,0.5217558741569519,pdb_00006j6y_B_C
11341,4,train,0.017954962328076363,pdb_00002exw_C_D
11342,4,train,0.012118111364543438,pdb_00002htl_E_F
11343,4,train,1.093369960784912,pdb_00004ubd_Y_X
11344,4,train,0.6043527722358704,pdb_00009quw_D_C
11345,4,train,0.5729740858078003,pdb_00009l6c_H_L
11346,4,train,0.8570636510848999,pdb_00006a4k_J_N
11347,4,train,0.01875157468020916,pdb_00004z7n_E_F
11348,4,train,0.02955879271030426,pdb_00007xms_S1_S2
11349,4,train,1.0284178256988525,pdb_00008gsc_H_L
11350,4,train,0.01040477491915226,pdb_00007ew3_S1_S2
11351,4,train,0.6365216374397278,pdb_00007dpm_G_H
11352,4,train,0.5993288159370422,pdb_00009b82_I_G
11353,4,train,0.0804048702120781,pdb_00009kt7_E1_E2
11354,4,train,0.5749900341033936,pdb_00002dd8_H_L
11355,4,train,1.0350157022476196,pdb_00003qum_K_M
11356,4,train,0.33708563446998596,pdb_00009cpv_C_D
11357,4,train,0.8396419286727905,pdb_00009cds_E_D
11358,4,train,0.2788645923137665,pdb_00004tnw_F_N
11359,4,train,0.2742752134799957,pdb_00006b3s_F_G
11360,4,train,0.7586669325828552,pdb_00007z0y_H_L
11361,4,train,0.07124781608581543,pdb_00007y15_S1_S2
11362,4,train,0.03422435000538826,pdb_00008zpt_E1_E2
11363,4,train,1.0876491069793701,pdb_00008f6l_A_B
11364,4,train,0.03552667051553726,pdb_00008jz7_S1_S2
11365,4,train,0.44068285822868347,pdb_00002x7l_E_F
11366,4,train,1.1269862651824951,pdb_00007c88_H_L
11367,4,train,0.6773704886436462,pdb_00006a4k_H_L
11368,4,train,0.7037481069564819,pdb_00007lq7_C_D
11369,4,train,0.4291246831417084,pdb_00007vag_H_L
11370,4,train,0.691952645778656,pdb_00006n5e_H_I
11371,4,train,0.011745373718440533,pdb_00008y62_E1_E2
11372,4,train,0.6253531575202942,pdb_00008dwy_Z_Y
11373,4,train,0.6576403975486755,pdb_00008zd5_E_F
11374,4,train,0.5274412631988525,pdb_00008zh7_K_L
11375,4,train,0.016887355595827103,pdb_00002exw_E_F
11376,4,train,0.06597032397985458,pdb_00009yda_H1_H2
11377,4,train,0.7548455595970154,pdb_00001fns_H_L
11378,4,train,0.993624746799469,pdb_00007kq7_H_L
11379,4,train,0.5868990421295166,pdb_00008uwz_A_B
11380,4,train,0.040777627378702164,pdb_00008ubk_M2_M1
11381,4,train,0.012592888437211514,pdb_00009ldx_S1_S2
11382,4,train,0.6083125472068787,pdb_00005jz7_H_L
11383,4,train,0.19905465841293335,pdb_00008vgh_J_I
11384,4,train,0.9044512510299683,pdb_00008e8z_H_L
11385,4,train,0.6010987758636475,pdb_00004gxu_U_V
11386,4,train,0.301192969083786,pdb_00007b3o_H_L
11387,4,train,0.012551186606287956,pdb_00009kfi_S1_S2
11388,4,train,0.3407818078994751,pdb_00007ch5_H_L
11389,4,train,0.5435754656791687,pdb_00004ttd_C_D
11390,4,train,0.7032601237297058,pdb_00009dru_H_L
11391,4,train,0.740083634853363,pdb_00006vja_I_M
11392,4,train,0.03693656995892525,pdb_00008f7x_E1_E2
11393,4,train,0.5689041614532471,pdb_00006ban_D_C
11394,4,train,0.2072945237159729,pdb_00004tnw_I_O
11395,4,train,0.8763114809989929,pdb_00009ebc_I_J
11396,4,train,0.2996901273727417,pdb_00002x7l_H_L
11397,4,train,0.037341032177209854,pdb_00007x5h_E1_E2
11398,4,train,0.936014711856842,pdb_00006d0u_E_F
11399,4,train,1.4862065315246582,pdb_00006cvk_A2_A1
11400,4,train,0.015227884985506535,pdb_00009ppy_E1_E2
11401,4,train,0.5102203488349915,pdb_00007klh_H_L
11402,4,train,0.7157043218612671,pdb_00008sit_M_N
11403,4,train,0.9249144196510315,pdb_00006wm9_B_C
11404,4,train,0.011841444298624992,pdb_00009vj5_E1_E2
11405,4,train,0.19420285522937775,pdb_00006p4a_H_L
11406,4,train,0.8291292190551758,pdb_00008f6o_A_B
11407,4,train,0.6166663765907288,pdb_00007rku_G_I
11408,4,train,0.6209070086479187,pdb_00008y3k_G_H
11409,4,train,0.4833429157733917,pdb_00009n7q_E_G
11410,4,train,0.009882482700049877,pdb_00008yh3_S1_S2
11411,4,train,0.882240355014801,pdb_00005d1z_G_H
11412,4,train,0.020703144371509552,pdb_00007ukp_E_F
11413,4,train,0.8541206121444702,pdb_00008cii_A_B
11414,4,train,0.6899701356887817,pdb_00009os5_G_J
11415,4,train,0.6372394561767578,pdb_00006gv4_H_L
11416,4,train,0.9127282500267029,pdb_00008znz_I_J
11417,4,train,0.020314589142799377,pdb_00009kug_H1_H2
11418,4,train,0.5557085871696472,pdb_00007dk0_A_B
11419,4,train,0.02377408742904663,pdb_00008yrg_E1_E2
11420,4,train,0.4198485016822815,pdb_00008f2j_I_J
11421,4,train,0.019870320335030556,pdb_00008xxv_E1_E2
11422,4,train,0.48190051317214966,pdb_00003s36_H_L
11423,4,train,1.148481845855713,pdb_00006jhs_E_D
11424,4,train,0.00900549441576004,pdb_00008vvg_E1_E2
11425,4,train,0.02798803150653839,pdb_00008hk3_H1_H2
11426,4,train,0.014355640858411789,pdb_00006k5f_E_F
11427,4,train,1.1041678190231323,pdb_00003bsz_H_L
11428,4,train,0.3859198987483978,pdb_00002qr0_H_G
11429,4,train,0.554527759552002,pdb_00006ba5_F_E
11430,4,train,0.03321061655879021,pdb_00008wpu_E1_E2
11431,4,train,0.012041749432682991,pdb_00009b54_S1_S2
11432,4,train,0.943740963935852,pdb_00001qfu_H_L
11433,4,train,0.2799123525619507,pdb_00002qr0_X_W
11434,4,train,0.8906738758087158,pdb_00006ywc_D_E
11435,4,train,0.009229502640664577,pdb_00009pxv_E1_E2
11436,4,train,0.045391228049993515,pdb_00008dd3_K_L
11437,4,train,0.7047834396362305,pdb_00009mla_G_J
11438,4,train,0.3048318922519684,pdb_00003rhw_G_K
11439,4,train,0.2975049614906311,pdb_00008smt_D_F
11440,4,train,0.025360092520713806,pdb_00008f7q_E1_E2
11441,4,train,0.8355259895324707,pdb_00007m42_D_C
11442,4,train,0.8716877102851868,pdb_00008tbb_H_L
11443,4,train,0.014212008565664291,pdb_00008g59_S1_S2
11444,4,train,0.3751614987850189,pdb_00005u5f_B_A
11445,4,train,0.5008025169372559,pdb_00009iz9_M_N
11446,4,train,0.4600507616996765,pdb_00007zmk_B_C
11447,4,train,0.6036840677261353,pdb_00008bg5_C1_C2
11448,4,train,0.12615279853343964,pdb_00002dqf_B_A
11449,4,train,1.0307047367095947,pdb_00009cu7_H_L
11450,4,train,0.028983723372220993,pdb_00007vla_S1_S2
11451,4,train,0.009513020515441895,pdb_00009izf_S1_S2
11452,4,train,1.279803991317749,pdb_00001ztx_H_L
11453,4,train,0.40948569774627686,pdb_00008jen_E_F
11454,4,train,0.010095406323671341,pdb_00007qvm_S1_S2
11455,4,train,0.008624336682260036,pdb_00008yyx_A1_A2
11456,4,train,0.2639242708683014,pdb_00008w2e_F_E
11457,4,train,0.00579731073230505,pdb_00007ew1_E1_E2
11458,4,train,0.885380208492279,pdb_00002r29_H_L
11459,4,train,0.022937793284654617,pdb_00007vl9_S1_S2
11460,4,train,0.3049622178077698,pdb_00008i5h_B_C
11461,4,train,1.5096399784088135,pdb_00004xzu_E_F
11462,4,train,0.808241605758667,pdb_00006t3j_A_B
11463,4,train,0.32022997736930847,pdb_00009jy1_R_Q
11464,4,train,0.7746873497962952,pdb_00009bbn_S_T
11465,4,train,0.6411826014518738,pdb_00007vgr_D_C
11466,4,train,0.862745463848114,pdb_00006bpa_E_F
11467,4,train,0.6429937481880188,pdb_00006xq2_C_B
11468,4,train,0.0075361281633377075,pdb_00009ydu_E1_E2
11469,4,train,0.9991663098335266,pdb_00009dn2_J_N
11470,4,train,0.45994752645492554,pdb_00007zmk_G_H
11471,4,train,0.05584775283932686,pdb_00009wp9_C1_C2
11472,4,train,0.011647130362689495,pdb_00008g94_E1_E2
11473,4,train,0.7223071455955505,pdb_00008u4s_B_A
11474,4,train,0.031115548685193062,pdb_00008vqy_J_I
11475,4,train,1.125666856765747,pdb_00008tpa_I_J
11476,4,train,0.010859785601496696,pdb_00008dwc_E1_E2
11477,4,train,0.5419317483901978,pdb_00001fdl_H_L
11478,4,train,0.5975281596183777,pdb_00005ugy_J_N
11479,4,train,1.1140110492706299,pdb_00009mtg_H_L
11480,4,train,0.8473854064941406,pdb_00004d9r_H_L
11481,4,train,0.7990992069244385,pdb_00009mqd_J_N
11482,4,train,0.48284366726875305,pdb_00009clp_H_L
11483,4,train,1.1746113300323486,pdb_00006s3d_C_D
11484,4,train,0.4255669414997101,pdb_00009u5p_P_Q
11485,4,train,0.9675860404968262,pdb_00008hrd_O_P
11486,4,train,0.6790684461593628,pdb_00005x8l_G_L
11487,4,train,0.09717413038015366,pdb_00003or6_A_B
11488,4,train,0.021316202357411385,pdb_00009axf_H1_H2
11489,4,train,0.020747223868966103,pdb_00007eo4_E1_E2
11490,4,train,0.8353659510612488,pdb_00009mtl_M_N
11491,4,train,0.9903340339660645,pdb_00008w5n_H_L
11492,4,train,0.9042146801948547,pdb_00008vk1_F_E
11493,4,train,1.0132567882537842,pdb_00006t9e_HHH_LLL
11494,4,train,0.5417840480804443,pdb_00004yk4_C_B
11495,4,train,0.845388650894165,pdb_00007rxj_A_B
11496,4,train,0.7749171257019043,pdb_00007pa7_nnn2_nnn1
11497,4,train,0.029190296307206154,pdb_00008wrb_E1_E2
11498,4,train,0.03129243105649948,pdb_00007u60_E_F
11499,4,train,0.0170254185795784,pdb_00007td8_E_F
11500,4,train,0.018506210297346115,pdb_00008hqe_H1_H2
11501,4,train,0.5610285997390747,pdb_00005dhy_A_B
11502,4,train,0.4335024654865265,pdb_00007dfa_H_L
11503,4,train,0.8556066155433655,pdb_00007mdj_A_B
11504,4,train,0.8116450309753418,pdb_00009cq8_C_E
11505,4,train,0.4861585199832916,pdb_00004ttd_H_L
11506,4,train,0.4672488570213318,pdb_00005oca_H_L
11507,4,train,0.3879767656326294,pdb_00008zyu_D_Q
11508,4,train,0.06388945877552032,pdb_00008jxx_E1_E2
11509,4,train,0.6217800378799438,pdb_00008tnt_E_D
11510,4,train,0.462869256734848,pdb_00005bo1_H_L
11511,4,train,0.02398999035358429,pdb_00008k2x_S1_S2
11512,4,train,0.5503836870193481,pdb_00009fys_B_C
11513,4,train,0.7412036061286926,pdb_00007ucq_J1_J2
11514,4,train,1.2383207082748413,pdb_00009vca_H_L
11515,4,train,0.0849224179983139,pdb_00003det_E_F
11516,4,train,0.019789734855294228,pdb_00007xat_E1_E2
11517,4,train,0.9406176209449768,pdb_00007t82_H_L
11518,4,train,0.6767566800117493,pdb_00003p0y_H_L
11519,4,train,0.7257348895072937,pdb_00007wvl_H_L
11520,4,train,0.8331782221794128,pdb_00006ek2_I1_I2
11521,4,train,0.012485552579164505,pdb_00007ucy_E_F
11522,4,train,1.0975598096847534,pdb_00008jeo_E_F
11523,4,train,1.036828637123108,pdb_00006dfi_H_L
11524,4,train,1.1214256286621094,pdb_00004lvh_E_F
11525,4,train,0.8355200290679932,pdb_00008cxg_h_l
11526,4,train,0.8098435997962952,pdb_00007pry_C_D
11527,4,train,0.4520804286003113,pdb_00007xj9_G_F
11528,4,train,0.6289697289466858,pdb_00008cn9_B_A
11529,4,train,0.48215895891189575,pdb_00008bg4_C1_C2
11530,4,train,0.4271146059036255,pdb_00007mzh_H_L
11531,4,train,0.2558608055114746,pdb_00003rif_J_M
11532,4,train,0.5941638946533203,pdb_00007jx3_H_L
11533,4,train,0.6652339100837708,pdb_00002bdn_H_L
11534,4,train,0.031058676540851593,pdb_00008xjo_E1_E2
11535,4,train,0.7322196364402771,pdb_00006wm9_E_F
11536,4,train,0.5622410178184509,pdb_00007m3i_A_B
11537,4,train,0.02436027303338051,pdb_00008xqo_S1_S2
11538,4,train,0.028640475124120712,pdb_00008f7w_E1_E2
11539,4,train,0.6729819774627686,pdb_00008gv6_I_J
11540,4,train,0.8220772743225098,pdb_00008w5l_H_L
11541,4,train,1.1263786554336548,pdb_00006cvk_B2_B1
11542,4,train,0.31643497943878174,pdb_00008z2e_H_L
11543,4,train,0.020808754488825798,pdb_00008xgm_S1_S2
11544,4,train,0.013551894575357437,pdb_00008jim_S1_S2
11545,4,train,0.7628507614135742,pdb_00009ebc_K_L
11546,4,train,0.6977286338806152,pdb_00007pa7_ooo2_ooo1
11547,4,train,0.6826651692390442,pdb_00006o1f_H_L
11548,4,train,0.5499697923660278,pdb_00007ucq_K1_K2
11549,4,train,0.024971213191747665,pdb_00009m2f_S1_S2
11550,4,train,0.008939581923186779,pdb_00007ra3_E1_E2
11551,4,train,0.023972362279891968,pdb_00008wwk_E1_E2
11552,4,train,0.5845673680305481,pdb_00009fyt_I_M
11553,4,train,0.013538568280637264,pdb_00009vmg_S1_S2
11554,4,train,0.40823793411254883,pdb_00009cpr_H_L
11555,4,train,0.7147387266159058,pdb_00008yub_D_E
11556,4,train,0.6427786350250244,pdb_00008dnn_E_F
11557,4,train,0.5061615705490112,pdb_00009ctw_F_E
11558,4,train,0.0709831565618515,pdb_00008id9_S1_S2
11559,4,train,0.01931707188487053,pdb_00009vmp_S1_S2
11560,4,train,0.019650394096970558,pdb_00008yuv_S1_S2
11561,4,train,0.8396870493888855,pdb_00006fax_H_L
11562,4,train,0.016121909022331238,pdb_00003ze2_E_F
11563,4,train,0.0358552485704422,pdb_00005j9p_A_B
11564,4,train,0.3445882499217987,pdb_00009jy3_P_O
11565,4,train,0.009843953885138035,pdb_00009vmn_S1_S2
11566,4,train,0.9143306612968445,pdb_00009npg_G_H
11567,4,train,0.36715519428253174,pdb_00008bg4_A1_A2
11568,4,train,0.6528303027153015,pdb_00003eo1_B_A
11569,4,train,0.5467643141746521,pdb_00004hg4_T_U
11570,4,train,0.5312753915786743,pdb_00004hg4_R_S
11571,4,train,0.46205437183380127,pdb_00009iz9_S_T
11572,4,train,1.3642812967300415,pdb_00009ml8_E_F
11573,4,train,0.5874143838882446,pdb_00006vja_H_L
11574,4,train,0.02255934104323387,pdb_00007aue_S1_S2
11575,4,train,0.8891610503196716,pdb_00007m7w_H_L
11576,4,train,0.9388908743858337,pdb_00007lg6_C_D
11577,4,train,0.6888439059257507,pdb_00003fku_S1_S2
11578,4,train,0.7906197309494019,pdb_00008g5b_H_L
11579,4,train,0.016798079013824463,pdb_00008wwj_E1_E2
11580,4,train,0.585955798625946,pdb_00008tx3_E_J
11581,4,train,1.9090496301651,pdb_00005i9q_B_C
11582,4,train,0.04522504284977913,pdb_00006x3w_K_L
11583,4,train,0.8806389570236206,pdb_00004ogx_H_L
11584,4,train,0.11995473504066467,pdb_00002dqf_E_D
11585,4,train,0.024374395608901978,pdb_00008y6w_D1_D2
11586,4,train,1.0967868566513062,pdb_00007yru_H_L
11587,4,train,0.7417375445365906,pdb_00008zdw_L_J
11588,4,train,0.7479797601699829,pdb_00008hn7_D_C
11589,4,train,0.8633784651756287,pdb_00008w86_E_F
11590,4,train,0.5045599937438965,pdb_00004zff_H_L
11591,4,train,0.04464058205485344,pdb_00003fb7_A_B
11592,4,train,0.9260244369506836,pdb_00009ml8_P_Q
11593,4,train,0.4645719826221466,pdb_00008i5l_E1_E2
11594,4,train,0.38009142875671387,pdb_00006kyz_B_C
11595,4,train,0.016663946211338043,pdb_00008k6o_S1_S2
11596,4,train,0.6632335782051086,pdb_00003nh7_K_O
11597,4,train,0.911961019039154,pdb_00008ezk_I1_I2
11598,4,train,1.0046366453170776,pdb_00007uvs_A_B
11599,4,train,0.06749613583087921,pdb_00008ubi_N2_N1
11600,4,train,0.5561763048171997,pdb_00007d85_E_F
11601,4,train,0.029581909999251366,pdb_00008gut_S1_S2
11602,4,train,0.33661457896232605,pdb_00009wb4_B_C
11603,4,train,0.015717819333076477,pdb_00008tb0_F1_F2
11604,4,train,0.6921361088752747,pdb_00008w83_M_N
11605,4,train,1.0592235326766968,pdb_00008z39_H_L
11606,4,train,0.28625723719596863,pdb_00001xgt_B_A
11607,4,train,0.38169392943382263,pdb_00008txu_E_J
11608,4,train,0.7474950551986694,pdb_00007zfb_H_L
11609,4,train,0.2700772285461426,pdb_00005aaw_D1_D2
11610,4,train,0.8955692052841187,pdb_00001nsn_H_L
11611,4,train,0.032620638608932495,pdb_00006xbm_S1_S2
11612,4,train,0.2778337001800537,pdb_00001dqj_B_A
11613,4,train,0.2273734211921692,pdb_00008vgh_F_E
11614,4,train,0.5818817615509033,pdb_00009quw_F_E
11615,4,train,0.8453636169433594,pdb_00007mkm_H_L
11616,4,train,0.955559492111206,pdb_00009n5z_A_B
11617,4,train,0.01324211061000824,pdb_00006adb_E_F
11618,4,train,1.042541742324829,pdb_00006hga_H_L
11619,4,train,1.1811959743499756,pdb_00006oel_H_L
11620,4,train,0.6977582573890686,pdb_00009oi3_M_N
11621,4,train,0.8024914264678955,pdb_00006hxw_C_D
11622,4,train,0.9142343401908875,pdb_00009p1m_F_E
11623,4,train,0.3514740765094757,pdb_00007pry_A_B
11624,4,train,0.6294901371002197,pdb_00007x2o_H_L
11625,4,train,0.01970250904560089,pdb_00008hqm_H1_H2
11626,4,train,0.9182378053665161,pdb_00006oc3_C_D
11627,4,train,1.0905206203460693,pdb_00005gs0_D_C
11628,4,train,0.4621709883213043,pdb_00005yoy_I_F
11629,4,train,0.7019328474998474,pdb_00009h4r_X_Y
11630,4,train,0.018842091783881187,pdb_00006adc_E_F
11631,4,train,1.1997910737991333,pdb_00009hvw_H_L
11632,4,train,0.7813963294029236,pdb_00004xnm_B_A
11633,4,train,0.5844465494155884,pdb_00003dvn_H_L
11634,4,train,0.5382546782493591,pdb_00007dk2_G_H
11635,4,train,0.010789947584271431,pdb_00008jef_S1_S2
11636,4,train,0.7643610239028931,pdb_00006k7o_F_G
11637,4,train,0.9193912148475647,pdb_00008e8y_H_L
11638,4,train,0.6649997234344482,pdb_00007t3d_C_D
11639,4,train,0.3038672208786011,pdb_00005yoy_Q_N
11640,4,train,0.02510581538081169,pdb_00007x10_E1_E2
11641,4,train,0.9219141602516174,pdb_00009riq_H_L
11642,4,train,0.40401846170425415,pdb_00008jen_G_H
11643,4,train,0.8831000328063965,pdb_00004ag4_H_L
11644,4,train,0.3610195219516754,pdb_00006bah_B_A
11645,4,train,0.26527899503707886,pdb_00007k8m_A_B
11646,4,train,0.8770092129707336,pdb_00009cfg_H_L
11647,4,train,0.9739988446235657,pdb_00008uf7_B_A
11648,4,train,0.4992099404335022,pdb_00009cn2_B1_B2
11649,4,train,0.9965354800224304,pdb_00009kyz_A_B
11650,4,train,0.7741740345954895,pdb_00008vk1_C_B
11651,4,train,0.6255970597267151,pdb_00009lho_O_N
11652,4,train,0.48155954480171204,pdb_00007vyt_B_C
11653,4,train,0.01855548843741417,pdb_00007vgz_F1_F2
11654,4,train,0.49988889694213867,pdb_00007cdj_H_L
11655,4,train,0.7822455167770386,pdb_00008gsd_H_L
11656,4,train,0.04092016816139221,pdb_00009ggg_S1_S2
11657,4,train,1.1602524518966675,pdb_00009y41_H_L
11658,4,train,0.028217634186148643,pdb_00007u0g_N1_N2
11659,4,train,0.7024133801460266,pdb_00004hj0_C_D
11660,4,train,0.028608432039618492,pdb_00006x3z_J_I
11661,4,train,1.1054258346557617,pdb_00008gb5_I_H
11662,4,train,0.016437143087387085,pdb_00009ik8_E1_E2
11663,4,train,0.09306930005550385,pdb_00006w0a_A_B
11664,4,train,0.029278619214892387,pdb_00008vrn_J_I
11665,4,train,0.01257752999663353,pdb_00003zdx_E_F
11666,4,train,1.1005607843399048,pdb_00008ywe_C2_C1
11667,4,train,0.6719151139259338,pdb_00007pa7_eee2_eee1
11668,4,train,0.3563227951526642,pdb_00006txz_I_M
11669,4,train,1.0331823825836182,pdb_00004u6h_C_D
11670,4,train,0.0362972728908062,pdb_00008t3q_N1_N2
11671,4,train,0.6232872605323792,pdb_00003eo1_K_J
11672,4,train,1.136803150177002,pdb_00008jn1_H_L
11673,4,train,0.537855863571167,pdb_00005kvf_H_L
11674,4,train,0.01148244272917509,pdb_00008z3m_S1_S2
11675,4,train,0.010823050513863564,pdb_00003nid_E_F
11676,4,train,0.013410577550530434,pdb_00008e9z_E1_E2
11677,4,train,0.04560178145766258,pdb_00007k5y_N2_N1
11678,4,train,0.013772702775895596,pdb_00002vdm_H_L
11679,4,train,0.885797381401062,pdb_00009mtj_M_N
11680,4,train,0.24682480096817017,pdb_00006yz7_HHH_LLL
11681,4,train,1.358890414237976,pdb_00009vnp_C_A
11682,4,train,0.025112219154834747,pdb_00008hvi_H1_H2
11683,4,train,0.07094897329807281,pdb_00008xxz_S1_S2
11684,4,train,0.17577381432056427,pdb_00009ouq_J_K
11685,4,train,0.3824489414691925,pdb_00007f7h_A_B
11686,4,train,0.888338029384613,pdb_00009b2m_H_L
11687,4,train,0.6904704570770264,pdb_00008v5v_f_g
11688,4,train,0.7609919309616089,pdb_00007t82_D_C
11689,4,train,0.3807106018066406,pdb_00007mzk_F_E
11690,4,train,0.4385865032672882,pdb_00006vvu_H_L
11691,4,train,0.9542514681816101,pdb_00009kvk_H_L
11692,4,train,0.01971322111785412,pdb_00007t6u_E1_E2
11693,4,train,0.655427873134613,pdb_00009vhz_A_B
11694,4,train,0.02226523496210575,pdb_00009kpf_S1_S2
11695,4,train,0.617422342300415,pdb_00008j7e_C_D
11696,4,train,0.48204487562179565,pdb_00008h7z_F_I
11697,4,train,0.2288852334022522,pdb_00006vmk_Z_Y
11698,4,train,0.24743160605430603,pdb_00009zqa_J2_J1
11699,4,train,0.021956687793135643,pdb_00007yon_S1_S2
11700,4,train,0.07911519706249237,pdb_00009zqb_I2_I1
11701,4,train,0.5532695055007935,pdb_00009lbs_D_C
11702,4,train,1.1669955253601074,pdb_00008kdr_H_L
11703,4,train,0.7933036684989929,pdb_00008cxg_G_I
11704,4,train,0.7971293330192566,pdb_00007t3d_H_L
11705,4,train,0.6544719934463501,pdb_00009k6y_H_L
11706,4,train,1.021737813949585,pdb_00008v52_D_C
11707,4,train,0.5818397998809814,pdb_00009oj4_B_A
11708,4,train,0.5132032036781311,pdb_00006pi7_F_E
11709,4,train,0.5124579071998596,pdb_00008bg5_A1_A2
11710,4,train,0.5608727335929871,pdb_00008too_D_C
11711,4,train,0.6338852643966675,pdb_00007mxl_H_L
11712,4,train,1.0221270322799683,pdb_00006plk_I_M
11713,4,train,0.013962921686470509,pdb_00003ze0_E_F
11714,4,train,1.225341796875,pdb_00006glx_C_D
11715,4,train,0.7851693034172058,pdb_00005h35_H_I
11716,4,train,0.7207189202308655,pdb_00007f3q_H_L
11717,4,train,0.8033169507980347,pdb_00004oii_H_L
11718,4,train,0.4826946556568146,pdb_00007jmo_H_L
11719,4,train,0.018852105364203453,pdb_00009v2n_S1_S2
11720,4,train,0.045105308294296265,pdb_00008jln_S1_S2
11721,4,train,0.8373408913612366,pdb_00009dn2_I_M
11722,4,train,0.2809322476387024,pdb_00006bae_B_A
11723,4,train,0.011449017561972141,pdb_00009vj6_E1_E2
11724,4,train,0.845573365688324,pdb_00009mtj_I_J
11725,4,train,0.9972964525222778,pdb_00008dv6_H_D
11726,4,train,0.7746784090995789,pdb_00001rjl_B_A
11727,4,train,0.5902943015098572,pdb_00007lq7_y_z
11728,4,train,0.48567306995391846,pdb_00007sts_A_B
11729,4,train,0.6368016004562378,pdb_00004gxu_W_X
11730,4,train,0.9404751062393188,pdb_00007shy_K_L
11731,4,train,0.848549485206604,pdb_00006h3u_H_L
11732,4,train,0.04576679319143295,pdb_00008sid_J_I
11733,4,train,0.5084123015403748,pdb_00007jum_H1_H2
11734,4,train,0.009745601564645767,pdb_00007yu3_S1_S2
11735,4,train,0.10141035914421082,pdb_00007k60_M2_M1
11736,4,train,0.6636574268341064,pdb_00008dnn_B_C
11737,4,train,0.3768295645713806,pdb_00009iz9_O_P
11738,4,train,0.44649049639701843,pdb_00009hhr_F_E
11739,4,train,0.013519729487597942,pdb_00007vfx_S1_S2
11740,4,train,0.009777202270925045,pdb_00008ic0_E1_E2
11741,4,train,0.8684482574462891,pdb_00007zoz_H_L
11742,4,train,0.026902558282017708,pdb_00008jpn_S1_S2
11743,4,train,0.1962166279554367,pdb_00006vmk_r_q
11744,4,train,0.6321746706962585,pdb_00008sdh_H_L
11745,4,train,0.26367315649986267,pdb_00004tnw_V_Z
11746,4,train,0.8999691009521484,pdb_00008dcm_A_B
11747,4,train,0.016553416848182678,pdb_00009jhp_S1_S2
11748,4,train,0.015014641918241978,pdb_00008u1u_E1_E2
11749,4,train,0.39014002680778503,pdb_00007xcz_D_E
11750,4,train,0.906792938709259,pdb_00007mzj_H_L
11751,4,train,0.6860877871513367,pdb_00008w83_A_B
11752,4,train,0.8265479207038879,pdb_00008dwo_U_V
11753,4,train,0.014660372398793697,pdb_00008zme_E1_E2
11754,4,train,0.8775220513343811,pdb_00009mkn_I_M
11755,4,train,0.007870066910982132,pdb_00009upu_S1_S2
11756,4,train,0.6472059488296509,pdb_00007ucq_H1_H2
11757,4,train,0.7742872834205627,pdb_00006ww5_E_F
11758,4,train,0.006419011391699314,pdb_00007rgp_E1_E2
11759,4,train,0.00749894930049777,pdb_00008k6n_S1_S2
11760,4,train,0.01615646667778492,pdb_00008xx3_S1_S2
11761,4,train,0.4848060607910156,pdb_00009l6c_A_B
11762,4,train,0.019723491743206978,pdb_00008j6r_S1_S2
11763,4,train,0.3396623134613037,pdb_00007mjl_H_L
11764,4,train,0.007819397374987602,pdb_00007ew7_E1_E2
11765,4,train,0.8950648307800293,pdb_00007uxl_A_B
11766,4,train,0.02230895310640335,pdb_00007t96_E1_E2
11767,4,train,0.01946493238210678,pdb_00008id4_S1_S2
11768,4,train,0.5618941187858582,pdb_00002i9l_B_A
11769,4,train,1.1355643272399902,pdb_00009rim_H_L
11770,4,train,0.8525447845458984,pdb_00004xzu_A_B
11771,4,train,0.6284961104393005,pdb_00002iff_H_L
11772,4,train,0.5488241910934448,pdb_00005xhv_P_Q
11773,4,train,0.3412289619445801,pdb_00007s0b_A_B
11774,4,train,0.018491001799702644,pdb_00008y01_S1_S2
11775,4,train,0.6702743768692017,pdb_00008sdf_B_C
11776,4,train,0.8571960926055908,pdb_00005wko_C_D
11777,4,train,0.09456237405538559,pdb_00006k5i_C_D
11778,4,train,0.05256367847323418,pdb_00008sps_K1_K2
11779,4,train,0.5612457394599915,pdb_00009q7b_L_M
11780,4,train,0.2540266513824463,pdb_00005aam_A1_A2
11781,4,train,0.21536818146705627,pdb_00006yor_H_L
11782,4,train,0.9653116464614868,pdb_00005ggs_C_D
11783,4,train,0.018939975649118423,pdb_00007k5x_M2_M1
11784,4,train,0.08983806520700455,pdb_00006w0g_A_B
11785,4,train,1.3134477138519287,pdb_00003lqa_H_L
11786,4,train,0.4605729281902313,pdb_00008jel_I_K
11787,4,train,0.7370808720588684,pdb_00006wtu_H_I
11788,4,train,0.13866446912288666,pdb_00005aaw_K1_K2
11789,4,train,0.8755491971969604,pdb_00007uvi_D_E
11790,4,train,0.7606114149093628,pdb_00001orq_B_A
11791,4,train,0.6399802565574646,pdb_00008cma_H_L
11792,4,train,0.011447887867689133,pdb_00008ykw_E1_E2
11793,4,train,0.8927941918373108,pdb_00007s0x_H_L
11794,4,train,0.7727541327476501,pdb_00009mqd_H_L
11795,4,train,0.02585163526237011,pdb_00008yn8_E1_E2
11796,4,train,0.4044291079044342,pdb_00002x7l_A_B
11797,4,train,0.050505589693784714,pdb_00002itc_A_B
11798,4,train,0.011625559069216251,pdb_00009uam_E1_E2
11799,4,train,0.014571892097592354,pdb_00007s8o_E1_E2
11800,4,train,0.17627635598182678,pdb_00006vmk_E_D
11801,4,train,0.6365128755569458,pdb_00008jqs_h_l
11802,4,train,0.3711839020252228,pdb_00009cia_D_C
11803,4,train,0.6150128841400146,pdb_00007tzh_A1_A2
11804,4,train,0.5502820611000061,pdb_00004dn4_H_L
11805,4,train,1.1129227876663208,pdb_00005e94_D_C
11806,4,train,0.5814627408981323,pdb_00001fj1_D_C
11807,4,train,0.6474306583404541,pdb_00009ban_E_F
11808,4,train,0.014775258488953114,pdb_00007wig_S1_S2
11809,4,train,0.050487205386161804,pdb_00006k5d_C_D
11810,4,train,0.4548838436603546,pdb_000011ol_H_L
11811,4,train,1.0107104778289795,pdb_00007unb_H_L
11812,4,train,1.0578736066818237,pdb_00007s11_H_L
11813,4,train,1.1339904069900513,pdb_00002r56_H_L
11814,4,train,0.012223671190440655,pdb_00009ik9_E1_E2
11815,4,train,0.9773871898651123,pdb_00009cu7_I_M
11816,4,train,1.0721367597579956,pdb_00006xpz_B_C
11817,4,train,0.6632503867149353,pdb_00009og2_D_E
11818,4,train,0.38057753443717957,pdb_00008f2j_H_L
11819,4,train,0.416596919298172,pdb_00007f6z_H_L
11820,4,train,0.9003939032554626,pdb_00008y3i_I_J
11821,4,train,1.267065405845642,pdb_00003lzf_H_L
11822,4,train,0.36018410325050354,pdb_00007pry_F_G
11823,4,train,0.5376662611961365,pdb_00007klh_I_M
11824,4,train,0.011156930588185787,pdb_00007tuz_E1_E2
11825,4,train,0.7738959789276123,pdb_00008f6x_D1_D2
11826,4,train,0.020937573164701462,pdb_00002vdo_H_L
11827,4,train,0.01663372479379177,pdb_00009vif_S1_S2
11828,4,train,0.6662752032279968,pdb_00007t3d_J_M
11829,4,train,1.2085955142974854,pdb_00008tfn_H_L
11830,4,train,0.12162645161151886,pdb_00006vmk_P_O
11831,4,train,0.6184930205345154,pdb_00009vft_F_E
11832,4,train,0.7564869523048401,pdb_00009m7v_H_L
11833,4,train,0.5981864333152771,pdb_00007xsc_A_B
11834,4,train,1.1565625667572021,pdb_00004kuc_H_D
11835,4,train,0.5629218220710754,pdb_00008hpu_M_N
11836,4,train,0.010790796019136906,pdb_00009l80_S1_S2
11837,4,train,0.018143313005566597,pdb_00008zfz_D1_D2
11838,4,train,0.8870378136634827,pdb_00007y3n_C_D
11839,4,train,0.014685375615954399,pdb_00007eb2_N1_N2
11840,4,train,0.010022515431046486,pdb_00007ufh_E_F
11841,4,train,0.05419718474149704,pdb_00002exy_C_D
11842,4,train,1.080665111541748,pdb_00005hbv_D_C
11843,4,train,0.006690259091556072,pdb_00007eo2_E1_E2
11844,4,train,0.006025475449860096,pdb_00007vgy_E1_E2
11845,4,train,0.3989737331867218,pdb_00007o7f_H_F
11846,4,train,0.02955055609345436,pdb_00002boc_A_B
11847,4,train,0.5197832584381104,pdb_00008tui_H_L
11848,4,train,0.8421105742454529,pdb_00008u4q_H_L
11849,4,train,0.01646878756582737,pdb_00001ott_C_D
11850,4,train,0.9689080715179443,pdb_00007wcr_a_b
11851,4,train,0.8276311159133911,pdb_00008dxt_H_L
11852,4,train,0.7641780376434326,pdb_00009dm0_C_D
11853,4,train,0.5242437124252319,pdb_00008w84_A_B
11854,4,train,0.7533683776855469,pdb_00007djz_A_B
11855,4,train,0.5442012548446655,pdb_00007wqv_P1_P2
11856,4,train,0.014614163897931576,pdb_00007wf7_E1_E2
11857,4,train,1.4098718166351318,pdb_00005tfw_H_L
11858,4,train,0.30505678057670593,pdb_00009hhr_D_G
11859,4,train,0.012991267256438732,pdb_00009l42_E1_E2
11860,4,train,0.6511779427528381,pdb_00008g5b_I_M
11861,4,train,0.5381360650062561,pdb_00003nh7_J_N
11862,4,train,0.011547531932592392,pdb_00008e9x_E1_E2
11863,4,train,0.35444408655166626,pdb_00006xc4_H_L
11864,4,train,0.43478333950042725,pdb_00008j8r_D_E
11865,4,train,0.40223756432533264,pdb_00009me5_I_M
11866,4,train,0.5475719571113586,pdb_00009h4s_H_L
11867,4,train,0.1337195783853531,pdb_00009zq9_J2_J1
11868,4,train,0.8482357263565063,pdb_00007scn_H_L
11869,4,train,0.5601507425308228,pdb_00003fku_X1_X2
11870,4,train,0.6735609173774719,pdb_00008jio_C_B
11871,4,train,0.024011453613638878,pdb_00006xbk_S1_S2
11872,4,train,0.47914788126945496,pdb_00007cho_H_L
11873,4,train,0.025869635865092278,pdb_00008x8n_E1_E2
11874,4,train,0.7392083406448364,pdb_00009axl_H_L
11875,4,train,1.4474985599517822,pdb_00003mj9_H_L
11876,4,train,0.6719124913215637,pdb_00001fsk_I_H
11877,4,train,0.6128625273704529,pdb_00009mqd_I_M
11878,4,train,0.7735889554023743,pdb_00006a4k_I_M
11879,4,train,1.0435792207717896,pdb_00007yvf_C_A
11880,4,train,0.5007312297821045,pdb_00002jix_D_G
11881,4,train,0.10938006639480591,pdb_00006x3z_K_L
11882,4,train,0.008903001435101032,pdb_00009uk2_E1_E2
11883,4,train,0.5472748279571533,pdb_00005kov_I1_I2
11884,4,train,0.8163245916366577,pdb_00009n4e_O_R
11885,4,train,0.01819242164492607,pdb_00008jlk_S1_S2
11886,4,train,0.0513000451028347,pdb_00008hqn_H1_H2
11887,4,train,0.4414966106414795,pdb_00009n7q_H_L
11888,4,train,0.011468415148556232,pdb_00009kz2_H1_H2
11889,4,train,0.018494170159101486,pdb_00007na7_N1_N2
11890,4,train,0.013758196495473385,pdb_00006lfm_S1_S2
11891,4,train,0.8491119146347046,pdb_00009gwt_H_L
11892,4,train,0.6518468856811523,pdb_00007eam_C_D
11893,4,train,0.34482690691947937,pdb_00008as0_W_V
11894,4,train,0.5821923613548279,pdb_00008y0y_D1_D4
11895,4,train,0.8124183416366577,pdb_00008xe9_A_B
11896,4,train,1.059045672416687,pdb_00009mtg_I_J
11897,4,train,0.5933483242988586,pdb_00009mla_H_K
11898,4,train,0.02225193753838539,pdb_00006os9_D1_D2
11899,4,train,0.20091499388217926,pdb_00008vgi_H_G
11900,4,train,0.44560056924819946,pdb_00009k6j_A_B
11901,4,train,0.01509247999638319,pdb_00008hj5_C1_C2
11902,4,train,0.023448137566447258,pdb_00008yn4_E1_E2
11903,4,train,0.32319679856300354,pdb_00008smt_H_L
11904,4,train,0.4738650321960449,pdb_00009jy2_B_A
11905,4,train,0.5017557740211487,pdb_00008vgl_E_F
11906,4,train,0.794459342956543,pdb_00009npg_A_B
11907,4,train,0.19699180126190186,pdb_00008vgk_H_G
11908,4,train,0.7144882082939148,pdb_00006k7o_B_C
11909,4,train,0.6678074598312378,pdb_00009q5v_K_J
11910,4,train,1.226304292678833,pdb_00009leo_A_B
11911,4,train,0.5409008264541626,pdb_00007cgw_H_L
11912,4,train,0.03530178219079971,pdb_00008z8a_S1_S2
11913,4,train,0.023379361256957054,pdb_00007trp_H1_H2
11914,4,train,0.1740845888853073,pdb_00003rif_H_L
11915,4,train,0.7089359760284424,pdb_00009dzf_H_L
11916,4,train,0.6994987726211548,pdb_00006vgr_C_D
11917,4,train,0.0591949000954628,pdb_00006dzt_N1_N2
11918,4,train,0.5051367282867432,pdb_00003nh7_H_L
11919,4,train,0.536480724811554,pdb_00003eo1_E_D
11920,4,train,0.6478163003921509,pdb_00008wu1_H_L
11921,4,train,0.01208067312836647,pdb_00007y66_S1_S2
11922,4,train,0.5605829358100891,pdb_00009dzg_H_L
11923,4,train,0.20351023972034454,pdb_00009ge3_F1_F2
11924,4,train,0.5650063753128052,pdb_00008ulf_K_O
11925,4,train,0.009699176996946335,pdb_00009vi9_S1_S2
11926,4,train,0.37324339151382446,pdb_00008i5l_D1_D2
11927,4,train,0.8871084451675415,pdb_00006mlm_K_L
11928,4,train,1.0282580852508545,pdb_00007kqh_C_D
11929,4,train,0.026965944096446037,pdb_00009ejc_D1_D2
11930,4,train,0.6075866222381592,pdb_00002fjh_B_A
11931,4,train,0.537202775478363,pdb_00001kiq_B_A
11932,4,train,1.1620482206344604,pdb_00007r8u_HHH_LLL
11933,4,train,0.018717460334300995,pdb_00007vug_S1_S2
11934,4,train,1.0333731174468994,pdb_00007cqd_H_L
11935,4,train,0.06243039667606354,pdb_00008jt6_E1_E2
11936,4,train,0.7891314625740051,pdb_00006t3j_F_G
11937,4,train,0.6403105854988098,pdb_00008y3k_I_J
11938,4,train,0.294719934463501,pdb_00006b3s_C_D
11939,4,train,0.12508787214756012,pdb_00003rhw_H_L
11940,4,train,0.3676016330718994,pdb_00003ri5_G_K
11941,4,train,0.42217203974723816,pdb_00005dhx_L2_L1
11942,4,train,0.8655586242675781,pdb_00005a3i_C_D
11943,4,train,0.22964128851890564,pdb_00001g7m_B_A
11944,4,train,0.14170044660568237,pdb_00009oun_H_L
11945,4,train,0.5511666536331177,pdb_00007mem_H_L
11946,4,train,1.2153970003128052,pdb_00008tp5_E_F
11947,4,train,1.27834951877594,pdb_00006xq0_B_C
11948,4,train,0.5852537155151367,pdb_00008wpw_C_D
11949,4,train,0.08686350286006927,pdb_00009xhh_D1_D2
11950,4,train,0.8156464695930481,pdb_00007w71_H_L
11951,4,train,0.06863978505134583,pdb_00003stl_A_B
11952,4,train,0.867461085319519,pdb_00008gs9_H_K
11953,4,train,0.512529730796814,pdb_00009irs_H_L
11954,4,train,0.6839904189109802,pdb_00007x6o_I_K
11955,4,train,1.0610486268997192,pdb_00007x3d_H_L
11956,4,train,0.5789678692817688,pdb_00006ban_B_A
11957,4,train,0.3005165159702301,pdb_00004tnw_X_i
11958,4,train,0.01979985274374485,pdb_00008k3z_S1_S2
11959,4,train,0.7157514095306396,pdb_00004al8_H_L
11960,4,train,0.04639827087521553,pdb_00008iw1_S1_S2
11961,4,train,0.00952924694865942,pdb_00002vdk_H_L
11962,4,train,1.319832444190979,pdb_00008ezl_H1_H2
11963,4,train,0.3033905029296875,pdb_00008elp_H_L
11964,4,train,0.9426817297935486,pdb_00006bpa_B_C
11965,4,train,0.04272995889186859,pdb_00008y72_E1_E2
11966,4,train,0.5171915888786316,pdb_00007wqv_N1_N2
11967,4,train,0.3080512583255768,pdb_00003ri5_F_N
11968,4,train,0.6596588492393494,pdb_00008zd5_H_I
11969,4,train,0.012036627158522606,pdb_00007t6s_E1_E2
11970,4,train,0.013625528663396835,pdb_00009ije_D1_D2
11971,4,train,1.2706458568572998,pdb_00005d1z_F_E
11972,4,train,0.0252072811126709,pdb_00007u0j_N1_N2
11973,4,train,0.5669748187065125,pdb_00005xhv_H_L
11974,4,train,0.6467917561531067,pdb_00008hrd_D_F
11975,4,train,0.02229815535247326,pdb_00009m55_S1_S2
11976,4,train,0.7995580434799194,pdb_00005kov_E1_E2
11977,4,train,0.22687076032161713,pdb_00001g7h_B_A
11978,4,train,0.2964615225791931,pdb_00008i5h_H_L
11979,4,train,0.8835231065750122,pdb_00007cqd_I_M
11980,4,train,0.6002705097198486,pdb_00004lf3_B_A
11981,4,train,0.008639981038868427,pdb_00008id6_S1_S2
11982,4,train,0.6033337116241455,pdb_00008go8_I_M
11983,4,train,0.7706957459449768,pdb_00008khr_H_L
11984,4,train,0.2653100788593292,pdb_00008wnp_D_C
11985,4,train,0.01730199158191681,pdb_00008i9l_H1_H2
11986,4,train,0.397463858127594,pdb_00008bcz_C_D
11987,4,train,0.0113915940746665,pdb_00009ll7_S1_S2
11988,4,train,0.10005941987037659,pdb_00008ihi_S1_S2
11989,4,train,0.017717570066452026,pdb_00008x8l_E1_E2
11990,4,train,0.007942304015159607,pdb_00007wv9_S1_S2
11991,4,train,0.32353395223617554,pdb_00007lop_W_V
11992,4,train,0.975890040397644,pdb_00003qwo_A_B
11993,4,train,0.026581063866615295,pdb_00003fb6_A_B
11994,4,train,1.0637482404708862,pdb_00002ybr_G_H
11995,4,train,1.3576021194458008,pdb_00007rco_F_E
11996,4,train,0.5279526710510254,pdb_00002wuc_H_L
11997,4,train,0.029828187078237534,pdb_00008g05_E1_E2
11998,4,train,0.7212925553321838,pdb_00009cfe_A_B
11999,4,train,0.014267782680690289,pdb_00009j5v_S1_S2
12000,4,train,0.7771148681640625,pdb_00007ttx_H_L
12001,4,train,0.22120428085327148,pdb_00006vmk_u_t
12002,4,train,0.013146989978849888,pdb_00007xjj_S1_S2
12003,4,train,0.9495227932929993,pdb_00002zck_H_L
12004,4,train,0.345040887594223,pdb_00001xiw_D_C
12005,4,train,0.019351232796907425,pdb_00007vdh_S1_S2
12006,4,train,0.2027827501296997,pdb_00001uac_H_L
12007,4,train,0.03268370404839516,pdb_00007jvr_E1_E2
12008,4,train,0.37364089488983154,pdb_00008jel_C_D
12009,4,train,0.16730348765850067,pdb_00008j22_F1_F2
12010,4,train,0.033930227160453796,pdb_00001ots_C_D
12011,4,train,0.602619469165802,pdb_00004n90_H_I
12012,4,train,0.01218060776591301,pdb_00009jmd_E1_E2
12013,4,train,0.603469967842102,pdb_00003u30_F_E
12014,4,train,0.6850554943084717,pdb_00001tqb_B_C
12015,4,train,0.015151937492191792,pdb_00007xw9_S1_S2
12016,4,train,0.781447172164917,pdb_00008eed_I_J
12017,4,train,1.0704501867294312,pdb_00007n4j_H_L
12018,4,train,0.6296535730361938,pdb_00009b82_N_M
12019,4,train,0.690521240234375,pdb_00007wvd_G_H
12020,4,train,0.5220438838005066,pdb_00007m6d_H_L
12021,4,train,0.3614221215248108,pdb_00005dhx_B2_B1
12022,4,train,0.5285011529922485,pdb_00004qci_H_L
12023,4,train,0.016622690483927727,pdb_00008ijb_S1_S2
12024,4,train,1.0703853368759155,pdb_00007yh6_H_L
12025,4,train,0.10423281043767929,pdb_00006vmk_S_R
12026,4,train,0.8393557071685791,pdb_00007ebz_E_F
12027,4,train,0.18358711898326874,pdb_00006z2m_B_C
12028,4,train,0.020722143352031708,pdb_00008dk5_N1_N2
12029,4,train,0.035364631563425064,pdb_00009m0r_S1_S2
12030,4,train,0.018457258120179176,pdb_00007ukt_E_F
12031,4,train,0.9169496893882751,pdb_00006t9d_HHH_LLL
12032,4,train,0.28314584493637085,pdb_00008f2j_A_B
12033,4,train,0.5340502858161926,pdb_00007whz_B_D
12034,4,train,0.8985917568206787,pdb_00008tp5_H_L
12035,4,train,0.5122831463813782,pdb_00005w0k_E_F
12036,4,train,0.5968577861785889,pdb_00008vgm_H_L
12037,4,train,1.0729117393493652,pdb_00007rco_D_C
12038,4,train,0.09315455704927444,pdb_00008e9w_E1_E2
12039,4,train,0.14850179851055145,pdb_00001ic7_H_L
12040,4,train,0.6800442934036255,pdb_00004gxu_Q_R
12041,4,train,1.1797271966934204,pdb_00007y6l_H_L
12042,4,train,1.0090631246566772,pdb_00009oea_H_L
12043,4,train,0.41037407517433167,pdb_00008ulf_I_M
12044,4,train,1.0402253866195679,pdb_00009yyu_J_N
12045,4,train,0.4986999034881592,pdb_00007wqv_L1_L2
12046,4,train,1.2826132774353027,pdb_00006uyn_H_L
12047,4,train,0.6725594997406006,pdb_00009bt5_E_F
12048,4,train,0.6262645721435547,pdb_00008y31_D_C
12049,4,train,0.010845392011106014,pdb_00007y24_S1_S2
12050,4,train,0.9698898196220398,pdb_00007dm1_D_C
12051,4,train,1.366445779800415,pdb_00008hgm_C_D
12052,4,train,0.007793093100190163,pdb_00007t10_S1_S2
12053,4,train,0.5769818425178528,pdb_00004odx_H_B
12054,4,train,0.4266957640647888,pdb_00008i0n_H_L
12055,4,train,0.010692420415580273,pdb_00009k3f_S1_S2
12056,4,train,0.6956188678741455,pdb_00007bbj_H_L
12057,4,train,0.009886186569929123,pdb_00008jxt_E1_E2
12058,4,train,0.3210287392139435,pdb_00005dhy_H_L
12059,4,train,1.0359774827957153,pdb_00007n0a_B_A
12060,4,train,0.7033222317695618,pdb_00008u4s_F_E
12061,4,train,0.6583360433578491,pdb_00009cff_H_L
12062,4,train,1.2667542695999146,pdb_00007ean_H_L
12063,4,train,0.02658080868422985,pdb_00002fed_E_F
12064,4,train,0.8071344494819641,pdb_00004wv1_E_D
12065,4,train,0.9000446796417236,pdb_00004hg4_P_Q
12066,4,train,0.8036566972732544,pdb_00007zfb_C_D
12067,4,train,0.024222172796726227,pdb_00008j21_B1_B2
12068,4,train,0.04054240882396698,pdb_00008u9s_M2_M1
12069,4,train,0.729034423828125,pdb_00009n4e_Q_P
12070,4,train,0.5067603588104248,pdb_00002r0l_H_L
12071,4,train,0.016655130311846733,pdb_00008u9s_N2_N1
12072,4,train,0.9864077568054199,pdb_00007l5j_Y_X
12073,4,train,0.27093029022216797,pdb_00001kir_B_A
12074,4,train,0.08949354290962219,pdb_00009ov4_J_K
12075,4,train,0.49851667881011963,pdb_00007mzj_F_E
12076,4,train,0.1951923668384552,pdb_00008vgj_H_G
12077,4,train,0.7871308922767639,pdb_00005wko_G_H
12078,4,train,0.7753053903579712,pdb_00007det_B1_B2
12079,4,train,0.0367894284427166,pdb_00007ys6_E1_E2
12080,4,train,0.684937596321106,pdb_00002vit_B_A
12081,4,train,0.26044902205467224,pdb_00009exa_F_E
12082,4,train,0.015923285856842995,pdb_00008jlr_S1_S2
12083,4,train,0.7973976731300354,pdb_00009npg_D_E
12084,4,train,0.7249653339385986,pdb_00009lsj_D1_E2
12085,4,train,0.08133765310049057,pdb_00007f2o_S1_S2
12086,4,train,0.031238803640007973,pdb_00009izd_S1_S2
12087,4,train,0.6807559132575989,pdb_00006n5e_E_D
12088,4,train,0.4736896753311157,pdb_00008y3h_I_J
12089,4,train,0.019216738641262054,pdb_00009jfy_S1_S2
12090,4,train,0.7368735074996948,pdb_00007chc_A_B
12091,4,train,0.7663506865501404,pdb_00007deu_B1_B2
12092,4,train,0.5397064685821533,pdb_00007ws2_E_D
12093,4,train,0.581061840057373,pdb_00006vgr_H_L
12094,4,train,0.6871287226676941,pdb_00008y3i_G_H
12095,4,train,0.691700279712677,pdb_00008vsj_H_L
12096,4,train,0.6206608414649963,pdb_00006h3u_I_M
12097,4,train,0.014861703850328922,pdb_00008i97_H1_H2
12098,4,train,0.8741183280944824,pdb_00007bsc_H_L
12099,4,train,0.023961393162608147,pdb_00006dde_E1_E2
12100,4,train,0.5054651498794556,pdb_00007rk2_C1_C2
12101,4,train,0.028529684990644455,pdb_00007tho_E_F
12102,4,train,0.507306694984436,pdb_00007xik_H_L
12103,4,train,0.7289897203445435,pdb_00007t3d_O_Q
12104,4,train,0.9491671919822693,pdb_00008gpu_C_D
12105,4,train,0.8913102746009827,pdb_00006ek2_H1_H2
12106,4,train,0.03769421949982643,pdb_00008x16_H1_H2
12107,4,train,0.5429853796958923,pdb_00008cn9_L_K
12108,4,train,0.6444946527481079,pdb_00007zfc_H_L
12109,4,train,0.7804005146026611,pdb_00007lfa_B_D
12110,4,train,0.8538548350334167,pdb_00007x3e_H_L
12111,4,train,0.044578853994607925,pdb_00007u0i_K1_K2
12112,4,train,0.8954551219940186,pdb_00003c09_C_B
12113,4,train,0.018579430878162384,pdb_00008k4n_E1_E2
12114,4,train,0.6566742062568665,pdb_00005ggt_H_L
12115,4,train,0.9332582354545593,pdb_00006vc9_H_L
12116,4,train,0.6887166500091553,pdb_00007bsd_A_B
12117,4,train,0.01424493920058012,pdb_00009l79_S1_S2
12118,4,train,0.018989229574799538,pdb_00008hpt_H1_H2
12119,4,train,0.6407637596130371,pdb_00009mqa_I_M
12120,4,train,0.016088224947452545,pdb_00009kxs_H1_H2
12121,4,train,0.1382613331079483,pdb_00006vmk_l_k
12122,4,train,0.5992987751960754,pdb_00001dee_F_E
12123,4,train,0.7841904163360596,pdb_00008tbq_A_B
12124,4,train,0.5556584000587463,pdb_00007sk7_D_C
12125,4,train,0.4082958996295929,pdb_00007ejy_H_L
12126,4,train,0.02275027520954609,pdb_00007xbd_E1_E2
12127,4,train,0.015424693003296852,pdb_00007y67_S1_S2
12128,4,train,0.008801763877272606,pdb_00008k6m_S1_S2
12129,4,train,0.008767115883529186,pdb_00008gag_S1_S2
12130,4,train,1.5263689756393433,pdb_00006ddv_B_A
12131,4,train,0.019591517746448517,pdb_00009iyb_E1_E2
12132,4,train,0.36405277252197266,pdb_00008as0_N_M
12133,4,train,1.098150610923767,pdb_00007y0w_A_B
12134,4,train,1.0708589553833008,pdb_00009ma7_D_E
12135,4,train,1.4186049699783325,pdb_00008kep_H_L
12136,4,train,0.026691047474741936,pdb_00008ij3_S1_S2
12137,4,train,0.5222858786582947,pdb_00007whz_H_L
12138,4,train,0.6148698329925537,pdb_00007ucq_I1_I2
12139,4,train,0.16695353388786316,pdb_00008vgi_K_L
12140,4,train,0.7558778524398804,pdb_00007fci_H_L
12141,4,train,0.36997583508491516,pdb_00007kfv_F_G
12142,4,train,0.007053088396787643,pdb_00009vjf_E1_E2
12143,4,train,0.04757973551750183,pdb_00003fb8_A_B
12144,4,train,1.5896010398864746,pdb_00009lbw_H_L
12145,4,train,0.6433879733085632,pdb_00008cz8_A2_A1
12146,4,train,0.3788239061832428,pdb_00008jen_C_D
12147,4,train,0.8830562829971313,pdb_00006ejg_D2_D1
12148,4,train,0.013074218295514584,pdb_00007s8l_E1_E2
12149,4,train,0.8635625839233398,pdb_00003eoa_H_L
12150,4,train,0.7113061547279358,pdb_00009mif_H_L
12151,4,train,0.7693504095077515,pdb_00006t9d_AAA_BBB
12152,4,train,0.8630481362342834,pdb_00009mtl_I_J
12153,4,train,0.9658571481704712,pdb_00008hrd_L_M
12154,4,train,0.02357088401913643,pdb_00007ezm_H1_H2
12155,4,train,0.6371797323226929,pdb_00008dn7_A_B
12156,4,train,0.0410110279917717,pdb_00008tzq_E1_E2
12157,4,train,0.021096639335155487,pdb_00009kvg_E1_E2
12158,4,train,0.6682472825050354,pdb_00001za3_B_A
12159,4,train,0.01095624640583992,pdb_00008xqp_S1_S2
12160,4,train,0.027217570692300797,pdb_00008wwl_E1_E2
12161,4,train,0.2843411862850189,pdb_00008jen_A_B
12162,4,train,1.1905714273452759,pdb_00009e3l_K_L
12163,4,train,0.024990422651171684,pdb_00008j6i_H1_H2
12164,4,train,0.009614643640816212,pdb_00007s8p_E1_E2
12165,4,train,1.0125298500061035,pdb_00008zre_h_l
12166,4,train,0.8537665009498596,pdb_00006hjp_G_H
12167,4,train,0.9893642067909241,pdb_00007c88_A_B
12168,4,train,0.015308333560824394,pdb_00007y1f_E1_E2
12169,4,train,0.8616310954093933,pdb_00009mtf_I_J
12170,4,train,0.013307783752679825,pdb_00007vig_E1_E2
12171,4,train,0.5984292030334473,pdb_00007dpm_A_B
12172,4,train,0.9245940446853638,pdb_00007mzj_N_M
12173,4,train,0.7255814075469971,pdb_00008jin_P2_P1
12174,4,train,0.013086962513625622,pdb_00008dwg_E1_E2
12175,4,train,0.5357635617256165,pdb_00007rks_H_L
12176,4,train,0.014675408601760864,pdb_00007uk9_E_F
12177,4,train,0.009949153289198875,pdb_00004z7q_E_F
12178,4,train,0.6690347790718079,pdb_00002eks_B_A
12179,4,train,1.2633932828903198,pdb_00005d1z_D_C
12180,4,train,0.11329717934131622,pdb_00003det_C_D
12181,4,train,0.6609442830085754,pdb_00007vyr_H_L
12182,4,train,0.6793307065963745,pdb_00007dq7_H_L
12183,4,train,0.5984227657318115,pdb_00004ma7_H_L
12184,4,train,0.5634323358535767,pdb_00009bt5_C_D
12185,4,train,0.026531800627708435,pdb_00008yuu_S1_S2
12186,4,train,0.03007856383919716,pdb_00008xgs_D1_D2
12187,4,train,0.9064635038375854,pdb_00004f37_F_K
12188,4,train,1.1183990240097046,pdb_00002vxq_H_L
12189,4,train,0.8868355751037598,pdb_00007q6c_H_L
12190,4,train,0.024357397109270096,pdb_00002ht3_C_D
12191,4,train,0.013932015746831894,pdb_00007vkt_E1_E2
12192,4,train,0.11739664524793625,pdb_00006x40_K_L
12193,4,train,0.039779454469680786,pdb_00009ipv_S1_S2
12194,4,train,0.7461752891540527,pdb_00007l7e_M_N
12195,4,train,0.9828757047653198,pdb_00006dfj_H_L
12196,4,train,0.009401651099324226,pdb_00008vvf_E1_E2
12197,4,train,0.27801066637039185,pdb_00004ioi_B_A
12198,4,train,0.6178896427154541,pdb_00005wko_A_B
12199,4,train,0.012543457560241222,pdb_00009lrs_E1_E2
12200,4,train,0.5498020648956299,pdb_00007bpk_C_D
12201,4,train,0.009145161136984825,pdb_00003ejy_E_F
12202,4,train,0.6495261788368225,pdb_00008f0h_H_L
12203,4,train,0.1509091705083847,pdb_00009oup_H_L
12204,4,train,0.17297714948654175,pdb_00001nbz_B_A
12205,4,train,0.5368545651435852,pdb_00008j7e_A_B
12206,4,train,0.9499108791351318,pdb_00007xj9_K_J
12207,4,train,0.483672559261322,pdb_00008hn6_C_D
12208,4,train,0.5848366022109985,pdb_00009mla_I_L
12209,4,train,0.05287729948759079,pdb_00007k61_M2_M1
12210,4,train,0.011675778776407242,pdb_00008utd_D1_D2
12211,4,train,0.7794026136398315,pdb_00004oii_I_M
12212,4,train,0.3911539316177368,pdb_00007kf0_H_L
12213,4,train,0.417667031288147,pdb_00001dzb_A1_A2
12214,4,train,0.6593731641769409,pdb_00007bbj_M_N
12215,4,train,0.8983003497123718,pdb_00007upb_B_E
12216,4,train,0.014155778102576733,pdb_00008zqe_S1_S2
12217,4,train,1.5873652696609497,pdb_00008ulj_H_L
12218,4,train,0.5618069767951965,pdb_00009ccs_C_B
12219,4,train,0.6755289435386658,pdb_00008q6j_D_C
12220,4,train,0.009106975048780441,pdb_00008xzf_S1_S2
12221,4,train,0.07300820201635361,pdb_00006adb_C_D
12222,4,train,0.545982301235199,pdb_00007xsc_D_H
12223,4,train,0.7901618480682373,pdb_00007scn_J_K
12224,4,train,0.21994945406913757,pdb_00001dzb_B1_B2
12225,4,train,0.6361055374145508,pdb_00007ubs_I1_I2
12226,4,train,0.38752028346061707,pdb_00008dn6_C_D
12227,4,train,0.5794848203659058,pdb_00009bao_G_H
12228,4,train,0.06278706341981888,pdb_00007e33_E1_E2
12229,4,train,1.0835472345352173,pdb_00005lsp_H_L
12230,4,train,0.12401982396841049,pdb_00009ctu_F_E
12231,4,train,0.8082634806632996,pdb_00008ee8_H_L
12232,4,train,0.03369147703051567,pdb_00008iyw_H1_H2
12233,4,train,0.1826581507921219,pdb_00006zlr_BBB_CCC
12234,4,train,0.4461747109889984,pdb_00009lrf_H_L
12235,4,train,0.012842699885368347,pdb_00009iy8_S1_S2
12236,4,train,0.011872516945004463,pdb_00008dzr_E1_E2
12237,4,train,0.679836094379425,pdb_00008yx9_G_I
12238,4,train,0.00913620088249445,pdb_00009v81_E1_E2
12239,4,train,0.42473480105400085,pdb_00009wsv_H_L
12240,4,train,0.896112322807312,pdb_00004l5f_H_L
12241,4,train,0.5435969829559326,pdb_00009qub_F_E
12242,4,train,0.1126125380396843,pdb_00008sgo_J_I
12243,4,train,0.5823888778686523,pdb_00007l7e_E_F
12244,4,train,0.6374549269676208,pdb_00007f0x_B1_B2
12245,4,train,0.11488469690084457,pdb_00009oum_H_L
12246,4,train,0.8534646034240723,pdb_00001n6q_H_L
12247,4,train,0.02509753778576851,pdb_00008iz4_E1_E2
12248,4,train,0.020886477082967758,pdb_00008rql_S1_S2
12249,4,train,0.0350583977997303,pdb_00003gb7_A_B
12250,4,train,0.8711796998977661,pdb_00006flc_H_L
12251,4,train,0.016196731477975845,pdb_00003ejy_C_D
12252,4,train,0.021280018612742424,pdb_00009le2_S1_S2
12253,4,train,2.101599931716919,pdb_00004i3r_H_L
12254,4,train,1.0971059799194336,pdb_00007u9w_H1_H2
12255,4,train,0.8516802191734314,pdb_00009dn2_H_L
12256,4,train,0.011699524708092213,pdb_00007vv3_S1_S2
12257,4,train,0.04072033241391182,pdb_00008evi_M1_M2
12258,4,train,0.33134281635284424,pdb_00008w2e_D_C
12259,4,train,0.6786922216415405,pdb_00007l5j_W_L
12260,4,train,0.496192067861557,pdb_00002eiz_B_A
12261,4,train,0.435236394405365,pdb_00008ulf_H_L
12262,4,train,0.7084051966667175,pdb_00004kxz_J_I
12263,4,train,0.6647895574569702,pdb_00006wzl_A_B
12264,4,train,0.014549405314028263,pdb_00009k6l_S1_S2
12265,4,train,0.48482558131217957,pdb_00005kov_C1_C2
12266,4,train,0.596204936504364,pdb_00005ugy_I_M
12267,4,train,0.020420435816049576,pdb_00008yn2_E1_E2
12268,4,train,0.03626423329114914,pdb_00007w6p_H1_H2
12269,4,train,0.014293909072875977,pdb_00006xox_E1_E2
12270,4,train,0.9007190465927124,pdb_00008bg1_J_K
12271,4,train,0.12297352403402328,pdb_00006vmk_H_G
12272,4,train,0.6305161714553833,pdb_00007rku_J_K
12273,4,train,0.9434618353843689,pdb_00005umi_A_B
12274,4,train,0.43454262614250183,pdb_00005yoy_H_E
12275,4,train,0.5086343884468079,pdb_00003h42_H_L
12276,4,train,0.6675587296485901,pdb_00006a4k_K_O
12277,4,train,0.723282516002655,pdb_00003g6d_H_L
12278,4,train,0.5023031234741211,pdb_00007zlg_H_L
12279,4,train,0.015469430945813656,pdb_00007ej0_H1_H2
12280,4,train,0.7487799525260925,pdb_00006wtv_B_C
12281,4,train,1.0386887788772583,pdb_00009kvk_A_B
12282,4,train,0.018456945195794106,pdb_00009m54_S1_S2
12283,4,train,0.5535998344421387,pdb_00005wko_E_F
12284,4,train,0.7942299246788025,pdb_00006wno_E_F
12285,4,train,0.024642053991556168,pdb_00007xav_E1_E2
12286,4,train,0.22054262459278107,pdb_00005aaw_A1_A2
12287,4,train,0.36747875809669495,pdb_00009lrh_H_L
12288,4,train,0.6390183568000793,pdb_00006cyf_U_T
12289,4,train,0.08841552585363388,pdb_00006x40_J_I
12290,4,train,1.117210030555725,pdb_00009j4c_H_L
12291,4,train,0.6574430465698242,pdb_00008hrd_Y_Z
12292,4,train,1.3622384071350098,pdb_00009ivj_H_L
12293,4,train,1.2838280200958252,pdb_00006q18_H_L
12294,4,train,0.01729515939950943,pdb_00008id3_S1_S2
12295,4,train,0.014624319970607758,pdb_00008j1a_S1_S2
12296,4,train,0.7511248588562012,pdb_00003qwo_H_L
12297,4,train,0.02639366127550602,pdb_00008t3v_N1_N2
12298,4,train,0.6710809469223022,pdb_00008e2u_H_L
12299,4,train,0.47819650173187256,pdb_00004n90_D_E
12300,4,train,0.008197187446057796,pdb_00009oxb_D1_D2
12301,4,train,1.0318028926849365,pdb_00009mtk_H_L
12302,4,train,0.008083384484052658,pdb_00008zbi_F1_F2
12303,4,train,0.8646137714385986,pdb_00008rmy_E_F
12304,4,train,0.3282346725463867,pdb_00002qr0_B_A
12305,4,train,0.2936111092567444,pdb_000011oq_H_L
12306,4,train,0.553062915802002,pdb_00008jkh_h_l
12307,4,train,1.1579017639160156,pdb_00008ag1_H_L
12308,4,train,0.48067429661750793,pdb_00005wk3_W_V
12309,4,train,0.9508300423622131,pdb_00007t0w_O_P
12310,4,train,0.040021318942308426,pdb_00008gcp_E1_E2
12311,4,train,0.45950281620025635,pdb_00008jel_F_G
12312,4,train,0.15544986724853516,pdb_00006x3x_K_L
12313,4,train,0.7220613360404968,pdb_00007v3g_I_M
12314,4,train,0.8346830010414124,pdb_00007s0x_C_D
12315,4,train,0.5815011858940125,pdb_00001fbi_H_L
12316,4,train,0.8120953440666199,pdb_00004hjj_H2_L2
12317,4,train,0.735863983631134,pdb_00008rrn_H_L
12318,4,train,0.7669623494148254,pdb_00006u6u_H_L
12319,4,train,0.8693988919258118,pdb_00001p2c_E_D
12320,4,train,1.5657445192337036,pdb_00008s72_H_L
12321,4,train,0.7583240866661072,pdb_00009npg_K_J
12322,4,train,0.6189691424369812,pdb_00006n5d_E_F
12323,4,train,0.02693747729063034,pdb_00003t3m_H_L
12324,4,train,0.5087003111839294,pdb_00007yvm_C_A
12325,4,train,0.6956882476806641,pdb_00006ii9_H_L
12326,4,train,0.9016785025596619,pdb_00009oar_B_D
12327,4,train,1.1588102579116821,pdb_00004ut6_H_L
12328,4,train,0.533298134803772,pdb_00006wzm_C_D
12329,4,train,0.05541495606303215,pdb_00008syp_N1_N2
12330,4,train,0.010689894668757915,pdb_00008jso_S1_S2
12331,4,train,0.09935900568962097,pdb_00006e0c_M1_M2
12332,4,train,0.5748757123947144,pdb_00009b82_H_L
12333,4,train,0.9004514217376709,pdb_00009mkn_S_T
12334,4,train,0.49227142333984375,pdb_00002i9l_H_G
12335,4,train,0.6820414662361145,pdb_00008sit_H_L
12336,4,train,0.0075819650664925575,pdb_00008uuj_D1_D2
12337,4,train,0.04216873273253441,pdb_00008wwn_E1_E2
12338,4,train,0.5386066436767578,pdb_00008wpy_H_L
12339,4,train,0.08692200481891632,pdb_00009oun_J_K
12340,4,train,0.49854475259780884,pdb_00008jkf_m_n
12341,4,train,0.03601037710905075,pdb_00002fee_I_L
12342,4,train,0.05488625913858414,pdb_00009drx_K_L
12343,4,train,0.8164735436439514,pdb_00006xy2_H_L
12344,4,train,0.017274079844355583,pdb_00008kfz_S1_S2
12345,4,train,0.5767325758934021,pdb_00003v4v_H_L
12346,4,train,0.5200469493865967,pdb_00009rio_H_L
12347,4,train,0.5312415957450867,pdb_00003nh7_I_M
12348,4,train,0.3296082317829132,pdb_00007ek0_H_L
12349,4,train,0.22297224402427673,pdb_00009zqc_J2_J1
12350,4,train,0.006334108300507069,pdb_00007vuz_S1_S2
12351,4,train,0.5900222063064575,pdb_00009lsi_C1_D2
12352,4,train,0.7278708219528198,pdb_00009iru_B_A
12353,4,train,0.025011247023940086,pdb_00007cvt_E_F
12354,4,train,0.8580611348152161,pdb_00008hq7_H_L
12355,4,train,0.01738959737122059,pdb_00009wxm_D1_D2
12356,4,train,0.00808840710669756,pdb_00007scg_E1_E2
12357,4,train,0.004868106450885534,pdb_00009jh5_S1_S2
12358,4,train,0.8174276351928711,pdb_00008tzw_H_L
12359,4,train,0.46464836597442627,pdb_00001mlc_B_A
12360,4,train,0.8150424957275391,pdb_00001hys_D_C
12361,4,train,0.01250520721077919,pdb_00002ht4_C_D
12362,4,train,1.4156932830810547,pdb_00009ma7_B_C
12363,4,train,1.097151517868042,pdb_00006xm2_D_C
12364,4,train,0.018227748572826385,pdb_00009kvi_E1_E2
12365,4,train,0.8464176058769226,pdb_00009y0e_A_B
12366,4,train,0.9623091220855713,pdb_00004khx_H_L
12367,4,train,0.6295737624168396,pdb_00009cpw_H_L
12368,4,train,0.624112069606781,pdb_00007wrv_U_V
12369,4,train,0.10607893764972687,pdb_00009ge2_F1_F2
12370,4,train,1.2410086393356323,pdb_00009y3x_H_L
12371,4,train,0.44923633337020874,pdb_00003v4v_M_N
12372,4,train,0.8590109944343567,pdb_00009lsi_D1_C2
12373,4,train,0.0997212752699852,pdb_00003hpl_A_B
12374,4,train,0.8372993469238281,pdb_00007qny_A_B
12375,4,train,0.013080635108053684,pdb_00007trs_H1_H2
12376,4,train,0.7111982107162476,pdb_00008eoo_F_K
12377,4,train,0.4869350492954254,pdb_00001z3g_H_L
12378,4,train,0.6932546496391296,pdb_00009mtf_M_N
12379,4,train,0.015229154378175735,pdb_00008jhy_S1_S2
12380,4,train,0.26411983370780945,pdb_00003v4p_M_N
12381,4,train,0.5363877415657043,pdb_00009irs_S_T
12382,4,train,0.010437706485390663,pdb_00008xml_S1_S2
12383,4,train,0.7443888783454895,pdb_00009kze_H_L
12384,4,train,0.3124486804008484,pdb_00007kfy_H_L
12385,4,train,0.9881466031074524,pdb_00006plk_H_L
12386,4,train,0.9515491724014282,pdb_00009lae_H_L
12387,4,train,0.5503868460655212,pdb_00008oz3_H_L
12388,4,train,0.693649172782898,pdb_00001e6j_H_L
12389,4,train,0.4884161353111267,pdb_00001t03_H_L
12390,4,train,0.06630297005176544,pdb_00007dfl_C1_C2
12391,4,train,0.7997916340827942,pdb_00009c6y_A_B
12392,4,train,0.708676815032959,pdb_00003c09_H_L
12393,4,train,0.5045776963233948,pdb_00007x63_H_L
12394,4,train,0.030903292819857597,pdb_00006adc_C_D
12395,4,train,0.22655928134918213,pdb_00008vgh_H_G
12396,4,train,0.4880966246128082,pdb_00007e3o_H_L
12397,4,train,0.007438029628247023,pdb_00008iu2_S1_S2
12398,4,train,1.0268057584762573,pdb_00005c0n_H_L
12399,4,train,0.7204512357711792,pdb_00006ywc_A_B
12400,4,train,0.03602445125579834,pdb_00009d4z_E1_E2
12401,4,train,0.02539876289665699,pdb_00009ko4_H1_H2
12402,4,train,0.5550596117973328,pdb_00003vrl_H_L
12403,4,train,0.7912139892578125,pdb_00004v1d_D_E
12404,4,train,0.7782934904098511,pdb_00007yvl_A_C
12405,4,train,0.020425943657755852,pdb_00008xxu_E1_E2
12406,4,train,0.056544430553913116,pdb_00008gur_S1_S2
12407,4,train,0.5672579407691956,pdb_00005nh3_H_L
12408,4,train,0.021236874163150787,pdb_00007cvs_E_F
12409,4,train,0.6533984541893005,pdb_00007ycn_K_L
12410,4,train,0.6650018095970154,pdb_00004xrc_B_A
12411,4,train,0.7665623426437378,pdb_00003g6j_F_E
12412,4,train,0.6037774682044983,pdb_00009q71_I_J
12413,4,train,0.04053107649087906,pdb_00003a67_H_L
12414,4,train,0.8064523935317993,pdb_00009ma0_B_C
12415,4,train,0.40148240327835083,pdb_00009me7_I_M
12416,4,train,0.6153161525726318,pdb_00007jmw_H_L
12417,4,train,0.013217347674071789,pdb_00001ots_E_F
12418,4,train,0.017969192937016487,pdb_00007wyb_E1_E2
12419,4,train,0.37292781472206116,pdb_00001z3g_I_M
12420,4,train,0.6541627049446106,pdb_00008u4s_H_L
12421,4,train,1.011696696281433,pdb_00005vig_H_L
12422,4,train,0.7156594395637512,pdb_00007m42_B_A
12423,4,train,0.8541744351387024,pdb_00009cu7_J_N
12424,4,train,0.6389617919921875,pdb_00009n4e_K_M
12425,4,train,0.6656103730201721,pdb_00007ua8_I1_I2
12426,4,train,1.0281225442886353,pdb_00008dv6_C_L
12427,4,train,0.02908376231789589,pdb_00007ue0_E_F
12428,4,train,0.021295353770256042,pdb_00007wq3_S1_S2
12429,4,train,0.06977668404579163,pdb_00008si9_J_I
12430,4,train,0.8246422410011292,pdb_00002ybr_D_E
12431,4,train,0.8447283506393433,pdb_00003fmg_H_L
12432,4,train,0.2932056188583374,pdb_00004tnw_U_h
12433,4,train,0.4970743656158447,pdb_00006ii8_G_I
12434,4,train,0.45627638697624207,pdb_00008bcz_E_F
12435,4,train,0.012555612251162529,pdb_00009kfk_S1_S2
12436,4,train,1.0232218503952026,pdb_00009jub_B_C
12437,4,train,0.013220683671534061,pdb_00007uko_E_F
12438,4,train,0.5981670022010803,pdb_00007upb_C_F
12439,4,train,0.04158948361873627,pdb_00008uwl_E1_E2
12440,4,train,0.011355279944837093,pdb_00009p0l_F1_F2
12441,4,train,0.4583309292793274,pdb_00008qh0_H_L
12442,4,train,0.6663512587547302,pdb_00007ley_D_E
12443,4,train,0.33615943789482117,pdb_00007kfw_H_L
12444,4,train,0.5976462960243225,pdb_00008jqn_H_L
12445,4,train,0.009956428781151772,pdb_00009plo_S1_S2
12446,4,train,0.28631463646888733,pdb_00002qr0_F_E
12447,4,train,0.024720069020986557,pdb_00008xos_E1_E2
12448,4,train,0.11923821270465851,pdb_00006w0f_A_B
12449,4,train,0.019723817706108093,pdb_00007vif_E1_E2
12450,4,train,0.15352363884449005,pdb_00009zqc_I2_I1
12451,4,train,0.6113955974578857,pdb_00006p4b_H_L
12452,4,train,1.9129869937896729,pdb_00005dfw_H1_H2
12453,4,train,0.9954812526702881,pdb_00008siq_H_L
12454,4,train,0.6216124296188354,pdb_00005wko_K_L
12455,4,train,0.48067858815193176,pdb_00008jkh_H_L
12456,4,train,0.053809162229299545,pdb_00006x3v_K_L
12457,4,train,0.8588441610336304,pdb_00007mmo_A_B
12458,4,train,0.06111545115709305,pdb_00008iec_N1_N2
12459,4,train,0.31233638525009155,pdb_00007wnb_H_L
12460,4,train,0.7003045082092285,pdb_00009ue8_I_J
12461,4,train,0.021456461399793625,pdb_00009kvh_E1_E2
12462,4,train,0.7728287577629089,pdb_00009e3h_H_L
12463,4,train,0.018417228013277054,pdb_00009vo1_E1_E2
12464,4,train,0.5064441561698914,pdb_00006z3p_H_L
12465,4,train,0.3155776560306549,pdb_00008smt_A_B
12466,4,train,0.3351140022277832,pdb_00005yoy_P_M
12467,4,train,0.9298075437545776,pdb_00007dm1_F_E
12468,4,train,0.014435041695833206,pdb_00007vl8_S1_S2
12469,4,train,0.013750797137618065,pdb_00008yn7_E1_E2
12470,4,train,0.8704550266265869,pdb_00005d1z_B_A
12471,4,train,0.37592145800590515,pdb_00006txz_J_N
12472,4,train,0.4952947199344635,pdb_00008jqs_H_L
12473,4,train,0.8258379697799683,pdb_00009lf8_H_L
12474,4,train,0.48511022329330444,pdb_00001fbi_Q_P
12475,4,train,0.06346555054187775,pdb_00007xxh_H1_H2
12476,4,train,0.0470932275056839,pdb_00003t3m_E_F
12477,4,train,0.7307862639427185,pdb_00006ogx_H_L
12478,4,train,0.035479020327329636,pdb_00008xjn_E1_E2
12479,4,train,0.6576243042945862,pdb_00004hg4_N_O
12480,4,train,0.022671455517411232,pdb_00008xyk_S1_S2
12481,4,train,0.48822373151779175,pdb_00009bao_E_F
12482,4,train,0.06698331981897354,pdb_00002itd_A_B
12483,4,train,0.21852801740169525,pdb_00006yor_B_C
12484,4,train,0.027957448735833168,pdb_00008xyd_E1_E2
12485,4,train,0.9272866249084473,pdb_00001eo8_H_L
12486,4,train,0.853571891784668,pdb_00006mlm_F_G
12487,4,train,0.1409679651260376,pdb_00009nz3_F_E
12488,4,train,0.4389697015285492,pdb_00006ktr_A_B
12489,4,train,1.0133856534957886,pdb_00004lvh_H_I
12490,4,train,0.7976493239402771,pdb_00008hpf_H_L
12491,4,train,0.6008226871490479,pdb_00007xcp_H_L
12492,4,train,0.6650449633598328,pdb_00003fku_T1_T2
12493,4,train,0.010500315576791763,pdb_00001ott_E_F
12494,4,train,0.7896953821182251,pdb_00007zfb_A_B
12495,4,train,0.6993382573127747,pdb_00008dcc_H_L
12496,4,train,1.097885251045227,pdb_00003mxw_H_L
12497,4,train,0.021952876821160316,pdb_00009ldw_S1_S2
12498,4,train,0.7960779070854187,pdb_00001oak_H_L
12499,4,train,0.767754077911377,pdb_00008erq_H_L
12500,4,train,0.48899275064468384,pdb_00007zmk_S_T
12501,4,train,0.06219135597348213,pdb_00006x3t_K_L
12502,4,train,0.22657334804534912,pdb_00008wnp_B_A
12503,4,train,1.021488904953003,pdb_00005ug0_D_C
12504,4,train,0.12727433443069458,pdb_00009zqb_J2_J1
12505,4,train,0.5907538533210754,pdb_00009ctw_D_C
12506,4,train,0.5411339402198792,pdb_00004ma8_H_L
12507,4,train,0.0076979841105639935,pdb_00008k9l_H1_H2
12508,4,train,0.036790285259485245,pdb_00008j6l_H1_H2
12509,4,train,0.04603642597794533,pdb_00008jxw_E1_E2
12510,4,train,0.3991958796977997,pdb_00008wpw_H_L
12511,4,train,1.0475754737854004,pdb_00007si0_C_D
12512,4,train,0.46847254037857056,pdb_00009iz9_Q_R
12513,4,train,0.0519561693072319,pdb_00007mhx_A_B
12514,4,train,0.0075322347693145275,pdb_00009d0a_E1_E2
12515,4,train,0.005977426655590534,pdb_00003ze1_E_F
12516,4,train,0.9927533268928528,pdb_00006xpz_E_F
12517,4,train,0.02334788627922535,pdb_00008j6q_S1_S2
12518,4,train,0.25250452756881714,pdb_00008pwh_B_A
12519,4,train,1.5239988565444946,pdb_00008r4n_H_L
12520,4,train,0.9066064357757568,pdb_00005w3m_E_G
12521,4,train,0.01238301396369934,pdb_00009ldv_S1_S2
12522,4,train,0.026065710932016373,pdb_00008ija_S1_S2
12523,4,train,0.01353099662810564,pdb_00008xjm_E1_E2
12524,4,train,0.006435618735849857,pdb_00003t3p_E_F
12525,4,train,0.5320671200752258,pdb_00008tx3_H_L
12526,4,train,0.015249865129590034,pdb_00008y02_S1_S2
12527,4,train,0.4334229528903961,pdb_00007srs_H_L
12528,4,train,0.013993815518915653,pdb_00009ite_E1_E2
12529,4,train,0.4688408076763153,pdb_00008too_G_F
12530,4,train,0.5488476753234863,pdb_00009l9o_B_C
12531,4,train,0.8233253955841064,pdb_00007x93_E_F
12532,4,train,1.6929572820663452,pdb_00001jrh_H_L
12533,4,train,0.39536386728286743,pdb_00007wbz_H_L
12534,4,train,0.6314404010772705,pdb_00008znz_G_H
12535,4,train,0.9758589267730713,pdb_00008w85_A_B
12536,4,train,0.8233829736709595,pdb_00009n8j_B_C
12537,4,train,0.04659818112850189,pdb_00008ubi_M2_M1
12538,4,train,0.027409974485635757,pdb_00007dw9_S1_S2
12539,4,train,0.888044536113739,pdb_00007xrz_H_L
12540,4,train,0.8265755772590637,pdb_00009oar_H_L
12541,4,train,1.0498194694519043,pdb_00007ykj_A_D
12542,4,train,0.21802401542663574,pdb_00004tnw_Y_g
12543,4,train,0.8426422476768494,pdb_00009o7g_C_D
12544,4,train,0.07567530125379562,pdb_00003or7_A_B
12545,4,train,0.007895250804722309,pdb_00009cm3_N1_N2
12546,4,train,0.45098334550857544,pdb_00009azr_H_L
12547,4,train,0.030031396076083183,pdb_00008uh3_E1_E2
12548,4,train,0.15332141518592834,pdb_00003ri5_J_M
12549,4,train,0.5385011434555054,pdb_00005w0k_H_L
12550,4,train,0.8558590412139893,pdb_00008i5i_H_L
12551,4,train,0.6000999808311462,pdb_00004odx_A_L
12552,4,train,0.44594699144363403,pdb_00009l6c_D_F
12553,4,train,0.25115206837654114,pdb_00003b2u_N_O
12554,4,train,0.009027660824358463,pdb_00009jmc_E1_E2
12555,4,train,0.009898589923977852,pdb_00008j18_S1_S2
12556,4,train,0.8266028165817261,pdb_00007whz_C_E
12557,4,train,0.010234203189611435,pdb_00009ego_S1_S2
12558,4,train,0.7717183232307434,pdb_00008hn7_B_A
12559,4,train,0.4317222535610199,pdb_00009cpu_F_G
12560,4,train,0.023941710591316223,pdb_00009jks_S1_S2
12561,4,train,0.9253919124603271,pdb_00007uvq_C_B
12562,4,train,0.4183930456638336,pdb_00003rif_I_O
12563,4,train,0.6440286636352539,pdb_00007wk0_A_B
12564,4,train,0.671350359916687,pdb_00005xmh_D_C
12565,4,train,0.018936945125460625,pdb_00009bsb_E1_E2
12566,4,train,0.5428357124328613,pdb_00004okv_C_D
12567,4,train,0.6289123892784119,pdb_00005jz7_C_D
12568,4,train,0.6124395132064819,pdb_00004gxu_O_P
12569,4,train,0.008490167558193207,pdb_00009bqj_E1_E2
12570,4,train,0.2544395327568054,pdb_00002qr0_T_S
12571,4,train,0.7310221791267395,pdb_00008uzp_H_L
12572,4,train,0.2707672119140625,pdb_00008vgj_K_L
12573,4,train,0.8143197894096375,pdb_00007y3o_H_L
12574,4,train,0.5752366781234741,pdb_00007dpm_J_K
12575,4,train,0.6039246320724487,pdb_00009ue8_Q_R
12576,4,train,0.5764089226722717,pdb_00007ua8_H1_H2
12577,4,train,0.006291687022894621,pdb_00008iy5_E1_E2
12578,4,train,0.4640616774559021,pdb_00008jkh_M_N
12579,4,train,0.47568467259407043,pdb_00008dn6_E_F
12580,4,train,0.3517623841762543,pdb_00007zmk_P_Q
12581,4,train,0.025337666273117065,pdb_00007k63_N2_N1
12582,4,train,0.5761544704437256,pdb_00005xku_C_B
12583,4,train,0.006397788412868977,pdb_00009m8l_N1_N2
12584,4,train,0.05333416908979416,pdb_00006x3w_J_I
12585,4,train,0.4031275808811188,pdb_00008hn6_A_B
12586,4,train,0.016753561794757843,pdb_00008xgo_D1_D2
12587,4,train,0.01105294469743967,pdb_00008z7j_S1_S2
12588,4,train,0.43127793073654175,pdb_00008xse_M_N
12589,4,train,0.6783050298690796,pdb_00007kn3_M_N
12590,4,train,0.34685197472572327,pdb_00003v4p_H_L
12591,4,train,0.5460180640220642,pdb_00007keo_E_F
12592,4,train,0.8945814371109009,pdb_00004ffw_D_C
12593,4,train,0.49803441762924194,pdb_00008ut2_L_K
12594,4,train,1.043805480003357,pdb_00009zdu_H_L
12595,4,train,0.21980081498622894,pdb_00003b2u_T_U
12596,4,train,0.08037561923265457,pdb_00009zq9_I2_I1
12597,4,train,1.0947911739349365,pdb_00009ml8_H_L
12598,4,train,0.585258960723877,pdb_00002jix_F_A
12599,4,train,0.4873894453048706,pdb_00008txu_F_K
12600,4,train,0.012595701031386852,pdb_00007u0i_N1_N2
12601,4,train,0.011540209874510765,pdb_00008ubl_N2_N1
12602,4,train,0.911403477191925,pdb_00008hrd_W_X
12603,4,train,0.823506772518158,pdb_00007dm2_H_L
12604,4,train,0.01707429252564907,pdb_00009u4y_S1_S2
12605,4,train,0.1545182168483734,pdb_00001ua6_H_L
12606,4,train,0.01712564192712307,pdb_00009f34_E1_E2
12607,4,train,0.06588929146528244,pdb_00007xk2_S1_S2
12608,4,train,0.009971050545573235,pdb_00008kfx_S1_S2
12609,4,train,0.017685377970337868,pdb_00006k5d_E_F
12610,4,train,0.015021955594420433,pdb_00007jhj_D1_D2
12611,4,train,1.1373242139816284,pdb_00009e3k_H_L
12612,4,train,0.46524113416671753,pdb_00006rp8_H_L
12613,4,train,0.009065213613212109,pdb_00007na8_N1_N2
12614,4,train,0.921643853187561,pdb_00009atm_H_L
12615,4,train,0.5455586314201355,pdb_00004hg4_L_M
12616,4,train,0.2054634392261505,pdb_00004tnw_W_f
12617,4,train,0.0069629778154194355,pdb_00006n4b_S1_S2
12618,4,train,0.18003630638122559,pdb_00003ri5_H_L
12619,4,train,0.03582838550209999,pdb_00007k5x_N2_N1
12620,4,train,0.02508946694433689,pdb_00007yfd_C1_C2
12621,4,train,0.6195713877677917,pdb_00008ebp_I_M
12622,4,train,0.4643774926662445,pdb_00003d9a_H_L
12623,4,train,0.550827145576477,pdb_00006z3q_H_L
12624,4,train,0.508162260055542,pdb_00004hg4_V_W
12625,4,train,0.7220125198364258,pdb_00008f6x_E1_E2
12626,4,train,0.007946357131004333,pdb_00008feg_F1_F2
12627,4,train,0.009516602382063866,pdb_00009o36_E1_E2
12628,4,train,0.010323629714548588,pdb_00008xbh_S1_S2
12629,4,train,0.8010238409042358,pdb_00004am0_C_D
12630,4,train,0.01986783556640148,pdb_00007k61_N2_N1
12631,4,train,1.6166397333145142,pdb_00009o7i_D_C
12632,4,train,0.019647641107439995,pdb_00009jkv_S1_S2
12633,4,train,1.5457390546798706,pdb_00005anm_B_A
12634,4,train,0.582059919834137,pdb_00005xmh_H_L
12635,4,train,0.018810348585247993,pdb_00006crk_H1_H2
12636,4,train,0.753101110458374,pdb_00009cfh_H_L
12637,4,train,0.01485264953225851,pdb_00004fg6_C_D
12638,4,train,0.8404982686042786,pdb_00008dis_A_C
12639,4,train,0.6665313243865967,pdb_00007zfc_A_B
12640,4,train,0.8269562721252441,pdb_00006ba5_D_C
12641,4,train,0.507684588432312,pdb_00009ue8_M_N
12642,4,train,0.010704021900892258,pdb_00006wwz_S1_S2
12643,4,train,0.021803028881549835,pdb_00009k3h_S1_S2
12644,4,train,0.8777004480361938,pdb_00007tbf_H_L
12645,4,train,0.5866377353668213,pdb_00007u9e_B1_B2
12646,4,train,0.6963533163070679,pdb_00009mtf_H_L
12647,4,train,0.0940503403544426,pdb_00008vqy_K_L
12648,4,train,1.121604323387146,pdb_00008bcz_A_B
12649,4,train,0.8340305089950562,pdb_00009l07_H_L
12650,4,train,0.053106456995010376,pdb_00003f7v_A_B
12651,4,train,0.015006940811872482,pdb_00007vgx_S1_S2
12652,4,train,0.4859154522418976,pdb_00005w3e_E_G
12653,4,train,0.01963084749877453,pdb_00008hcq_E1_E2
12654,4,train,0.9521756768226624,pdb_00008bbo_H_L
12655,4,train,0.009453235194087029,pdb_00008xqt_S1_S2
12656,4,train,0.8053374290466309,pdb_00006gff_L_K
12657,4,train,0.9190844297409058,pdb_00006ml8_H_L
12658,4,train,0.10890815407037735,pdb_00009nz5_B_C
12659,4,train,0.393787682056427,pdb_00007zfb_J_K
12660,4,train,0.02037745900452137,pdb_00007tct_H_L
12661,4,train,0.7850224375724792,pdb_00008gpy_E1_E2
12662,4,train,0.9930402636528015,pdb_00008fdo_A_B
12663,4,train,0.04401300847530365,pdb_00008spu_K1_K2
12664,4,train,0.7073285579681396,pdb_00001tqc_B_C
12665,4,train,0.7589388489723206,pdb_00007l0l_G_J
12666,4,train,0.9440566301345825,pdb_00008tpa_H_L
12667,4,train,0.7257474660873413,pdb_00009mtm_H_L
12668,4,train,0.6713669896125793,pdb_00007xrz_B_A
12669,4,train,0.9515646696090698,pdb_00009bdi_C_D
12670,4,train,0.009475378319621086,pdb_00007ydh_E1_E2
12671,4,train,0.008930059149861336,pdb_00008vy9_D1_D2
12672,4,train,0.265658438205719,pdb_00005u5m_B_A
12673,4,train,0.9560234546661377,pdb_00008d9y_H_G
12674,4,train,1.0156710147857666,pdb_00009mth_M_N
12675,4,train,1.3690130710601807,pdb_00009xsx_B_C
12676,4,train,0.49783819913864136,pdb_00009n7q_D_F
12677,4,train,0.044503677636384964,pdb_00008si9_K_L
12678,4,train,0.013147039338946342,pdb_00007trq_H1_H2
12679,4,train,0.8720197081565857,pdb_00009qt3_N_O
12680,4,train,0.282214879989624,pdb_00001nby_B_A
12681,4,train,0.40605369210243225,pdb_00008bg2_A1_A2
12682,4,train,0.07912826538085938,pdb_00009nz4_D_C
12683,4,train,0.3931150436401367,pdb_00008tft_I_M
12684,4,train,0.024796772748231888,pdb_00009kft_S1_S2
12685,4,train,0.7997943162918091,pdb_00008cxh_h_l
12686,4,train,0.29901790618896484,pdb_000011oo_H_L
12687,4,train,0.8531028032302856,pdb_00002ybr_A_B
12688,4,train,0.02796405553817749,pdb_00008thl_F1_F2
12689,4,train,0.5891701579093933,pdb_00001tzi_B_A
12690,4,train,0.011833034455776215,pdb_00007db6_E1_E2
12691,4,train,0.40496838092803955,pdb_00008jkf_h_l
12692,4,train,0.7344757914543152,pdb_00008smi_H_L
12693,4,train,0.027161629870533943,pdb_00002hlf_E_F
12694,4,train,0.8716350793838501,pdb_00005vqm_D_C
12695,4,train,0.625873327255249,pdb_00008oxx_B_C
12696,4,train,0.48714813590049744,pdb_00008j1q_B_A
12697,4,train,0.8527194261550903,pdb_00008el2_H_L
12698,4,train,0.01633565127849579,pdb_00008jgb_S1_S2
12699,4,train,0.5737029314041138,pdb_00001yqv_H_L
12700,4,train,0.6320310831069946,pdb_00003u30_C_B
12701,4,train,0.20147785544395447,pdb_00006zlr_HHH_LLL
12702,4,train,0.6234893798828125,pdb_00009cq4_H_L
12703,4,train,1.0201406478881836,pdb_00003o2d_H_L
12704,4,train,0.3114549219608307,pdb_00006xc4_X_Y
12705,4,train,0.6973844170570374,pdb_00007y7m_F_G
12706,4,train,0.018594782799482346,pdb_00009iza_S1_S2
12707,4,train,0.043057046830654144,pdb_00008thk_F1_F2
12708,4,train,0.008054917678236961,pdb_00008irt_E1_E2
12709,4,train,0.5466060042381287,pdb_00001tzh_B_A
12710,4,train,0.5728431344032288,pdb_00008hws_D_E
12711,4,train,1.0296916961669922,pdb_00003bsz_N_M
12712,4,train,0.3473566472530365,pdb_00009hh9_E_D
12713,4,train,0.929330050945282,pdb_00007wph_H_L
12714,4,train,0.21498654782772064,pdb_00004hjg_B_A
12715,4,train,0.021432481706142426,pdb_00008j6d_H1_H2
12716,4,train,0.02021460421383381,pdb_00008evg_N1_N2
12717,4,train,0.9042630195617676,pdb_00006woz_K_L
12718,4,train,0.5390016436576843,pdb_00007bpk_H_L
12719,4,train,0.12623879313468933,pdb_00009ouq_H_L
12720,4,train,0.023330088704824448,pdb_00006pt0_E1_E2
12721,4,train,0.4346472918987274,pdb_00008caf_B_A
12722,4,train,0.05973608419299126,pdb_00002dqj_H_L
12723,4,train,0.030734119936823845,pdb_00008xzh_S1_S2
12724,4,train,0.020987916737794876,pdb_00009vmy_E1_E2
12725,4,train,0.05464094132184982,pdb_00004lcu_A_B
12726,4,train,0.7898239493370056,pdb_00009mkn_Q_R
12727,4,train,1.197229027748108,pdb_00008g5b_J_N
12728,4,train,0.6030324697494507,pdb_00003dvg_B_A
12729,4,train,0.4961084723472595,pdb_00005wk3_S_R
12730,4,train,0.47433382272720337,pdb_00006j6y_E_F
12731,4,train,0.6520049571990967,pdb_00009cds_B_A
12732,4,train,0.026519624516367912,pdb_00006x3u_J_I
12733,4,train,0.7053787112236023,pdb_00008tpa_D_E
12734,4,train,0.7122660875320435,pdb_00007lq7_H_L
12735,4,train,0.01087569072842598,pdb_00007u9f_E_F
12736,4,train,0.8054402470588684,pdb_00007t0w_H_L
12737,4,train,0.02155180461704731,pdb_00008evh_M1_M2
12738,4,train,0.4406513273715973,pdb_00007eam_H_L
12739,4,train,0.482071191072464,pdb_00007kmg_D_E
12740,4,train,0.586945652961731,pdb_00008y3l_G_H
12741,4,train,0.761407196521759,pdb_00007sd5_H_L
12742,4,train,0.7381331324577332,pdb_00008w83_I_J
12743,4,train,0.05515164136886597,pdb_00008eit_E1_E2
12744,4,train,0.012260569259524345,pdb_00007u0j_K1_K2
12745,4,train,0.028785012662410736,pdb_00009zqa_I2_I1
12746,4,train,0.47455403208732605,pdb_00006vvu_E_F
12747,4,train,0.4887098968029022,pdb_00009udq_F_A
12748,4,train,0.04079296439886093,pdb_00009ctu_D_C
12749,4,train,0.7082974910736084,pdb_00009lp1_A_B
12750,4,train,0.5578930974006653,pdb_00006p4b_B_A
12751,4,train,0.015597742050886154,pdb_00007wz4_S1_S2
12752,4,train,0.8500992059707642,pdb_00006hjp_I_J
12753,4,train,0.882878303527832,pdb_00007lf7_A_B
12754,4,train,0.40552088618278503,pdb_00007zmk_V_W
12755,4,train,0.4986060559749603,pdb_00005x8l_H_M
12756,4,train,0.20307040214538574,pdb_00008q6j_B_A
12757,4,train,0.895777702331543,pdb_00008w5m_H_L
12758,4,train,0.5916807055473328,pdb_00004kht_H_L
12759,4,train,0.2724629342556,pdb_00005aaw_F1_F2
12760,4,train,1.287773847579956,pdb_00007m3l_B_C
12761,4,train,0.7725900411605835,pdb_00009b2m_J_K
12762,4,train,0.02116575837135315,pdb_00008ubj_N2_N1
12763,4,train,0.6324583888053894,pdb_00009og1_B_C
12764,4,train,0.005926622077822685,pdb_00003nif_E_F
12765,4,train,0.5982253551483154,pdb_00006hxw_H_L
12766,4,train,0.5110662579536438,pdb_00009wsx_H_L
12767,4,train,0.7060156464576721,pdb_00003eoa_B_A
12768,4,train,0.15405264496803284,pdb_00006zlr_FFF_GGG
12769,4,train,0.023824816569685936,pdb_00006ada_E_F
12770,4,train,0.6246798634529114,pdb_00008zd5_B_C
12771,4,train,0.1404258906841278,pdb_00004tnw_J_M
12772,4,train,0.37455716729164124,pdb_00005yoy_R_O
12773,4,train,0.3422563970088959,pdb_00009hhr_L_H
12774,4,train,0.6625853776931763,pdb_00008v5v_b_d
12775,4,train,0.012576723471283913,pdb_00001k4d_A_B
12776,4,train,0.027121318504214287,pdb_00009w49_S1_S2
12777,4,train,0.9396147727966309,pdb_00008p12_H_L
12778,4,train,0.43423494696617126,pdb_00007klg_I_M
12779,4,train,0.01708918809890747,pdb_00007k5y_M2_M1
12780,4,train,0.014028429053723812,pdb_00002h2p_E_F
12781,4,train,0.6677954792976379,pdb_00008dwy_X_W
12782,4,train,0.7134991884231567,pdb_00006mlm_E_I
12783,4,train,0.02307027205824852,pdb_00003ze2_H_L
12784,4,train,0.012768198736011982,pdb_00008jlj_S1_S2
12785,4,train,0.5649818181991577,pdb_00005jz7_G_I
12786,4,train,0.022508258000016212,pdb_00002vdr_H_L
12787,4,train,1.1495941877365112,pdb_00007xh8_B_C
12788,4,train,0.03422059863805771,pdb_000022es_E1_E2
12789,4,train,0.01971474103629589,pdb_00008yn9_E1_E2
12790,4,train,0.009642076678574085,pdb_00007exd_E1_E2
12791,4,train,0.7115270495414734,pdb_00003wd5_H_L
12792,4,train,0.009359107352793217,pdb_00009iqt_E1_E2
12793,4,train,0.36233025789260864,pdb_00007x1m_C_D
12794,4,train,0.9545698165893555,pdb_00008e8r_H_L
12795,4,train,0.007044489495456219,pdb_00007uh8_E_F
12796,4,train,1.0706548690795898,pdb_00008cz5_H_L
12797,4,train,0.5612900853157043,pdb_00005x8l_S_N
12798,4,train,0.0286635123193264,pdb_00006ad8_E_F
12799,4,train,0.6629816889762878,pdb_00008zd6_E_F
12800,4,train,0.6578847169876099,pdb_00007sco_J_K
12801,4,train,0.011844664812088013,pdb_00009v0x_E1_E2
12802,4,train,0.8018770217895508,pdb_00008gy5_H_L
12803,4,train,0.7252265214920044,pdb_00008rrn_C_D
12804,4,train,0.008905459195375443,pdb_00007wu9_S1_S2
12805,4,train,0.022127369418740273,pdb_00007ejk_H1_H2
12806,4,train,0.7901805639266968,pdb_00009mkn_H_L
12807,4,train,0.011269346810877323,pdb_00008x2k_E1_E2
12808,4,train,0.4769975244998932,pdb_00007wsi_H_L
12809,4,train,0.7945311069488525,pdb_00006d0u_H_I
12810,4,train,0.5677270889282227,pdb_00006iap_E_D
12811,4,train,0.4065861105918884,pdb_00007kmg_A_B
12812,4,train,0.06546822935342789,pdb_00009nz4_F_E
12813,4,train,0.6163069605827332,pdb_00007mem_I_K
12814,4,train,0.07359819859266281,pdb_00009our_H_L
12815,4,train,0.012527798302471638,pdb_00008xjk_E1_E2
12816,4,train,0.6540430784225464,pdb_00008vgm_E_F
12817,4,train,0.5525450706481934,pdb_00009b2m_E_F
12818,4,train,0.006522149778902531,pdb_00008fx5_H1_H2
12819,4,train,0.5871378779411316,pdb_00007d6i_B_C
12820,4,train,0.022240566089749336,pdb_00009jid_S1_S2
12821,4,train,0.00957491248846054,pdb_00008gus_S1_S2
12822,4,train,0.29085978865623474,pdb_00008as0_T_S
12823,4,train,0.7550294995307922,pdb_00009os5_I_L
12824,4,train,0.4581770896911621,pdb_00007jum_J1_J2
12825,4,train,0.3200727701187134,pdb_00006txz_K_O
12826,4,train,0.8158134818077087,pdb_00009ml8_M_N
12827,4,train,0.5292669534683228,pdb_00007xei_C_D
12828,4,train,0.007975284941494465,pdb_00008spu_N1_N2
12829,4,train,1.024592638015747,pdb_00009cci_B_C
12830,4,train,0.06580998748540878,pdb_00003a6b_H_L
12831,4,train,0.7439864277839661,pdb_00008eed_E_F
12832,4,train,0.025952469557523727,pdb_00009izg_S1_S2
12833,4,train,1.0264723300933838,pdb_00006gv1_H_L
12834,4,train,0.5473935604095459,pdb_00003s37_H_L
12835,4,train,0.008899121545255184,pdb_00008h0p_E1_E2
12836,4,train,0.4479975402355194,pdb_00003dvn_B_A
12837,4,train,0.585782527923584,pdb_00008v5v_c_e
12838,4,train,0.8279067873954773,pdb_00001bvk_E_D
12839,4,train,0.6213933825492859,pdb_00003klh_D_C
12840,4,train,0.6537080407142639,pdb_00006uig_H_L
12841,4,train,0.42264845967292786,pdb_00005w3o_D_E
12842,4,train,0.3206983804702759,pdb_00007c01_H_L
12843,4,train,0.5916603803634644,pdb_00008jqn_h_l
12844,4,train,0.1496841311454773,pdb_00006z2m_H_L
12845,4,train,0.009094788692891598,pdb_00007w57_E1_E2
12846,4,train,0.6603677272796631,pdb_00007l0l_I_K
12847,4,train,0.9838811159133911,pdb_00006suz_H_L
12848,4,train,0.21172980964183807,pdb_00004tnw_H_L
12849,4,train,0.16831840574741364,pdb_00006vmk_M_L
12850,4,train,0.08881457895040512,pdb_00008ihj_S1_S2
12851,4,train,0.7216659188270569,pdb_00006xq4_E_F
12852,4,train,0.613081693649292,pdb_00006cyf_M_L
12853,4,train,0.5479736328125,pdb_00009pw4_C_D
12854,4,train,0.17905066907405853,pdb_00005u6a_B_A
12855,4,train,0.7720316052436829,pdb_00009t5z_H_L
12856,4,train,0.6819931864738464,pdb_00007xda_B_C
12857,4,train,0.4217109978199005,pdb_00008dwy_H_L
12858,4,train,0.9320242404937744,pdb_00007lg6_K_N
12859,4,train,0.026450425386428833,pdb_00008t3s_N1_N2
12860,4,train,0.009413773193955421,pdb_00009m8k_N1_N2
12861,4,train,0.6391128897666931,pdb_00004v1d_A_B
12862,4,train,0.5736464262008667,pdb_00007ttm_H_L
12863,4,train,0.00959811918437481,pdb_00007yk6_S1_S2
12864,4,train,0.024088796228170395,pdb_00008efb_E1_E2
12865,4,train,0.07977563142776489,pdb_00007vgs_D_C
12866,4,train,0.6665002107620239,pdb_00006k7o_H_L
12867,4,train,0.007863000966608524,pdb_00008jbg_E1_E2
12868,4,train,0.34558629989624023,pdb_00008ulf_J_N
12869,4,train,0.7499528527259827,pdb_00006ww5_C_D
12870,4,train,0.1005542054772377,pdb_00002dqe_H_L
12871,4,train,0.5165726542472839,pdb_00001mlc_D_C
12872,4,train,0.020565615966916084,pdb_00008ejc_E1_E2
12873,4,train,0.008708751760423183,pdb_00007vih_E1_E2
12874,4,train,0.015033676289021969,pdb_00007wy0_C1_C2
12875,4,train,0.579643189907074,pdb_00009n4f_H_L
12876,4,train,0.008168604224920273,pdb_00007kh0_S1_S2
12877,4,train,0.010092615149915218,pdb_00009oxa_D1_D2
12878,4,train,0.028626376762986183,pdb_00009cm7_N1_N2
12879,4,train,0.2512379586696625,pdb_00002qr0_R_Q
12880,4,train,1.2183101177215576,pdb_00008tnn_J_I
12881,4,train,0.036334969103336334,pdb_00008wwm_E1_E2
12882,4,train,0.6252123117446899,pdb_00008cn9_G_F
12883,4,train,1.4495183229446411,pdb_00008v2e_A_B
12884,4,train,0.5981923937797546,pdb_00008rmx_B_C
12885,4,train,0.3400871753692627,pdb_00008i0n_I_M
12886,4,train,0.029210733249783516,pdb_00009izc_S1_S2
12887,4,train,0.5423255562782288,pdb_00001j5o_H_L
12888,4,train,0.02538827247917652,pdb_00008ubl_M2_M1
12889,4,train,0.7302344441413879,pdb_00001fsk_C_B
12890,4,train,0.7646017074584961,pdb_00008ol9_B_A
12891,4,train,0.01278154831379652,pdb_00008sai_S1_S2
12892,4,train,0.8716856241226196,pdb_00008zre_H_L
12893,4,train,0.9262382388114929,pdb_00009ma7_F_G
12894,4,train,0.32134097814559937,pdb_00007c01_C_D
12895,4,train,0.7172662615776062,pdb_00009f91_A_B
12896,4,train,0.6414320468902588,pdb_00006dkj_H_L
12897,4,train,0.012652412988245487,pdb_00007k63_M2_M1
12898,4,train,1.1936635971069336,pdb_00007ezv_H_L
12899,4,train,0.7050410509109497,pdb_00009jeb_A1_A2
12900,4,train,0.5946836471557617,pdb_00008xsj_H_L
12901,4,train,1.026160717010498,pdb_00004ki5_C_D
12902,4,train,0.6910156607627869,pdb_00007lq7_F_G
12903,4,train,0.363185852766037,pdb_00007xeg_C_D
12904,4,train,0.3948705494403839,pdb_00006txz_H_L
12905,4,train,0.013795771636068821,pdb_00007s8m_E1_E2
12906,4,train,0.011248717084527016,pdb_00007tpd_E_F
12907,4,train,0.9274179339408875,pdb_00009mtg_M_N
12908,4,train,0.9008914828300476,pdb_00009yyu_H_L
12909,4,train,1.1168110370635986,pdb_00007uzd_H_L
12910,4,train,0.9643033742904663,pdb_00008vte_D_C
12911,4,train,0.03528023883700371,pdb_00008h8j_H1_H2
12912,4,train,0.5644742846488953,pdb_00004hg4_J_K
12913,4,train,0.8319934010505676,pdb_00002w9e_H_L
12914,4,train,0.3237338662147522,pdb_00003ri5_I_O
12915,4,train,0.4603652060031891,pdb_00007t3d_K_N
12916,4,train,0.29720160365104675,pdb_00008as2_H_L
12917,4,train,0.00501921446993947,pdb_00007trk_H1_H2
12918,4,train,0.3132115602493286,pdb_00007kfv_H_L
12919,4,train,0.014297536574304104,pdb_00008jjp_S1_S2
12920,4,train,0.009947973303496838,pdb_00007w2z_S1_S2
12921,4,train,0.7439389824867249,pdb_00006wtu_B_C
12922,4,train,0.7699031829833984,pdb_00008bg1_G_H
12923,4,train,0.8100448250770569,pdb_00008u44_V_X
12924,4,train,0.8914294242858887,pdb_00009f90_A_B
12925,4,train,0.18332839012145996,pdb_00002qr0_N_M
12926,4,train,0.7038766145706177,pdb_00007f3q_C_B
12927,4,train,0.010062153451144695,pdb_00007t6v_E1_E2
12928,4,train,0.0331437774002552,pdb_00007m2j_A_B
12929,4,train,0.15036560595035553,pdb_00008vgi_J_I
12930,4,train,1.0399068593978882,pdb_00003lh2_K_O
12931,4,train,0.8502908945083618,pdb_00009h4r_H_L
12932,4,train,0.4156457781791687,pdb_00009jy3_R_Q
12933,4,train,0.8204583525657654,pdb_00004xhj_D_C
12934,4,train,0.014702211134135723,pdb_00008jsr_C1_C2
12935,4,train,0.4294525682926178,pdb_00008jkh_m_n
12936,4,train,0.9308647513389587,pdb_00008ezk_H1_H2
12937,4,train,0.4602062404155731,pdb_00004tsb_H_L
12938,4,train,0.43755677342414856,pdb_00001tpx_B_C
12939,4,train,0.7092376351356506,pdb_00003bn9_F_E
12940,4,train,0.022272989153862,pdb_00002fed_C_D
12941,4,train,0.026534300297498703,pdb_00008y73_E1_E2
12942,4,train,0.7775751352310181,pdb_00008tnn_H_G
12943,4,train,0.7076210975646973,pdb_00008dwx_Z_Y
12944,4,train,0.6239007711410522,pdb_00008jqm_M_N
12945,4,train,0.30548715591430664,pdb_00008elo_H_L
12946,4,train,0.014165382832288742,pdb_00006e0p_N1_N2
12947,4,train,0.9159579873085022,pdb_00008zpq_A_B
12948,4,train,0.02910097874701023,pdb_00002dqi_H_L
12949,4,train,1.1016759872436523,pdb_00008w5f_H_L
12950,4,train,0.013846945948898792,pdb_00008j19_S1_S2
12951,4,train,0.7062614560127258,pdb_00006wtu_K_L
12952,4,train,0.5794910192489624,pdb_00007rxl_C_D
12953,4,train,0.6283000111579895,pdb_00004np4_I_M
12954,4,train,0.02473093383014202,pdb_00008xxr_S1_S2
12955,4,train,0.02972659282386303,pdb_00002bob_A_B
12956,4,train,0.6235559582710266,pdb_00009n8j_F_G
12957,4,train,0.02136523462831974,pdb_00008xx6_S1_S2
12958,4,train,0.6407575607299805,pdb_00001jhl_H_L
12959,4,train,0.012409896589815617,pdb_00009jr2_S1_S2
12960,4,train,0.5739282369613647,pdb_00007sk8_D_C
12961,4,train,0.5188968181610107,pdb_00007sco_E_F
12962,4,train,0.5318002700805664,pdb_00008eoo_H_L
12963,4,train,0.3048035800457001,pdb_00009hh9_G_F
12964,4,train,0.48615336418151855,pdb_00007ws7_G_F
12965,4,train,0.019950807094573975,pdb_00006e0p_M1_M2
12966,4,train,0.025818748399615288,pdb_00003nig_E_F
12967,4,train,0.02497650496661663,pdb_00008z8b_S1_S2
12968,4,train,0.6738537549972534,pdb_00008y3h_G_H
12969,4,train,0.5441854596138,pdb_00007ubs_H1_H2
12970,4,train,0.011325983330607414,pdb_00002ht3_E_F
12971,4,train,0.009594891220331192,pdb_00008y45_S1_S2
12972,4,train,0.6287089586257935,pdb_00006ban_H_G
12973,4,train,1.1072485446929932,pdb_00002r56_I_M
12974,4,train,0.3296941816806793,pdb_00008f2j_D_F
12975,4,train,0.7340883612632751,pdb_00007t0z_H_L
12976,4,train,0.2436024397611618,pdb_00009cpw_C_D
12977,4,train,0.01234216894954443,pdb_00009vje_E1_E2
12978,4,train,0.027691058814525604,pdb_00007w53_E1_E2
12979,4,train,0.7098764181137085,pdb_00008hpu_H_L
12980,4,train,1.077622890472412,pdb_00007rxp_H_L
12981,4,train,0.7728250622749329,pdb_00008xcd_H_L
12982,4,train,0.5823543667793274,pdb_00009vfu_E_F
12983,4,train,0.009594272822141647,pdb_00006omm_E1_E2
12984,4,train,0.758335530757904,pdb_00006woz_E_F
12985,4,train,0.03344018757343292,pdb_00008sps_N1_N2
12986,4,train,1.404793620109558,pdb_00008s72_X_Y
12987,4,train,0.008382758125662804,pdb_00008hsc_S1_S2
12988,4,train,0.6645796298980713,pdb_00007m7w_E_F
12989,4,train,0.13700835406780243,pdb_00004tnw_G_K
12990,4,train,0.611169695854187,pdb_00007rk1_C1_C2
12991,4,train,0.39180344343185425,pdb_00007zfe_F_G
12992,4,train,1.2077374458312988,pdb_00001osp_H_L
12993,4,train,0.5343342423439026,pdb_00007rk2_D1_D2
12994,4,train,1.0637537240982056,pdb_00009e3k_J_K
12995,4,train,1.1229676008224487,pdb_00006s3d_E_F
12996,4,train,0.5798920392990112,pdb_00009huo_C_D
12997,4,train,0.3949929475784302,pdb_00007qnx_H_L
12998,4,train,0.0817725732922554,pdb_00002dqh_H_L
12999,4,train,0.03839212283492088,pdb_00008z65_S1_S2
13000,4,train,0.7177783250808716,pdb_00005h35_F_G
13001,4,train,0.07140037417411804,pdb_00008xxh_S1_S2
13002,4,train,0.4399532675743103,pdb_00007x1m_H_L
13003,4,train,0.034543976187705994,pdb_00008i7w_E1_E2
13004,4,train,0.011251416057348251,pdb_00007s8n_E1_E2
13005,4,train,0.9033920764923096,pdb_00008k5g_H_L
13006,4,train,0.008361845277249813,pdb_00007euo_S1_S2
13007,4,train,0.22925366461277008,pdb_00008j24_G1_G2
13008,4,train,0.009268338792026043,pdb_00007y12_S1_S2
13009,4,train,0.5504486560821533,pdb_00001ors_B_A
13010,4,train,0.018371202051639557,pdb_00004fg6_E_F
13011,4,train,0.010041515342891216,pdb_00008hnl_S1_S2
13012,4,train,0.7804423570632935,pdb_00008f6x_F1_F2
13013,4,train,0.00682330084964633,pdb_00009le1_S1_S2
13014,4,train,0.5548223853111267,pdb_00007t87_H_L
13015,4,train,0.009581535123288631,pdb_00009ydv_E1_E2
13016,4,train,0.8142819404602051,pdb_00007w71_I_M
13017,4,train,0.9395284652709961,pdb_00007tp3_H_L
13018,4,train,0.028114909306168556,pdb_00009izh_S1_S2
13019,4,train,0.2797207832336426,pdb_00001xgu_B_A
13020,4,train,0.7018609046936035,pdb_00007ycn_H_I
13021,4,train,0.46818092465400696,pdb_00009n4f_M_N
13022,4,train,0.0314314179122448,pdb_00008y71_E1_E2
13023,4,train,0.009662129916250706,pdb_00007v68_S1_S2
13024,4,train,0.08126303553581238,pdb_00009j0i_S1_S2
13025,4,train,0.8555963635444641,pdb_00008da1_B_A
13026,4,train,0.030203087255358696,pdb_00009k07_E1_E2
13027,4,train,0.3507823050022125,pdb_00007kfx_H_L
13028,4,train,0.8704760670661926,pdb_00006ogx_C_D
13029,4,train,1.0857945680618286,pdb_00008jin_B2_B1
13030,4,train,0.5758716464042664,pdb_00009os5_H_K
13031,4,train,0.7414527535438538,pdb_00001p2c_B_A
13032,4,train,0.04549235478043556,pdb_00008iw9_S1_S2
13033,4,train,0.015280514024198055,pdb_00009kpe_S1_S2
13034,4,train,0.060215018689632416,pdb_00009kt9_E1_E2
13035,4,train,0.34572187066078186,pdb_00008as0_E_D
13036,4,train,0.5703912377357483,pdb_00008sxp_H_L
13037,4,train,0.2824820578098297,pdb_00009jy1_P_O
13038,4,train,0.5962003469467163,pdb_00009cpv_H_L
13039,4,train,0.704522430896759,pdb_00009f91_E_F
13040,4,train,0.8182834386825562,pdb_00009mq9_J_N
13041,4,train,0.015129308216273785,pdb_00008evi_N1_N2
13042,4,train,0.5941091179847717,pdb_00002x7l_J_K
13043,4,train,0.016661902889609337,pdb_00002vdn_H_L
13044,4,train,0.05624135583639145,pdb_00007udh_E_F
13045,4,train,0.502825915813446,pdb_00004hg4_X_Y
13046,4,train,0.05257900431752205,pdb_00007e32_E1_E2
13047,4,train,0.8780348896980286,pdb_00008suo_I_M
13048,4,train,0.034150611609220505,pdb_00008i7v_E1_E2
13049,4,train,0.026562456041574478,pdb_00008f7r_E1_E2
13050,4,train,0.4009665250778198,pdb_00003rif_F_N
13051,4,train,0.2569366693496704,pdb_00009cpu_H_L
13052,4,train,0.5761812925338745,pdb_00006pe9_E_F
13053,4,train,0.02603667601943016,pdb_00008x17_H1_H2
13054,4,train,0.015272865071892738,pdb_00007ts0_H1_H2
13055,4,train,0.025880513712763786,pdb_00007u0g_O1_O2
13056,4,train,0.6514723300933838,pdb_00007wvd_I_J
13057,4,train,0.008094278164207935,pdb_00002ht4_E_F
13058,4,train,0.02182319574058056,pdb_00008jxv_E1_E2
13059,4,train,0.6641692519187927,pdb_00002vis_B_A
13060,4,train,0.551590085029602,pdb_00009lae_A_B
13061,4,train,0.19684277474880219,pdb_00008cwv_H_L
13062,4,train,0.999298095703125,pdb_00006jod_H_L
13063,4,train,0.5274507403373718,pdb_00008zh7_B_C
13064,4,train,0.3630230724811554,pdb_00007cjf_A_B
13065,4,train,0.01153736561536789,pdb_00007ew2_S1_S2
13066,4,train,1.0989259481430054,pdb_00005gs0_F_E
13067,4,train,0.9401516318321228,pdb_00006ocb_H_L
13068,4,train,0.4325237572193146,pdb_00007x66_H_L
13069,4,train,0.020116541534662247,pdb_00007w40_H1_H2
13070,4,train,0.9955961108207703,pdb_00006jep_H_L
13071,4,train,0.5841843485832214,pdb_00002yss_B_A
13072,4,train,0.8689689040184021,pdb_00007rr0_B_C
13073,4,train,0.5486642122268677,pdb_00009j9z_H_L
13074,4,train,0.021073779091238976,pdb_00008w8r_S1_S2
13075,4,train,0.597781240940094,pdb_00008vgl_H_L
13076,4,train,0.012822331860661507,pdb_00007vuy_S1_S2
13077,4,train,0.1140516996383667,pdb_00003stz_A_B
13078,4,train,0.7052478194236755,pdb_00007c81_H_L
13079,4,train,0.6103001236915588,pdb_00005wko_I_J
13080,4,train,0.6081141829490662,pdb_00003eo1_H_G
13081,4,train,0.01278617698699236,pdb_00009jed_S1_S2
13082,4,train,0.016253789886832237,pdb_00002htk_C_D
13083,4,train,0.7758263945579529,pdb_00009ebc_G_H
13084,4,train,0.7823966145515442,pdb_00007y3n_H_L
13085,4,train,1.6689502000808716,pdb_00006osh_H_L
13086,4,train,0.6097754240036011,pdb_00005x8m_B_C
13087,4,train,0.1674427092075348,pdb_00008elq_H_L
13088,4,train,0.4835328161716461,pdb_00008go8_H_L
13089,4,train,0.01376035064458847,pdb_00006k41_H1_H2
13090,4,train,0.5509440302848816,pdb_00009mqa_J_N
13091,4,train,0.9664122462272644,pdb_00009mic_H_L
13092,4,train,0.06364616751670837,pdb_00008vrn_K_L
13093,4,train,0.015655305236577988,pdb_00007rbt_E1_E2
13094,4,train,0.009681358933448792,pdb_00002vdp_H_L
13095,4,train,0.6421117186546326,pdb_00003v6z_A_B
13096,4,train,0.016275592148303986,pdb_00008hcx_E1_E2
13097,4,train,0.010148520581424236,pdb_00007u2l_E1_E2
13098,4,train,1.0716902017593384,pdb_00008r8k_H_L
13099,4,train,0.022504443302750587,pdb_00008z3q_S1_S2
13100,4,train,0.6093525290489197,pdb_00009mkn_J_N
13101,4,train,0.7975153923034668,pdb_00007x2w_H_L
13102,4,train,0.022491062059998512,pdb_00009v1h_E1_E2
13103,4,train,0.012371150776743889,pdb_00007v69_S1_S2
13104,4,train,0.018598822876811028,pdb_00006x3t_J_I
13105,4,train,0.010731532238423824,pdb_00008ef6_E1_E2
13106,4,train,0.013083190657198429,pdb_00008fn0_E1_E2
13107,4,train,0.7330224514007568,pdb_00007pry_H_L
13108,4,train,0.5989512801170349,pdb_00009lho_I_H
13109,4,train,0.007227499503642321,pdb_00007e9g_D1_D2
13110,4,train,0.9074631333351135,pdb_00005lsp_S_T
13111,4,train,0.6908711194992065,pdb_00007det_D1_D2
13112,4,train,0.6572747230529785,pdb_00008dwx_V_U
13113,4,train,0.3974933326244354,pdb_00008wo4_B_A
13114,4,train,0.3402356803417206,pdb_00008jkf_H_L
13115,4,train,0.9352627992630005,pdb_00006ba5_B_A
13116,4,train,0.4327163100242615,pdb_00009wb3_B_C
13117,4,train,0.011403387412428856,pdb_00009ijd_D1_D2
13118,4,train,0.026552826166152954,pdb_00002htk_E_F
13119,4,train,1.645822525024414,pdb_00003h3b_C2_C1
13120,4,train,0.006169041618704796,pdb_00002htl_C_D
13121,4,train,0.0130815040320158,pdb_00007t6b_E1_E2
13122,4,train,0.5934281349182129,pdb_00006k7o_D_E
13123,4,train,0.01127235870808363,pdb_00008ghv_S1_S2
13124,4,train,0.008614625781774521,pdb_00006dzt_M1_M2
13125,4,train,0.1515776365995407,pdb_00009ouo_J_K
13126,4,train,0.32498490810394287,pdb_00007kfw_C_D
13127,4,train,0.9341883063316345,pdb_00006t9e_AAA_BBB
13128,4,train,0.47752389311790466,pdb_00008zh7_H_I
13129,4,train,0.5908807516098022,pdb_00007l7e_O_P
13130,4,train,0.5086123943328857,pdb_00007lop_X_Y
13131,4,train,0.08305586129426956,pdb_00008ihb_S1_S2
13132,4,train,0.10922098159790039,pdb_00009nz5_F_E
13133,4,train,0.03628087416291237,pdb_00009jky_S1_S2
13134,4,train,0.7390496730804443,pdb_00009b82_R_Q
13135,4,train,0.7440752983093262,pdb_00006oc3_A_B
13136,4,train,0.3818603456020355,pdb_00001vfb_B_A
13137,4,train,0.6718302369117737,pdb_00006n5b_H_L
13138,4,train,0.5993378758430481,pdb_00008hq7_M_N
13139,4,train,0.549762487411499,pdb_00003fku_Y1_Y2
13140,4,train,0.44630324840545654,pdb_00006ba5_H_G
13141,4,train,0.8235999345779419,pdb_00008gpu_F_G
13142,4,train,0.007525890599936247,pdb_00008hoc_S1_S2
13143,4,train,0.07022213190793991,pdb_00008zd1_S1_S2
13144,4,train,0.025856314226984978,pdb_00008j20_B1_B2
13145,4,train,0.05747415870428085,pdb_00009nz3_D_C
13146,4,train,0.644949197769165,pdb_00007rk1_D1_D2
13147,4,train,1.2743957042694092,pdb_00006xq0_E_F
13148,4,train,0.8031793236732483,pdb_00009cct_C_B
13149,4,train,0.674335777759552,pdb_00008dis_B_G
13150,4,train,0.784187376499176,pdb_00007fcp_B_D
13151,4,train,1.0119374990463257,pdb_00009oap_H_L
13152,4,train,0.4672018885612488,pdb_00006n5d_L_N
13153,4,train,0.03166172653436661,pdb_00008ia8_S1_S2
13154,4,train,0.023958662524819374,pdb_00008vfx_N2_N1
13155,4,train,0.00997029710561037,pdb_00008jii_S1_S2
13156,4,train,0.030006585642695427,pdb_00008sgo_K_L
13157,4,train,0.03704462945461273,pdb_00008xxx_S1_S2
13158,4,train,0.026645928621292114,pdb_00002exy_E_F
13159,4,train,0.024832597002387047,pdb_00008xqf_S1_S2
13160,4,train,0.008996454067528248,pdb_00008yh2_S1_S2
13161,4,train,0.5994328260421753,pdb_00004h88_H_L
13162,4,train,0.0164745282381773,pdb_00008vfx_M2_M1
13163,4,train,0.019913984462618828,pdb_00006x3u_K_L
13164,4,train,0.02920171059668064,pdb_00008j6j_H1_H2
13165,4,train,1.1671524047851562,pdb_00008p5m_G_L
13166,4,train,0.047503720968961716,pdb_00009ns9_N1_N2
13167,4,train,0.00585043104365468,pdb_00008guq_S1_S2
13168,4,train,0.01121385209262371,pdb_00007l8p_E_F
13169,4,train,0.40245217084884644,pdb_00006n5d_C_D
13170,4,train,0.6266787052154541,pdb_00008oz3_A_B
13171,4,train,0.3934347629547119,pdb_00007kmh_A_B
13172,4,train,0.6575669646263123,pdb_00001bvk_B_A
13173,4,train,0.007490602321922779,pdb_00003zdz_E_F
13174,4,train,0.38308706879615784,pdb_00003fku_Z1_Z2
13175,4,train,1.278635025024414,pdb_00006bpc_B_C
13176,4,train,0.39690306782722473,pdb_00007xei_E_F
13177,4,train,0.5925005078315735,pdb_00007rxl_H_L
13178,4,train,0.6700040102005005,pdb_00004dkf_I_M
13179,4,train,0.5284197330474854,pdb_00006ii4_E_F
13180,4,train,0.019631868228316307,pdb_00007w3z_H1_H2
13180,4,train_epoch,0.47523541275902237,
13180,4,validation,0.9095779101956974,
13181,5,train,1.010940432548523,pdb_00009y41_H_L
13182,5,train,0.5347650051116943,pdb_00009ctw_D_C
13183,5,train,0.5320388078689575,pdb_00007lq7_F_G
13184,5,train,0.04395000636577606,pdb_00009ipv_S1_S2
13185,5,train,0.6044908761978149,pdb_00007dk2_D_E
13186,5,train,0.017717087641358376,pdb_00003fb6_A_B
13187,5,train,0.3900388777256012,pdb_00007rxl_H_L
13188,5,train,0.6493804454803467,pdb_00007f3q_C_B
13189,5,train,1.0042444467544556,pdb_00009ma7_D_E
13190,5,train,0.9670751094818115,pdb_00007ykj_A_D
13191,5,train,0.47749537229537964,pdb_00007ws7_G_F
13192,5,train,0.9862892627716064,pdb_00008khd_H_J
13193,5,train,0.7400125861167908,pdb_00003fmg_H_L
13194,5,train,0.12000343203544617,pdb_00006w0f_A_B
13195,5,train,0.853215754032135,pdb_00009c0v_H_L
13196,5,train,0.6460555791854858,pdb_00008pwh_D_C
13197,5,train,0.016632184386253357,pdb_00002fed_E_F
13198,5,train,0.3810797333717346,pdb_00008zh7_K_L
13199,5,train,0.8811365962028503,pdb_00007kqh_C_D
13200,5,train,0.5202982425689697,pdb_00002fjh_B_A
13201,5,train,0.025353888049721718,pdb_00007dw9_S1_S2
13202,5,train,0.6401273012161255,pdb_00008jio_C_B
13203,5,train,0.9709151387214661,pdb_00006oel_H_L
13204,5,train,0.6564183235168457,pdb_00007pry_H_L
13205,5,train,0.9491081237792969,pdb_00006xq0_B_C
13206,5,train,0.3082800805568695,pdb_00008jkf_H_L
13207,5,train,0.02941529080271721,pdb_00008si9_J_I
13208,5,train,0.525112509727478,pdb_00009udq_F_A
13209,5,train,0.007683093193918467,pdb_00003ejy_E_F
13210,5,train,0.26676738262176514,pdb_00008vgi_K_L
13211,5,train,0.47008180618286133,pdb_00001tqc_B_C
13212,5,train,0.23451736569404602,pdb_00006vmk_H_G
13213,5,train,0.7028672099113464,pdb_00008u44_V_X
13214,5,train,0.018649699166417122,pdb_00009p0m_F1_F2
13215,5,train,0.014865309000015259,pdb_00007ydh_E1_E2
13216,5,train,0.5375174880027771,pdb_00008y3h_I_J
13217,5,train,0.4728389084339142,pdb_00001fdl_H_L
13218,5,train,0.6660752296447754,pdb_00009n8j_H_I
13219,5,train,0.42532655596733093,pdb_00008bcz_C_D
13220,5,train,0.5662648677825928,pdb_00007cdj_H_L
13221,5,train,0.006478009279817343,pdb_00008x2k_E1_E2
13222,5,train,0.4046735465526581,pdb_00007x2k_H_L
13223,5,train,0.016288354992866516,pdb_00009p0k_F1_F2
13224,5,train,0.7409836649894714,pdb_00006wtv_E_F
13225,5,train,0.38874518871307373,pdb_00008y3k_G_H
13226,5,train,0.011329872533679008,pdb_00009m2f_S1_S2
13227,5,train,0.8243021368980408,pdb_00007fcp_H_L
13228,5,train,0.024940533563494682,pdb_00006e0c_M1_M2
13229,5,train,0.24005909264087677,pdb_00006bah_B_A
13230,5,train,0.2365006059408188,pdb_00006b9y_B_A
13231,5,train,0.017603280022740364,pdb_00002ht2_C_D
13232,5,train,0.026172181591391563,pdb_00002vdo_H_L
13233,5,train,0.599144458770752,pdb_00007rku_J_K
13234,5,train,0.007626106962561607,pdb_00007aue_S1_S2
13235,5,train,0.5973269939422607,pdb_00009ebc_I_J
13236,5,train,1.1648212671279907,pdb_00004ubd_G_H
13237,5,train,0.02265704981982708,pdb_00009m1o_S1_S2
13238,5,train,0.6120678782463074,pdb_00008cn9_B_A
13239,5,train,0.011368599720299244,pdb_00007yj4_S1_S2
13240,5,train,0.6745498180389404,pdb_00007x6o_J_L
13241,5,train,0.4273739159107208,pdb_00006ii4_E_F
13242,5,train,0.5859339237213135,pdb_00004n90_F_G
13243,5,train,0.6143929362297058,pdb_00007xda_D_E
13244,5,train,0.5096601843833923,pdb_00009b82_N_M
13245,5,train,0.5398849844932556,pdb_00008dwy_H_L
13246,5,train,0.5899629592895508,pdb_00007d85_B_C
13247,5,train,0.010677649639546871,pdb_00008ia7_E1_E2
13248,5,train,0.008888867683708668,pdb_00007uh8_E_F
13249,5,train,0.7079790830612183,pdb_00009y0e_A_B
13250,5,train,0.023293081670999527,pdb_00007xms_S1_S2
13251,5,train,0.4608150124549866,pdb_00009mkn_I_M
13252,5,train,0.5597361326217651,pdb_00007xj9_G_F
13253,5,train,0.566895067691803,pdb_00009q71_I_J
13254,5,train,0.5669478178024292,pdb_00004hj0_C_D
13255,5,train,0.617428183555603,pdb_00007ley_H_I
13256,5,train,0.5530850887298584,pdb_00009b2m_H_L
13257,5,train,0.07167085260152817,pdb_00008rql_S1_S2
13258,5,train,0.1082117110490799,pdb_00008dd3_J_I
13259,5,train,0.36029252409935,pdb_00008i0n_H_L
13260,5,train,0.009047304280102253,pdb_00006os9_D1_D2
13261,5,train,0.797773540019989,pdb_00002ybr_G_H
13262,5,train,0.4852990210056305,pdb_00007ubs_J1_J2
13263,5,train,0.501615047454834,pdb_00008jel_I_K
13264,5,train,0.40894442796707153,pdb_00004n90_D_E
13265,5,train,0.006283138878643513,pdb_00008gur_S1_S2
13266,5,train,0.49217456579208374,pdb_00007rks_I_M
13267,5,train,1.554949402809143,pdb_00008c7h_L_K
13268,5,train,0.07951421290636063,pdb_00009ouo_H_L
13269,5,train,0.5481099486351013,pdb_00004odx_A_L
13270,5,train,0.3684493601322174,pdb_00008wpy_H_L
13271,5,train,0.016259685158729553,pdb_00007p00_H1_H2
13272,5,train,0.594075620174408,pdb_00003qum_K_M
13273,5,train,0.021677246317267418,pdb_00009xhh_D1_D2
13274,5,train,0.8921687602996826,pdb_00007cqd_I_M
13275,5,train,0.9781573414802551,pdb_00008e8r_H_L
13276,5,train,0.8126409649848938,pdb_00006wm9_E_F
13277,5,train,0.010850721038877964,pdb_00008yn9_E1_E2
13278,5,train,0.14083166420459747,pdb_00009nz4_F_E
13279,5,train,0.023465657606720924,pdb_00008uwl_E1_E2
13280,5,train,0.48094794154167175,pdb_00007klh_I_M
13281,5,train,0.610644519329071,pdb_00006ywc_D_E
13282,5,train,0.5097521543502808,pdb_00009b82_R_Q
13283,5,train,0.9598268270492554,pdb_00008jin_B2_B1
13284,5,train,0.08460306376218796,pdb_00007e32_E1_E2
13285,5,train,0.05595303326845169,pdb_00008z65_S1_S2
13286,5,train,0.39349713921546936,pdb_00007xei_E_F
13287,5,train,0.039469193667173386,pdb_00008dk5_N1_N2
13288,5,train,0.018160715699195862,pdb_00008xgu_S1_S2
13289,5,train,0.3966776430606842,pdb_00007xj9_I_H
13290,5,train,0.5893756151199341,pdb_00008jqm_M_N
13291,5,train,0.028205186128616333,pdb_00009m8l_N1_N2
13292,5,train,1.0271530151367188,pdb_00009kve_A_B
13293,5,train,0.013569180853664875,pdb_00007x10_E1_E2
13294,5,train,0.581862211227417,pdb_00007e9b_H_L
13295,5,train,0.016419442370533943,pdb_00008guq_S1_S2
13296,5,train,0.41864216327667236,pdb_00007ubs_H1_H2
13297,5,train,0.017134547233581543,pdb_00008xyk_S1_S2
13298,5,train,0.02108781412243843,pdb_00007uk9_E_F
13299,5,train,0.016904523596167564,pdb_00007vug_S1_S2
13300,5,train,0.46962255239486694,pdb_00009huo_C_D
13301,5,train,0.04229814559221268,pdb_00008x8l_E1_E2
13302,5,train,0.006165092810988426,pdb_00008fx5_H1_H2
13303,5,train,0.016585836187005043,pdb_00009jed_S1_S2
13304,5,train,0.5770738124847412,pdb_00008hpf_H_L
13305,5,train,0.20544664561748505,pdb_00006b3s_H_L
13306,5,train,0.009146970696747303,pdb_00003t3m_E_F
13307,5,train,0.4777556359767914,pdb_00006ba5_B_A
13308,5,train,0.9839942455291748,pdb_00007n4j_H_L
13309,5,train,0.009824776090681553,pdb_00008iy5_E1_E2
13310,5,train,0.08791011571884155,pdb_00009our_H_L
13311,5,train,0.0290328748524189,pdb_00008id9_S1_S2
13312,5,train,0.022653918713331223,pdb_00009axf_H1_H2
13313,5,train,0.053489912301301956,pdb_00008w8b_E1_E2
13314,5,train,0.01987803354859352,pdb_00008xx6_S1_S2
13315,5,train,0.4248706102371216,pdb_00009ixa_H_L
13316,5,train,0.012942752800881863,pdb_00009le1_S1_S2
13317,5,train,0.04180869460105896,pdb_00009ctu_F_E
13318,5,train,0.735790491104126,pdb_00007kyo_H_L
13319,5,train,0.5185219645500183,pdb_00007l7e_C_D
13320,5,train,0.4125477075576782,pdb_00008jen_A_B
13321,5,train,0.8429117798805237,pdb_00008f6o_A_B
13322,5,train,0.025841977447271347,pdb_00008y72_E1_E2
13323,5,train,0.013702794909477234,pdb_00008hcx_E1_E2
13324,5,train,0.5241950750350952,pdb_00008u44_U_W
13325,5,train,0.014570009894669056,pdb_00009k27_D1_D2
13326,5,train,0.016366343945264816,pdb_00008z8b_S1_S2
13327,5,train,0.13628940284252167,pdb_00003b2u_J_K
13328,5,train,0.04298023506999016,pdb_00006x3x_J_I
13329,5,train,0.5645659565925598,pdb_00008u4s_B_A
13330,5,train,0.09488441050052643,pdb_00008zbe_E1_E2
13331,5,train,0.6661814451217651,pdb_00001fsk_I_H
13332,5,train,0.016995929181575775,pdb_00008ija_S1_S2
13333,5,train,0.48048484325408936,pdb_00005bo1_I_M
13334,5,train,0.44625523686408997,pdb_00008too_D_C
13335,5,train,1.3239606618881226,pdb_00009kve_D_F
13336,5,train,0.022436652332544327,pdb_00009drx_J_I
13337,5,train,0.4191821217536926,pdb_00007nx8_H_L
13338,5,train,0.7268210053443909,pdb_00007xrz_B_A
13339,5,train,0.018127530813217163,pdb_00008fn0_E1_E2
13340,5,train,0.6385532021522522,pdb_00007det_D1_D2
13341,5,train,0.26789402961730957,pdb_00007kfv_H_L
13342,5,train,1.162887692451477,pdb_00006uyn_H_L
13343,5,train,0.2882575988769531,pdb_000011oo_H_L
13344,5,train,0.012807616032660007,pdb_00007xa3_E1_E2
13345,5,train,0.46667176485061646,pdb_00009h4r_X_Y
13346,5,train,0.012581047601997852,pdb_00008k6n_S1_S2
13347,5,train,0.014508719556033611,pdb_00007ew0_E1_E2
13348,5,train,0.027568556368350983,pdb_00008yn2_E1_E2
13349,5,train,0.743347704410553,pdb_00006t9d_AAA_BBB
13350,5,train,0.015950554981827736,pdb_00009o36_E1_E2
13351,5,train,0.029019201174378395,pdb_00007u0g_O1_O2
13352,5,train,0.017104608938097954,pdb_00009kfj_S1_S2
13353,5,train,0.6848865151405334,pdb_00006xq4_E_F
13354,5,train,0.1493675410747528,pdb_00003b2u_C_D
13355,5,train,0.7734729647636414,pdb_00009bdi_C_D
13356,5,train,0.7947138547897339,pdb_00009leo_C_D
13357,5,train,0.012522405944764614,pdb_00007trk_H1_H2
13358,5,train,0.7908973097801208,pdb_00004d9r_H_L
13359,5,train,1.1337677240371704,pdb_00009bhh_T_S
13360,5,train,0.5109331011772156,pdb_00004ttd_C_D
13361,5,train,0.3897738456726074,pdb_00007l7e_O_P
13362,5,train,0.43371447920799255,pdb_00007cho_H_L
13363,5,train,0.7998746633529663,pdb_00009o7g_C_D
13364,5,train,0.03371300548315048,pdb_00002ht3_E_F
13365,5,train,0.7658225297927856,pdb_00003wkm_I_M
13366,5,train,0.34098464250564575,pdb_00008zh7_B_C
13367,5,train,0.5566702485084534,pdb_00005x8l_G_L
13368,5,train,0.011394993402063847,pdb_00007vgy_E1_E2
13369,5,train,0.4734342098236084,pdb_00008hq7_H_L
13370,5,train,0.48965710401535034,pdb_00006n5b_H_L
13371,5,train,1.438405156135559,pdb_00009vnp_C_A
13372,5,train,0.02939969301223755,pdb_00008j6d_H1_H2
13373,5,train,1.0201483964920044,pdb_00004fqj_H_L
13374,5,train,0.018950708210468292,pdb_00008j6p_S1_S2
13375,5,train,0.695471465587616,pdb_00008ee8_D_C
13376,5,train,1.1405987739562988,pdb_00008v2e_D_E
13377,5,train,0.4394356906414032,pdb_00009n4f_O_P
13378,5,train,0.08296936750411987,pdb_00009ov4_H_L
13379,5,train,0.027341442182660103,pdb_00006x40_K_L
13380,5,train,0.3913884162902832,pdb_00009u5q_B_C
13381,5,train,0.5199963450431824,pdb_00004m62_I_M
13382,5,train,0.3513268828392029,pdb_00006w41_H_L
13383,5,train,0.5981273651123047,pdb_00008zd5_H_I
13384,5,train,1.1776559352874756,pdb_00009e3l_I_J
13385,5,train,0.015578389167785645,pdb_00007t10_S1_S2
13386,5,train,0.8000246286392212,pdb_00008eed_H_L
13387,5,train,0.18742814660072327,pdb_00007kfv_F_G
13388,5,train,0.06878561526536942,pdb_00008iw9_S1_S2
13389,5,train,0.9535452723503113,pdb_00008w86_E_F
13390,5,train,0.01684383861720562,pdb_00008wwm_E1_E2
13391,5,train,0.7698999047279358,pdb_00006d0u_C_D
13392,5,train,0.13614831864833832,pdb_00009ge3_F1_F2
13393,5,train,0.800535261631012,pdb_00007cqd_H_L
13394,5,train,0.027558326721191406,pdb_00007tho_E_F
13395,5,train,0.4277837872505188,pdb_00004ma8_H_L
13396,5,train,0.9502578377723694,pdb_00007c88_A_B
13397,5,train,0.021379102021455765,pdb_00008efo_E1_E2
13398,5,train,0.47814711928367615,pdb_00003s37_H_L
13399,5,train,0.012164813466370106,pdb_00009uam_E1_E2
13400,5,train,0.6220644116401672,pdb_00008dcc_H_L
13401,5,train,0.022431135177612305,pdb_00008yuu_S1_S2
13402,5,train,0.020695501938462257,pdb_00007s8m_E1_E2
13403,5,train,0.6577680706977844,pdb_00005xmh_H_L
13404,5,train,1.0276000499725342,pdb_00007x3e_H_L
13405,5,train,0.7095654606819153,pdb_00006woz_B_C
13406,5,train,0.8935452103614807,pdb_00005ggs_A_B
13407,5,train,0.1008332148194313,pdb_00009nz5_B_C
13408,5,train,0.5828695893287659,pdb_00006iap_H_L
13409,5,train,0.5195441842079163,pdb_00007rk1_C1_C2
13410,5,train,0.49922996759414673,pdb_00007wsi_H_L
13411,5,train,0.15455281734466553,pdb_00001ic7_H_L
13412,5,train,0.020156292244791985,pdb_00007vfx_S1_S2
13413,5,train,0.39917245507240295,pdb_00005aaw_A1_A2
13414,5,train,0.5052828192710876,pdb_00009b2m_E_F
13415,5,train,0.20186686515808105,pdb_00008vgj_F_E
13416,5,train,0.2555076479911804,pdb_00002qr0_L_K
13417,5,train,0.5737029314041138,pdb_00007ley_D_E
13418,5,train,0.1404561847448349,pdb_00008vgk_J_I
13419,5,train,0.023557530716061592,pdb_00008xxh_S1_S2
13420,5,train,0.017125675454735756,pdb_00002htk_E_F
13421,5,train,0.5040475726127625,pdb_00001fj1_D_C
13422,5,train,0.9688166975975037,pdb_00009mtg_H_L
13423,5,train,0.010455896146595478,pdb_00007v68_S1_S2
13424,5,train,0.5324537754058838,pdb_00003eo1_B_A
13425,5,train,0.012964942492544651,pdb_00007ys6_E1_E2
13426,5,train,0.7182046175003052,pdb_00008yub_D_E
13427,5,train,0.9359226822853088,pdb_00006wmw_H_L
13428,5,train,0.1784295290708542,pdb_00006b9z_B_A
13429,5,train,0.45879536867141724,pdb_00007eam_C_D
13430,5,train,0.4155407249927521,pdb_00007lop_H_L
13431,5,train,0.04042499139904976,pdb_00009xhi_D1_D2
13432,5,train,1.1544066667556763,pdb_00004kuc_F_E
13433,5,train,0.12297771871089935,pdb_00009zq9_J2_J1
13434,5,train,0.016009462997317314,pdb_00009k3k_S1_S2
13435,5,train,0.7598001956939697,pdb_00009mtm_M_N
13436,5,train,0.5491297841072083,pdb_00008xse_H_L
13437,5,train,0.3586471974849701,pdb_00005yoy_R_O
13438,5,train,1.244748592376709,pdb_00008hgm_C_D
13439,5,train,1.0037511587142944,pdb_00008fdo_A_B
13440,5,train,0.018035797402262688,pdb_00008h0q_E1_E2
13441,5,train,0.5370252132415771,pdb_00008j7e_C_D
13442,5,train,0.05326298624277115,pdb_00003iga_A_B
13443,5,train,0.032619111239910126,pdb_00002hjf_A_B
13444,5,train,0.5240243077278137,pdb_00005ugy_I_M
13445,5,train,0.9892740845680237,pdb_00002r56_I_M
13446,5,train,0.2980789244174957,pdb_00007xeg_C_D
13447,5,train,0.47870808839797974,pdb_00006ii8_H_L
13448,5,train,0.011886783875524998,pdb_00009j8z_S1_S2
13449,5,train,0.6418396234512329,pdb_00002bdn_H_L
13450,5,train,0.6603609323501587,pdb_00008dwx_V_U
13451,5,train,0.7041098475456238,pdb_00009lf8_H_L
13452,5,train,0.41407448053359985,pdb_00007kmg_A_B
13453,5,train,0.6729398369789124,pdb_00006k7o_B_C
13454,5,train,0.8271851539611816,pdb_00008tpa_D_E
13455,5,train,0.4496879577636719,pdb_00007kf0_H_L
13456,5,train,0.6157574653625488,pdb_00009ebc_G_H
13457,5,train,0.01043796632438898,pdb_00007jvr_E1_E2
13458,5,train,0.4772842824459076,pdb_00007rk2_C1_C2
13459,5,train,0.08254893124103546,pdb_00006w0j_A_B
13460,5,train,0.7880945205688477,pdb_00009kve_E_G
13461,5,train,0.498190313577652,pdb_00007det_B1_B2
13462,5,train,0.4309493601322174,pdb_00003v4p_M_N
13463,5,train,0.42595037817955017,pdb_00008w2e_D_C
13464,5,train,0.4361207187175751,pdb_00009b82_H_L
13465,5,train,0.011543547734618187,pdb_00008k6o_S1_S2
13466,5,train,0.012615364976227283,pdb_00007mhx_A_B
13467,5,train,0.15481767058372498,pdb_00003rif_H_L
13468,5,train,0.016039660200476646,pdb_00008ejc_E1_E2
13469,5,train,0.4480714201927185,pdb_00007chc_H_L
13470,5,train,0.010216215625405312,pdb_00008k3z_S1_S2
13471,5,train,0.015691393986344337,pdb_00009lr2_S1_S2
13472,5,train,0.701065182685852,pdb_00007uzc_E_F
13473,5,train,0.794331431388855,pdb_00009ml8_H_L
13474,5,train,0.013153841719031334,pdb_00009jh3_S1_S2
13475,5,train,0.61370849609375,pdb_00006woz_H_I
13476,5,train,0.10950616002082825,pdb_00009zqa_J2_J1
13477,5,train,0.4969390034675598,pdb_00009ebc_K_L
13478,5,train,0.777523934841156,pdb_00007whz_C_E
13479,5,train,0.6173699498176575,pdb_00004ffv_H_L
13480,5,train,0.2853188216686249,pdb_00008jkf_M_N
13481,5,train,0.43108439445495605,pdb_00008dwx_X_W
13482,5,train,0.7650299072265625,pdb_00009mtj_I_J
13483,5,train,0.010478278622031212,pdb_00009k3l_S1_S2
13484,5,train,0.586808443069458,pdb_00005wko_C_D
13485,5,train,0.014595999382436275,pdb_00007w55_E1_E2
13486,5,train,0.47283199429512024,pdb_00007qf1_C_B
13487,5,train,0.463063508272171,pdb_00001xiw_H_G
13488,5,train,0.13323353230953217,pdb_00006k5f_C_D
13489,5,train,0.5750666260719299,pdb_00007y7m_F_G
13490,5,train,0.02826889045536518,pdb_00007xau_E1_E2
13491,5,train,0.8169116973876953,pdb_00009cq7_H_I
13492,5,train,0.6194422841072083,pdb_00008bg5_A1_A2
13493,5,train,0.43659159541130066,pdb_00005ugy_H_L
13494,5,train,0.7632094025611877,pdb_00008khr_H_L
13495,5,train,0.012776491232216358,pdb_00007cmu_E1_E2
13496,5,train,0.35505402088165283,pdb_00008smt_D_F
13497,5,train,1.1361591815948486,pdb_00008w5h_H_L
13498,5,train,0.8064543008804321,pdb_00007ebz_E_F
13499,5,train,1.1151516437530518,pdb_00004u6h_A_B
13500,5,train,0.9303573369979858,pdb_00009e3k_H_L
13501,5,train,0.5929445028305054,pdb_00008dnn_E_F
13502,5,train,0.4551064372062683,pdb_00009oj4_B_A
13503,5,train,1.1116993427276611,pdb_00007s11_I_M
13504,5,train,0.018098901957273483,pdb_00006xox_E1_E2
13505,5,train,0.5852150321006775,pdb_00007lq7_H_L
13506,5,train,0.5941628217697144,pdb_00009cpv_H_L
13507,5,train,0.007205790840089321,pdb_00008xzh_S1_S2
13508,5,train,0.46178820729255676,pdb_00009hh9_E_D
13509,5,train,0.6995936632156372,pdb_00007y6k_J_E3
13510,5,train,0.47519177198410034,pdb_00008jel_F_G
13511,5,train,0.4905078709125519,pdb_00007t87_H_L
13512,5,train,0.04060491919517517,pdb_00008ijb_S1_S2
13513,5,train,0.57032310962677,pdb_00004f2m_A_B
13514,5,train,0.6465851068496704,pdb_00007cmk_H_L
13515,5,train,0.47080644965171814,pdb_00005w0k_E_F
13516,5,train,0.7867733836174011,pdb_00007dm2_H_L
13517,5,train,0.5944563746452332,pdb_00008tx3_E_J
13518,5,train,0.01724560372531414,pdb_00008jim_S1_S2
13519,5,train,0.013088027015328407,pdb_00007w2z_S1_S2
13520,5,train,0.025694269686937332,pdb_00008hvi_H1_H2
13521,5,train,0.6959745287895203,pdb_00009mla_I_L
13522,5,train,0.11685715615749359,pdb_00006w0a_A_B
13523,5,train,0.21437101066112518,pdb_00008jkf_m_n
13524,5,train,0.4785066246986389,pdb_00009lrf_H_L
13525,5,train,0.6705928444862366,pdb_00007ycl_A_B
13526,5,train,0.026528125628829002,pdb_00008vfx_M2_M1
13527,5,train,0.7000077962875366,pdb_00002hmi_D_C
13528,5,train,0.3251382112503052,pdb_00004tsc_H_L
13529,5,train,0.018125060945749283,pdb_00003fb5_A_B
13530,5,train,0.48787418007850647,pdb_00007keo_E_F
13531,5,train,0.5710358619689941,pdb_00006wtu_H_I
13532,5,train,0.650891900062561,pdb_00008vtd_B_A
13533,5,train,0.29657143354415894,pdb_00009cia_D_C
13534,5,train,0.009993140585720539,pdb_00009vj5_E1_E2
13535,5,train,1.0425353050231934,pdb_00005e94_D_C
13536,5,train,0.7425014972686768,pdb_00006h3u_H_L
13537,5,train,0.4455015957355499,pdb_00009lbs_D_C
13538,5,train,0.9144259095191956,pdb_00004xhj_H_G
13539,5,train,0.8274073600769043,pdb_00004am0_H_L
13540,5,train,0.7095258831977844,pdb_00008a96_K_J
13541,5,train,0.357178270816803,pdb_00007ek0_H_L
13542,5,train,0.5799013376235962,pdb_00007lq7_T_U
13543,5,train,0.686103880405426,pdb_00009mif_H_L
13544,5,train,0.04521739110350609,pdb_00001k4d_A_B
13545,5,train,0.8264263868331909,pdb_00004v1d_D_E
13546,5,train,0.47820669412612915,pdb_00008zd5_K_L
13547,5,train,0.19597727060317993,pdb_00004tnw_Y_g
13548,5,train,0.02773354761302471,pdb_00008ubl_N2_N1
13549,5,train,0.02070735953748226,pdb_00008h0p_E1_E2
13550,5,train,0.5516313910484314,pdb_00009cpw_H_L
13551,5,train,0.00887314323335886,pdb_00008xqe_S1_S2
13552,5,train,0.5804888606071472,pdb_00009bao_E_F
13553,5,train,0.6164663434028625,pdb_00005xku_C_B
13554,5,train,0.12360285967588425,pdb_00004tnw_G_K
13555,5,train,0.5069108009338379,pdb_00008wpw_C_D
13556,5,train,0.6801920533180237,pdb_00007fci_H_L
13557,5,train,0.5535722374916077,pdb_00007zmk_M_N
13558,5,train,0.4717724621295929,pdb_00008j1q_B_A
13559,5,train,0.014722984284162521,pdb_00003nig_H_L
13560,5,train,0.9182223677635193,pdb_00008tnn_H_G
13561,5,train,0.010163962841033936,pdb_00007udg_E_F
13562,5,train,0.05534076318144798,pdb_00008dd3_K_L
13563,5,train,0.41489678621292114,pdb_00006vvu_J_K
13564,5,train,0.7699381709098816,pdb_00001p2c_E_D
13565,5,train,0.8521880507469177,pdb_00005umi_A_B
13566,5,train,0.1655571013689041,pdb_00005u6a_B_A
13567,5,train,0.539191484451294,pdb_00002r0l_H_L
13568,5,train,0.027221810072660446,pdb_00008sg1_E1_E2
13569,5,train,0.6985064744949341,pdb_00007f3q_H_L
13570,5,train,0.31092825531959534,pdb_00005yoy_P_M
13571,5,train,0.6808785796165466,pdb_00003g6j_F_E
13572,5,train,0.45528367161750793,pdb_00003dvn_B_A
13573,5,train,0.8869645595550537,pdb_00008tbq_A_B
13574,5,train,0.013746248558163643,pdb_00008z3m_S1_S2
13575,5,train,0.7740264534950256,pdb_00007pa7_eee2_eee1
13576,5,train,0.017914922907948494,pdb_00009wxm_D1_D2
13577,5,train,0.06120922416448593,pdb_00009kt8_E1_E2
13578,5,train,0.10056844353675842,pdb_00003a6b_H_L
13579,5,train,0.6920261979103088,pdb_00006suz_H_L
13580,5,train,0.2247582972049713,pdb_00005aaw_F1_F2
13581,5,train,0.4055542051792145,pdb_00008bg4_C1_C2
13582,5,train,0.7895306944847107,pdb_00007zfb_A_B
13583,5,train,0.010750507935881615,pdb_00007w57_E1_E2
13584,5,train,0.47712671756744385,pdb_00009ci8_D_C
13585,5,train,0.36173802614212036,pdb_00009jy3_R_Q
13586,5,train,0.628727912902832,pdb_00007dpm_D_E
13587,5,train,0.5975121855735779,pdb_00004kxz_J_I
13588,5,train,0.09040869027376175,pdb_00003rif_J_M
13589,5,train,0.2238263189792633,pdb_00008vgj_K_L
13590,5,train,0.027678893879055977,pdb_00008h8j_H1_H2
13591,5,train,0.5839257836341858,pdb_00001j5o_H_L
13592,5,train,1.214463710784912,pdb_00009y3x_H_L
13593,5,train,0.5523453950881958,pdb_00009q71_K_L
13594,5,train,1.2403568029403687,pdb_00005hbt_D_C
13595,5,train,0.7800785899162292,pdb_00009qt3_N_O
13596,5,train,0.2586035430431366,pdb_00006zh9_HHH_LLL
13597,5,train,0.6301203966140747,pdb_00008oxx_B_C
13598,5,train,0.00842070672661066,pdb_00007uko_E_F
13599,5,train,0.47927325963974,pdb_00003fku_Z1_Z2
13600,5,train,0.004600578919053078,pdb_00008hcq_E1_E2
13601,5,train,0.6621344089508057,pdb_00007wh8_B_A
13602,5,train,0.029957203194499016,pdb_00008i7w_E1_E2
13603,5,train,0.014890315942466259,pdb_00002vdq_H_L
13604,5,train,0.4789571762084961,pdb_00009n7q_H_L
13605,5,train,0.004583594389259815,pdb_00002vdl_H_L
13606,5,train,0.018218083307147026,pdb_00008tb0_F1_F2
13607,5,train,0.2642575800418854,pdb_00009hhr_D_G
13608,5,train,0.6672750115394592,pdb_00003v6z_A_B
13609,5,train,0.13409177958965302,pdb_00005u5f_B_A
13610,5,train,0.7931105494499207,pdb_00009dm0_C_D
13611,5,train,0.011277556419372559,pdb_00008uuj_D1_D2
13612,5,train,0.20771586894989014,pdb_00001uac_H_L
13613,5,train,0.014173421077430248,pdb_00007yae_S1_S2
13614,5,train,0.8470269441604614,pdb_00004wv1_E_D
13615,5,train,0.5770155191421509,pdb_00007zfb_H_L
13616,5,train,0.7129470109939575,pdb_00006cyf_D_C
13617,5,train,0.616848349571228,pdb_00005h35_H_I
13618,5,train,0.2956993579864502,pdb_00008as0_T_S
13619,5,train,0.022329023107886314,pdb_00009vo2_S1_S2
13620,5,train,0.022064533084630966,pdb_00008evg_M1_M2
13621,5,train,0.7386576533317566,pdb_00008w5m_H_L
13622,5,train,0.6206532716751099,pdb_00006wzm_C_D
13623,5,train,0.3811322748661041,pdb_00007dfa_H_L
13624,5,train,0.017934946343302727,pdb_00009k26_S1_S2
13625,5,train,0.5339975357055664,pdb_00007zfb_C_D
13626,5,train,0.262529581785202,pdb_00006vmk_i_h
13627,5,train,0.6694389581680298,pdb_00008gy5_H_L
13628,5,train,0.01260724663734436,pdb_00008xqt_S1_S2
13629,5,train,0.47231030464172363,pdb_00006cyf_F_E
13630,5,train,0.9863494038581848,pdb_00001qfu_H_L
13631,5,train,1.1139745712280273,pdb_00008xa4_C_D
13632,5,train,0.3897750675678253,pdb_00001g7h_B_A
13633,5,train,0.572083592414856,pdb_00004lf3_B_A
13634,5,train,0.5322961211204529,pdb_00008hpu_M_N
13635,5,train,0.46737635135650635,pdb_00001t03_H_L
13636,5,train,0.005005500745028257,pdb_00007ujk_E_F
13637,5,train,0.6550589799880981,pdb_00007upb_B_E
13638,5,train,0.7668431401252747,pdb_00009bdi_H_L
13639,5,train,0.5416838526725769,pdb_00004wv1_B_A
13640,5,train,0.051751118153333664,pdb_00006w0h_A_B
13641,5,train,0.023856621235609055,pdb_00008y71_E1_E2
13642,5,train,0.01785275898873806,pdb_00007ej8_H1_H2
13643,5,train,0.4309569299221039,pdb_00007upb_C_F
13644,5,train,0.47796496748924255,pdb_00007xcz_D_E
13645,5,train,0.8217814564704895,pdb_00006oc3_A_B
13646,5,train,0.35918736457824707,pdb_00007sts_A_B
13647,5,train,0.46376004815101624,pdb_00006cw3_C_D
13648,5,train,0.01497042179107666,pdb_00007s8o_E1_E2
13649,5,train,0.8083750009536743,pdb_00007qny_A_B
13650,5,train,0.39504480361938477,pdb_00008dn6_E_F
13651,5,train,0.21505199372768402,pdb_00002qr0_R_Q
13652,5,train,0.5987764596939087,pdb_00007m7w_E_F
13653,5,train,0.5715966820716858,pdb_00008vgm_H_L
13654,5,train,0.3449200689792633,pdb_00008zh7_E_F
13655,5,train,0.7805002331733704,pdb_00008ezk_I1_I2
13656,5,train,0.6224844455718994,pdb_00007ttm_H_L
13657,5,train,0.13518625497817993,pdb_00008vgk_F_E
13658,5,train,0.4433034658432007,pdb_00005wk3_S_R
13659,5,train,0.9163244366645813,pdb_00009e21_H_L
13660,5,train,0.5096955895423889,pdb_00009mqa_H_L
13661,5,train,0.10618235170841217,pdb_00009ctu_D_C
13662,5,train,0.6063427329063416,pdb_00007ycn_K_L
13663,5,train,0.5562450885772705,pdb_00008cn9_L_K
13664,5,train,0.006394857075065374,pdb_00007ue0_E_F
13665,5,train,0.8305782675743103,pdb_00007bsc_H_L
13666,5,train,0.01517261192202568,pdb_00008e9y_E1_E2
13667,5,train,0.02480153925716877,pdb_00009kft_S1_S2
13668,5,train,0.6560396552085876,pdb_00003vrl_E_F
13669,5,train,0.007404934149235487,pdb_00007tmz_E_F
13670,5,train,0.759726345539093,pdb_00009cff_H_L
13671,5,train,0.016128918156027794,pdb_00008hoc_S1_S2
13672,5,train,1.0321660041809082,pdb_00007quh_H_L
13673,5,train,0.7783247828483582,pdb_00006hjp_I_J
13674,5,train,0.4176032543182373,pdb_00009b82_I_G
13675,5,train,0.30012786388397217,pdb_00005yoy_I_F
13676,5,train,0.010708584450185299,pdb_00007scg_E1_E2
13677,5,train,0.6711106896400452,pdb_00009k6y_H_L
13678,5,train,0.011424041353166103,pdb_00009vjf_E1_E2
13679,5,train,0.017335161566734314,pdb_00007evy_E1_E2
13680,5,train,0.7650871276855469,pdb_00008w5n_H_L
13681,5,train,0.011048911139369011,pdb_00007xwo_E1_E2
13682,5,train,0.013222198002040386,pdb_00007trs_H1_H2
13683,5,train,0.9673068523406982,pdb_00005vig_H_L
13684,5,train,0.3654627203941345,pdb_00007ul1_H_L
13685,5,train,0.7656118273735046,pdb_00008sit_H_L
13686,5,train,1.2509723901748657,pdb_00008kep_H_L
13687,5,train,0.6456732153892517,pdb_00008dis_H_L
13688,5,train,1.1661263704299927,pdb_00008kdr_H_L
13689,5,train,0.49501317739486694,pdb_00009l6c_A_B
13690,5,train,0.37944358587265015,pdb_00009l6c_D_F
13691,5,train,0.6301072239875793,pdb_00004gxu_U_V
13692,5,train,0.4912351369857788,pdb_00006j6y_E_F
13693,5,train,0.8069210648536682,pdb_00006ogx_C_D
13694,5,train,0.0397309735417366,pdb_00007xk2_S1_S2
13695,5,train,0.07907819002866745,pdb_00009nz5_F_E
13696,5,train,0.6247668266296387,pdb_00007bpk_H_L
13697,5,train,0.49996477365493774,pdb_00006ba5_D_C
13698,5,train,0.632653534412384,pdb_00007pa7_ooo2_ooo1
13699,5,train,0.7947748899459839,pdb_00007mkm_H_L
13700,5,train,0.5005142688751221,pdb_00004zff_H_L
13701,5,train,0.906906008720398,pdb_00008cbf_H_L
13702,5,train,0.10881132632493973,pdb_00009our_J_K
13703,5,train,0.030553098767995834,pdb_00009jkx_S1_S2
13704,5,train,0.49378135800361633,pdb_00009cfg_H_L
13705,5,train,0.21501614153385162,pdb_00009hhr_F_E
13706,5,train,0.71429443359375,pdb_00001e6j_H_L
13707,5,train,0.6307805776596069,pdb_00007tbf_D_E
13708,5,train,0.5126968622207642,pdb_00002jix_D_G
13709,5,train,0.828188955783844,pdb_00005vqm_H_L
13710,5,train,0.5228846669197083,pdb_00001tzh_H_L
13711,5,train,0.6877288818359375,pdb_00005y11_A_B
13712,5,train,1.2139008045196533,pdb_00003bgf_H_L
13713,5,train,0.0761645957827568,pdb_00008vqy_K_L
13714,5,train,0.03546535596251488,pdb_00008vrn_J_I
13715,5,train,1.3161468505859375,pdb_00003mj9_H_L
13716,5,train,1.9228098392486572,pdb_00004i3r_H_L
13717,5,train,0.01617930456995964,pdb_00007wz7_C1_C2
13718,5,train,0.013272455893456936,pdb_00009ldv_S1_S2
13719,5,train,0.4686271846294403,pdb_00005oca_H_L
13720,5,train,0.8779780864715576,pdb_00008uf7_B_A
13721,5,train,0.012000064365565777,pdb_00008vve_E1_E2
13722,5,train,0.6205893754959106,pdb_00007k9i_H_L
13723,5,train,0.013063929043710232,pdb_00007db6_E1_E2
13724,5,train,0.014018567278981209,pdb_00009ik9_E1_E2
13725,5,train,0.6564542055130005,pdb_00007tpj_H_L
13726,5,train,0.10235251486301422,pdb_00008j22_F1_F2
13727,5,train,0.013932496309280396,pdb_00009l79_S1_S2
13728,5,train,0.3097728192806244,pdb_00008f2j_H_L
13729,5,train,0.01012308057397604,pdb_00007vl8_S1_S2
13730,5,train,0.9848770499229431,pdb_00006flc_H_L
13731,5,train,0.014371553435921669,pdb_00006crk_H1_H2
13732,5,train,0.008183654397726059,pdb_00008gut_S1_S2
13733,5,train,0.8613300323486328,pdb_00009npg_A_B
13734,5,train,0.2998080551624298,pdb_00008j8r_D_E
13735,5,train,1.0248925685882568,pdb_00007shy_I_J
13736,5,train,0.7654704451560974,pdb_00007x3d_H_L
13737,5,train,0.2269999086856842,pdb_00004tnw_V_Z
13738,5,train,0.9070285558700562,pdb_00007t82_D_C
13739,5,train,0.5882485508918762,pdb_00008gv6_I_J
13740,5,train,0.0052520534954965115,pdb_00006dde_E1_E2
13741,5,train,1.0720698833465576,pdb_00006s3d_A_B
13742,5,train,1.16637122631073,pdb_00006ivz_H_L
13743,5,train,0.05314882472157478,pdb_00007l1v_H1_H2
13744,5,train,0.42748382687568665,pdb_00008caf_B_A
13745,5,train,0.8297240138053894,pdb_00009eti_H_L
13746,5,train,0.7685393691062927,pdb_00007qnx_A_B
13747,5,train,0.03021588735282421,pdb_00008u1u_E1_E2
13748,5,train,0.797417402267456,pdb_00007uvs_A_B
13749,5,train,0.6577121615409851,pdb_00009vft_F_E
13750,5,train,0.013677245005965233,pdb_00007u9v_E_F
13751,5,train,1.2617565393447876,pdb_00008ulj_H_L
13752,5,train,0.5480986833572388,pdb_00008bec_C1_C2
13753,5,train,0.4538019895553589,pdb_00006pe9_C_D
13754,5,train,0.5741392970085144,pdb_00003nh7_I_M
13755,5,train,0.5157760381698608,pdb_00003g6j_H_G
13756,5,train,0.043884459882974625,pdb_00001ott_C_D
13757,5,train,0.5081776976585388,pdb_00008y0y_D1_D4
13758,5,train,0.012921804562211037,pdb_00007u9f_E_F
13759,5,train,0.8509858250617981,pdb_00007dm1_D_C
13760,5,train,0.6078116297721863,pdb_00002vwe_E_C
13761,5,train,1.2352259159088135,pdb_00009ivj_H_L
13762,5,train,0.48980027437210083,pdb_00007dk0_A_B
13763,5,train,0.14740629494190216,pdb_00006ada_C_D
13764,5,train,0.014610321260988712,pdb_00007w53_E1_E2
13765,5,train,0.6584009528160095,pdb_00001fsk_F_E
13766,5,train,0.705087423324585,pdb_00009ue8_U_V
13767,5,train,0.7276735305786133,pdb_00007x2w_H_L
13768,5,train,0.5135602951049805,pdb_00008cn9_G_F
13769,5,train,0.9292463064193726,pdb_00008hrd_L_M
13770,5,train,0.5229281783103943,pdb_00003eo1_H_G
13771,5,train,0.2019198089838028,pdb_00003b2u_N_O
13772,5,train,0.745076060295105,pdb_00007t0z_H_L
13773,5,train,0.17120137810707092,pdb_00006vmk_u_t
13774,5,train,0.02202494442462921,pdb_00007rkm_D1_D2
13775,5,train,0.18533359467983246,pdb_00006yz7_HHH_LLL
13776,5,train,0.29739248752593994,pdb_00005yoy_H_E
13777,5,train,0.01504173781722784,pdb_00009ite_E1_E2
13778,5,train,0.784003734588623,pdb_00006mlm_F_G
13779,5,train,0.30730050802230835,pdb_00008ulf_I_M
13780,5,train,0.589259684085846,pdb_00008v5v_f_g
13781,5,train,0.3007965385913849,pdb_00001kiq_B_A
13782,5,train,0.2690725028514862,pdb_00009jy4_P_O
13783,5,train,0.5008453130722046,pdb_00006h3u_I_M
13784,5,train,0.5290866494178772,pdb_00007rku_G_I
13785,5,train,0.3829079866409302,pdb_00007vaf_H_L
13786,5,train,0.22379504144191742,pdb_00007cvs_C_D
13787,5,train,0.5316527485847473,pdb_00007jum_I1_I2
13788,5,train,1.0089631080627441,pdb_00008eeu_H_L
13789,5,train,0.017910638824105263,pdb_00002exy_C_D
13790,5,train,0.6535321474075317,pdb_00007wvl_H_L
13791,5,train,0.5388843417167664,pdb_00006iap_E_D
13792,5,train,0.908344030380249,pdb_00005lsp_S_T
13793,5,train,0.03492986783385277,pdb_00009f34_E1_E2
13794,5,train,0.05532907694578171,pdb_00009wp9_C1_C2
13795,5,train,0.026391057297587395,pdb_00009ko4_H1_H2
13796,5,train,0.03150693327188492,pdb_00008jt6_E1_E2
13797,5,train,0.40992680191993713,pdb_00008xse_M_N
13798,5,train,0.5194228887557983,pdb_00009ue8_Q_R
13799,5,train,0.9047810435295105,pdb_00007t0w_O_P
13800,5,train,0.7265193462371826,pdb_00007x6o_C_D
13801,5,train,0.0765393003821373,pdb_00006k5i_E_F
13802,5,train,1.0902985334396362,pdb_00006xq0_E_F
13803,5,train,0.8798320889472961,pdb_00008e8s_H_L
13804,5,train,0.9160287976264954,pdb_00009yyu_J_N
13805,5,train,0.08331327140331268,pdb_00007vgs_D_C
13806,5,train,0.534325361251831,pdb_00002eiz_B_A
13807,5,train,0.011651352979242802,pdb_00007tct_H_L
13808,5,train,0.7689579725265503,pdb_00003bn9_F_E
13809,5,train,0.0075590224005281925,pdb_00008irt_E1_E2
13810,5,train,0.22733859717845917,pdb_00009zqc_I2_I1
13811,5,train,0.5613568425178528,pdb_00004dkf_H_L
13812,5,train,0.32010626792907715,pdb_00008as0_W_V
13813,5,train,0.06838216632604599,pdb_00002r9h_C_D
13814,5,train,0.015968497842550278,pdb_00009f33_E1_E2
13815,5,train,0.5084643363952637,pdb_00009mla_G_J
13816,5,train,0.7400409579277039,pdb_00004hg4_J_K
13817,5,train,0.01500136312097311,pdb_00007eo4_E1_E2
13818,5,train,0.024175504222512245,pdb_00008t3o_N1_N2
13819,5,train,0.009705803357064724,pdb_00006ad7_E_F
13820,5,train,0.48769938945770264,pdb_00005w3e_E_G
13821,5,train,0.2881818115711212,pdb_00007f6z_H_L
13822,5,train,0.7941789627075195,pdb_00008gpu_F_G
13823,5,train,0.08368664979934692,pdb_00003rhw_J_M
13824,5,train,0.01013722363859415,pdb_000021ag_S1_S2
13825,5,train,0.008464915677905083,pdb_00009upv_S1_S2
13826,5,train,0.02006768435239792,pdb_00007vdm_S1_S2
13827,5,train,0.5427581071853638,pdb_00007t3d_J_M
13828,5,train,0.668103814125061,pdb_00009og1_B_C
13829,5,train,0.011069565080106258,pdb_00008ghv_S1_S2
13830,5,train,0.02269507385790348,pdb_00009iv6_S1_S2
13831,5,train,0.008829344995319843,pdb_00009cgk_E1_E2
13832,5,train,0.5807160139083862,pdb_00007whz_B_D
13833,5,train,0.014485281892120838,pdb_00009m0r_S1_S2
13834,5,train,0.9531098008155823,pdb_00004xzu_A_B
13835,5,train,0.7206404805183411,pdb_00009dru_H_L
13836,5,train,0.5387126803398132,pdb_00006wtu_B_C
13837,5,train,0.5531520247459412,pdb_00001bql_H_L
13838,5,train,0.8257812857627869,pdb_00007yrh_F_E
13839,5,train,1.0242161750793457,pdb_00006bpc_B_C
13840,5,train,0.04564923048019409,pdb_00009j0i_S1_S2
13841,5,train,0.4194803237915039,pdb_00003s36_H_L
13842,5,train,0.03852640837430954,pdb_00007e33_E1_E2
13843,5,train,0.6785250902175903,pdb_00009mtm_H_L
13844,5,train,0.5926794409751892,pdb_00005dhx_B2_B1
13845,5,train,0.010990122333168983,pdb_00008ic0_E1_E2
13846,5,train,1.085237741470337,pdb_00001osp_H_L
13847,5,train,0.9265630841255188,pdb_00006xpz_E_F
13848,5,train,0.5437124967575073,pdb_00009bao_G_H
13849,5,train,0.8373101949691772,pdb_00007c88_H_L
13850,5,train,0.2142648845911026,pdb_00008cwv_H_L
13851,5,train,0.13582220673561096,pdb_00006b3s_F_G
13852,5,train,0.2275131493806839,pdb_00009cpu_H_L
13853,5,train,0.9931541681289673,pdb_00009mtk_I_J
13854,5,train,0.9783887267112732,pdb_00002zcl_H_L
13855,5,train,1.1234756708145142,pdb_00008g5b_J_N
13856,5,train,0.02426084876060486,pdb_00008j6r_S1_S2
13857,5,train,0.03298576548695564,pdb_00001j1o_H_L
13858,5,train,0.49330610036849976,pdb_00007zmk_V_W
13859,5,train,0.3695124387741089,pdb_00009u5p_P_Q
13860,5,train,0.4314252734184265,pdb_00005nhr_H_L
13861,5,train,0.4297351539134979,pdb_00007klg_I_M
13862,5,train,0.768373966217041,pdb_00008erq_H_L
13863,5,train,0.6505245566368103,pdb_00008eoo_F_K
13864,5,train,0.22648543119430542,pdb_00002qr0_B_A
13865,5,train,0.7060123085975647,pdb_00008hrd_W_X
13866,5,train,0.808403730392456,pdb_00004l5f_H_L
13867,5,train,0.6683324575424194,pdb_00008q6j_D_C
13868,5,train,0.26448413729667664,pdb_00009wb4_B_C
13869,5,train,0.7142214775085449,pdb_00008f6x_D1_D2
13870,5,train,1.090508222579956,pdb_00009mth_M_N
13871,5,train,0.538057267665863,pdb_00008txu_H_L
13872,5,train,0.4604911208152771,pdb_00004ma7_H_L
13873,5,train,0.657884418964386,pdb_00008tnt_E_D
13874,5,train,0.026457248255610466,pdb_00008f7q_E1_E2
13875,5,train,0.4841212034225464,pdb_00009iz9_M_N
13876,5,train,1.022225260734558,pdb_00003mxw_H_L
13877,5,train,0.5560081005096436,pdb_00004gxu_O_P
13878,5,train,0.02816791459918022,pdb_00003fb7_A_B
13879,5,train,0.5572309494018555,pdb_00009fys_I_M
13880,5,train,0.012651631608605385,pdb_00008jgb_S1_S2
13881,5,train,0.7369747757911682,pdb_00008hrd_O_P
13882,5,train,0.015818946063518524,pdb_00008jgf_E1_E2
13883,5,train,0.02375558577477932,pdb_00008wwi_E1_E2
13884,5,train,0.7814630270004272,pdb_00009ma7_F_G
13885,5,train,0.013710999861359596,pdb_00007ew3_S1_S2
13886,5,train,0.35287943482398987,pdb_00007x1m_C_D
13887,5,train,0.013728732243180275,pdb_00007s8p_E1_E2
13888,5,train,0.8187450170516968,pdb_00005d1z_G_H
13889,5,train,0.48151859641075134,pdb_00008y3h_G_H
13890,5,train,0.5798791646957397,pdb_00001n6q_H_L
13891,5,train,1.1059833765029907,pdb_00006xxv_A_B
13892,5,train,0.6424220204353333,pdb_00009vhz_A_B
13893,5,train,0.6102190613746643,pdb_00008dis_B_G
13894,5,train,0.9367223381996155,pdb_00008bbo_H_L
13895,5,train,0.009290607646107674,pdb_00007ej0_H1_H2
13896,5,train,0.4285097122192383,pdb_00004hg4_R_S
13897,5,train,0.7722025513648987,pdb_00008tpa_H_L
13898,5,train,0.012420756742358208,pdb_00009le0_S1_S2
13899,5,train,0.9003223180770874,pdb_00007uxl_A_B
13900,5,train,0.8297489881515503,pdb_00009oar_B_D
13901,5,train,0.014744564890861511,pdb_00008iw1_S1_S2
13902,5,train,0.8816229701042175,pdb_00009cu7_H_L
13903,5,train,0.0351615846157074,pdb_00008hqe_H1_H2
13904,5,train,0.07609640806913376,pdb_00009kt7_E1_E2
13905,5,train,0.70932936668396,pdb_00008suo_I_M
13906,5,train,0.5723857879638672,pdb_00002vit_B_A
13907,5,train,0.5352240204811096,pdb_00006n5d_C_D
13908,5,train,0.6994224190711975,pdb_00008ol9_B_A
13909,5,train,0.013134131208062172,pdb_00006k5a_E_F
13910,5,train,1.2449136972427368,pdb_00003h3b_C2_C1
13911,5,train,0.35258328914642334,pdb_00007klh_H_L
13912,5,train,0.7936434149742126,pdb_00007zwi_E_F
13913,5,train,0.5609733462333679,pdb_00008dww_Z_Y
13914,5,train,0.43061283230781555,pdb_00007zfe_M_N
13915,5,train,0.037186186760663986,pdb_00008y73_E1_E2
13916,5,train,0.8510361313819885,pdb_00007uvi_D_E
13917,5,train,0.4029797315597534,pdb_00001dzb_A1_A2
13918,5,train,0.753397524356842,pdb_00009quw_F_E
13919,5,train,1.9082118272781372,pdb_00008edf_H_L
13920,5,train,0.4042065143585205,pdb_00007kfw_H_L
13921,5,train,0.6096484661102295,pdb_00008jqn_h_l
13922,5,train,0.7526288628578186,pdb_00007x93_E_F
13923,5,train,0.009241675958037376,pdb_00007w56_E1_E2
13924,5,train,0.012417266145348549,pdb_00008jbh_E1_E2
13925,5,train,0.3634774684906006,pdb_00008qh0_H_L
13926,5,train,0.677028477191925,pdb_00009og2_D_E
13927,5,train,0.23953655362129211,pdb_00002qr0_H_G
13928,5,train,0.5541902184486389,pdb_00005nh3_H_L
13929,5,train,0.8766361474990845,pdb_00009shd_H_L
13930,5,train,0.6407310962677002,pdb_00008e2u_H_L
13931,5,train,0.5988479256629944,pdb_00008gv6_G_H
13932,5,train,0.8366753458976746,pdb_00006uig_B_C
13933,5,train,0.57390296459198,pdb_00007wk0_D_E
13934,5,train,0.0153846126049757,pdb_00007evz_E1_E2
13935,5,train,0.3803980350494385,pdb_00009k6j_A_B
13936,5,train,0.6842708587646484,pdb_00007t3d_P_R
13937,5,train,0.7608498930931091,pdb_00006hjp_K_L
13938,5,train,0.7239531874656677,pdb_00006ii9_P_Q
13939,5,train,0.08466298133134842,pdb_00008z3q_S1_S2
13940,5,train,0.011095353402197361,pdb_00007y1f_E1_E2
13941,5,train,0.6136584877967834,pdb_00006woz_E_F
13942,5,train,0.8844141960144043,pdb_00006jhs_E_D
13943,5,train,0.3420175611972809,pdb_00008as0_E_D
13944,5,train,0.02762518636882305,pdb_00008z8a_S1_S2
13945,5,train,0.867559015750885,pdb_00008cxg_h_l
13946,5,train,1.0600589513778687,pdb_00007y0w_A_B
13947,5,train,0.5743179321289062,pdb_00007ua8_H1_H2
13948,5,train,0.3288167417049408,pdb_00006txz_I_M
13949,5,train,0.631406843662262,pdb_00008w84_A_B
13950,5,train,0.395048052072525,pdb_00008bcz_E_F
13951,5,train,0.12080592662096024,pdb_00008ubk_N2_N1
13952,5,train,1.3714394569396973,pdb_00001jrh_H_L
13953,5,train,0.3172597885131836,pdb_00005aam_B1_B2
13954,5,train,0.05971209704875946,pdb_00002fee_I_L
13955,5,train,0.2084638774394989,pdb_00006vmk_P_O
13956,5,train,0.5630696415901184,pdb_00007jx3_H_L
13957,5,train,0.7454709410667419,pdb_00002w9e_H_L
13958,5,train,0.10305194556713104,pdb_00001ic5_H_L
13959,5,train,0.2996978461742401,pdb_00009u5p_B_C
13960,5,train,0.857457160949707,pdb_00007wro_H_L
13961,5,train,0.3652787208557129,pdb_00007x1m_H_L
13962,5,train,0.4905705749988556,pdb_00009ue8_M_N
13963,5,train,0.6634852886199951,pdb_00007zfc_H_L
13964,5,train,0.5826824903488159,pdb_00009kze_H_L
13965,5,train,0.5292394757270813,pdb_00001bvk_E_D
13966,5,train,0.6036648154258728,pdb_00008zd5_B_C
13967,5,train,0.7878769040107727,pdb_00004hjj_H2_L2
13968,5,train,0.6120307445526123,pdb_00005jz7_J_K
13969,5,train,0.02908768504858017,pdb_00007k60_N2_N1
13970,5,train,0.014999720267951488,pdb_00009kz2_H1_H2
13971,5,train,1.2315857410430908,pdb_00001iqd_B_A
13972,5,train,0.4500599801540375,pdb_00005dhy_A_B
13973,5,train,0.3407890796661377,pdb_00008i0n_I_M
13974,5,train,0.01137808058410883,pdb_00008yh0_S1_S2
13975,5,train,0.04286874458193779,pdb_00003fb8_A_B
13976,5,train,0.012032338418066502,pdb_00008yh2_S1_S2
13977,5,train,0.02312418818473816,pdb_00006k5d_E_F
13978,5,train,0.8105581402778625,pdb_00002oz4_H_L
13979,5,train,0.6109519600868225,pdb_00008v5v_c_e
13980,5,train,0.5095733404159546,pdb_00009pw4_C_D
13981,5,train,0.21619127690792084,pdb_00006yz7_BBB_CCC
13982,5,train,0.6262557506561279,pdb_00004gxu_Q_R
13983,5,train,0.46853402256965637,pdb_00008i5l_D1_D2
13984,5,train,0.956125020980835,pdb_00009hvw_H_L
13985,5,train,0.4537048637866974,pdb_00009mqa_I_M
13986,5,train,0.011469259858131409,pdb_00007ew1_E1_E2
13987,5,train,0.3535434305667877,pdb_00007f7h_A_B
13988,5,train,0.7224422693252563,pdb_00008bg1_G_H
13989,5,train,0.32378920912742615,pdb_00006txz_H_L
13990,5,train,0.4992687404155731,pdb_00003eo1_E_D
13991,5,train,0.378436416387558,pdb_00004tsb_H_L
13992,5,train,0.2955005168914795,pdb_00007wbz_H_L
13993,5,train,0.3423968553543091,pdb_00008jen_G_H
13994,5,train,0.7702428698539734,pdb_00007tbf_H_L
13995,5,train,0.02123471535742283,pdb_00008iru_E1_E2
13996,5,train,0.00862809456884861,pdb_00007rgp_E1_E2
13997,5,train,1.3710681200027466,pdb_00005tfw_H_L
13998,5,train,1.0268694162368774,pdb_00003bsz_N_M
13999,5,train,0.008792397566139698,pdb_00009d0a_E1_E2
14000,5,train,0.5983067750930786,pdb_00009me7_I_M
14001,5,train,0.6694410443305969,pdb_00007sd5_H_L
14002,5,train,0.5409700274467468,pdb_00007xsc_D_H
14003,5,train,0.9424310922622681,pdb_00009riq_H_L
14004,5,train,0.8118175268173218,pdb_00007mzj_H_L
14005,5,train,1.1006487607955933,pdb_00007t7b_H_L
14006,5,train,0.6659193634986877,pdb_00004kht_H_L
14007,5,train,0.7431312799453735,pdb_00007l5j_W_L
14008,5,train,0.6119787096977234,pdb_00004yk4_C_B
14009,5,train,0.5311832427978516,pdb_00005w3l_E_G
14010,5,train,0.7076627016067505,pdb_00007ahu_B_A
14011,5,train,0.01677803508937359,pdb_00009lr1_S1_S2
14012,5,train,0.27844101190567017,pdb_00009me6_I_M
14013,5,train,0.013184412382543087,pdb_00009vmn_S1_S2
14014,5,train,0.7488396167755127,pdb_00008dce_H1_H2
14015,5,train,0.5995815992355347,pdb_00001tzh_B_A
14016,5,train,0.8733887672424316,pdb_00006d0u_E_F
14017,5,train,0.23211096227169037,pdb_00007m6d_A_B
14018,5,train,0.610241174697876,pdb_00008hrd_D_F
14019,5,train,0.021405264735221863,pdb_00009jkv_S1_S2
14020,5,train,0.8342621326446533,pdb_00006t9d_HHH_LLL
14021,5,train,0.7265519499778748,pdb_00007fcp_B_D
14022,5,train,0.016030510887503624,pdb_00008jxx_E1_E2
14023,5,train,0.7177200317382812,pdb_00008uzp_H_L
14024,5,train,0.4301592707633972,pdb_00006pe9_E_F
14025,5,train,0.19076524674892426,pdb_00008vgi_H_G
14026,5,train,0.8220358490943909,pdb_00007bsd_H_L
14027,5,train,0.007203665096312761,pdb_00009buy_E1_E2
14028,5,train,0.3457002639770508,pdb_00005yoy_G_D
14029,5,train,0.02344118058681488,pdb_000022es_E1_E2
14030,5,train,0.4062906801700592,pdb_00001z3g_I_M
14031,5,train,0.6531709432601929,pdb_00007bbj_M_N
14032,5,train,0.732662558555603,pdb_00007kzb_H_L
14033,5,train,0.8639076352119446,pdb_00006ek2_H1_H2
14034,5,train,0.7552059888839722,pdb_00004f37_F_K
14035,5,train,0.008952436037361622,pdb_00008hs3_S1_S2
14036,5,train,0.02751869522035122,pdb_00007k5x_M2_M1
14037,5,train,0.5815235376358032,pdb_00007mem_G_J
14038,5,train,0.9215494394302368,pdb_00008gsd_H_L
14039,5,train,0.604003369808197,pdb_00006wzm_A_B
14040,5,train,0.6852333545684814,pdb_00003eoa_B_A
14041,5,train,1.3507903814315796,pdb_00008s72_H_L
14042,5,train,0.08199946582317352,pdb_00007vgs_F_E
14043,5,train,1.0337915420532227,pdb_00007wed_H_L
14044,5,train,0.6516614556312561,pdb_00009lsi_C1_D2
14045,5,train,0.006685258820652962,pdb_00008sai_S1_S2
14046,5,train,0.006861490663141012,pdb_00009lrd_E1_E2
14047,5,train,0.024153294041752815,pdb_00008ijd_S1_S2
14048,5,train,0.7069958448410034,pdb_00007mzn_H_L
14049,5,train,0.1955827921628952,pdb_00006zlr_FFF_GGG
14050,5,train,0.023341046646237373,pdb_00008vfx_N2_N1
14051,5,train,0.012286164797842503,pdb_00007yoo_S1_S2
14052,5,train,0.6554155349731445,pdb_00004ffw_D_C
14053,5,train,0.6020511984825134,pdb_00008zd6_E_F
14054,5,train,0.011961485259234905,pdb_00007y64_S1_S2
14055,5,train,0.08730416744947433,pdb_00006yor_H_L
14056,5,train,0.6100807189941406,pdb_00005wko_G_H
14057,5,train,0.433769166469574,pdb_00003klh_D_C
14058,5,train,0.00832949485629797,pdb_00009jlc_S1_S2
14059,5,train,0.008826050907373428,pdb_00008yky_S1_S2
14060,5,train,0.029561718925833702,pdb_00006e0c_N1_N2
14061,5,train,0.016124306246638298,pdb_00009l80_S1_S2
14062,5,train,0.022024918347597122,pdb_00009ast_E1_E2
14063,5,train,0.9274933338165283,pdb_00008w85_A_B
14064,5,train,0.7439528703689575,pdb_00006gku_H_L
14065,5,train,0.006722354795783758,pdb_00007t2h_E1_E2
14066,5,train,0.6344560980796814,pdb_00006d0u_H_I
14067,5,train,0.014289680868387222,pdb_00007y24_S1_S2
14068,5,train,0.4396606385707855,pdb_00004hg4_L_M
14069,5,train,0.03268982842564583,pdb_00008hqn_H1_H2
14070,5,train,0.6665200591087341,pdb_00001fns_H_L
14071,5,train,0.7792699337005615,pdb_00004ag4_H_L
14072,5,train,0.03464086726307869,pdb_00009d4z_E1_E2
14073,5,train,0.3529016077518463,pdb_00009cia_B_A
14074,5,train,0.007889792323112488,pdb_00009kfk_S1_S2
14075,5,train,0.4055502414703369,pdb_00006ban_H_G
14076,5,train,0.2635450065135956,pdb_00002x7l_C_D
14077,5,train,0.5255478620529175,pdb_00007wqv_P1_P2
14078,5,train,0.013382519595324993,pdb_00008ubj_N2_N1
14079,5,train,0.018105702474713326,pdb_00007trp_H1_H2
14080,5,train,0.011421771720051765,pdb_00007cvs_E_F
14081,5,train,0.04704262688755989,pdb_00008jpn_S1_S2
14082,5,train,0.25861018896102905,pdb_00009jy3_P_O
14083,5,train,0.8773146271705627,pdb_00007dm1_F_E
14084,5,train,0.5549799799919128,pdb_00009cq4_C_D
14085,5,train,0.8846145868301392,pdb_00007y3n_C_D
14086,5,train,0.013973984867334366,pdb_00008hj5_C1_C2
14087,5,train,0.6293637752532959,pdb_00007xcz_B_C
14088,5,train,0.016780082136392593,pdb_00006omm_E1_E2
14089,5,train,0.5822561383247375,pdb_00008hrd_G_H
14090,5,train,0.2096196860074997,pdb_00004hjg_B_A
14091,5,train,0.8371568322181702,pdb_00006ss4_HHH_LLL
14092,5,train,0.7717575430870056,pdb_00007xj9_K_J
14093,5,train,0.438965380191803,pdb_00004fp8_I_M
14094,5,train,0.5354452133178711,pdb_00007d6i_B_C
14095,5,train,0.5089127421379089,pdb_00006z3q_H_L
14096,5,train,0.3107280731201172,pdb_00001ndm_B_A
14097,5,train,0.49780985713005066,pdb_00006wzj_A_B
14098,5,train,0.786853551864624,pdb_00009h4r_H_L
14099,5,train,0.7829594016075134,pdb_00009n4e_Q_P
14100,5,train,0.019545255228877068,pdb_00008jgg_S1_S2
14101,5,train,0.40990492701530457,pdb_00002eks_B_A
14102,5,train,1.0500625371932983,pdb_00009jub_B_C
14103,5,train,0.48483383655548096,pdb_00005w0k_H_L
14104,5,train,0.006669238209724426,pdb_00008kfz_S1_S2
14105,5,train,0.8770505785942078,pdb_00007rxj_A_B
14106,5,train,1.1833842992782593,pdb_00009me6_J_N
14107,5,train,0.7445728778839111,pdb_00004oii_H_L
14108,5,train,0.6447790861129761,pdb_00007x6o_I_K
14109,5,train,0.012128910049796104,pdb_00007vif_E1_E2
14110,5,train,0.7126602530479431,pdb_00008ezk_H1_H2
14111,5,train,0.008162439800798893,pdb_00007yac_S1_S2
14112,5,train,0.6705597639083862,pdb_00006hjp_G_H
14113,5,train,0.513714075088501,pdb_00008w83_E_F
14114,5,train,0.43236982822418213,pdb_00008wpw_H_L
14115,5,train,0.04513394087553024,pdb_00008i9s_H1_H2
14116,5,train,1.1264307498931885,pdb_00008ezl_H1_H2
14117,5,train,0.7385304570198059,pdb_00008smi_H_L
14118,5,train,0.6853010654449463,pdb_00007f0x_B1_B2
14119,5,train,0.8343095779418945,pdb_00009dn2_I_M
14120,5,train,0.031058363616466522,pdb_00007l1u_H1_H2
14121,5,train,0.4324982464313507,pdb_00007eam_H_L
14122,5,train,0.6407896876335144,pdb_00005xhv_H_L
14123,5,train,1.1374903917312622,pdb_00008tp5_E_F
14124,5,train,0.010182268917560577,pdb_00009ego_S1_S2
14125,5,train,0.6327837705612183,pdb_00007x3c_H_L
14126,5,train,0.5483794212341309,pdb_00009quw_D_C
14127,5,train,0.01931867003440857,pdb_00007xw9_S1_S2
14128,5,train,0.24755795300006866,pdb_00008elp_H_L
14129,5,train,0.9097580313682556,pdb_00009lae_H_L
14130,5,train,0.5022032856941223,pdb_00009cn2_B1_B2
14131,5,train,0.6165593862533569,pdb_00006vja_H_L
14132,5,train,0.29253408312797546,pdb_00007c01_H_L
14133,5,train,0.8195922374725342,pdb_00007ua2_H1_H2
14134,5,train,0.018108274787664413,pdb_00008thl_F1_F2
14135,5,train,0.020744457840919495,pdb_00008j21_B1_B2
14136,5,train,0.6485674977302551,pdb_00004gxu_M_N
14137,5,train,0.023477820679545403,pdb_00008j19_S1_S2
14138,5,train,0.8413220047950745,pdb_00009oi3_I_J
14139,5,train,0.5678018927574158,pdb_00008oz3_A_B
14140,5,train,0.021591683849692345,pdb_00009jmc_E1_E2
14141,5,train,0.7247847318649292,pdb_00006xy2_H_L
14142,5,train,0.02974400669336319,pdb_00009b5y_N1_N2
14143,5,train,0.37458208203315735,pdb_00007klg_H_L
14144,5,train,0.35026904940605164,pdb_00001g7m_B_A
14145,5,train,0.602512776851654,pdb_00004np4_I_M
14146,5,train,0.039720598608255386,pdb_00002itc_A_B
14147,5,train,0.5625060200691223,pdb_00008ut2_J_I
14148,5,train,0.06711604446172714,pdb_00009ouo_J_K
14149,5,train,0.00951317511498928,pdb_00009m8k_N1_N2
14150,5,train,0.01038150954991579,pdb_00008jsr_C1_C2
14151,5,train,0.6669716238975525,pdb_00009bbn_S_T
14152,5,train,0.4360375702381134,pdb_00008h7z_F_I
14153,5,train,0.04014802351593971,pdb_00009oum_H_L
14154,5,train,0.31118980050086975,pdb_00006xc4_X_Y
14155,5,train,0.661518394947052,pdb_00007ec5_E_F
14156,5,train,0.013891457580029964,pdb_00007k61_M2_M1
14157,5,train,0.01129149179905653,pdb_00008z7j_S1_S2
14158,5,train,0.5219026207923889,pdb_00008tx3_H_L
14159,5,train,0.6611130237579346,pdb_00008vsj_H_L
14160,5,train,0.5451537370681763,pdb_00007vgr_F_E
14161,5,train,0.5177891254425049,pdb_00007xik_H_L
14162,5,train,0.4344303011894226,pdb_00006ktr_A_B
14163,5,train,0.89356529712677,pdb_00005a3i_C_D
14164,5,train,0.12099585682153702,pdb_00003rif_G_K
14165,5,train,0.012326915748417377,pdb_00008jbg_E1_E2
14166,5,train,0.006621821317821741,pdb_00007v69_S1_S2
14167,5,train,0.24164725840091705,pdb_00009ptm_I_M
14168,5,train,0.15830236673355103,pdb_00002qr0_T_S
14169,5,train,0.9803323149681091,pdb_00009mtl_I_J
14170,5,train,1.215620756149292,pdb_00004g3y_H_L
14171,5,train,0.1295081377029419,pdb_00004tnw_H_L
14172,5,train,0.023938626050949097,pdb_00008xxx_S1_S2
14173,5,train,1.151265263557434,pdb_00007rco_D_C
14174,5,train,0.005026362836360931,pdb_00009vo1_E1_E2
14175,5,train,0.02335076965391636,pdb_00005j9p_A_B
14176,5,train,0.5171037912368774,pdb_00007zfc_A_B
14177,5,train,0.46147608757019043,pdb_00007zfb_J_K
14178,5,train,0.023661958053708076,pdb_00008evi_M1_M2
14179,5,train,0.8779997229576111,pdb_00008r8k_H_L
14180,5,train,0.03345123678445816,pdb_00008j6j_H1_H2
14181,5,train,0.8968721628189087,pdb_00007m7w_A_B
14182,5,train,0.6119579672813416,pdb_00008sxp_H_L
14183,5,train,0.5316736698150635,pdb_00009oi3_M_N
14184,5,train,0.18905998766422272,pdb_00006b3s_J_K
14185,5,train,0.005651051644235849,pdb_00008kfy_S1_S2
14186,5,train,0.7983872890472412,pdb_00008xe9_A_B
14187,5,train,0.779865562915802,pdb_00009bdh_H_L
14188,5,train,0.11670888960361481,pdb_00004tnw_F_N
14189,5,train,0.8537552952766418,pdb_00009mtg_M_N
14190,5,train,0.03219097480177879,pdb_00007k63_M2_M1
14191,5,train,0.8261328935623169,pdb_00007uvs_D_E
14192,5,train,0.005924497731029987,pdb_00009j5v_S1_S2
14193,5,train,1.43728506565094,pdb_00008r4n_H_L
14194,5,train,0.012423575855791569,pdb_00007udh_E_F
14195,5,train,0.3792187571525574,pdb_00005ggv_H_L
14196,5,train,0.7361364364624023,pdb_00008rrn_C_D
14197,5,train,0.026037093251943588,pdb_00009v1h_E1_E2
14198,5,train,0.4946523606777191,pdb_00008jkh_M_N
14199,5,train,0.31320199370384216,pdb_00001xiw_D_C
14200,5,train,0.5536103844642639,pdb_00002iff_H_L
14201,5,train,0.007074034307152033,pdb_00009k6l_S1_S2
14202,5,train,0.504919707775116,pdb_00009cq4_H_L
14203,5,train,0.0051584928296506405,pdb_00009lre_E1_E2
14204,5,train,0.028807658702135086,pdb_00008xgo_D1_D2
14205,5,train,0.9343739151954651,pdb_00007kq7_H_L
14206,5,train,0.4466113746166229,pdb_00004hg4_X_Y
14207,5,train,0.42203855514526367,pdb_00009fyt_I_M
14208,5,train,0.016506759449839592,pdb_00007vv3_S1_S2
14209,5,train,0.5919212698936462,pdb_00008w83_A_B
14210,5,train,0.005763827823102474,pdb_00008j1a_S1_S2
14211,5,train,0.0055482652969658375,pdb_00009kpf_S1_S2
14212,5,train,0.024001406505703926,pdb_00008ij3_S1_S2
14213,5,train,0.0058243307285010815,pdb_00008xqp_S1_S2
14214,5,train,0.7788053750991821,pdb_00009mq9_J_N
14215,5,train,0.030390825122594833,pdb_00008u9s_M2_M1
14216,5,train,0.032241661101579666,pdb_00009yda_H1_H2
14217,5,train,0.021795369684696198,pdb_00008u9s_N2_N1
14218,5,train,0.06354521214962006,pdb_00009oun_H_L
14219,5,train,0.019851677119731903,pdb_00007vkt_E1_E2
14220,5,train,0.365285187959671,pdb_00009ci8_B_A
14221,5,train,0.37649887800216675,pdb_00007zmk_P_Q
14222,5,train,0.9234980940818787,pdb_00008bcz_H_L
14223,5,train,0.930050253868103,pdb_00003lh2_K_O
14224,5,train,0.058153923600912094,pdb_00008tzq_E1_E2
14225,5,train,0.3851739466190338,pdb_00007x66_H_L
14226,5,train,0.3976494371891022,pdb_00007x63_H_L
14227,5,train,0.7562131285667419,pdb_00008gpy_E1_E2
14228,5,train,0.9730926156044006,pdb_00008v52_D_C
14229,5,train,0.008585589937865734,pdb_00007ukp_E_F
14230,5,train,0.6890879273414612,pdb_00006xq2_C_B
14231,5,train,0.02306114137172699,pdb_00007yfc_C1_C2
14232,5,train,0.41707170009613037,pdb_00005nh3_I_M
14233,5,train,0.015547355636954308,pdb_00006wwz_S1_S2
14234,5,train,0.00737760728225112,pdb_00003zdz_E_F
14235,5,train,0.15674038231372833,pdb_00006bae_B_A
14236,5,train,0.6448391675949097,pdb_00008ywx_E_D
14237,5,train,0.019465984776616096,pdb_00006dzt_N1_N2
14238,5,train,1.0992618799209595,pdb_00005c0n_C_D
14239,5,train,0.011039648205041885,pdb_00006n4b_S1_S2
14240,5,train,0.16197243332862854,pdb_00006z2m_B_C
14241,5,train,0.017609991133213043,pdb_00008syp_M1_M2
14242,5,train,0.1647489219903946,pdb_00006vmk_f_e
14243,5,train,0.8105489611625671,pdb_00007mmo_A_B
14244,5,train,0.0049927011132240295,pdb_00003nif_E_F
14245,5,train,0.5651034116744995,pdb_00008bg5_C1_C2
14246,5,train,0.013111017644405365,pdb_00008xqs_S1_S2
14247,5,train,0.4900036156177521,pdb_00004jpk_H_L
14248,5,train,0.5360630750656128,pdb_00005jz7_H_L
14249,5,train,0.10002724081277847,pdb_00002dqf_E_D
14250,5,train,0.008954819291830063,pdb_00009ldw_S1_S2
14251,5,train,0.717528223991394,pdb_00007wur_E_F
14252,5,train,0.016615580767393112,pdb_00007yk6_S1_S2
14253,5,train,0.959629476070404,pdb_00005hbv_D_C
14254,5,train,0.015469992533326149,pdb_00008j6q_S1_S2
14255,5,train,0.024336129426956177,pdb_00002ht4_E_F
14256,5,train,0.737684428691864,pdb_00008k5g_H_L
14257,5,train,0.019984329119324684,pdb_00008xjk_E1_E2
14258,5,train,0.7458811402320862,pdb_00008g5a_I_M
14259,5,train,0.9328644871711731,pdb_00006s3d_C_D
14260,5,train,0.006207083351910114,pdb_00007ew4_S1_S2
14261,5,train,0.023435374721884727,pdb_00008si9_K_L
14262,5,train,0.006699617952108383,pdb_00008jlk_S1_S2
14263,5,train,0.6325397491455078,pdb_00004f2m_C_D
14264,5,train,0.006809781771153212,pdb_00007tpd_E_F
14265,5,train,0.018094666302204132,pdb_00007vdh_S1_S2
14266,5,train,0.004503285046666861,pdb_00009jh6_S1_S2
14267,5,train,0.6147398352622986,pdb_00009os5_G_J
14268,5,train,0.010858003981411457,pdb_00009oxb_D1_D2
14269,5,train,0.7462233304977417,pdb_00008cxg_G_I
14270,5,train,0.019940517842769623,pdb_00007t6s_E1_E2
14271,5,train,0.37579843401908875,pdb_00007mzh_B_C
14272,5,train,0.34820616245269775,pdb_00008f2j_D_F
14273,5,train,0.3232843577861786,pdb_00008jel_A_B
14274,5,train,0.00670708529651165,pdb_00009cgj_E1_E2
14275,5,train,0.21292690932750702,pdb_00008elq_H_L
14276,5,train,0.041276752948760986,pdb_00006x3s_K_L
14277,5,train,0.881242573261261,pdb_00008tnt_G_F
14278,5,train,0.6788750886917114,pdb_00008eed_I_J
14279,5,train,1.0075111389160156,pdb_00009oco_H_L
14280,5,train,0.6180229783058167,pdb_00001p2c_B_A
14281,5,train,0.004470887593924999,pdb_00009ldx_S1_S2
14282,5,train,0.5321159958839417,pdb_00007sk8_D_C
14283,5,train,0.39134344458580017,pdb_00003rhw_F_N
14284,5,train,0.5283711552619934,pdb_00003fku_T1_T2
14285,5,train,0.8870347142219543,pdb_00007yh6_H_L
14286,5,train,0.14230534434318542,pdb_00006vmk_r_q
14287,5,train,0.03118605725467205,pdb_00008xxr_S1_S2
14288,5,train,0.5214846134185791,pdb_00003vrl_H_L
14289,5,train,0.04742883890867233,pdb_00006x3t_K_L
14290,5,train,0.015481230802834034,pdb_00007s8l_E1_E2
14291,5,train,0.7826517224311829,pdb_00009oap_H_L
14292,5,train,0.23983989655971527,pdb_00008i5h_E_F
14293,5,train,0.7750667929649353,pdb_00007v3g_I_M
14294,5,train,0.018136149272322655,pdb_00006x3v_J_I
14295,5,train,0.017387008294463158,pdb_00009jr2_S1_S2
14296,5,train,0.038841087371110916,pdb_00009cm7_N1_N2
14297,5,train,1.3353676795959473,pdb_00006cvk_A2_A1
14298,5,train,0.009086143225431442,pdb_00008iys_E1_E2
14299,5,train,0.006605567876249552,pdb_00002r9h_E_F
14300,5,train,0.03035859763622284,pdb_00009kug_H1_H2
14301,5,train,0.41891083121299744,pdb_00008txu_F_K
14302,5,train,0.5462797284126282,pdb_00009og2_B_C
14303,5,train,0.5000747442245483,pdb_00008too_H_E
14304,5,train,0.3718031048774719,pdb_00007kmh_A_B
14305,5,train,0.008681310340762138,pdb_00008dzp_E1_E2
14306,5,train,0.034840088337659836,pdb_00008f7r_E1_E2
14307,5,train,0.8721963167190552,pdb_00001rjl_B_A
14308,5,train,0.8474342823028564,pdb_00009sat_H_L
14309,5,train,0.019371654838323593,pdb_00007k63_N2_N1
14310,5,train,0.02142065018415451,pdb_00008thk_F1_F2
14311,5,train,0.9190869927406311,pdb_00006t9e_AAA_BBB
14312,5,train,0.11136557906866074,pdb_00005u5m_B_A
14313,5,train,1.1179929971694946,pdb_00006plk_I_M
14314,5,train,0.569656252861023,pdb_00007tn0_H_G
14315,5,train,0.023106949403882027,pdb_00007f2o_S1_S2
14316,5,train,0.5666105151176453,pdb_00009lho_T_S
14317,5,train,0.5908761024475098,pdb_00009ima_C_D
14318,5,train,0.009986190125346184,pdb_00007s8n_E1_E2
14319,5,train,0.016438504680991173,pdb_00007yu3_S1_S2
14320,5,train,0.5066121816635132,pdb_00002i9l_H_G
14321,5,train,0.012410460971295834,pdb_00008xzf_S1_S2
14322,5,train,0.10065124928951263,pdb_00008j24_G1_G2
14323,5,train,0.0063539184629917145,pdb_00003det_E_F
14324,5,train,0.6590127348899841,pdb_00009bt5_C_D
14325,5,train,0.04196660593152046,pdb_00008xyd_E1_E2
14326,5,train,0.5552622079849243,pdb_00001tqb_B_C
14327,5,train,0.009855756536126137,pdb_00009ll7_S1_S2
14328,5,train,0.6836290955543518,pdb_00008w86_A_B
14329,5,train,0.832917332649231,pdb_00007t01_H_L
14330,5,train,0.9566887021064758,pdb_00006gff_N_M
14331,5,train,0.02513110265135765,pdb_00007w7e_H1_H2
14332,5,train,0.030483512207865715,pdb_00007eq1_S1_S2
14333,5,train,0.45558762550354004,pdb_00005ugy_J_N
14334,5,train,0.4939056932926178,pdb_00006j6y_B_C
14335,5,train,0.5504232048988342,pdb_00008hrd_Y_Z
14336,5,train,0.5662325620651245,pdb_00006cyf_M_L
14337,5,train,0.032976701855659485,pdb_00008evh_N1_N2
14338,5,train,0.027165105566382408,pdb_00009jeq_S1_S2
14339,5,train,0.42600083351135254,pdb_00007rk2_D1_D2
14340,5,train,0.19129908084869385,pdb_00005aaw_D1_D2
14341,5,train,0.023672986775636673,pdb_00006e0p_M1_M2
14342,5,train,0.8354746699333191,pdb_00004khx_H_L
14343,5,train,0.992561936378479,pdb_00007mxl_J_K
14344,5,train,0.015364434570074081,pdb_00006x3z_J_I
14345,5,train,0.132215216755867,pdb_00009nz4_D_C
14346,5,train,0.37589332461357117,pdb_00003fku_X1_X2
14347,5,train,0.10002859681844711,pdb_00009vmp_S1_S2
14348,5,train,0.009838433936238289,pdb_00009u4w_S1_S2
14349,5,train,0.5810045599937439,pdb_00007wur_G_H
14350,5,train,0.04008401557803154,pdb_00009zqa_I2_I1
14351,5,train,0.4379160702228546,pdb_00002x7l_J_K
14352,5,train,0.08888456970453262,pdb_00006b3s_C_D
14353,5,train,0.011110171675682068,pdb_00002hlf_E_F
14354,5,train,0.45933160185813904,pdb_00008g5a_H_L
14355,5,train,1.2961374521255493,pdb_00009o7i_D_C
14356,5,train,0.013224950060248375,pdb_00008k4s_D1_D2
14357,5,train,0.3669467270374298,pdb_00008g5a_J_N
14358,5,train,0.35056501626968384,pdb_00007jmo_H_L
14359,5,train,0.10245459526777267,pdb_00005aaw_K1_K2
14360,5,train,0.1451341211795807,pdb_00004tnw_U_h
14361,5,train,0.5818973183631897,pdb_00002wuc_H_L
14362,5,train,0.6436957120895386,pdb_00006woz_K_L
14363,5,train,0.5480102896690369,pdb_00008eoo_H_L
14364,5,train,0.018999891355633736,pdb_00009iqt_E1_E2
14365,5,train,0.011699606664478779,pdb_00006x3t_J_I
14366,5,train,0.4745939373970032,pdb_00007wqv_L1_L2
14367,5,train,0.5190760493278503,pdb_00003nh7_H_L
14368,5,train,0.6504603028297424,pdb_00004hj0_P_Q
14369,5,train,0.011429622769355774,pdb_00008dd2_J_I
14370,5,train,0.4281412959098816,pdb_00006ii8_G_I
14371,5,train,0.00992179848253727,pdb_00008jlr_S1_S2
14372,5,train,0.013222560286521912,pdb_00007ejk_H1_H2
14373,5,train,0.2023668736219406,pdb_000011oq_H_L
14374,5,train,0.6332833766937256,pdb_00007ttx_H_L
14375,5,train,0.5745552182197571,pdb_00007s7i_J_N
14376,5,train,0.5039379596710205,pdb_00007sk7_D_C
14377,5,train,0.6979959011077881,pdb_00006vja_I_M
14378,5,train,0.8850930333137512,pdb_00008e8l_H_L
14379,5,train,0.019135424867272377,pdb_00008spu_N1_N2
14380,5,train,0.5029168128967285,pdb_00005wko_E_F
14381,5,train,0.0073727504350245,pdb_00008hnk_S1_S2
14382,5,train,0.8426089286804199,pdb_00009mqd_H_L
14383,5,train,0.9631519913673401,pdb_00008zpq_A_B
14384,5,train,0.8736469745635986,pdb_00008z6x_B_C
14385,5,train,0.9554790258407593,pdb_00008d7e_D_E
14386,5,train,0.5276986360549927,pdb_00006xq2_F_E
14387,5,train,2.135364294052124,pdb_00006vlw_H_L
14388,5,train,0.11068438738584518,pdb_00008ihj_S1_S2
14389,5,train,0.38002142310142517,pdb_00007s0b_A_B
14390,5,train,0.008742901496589184,pdb_00008dwg_E1_E2
14391,5,train,0.025627324357628822,pdb_00008gcp_E1_E2
14392,5,train,1.0467467308044434,pdb_00006k65_H_L
14393,5,train,0.5930833220481873,pdb_00006dkj_H_L
14394,5,train,0.2403070032596588,pdb_00002qr0_X_W
14395,5,train,0.6786198616027832,pdb_00008xcd_H_L
14396,5,train,0.5344836115837097,pdb_00007sco_H_L
14397,5,train,0.5300325155258179,pdb_00004ffv_D_C
14398,5,train,0.36682403087615967,pdb_00005yoy_Q_N
14399,5,train,0.039825450628995895,pdb_00009izd_S1_S2
14400,5,train,0.29621967673301697,pdb_00008hws_H_L
14401,5,train,0.4314187467098236,pdb_00002yss_B_A
14402,5,train,0.012819653376936913,pdb_00008g94_E1_E2
14403,5,train,0.02318425290286541,pdb_00008irs_E1_E2
14404,5,train,0.9712204933166504,pdb_00009me7_J_N
14405,5,train,0.008681278675794601,pdb_00009kfi_S1_S2
14406,5,train,0.7461413741111755,pdb_00006wtu_K_L
14407,5,train,0.9234039187431335,pdb_00009oea_H_L
14408,5,train,0.5710842609405518,pdb_00009mtm_I_J
14409,5,train,0.6584804058074951,pdb_00009ib3_H_L
14410,5,train,0.018916761502623558,pdb_00006oij_H1_H2
14411,5,train,0.900649905204773,pdb_00009l07_H_L
14412,5,train,0.7756068706512451,pdb_00007l0l_H_L
14413,5,train,0.3318110704421997,pdb_00008jkf_h_l
14414,5,train,0.020935291424393654,pdb_00002vc2_H_L
14415,5,train,0.8689858913421631,pdb_00005gs0_D_C
14416,5,train,0.1184389665722847,pdb_00001ua6_H_L
14417,5,train,0.01943838968873024,pdb_00009clw_N1_N2
14418,5,train,0.01670892722904682,pdb_00009w49_S1_S2
14419,5,train,0.8434057235717773,pdb_00006a4k_K_O
14420,5,train,0.965843677520752,pdb_00008tp5_H_L
14421,5,train,0.46589577198028564,pdb_00009ctw_F_E
14422,5,train,0.6326961517333984,pdb_00001fbi_Q_P
14423,5,train,0.623438835144043,pdb_00008dwx_H_L
14424,5,train,0.8184723854064941,pdb_00009t5z_H_L
14425,5,train,0.8447796702384949,pdb_00007yd1_A_B
14426,5,train,0.6495302319526672,pdb_00007pry_C_D
14427,5,train,0.012236310169100761,pdb_00009vje_E1_E2
14428,5,train,1.5037891864776611,pdb_00009lbw_H_L
14429,5,train,0.7319121956825256,pdb_00007w71_H_L
14430,5,train,0.014058459550142288,pdb_00007wy0_C1_C2
14431,5,train,0.21724258363246918,pdb_00007o7f_H_F
14432,5,train,0.5320411920547485,pdb_00007t3d_K_N
14433,5,train,1.039437174797058,pdb_00006wds_H_L
14434,5,train,0.044808682054281235,pdb_00007srr_E1_E2
14435,5,train,0.38986191153526306,pdb_00006kyz_E_F
14436,5,train,0.5995427370071411,pdb_00009ue8_I_J
14437,5,train,0.6206378936767578,pdb_00001bvk_B_A
14438,5,train,1.0394587516784668,pdb_00009rii_H_L
14439,5,train,0.009995493106544018,pdb_00007kh0_S1_S2
14440,5,train,0.8528079986572266,pdb_00006bpa_E_F
14441,5,train,0.010132348164916039,pdb_00007wv9_S1_S2
14442,5,train,0.5183501243591309,pdb_00001fsk_C_B
14443,5,train,0.1888447105884552,pdb_00009exa_D_C
14444,5,train,0.3769180476665497,pdb_00006ban_F_E
14445,5,train,0.46981558203697205,pdb_00005x8m_B_C
14446,5,train,0.07025136053562164,pdb_00007cvt_C_D
14447,5,train,0.9737551808357239,pdb_00008sis_H_L
14448,5,train,0.0731305405497551,pdb_00008iec_N1_N2
14449,5,train,0.01088531594723463,pdb_00007vuy_S1_S2
14450,5,train,0.512150764465332,pdb_00003dvn_H_L
14451,5,train,0.01522225420922041,pdb_00006lfm_S1_S2
14452,5,train,0.009512984193861485,pdb_00008yn5_E1_E2
14453,5,train,1.185511827468872,pdb_00004hf5_H_L
14454,5,train,0.810078501701355,pdb_00009npg_K_J
14455,5,train,0.45588043332099915,pdb_00003eo1_K_J
14456,5,train,0.013593635521829128,pdb_00009vif_S1_S2
14457,5,train,0.3627726137638092,pdb_00008tft_I_M
14458,5,train,0.08820286393165588,pdb_00006w0i_A_B
14459,5,train,0.5260447263717651,pdb_00004qci_H_L
14460,5,train,0.1463320553302765,pdb_00005aaw_B1_B2
14461,5,train,0.007781997788697481,pdb_00002vdn_H_L
14462,5,train,0.42749181389808655,pdb_00007nx7_H_L
14463,5,train,0.021784208714962006,pdb_00007w6p_H1_H2
14464,5,train,0.6728195548057556,pdb_00009mkn_H_L
14465,5,train,0.039288681000471115,pdb_00008yn6_E1_E2
14466,5,train,0.03600810840725899,pdb_00008evh_M1_M2
14467,5,train,1.3377962112426758,pdb_00007ey5_H_L
14468,5,train,0.0648960992693901,pdb_00009ouq_H_L
14469,5,train,0.45593756437301636,pdb_00009iw2_H_L
14470,5,train,0.7164959907531738,pdb_00007bsd_A_B
14471,5,train,0.7287610769271851,pdb_00007y3o_H_L
14472,5,train,0.01648913323879242,pdb_00006k5i_C_D
14473,5,train,0.06331519037485123,pdb_00001j1x_H_L
14474,5,train,0.011440039612352848,pdb_00009ejz_H1_H2
14475,5,train,0.17294816672801971,pdb_00008vgk_H_G
14476,5,train,0.01655004918575287,pdb_00009ik8_E1_E2
14477,5,train,0.7289942502975464,pdb_00008hn7_D_C
14478,5,train,0.4189895987510681,pdb_00008bg4_A1_A2
14479,5,train,0.6358285546302795,pdb_00009ue0_A_B
14480,5,train,0.7841416597366333,pdb_00007zwi_B_C
14481,5,train,0.007912532426416874,pdb_00008zme_E1_E2
14482,5,train,0.44367143511772156,pdb_00005w3m_E_G
14483,5,train,0.007335385773330927,pdb_00007d77_S1_S2
14484,5,train,0.30274567008018494,pdb_00007kfv_C_D
14485,5,train,0.44096842408180237,pdb_00009mkn_J_N
14486,5,train,0.012155597098171711,pdb_00008yh3_S1_S2
14487,5,train,0.5999296307563782,pdb_00009axl_H_L
14488,5,train,0.6976346969604492,pdb_00009f91_E_F
14489,5,train,0.6042401790618896,pdb_00007l7e_E_F
14490,5,train,0.8749668598175049,pdb_00008gpu_C_D
14491,5,train,0.6319050788879395,pdb_00007ley_G_F
14492,5,train,0.6114315390586853,pdb_00007wvd_G_H
14493,5,train,0.4878413677215576,pdb_00007rxl_C_D
14494,5,train,0.4487464129924774,pdb_00004h88_H_L
14495,5,train,0.939265787601471,pdb_00009ml8_M_N
14496,5,train,0.010965648107230663,pdb_00009vj6_E1_E2
14497,5,train,0.6692613363265991,pdb_00009mtj_M_N
14498,5,train,1.303222417831421,pdb_00006mtq_H_L
14499,5,train,0.18316157162189484,pdb_00006vmk_l_k
14500,5,train,0.31866902112960815,pdb_00008jen_E_F
14501,5,train,0.028759784996509552,pdb_00008yuv_S1_S2
14502,5,train,0.6497340798377991,pdb_00007ucq_J1_J2
14503,5,train,0.0055868723429739475,pdb_00007t6v_E1_E2
14504,5,train,0.6962518095970154,pdb_00006oc3_C_D
14505,5,train,0.3831072449684143,pdb_00008caf_D_C
14506,5,train,0.006425052415579557,pdb_00008vvg_E1_E2
14507,5,train,0.569740891456604,pdb_00006wzl_C_D
14508,5,train,0.9285817742347717,pdb_00008vk1_F_E
14509,5,train,0.8279197216033936,pdb_00007f15_B1_B2
14510,5,train,0.31445834040641785,pdb_00007cjf_A_B
14511,5,train,0.6494312882423401,pdb_00007lq7_C_D
14512,5,train,0.004618784878402948,pdb_00008k6m_S1_S2
14513,5,train,0.717682421207428,pdb_00009mtf_H_L
14514,5,train,0.05854233726859093,pdb_00006x40_J_I
14515,5,train,0.013589251786470413,pdb_00007x2v_E1_E2
14516,5,train,0.015143455937504768,pdb_00008spu_K1_K2
14517,5,train,0.44669830799102783,pdb_00008hq7_M_N
14518,5,train,0.732301652431488,pdb_00009cds_E_D
14519,5,train,0.023734359070658684,pdb_00007xav_E1_E2
14520,5,train,0.006675703451037407,pdb_00008k9k_H1_H2
14521,5,train,0.17491938173770905,pdb_00006z2m_H_L
14522,5,train,0.5499435067176819,pdb_00007tzh_A1_A2
14523,5,train,1.3587473630905151,pdb_00004xzu_E_F
14524,5,train,0.8839152455329895,pdb_00007scn_E_F
14525,5,train,0.04835209250450134,pdb_00009ggg_S1_S2
14526,5,train,0.6159784197807312,pdb_00007l5j_Y_X
14527,5,train,0.5485377311706543,pdb_00006pi7_F_E
14528,5,train,0.30443671345710754,pdb_00004dgi_H_L
14529,5,train,0.2420065850019455,pdb_00006p4a_H_L
14530,5,train,0.07753508538007736,pdb_00001ic4_H_L
14531,5,train,0.008873897604644299,pdb_00006ad8_E_F
14532,5,train,0.4015701413154602,pdb_00007zmk_B_C
14533,5,train,0.5881442427635193,pdb_00004okv_A_B
14534,5,train,0.9975932240486145,pdb_00008ag1_H_L
14535,5,train,0.06960675865411758,pdb_00008h2g_E1_E2
14536,5,train,0.47872254252433777,pdb_00008too_G_F
14537,5,train,0.0176952313631773,pdb_00006x3x_K_L
14538,5,train,0.9642767310142517,pdb_00008g5b_H_L
14539,5,train,0.7508271336555481,pdb_00004xrc_B_A
14540,5,train,0.6569236516952515,pdb_00003c09_H_L
14541,5,train,0.5657182931900024,pdb_00006d0u_K_L
14542,5,train,1.0725071430206299,pdb_00004lvh_H_I
14543,5,train,0.009993438608944416,pdb_00007sbf_E1_E2
14544,5,train,1.631494402885437,pdb_00006osh_H_L
14545,5,train,0.48055118322372437,pdb_00008jkh_H_L
14546,5,train,0.8414890766143799,pdb_00008fhy_H_L
14547,5,train,0.08087162673473358,pdb_00009nz3_D_C
14548,5,train,0.021663306280970573,pdb_00008f7x_E1_E2
14549,5,train,0.02643525041639805,pdb_00009uk2_E1_E2
14550,5,train,0.05842410773038864,pdb_00009vo0_E1_E2
14551,5,train,0.021900923922657967,pdb_00008w8r_S1_S2
14552,5,train,0.06924077868461609,pdb_00002dqe_H_L
14553,5,train,0.531679630279541,pdb_00005dhy_H_L
14554,5,train,0.8408947587013245,pdb_00005h35_F_G
14555,5,train,0.5042864680290222,pdb_00007vgr_D_C
14556,5,train,1.2045856714248657,pdb_00007uij_H_L
14557,5,train,0.015017744153738022,pdb_00009jhp_S1_S2
14558,5,train,0.6835964322090149,pdb_00007l0l_I_K
14559,5,train,0.45357513427734375,pdb_00007mem_H_L
14560,5,train,0.634320080280304,pdb_00007vyr_A_B
14561,5,train,0.05215156078338623,pdb_00007k78_L1_L2
14562,5,train,0.6611249446868896,pdb_00008sdh_C_D
14563,5,train,0.9892699718475342,pdb_00008dwo_S_T
14564,5,train,0.6015978455543518,pdb_00008u4s_F_E
14565,5,train,1.2035257816314697,pdb_00009l8z_C_B
14566,5,train,0.037945594638586044,pdb_00002htk_C_D
14567,5,train,0.658893346786499,pdb_00008gsc_H_L
14568,5,train,0.01828041858971119,pdb_00008t3q_N1_N2
14569,5,train,1.213230013847351,pdb_00009e3l_G_H
14570,5,train,0.04785195365548134,pdb_00003stl_A_B
14571,5,train,0.033195797353982925,pdb_00007y89_S1_S2
14572,5,train,0.017848316580057144,pdb_00009izg_S1_S2
14573,5,train,0.43319636583328247,pdb_00001xgq_B_A
14574,5,train,0.42804470658302307,pdb_00009iz9_O_P
14575,5,train,0.8972559571266174,pdb_00007n0a_B_A
14576,5,train,0.01788184978067875,pdb_00003ze1_E_F
14577,5,train,0.7870694994926453,pdb_00001kb5_H_L
14578,5,train,0.7335845232009888,pdb_00006mlm_K_L
14579,5,train,0.884736955165863,pdb_00006jod_H_L
14580,5,train,0.011432734318077564,pdb_00008xqn_S1_S2
14581,5,train,0.7547615766525269,pdb_00009npg_G_H
14582,5,train,0.012476087547838688,pdb_00008y62_E1_E2
14583,5,train,0.49343231320381165,pdb_00003ri5_G_K
14584,5,train,0.21782808005809784,pdb_00002qr0_N_M
14585,5,train,0.9658251404762268,pdb_00009qub_D_C
14586,5,train,0.1988765299320221,pdb_00006vmk_c_b
14587,5,train,1.1979515552520752,pdb_00006xm2_D_C
14588,5,train,0.01068487111479044,pdb_00009cm3_N1_N2
14589,5,train,0.8737407922744751,pdb_00006wtv_H_I
14590,5,train,0.010265672579407692,pdb_00007rbt_E1_E2
14591,5,train,0.25733819603919983,pdb_00008i5h_H_L
14592,5,train,0.010351317934691906,pdb_00002vdp_H_L
14593,5,train,0.46694761514663696,pdb_00009mqa_J_N
14594,5,train,1.3108789920806885,pdb_00008w0y_A_B
14595,5,train,0.3221888840198517,pdb_00001kir_B_A
14596,5,train,0.3792448341846466,pdb_00007mzh_H_L
14597,5,train,0.9400660991668701,pdb_00009cq8_G_H
14598,5,train,0.9654595255851746,pdb_00007u9e_H1_H2
14599,5,train,0.006023262161761522,pdb_00003t3p_E_F
14600,5,train,0.45009085536003113,pdb_00005cbe_C_D
14601,5,train,0.6213215589523315,pdb_00007bbj_H_L
14602,5,train,0.02973184362053871,pdb_00008xos_E1_E2
14603,5,train,0.668067991733551,pdb_00009cq8_C_E
14604,5,train,0.007031597197055817,pdb_00008x9t_S1_S2
14605,5,train,0.5610568523406982,pdb_00009vfu_E_F
14606,5,train,0.7569199204444885,pdb_00007lf7_A_B
14607,5,train,0.00740043492987752,pdb_00008gag_S1_S2
14608,5,train,0.23610980808734894,pdb_00004tnw_W_f
14609,5,train,0.7606028318405151,pdb_00006a4k_H_L
14610,5,train,1.089966893196106,pdb_00002r56_H_L
14611,5,train,0.8011831045150757,pdb_00009ds1_H_L
14612,5,train,0.9039087295532227,pdb_00003o2d_H_L
14613,5,train,1.4448237419128418,pdb_00001g9n_H_L
14614,5,train,0.014910619705915451,pdb_00009lrs_E1_E2
14615,5,train,0.4721105396747589,pdb_00009n4f_M_N
14616,5,train,0.7092189192771912,pdb_00009mqd_J_N
14617,5,train,0.5821744799613953,pdb_00007m71_H_L
14618,5,train,0.04137163236737251,pdb_00003f7y_A_B
14619,5,train,0.019623367115855217,pdb_00008ef5_E1_E2
14620,5,train,0.016857974231243134,pdb_00003f7v_A_B
14621,5,train,0.5919551849365234,pdb_00006ii9_H_L
14622,5,train,0.009279398247599602,pdb_00008g59_S1_S2
14623,5,train,0.6193198561668396,pdb_00009mtf_M_N
14624,5,train,0.6980083584785461,pdb_00007mxl_H_L
14625,5,train,0.13105012476444244,pdb_00006yor_B_C
14626,5,train,1.047255277633667,pdb_00007unb_H_L
14627,5,train,0.0219432283192873,pdb_00009jfy_S1_S2
14628,5,train,0.7922903299331665,pdb_00009me5_H_L
14629,5,train,0.007857250981032848,pdb_00009iyb_E1_E2
14630,5,train,0.8671895265579224,pdb_00003lh2_J_N
14631,5,train,0.719545304775238,pdb_00008znz_I_J
14632,5,train,0.010954510420560837,pdb_00002itd_A_B
14633,5,train,0.46349895000457764,pdb_00008u4s_H_L
14634,5,train,0.5637362599372864,pdb_00008tui_H_L
14635,5,train,0.5390018820762634,pdb_00007dk2_A_B
14636,5,train,1.1555033922195435,pdb_00008p5m_G_L
14637,5,train,0.7330214977264404,pdb_00005a3i_G_H
14638,5,train,0.029055921360850334,pdb_00002h2s_C_D
14639,5,train,0.006125330459326506,pdb_00008xxv_E1_E2
14640,5,train,0.013194652274250984,pdb_00007w3z_H1_H2
14641,5,train,0.6046814322471619,pdb_00001dee_F_E
14642,5,train,0.01609387807548046,pdb_00008hnm_S1_S2
14643,5,train,0.8090689182281494,pdb_00009azv_H_L
14644,5,train,0.5061845779418945,pdb_00004gxu_S_T
14645,5,train,0.011761803179979324,pdb_00002fed_C_D
14646,5,train,0.5997220277786255,pdb_00001oak_H_L
14647,5,train,0.4335736632347107,pdb_00008dn6_C_D
14648,5,train,0.5194023847579956,pdb_00007l7e_M_N
14649,5,train,0.013111582025885582,pdb_00007vih_E1_E2
14650,5,train,0.02443588711321354,pdb_00008efl_E1_E2
14651,5,train,0.5103519558906555,pdb_00004qci_B_A
14652,5,train,0.012653999030590057,pdb_00007m2j_A_B
14653,5,train,0.03131822496652603,pdb_00001c08_B_A
14654,5,train,0.019319377839565277,pdb_00008t3v_N1_N2
14655,5,train,0.7616520524024963,pdb_00003c09_C_B
14656,5,train,0.23252558708190918,pdb_00008q6j_B_A
14657,5,train,0.48485690355300903,pdb_00007wvd_I_J
14658,5,train,0.004921178333461285,pdb_00002vdk_H_L
14659,5,train,0.5171974897384644,pdb_00009mqd_I_M
14660,5,train,1.3320544958114624,pdb_00009rir_H_L
14661,5,train,0.31782618165016174,pdb_00008zd5_E_F
14662,5,train,0.05836910009384155,pdb_00009kt9_E1_E2
14663,5,train,0.31862273812294006,pdb_00008ulf_J_N
14664,5,train,0.34222978353500366,pdb_00007zmk_E_F
14665,5,train,0.433821439743042,pdb_00003fku_S1_S2
14666,5,train,0.9667543172836304,pdb_00009od3_H_L
14667,5,train,0.04557681828737259,pdb_00008ihf_S1_S2
14668,5,train,1.0621001720428467,pdb_00009vca_H_L
14669,5,train,0.008393626660108566,pdb_00003ejy_C_D
14670,5,train,0.012211858294904232,pdb_00009kvh_E1_E2
14671,5,train,0.8532934784889221,pdb_00002r29_H_L
14672,5,train,0.4433005452156067,pdb_00008hn6_C_D
14673,5,train,0.009050790220499039,pdb_00008kgg_E1_E2
14674,5,train,0.7742741703987122,pdb_00009js7_J_M
14675,5,train,0.6106619834899902,pdb_00004zff_A_B
14676,5,train,0.7816928029060364,pdb_00009p1m_F_E
14677,5,train,0.3946780860424042,pdb_00007yck_C_D
14678,5,train,0.6297916173934937,pdb_00008u4q_H_L
14679,5,train,0.7626155018806458,pdb_00007z0y_H_L
14680,5,train,0.01831487938761711,pdb_00008feg_F1_F2
14681,5,train,0.4986398220062256,pdb_00007rk1_D1_D2
14682,5,train,0.010911121964454651,pdb_00004fg6_E_F
14683,5,train,0.018155455589294434,pdb_00008evi_N1_N2
14684,5,train,0.01909634843468666,pdb_00008wpu_E1_E2
14685,5,train,0.9608455300331116,pdb_00008ygs_H_L
14686,5,train,0.35006240010261536,pdb_00002x7l_E_F
14687,5,train,0.6844702363014221,pdb_00006o1f_H_L
14688,5,train,0.007280206773430109,pdb_00003ejz_C_D
14689,5,train,0.253358393907547,pdb_00008vgi_F_E
14690,5,train,0.020069103688001633,pdb_00009k3h_S1_S2
14691,5,train,0.5127432942390442,pdb_00009ue8_E_F
14692,5,train,1.0126252174377441,pdb_00005lsp_H_L
14693,5,train,0.8858477473258972,pdb_00007shy_K_L
14694,5,train,0.014801094308495522,pdb_00007sr8_E1_E2
14695,5,train,1.1305556297302246,pdb_00009rik_H_L
14696,5,train,0.6129511594772339,pdb_00007dpm_G_H
14697,5,train,0.725253701210022,pdb_00008jin_P2_P1
14698,5,train,0.023612987250089645,pdb_00008f7w_E1_E2
14699,5,train,0.011812537908554077,pdb_00008jd6_D1_D2
14700,5,train,0.00947557669132948,pdb_00007uje_E_F
14701,5,train,0.4841036796569824,pdb_00003d9a_H_L
14702,5,train,1.2303107976913452,pdb_00005ldn_H_L
14703,5,train,0.007820120081305504,pdb_00009jmd_E1_E2
14704,5,train,0.008151117712259293,pdb_00008jxt_E1_E2
14705,5,train,0.008703319355845451,pdb_00007y66_S1_S2
14706,5,train,0.6934832334518433,pdb_00008kdt_H_L
14707,5,train,1.0494754314422607,pdb_00008jn1_H_L
14708,5,train,0.04665921628475189,pdb_00008ubj_M2_M1
14709,5,train,0.05861906334757805,pdb_00007xta_E1_E2
14710,5,train,0.004943592008203268,pdb_00007t96_E1_E2
14711,5,train,0.9910678863525391,pdb_00009zdu_H_L
14712,5,train,0.7888795137405396,pdb_00006wno_E_F
14713,5,train,0.5297128558158875,pdb_00009hh9_I_H
14714,5,train,0.6547711491584778,pdb_00006vgr_H_L
14715,5,train,0.39784789085388184,pdb_00006p4b_H_L
14716,5,train,0.5585444569587708,pdb_00009ib1_H_L
14717,5,train,0.3754681944847107,pdb_00008too_B_A
14718,5,train,0.009856793098151684,pdb_00008hnl_S1_S2
14719,5,train,0.02421502396464348,pdb_00008xxz_S1_S2
14720,5,train,0.039271727204322815,pdb_00008sgo_K_L
14721,5,train,0.006279333028942347,pdb_00006kpf_S1_S2
14722,5,train,0.432353675365448,pdb_00008zyt_D_Q
14723,5,train,0.8217421174049377,pdb_00009atm_H_L
14724,5,train,0.9649244546890259,pdb_00007ezv_M_N
14725,5,train,1.1162821054458618,pdb_00007lg6_C_D
14726,5,train,0.009766983799636364,pdb_00008vy7_D1_D2
14727,5,train,0.6371253728866577,pdb_00008dis_A_C
14728,5,train,0.01353998389095068,pdb_00007eb2_N1_N2
14729,5,train,0.4095853567123413,pdb_00007mzk_F_E
14730,5,train,0.610708475112915,pdb_00004dkf_I_M
14731,5,train,0.17497171461582184,pdb_00004tnw_I_O
14732,5,train,0.06535052508115768,pdb_00007cvt_E_F
14733,5,train,0.11376665532588959,pdb_00002dqh_H_L
14734,5,train,0.010785906575620174,pdb_00008k2x_S1_S2
14735,5,train,0.43944108486175537,pdb_00002i9l_B_A
14736,5,train,0.5267131924629211,pdb_00008bg3_A1_A2
14737,5,train,0.6817660331726074,pdb_00007scn_H_L
14738,5,train,0.01568826101720333,pdb_00009drx_K_L
14739,5,train,0.45772579312324524,pdb_00009lrh_H_L
14740,5,train,0.49508795142173767,pdb_00008vgm_E_F
14741,5,train,0.45191335678100586,pdb_00008hpf_M_N
14742,5,train,0.4010410010814667,pdb_00007ch5_H_L
14743,5,train,0.6098663806915283,pdb_00008g5b_I_M
14744,5,train,0.4394962191581726,pdb_00007dpm_A_B
14745,5,train,0.7930189967155457,pdb_00007uvq_D_E
14746,5,train,0.12791797518730164,pdb_00002dqf_B_A
14747,5,train,1.035962700843811,pdb_00009mth_I_J
14748,5,train,0.0368787944316864,pdb_00007ykd_S1_S2
14749,5,train,0.012661968357861042,pdb_00007wu9_S1_S2
14750,5,train,0.19326120615005493,pdb_00002qr0_F_E
14751,5,train,0.03253302350640297,pdb_00007u0g_N1_N2
14752,5,train,0.030538266524672508,pdb_00002ht4_C_D
14753,5,train,0.29485493898391724,pdb_00008jel_C_D
14754,5,train,0.05396733060479164,pdb_00009exa_F_E
14755,5,train,0.691139280796051,pdb_00008y3l_G_H
14756,5,train,0.14738886058330536,pdb_00004tnw_J_M
14757,5,train,0.5224135518074036,pdb_00007wwk_I_H
14758,5,train,0.05935332924127579,pdb_00002dqc_H_L
14759,5,train,0.009511551819741726,pdb_00008jlj_S1_S2
14760,5,train,0.019188256934285164,pdb_00009jkt_S1_S2
14761,5,train,1.0122365951538086,pdb_00008d9y_H_G
14762,5,train,0.6604022979736328,pdb_00004hg4_Z_z
14763,5,train,0.02813054621219635,pdb_00006xbk_S1_S2
14764,5,train,0.017171891406178474,pdb_00007vdl_S1_S2
14765,5,train,0.012155280448496342,pdb_00008xx3_S1_S2
14766,5,train,0.1830223798751831,pdb_00004tnw_X_i
14767,5,train,0.008499080315232277,pdb_00008dk5_K1_K2
14768,5,train,0.5007052421569824,pdb_00008wpy_C_D
14769,5,train,0.013488114811480045,pdb_00007t6b_E1_E2
14770,5,train,0.034492429345846176,pdb_00003ze2_H_L
14771,5,train,0.012744319625198841,pdb_00007euo_S1_S2
14772,5,train,0.847076416015625,pdb_00007jwg_A_B
14773,5,train,0.5797767043113708,pdb_00001yqv_H_L
14774,5,train,0.9277687072753906,pdb_00009cu7_I_M
14775,5,train,0.524887204170227,pdb_00007x2o_H_L
14776,5,train,0.7677223086357117,pdb_00007xrz_H_L
14777,5,train,0.0165533609688282,pdb_00007f4f_S1_S2
14778,5,train,0.5156938433647156,pdb_00002fjh_H_L
14779,5,train,0.008454362861812115,pdb_00007na7_N1_N2
14780,5,train,0.013856155797839165,pdb_00007k60_M2_M1
14781,5,train,0.30688604712486267,pdb_00003ri5_I_O
14782,5,train,0.015360601246356964,pdb_00009vmg_S1_S2
14783,5,train,0.7023680806159973,pdb_00004al8_H_L
14784,5,train,0.5076937675476074,pdb_00005xhv_P_Q
14785,5,train,0.9688670039176941,pdb_00006plk_H_L
14786,5,train,0.9114403128623962,pdb_00008jeo_E_F
14787,5,train,0.553709089756012,pdb_00006ban_D_C
14788,5,train,1.1147029399871826,pdb_00005ug0_D_C
14789,5,train,0.024433810263872147,pdb_00008yna_E1_E2
14790,5,train,0.04723789542913437,pdb_00003a67_H_L
14791,5,train,0.037874750792980194,pdb_00004lcu_A_B
14792,5,train,0.009894749149680138,pdb_00008hsc_S1_S2
14793,5,train,0.06123559921979904,pdb_00003ri5_H_L
14794,5,train,0.5662050843238831,pdb_00008jqs_H_L
14795,5,train,0.5578253865242004,pdb_00008hrd_N_Q
14796,5,train,0.6789073348045349,pdb_00008d9y_F_E
14797,5,train,0.6854691505432129,pdb_00005ggt_H_L
14798,5,train,0.011018714867532253,pdb_00008k9l_H1_H2
14799,5,train,0.6384034752845764,pdb_00006a4k_I_M
14800,5,train,0.44929102063179016,pdb_00008go8_H_L
14801,5,train,0.9043030738830566,pdb_00007zoz_H_L
14802,5,train,0.715721607208252,pdb_00007ua2_B1_B2
14803,5,train,0.8945001363754272,pdb_00007rr0_B_C
14804,5,train,0.006069982424378395,pdb_00009vnf_E1_E2
14805,5,train,0.6378658413887024,pdb_00004hg4_P_Q
14806,5,train,0.9628739356994629,pdb_00008bcz_A_B
14807,5,train,0.0038039814680814743,pdb_00007vig_E1_E2
14808,5,train,0.6985946893692017,pdb_00009jeb_A1_A2
14809,5,train,0.0294291153550148,pdb_00006x3w_J_I
14810,5,train,0.01720614917576313,pdb_00008id6_S1_S2
14811,5,train,0.7125044465065002,pdb_00006ww5_C_D
14812,5,train,0.7074215412139893,pdb_00009n4e_O_R
14813,5,train,0.5228924751281738,pdb_00006cyf_U_T
14814,5,train,0.15284956991672516,pdb_00006k5d_C_D
14815,5,train,1.0362273454666138,pdb_00006wn1_B_C
14816,5,train,0.5376189351081848,pdb_00004odx_H_B
14817,5,train,0.2597202658653259,pdb_00003rhw_I_O
14818,5,train,1.2705615758895874,pdb_00008s72_X_Y
14819,5,train,0.050965920090675354,pdb_00008j23_F1_F2
14820,5,train,0.13275130093097687,pdb_00006zlr_BBB_CCC
14821,5,train,0.5580263733863831,pdb_00001za3_B_A
14822,5,train,0.5334997177124023,pdb_00003nh7_K_O
14823,5,train,0.5287161469459534,pdb_00007xcp_H_L
14824,5,train,0.014351319521665573,pdb_00008jjp_S1_S2
14825,5,train,0.35197120904922485,pdb_00007kfw_F_G
14826,5,train,0.8419214487075806,pdb_00007wcr_a_b
14827,5,train,0.7321382164955139,pdb_00007kn3_M_N
14828,5,train,0.5297372341156006,pdb_00008zbb_H_L
14829,5,train,0.5420982241630554,pdb_00005nhr_A_B
14830,5,train,0.4412667453289032,pdb_00009azr_H_L
14831,5,train,0.5505965948104858,pdb_00002dd8_H_L
14832,5,train,1.0530986785888672,pdb_00008f6l_A_B
14833,5,train,0.9320605993270874,pdb_00007yds_B_C
14834,5,train,0.892706036567688,pdb_00009n5z_A_B
14835,5,train,0.5200950503349304,pdb_00007dk2_J_K
14836,5,train,0.023398514837026596,pdb_00006x3u_K_L
14837,5,train,0.53094881772995,pdb_00008ut2_L_K
14838,5,train,0.28718820214271545,pdb_00002x7l_A_B
14839,5,train,0.258744478225708,pdb_00007kfw_C_D
14840,5,train,0.010877100750803947,pdb_00009iy8_S1_S2
14841,5,train,0.012047141790390015,pdb_00008ubi_M2_M1
14842,5,train,0.007329554297029972,pdb_00008zjg_S1_S2
14843,5,train,0.34902894496917725,pdb_00009cpu_F_G
14844,5,train,0.5708310008049011,pdb_00003u30_C_B
14845,5,train,0.015604493208229542,pdb_00007y15_S1_S2
14846,5,train,0.3252994418144226,pdb_00007c01_C_D
14847,5,train,0.698125958442688,pdb_00007x3c_F_E
14848,5,train,0.6308842301368713,pdb_00003p0y_H_L
14849,5,train,0.014423880726099014,pdb_00007vla_S1_S2
14850,5,train,0.03667568042874336,pdb_00008ihb_S1_S2
14851,5,train,0.7363725900650024,pdb_00006wmw_M_N
14852,5,train,0.502028226852417,pdb_00001mlc_D_C
14853,5,train,0.011516334488987923,pdb_00008dzr_E1_E2
14854,5,train,0.010082999244332314,pdb_00007qvm_S1_S2
14855,5,train,0.02149139530956745,pdb_00006x3v_K_L
14856,5,train,0.5306331515312195,pdb_00007lq7_P_Q
14857,5,train,0.04047311842441559,pdb_00008sps_K1_K2
14858,5,train,1.0978139638900757,pdb_00004ubd_Y_X
14859,5,train,0.021118273958563805,pdb_00003nig_E_F
14860,5,train,0.6386529803276062,pdb_00008cma_H_L
14861,5,train,0.01781057007610798,pdb_00007rkx_D1_D2
14862,5,train,0.03676635026931763,pdb_00008wwj_E1_E2
14863,5,train,0.7129775285720825,pdb_00003sob_H_L
14864,5,train,1.0530344247817993,pdb_00008w5f_H_L
14865,5,train,0.644553542137146,pdb_00006k7o_H_L
14866,5,train,0.6221952438354492,pdb_00009ccs_C_B
14867,5,train,0.39736291766166687,pdb_00007pry_F_G
14868,5,train,0.3978509306907654,pdb_00007kmg_D_E
14869,5,train,0.5781322717666626,pdb_00008eqf_H_L
14870,5,train,0.35923251509666443,pdb_00007zmk_S_T
14871,5,train,0.9184984564781189,pdb_00005umi_H_L
14872,5,train,1.0082954168319702,pdb_00007tp3_H_L
14873,5,train,0.011218786239624023,pdb_00002ht2_E_F
14874,5,train,0.1505490392446518,pdb_00008vgh_F_E
14875,5,train,0.8660127520561218,pdb_00007uzd_H_L
14876,5,train,0.843235194683075,pdb_00008gpu_H_L
14877,5,train,0.9586023092269897,pdb_00006s3d_H_L
14878,5,train,0.03738674893975258,pdb_00008j6l_H1_H2
14879,5,train,0.481742262840271,pdb_00004yk4_Z_Y
14880,5,train,0.3318532705307007,pdb_00001vfb_B_A
14881,5,train,0.6602228283882141,pdb_00009dzf_H_L
14882,5,train,0.011343593709170818,pdb_00008xwp_D1_D2
14883,5,train,0.01667088456451893,pdb_00007wf7_E1_E2
14884,5,train,0.7143841981887817,pdb_00008dwo_H_L
14885,5,train,0.3468249440193176,pdb_00008wo4_B_A
14886,5,train,0.42223256826400757,pdb_00006k7o_F_G
14887,5,train,0.018209945410490036,pdb_00008zd1_S1_S2
14888,5,train,0.7096127271652222,pdb_00007t0w_H_L
14889,5,train,0.6261706948280334,pdb_00008rrn_H_L
14890,5,train,0.9769917130470276,pdb_00007u9w_H1_H2
14891,5,train,0.5365034341812134,pdb_00001tzi_B_A
14892,5,train,0.8994556665420532,pdb_00009gwt_H_L
14893,5,train,0.6166549324989319,pdb_00009jeb_C1_C2
14894,5,train,0.502039909362793,pdb_00003u30_F_E
14895,5,train,0.4007745683193207,pdb_00007zfe_J_K
14896,5,train,1.8233954906463623,pdb_00009osx_B_C
14897,5,train,0.7919642925262451,pdb_00007lg6_J_M
14898,5,train,0.9072839021682739,pdb_00001adq_H_L
14899,5,train,0.5115072131156921,pdb_00008y3i_G_H
14900,5,train,0.3639403283596039,pdb_00009jy2_B_A
14901,5,train,0.5071460008621216,pdb_00009q7b_G_I
14902,5,train,0.6804722547531128,pdb_00008da1_B_A
14903,5,train,0.9748597741127014,pdb_00002zck_H_L
14904,5,train,0.1012803390622139,pdb_00009ge2_F1_F2
14905,5,train,0.8377355933189392,pdb_00008el2_H_L
14906,5,train,0.7004479765892029,pdb_00007djz_A_B
14907,5,train,0.5507385730743408,pdb_00007wrv_U_V
14908,5,train,0.9867085814476013,pdb_00006wqo_E_F
14909,5,train,0.6007661819458008,pdb_00006n5d_L_N
14910,5,train,0.6544203758239746,pdb_00007ucq_I1_I2
14911,5,train,0.7928473949432373,pdb_00007m7w_H_L
14912,5,train,0.008881385438144207,pdb_00009b54_S1_S2
14913,5,train,0.02200203388929367,pdb_00009ejc_D1_D2
14914,5,train,0.504543125629425,pdb_00007bnv_H_L
14915,5,train,0.3106348216533661,pdb_00007zfe_F_G
14916,5,train,0.04357031732797623,pdb_00006x3z_K_L
14917,5,train,0.00902196578681469,pdb_00009upu_S1_S2
14918,5,train,0.7106311917304993,pdb_00009jbq_A_B
14919,5,train,0.2711661159992218,pdb_00008wnp_D_C
14920,5,train,0.009486294351518154,pdb_00008jso_S1_S2
14921,5,train,0.5754699110984802,pdb_00005x8l_S_N
14922,5,train,0.40108999609947205,pdb_00006k7o_D_E
14923,5,train,0.039542581886053085,pdb_00003or7_A_B
14924,5,train,0.3240944445133209,pdb_00009cpv_C_D
14925,5,train,0.08245664089918137,pdb_00009ov4_J_K
14926,5,train,0.10531323403120041,pdb_00006w0g_A_B
14927,5,train,0.01643812283873558,pdb_00007vl9_S1_S2
14928,5,train,0.5597010850906372,pdb_00007jum_H1_H2
14929,5,train,0.09280529618263245,pdb_00003ri5_J_M
14930,5,train,0.005605625919997692,pdb_00008yyx_A1_A2
14931,5,train,0.8504343628883362,pdb_00006jep_H_L
14932,5,train,0.9417917132377625,pdb_00009mkn_Q_R
14933,5,train,0.008794245310127735,pdb_00008eit_E1_E2
14934,5,train,0.3358118236064911,pdb_00007wwk_G_F
14935,5,train,0.5476362109184265,pdb_00001fsk_L_K
14936,5,train,0.9419461488723755,pdb_00009rip_H_L
14937,5,train,0.017633600160479546,pdb_00009erx_F1_F2
14938,5,train,0.4113829731941223,pdb_00003v4v_M_N
14939,5,train,0.4305119514465332,pdb_00007mem_I_K
14940,5,train,0.011723858304321766,pdb_00002ht3_C_D
14941,5,train,0.02348918281495571,pdb_00009jky_S1_S2
14942,5,train,0.02252570167183876,pdb_00008z9p_S1_S2
14943,5,train,0.5980827808380127,pdb_00008v5v_b_d
14944,5,train,0.7093289494514465,pdb_00008f6x_F1_F2
14945,5,train,1.0407603979110718,pdb_00008ywe_C2_C1
14946,5,train,0.02796902321279049,pdb_00006e0p_N1_N2
14947,5,train,0.13459911942481995,pdb_00008vgh_K_L
14948,5,train,0.9220803380012512,pdb_00008w5l_H_L
14949,5,train,0.5995831489562988,pdb_00007m3i_H_L
14950,5,train,0.16468067467212677,pdb_00008wnp_B_A
14951,5,train,0.6782544255256653,pdb_00009lp1_A_B
14952,5,train,0.03917693719267845,pdb_00007ezm_H1_H2
14953,5,train,0.0874982625246048,pdb_00008vgh_H_G
14954,5,train,0.4842899739742279,pdb_00002jix_F_A
14955,5,train,0.3027331531047821,pdb_00008smt_A_B
14956,5,train,0.9053322672843933,pdb_00003qwo_A_B
14957,5,train,0.01645827293395996,pdb_00002h2p_E_F
14958,5,train,0.2196364402770996,pdb_000011ol_H_L
14959,5,train,0.008042823523283005,pdb_00007rg9_E1_E2
14960,5,train,0.0073777418583631516,pdb_00008vvf_E1_E2
14961,5,train,0.927769124507904,pdb_00004ubd_O_P
14962,5,train,0.8910400867462158,pdb_00009yyu_H_L
14963,5,train,0.7622891068458557,pdb_00007woc_A_B
14964,5,train,0.7776935696601868,pdb_00002ybr_A_B
14965,5,train,0.4068238437175751,pdb_00005w3o_D_E
14966,5,train,0.016984935849905014,pdb_00009k07_E1_E2
14967,5,train,0.02294647879898548,pdb_00009p0l_F1_F2
14968,5,train,0.006712539587169886,pdb_00008yyw_B1_B2
14969,5,train,0.042589589953422546,pdb_00006adc_C_D
14970,5,train,0.3771447539329529,pdb_00007k9z_H_L
14971,5,train,1.095110535621643,pdb_00007rxp_H_L
14972,5,train,0.7484263181686401,pdb_00007b0b_H_L
14973,5,train,0.03153106942772865,pdb_00008wwn_E1_E2
14974,5,train,0.5995080471038818,pdb_00004n90_H_I
14975,5,train,0.8443303108215332,pdb_00007t82_H_L
14976,5,train,0.9480184316635132,pdb_00006dfj_H_L
14977,5,train,0.0178102795034647,pdb_00008i9l_H1_H2
14978,5,train,0.8824610710144043,pdb_00004lvh_E_F
14979,5,train,0.47365301847457886,pdb_00007lq7_y_z
14980,5,train,0.6181517243385315,pdb_00007dq7_H_L
14981,5,train,0.39459317922592163,pdb_00007zf9_A_B
14982,5,train,0.7155597805976868,pdb_00007y3n_H_L
14983,5,train,0.008909218944609165,pdb_00007exd_E1_E2
14984,5,train,0.3563227951526642,pdb_00006ban_B_A
14985,5,train,0.5690511465072632,pdb_00006a4k_J_N
14986,5,train,0.47913533449172974,pdb_00004dn4_H_L
14987,5,train,0.4531128704547882,pdb_00007m7b_H_L
14988,5,train,1.0347884893417358,pdb_00004ut6_H_L
14989,5,train,0.014416695572435856,pdb_00008xjn_E1_E2
14990,5,train,0.7667474746704102,pdb_00008zdw_U_R
14991,5,train,0.012131866998970509,pdb_00009vmy_E1_E2
14992,5,train,0.8314957618713379,pdb_00008hrd_C_E
14993,5,train,0.8494964838027954,pdb_00005vqm_D_C
14994,5,train,0.03222358599305153,pdb_00008efb_E1_E2
14995,5,train,0.1834314465522766,pdb_00006vmk_K_J
14996,5,train,0.016000064089894295,pdb_00007w0p_S1_S2
14997,5,train,0.4573403000831604,pdb_00008bg2_A1_A2
14998,5,train,0.414555162191391,pdb_00009l6c_H_L
14999,5,train,0.026972021907567978,pdb_00003gb7_A_B
15000,5,train,0.7116400599479675,pdb_00008zd6_K_L
15001,5,train,0.8999068140983582,pdb_00004ffw_H_L
15002,5,train,0.0229023527354002,pdb_00001otu_C_D
15003,5,train,1.2881275415420532,pdb_00006wex_H_L
15004,5,train,0.017301181331276894,pdb_00008zh8_S1_S2
15005,5,train,0.8283317685127258,pdb_00007k9z_B_A
15006,5,train,0.4132360517978668,pdb_00007u9e_B1_B2
15007,5,train,0.04460110142827034,pdb_00009ns9_N1_N2
15008,5,train,0.5879142880439758,pdb_00009lho_I_H
15009,5,train,0.5695399641990662,pdb_00009b82_P_O
15010,5,train,0.01174844428896904,pdb_00006kpg_S1_S2
15011,5,train,0.4829278886318207,pdb_00008jkh_h_l
15012,5,train,0.017836930230259895,pdb_00008hqm_H1_H2
15013,5,train,0.014101102948188782,pdb_00008e9x_E1_E2
15014,5,train,0.4417750835418701,pdb_00003h42_H_L
15015,5,train,0.5682475566864014,pdb_00009hub_I_M
15016,5,train,0.8994101285934448,pdb_00007s0x_H_L
15017,5,train,0.03658308833837509,pdb_00006ad7_C_D
15018,5,train,0.023974549025297165,pdb_00008iyw_H1_H2
15019,5,train,0.5456429123878479,pdb_00003dvg_B_A
15020,5,train,0.18692320585250854,pdb_00009oun_J_K
15021,5,train,0.5837340354919434,pdb_00006p4b_B_A
15022,5,train,0.20309077203273773,pdb_00008w2e_F_E
15023,5,train,0.48697978258132935,pdb_00004hg4_V_W
15024,5,train,0.03672215715050697,pdb_00009ouq_J_K
15025,5,train,0.9493336081504822,pdb_00006gv1_H_L
15026,5,train,0.024760965257883072,pdb_00007u0i_K1_K2
15027,5,train,0.005568071734160185,pdb_00003t3m_H_L
15028,5,train,0.01390360202640295,pdb_00007vgx_S1_S2
15029,5,train,0.34976664185523987,pdb_00007pqy_B_C
15030,5,train,0.012868317775428295,pdb_00008zqe_S1_S2
15031,5,train,0.2593173682689667,pdb_00007zf9_H_L
15032,5,train,0.841025173664093,pdb_00008dxt_H_L
15033,5,train,0.38597890734672546,pdb_00009qub_F_E
15034,5,train,0.010507105849683285,pdb_00007wyb_E1_E2
15035,5,train,0.2845602035522461,pdb_00007lop_W_V
15036,5,train,1.3057770729064941,pdb_00003lqa_H_L
15037,5,train,0.3195851147174835,pdb_00006txz_K_O
15038,5,train,0.02494983747601509,pdb_00009j31_D1_D2
15039,5,train,0.6547872424125671,pdb_00005kov_U1_U2
15040,5,train,0.029942717403173447,pdb_00002h2p_C_D
15041,5,train,0.9159746170043945,pdb_00009cci_B_C
15042,5,train,0.5639867186546326,pdb_00008ebp_H_L
15043,5,train,0.4641979932785034,pdb_00008hws_D_E
15044,5,train,0.03484145924448967,pdb_00009jid_S1_S2
15045,5,train,0.771989107131958,pdb_00006ocb_H_L
15046,5,train,0.6794194579124451,pdb_00003eoa_H_L
15047,5,train,0.5948907136917114,pdb_00008gs9_H_K
15048,5,train,0.021393777802586555,pdb_00009bqj_E1_E2
15049,5,train,0.08012153953313828,pdb_00009zqb_J2_J1
15050,5,train,0.5879670977592468,pdb_00003v6z_C_D
15051,5,train,0.012032704427838326,pdb_00008zbi_F1_F2
15052,5,train,0.007303595542907715,pdb_00002vdm_H_L
15053,5,train,0.01954508200287819,pdb_00008xqf_S1_S2
15054,5,train,1.208838939666748,pdb_00008tfn_H_L
15055,5,train,0.41288521885871887,pdb_00004hg4_N_O
15056,5,train,0.17799469828605652,pdb_00003hfm_H_L
15057,5,train,0.8910428285598755,pdb_00009oi3_H_L
15058,5,train,1.6824147701263428,pdb_00005dfw_H1_H2
15059,5,train,0.5758621692657471,pdb_00007m7w_C_D
15060,5,train,0.011778296902775764,pdb_00009izf_S1_S2
15061,5,train,0.7476949691772461,pdb_00009mtj_H_L
15062,5,train,0.015903187915682793,pdb_00008wwl_E1_E2
15063,5,train,0.49082356691360474,pdb_00007ws2_E_D
15064,5,train,1.053157091140747,pdb_00008e8y_H_L
15065,5,train,0.8997906446456909,pdb_00007uvi_A_B
15066,5,train,0.043050963431596756,pdb_00003f5w_A_B
15067,5,train,0.5036417245864868,pdb_00009udq_I_C
15068,5,train,0.024765707552433014,pdb_00006x3u_J_I
15069,5,train,0.45621952414512634,pdb_00009iz9_Q_R
15070,5,train,0.5246344208717346,pdb_00009jqv_H_L
15071,5,train,1.2625744342803955,pdb_00006cvk_B2_B1
15072,5,train,0.8234137296676636,pdb_00009j4c_H_L
15073,5,train,0.01768195442855358,pdb_00002boc_A_B
15074,5,train,0.5254517793655396,pdb_00008jqs_h_l
15075,5,train,0.5651922225952148,pdb_00009q7b_J_K
15076,5,train,0.8909233808517456,pdb_00004f37_H_L
15077,5,train,0.018283387646079063,pdb_00008j20_B1_B2
15078,5,train,0.8148111701011658,pdb_00009kvk_H_L
15079,5,train,0.2277650088071823,pdb_00008ulf_K_O
15080,5,train,1.2430657148361206,pdb_00003lzf_H_L
15081,5,train,0.47689923644065857,pdb_00009l9o_B_C
15082,5,train,0.9790681600570679,pdb_00007yru_H_L
15083,5,train,0.06434118747711182,pdb_00009zq9_I2_I1
15084,5,train,0.6466293931007385,pdb_00007y6k_E1_E2
15085,5,train,0.7253779172897339,pdb_00009cfh_H_L
15086,5,train,0.7648923993110657,pdb_00009mkn_O_P
15087,5,train,0.7206770777702332,pdb_00007l0l_G_J
15088,5,train,0.3310762047767639,pdb_00007jum_J1_J2
15089,5,train,0.019323423504829407,pdb_00002dqi_H_L
15090,5,train,0.4566468596458435,pdb_00005kov_K1_K2
15091,5,train,0.007983715273439884,pdb_00008y01_S1_S2
15092,5,train,0.1556185632944107,pdb_00006vmk_o_n
15093,5,train,0.013926636427640915,pdb_00001ots_E_F
15094,5,train,0.016961662098765373,pdb_00007ydj_E1_E2
15095,5,train,0.5039783716201782,pdb_00002vis_B_A
15096,5,train,0.37647172808647156,pdb_00008smt_I_J
15097,5,train,0.6706225872039795,pdb_00006xkr_H_L
15098,5,train,0.9612149596214294,pdb_00009kyz_A_B
15099,5,train,0.5978841185569763,pdb_00007ucq_H1_H2
15100,5,train,0.7605899572372437,pdb_00002ybr_D_E
15101,5,train,0.00818228255957365,pdb_00008gus_S1_S2
15102,5,train,0.008107793517410755,pdb_00003or6_A_B
15103,5,train,1.2158030271530151,pdb_00005w08_Q_R
15104,5,train,0.017150895670056343,pdb_00007ukt_E_F
15105,5,train,0.33999407291412354,pdb_00009me4_I_M
15106,5,train,1.0663976669311523,pdb_00008tea_H_G
15107,5,train,0.6008580327033997,pdb_00007c81_H_L
15108,5,train,0.3673516511917114,pdb_00008jkh_m_n
15109,5,train,0.02725624479353428,pdb_00007xmt_S1_S2
15110,5,train,0.04679577797651291,pdb_00001j1p_H_L
15111,5,train,0.038911283016204834,pdb_00008sgo_J_I
15112,5,train,0.5440287590026855,pdb_00008oz3_H_L
15113,5,train,0.4645925462245941,pdb_00006vvu_H_L
15114,5,train,0.022954968735575676,pdb_00007x5h_E1_E2
15115,5,train,0.4184761047363281,pdb_00007yxu_H_L
15116,5,train,0.014908584766089916,pdb_00009uan_E1_E2
15117,5,train,0.014502453617751598,pdb_00009jr3_S1_S2
15118,5,train,0.022442888468503952,pdb_00008ejk_E1_E2
15119,5,train,0.5792997479438782,pdb_00002h9g_H_L
15120,5,train,0.016452962532639503,pdb_00007yk7_S1_S2
15121,5,train,0.01717356964945793,pdb_00008utd_D1_D2
15122,5,train,0.011597209610044956,pdb_00008xxu_E1_E2
15123,5,train,1.2177568674087524,pdb_00005d1z_D_C
15124,5,train,0.4765516221523285,pdb_00007m3i_A_B
15125,5,train,0.3654650151729584,pdb_00003v4v_H_L
15126,5,train,0.8029338121414185,pdb_00009ma0_B_C
15127,5,train,0.23031409084796906,pdb_00008smt_H_L
15128,5,train,1.2081637382507324,pdb_00004kuc_H_D
15129,5,train,0.16041430830955505,pdb_00006vmk_E_D
15130,5,train,0.01371126901358366,pdb_00008xqo_S1_S2
15131,5,train,0.009666291065514088,pdb_00001ott_E_F
15132,5,train,0.7039011716842651,pdb_00008cxh_h_l
15133,5,train,0.4293712079524994,pdb_00009wsv_H_L
15134,5,train,0.7358143329620361,pdb_00008rmy_E_F
15135,5,train,0.7820670008659363,pdb_00006t9e_HHH_LLL
15136,5,train,0.010993520729243755,pdb_00007vgz_F1_F2
15137,5,train,0.4737732708454132,pdb_00007t3d_C_D
15138,5,train,0.5975561141967773,pdb_00007ycn_C_D
15139,5,train,0.7271091341972351,pdb_00008y31_D_C
15140,5,train,0.7703588604927063,pdb_00008u44_S_T
15141,5,train,0.5682913661003113,pdb_00008f6x_E1_E2
15142,5,train,0.36322808265686035,pdb_00009jy1_P_O
15143,5,train,0.007468238472938538,pdb_00008xzj_S1_S2
15144,5,train,0.008377543650567532,pdb_00003zdx_E_F
15145,5,train,0.46421751379966736,pdb_00008bg3_C1_C2
15146,5,train,1.1661680936813354,pdb_00006glx_C_D
15147,5,train,0.46582069993019104,pdb_00008bec_A1_A2
15148,5,train,0.45271334052085876,pdb_00007m6d_H_L
15149,5,train,0.6506189107894897,pdb_00004xnm_B_A
15150,5,train,0.9396523833274841,pdb_00007mxl_A_B
15151,5,train,0.7137623429298401,pdb_00007jx3_C_D
15152,5,train,0.2977111041545868,pdb_00007zmk_G_H
15153,5,train,0.024742132052779198,pdb_00007t94_E1_E2
15154,5,train,0.3742733597755432,pdb_00008bg2_C1_C2
15155,5,train,0.006525056902319193,pdb_00003ze0_E_F
15156,5,train,0.24075262248516083,pdb_00003b2v_H_L
15157,5,train,0.028668658807873726,pdb_00006x3s_J_I
15158,5,train,0.36160844564437866,pdb_00004m62_H_L
15159,5,train,0.42055368423461914,pdb_00008we4_H_L
15160,5,train,0.5150600671768188,pdb_00007wqv_N1_N2
15161,5,train,0.03250016272068024,pdb_00008xgs_D1_D2
15162,5,train,1.1880643367767334,pdb_00008cz5_H_L
15163,5,train,0.9209086298942566,pdb_00006aru_C_B
15164,5,train,0.1515444666147232,pdb_00008vgi_J_I
15165,5,train,0.5220812559127808,pdb_00007x2i_H_L
15166,5,train,0.7083600759506226,pdb_00009dn2_H_L
15167,5,train,0.007135826628655195,pdb_00009m54_S1_S2
15168,5,train,0.005559703800827265,pdb_00002vdr_H_L
15169,5,train,0.02499181404709816,pdb_00008jef_S1_S2
15170,5,train,0.024825111031532288,pdb_00008y0n_S1_S2
15171,5,train,0.017991237342357635,pdb_00007p02_H1_H2
15172,5,train,0.7283648252487183,pdb_00007rxi_H_L
15173,5,train,0.6208508014678955,pdb_00008sdf_B_C
15174,5,train,0.09180086106061935,pdb_00008ied_N1_N2
15175,5,train,0.017650574445724487,pdb_00009ppy_E1_E2
15176,5,train,0.03827139735221863,pdb_00008hpt_H1_H2
15177,5,train,0.01128426007926464,pdb_00009w6w_E1_E2
15178,5,train,0.26906684041023254,pdb_00008wo4_D_C
15179,5,train,0.08175312727689743,pdb_00002dqj_H_L
15180,5,train,0.9083400368690491,pdb_00009mtg_I_J
15181,5,train,0.3370518982410431,pdb_00004ioi_B_A
15182,5,train,0.01631336286664009,pdb_00007ts0_H1_H2
15183,5,train,1.7156156301498413,pdb_00008cdd_E_D
15184,5,train,0.236648827791214,pdb_00001xgp_B_A
15185,5,train,0.6889212131500244,pdb_00006mlm_E_I
15186,5,train,0.6010108590126038,pdb_00009h4s_X_Y
15187,5,train,0.9561305642127991,pdb_00008gb5_I_H
15188,5,train,0.7115510106086731,pdb_00006hxw_C_D
15189,5,train,0.007857001386582851,pdb_00002htl_C_D
15190,5,train,1.2578022480010986,pdb_00009xsx_B_C
15191,5,train,0.5285521149635315,pdb_00007ubs_I1_I2
15192,5,train,0.5050881505012512,pdb_00009ue8_A_B
15193,5,train,0.20283092558383942,pdb_00008i5h_B_C
15194,5,train,0.20029029250144958,pdb_00009jy1_R_Q
15195,5,train,0.7605372667312622,pdb_00006s3d_E_F
15196,5,train,0.013768753036856651,pdb_00007xbd_E1_E2
15197,5,train,0.2543920576572418,pdb_00003ri5_F_N
15198,5,train,0.022075355052947998,pdb_00009b65_S1_S2
15199,5,train,0.8050417900085449,pdb_00008eed_E_F
15200,5,train,0.1522563397884369,pdb_00008vgj_H_G
15201,5,train,0.8501396179199219,pdb_00008zre_H_L
15202,5,train,0.3970144987106323,pdb_00003fku_U1_U2
15203,5,train,0.21201573312282562,pdb_00003rif_I_O
15204,5,train,1.423713207244873,pdb_00009ma7_B_C
15205,5,train,0.8710386753082275,pdb_00007wph_H_L
15206,5,train,0.6074547171592712,pdb_00009cds_B_A
15207,5,train,0.3957147002220154,pdb_00007vad_H_L
15208,5,train,0.006583123933523893,pdb_00002exy_E_F
15209,5,train,0.013612618669867516,pdb_00007vuz_S1_S2
15210,5,train,0.3908385932445526,pdb_00009j9z_H_L
15211,5,train,0.9552124738693237,pdb_00008tnn_J_I
15212,5,train,0.013590103946626186,pdb_00007yfd_C1_C2
15213,5,train,1.3569029569625854,pdb_00009rih_H_L
15214,5,train,0.5326270461082458,pdb_00008y3k_I_J
15215,5,train,0.008232496678829193,pdb_00006adc_E_F
15216,5,train,0.006637185346335173,pdb_00004fg6_C_D
15217,5,train,0.44084876775741577,pdb_00007sk4_D_C
15218,5,train,1.0488218069076538,pdb_00009e60_H_L
15219,5,train,0.010101187974214554,pdb_00009ydv_E1_E2
15220,5,train,0.010345492511987686,pdb_00001ots_C_D
15221,5,train,0.013572586700320244,pdb_00007f4h_S1_S2
15222,5,train,0.467874139547348,pdb_00009wsx_H_L
15223,5,train,0.33008068799972534,pdb_00006xe1_H_L
15224,5,train,0.005419126246124506,pdb_00006k5f_E_F
15225,5,train,0.5367230772972107,pdb_00008y3i_I_J
15226,5,train,0.014192930422723293,pdb_00008jbf_E1_E2
15227,5,train,0.011980702169239521,pdb_00003det_C_D
15228,5,train,0.5016955733299255,pdb_00008f0h_H_L
15229,5,train,0.00843262579292059,pdb_00009vnz_E1_E2
15230,5,train,0.6913354992866516,pdb_00008w83_I_J
15231,5,train,0.09115789085626602,pdb_00003rhw_H_L
15232,5,train,0.5449200868606567,pdb_00009ban_E_F
15233,5,train,1.0399771928787231,pdb_00001rzk_H_L
15234,5,train,0.005162041634321213,pdb_00003ejz_E_F
15235,5,train,0.011903641745448112,pdb_00008syp_N1_N2
15236,5,train,0.71011883020401,pdb_00007m42_D_C
15237,5,train,0.4601977467536926,pdb_00008dww_V_U
15238,5,train,0.019784124568104744,pdb_00007tct_E_F
15239,5,train,0.007627961225807667,pdb_00009ije_D1_D2
15240,5,train,0.544657826423645,pdb_00001dee_D_C
15241,5,train,0.4413045048713684,pdb_00008zh7_H_I
15242,5,train,1.1352289915084839,pdb_00007s11_H_L
15243,5,train,0.00804596021771431,pdb_00002hlf_C_D
15244,5,train,0.008683615364134312,pdb_00007y67_S1_S2
15245,5,train,0.9187849760055542,pdb_00006dfi_H_L
15246,5,train,0.008070835843682289,pdb_00008hn8_S1_S2
15247,5,train,0.009739959612488747,pdb_00007u0j_K1_K2
15248,5,train,0.36450767517089844,pdb_00008jen_C_D
15249,5,train,0.00926490779966116,pdb_00003ze2_E_F
15250,5,train,0.8010144233703613,pdb_00006fax_H_L
15251,5,train,0.030416231602430344,pdb_00008zps_E1_E2
15252,5,train,0.036998260766267776,pdb_00009v2n_S1_S2
15253,5,train,0.029064305126667023,pdb_00008y6w_D1_D2
15254,5,train,0.021888982504606247,pdb_00009izc_S1_S2
15255,5,train,0.03615225851535797,pdb_00008j6i_H1_H2
15256,5,train,0.38681766390800476,pdb_00007srs_H_L
15257,5,train,0.6172658801078796,pdb_00009mtf_I_J
15258,5,train,0.07686279714107513,pdb_00008ihh_S1_S2
15259,5,train,0.06718984246253967,pdb_00006ad8_C_D
15260,5,train,0.011372140608727932,pdb_00008zfz_D1_D2
15261,5,train,0.29100024700164795,pdb_00001xgt_B_A
15262,5,train,0.011966301128268242,pdb_00007k5y_M2_M1
15263,5,train,0.007888584397733212,pdb_00008gcm_E1_E2
15264,5,train,1.1195818185806274,pdb_00007yvf_C_A
15265,5,train,0.8532283306121826,pdb_00009m7v_H_L
15266,5,train,0.006923572160303593,pdb_00009u4y_S1_S2
15267,5,train,0.8107231259346008,pdb_00004nik_B1_B2
15268,5,train,0.4064803421497345,pdb_00005x8l_H_M
15269,5,train,0.46433141827583313,pdb_00007yvm_C_A
15270,5,train,0.5471308827400208,pdb_00007vyt_B_C
15271,5,train,0.28345444798469543,pdb_00001dzb_B1_B2
15272,5,train,0.009883039630949497,pdb_00007l8p_E_F
15273,5,train,0.16344057023525238,pdb_00006zlr_HHH_LLL
15274,5,train,0.6501718163490295,pdb_00008ywe_B2_B1
15275,5,train,0.7078879475593567,pdb_00009os5_I_L
15276,5,train,0.031541820615530014,pdb_00002exw_E_F
15277,5,train,0.029142888262867928,pdb_00008wwk_E1_E2
15278,5,train,0.6009573340415955,pdb_00008sdh_H_L
15279,5,train,0.013255300931632519,pdb_00009pxv_E1_E2
15280,5,train,0.6688715815544128,pdb_00005xmh_D_C
15281,5,train,0.9295242428779602,pdb_00009rim_H_L
15282,5,train,0.022970834746956825,pdb_00008vrn_K_L
15283,5,train,0.5705616474151611,pdb_00004gxu_W_X
15284,5,train,0.01835763454437256,pdb_00008x8n_E1_E2
15285,5,train,0.3877544105052948,pdb_00005wk3_W_V
15286,5,train,0.7702901363372803,pdb_00007uvq_C_B
15287,5,train,0.29665735363960266,pdb_00007mjl_H_L
15288,5,train,0.9201237559318542,pdb_00006vc9_H_L
15289,5,train,0.0379774272441864,pdb_00003a6c_H_L
15290,5,train,0.2045878767967224,pdb_00009me5_I_M
15291,5,train,0.595176637172699,pdb_00008yub_A_B
15292,5,train,0.017815090715885162,pdb_00007w40_H1_H2
15293,5,train,0.25024423003196716,pdb_00003v4p_H_L
15294,5,train,0.008644037880003452,pdb_00008ykx_E1_E2
15295,5,train,1.0431854724884033,pdb_00008dv6_C_L
15296,5,train,0.7862501740455627,pdb_00008hpu_H_L
15297,5,train,0.5263823866844177,pdb_00007rks_H_L
15298,5,train,0.7314474582672119,pdb_00008hn7_B_A
15299,5,train,1.1917943954467773,pdb_00009xth_B_C
15300,5,train,0.26282286643981934,pdb_00007kfy_H_L
15301,5,train,0.18946819007396698,pdb_00001nbz_B_A
15302,5,train,0.6753381490707397,pdb_00006wtv_B_C
15303,5,train,0.023301994428038597,pdb_00008yn8_E1_E2
15304,5,train,0.46821141242980957,pdb_00008sdf_H_L
15305,5,train,0.7550142407417297,pdb_00001yy9_D_C
15306,5,train,0.9385845065116882,pdb_00009ml8_P_Q
15307,5,train,0.015856539830565453,pdb_00007ra3_E1_E2
15308,5,train,0.011145382188260555,pdb_00009v81_E1_E2
15309,5,train,0.8422350287437439,pdb_00001nsn_H_L
15310,5,train,0.15804731845855713,pdb_00001xgu_B_A
15311,5,train,0.42676013708114624,pdb_00003rif_F_N
15312,5,train,0.01890486478805542,pdb_00007ufh_E_F
15313,5,train,0.4494187831878662,pdb_00007ubs_K1_K2
15314,5,train,1.0211645364761353,pdb_00009lsj_E1_D2
15315,5,train,0.019163114950060844,pdb_00007wz4_S1_S2
15316,5,train,0.804291844367981,pdb_00001orq_B_A
15317,5,train,1.020280122756958,pdb_00008tea_F_I
15318,5,train,0.03835124522447586,pdb_00008t3s_N1_N2
15319,5,train,0.5442292094230652,pdb_00007xda_B_C
15320,5,train,0.5142173171043396,pdb_00006n5e_E_D
15321,5,train,0.034161392599344254,pdb_00007sqo_E1_E2
15322,5,train,0.6695844531059265,pdb_00008w5r_H_L
15323,5,train,0.6699297428131104,pdb_00006vgr_C_D
15324,5,train,0.7071695923805237,pdb_00007n0u_H_L
15325,5,train,0.9060890674591064,pdb_00006xpz_B_C
15326,5,train,0.3686778247356415,pdb_00007f6y_H_L
15327,5,train,0.3207949101924896,pdb_00006n5d_E_F
15328,5,train,0.012343009933829308,pdb_00007cmv_E1_E2
15329,5,train,0.009658819064497948,pdb_00009x3z_S1_S2
15330,5,train,1.103133201599121,pdb_00009e3k_J_K
15331,5,train,0.9605966210365295,pdb_00005dur_B_D
15332,5,train,0.013763920404016972,pdb_00008xbh_S1_S2
15333,5,train,0.5851340889930725,pdb_00007ycn_E_F
15334,5,train,0.5577523112297058,pdb_00003nh7_J_N
15335,5,train,0.5690560936927795,pdb_00004np4_H_L
15336,5,train,0.008205008693039417,pdb_00007xjj_S1_S2
15337,5,train,0.578047513961792,pdb_00008rmy_B_C
15338,5,train,0.47510287165641785,pdb_00006rp8_H_L
15339,5,train,0.09419695287942886,pdb_00002dqd_H_L
15340,5,train,0.36222586035728455,pdb_00007s0b_C_D
15341,5,train,0.01619705930352211,pdb_00001otu_E_F
15342,5,train,0.6107569336891174,pdb_00008xsf_H_L
15343,5,train,0.006589912343770266,pdb_00007vv5_S1_S2
15344,5,train,0.7899470329284668,pdb_00008jqm_H_L
15345,5,train,0.00928611308336258,pdb_00009x20_E1_E2
15346,5,train,0.8903730511665344,pdb_00007mdj_A_B
15347,5,train,0.028658881783485413,pdb_00008i97_H1_H2
15348,5,train,0.9977062344551086,pdb_00008z39_H_L
15349,5,train,0.08187063783407211,pdb_00009nz3_F_E
15350,5,train,0.5107597708702087,pdb_00004lf3_E_D
15351,5,train,0.4280952215194702,pdb_00009n7q_D_F
15352,5,train,0.93710857629776,pdb_00008z6t_B_C
15353,5,train,0.7342967987060547,pdb_00003qwo_H_L
15354,5,train,0.6933912634849548,pdb_00007cgw_H_L
15355,5,train,0.4107186496257782,pdb_00001fj1_B_A
15356,5,train,1.8672109842300415,pdb_00005i9q_B_C
15357,5,train,0.6464002728462219,pdb_00009cfe_A_B
15358,5,train,0.7512485384941101,pdb_00007pa7_nnn2_nnn1
15359,5,train,0.7293065786361694,pdb_00009cct_C_B
15360,5,train,0.7145139575004578,pdb_00007deu_B1_B2
15361,5,train,0.01361859031021595,pdb_00009l42_E1_E2
15362,5,train,0.4971734285354614,pdb_00005kov_E1_E2
15363,5,train,0.47436031699180603,pdb_00008ut2_H_G
15364,5,train,0.5661203861236572,pdb_00006gv4_H_L
15365,5,train,0.012830647639930248,pdb_00007y12_S1_S2
15366,5,train,0.01547575369477272,pdb_00007tuz_E1_E2
15367,5,train,0.7080851793289185,pdb_00009lsi_D1_C2
15368,5,train,0.06461742520332336,pdb_00008ihi_S1_S2
15369,5,train,0.009280756115913391,pdb_00009le2_S1_S2
15370,5,train,1.204535722732544,pdb_00006q18_H_L
15371,5,train,0.8626385927200317,pdb_00008i5i_H_L
15372,5,train,1.1468833684921265,pdb_00005t5f_H_L
15373,5,train,0.35725441575050354,pdb_00009m0d_D_Q
15374,5,train,0.41916322708129883,pdb_00005bo1_H_L
15375,5,train,0.9692973494529724,pdb_00009mtl_M_N
15376,5,train,1.330098032951355,pdb_00007ey5_B_C
15377,5,train,0.4374948740005493,pdb_00008j26_B_A
15378,5,train,0.9801983833312988,pdb_00007y6l_H_L
15379,5,train,0.5876021385192871,pdb_00007xsc_A_B
15380,5,train,0.37080568075180054,pdb_00007qnx_H_L
15381,5,train,0.6751794219017029,pdb_00003wd5_H_L
15382,5,train,0.38590139150619507,pdb_00009hh9_G_F
15383,5,train,1.0898799896240234,pdb_00001eo8_H_L
15384,5,train,0.2992328405380249,pdb_00005kov_I1_I2
15385,5,train,1.047890305519104,pdb_00007sbd_H_L
15386,5,train,0.5540446043014526,pdb_00008xsj_H_L
15387,5,train,0.21784847974777222,pdb_00003b2u_T_U
15388,5,train,0.42692700028419495,pdb_00006ba5_H_G
15389,5,train,0.904568612575531,pdb_00009cps_H_L
15390,5,train,0.6367232799530029,pdb_00007dpm_J_K
15391,5,train,0.5058965086936951,pdb_00004ttd_H_L
15392,5,train,0.0107964389026165,pdb_00002h2s_E_F
15393,5,train,0.038362447172403336,pdb_00008vy9_D1_D2
15394,5,train,0.0155379269272089,pdb_00004z7n_E_F
15395,5,train,0.05739683285355568,pdb_00006dzt_M1_M2
15396,5,train,1.0838921070098877,pdb_00009kvk_A_B
15397,5,train,0.0085509167984128,pdb_00006pt0_E1_E2
15398,5,train,0.025896728038787842,pdb_00009plo_S1_S2
15399,5,train,0.5664137005805969,pdb_00005kvf_H_L
15400,5,train,0.4186360836029053,pdb_00007vag_H_L
15401,5,train,0.752581000328064,pdb_00006ogx_H_L
15402,5,train,0.26868927478790283,pdb_00005kov_C1_C2
15403,5,train,0.5945676565170288,pdb_00004oii_I_M
15404,5,train,0.7840966582298279,pdb_00009lsj_D1_E2
15405,5,train,0.476155549287796,pdb_00008wu1_H_L
15406,5,train,0.3610192835330963,pdb_00008go8_I_M
15407,5,train,0.5677764415740967,pdb_00002h9g_B_A
15408,5,train,0.23801825940608978,pdb_00008as2_H_L
15409,5,train,0.3989854156970978,pdb_00007mzk_C_D
15410,5,train,0.03437862917780876,pdb_00007ucy_E_F
15411,5,train,0.20197227597236633,pdb_00009hhr_L_H
15412,5,train,0.24937030673027039,pdb_00007ejy_H_L
15413,5,train,0.008310618810355663,pdb_00002exw_C_D
15414,5,train,0.008892386220395565,pdb_00007ubr_E_F
15415,5,train,0.7162473797798157,pdb_00009f90_A_B
15416,5,train,0.08088117837905884,pdb_00008uh3_E1_E2
15417,5,train,0.008161891251802444,pdb_00008ykd_S1_S2
15418,5,train,0.0036697699688374996,pdb_00004z7o_E_F
15419,5,train,0.38747158646583557,pdb_00009cpp_H_L
15420,5,train,0.8947335481643677,pdb_00008vk1_C_B
15421,5,train,1.0479377508163452,pdb_00007t4q_F_G
15422,5,train,0.5708175897598267,pdb_00009tmp_H_L
15423,5,train,0.6686705350875854,pdb_00008sit_M_N
15424,5,train,0.18112759292125702,pdb_00008elo_H_L
15425,5,train,0.32664215564727783,pdb_00008f2j_I_J
15426,5,train,0.39122262597084045,pdb_00007xeg_E_F
15427,5,train,0.009993983432650566,pdb_00008sps_N1_N2
15428,5,train,0.7952314019203186,pdb_00005d1z_B_A
15429,5,train,0.02371864952147007,pdb_00007xxh_H1_H2
15430,5,train,0.3574334979057312,pdb_00009wb3_B_C
15431,5,train,0.6379992961883545,pdb_00005wko_K_L
15432,5,train,0.6633976697921753,pdb_00007wk0_A_B
15433,5,train,0.9946469664573669,pdb_00003bsz_H_L
15434,5,train,0.4960156977176666,pdb_00006ii4_H_L
15435,5,train,0.6675363183021545,pdb_00009iru_B_A
15436,5,train,0.5866443514823914,pdb_00008cz8_C2_C1
15437,5,train,0.012216775678098202,pdb_00007na8_N1_N2
15438,5,train,1.1755348443984985,pdb_00009wai_E_F
15439,5,train,0.8574653267860413,pdb_00007si0_C_D
15440,5,train,0.642071008682251,pdb_00008dnn_B_C
15441,5,train,0.793904185295105,pdb_00007rxj_H_L
15442,5,train,0.02762422151863575,pdb_00008iz4_E1_E2
15443,5,train,1.17037034034729,pdb_00007rco_F_E
15444,5,train,0.7472010254859924,pdb_00007lfa_B_D
15445,5,train,0.027471203356981277,pdb_00002atk_A_B
15446,5,train,0.010764933191239834,pdb_00008y45_S1_S2
15447,5,train,0.9613212943077087,pdb_00008tp5_J_K
15448,5,train,0.6735821962356567,pdb_00008zdw_F_E
15449,5,train,1.3534005880355835,pdb_00009e89_H_L
15450,5,train,0.5150548219680786,pdb_00008xsi_H_L
15451,5,train,0.055701661854982376,pdb_00008jln_S1_S2
15452,5,train,0.27678999304771423,pdb_00008pwh_B_A
15453,5,train,1.00106680393219,pdb_00001ztx_H_L
15454,5,train,1.3472235202789307,pdb_00005anm_B_A
15455,5,train,0.031242238357663155,pdb_00007ezh_H1_H2
15456,5,train,0.1833719164133072,pdb_00006vmk_S_R
15457,5,train,0.27950283885002136,pdb_00007wnb_H_L
15458,5,train,0.09856332093477249,pdb_00006k5a_C_D
15459,5,train,0.016226952895522118,pdb_00008xjm_E1_E2
15460,5,train,0.008998897857964039,pdb_00007t6u_E1_E2
15461,5,train,0.5879771113395691,pdb_00007d85_E_F
15462,5,train,0.51338130235672,pdb_00009h4s_H_L
15463,5,train,0.8644033074378967,pdb_00006ek2_I1_I2
15464,5,train,0.766429603099823,pdb_00006uig_H_L
15465,5,train,0.9073647260665894,pdb_00005b8c_B_A
15466,5,train,0.025798099115490913,pdb_00003hpl_A_B
15467,5,train,0.8549690842628479,pdb_00004ki5_C_D
15468,5,train,0.7824141383171082,pdb_00009cu7_J_N
15469,5,train,0.7607704401016235,pdb_00007wph_E_D
15470,5,train,0.6121950745582581,pdb_00008dn7_A_B
15471,5,train,0.5340498089790344,pdb_00008jqn_H_L
15472,5,train,0.4091278612613678,pdb_00005wko_I_J
15473,5,train,0.9223447442054749,pdb_00006hga_H_L
15474,5,train,0.00712990015745163,pdb_00008j18_S1_S2
15475,5,train,0.3411881923675537,pdb_00008as0_N_M
15476,5,train,0.019175032153725624,pdb_00009vi9_S1_S2
15477,5,train,1.697426438331604,pdb_00009n5i_H_L
15478,5,train,0.47719088196754456,pdb_00009clp_H_L
15479,5,train,0.023861214518547058,pdb_00007wic_S1_S2
15480,5,train,0.6905215382575989,pdb_00008zre_h_l
15481,5,train,0.47810128331184387,pdb_00008hn6_A_B
15482,5,train,0.1892632097005844,pdb_00008vgj_J_I
15483,5,train,0.02055763266980648,pdb_00008yn4_E1_E2
15484,5,train,0.046911757439374924,pdb_00007mhr_A_B
15485,5,train,0.5787302851676941,pdb_00007jmw_H_L
15486,5,train,0.8736858367919922,pdb_00005gs0_F_E
15487,5,train,0.44747158885002136,pdb_00001z3g_H_L
15488,5,train,0.2707829773426056,pdb_00009cpr_H_L
15489,5,train,0.007987159304320812,pdb_00009oxa_D1_D2
15490,5,train,0.6967481970787048,pdb_00007w71_I_M
15491,5,train,0.2763538658618927,pdb_00008zyu_D_Q
15492,5,train,0.014499525539577007,pdb_00002fee_J_O
15493,5,train,0.5624639391899109,pdb_00009lae_A_B
15494,5,train,1.1667428016662598,pdb_00005d1z_F_E
15495,5,train,0.2995283305644989,pdb_00005wko_A_B
15496,5,train,0.6626523733139038,pdb_00009mla_H_K
15497,5,train,0.017064178362488747,pdb_00009iza_S1_S2
15498,5,train,0.013702327385544777,pdb_00009k3f_S1_S2
15499,5,train,0.43498679995536804,pdb_00001kip_B_A
15500,5,train,0.822502076625824,pdb_00009mic_H_L
15501,5,train,0.010901711881160736,pdb_00008jz7_S1_S2
15502,5,train,0.223564013838768,pdb_00008f2j_A_B
15503,5,train,0.7558570504188538,pdb_00006u6u_H_L
15504,5,train,0.009956912137567997,pdb_00009jh5_S1_S2
15505,5,train,0.07086844742298126,pdb_00009zqb_I2_I1
15506,5,train,0.7976001501083374,pdb_00007s0x_C_D
15507,5,train,0.5471352338790894,pdb_00007bpk_C_D
15508,5,train,0.8191031217575073,pdb_00008ee8_H_L
15509,5,train,0.9960221648216248,pdb_00006t3j_A_B
15510,5,train,0.5659568905830383,pdb_00009fys_B_C
15511,5,train,0.009702115319669247,pdb_00007t90_E1_E2
15512,5,train,1.1320672035217285,pdb_00007r8u_HHH_LLL
15513,5,train,0.4916136860847473,pdb_00007lfa_H_L
15514,5,train,0.3879941701889038,pdb_00006vvu_E_F
15515,5,train,0.7484129071235657,pdb_00009js7_I_L
15516,5,train,0.031095795333385468,pdb_00008hbd_H1_H2
15517,5,train,0.7135961651802063,pdb_00004v1d_A_B
15518,5,train,0.011183006688952446,pdb_00009iv1_S1_S2
15519,5,train,0.618472695350647,pdb_00009bt5_E_F
15520,5,train,0.009185432456433773,pdb_00008id4_S1_S2
15521,5,train,0.653778612613678,pdb_00009n4e_K_M
15522,5,train,0.3022189438343048,pdb_00007zf8_H_L
15523,5,train,0.23720631003379822,pdb_00001nby_B_A
15524,5,train,0.9797646403312683,pdb_00009mth_H_L
15525,5,train,0.7132338285446167,pdb_00008uzp_A_B
15526,5,train,0.6855716109275818,pdb_00008dwy_V_U
15527,5,train,0.04587957635521889,pdb_00009m55_S1_S2
15528,5,train,1.1444263458251953,pdb_00007xh8_B_C
15529,5,train,0.38816872239112854,pdb_00009iz9_S_T
15530,5,train,0.777872622013092,pdb_00006wm9_B_C
15531,5,train,0.48820188641548157,pdb_00009lho_O_N
15532,5,train,0.8907837867736816,pdb_00006ejg_D2_D1
15533,5,train,0.011292443610727787,pdb_00008xor_E1_E2
15534,5,train,0.3289293348789215,pdb_00007pry_A_B
15535,5,train,1.0442817211151123,pdb_00008p12_H_L
15536,5,train,0.8031602501869202,pdb_00009c6y_A_B
15537,5,train,0.34059324860572815,pdb_00007kfx_H_L
15538,5,train,0.5685253739356995,pdb_00007ua8_I1_I2
15539,5,train,0.3407220244407654,pdb_00005aaw_H1_H2
15540,5,train,0.1307498812675476,pdb_00006vmk_Z_Y
15541,5,train,0.8867706656455994,pdb_00006jep_K_I
15542,5,train,0.32207542657852173,pdb_00006xc4_H_L
15543,5,train,0.5382521748542786,pdb_00009os5_H_K
15544,5,train,0.4279989004135132,pdb_00008uwz_A_B
15545,5,train,0.5338965654373169,pdb_00006lhq_H_L
15546,5,train,0.1938716620206833,pdb_00003rhw_G_K
15547,5,train,0.9902039766311646,pdb_00009leo_A_B
15548,5,train,0.7984791994094849,pdb_00008tpa_I_J
15549,5,train,0.5176915526390076,pdb_00009irs_S_T
15550,5,train,0.6586695313453674,pdb_00009hi4_A_B
15551,5,train,0.44269081950187683,pdb_00008j7e_A_B
15552,5,train,0.4509787857532501,pdb_00004hg4_T_U
15553,5,train,0.7206331491470337,pdb_00007m42_B_A
15554,5,train,0.011776905506849289,pdb_00006x3w_K_L
15555,5,train,0.4043612778186798,pdb_00007mzj_F_E
15556,5,train,0.10222803801298141,pdb_00006vmk_M_L
15557,5,train,0.06279371678829193,pdb_00001dqj_B_A
15558,5,train,0.7670133113861084,pdb_00007ahu_H_L
15559,5,train,0.005573719274252653,pdb_00006lfo_S1_S2
15560,5,train,0.021245267242193222,pdb_00008e9z_E1_E2
15561,5,train,0.4503195285797119,pdb_00009q7b_L_M
15562,5,train,0.6323281526565552,pdb_00006ywc_A_B
15563,5,train,0.08776097744703293,pdb_00006vmk_V_U
15564,5,train,0.48830750584602356,pdb_00008cz8_A2_A1
15565,5,train,0.9224638342857361,pdb_00009yyu_I_M
15566,5,train,0.3742014467716217,pdb_00009irs_H_L
15567,5,train,0.7694602608680725,pdb_00009dn2_J_N
15568,5,train,0.008777670562267303,pdb_00008jii_S1_S2
15569,5,train,0.031336113810539246,pdb_00008xjo_E1_E2
15570,5,train,0.01331447996199131,pdb_00007t8x_E1_E2
15571,5,train,0.35120269656181335,pdb_00006z3p_H_L
15572,5,train,1.2540786266326904,pdb_00008v2e_A_B
15573,5,train,0.4740121066570282,pdb_00008dwy_Z_Y
15574,5,train,0.2669473886489868,pdb_00002x7l_G_I
15575,5,train,0.03767319396138191,pdb_00007k78_K1_K2
15576,5,train,0.01755531132221222,pdb_00007trq_H1_H2
15577,5,train,0.558464765548706,pdb_00008dwx_Z_Y
15578,5,train,0.25498077273368835,pdb_00009jy4_R_Q
15579,5,train,0.017433935776352882,pdb_00006xbm_S1_S2
15580,5,train,0.009814998134970665,pdb_00009izh_S1_S2
15581,5,train,0.009666216559708118,pdb_00008yrg_E1_E2
15582,5,train,0.030223213136196136,pdb_00008ef6_E1_E2
15583,5,train,0.6560103297233582,pdb_00009ml8_E_F
15584,5,train,0.040744200348854065,pdb_00008ubk_M2_M1
15585,5,train,0.009674686938524246,pdb_00007e9g_D1_D2
15586,5,train,0.03521707281470299,pdb_00006adb_C_D
15587,5,train,0.59892737865448,pdb_00006hxw_H_L
15588,5,train,1.6588990688323975,pdb_00008tzn_G_H
15589,5,train,0.3563564717769623,pdb_00006txz_J_N
15590,5,train,0.7531678080558777,pdb_00007t3d_O_Q
15591,5,train,0.29200655221939087,pdb_00009q5v_K_J
15592,5,train,0.9229199886322021,pdb_00009e3h_H_L
15593,5,train,0.013615612871944904,pdb_00007u0i_N1_N2
15594,5,train,0.7265132069587708,pdb_00007scn_J_K
15595,5,train,1.0344815254211426,pdb_00002vxq_H_L
15596,5,train,0.752362072467804,pdb_00006gff_L_K
15597,5,train,0.5564280152320862,pdb_00007yrf_F_E
15598,5,train,0.02439243346452713,pdb_00007x9y_S1_S2
15599,5,train,0.013341442681849003,pdb_00007u2l_E1_E2
15600,5,train,0.013491720892488956,pdb_00007u0j_N1_N2
15601,5,train,0.013679699040949345,pdb_00008xjl_E1_E2
15602,5,train,0.5887972116470337,pdb_00006ejg_C2_C1
15603,5,train,0.6306990385055542,pdb_00008y31_B_A
15604,5,train,0.6782432198524475,pdb_00007chc_A_B
15605,5,train,0.012555766850709915,pdb_00009v0x_E1_E2
15606,5,train,0.04704653471708298,pdb_00009oup_H_L
15607,5,train,0.006219621282070875,pdb_00008evg_N1_N2
15608,5,train,0.0804678425192833,pdb_00006vmk_B_A
15609,5,train,0.9606924653053284,pdb_00007q6c_H_L
15610,5,train,0.6093506813049316,pdb_00007e3o_H_L
15611,5,train,0.5836051106452942,pdb_00009rio_H_L
15612,5,train,1.2209618091583252,pdb_00006wtv_K_L
15613,5,train,0.0069552138447761536,pdb_00007eo2_E1_E2
15614,5,train,0.6381345391273499,pdb_00008dcm_A_B
15615,5,train,0.5250672698020935,pdb_00008vgl_H_L
15616,5,train,0.008243395946919918,pdb_00008k4n_E1_E2
15617,5,train,0.02656455896794796,pdb_00008sid_K_L
15618,5,train,0.023734332993626595,pdb_00008id3_S1_S2
15619,5,train,0.018859535455703735,pdb_00008e9w_E1_E2
15620,5,train,0.5563275218009949,pdb_00008y0y_E3_E2
15621,5,train,0.43802714347839355,pdb_00007zlg_H_L
15622,5,train,0.04106141999363899,pdb_00001r3k_B_A
15623,5,train,0.6247345805168152,pdb_00009e3h_J_K
15624,5,train,0.004884711001068354,pdb_00008dwc_E1_E2
15625,5,train,0.4789375960826874,pdb_00009n4f_H_L
15626,5,train,0.565287709236145,pdb_00006ii9_M_N
15627,5,train,0.05075058713555336,pdb_00008iu2_S1_S2
15628,5,train,0.9590945839881897,pdb_00008cii_A_B
15629,5,train,0.2654927372932434,pdb_00006ba5_F_E
15630,5,train,0.7740057706832886,pdb_00008tfl_H_L
15631,5,train,0.007233281619846821,pdb_00008jxv_E1_E2
15632,5,train,1.257199764251709,pdb_00006mto_H_L
15633,5,train,0.3567907214164734,pdb_00001tpx_B_C
15634,5,train,0.6948848366737366,pdb_00009mkn_S_T
15635,5,train,0.028784817084670067,pdb_00007wq3_S1_S2
15636,5,train,0.004277074243873358,pdb_00004z7q_E_F
15637,5,train,0.7879878282546997,pdb_00006bpa_B_C
15638,5,train,0.28871431946754456,pdb_00007zmk_J_K
15639,5,train,0.8399558663368225,pdb_00008tbb_H_L
15640,5,train,0.690535306930542,pdb_00008w83_M_N
15641,5,train,0.06929581612348557,pdb_00008vqy_J_I
15642,5,train,0.4884430766105652,pdb_00007ycn_H_I
15643,5,train,0.35936155915260315,pdb_00003fku_Y1_Y2
15644,5,train,0.006233499385416508,pdb_00008xml_S1_S2
15645,5,train,0.288494735956192,pdb_00009cpw_C_D
15646,5,train,0.86746746301651,pdb_00008e8z_H_L
15647,5,train,0.03492724150419235,pdb_00007jhj_D1_D2
15648,5,train,0.6756110787391663,pdb_00008vgp_H_L
15649,5,train,0.4133685529232025,pdb_00006vvu_G_I
15650,5,train,0.8903016448020935,pdb_00004lmq_E_I
15651,5,train,0.992385983467102,pdb_00005mo9_H_L
15652,5,train,0.6163128614425659,pdb_00007sco_E_F
15653,5,train,0.6399998068809509,pdb_00008dwo_U_V
15654,5,train,0.7963542342185974,pdb_00006t3j_F_G
15655,5,train,0.07284083962440491,pdb_00008sid_J_I
15656,5,train,0.3396109342575073,pdb_00007xei_C_D
15657,5,train,0.36299848556518555,pdb_00007b3o_H_L
15658,5,train,0.6349473595619202,pdb_00007vyr_H_L
15659,5,train,0.7592713832855225,pdb_00008bg1_J_K
15660,5,train,0.013181110844016075,pdb_00008yn7_E1_E2
15661,5,train,0.255086749792099,pdb_00009zqc_J2_J1
15662,5,train,0.48190662264823914,pdb_00008dww_X_W
15663,5,train,1.1660618782043457,pdb_00005c0n_H_L
15664,5,train,0.35973823070526123,pdb_00006kyz_B_C
15665,5,train,0.5358606576919556,pdb_00007t3d_H_L
15666,5,train,0.005903693847358227,pdb_00007u60_E_F
15667,5,train,0.6164662837982178,pdb_00009f91_A_B
15668,5,train,1.0249923467636108,pdb_00006xm2_F_E
15669,5,train,0.02156156674027443,pdb_00007xat_E1_E2
15670,5,train,0.022070374339818954,pdb_00008ubl_M2_M1
15671,5,train,0.8673929572105408,pdb_00004ogx_H_L
15672,5,train,0.45120471715927124,pdb_00007lop_X_Y
15673,5,train,0.33878293633461,pdb_00008dwy_X_W
15674,5,train,0.7267359495162964,pdb_00009c6y_C_D
15675,5,train,0.22943559288978577,pdb_00005aam_A1_A2
15676,5,train,0.013413798995316029,pdb_00008i7v_E1_E2
15677,5,train,1.1124937534332275,pdb_00007ean_H_L
15678,5,train,0.46052923798561096,pdb_00007whz_H_L
15679,5,train,0.3181653618812561,pdb_00001xgr_B_A
15680,5,train,0.3944520652294159,pdb_00002x7l_H_L
15681,5,train,1.2143124341964722,pdb_00009e3l_K_L
15682,5,train,1.2753568887710571,pdb_00007uij_A_B
15683,5,train,0.5573678016662598,pdb_00008ebp_I_M
15684,5,train,0.012253924272954464,pdb_00007ew2_S1_S2
15685,5,train,0.4656562805175781,pdb_00007dk2_G_H
15686,5,train,0.9723525643348694,pdb_00009mtk_H_L
15687,5,train,0.017045779153704643,pdb_00006k41_H1_H2
15688,5,train,0.10441699624061584,pdb_00006ada_E_F
15689,5,train,0.972760796546936,pdb_00007mzj_N_M
15690,5,train,0.10239289700984955,pdb_00008vgk_K_L
15691,5,train,0.7887681126594543,pdb_00008yx9_G_I
15692,5,train,0.7674143314361572,pdb_00003g6d_H_L
15693,5,train,0.07451385259628296,pdb_00002dqg_H_L
15694,5,train,0.03508733585476875,pdb_00008ubi_N2_N1
15695,5,train,0.02414710260927677,pdb_00008wwh_E1_E2
15696,5,train,0.016594966873526573,pdb_00008xgm_S1_S2
15697,5,train,0.5841055512428284,pdb_00005jz7_G_I
15698,5,train,0.6255381107330322,pdb_00002vwe_L_J
15699,5,train,1.4305713176727295,pdb_00006ddv_B_A
15700,5,train,0.019749412313103676,pdb_00008jei_S1_S2
15701,5,train,0.2235458940267563,pdb_00007qez_E_F
15702,5,train,0.008158553391695023,pdb_00009jks_S1_S2
15703,5,train,0.774590015411377,pdb_00004am0_C_D
15704,5,train,0.5454555749893188,pdb_00008rmx_B_C
15705,5,train,0.026767754927277565,pdb_00008dd2_K_L
15706,5,train,0.7763317227363586,pdb_00007lg6_K_N
15707,5,train,0.4405955374240875,pdb_00005jz7_C_D
15708,5,train,0.04118793085217476,pdb_00008x17_H1_H2
15709,5,train,0.7626694440841675,pdb_00009mtl_H_L
15710,5,train,1.1617319583892822,pdb_00008jeo_B_C
15711,5,train,0.3530018925666809,pdb_00008z2e_H_L
15712,5,train,0.01085540559142828,pdb_00007dfl_C1_C2
15713,5,train,0.852501392364502,pdb_00004f3f_B_A
15714,5,train,0.6397492289543152,pdb_00007yvl_A_C
15715,5,train,0.5325878262519836,pdb_00001ors_B_A
15716,5,train,0.5125563144683838,pdb_00006n5e_H_I
15717,5,train,0.02654103748500347,pdb_00008zpt_E1_E2
15718,5,train,0.4380643665790558,pdb_00009lbs_H_L
15719,5,train,0.6580497026443481,pdb_00008zdw_L_J
15720,5,train,0.025226330384612083,pdb_00009ijd_D1_D2
15721,5,train,0.01697971299290657,pdb_00009pq0_E1_E2
15722,5,train,0.3994351923465729,pdb_00008i5l_E1_E2
15723,5,train,0.01902192085981369,pdb_00009vmo_S1_S2
15724,5,train,0.6879515051841736,pdb_00008vte_D_C
15725,5,train,0.016000909730792046,pdb_00007f9z_E1_E2
15726,5,train,0.011408754624426365,pdb_00008ykw_E1_E2
15727,5,train,0.009204627014696598,pdb_00008xbe_S1_S2
15728,5,train,0.46722352504730225,pdb_00004okv_C_D
15729,5,train,0.010247012600302696,pdb_00008y02_S1_S2
15730,5,train,0.00951172225177288,pdb_00008kfx_S1_S2
15731,5,train,0.10232791304588318,pdb_00002htl_E_F
15732,5,train,0.2951115667819977,pdb_00008dww_H_L
15733,5,train,0.5235711336135864,pdb_00002vir_B_A
15734,5,train,0.6388176083564758,pdb_00009dzg_H_L
15735,5,train,0.09237269312143326,pdb_00008vgh_J_I
15736,5,train,0.030026746913790703,pdb_00008jxw_E1_E2
15737,5,train,0.2890285849571228,pdb_00007k8m_A_B
15738,5,train,0.6987369060516357,pdb_00008suo_H_L
15739,5,train,0.0661156103014946,pdb_00003stz_A_B
15740,5,train,0.37986889481544495,pdb_00007sco_J_K
15741,5,train,0.005588673520833254,pdb_00009kvi_E1_E2
15742,5,train,0.5950330495834351,pdb_00001n5y_H_L
15743,5,train,0.0264862310141325,pdb_00007vie_E1_E2
15744,5,train,0.17029985785484314,pdb_00003b2u_Q_R
15745,5,train,0.5797321796417236,pdb_00006dkj_A_B
15746,5,train,0.3682159185409546,pdb_00007yck_E_F
15747,5,train,0.03397234156727791,pdb_00008g05_E1_E2
15748,5,train,0.0070355795323848724,pdb_00008jlq_S1_S2
15749,5,train,0.24912545084953308,pdb_00007lop_B_C
15750,5,train,0.033608533442020416,pdb_00008wrb_E1_E2
15751,5,train,1.0166683197021484,pdb_00006u9s_D_E
15752,5,train,0.008115332573652267,pdb_00009kvg_E1_E2
15753,5,train,0.025747014209628105,pdb_00008ia8_S1_S2
15754,5,train,0.00598997762426734,pdb_00003nid_E_F
15755,5,train,0.6044006943702698,pdb_00007bwj_H_L
15756,5,train,0.06762106716632843,pdb_00008zcj_E1_E2
15757,5,train,0.5258057117462158,pdb_00001jhl_H_L
15758,5,train,0.8228182196617126,pdb_00009h6u_H_L
15759,5,train,0.6003431081771851,pdb_00008znz_G_H
15760,5,train,0.6742342710494995,pdb_00006osv_H_L
15761,5,train,0.5359464287757874,pdb_00006wzl_A_B
15762,5,train,0.005951200611889362,pdb_00007td8_E_F
15763,5,train,0.018147282302379608,pdb_00009j0b_S1_S2
15764,5,train,0.7159711718559265,pdb_00008tzw_H_L
15765,5,train,0.7868257761001587,pdb_00008zyf_H_D
15766,5,train,1.3510874509811401,pdb_00007m3l_B_C
15767,5,train,0.03317449241876602,pdb_00008hk3_H1_H2
15768,5,train,0.524147093296051,pdb_00001fbi_H_L
15769,5,train,0.6525158286094666,pdb_00006ml8_H_L
15770,5,train,1.0776668787002563,pdb_00006wty_H_I
15771,5,train,0.014657913707196712,pdb_00009vjg_E1_E2
15772,5,train,0.012345914728939533,pdb_00009bsb_E1_E2
15773,5,train,0.018228592351078987,pdb_00007ew7_E1_E2
15774,5,train,0.7904959917068481,pdb_00009oar_H_L
15775,5,train,0.3615989089012146,pdb_00008txu_E_J
15776,5,train,0.01613621413707733,pdb_00007yon_S1_S2
15777,5,train,0.6615495085716248,pdb_00006ww5_E_F
15778,5,train,0.4633241891860962,pdb_00008vgl_E_F
15779,5,train,0.027092397212982178,pdb_00007k5x_N2_N1
15780,5,train,0.018673840910196304,pdb_00007k61_N2_N1
15781,5,train,0.004379269201308489,pdb_00009kxs_H1_H2
15782,5,train,0.01074808556586504,pdb_00008jil_S1_S2
15783,5,train,0.47550684213638306,pdb_00001hys_D_C
15784,5,train,0.565506637096405,pdb_00001mlc_B_A
15785,5,train,0.3046952188014984,pdb_00005dhx_L2_L1
15786,5,train,0.9451795220375061,pdb_00005ggs_C_D
15787,5,train,0.5021541118621826,pdb_00007wqv_F1_F2
15788,5,train,0.7597654461860657,pdb_00009oao_H_L
15789,5,train,0.41227927803993225,pdb_00009n7q_E_G
15790,5,train,0.8358542919158936,pdb_00004xhj_D_C
15791,5,train,0.6222906708717346,pdb_00002yc1_A_B
15792,5,train,0.01835167221724987,pdb_00007k5y_N2_N1
15793,5,train,0.7453216314315796,pdb_00007pa7_ddd2_ddd1
15794,5,train,0.01492566242814064,pdb_00009v6o_S1_S2
15795,5,train,0.5415027141571045,pdb_00006a3w_A_B
15796,5,train,0.5712131857872009,pdb_00007ucq_K1_K2
15797,5,train,0.008730264380574226,pdb_00008jhy_S1_S2
15798,5,train,0.04529387876391411,pdb_00002bob_A_B
15799,5,train,0.013820748776197433,pdb_00007ejx_S1_S2
15800,5,train,0.6279365420341492,pdb_00009b2m_J_K
15801,5,train,0.8047329187393188,pdb_00003wkm_H_L
15802,5,train,0.3257864713668823,pdb_00008ulf_H_L
15803,5,train,0.5360601544380188,pdb_00006wtu_E_F
15804,5,train,0.010501165874302387,pdb_00007wig_S1_S2
15805,5,train,0.8256717324256897,pdb_00009n8j_B_C
15806,5,train,1.1131114959716797,pdb_00007ezv_H_L
15807,5,train,1.0956178903579712,pdb_00004u6h_C_D
15808,5,train,0.6522166728973389,pdb_00009n8j_F_G
15809,5,train,0.406707227230072,pdb_00002i9l_D_C
15810,5,train,0.0071670240722596645,pdb_00009kpe_S1_S2
15811,5,train,0.9702436923980713,pdb_00008dv6_H_D
15812,5,train,0.054711584001779556,pdb_00006adb_E_F
15813,5,train,0.864486575126648,pdb_00008siq_H_L
15814,5,train,0.029309652745723724,pdb_00008x16_H1_H2
15815,5,train,0.00918667297810316,pdb_00009ydu_E1_E2
15816,5,train,0.7707667350769043,pdb_00009npg_D_E
15816,5,train_epoch,0.4318376832375973,
15816,5,validation,0.9303039890347105,
15817,6,train,0.06252142786979675,pdb_00003a6c_H_L
15818,6,train,0.709243655204773,pdb_00006wm9_E_F
15819,6,train,0.7192758321762085,pdb_00007fcp_H_L
15820,6,train,0.021313218399882317,pdb_00002vdr_H_L
15821,6,train,0.0034250514581799507,pdb_00007t96_E1_E2
15822,6,train,0.007191997487097979,pdb_00008vy9_D1_D2
15823,6,train,0.35808590054512024,pdb_00007cjf_A_B
15824,6,train,0.024652933701872826,pdb_00009l79_S1_S2
15825,6,train,0.5977190136909485,pdb_00004kxz_J_I
15826,6,train,0.005751818884164095,pdb_00008k6o_S1_S2
15827,6,train,0.8113067150115967,pdb_00009ds1_H_L
15828,6,train,0.32130512595176697,pdb_00007f6y_H_L
15829,6,train,0.520594596862793,pdb_00008hpf_M_N
15830,6,train,0.10211992263793945,pdb_00001ic4_H_L
15831,6,train,0.6795876622200012,pdb_00007mmo_A_B
15832,6,train,0.8168990015983582,pdb_00008d7e_D_E
15833,6,train,0.006182064302265644,pdb_00009izf_S1_S2
15834,6,train,0.12897974252700806,pdb_00008vgk_H_G
15835,6,train,0.46872246265411377,pdb_00005cbe_C_D
15836,6,train,0.5344732999801636,pdb_00004fp8_I_M
15837,6,train,0.004847959615290165,pdb_00009vjg_E1_E2
15838,6,train,0.4100823998451233,pdb_00005oca_H_L
15839,6,train,0.06456688046455383,pdb_00009ouq_H_L
15840,6,train,0.49261805415153503,pdb_00009lbs_D_C
15841,6,train,0.01963827759027481,pdb_00009kvh_E1_E2
15842,6,train,0.6972860097885132,pdb_00003g6d_H_L
15843,6,train,0.5738865733146667,pdb_00008zre_H_L
15844,6,train,0.5865258574485779,pdb_00003qum_K_M
15845,6,train,0.017724521458148956,pdb_00008jbg_E1_E2
15846,6,train,0.6103811264038086,pdb_00008cn9_G_F
15847,6,train,0.476508229970932,pdb_00007t3d_K_N
15848,6,train,0.8948619961738586,pdb_00006wty_H_I
15849,6,train,0.022553635761141777,pdb_00008x16_H1_H2
15850,6,train,0.025422174483537674,pdb_00007wq3_S1_S2
15851,6,train,0.012256043031811714,pdb_00007k61_N2_N1
15852,6,train,0.19774948060512543,pdb_00002i9l_D_C
15853,6,train,0.696258008480072,pdb_00007jwg_A_B
15854,6,train,0.7071967124938965,pdb_00007wur_E_F
15855,6,train,0.0048658354207873344,pdb_00007ukt_E_F
15856,6,train,0.8512635231018066,pdb_00007t4q_F_G
15857,6,train,0.7282217741012573,pdb_00004xhj_H_G
15858,6,train,0.0379236601293087,pdb_00008wwn_E1_E2
15859,6,train,0.31434065103530884,pdb_00008jen_C_D
15860,6,train,0.6126447319984436,pdb_00004hg4_P_Q
15861,6,train,0.49554306268692017,pdb_00007cho_H_L
15862,6,train,0.6681473851203918,pdb_00007shy_I_J
15863,6,train,0.4169186055660248,pdb_00007kmg_A_B
15864,6,train,0.4855813682079315,pdb_00008zh7_E_F
15865,6,train,0.009949133731424809,pdb_00009iy8_S1_S2
15866,6,train,0.010790127329528332,pdb_00007wv9_S1_S2
15867,6,train,0.018325593322515488,pdb_00007k5x_N2_N1
15868,6,train,0.011052646674215794,pdb_00007cmu_E1_E2
15869,6,train,0.008744876831769943,pdb_00009uan_E1_E2
15870,6,train,0.6756112575531006,pdb_00008hn7_D_C
15871,6,train,0.528282105922699,pdb_00009dzf_H_L
15872,6,train,0.6013409495353699,pdb_00001za3_B_A
15873,6,train,0.20884692668914795,pdb_00005aam_A1_A2
15874,6,train,0.8252407312393188,pdb_00008tnn_H_G
15875,6,train,0.4769316017627716,pdb_00005xku_C_B
15876,6,train,0.39032453298568726,pdb_00009u5p_P_Q
15877,6,train,0.7242048382759094,pdb_00007det_D1_D2
15878,6,train,0.73770672082901,pdb_00009azv_H_L
15879,6,train,0.9483545422554016,pdb_00009c0v_H_L
15880,6,train,0.003965304233133793,pdb_00008vy7_D1_D2
15881,6,train,1.338680624961853,pdb_00009e89_H_L
15882,6,train,0.037022411823272705,pdb_00008x8l_E1_E2
15883,6,train,0.5550094246864319,pdb_00006vja_H_L
15884,6,train,0.44403648376464844,pdb_00003fku_T1_T2
15885,6,train,0.006244556047022343,pdb_00003ze0_E_F
15886,6,train,0.4156566560268402,pdb_00008hn6_A_B
15887,6,train,0.7623514533042908,pdb_00008tp5_J_K
15888,6,train,0.46292269229888916,pdb_00007ubs_K1_K2
15889,6,train,0.38449618220329285,pdb_00007xik_H_L
15890,6,train,0.015497027896344662,pdb_00008vqy_J_I
15891,6,train,0.017466433346271515,pdb_00009b5y_N1_N2
15892,6,train,0.4928875267505646,pdb_00008oz3_H_L
15893,6,train,0.010716577060520649,pdb_00008hsc_S1_S2
15894,6,train,0.06267037987709045,pdb_00001r3k_B_A
15895,6,train,0.6025575995445251,pdb_00009mtf_M_N
15896,6,train,0.715686559677124,pdb_00007xrz_H_L
15897,6,train,0.4460206627845764,pdb_00008jkh_H_L
15898,6,train,0.6635207533836365,pdb_00008vtd_B_A
15899,6,train,0.006388395559042692,pdb_00007ejk_H1_H2
15900,6,train,0.12970992922782898,pdb_00006vmk_K_J
15901,6,train,0.4805603623390198,pdb_00008tx3_E_J
15902,6,train,0.539004921913147,pdb_00002iff_H_L
15903,6,train,0.043631430715322495,pdb_00006adc_C_D
15904,6,train,0.3439830541610718,pdb_00006txz_H_L
15905,6,train,0.536920428276062,pdb_00009cq4_H_L
15906,6,train,0.527770459651947,pdb_00009ue8_E_F
15907,6,train,0.504855215549469,pdb_00004gxu_U_V
15908,6,train,0.011149859055876732,pdb_00004z7o_E_F
15909,6,train,0.004830417688935995,pdb_00007ukp_E_F
15910,6,train,0.3954293131828308,pdb_00002jix_D_G
15911,6,train,0.607174277305603,pdb_00009dru_H_L
15912,6,train,0.10964299738407135,pdb_00005aaw_K1_K2
15913,6,train,0.3866628110408783,pdb_00009j9z_H_L
15914,6,train,0.7165394425392151,pdb_00007fcp_B_D
15915,6,train,0.011304842308163643,pdb_00008hcq_E1_E2
15916,6,train,0.036239348351955414,pdb_00009x3z_S1_S2
15917,6,train,0.5057281255722046,pdb_00007ws2_E_D
15918,6,train,0.005103300791233778,pdb_000021ag_S1_S2
15919,6,train,0.004794257692992687,pdb_00007tpd_E_F
15920,6,train,0.026677759364247322,pdb_00009w6w_E1_E2
15921,6,train,0.014192740432918072,pdb_00008vfx_M2_M1
15922,6,train,0.016472941264510155,pdb_00001ots_C_D
15923,6,train,0.7592139840126038,pdb_00007dm2_H_L
15924,6,train,0.7318063974380493,pdb_00009ml8_P_Q
15925,6,train,0.31520596146583557,pdb_00002hmi_D_C
15926,6,train,0.0070588658563792706,pdb_00007ew1_E1_E2
15927,6,train,0.16321322321891785,pdb_00008elq_H_L
15928,6,train,0.7055254578590393,pdb_00005a3i_G_H
15929,6,train,0.019596654921770096,pdb_00006e0c_N1_N2
15930,6,train,0.00791548565030098,pdb_00007xwo_E1_E2
15931,6,train,0.4850708842277527,pdb_00008ywx_E_D
15932,6,train,0.031067511066794395,pdb_00008x17_H1_H2
15933,6,train,0.006957805249840021,pdb_00007ew0_E1_E2
15934,6,train,0.8279508352279663,pdb_00007dm1_F_E
15935,6,train,0.9875931143760681,pdb_00007ean_H_L
15936,6,train,0.8004794120788574,pdb_00007uvs_D_E
15937,6,train,0.06937462091445923,pdb_00006e0p_M1_M2
15938,6,train,0.6016726493835449,pdb_00002ybr_A_B
15939,6,train,0.31861618161201477,pdb_00008dww_X_W
15940,6,train,0.004116470459848642,pdb_00008jd6_D1_D2
15941,6,train,0.37055256962776184,pdb_00004okv_C_D
15942,6,train,0.5813658237457275,pdb_00009bdh_H_L
15943,6,train,0.5425143837928772,pdb_00008znz_I_J
15944,6,train,0.3860713541507721,pdb_00005w3m_E_G
15945,6,train,0.5469918251037598,pdb_00007x3c_F_E
15946,6,train,0.5503715872764587,pdb_00007uvs_A_B
15947,6,train,0.525394856929779,pdb_00008w83_M_N
15948,6,train,0.8656468987464905,pdb_00007rco_F_E
15949,6,train,0.35431674122810364,pdb_00009ue8_I_J
15950,6,train,0.0036933431401848793,pdb_00007t90_E1_E2
15951,6,train,0.5526053309440613,pdb_00009b82_I_G
15952,6,train,0.7517563104629517,pdb_00008w5m_H_L
15953,6,train,0.005699269939213991,pdb_00003nid_E_F
15954,6,train,0.0043661510571837425,pdb_00009ldv_S1_S2
15955,6,train,0.4763505458831787,pdb_00003s37_H_L
15956,6,train,0.6165027022361755,pdb_00007pa7_nnn2_nnn1
15957,6,train,0.8886103630065918,pdb_00007y6l_H_L
15958,6,train,0.5942254066467285,pdb_00009e3h_J_K
15959,6,train,1.062442421913147,pdb_00008tzn_G_H
15960,6,train,0.3767475485801697,pdb_00007yck_C_D
15961,6,train,0.33696019649505615,pdb_00009iz9_Q_R
15962,6,train,0.6853944063186646,pdb_00008siq_H_L
15963,6,train,0.6048173308372498,pdb_00004xnm_B_A
15964,6,train,0.4962359666824341,pdb_00009jqv_H_L
15965,6,train,0.7038475871086121,pdb_00001nsn_H_L
15966,6,train,0.7286192774772644,pdb_00009ebc_G_H
15967,6,train,0.5389725565910339,pdb_00006k7o_D_E
15968,6,train,0.5953847765922546,pdb_00008tnt_E_D
15969,6,train,0.47704949975013733,pdb_00007jum_H1_H2
15970,6,train,0.03823402151465416,pdb_00006x3u_K_L
15971,6,train,0.006148192100226879,pdb_00009ldx_S1_S2
15972,6,train,0.5426045656204224,pdb_00008xsj_H_L
15973,6,train,0.46485742926597595,pdb_00007sk7_D_C
15974,6,train,0.011571071110665798,pdb_00006os9_D1_D2
15975,6,train,0.4358025789260864,pdb_00007ucq_I1_I2
15976,6,train,0.9515120387077332,pdb_00005c0n_H_L
15977,6,train,0.010800685733556747,pdb_00008jxt_E1_E2
15978,6,train,0.02257557585835457,pdb_00008ija_S1_S2
15979,6,train,0.11990100145339966,pdb_00009nz3_D_C
15980,6,train,0.009159926325082779,pdb_00009p0l_F1_F2
15981,6,train,0.45857495069503784,pdb_00005jz7_J_K
15982,6,train,0.6450206637382507,pdb_00008g5a_I_M
15983,6,train,0.5457698106765747,pdb_00006wtu_H_I
15984,6,train,1.0736117362976074,pdb_00008tea_H_G
15985,6,train,0.7320468425750732,pdb_00007y3n_C_D
15986,6,train,0.06479699909687042,pdb_00009zq9_J2_J1
15987,6,train,0.12956112623214722,pdb_00006zh9_HHH_LLL
15988,6,train,0.011949320323765278,pdb_00008sai_S1_S2
15989,6,train,0.4996858835220337,pdb_00009mtf_I_J
15990,6,train,0.2639700770378113,pdb_00005dhx_B2_B1
15991,6,train,0.6176974177360535,pdb_00006xq4_E_F
15992,6,train,0.7345830202102661,pdb_00009jeb_A1_A2
15993,6,train,0.13694246113300323,pdb_00005aaw_F1_F2
15994,6,train,0.8531045317649841,pdb_00009yyu_J_N
15995,6,train,0.040777210146188736,pdb_00009nz5_F_E
15996,6,train,0.4951007068157196,pdb_00005wko_E_F
15997,6,train,0.4494270384311676,pdb_00009b2m_H_L
15998,6,train,0.10897090286016464,pdb_00006w0g_A_B
15999,6,train,0.35573866963386536,pdb_00006k7o_F_G
16000,6,train,1.1488275527954102,pdb_00006uyn_H_L
16001,6,train,1.1536921262741089,pdb_00008kep_H_L
16002,6,train,0.4375866949558258,pdb_00004zff_H_L
16003,6,train,0.634026050567627,pdb_00009mtl_H_L
16004,6,train,0.5388556122779846,pdb_00006h3u_I_M
16005,6,train,0.6314784288406372,pdb_00009vfu_E_F
16006,6,train,0.30577585101127625,pdb_00009ue8_A_B
16007,6,train,0.6721215844154358,pdb_00008rrn_H_L
16008,6,train,0.29331737756729126,pdb_00008txu_F_K
16009,6,train,0.015578142367303371,pdb_00008jgf_E1_E2
16010,6,train,0.5213630199432373,pdb_00007cgw_H_L
16011,6,train,0.506645917892456,pdb_00009h4s_H_L
16012,6,train,0.00775559339672327,pdb_00009upu_S1_S2
16013,6,train,0.13362765312194824,pdb_00006b3s_H_L
16014,6,train,0.016441859304904938,pdb_00007yk7_S1_S2
16015,6,train,0.29685768485069275,pdb_00002x7l_G_I
16016,6,train,0.08725041896104813,pdb_00009zqa_I2_I1
16017,6,train,0.716445803642273,pdb_00009cpv_H_L
16018,6,train,0.4084101617336273,pdb_00008i5l_D1_D2
16019,6,train,0.5526031255722046,pdb_00005x8m_B_C
16020,6,train,0.022455768659710884,pdb_00003f5w_A_B
16021,6,train,0.6532505750656128,pdb_00005ggt_H_L
16022,6,train,0.624285876750946,pdb_00008sdh_H_L
16023,6,train,0.2362760752439499,pdb_00009cpr_H_L
16024,6,train,0.07168345153331757,pdb_00005aaw_D1_D2
16025,6,train,0.8754352331161499,pdb_00006ss4_HHH_LLL
16026,6,train,0.6083088517189026,pdb_00009oar_H_L
16027,6,train,0.02879282645881176,pdb_00008zjg_S1_S2
16028,6,train,0.26005104184150696,pdb_00007b3o_H_L
16029,6,train,0.08616197854280472,pdb_00008iw9_S1_S2
16030,6,train,0.7780433893203735,pdb_00008pwh_D_C
16031,6,train,0.8584485054016113,pdb_00009y0e_A_B
16032,6,train,0.023852383717894554,pdb_00007xat_E1_E2
16033,6,train,0.5819141268730164,pdb_00006ww5_E_F
16034,6,train,0.5217183828353882,pdb_00008sdf_H_L
16035,6,train,1.009425163269043,pdb_00008jin_B2_B1
16036,6,train,0.9197280406951904,pdb_00002zcl_H_L
16037,6,train,0.008364906534552574,pdb_00008xqf_S1_S2
16038,6,train,0.011462641879916191,pdb_00007yu3_S1_S2
16039,6,train,0.6695526242256165,pdb_00009lp1_A_B
16040,6,train,0.9870536923408508,pdb_00008hgm_C_D
16041,6,train,0.30748626589775085,pdb_00009h4s_X_Y
16042,6,train,0.08657430857419968,pdb_00005aam_B1_B2
16043,6,train,0.01935168169438839,pdb_00009yda_H1_H2
16044,6,train,0.011560175567865372,pdb_00009m8k_N1_N2
16045,6,train,0.01126721128821373,pdb_00008xqp_S1_S2
16046,6,train,0.011647379957139492,pdb_00007f4f_S1_S2
16047,6,train,0.4516909122467041,pdb_00009quw_F_E
16048,6,train,0.5499563217163086,pdb_00007xj9_I_H
16049,6,train,0.23402346670627594,pdb_00004tnw_U_h
16050,6,train,0.5924554467201233,pdb_00007lfa_H_L
16051,6,train,0.01276104524731636,pdb_00007t6b_E1_E2
16052,6,train,0.2669881284236908,pdb_00008cwv_H_L
16053,6,train,0.46322301030158997,pdb_00008zh7_K_L
16054,6,train,0.015064913779497147,pdb_00007vla_S1_S2
16055,6,train,0.020591387525200844,pdb_00008wwj_E1_E2
16056,6,train,0.5225040912628174,pdb_00007lq7_P_Q
16057,6,train,0.007702212780714035,pdb_00008xqe_S1_S2
16058,6,train,0.3912214934825897,pdb_00008wpy_H_L
16059,6,train,0.44652047753334045,pdb_00003dvn_H_L
16060,6,train,1.3739209175109863,pdb_00008ulj_H_L
16061,6,train,0.5462581515312195,pdb_00006hxw_C_D
16062,6,train,0.011657622642815113,pdb_00007y89_S1_S2
16063,6,train,0.9538456201553345,pdb_00006xpz_E_F
16064,6,train,0.2838543653488159,pdb_00008i5h_B_C
16065,6,train,0.9111044406890869,pdb_00007c88_A_B
16066,6,train,0.07074614614248276,pdb_00001c08_B_A
16067,6,train,0.6263338923454285,pdb_00008gpy_E1_E2
16068,6,train,0.015760870650410652,pdb_00007vug_S1_S2
16069,6,train,0.1879619061946869,pdb_00008wnp_B_A
16070,6,train,0.6189879775047302,pdb_00007ttx_H_L
16071,6,train,0.47089317440986633,pdb_00004n90_F_G
16072,6,train,0.012723001651465893,pdb_00009ik9_E1_E2
16073,6,train,0.4245099425315857,pdb_00002vir_B_A
16074,6,train,0.6871770620346069,pdb_00008ywe_C2_C1
16075,6,train,0.7762786746025085,pdb_00006hjp_I_J
16076,6,train,0.3013865053653717,pdb_00007ch5_H_L
16077,6,train,0.4226017892360687,pdb_00008bcz_C_D
16078,6,train,0.009720616973936558,pdb_00008jii_S1_S2
16079,6,train,0.3727814555168152,pdb_00004okv_A_B
16080,6,train,0.5990756154060364,pdb_00009axl_H_L
16081,6,train,0.015673065558075905,pdb_00003det_C_D
16082,6,train,0.421408087015152,pdb_00008bg2_C1_C2
16083,6,train,0.6964370012283325,pdb_00007l0l_H_L
16084,6,train,0.5268638134002686,pdb_00009og2_B_C
16085,6,train,0.018007516860961914,pdb_00009v1h_E1_E2
16086,6,train,0.8085589408874512,pdb_00006suz_H_L
16087,6,train,0.321871817111969,pdb_00008qh0_H_L
16088,6,train,0.9043177962303162,pdb_00004kuc_H_D
16089,6,train,1.0775439739227295,pdb_00006q18_H_L
16090,6,train,0.27779045701026917,pdb_00007zf9_H_L
16091,6,train,0.005223437212407589,pdb_00009le0_S1_S2
16092,6,train,0.3723321557044983,pdb_00008smt_I_J
16093,6,train,0.005982574075460434,pdb_00009oxb_D1_D2
16094,6,train,0.7231789827346802,pdb_00007woc_A_B
16095,6,train,0.21875698864459991,pdb_00008f2j_D_F
16096,6,train,0.012753923423588276,pdb_00009k3l_S1_S2
16097,6,train,0.04571766406297684,pdb_00009cm7_N1_N2
16098,6,train,0.4117816686630249,pdb_00007lfa_B_D
16099,6,train,0.504624605178833,pdb_00008sdf_B_C
16100,6,train,0.06855826824903488,pdb_00008ihf_S1_S2
16101,6,train,0.49129095673561096,pdb_00007bpk_H_L
16102,6,train,0.015461517497897148,pdb_00007w56_E1_E2
16103,6,train,0.7693752646446228,pdb_00008w86_E_F
16104,6,train,0.5826048851013184,pdb_00003u30_C_B
16105,6,train,1.1627846956253052,pdb_00004hf5_H_L
16106,6,train,0.00863368809223175,pdb_00009vo0_E1_E2
16107,6,train,0.478641539812088,pdb_00006p4b_B_A
16108,6,train,0.037894513458013535,pdb_00008wwi_E1_E2
16109,6,train,0.39915817975997925,pdb_00004hg4_L_M
16110,6,train,0.09915939718484879,pdb_00009oun_H_L
16111,6,train,0.012961696833372116,pdb_00009upv_S1_S2
16112,6,train,0.7584385871887207,pdb_00007mzj_N_M
16113,6,train,0.7378631830215454,pdb_00007v3g_I_M
16114,6,train,0.025533635169267654,pdb_00009drx_J_I
16115,6,train,0.7486588358879089,pdb_00009bdi_H_L
16116,6,train,0.03820530325174332,pdb_00002fed_E_F
16117,6,train,0.48498061299324036,pdb_00008hws_D_E
16118,6,train,0.7457906007766724,pdb_00009lsi_D1_C2
16119,6,train,0.03212765231728554,pdb_00009jkv_S1_S2
16120,6,train,0.7742434144020081,pdb_00004ogx_H_L
16121,6,train,0.3403445780277252,pdb_00009ue8_Q_R
16122,6,train,0.011344109661877155,pdb_00007t6u_E1_E2
16123,6,train,0.5721607804298401,pdb_00003vrl_E_F
16124,6,train,0.026116063818335533,pdb_00007k63_M2_M1
16125,6,train,0.00868765264749527,pdb_00002ht3_C_D
16126,6,train,0.04197187349200249,pdb_00006x3v_K_L
16127,6,train,0.007353573106229305,pdb_00007tmz_E_F
16128,6,train,0.7801899909973145,pdb_00009qt3_N_O
16129,6,train,0.5160754323005676,pdb_00006cw3_C_D
16130,6,train,0.009929714724421501,pdb_00008k2x_S1_S2
16131,6,train,0.661924421787262,pdb_00009cps_H_L
16132,6,train,0.1154085174202919,pdb_00008vgi_J_I
16133,6,train,0.7779607176780701,pdb_00008tpa_D_E
16134,6,train,0.06840621680021286,pdb_00008zfz_D1_D2
16135,6,train,0.007941680029034615,pdb_00003zdx_E_F
16136,6,train,0.6057776808738708,pdb_00006cyf_M_L
16137,6,train,0.37090325355529785,pdb_00009iz9_S_T
16138,6,train,0.37163403630256653,pdb_00007zfe_J_K
16139,6,train,0.6927961707115173,pdb_00007y3o_H_L
16140,6,train,0.02329215779900551,pdb_00007ej0_H1_H2
16141,6,train,0.0744219720363617,pdb_00009our_J_K
16142,6,train,0.003946586046367884,pdb_00006k5i_E_F
16143,6,train,0.4604921340942383,pdb_00008tpa_H_L
16144,6,train,0.6495212316513062,pdb_00009c6y_A_B
16145,6,train,0.6725610494613647,pdb_00006xpz_B_C
16146,6,train,0.010532247833907604,pdb_00002htl_C_D
16147,6,train,0.5367626547813416,pdb_00009bao_E_F
16148,6,train,0.3404406011104584,pdb_00008tpa_I_J
16149,6,train,0.016603950411081314,pdb_00009l80_S1_S2
16150,6,train,0.005446926224976778,pdb_00007sbf_E1_E2
16151,6,train,0.6376921534538269,pdb_00002ybr_D_E
16152,6,train,0.006937366910278797,pdb_00008k4n_E1_E2
16153,6,train,0.01495850645005703,pdb_00009m2f_S1_S2
16154,6,train,0.008274395950138569,pdb_00008gus_S1_S2
16155,6,train,0.31877267360687256,pdb_00009jy4_P_O
16156,6,train,0.2207421064376831,pdb_00002qr0_F_E
16157,6,train,0.7239475250244141,pdb_00004d9r_H_L
16158,6,train,0.04239664971828461,pdb_00002dqi_H_L
16159,6,train,0.6461933255195618,pdb_00007rk1_C1_C2
16160,6,train,0.006850235629826784,pdb_00008vvg_E1_E2
16161,6,train,0.3791719973087311,pdb_00008zd6_K_L
16162,6,train,1.0550605058670044,pdb_00007cqd_H_L
16163,6,train,0.5533161163330078,pdb_00001e6j_H_L
16164,6,train,0.663213312625885,pdb_00008dwo_U_V
16165,6,train,0.5223627686500549,pdb_00007xsc_D_H
16166,6,train,0.007204368244856596,pdb_00007t6s_E1_E2
16167,6,train,0.6579250693321228,pdb_00006wno_E_F
16168,6,train,0.30054789781570435,pdb_00009bao_G_H
16169,6,train,0.10540445148944855,pdb_00005j9p_A_B
16170,6,train,0.03642278537154198,pdb_00007l1u_H1_H2
16171,6,train,0.5841770172119141,pdb_00007kn3_M_N
16172,6,train,0.3935077488422394,pdb_00008dwy_Z_Y
16173,6,train,0.017732562497258186,pdb_00008id3_S1_S2
16174,6,train,0.03904198855161667,pdb_00008ihb_S1_S2
16175,6,train,0.13959380984306335,pdb_00006vmk_H_G
16176,6,train,0.3773750364780426,pdb_00008dn6_E_F
16177,6,train,0.012658066116273403,pdb_00006xox_E1_E2
16178,6,train,0.4780445694923401,pdb_00007sco_J_K
16179,6,train,0.005703299771994352,pdb_00009u4y_S1_S2
16180,6,train,0.9254125356674194,pdb_00008gb5_I_H
16181,6,train,0.007418402936309576,pdb_00008xwp_D1_D2
16182,6,train,1.069286584854126,pdb_00009leo_A_B
16183,6,train,0.4074268937110901,pdb_00005kov_U1_U2
16184,6,train,0.8190639615058899,pdb_00005ggs_A_B
16185,6,train,0.4057122468948364,pdb_00008j26_B_A
16186,6,train,0.593384861946106,pdb_00006wtv_E_F
16187,6,train,0.23135925829410553,pdb_00007zfe_F_G
16188,6,train,0.22509019076824188,pdb_00005u6a_B_A
16189,6,train,0.036276284605264664,pdb_00007x5h_E1_E2
16190,6,train,0.7530720829963684,pdb_00006ocb_H_L
16191,6,train,0.09460003674030304,pdb_00006zlr_BBB_CCC
16192,6,train,0.011417419649660587,pdb_00007ew7_E1_E2
16193,6,train,0.012957258149981499,pdb_00007u0i_N1_N2
16194,6,train,0.09416515380144119,pdb_00006w0h_A_B
16195,6,train,0.3730502724647522,pdb_00007kmg_D_E
16196,6,train,1.5672398805618286,pdb_00005i9q_B_C
16197,6,train,0.5288302898406982,pdb_00005kvf_H_L
16198,6,train,0.06155296787619591,pdb_00007vdm_S1_S2
16199,6,train,0.5274596810340881,pdb_00009os5_G_J
16200,6,train,0.6866200566291809,pdb_00003fmg_H_L
16201,6,train,0.006841869093477726,pdb_00009b54_S1_S2
16202,6,train,0.1498475968837738,pdb_00006b3s_F_G
16203,6,train,0.3793574571609497,pdb_00009n7q_D_F
16204,6,train,1.2633450031280518,pdb_00009rir_H_L
16205,6,train,0.5240257382392883,pdb_00009lae_A_B
16206,6,train,0.8164637684822083,pdb_00007t01_H_L
16207,6,train,0.031928688287734985,pdb_00008wwm_E1_E2
16208,6,train,0.05010685697197914,pdb_00008f7q_E1_E2
16209,6,train,0.01998172141611576,pdb_00008sps_K1_K2
16210,6,train,0.6265766024589539,pdb_00007ebz_E_F
16211,6,train,0.7136082053184509,pdb_00007f3q_H_L
16212,6,train,0.008847499266266823,pdb_00009d0a_E1_E2
16213,6,train,0.013834606856107712,pdb_00007eo2_E1_E2
16214,6,train,0.2882706820964813,pdb_00008dn6_C_D
16215,6,train,0.8014389872550964,pdb_00007si0_C_D
16216,6,train,1.7433180809020996,pdb_00008cdd_E_D
16217,6,train,0.5793502330780029,pdb_00009k6y_H_L
16218,6,train,0.03704015910625458,pdb_00008f7x_E1_E2
16219,6,train,0.560509204864502,pdb_00001tzh_B_A
16220,6,train,0.4468289911746979,pdb_00008xse_H_L
16221,6,train,0.45649540424346924,pdb_00006z3q_H_L
16222,6,train,0.8153793811798096,pdb_00008i5i_H_L
16223,6,train,0.020790357142686844,pdb_00009ggg_S1_S2
16224,6,train,0.013673277571797371,pdb_00009j5v_S1_S2
16225,6,train,0.25751814246177673,pdb_00007kfv_H_L
16226,6,train,0.014817414805293083,pdb_00008sps_N1_N2
16227,6,train,0.25040560960769653,pdb_00004tnw_W_f
16228,6,train,0.3322535455226898,pdb_00009jy3_R_Q
16229,6,train,0.36518022418022156,pdb_00005kov_E1_E2
16230,6,train,0.4488832950592041,pdb_00008too_B_A
16231,6,train,0.5137897729873657,pdb_00007rxl_C_D
16232,6,train,0.5244055986404419,pdb_00006ii9_P_Q
16233,6,train,0.8314718008041382,pdb_00007m7w_H_L
16234,6,train,0.01472154725342989,pdb_00002h2s_E_F
16235,6,train,0.018728822469711304,pdb_00002vdk_H_L
16236,6,train,0.022000383585691452,pdb_00009jkt_S1_S2
16237,6,train,0.5782048106193542,pdb_00008hpf_H_L
16238,6,train,0.009082531556487083,pdb_00008hs3_S1_S2
16239,6,train,0.021207580342888832,pdb_00007wz4_S1_S2
16240,6,train,0.6496322751045227,pdb_00007cmk_H_L
16241,6,train,1.0096865892410278,pdb_00008xa4_C_D
16242,6,train,0.006929545663297176,pdb_00002vdm_H_L
16243,6,train,0.5560905337333679,pdb_00009q71_K_L
16244,6,train,0.6745271682739258,pdb_00007mzn_H_L
16245,6,train,0.0171133354306221,pdb_00006k41_H1_H2
16246,6,train,0.009510031901299953,pdb_00003nig_E_F
16247,6,train,0.015334298834204674,pdb_00007f9z_E1_E2
16248,6,train,0.014177300967276096,pdb_00006kpf_S1_S2
16249,6,train,0.3583776354789734,pdb_00008hq7_H_L
16250,6,train,0.014749494381248951,pdb_00007w57_E1_E2
16251,6,train,0.6190457940101624,pdb_00009ebc_K_L
16252,6,train,0.6085883378982544,pdb_00006oc3_C_D
16253,6,train,1.4901410341262817,pdb_00001jrh_H_L
16254,6,train,0.4141196310520172,pdb_00007zmk_G_H
16255,6,train,0.45009851455688477,pdb_00006pe9_C_D
16256,6,train,0.609671413898468,pdb_00008hrd_D_F
16257,6,train,0.6190736889839172,pdb_00007f15_B1_B2
16258,6,train,0.5522040724754333,pdb_00007l7e_M_N
16259,6,train,0.15030913054943085,pdb_00008elo_H_L
16260,6,train,0.05381946638226509,pdb_00007e32_E1_E2
16261,6,train,0.724430501461029,pdb_00009lf8_H_L
16262,6,train,0.5562165379524231,pdb_00008q6j_D_C
16263,6,train,1.0027493238449097,pdb_00009riq_H_L
16264,6,train,0.02078871987760067,pdb_00007cmv_E1_E2
16265,6,train,0.4243049621582031,pdb_00007jum_J1_J2
16266,6,train,0.45526787638664246,pdb_00006cyf_U_T
16267,6,train,0.49914175271987915,pdb_00008hpu_M_N
16268,6,train,0.2347405105829239,pdb_00008f2j_H_L
16269,6,train,0.4641713500022888,pdb_00009wsx_H_L
16270,6,train,0.49569687247276306,pdb_00006ww5_C_D
16271,6,train,0.4109044373035431,pdb_00007l7e_O_P
16272,6,train,0.41839852929115295,pdb_00009ebc_I_J
16273,6,train,0.009686925448477268,pdb_00008iru_E1_E2
16274,6,train,0.5697724223136902,pdb_00003eoa_B_A
16275,6,train,0.7985892295837402,pdb_00008e8z_H_L
16276,6,train,0.8641678690910339,pdb_00004khx_H_L
16277,6,train,0.3047613203525543,pdb_00006p4a_H_L
16278,6,train,0.4368366003036499,pdb_00007k9z_H_L
16279,6,train,0.010777563787996769,pdb_00008vfx_N2_N1
16280,6,train,0.6806891560554504,pdb_00007ahu_B_A
16281,6,train,0.636075496673584,pdb_00008a96_K_J
16282,6,train,0.3328506648540497,pdb_00008dww_H_L
16283,6,train,1.0033047199249268,pdb_00009e3k_H_L
16284,6,train,0.6847597360610962,pdb_00007djz_A_B
16285,6,train,0.7819678783416748,pdb_00008el2_H_L
16286,6,train,0.5172004103660583,pdb_00001fsk_L_K
16287,6,train,0.26834335923194885,pdb_00008f2j_I_J
16288,6,train,0.025523900985717773,pdb_00004fg6_E_F
16289,6,train,0.29733139276504517,pdb_00007zmk_M_N
16290,6,train,0.7831384539604187,pdb_00008khr_H_L
16291,6,train,1.2771458625793457,pdb_00009ma7_B_C
16292,6,train,0.4109227657318115,pdb_00001fbi_Q_P
16293,6,train,0.3990483283996582,pdb_00008zbb_H_L
16294,6,train,0.6813157200813293,pdb_00009bbn_S_T
16295,6,train,0.7380042672157288,pdb_00007zwi_E_F
16296,6,train,0.9639175534248352,pdb_00007xh8_B_C
16297,6,train,0.6146968603134155,pdb_00007x2o_H_L
16298,6,train,0.4174201786518097,pdb_00007ws7_G_F
16299,6,train,0.03094715252518654,pdb_00007xav_E1_E2
16300,6,train,0.022184520959854126,pdb_00007wic_S1_S2
16301,6,train,0.07452420145273209,pdb_00008vgh_J_I
16302,6,train,0.6653811931610107,pdb_00004ffw_D_C
16303,6,train,0.8402047157287598,pdb_00001rjl_B_A
16304,6,train,0.014704816974699497,pdb_00002hlf_C_D
16305,6,train,1.0172340869903564,pdb_00002vxq_H_L
16306,6,train,0.2414507120847702,pdb_00002x7l_J_K
16307,6,train,0.7393338680267334,pdb_00005d1z_G_H
16308,6,train,0.2501455843448639,pdb_00006b9z_B_A
16309,6,train,0.7426156997680664,pdb_00009mtj_H_L
16310,6,train,0.4770539402961731,pdb_00005wko_C_D
16311,6,train,0.7278701066970825,pdb_00005mo9_H_L
16312,6,train,0.5460267663002014,pdb_00008cn9_L_K
16313,6,train,0.7241011261940002,pdb_00004f3f_B_A
16314,6,train,0.023465022444725037,pdb_00008hqm_H1_H2
16315,6,train,0.0290566124022007,pdb_00008hj5_C1_C2
16316,6,train,0.670098602771759,pdb_00007m7w_A_B
16317,6,train,1.0034042596817017,pdb_00008ezl_H1_H2
16318,6,train,0.5079362988471985,pdb_00008y3k_G_H
16319,6,train,0.6412941813468933,pdb_00007x6o_C_D
16320,6,train,0.009680017828941345,pdb_00008rql_S1_S2
16321,6,train,0.583061158657074,pdb_00004qci_B_A
16322,6,train,0.1346667855978012,pdb_00006yor_B_C
16323,6,train,0.011357194744050503,pdb_00002h2p_C_D
16324,6,train,0.01990511268377304,pdb_00008e9x_E1_E2
16325,6,train,0.9007294178009033,pdb_00006jod_H_L
16326,6,train,0.006823269184678793,pdb_00008ubk_N2_N1
16327,6,train,0.01225629448890686,pdb_00008yn2_E1_E2
16328,6,train,0.013520104810595512,pdb_00007evz_E1_E2
16329,6,train,0.9005734920501709,pdb_00009mtk_I_J
16330,6,train,0.10783141106367111,pdb_00008vgk_F_E
16331,6,train,0.4203788936138153,pdb_00001tpx_B_C
16332,6,train,0.6112664341926575,pdb_00006xq2_C_B
16333,6,train,0.4527776539325714,pdb_00008jkh_M_N
16334,6,train,0.860038697719574,pdb_00008cii_A_B
16335,6,train,0.7055841088294983,pdb_00008xcd_H_L
16336,6,train,0.012347443029284477,pdb_00007k78_K1_K2
16337,6,train,0.03447744995355606,pdb_00008y71_E1_E2
16338,6,train,0.01855890080332756,pdb_00008y0n_S1_S2
16339,6,train,0.0244718249887228,pdb_00003det_E_F
16340,6,train,0.1216234415769577,pdb_00008j24_G1_G2
16341,6,train,0.0192316472530365,pdb_00008xgo_D1_D2
16342,6,train,0.00814469251781702,pdb_00002htk_E_F
16343,6,train,0.368665486574173,pdb_00008bg4_C1_C2
16344,6,train,0.49764811992645264,pdb_00006iap_E_D
16345,6,train,1.008965015411377,pdb_00008f6l_A_B
16346,6,train,0.016732553020119667,pdb_00008g94_E1_E2
16347,6,train,1.0160976648330688,pdb_00009mth_H_L
16348,6,train,0.3366748094558716,pdb_00009ptm_I_M
16349,6,train,0.13303592801094055,pdb_00006vmk_E_D
16350,6,train,0.42139291763305664,pdb_00008jkf_M_N
16351,6,train,0.6693455576896667,pdb_00006mlm_K_L
16352,6,train,0.5841150283813477,pdb_00007l0l_I_K
16353,6,train,0.5273776054382324,pdb_00007whz_B_D
16354,6,train,0.029562942683696747,pdb_00008xbe_S1_S2
16355,6,train,0.93502277135849,pdb_00008da1_B_A
16356,6,train,0.43718433380126953,pdb_00008caf_B_A
16357,6,train,0.7708052396774292,pdb_00006ba5_B_A
16358,6,train,0.038243938237428665,pdb_00008ijb_S1_S2
16359,6,train,0.9967944025993347,pdb_00008zpq_A_B
16360,6,train,0.10918329656124115,pdb_00005aaw_B1_B2
16361,6,train,0.029976077377796173,pdb_00006x3z_K_L
16362,6,train,0.028500601649284363,pdb_00008w8r_S1_S2
16363,6,train,0.017806952819228172,pdb_00008kgg_E1_E2
16364,6,train,0.0637940764427185,pdb_00008w8b_E1_E2
16365,6,train,0.010578704066574574,pdb_00007ykd_S1_S2
16366,6,train,0.008918709121644497,pdb_00009b65_S1_S2
16367,6,train,0.03785223886370659,pdb_00009zqc_I2_I1
16368,6,train,0.04546415060758591,pdb_00008x8n_E1_E2
16369,6,train,0.5780263543128967,pdb_00004kht_H_L
16370,6,train,1.0946221351623535,pdb_00008g5b_J_N
16371,6,train,0.8173295855522156,pdb_00007x93_E_F
16372,6,train,0.018164582550525665,pdb_00008utd_D1_D2
16373,6,train,0.5221654176712036,pdb_00008tui_H_L
16374,6,train,0.6970940828323364,pdb_00009od3_H_L
16375,6,train,0.012912148609757423,pdb_00008evg_N1_N2
16376,6,train,0.008950083516538143,pdb_00008y01_S1_S2
16377,6,train,0.026979589834809303,pdb_00008j6d_H1_H2
16378,6,train,0.795775830745697,pdb_00009oao_H_L
16379,6,train,0.011272383853793144,pdb_00008xjl_E1_E2
16380,6,train,0.011605322360992432,pdb_00008ubk_M2_M1
16381,6,train,0.6011478900909424,pdb_00009h4r_H_L
16382,6,train,0.5945579409599304,pdb_00004oii_H_L
16383,6,train,0.23699861764907837,pdb_00003rhw_G_K
16384,6,train,0.5088541507720947,pdb_00007xda_B_C
16385,6,train,0.23991890251636505,pdb_00007f6z_H_L
16386,6,train,0.025500796735286713,pdb_00008efo_E1_E2
16387,6,train,0.43710383772850037,pdb_00007yvm_C_A
16388,6,train,0.9583497047424316,pdb_00006wmw_H_L
16389,6,train,0.020359620451927185,pdb_00009izc_S1_S2
16390,6,train,0.010130880400538445,pdb_00008ia7_E1_E2
16391,6,train,0.11364032328128815,pdb_00009me5_I_M
16392,6,train,0.7529274821281433,pdb_00002zck_H_L
16393,6,train,1.019291639328003,pdb_00006jhs_E_D
16394,6,train,0.019940247759222984,pdb_00008z8a_S1_S2
16395,6,train,0.012564647942781448,pdb_00007wyb_E1_E2
16396,6,train,0.5600427389144897,pdb_00004hg4_J_K
16397,6,train,0.006467483937740326,pdb_00007ue0_E_F
16398,6,train,0.01559477299451828,pdb_00009vj5_E1_E2
16399,6,train,0.3092971742153168,pdb_00009cpu_H_L
16400,6,train,0.8895097374916077,pdb_00008cz5_H_L
16401,6,train,0.01298726536333561,pdb_00007tct_H_L
16402,6,train,1.0739731788635254,pdb_00004xzu_E_F
16403,6,train,0.36787086725234985,pdb_00006vvu_E_F
16404,6,train,0.523749053478241,pdb_00008cz8_C2_C1
16405,6,train,1.2480751276016235,pdb_00006xq0_B_C
16406,6,train,0.9291013479232788,pdb_00003bsz_H_L
16407,6,train,0.4751630127429962,pdb_00004gxu_S_T
16408,6,train,0.04955160245299339,pdb_00003stz_A_B
16409,6,train,0.7246463894844055,pdb_00009f91_E_F
16410,6,train,0.5848131775856018,pdb_00005nh3_I_M
16411,6,train,0.4854106605052948,pdb_00004lf3_B_A
16412,6,train,0.019057216122746468,pdb_00008xxx_S1_S2
16413,6,train,0.020628977566957474,pdb_00008dzr_E1_E2
16414,6,train,0.7739809155464172,pdb_00004nik_B1_B2
16415,6,train,0.6664707660675049,pdb_00008u44_V_X
16416,6,train,0.7283533215522766,pdb_00007dm1_D_C
16417,6,train,0.34436002373695374,pdb_00006xc4_X_Y
16418,6,train,1.0465892553329468,pdb_00008jn1_H_L
16419,6,train,0.5845897197723389,pdb_00003eo1_K_J
16420,6,train,0.012498182244598866,pdb_00008xzh_S1_S2
16421,6,train,0.3363477289676666,pdb_00004hg4_T_U
16422,6,train,0.4629949927330017,pdb_00005jz7_H_L
16423,6,train,0.553128719329834,pdb_00002h9g_H_L
16424,6,train,0.7223173975944519,pdb_00005h35_F_G
16425,6,train,0.0873289555311203,pdb_00008vgh_F_E
16426,6,train,0.017124639824032784,pdb_00008jjp_S1_S2
16427,6,train,1.16586172580719,pdb_00008v2e_A_B
16428,6,train,0.01727466471493244,pdb_00007xmt_S1_S2
16429,6,train,0.6768759489059448,pdb_00006wm9_B_C
16430,6,train,0.42519161105155945,pdb_00003fku_X1_X2
16431,6,train,0.2982734739780426,pdb_00008jen_G_H
16432,6,train,0.025217091664671898,pdb_00007k5y_N2_N1
16433,6,train,0.01796671375632286,pdb_00002itc_A_B
16434,6,train,0.507654070854187,pdb_00003nh7_H_L
16435,6,train,0.0334792286157608,pdb_00007e33_E1_E2
16436,6,train,0.8586548566818237,pdb_00009cu7_J_N
16437,6,train,0.02168608270585537,pdb_00007sr8_E1_E2
16438,6,train,0.1423058956861496,pdb_00004tnw_I_O
16439,6,train,0.008181151933968067,pdb_00008j6r_S1_S2
16440,6,train,0.6583409905433655,pdb_00001oak_H_L
16441,6,train,0.10733567923307419,pdb_00004tnw_Y_g
16442,6,train,0.4198259711265564,pdb_00001kip_B_A
16443,6,train,0.6546844244003296,pdb_00003wkm_I_M
16444,6,train,0.6552698016166687,pdb_00004ag4_H_L
16445,6,train,0.5344691872596741,pdb_00007ycn_H_I
16446,6,train,0.37953436374664307,pdb_00007qnx_H_L
16447,6,train,0.9939559698104858,pdb_00007ezv_H_L
16448,6,train,0.006833632476627827,pdb_00008y6w_D1_D2
16449,6,train,0.5011397004127502,pdb_00007bwj_H_L
16450,6,train,0.4661824703216553,pdb_00007m71_H_L
16451,6,train,0.39213600754737854,pdb_00007rk1_D1_D2
16452,6,train,0.7422963976860046,pdb_00006ogx_H_L
16453,6,train,0.05823379009962082,pdb_00008tzq_E1_E2
16454,6,train,0.7972862124443054,pdb_00009me5_H_L
16455,6,train,0.24771593511104584,pdb_00007kfy_H_L
16456,6,train,0.5049886703491211,pdb_00007wrv_U_V
16457,6,train,0.4159562289714813,pdb_00003rif_F_N
16458,6,train,0.035341158509254456,pdb_000022es_E1_E2
16459,6,train,0.030991675332188606,pdb_00001ots_E_F
16460,6,train,0.3809855878353119,pdb_00009cpu_F_G
16461,6,train,0.8721832036972046,pdb_00009kvk_H_L
16462,6,train,0.7176495790481567,pdb_00008gsd_H_L
16463,6,train,0.5919036865234375,pdb_00007vgr_F_E
16464,6,train,0.009107680059969425,pdb_00007dfl_C1_C2
16465,6,train,0.5449410676956177,pdb_00008dnn_E_F
16466,6,train,0.02822258695960045,pdb_00007w40_H1_H2
16467,6,train,0.03417234867811203,pdb_00008z65_S1_S2
16468,6,train,0.949255108833313,pdb_00009kyz_A_B
16469,6,train,0.4554295837879181,pdb_00008bec_C1_C2
16470,6,train,0.4799165427684784,pdb_00008y0y_D1_D4
16471,6,train,0.6016364693641663,pdb_00008sxp_H_L
16472,6,train,0.6874735355377197,pdb_00006a4k_H_L
16473,6,train,0.5914694666862488,pdb_00007ley_D_E
16474,6,train,0.10633841902017593,pdb_00009ov4_H_L
16475,6,train,0.012957373633980751,pdb_00009o36_E1_E2
16476,6,train,0.01685337908565998,pdb_00009uk2_E1_E2
16477,6,train,0.5234752297401428,pdb_00007xda_D_E
16478,6,train,0.03045102022588253,pdb_00008ihh_S1_S2
16479,6,train,0.7230421900749207,pdb_00007zfc_H_L
16480,6,train,0.35090211033821106,pdb_00008as0_T_S
16481,6,train,0.8500273823738098,pdb_00009cq8_G_H
16482,6,train,0.7088730931282043,pdb_00004am0_C_D
16483,6,train,0.29210522770881653,pdb_00007zfe_M_N
16484,6,train,0.028122656047344208,pdb_00008hqe_H1_H2
16485,6,train,0.014015141874551773,pdb_00008k6m_S1_S2
16486,6,train,0.036021146923303604,pdb_00009jfy_S1_S2
16487,6,train,0.5433035492897034,pdb_00001bvk_E_D
16488,6,train,0.9682669043540955,pdb_00007yvf_C_A
16489,6,train,0.16559390723705292,pdb_00009exa_D_C
16490,6,train,0.7330784797668457,pdb_00002r29_H_L
16491,6,train,0.5491202473640442,pdb_00008wpw_C_D
16492,6,train,0.01760486513376236,pdb_00008ihj_S1_S2
16493,6,train,0.014779210090637207,pdb_00008jlk_S1_S2
16494,6,train,0.20759861171245575,pdb_00007kfv_C_D
16495,6,train,1.1891638040542603,pdb_00009xth_B_C
16496,6,train,0.36065852642059326,pdb_00005yoy_P_M
16497,6,train,0.017219912260770798,pdb_00008xxz_S1_S2
16498,6,train,0.060752518475055695,pdb_00006ad7_C_D
16499,6,train,0.04870671033859253,pdb_00003a67_H_L
16500,6,train,0.06634430587291718,pdb_00008ubl_M2_M1
16501,6,train,0.6002060174942017,pdb_00003eoa_H_L
16502,6,train,0.02700147032737732,pdb_00008ij3_S1_S2
16503,6,train,0.03361627459526062,pdb_00007sqo_E1_E2
16504,6,train,0.007467564195394516,pdb_00008xx3_S1_S2
16505,6,train,0.02034267783164978,pdb_00008zpt_E1_E2
16506,6,train,0.8782759308815002,pdb_00007yh6_H_L
16507,6,train,0.7210955619812012,pdb_00003qwo_A_B
16508,6,train,0.3359679579734802,pdb_00007pry_A_B
16509,6,train,0.14652526378631592,pdb_00008j22_F1_F2
16510,6,train,0.027114490047097206,pdb_00009lr2_S1_S2
16511,6,train,0.13482734560966492,pdb_00006vmk_B_A
16512,6,train,0.48698508739471436,pdb_00008y0y_E3_E2
16513,6,train,0.018371621146798134,pdb_00008xml_S1_S2
16514,6,train,0.016515742987394333,pdb_00007ew4_S1_S2
16515,6,train,0.4764970541000366,pdb_00008hrd_Y_Z
16516,6,train,0.016009589657187462,pdb_00009jr3_S1_S2
16517,6,train,1.3887295722961426,pdb_00001osp_H_L
16518,6,train,0.27577805519104004,pdb_00007zmk_V_W
16519,6,train,0.012604533694684505,pdb_00009jh5_S1_S2
16520,6,train,1.2476441860198975,pdb_00006glx_C_D
16521,6,train,0.21508044004440308,pdb_00007kfx_H_L
16522,6,train,0.4336487650871277,pdb_00007dk2_G_H
16523,6,train,0.9430894255638123,pdb_00006k65_H_L
16524,6,train,0.648293137550354,pdb_00009kze_H_L
16525,6,train,0.4461072087287903,pdb_00009os5_I_L
16526,6,train,0.07301435619592667,pdb_00008evh_N1_N2
16527,6,train,0.5436863899230957,pdb_00008rmx_B_C
16528,6,train,0.033628690987825394,pdb_00008vrn_K_L
16529,6,train,0.4060426950454712,pdb_00007sco_H_L
16530,6,train,0.02449633926153183,pdb_00007eq1_S1_S2
16531,6,train,0.13498716056346893,pdb_00006z2m_B_C
16532,6,train,0.12395047396421432,pdb_00006w0f_A_B
16533,6,train,0.4291880130767822,pdb_00007whz_H_L
16534,6,train,0.335424542427063,pdb_00007dfa_H_L
16535,6,train,0.7182815074920654,pdb_00007yd1_A_B
16536,6,train,0.416465163230896,pdb_00008too_G_F
16537,6,train,0.12027400732040405,pdb_00003b2u_N_O
16538,6,train,0.4932999014854431,pdb_00008yub_A_B
16539,6,train,0.5240442752838135,pdb_00007ubs_H1_H2
16540,6,train,0.5521838665008545,pdb_00001fns_H_L
16541,6,train,0.25002145767211914,pdb_00007k8m_A_B
16542,6,train,0.28956517577171326,pdb_00007c01_H_L
16543,6,train,0.39582350850105286,pdb_00002h9g_B_A
16544,6,train,0.007416850887238979,pdb_00009oxa_D1_D2
16545,6,train,0.3759985566139221,pdb_00006ban_F_E
16546,6,train,0.2940916121006012,pdb_00008wu1_H_L
16547,6,train,0.18819154798984528,pdb_00007kfw_H_L
16548,6,train,0.016054173931479454,pdb_00007vkt_E1_E2
16549,6,train,0.9626525640487671,pdb_00006plk_I_M
16550,6,train,0.7631063461303711,pdb_00007z0y_H_L
16551,6,train,0.032356247305870056,pdb_00007l8p_E_F
16552,6,train,0.4328595995903015,pdb_00007rks_H_L
16553,6,train,0.6721847653388977,pdb_00007vyr_A_B
16554,6,train,0.5075598955154419,pdb_00009e3h_H_L
16555,6,train,0.03147338330745697,pdb_00002ht4_C_D
16556,6,train,1.1289082765579224,pdb_00005w08_Q_R
16557,6,train,0.032968852669000626,pdb_00008z9p_S1_S2
16558,6,train,0.3678254783153534,pdb_00008hrd_N_Q
16559,6,train,0.5307774543762207,pdb_00007l0l_G_J
16560,6,train,0.22353293001651764,pdb_00008smt_D_F
16561,6,train,0.010865752585232258,pdb_00009vj6_E1_E2
16562,6,train,0.34735676646232605,pdb_00008wo4_B_A
16563,6,train,0.009287470951676369,pdb_00008yrg_E1_E2
16564,6,train,0.11068572849035263,pdb_00008dd3_K_L
16565,6,train,0.38022148609161377,pdb_00008cz8_A2_A1
16566,6,train,0.010420662350952625,pdb_00008si9_J_I
16567,6,train,0.1093771904706955,pdb_00009ouo_H_L
16568,6,train,0.02469262294471264,pdb_00009jkx_S1_S2
16569,6,train,0.0221460722386837,pdb_00007jvr_E1_E2
16570,6,train,0.016274262219667435,pdb_00009wxm_D1_D2
16571,6,train,0.735857367515564,pdb_00008dxt_H_L
16572,6,train,0.8330904841423035,pdb_00008w5n_H_L
16573,6,train,0.010761242359876633,pdb_00009le2_S1_S2
16574,6,train,0.013325760141015053,pdb_00008kfx_S1_S2
16575,6,train,0.6419146656990051,pdb_00008smi_H_L
16576,6,train,0.3653793931007385,pdb_00005yoy_I_F
16577,6,train,0.7651070952415466,pdb_00007scn_H_L
16578,6,train,0.6343053579330444,pdb_00009cds_E_D
16579,6,train,0.6480191349983215,pdb_00008w83_A_B
16580,6,train,0.3484330475330353,pdb_00008dwy_H_L
16581,6,train,0.7986602187156677,pdb_00009atm_H_L
16582,6,train,0.011311765760183334,pdb_00007rkx_D1_D2
16583,6,train,0.8085363507270813,pdb_00009mtg_I_J
16584,6,train,0.012651704251766205,pdb_00007rg9_E1_E2
16585,6,train,0.39383143186569214,pdb_00008bg2_A1_A2
16586,6,train,0.5781113505363464,pdb_00007xrz_B_A
16587,6,train,0.16290441155433655,pdb_00007u9f_E_F
16588,6,train,0.08138956874608994,pdb_00004z7n_E_F
16589,6,train,0.015005369670689106,pdb_00009f34_E1_E2
16590,6,train,0.17848552763462067,pdb_00007kfw_C_D
16591,6,train,0.010947104543447495,pdb_00009cgk_E1_E2
16592,6,train,0.4266737997531891,pdb_00003nh7_J_N
16593,6,train,0.3418441712856293,pdb_00006z3p_H_L
16594,6,train,0.009529482573270798,pdb_00008ia8_S1_S2
16595,6,train,0.3426986336708069,pdb_00009l6c_D_F
16596,6,train,0.9256239533424377,pdb_00007n0a_B_A
16597,6,train,0.23683485388755798,pdb_00009zqc_J2_J1
16598,6,train,0.45204243063926697,pdb_00007u9e_B1_B2
16599,6,train,0.03532247245311737,pdb_00008wwl_E1_E2
16600,6,train,0.8845790028572083,pdb_00007uzd_H_L
16601,6,train,0.6968981027603149,pdb_00006t9d_HHH_LLL
16602,6,train,0.5905524492263794,pdb_00007tn0_H_G
16603,6,train,0.13131622970104218,pdb_00002dqg_H_L
16604,6,train,0.2791907489299774,pdb_00008dwy_X_W
16605,6,train,0.0077463011257350445,pdb_00009ldw_S1_S2
16606,6,train,0.02641654573380947,pdb_00009kfk_S1_S2
16607,6,train,0.439505398273468,pdb_00007scn_E_F
16608,6,train,0.7556671500205994,pdb_00009og1_B_C
16609,6,train,1.1241323947906494,pdb_00009bhh_T_S
16610,6,train,0.012094559147953987,pdb_00002exw_C_D
16611,6,train,0.913975179195404,pdb_00006u6u_H_L
16612,6,train,0.4413265585899353,pdb_00006ktr_A_B
16613,6,train,0.5220794677734375,pdb_00007m3i_A_B
16614,6,train,0.5382937788963318,pdb_00007ycn_E_F
16615,6,train,1.1558096408843994,pdb_00009ivj_H_L
16616,6,train,0.015121652744710445,pdb_00008jef_S1_S2
16617,6,train,1.4373327493667603,pdb_00009vnp_C_A
16618,6,train,0.3107825517654419,pdb_00001xgt_B_A
16619,6,train,0.8311907052993774,pdb_00006gff_N_M
16620,6,train,0.06913986802101135,pdb_00006e0c_M1_M2
16621,6,train,0.5798929929733276,pdb_00009vft_F_E
16622,6,train,0.6513662338256836,pdb_00008gv6_I_J
16623,6,train,0.4902777075767517,pdb_00007ua2_B1_B2
16624,6,train,0.3536185920238495,pdb_00007srs_H_L
16625,6,train,0.707094132900238,pdb_00006plk_H_L
16626,6,train,0.7609217166900635,pdb_00006ek2_I1_I2
16627,6,train,0.022561125457286835,pdb_00008dwc_E1_E2
16628,6,train,0.009317339397966862,pdb_00008j19_S1_S2
16629,6,train,0.008723808452486992,pdb_00006lfm_S1_S2
16630,6,train,1.018776297569275,pdb_00007uij_H_L
16631,6,train,0.5984092354774475,pdb_00007zfb_H_L
16632,6,train,0.04337269812822342,pdb_00007w7e_H1_H2
16633,6,train,0.7631353139877319,pdb_00007lg6_J_M
16634,6,train,0.8172434568405151,pdb_00007mxl_A_B
16635,6,train,0.03390628099441528,pdb_00009j0i_S1_S2
16636,6,train,0.5176674127578735,pdb_00005nhr_A_B
16637,6,train,0.04097594693303108,pdb_00007u0i_K1_K2
16638,6,train,0.7590305805206299,pdb_00008zyf_H_D
16639,6,train,0.007536396849900484,pdb_00002htk_C_D
16640,6,train,0.008846866898238659,pdb_00007scg_E1_E2
16641,6,train,0.49090224504470825,pdb_00008xsi_H_L
16642,6,train,0.5657394528388977,pdb_00007sk8_D_C
16643,6,train,1.0841975212097168,pdb_00005d1z_F_E
16644,6,train,0.6171879768371582,pdb_00008ol9_B_A
16645,6,train,0.588273823261261,pdb_00008jio_C_B
16646,6,train,0.972981870174408,pdb_00007mxl_J_K
16647,6,train,0.9249746799468994,pdb_00009oco_H_L
16648,6,train,0.009901796467602253,pdb_00008y62_E1_E2
16649,6,train,0.009288880974054337,pdb_00007ydh_E1_E2
16650,6,train,0.47763073444366455,pdb_00008hq7_M_N
16651,6,train,0.6738883852958679,pdb_00005x8l_G_L
16652,6,train,0.3847733438014984,pdb_00008txu_H_L
16653,6,train,0.5119367837905884,pdb_00009q5v_K_J
16654,6,train,0.7088716626167297,pdb_00007upb_C_F
16655,6,train,1.1101475954055786,pdb_00008eeu_H_L
16656,6,train,0.22198893129825592,pdb_00007jum_I1_I2
16657,6,train,0.6416324973106384,pdb_00009ib1_H_L
16658,6,train,1.1267709732055664,pdb_00005tfw_H_L
16659,6,train,0.49605345726013184,pdb_00007rk2_C1_C2
16660,6,train,0.5504773855209351,pdb_00009ci8_D_C
16661,6,train,0.009559651836752892,pdb_00008jim_S1_S2
16662,6,train,0.3257986903190613,pdb_00007chc_H_L
16663,6,train,0.8899657130241394,pdb_00008dv6_H_D
16664,6,train,1.2613835334777832,pdb_00009xsx_B_C
16665,6,train,0.6280611753463745,pdb_00009jeb_C1_C2
16666,6,train,0.7881525754928589,pdb_00008dv6_C_L
16667,6,train,0.782731294631958,pdb_00007x2w_H_L
16668,6,train,0.3400627374649048,pdb_00001fj1_B_A
16669,6,train,0.6741113662719727,pdb_00008u44_S_T
16670,6,train,0.24405421316623688,pdb_00001tqc_B_C
16671,6,train,0.9094362258911133,pdb_00009ma7_D_E
16672,6,train,0.013797496445477009,pdb_00008hoc_S1_S2
16673,6,train,0.8289134502410889,pdb_00008jeo_E_F
16674,6,train,0.0176044013351202,pdb_00008xyk_S1_S2
16675,6,train,0.39963215589523315,pdb_00009q71_I_J
16676,6,train,1.1626721620559692,pdb_00006bpc_B_C
16677,6,train,0.0816793367266655,pdb_00003ri5_J_M
16678,6,train,0.5035584568977356,pdb_00008wpy_C_D
16679,6,train,0.5457262396812439,pdb_00008zd5_K_L
16680,6,train,0.0932283103466034,pdb_00009ctu_F_E
16681,6,train,0.36170321702957153,pdb_00007xeg_E_F
16682,6,train,0.4946928024291992,pdb_00008gv6_G_H
16683,6,train,0.023903654888272285,pdb_00003f7v_A_B
16684,6,train,0.4790429472923279,pdb_00003u30_F_E
16685,6,train,0.30497726798057556,pdb_00007lop_B_C
16686,6,train,0.5926313996315002,pdb_00008dcm_A_B
16687,6,train,0.13516923785209656,pdb_00005aaw_H1_H2
16688,6,train,1.2269505262374878,pdb_00008s72_X_Y
16689,6,train,0.29106566309928894,pdb_00001kiq_B_A
16690,6,train,0.8309593200683594,pdb_00009oi3_I_J
16691,6,train,0.7982601523399353,pdb_00007uvq_D_E
16692,6,train,0.5831735730171204,pdb_00009mtf_H_L
16693,6,train,0.6684470772743225,pdb_00008jin_P2_P1
16694,6,train,0.34099188446998596,pdb_00009l6c_H_L
16695,6,train,0.017008338123559952,pdb_00009kfj_S1_S2
16696,6,train,0.5954469442367554,pdb_00002eiz_B_A
16697,6,train,0.01384598109871149,pdb_00008tb0_F1_F2
16698,6,train,0.8841723203659058,pdb_00008tnt_G_F
16699,6,train,0.015600350685417652,pdb_00008jbf_E1_E2
16700,6,train,0.009881523437798023,pdb_00002ht2_E_F
16701,6,train,0.012459618970751762,pdb_00003ejz_E_F
16702,6,train,0.016952862963080406,pdb_00009jky_S1_S2
16703,6,train,0.5117217898368835,pdb_00007wk0_D_E
16704,6,train,1.020290732383728,pdb_00008w0y_A_B
16705,6,train,0.6438774466514587,pdb_00004gxu_Q_R
16706,6,train,0.013527948409318924,pdb_00007ew2_S1_S2
16707,6,train,0.012844190932810307,pdb_00007euo_S1_S2
16708,6,train,0.6069705486297607,pdb_00009mtg_H_L
16709,6,train,0.7283464670181274,pdb_00009lsj_D1_E2
16710,6,train,0.03847048059105873,pdb_00009oup_H_L
16711,6,train,1.0116666555404663,pdb_00009e3l_G_H
16712,6,train,0.01287443470209837,pdb_00009kvi_E1_E2
16713,6,train,0.019769886508584023,pdb_00008j20_B1_B2
16714,6,train,0.47147276997566223,pdb_00009pw4_C_D
16715,6,train,0.5424691438674927,pdb_00008gs9_H_K
16716,6,train,0.01326542254537344,pdb_00007d77_S1_S2
16717,6,train,0.5442705154418945,pdb_00007l7e_C_D
16718,6,train,0.4810638725757599,pdb_00007eam_H_L
16719,6,train,0.8279218673706055,pdb_00006ogx_C_D
16720,6,train,0.9101887941360474,pdb_00007sbd_H_L
16721,6,train,0.49201342463493347,pdb_00008y3k_I_J
16722,6,train,0.5384357571601868,pdb_00001fsk_I_H
16723,6,train,0.06926888972520828,pdb_00004tnw_J_M
16724,6,train,0.8773440718650818,pdb_00006aru_C_B
16725,6,train,0.778229296207428,pdb_00001yy9_D_C
16726,6,train,0.04731670394539833,pdb_00009vnz_E1_E2
16727,6,train,0.008650396019220352,pdb_00007y24_S1_S2
16728,6,train,0.7395608425140381,pdb_00006d0u_K_L
16729,6,train,0.49984487891197205,pdb_00006n5e_E_D
16730,6,train,0.538585901260376,pdb_00009b82_H_L
16731,6,train,0.014890318736433983,pdb_00003fb7_A_B
16732,6,train,0.17823846638202667,pdb_00009jy4_R_Q
16733,6,train,0.7477917075157166,pdb_00009shd_H_L
16734,6,train,0.008950098417699337,pdb_00008ykx_E1_E2
16735,6,train,0.022235043346881866,pdb_00007dw9_S1_S2
16736,6,train,0.17775684595108032,pdb_00001nby_B_A
16737,6,train,0.32696086168289185,pdb_00008hws_H_L
16738,6,train,0.5074816942214966,pdb_00004np4_H_L
16739,6,train,0.2575211524963379,pdb_00002qr0_B_A
16740,6,train,0.00992858037352562,pdb_00003ejy_C_D
16741,6,train,0.025026438757777214,pdb_00008ef5_E1_E2
16742,6,train,0.3962312936782837,pdb_00007yck_E_F
16743,6,train,0.7418074607849121,pdb_00007bbj_H_L
16744,6,train,0.6112481951713562,pdb_00008y3i_I_J
16745,6,train,0.24607247114181519,pdb_00006xc4_H_L
16746,6,train,0.02907535992562771,pdb_00007w6p_H1_H2
16747,6,train,0.008392366580665112,pdb_00008yyx_A1_A2
16748,6,train,0.03291139379143715,pdb_00007vgs_F_E
16749,6,train,0.04971657693386078,pdb_00007u0g_O1_O2
16750,6,train,0.1252920925617218,pdb_00006vmk_V_U
16751,6,train,0.40800148248672485,pdb_00007zlg_H_L
16752,6,train,0.5936675071716309,pdb_00008erq_H_L
16753,6,train,0.6002513766288757,pdb_00008g5a_H_L
16754,6,train,1.0758006572723389,pdb_00007unb_H_L
16755,6,train,0.453490674495697,pdb_00009hh9_I_H
16756,6,train,1.0821737051010132,pdb_00008v52_D_C
16757,6,train,1.0931354761123657,pdb_00009l8z_C_B
16758,6,train,0.40933799743652344,pdb_00009irs_S_T
16759,6,train,0.01964080147445202,pdb_00009izd_S1_S2
16760,6,train,0.453680157661438,pdb_00008vgl_H_L
16761,6,train,0.31912359595298767,pdb_00009wb3_B_C
16762,6,train,0.16549113392829895,pdb_00002qr0_L_K
16763,6,train,0.23210082948207855,pdb_00006bae_B_A
16764,6,train,0.01165806781500578,pdb_00003fb8_A_B
16765,6,train,0.822587251663208,pdb_00005vqm_D_C
16766,6,train,0.7102635502815247,pdb_00008kdt_H_L
16767,6,train,0.5719974637031555,pdb_00009ue8_M_N
16768,6,train,0.47933268547058105,pdb_00008gsc_H_L
16769,6,train,0.6109354496002197,pdb_00006bpa_B_C
16770,6,train,0.928923487663269,pdb_00001ztx_H_L
16771,6,train,0.33837053179740906,pdb_00007mzk_F_E
16772,6,train,0.01122316438704729,pdb_00009ego_S1_S2
16773,6,train,0.17593888938426971,pdb_00004tnw_X_i
16774,6,train,0.03454596549272537,pdb_00006x3v_J_I
16775,6,train,1.1893600225448608,pdb_00006mtq_H_L
16776,6,train,0.33246761560440063,pdb_00008ulf_K_O
16777,6,train,0.692728579044342,pdb_00008f0h_H_L
16778,6,train,0.013804355636239052,pdb_00008hnk_S1_S2
16779,6,train,0.010358162224292755,pdb_00007w2z_S1_S2
16780,6,train,0.01850440539419651,pdb_00008dk5_K1_K2
16781,6,train,0.5436849594116211,pdb_00009mqa_I_M
16782,6,train,0.10783618688583374,pdb_00002qr0_H_G
16783,6,train,0.30792197585105896,pdb_00008jkf_h_l
16784,6,train,0.5190389156341553,pdb_00006wtu_B_C
16785,6,train,0.48863473534584045,pdb_00007wqv_P1_P2
16786,6,train,0.10079805552959442,pdb_00001xgq_B_A
16787,6,train,0.7172682285308838,pdb_00008u4q_H_L
16788,6,train,0.09692753851413727,pdb_00006vmk_r_q
16789,6,train,0.5398029685020447,pdb_00007ahu_H_L
16790,6,train,1.0413488149642944,pdb_00001rzk_H_L
16791,6,train,0.6597238779067993,pdb_00008z6x_B_C
16792,6,train,0.6753863096237183,pdb_00008bg1_G_H
16793,6,train,1.2594431638717651,pdb_00009wai_E_F
16794,6,train,0.005780395120382309,pdb_00006adb_E_F
16795,6,train,0.9386263489723206,pdb_00008fdo_A_B
16796,6,train,0.450722336769104,pdb_00005x8l_S_N
16797,6,train,0.023094765841960907,pdb_00009ejc_D1_D2
16798,6,train,0.006401095539331436,pdb_00008gag_S1_S2
16799,6,train,0.013994778506457806,pdb_00008ubi_M2_M1
16800,6,train,0.006880567409098148,pdb_00008yyw_B1_B2
16801,6,train,0.17545251548290253,pdb_00004tnw_V_Z
16802,6,train,0.38031959533691406,pdb_00007nx8_H_L
16803,6,train,0.011364965699613094,pdb_00007t94_E1_E2
16804,6,train,0.019338756799697876,pdb_00007yj4_S1_S2
16805,6,train,0.007185814902186394,pdb_00008dzp_E1_E2
16806,6,train,0.6361289024353027,pdb_00008oxx_B_C
16807,6,train,0.006223984062671661,pdb_00007t10_S1_S2
16808,6,train,0.6180280447006226,pdb_00009bt5_C_D
16809,6,train,1.0362069606781006,pdb_00003lzf_H_L
16810,6,train,1.3357596397399902,pdb_00006ddv_B_A
16811,6,train,0.7321563363075256,pdb_00007tbf_H_L
16812,6,train,0.7643645405769348,pdb_00007qnx_A_B
16813,6,train,0.7997954487800598,pdb_00008p12_H_L
16814,6,train,0.08489668369293213,pdb_00007xk2_S1_S2
16815,6,train,0.006213099230080843,pdb_00002r9h_E_F
16816,6,train,1.039715051651001,pdb_00004fqj_H_L
16817,6,train,0.4537305235862732,pdb_00006n5d_C_D
16818,6,train,0.4985641837120056,pdb_00007zfb_J_K
16819,6,train,0.7400661706924438,pdb_00007uzc_E_F
16820,6,train,0.6093227863311768,pdb_00007y6k_E1_E2
16821,6,train,0.0054153804667294025,pdb_00007na8_N1_N2
16822,6,train,0.33543914556503296,pdb_00008wpw_H_L
16823,6,train,0.3942222595214844,pdb_00007sco_E_F
16824,6,train,0.09130647033452988,pdb_00009oum_H_L
16825,6,train,0.0069653550162911415,pdb_00007tuz_E1_E2
16826,6,train,0.041651900857686996,pdb_00007p00_H1_H2
16827,6,train,0.31535184383392334,pdb_00007f7h_A_B
16828,6,train,0.49134692549705505,pdb_00003eo1_B_A
16829,6,train,0.005804875399917364,pdb_00008spu_K1_K2
16830,6,train,0.7482672333717346,pdb_00007t82_D_C
16831,6,train,0.6137425303459167,pdb_00008z6t_B_C
16832,6,train,0.01975754275918007,pdb_00007ys6_E1_E2
16833,6,train,0.47090789675712585,pdb_00009mtg_M_N
16834,6,train,0.014455513097345829,pdb_00008k4s_D1_D2
16835,6,train,0.03955409303307533,pdb_00002fed_C_D
16836,6,train,0.6322985887527466,pdb_00008v5v_c_e
16837,6,train,0.033738549798727036,pdb_00006x3s_K_L
16838,6,train,0.9944965243339539,pdb_00006wqo_E_F
16839,6,train,0.4169113039970398,pdb_00005wko_K_L
16840,6,train,0.019214274361729622,pdb_00007rkm_D1_D2
16841,6,train,0.009149513207376003,pdb_00008syp_M1_M2
16842,6,train,0.008129934780299664,pdb_00008j1a_S1_S2
16843,6,train,0.010484009049832821,pdb_00009jmc_E1_E2
16844,6,train,0.007450400851666927,pdb_00006lfo_S1_S2
16845,6,train,0.010326704941689968,pdb_00003zdz_E_F
16846,6,train,0.31484413146972656,pdb_00006ba5_D_C
16847,6,train,0.021748198196291924,pdb_00007xms_S1_S2
16848,6,train,0.01307083759456873,pdb_00001ott_E_F
16849,6,train,0.027462536469101906,pdb_00008i9s_H1_H2
16850,6,train,0.8313340544700623,pdb_00001adq_H_L
16851,6,train,0.696341335773468,pdb_00006gv4_H_L
16852,6,train,0.4083997905254364,pdb_00002vis_B_A
16853,6,train,0.00906731653958559,pdb_00009jr2_S1_S2
16854,6,train,0.7639603018760681,pdb_00006woz_B_C
16855,6,train,0.009353392757475376,pdb_00007w53_E1_E2
16856,6,train,0.10876481980085373,pdb_00006yz7_HHH_LLL
16857,6,train,0.5864337682723999,pdb_00003wd5_H_L
16858,6,train,0.016766946762800217,pdb_00008xqo_S1_S2
16859,6,train,0.3912225663661957,pdb_00009oj4_B_A
16860,6,train,0.5485795736312866,pdb_00007dpm_D_E
16861,6,train,0.02167525701224804,pdb_00008ubj_M2_M1
16862,6,train,0.48426416516304016,pdb_00009ctw_F_E
16863,6,train,0.013581483624875546,pdb_00002vdp_H_L
16864,6,train,0.6417731046676636,pdb_00009leo_C_D
16865,6,train,0.35594847798347473,pdb_00004hg4_N_O
16866,6,train,0.03185499086976051,pdb_00008t3o_N1_N2
16867,6,train,0.07814221829175949,pdb_00006vmk_P_O
16868,6,train,0.6796713471412659,pdb_00006wtv_K_L
16869,6,train,0.012931689620018005,pdb_00008yh3_S1_S2
16870,6,train,0.8067924976348877,pdb_00002oz4_H_L
16871,6,train,0.009506016969680786,pdb_00009iv1_S1_S2
16872,6,train,0.45513916015625,pdb_00009qub_F_E
16873,6,train,0.026842059567570686,pdb_00008efl_E1_E2
16874,6,train,0.00758083863183856,pdb_00007exd_E1_E2
16875,6,train,0.46164461970329285,pdb_00009n4f_O_P
16876,6,train,0.015042600221931934,pdb_00008xzj_S1_S2
16877,6,train,0.2361663579940796,pdb_00008ulf_J_N
16878,6,train,0.022644994780421257,pdb_00009axf_H1_H2
16879,6,train,0.6903583407402039,pdb_00007tbf_D_E
16880,6,train,0.020248383283615112,pdb_00008j6l_H1_H2
16881,6,train,0.1983773410320282,pdb_00009hhr_L_H
16882,6,train,0.5395320057868958,pdb_00007mem_H_L
16883,6,train,0.320432186126709,pdb_00007sts_A_B
16884,6,train,0.007233520969748497,pdb_00007s8m_E1_E2
16885,6,train,0.026313871145248413,pdb_00009u4w_S1_S2
16886,6,train,0.6771060824394226,pdb_00009cu7_I_M
16887,6,train,0.9976599812507629,pdb_00007n4j_H_L
16888,6,train,0.8248440027236938,pdb_00009npg_K_J
16889,6,train,0.7925570011138916,pdb_00007whz_C_E
16890,6,train,1.1204047203063965,pdb_00006wex_H_L
16891,6,train,0.010654766112565994,pdb_00008sid_K_L
16892,6,train,0.7674933671951294,pdb_00007t0w_H_L
16893,6,train,1.0979900360107422,pdb_00008w5h_H_L
16894,6,train,0.013147037476301193,pdb_00008xor_E1_E2
16895,6,train,0.010398170910775661,pdb_00007db6_E1_E2
16896,6,train,0.2706877291202545,pdb_00008jkf_m_n
16897,6,train,0.010799604468047619,pdb_00008hcx_E1_E2
16898,6,train,0.012518827803432941,pdb_00007ezm_H1_H2
16899,6,train,0.3319670855998993,pdb_00007x2k_H_L
16900,6,train,0.8449150919914246,pdb_00007q6c_H_L
16901,6,train,0.026994219049811363,pdb_00009k27_D1_D2
16902,6,train,0.15094590187072754,pdb_00004tnw_G_K
16903,6,train,1.0072424411773682,pdb_00009vca_H_L
16904,6,train,0.16245217621326447,pdb_00006ban_D_C
16905,6,train,0.03105243295431137,pdb_00008z8b_S1_S2
16906,6,train,0.4243214726448059,pdb_00008j7e_C_D
16907,6,train,0.8723976612091064,pdb_00009oap_H_L
16908,6,train,0.8539319634437561,pdb_00004u6h_A_B
16909,6,train,0.6517778635025024,pdb_00004al8_H_L
16910,6,train,0.13801349699497223,pdb_00001ic7_H_L
16911,6,train,0.7949671149253845,pdb_00008tbq_A_B
16912,6,train,0.8439294099807739,pdb_00004v1d_D_E
16913,6,train,0.02410079725086689,pdb_00008ihi_S1_S2
16914,6,train,0.6015127897262573,pdb_00006ywc_A_B
16915,6,train,0.34833648800849915,pdb_00008jel_A_B
16916,6,train,0.41862770915031433,pdb_00007xj9_G_F
16917,6,train,0.01567358709871769,pdb_00009kug_H1_H2
16918,6,train,0.8921247124671936,pdb_00005lsp_H_L
16919,6,train,0.4817363917827606,pdb_00008w84_A_B
16920,6,train,0.8228484392166138,pdb_00009yyu_I_M
16921,6,train,0.0810842290520668,pdb_00006k5a_C_D
16922,6,train,0.7422006130218506,pdb_00007yrh_F_E
16923,6,train,0.5815213322639465,pdb_00009fys_B_C
16924,6,train,1.0332163572311401,pdb_00004ubd_G_H
16925,6,train,0.009433121420443058,pdb_00002exy_E_F
16926,6,train,0.02006382867693901,pdb_00009iqt_E1_E2
16927,6,train,0.008853858336806297,pdb_00008k3z_S1_S2
16928,6,train,0.27005353569984436,pdb_00001xiw_D_C
16929,6,train,0.5493772029876709,pdb_00009mla_I_L
16930,6,train,0.02288788929581642,pdb_00008xjn_E1_E2
16931,6,train,0.018796658143401146,pdb_00008x2k_E1_E2
16932,6,train,1.2098990678787231,pdb_00007m3l_B_C
16933,6,train,0.37931910157203674,pdb_00007ubs_J1_J2
16934,6,train,0.02918853983283043,pdb_00003ejz_C_D
16935,6,train,0.5705414414405823,pdb_00008eqf_H_L
16936,6,train,0.011576022021472454,pdb_00009vi9_S1_S2
16937,6,train,0.6429364085197449,pdb_00004v1d_A_B
16938,6,train,0.9210311770439148,pdb_00007kq7_H_L
16939,6,train,0.6912853717803955,pdb_00008f6x_E1_E2
16940,6,train,0.790999174118042,pdb_00006uig_B_C
16941,6,train,0.009188249707221985,pdb_00008syp_N1_N2
16942,6,train,0.3941735327243805,pdb_00008zd5_B_C
16943,6,train,0.008987421169877052,pdb_00006dzt_N1_N2
16944,6,train,0.5727997422218323,pdb_00003klh_D_C
16945,6,train,1.9102520942687988,pdb_00008edf_H_L
16946,6,train,0.08144274353981018,pdb_00008iz4_E1_E2
16947,6,train,0.03556911274790764,pdb_00007rbt_E1_E2
16948,6,train,0.6725677847862244,pdb_00009f90_A_B
16949,6,train,0.6603350043296814,pdb_00008w5r_H_L
16950,6,train,0.013814142905175686,pdb_00007vuy_S1_S2
16951,6,train,0.6948066353797913,pdb_00006hga_H_L
16952,6,train,0.658859133720398,pdb_00006a4k_I_M
16953,6,train,0.0584537610411644,pdb_00007vgs_D_C
16954,6,train,0.367963582277298,pdb_00009cq4_C_D
16955,6,train,0.3807579576969147,pdb_00007mzh_B_C
16956,6,train,0.010053933598101139,pdb_00008xjk_E1_E2
16957,6,train,0.7742562294006348,pdb_00009mtl_I_J
16958,6,train,0.6312973499298096,pdb_00007f0x_B1_B2
16959,6,train,0.7106199264526367,pdb_00005vqm_H_L
16960,6,train,0.32336971163749695,pdb_00007pry_F_G
16961,6,train,0.007711577694863081,pdb_00008h0q_E1_E2
16962,6,train,0.30045759677886963,pdb_00001t03_H_L
16963,6,train,0.02491450309753418,pdb_00006x3t_K_L
16964,6,train,0.7083854675292969,pdb_00009cff_H_L
16965,6,train,0.03154851496219635,pdb_00008xos_E1_E2
16966,6,train,0.031834159046411514,pdb_00008uwl_E1_E2
16967,6,train,0.36902284622192383,pdb_00008bcz_E_F
16968,6,train,0.00938032940030098,pdb_00008guq_S1_S2
16969,6,train,0.41962912678718567,pdb_00009iz9_M_N
16970,6,train,0.09937284141778946,pdb_00002dqe_H_L
16971,6,train,0.7163947224617004,pdb_00004dkf_I_M
16972,6,train,0.005989265628159046,pdb_00009jmd_E1_E2
16973,6,train,0.05579152703285217,pdb_00009nz4_D_C
16974,6,train,0.006542250048369169,pdb_00008yn5_E1_E2
16975,6,train,1.4645054340362549,pdb_00005dfw_H1_H2
16976,6,train,0.45391348004341125,pdb_00006n5d_E_F
16977,6,train,0.011176001280546188,pdb_00007trs_H1_H2
16978,6,train,0.03869218751788139,pdb_00008j6p_S1_S2
16979,6,train,0.0047624255530536175,pdb_00006k5a_E_F
16980,6,train,0.5071327090263367,pdb_00007rks_I_M
16981,6,train,0.005701788701117039,pdb_00007wz7_C1_C2
16982,6,train,0.012315756641328335,pdb_00008jso_S1_S2
16983,6,train,0.19455210864543915,pdb_00001n5y_H_L
16984,6,train,0.8878817558288574,pdb_00004lmq_E_I
16985,6,train,0.0137697234749794,pdb_00009m8l_N1_N2
16986,6,train,0.7323673963546753,pdb_00006osv_H_L
16987,6,train,0.3521430790424347,pdb_00005kov_K1_K2
16988,6,train,0.012152702547609806,pdb_00009ydv_E1_E2
16989,6,train,1.259116768836975,pdb_00006cvk_A2_A1
16990,6,train,0.003515923861414194,pdb_00003ejy_E_F
16991,6,train,0.3488280177116394,pdb_00007xei_E_F
16992,6,train,0.6814294457435608,pdb_00008uzp_A_B
16993,6,train,0.43358084559440613,pdb_00007wvd_G_H
16994,6,train,0.39185619354248047,pdb_00005x8l_H_M
16995,6,train,0.7327587604522705,pdb_00007t3d_H_L
16996,6,train,0.6661843657493591,pdb_00007m42_D_C
16997,6,train,0.3672358989715576,pdb_00001dzb_A1_A2
16998,6,train,0.2900933623313904,pdb_00007x1m_H_L
16999,6,train,0.004756137728691101,pdb_00002h2s_C_D
17000,6,train,0.3639732301235199,pdb_00007mzk_C_D
17001,6,train,0.38126638531684875,pdb_00008jel_F_G
17002,6,train,0.7250542044639587,pdb_00009mic_H_L
17003,6,train,0.39904242753982544,pdb_00004np4_I_M
17004,6,train,0.6507349014282227,pdb_00007ttm_H_L
17005,6,train,0.006757986731827259,pdb_00009k6l_S1_S2
17006,6,train,0.01566554233431816,pdb_00007wig_S1_S2
17007,6,train,0.6498048305511475,pdb_00003c09_H_L
17008,6,train,0.7732484936714172,pdb_00008xe9_A_B
17009,6,train,0.8478084206581116,pdb_00009h6u_H_L
17010,6,train,1.2834436893463135,pdb_00009kve_D_F
17011,6,train,0.6267256736755371,pdb_00006wzl_A_B
17012,6,train,0.4949198067188263,pdb_00007xsc_A_B
17013,6,train,0.0916651040315628,pdb_00007mhr_A_B
17014,6,train,0.007282796781510115,pdb_00008j18_S1_S2
17015,6,train,0.5331064462661743,pdb_00009npg_A_B
17016,6,train,0.41579747200012207,pdb_00003v4v_M_N
17017,6,train,0.5237143635749817,pdb_00009p1m_F_E
17018,6,train,0.3369578719139099,pdb_00007wbz_H_L
17019,6,train,0.03451397269964218,pdb_00008wrb_E1_E2
17020,6,train,0.054222073405981064,pdb_00006x40_J_I
17021,6,train,0.6772482395172119,pdb_00007t0w_O_P
17022,6,train,0.8306795358657837,pdb_00004ki5_C_D
17023,6,train,0.5511099100112915,pdb_00009npg_G_H
17024,6,train,0.5200602412223816,pdb_00004am0_H_L
17025,6,train,0.007879053242504597,pdb_00007qvm_S1_S2
17026,6,train,0.9367703795433044,pdb_00007y0w_A_B
17027,6,train,0.008982899598777294,pdb_00009ik8_E1_E2
17028,6,train,0.02014107257127762,pdb_00008gcm_E1_E2
17029,6,train,0.502960205078125,pdb_00004odx_H_B
17030,6,train,0.5537221431732178,pdb_00007e3o_H_L
17031,6,train,0.5743245482444763,pdb_00007dpm_J_K
17032,6,train,0.5023152828216553,pdb_00007vyt_B_C
17033,6,train,0.20375174283981323,pdb_00005u5f_B_A
17034,6,train,0.6052091717720032,pdb_00008dwo_H_L
17035,6,train,0.007857556454837322,pdb_00009x20_E1_E2
17036,6,train,0.9510972499847412,pdb_00005c0n_C_D
17037,6,train,0.007861974649131298,pdb_00006wwz_S1_S2
17038,6,train,0.6353616714477539,pdb_00006woz_E_F
17039,6,train,0.23815716803073883,pdb_00008f2j_A_B
17040,6,train,0.10389657318592072,pdb_00001ic5_H_L
17041,6,train,0.021723080426454544,pdb_00008e9z_E1_E2
17042,6,train,0.2299267202615738,pdb_00008jen_E_F
17043,6,train,1.2962117195129395,pdb_00003h3b_C2_C1
17044,6,train,0.4560752213001251,pdb_00005jz7_C_D
17045,6,train,0.3084850013256073,pdb_00007ejy_H_L
17046,6,train,0.029377881437540054,pdb_00009jed_S1_S2
17047,6,train,0.6934828758239746,pdb_00009ima_C_D
17048,6,train,0.44117119908332825,pdb_00007lop_H_L
17049,6,train,0.023425456136465073,pdb_00007k63_N2_N1
17050,6,train,0.01829051598906517,pdb_00008vqy_K_L
17051,6,train,1.116666316986084,pdb_00006xm2_F_E
17052,6,train,0.00925870519131422,pdb_00009vo1_E1_E2
17053,6,train,0.006106863729655743,pdb_00009vnf_E1_E2
17054,6,train,0.7392397522926331,pdb_00007b0b_H_L
17055,6,train,0.9018650650978088,pdb_00004lvh_H_I
17056,6,train,0.6578302979469299,pdb_00009mtm_M_N
17057,6,train,0.8949489593505859,pdb_00005e94_D_C
17058,6,train,0.27250152826309204,pdb_00007zf9_A_B
17059,6,train,0.7822451591491699,pdb_00006h3u_H_L
17060,6,train,0.1617000699043274,pdb_00009jy1_R_Q
17061,6,train,0.014820775017142296,pdb_00008xzf_S1_S2
17062,6,train,0.018032703548669815,pdb_00006x3x_J_I
17063,6,train,0.010610578581690788,pdb_00008z3m_S1_S2
17064,6,train,0.7367990612983704,pdb_00008ee8_D_C
17065,6,train,0.3991231322288513,pdb_00005wk3_W_V
17066,6,train,0.0369180291891098,pdb_00003t3m_E_F
17067,6,train,0.4065064787864685,pdb_00002x7l_H_L
17068,6,train,0.20083381235599518,pdb_00008ulf_I_M
17069,6,train,0.009075754322111607,pdb_00007wy0_C1_C2
17070,6,train,0.012443246319890022,pdb_00007eo4_E1_E2
17071,6,train,0.1119566336274147,pdb_00008zbe_E1_E2
17072,6,train,1.1950154304504395,pdb_00003mj9_H_L
17073,6,train,0.1745281219482422,pdb_00008jen_A_B
17074,6,train,0.5241749882698059,pdb_00007wk0_A_B
17075,6,train,0.46372610330581665,pdb_00006wzj_A_B
17076,6,train,0.5250318646430969,pdb_00009lrh_H_L
17077,6,train,0.4768869876861572,pdb_00009cn2_B1_B2
17078,6,train,0.10021275281906128,pdb_00006k5d_C_D
17079,6,train,0.6517922878265381,pdb_00009mif_H_L
17080,6,train,0.5714810490608215,pdb_00002fjh_H_L
17081,6,train,0.007173452060669661,pdb_00007kh0_S1_S2
17082,6,train,0.9233852028846741,pdb_00007wcr_a_b
17083,6,train,0.3598887026309967,pdb_00007dk2_A_B
17084,6,train,0.03766912221908569,pdb_00009nz5_B_C
17085,6,train,0.009842032566666603,pdb_00009p0m_F1_F2
17086,6,train,0.008007082156836987,pdb_00007ydj_E1_E2
17087,6,train,0.009825116954743862,pdb_00008xjm_E1_E2
17088,6,train,0.29456406831741333,pdb_00009me7_I_M
17089,6,train,0.7676939368247986,pdb_00009mq9_J_N
17090,6,train,0.00962535198777914,pdb_00008kfy_S1_S2
17091,6,train,0.4175546169281006,pdb_00004tsc_H_L
17092,6,train,0.5350678563117981,pdb_00009bt5_E_F
17093,6,train,0.031239962205290794,pdb_00007xau_E1_E2
17094,6,train,0.6609460711479187,pdb_00009eti_H_L
17095,6,train,0.4301571249961853,pdb_00006ii8_G_I
17096,6,train,0.45827484130859375,pdb_00009mtm_I_J
17097,6,train,0.7893601059913635,pdb_00008cxg_h_l
17098,6,train,0.02806604467332363,pdb_00008i97_H1_H2
17099,6,train,0.4052524268627167,pdb_00008too_H_E
17100,6,train,0.03405127301812172,pdb_00009ov4_J_K
17101,6,train,0.11296288669109344,pdb_00009me4_I_M
17102,6,train,1.0069025754928589,pdb_00006s3d_H_L
17103,6,train,0.9017319083213806,pdb_00009n5z_A_B
17104,6,train,0.7804459929466248,pdb_00007lg6_C_D
17105,6,train,0.016977781429886818,pdb_00008g05_E1_E2
17106,6,train,0.018836872652173042,pdb_00007xxh_H1_H2
17107,6,train,0.7780289649963379,pdb_00007uvq_C_B
17108,6,train,0.23449395596981049,pdb_000011oo_H_L
17109,6,train,0.01151901762932539,pdb_00007jhj_D1_D2
17110,6,train,0.6462963223457336,pdb_00007n0u_H_L
17111,6,train,0.9371310472488403,pdb_00008tp5_H_L
17112,6,train,0.020793214440345764,pdb_00009ydu_E1_E2
17113,6,train,0.023725630715489388,pdb_00007t6v_E1_E2
17114,6,train,0.023747451603412628,pdb_00002h2p_E_F
17115,6,train,0.4222078323364258,pdb_00007vgr_D_C
17116,6,train,0.45782527327537537,pdb_00008vgm_E_F
17117,6,train,0.01609536074101925,pdb_00007vgy_E1_E2
17118,6,train,0.43588587641716003,pdb_00008zh7_H_I
17119,6,train,0.22727981209754944,pdb_00007kfw_F_G
17120,6,train,0.5742091536521912,pdb_00003v6z_A_B
17121,6,train,0.6910589933395386,pdb_00008zdw_U_R
17122,6,train,0.9258080720901489,pdb_00003o2d_H_L
17123,6,train,0.17382553219795227,pdb_00001uac_H_L
17124,6,train,0.013220473192632198,pdb_00009clw_N1_N2
17125,6,train,0.3153545558452606,pdb_00009mtm_H_L
17126,6,train,0.644055187702179,pdb_00007k9z_B_A
17127,6,train,0.9786461591720581,pdb_00008ygs_H_L
17128,6,train,0.5135595202445984,pdb_00008g5a_J_N
17129,6,train,0.2364693284034729,pdb_00003hfm_H_L
17130,6,train,0.8037296533584595,pdb_00002ybr_G_H
17131,6,train,0.14104491472244263,pdb_00006vmk_c_b
17132,6,train,0.027428679168224335,pdb_00002dqj_H_L
17133,6,train,0.01806366629898548,pdb_00007yon_S1_S2
17134,6,train,0.01401191484183073,pdb_00008jil_S1_S2
17135,6,train,0.5559753179550171,pdb_00009cu7_H_L
17136,6,train,0.7786864638328552,pdb_00009bdi_C_D
17137,6,train,0.6193956136703491,pdb_00008eoo_F_K
17138,6,train,0.008267314173281193,pdb_00007w3z_H1_H2
17139,6,train,0.007819507271051407,pdb_00009vmo_S1_S2
17140,6,train,0.6304289102554321,pdb_00009n8j_F_G
17141,6,train,1.6832311153411865,pdb_00008c7h_L_K
17142,6,train,0.4916532039642334,pdb_00001fsk_F_E
17143,6,train,0.010251566767692566,pdb_00007k78_L1_L2
17144,6,train,0.0146469222381711,pdb_00002vc2_H_L
17145,6,train,0.4205501973628998,pdb_00007lg6_K_N
17146,6,train,0.7140195965766907,pdb_00007qny_A_B
17147,6,train,0.10270936042070389,pdb_00006yor_H_L
17148,6,train,0.9719398021697998,pdb_00006wds_H_L
17149,6,train,0.19132272899150848,pdb_00006xe1_H_L
17150,6,train,0.9606105089187622,pdb_00009y41_H_L
17151,6,train,0.011517374776303768,pdb_00007yoo_S1_S2
17152,6,train,0.6433321833610535,pdb_00008u4s_F_E
17153,6,train,0.4962289035320282,pdb_00006pi7_F_E
17154,6,train,0.6029394268989563,pdb_00009mtl_M_N
17155,6,train,0.667305588722229,pdb_00009og2_D_E
17156,6,train,0.23941738903522491,pdb_00009jy3_P_O
17157,6,train,0.42520514130592346,pdb_00002yss_B_A
17158,6,train,0.769062876701355,pdb_00008tfl_H_L
17159,6,train,0.6827322840690613,pdb_00007shy_K_L
17160,6,train,0.43952447175979614,pdb_00003eo1_E_D
17161,6,train,0.03081613965332508,pdb_00008h8j_H1_H2
17162,6,train,0.7041839361190796,pdb_00006xy2_H_L
17163,6,train,0.5424577593803406,pdb_00004h88_H_L
17164,6,train,0.003869157750159502,pdb_00006oij_H1_H2
17165,6,train,0.3671111464500427,pdb_00007pqy_B_C
17166,6,train,0.007550030015408993,pdb_00007u0g_N1_N2
17167,6,train,0.08161593973636627,pdb_00009kt7_E1_E2
17168,6,train,0.6055278778076172,pdb_00005w0k_E_F
17169,6,train,0.6848393678665161,pdb_00007pa7_ooo2_ooo1
17170,6,train,0.7089518308639526,pdb_00008gy5_H_L
17171,6,train,0.04667847231030464,pdb_00009zqb_I2_I1
17172,6,train,0.5045113563537598,pdb_00004gxu_O_P
17173,6,train,0.014944267459213734,pdb_00001j1x_H_L
17174,6,train,0.3713245093822479,pdb_00008go8_H_L
17175,6,train,0.017186665907502174,pdb_00008h0p_E1_E2
17176,6,train,0.9798001050949097,pdb_00002r56_H_L
17177,6,train,0.3570074141025543,pdb_00001xgu_B_A
17178,6,train,0.011892720125615597,pdb_00008x9t_S1_S2
17179,6,train,0.04340489208698273,pdb_00003nig_H_L
17180,6,train,0.8734169006347656,pdb_00007rxj_A_B
17181,6,train,0.1032714992761612,pdb_00006vmk_i_h
17182,6,train,0.7550997138023376,pdb_00009dn2_H_L
17183,6,train,0.006666285451501608,pdb_00007vif_E1_E2
17184,6,train,0.009824629873037338,pdb_00007s8p_E1_E2
17185,6,train,0.015691403299570084,pdb_00009vjf_E1_E2
17186,6,train,0.436219185590744,pdb_00008w83_E_F
17187,6,train,0.6862521171569824,pdb_00007scn_J_K
17188,6,train,0.7875609397888184,pdb_00004lvh_E_F
17189,6,train,0.01177939772605896,pdb_00002ht4_E_F
17190,6,train,0.013844763860106468,pdb_00001otu_C_D
17191,6,train,0.007423674687743187,pdb_00007x10_E1_E2
17192,6,train,0.1651303470134735,pdb_00008vgk_J_I
17193,6,train,0.6328068375587463,pdb_00006o1f_H_L
17194,6,train,0.7888455986976624,pdb_00009kve_E_G
17195,6,train,0.5704923272132874,pdb_00006xq2_F_E
17196,6,train,0.9106267094612122,pdb_00004kuc_F_E
17197,6,train,0.8249914646148682,pdb_00007uxl_A_B
17198,6,train,0.5174223780632019,pdb_00004n90_D_E
17199,6,train,0.7977764010429382,pdb_00006wtv_H_I
17200,6,train,0.4589920938014984,pdb_00005bo1_H_L
17201,6,train,0.6187991499900818,pdb_00009jbq_A_B
17202,6,train,0.7861887812614441,pdb_00009t5z_H_L
17203,6,train,0.0067690578289330006,pdb_00006k5f_E_F
17204,6,train,0.04219567030668259,pdb_00008hvi_H1_H2
17205,6,train,0.5132038593292236,pdb_00001tzh_H_L
17206,6,train,0.856062114238739,pdb_00006gv1_H_L
17207,6,train,0.00914765801280737,pdb_00009ite_E1_E2
17208,6,train,0.3142305910587311,pdb_00001vfb_B_A
17209,6,train,0.023639872670173645,pdb_00003hpl_A_B
17210,6,train,0.02781374379992485,pdb_00002hjf_A_B
17211,6,train,0.6914532780647278,pdb_00008dis_H_L
17212,6,train,1.0766146183013916,pdb_00008kdr_H_L
17213,6,train,0.23811867833137512,pdb_00005aaw_A1_A2
17214,6,train,0.5143940448760986,pdb_00007yrf_F_E
17215,6,train,0.3725229799747467,pdb_00001fdl_H_L
17216,6,train,0.590023398399353,pdb_00008v5v_f_g
17217,6,train,0.9716265797615051,pdb_00008bcz_A_B
17218,6,train,0.9055237174034119,pdb_00007tp3_H_L
17219,6,train,0.8516756296157837,pdb_00008bbo_H_L
17220,6,train,0.5267133116722107,pdb_00006vgr_C_D
17221,6,train,0.009353664703667164,pdb_00007vgx_S1_S2
17222,6,train,0.694662868976593,pdb_00007mkm_H_L
17223,6,train,0.01035341341048479,pdb_00007vih_E1_E2
17224,6,train,0.01992577314376831,pdb_00008yna_E1_E2
17225,6,train,0.9288116097450256,pdb_00005b8c_B_A
17226,6,train,0.43065106868743896,pdb_00009os5_H_K
17227,6,train,0.2836935520172119,pdb_00005dhy_H_L
17228,6,train,0.01911674253642559,pdb_00006dzt_M1_M2
17229,6,train,0.01629403419792652,pdb_00008yn9_E1_E2
17230,6,train,0.10546690970659256,pdb_00006vmk_l_k
17231,6,train,0.7317659258842468,pdb_00009mkn_O_P
17232,6,train,0.5938926339149475,pdb_00007rku_J_K
17233,6,train,0.014895191416144371,pdb_00008si9_K_L
17234,6,train,0.1167823001742363,pdb_00003b2u_J_K
17235,6,train,0.011615624651312828,pdb_00008xqs_S1_S2
17236,6,train,0.481838196516037,pdb_00007jmw_H_L
17237,6,train,0.6597841382026672,pdb_00006d0u_E_F
17238,6,train,0.8007386326789856,pdb_00008e8s_H_L
17239,6,train,0.4117671549320221,pdb_00007nx7_H_L
17240,6,train,0.007568619213998318,pdb_00002vdo_H_L
17241,6,train,0.24984270334243774,pdb_00005dhy_A_B
17242,6,train,0.4771627187728882,pdb_00007keo_E_F
17243,6,train,0.817009449005127,pdb_00009jub_B_C
17244,6,train,0.14168567955493927,pdb_00001dqj_B_A
17245,6,train,0.030553553253412247,pdb_00009m0r_S1_S2
17246,6,train,0.5138980746269226,pdb_00005ugy_J_N
17247,6,train,0.09099623560905457,pdb_00006vmk_u_t
17248,6,train,0.15552377700805664,pdb_000011oq_H_L
17249,6,train,0.3502386808395386,pdb_00007mzj_F_E
17250,6,train,0.44382569193840027,pdb_00007mem_G_J
17251,6,train,0.4599553346633911,pdb_00006lhq_H_L
17252,6,train,0.273857057094574,pdb_00006w41_H_L
17253,6,train,0.3457610607147217,pdb_00006txz_I_M
17254,6,train,0.8365505933761597,pdb_00008w85_A_B
17255,6,train,0.15160682797431946,pdb_00007qez_E_F
17256,6,train,0.007888661697506905,pdb_00009l42_E1_E2
17257,6,train,0.41412708163261414,pdb_00006ml8_H_L
17258,6,train,0.8045992851257324,pdb_00008cbf_H_L
17259,6,train,0.021080872043967247,pdb_00006xbk_S1_S2
17260,6,train,0.1254940778017044,pdb_00008vgi_H_G
17261,6,train,0.5197144746780396,pdb_00007rxl_H_L
17262,6,train,0.06163380667567253,pdb_00007cvt_C_D
17263,6,train,0.7416862845420837,pdb_00004xhj_D_C
17264,6,train,0.01060565933585167,pdb_00008zqe_S1_S2
17265,6,train,0.4254445731639862,pdb_00008dn7_A_B
17266,6,train,0.35719534754753113,pdb_00009jy2_B_A
17267,6,train,0.019496195018291473,pdb_00008xgs_D1_D2
17268,6,train,0.6874143481254578,pdb_00003bn9_F_E
17269,6,train,0.7598577737808228,pdb_00007zfb_A_B
17270,6,train,0.013487775810062885,pdb_00008dd3_J_I
17271,6,train,0.609939455986023,pdb_00007lq7_F_G
17272,6,train,0.01599438302218914,pdb_00007yk6_S1_S2
17273,6,train,0.03154193237423897,pdb_00008sg1_E1_E2
17274,6,train,0.7879681587219238,pdb_00003bsz_N_M
17275,6,train,0.03073086030781269,pdb_00008hbd_H1_H2
17276,6,train,0.4313056170940399,pdb_00007m7b_H_L
17277,6,train,0.41009095311164856,pdb_00008ut2_J_I
17278,6,train,0.5343201756477356,pdb_00001j5o_H_L
17279,6,train,0.015141759999096394,pdb_00009iyb_E1_E2
17280,6,train,0.41310960054397583,pdb_00007bnv_H_L
17281,6,train,0.46569231152534485,pdb_00007zfb_C_D
17282,6,train,0.8112908601760864,pdb_00009cci_B_C
17283,6,train,0.11580692231655121,pdb_00002dqf_B_A
17284,6,train,0.646045982837677,pdb_00004oii_I_M
17285,6,train,0.44031763076782227,pdb_00008we4_H_L
17286,6,train,0.9615048170089722,pdb_00009rik_H_L
17287,6,train,0.5405563712120056,pdb_00004yk4_C_B
17288,6,train,0.6357330083847046,pdb_00008y31_B_A
17289,6,train,0.36753350496292114,pdb_00009m0d_D_Q
17290,6,train,0.016097726300358772,pdb_00008f7r_E1_E2
17291,6,train,0.011555727571249008,pdb_00007ubr_E_F
17292,6,train,0.5485240817070007,pdb_00001fbi_H_L
17293,6,train,0.026111217215657234,pdb_00008xx6_S1_S2
17294,6,train,0.2972876727581024,pdb_00002vit_B_A
17295,6,train,0.03406784310936928,pdb_00007k5x_M2_M1
17296,6,train,0.9274929165840149,pdb_00008jeo_B_C
17297,6,train,0.07142896205186844,pdb_00008vgh_H_G
17298,6,train,0.7372232675552368,pdb_00004hjj_H2_L2
17299,6,train,0.6486369967460632,pdb_00009cct_C_B
17300,6,train,0.45574191212654114,pdb_00009q7b_J_K
17301,6,train,0.4644269645214081,pdb_00001tzi_B_A
17302,6,train,1.1098175048828125,pdb_00001iqd_B_A
17303,6,train,0.527005136013031,pdb_00008suo_H_L
17304,6,train,0.36087629199028015,pdb_00007mjl_H_L
17305,6,train,0.4449351727962494,pdb_00005w3o_D_E
17306,6,train,0.7197309136390686,pdb_00007l5j_W_L
17307,6,train,0.41505587100982666,pdb_00009rio_H_L
17308,6,train,0.5825377702713013,pdb_00009cfg_H_L
17309,6,train,0.023152155801653862,pdb_00007yfc_C1_C2
17310,6,train,0.8807430267333984,pdb_00006jep_K_I
17311,6,train,0.015789926052093506,pdb_00007uje_E_F
17312,6,train,0.29957711696624756,pdb_00003v4v_H_L
17313,6,train,0.5850182175636292,pdb_00005w0k_H_L
17314,6,train,0.013631363399326801,pdb_00007rgp_E1_E2
17315,6,train,0.027456967160105705,pdb_00008yn8_E1_E2
17316,6,train,0.46856361627578735,pdb_00007wwk_I_H
17317,6,train,0.47112634778022766,pdb_00008vgm_H_L
17318,6,train,0.6695204377174377,pdb_00009js7_J_M
17319,6,train,0.5886622071266174,pdb_00008oz3_A_B
17320,6,train,0.6225646138191223,pdb_00007pry_H_L
17321,6,train,0.01702100969851017,pdb_00009plo_S1_S2
17322,6,train,0.3141821026802063,pdb_00007zmk_B_C
17323,6,train,0.11337357759475708,pdb_00009zqa_J2_J1
17324,6,train,0.15889355540275574,pdb_00007m6d_A_B
17325,6,train,0.7782316207885742,pdb_00004u6h_C_D
17326,6,train,0.7765551805496216,pdb_00008e8y_H_L
17327,6,train,0.3444824516773224,pdb_00006d0u_H_I
17328,6,train,0.6392263770103455,pdb_00002bdn_H_L
17329,6,train,0.021547919139266014,pdb_00008xxv_E1_E2
17330,6,train,0.5627481937408447,pdb_00008vte_D_C
17331,6,train,0.310380220413208,pdb_00009iz9_O_P
17332,6,train,0.5292919874191284,pdb_00008h7z_F_I
17333,6,train,0.6582671999931335,pdb_00008hpu_H_L
17334,6,train,0.9019749164581299,pdb_00006fax_H_L
17335,6,train,0.9696921110153198,pdb_00005ug0_D_C
17336,6,train,0.5251207947731018,pdb_00008zdw_L_J
17337,6,train,0.009997190907597542,pdb_00006adc_E_F
17338,6,train,0.8469434380531311,pdb_00007xj9_K_J
17339,6,train,0.8401240110397339,pdb_00007bsc_H_L
17340,6,train,0.4393317699432373,pdb_00009js7_I_L
17341,6,train,0.012537484057247639,pdb_00008vve_E1_E2
17342,6,train,0.41069650650024414,pdb_00007wqv_F1_F2
17343,6,train,0.10995598137378693,pdb_00003b2v_H_L
17344,6,train,0.5335215926170349,pdb_00004ttd_H_L
17345,6,train,0.014799489639699459,pdb_00007vv3_S1_S2
17346,6,train,0.09434772282838821,pdb_00006vmk_o_n
17347,6,train,0.6644547581672668,pdb_00008dwx_Z_Y
17348,6,train,0.5932759642601013,pdb_00004xzu_A_B
17349,6,train,0.6199999451637268,pdb_00008f6x_D1_D2
17350,6,train,0.02009681798517704,pdb_00008i7v_E1_E2
17351,6,train,0.014673474244773388,pdb_00009lrs_E1_E2
17352,6,train,0.4899647533893585,pdb_00007dpm_A_B
17353,6,train,0.5095198750495911,pdb_00006vja_I_M
17354,6,train,0.3348117768764496,pdb_00009wsv_H_L
17355,6,train,0.8943880796432495,pdb_00008hrd_L_M
17356,6,train,0.8981903195381165,pdb_00007wph_H_L
17357,6,train,0.010736561380326748,pdb_00009k3h_S1_S2
17358,6,train,0.082830049097538,pdb_00006z2m_H_L
17359,6,train,0.008417212404310703,pdb_00008gut_S1_S2
17360,6,train,1.1323179006576538,pdb_00001g9n_H_L
17361,6,train,0.5486787557601929,pdb_00007m6d_H_L
17362,6,train,0.849812388420105,pdb_00003lh2_K_O
17363,6,train,0.8123461008071899,pdb_00007uvi_D_E
17364,6,train,0.7046504616737366,pdb_00007w71_H_L
17365,6,train,0.23632891476154327,pdb_00009me6_I_M
17366,6,train,0.5682672262191772,pdb_00006k7o_H_L
17367,6,train,0.6522730588912964,pdb_00007zwi_B_C
17368,6,train,0.0229415874928236,pdb_00007f2o_S1_S2
17369,6,train,0.012608285062015057,pdb_00008hnm_S1_S2
17370,6,train,0.4606861472129822,pdb_00007kf0_H_L
17371,6,train,0.442866712808609,pdb_00007xcz_D_E
17372,6,train,0.11556966602802277,pdb_00008vgk_K_L
17373,6,train,0.015220697037875652,pdb_00003fb5_A_B
17374,6,train,0.7482285499572754,pdb_00007wur_G_H
17375,6,train,0.14856193959712982,pdb_00004tnw_H_L
17376,6,train,0.6229329705238342,pdb_00007pa7_ddd2_ddd1
17377,6,train,0.4049665927886963,pdb_00009clp_H_L
17378,6,train,1.5196566581726074,pdb_00009n5i_H_L
17379,6,train,0.6770337820053101,pdb_00006hxw_H_L
17380,6,train,0.23094947636127472,pdb_00008i0n_H_L
17381,6,train,0.009584030136466026,pdb_00007ts0_H1_H2
17382,6,train,0.2932463586330414,pdb_00009cpv_C_D
17383,6,train,0.012882442213594913,pdb_00007ew3_S1_S2
17384,6,train,0.5424425005912781,pdb_00004ffv_D_C
17385,6,train,0.646429717540741,pdb_00009ue0_A_B
17386,6,train,0.06955163925886154,pdb_00009exa_F_E
17387,6,train,0.6678264737129211,pdb_00001orq_B_A
17388,6,train,0.38835421204566956,pdb_00008j1q_B_A
17389,6,train,0.33143478631973267,pdb_00002eks_B_A
17390,6,train,0.8890874981880188,pdb_00008sis_H_L
17391,6,train,0.5797473788261414,pdb_00007det_B1_B2
17392,6,train,0.0064852479845285416,pdb_00009ije_D1_D2
17393,6,train,0.32057657837867737,pdb_00006n5d_L_N
17394,6,train,0.04403090476989746,pdb_00007u0j_N1_N2
17395,6,train,0.21400316059589386,pdb_00009hh9_G_F
17396,6,train,0.8224581480026245,pdb_00009gwt_H_L
17397,6,train,0.024466460570693016,pdb_00009kft_S1_S2
17398,6,train,0.10112256556749344,pdb_00002dqd_H_L
17399,6,train,0.8523079752922058,pdb_00008vk1_F_E
17400,6,train,0.009568300098180771,pdb_00007y12_S1_S2
17401,6,train,0.10727279633283615,pdb_00008vgi_F_E
17402,6,train,0.006276796106249094,pdb_00008irt_E1_E2
17403,6,train,0.031101563945412636,pdb_00002htl_E_F
17404,6,train,0.7597224712371826,pdb_00009ma0_B_C
17405,6,train,0.09390833228826523,pdb_00006ad8_C_D
17406,6,train,0.5714844465255737,pdb_00009mqa_J_N
17407,6,train,0.37795668840408325,pdb_00006p4b_H_L
17408,6,train,1.1757537126541138,pdb_00009y3x_H_L
17409,6,train,0.5094553828239441,pdb_00008v5v_b_d
17410,6,train,0.2780132591724396,pdb_00008jkf_H_L
17411,6,train,0.8611438274383545,pdb_00007t0z_H_L
17412,6,train,0.013016093522310257,pdb_00009k3f_S1_S2
17413,6,train,0.02368517592549324,pdb_00007u0j_K1_K2
17414,6,train,0.009110236540436745,pdb_00008xbh_S1_S2
17415,6,train,0.4243599474430084,pdb_00006pe9_E_F
17416,6,train,0.39122214913368225,pdb_00006n5e_H_I
17417,6,train,0.008371864445507526,pdb_00007s8n_E1_E2
17418,6,train,1.0127440690994263,pdb_00004ubd_O_P
17419,6,train,0.6459512710571289,pdb_00009oi3_M_N
17420,6,train,0.3853250741958618,pdb_00007wsi_H_L
17421,6,train,1.0684877634048462,pdb_00004ut6_H_L
17422,6,train,0.011531059630215168,pdb_00008fn0_E1_E2
17423,6,train,0.43128475546836853,pdb_00008uwz_A_B
17424,6,train,0.007561807986348867,pdb_00009v81_E1_E2
17425,6,train,1.0484426021575928,pdb_00007rxp_H_L
17426,6,train,0.8619129061698914,pdb_00007lf7_A_B
17427,6,train,0.029226385056972504,pdb_00006x3s_J_I
17428,6,train,0.44596731662750244,pdb_00001z3g_I_M
17429,6,train,0.1024668738245964,pdb_00006b3s_J_K
17430,6,train,0.03834536671638489,pdb_00001ott_C_D
17431,6,train,0.42039400339126587,pdb_00008hn6_C_D
17432,6,train,0.010763472877442837,pdb_00006x3u_J_I
17433,6,train,0.6755445599555969,pdb_00005xmh_H_L
17434,6,train,0.005940841045230627,pdb_00004z7q_E_F
17435,6,train,0.5137286186218262,pdb_00008dwx_V_U
17436,6,train,0.7563391923904419,pdb_00003lh2_J_N
17437,6,train,0.6531868577003479,pdb_00009mqd_J_N
17438,6,train,0.5999598503112793,pdb_00007jx3_C_D
17439,6,train,0.6531879901885986,pdb_00006ek2_H1_H2
17440,6,train,0.7510746121406555,pdb_00005d1z_B_A
17441,6,train,0.43291258811950684,pdb_00007rk2_D1_D2
17442,6,train,0.659736156463623,pdb_00007t3d_O_Q
17443,6,train,0.7261427640914917,pdb_00008dce_H1_H2
17444,6,train,2.022329092025757,pdb_00004i3r_H_L
17445,6,train,0.8907631635665894,pdb_00009rii_H_L
17446,6,train,0.4551534056663513,pdb_00003nh7_I_M
17447,6,train,0.4907403886318207,pdb_00005ugy_H_L
17448,6,train,0.4086538255214691,pdb_00004n90_H_I
17449,6,train,0.006624485831707716,pdb_00008yh2_S1_S2
17450,6,train,0.8379892110824585,pdb_00006s3d_A_B
17451,6,train,0.3470273017883301,pdb_00006txz_K_O
17452,6,train,0.2529962956905365,pdb_00006ban_H_G
17453,6,train,0.6481513381004333,pdb_00006xkr_H_L
17454,6,train,0.72952800989151,pdb_00008bcz_H_L
17455,6,train,0.02368324249982834,pdb_00009v2n_S1_S2
17456,6,train,0.02818947844207287,pdb_00006k5d_E_F
17457,6,train,0.02620316855609417,pdb_00009vmp_S1_S2
17458,6,train,0.9133952856063843,pdb_00009mth_I_J
17459,6,train,0.9939366579055786,pdb_00009me6_J_N
17460,6,train,0.012868090532720089,pdb_00008y45_S1_S2
17461,6,train,0.033246736973524094,pdb_00008wpu_E1_E2
17462,6,train,0.3887181878089905,pdb_00006vvu_G_I
17463,6,train,0.808292031288147,pdb_00006t9e_AAA_BBB
17464,6,train,0.4502386450767517,pdb_00003v6z_C_D
17465,6,train,0.5349623560905457,pdb_00009ib3_H_L
17466,6,train,0.37572115659713745,pdb_00007jmo_H_L
17467,6,train,0.05828670784831047,pdb_00009nz4_F_E
17468,6,train,0.04561826214194298,pdb_00009iza_S1_S2
17469,6,train,0.6472510099411011,pdb_00009oi3_H_L
17470,6,train,0.5019170045852661,pdb_00008jqs_H_L
17471,6,train,0.2779421806335449,pdb_00001tqb_B_C
17472,6,train,0.8655616044998169,pdb_00008hrd_O_P
17473,6,train,0.71731036901474,pdb_00003sob_H_L
17474,6,train,0.7208459377288818,pdb_00009iru_B_A
17475,6,train,0.39788541197776794,pdb_00009l9o_B_C
17476,6,train,0.17647266387939453,pdb_00008j8r_D_E
17477,6,train,0.037213295698165894,pdb_00001j1p_H_L
17478,6,train,0.5097285509109497,pdb_00006j6y_B_C
17479,6,train,0.7519392967224121,pdb_00009npg_D_E
17480,6,train,0.9754940867424011,pdb_00008z39_H_L
17481,6,train,0.2698196768760681,pdb_00008jel_C_D
17482,6,train,0.5127912759780884,pdb_00008hrd_G_H
17483,6,train,1.181364893913269,pdb_00007t7b_H_L
17484,6,train,0.03454476222395897,pdb_00009iv6_S1_S2
17485,6,train,0.10672265291213989,pdb_00008vgj_H_G
17486,6,train,0.015321474522352219,pdb_00002hlf_E_F
17487,6,train,0.9619617462158203,pdb_00008w5f_H_L
17488,6,train,0.09706471115350723,pdb_00006zlr_HHH_LLL
17489,6,train,0.6097396016120911,pdb_00007wvl_H_L
17490,6,train,0.004952476359903812,pdb_00007td8_E_F
17491,6,train,0.45460882782936096,pdb_00007jx3_H_L
17492,6,train,0.6391798257827759,pdb_00007kyo_H_L
17493,6,train,0.9478727579116821,pdb_00007cqd_I_M
17494,6,train,0.7587124109268188,pdb_00006t3j_A_B
17495,6,train,0.37982600927352905,pdb_00001mlc_B_A
17496,6,train,0.4703819453716278,pdb_00007qf1_C_B
17497,6,train,0.7872048616409302,pdb_00005lsp_S_T
17498,6,train,0.004071670118719339,pdb_00007ucy_E_F
17499,6,train,0.005975851323455572,pdb_00006e0p_N1_N2
17500,6,train,0.4655817151069641,pdb_00005w3e_E_G
17501,6,train,0.007252818904817104,pdb_00002vdn_H_L
17502,6,train,0.03417329117655754,pdb_00007vl9_S1_S2
17503,6,train,0.6531191468238831,pdb_00006bpa_E_F
17504,6,train,0.536262571811676,pdb_00001bvk_B_A
17505,6,train,0.5790532827377319,pdb_00008bg5_C1_C2
17506,6,train,0.07015111297369003,pdb_00006k5f_C_D
17507,6,train,0.8653739094734192,pdb_00009qub_D_C
17508,6,train,0.6094874143600464,pdb_00008y31_D_C
17509,6,train,0.43309515714645386,pdb_00004dgi_H_L
17510,6,train,0.470382958650589,pdb_00008jqs_h_l
17511,6,train,1.0855048894882202,pdb_00006oel_H_L
17512,6,train,0.012559656985104084,pdb_00009p0k_F1_F2
17513,6,train,0.6070522665977478,pdb_00008k5g_H_L
17514,6,train,0.10728825628757477,pdb_00008uh3_E1_E2
17515,6,train,0.3427916169166565,pdb_00004m62_H_L
17516,6,train,0.7149743437767029,pdb_00009mkn_Q_R
17517,6,train,0.18173620104789734,pdb_00002qr0_N_M
17518,6,train,0.2088821977376938,pdb_00001g7h_B_A
17519,6,train,0.00974559411406517,pdb_00006x3t_J_I
17520,6,train,0.74884432554245,pdb_00007fci_H_L
17521,6,train,0.5271475911140442,pdb_00008dis_B_G
17522,6,train,0.01005615759640932,pdb_00008e9w_E1_E2
17523,6,train,0.016900138929486275,pdb_00008ghv_S1_S2
17524,6,train,0.4778469502925873,pdb_00008rmy_E_F
17525,6,train,0.45840319991111755,pdb_00003s36_H_L
17526,6,train,0.9413796067237854,pdb_00006wn1_B_C
17527,6,train,0.8654631972312927,pdb_00005hbt_D_C
17528,6,train,0.42664435505867004,pdb_00009lrf_H_L
17529,6,train,0.28584545850753784,pdb_00007c01_C_D
17530,6,train,1.0544180870056152,pdb_00008uf7_B_A
17531,6,train,0.28546908497810364,pdb_00007zmk_E_F
17532,6,train,0.5518733263015747,pdb_00007sd5_H_L
17533,6,train,1.0700370073318481,pdb_00005d1z_D_C
17534,6,train,0.4167967438697815,pdb_00007mzh_H_L
17535,6,train,0.00586670869961381,pdb_00009jeq_S1_S2
17536,6,train,0.013247115537524223,pdb_00008iu2_S1_S2
17537,6,train,0.013894567266106606,pdb_00009bqj_E1_E2
17538,6,train,0.5495600700378418,pdb_00007lq7_C_D
17539,6,train,0.35930946469306946,pdb_00007wnb_H_L
17540,6,train,0.007652583532035351,pdb_00008hpt_H1_H2
17541,6,train,1.1737141609191895,pdb_00008s72_H_L
17542,6,train,0.7388107776641846,pdb_00007ycl_A_B
17543,6,train,0.32929033041000366,pdb_00005yoy_Q_N
17544,6,train,0.013846825808286667,pdb_00008id4_S1_S2
17545,6,train,0.04495248198509216,pdb_00002fee_J_O
17546,6,train,0.8499206900596619,pdb_00009rip_H_L
17547,6,train,0.003505441825836897,pdb_00007t8x_E1_E2
17548,6,train,0.007351250387728214,pdb_00009le1_S1_S2
17549,6,train,0.6504401564598083,pdb_00008ywe_B2_B1
17550,6,train,0.008058580569922924,pdb_00008ykw_E1_E2
17551,6,train,0.3971960246562958,pdb_00005jz7_G_I
17552,6,train,0.3076339364051819,pdb_00003ri5_G_K
17553,6,train,1.0540789365768433,pdb_00007r8u_HHH_LLL
17554,6,train,0.004948275629431009,pdb_00009izh_S1_S2
17555,6,train,0.04549672454595566,pdb_00003gb7_A_B
17556,6,train,0.28963348269462585,pdb_00009cpp_H_L
17557,6,train,0.016975659877061844,pdb_00009k07_E1_E2
17558,6,train,0.5069544911384583,pdb_00006wtv_B_C
17559,6,train,0.8625434041023254,pdb_00009mth_M_N
17560,6,train,0.06563810259103775,pdb_00009wp9_C1_C2
17561,6,train,0.5869519114494324,pdb_00005h35_H_I
17562,6,train,0.4171120226383209,pdb_00009q7b_L_M
17563,6,train,1.077319622039795,pdb_00008p5m_G_L
17564,6,train,0.11368562281131744,pdb_00007lop_W_V
17565,6,train,0.4775044322013855,pdb_00007x63_H_L
17566,6,train,0.014852358028292656,pdb_00009kfi_S1_S2
17567,6,train,0.5483872294425964,pdb_00007d85_B_C
17568,6,train,0.431202232837677,pdb_00009cfh_H_L
17569,6,train,0.5566790699958801,pdb_00003qwo_H_L
17570,6,train,0.019557204097509384,pdb_00009jlc_S1_S2
17571,6,train,0.9081403017044067,pdb_00007u9e_H1_H2
17572,6,train,0.008610112592577934,pdb_00008jhy_S1_S2
17573,6,train,0.01892002485692501,pdb_00002ht3_E_F
17574,6,train,0.009558605030179024,pdb_00009kpe_S1_S2
17575,6,train,0.6783499717712402,pdb_00006mlm_E_I
17576,6,train,0.6707650423049927,pdb_00007dq7_H_L
17577,6,train,0.46017754077911377,pdb_00007c81_H_L
17578,6,train,0.019549136981368065,pdb_00006x3z_J_I
17579,6,train,0.006982611026614904,pdb_00007na7_N1_N2
17580,6,train,0.016272325068712234,pdb_00006x3w_K_L
17581,6,train,0.043509889394044876,pdb_00008j23_F1_F2
17582,6,train,0.08194702863693237,pdb_00009m1o_S1_S2
17583,6,train,0.006953004747629166,pdb_00009ll7_S1_S2
17584,6,train,0.5080795884132385,pdb_00006wzm_C_D
17585,6,train,0.5552066564559937,pdb_00008zdw_F_E
17586,6,train,0.007069481071084738,pdb_00008eit_E1_E2
17587,6,train,0.006443871185183525,pdb_00007ra3_E1_E2
17588,6,train,0.09345590323209763,pdb_00002dqf_E_D
17589,6,train,0.3931465446949005,pdb_00005ugy_I_M
17590,6,train,0.008317308500409126,pdb_00002atk_A_B
17591,6,train,0.1417873650789261,pdb_00001g7m_B_A
17592,6,train,0.6402256488800049,pdb_00006n5b_H_L
17593,6,train,0.8415678143501282,pdb_00007wro_H_L
17594,6,train,1.1975675821304321,pdb_00005ldn_H_L
17595,6,train,0.4131600260734558,pdb_00006d0u_C_D
17596,6,train,0.09429536014795303,pdb_00008vgj_K_L
17597,6,train,0.29953405261039734,pdb_00004hjg_B_A
17598,6,train,0.06724748760461807,pdb_00008zcj_E1_E2
17599,6,train,0.8814516067504883,pdb_00007x3e_H_L
17600,6,train,0.9768276810646057,pdb_00009kve_A_B
17601,6,train,0.745262622833252,pdb_00007rxj_H_L
17602,6,train,0.5494840145111084,pdb_00007t87_H_L
17603,6,train,0.7937280535697937,pdb_00007s0x_H_L
17604,6,train,0.3755658268928528,pdb_00008zh7_B_C
17605,6,train,0.02650607004761696,pdb_00008u1u_E1_E2
17606,6,train,0.25357726216316223,pdb_00009q7b_G_I
17607,6,train,0.8336427807807922,pdb_00007chc_A_B
17608,6,train,0.04057823866605759,pdb_00009zqb_J2_J1
17609,6,train,0.013873078860342503,pdb_00007w0p_S1_S2
17610,6,train,0.06658750772476196,pdb_00009our_H_L
17611,6,train,0.50886470079422,pdb_00006cyf_F_E
17612,6,train,0.014455246739089489,pdb_00009jhp_S1_S2
17613,6,train,0.023332998156547546,pdb_00008t3v_N1_N2
17614,6,train,0.4794870913028717,pdb_00007dpm_G_H
17615,6,train,0.03531942516565323,pdb_00009xhh_D1_D2
17616,6,train,0.30150559544563293,pdb_00008as0_W_V
17617,6,train,0.4418412148952484,pdb_00007ubs_I1_I2
17618,6,train,0.27426573634147644,pdb_00007ek0_H_L
17619,6,train,0.40989047288894653,pdb_00009n7q_E_G
17620,6,train,1.072510838508606,pdb_00006xq0_E_F
17621,6,train,0.5485995411872864,pdb_00008f6x_F1_F2
17622,6,train,0.21429865062236786,pdb_00009jy1_P_O
17623,6,train,0.551736056804657,pdb_00009hub_I_M
17624,6,train,0.6574433445930481,pdb_00001yqv_H_L
17625,6,train,0.35685017704963684,pdb_00008caf_D_C
17626,6,train,0.47609660029411316,pdb_00008bg3_C1_C2
17627,6,train,0.009665501303970814,pdb_00003iga_A_B
17628,6,train,0.5382453799247742,pdb_00008xse_M_N
17629,6,train,0.04593762010335922,pdb_00008gcp_E1_E2
17630,6,train,0.6045743227005005,pdb_00006woz_H_I
17631,6,train,0.3374156355857849,pdb_00001n6q_H_L
17632,6,train,0.012643588706851006,pdb_00007y15_S1_S2
17633,6,train,0.011027581058442593,pdb_00007y1f_E1_E2
17634,6,train,0.4503052532672882,pdb_00004dn4_H_L
17635,6,train,0.27378684282302856,pdb_00003v4p_H_L
17636,6,train,0.010877088643610477,pdb_00009pq0_E1_E2
17637,6,train,0.03634896129369736,pdb_00006adb_C_D
17638,6,train,0.16975104808807373,pdb_00006ba5_F_E
17639,6,train,0.5990309119224548,pdb_00007ucq_K1_K2
17640,6,train,0.4888473451137543,pdb_00009mqa_H_L
17641,6,train,0.2682074010372162,pdb_00003ri5_I_O
17642,6,train,0.5699335932731628,pdb_00007t3d_P_R
17643,6,train,0.9791763424873352,pdb_00005dur_B_D
17644,6,train,0.02112586982548237,pdb_00008xyd_E1_E2
17645,6,train,0.6280352473258972,pdb_00007x6o_J_L
17646,6,train,0.6108495593070984,pdb_00009m7v_H_L
17647,6,train,0.5536141991615295,pdb_00006vgr_H_L
17648,6,train,0.6719995141029358,pdb_00007f3q_C_B
17649,6,train,0.7999029755592346,pdb_00009b2m_E_F
17650,6,train,1.656930685043335,pdb_00009lbw_H_L
17651,6,train,0.008216654881834984,pdb_00008jlq_S1_S2
17652,6,train,0.6430857181549072,pdb_00008bg1_J_K
17653,6,train,0.00585688604041934,pdb_00009lrd_E1_E2
17654,6,train,0.44606873393058777,pdb_00004gxu_W_X
17655,6,train,0.015727495774626732,pdb_00007y67_S1_S2
17656,6,train,0.3623552918434143,pdb_00005kov_C1_C2
17657,6,train,0.4712821841239929,pdb_00007xcz_B_C
17658,6,train,0.017740977928042412,pdb_00009ko4_H1_H2
17659,6,train,0.028360333293676376,pdb_00007cvs_C_D
17660,6,train,0.3609466254711151,pdb_00004ma8_H_L
17661,6,train,0.244673490524292,pdb_00002x7l_E_F
17662,6,train,0.6058447957038879,pdb_00002yc1_A_B
17663,6,train,0.0083279674872756,pdb_00007eb2_N1_N2
17664,6,train,0.5291556715965271,pdb_00004dkf_H_L
17665,6,train,0.5393893122673035,pdb_00004f2m_A_B
17666,6,train,0.007323019206523895,pdb_00009pxv_E1_E2
17667,6,train,0.3692079782485962,pdb_00007vaf_H_L
17668,6,train,0.3464888036251068,pdb_00008zd5_H_I
17669,6,train,0.00622596638277173,pdb_00007v68_S1_S2
17670,6,train,0.007806798908859491,pdb_00008xqt_S1_S2
17671,6,train,0.14315330982208252,pdb_00006ban_B_A
17672,6,train,0.08934170007705688,pdb_00002dqh_H_L
17673,6,train,0.018910815939307213,pdb_00008jgb_S1_S2
17674,6,train,0.43216216564178467,pdb_00008bec_A1_A2
17675,6,train,0.014059104025363922,pdb_00004lcu_A_B
17676,6,train,0.8282151222229004,pdb_00009sat_H_L
17677,6,train,0.29934391379356384,pdb_00001ndm_B_A
17678,6,train,0.6551162004470825,pdb_00007tpj_H_L
17679,6,train,0.01968422159552574,pdb_00009ast_E1_E2
17680,6,train,0.538250207901001,pdb_00004ffv_H_L
17681,6,train,0.34271523356437683,pdb_00007kmh_A_B
17682,6,train,1.114948034286499,pdb_00006cvk_B2_B1
17683,6,train,0.31190261244773865,pdb_00003d9a_H_L
17684,6,train,0.4436742067337036,pdb_00009cds_B_A
17685,6,train,0.5983442068099976,pdb_00006dkj_H_L
17686,6,train,0.4638959467411041,pdb_00007lq7_y_z
17687,6,train,0.6386237740516663,pdb_00008suo_I_M
17688,6,train,0.006159611977636814,pdb_00008xqn_S1_S2
17689,6,train,0.6101785898208618,pdb_00008y3l_G_H
17690,6,train,0.839238703250885,pdb_00005umi_A_B
17691,6,train,0.4808943271636963,pdb_00009lho_I_H
17692,6,train,0.04283994808793068,pdb_00008spu_N1_N2
17693,6,train,0.0368993803858757,pdb_00009jid_S1_S2
17694,6,train,0.523068368434906,pdb_00008vgp_H_L
17695,6,train,0.010914732702076435,pdb_00009kvg_E1_E2
17696,6,train,0.03176427632570267,pdb_00006xbm_S1_S2
17697,6,train,0.3866332471370697,pdb_00009ue8_U_V
17698,6,train,0.5100732445716858,pdb_00007sk4_D_C
17699,6,train,0.8705337643623352,pdb_00009yyu_H_L
17700,6,train,0.22030951082706451,pdb_00005dhx_L2_L1
17701,6,train,0.6848936080932617,pdb_00007mzj_H_L
17702,6,train,0.1536838561296463,pdb_00007vad_H_L
17703,6,train,0.010273965075612068,pdb_00008k6n_S1_S2
17704,6,train,1.190984845161438,pdb_00009e3l_I_J
17705,6,train,0.6789034605026245,pdb_00007upb_B_E
17706,6,train,0.5845299959182739,pdb_00008tx3_H_L
17707,6,train,0.008162894286215305,pdb_00009vje_E1_E2
17708,6,train,0.6983749866485596,pdb_00009dm0_C_D
17709,6,train,0.020858582109212875,pdb_00008jei_S1_S2
17710,6,train,0.6010160446166992,pdb_00007l5j_Y_X
17711,6,train,0.35752347111701965,pdb_00009ci8_B_A
17712,6,train,0.49181386828422546,pdb_00007ucq_H1_H2
17713,6,train,0.7286703586578369,pdb_00006gku_H_L
17714,6,train,0.26102161407470703,pdb_00009cia_D_C
17715,6,train,0.319595605134964,pdb_00008w2e_D_C
17716,6,train,0.5038917064666748,pdb_00006mlm_F_G
17717,6,train,0.6838734745979309,pdb_00006jep_H_L
17718,6,train,0.006705470848828554,pdb_00008iy5_E1_E2
17719,6,train,0.6929376125335693,pdb_00001p2c_E_D
17720,6,train,0.3644031584262848,pdb_00007zfc_A_B
17721,6,train,0.0061220149509608746,pdb_00007aue_S1_S2
17722,6,train,0.7231959700584412,pdb_00007y6k_J_E3
17723,6,train,0.6392055153846741,pdb_00008e2u_H_L
17724,6,train,0.8177194595336914,pdb_00008gpu_C_D
17725,6,train,0.018197854980826378,pdb_00008zbi_F1_F2
17726,6,train,0.9245327115058899,pdb_00006dfi_H_L
17727,6,train,0.38834479451179504,pdb_00007yxu_H_L
17728,6,train,0.020200857892632484,pdb_00008xxr_S1_S2
17729,6,train,0.5916071534156799,pdb_00007pry_C_D
17730,6,train,0.05480578541755676,pdb_00008jxw_E1_E2
17731,6,train,0.5291281342506409,pdb_00007tzh_A1_A2
17732,6,train,0.5946667790412903,pdb_00008jqn_h_l
17733,6,train,0.017569858580827713,pdb_00008id6_S1_S2
17734,6,train,0.00863395445048809,pdb_00001otu_E_F
17735,6,train,0.01608378440141678,pdb_00009k3k_S1_S2
17736,6,train,0.017103610560297966,pdb_00009vmg_S1_S2
17737,6,train,0.01391935907304287,pdb_00008hn8_S1_S2
17738,6,train,0.0378686748445034,pdb_00007cvt_E_F
17739,6,train,0.47938671708106995,pdb_00006ii4_H_L
17740,6,train,0.11530716717243195,pdb_00002x7l_C_D
17741,6,train,0.037306636571884155,pdb_00008f7w_E1_E2
17742,6,train,0.46154797077178955,pdb_00008too_D_C
17743,6,train,0.5637603402137756,pdb_00001dee_F_E
17744,6,train,0.012840481474995613,pdb_00009lre_E1_E2
17745,6,train,0.026746246963739395,pdb_00009ipv_S1_S2
17746,6,train,0.274789422750473,pdb_00008as0_E_D
17747,6,train,0.42220136523246765,pdb_00009irs_H_L
17748,6,train,0.03632822260260582,pdb_00008u9s_M2_M1
17749,6,train,0.24711686372756958,pdb_00008as0_N_M
17750,6,train,0.015110665932297707,pdb_00007vfx_S1_S2
17751,6,train,0.2882118821144104,pdb_00009cpw_C_D
17752,6,train,0.006936960853636265,pdb_00007vgz_F1_F2
17753,6,train,0.6085054278373718,pdb_00008gpu_F_G
17754,6,train,0.17396116256713867,pdb_00008wnp_D_C
17755,6,train,0.4259288012981415,pdb_00003h42_H_L
17756,6,train,0.7632596492767334,pdb_00006t9d_AAA_BBB
17757,6,train,0.5572910904884338,pdb_00008bg5_A1_A2
17758,6,train,0.011280328966677189,pdb_00008fx5_H1_H2
17759,6,train,0.6940962076187134,pdb_00009ml8_H_L
17760,6,train,0.6010661721229553,pdb_00004hj0_C_D
17761,6,train,0.03113488107919693,pdb_00009d4z_E1_E2
17762,6,train,0.12411171197891235,pdb_00008vgj_F_E
17763,6,train,0.32910892367362976,pdb_00006kyz_B_C
17764,6,train,0.7142471075057983,pdb_00009dn2_J_N
17765,6,train,0.44829750061035156,pdb_00005wk3_S_R
17766,6,train,0.44436755776405334,pdb_00003fku_S1_S2
17767,6,train,0.022576117888092995,pdb_00008t3q_N1_N2
17768,6,train,0.021880920976400375,pdb_00007vdh_S1_S2
17769,6,train,0.033416081219911575,pdb_00007srr_E1_E2
17770,6,train,0.025063669309020042,pdb_00007cvs_E_F
17771,6,train,0.4390150010585785,pdb_00008dww_Z_Y
17772,6,train,0.39687761664390564,pdb_00009ban_E_F
17773,6,train,0.03491811081767082,pdb_00009xhi_D1_D2
17774,6,train,0.44978204369544983,pdb_00009n4f_H_L
17775,6,train,0.015564857050776482,pdb_00009vmn_S1_S2
17776,6,train,0.013904749415814877,pdb_00009w49_S1_S2
17777,6,train,0.012085787951946259,pdb_00008ejc_E1_E2
17778,6,train,0.6884239315986633,pdb_00006a4k_J_N
17779,6,train,0.02012375369668007,pdb_00007p02_H1_H2
17780,6,train,0.00932010356336832,pdb_00008uuj_D1_D2
17781,6,train,0.5401381850242615,pdb_00007wvd_I_J
17782,6,train,0.7586082816123962,pdb_00005ggs_C_D
17783,6,train,0.01025275606662035,pdb_00007vdl_S1_S2
17784,6,train,0.024393724277615547,pdb_00007ejx_S1_S2
17785,6,train,0.5823051333427429,pdb_00007s7i_J_N
17786,6,train,0.016667040064930916,pdb_00009v6o_S1_S2
17787,6,train,0.7710254192352295,pdb_00009lsj_E1_D2
17788,6,train,1.0041165351867676,pdb_00009rim_H_L
17789,6,train,0.027609433978796005,pdb_00003fb6_A_B
17790,6,train,0.010901998728513718,pdb_00007f4h_S1_S2
17791,6,train,0.7207136154174805,pdb_00007y3n_H_L
17792,6,train,0.006630519405007362,pdb_00007uko_E_F
17793,6,train,1.131046175956726,pdb_00007ey5_H_L
17794,6,train,0.5310136675834656,pdb_00006t9e_HHH_LLL
17795,6,train,0.008697503246366978,pdb_00007y64_S1_S2
17796,6,train,0.3152749240398407,pdb_00008zyu_D_Q
17797,6,train,0.008013435639441013,pdb_00007vig_E1_E2
17798,6,train,0.032143734395504,pdb_00003or7_A_B
17799,6,train,0.623277485370636,pdb_00007bbj_M_N
17800,6,train,0.4408196806907654,pdb_00004tsb_H_L
17801,6,train,0.6251855492591858,pdb_00007x2i_H_L
17802,6,train,0.5841811299324036,pdb_00006cyf_D_C
17803,6,train,0.11503120511770248,pdb_00004tnw_F_N
17804,6,train,0.800494372844696,pdb_00008eed_H_L
17805,6,train,0.012504811398684978,pdb_00006kpg_S1_S2
17806,6,train,0.4406382739543915,pdb_00009k6j_A_B
17807,6,train,0.010986576788127422,pdb_00006omm_E1_E2
17808,6,train,0.5295701026916504,pdb_00004yk4_Z_Y
17809,6,train,0.008297810330986977,pdb_00008jgg_S1_S2
17810,6,train,1.8666613101959229,pdb_00009osx_B_C
17811,6,train,0.5084113478660583,pdb_00005xhv_H_L
17812,6,train,0.01778673566877842,pdb_00008irs_E1_E2
17813,6,train,0.7542089819908142,pdb_00006dfj_H_L
17814,6,train,0.5341750383377075,pdb_00006ii9_M_N
17815,6,train,0.78526371717453,pdb_00004l5f_H_L
17816,6,train,0.011204924434423447,pdb_00007e9g_D1_D2
17817,6,train,0.006050927564501762,pdb_00003t3p_E_F
17818,6,train,0.7214106917381287,pdb_00007kzb_H_L
17819,6,train,0.8571564555168152,pdb_00007c88_H_L
17820,6,train,0.2758597731590271,pdb_00008wo4_D_C
17821,6,train,1.0420068502426147,pdb_00007yru_H_L
17822,6,train,0.9460647106170654,pdb_00008ag1_H_L
17823,6,train,0.4129026234149933,pdb_00003dvn_B_A
17824,6,train,0.4708840548992157,pdb_00007mem_I_K
17825,6,train,0.06697564572095871,pdb_00003rif_J_M
17826,6,train,0.017206283286213875,pdb_00009ejz_H1_H2
17827,6,train,0.015281086787581444,pdb_00008ijd_S1_S2
17828,6,train,0.025016700848937035,pdb_00008wwk_E1_E2
17829,6,train,0.007456338498741388,pdb_00008ubi_N2_N1
17830,6,train,0.008600055240094662,pdb_00007t2h_E1_E2
17831,6,train,0.022111333906650543,pdb_00007l1v_H1_H2
17832,6,train,0.4742535948753357,pdb_00005wko_A_B
17833,6,train,0.952174186706543,pdb_00009oea_H_L
17834,6,train,0.030690234154462814,pdb_00008gur_S1_S2
17835,6,train,0.3030554950237274,pdb_00007x1m_C_D
17836,6,train,0.4545300602912903,pdb_00009cpw_H_L
17837,6,train,0.5965104103088379,pdb_00008sdh_C_D
17838,6,train,0.7400429248809814,pdb_00009n4e_K_M
17839,6,train,0.008868739940226078,pdb_00007k60_N2_N1
17840,6,train,0.37685614824295044,pdb_00006ii8_H_L
17841,6,train,1.2444281578063965,pdb_00004g3y_H_L
17842,6,train,0.46482470631599426,pdb_00007klh_H_L
17843,6,train,0.03229686617851257,pdb_00003f7y_A_B
17844,6,train,0.9776840806007385,pdb_00007rco_D_C
17845,6,train,0.5322331786155701,pdb_00002jix_F_A
17846,6,train,0.04273762181401253,pdb_00003a6b_H_L
17847,6,train,0.019524138420820236,pdb_00007u9v_E_F
17848,6,train,1.0421897172927856,pdb_00009o7i_D_C
17849,6,train,0.5623059272766113,pdb_00008u4s_B_A
17850,6,train,0.327522873878479,pdb_00007zf8_H_L
17851,6,train,0.6142705678939819,pdb_00008cxh_h_l
17852,6,train,0.03160671144723892,pdb_00008j6i_H1_H2
17853,6,train,0.10566270351409912,pdb_00001ua6_H_L
17854,6,train,0.33602800965309143,pdb_00009azr_H_L
17855,6,train,0.01319208461791277,pdb_00008hqn_H1_H2
17856,6,train,0.8242889046669006,pdb_00005hbv_D_C
17857,6,train,0.04978923872113228,pdb_00008jt6_E1_E2
17858,6,train,0.020790945738554,pdb_00003stl_A_B
17859,6,train,0.006481049582362175,pdb_00007udh_E_F
17860,6,train,0.4872685372829437,pdb_00006a3w_A_B
17861,6,train,0.005370322149246931,pdb_00007uh8_E_F
17862,6,train,0.013051003217697144,pdb_00008yn6_E1_E2
17863,6,train,0.29264190793037415,pdb_00007klh_I_M
17864,6,train,0.11155794560909271,pdb_00008vgj_J_I
17865,6,train,0.21233335137367249,pdb_00004ioi_B_A
17866,6,train,0.4964058995246887,pdb_00009b82_P_O
17867,6,train,0.29551297426223755,pdb_00009u5p_B_C
17868,6,train,0.018199946731328964,pdb_00007yae_S1_S2
17869,6,train,0.4869760274887085,pdb_00009tmp_H_L
17870,6,train,0.5023016929626465,pdb_00006wtu_E_F
17871,6,train,0.5867956280708313,pdb_00002fjh_B_A
17872,6,train,0.16116054356098175,pdb_00006w0a_A_B
17873,6,train,0.6088604927062988,pdb_00009dzg_H_L
17874,6,train,0.01395290158689022,pdb_00009j8z_S1_S2
17875,6,train,0.013461937196552753,pdb_00008jsr_C1_C2
17876,6,train,0.8934884667396545,pdb_00008f6o_A_B
17877,6,train,0.5146544575691223,pdb_00008eed_I_J
17878,6,train,0.7684012055397034,pdb_00006gff_L_K
17879,6,train,0.4844421446323395,pdb_00004hg4_R_S
17880,6,train,0.5963736176490784,pdb_00002vwe_E_C
17881,6,train,0.5200003981590271,pdb_00007k9i_H_L
17882,6,train,0.8420416116714478,pdb_00008tbb_H_L
17883,6,train,0.09245926886796951,pdb_00008vgi_K_L
17884,6,train,0.016841420903801918,pdb_00008xgm_S1_S2
17885,6,train,0.01321304403245449,pdb_00008ic0_E1_E2
17886,6,train,0.0033465342130512,pdb_00007ufh_E_F
17887,6,train,0.16316479444503784,pdb_00001kir_B_A
17888,6,train,0.16540870070457458,pdb_00006vmk_Z_Y
17889,6,train,0.010959203355014324,pdb_00008yky_S1_S2
17890,6,train,0.5282042026519775,pdb_00008rmy_B_C
17891,6,train,0.644546627998352,pdb_00008uzp_H_L
17892,6,train,0.9612785577774048,pdb_00007s11_H_L
17893,6,train,1.1134271621704102,pdb_00007wed_H_L
17894,6,train,0.004395526368170977,pdb_00002vdq_H_L
17895,6,train,0.38275954127311707,pdb_00004m62_I_M
17896,6,train,0.3682797849178314,pdb_00002vwe_L_J
17897,6,train,0.12908966839313507,pdb_00003b2u_T_U
17898,6,train,0.04067433252930641,pdb_00009ctu_D_C
17899,6,train,0.6901561617851257,pdb_00009lsi_C1_D2
17900,6,train,0.27807438373565674,pdb_00007zmk_S_T
17901,6,train,0.0031239355448633432,pdb_00007tct_E_F
17902,6,train,1.0205074548721313,pdb_00009zdu_H_L
17903,6,train,0.009623650461435318,pdb_00008ubl_N2_N1
17904,6,train,0.7789396047592163,pdb_00007ua2_H1_H2
17905,6,train,0.08962645381689072,pdb_00003rif_H_L
17906,6,train,0.8645191788673401,pdb_00008khd_H_J
17907,6,train,0.5867071747779846,pdb_00007ley_H_I
17908,6,train,0.5749961733818054,pdb_00006uig_H_L
17909,6,train,0.028291571885347366,pdb_00008hk3_H1_H2
17910,6,train,0.91797935962677,pdb_00009hvw_H_L
17911,6,train,0.05280649662017822,pdb_00008jln_S1_S2
17912,6,train,0.8552560806274414,pdb_00009cq8_C_E
17913,6,train,0.0234537236392498,pdb_00008xjo_E1_E2
17914,6,train,0.05765095725655556,pdb_00003b2u_C_D
17915,6,train,0.014377191662788391,pdb_00008dwg_E1_E2
17916,6,train,0.2352699339389801,pdb_00009cia_B_A
17917,6,train,0.024820903316140175,pdb_00008y72_E1_E2
17918,6,train,0.042690958827733994,pdb_00007yfd_C1_C2
17919,6,train,0.1880335956811905,pdb_00002x7l_A_B
17920,6,train,0.62003493309021,pdb_00007m7w_E_F
17921,6,train,0.6267263293266296,pdb_00003g6j_H_G
17922,6,train,0.26980647444725037,pdb_00008zyt_D_Q
17923,6,train,0.013998346403241158,pdb_00007x2v_E1_E2
17924,6,train,0.3415839672088623,pdb_00007s0b_A_B
17925,6,train,0.5638564825057983,pdb_00008dnn_B_C
17926,6,train,0.03086136467754841,pdb_00008iyw_H1_H2
17927,6,train,0.6964792013168335,pdb_00008zre_h_l
17928,6,train,0.024784289300441742,pdb_00008i9l_H1_H2
17929,6,train,0.09707186371088028,pdb_00006vmk_S_R
17930,6,train,0.00762068061158061,pdb_00009f33_E1_E2
17931,6,train,0.9818568825721741,pdb_00009e3l_K_L
17932,6,train,0.3516843318939209,pdb_00003fku_Z1_Z2
17933,6,train,0.12879353761672974,pdb_00008pwh_B_A
17934,6,train,0.00805024802684784,pdb_00007k61_M2_M1
17935,6,train,0.01360788382589817,pdb_00007vl8_S1_S2
17936,6,train,1.1463524103164673,pdb_00007ey5_B_C
17937,6,train,0.30146241188049316,pdb_00006txz_J_N
17938,6,train,0.6955596804618835,pdb_00009o7g_C_D
17939,6,train,0.06714165210723877,pdb_00006b3s_C_D
17940,6,train,0.06370439380407333,pdb_00008sgo_J_I
17941,6,train,0.7418954372406006,pdb_00006hjp_K_L
17942,6,train,0.03443259373307228,pdb_00007xta_E1_E2
17943,6,train,0.40739911794662476,pdb_00006j6y_E_F
17944,6,train,0.26107823848724365,pdb_00009wb4_B_C
17945,6,train,0.02623399905860424,pdb_00003or6_A_B
17946,6,train,0.03193175420165062,pdb_00008z3q_S1_S2
17947,6,train,0.6037712693214417,pdb_00001p2c_B_A
17948,6,train,0.02385658584535122,pdb_00008evh_M1_M2
17949,6,train,0.36536192893981934,pdb_00009h4r_X_Y
17950,6,train,0.4995361566543579,pdb_00008eed_E_F
17951,6,train,0.5441129207611084,pdb_00001jhl_H_L
17952,6,train,0.6603490710258484,pdb_00009mkn_J_N
17953,6,train,0.336924284696579,pdb_00009ctw_D_C
17954,6,train,1.4631695747375488,pdb_00008r4n_H_L
17955,6,train,0.36173683404922485,pdb_00008dww_V_U
17956,6,train,0.5225837230682373,pdb_00008y3i_G_H
17957,6,train,0.2303772121667862,pdb_00006kyz_E_F
17958,6,train,0.695862889289856,pdb_00007ec5_E_F
17959,6,train,0.011683999560773373,pdb_00008kfz_S1_S2
17960,6,train,0.6025868654251099,pdb_00008jqm_M_N
17961,6,train,0.5560303926467896,pdb_00009mqd_I_M
17962,6,train,0.01930861547589302,pdb_00008u9s_N2_N1
17963,6,train,0.010936857201159,pdb_00007u2l_E1_E2
17964,6,train,0.3046790063381195,pdb_00007t3d_C_D
17965,6,train,0.17837098240852356,pdb_00008i0n_I_M
17966,6,train,0.9566197991371155,pdb_00008d9y_H_G
17967,6,train,0.7726059556007385,pdb_00003c09_C_B
17968,6,train,0.7959469556808472,pdb_00009mtj_I_J
17969,6,train,0.6691248416900635,pdb_00008vsj_H_L
17970,6,train,0.4748516380786896,pdb_00008y3h_G_H
17971,6,train,0.16593410074710846,pdb_00009u5q_B_C
17972,6,train,1.0402580499649048,pdb_00006xxv_A_B
17973,6,train,0.521792471408844,pdb_00007wqv_N1_N2
17974,6,train,0.9398925304412842,pdb_00004ffw_H_L
17975,6,train,0.45013877749443054,pdb_00006rp8_H_L
17976,6,train,0.44157272577285767,pdb_00001fj1_D_C
17977,6,train,0.762505292892456,pdb_00007t82_H_L
17978,6,train,0.7584526538848877,pdb_00009n8j_B_C
17979,6,train,0.6178398132324219,pdb_00009ml8_M_N
17980,6,train,0.49520108103752136,pdb_00005nhr_H_L
17981,6,train,0.7319996356964111,pdb_00006ejg_C2_C1
17982,6,train,0.44294288754463196,pdb_00009lho_T_S
17983,6,train,0.6655101180076599,pdb_00003wkm_H_L
17984,6,train,0.5795914530754089,pdb_00007d85_E_F
17985,6,train,0.6890345811843872,pdb_00007rxi_H_L
17986,6,train,0.5611989498138428,pdb_00004f2m_C_D
17987,6,train,0.03345006704330444,pdb_00009drx_K_L
17988,6,train,0.02361801266670227,pdb_00002itd_A_B
17989,6,train,0.009007013402879238,pdb_00007udg_E_F
17990,6,train,0.0149914575740695,pdb_00008g59_S1_S2
17991,6,train,0.5626974105834961,pdb_00008ebp_I_M
17992,6,train,0.6818289160728455,pdb_00008ee8_H_L
17993,6,train,0.06755616515874863,pdb_00006k5i_C_D
17994,6,train,0.3053445518016815,pdb_00009b82_N_M
17995,6,train,0.34984004497528076,pdb_00001mlc_D_C
17996,6,train,1.0533818006515503,pdb_00009e60_H_L
17997,6,train,0.007756370585411787,pdb_00003ze1_E_F
17998,6,train,0.009540827013552189,pdb_00006crk_H1_H2
17999,6,train,0.6844762563705444,pdb_00006wzl_C_D
18000,6,train,0.15674138069152832,pdb_00006b9y_B_A
18001,6,train,0.7332022786140442,pdb_00007deu_B1_B2
18002,6,train,0.012966140173375607,pdb_00008y02_S1_S2
18003,6,train,0.34178975224494934,pdb_00008ebp_H_L
18004,6,train,0.7962771058082581,pdb_00005gs0_D_C
18005,6,train,1.2468106746673584,pdb_00008v2e_D_E
18006,6,train,0.7366766929626465,pdb_00008e8l_H_L
18007,6,train,0.9101349115371704,pdb_00009me7_J_N
18008,6,train,0.5832744836807251,pdb_00004qci_H_L
18009,6,train,0.2540953457355499,pdb_00009hh9_E_D
18010,6,train,0.005909366067498922,pdb_00007wu9_S1_S2
18011,6,train,0.2924424111843109,pdb_00005w3l_E_G
18012,6,train,0.0064079901203513145,pdb_00006n4b_S1_S2
18013,6,train,0.3484126329421997,pdb_00005yoy_G_D
18014,6,train,0.6080090403556824,pdb_00007e9b_H_L
18015,6,train,0.09857147932052612,pdb_00006vmk_f_e
18016,6,train,0.006866776384413242,pdb_00008feg_F1_F2
18017,6,train,0.4598594605922699,pdb_00004lf3_E_D
18018,6,train,0.6020222902297974,pdb_00008sit_H_L
18019,6,train,0.4849422574043274,pdb_00008dis_A_C
18020,6,train,0.36348292231559753,pdb_00004hg4_X_Y
18021,6,train,0.09653616696596146,pdb_00009nz3_F_E
18022,6,train,0.36155837774276733,pdb_00008bg4_A1_A2
18023,6,train,0.8935350179672241,pdb_00006flc_H_L
18024,6,train,0.5444647073745728,pdb_00004gxu_M_N
18025,6,train,0.19821296632289886,pdb_00001xiw_H_G
18026,6,train,0.5522006154060364,pdb_00004xrc_B_A
18027,6,train,0.026430344209074974,pdb_00008ejk_E1_E2
18028,6,train,0.009508448652923107,pdb_00003ze2_E_F
18029,6,train,0.018775831907987595,pdb_00006x3w_J_I
18030,6,train,0.7496419548988342,pdb_00007mdj_A_B
18031,6,train,0.49855929613113403,pdb_00007eam_C_D
18032,6,train,0.01177570503205061,pdb_00009v0x_E1_E2
18033,6,train,0.6109075546264648,pdb_00007vyr_H_L
18034,6,train,0.43914952874183655,pdb_00009cfe_A_B
18035,6,train,0.06730189174413681,pdb_00009kt8_E1_E2
18036,6,train,0.08313960582017899,pdb_00002dqc_H_L
18037,6,train,0.013186769559979439,pdb_00009cm3_N1_N2
18038,6,train,0.3786236643791199,pdb_00005nh3_H_L
18039,6,train,0.6333544254302979,pdb_00008w86_A_B
18040,6,train,0.7771331071853638,pdb_00007quh_H_L
18041,6,train,0.5000538229942322,pdb_00006ywc_D_E
18042,6,train,0.01110802125185728,pdb_00009vif_S1_S2
18043,6,train,0.2541085183620453,pdb_00003fku_Y1_Y2
18044,6,train,0.021203570067882538,pdb_00008i7w_E1_E2
18045,6,train,0.4635750651359558,pdb_00007ucq_J1_J2
18046,6,train,0.4948893189430237,pdb_00003eo1_H_G
18047,6,train,0.7176111936569214,pdb_00005y11_A_B
18048,6,train,0.5107358694076538,pdb_00006k7o_B_C
18049,6,train,0.45264193415641785,pdb_00001hys_D_C
18050,6,train,0.015449265018105507,pdb_00008j6q_S1_S2
18051,6,train,0.012995787896215916,pdb_00009m54_S1_S2
18052,6,train,0.7214477062225342,pdb_00008yx9_G_I
18053,6,train,0.3252166509628296,pdb_00005wko_I_J
18054,6,train,0.42197346687316895,pdb_00008dwy_V_U
18055,6,train,0.4772852659225464,pdb_00009udq_F_A
18056,6,train,0.015216351486742496,pdb_00009kz2_H1_H2
18057,6,train,0.4156671464443207,pdb_00007xcp_H_L
18058,6,train,0.5627214312553406,pdb_00008dcc_H_L
18059,6,train,0.030760830268263817,pdb_00007m2j_A_B
18060,6,train,0.5651716589927673,pdb_00008e8r_H_L
18061,6,train,0.6913286447525024,pdb_00004f37_F_K
18062,6,train,0.6574668884277344,pdb_00009hi4_A_B
18063,6,train,0.006736553739756346,pdb_00009kxs_H1_H2
18064,6,train,0.3518710434436798,pdb_00009lho_O_N
18065,6,train,0.7799042463302612,pdb_00008vk1_C_B
18066,6,train,0.3455897271633148,pdb_00009iw2_H_L
18067,6,train,0.6100918054580688,pdb_00008cn9_B_A
18068,6,train,0.827090859413147,pdb_00007yds_B_C
18069,6,train,0.3940112292766571,pdb_00007lq7_T_U
18070,6,train,0.48684850335121155,pdb_00006a4k_K_O
18071,6,train,0.4955681264400482,pdb_00009mqd_H_L
18072,6,train,0.04546285793185234,pdb_00009zq9_I2_I1
18073,6,train,0.435958594083786,pdb_00008u4s_H_L
18074,6,train,0.6478497982025146,pdb_00008hn7_B_A
18075,6,train,0.5606564283370972,pdb_00004ttd_C_D
18076,6,train,0.5418885946273804,pdb_00006dkj_A_B
18077,6,train,0.6204840540885925,pdb_00003vrl_H_L
18078,6,train,0.6669355034828186,pdb_00007x3d_H_L
18079,6,train,0.01443362794816494,pdb_00006dde_E1_E2
18080,6,train,0.4062155485153198,pdb_00008jkh_h_l
18081,6,train,1.2617164850234985,pdb_00006ivz_H_L
18082,6,train,0.6860488057136536,pdb_00004wv1_E_D
18083,6,train,0.013633612543344498,pdb_00009k26_S1_S2
18084,6,train,0.012611032463610172,pdb_00007xa3_E1_E2
18085,6,train,0.014390479773283005,pdb_00008yn4_E1_E2
18086,6,train,0.6049017906188965,pdb_00008jqm_H_L
18087,6,train,1.0597734451293945,pdb_00007kqh_C_D
18088,6,train,0.7070515155792236,pdb_00007s0x_C_D
18089,6,train,0.015504123643040657,pdb_00007evy_E1_E2
18090,6,train,0.00974468607455492,pdb_00009bsb_E1_E2
18091,6,train,0.8914912343025208,pdb_00008tp5_E_F
18092,6,train,0.7013348340988159,pdb_00007ua8_H1_H2
18093,6,train,0.33533889055252075,pdb_00008zd6_E_F
18094,6,train,1.1964104175567627,pdb_00005anm_B_A
18095,6,train,0.013745544478297234,pdb_00008ykd_S1_S2
18096,6,train,0.026060128584504128,pdb_00008vrn_J_I
18097,6,train,1.8533449172973633,pdb_00006vlw_H_L
18098,6,train,0.01044041570276022,pdb_00009j0b_S1_S2
18099,6,train,0.35920000076293945,pdb_00008i5h_H_L
18100,6,train,0.171766459941864,pdb_00008q6j_B_A
18101,6,train,0.7746177315711975,pdb_00001kb5_H_L
18102,6,train,0.006687829736620188,pdb_00007tho_E_F
18103,6,train,0.6067745089530945,pdb_00009mkn_S_T
18104,6,train,0.9967641830444336,pdb_00001eo8_H_L
18105,6,train,0.4949644207954407,pdb_00009fyt_I_M
18106,6,train,0.7389659285545349,pdb_00005a3i_C_D
18107,6,train,0.40221139788627625,pdb_00007dk2_J_K
18108,6,train,0.3655352294445038,pdb_00002i9l_B_A
18109,6,train,0.6962745785713196,pdb_00007x3c_H_L
18110,6,train,0.30741509795188904,pdb_00008z2e_H_L
18111,6,train,0.3873348534107208,pdb_00009quw_D_C
18112,6,train,0.018666408956050873,pdb_00006ad8_E_F
18113,6,train,0.005211235024034977,pdb_00007trq_H1_H2
18114,6,train,0.8539206385612488,pdb_00006s3d_C_D
18115,6,train,0.03125070035457611,pdb_00008jxx_E1_E2
18116,6,train,0.5362440943717957,pdb_00009dn2_I_M
18117,6,train,0.36820706725120544,pdb_00001xgr_B_A
18118,6,train,0.07089690119028091,pdb_00003ri5_H_L
18119,6,train,1.0727002620697021,pdb_00008tea_F_I
18120,6,train,0.20119589567184448,pdb_00008elp_H_L
18121,6,train,0.019691770896315575,pdb_00009uam_E1_E2
18122,6,train,0.013263171538710594,pdb_00009kpf_S1_S2
18123,6,train,0.019659491255879402,pdb_00002bob_A_B
18124,6,train,0.015975384041666985,pdb_00008dd2_J_I
18125,6,train,0.017347820103168488,pdb_00007s8l_E1_E2
18126,6,train,0.4952998161315918,pdb_00009mkn_I_M
18127,6,train,0.008881638757884502,pdb_00009jh6_S1_S2
18128,6,train,0.5467002391815186,pdb_00009mla_G_J
18129,6,train,0.6181792616844177,pdb_00007w71_I_M
18130,6,train,0.03433261066675186,pdb_00008thk_F1_F2
18131,6,train,0.6163823008537292,pdb_00005xmh_D_C
18132,6,train,1.1274210214614868,pdb_00007u9w_H1_H2
18133,6,train,0.06748595088720322,pdb_00009kt9_E1_E2
18134,6,train,0.5071312785148621,pdb_00002dd8_H_L
18135,6,train,0.025340333580970764,pdb_00008zd1_S1_S2
18136,6,train,0.9302672743797302,pdb_00009e21_H_L
18137,6,train,0.5941855907440186,pdb_00004hj0_P_Q
18138,6,train,0.2204127460718155,pdb_00007vag_H_L
18139,6,train,0.014965054579079151,pdb_00008evi_N1_N2
18140,6,train,0.008618051186203957,pdb_00007u60_E_F
18141,6,train,0.7458391785621643,pdb_00002w9e_H_L
18142,6,train,0.5631369948387146,pdb_00008dwx_X_W
18143,6,train,0.2074269950389862,pdb_00003rhw_I_O
18144,6,train,0.48260921239852905,pdb_00006ii9_H_L
18145,6,train,0.38136419653892517,pdb_00009huo_C_D
18146,6,train,0.020865345373749733,pdb_00008xgu_S1_S2
18147,6,train,0.7024443745613098,pdb_00009n8j_H_I
18148,6,train,0.012058514170348644,pdb_00008j21_B1_B2
18149,6,train,0.6904326677322388,pdb_00008u44_U_W
18150,6,train,0.011924165301024914,pdb_00002vdl_H_L
18151,6,train,0.016430310904979706,pdb_00002exw_E_F
18152,6,train,0.49551284313201904,pdb_00007d6i_B_C
18153,6,train,0.3498207926750183,pdb_00009mla_H_K
18154,6,train,0.6824362874031067,pdb_00008rrn_C_D
18155,6,train,0.5239583849906921,pdb_00004hg4_Z_z
18156,6,train,0.005342834163457155,pdb_00003t3m_H_L
18157,6,train,0.5003404021263123,pdb_00008eoo_H_L
18158,6,train,0.357362300157547,pdb_00001z3g_H_L
18159,6,train,0.1694294512271881,pdb_00006w0i_A_B
18160,6,train,0.013245577923953533,pdb_00003nif_E_F
18161,6,train,0.9679290652275085,pdb_00002r56_I_M
18162,6,train,0.3386428654193878,pdb_00007s0b_C_D
18163,6,train,0.33829465508461,pdb_00005kov_I1_I2
18164,6,train,0.011267775669693947,pdb_00008evi_M1_M2
18165,6,train,0.5662926435470581,pdb_00009f91_A_B
18166,6,train,0.08451981097459793,pdb_00006pt0_E1_E2
18167,6,train,0.007840749807655811,pdb_00008sgo_K_L
18168,6,train,0.49866983294487,pdb_00007cdj_H_L
18169,6,train,0.23179955780506134,pdb_00008ulf_H_L
18170,6,train,0.008575567044317722,pdb_00007trk_H1_H2
18171,6,train,0.658686637878418,pdb_00005gs0_F_E
18172,6,train,0.8230637311935425,pdb_00008hrd_C_E
18173,6,train,0.7951236963272095,pdb_00009lae_H_L
18174,6,train,0.4484991133213043,pdb_00007klg_H_L
18175,6,train,0.5137550830841064,pdb_00001bql_H_L
18176,6,train,0.030445508658885956,pdb_00008ef6_E1_E2
18177,6,train,0.8062833547592163,pdb_00008tnn_J_I
18178,6,train,0.5563690066337585,pdb_00006wtu_K_L
18179,6,train,0.0263972207903862,pdb_00008iw1_S1_S2
18180,6,train,0.036870937794446945,pdb_00009erx_F1_F2
18181,6,train,0.6710212230682373,pdb_00007mxl_H_L
18182,6,train,0.21239924430847168,pdb_00009hhr_F_E
18183,6,train,0.46349814534187317,pdb_00001fsk_C_B
18184,6,train,0.5695834755897522,pdb_00009b82_R_Q
18185,6,train,0.35324761271476746,pdb_00008jkh_m_n
18186,6,train,0.006179650314152241,pdb_00009buy_E1_E2
18187,6,train,0.11083081364631653,pdb_00006zlr_FFF_GGG
18188,6,train,0.010686451569199562,pdb_00007k5y_M2_M1
18189,6,train,0.4468404948711395,pdb_00007ua8_I1_I2
18190,6,train,0.47039392590522766,pdb_00004jpk_H_L
18191,6,train,0.6644015908241272,pdb_00009c6y_C_D
18192,6,train,0.006488685496151447,pdb_00009cgj_E1_E2
18193,6,train,0.01367094088345766,pdb_00007xjj_S1_S2
18194,6,train,0.27608853578567505,pdb_00007kfv_F_G
18195,6,train,0.06336793303489685,pdb_00009hhr_D_G
18196,6,train,0.0683266818523407,pdb_00008w2e_F_E
18197,6,train,1.134628415107727,pdb_00005t5f_H_L
18198,6,train,0.45261144638061523,pdb_00005xhv_P_Q
18199,6,train,0.007630588952451944,pdb_00007v69_S1_S2
18200,6,train,0.6424410343170166,pdb_00005umi_H_L
18201,6,train,0.06828529387712479,pdb_00008iec_N1_N2
18202,6,train,0.011236888356506824,pdb_00009lr1_S1_S2
18203,6,train,0.07226776331663132,pdb_00006ada_C_D
18204,6,train,0.04718819260597229,pdb_00009ns9_N1_N2
18205,6,train,0.12057812511920929,pdb_00006vmk_M_L
18206,6,train,1.1286237239837646,pdb_00003bgf_H_L
18207,6,train,0.7786045670509338,pdb_00008cxg_G_I
18208,6,train,0.20210495591163635,pdb_00002qr0_X_W
18209,6,train,0.3507068455219269,pdb_000011ol_H_L
18210,6,train,0.2066383808851242,pdb_00008i5h_E_F
18211,6,train,0.42733827233314514,pdb_00004zff_A_B
18212,6,train,0.39226439595222473,pdb_00008j7e_A_B
18213,6,train,0.32393211126327515,pdb_00007t3d_J_M
18214,6,train,0.40162625908851624,pdb_00004hg4_V_W
18215,6,train,0.26963865756988525,pdb_00005yoy_R_O
18216,6,train,0.5133822560310364,pdb_00002r0l_H_L
18217,6,train,0.49548444151878357,pdb_00007dk2_D_E
18218,6,train,0.6038998961448669,pdb_00007yvl_A_C
18219,6,train,0.030152400955557823,pdb_00008k9l_H1_H2
18220,6,train,0.34986770153045654,pdb_00002i9l_H_G
18221,6,train,1.1112083196640015,pdb_00008tfn_H_L
18222,6,train,0.7594457864761353,pdb_00007bsd_H_L
18223,6,train,0.4844667613506317,pdb_00006woz_K_L
18224,6,train,1.0109354257583618,pdb_00005vig_H_L
18225,6,train,0.02282182313501835,pdb_00006ad7_E_F
18226,6,train,0.33585673570632935,pdb_00008jel_I_K
18227,6,train,0.01254321914166212,pdb_00008jlj_S1_S2
18228,6,train,0.013253945857286453,pdb_00007s8o_E1_E2
18229,6,train,1.213875412940979,pdb_00003lqa_H_L
18230,6,train,0.01373856421560049,pdb_00006ada_E_F
18231,6,train,0.9065203666687012,pdb_00007ezv_M_N
18232,6,train,0.4217860698699951,pdb_00007x66_H_L
18233,6,train,0.8062189817428589,pdb_00007s11_I_M
18234,6,train,0.6592643857002258,pdb_00008gpu_H_L
18235,6,train,0.00717931380495429,pdb_00008sid_J_I
18236,6,train,0.271078884601593,pdb_00006ba5_H_G
18237,6,train,0.010178325697779655,pdb_00008dd2_K_L
18238,6,train,0.8472818732261658,pdb_00007uvi_A_B
18239,6,train,0.6648274064064026,pdb_00009mtj_M_N
18240,6,train,0.8836618065834045,pdb_00001qfu_H_L
18241,6,train,0.025588015094399452,pdb_00008j6j_H1_H2
18242,6,train,0.46926406025886536,pdb_00005wko_G_H
18243,6,train,0.010103302076458931,pdb_00008jxv_E1_E2
18244,6,train,0.733127772808075,pdb_00006oc3_A_B
18245,6,train,0.012825417332351208,pdb_00007uk9_E_F
18246,6,train,0.2665523588657379,pdb_00008zd5_E_F
18247,6,train,0.6199930310249329,pdb_00007y7m_F_G
18248,6,train,0.007917673327028751,pdb_00006x40_K_L
18249,6,train,0.8843019008636475,pdb_00008r8k_H_L
18250,6,train,0.5738810300827026,pdb_00009n4e_O_R
18251,6,train,0.018064575269818306,pdb_00008y73_E1_E2
18252,6,train,0.413630872964859,pdb_00007xei_C_D
18253,6,train,0.02098173275589943,pdb_00008efb_E1_E2
18254,6,train,0.6723635196685791,pdb_00009oar_B_D
18255,6,train,0.6503570079803467,pdb_00004wv1_B_A
18256,6,train,0.052878834307193756,pdb_00001j1o_H_L
18257,6,train,0.5878221392631531,pdb_00008cma_H_L
18258,6,train,0.10239505022764206,pdb_00009ouq_J_K
18259,6,train,0.039696209132671356,pdb_00009j31_D1_D2
18260,6,train,0.014547252096235752,pdb_00008evg_M1_M2
18261,6,train,0.4993992745876312,pdb_00003nh7_K_O
18262,6,train,0.4528951942920685,pdb_00008y3h_I_J
18263,6,train,0.5444632172584534,pdb_00008hrd_W_X
18264,6,train,0.0040835305117070675,pdb_00002fee_I_L
18265,6,train,0.004986451007425785,pdb_00003ze2_H_L
18266,6,train,0.011043503880500793,pdb_00009ijd_D1_D2
18267,6,train,0.7759081721305847,pdb_00008d9y_F_E
18268,6,train,0.006046975497156382,pdb_00002r9h_C_D
18269,6,train,0.40606483817100525,pdb_00004ma7_H_L
18270,6,train,0.13788264989852905,pdb_00003rif_I_O
18271,6,train,0.1465909332036972,pdb_00001xgp_B_A
18272,6,train,0.19874951243400574,pdb_00006bah_B_A
18273,6,train,0.03689435124397278,pdb_00008id9_S1_S2
18274,6,train,0.01044432818889618,pdb_00009ppy_E1_E2
18275,6,train,0.12007519602775574,pdb_00005u5m_B_A
18276,6,train,0.1111769750714302,pdb_00009ge2_F1_F2
18277,6,train,0.0999210774898529,pdb_00009ge3_F1_F2
18278,6,train,0.30210304260253906,pdb_00003v4p_M_N
18279,6,train,0.007965948432683945,pdb_00009vmy_E1_E2
18280,6,train,0.5796968936920166,pdb_00007x6o_I_K
18281,6,train,0.14069010317325592,pdb_00002qr0_R_Q
18282,6,train,0.4798876941204071,pdb_00007ycn_C_D
18283,6,train,0.38413935899734497,pdb_00008i5l_E1_E2
18284,6,train,0.5535563826560974,pdb_00007rku_G_I
18285,6,train,0.012417326681315899,pdb_00007mhx_A_B
18286,6,train,0.02344857156276703,pdb_00007trp_H1_H2
18287,6,train,0.7452415823936462,pdb_00006hjp_G_H
18288,6,train,0.027668241411447525,pdb_00008h2g_E1_E2
18289,6,train,0.007797486148774624,pdb_00007ujk_E_F
18290,6,train,0.32804200053215027,pdb_00009lbs_H_L
18291,6,train,0.22348442673683167,pdb_00008smt_A_B
18292,6,train,0.04372626915574074,pdb_00007x9y_S1_S2
18293,6,train,0.4984077215194702,pdb_00007bsd_A_B
18294,6,train,0.40121760964393616,pdb_00004odx_A_L
18295,6,train,1.022186040878296,pdb_00009e3k_J_K
18296,6,train,0.011228343471884727,pdb_00004fg6_C_D
18297,6,train,0.019656816497445107,pdb_00009izg_S1_S2
18298,6,train,0.09830430150032043,pdb_00003b2u_Q_R
18299,6,train,0.920852541923523,pdb_00007zoz_H_L
18300,6,train,0.49466171860694885,pdb_00001dee_D_C
18301,6,train,0.5585995316505432,pdb_00008yub_D_E
18302,6,train,1.276650309562683,pdb_00006osh_H_L
18303,6,train,0.17886818945407867,pdb_00005yoy_H_E
18304,6,train,0.7706619501113892,pdb_00008g5b_H_L
18305,6,train,0.501622200012207,pdb_00007m3i_H_L
18306,6,train,0.014275775291025639,pdb_00007vuz_S1_S2
18307,6,train,0.46484336256980896,pdb_00009n4f_M_N
18308,6,train,0.43274006247520447,pdb_00009n4e_Q_P
18309,6,train,0.365346759557724,pdb_00006vvu_H_L
18310,6,train,0.015297014266252518,pdb_00007k60_M2_M1
18311,6,train,0.016799600794911385,pdb_00008zme_E1_E2
18312,6,train,0.014729086309671402,pdb_00007vv5_S1_S2
18313,6,train,0.01295646745711565,pdb_00008jbh_E1_E2
18314,6,train,1.0575939416885376,pdb_00006mto_H_L
18315,6,train,0.17524874210357666,pdb_00008smt_H_L
18316,6,train,0.07318463176488876,pdb_00008vgh_K_L
18317,6,train,0.5856024026870728,pdb_00006ejg_D2_D1
18318,6,train,0.35724174976348877,pdb_00007ycn_K_L
18319,6,train,0.3182911276817322,pdb_00007xeg_C_D
18320,6,train,0.8233584761619568,pdb_00007wph_E_D
18321,6,train,0.6251813173294067,pdb_00009ccs_C_B
18322,6,train,0.7041226029396057,pdb_00004f37_H_L
18323,6,train,0.46527013182640076,pdb_00008bg3_A1_A2
18324,6,train,0.8562537431716919,pdb_00009j4c_H_L
18325,6,train,1.1210392713546753,pdb_00007uij_A_B
18326,6,train,0.8570494055747986,pdb_00007rr0_B_C
18327,6,train,0.016446342691779137,pdb_00007yac_S1_S2
18328,6,train,0.4240474998950958,pdb_00008ut2_H_G
18329,6,train,0.13124078512191772,pdb_00006yz7_BBB_CCC
18330,6,train,0.10361088067293167,pdb_00009oun_J_K
18331,6,train,0.2569618821144104,pdb_00007zmk_J_K
18332,6,train,0.02075839415192604,pdb_00007vie_E1_E2
18333,6,train,0.013276536948978901,pdb_00008hnl_S1_S2
18334,6,train,0.028023265302181244,pdb_00007ezh_H1_H2
18335,6,train,0.475184828042984,pdb_00009l6c_A_B
18336,6,train,0.014446808025240898,pdb_00008jz7_S1_S2
18337,6,train,0.4374212920665741,pdb_00008go8_I_M
18338,6,train,0.6435995101928711,pdb_00008sit_M_N
18339,6,train,0.41182392835617065,pdb_00009udq_I_C
18340,6,train,0.037970274686813354,pdb_00001k4d_A_B
18341,6,train,0.005302642937749624,pdb_00008ubj_N2_N1
18342,6,train,0.5491955876350403,pdb_00008g5b_I_M
18343,6,train,0.1382897049188614,pdb_00009ouo_J_K
18344,6,train,0.028996022418141365,pdb_00007xbd_E1_E2
18345,6,train,0.011491281911730766,pdb_00007xw9_S1_S2
18346,6,train,0.4804953634738922,pdb_00003dvg_B_A
18347,6,train,0.32353270053863525,pdb_00007ul1_H_L
18348,6,train,0.4941505491733551,pdb_00006ii4_E_F
18349,6,train,0.42756080627441406,pdb_00008dwx_H_L
18350,6,train,0.5109315514564514,pdb_00007ley_G_F
18351,6,train,0.18915024399757385,pdb_00008ut2_L_K
18352,6,train,0.11205130070447922,pdb_00002qr0_T_S
18353,6,train,0.558893620967865,pdb_00007dk0_A_B
18354,6,train,0.6311363577842712,pdb_00007wh8_B_A
18355,6,train,0.3974003195762634,pdb_00007wwk_G_F
18356,6,train,0.5470570921897888,pdb_00008znz_G_H
18357,6,train,0.6184624433517456,pdb_00003p0y_H_L
18358,6,train,0.01659962721168995,pdb_00007y66_S1_S2
18359,6,train,0.015010426752269268,pdb_00008xxu_E1_E2
18360,6,train,0.42278891801834106,pdb_00003rhw_F_N
18361,6,train,0.33750152587890625,pdb_00007klg_I_M
18362,6,train,0.8055638670921326,pdb_00009mtk_H_L
18363,6,train,0.5608702898025513,pdb_00007lq7_H_L
18364,6,train,0.023644980043172836,pdb_00008e9y_E1_E2
18365,6,train,0.4676344692707062,pdb_00002wuc_H_L
18366,6,train,0.8807734251022339,pdb_00008ezk_I1_I2
18367,6,train,0.32700878381729126,pdb_00005ggv_H_L
18368,6,train,0.3732786476612091,pdb_00008vgl_E_F
18369,6,train,0.7344670295715332,pdb_00007pa7_eee2_eee1
18370,6,train,0.015437405556440353,pdb_00009jh3_S1_S2
18371,6,train,0.2759988009929657,pdb_00006vvu_J_K
18372,6,train,0.8473462462425232,pdb_00006vc9_H_L
18373,6,train,0.9501234292984009,pdb_00006u9s_D_E
18374,6,train,0.38765770196914673,pdb_00009n7q_H_L
18375,6,train,0.625057578086853,pdb_00009vhz_A_B
18376,6,train,0.38774144649505615,pdb_00008tft_I_M
18377,6,train,0.46663427352905273,pdb_00006wzm_A_B
18378,6,train,0.016078555956482887,pdb_00002boc_A_B
18379,6,train,0.014126116409897804,pdb_00008dk5_N1_N2
18380,6,train,0.022736068814992905,pdb_00008yuv_S1_S2
18381,6,train,0.08200899511575699,pdb_00006w0j_A_B
18382,6,train,0.008064094930887222,pdb_00008yn7_E1_E2
18383,6,train,0.009584267623722553,pdb_00008zh8_S1_S2
18384,6,train,0.8436480164527893,pdb_00009ma7_F_G
18385,6,train,0.3327678143978119,pdb_00005bo1_I_M
18386,6,train,0.00868944451212883,pdb_00007w55_E1_E2
18387,6,train,0.03070930950343609,pdb_00008wwh_E1_E2
18388,6,train,0.5813581943511963,pdb_00007bpk_C_D
18389,6,train,0.00998025294393301,pdb_00008z7j_S1_S2
18390,6,train,0.019017862156033516,pdb_00009jks_S1_S2
18391,6,train,0.012920224107801914,pdb_00008jlr_S1_S2
18392,6,train,1.101731538772583,pdb_00009kvk_A_B
18393,6,train,0.7887677550315857,pdb_00006s3d_E_F
18394,6,train,0.030935408547520638,pdb_00009m55_S1_S2
18395,6,train,0.078098364174366,pdb_00008ied_N1_N2
18396,6,train,0.9950585961341858,pdb_00007ykj_A_D
18397,6,train,0.3297138512134552,pdb_00003fku_U1_U2
18398,6,train,0.9512369632720947,pdb_00004ubd_Y_X
18399,6,train,1.2372316122055054,pdb_00009rih_H_L
18400,6,train,0.007458420004695654,pdb_00007wf7_E1_E2
18401,6,train,0.7478770613670349,pdb_00006iap_H_L
18402,6,train,0.6981362700462341,pdb_00007m7w_C_D
18403,6,train,0.4662960171699524,pdb_00009ixa_H_L
18404,6,train,0.01383337751030922,pdb_00008vvf_E1_E2
18405,6,train,0.02642643265426159,pdb_00008zps_E1_E2
18406,6,train,0.010270717553794384,pdb_00002exy_C_D
18407,6,train,0.20857106149196625,pdb_00007zmk_P_Q
18408,6,train,0.8219417333602905,pdb_00009l07_H_L
18409,6,train,0.7072136402130127,pdb_00008w83_I_J
18410,6,train,0.016573725268244743,pdb_00008yuu_S1_S2
18411,6,train,0.3117592930793762,pdb_00008as2_H_L
18412,6,train,0.04336201027035713,pdb_00008iys_E1_E2
18413,6,train,0.02211250737309456,pdb_00008thl_F1_F2
18414,6,train,0.4397772252559662,pdb_00009mkn_H_L
18415,6,train,0.005616598296910524,pdb_00002ht2_C_D
18416,6,train,0.1370924711227417,pdb_00003rhw_J_M
18417,6,train,0.8435406684875488,pdb_00006t3j_F_G
18418,6,train,0.8477272391319275,pdb_00009cq7_H_I
18419,6,train,0.01179834920912981,pdb_00008yh0_S1_S2
18420,6,train,0.042759764939546585,pdb_00003rhw_H_L
18421,6,train,0.4247870147228241,pdb_00007wqv_L1_L2
18422,6,train,0.007653451059013605,pdb_00008k9k_H1_H2
18423,6,train,0.6689111590385437,pdb_00007m42_B_A
18424,6,train,0.031692925840616226,pdb_00008t3s_N1_N2
18425,6,train,0.03273417428135872,pdb_00003rif_G_K
18426,6,train,0.6458622217178345,pdb_00006wmw_M_N
18427,6,train,0.5115206241607666,pdb_00007l7e_E_F
18428,6,train,0.5196454524993896,pdb_00003g6j_F_E
18429,6,train,0.47585761547088623,pdb_00009fys_I_M
18430,6,train,0.258659303188324,pdb_00007o7f_H_F
18431,6,train,0.4222399890422821,pdb_00008xsf_H_L
18432,6,train,0.48337942361831665,pdb_00008jqn_H_L
18433,6,train,0.012801792472600937,pdb_00008jpn_S1_S2
18434,6,train,0.2466178685426712,pdb_00003ri5_F_N
18435,6,train,0.36366036534309387,pdb_00008txu_E_J
18436,6,train,0.9925208687782288,pdb_00008w5l_H_L
18437,6,train,0.44015517830848694,pdb_00007lop_X_Y
18438,6,train,0.012064961716532707,pdb_00007ej8_H1_H2
18439,6,train,0.5370824337005615,pdb_00008ezk_H1_H2
18440,6,train,0.09725338965654373,pdb_00006x3x_K_L
18441,6,train,0.2959589958190918,pdb_00001dzb_B1_B2
18442,6,train,0.01653541997075081,pdb_00009vo2_S1_S2
18443,6,train,0.9717779159545898,pdb_00006xm2_D_C
18444,6,train,0.724385142326355,pdb_00008dwo_S_T
18445,6,train,0.5613693594932556,pdb_00009ml8_E_F
18446,6,train,0.6164267659187317,pdb_00008tzw_H_L
18447,6,train,0.21772481501102448,pdb_00001nbz_B_A
18448,6,train,0.580602765083313,pdb_00001ors_B_A
18449,6,train,0.013700052164494991,pdb_00008xxh_S1_S2
18450,6,train,0.7448509335517883,pdb_00008fhy_H_L
18451,6,train,1.0130010843276978,pdb_00003mxw_H_L
18452,6,train,0.5967267751693726,pdb_00009b2m_J_K
18452,6,train_epoch,0.39216913533614656,
18452,6,validation,0.9213574768015833,
